Nome do Ativo;Data;Cota
ABSOLUTE VERTEX FIC MULTIMERCADO;25/03/2015;1
ABSOLUTE VERTEX FIC MULTIMERCADO;26/03/2015;0,998143
ABSOLUTE VERTEX FIC MULTIMERCADO;27/03/2015;0,998609
ABSOLUTE VERTEX FIC MULTIMERCADO;30/03/2015;1,001594
ABSOLUTE VERTEX FIC MULTIMERCADO;31/03/2015;0,998352
ABSOLUTE VERTEX FIC MULTIMERCADO;01/04/2015;0,997013
ABSOLUTE VERTEX FIC MULTIMERCADO;02/04/2015;0,999702
ABSOLUTE VERTEX FIC MULTIMERCADO;06/04/2015;1,000222
ABSOLUTE VERTEX FIC MULTIMERCADO;07/04/2015;1,005259
ABSOLUTE VERTEX FIC MULTIMERCADO;08/04/2015;1,002647
ABSOLUTE VERTEX FIC MULTIMERCADO;09/04/2015;1,006401
ABSOLUTE VERTEX FIC MULTIMERCADO;10/04/2015;1,011193
ABSOLUTE VERTEX FIC MULTIMERCADO;13/04/2015;1,012773
ABSOLUTE VERTEX FIC MULTIMERCADO;14/04/2015;1,008032
ABSOLUTE VERTEX FIC MULTIMERCADO;15/04/2015;1,009629
ABSOLUTE VERTEX FIC MULTIMERCADO;16/04/2015;1,004722
ABSOLUTE VERTEX FIC MULTIMERCADO;17/04/2015;0,999941
ABSOLUTE VERTEX FIC MULTIMERCADO;20/04/2015;1,00158
ABSOLUTE VERTEX FIC MULTIMERCADO;22/04/2015;1,004634
ABSOLUTE VERTEX FIC MULTIMERCADO;23/04/2015;1,00687
ABSOLUTE VERTEX FIC MULTIMERCADO;24/04/2015;1,009515
ABSOLUTE VERTEX FIC MULTIMERCADO;27/04/2015;1,009863
ABSOLUTE VERTEX FIC MULTIMERCADO;28/04/2015;1,006939
ABSOLUTE VERTEX FIC MULTIMERCADO;29/04/2015;1,004406
ABSOLUTE VERTEX FIC MULTIMERCADO;30/04/2015;1,006961
ABSOLUTE VERTEX FIC MULTIMERCADO;04/05/2015;1,014822
ABSOLUTE VERTEX FIC MULTIMERCADO;05/05/2015;1,012026
ABSOLUTE VERTEX FIC MULTIMERCADO;06/05/2015;1,008434
ABSOLUTE VERTEX FIC MULTIMERCADO;07/05/2015;1,005317
ABSOLUTE VERTEX FIC MULTIMERCADO;08/05/2015;1,003994
ABSOLUTE VERTEX FIC MULTIMERCADO;11/05/2015;1,007117
ABSOLUTE VERTEX FIC MULTIMERCADO;12/05/2015;1,005701
ABSOLUTE VERTEX FIC MULTIMERCADO;13/05/2015;1,005568
ABSOLUTE VERTEX FIC MULTIMERCADO;14/05/2015;1,004495
ABSOLUTE VERTEX FIC MULTIMERCADO;15/05/2015;1,003331
ABSOLUTE VERTEX FIC MULTIMERCADO;18/05/2015;1,007245
ABSOLUTE VERTEX FIC MULTIMERCADO;19/05/2015;1,010709
ABSOLUTE VERTEX FIC MULTIMERCADO;20/05/2015;1,010118
ABSOLUTE VERTEX FIC MULTIMERCADO;21/05/2015;1,01215
ABSOLUTE VERTEX FIC MULTIMERCADO;22/05/2015;1,024179
ABSOLUTE VERTEX FIC MULTIMERCADO;25/05/2015;1,024249
ABSOLUTE VERTEX FIC MULTIMERCADO;26/05/2015;1,030121
ABSOLUTE VERTEX FIC MULTIMERCADO;27/05/2015;1,032934
ABSOLUTE VERTEX FIC MULTIMERCADO;28/05/2015;1,033133
ABSOLUTE VERTEX FIC MULTIMERCADO;29/05/2015;1,033323
ABSOLUTE VERTEX FIC MULTIMERCADO;01/06/2015;1,037498
ABSOLUTE VERTEX FIC MULTIMERCADO;02/06/2015;1,036708
ABSOLUTE VERTEX FIC MULTIMERCADO;03/06/2015;1,037856
ABSOLUTE VERTEX FIC MULTIMERCADO;05/06/2015;1,044146
ABSOLUTE VERTEX FIC MULTIMERCADO;08/06/2015;1,040769
ABSOLUTE VERTEX FIC MULTIMERCADO;09/06/2015;1,037917
ABSOLUTE VERTEX FIC MULTIMERCADO;10/06/2015;1,038294
ABSOLUTE VERTEX FIC MULTIMERCADO;11/06/2015;1,033424
ABSOLUTE VERTEX FIC MULTIMERCADO;12/06/2015;1,034711
ABSOLUTE VERTEX FIC MULTIMERCADO;15/06/2015;1,036051
ABSOLUTE VERTEX FIC MULTIMERCADO;16/06/2015;1,031046
ABSOLUTE VERTEX FIC MULTIMERCADO;17/06/2015;1,029485
ABSOLUTE VERTEX FIC MULTIMERCADO;18/06/2015;1,028362
ABSOLUTE VERTEX FIC MULTIMERCADO;19/06/2015;1,028327
ABSOLUTE VERTEX FIC MULTIMERCADO;22/06/2015;1,032776
ABSOLUTE VERTEX FIC MULTIMERCADO;23/06/2015;1,035254
ABSOLUTE VERTEX FIC MULTIMERCADO;24/06/2015;1,03663
ABSOLUTE VERTEX FIC MULTIMERCADO;25/06/2015;1,037581
ABSOLUTE VERTEX FIC MULTIMERCADO;26/06/2015;1,041085
ABSOLUTE VERTEX FIC MULTIMERCADO;29/06/2015;1,036452
ABSOLUTE VERTEX FIC MULTIMERCADO;30/06/2015;1,034914
ABSOLUTE VERTEX FIC MULTIMERCADO;01/07/2015;1,039353
ABSOLUTE VERTEX FIC MULTIMERCADO;02/07/2015;1,033353
ABSOLUTE VERTEX FIC MULTIMERCADO;03/07/2015;1,037047
ABSOLUTE VERTEX FIC MULTIMERCADO;06/07/2015;1,037946
ABSOLUTE VERTEX FIC MULTIMERCADO;07/07/2015;1,042041
ABSOLUTE VERTEX FIC MULTIMERCADO;08/07/2015;1,043336
ABSOLUTE VERTEX FIC MULTIMERCADO;09/07/2015;1,043445
ABSOLUTE VERTEX FIC MULTIMERCADO;10/07/2015;1,035124
ABSOLUTE VERTEX FIC MULTIMERCADO;13/07/2015;1,031303
ABSOLUTE VERTEX FIC MULTIMERCADO;14/07/2015;1,030492
ABSOLUTE VERTEX FIC MULTIMERCADO;15/07/2015;1,029007
ABSOLUTE VERTEX FIC MULTIMERCADO;16/07/2015;1,032118
ABSOLUTE VERTEX FIC MULTIMERCADO;17/07/2015;1,038948
ABSOLUTE VERTEX FIC MULTIMERCADO;20/07/2015;1,040474
ABSOLUTE VERTEX FIC MULTIMERCADO;21/07/2015;1,033645
ABSOLUTE VERTEX FIC MULTIMERCADO;22/07/2015;1,04674
ABSOLUTE VERTEX FIC MULTIMERCADO;23/07/2015;1,060784
ABSOLUTE VERTEX FIC MULTIMERCADO;24/07/2015;1,069372
ABSOLUTE VERTEX FIC MULTIMERCADO;27/07/2015;1,068039
ABSOLUTE VERTEX FIC MULTIMERCADO;28/07/2015;1,070871
ABSOLUTE VERTEX FIC MULTIMERCADO;29/07/2015;1,063999
ABSOLUTE VERTEX FIC MULTIMERCADO;30/07/2015;1,070012
ABSOLUTE VERTEX FIC MULTIMERCADO;31/07/2015;1,075447
ABSOLUTE VERTEX FIC MULTIMERCADO;03/08/2015;1,07948
ABSOLUTE VERTEX FIC MULTIMERCADO;04/08/2015;1,080479
ABSOLUTE VERTEX FIC MULTIMERCADO;05/08/2015;1,086381
ABSOLUTE VERTEX FIC MULTIMERCADO;06/08/2015;1,09477
ABSOLUTE VERTEX FIC MULTIMERCADO;07/08/2015;1,089578
ABSOLUTE VERTEX FIC MULTIMERCADO;10/08/2015;1,083435
ABSOLUTE VERTEX FIC MULTIMERCADO;11/08/2015;1,085767
ABSOLUTE VERTEX FIC MULTIMERCADO;12/08/2015;1,080734
ABSOLUTE VERTEX FIC MULTIMERCADO;13/08/2015;1,085406
ABSOLUTE VERTEX FIC MULTIMERCADO;14/08/2015;1,085143
ABSOLUTE VERTEX FIC MULTIMERCADO;17/08/2015;1,088332
ABSOLUTE VERTEX FIC MULTIMERCADO;18/08/2015;1,088249
ABSOLUTE VERTEX FIC MULTIMERCADO;19/08/2015;1,091927
ABSOLUTE VERTEX FIC MULTIMERCADO;20/08/2015;1,091817
ABSOLUTE VERTEX FIC MULTIMERCADO;21/08/2015;1,10103
ABSOLUTE VERTEX FIC MULTIMERCADO;24/08/2015;1,117274
ABSOLUTE VERTEX FIC MULTIMERCADO;25/08/2015;1,120759
ABSOLUTE VERTEX FIC MULTIMERCADO;26/08/2015;1,116876
ABSOLUTE VERTEX FIC MULTIMERCADO;27/08/2015;1,111031
ABSOLUTE VERTEX FIC MULTIMERCADO;28/08/2015;1,110226
ABSOLUTE VERTEX FIC MULTIMERCADO;31/08/2015;1,109478
ABSOLUTE VERTEX FIC MULTIMERCADO;01/09/2015;1,116297
ABSOLUTE VERTEX FIC MULTIMERCADO;02/09/2015;1,123423
ABSOLUTE VERTEX FIC MULTIMERCADO;03/09/2015;1,1231
ABSOLUTE VERTEX FIC MULTIMERCADO;04/09/2015;1,138814
ABSOLUTE VERTEX FIC MULTIMERCADO;08/09/2015;1,135141
ABSOLUTE VERTEX FIC MULTIMERCADO;09/09/2015;1,133792
ABSOLUTE VERTEX FIC MULTIMERCADO;10/09/2015;1,132205
ABSOLUTE VERTEX FIC MULTIMERCADO;11/09/2015;1,131528
ABSOLUTE VERTEX FIC MULTIMERCADO;14/09/2015;1,134355
ABSOLUTE VERTEX FIC MULTIMERCADO;15/09/2015;1,133344
ABSOLUTE VERTEX FIC MULTIMERCADO;16/09/2015;1,131456
ABSOLUTE VERTEX FIC MULTIMERCADO;17/09/2015;1,131509
ABSOLUTE VERTEX FIC MULTIMERCADO;18/09/2015;1,134228
ABSOLUTE VERTEX FIC MULTIMERCADO;21/09/2015;1,132168
ABSOLUTE VERTEX FIC MULTIMERCADO;22/09/2015;1,131052
ABSOLUTE VERTEX FIC MULTIMERCADO;23/09/2015;1,124694
ABSOLUTE VERTEX FIC MULTIMERCADO;24/09/2015;1,127435
ABSOLUTE VERTEX FIC MULTIMERCADO;25/09/2015;1,133865
ABSOLUTE VERTEX FIC MULTIMERCADO;28/09/2015;1,140664
ABSOLUTE VERTEX FIC MULTIMERCADO;29/09/2015;1,142273
ABSOLUTE VERTEX FIC MULTIMERCADO;30/09/2015;1,135364
ABSOLUTE VERTEX FIC MULTIMERCADO;01/10/2015;1,127639
ABSOLUTE VERTEX FIC MULTIMERCADO;02/10/2015;1,128291
ABSOLUTE VERTEX FIC MULTIMERCADO;05/10/2015;1,126649
ABSOLUTE VERTEX FIC MULTIMERCADO;06/10/2015;1,131415
ABSOLUTE VERTEX FIC MULTIMERCADO;07/10/2015;1,131905
ABSOLUTE VERTEX FIC MULTIMERCADO;08/10/2015;1,128489
ABSOLUTE VERTEX FIC MULTIMERCADO;09/10/2015;1,123643
ABSOLUTE VERTEX FIC MULTIMERCADO;13/10/2015;1,12122
ABSOLUTE VERTEX FIC MULTIMERCADO;14/10/2015;1,111035
ABSOLUTE VERTEX FIC MULTIMERCADO;15/10/2015;1,112119
ABSOLUTE VERTEX FIC MULTIMERCADO;16/10/2015;1,115357
ABSOLUTE VERTEX FIC MULTIMERCADO;19/10/2015;1,116472
ABSOLUTE VERTEX FIC MULTIMERCADO;20/10/2015;1,119861
ABSOLUTE VERTEX FIC MULTIMERCADO;21/10/2015;1,12017
ABSOLUTE VERTEX FIC MULTIMERCADO;22/10/2015;1,125944
ABSOLUTE VERTEX FIC MULTIMERCADO;23/10/2015;1,127913
ABSOLUTE VERTEX FIC MULTIMERCADO;26/10/2015;1,129617
ABSOLUTE VERTEX FIC MULTIMERCADO;27/10/2015;1,133473
ABSOLUTE VERTEX FIC MULTIMERCADO;28/10/2015;1,135913
ABSOLUTE VERTEX FIC MULTIMERCADO;29/10/2015;1,133579
ABSOLUTE VERTEX FIC MULTIMERCADO;30/10/2015;1,133177
ABSOLUTE VERTEX FIC MULTIMERCADO;03/11/2015;1,128547
ABSOLUTE VERTEX FIC MULTIMERCADO;04/11/2015;1,136224
ABSOLUTE VERTEX FIC MULTIMERCADO;05/11/2015;1,134666
ABSOLUTE VERTEX FIC MULTIMERCADO;06/11/2015;1,139186
ABSOLUTE VERTEX FIC MULTIMERCADO;09/11/2015;1,141149
ABSOLUTE VERTEX FIC MULTIMERCADO;10/11/2015;1,141948
ABSOLUTE VERTEX FIC MULTIMERCADO;11/11/2015;1,142005
ABSOLUTE VERTEX FIC MULTIMERCADO;12/11/2015;1,140884
ABSOLUTE VERTEX FIC MULTIMERCADO;13/11/2015;1,147142
ABSOLUTE VERTEX FIC MULTIMERCADO;16/11/2015;1,148672
ABSOLUTE VERTEX FIC MULTIMERCADO;17/11/2015;1,147964
ABSOLUTE VERTEX FIC MULTIMERCADO;18/11/2015;1,148178
ABSOLUTE VERTEX FIC MULTIMERCADO;19/11/2015;1,146085
ABSOLUTE VERTEX FIC MULTIMERCADO;20/11/2015;1,148389
ABSOLUTE VERTEX FIC MULTIMERCADO;23/11/2015;1,148902
ABSOLUTE VERTEX FIC MULTIMERCADO;24/11/2015;1,14828
ABSOLUTE VERTEX FIC MULTIMERCADO;25/11/2015;1,14385
ABSOLUTE VERTEX FIC MULTIMERCADO;26/11/2015;1,142395
ABSOLUTE VERTEX FIC MULTIMERCADO;27/11/2015;1,139948
ABSOLUTE VERTEX FIC MULTIMERCADO;30/11/2015;1,148116
ABSOLUTE VERTEX FIC MULTIMERCADO;01/12/2015;1,147233
ABSOLUTE VERTEX FIC MULTIMERCADO;02/12/2015;1,147508
ABSOLUTE VERTEX FIC MULTIMERCADO;03/12/2015;1,143856
ABSOLUTE VERTEX FIC MULTIMERCADO;04/12/2015;1,141996
ABSOLUTE VERTEX FIC MULTIMERCADO;07/12/2015;1,142965
ABSOLUTE VERTEX FIC MULTIMERCADO;08/12/2015;1,142873
ABSOLUTE VERTEX FIC MULTIMERCADO;09/12/2015;1,145115
ABSOLUTE VERTEX FIC MULTIMERCADO;10/12/2015;1,144383
ABSOLUTE VERTEX FIC MULTIMERCADO;11/12/2015;1,148081
ABSOLUTE VERTEX FIC MULTIMERCADO;14/12/2015;1,147395
ABSOLUTE VERTEX FIC MULTIMERCADO;15/12/2015;1,147922
ABSOLUTE VERTEX FIC MULTIMERCADO;16/12/2015;1,146128
ABSOLUTE VERTEX FIC MULTIMERCADO;17/12/2015;1,151315
ABSOLUTE VERTEX FIC MULTIMERCADO;18/12/2015;1,150252
ABSOLUTE VERTEX FIC MULTIMERCADO;21/12/2015;1,149477
ABSOLUTE VERTEX FIC MULTIMERCADO;22/12/2015;1,150745
ABSOLUTE VERTEX FIC MULTIMERCADO;23/12/2015;1,151693
ABSOLUTE VERTEX FIC MULTIMERCADO;24/12/2015;1,151859
ABSOLUTE VERTEX FIC MULTIMERCADO;28/12/2015;1,153557
ABSOLUTE VERTEX FIC MULTIMERCADO;29/12/2015;1,150859
ABSOLUTE VERTEX FIC MULTIMERCADO;30/12/2015;1,155121
ABSOLUTE VERTEX FIC MULTIMERCADO;31/12/2015;1,156244
ABSOLUTE VERTEX FIC MULTIMERCADO;04/01/2016;1,160689
ABSOLUTE VERTEX FIC MULTIMERCADO;05/01/2016;1,164343
ABSOLUTE VERTEX FIC MULTIMERCADO;06/01/2016;1,165999
ABSOLUTE VERTEX FIC MULTIMERCADO;07/01/2016;1,167885
ABSOLUTE VERTEX FIC MULTIMERCADO;08/01/2016;1,169155
ABSOLUTE VERTEX FIC MULTIMERCADO;11/01/2016;1,170108
ABSOLUTE VERTEX FIC MULTIMERCADO;12/01/2016;1,170465
ABSOLUTE VERTEX FIC MULTIMERCADO;13/01/2016;1,173261
ABSOLUTE VERTEX FIC MULTIMERCADO;14/01/2016;1,170131
ABSOLUTE VERTEX FIC MULTIMERCADO;15/01/2016;1,174237
ABSOLUTE VERTEX FIC MULTIMERCADO;18/01/2016;1,175276
ABSOLUTE VERTEX FIC MULTIMERCADO;19/01/2016;1,172963
ABSOLUTE VERTEX FIC MULTIMERCADO;20/01/2016;1,176069
ABSOLUTE VERTEX FIC MULTIMERCADO;21/01/2016;1,180091
ABSOLUTE VERTEX FIC MULTIMERCADO;22/01/2016;1,17441
ABSOLUTE VERTEX FIC MULTIMERCADO;25/01/2016;1,176475
ABSOLUTE VERTEX FIC MULTIMERCADO;26/01/2016;1,172259
ABSOLUTE VERTEX FIC MULTIMERCADO;27/01/2016;1,174058
ABSOLUTE VERTEX FIC MULTIMERCADO;28/01/2016;1,173309
ABSOLUTE VERTEX FIC MULTIMERCADO;29/01/2016;1,167181
ABSOLUTE VERTEX FIC MULTIMERCADO;01/02/2016;1,16692
ABSOLUTE VERTEX FIC MULTIMERCADO;02/02/2016;1,175081
ABSOLUTE VERTEX FIC MULTIMERCADO;03/02/2016;1,157101
ABSOLUTE VERTEX FIC MULTIMERCADO;04/02/2016;1,1512
ABSOLUTE VERTEX FIC MULTIMERCADO;05/02/2016;1,157897
ABSOLUTE VERTEX FIC MULTIMERCADO;10/02/2016;1,167558
ABSOLUTE VERTEX FIC MULTIMERCADO;11/02/2016;1,176033
ABSOLUTE VERTEX FIC MULTIMERCADO;12/02/2016;1,169791
ABSOLUTE VERTEX FIC MULTIMERCADO;15/02/2016;1,167502
ABSOLUTE VERTEX FIC MULTIMERCADO;16/02/2016;1,170744
ABSOLUTE VERTEX FIC MULTIMERCADO;17/02/2016;1,161439
ABSOLUTE VERTEX FIC MULTIMERCADO;18/02/2016;1,167424
ABSOLUTE VERTEX FIC MULTIMERCADO;19/02/2016;1,167048
ABSOLUTE VERTEX FIC MULTIMERCADO;22/02/2016;1,157935
ABSOLUTE VERTEX FIC MULTIMERCADO;23/02/2016;1,163365
ABSOLUTE VERTEX FIC MULTIMERCADO;24/02/2016;1,163401
ABSOLUTE VERTEX FIC MULTIMERCADO;25/02/2016;1,160838
ABSOLUTE VERTEX FIC MULTIMERCADO;26/02/2016;1,16235
ABSOLUTE VERTEX FIC MULTIMERCADO;29/02/2016;1,163592
ABSOLUTE VERTEX FIC MULTIMERCADO;01/03/2016;1,150632
ABSOLUTE VERTEX FIC MULTIMERCADO;02/03/2016;1,148597
ABSOLUTE VERTEX FIC MULTIMERCADO;03/03/2016;1,147229
ABSOLUTE VERTEX FIC MULTIMERCADO;04/03/2016;1,145816
ABSOLUTE VERTEX FIC MULTIMERCADO;07/03/2016;1,144666
ABSOLUTE VERTEX FIC MULTIMERCADO;08/03/2016;1,14922
ABSOLUTE VERTEX FIC MULTIMERCADO;09/03/2016;1,148162
ABSOLUTE VERTEX FIC MULTIMERCADO;10/03/2016;1,147391
ABSOLUTE VERTEX FIC MULTIMERCADO;11/03/2016;1,141568
ABSOLUTE VERTEX FIC MULTIMERCADO;14/03/2016;1,141643
ABSOLUTE VERTEX FIC MULTIMERCADO;15/03/2016;1,141573
ABSOLUTE VERTEX FIC MULTIMERCADO;16/03/2016;1,139808
ABSOLUTE VERTEX FIC MULTIMERCADO;17/03/2016;1,140913
ABSOLUTE VERTEX FIC MULTIMERCADO;18/03/2016;1,142237
ABSOLUTE VERTEX FIC MULTIMERCADO;21/03/2016;1,142909
ABSOLUTE VERTEX FIC MULTIMERCADO;22/03/2016;1,143433
ABSOLUTE VERTEX FIC MULTIMERCADO;23/03/2016;1,143032
ABSOLUTE VERTEX FIC MULTIMERCADO;24/03/2016;1,142403
ABSOLUTE VERTEX FIC MULTIMERCADO;28/03/2016;1,143666
ABSOLUTE VERTEX FIC MULTIMERCADO;29/03/2016;1,14349
ABSOLUTE VERTEX FIC MULTIMERCADO;30/03/2016;1,143877
ABSOLUTE VERTEX FIC MULTIMERCADO;31/03/2016;1,144343
ABSOLUTE VERTEX FIC MULTIMERCADO;01/04/2016;1,144575
ABSOLUTE VERTEX FIC MULTIMERCADO;04/04/2016;1,145622
ABSOLUTE VERTEX FIC MULTIMERCADO;05/04/2016;1,150109
ABSOLUTE VERTEX FIC MULTIMERCADO;06/04/2016;1,148517
ABSOLUTE VERTEX FIC MULTIMERCADO;07/04/2016;1,151245
ABSOLUTE VERTEX FIC MULTIMERCADO;08/04/2016;1,154059
ABSOLUTE VERTEX FIC MULTIMERCADO;11/04/2016;1,153074
ABSOLUTE VERTEX FIC MULTIMERCADO;12/04/2016;1,15326
ABSOLUTE VERTEX FIC MULTIMERCADO;13/04/2016;1,159032
ABSOLUTE VERTEX FIC MULTIMERCADO;14/04/2016;1,160028
ABSOLUTE VERTEX FIC MULTIMERCADO;15/04/2016;1,162736
ABSOLUTE VERTEX FIC MULTIMERCADO;18/04/2016;1,161718
ABSOLUTE VERTEX FIC MULTIMERCADO;19/04/2016;1,164261
ABSOLUTE VERTEX FIC MULTIMERCADO;20/04/2016;1,16541
ABSOLUTE VERTEX FIC MULTIMERCADO;22/04/2016;1,162148
ABSOLUTE VERTEX FIC MULTIMERCADO;25/04/2016;1,163554
ABSOLUTE VERTEX FIC MULTIMERCADO;26/04/2016;1,164864
ABSOLUTE VERTEX FIC MULTIMERCADO;27/04/2016;1,169004
ABSOLUTE VERTEX FIC MULTIMERCADO;28/04/2016;1,169256
ABSOLUTE VERTEX FIC MULTIMERCADO;29/04/2016;1,174462
ABSOLUTE VERTEX FIC MULTIMERCADO;02/05/2016;1,173321
ABSOLUTE VERTEX FIC MULTIMERCADO;03/05/2016;1,172624
ABSOLUTE VERTEX FIC MULTIMERCADO;04/05/2016;1,173842
ABSOLUTE VERTEX FIC MULTIMERCADO;05/05/2016;1,176309
ABSOLUTE VERTEX FIC MULTIMERCADO;06/05/2016;1,177164
ABSOLUTE VERTEX FIC MULTIMERCADO;09/05/2016;1,176598
ABSOLUTE VERTEX FIC MULTIMERCADO;10/05/2016;1,17901
ABSOLUTE VERTEX FIC MULTIMERCADO;11/05/2016;1,181676
ABSOLUTE VERTEX FIC MULTIMERCADO;12/05/2016;1,187016
ABSOLUTE VERTEX FIC MULTIMERCADO;13/05/2016;1,189758
ABSOLUTE VERTEX FIC MULTIMERCADO;16/05/2016;1,188245
ABSOLUTE VERTEX FIC MULTIMERCADO;17/05/2016;1,188913
ABSOLUTE VERTEX FIC MULTIMERCADO;18/05/2016;1,184997
ABSOLUTE VERTEX FIC MULTIMERCADO;19/05/2016;1,186927
ABSOLUTE VERTEX FIC MULTIMERCADO;20/05/2016;1,188246
ABSOLUTE VERTEX FIC MULTIMERCADO;23/05/2016;1,18412
ABSOLUTE VERTEX FIC MULTIMERCADO;24/05/2016;1,182011
ABSOLUTE VERTEX FIC MULTIMERCADO;25/05/2016;1,178035
ABSOLUTE VERTEX FIC MULTIMERCADO;27/05/2016;1,176287
ABSOLUTE VERTEX FIC MULTIMERCADO;30/05/2016;1,176183
ABSOLUTE VERTEX FIC MULTIMERCADO;31/05/2016;1,178494
ABSOLUTE VERTEX FIC MULTIMERCADO;01/06/2016;1,177631
ABSOLUTE VERTEX FIC MULTIMERCADO;02/06/2016;1,1786
ABSOLUTE VERTEX FIC MULTIMERCADO;03/06/2016;1,178105
ABSOLUTE VERTEX FIC MULTIMERCADO;06/06/2016;1,177652
ABSOLUTE VERTEX FIC MULTIMERCADO;07/06/2016;1,177404
ABSOLUTE VERTEX FIC MULTIMERCADO;08/06/2016;1,177551
ABSOLUTE VERTEX FIC MULTIMERCADO;09/06/2016;1,178302
ABSOLUTE VERTEX FIC MULTIMERCADO;10/06/2016;1,179446
ABSOLUTE VERTEX FIC MULTIMERCADO;13/06/2016;1,185516
ABSOLUTE VERTEX FIC MULTIMERCADO;14/06/2016;1,188311
ABSOLUTE VERTEX FIC MULTIMERCADO;15/06/2016;1,18618
ABSOLUTE VERTEX FIC MULTIMERCADO;16/06/2016;1,187513
ABSOLUTE VERTEX FIC MULTIMERCADO;17/06/2016;1,188762
ABSOLUTE VERTEX FIC MULTIMERCADO;20/06/2016;1,187362
ABSOLUTE VERTEX FIC MULTIMERCADO;21/06/2016;1,187084
ABSOLUTE VERTEX FIC MULTIMERCADO;22/06/2016;1,186567
ABSOLUTE VERTEX FIC MULTIMERCADO;23/06/2016;1,185261
ABSOLUTE VERTEX FIC MULTIMERCADO;24/06/2016;1,197958
ABSOLUTE VERTEX FIC MULTIMERCADO;27/06/2016;1,20665
ABSOLUTE VERTEX FIC MULTIMERCADO;28/06/2016;1,204207
ABSOLUTE VERTEX FIC MULTIMERCADO;29/06/2016;1,196008
ABSOLUTE VERTEX FIC MULTIMERCADO;30/06/2016;1,195454
ABSOLUTE VERTEX FIC MULTIMERCADO;01/07/2016;1,200417
ABSOLUTE VERTEX FIC MULTIMERCADO;04/07/2016;1,200686
ABSOLUTE VERTEX FIC MULTIMERCADO;05/07/2016;1,197339
ABSOLUTE VERTEX FIC MULTIMERCADO;06/07/2016;1,196464
ABSOLUTE VERTEX FIC MULTIMERCADO;07/07/2016;1,194382
ABSOLUTE VERTEX FIC MULTIMERCADO;08/07/2016;1,20544
ABSOLUTE VERTEX FIC MULTIMERCADO;11/07/2016;1,206544
ABSOLUTE VERTEX FIC MULTIMERCADO;12/07/2016;1,207719
ABSOLUTE VERTEX FIC MULTIMERCADO;13/07/2016;1,213093
ABSOLUTE VERTEX FIC MULTIMERCADO;14/07/2016;1,221312
ABSOLUTE VERTEX FIC MULTIMERCADO;15/07/2016;1,225138
ABSOLUTE VERTEX FIC MULTIMERCADO;18/07/2016;1,229757
ABSOLUTE VERTEX FIC MULTIMERCADO;19/07/2016;1,22895
ABSOLUTE VERTEX FIC MULTIMERCADO;20/07/2016;1,229948
ABSOLUTE VERTEX FIC MULTIMERCADO;21/07/2016;1,222513
ABSOLUTE VERTEX FIC MULTIMERCADO;22/07/2016;1,225555
ABSOLUTE VERTEX FIC MULTIMERCADO;25/07/2016;1,222637
ABSOLUTE VERTEX FIC MULTIMERCADO;26/07/2016;1,226158
ABSOLUTE VERTEX FIC MULTIMERCADO;27/07/2016;1,228035
ABSOLUTE VERTEX FIC MULTIMERCADO;28/07/2016;1,223094
ABSOLUTE VERTEX FIC MULTIMERCADO;29/07/2016;1,235498
ABSOLUTE VERTEX FIC MULTIMERCADO;01/08/2016;1,232835
ABSOLUTE VERTEX FIC MULTIMERCADO;02/08/2016;1,229914
ABSOLUTE VERTEX FIC MULTIMERCADO;03/08/2016;1,237163
ABSOLUTE VERTEX FIC MULTIMERCADO;04/08/2016;1,244427
ABSOLUTE VERTEX FIC MULTIMERCADO;05/08/2016;1,24912
ABSOLUTE VERTEX FIC MULTIMERCADO;08/08/2016;1,247089
ABSOLUTE VERTEX FIC MULTIMERCADO;09/08/2016;1,25216
ABSOLUTE VERTEX FIC MULTIMERCADO;10/08/2016;1,251232
ABSOLUTE VERTEX FIC MULTIMERCADO;11/08/2016;1,257711
ABSOLUTE VERTEX FIC MULTIMERCADO;12/08/2016;1,256999
ABSOLUTE VERTEX FIC MULTIMERCADO;15/08/2016;1,258172
ABSOLUTE VERTEX FIC MULTIMERCADO;16/08/2016;1,256466
ABSOLUTE VERTEX FIC MULTIMERCADO;17/08/2016;1,256631
ABSOLUTE VERTEX FIC MULTIMERCADO;18/08/2016;1,255681
ABSOLUTE VERTEX FIC MULTIMERCADO;19/08/2016;1,257547
ABSOLUTE VERTEX FIC MULTIMERCADO;22/08/2016;1,252411
ABSOLUTE VERTEX FIC MULTIMERCADO;23/08/2016;1,250098
ABSOLUTE VERTEX FIC MULTIMERCADO;24/08/2016;1,248857
ABSOLUTE VERTEX FIC MULTIMERCADO;25/08/2016;1,247102
ABSOLUTE VERTEX FIC MULTIMERCADO;26/08/2016;1,240653
ABSOLUTE VERTEX FIC MULTIMERCADO;29/08/2016;1,249241
ABSOLUTE VERTEX FIC MULTIMERCADO;30/08/2016;1,244694
ABSOLUTE VERTEX FIC MULTIMERCADO;31/08/2016;1,246683
ABSOLUTE VERTEX FIC MULTIMERCADO;01/09/2016;1,249007
ABSOLUTE VERTEX FIC MULTIMERCADO;02/09/2016;1,257984
ABSOLUTE VERTEX FIC MULTIMERCADO;05/09/2016;1,255881
ABSOLUTE VERTEX FIC MULTIMERCADO;06/09/2016;1,264934
ABSOLUTE VERTEX FIC MULTIMERCADO;08/09/2016;1,265496
ABSOLUTE VERTEX FIC MULTIMERCADO;09/09/2016;1,240309
ABSOLUTE VERTEX FIC MULTIMERCADO;12/09/2016;1,247379
ABSOLUTE VERTEX FIC MULTIMERCADO;13/09/2016;1,227949
ABSOLUTE VERTEX FIC MULTIMERCADO;14/09/2016;1,226253
ABSOLUTE VERTEX FIC MULTIMERCADO;15/09/2016;1,234354
ABSOLUTE VERTEX FIC MULTIMERCADO;16/09/2016;1,236391
ABSOLUTE VERTEX FIC MULTIMERCADO;19/09/2016;1,237154
ABSOLUTE VERTEX FIC MULTIMERCADO;20/09/2016;1,240344
ABSOLUTE VERTEX FIC MULTIMERCADO;21/09/2016;1,246916
ABSOLUTE VERTEX FIC MULTIMERCADO;22/09/2016;1,252699
ABSOLUTE VERTEX FIC MULTIMERCADO;23/09/2016;1,252461
ABSOLUTE VERTEX FIC MULTIMERCADO;26/09/2016;1,250231
ABSOLUTE VERTEX FIC MULTIMERCADO;27/09/2016;1,25516
ABSOLUTE VERTEX FIC MULTIMERCADO;28/09/2016;1,260545
ABSOLUTE VERTEX FIC MULTIMERCADO;29/09/2016;1,254267
ABSOLUTE VERTEX FIC MULTIMERCADO;30/09/2016;1,256253
ABSOLUTE VERTEX FIC MULTIMERCADO;03/10/2016;1,268926
ABSOLUTE VERTEX FIC MULTIMERCADO;04/10/2016;1,264251
ABSOLUTE VERTEX FIC MULTIMERCADO;05/10/2016;1,273659
ABSOLUTE VERTEX FIC MULTIMERCADO;06/10/2016;1,27568
ABSOLUTE VERTEX FIC MULTIMERCADO;07/10/2016;1,279713
ABSOLUTE VERTEX FIC MULTIMERCADO;10/10/2016;1,282506
ABSOLUTE VERTEX FIC MULTIMERCADO;11/10/2016;1,283935
ABSOLUTE VERTEX FIC MULTIMERCADO;13/10/2016;1,287094
ABSOLUTE VERTEX FIC MULTIMERCADO;14/10/2016;1,288207
ABSOLUTE VERTEX FIC MULTIMERCADO;17/10/2016;1,292731
ABSOLUTE VERTEX FIC MULTIMERCADO;18/10/2016;1,297627
ABSOLUTE VERTEX FIC MULTIMERCADO;19/10/2016;1,298088
ABSOLUTE VERTEX FIC MULTIMERCADO;20/10/2016;1,301127
ABSOLUTE VERTEX FIC MULTIMERCADO;21/10/2016;1,301574
ABSOLUTE VERTEX FIC MULTIMERCADO;24/10/2016;1,303748
ABSOLUTE VERTEX FIC MULTIMERCADO;25/10/2016;1,301104
ABSOLUTE VERTEX FIC MULTIMERCADO;26/10/2016;1,302615
ABSOLUTE VERTEX FIC MULTIMERCADO;27/10/2016;1,304711
ABSOLUTE VERTEX FIC MULTIMERCADO;28/10/2016;1,303991
ABSOLUTE VERTEX FIC MULTIMERCADO;31/10/2016;1,303905
ABSOLUTE VERTEX FIC MULTIMERCADO;01/11/2016;1,299779
ABSOLUTE VERTEX FIC MULTIMERCADO;03/11/2016;1,299904
ABSOLUTE VERTEX FIC MULTIMERCADO;04/11/2016;1,30076
ABSOLUTE VERTEX FIC MULTIMERCADO;07/11/2016;1,303429
ABSOLUTE VERTEX FIC MULTIMERCADO;08/11/2016;1,303029
ABSOLUTE VERTEX FIC MULTIMERCADO;09/11/2016;1,300292
ABSOLUTE VERTEX FIC MULTIMERCADO;10/11/2016;1,291384
ABSOLUTE VERTEX FIC MULTIMERCADO;11/11/2016;1,291285
ABSOLUTE VERTEX FIC MULTIMERCADO;14/11/2016;1,288466
ABSOLUTE VERTEX FIC MULTIMERCADO;16/11/2016;1,290354
ABSOLUTE VERTEX FIC MULTIMERCADO;17/11/2016;1,291604
ABSOLUTE VERTEX FIC MULTIMERCADO;18/11/2016;1,292393
ABSOLUTE VERTEX FIC MULTIMERCADO;21/11/2016;1,292555
ABSOLUTE VERTEX FIC MULTIMERCADO;22/11/2016;1,293512
ABSOLUTE VERTEX FIC MULTIMERCADO;23/11/2016;1,293709
ABSOLUTE VERTEX FIC MULTIMERCADO;24/11/2016;1,295118
ABSOLUTE VERTEX FIC MULTIMERCADO;25/11/2016;1,293583
ABSOLUTE VERTEX FIC MULTIMERCADO;28/11/2016;1,291544
ABSOLUTE VERTEX FIC MULTIMERCADO;29/11/2016;1,292638
ABSOLUTE VERTEX FIC MULTIMERCADO;30/11/2016;1,297113
ABSOLUTE VERTEX FIC MULTIMERCADO;01/12/2016;1,293357
ABSOLUTE VERTEX FIC MULTIMERCADO;02/12/2016;1,290885
ABSOLUTE VERTEX FIC MULTIMERCADO;05/12/2016;1,289667
ABSOLUTE VERTEX FIC MULTIMERCADO;06/12/2016;1,289926
ABSOLUTE VERTEX FIC MULTIMERCADO;07/12/2016;1,292568
ABSOLUTE VERTEX FIC MULTIMERCADO;08/12/2016;1,295628
ABSOLUTE VERTEX FIC MULTIMERCADO;09/12/2016;1,297884
ABSOLUTE VERTEX FIC MULTIMERCADO;12/12/2016;1,297201
ABSOLUTE VERTEX FIC MULTIMERCADO;13/12/2016;1,298443
ABSOLUTE VERTEX FIC MULTIMERCADO;14/12/2016;1,30028
ABSOLUTE VERTEX FIC MULTIMERCADO;15/12/2016;1,303541
ABSOLUTE VERTEX FIC MULTIMERCADO;16/12/2016;1,307022
ABSOLUTE VERTEX FIC MULTIMERCADO;19/12/2016;1,307984
ABSOLUTE VERTEX FIC MULTIMERCADO;20/12/2016;1,306826
ABSOLUTE VERTEX FIC MULTIMERCADO;21/12/2016;1,307762
ABSOLUTE VERTEX FIC MULTIMERCADO;22/12/2016;1,309048
ABSOLUTE VERTEX FIC MULTIMERCADO;23/12/2016;1,30965
ABSOLUTE VERTEX FIC MULTIMERCADO;26/12/2016;1,310435
ABSOLUTE VERTEX FIC MULTIMERCADO;27/12/2016;1,310635
ABSOLUTE VERTEX FIC MULTIMERCADO;28/12/2016;1,311013
ABSOLUTE VERTEX FIC MULTIMERCADO;29/12/2016;1,310069
ABSOLUTE VERTEX FIC MULTIMERCADO;30/12/2016;1,310754
ABSOLUTE VERTEX FIC MULTIMERCADO;02/01/2017;1,3127
ABSOLUTE VERTEX FIC MULTIMERCADO;03/01/2017;1,312467
ABSOLUTE VERTEX FIC MULTIMERCADO;04/01/2017;1,310427
ABSOLUTE VERTEX FIC MULTIMERCADO;05/01/2017;1,310119
ABSOLUTE VERTEX FIC MULTIMERCADO;06/01/2017;1,31014
ABSOLUTE VERTEX FIC MULTIMERCADO;09/01/2017;1,309488
ABSOLUTE VERTEX FIC MULTIMERCADO;10/01/2017;1,312017
ABSOLUTE VERTEX FIC MULTIMERCADO;11/01/2017;1,313405
ABSOLUTE VERTEX FIC MULTIMERCADO;12/01/2017;1,318402
ABSOLUTE VERTEX FIC MULTIMERCADO;13/01/2017;1,317138
ABSOLUTE VERTEX FIC MULTIMERCADO;16/01/2017;1,318796
ABSOLUTE VERTEX FIC MULTIMERCADO;17/01/2017;1,314764
ABSOLUTE VERTEX FIC MULTIMERCADO;18/01/2017;1,31862
ABSOLUTE VERTEX FIC MULTIMERCADO;19/01/2017;1,32004
ABSOLUTE VERTEX FIC MULTIMERCADO;20/01/2017;1,32303
ABSOLUTE VERTEX FIC MULTIMERCADO;23/01/2017;1,325968
ABSOLUTE VERTEX FIC MULTIMERCADO;24/01/2017;1,326866
ABSOLUTE VERTEX FIC MULTIMERCADO;25/01/2017;1,328262
ABSOLUTE VERTEX FIC MULTIMERCADO;26/01/2017;1,329398
ABSOLUTE VERTEX FIC MULTIMERCADO;27/01/2017;1,332637
ABSOLUTE VERTEX FIC MULTIMERCADO;30/01/2017;1,320893
ABSOLUTE VERTEX FIC MULTIMERCADO;31/01/2017;1,320123
ABSOLUTE VERTEX FIC MULTIMERCADO;01/02/2017;1,323123
ABSOLUTE VERTEX FIC MULTIMERCADO;02/02/2017;1,321671
ABSOLUTE VERTEX FIC MULTIMERCADO;03/02/2017;1,325676
ABSOLUTE VERTEX FIC MULTIMERCADO;06/02/2017;1,320244
ABSOLUTE VERTEX FIC MULTIMERCADO;07/02/2017;1,32598
ABSOLUTE VERTEX FIC MULTIMERCADO;08/02/2017;1,332189
ABSOLUTE VERTEX FIC MULTIMERCADO;09/02/2017;1,335475
ABSOLUTE VERTEX FIC MULTIMERCADO;10/02/2017;1,346079
ABSOLUTE VERTEX FIC MULTIMERCADO;13/02/2017;1,351695
ABSOLUTE VERTEX FIC MULTIMERCADO;14/02/2017;1,350944
ABSOLUTE VERTEX FIC MULTIMERCADO;15/02/2017;1,359243
ABSOLUTE VERTEX FIC MULTIMERCADO;16/02/2017;1,350662
ABSOLUTE VERTEX FIC MULTIMERCADO;17/02/2017;1,354523
ABSOLUTE VERTEX FIC MULTIMERCADO;20/02/2017;1,360419
ABSOLUTE VERTEX FIC MULTIMERCADO;21/02/2017;1,369528
ABSOLUTE VERTEX FIC MULTIMERCADO;22/02/2017;1,366049
ABSOLUTE VERTEX FIC MULTIMERCADO;23/02/2017;1,364939
ABSOLUTE VERTEX FIC MULTIMERCADO;24/02/2017;1,356956
ABSOLUTE VERTEX FIC MULTIMERCADO;01/03/2017;1,370195
ABSOLUTE VERTEX FIC MULTIMERCADO;02/03/2017;1,362086
ABSOLUTE VERTEX FIC MULTIMERCADO;03/03/2017;1,37412
ABSOLUTE VERTEX FIC MULTIMERCADO;06/03/2017;1,373371
ABSOLUTE VERTEX FIC MULTIMERCADO;07/03/2017;1,368811
ABSOLUTE VERTEX FIC MULTIMERCADO;08/03/2017;1,361906
ABSOLUTE VERTEX FIC MULTIMERCADO;09/03/2017;1,356105
ABSOLUTE VERTEX FIC MULTIMERCADO;10/03/2017;1,369032
ABSOLUTE VERTEX FIC MULTIMERCADO;13/03/2017;1,376344
ABSOLUTE VERTEX FIC MULTIMERCADO;14/03/2017;1,366762
ABSOLUTE VERTEX FIC MULTIMERCADO;15/03/2017;1,375903
ABSOLUTE VERTEX FIC MULTIMERCADO;16/03/2017;1,370769
ABSOLUTE VERTEX FIC MULTIMERCADO;17/03/2017;1,363649
ABSOLUTE VERTEX FIC MULTIMERCADO;20/03/2017;1,364669
ABSOLUTE VERTEX FIC MULTIMERCADO;21/03/2017;1,357689
ABSOLUTE VERTEX FIC MULTIMERCADO;22/03/2017;1,355465
ABSOLUTE VERTEX FIC MULTIMERCADO;23/03/2017;1,354379
ABSOLUTE VERTEX FIC MULTIMERCADO;24/03/2017;1,362695
ABSOLUTE VERTEX FIC MULTIMERCADO;27/03/2017;1,366189
ABSOLUTE VERTEX FIC MULTIMERCADO;28/03/2017;1,366534
ABSOLUTE VERTEX FIC MULTIMERCADO;29/03/2017;1,370787
ABSOLUTE VERTEX FIC MULTIMERCADO;30/03/2017;1,366341
ABSOLUTE VERTEX FIC MULTIMERCADO;31/03/2017;1,369332
ABSOLUTE VERTEX FIC MULTIMERCADO;03/04/2017;1,371756
ABSOLUTE VERTEX FIC MULTIMERCADO;04/04/2017;1,376154
ABSOLUTE VERTEX FIC MULTIMERCADO;05/04/2017;1,373843
ABSOLUTE VERTEX FIC MULTIMERCADO;06/04/2017;1,362931
ABSOLUTE VERTEX FIC MULTIMERCADO;07/04/2017;1,368044
ABSOLUTE VERTEX FIC MULTIMERCADO;10/04/2017;1,377197
ABSOLUTE VERTEX FIC MULTIMERCADO;11/04/2017;1,377971
ABSOLUTE VERTEX FIC MULTIMERCADO;12/04/2017;1,371991
ABSOLUTE VERTEX FIC MULTIMERCADO;13/04/2017;1,367215
ABSOLUTE VERTEX FIC MULTIMERCADO;17/04/2017;1,37198
ABSOLUTE VERTEX FIC MULTIMERCADO;18/04/2017;1,379027
ABSOLUTE VERTEX FIC MULTIMERCADO;19/04/2017;1,374564
ABSOLUTE VERTEX FIC MULTIMERCADO;20/04/2017;1,372821
ABSOLUTE VERTEX FIC MULTIMERCADO;24/04/2017;1,374536
ABSOLUTE VERTEX FIC MULTIMERCADO;25/04/2017;1,371701
ABSOLUTE VERTEX FIC MULTIMERCADO;26/04/2017;1,372605
ABSOLUTE VERTEX FIC MULTIMERCADO;27/04/2017;1,370721
ABSOLUTE VERTEX FIC MULTIMERCADO;28/04/2017;1,374844
ABSOLUTE VERTEX FIC MULTIMERCADO;02/05/2017;1,381463
ABSOLUTE VERTEX FIC MULTIMERCADO;03/05/2017;1,381167
ABSOLUTE VERTEX FIC MULTIMERCADO;04/05/2017;1,375579
ABSOLUTE VERTEX FIC MULTIMERCADO;05/05/2017;1,381592
ABSOLUTE VERTEX FIC MULTIMERCADO;08/05/2017;1,381752
ABSOLUTE VERTEX FIC MULTIMERCADO;09/05/2017;1,388157
ABSOLUTE VERTEX FIC MULTIMERCADO;10/05/2017;1,394683
ABSOLUTE VERTEX FIC MULTIMERCADO;11/05/2017;1,401257
ABSOLUTE VERTEX FIC MULTIMERCADO;12/05/2017;1,40315
ABSOLUTE VERTEX FIC MULTIMERCADO;15/05/2017;1,410324
ABSOLUTE VERTEX FIC MULTIMERCADO;16/05/2017;1,414305
ABSOLUTE VERTEX FIC MULTIMERCADO;17/05/2017;1,411331
ABSOLUTE VERTEX FIC MULTIMERCADO;18/05/2017;1,287718
ABSOLUTE VERTEX FIC MULTIMERCADO;19/05/2017;1,323599
ABSOLUTE VERTEX FIC MULTIMERCADO;22/05/2017;1,3099
ABSOLUTE VERTEX FIC MULTIMERCADO;23/05/2017;1,325622
ABSOLUTE VERTEX FIC MULTIMERCADO;24/05/2017;1,333914
ABSOLUTE VERTEX FIC MULTIMERCADO;25/05/2017;1,333426
ABSOLUTE VERTEX FIC MULTIMERCADO;26/05/2017;1,351979
ABSOLUTE VERTEX FIC MULTIMERCADO;29/05/2017;1,356504
ABSOLUTE VERTEX FIC MULTIMERCADO;30/05/2017;1,351767
ABSOLUTE VERTEX FIC MULTIMERCADO;31/05/2017;1,355208
ABSOLUTE VERTEX FIC MULTIMERCADO;01/06/2017;1,345235
ABSOLUTE VERTEX FIC MULTIMERCADO;02/06/2017;1,34513
ABSOLUTE VERTEX FIC MULTIMERCADO;05/06/2017;1,344279
ABSOLUTE VERTEX FIC MULTIMERCADO;06/06/2017;1,353096
ABSOLUTE VERTEX FIC MULTIMERCADO;07/06/2017;1,353499
ABSOLUTE VERTEX FIC MULTIMERCADO;08/06/2017;1,353488
ABSOLUTE VERTEX FIC MULTIMERCADO;09/06/2017;1,364394
ABSOLUTE VERTEX FIC MULTIMERCADO;12/06/2017;1,365302
ABSOLUTE VERTEX FIC MULTIMERCADO;13/06/2017;1,362134
ABSOLUTE VERTEX FIC MULTIMERCADO;14/06/2017;1,36237
ABSOLUTE VERTEX FIC MULTIMERCADO;16/06/2017;1,369164
ABSOLUTE VERTEX FIC MULTIMERCADO;19/06/2017;1,375231
ABSOLUTE VERTEX FIC MULTIMERCADO;20/06/2017;1,370535
ABSOLUTE VERTEX FIC MULTIMERCADO;21/06/2017;1,375294
ABSOLUTE VERTEX FIC MULTIMERCADO;22/06/2017;1,377188
ABSOLUTE VERTEX FIC MULTIMERCADO;23/06/2017;1,37606
ABSOLUTE VERTEX FIC MULTIMERCADO;26/06/2017;1,377331
ABSOLUTE VERTEX FIC MULTIMERCADO;27/06/2017;1,375009
ABSOLUTE VERTEX FIC MULTIMERCADO;28/06/2017;1,378117
ABSOLUTE VERTEX FIC MULTIMERCADO;29/06/2017;1,374634
ABSOLUTE VERTEX FIC MULTIMERCADO;30/06/2017;1,378785
ABSOLUTE VERTEX FIC MULTIMERCADO;03/07/2017;1,385617
ABSOLUTE VERTEX FIC MULTIMERCADO;04/07/2017;1,387217
ABSOLUTE VERTEX FIC MULTIMERCADO;05/07/2017;1,387855
ABSOLUTE VERTEX FIC MULTIMERCADO;06/07/2017;1,388134
ABSOLUTE VERTEX FIC MULTIMERCADO;07/07/2017;1,386179
ABSOLUTE VERTEX FIC MULTIMERCADO;10/07/2017;1,385335
ABSOLUTE VERTEX FIC MULTIMERCADO;11/07/2017;1,385867
ABSOLUTE VERTEX FIC MULTIMERCADO;12/07/2017;1,388977
ABSOLUTE VERTEX FIC MULTIMERCADO;13/07/2017;1,388864
ABSOLUTE VERTEX FIC MULTIMERCADO;14/07/2017;1,391332
ABSOLUTE VERTEX FIC MULTIMERCADO;17/07/2017;1,391472
ABSOLUTE VERTEX FIC MULTIMERCADO;18/07/2017;1,39234
ABSOLUTE VERTEX FIC MULTIMERCADO;19/07/2017;1,397953
ABSOLUTE VERTEX FIC MULTIMERCADO;20/07/2017;1,403282
ABSOLUTE VERTEX FIC MULTIMERCADO;21/07/2017;1,396555
ABSOLUTE VERTEX FIC MULTIMERCADO;24/07/2017;1,397082
ABSOLUTE VERTEX FIC MULTIMERCADO;25/07/2017;1,396474
ABSOLUTE VERTEX FIC MULTIMERCADO;26/07/2017;1,396548
ABSOLUTE VERTEX FIC MULTIMERCADO;27/07/2017;1,417685
ABSOLUTE VERTEX FIC MULTIMERCADO;28/07/2017;1,420071
ABSOLUTE VERTEX FIC MULTIMERCADO;31/07/2017;1,419213
ABSOLUTE VERTEX FIC MULTIMERCADO;01/08/2017;1,423098
ABSOLUTE VERTEX FIC MULTIMERCADO;02/08/2017;1,427202
ABSOLUTE VERTEX FIC MULTIMERCADO;03/08/2017;1,429232
ABSOLUTE VERTEX FIC MULTIMERCADO;04/08/2017;1,428374
ABSOLUTE VERTEX FIC MULTIMERCADO;07/08/2017;1,43013
ABSOLUTE VERTEX FIC MULTIMERCADO;08/08/2017;1,429831
ABSOLUTE VERTEX FIC MULTIMERCADO;09/08/2017;1,426386
ABSOLUTE VERTEX FIC MULTIMERCADO;10/08/2017;1,422618
ABSOLUTE VERTEX FIC MULTIMERCADO;11/08/2017;1,426308
ABSOLUTE VERTEX FIC MULTIMERCADO;14/08/2017;1,429102
ABSOLUTE VERTEX FIC MULTIMERCADO;15/08/2017;1,430173
ABSOLUTE VERTEX FIC MULTIMERCADO;16/08/2017;1,428115
ABSOLUTE VERTEX FIC MULTIMERCADO;17/08/2017;1,424837
ABSOLUTE VERTEX FIC MULTIMERCADO;18/08/2017;1,431094
ABSOLUTE VERTEX FIC MULTIMERCADO;21/08/2017;1,431484
ABSOLUTE VERTEX FIC MULTIMERCADO;22/08/2017;1,433732
ABSOLUTE VERTEX FIC MULTIMERCADO;23/08/2017;1,444295
ABSOLUTE VERTEX FIC MULTIMERCADO;24/08/2017;1,450563
ABSOLUTE VERTEX FIC MULTIMERCADO;25/08/2017;1,454834
ABSOLUTE VERTEX FIC MULTIMERCADO;28/08/2017;1,456096
ABSOLUTE VERTEX FIC MULTIMERCADO;29/08/2017;1,461924
ABSOLUTE VERTEX FIC MULTIMERCADO;30/08/2017;1,461262
ABSOLUTE VERTEX FIC MULTIMERCADO;31/08/2017;1,458889
ABSOLUTE VERTEX FIC MULTIMERCADO;01/09/2017;1,458942
ABSOLUTE VERTEX FIC MULTIMERCADO;04/09/2017;1,458956
ABSOLUTE VERTEX FIC MULTIMERCADO;05/09/2017;1,460429
ABSOLUTE VERTEX FIC MULTIMERCADO;06/09/2017;1,476916
ABSOLUTE VERTEX FIC MULTIMERCADO;08/09/2017;1,47843
ABSOLUTE VERTEX FIC MULTIMERCADO;11/09/2017;1,476249
ABSOLUTE VERTEX FIC MULTIMERCADO;12/09/2017;1,480469
ABSOLUTE VERTEX FIC MULTIMERCADO;13/09/2017;1,484471
ABSOLUTE VERTEX FIC MULTIMERCADO;14/09/2017;1,489455
ABSOLUTE VERTEX FIC MULTIMERCADO;15/09/2017;1,497758
ABSOLUTE VERTEX FIC MULTIMERCADO;18/09/2017;1,504576
ABSOLUTE VERTEX FIC MULTIMERCADO;19/09/2017;1,51103
ABSOLUTE VERTEX FIC MULTIMERCADO;20/09/2017;1,513241
ABSOLUTE VERTEX FIC MULTIMERCADO;21/09/2017;1,521191
ABSOLUTE VERTEX FIC MULTIMERCADO;22/09/2017;1,519786
ABSOLUTE VERTEX FIC MULTIMERCADO;25/09/2017;1,513779
ABSOLUTE VERTEX FIC MULTIMERCADO;26/09/2017;1,515648
ABSOLUTE VERTEX FIC MULTIMERCADO;27/09/2017;1,513781
ABSOLUTE VERTEX FIC MULTIMERCADO;28/09/2017;1,512716
ABSOLUTE VERTEX FIC MULTIMERCADO;29/09/2017;1,518363
ABSOLUTE VERTEX FIC MULTIMERCADO;02/10/2017;1,518377
ABSOLUTE VERTEX FIC MULTIMERCADO;03/10/2017;1,520179
ABSOLUTE VERTEX FIC MULTIMERCADO;04/10/2017;1,519404
ABSOLUTE VERTEX FIC MULTIMERCADO;05/10/2017;1,519644
ABSOLUTE VERTEX FIC MULTIMERCADO;06/10/2017;1,517118
ABSOLUTE VERTEX FIC MULTIMERCADO;09/10/2017;1,515906
ABSOLUTE VERTEX FIC MULTIMERCADO;10/10/2017;1,522069
ABSOLUTE VERTEX FIC MULTIMERCADO;11/10/2017;1,524454
ABSOLUTE VERTEX FIC MULTIMERCADO;13/10/2017;1,526331
ABSOLUTE VERTEX FIC MULTIMERCADO;16/10/2017;1,523855
ABSOLUTE VERTEX FIC MULTIMERCADO;17/10/2017;1,52267
ABSOLUTE VERTEX FIC MULTIMERCADO;18/10/2017;1,524057
ABSOLUTE VERTEX FIC MULTIMERCADO;19/10/2017;1,523857
ABSOLUTE VERTEX FIC MULTIMERCADO;20/10/2017;1,525573
ABSOLUTE VERTEX FIC MULTIMERCADO;23/10/2017;1,522924
ABSOLUTE VERTEX FIC MULTIMERCADO;24/10/2017;1,526743
ABSOLUTE VERTEX FIC MULTIMERCADO;25/10/2017;1,52824
ABSOLUTE VERTEX FIC MULTIMERCADO;26/10/2017;1,520678
ABSOLUTE VERTEX FIC MULTIMERCADO;27/10/2017;1,524489
ABSOLUTE VERTEX FIC MULTIMERCADO;30/10/2017;1,520199
ABSOLUTE VERTEX FIC MULTIMERCADO;31/10/2017;1,526557
ABSOLUTE VERTEX FIC MULTIMERCADO;01/11/2017;1,525547
ABSOLUTE VERTEX FIC MULTIMERCADO;03/11/2017;1,52507
ABSOLUTE VERTEX FIC MULTIMERCADO;06/11/2017;1,521387
ABSOLUTE VERTEX FIC MULTIMERCADO;07/11/2017;1,521012
ABSOLUTE VERTEX FIC MULTIMERCADO;08/11/2017;1,523617
ABSOLUTE VERTEX FIC MULTIMERCADO;09/11/2017;1,520703
ABSOLUTE VERTEX FIC MULTIMERCADO;10/11/2017;1,521918
ABSOLUTE VERTEX FIC MULTIMERCADO;13/11/2017;1,526157
ABSOLUTE VERTEX FIC MULTIMERCADO;14/11/2017;1,523176
ABSOLUTE VERTEX FIC MULTIMERCADO;16/11/2017;1,522715
ABSOLUTE VERTEX FIC MULTIMERCADO;17/11/2017;1,528555
ABSOLUTE VERTEX FIC MULTIMERCADO;20/11/2017;1,529781
ABSOLUTE VERTEX FIC MULTIMERCADO;21/11/2017;1,533168
ABSOLUTE VERTEX FIC MULTIMERCADO;22/11/2017;1,534427
ABSOLUTE VERTEX FIC MULTIMERCADO;23/11/2017;1,537523
ABSOLUTE VERTEX FIC MULTIMERCADO;24/11/2017;1,53532
ABSOLUTE VERTEX FIC MULTIMERCADO;27/11/2017;1,532929
ABSOLUTE VERTEX FIC MULTIMERCADO;28/11/2017;1,535833
ABSOLUTE VERTEX FIC MULTIMERCADO;29/11/2017;1,528631
ABSOLUTE VERTEX FIC MULTIMERCADO;30/11/2017;1,531586
ABSOLUTE VERTEX FIC MULTIMERCADO;01/12/2017;1,529222
ABSOLUTE VERTEX FIC MULTIMERCADO;04/12/2017;1,529795
ABSOLUTE VERTEX FIC MULTIMERCADO;05/12/2017;1,529536
ABSOLUTE VERTEX FIC MULTIMERCADO;06/12/2017;1,528819
ABSOLUTE VERTEX FIC MULTIMERCADO;07/12/2017;1,531153
ABSOLUTE VERTEX FIC MULTIMERCADO;08/12/2017;1,538686
ABSOLUTE VERTEX FIC MULTIMERCADO;11/12/2017;1,542071
ABSOLUTE VERTEX FIC MULTIMERCADO;12/12/2017;1,544772
ABSOLUTE VERTEX FIC MULTIMERCADO;13/12/2017;1,547818
ABSOLUTE VERTEX FIC MULTIMERCADO;14/12/2017;1,547671
ABSOLUTE VERTEX FIC MULTIMERCADO;15/12/2017;1,552258
ABSOLUTE VERTEX FIC MULTIMERCADO;18/12/2017;1,554028
ABSOLUTE VERTEX FIC MULTIMERCADO;19/12/2017;1,550725
ABSOLUTE VERTEX FIC MULTIMERCADO;20/12/2017;1,552789
ABSOLUTE VERTEX FIC MULTIMERCADO;21/12/2017;1,55183
ABSOLUTE VERTEX FIC MULTIMERCADO;22/12/2017;1,557071
ABSOLUTE VERTEX FIC MULTIMERCADO;26/12/2017;1,559492
ABSOLUTE VERTEX FIC MULTIMERCADO;27/12/2017;1,559604
ABSOLUTE VERTEX FIC MULTIMERCADO;28/12/2017;1,565103
ABSOLUTE VERTEX FIC MULTIMERCADO;29/12/2017;1,566173
ABSOLUTE VERTEX FIC MULTIMERCADO;02/01/2018;1,57849
ABSOLUTE VERTEX FIC MULTIMERCADO;03/01/2018;1,584178
ABSOLUTE VERTEX FIC MULTIMERCADO;04/01/2018;1,586903
ABSOLUTE VERTEX FIC MULTIMERCADO;05/01/2018;1,584397
ABSOLUTE VERTEX FIC MULTIMERCADO;08/01/2018;1,580444
ABSOLUTE VERTEX FIC MULTIMERCADO;09/01/2018;1,57297
ABSOLUTE VERTEX FIC MULTIMERCADO;10/01/2018;1,553944
ABSOLUTE VERTEX FIC MULTIMERCADO;11/01/2018;1,55721
ABSOLUTE VERTEX FIC MULTIMERCADO;12/01/2018;1,562063
ABSOLUTE VERTEX FIC MULTIMERCADO;15/01/2018;1,569309
ABSOLUTE VERTEX FIC MULTIMERCADO;16/01/2018;1,565873
ABSOLUTE VERTEX FIC MULTIMERCADO;17/01/2018;1,569774
ABSOLUTE VERTEX FIC MULTIMERCADO;18/01/2018;1,572969
ABSOLUTE VERTEX FIC MULTIMERCADO;19/01/2018;1,576456
ABSOLUTE VERTEX FIC MULTIMERCADO;22/01/2018;1,578767
ABSOLUTE VERTEX FIC MULTIMERCADO;23/01/2018;1,580328
ABSOLUTE VERTEX FIC MULTIMERCADO;24/01/2018;1,60524
ABSOLUTE VERTEX FIC MULTIMERCADO;25/01/2018;1,605931
ABSOLUTE VERTEX FIC MULTIMERCADO;26/01/2018;1,614432
ABSOLUTE VERTEX FIC MULTIMERCADO;29/01/2018;1,60119
ABSOLUTE VERTEX FIC MULTIMERCADO;30/01/2018;1,595051
ABSOLUTE VERTEX FIC MULTIMERCADO;31/01/2018;1,602911
ABSOLUTE VERTEX FIC MULTIMERCADO;01/02/2018;1,605165
ABSOLUTE VERTEX FIC MULTIMERCADO;02/02/2018;1,591474
ABSOLUTE VERTEX FIC MULTIMERCADO;05/02/2018;1,57908
ABSOLUTE VERTEX FIC MULTIMERCADO;06/02/2018;1,592584
ABSOLUTE VERTEX FIC MULTIMERCADO;07/02/2018;1,581285
ABSOLUTE VERTEX FIC MULTIMERCADO;08/02/2018;1,567109
ABSOLUTE VERTEX FIC MULTIMERCADO;09/02/2018;1,564813
ABSOLUTE VERTEX FIC MULTIMERCADO;14/02/2018;1,595697
ABSOLUTE VERTEX FIC MULTIMERCADO;15/02/2018;1,608309
ABSOLUTE VERTEX FIC MULTIMERCADO;16/02/2018;1,612615
ABSOLUTE VERTEX FIC MULTIMERCADO;19/02/2018;1,612206
ABSOLUTE VERTEX FIC MULTIMERCADO;20/02/2018;1,613374
ABSOLUTE VERTEX FIC MULTIMERCADO;21/02/2018;1,620592
ABSOLUTE VERTEX FIC MULTIMERCADO;22/02/2018;1,623684
ABSOLUTE VERTEX FIC MULTIMERCADO;23/02/2018;1,63038
ABSOLUTE VERTEX FIC MULTIMERCADO;26/02/2018;1,629809
ABSOLUTE VERTEX FIC MULTIMERCADO;27/02/2018;1,617781
ABSOLUTE VERTEX FIC MULTIMERCADO;28/02/2018;1,615526
ABSOLUTE VERTEX FIC MULTIMERCADO;01/03/2018;1,616739
ABSOLUTE VERTEX FIC MULTIMERCADO;02/03/2018;1,622894
ABSOLUTE VERTEX FIC MULTIMERCADO;05/03/2018;1,627396
ABSOLUTE VERTEX FIC MULTIMERCADO;06/03/2018;1,629811
ABSOLUTE VERTEX FIC MULTIMERCADO;07/03/2018;1,629922
ABSOLUTE VERTEX FIC MULTIMERCADO;08/03/2018;1,621963
ABSOLUTE VERTEX FIC MULTIMERCADO;09/03/2018;1,633956
ABSOLUTE VERTEX FIC MULTIMERCADO;12/03/2018;1,639755
ABSOLUTE VERTEX FIC MULTIMERCADO;13/03/2018;1,633673
ABSOLUTE VERTEX FIC MULTIMERCADO;14/03/2018;1,628648
ABSOLUTE VERTEX FIC MULTIMERCADO;15/03/2018;1,614406
ABSOLUTE VERTEX FIC MULTIMERCADO;16/03/2018;1,620754
ABSOLUTE VERTEX FIC MULTIMERCADO;19/03/2018;1,620667
ABSOLUTE VERTEX FIC MULTIMERCADO;20/03/2018;1,621214
ABSOLUTE VERTEX FIC MULTIMERCADO;21/03/2018;1,633369
ABSOLUTE VERTEX FIC MULTIMERCADO;22/03/2018;1,66477
ABSOLUTE VERTEX FIC MULTIMERCADO;23/03/2018;1,669265
ABSOLUTE VERTEX FIC MULTIMERCADO;26/03/2018;1,673634
ABSOLUTE VERTEX FIC MULTIMERCADO;27/03/2018;1,667324
ABSOLUTE VERTEX FIC MULTIMERCADO;28/03/2018;1,66686
ABSOLUTE VERTEX FIC MULTIMERCADO;29/03/2018;1,674541
ABSOLUTE VERTEX FIC MULTIMERCADO;02/04/2018;1,674319
ABSOLUTE VERTEX FIC MULTIMERCADO;03/04/2018;1,670645
ABSOLUTE VERTEX FIC MULTIMERCADO;04/04/2018;1,665674
ABSOLUTE VERTEX FIC MULTIMERCADO;05/04/2018;1,668394
ABSOLUTE VERTEX FIC MULTIMERCADO;06/04/2018;1,668387
ABSOLUTE VERTEX FIC MULTIMERCADO;09/04/2018;1,656726
ABSOLUTE VERTEX FIC MULTIMERCADO;10/04/2018;1,65432
ABSOLUTE VERTEX FIC MULTIMERCADO;11/04/2018;1,658147
ABSOLUTE VERTEX FIC MULTIMERCADO;12/04/2018;1,657081
ABSOLUTE VERTEX FIC MULTIMERCADO;13/04/2018;1,655198
ABSOLUTE VERTEX FIC MULTIMERCADO;16/04/2018;1,654507
ABSOLUTE VERTEX FIC MULTIMERCADO;17/04/2018;1,654692
ABSOLUTE VERTEX FIC MULTIMERCADO;18/04/2018;1,65784
ABSOLUTE VERTEX FIC MULTIMERCADO;19/04/2018;1,655607
ABSOLUTE VERTEX FIC MULTIMERCADO;20/04/2018;1,654381
ABSOLUTE VERTEX FIC MULTIMERCADO;23/04/2018;1,652985
ABSOLUTE VERTEX FIC MULTIMERCADO;24/04/2018;1,652596
ABSOLUTE VERTEX FIC MULTIMERCADO;25/04/2018;1,650833
ABSOLUTE VERTEX FIC MULTIMERCADO;26/04/2018;1,651405
ABSOLUTE VERTEX FIC MULTIMERCADO;27/04/2018;1,649274
ABSOLUTE VERTEX FIC MULTIMERCADO;30/04/2018;1,650786
ABSOLUTE VERTEX FIC MULTIMERCADO;02/05/2018;1,651864
ABSOLUTE VERTEX FIC MULTIMERCADO;03/05/2018;1,648993
ABSOLUTE VERTEX FIC MULTIMERCADO;04/05/2018;1,645378
ABSOLUTE VERTEX FIC MULTIMERCADO;07/05/2018;1,647833
ABSOLUTE VERTEX FIC MULTIMERCADO;08/05/2018;1,654064
ABSOLUTE VERTEX FIC MULTIMERCADO;09/05/2018;1,654719
ABSOLUTE VERTEX FIC MULTIMERCADO;10/05/2018;1,653143
ABSOLUTE VERTEX FIC MULTIMERCADO;11/05/2018;1,655461
ABSOLUTE VERTEX FIC MULTIMERCADO;14/05/2018;1,657481
ABSOLUTE VERTEX FIC MULTIMERCADO;15/05/2018;1,658563
ABSOLUTE VERTEX FIC MULTIMERCADO;16/05/2018;1,663409
ABSOLUTE VERTEX FIC MULTIMERCADO;17/05/2018;1,668147
ABSOLUTE VERTEX FIC MULTIMERCADO;18/05/2018;1,666998
ABSOLUTE VERTEX FIC MULTIMERCADO;21/05/2018;1,665395
ABSOLUTE VERTEX FIC MULTIMERCADO;22/05/2018;1,667921
ABSOLUTE VERTEX FIC MULTIMERCADO;23/05/2018;1,663586
ABSOLUTE VERTEX FIC MULTIMERCADO;24/05/2018;1,661725
ABSOLUTE VERTEX FIC MULTIMERCADO;25/05/2018;1,665764
ABSOLUTE VERTEX FIC MULTIMERCADO;28/05/2018;1,672899
ABSOLUTE VERTEX FIC MULTIMERCADO;29/05/2018;1,672437
ABSOLUTE VERTEX FIC MULTIMERCADO;30/05/2018;1,675935
ABSOLUTE VERTEX FIC MULTIMERCADO;01/06/2018;1,679004
ABSOLUTE VERTEX FIC MULTIMERCADO;04/06/2018;1,682743
ABSOLUTE VERTEX FIC MULTIMERCADO;05/06/2018;1,680091
ABSOLUTE VERTEX FIC MULTIMERCADO;06/06/2018;1,680027
ABSOLUTE VERTEX FIC MULTIMERCADO;07/06/2018;1,672928
ABSOLUTE VERTEX FIC MULTIMERCADO;08/06/2018;1,679105
ABSOLUTE VERTEX FIC MULTIMERCADO;11/06/2018;1,683134
ABSOLUTE VERTEX FIC MULTIMERCADO;12/06/2018;1,686894
ABSOLUTE VERTEX FIC MULTIMERCADO;13/06/2018;1,691718
ABSOLUTE VERTEX FIC MULTIMERCADO;14/06/2018;1,690164
ABSOLUTE VERTEX FIC MULTIMERCADO;15/06/2018;1,684353
ABSOLUTE VERTEX FIC MULTIMERCADO;18/06/2018;1,687012
ABSOLUTE VERTEX FIC MULTIMERCADO;19/06/2018;1,688141
ABSOLUTE VERTEX FIC MULTIMERCADO;20/06/2018;1,693417
ABSOLUTE VERTEX FIC MULTIMERCADO;21/06/2018;1,696105
ABSOLUTE VERTEX FIC MULTIMERCADO;22/06/2018;1,697377
ABSOLUTE VERTEX FIC MULTIMERCADO;25/06/2018;1,698856
ABSOLUTE VERTEX FIC MULTIMERCADO;26/06/2018;1,699192
ABSOLUTE VERTEX FIC MULTIMERCADO;27/06/2018;1,706286
ABSOLUTE VERTEX FIC MULTIMERCADO;28/06/2018;1,702602
ABSOLUTE VERTEX FIC MULTIMERCADO;29/06/2018;1,69788
ABSOLUTE VERTEX FIC MULTIMERCADO;02/07/2018;1,700145
ABSOLUTE VERTEX FIC MULTIMERCADO;03/07/2018;1,700909
ABSOLUTE VERTEX FIC MULTIMERCADO;04/07/2018;1,703892
ABSOLUTE VERTEX FIC MULTIMERCADO;05/07/2018;1,703282
ABSOLUTE VERTEX FIC MULTIMERCADO;06/07/2018;1,707011
ABSOLUTE VERTEX FIC MULTIMERCADO;09/07/2018;1,708603
ABSOLUTE VERTEX FIC MULTIMERCADO;10/07/2018;1,705961
ABSOLUTE VERTEX FIC MULTIMERCADO;11/07/2018;1,699483
ABSOLUTE VERTEX FIC MULTIMERCADO;12/07/2018;1,704633
ABSOLUTE VERTEX FIC MULTIMERCADO;13/07/2018;1,706108
ABSOLUTE VERTEX FIC MULTIMERCADO;16/07/2018;1,706948
ABSOLUTE VERTEX FIC MULTIMERCADO;17/07/2018;1,712044
ABSOLUTE VERTEX FIC MULTIMERCADO;18/07/2018;1,710318
ABSOLUTE VERTEX FIC MULTIMERCADO;19/07/2018;1,708831
ABSOLUTE VERTEX FIC MULTIMERCADO;20/07/2018;1,718032
ABSOLUTE VERTEX FIC MULTIMERCADO;23/07/2018;1,715424
ABSOLUTE VERTEX FIC MULTIMERCADO;24/07/2018;1,722912
ABSOLUTE VERTEX FIC MULTIMERCADO;25/07/2018;1,727712
ABSOLUTE VERTEX FIC MULTIMERCADO;26/07/2018;1,721812
ABSOLUTE VERTEX FIC MULTIMERCADO;27/07/2018;1,722725
ABSOLUTE VERTEX FIC MULTIMERCADO;30/07/2018;1,725331
ABSOLUTE VERTEX FIC MULTIMERCADO;31/07/2018;1,725168
ABSOLUTE VERTEX FIC MULTIMERCADO;01/08/2018;1,724607
ABSOLUTE VERTEX FIC MULTIMERCADO;02/08/2018;1,725235
ABSOLUTE VERTEX FIC MULTIMERCADO;03/08/2018;1,73002
ABSOLUTE VERTEX FIC MULTIMERCADO;06/08/2018;1,730206
ABSOLUTE VERTEX FIC MULTIMERCADO;07/08/2018;1,723565
ABSOLUTE VERTEX FIC MULTIMERCADO;08/08/2018;1,720599
ABSOLUTE VERTEX FIC MULTIMERCADO;09/08/2018;1,715702
ABSOLUTE VERTEX FIC MULTIMERCADO;10/08/2018;1,694533
ABSOLUTE VERTEX FIC MULTIMERCADO;13/08/2018;1,698796
ABSOLUTE VERTEX FIC MULTIMERCADO;14/08/2018;1,709312
ABSOLUTE VERTEX FIC MULTIMERCADO;15/08/2018;1,704424
ABSOLUTE VERTEX FIC MULTIMERCADO;16/08/2018;1,70357
ABSOLUTE VERTEX FIC MULTIMERCADO;17/08/2018;1,703176
ABSOLUTE VERTEX FIC MULTIMERCADO;20/08/2018;1,705939
ABSOLUTE VERTEX FIC MULTIMERCADO;21/08/2018;1,697545
ABSOLUTE VERTEX FIC MULTIMERCADO;22/08/2018;1,707342
ABSOLUTE VERTEX FIC MULTIMERCADO;23/08/2018;1,704668
ABSOLUTE VERTEX FIC MULTIMERCADO;24/08/2018;1,705526
ABSOLUTE VERTEX FIC MULTIMERCADO;27/08/2018;1,712925
ABSOLUTE VERTEX FIC MULTIMERCADO;28/08/2018;1,711935
ABSOLUTE VERTEX FIC MULTIMERCADO;29/08/2018;1,718733
ABSOLUTE VERTEX FIC MULTIMERCADO;30/08/2018;1,70421
ABSOLUTE VERTEX FIC MULTIMERCADO;31/08/2018;1,705864
ABSOLUTE VERTEX FIC MULTIMERCADO;03/09/2018;1,706507
ABSOLUTE VERTEX FIC MULTIMERCADO;04/09/2018;1,704764
ABSOLUTE VERTEX FIC MULTIMERCADO;05/09/2018;1,705987
ABSOLUTE VERTEX FIC MULTIMERCADO;06/09/2018;1,714782
ABSOLUTE VERTEX FIC MULTIMERCADO;10/09/2018;1,716453
ABSOLUTE VERTEX FIC MULTIMERCADO;11/09/2018;1,711558
ABSOLUTE VERTEX FIC MULTIMERCADO;12/09/2018;1,713033
ABSOLUTE VERTEX FIC MULTIMERCADO;13/09/2018;1,709906
ABSOLUTE VERTEX FIC MULTIMERCADO;14/09/2018;1,710267
ABSOLUTE VERTEX FIC MULTIMERCADO;17/09/2018;1,716895
ABSOLUTE VERTEX FIC MULTIMERCADO;18/09/2018;1,720058
ABSOLUTE VERTEX FIC MULTIMERCADO;19/09/2018;1,717825
ABSOLUTE VERTEX FIC MULTIMERCADO;20/09/2018;1,720445
ABSOLUTE VERTEX FIC MULTIMERCADO;21/09/2018;1,725893
ABSOLUTE VERTEX FIC MULTIMERCADO;24/09/2018;1,719288
ABSOLUTE VERTEX FIC MULTIMERCADO;25/09/2018;1,721366
ABSOLUTE VERTEX FIC MULTIMERCADO;26/09/2018;1,72223
ABSOLUTE VERTEX FIC MULTIMERCADO;27/09/2018;1,727568
ABSOLUTE VERTEX FIC MULTIMERCADO;28/09/2018;1,725135
ABSOLUTE VERTEX FIC MULTIMERCADO;01/10/2018;1,722659
ABSOLUTE VERTEX FIC MULTIMERCADO;02/10/2018;1,728329
ABSOLUTE VERTEX FIC MULTIMERCADO;03/10/2018;1,731066
ABSOLUTE VERTEX FIC MULTIMERCADO;04/10/2018;1,729306
ABSOLUTE VERTEX FIC MULTIMERCADO;05/10/2018;1,726767
ABSOLUTE VERTEX FIC MULTIMERCADO;08/10/2018;1,7412
ABSOLUTE VERTEX FIC MULTIMERCADO;09/10/2018;1,742856
ABSOLUTE VERTEX FIC MULTIMERCADO;10/10/2018;1,736255
ABSOLUTE VERTEX FIC MULTIMERCADO;11/10/2018;1,733383
ABSOLUTE VERTEX FIC MULTIMERCADO;15/10/2018;1,734482
ABSOLUTE VERTEX FIC MULTIMERCADO;16/10/2018;1,741956
ABSOLUTE VERTEX FIC MULTIMERCADO;17/10/2018;1,743924
ABSOLUTE VERTEX FIC MULTIMERCADO;18/10/2018;1,738672
ABSOLUTE VERTEX FIC MULTIMERCADO;19/10/2018;1,740814
ABSOLUTE VERTEX FIC MULTIMERCADO;22/10/2018;1,748429
ABSOLUTE VERTEX FIC MULTIMERCADO;23/10/2018;1,748223
ABSOLUTE VERTEX FIC MULTIMERCADO;24/10/2018;1,741561
ABSOLUTE VERTEX FIC MULTIMERCADO;25/10/2018;1,74572
ABSOLUTE VERTEX FIC MULTIMERCADO;26/10/2018;1,756093
ABSOLUTE VERTEX FIC MULTIMERCADO;29/10/2018;1,741576
ABSOLUTE VERTEX FIC MULTIMERCADO;30/10/2018;1,753176
ABSOLUTE VERTEX FIC MULTIMERCADO;31/10/2018;1,753615
ABSOLUTE VERTEX FIC MULTIMERCADO;01/11/2018;1,757467
ABSOLUTE VERTEX FIC MULTIMERCADO;05/11/2018;1,761605
ABSOLUTE VERTEX FIC MULTIMERCADO;06/11/2018;1,755074
ABSOLUTE VERTEX FIC MULTIMERCADO;07/11/2018;1,748007
ABSOLUTE VERTEX FIC MULTIMERCADO;08/11/2018;1,737159
ABSOLUTE VERTEX FIC MULTIMERCADO;09/11/2018;1,737514
ABSOLUTE VERTEX FIC MULTIMERCADO;12/11/2018;1,738136
ABSOLUTE VERTEX FIC MULTIMERCADO;13/11/2018;1,735301
ABSOLUTE VERTEX FIC MULTIMERCADO;14/11/2018;1,741502
ABSOLUTE VERTEX FIC MULTIMERCADO;16/11/2018;1,752768
ABSOLUTE VERTEX FIC MULTIMERCADO;19/11/2018;1,750515
ABSOLUTE VERTEX FIC MULTIMERCADO;20/11/2018;1,751205
ABSOLUTE VERTEX FIC MULTIMERCADO;21/11/2018;1,749294
ABSOLUTE VERTEX FIC MULTIMERCADO;22/11/2018;1,750628
ABSOLUTE VERTEX FIC MULTIMERCADO;23/11/2018;1,74746
ABSOLUTE VERTEX FIC MULTIMERCADO;26/11/2018;1,740623
ABSOLUTE VERTEX FIC MULTIMERCADO;27/11/2018;1,747618
ABSOLUTE VERTEX FIC MULTIMERCADO;28/11/2018;1,754276
ABSOLUTE VERTEX FIC MULTIMERCADO;29/11/2018;1,757092
ABSOLUTE VERTEX FIC MULTIMERCADO;30/11/2018;1,757417
ABSOLUTE VERTEX FIC MULTIMERCADO;03/12/2018;1,760784
ABSOLUTE VERTEX FIC MULTIMERCADO;04/12/2018;1,755147
ABSOLUTE VERTEX FIC MULTIMERCADO;05/12/2018;1,756062
ABSOLUTE VERTEX FIC MULTIMERCADO;06/12/2018;1,752332
ABSOLUTE VERTEX FIC MULTIMERCADO;07/12/2018;1,750541
ABSOLUTE VERTEX FIC MULTIMERCADO;10/12/2018;1,742757
ABSOLUTE VERTEX FIC MULTIMERCADO;11/12/2018;1,743759
ABSOLUTE VERTEX FIC MULTIMERCADO;12/12/2018;1,747214
ABSOLUTE VERTEX FIC MULTIMERCADO;13/12/2018;1,751256
ABSOLUTE VERTEX FIC MULTIMERCADO;14/12/2018;1,750464
ABSOLUTE VERTEX FIC MULTIMERCADO;17/12/2018;1,75064
ABSOLUTE VERTEX FIC MULTIMERCADO;18/12/2018;1,753715
ABSOLUTE VERTEX FIC MULTIMERCADO;19/12/2018;1,752126
ABSOLUTE VERTEX FIC MULTIMERCADO;20/12/2018;1,754407
ABSOLUTE VERTEX FIC MULTIMERCADO;21/12/2018;1,755506
ABSOLUTE VERTEX FIC MULTIMERCADO;24/12/2018;1,758038
ABSOLUTE VERTEX FIC MULTIMERCADO;26/12/2018;1,755448
ABSOLUTE VERTEX FIC MULTIMERCADO;27/12/2018;1,758488
ABSOLUTE VERTEX FIC MULTIMERCADO;28/12/2018;1,768134
ABSOLUTE VERTEX FIC MULTIMERCADO;31/12/2018;1,769693
ABSOLUTE VERTEX FIC MULTIMERCADO;02/01/2019;1,787471
ABSOLUTE VERTEX FIC MULTIMERCADO;03/01/2019;1,797551
ABSOLUTE VERTEX FIC MULTIMERCADO;04/01/2019;1,804772
ABSOLUTE VERTEX FIC MULTIMERCADO;07/01/2019;1,801617
ABSOLUTE VERTEX FIC MULTIMERCADO;08/01/2019;1,806337
ABSOLUTE VERTEX FIC MULTIMERCADO;09/01/2019;1,816593
ABSOLUTE VERTEX FIC MULTIMERCADO;10/01/2019;1,817245
ABSOLUTE VERTEX FIC MULTIMERCADO;11/01/2019;1,818128
ABSOLUTE VERTEX FIC MULTIMERCADO;14/01/2019;1,823579
ABSOLUTE VERTEX FIC MULTIMERCADO;15/01/2019;1,821653
ABSOLUTE VERTEX FIC MULTIMERCADO;16/01/2019;1,822001
ABSOLUTE VERTEX FIC MULTIMERCADO;17/01/2019;1,827454
ABSOLUTE VERTEX FIC MULTIMERCADO;18/01/2019;1,828162
ABSOLUTE VERTEX FIC MULTIMERCADO;21/01/2019;1,829174
ABSOLUTE VERTEX FIC MULTIMERCADO;22/01/2019;1,829465
ABSOLUTE VERTEX FIC MULTIMERCADO;23/01/2019;1,835839
ABSOLUTE VERTEX FIC MULTIMERCADO;24/01/2019;1,838755
ABSOLUTE VERTEX FIC MULTIMERCADO;25/01/2019;1,838846
ABSOLUTE VERTEX FIC MULTIMERCADO;28/01/2019;1,833283
ABSOLUTE VERTEX FIC MULTIMERCADO;29/01/2019;1,837712
ABSOLUTE VERTEX FIC MULTIMERCADO;30/01/2019;1,840412
ABSOLUTE VERTEX FIC MULTIMERCADO;31/01/2019;1,848953
ABSOLUTE VERTEX FIC MULTIMERCADO;01/02/2019;1,851752
ABSOLUTE VERTEX FIC MULTIMERCADO;04/02/2019;1,849701
ABSOLUTE VERTEX FIC MULTIMERCADO;05/02/2019;1,8462
ABSOLUTE VERTEX FIC MULTIMERCADO;06/02/2019;1,833586
ABSOLUTE VERTEX FIC MULTIMERCADO;07/02/2019;1,825463
ABSOLUTE VERTEX FIC MULTIMERCADO;08/02/2019;1,825022
ABSOLUTE VERTEX FIC MULTIMERCADO;11/02/2019;1,818808
ABSOLUTE VERTEX FIC MULTIMERCADO;12/02/2019;1,825248
ABSOLUTE VERTEX FIC MULTIMERCADO;13/02/2019;1,823338
ABSOLUTE VERTEX FIC MULTIMERCADO;14/02/2019;1,830605
ABSOLUTE VERTEX FIC MULTIMERCADO;15/02/2019;1,831533
ABSOLUTE VERTEX FIC MULTIMERCADO;18/02/2019;1,828386
ABSOLUTE VERTEX FIC MULTIMERCADO;19/02/2019;1,830219
ABSOLUTE VERTEX FIC MULTIMERCADO;20/02/2019;1,827385
ABSOLUTE VERTEX FIC MULTIMERCADO;21/02/2019;1,826709
ABSOLUTE VERTEX FIC MULTIMERCADO;22/02/2019;1,827624
ABSOLUTE VERTEX FIC MULTIMERCADO;25/02/2019;1,82552
ABSOLUTE VERTEX FIC MULTIMERCADO;26/02/2019;1,826284
ABSOLUTE VERTEX FIC MULTIMERCADO;27/02/2019;1,828035
ABSOLUTE VERTEX FIC MULTIMERCADO;28/02/2019;1,823276
ABSOLUTE VERTEX FIC MULTIMERCADO;01/03/2019;1,819254
ABSOLUTE VERTEX FIC MULTIMERCADO;06/03/2019;1,820304
ABSOLUTE VERTEX FIC MULTIMERCADO;07/03/2019;1,817635
ABSOLUTE VERTEX FIC MULTIMERCADO;08/03/2019;1,817294
ABSOLUTE VERTEX FIC MULTIMERCADO;11/03/2019;1,820074
ABSOLUTE VERTEX FIC MULTIMERCADO;12/03/2019;1,820091
ABSOLUTE VERTEX FIC MULTIMERCADO;13/03/2019;1,823177
ABSOLUTE VERTEX FIC MULTIMERCADO;14/03/2019;1,823297
ABSOLUTE VERTEX FIC MULTIMERCADO;15/03/2019;1,825028
ABSOLUTE VERTEX FIC MULTIMERCADO;18/03/2019;1,828062
ABSOLUTE VERTEX FIC MULTIMERCADO;19/03/2019;1,827844
ABSOLUTE VERTEX FIC MULTIMERCADO;20/03/2019;1,82589
ABSOLUTE VERTEX FIC MULTIMERCADO;21/03/2019;1,821635
ABSOLUTE VERTEX FIC MULTIMERCADO;22/03/2019;1,80381
ABSOLUTE VERTEX FIC MULTIMERCADO;25/03/2019;1,806571
ABSOLUTE VERTEX FIC MULTIMERCADO;26/03/2019;1,80796
ABSOLUTE VERTEX FIC MULTIMERCADO;27/03/2019;1,795603
ABSOLUTE VERTEX FIC MULTIMERCADO;28/03/2019;1,797574
ABSOLUTE VERTEX FIC MULTIMERCADO;29/03/2019;1,800725
ABSOLUTE VERTEX FIC MULTIMERCADO;01/04/2019;1,805723
ABSOLUTE VERTEX FIC MULTIMERCADO;02/04/2019;1,805302
ABSOLUTE VERTEX FIC MULTIMERCADO;03/04/2019;1,807668
ABSOLUTE VERTEX FIC MULTIMERCADO;04/04/2019;1,808656
ABSOLUTE VERTEX FIC MULTIMERCADO;05/04/2019;1,811722
ABSOLUTE VERTEX FIC MULTIMERCADO;08/04/2019;1,811635
ABSOLUTE VERTEX FIC MULTIMERCADO;09/04/2019;1,809571
ABSOLUTE VERTEX FIC MULTIMERCADO;10/04/2019;1,810787
ABSOLUTE VERTEX FIC MULTIMERCADO;11/04/2019;1,809408
ABSOLUTE VERTEX FIC MULTIMERCADO;12/04/2019;1,812161
ABSOLUTE VERTEX FIC MULTIMERCADO;15/04/2019;1,811972
ABSOLUTE VERTEX FIC MULTIMERCADO;16/04/2019;1,815683
ABSOLUTE VERTEX FIC MULTIMERCADO;17/04/2019;1,816914
ABSOLUTE VERTEX FIC MULTIMERCADO;18/04/2019;1,821188
ABSOLUTE VERTEX FIC MULTIMERCADO;22/04/2019;1,823001
ABSOLUTE VERTEX FIC MULTIMERCADO;23/04/2019;1,827191
ABSOLUTE VERTEX FIC MULTIMERCADO;24/04/2019;1,826255
ABSOLUTE VERTEX FIC MULTIMERCADO;25/04/2019;1,823689
ABSOLUTE VERTEX FIC MULTIMERCADO;26/04/2019;1,82263
ABSOLUTE VERTEX FIC MULTIMERCADO;29/04/2019;1,821834
ABSOLUTE VERTEX FIC MULTIMERCADO;30/04/2019;1,822893
ABSOLUTE VERTEX FIC MULTIMERCADO;02/05/2019;1,822465
ABSOLUTE VERTEX FIC MULTIMERCADO;03/05/2019;1,828466
ABSOLUTE VERTEX FIC MULTIMERCADO;06/05/2019;1,830241
ABSOLUTE VERTEX FIC MULTIMERCADO;07/05/2019;1,829504
ABSOLUTE VERTEX FIC MULTIMERCADO;08/05/2019;1,8261
ABSOLUTE VERTEX FIC MULTIMERCADO;09/05/2019;1,830327
ABSOLUTE VERTEX FIC MULTIMERCADO;10/05/2019;1,835759
ABSOLUTE VERTEX FIC MULTIMERCADO;13/05/2019;1,829646
ABSOLUTE VERTEX FIC MULTIMERCADO;14/05/2019;1,834733
ABSOLUTE VERTEX FIC MULTIMERCADO;15/05/2019;1,83744
ABSOLUTE VERTEX FIC MULTIMERCADO;16/05/2019;1,837332
ABSOLUTE VERTEX FIC MULTIMERCADO;17/05/2019;1,834514
ABSOLUTE VERTEX FIC MULTIMERCADO;20/05/2019;1,839469
ABSOLUTE VERTEX FIC MULTIMERCADO;21/05/2019;1,843779
ABSOLUTE VERTEX FIC MULTIMERCADO;22/05/2019;1,84479
ABSOLUTE VERTEX FIC MULTIMERCADO;23/05/2019;1,849268
ABSOLUTE VERTEX FIC MULTIMERCADO;24/05/2019;1,847759
ABSOLUTE VERTEX FIC MULTIMERCADO;27/05/2019;1,851944
ABSOLUTE VERTEX FIC MULTIMERCADO;28/05/2019;1,860715
ABSOLUTE VERTEX FIC MULTIMERCADO;29/05/2019;1,860736
ABSOLUTE VERTEX FIC MULTIMERCADO;30/05/2019;1,862402
ABSOLUTE VERTEX FIC MULTIMERCADO;31/05/2019;1,862494
ABSOLUTE VERTEX FIC MULTIMERCADO;03/06/2019;1,862559
ABSOLUTE VERTEX FIC MULTIMERCADO;04/06/2019;1,859033
ABSOLUTE VERTEX FIC MULTIMERCADO;05/06/2019;1,857509
ABSOLUTE VERTEX FIC MULTIMERCADO;06/06/2019;1,85987
ABSOLUTE VERTEX FIC MULTIMERCADO;07/06/2019;1,863661
ABSOLUTE VERTEX FIC MULTIMERCADO;10/06/2019;1,865468
ABSOLUTE VERTEX FIC MULTIMERCADO;11/06/2019;1,865975
ABSOLUTE VERTEX FIC MULTIMERCADO;12/06/2019;1,866458
ABSOLUTE VERTEX FIC MULTIMERCADO;13/06/2019;1,871296
ABSOLUTE VERTEX FIC MULTIMERCADO;14/06/2019;1,875641
ABSOLUTE VERTEX FIC MULTIMERCADO;17/06/2019;1,87489
ABSOLUTE VERTEX FIC MULTIMERCADO;18/06/2019;1,872194
ABSOLUTE VERTEX FIC MULTIMERCADO;19/06/2019;1,871548
ABSOLUTE VERTEX FIC MULTIMERCADO;21/06/2019;1,876839
ABSOLUTE VERTEX FIC MULTIMERCADO;24/06/2019;1,876858
ABSOLUTE VERTEX FIC MULTIMERCADO;25/06/2019;1,875657
ABSOLUTE VERTEX FIC MULTIMERCADO;26/06/2019;1,876686
ABSOLUTE VERTEX FIC MULTIMERCADO;27/06/2019;1,875546
ABSOLUTE VERTEX FIC MULTIMERCADO;28/06/2019;1,876825
ABSOLUTE VERTEX FIC MULTIMERCADO;01/07/2019;1,876321
ABSOLUTE VERTEX FIC MULTIMERCADO;02/07/2019;1,876205
ABSOLUTE VERTEX FIC MULTIMERCADO;03/07/2019;1,878123
ABSOLUTE VERTEX FIC MULTIMERCADO;04/07/2019;1,8784
ABSOLUTE VERTEX FIC MULTIMERCADO;05/07/2019;1,878098
ABSOLUTE VERTEX FIC MULTIMERCADO;08/07/2019;1,880426
ABSOLUTE VERTEX FIC MULTIMERCADO;09/07/2019;1,880362
ABSOLUTE VERTEX FIC MULTIMERCADO;10/07/2019;1,883221
ABSOLUTE VERTEX FIC MULTIMERCADO;11/07/2019;1,883779
ABSOLUTE VERTEX FIC MULTIMERCADO;12/07/2019;1,881987
ABSOLUTE VERTEX FIC MULTIMERCADO;15/07/2019;1,882484
ABSOLUTE VERTEX FIC MULTIMERCADO;16/07/2019;1,880979
ABSOLUTE VERTEX FIC MULTIMERCADO;17/07/2019;1,879606
ABSOLUTE VERTEX FIC MULTIMERCADO;18/07/2019;1,883634
ABSOLUTE VERTEX FIC MULTIMERCADO;19/07/2019;1,879274
ABSOLUTE VERTEX FIC MULTIMERCADO;22/07/2019;1,878584
ABSOLUTE VERTEX FIC MULTIMERCADO;23/07/2019;1,876885
ABSOLUTE VERTEX FIC MULTIMERCADO;24/07/2019;1,878482
ABSOLUTE VERTEX FIC MULTIMERCADO;25/07/2019;1,871768
ABSOLUTE VERTEX FIC MULTIMERCADO;26/07/2019;1,871821
ABSOLUTE VERTEX FIC MULTIMERCADO;29/07/2019;1,873869
ABSOLUTE VERTEX FIC MULTIMERCADO;30/07/2019;1,871433
ABSOLUTE VERTEX FIC MULTIMERCADO;31/07/2019;1,862766
ABSOLUTE VERTEX FIC MULTIMERCADO;01/08/2019;1,864252
ABSOLUTE VERTEX FIC MULTIMERCADO;02/08/2019;1,866794
ABSOLUTE VERTEX FIC MULTIMERCADO;05/08/2019;1,854363
ABSOLUTE VERTEX FIC MULTIMERCADO;06/08/2019;1,864528
ABSOLUTE VERTEX FIC MULTIMERCADO;07/08/2019;1,869316
ABSOLUTE VERTEX FIC MULTIMERCADO;08/08/2019;1,876373
ABSOLUTE VERTEX FIC MULTIMERCADO;09/08/2019;1,87685
ABSOLUTE VERTEX FIC MULTIMERCADO;12/08/2019;1,867104
ABSOLUTE VERTEX FIC MULTIMERCADO;13/08/2019;1,871784
ABSOLUTE VERTEX FIC MULTIMERCADO;14/08/2019;1,860233
ABSOLUTE VERTEX FIC MULTIMERCADO;15/08/2019;1,85994
ABSOLUTE VERTEX FIC MULTIMERCADO;16/08/2019;1,86243
ABSOLUTE VERTEX FIC MULTIMERCADO;19/08/2019;1,86128
ABSOLUTE VERTEX FIC MULTIMERCADO;20/08/2019;1,861332
ABSOLUTE VERTEX FIC MULTIMERCADO;21/08/2019;1,868115
ABSOLUTE VERTEX FIC MULTIMERCADO;22/08/2019;1,867442
ABSOLUTE VERTEX FIC MULTIMERCADO;23/08/2019;1,863923
ABSOLUTE VERTEX FIC MULTIMERCADO;26/08/2019;1,857125
ABSOLUTE VERTEX FIC MULTIMERCADO;27/08/2019;1,857463
ABSOLUTE VERTEX FIC MULTIMERCADO;28/08/2019;1,858242
ABSOLUTE VERTEX FIC MULTIMERCADO;29/08/2019;1,863928
ABSOLUTE VERTEX FIC MULTIMERCADO;30/08/2019;1,869303
ABSOLUTE VERTEX FIC MULTIMERCADO;02/09/2019;1,86714
ABSOLUTE VERTEX FIC MULTIMERCADO;03/09/2019;1,86644
ABSOLUTE VERTEX FIC MULTIMERCADO;04/09/2019;1,871961
ABSOLUTE VERTEX FIC MULTIMERCADO;05/09/2019;1,873262
ABSOLUTE VERTEX FIC MULTIMERCADO;06/09/2019;1,874136
ABSOLUTE VERTEX FIC MULTIMERCADO;09/09/2019;1,873556
ABSOLUTE VERTEX FIC MULTIMERCADO;10/09/2019;1,869637
ABSOLUTE VERTEX FIC MULTIMERCADO;11/09/2019;1,87082
ABSOLUTE VERTEX FIC MULTIMERCADO;12/09/2019;1,874602
ABSOLUTE VERTEX FIC MULTIMERCADO;13/09/2019;1,865211
ABSOLUTE VERTEX FIC MULTIMERCADO;16/09/2019;1,862236
ABSOLUTE VERTEX FIC MULTIMERCADO;17/09/2019;1,868181
ABSOLUTE VERTEX FIC MULTIMERCADO;18/09/2019;1,86947
ABSOLUTE VERTEX FIC MULTIMERCADO;19/09/2019;1,875649
ABSOLUTE VERTEX FIC MULTIMERCADO;20/09/2019;1,87854
ABSOLUTE VERTEX FIC MULTIMERCADO;23/09/2019;1,877258
ABSOLUTE VERTEX FIC MULTIMERCADO;24/09/2019;1,87313
ABSOLUTE VERTEX FIC MULTIMERCADO;25/09/2019;1,874637
ABSOLUTE VERTEX FIC MULTIMERCADO;26/09/2019;1,881385
ABSOLUTE VERTEX FIC MULTIMERCADO;27/09/2019;1,880713
ABSOLUTE VERTEX FIC MULTIMERCADO;30/09/2019;1,882134
ABSOLUTE VERTEX FIC MULTIMERCADO;01/10/2019;1,880239
ABSOLUTE VERTEX FIC MULTIMERCADO;02/10/2019;1,873397
ABSOLUTE VERTEX FIC MULTIMERCADO;03/10/2019;1,882568
ABSOLUTE VERTEX FIC MULTIMERCADO;04/10/2019;1,888192
ABSOLUTE VERTEX FIC MULTIMERCADO;07/10/2019;1,879449
ABSOLUTE VERTEX FIC MULTIMERCADO;08/10/2019;1,879363
ABSOLUTE VERTEX FIC MULTIMERCADO;09/10/2019;1,890443
ABSOLUTE VERTEX FIC MULTIMERCADO;10/10/2019;1,895189
ABSOLUTE VERTEX FIC MULTIMERCADO;11/10/2019;1,90127
ABSOLUTE VERTEX FIC MULTIMERCADO;14/10/2019;1,903837
ABSOLUTE VERTEX FIC MULTIMERCADO;15/10/2019;1,902315
ABSOLUTE VERTEX FIC MULTIMERCADO;16/10/2019;1,911377
ABSOLUTE VERTEX FIC MULTIMERCADO;17/10/2019;1,913954
ABSOLUTE VERTEX FIC MULTIMERCADO;18/10/2019;1,913695
ABSOLUTE VERTEX FIC MULTIMERCADO;21/10/2019;1,918451
ABSOLUTE VERTEX FIC MULTIMERCADO;22/10/2019;1,913435
ABSOLUTE VERTEX FIC MULTIMERCADO;23/10/2019;1,915613
ABSOLUTE VERTEX FIC MULTIMERCADO;24/10/2019;1,915443
ABSOLUTE VERTEX FIC MULTIMERCADO;25/10/2019;1,91943
ABSOLUTE VERTEX FIC MULTIMERCADO;28/10/2019;1,921893
ABSOLUTE VERTEX FIC MULTIMERCADO;29/10/2019;1,923165
ABSOLUTE VERTEX FIC MULTIMERCADO;30/10/2019;1,930817
ABSOLUTE VERTEX FIC MULTIMERCADO;31/10/2019;1,920069
ABSOLUTE VERTEX FIC MULTIMERCADO;01/11/2019;1,925273
ABSOLUTE VERTEX FIC MULTIMERCADO;04/11/2019;1,925138
ABSOLUTE VERTEX FIC MULTIMERCADO;05/11/2019;1,922366
ABSOLUTE VERTEX FIC MULTIMERCADO;06/11/2019;1,926674
ABSOLUTE VERTEX FIC MULTIMERCADO;07/11/2019;1,929501
ABSOLUTE VERTEX FIC MULTIMERCADO;08/11/2019;1,925756
ABSOLUTE VERTEX FIC MULTIMERCADO;11/11/2019;1,927368
ABSOLUTE VERTEX FIC MULTIMERCADO;12/11/2019;1,922491
ABSOLUTE VERTEX FIC MULTIMERCADO;13/11/2019;1,92008
ABSOLUTE VERTEX FIC MULTIMERCADO;14/11/2019;1,918654
ABSOLUTE VERTEX FIC MULTIMERCADO;18/11/2019;1,920967
ABSOLUTE VERTEX FIC MULTIMERCADO;19/11/2019;1,918258
ABSOLUTE VERTEX FIC MULTIMERCADO;20/11/2019;1,917575
ABSOLUTE VERTEX FIC MULTIMERCADO;21/11/2019;1,920944
ABSOLUTE VERTEX FIC MULTIMERCADO;22/11/2019;1,92557
ABSOLUTE VERTEX FIC MULTIMERCADO;25/11/2019;1,927408
ABSOLUTE VERTEX FIC MULTIMERCADO;26/11/2019;1,924928
ABSOLUTE VERTEX FIC MULTIMERCADO;27/11/2019;1,92518
ABSOLUTE VERTEX FIC MULTIMERCADO;28/11/2019;1,92524
ABSOLUTE VERTEX FIC MULTIMERCADO;29/11/2019;1,926367
ABSOLUTE VERTEX FIC MULTIMERCADO;02/12/2019;1,926894
ABSOLUTE VERTEX FIC MULTIMERCADO;03/12/2019;1,925464
ABSOLUTE VERTEX FIC MULTIMERCADO;04/12/2019;1,930406
ABSOLUTE VERTEX FIC MULTIMERCADO;05/12/2019;1,930552
ABSOLUTE VERTEX FIC MULTIMERCADO;06/12/2019;1,93377
ABSOLUTE VERTEX FIC MULTIMERCADO;09/12/2019;1,932947
ABSOLUTE VERTEX FIC MULTIMERCADO;10/12/2019;1,931682
ABSOLUTE VERTEX FIC MULTIMERCADO;11/12/2019;1,93418
ABSOLUTE VERTEX FIC MULTIMERCADO;12/12/2019;1,937551
ABSOLUTE VERTEX FIC MULTIMERCADO;13/12/2019;1,940111
ABSOLUTE VERTEX FIC MULTIMERCADO;16/12/2019;1,937261
ABSOLUTE VERTEX FIC MULTIMERCADO;17/12/2019;1,938081
ABSOLUTE VERTEX FIC MULTIMERCADO;18/12/2019;1,943417
ABSOLUTE VERTEX FIC MULTIMERCADO;19/12/2019;1,9467
ABSOLUTE VERTEX FIC MULTIMERCADO;20/12/2019;1,948402
ABSOLUTE VERTEX FIC MULTIMERCADO;23/12/2019;1,951265
ABSOLUTE VERTEX FIC MULTIMERCADO;24/12/2019;1,951768
ABSOLUTE VERTEX FIC MULTIMERCADO;26/12/2019;1,959237
ABSOLUTE VERTEX FIC MULTIMERCADO;27/12/2019;1,956562
ABSOLUTE VERTEX FIC MULTIMERCADO;30/12/2019;1,953362
ABSOLUTE VERTEX FIC MULTIMERCADO;31/12/2019;1,953712
ABSOLUTE VERTEX FIC MULTIMERCADO;02/01/2020;1,963501
ABSOLUTE VERTEX FIC MULTIMERCADO;03/01/2020;1,961006
ABSOLUTE VERTEX FIC MULTIMERCADO;06/01/2020;1,956441
ABSOLUTE VERTEX FIC MULTIMERCADO;07/01/2020;1,956846
ABSOLUTE VERTEX FIC MULTIMERCADO;08/01/2020;1,955576
ABSOLUTE VERTEX FIC MULTIMERCADO;09/01/2020;1,958564
ABSOLUTE VERTEX FIC MULTIMERCADO;10/01/2020;1,957632
ABSOLUTE VERTEX FIC MULTIMERCADO;13/01/2020;1,96526
ABSOLUTE VERTEX FIC MULTIMERCADO;14/01/2020;1,966756
ABSOLUTE VERTEX FIC MULTIMERCADO;15/01/2020;1,968935
ABSOLUTE VERTEX FIC MULTIMERCADO;16/01/2020;1,970284
ABSOLUTE VERTEX FIC MULTIMERCADO;17/01/2020;1,971996
ABSOLUTE VERTEX FIC MULTIMERCADO;20/01/2020;1,973744
ABSOLUTE VERTEX FIC MULTIMERCADO;21/01/2020;1,973513
ABSOLUTE VERTEX FIC MULTIMERCADO;22/01/2020;1,974355
ABSOLUTE VERTEX FIC MULTIMERCADO;23/01/2020;1,975009
ABSOLUTE VERTEX FIC MULTIMERCADO;24/01/2020;1,974071
ABSOLUTE VERTEX FIC MULTIMERCADO;27/01/2020;1,97133
ABSOLUTE VERTEX FIC MULTIMERCADO;28/01/2020;1,975501
ABSOLUTE VERTEX FIC MULTIMERCADO;29/01/2020;1,975633
ABSOLUTE VERTEX FIC MULTIMERCADO;30/01/2020;1,977178
ABSOLUTE VERTEX FIC MULTIMERCADO;31/01/2020;1,972901
ABSOLUTE VERTEX FIC MULTIMERCADO;03/02/2020;1,975151
ABSOLUTE VERTEX FIC MULTIMERCADO;04/02/2020;1,977484
ABSOLUTE VERTEX FIC MULTIMERCADO;05/02/2020;1,980008
ABSOLUTE VERTEX FIC MULTIMERCADO;06/02/2020;1,980506
ABSOLUTE VERTEX FIC MULTIMERCADO;07/02/2020;1,982288
ABSOLUTE VERTEX FIC MULTIMERCADO;10/02/2020;1,982329
ABSOLUTE VERTEX FIC MULTIMERCADO;11/02/2020;1,981824
ABSOLUTE VERTEX FIC MULTIMERCADO;12/02/2020;1,983491
ABSOLUTE VERTEX FIC MULTIMERCADO;13/02/2020;1,982461
ABSOLUTE VERTEX FIC MULTIMERCADO;14/02/2020;1,986723
ABSOLUTE VERTEX FIC MULTIMERCADO;17/02/2020;1,986646
ABSOLUTE VERTEX FIC MULTIMERCADO;18/02/2020;1,986311
ABSOLUTE VERTEX FIC MULTIMERCADO;19/02/2020;1,987258
ABSOLUTE VERTEX FIC MULTIMERCADO;20/02/2020;1,984747
ABSOLUTE VERTEX FIC MULTIMERCADO;21/02/2020;1,981986
ABSOLUTE VERTEX FIC MULTIMERCADO;26/02/2020;1,956325
ABSOLUTE VERTEX FIC MULTIMERCADO;27/02/2020;1,941636
ABSOLUTE VERTEX FIC MULTIMERCADO;28/02/2020;1,946513
ABSOLUTE VERTEX FIC MULTIMERCADO;02/03/2020;1,961725
ABSOLUTE VERTEX FIC MULTIMERCADO;03/03/2020;1,966194
ABSOLUTE VERTEX FIC MULTIMERCADO;04/03/2020;1,979738
ABSOLUTE VERTEX FIC MULTIMERCADO;05/03/2020;1,961439
ABSOLUTE VERTEX FIC MULTIMERCADO;06/03/2020;1,954043
ABSOLUTE VERTEX FIC MULTIMERCADO;09/03/2020;1,911683
ABSOLUTE VERTEX FIC MULTIMERCADO;10/03/2020;1,928025
ABSOLUTE VERTEX FIC MULTIMERCADO;11/03/2020;1,902316
ABSOLUTE VERTEX FIC MULTIMERCADO;12/03/2020;1,882838
ABSOLUTE VERTEX FIC MULTIMERCADO;13/03/2020;1,906029
ABSOLUTE VERTEX FIC MULTIMERCADO;16/03/2020;1,907311
ABSOLUTE VERTEX FIC MULTIMERCADO;17/03/2020;1,913024
ABSOLUTE VERTEX FIC MULTIMERCADO;18/03/2020;1,901343
ABSOLUTE VERTEX FIC MULTIMERCADO;19/03/2020;1,905393
ABSOLUTE VERTEX FIC MULTIMERCADO;20/03/2020;1,907601
ABSOLUTE VERTEX FIC MULTIMERCADO;23/03/2020;1,916177
ABSOLUTE VERTEX FIC MULTIMERCADO;24/03/2020;1,915667
ABSOLUTE VERTEX FIC MULTIMERCADO;25/03/2020;1,914399
ABSOLUTE VERTEX FIC MULTIMERCADO;26/03/2020;1,916326
ABSOLUTE VERTEX FIC MULTIMERCADO;27/03/2020;1,913807
ABSOLUTE VERTEX FIC MULTIMERCADO;30/03/2020;1,918304
ABSOLUTE VERTEX FIC MULTIMERCADO;31/03/2020;1,917853
ABSOLUTE VERTEX FIC MULTIMERCADO;01/04/2020;1,911412
ABSOLUTE VERTEX FIC MULTIMERCADO;02/04/2020;1,913887
ABSOLUTE VERTEX FIC MULTIMERCADO;03/04/2020;1,913595
ABSOLUTE VERTEX FIC MULTIMERCADO;06/04/2020;1,920508
ABSOLUTE VERTEX FIC MULTIMERCADO;07/04/2020;1,922554
ABSOLUTE VERTEX FIC MULTIMERCADO;08/04/2020;1,926192
ABSOLUTE VERTEX FIC MULTIMERCADO;09/04/2020;1,928787
ABSOLUTE VERTEX FIC MULTIMERCADO;13/04/2020;1,929252
ABSOLUTE VERTEX FIC MULTIMERCADO;14/04/2020;1,933933
ABSOLUTE VERTEX FIC MULTIMERCADO;15/04/2020;1,932319
ABSOLUTE VERTEX FIC MULTIMERCADO;16/04/2020;1,932801
ABSOLUTE VERTEX FIC MULTIMERCADO;17/04/2020;1,937471
ABSOLUTE VERTEX FIC MULTIMERCADO;20/04/2020;1,9419
ABSOLUTE VERTEX FIC MULTIMERCADO;22/04/2020;1,949629
ABSOLUTE VERTEX FIC MULTIMERCADO;23/04/2020;1,948608
ABSOLUTE VERTEX FIC MULTIMERCADO;24/04/2020;1,943014
ABSOLUTE VERTEX FIC MULTIMERCADO;27/04/2020;1,942033
ABSOLUTE VERTEX FIC MULTIMERCADO;28/04/2020;1,948398
ABSOLUTE VERTEX FIC MULTIMERCADO;29/04/2020;1,950169
ABSOLUTE VERTEX FIC MULTIMERCADO;30/04/2020;1,950832
ABSOLUTE VERTEX FIC MULTIMERCADO;04/05/2020;1,949187
ABSOLUTE VERTEX FIC MULTIMERCADO;05/05/2020;1,951693
ABSOLUTE VERTEX FIC MULTIMERCADO;06/05/2020;1,953477
ABSOLUTE VERTEX FIC MULTIMERCADO;07/05/2020;1,971746
ABSOLUTE VERTEX FIC MULTIMERCADO;08/05/2020;1,970268
ABSOLUTE VERTEX FIC MULTIMERCADO;11/05/2020;1,973528
ABSOLUTE VERTEX FIC MULTIMERCADO;12/05/2020;1,970361
ABSOLUTE VERTEX FIC MULTIMERCADO;13/05/2020;1,972392
ABSOLUTE VERTEX FIC MULTIMERCADO;14/05/2020;1,974745
ABSOLUTE VERTEX FIC MULTIMERCADO;15/05/2020;1,970379
ABSOLUTE VERTEX FIC MULTIMERCADO;18/05/2020;1,962951
ABSOLUTE VERTEX FIC MULTIMERCADO;19/05/2020;1,961358
ABSOLUTE VERTEX FIC MULTIMERCADO;20/05/2020;1,96121
ABSOLUTE VERTEX FIC MULTIMERCADO;21/05/2020;1,952028
ABSOLUTE VERTEX FIC MULTIMERCADO;22/05/2020;1,954642
ABSOLUTE VERTEX FIC MULTIMERCADO;25/05/2020;1,952567
ABSOLUTE VERTEX FIC MULTIMERCADO;26/05/2020;1,9487
ABSOLUTE VERTEX FIC MULTIMERCADO;27/05/2020;1,950273
ABSOLUTE VERTEX FIC MULTIMERCADO;28/05/2020;1,952132
ABSOLUTE VERTEX FIC MULTIMERCADO;29/05/2020;1,953342
ABSOLUTE VERTEX FIC MULTIMERCADO;01/06/2020;1,95649
ABSOLUTE VERTEX FIC MULTIMERCADO;02/06/2020;1,955427
ABSOLUTE VERTEX FIC MULTIMERCADO;03/06/2020;1,958859
ABSOLUTE VERTEX FIC MULTIMERCADO;04/06/2020;1,960197
ABSOLUTE VERTEX FIC MULTIMERCADO;05/06/2020;1,963502
ABSOLUTE VERTEX FIC MULTIMERCADO;08/06/2020;1,969325
ABSOLUTE VERTEX FIC MULTIMERCADO;09/06/2020;1,968958
ABSOLUTE VERTEX FIC MULTIMERCADO;10/06/2020;1,965312
ABSOLUTE VERTEX FIC MULTIMERCADO;12/06/2020;1,956484
ABSOLUTE VERTEX FIC MULTIMERCADO;15/06/2020;1,956413
ABSOLUTE VERTEX FIC MULTIMERCADO;16/06/2020;1,960687
ABSOLUTE VERTEX FIC MULTIMERCADO;17/06/2020;1,964726
ABSOLUTE VERTEX FIC MULTIMERCADO;18/06/2020;1,969573
ABSOLUTE VERTEX FIC MULTIMERCADO;19/06/2020;1,969393
ABSOLUTE VERTEX FIC MULTIMERCADO;22/06/2020;1,970434
ABSOLUTE VERTEX FIC MULTIMERCADO;23/06/2020;1,969508
ABSOLUTE VERTEX FIC MULTIMERCADO;24/06/2020;1,963374
ABSOLUTE VERTEX FIC MULTIMERCADO;25/06/2020;1,965907
ABSOLUTE VERTEX FIC MULTIMERCADO;26/06/2020;1,957141
ABSOLUTE VERTEX FIC MULTIMERCADO;29/06/2020;1,959124
ABSOLUTE VERTEX FIC MULTIMERCADO;30/06/2020;1,958696
ABSOLUTE VERTEX FIC MULTIMERCADO;01/07/2020;1,96419
ABSOLUTE VERTEX FIC MULTIMERCADO;02/07/2020;1,965411
ABSOLUTE VERTEX FIC MULTIMERCADO;03/07/2020;1,967658
ABSOLUTE VERTEX FIC MULTIMERCADO;06/07/2020;1,975659
ABSOLUTE VERTEX FIC MULTIMERCADO;07/07/2020;1,973996
ABSOLUTE VERTEX FIC MULTIMERCADO;08/07/2020;1,978016
ABSOLUTE VERTEX FIC MULTIMERCADO;09/07/2020;1,979428
ABSOLUTE VERTEX FIC MULTIMERCADO;10/07/2020;1,98163
ABSOLUTE VERTEX FIC MULTIMERCADO;13/07/2020;1,97671
ABSOLUTE VERTEX FIC MULTIMERCADO;14/07/2020;1,979078
ABSOLUTE VERTEX FIC MULTIMERCADO;15/07/2020;1,985016
ABSOLUTE VERTEX FIC MULTIMERCADO;16/07/2020;1,97891
ABSOLUTE VERTEX FIC MULTIMERCADO;17/07/2020;1,990864
ABSOLUTE VERTEX FIC MULTIMERCADO;20/07/2020;1,996555
ABSOLUTE VERTEX FIC MULTIMERCADO;21/07/2020;1,99597
ABSOLUTE VERTEX FIC MULTIMERCADO;22/07/2020;1,99483
ABSOLUTE VERTEX FIC MULTIMERCADO;23/07/2020;1,991769
ABSOLUTE VERTEX FIC MULTIMERCADO;24/07/2020;1,991281
ABSOLUTE VERTEX FIC MULTIMERCADO;27/07/2020;1,995823
ABSOLUTE VERTEX FIC MULTIMERCADO;28/07/2020;1,994718
ABSOLUTE VERTEX FIC MULTIMERCADO;29/07/2020;1,998734
ABSOLUTE VERTEX FIC MULTIMERCADO;30/07/2020;1,999918
ABSOLUTE VERTEX FIC MULTIMERCADO;31/07/2020;1,996614
ABSOLUTE VERTEX FIC MULTIMERCADO;03/08/2020;1,996145
ABSOLUTE VERTEX FIC MULTIMERCADO;04/08/2020;1,995386
ABSOLUTE VERTEX FIC MULTIMERCADO;05/08/2020;1,997965
ABSOLUTE VERTEX FIC MULTIMERCADO;06/08/2020;2,001594
ABSOLUTE VERTEX FIC MULTIMERCADO;07/08/2020;1,994995
ABSOLUTE VERTEX FIC MULTIMERCADO;10/08/2020;1,993164
ABSOLUTE VERTEX FIC MULTIMERCADO;11/08/2020;1,989397
ABSOLUTE VERTEX FIC MULTIMERCADO;12/08/2020;1,989089
ABSOLUTE VERTEX FIC MULTIMERCADO;13/08/2020;1,987572
ABSOLUTE VERTEX FIC MULTIMERCADO;14/08/2020;1,99148
ABSOLUTE VERTEX FIC MULTIMERCADO;17/08/2020;1,991897
ABSOLUTE VERTEX FIC MULTIMERCADO;18/08/2020;1,995573
ABSOLUTE VERTEX FIC MULTIMERCADO;19/08/2020;1,99051
ABSOLUTE VERTEX FIC MULTIMERCADO;20/08/2020;1,990262
ABSOLUTE VERTEX FIC MULTIMERCADO;21/08/2020;1,991387
ABSOLUTE VERTEX FIC MULTIMERCADO;24/08/2020;1,992642
ABSOLUTE VERTEX FIC MULTIMERCADO;25/08/2020;1,995509
ABSOLUTE VERTEX FIC MULTIMERCADO;26/08/2020;1,995619
ABSOLUTE VERTEX FIC MULTIMERCADO;27/08/2020;1,992671
ABSOLUTE VERTEX FIC MULTIMERCADO;28/08/2020;1,999174
ABSOLUTE VERTEX FIC MULTIMERCADO;31/08/2020;1,995861
ABSOLUTE VERTEX FIC MULTIMERCADO;01/09/2020;1,997763
ABSOLUTE VERTEX FIC MULTIMERCADO;02/09/2020;1,998345
ABSOLUTE VERTEX FIC MULTIMERCADO;03/09/2020;1,992466
ABSOLUTE VERTEX FIC MULTIMERCADO;04/09/2020;1,990935
ABSOLUTE VERTEX FIC MULTIMERCADO;08/09/2020;1,984589
ABSOLUTE VERTEX FIC MULTIMERCADO;09/09/2020;1,989933
ABSOLUTE VERTEX FIC MULTIMERCADO;10/09/2020;1,984807
ABSOLUTE VERTEX FIC MULTIMERCADO;11/09/2020;1,985245
ABSOLUTE VERTEX FIC MULTIMERCADO;14/09/2020;1,988799
ABSOLUTE VERTEX FIC MULTIMERCADO;15/09/2020;1,990633
ABSOLUTE VERTEX FIC MULTIMERCADO;16/09/2020;1,984731
ABSOLUTE VERTEX FIC MULTIMERCADO;17/09/2020;1,982015
ABSOLUTE VERTEX FIC MULTIMERCADO;18/09/2020;1,975293
ABSOLUTE VERTEX FIC MULTIMERCADO;21/09/2020;1,964368
ABSOLUTE VERTEX FIC MULTIMERCADO;22/09/2020;1,966217
ABSOLUTE VERTEX FIC MULTIMERCADO;23/09/2020;1,958367
ABSOLUTE VERTEX FIC MULTIMERCADO;24/09/2020;1,957488
ABSOLUTE VERTEX FIC MULTIMERCADO;25/09/2020;1,959072
ABSOLUTE VERTEX FIC MULTIMERCADO;28/09/2020;1,963516
ABSOLUTE VERTEX FIC MULTIMERCADO;29/09/2020;1,963854
ABSOLUTE VERTEX FIC MULTIMERCADO;30/09/2020;1,964411
ABSOLUTE VERTEX FIC MULTIMERCADO;01/10/2020;1,967969
ABSOLUTE VERTEX FIC MULTIMERCADO;02/10/2020;1,960792
ABSOLUTE VERTEX FIC MULTIMERCADO;05/10/2020;1,965895
ABSOLUTE VERTEX FIC MULTIMERCADO;06/10/2020;1,959924
ABSOLUTE VERTEX FIC MULTIMERCADO;07/10/2020;1,96569
ABSOLUTE VERTEX FIC MULTIMERCADO;08/10/2020;1,969053
ABSOLUTE VERTEX FIC MULTIMERCADO;09/10/2020;1,977899
ABSOLUTE VERTEX FIC MULTIMERCADO;13/10/2020;1,979518
ABSOLUTE VERTEX FIC MULTIMERCADO;14/10/2020;1,979054
ABSOLUTE VERTEX FIC MULTIMERCADO;15/10/2020;1,97746
ABSOLUTE VERTEX FIC MULTIMERCADO;16/10/2020;1,98083
ABSOLUTE VERTEX FIC MULTIMERCADO;19/10/2020;1,976843
ABSOLUTE VERTEX FIC MULTIMERCADO;20/10/2020;1,977616
ABSOLUTE VERTEX FIC MULTIMERCADO;21/10/2020;1,985212
ABSOLUTE VERTEX FIC MULTIMERCADO;22/10/2020;1,984138
ABSOLUTE VERTEX FIC MULTIMERCADO;23/10/2020;1,9889
ABSOLUTE VERTEX FIC MULTIMERCADO;26/10/2020;1,983932
ABSOLUTE VERTEX FIC MULTIMERCADO;27/10/2020;1,986081
ABSOLUTE VERTEX FIC MULTIMERCADO;28/10/2020;1,973091
ABSOLUTE VERTEX FIC MULTIMERCADO;29/10/2020;1,976533
ABSOLUTE VERTEX FIC MULTIMERCADO;30/10/2020;1,969708
ABSOLUTE VERTEX FIC MULTIMERCADO;03/11/2020;1,976703
ABSOLUTE VERTEX FIC MULTIMERCADO;04/11/2020;1,984479
ABSOLUTE VERTEX FIC MULTIMERCADO;05/11/2020;1,996028
ABSOLUTE VERTEX FIC MULTIMERCADO;06/11/2020;1,990766
ABSOLUTE VERTEX FIC MULTIMERCADO;09/11/2020;1,993055
ABSOLUTE VERTEX FIC MULTIMERCADO;10/11/2020;1,987833
ABSOLUTE VERTEX FIC MULTIMERCADO;11/11/2020;1,98991
ABSOLUTE VERTEX FIC MULTIMERCADO;12/11/2020;1,982759
ABSOLUTE VERTEX FIC MULTIMERCADO;13/11/2020;1,985918
ABSOLUTE VERTEX FIC MULTIMERCADO;16/11/2020;1,988317
ABSOLUTE VERTEX FIC MULTIMERCADO;17/11/2020;1,9855
ABSOLUTE VERTEX FIC MULTIMERCADO;18/11/2020;1,982675
ABSOLUTE VERTEX FIC MULTIMERCADO;19/11/2020;1,985244
ABSOLUTE VERTEX FIC MULTIMERCADO;20/11/2020;1,985074
ABSOLUTE VERTEX FIC MULTIMERCADO;23/11/2020;1,987655
ABSOLUTE VERTEX FIC MULTIMERCADO;24/11/2020;1,998472
ABSOLUTE VERTEX FIC MULTIMERCADO;25/11/2020;1,999041
ABSOLUTE VERTEX FIC MULTIMERCADO;26/11/2020;1,999525
ABSOLUTE VERTEX FIC MULTIMERCADO;27/11/2020;2,004229
ABSOLUTE VERTEX FIC MULTIMERCADO;30/11/2020;1,999205
ABSOLUTE VERTEX FIC MULTIMERCADO;01/12/2020;2,009111
ABSOLUTE VERTEX FIC MULTIMERCADO;02/12/2020;2,011563
ABSOLUTE VERTEX FIC MULTIMERCADO;03/12/2020;2,010382
ABSOLUTE VERTEX FIC MULTIMERCADO;04/12/2020;2,01411
ABSOLUTE VERTEX FIC MULTIMERCADO;07/12/2020;2,010901
ABSOLUTE VERTEX FIC MULTIMERCADO;08/12/2020;2,012636
ABSOLUTE VERTEX FIC MULTIMERCADO;09/12/2020;2,011703
ABSOLUTE VERTEX FIC MULTIMERCADO;10/12/2020;2,010788
ABSOLUTE VERTEX FIC MULTIMERCADO;11/12/2020;2,008267
ABSOLUTE VERTEX FIC MULTIMERCADO;14/12/2020;2,00894
ABSOLUTE VERTEX FIC MULTIMERCADO;15/12/2020;2,016221
ABSOLUTE VERTEX FIC MULTIMERCADO;16/12/2020;2,019607
ABSOLUTE VERTEX FIC MULTIMERCADO;17/12/2020;2,024368
ABSOLUTE VERTEX FIC MULTIMERCADO;18/12/2020;2,024743
ABSOLUTE VERTEX FIC MULTIMERCADO;21/12/2020;2,017245
ABSOLUTE VERTEX FIC MULTIMERCADO;22/12/2020;2,014174
ABSOLUTE VERTEX FIC MULTIMERCADO;23/12/2020;2,018925
ABSOLUTE VERTEX FIC MULTIMERCADO;24/12/2020;2,020056
ABSOLUTE VERTEX FIC MULTIMERCADO;28/12/2020;2,02474
ABSOLUTE VERTEX FIC MULTIMERCADO;29/12/2020;2,024903
ABSOLUTE VERTEX FIC MULTIMERCADO;30/12/2020;2,029504
ABSOLUTE VERTEX FIC MULTIMERCADO;31/12/2020;2,028247
ABSOLUTE VERTEX FIC MULTIMERCADO;04/01/2021;2,023947
ABSOLUTE VERTEX FIC MULTIMERCADO;05/01/2021;2,030725
ABSOLUTE VERTEX FIC MULTIMERCADO;06/01/2021;2,035831
ABSOLUTE VERTEX FIC MULTIMERCADO;07/01/2021;2,040057
ABSOLUTE VERTEX FIC MULTIMERCADO;08/01/2021;2,049979
ABSOLUTE VERTEX FIC MULTIMERCADO;11/01/2021;2,045095
ABSOLUTE VERTEX FIC MULTIMERCADO;12/01/2021;2,046524
ABSOLUTE VERTEX FIC MULTIMERCADO;13/01/2021;2,046245
ABSOLUTE VERTEX FIC MULTIMERCADO;14/01/2021;2,048708
ABSOLUTE VERTEX FIC MULTIMERCADO;15/01/2021;2,042151
ABSOLUTE VERTEX FIC MULTIMERCADO;18/01/2021;2,040816
ABSOLUTE VERTEX FIC MULTIMERCADO;19/01/2021;2,045746
ABSOLUTE VERTEX FIC MULTIMERCADO;20/01/2021;2,051713
ABSOLUTE VERTEX FIC MULTIMERCADO;21/01/2021;2,050213
ABSOLUTE VERTEX FIC MULTIMERCADO;22/01/2021;2,045773
ABSOLUTE VERTEX FIC MULTIMERCADO;25/01/2021;2,045665
ABSOLUTE VERTEX FIC MULTIMERCADO;26/01/2021;2,041567
ABSOLUTE VERTEX FIC MULTIMERCADO;27/01/2021;2,023972
ABSOLUTE VERTEX FIC MULTIMERCADO;28/01/2021;2,03322
ABSOLUTE VERTEX FIC MULTIMERCADO;29/01/2021;2,020171
ABSOLUTE VERTEX FIC MULTIMERCADO;01/02/2021;2,033186
ABSOLUTE VERTEX FIC MULTIMERCADO;02/02/2021;2,040658
ABSOLUTE VERTEX FIC MULTIMERCADO;03/02/2021;2,043271
ABSOLUTE VERTEX FIC MULTIMERCADO;04/02/2021;2,048522
ABSOLUTE VERTEX FIC MULTIMERCADO;05/02/2021;2,05365
ABSOLUTE VERTEX FIC MULTIMERCADO;08/02/2021;2,05708
ABSOLUTE VERTEX FIC MULTIMERCADO;09/02/2021;2,057907
ABSOLUTE VERTEX FIC MULTIMERCADO;10/02/2021;2,058681
ABSOLUTE VERTEX FIC MULTIMERCADO;11/02/2021;2,067662
ABSOLUTE VERTEX FIC MULTIMERCADO;12/02/2021;2,071933
ABSOLUTE VERTEX FIC MULTIMERCADO;17/02/2021;2,072291
ABSOLUTE VERTEX FIC MULTIMERCADO;18/02/2021;2,068068
ABSOLUTE VERTEX FIC MULTIMERCADO;19/02/2021;2,063786
ABSOLUTE VERTEX FIC MULTIMERCADO;22/02/2021;2,049677
ABSOLUTE VERTEX FIC MULTIMERCADO;23/02/2021;2,053788
ABSOLUTE VERTEX FIC MULTIMERCADO;24/02/2021;2,058866
ABSOLUTE VERTEX FIC MULTIMERCADO;25/02/2021;2,027931
ABSOLUTE VERTEX FIC MULTIMERCADO;26/02/2021;2,009297
ABSOLUTE VERTEX FIC MULTIMERCADO;01/03/2021;2,024997
ABSOLUTE VERTEX FIC MULTIMERCADO;02/03/2021;2,018525
ABSOLUTE VERTEX FIC MULTIMERCADO;03/03/2021;2,009419
ABSOLUTE VERTEX FIC MULTIMERCADO;04/03/2021;2,002452
ABSOLUTE VERTEX FIC MULTIMERCADO;05/03/2021;2,013282
ABSOLUTE VERTEX FIC MULTIMERCADO;08/03/2021;2,010293
ABSOLUTE VERTEX FIC MULTIMERCADO;09/03/2021;2,01593
ABSOLUTE VERTEX FIC MULTIMERCADO;10/03/2021;2,021025
ABSOLUTE VERTEX FIC MULTIMERCADO;11/03/2021;2,031113
ABSOLUTE VERTEX FIC MULTIMERCADO;12/03/2021;2,030784
ABSOLUTE VERTEX FIC MULTIMERCADO;15/03/2021;2,033083
ABSOLUTE VERTEX FIC MULTIMERCADO;16/03/2021;2,032729
ABSOLUTE VERTEX FIC MULTIMERCADO;17/03/2021;2,038208
ABSOLUTE VERTEX FIC MULTIMERCADO;18/03/2021;2,01455
ABSOLUTE VERTEX FIC MULTIMERCADO;19/03/2021;2,01469
ABSOLUTE VERTEX FIC MULTIMERCADO;22/03/2021;2,022085
ABSOLUTE VERTEX FIC MULTIMERCADO;23/03/2021;2,018077
ABSOLUTE VERTEX FIC MULTIMERCADO;24/03/2021;2,016361
ABSOLUTE VERTEX FIC MULTIMERCADO;25/03/2021;2,019256
ABSOLUTE VERTEX FIC MULTIMERCADO;26/03/2021;2,033322
ABSOLUTE VERTEX FIC MULTIMERCADO;29/03/2021;2,033248
ABSOLUTE VERTEX FIC MULTIMERCADO;30/03/2021;2,030119
ABSOLUTE VERTEX FIC MULTIMERCADO;31/03/2021;2,03743
ABSOLUTE VERTEX FIC MULTIMERCADO;01/04/2021;2,048697
ABSOLUTE VERTEX FIC MULTIMERCADO;05/04/2021;2,058972
ABSOLUTE VERTEX FIC MULTIMERCADO;06/04/2021;2,056881
ABSOLUTE VERTEX FIC MULTIMERCADO;07/04/2021;2,057873
ABSOLUTE VERTEX FIC MULTIMERCADO;08/04/2021;2,059862
ABSOLUTE VERTEX FIC MULTIMERCADO;09/04/2021;2,064746
ABSOLUTE VERTEX FIC MULTIMERCADO;12/04/2021;2,066057
ABSOLUTE VERTEX FIC MULTIMERCADO;13/04/2021;2,067856
ABSOLUTE VERTEX FIC MULTIMERCADO;14/04/2021;2,063015
ABSOLUTE VERTEX FIC MULTIMERCADO;15/04/2021;2,06779
ABSOLUTE VERTEX FIC MULTIMERCADO;16/04/2021;2,072546
ABSOLUTE VERTEX FIC MULTIMERCADO;19/04/2021;2,070655
ABSOLUTE VERTEX FIC MULTIMERCADO;20/04/2021;2,068448
ABSOLUTE VERTEX FIC MULTIMERCADO;22/04/2021;2,066232
ABSOLUTE VERTEX FIC MULTIMERCADO;23/04/2021;2,072384
ABSOLUTE VERTEX FIC MULTIMERCADO;26/04/2021;2,072945
ABSOLUTE VERTEX FIC MULTIMERCADO;27/04/2021;2,070571
ABSOLUTE VERTEX FIC MULTIMERCADO;28/04/2021;2,070798
ABSOLUTE VERTEX FIC MULTIMERCADO;29/04/2021;2,074545
ABSOLUTE VERTEX FIC MULTIMERCADO;30/04/2021;2,071283
ABSOLUTE VERTEX FIC MULTIMERCADO;03/05/2021;2,071408
ABSOLUTE VERTEX FIC MULTIMERCADO;04/05/2021;2,066449
ABSOLUTE VERTEX FIC MULTIMERCADO;05/05/2021;2,066337
ABSOLUTE VERTEX FIC MULTIMERCADO;06/05/2021;2,068896
ABSOLUTE VERTEX FIC MULTIMERCADO;07/05/2021;2,073275
ABSOLUTE VERTEX FIC MULTIMERCADO;10/05/2021;2,068385
ABSOLUTE VERTEX FIC MULTIMERCADO;11/05/2021;2,065708
ABSOLUTE VERTEX FIC MULTIMERCADO;12/05/2021;2,059403
ABSOLUTE VERTEX FIC MULTIMERCADO;13/05/2021;2,063437
ABSOLUTE VERTEX FIC MULTIMERCADO;14/05/2021;2,069005
ABSOLUTE VERTEX FIC MULTIMERCADO;17/05/2021;2,068545
ABSOLUTE VERTEX FIC MULTIMERCADO;18/05/2021;2,065764
ABSOLUTE VERTEX FIC MULTIMERCADO;19/05/2021;2,065438
ABSOLUTE VERTEX FIC MULTIMERCADO;20/05/2021;2,069261
ABSOLUTE VERTEX FIC MULTIMERCADO;21/05/2021;2,069355
ABSOLUTE VERTEX FIC MULTIMERCADO;24/05/2021;2,076175
ABSOLUTE VERTEX FIC MULTIMERCADO;25/05/2021;2,073034
ABSOLUTE VERTEX FIC MULTIMERCADO;26/05/2021;2,072352
ABSOLUTE VERTEX FIC MULTIMERCADO;27/05/2021;2,073053
ABSOLUTE VERTEX FIC MULTIMERCADO;28/05/2021;2,076399
ABSOLUTE VERTEX FIC MULTIMERCADO;31/05/2021;2,078848
ABSOLUTE VERTEX FIC MULTIMERCADO;01/06/2021;2,081382
ABSOLUTE VERTEX FIC MULTIMERCADO;02/06/2021;2,080426
ABSOLUTE VERTEX FIC MULTIMERCADO;04/06/2021;2,082999
ABSOLUTE VERTEX FIC MULTIMERCADO;07/06/2021;2,083345
ABSOLUTE VERTEX FIC MULTIMERCADO;08/06/2021;2,08281
ABSOLUTE VERTEX FIC MULTIMERCADO;09/06/2021;2,082426
ABSOLUTE VERTEX FIC MULTIMERCADO;10/06/2021;2,086308
ABSOLUTE VERTEX FIC MULTIMERCADO;11/06/2021;2,085474
ABSOLUTE VERTEX FIC MULTIMERCADO;14/06/2021;2,089094
ABSOLUTE VERTEX FIC MULTIMERCADO;15/06/2021;2,089424
ABSOLUTE VERTEX FIC MULTIMERCADO;16/06/2021;2,087922
ABSOLUTE VERTEX FIC MULTIMERCADO;17/06/2021;2,086362
ABSOLUTE VERTEX FIC MULTIMERCADO;18/06/2021;2,082924
ABSOLUTE VERTEX FIC MULTIMERCADO;21/06/2021;2,08755
ABSOLUTE VERTEX FIC MULTIMERCADO;22/06/2021;2,090073
ABSOLUTE VERTEX FIC MULTIMERCADO;23/06/2021;2,090976
ABSOLUTE VERTEX FIC MULTIMERCADO;24/06/2021;2,095272
ABSOLUTE VERTEX FIC MULTIMERCADO;25/06/2021;2,096138
ABSOLUTE VERTEX FIC MULTIMERCADO;28/06/2021;2,098046
ABSOLUTE VERTEX FIC MULTIMERCADO;29/06/2021;2,097679
ABSOLUTE VERTEX FIC MULTIMERCADO;30/06/2021;2,097149
ABSOLUTE VERTEX FIC MULTIMERCADO;01/07/2021;2,097767
ABSOLUTE VERTEX FIC MULTIMERCADO;02/07/2021;2,101126
ABSOLUTE VERTEX FIC MULTIMERCADO;05/07/2021;2,100609
ABSOLUTE VERTEX FIC MULTIMERCADO;06/07/2021;2,094334
ABSOLUTE VERTEX FIC MULTIMERCADO;07/07/2021;2,094448
ABSOLUTE VERTEX FIC MULTIMERCADO;08/07/2021;2,087393
ABSOLUTE VERTEX FIC MULTIMERCADO;09/07/2021;2,094243
ABSOLUTE VERTEX FIC MULTIMERCADO;12/07/2021;2,096971
ABSOLUTE VERTEX FIC MULTIMERCADO;13/07/2021;2,098129
ABSOLUTE VERTEX FIC MULTIMERCADO;14/07/2021;2,100519
ABSOLUTE VERTEX FIC MULTIMERCADO;15/07/2021;2,097798
ABSOLUTE VERTEX FIC MULTIMERCADO;16/07/2021;2,094757
ABSOLUTE VERTEX FIC MULTIMERCADO;19/07/2021;2,080058
ABSOLUTE VERTEX FIC MULTIMERCADO;20/07/2021;2,088465
ABSOLUTE VERTEX FIC MULTIMERCADO;21/07/2021;2,093122
ABSOLUTE VERTEX FIC MULTIMERCADO;22/07/2021;2,096726
ABSOLUTE VERTEX FIC MULTIMERCADO;23/07/2021;2,109399
ABSOLUTE VERTEX FIC MULTIMERCADO;26/07/2021;2,110637
ABSOLUTE VERTEX FIC MULTIMERCADO;27/07/2021;2,107489
ABSOLUTE VERTEX FIC MULTIMERCADO;28/07/2021;2,107991
ABSOLUTE VERTEX FIC MULTIMERCADO;29/07/2021;2,108632
ABSOLUTE VERTEX FIC MULTIMERCADO;30/07/2021;2,106455
ABSOLUTE VERTEX FIC MULTIMERCADO;02/08/2021;2,107614
ABSOLUTE VERTEX FIC MULTIMERCADO;03/08/2021;2,110661
ABSOLUTE VERTEX FIC MULTIMERCADO;04/08/2021;2,106455
ABSOLUTE VERTEX FIC MULTIMERCADO;05/08/2021;2,112756
ABSOLUTE VERTEX FIC MULTIMERCADO;06/08/2021;2,1135
ABSOLUTE VERTEX FIC MULTIMERCADO;09/08/2021;2,113441
ABSOLUTE VERTEX FIC MULTIMERCADO;10/08/2021;2,114139
ABSOLUTE VERTEX FIC MULTIMERCADO;11/08/2021;2,114388
ABSOLUTE VERTEX FIC MULTIMERCADO;12/08/2021;2,116103
ABSOLUTE VERTEX FIC MULTIMERCADO;13/08/2021;2,11711
ABSOLUTE VERTEX FIC MULTIMERCADO;16/08/2021;2,115667
ABSOLUTE VERTEX FIC MULTIMERCADO;17/08/2021;2,110762
ABSOLUTE VERTEX FIC MULTIMERCADO;18/08/2021;2,102105
ABSOLUTE VERTEX FIC MULTIMERCADO;19/08/2021;2,103497
ABSOLUTE VERTEX FIC MULTIMERCADO;20/08/2021;2,110783
ABSOLUTE VERTEX FIC MULTIMERCADO;23/08/2021;2,115492
ABSOLUTE VERTEX FIC MULTIMERCADO;24/08/2021;2,119351
ABSOLUTE VERTEX FIC MULTIMERCADO;25/08/2021;2,123557
ABSOLUTE VERTEX FIC MULTIMERCADO;26/08/2021;2,118141
ABSOLUTE VERTEX FIC MULTIMERCADO;27/08/2021;2,124601
ABSOLUTE VERTEX FIC MULTIMERCADO;30/08/2021;2,127154
ABSOLUTE VERTEX FIC MULTIMERCADO;31/08/2021;2,127728
ABSOLUTE VERTEX FIC MULTIMERCADO;01/09/2021;2,129007
ABSOLUTE VERTEX FIC MULTIMERCADO;02/09/2021;2,131321
ABSOLUTE VERTEX FIC MULTIMERCADO;03/09/2021;2,131155
ABSOLUTE VERTEX FIC MULTIMERCADO;06/09/2021;2,133702
ABSOLUTE VERTEX FIC MULTIMERCADO;08/09/2021;2,126532
ABSOLUTE VERTEX FIC MULTIMERCADO;09/09/2021;2,130373
ABSOLUTE VERTEX FIC MULTIMERCADO;10/09/2021;2,126376
ABSOLUTE VERTEX FIC MULTIMERCADO;13/09/2021;2,12853
ABSOLUTE VERTEX FIC MULTIMERCADO;14/09/2021;2,119369
ABSOLUTE VERTEX FIC MULTIMERCADO;15/09/2021;2,12417
ABSOLUTE VERTEX FIC MULTIMERCADO;16/09/2021;2,122577
ABSOLUTE VERTEX FIC MULTIMERCADO;17/09/2021;2,114804
ABSOLUTE VERTEX FIC MULTIMERCADO;20/09/2021;2,099532
ABSOLUTE VERTEX FIC MULTIMERCADO;21/09/2021;2,099881
ABSOLUTE VERTEX FIC MULTIMERCADO;22/09/2021;2,102815
ABSOLUTE VERTEX FIC MULTIMERCADO;23/09/2021;2,114446
ABSOLUTE VERTEX FIC MULTIMERCADO;24/09/2021;2,117515
ABSOLUTE VERTEX FIC MULTIMERCADO;27/09/2021;2,115286
ABSOLUTE VERTEX FIC MULTIMERCADO;28/09/2021;2,096845
ABSOLUTE VERTEX FIC MULTIMERCADO;29/09/2021;2,098377
ABSOLUTE VERTEX FIC MULTIMERCADO;30/09/2021;2,091384
ABSOLUTE VERTEX FIC MULTIMERCADO;01/10/2021;2,096861
ABSOLUTE VERTEX FIC MULTIMERCADO;04/10/2021;2,087916
ABSOLUTE VERTEX FIC MULTIMERCADO;05/10/2021;2,095496
ABSOLUTE VERTEX FIC MULTIMERCADO;06/10/2021;2,098234
ABSOLUTE VERTEX FIC MULTIMERCADO;07/10/2021;2,10633
ABSOLUTE VERTEX FIC MULTIMERCADO;08/10/2021;2,105096
ABSOLUTE VERTEX FIC MULTIMERCADO;11/10/2021;2,101091
ABSOLUTE VERTEX FIC MULTIMERCADO;13/10/2021;2,097951
ABSOLUTE VERTEX FIC MULTIMERCADO;14/10/2021;2,112367
ABSOLUTE VERTEX FIC MULTIMERCADO;15/10/2021;2,122883
ABSOLUTE VERTEX FIC MULTIMERCADO;18/10/2021;2,127993
ABSOLUTE VERTEX FIC MULTIMERCADO;19/10/2021;2,140549
ABSOLUTE VERTEX FIC MULTIMERCADO;20/10/2021;2,144613
ABSOLUTE VERTEX FIC MULTIMERCADO;21/10/2021;2,148609
ABSOLUTE VERTEX FIC MULTIMERCADO;22/10/2021;2,146393
ABSOLUTE VERTEX FIC MULTIMERCADO;25/10/2021;2,151843
ABSOLUTE VERTEX FIC MULTIMERCADO;26/10/2021;2,152869
ABSOLUTE VERTEX FIC MULTIMERCADO;27/10/2021;2,150186
ABSOLUTE VERTEX FIC MULTIMERCADO;28/10/2021;2,159173
ABSOLUTE VERTEX FIC MULTIMERCADO;29/10/2021;2,161638
ABSOLUTE VERTEX FIC MULTIMERCADO;01/11/2021;2,165311
ABSOLUTE VERTEX FIC MULTIMERCADO;03/11/2021;2,178403
ABSOLUTE VERTEX FIC MULTIMERCADO;04/11/2021;2,1833
ABSOLUTE VERTEX FIC MULTIMERCADO;05/11/2021;2,192055
ABSOLUTE VERTEX FIC MULTIMERCADO;08/11/2021;2,192434
ABSOLUTE VERTEX FIC MULTIMERCADO;09/11/2021;2,189379
ABSOLUTE VERTEX FIC MULTIMERCADO;10/11/2021;2,183526
ABSOLUTE VERTEX FIC MULTIMERCADO;11/11/2021;2,187071
ABSOLUTE VERTEX FIC MULTIMERCADO;12/11/2021;2,192035
ABSOLUTE VERTEX FIC MULTIMERCADO;16/11/2021;2,194374
ABSOLUTE VERTEX FIC MULTIMERCADO;17/11/2021;2,191419
ABSOLUTE VERTEX FIC MULTIMERCADO;18/11/2021;2,19627
ABSOLUTE VERTEX FIC MULTIMERCADO;19/11/2021;2,196265
ABSOLUTE VERTEX FIC MULTIMERCADO;22/11/2021;2,191806
ABSOLUTE VERTEX FIC MULTIMERCADO;23/11/2021;2,195314
ABSOLUTE VERTEX FIC MULTIMERCADO;24/11/2021;2,197693
ABSOLUTE VERTEX FIC MULTIMERCADO;25/11/2021;2,201362
ABSOLUTE VERTEX FIC MULTIMERCADO;26/11/2021;2,183795
ABSOLUTE VERTEX FIC MULTIMERCADO;29/11/2021;2,190716
ABSOLUTE VERTEX FIC MULTIMERCADO;30/11/2021;2,177095
ABSOLUTE VERTEX FIC MULTIMERCADO;01/12/2021;2,168488
ABSOLUTE VERTEX FIC MULTIMERCADO;02/12/2021;2,177363
ABSOLUTE VERTEX FIC MULTIMERCADO;03/12/2021;2,174386
ABSOLUTE VERTEX FIC MULTIMERCADO;06/12/2021;2,180233
ABSOLUTE VERTEX FIC MULTIMERCADO;07/12/2021;2,194662
ABSOLUTE VERTEX FIC MULTIMERCADO;08/12/2021;2,197886
ABSOLUTE VERTEX FIC MULTIMERCADO;09/12/2021;2,191037
ABSOLUTE VERTEX FIC MULTIMERCADO;10/12/2021;2,199706
ABSOLUTE VERTEX FIC MULTIMERCADO;13/12/2021;2,192766
ABSOLUTE VERTEX FIC MULTIMERCADO;14/12/2021;2,185991
ABSOLUTE VERTEX FIC MULTIMERCADO;15/12/2021;2,196092
ABSOLUTE VERTEX FIC MULTIMERCADO;16/12/2021;2,187966
ABSOLUTE VERTEX FIC MULTIMERCADO;17/12/2021;2,184448
ABSOLUTE VERTEX FIC MULTIMERCADO;20/12/2021;2,1771
ABSOLUTE VERTEX FIC MULTIMERCADO;21/12/2021;2,183584
ABSOLUTE VERTEX FIC MULTIMERCADO;22/12/2021;2,188816
ABSOLUTE VERTEX FIC MULTIMERCADO;23/12/2021;2,19085
ABSOLUTE VERTEX FIC MULTIMERCADO;24/12/2021;2,190884
ABSOLUTE VERTEX FIC MULTIMERCADO;27/12/2021;2,20042
ABSOLUTE VERTEX FIC MULTIMERCADO;28/12/2021;2,200795
ABSOLUTE VERTEX FIC MULTIMERCADO;29/12/2021;2,200569
ABSOLUTE VERTEX FIC MULTIMERCADO;30/12/2021;2,200021
ABSOLUTE VERTEX FIC MULTIMERCADO;31/12/2021;2,198663
ABSOLUTE VERTEX FIC MULTIMERCADO;03/01/2022;2,202968
ABSOLUTE VERTEX FIC MULTIMERCADO;04/01/2022;2,201518
ABSOLUTE VERTEX FIC MULTIMERCADO;05/01/2022;2,18582
ABSOLUTE VERTEX FIC MULTIMERCADO;06/01/2022;2,187018
ABSOLUTE VERTEX FIC MULTIMERCADO;07/01/2022;2,184077
ABSOLUTE VERTEX FIC MULTIMERCADO;10/01/2022;2,181184
ABSOLUTE VERTEX FIC MULTIMERCADO;11/01/2022;2,18424
ABSOLUTE VERTEX FIC MULTIMERCADO;12/01/2022;2,188923
ABSOLUTE VERTEX FIC MULTIMERCADO;13/01/2022;2,185571
ABSOLUTE VERTEX FIC MULTIMERCADO;14/01/2022;2,187517
ABSOLUTE VERTEX FIC MULTIMERCADO;17/01/2022;2,188865
ABSOLUTE VERTEX FIC MULTIMERCADO;18/01/2022;2,185088
ABSOLUTE VERTEX FIC MULTIMERCADO;19/01/2022;2,190645
ABSOLUTE VERTEX FIC MULTIMERCADO;20/01/2022;2,197426
ABSOLUTE VERTEX FIC MULTIMERCADO;21/01/2022;2,195368
ABSOLUTE VERTEX FIC MULTIMERCADO;24/01/2022;2,192509
ABSOLUTE VERTEX FIC MULTIMERCADO;25/01/2022;2,196209
ABSOLUTE VERTEX FIC MULTIMERCADO;26/01/2022;2,199126
ABSOLUTE VERTEX FIC MULTIMERCADO;27/01/2022;2,205274
ABSOLUTE VERTEX FIC MULTIMERCADO;28/01/2022;2,205282
ABSOLUTE VERTEX FIC MULTIMERCADO;31/01/2022;2,209498
ABSOLUTE VERTEX FIC MULTIMERCADO;01/02/2022;2,212602
ABSOLUTE VERTEX FIC MULTIMERCADO;02/02/2022;2,214185
ABSOLUTE VERTEX FIC MULTIMERCADO;03/02/2022;2,210454
ABSOLUTE VERTEX FIC MULTIMERCADO;04/02/2022;2,219345
ABSOLUTE VERTEX FIC MULTIMERCADO;07/02/2022;2,216296
ABSOLUTE VERTEX FIC MULTIMERCADO;08/02/2022;2,220014
ABSOLUTE VERTEX FIC MULTIMERCADO;09/02/2022;2,222544
ABSOLUTE VERTEX FIC MULTIMERCADO;10/02/2022;2,233653
ABSOLUTE VERTEX FIC MULTIMERCADO;11/02/2022;2,233191
ABSOLUTE VERTEX FIC MULTIMERCADO;14/02/2022;2,237759
ABSOLUTE VERTEX FIC MULTIMERCADO;15/02/2022;2,238774
ABSOLUTE VERTEX FIC MULTIMERCADO;16/02/2022;2,238874
ABSOLUTE VERTEX FIC MULTIMERCADO;17/02/2022;2,237151
ABSOLUTE VERTEX FIC MULTIMERCADO;18/02/2022;2,236983
ABSOLUTE VERTEX FIC MULTIMERCADO;21/02/2022;2,236939
ABSOLUTE VERTEX FIC MULTIMERCADO;22/02/2022;2,245068
ABSOLUTE VERTEX FIC MULTIMERCADO;23/02/2022;2,24802
ABSOLUTE VERTEX FIC MULTIMERCADO;24/02/2022;2,239785
ABSOLUTE VERTEX FIC MULTIMERCADO;25/02/2022;2,241617
ABSOLUTE VERTEX FIC MULTIMERCADO;02/03/2022;2,241787
ABSOLUTE VERTEX FIC MULTIMERCADO;03/03/2022;2,253669
ABSOLUTE VERTEX FIC MULTIMERCADO;04/03/2022;2,252105
ABSOLUTE VERTEX FIC MULTIMERCADO;07/03/2022;2,261008
ABSOLUTE VERTEX FIC MULTIMERCADO;08/03/2022;2,271823
ABSOLUTE VERTEX FIC MULTIMERCADO;09/03/2022;2,274985
ABSOLUTE VERTEX FIC MULTIMERCADO;10/03/2022;2,283939
ABSOLUTE VERTEX FIC MULTIMERCADO;11/03/2022;2,289328
ABSOLUTE VERTEX FIC MULTIMERCADO;14/03/2022;2,30426
ABSOLUTE VERTEX FIC MULTIMERCADO;15/03/2022;2,298411
ABSOLUTE VERTEX FIC MULTIMERCADO;16/03/2022;2,309522
ABSOLUTE VERTEX FIC MULTIMERCADO;17/03/2022;2,307698
ABSOLUTE VERTEX FIC MULTIMERCADO;18/03/2022;2,310713
ABSOLUTE VERTEX FIC MULTIMERCADO;21/03/2022;2,332974
ABSOLUTE VERTEX FIC MULTIMERCADO;22/03/2022;2,337794
ABSOLUTE VERTEX FIC MULTIMERCADO;23/03/2022;2,338057
ABSOLUTE VERTEX FIC MULTIMERCADO;24/03/2022;2,342907
ABSOLUTE VERTEX FIC MULTIMERCADO;25/03/2022;2,362221
ABSOLUTE VERTEX FIC MULTIMERCADO;28/03/2022;2,364733
ABSOLUTE VERTEX FIC MULTIMERCADO;29/03/2022;2,365191
ABSOLUTE VERTEX FIC MULTIMERCADO;30/03/2022;2,361822
ABSOLUTE VERTEX FIC MULTIMERCADO;31/03/2022;2,360827
ABSOLUTE VERTEX FIC MULTIMERCADO;01/04/2022;2,375623
ABSOLUTE VERTEX FIC MULTIMERCADO;04/04/2022;2,381334
ABSOLUTE VERTEX FIC MULTIMERCADO;05/04/2022;2,385371
ABSOLUTE VERTEX FIC MULTIMERCADO;06/04/2022;2,381288
ABSOLUTE VERTEX FIC MULTIMERCADO;07/04/2022;2,37984
ABSOLUTE VERTEX FIC MULTIMERCADO;08/04/2022;2,388384
ABSOLUTE VERTEX FIC MULTIMERCADO;11/04/2022;2,390479
ABSOLUTE VERTEX FIC MULTIMERCADO;12/04/2022;2,38463
ABSOLUTE VERTEX FIC MULTIMERCADO;13/04/2022;2,380967
ABSOLUTE VERTEX FIC MULTIMERCADO;14/04/2022;2,388125
ABSOLUTE VERTEX FIC MULTIMERCADO;18/04/2022;2,390253
ABSOLUTE VERTEX FIC MULTIMERCADO;19/04/2022;2,394524
ABSOLUTE VERTEX FIC MULTIMERCADO;20/04/2022;2,398943
ABSOLUTE VERTEX FIC MULTIMERCADO;22/04/2022;2,410895
ABSOLUTE VERTEX FIC MULTIMERCADO;25/04/2022;2,403288
ABSOLUTE VERTEX FIC MULTIMERCADO;26/04/2022;2,409752
ABSOLUTE VERTEX FIC MULTIMERCADO;27/04/2022;2,408506
ABSOLUTE VERTEX FIC MULTIMERCADO;28/04/2022;2,411313
ABSOLUTE VERTEX FIC MULTIMERCADO;29/04/2022;2,424396
ABSOLUTE VERTEX FIC MULTIMERCADO;02/05/2022;2,424084
ABSOLUTE VERTEX FIC MULTIMERCADO;03/05/2022;2,426981
ABSOLUTE VERTEX FIC MULTIMERCADO;04/05/2022;2,417655
ABSOLUTE VERTEX FIC MULTIMERCADO;05/05/2022;2,42848
ABSOLUTE VERTEX FIC MULTIMERCADO;06/05/2022;2,428873
ABSOLUTE VERTEX FIC MULTIMERCADO;09/05/2022;2,430811
ABSOLUTE VERTEX FIC MULTIMERCADO;10/05/2022;2,431049
ABSOLUTE VERTEX FIC MULTIMERCADO;11/05/2022;2,438747
ABSOLUTE VERTEX FIC MULTIMERCADO;12/05/2022;2,441852
ABSOLUTE VERTEX FIC MULTIMERCADO;13/05/2022;2,441586
ABSOLUTE VERTEX FIC MULTIMERCADO;16/05/2022;2,441486
ABSOLUTE VERTEX FIC MULTIMERCADO;17/05/2022;2,4434
ABSOLUTE VERTEX FIC MULTIMERCADO;18/05/2022;2,445268
ABSOLUTE VERTEX FIC MULTIMERCADO;19/05/2022;2,451067
ABSOLUTE VERTEX FIC MULTIMERCADO;20/05/2022;2,453073
ABSOLUTE VERTEX FIC MULTIMERCADO;23/05/2022;2,454382
ABSOLUTE VERTEX FIC MULTIMERCADO;24/05/2022;2,455467
ABSOLUTE VERTEX FIC MULTIMERCADO;25/05/2022;2,457269
ABSOLUTE VERTEX FIC MULTIMERCADO;26/05/2022;2,456696
ABSOLUTE VERTEX FIC MULTIMERCADO;27/05/2022;2,457146
ABSOLUTE VERTEX FIC MULTIMERCADO;30/05/2022;2,458093
ABSOLUTE VERTEX FIC MULTIMERCADO;31/05/2022;2,458654
ABSOLUTE VERTEX FIC MULTIMERCADO;01/06/2022;2,459526
ABSOLUTE VERTEX FIC MULTIMERCADO;02/06/2022;2,461733
ABSOLUTE VERTEX FIC MULTIMERCADO;03/06/2022;2,461475
ABSOLUTE VERTEX FIC MULTIMERCADO;06/06/2022;2,462561
ABSOLUTE VERTEX FIC MULTIMERCADO;07/06/2022;2,4653
ABSOLUTE VERTEX FIC MULTIMERCADO;08/06/2022;2,467248
ABSOLUTE VERTEX FIC MULTIMERCADO;09/06/2022;2,464941
ABSOLUTE VERTEX FIC MULTIMERCADO;10/06/2022;2,473206
ABSOLUTE VERTEX FIC MULTIMERCADO;13/06/2022;2,496177
ABSOLUTE VERTEX FIC MULTIMERCADO;14/06/2022;2,510792
ABSOLUTE VERTEX FIC MULTIMERCADO;15/06/2022;2,510947
ABSOLUTE VERTEX FIC MULTIMERCADO;17/06/2022;2,501725
ABSOLUTE VERTEX FIC MULTIMERCADO;20/06/2022;2,501311
ABSOLUTE VERTEX FIC MULTIMERCADO;21/06/2022;2,500746
ABSOLUTE VERTEX FIC MULTIMERCADO;22/06/2022;2,500847
ABSOLUTE VERTEX FIC MULTIMERCADO;23/06/2022;2,501427
ABSOLUTE VERTEX FIC MULTIMERCADO;24/06/2022;2,503752
ABSOLUTE VERTEX FIC MULTIMERCADO;27/06/2022;2,505943
ABSOLUTE VERTEX FIC MULTIMERCADO;28/06/2022;2,50711
ABSOLUTE VERTEX FIC MULTIMERCADO;29/06/2022;2,506402
ABSOLUTE VERTEX FIC MULTIMERCADO;30/06/2022;2,506134
ABSOLUTE VERTEX FIC MULTIMERCADO;01/07/2022;2,507851
ABSOLUTE VERTEX FIC MULTIMERCADO;04/07/2022;2,508439
ABSOLUTE VERTEX FIC MULTIMERCADO;05/07/2022;2,507027
ABSOLUTE VERTEX FIC MULTIMERCADO;06/07/2022;2,508848
ABSOLUTE VERTEX FIC MULTIMERCADO;07/07/2022;2,515509
ABSOLUTE VERTEX FIC MULTIMERCADO;08/07/2022;2,518507
ABSOLUTE VERTEX FIC MULTIMERCADO;11/07/2022;2,512117
ABSOLUTE VERTEX FIC MULTIMERCADO;12/07/2022;2,510079
ABSOLUTE VERTEX FIC MULTIMERCADO;13/07/2022;2,514666
ABSOLUTE VERTEX FIC MULTIMERCADO;14/07/2022;2,513073
ABSOLUTE VERTEX FIC MULTIMERCADO;15/07/2022;2,510262
ABSOLUTE VERTEX FIC MULTIMERCADO;18/07/2022;2,511917
ABSOLUTE VERTEX FIC MULTIMERCADO;19/07/2022;2,513478
ABSOLUTE VERTEX FIC MULTIMERCADO;20/07/2022;2,516199
ABSOLUTE VERTEX FIC MULTIMERCADO;21/07/2022;2,503538
ABSOLUTE VERTEX FIC MULTIMERCADO;22/07/2022;2,495897
ABSOLUTE VERTEX FIC MULTIMERCADO;25/07/2022;2,49939
ABSOLUTE VERTEX FIC MULTIMERCADO;26/07/2022;2,504429
ABSOLUTE VERTEX FIC MULTIMERCADO;27/07/2022;2,500629
ABSOLUTE VERTEX FIC MULTIMERCADO;28/07/2022;2,496583
ABSOLUTE VERTEX FIC MULTIMERCADO;29/07/2022;2,495493
ABSOLUTE VERTEX FIC MULTIMERCADO;01/08/2022;2,498286
ABSOLUTE VERTEX FIC MULTIMERCADO;02/08/2022;2,504886
ABSOLUTE VERTEX FIC MULTIMERCADO;03/08/2022;2,516074
ABSOLUTE VERTEX FIC MULTIMERCADO;04/08/2022;2,510002
ABSOLUTE VERTEX FIC MULTIMERCADO;05/08/2022;2,516619
ABSOLUTE VERTEX FIC MULTIMERCADO;08/08/2022;2,519513
ABSOLUTE VERTEX FIC MULTIMERCADO;09/08/2022;2,52255
ABSOLUTE VERTEX FIC MULTIMERCADO;10/08/2022;2,517437
ABSOLUTE VERTEX FIC MULTIMERCADO;11/08/2022;2,51875
ABSOLUTE VERTEX FIC MULTIMERCADO;12/08/2022;2,525016
ABSOLUTE VERTEX FIC MULTIMERCADO;15/08/2022;2,530606
ABSOLUTE VERTEX FIC MULTIMERCADO;16/08/2022;2,5334
ABSOLUTE VERTEX FIC MULTIMERCADO;17/08/2022;2,537781
ABSOLUTE VERTEX FIC MULTIMERCADO;18/08/2022;2,536742
ABSOLUTE VERTEX FIC MULTIMERCADO;19/08/2022;2,541087
ABSOLUTE VERTEX FIC MULTIMERCADO;22/08/2022;2,559257
ABSOLUTE VERTEX FIC MULTIMERCADO;23/08/2022;2,560658
ABSOLUTE VERTEX FIC MULTIMERCADO;24/08/2022;2,564168
ABSOLUTE VERTEX FIC MULTIMERCADO;25/08/2022;2,558504
ABSOLUTE VERTEX FIC MULTIMERCADO;26/08/2022;2,572046
ABSOLUTE VERTEX FIC MULTIMERCADO;29/08/2022;2,582035
ABSOLUTE VERTEX FIC MULTIMERCADO;30/08/2022;2,588254
ABSOLUTE VERTEX FIC MULTIMERCADO;31/08/2022;2,589711
ABSOLUTE VERTEX FIC MULTIMERCADO;01/09/2022;2,593872
ABSOLUTE VERTEX FIC MULTIMERCADO;02/09/2022;2,595984
ABSOLUTE VERTEX FIC MULTIMERCADO;05/09/2022;2,602371
ABSOLUTE VERTEX FIC MULTIMERCADO;06/09/2022;2,608759
ABSOLUTE VERTEX FIC MULTIMERCADO;08/09/2022;2,596346
ABSOLUTE VERTEX FIC MULTIMERCADO;09/09/2022;2,597745
ABSOLUTE VERTEX FIC MULTIMERCADO;12/09/2022;2,599626
ABSOLUTE VERTEX FIC MULTIMERCADO;13/09/2022;2,611276
ABSOLUTE VERTEX FIC MULTIMERCADO;14/09/2022;2,60856
ABSOLUTE VERTEX FIC MULTIMERCADO;15/09/2022;2,623126
ABSOLUTE VERTEX FIC MULTIMERCADO;16/09/2022;2,618123
ABSOLUTE VERTEX FIC MULTIMERCADO;19/09/2022;2,626003
ABSOLUTE VERTEX FIC MULTIMERCADO;20/09/2022;2,638789
ABSOLUTE VERTEX FIC MULTIMERCADO;21/09/2022;2,648366
ABSOLUTE VERTEX FIC MULTIMERCADO;22/09/2022;2,669417
ABSOLUTE VERTEX FIC MULTIMERCADO;23/09/2022;2,687135
ABSOLUTE VERTEX FIC MULTIMERCADO;26/09/2022;2,695447
ABSOLUTE VERTEX FIC MULTIMERCADO;27/09/2022;2,692445
ABSOLUTE VERTEX FIC MULTIMERCADO;28/09/2022;2,678715
ABSOLUTE VERTEX FIC MULTIMERCADO;29/09/2022;2,67947
ABSOLUTE VERTEX FIC MULTIMERCADO;30/09/2022;2,688156
ABSOLUTE VERTEX FIC MULTIMERCADO;03/10/2022;2,689299
ABSOLUTE VERTEX FIC MULTIMERCADO;04/10/2022;2,685252
ABSOLUTE VERTEX FIC MULTIMERCADO;05/10/2022;2,684128
ABSOLUTE VERTEX FIC MULTIMERCADO;06/10/2022;2,68797
ABSOLUTE VERTEX FIC MULTIMERCADO;07/10/2022;2,694961
ABSOLUTE VERTEX FIC MULTIMERCADO;10/10/2022;2,702285
ABSOLUTE VERTEX FIC MULTIMERCADO;11/10/2022;2,697294
ABSOLUTE VERTEX FIC MULTIMERCADO;13/10/2022;2,69912
ABSOLUTE VERTEX FIC MULTIMERCADO;14/10/2022;2,705023
ABSOLUTE VERTEX FIC MULTIMERCADO;17/10/2022;2,699933
ABSOLUTE VERTEX FIC MULTIMERCADO;18/10/2022;2,698287
ABSOLUTE VERTEX FIC MULTIMERCADO;19/10/2022;2,704667
ABSOLUTE VERTEX FIC MULTIMERCADO;20/10/2022;2,711504
ABSOLUTE VERTEX FIC MULTIMERCADO;21/10/2022;2,702031
ABSOLUTE VERTEX FIC MULTIMERCADO;24/10/2022;2,699487
ABSOLUTE VERTEX FIC MULTIMERCADO;25/10/2022;2,693808
ABSOLUTE VERTEX FIC MULTIMERCADO;26/10/2022;2,682105
ABSOLUTE VERTEX FIC MULTIMERCADO;27/10/2022;2,679403
ABSOLUTE VERTEX FIC MULTIMERCADO;28/10/2022;2,687667
ABSOLUTE VERTEX FIC MULTIMERCADO;31/10/2022;2,692783
ABSOLUTE VERTEX FIC MULTIMERCADO;01/11/2022;2,697044
ABSOLUTE VERTEX FIC MULTIMERCADO;03/11/2022;2,711336
ABSOLUTE VERTEX FIC MULTIMERCADO;04/11/2022;2,703581
ABSOLUTE VERTEX FIC MULTIMERCADO;07/11/2022;2,704274
ABSOLUTE VERTEX FIC MULTIMERCADO;08/11/2022;2,696747
ABSOLUTE VERTEX FIC MULTIMERCADO;09/11/2022;2,694861
ABSOLUTE VERTEX FIC MULTIMERCADO;10/11/2022;2,677526
ABSOLUTE VERTEX FIC MULTIMERCADO;11/11/2022;2,679417
ABSOLUTE VERTEX FIC MULTIMERCADO;14/11/2022;2,679639
ABSOLUTE VERTEX FIC MULTIMERCADO;16/11/2022;2,676019
ABSOLUTE VERTEX FIC MULTIMERCADO;17/11/2022;2,675212
ABSOLUTE VERTEX FIC MULTIMERCADO;18/11/2022;2,675936
ABSOLUTE VERTEX FIC MULTIMERCADO;21/11/2022;2,678787
ABSOLUTE VERTEX FIC MULTIMERCADO;22/11/2022;2,680131
ABSOLUTE VERTEX FIC MULTIMERCADO;23/11/2022;2,679917
ABSOLUTE VERTEX FIC MULTIMERCADO;24/11/2022;2,682964
ABSOLUTE VERTEX FIC MULTIMERCADO;25/11/2022;2,682806
ABSOLUTE VERTEX FIC MULTIMERCADO;28/11/2022;2,68128
ABSOLUTE VERTEX FIC MULTIMERCADO;29/11/2022;2,683527
ABSOLUTE VERTEX FIC MULTIMERCADO;30/11/2022;2,685992
ABSOLUTE VERTEX FIC MULTIMERCADO;01/12/2022;2,685857
ABSOLUTE VERTEX FIC MULTIMERCADO;02/12/2022;2,685982
ABSOLUTE VERTEX FIC MULTIMERCADO;05/12/2022;2,684378
ABSOLUTE VERTEX FIC MULTIMERCADO;06/12/2022;2,684912
ABSOLUTE VERTEX FIC MULTIMERCADO;07/12/2022;2,686555
ABSOLUTE VERTEX FIC MULTIMERCADO;08/12/2022;2,686401
ABSOLUTE VERTEX FIC MULTIMERCADO;09/12/2022;2,686841
ABSOLUTE VERTEX FIC MULTIMERCADO;12/12/2022;2,68825
ABSOLUTE VERTEX FIC MULTIMERCADO;13/12/2022;2,684986
ABSOLUTE VERTEX FIC MULTIMERCADO;14/12/2022;2,686046
ABSOLUTE VERTEX FIC MULTIMERCADO;15/12/2022;2,6843
ABSOLUTE VERTEX FIC MULTIMERCADO;16/12/2022;2,685311
ABSOLUTE VERTEX FIC MULTIMERCADO;19/12/2022;2,68734
ABSOLUTE VERTEX FIC MULTIMERCADO;20/12/2022;2,690196
ABSOLUTE VERTEX FIC MULTIMERCADO;21/12/2022;2,690834
ABSOLUTE VERTEX FIC MULTIMERCADO;22/12/2022;2,694375
ABSOLUTE VERTEX FIC MULTIMERCADO;23/12/2022;2,697812
ABSOLUTE VERTEX FIC MULTIMERCADO;26/12/2022;2,698715
ABSOLUTE VERTEX FIC MULTIMERCADO;27/12/2022;2,69933
ABSOLUTE VERTEX FIC MULTIMERCADO;28/12/2022;2,70263
ABSOLUTE VERTEX FIC MULTIMERCADO;29/12/2022;2,701716
ABSOLUTE VERTEX FIC MULTIMERCADO;30/12/2022;2,703896
ABSOLUTE VERTEX FIC MULTIMERCADO;02/01/2023;2,702925
ABSOLUTE VERTEX FIC MULTIMERCADO;03/01/2023;2,703222
ABSOLUTE VERTEX FIC MULTIMERCADO;04/01/2023;2,702425
ABSOLUTE VERTEX FIC MULTIMERCADO;05/01/2023;2,705426
ABSOLUTE VERTEX FIC MULTIMERCADO;06/01/2023;2,706362
ABSOLUTE VERTEX FIC MULTIMERCADO;09/01/2023;2,708006
ABSOLUTE VERTEX FIC MULTIMERCADO;10/01/2023;2,709162
ABSOLUTE VERTEX FIC MULTIMERCADO;11/01/2023;2,714686
ABSOLUTE VERTEX FIC MULTIMERCADO;12/01/2023;2,720184
ABSOLUTE VERTEX FIC MULTIMERCADO;13/01/2023;2,723687
ABSOLUTE VERTEX FIC MULTIMERCADO;16/01/2023;2,722217
ABSOLUTE VERTEX FIC MULTIMERCADO;17/01/2023;2,723712
ABSOLUTE VERTEX FIC MULTIMERCADO;18/01/2023;2,716911
ABSOLUTE VERTEX FIC MULTIMERCADO;19/01/2023;2,715683
ABSOLUTE VERTEX FIC MULTIMERCADO;20/01/2023;2,721178
ABSOLUTE VERTEX FIC MULTIMERCADO;23/01/2023;2,725604
ABSOLUTE VERTEX FIC MULTIMERCADO;24/01/2023;2,725612
ABSOLUTE VERTEX FIC MULTIMERCADO;25/01/2023;2,728082
ABSOLUTE VERTEX FIC MULTIMERCADO;26/01/2023;2,73334
ABSOLUTE VERTEX FIC MULTIMERCADO;27/01/2023;2,737081
ABSOLUTE VERTEX FIC MULTIMERCADO;30/01/2023;2,729295
ABSOLUTE VERTEX FIC MULTIMERCADO;31/01/2023;2,735202
ABSOLUTE VERTEX FIC MULTIMERCADO;01/02/2023;2,745567
ABSOLUTE VERTEX FIC MULTIMERCADO;02/02/2023;2,761716
ABSOLUTE VERTEX FIC MULTIMERCADO;03/02/2023;2,756327
ABSOLUTE VERTEX FIC MULTIMERCADO;06/02/2023;2,75282
ABSOLUTE VERTEX FIC MULTIMERCADO;07/02/2023;2,752095
ABSOLUTE VERTEX FIC MULTIMERCADO;08/02/2023;2,729388
ABSOLUTE VERTEX FIC MULTIMERCADO;09/02/2023;2,724873
ABSOLUTE VERTEX FIC MULTIMERCADO;10/02/2023;2,729733
ABSOLUTE VERTEX FIC MULTIMERCADO;13/02/2023;2,738206
ABSOLUTE VERTEX FIC MULTIMERCADO;14/02/2023;2,728963
ABSOLUTE VERTEX FIC MULTIMERCADO;15/02/2023;2,712837
ABSOLUTE VERTEX FIC MULTIMERCADO;16/02/2023;2,71096
ABSOLUTE VERTEX FIC MULTIMERCADO;17/02/2023;2,711091
ABSOLUTE VERTEX FIC MULTIMERCADO;22/02/2023;2,717378
ABSOLUTE VERTEX FIC MULTIMERCADO;23/02/2023;2,716936
ABSOLUTE VERTEX FIC MULTIMERCADO;24/02/2023;2,723241
ABSOLUTE VERTEX FIC MULTIMERCADO;27/02/2023;2,716621
ABSOLUTE VERTEX FIC MULTIMERCADO;28/02/2023;2,720509
ABSOLUTE VERTEX FIC MULTIMERCADO;01/03/2023;2,718126
ABSOLUTE VERTEX FIC MULTIMERCADO;02/03/2023;2,725041
ABSOLUTE VERTEX FIC MULTIMERCADO;03/03/2023;2,729885
ABSOLUTE VERTEX FIC MULTIMERCADO;06/03/2023;2,725347
ABSOLUTE VERTEX FIC MULTIMERCADO;07/03/2023;2,71947
ABSOLUTE VERTEX FIC MULTIMERCADO;08/03/2023;2,714594
ABSOLUTE VERTEX FIC MULTIMERCADO;09/03/2023;2,71287
ABSOLUTE VERTEX FIC MULTIMERCADO;10/03/2023;2,710488
ABSOLUTE VERTEX FIC MULTIMERCADO;13/03/2023;2,712593
ABSOLUTE VERTEX FIC MULTIMERCADO;14/03/2023;2,712616
ABSOLUTE VERTEX FIC MULTIMERCADO;15/03/2023;2,714633
ABSOLUTE VERTEX FIC MULTIMERCADO;16/03/2023;2,716202
ABSOLUTE VERTEX FIC MULTIMERCADO;17/03/2023;2,716202
ABSOLUTE VERTEX FIC MULTIMERCADO;20/03/2023;2,715105
ABSOLUTE VERTEX FIC MULTIMERCADO;21/03/2023;2,717891
ABSOLUTE VERTEX FIC MULTIMERCADO;22/03/2023;2,716072
ABSOLUTE VERTEX FIC MULTIMERCADO;23/03/2023;2,721667
ABSOLUTE VERTEX FIC MULTIMERCADO;24/03/2023;2,725486
ABSOLUTE VERTEX FIC MULTIMERCADO;27/03/2023;2,720498
ABSOLUTE VERTEX FIC MULTIMERCADO;28/03/2023;2,719664
ABSOLUTE VERTEX FIC MULTIMERCADO;29/03/2023;2,724226
ABSOLUTE VERTEX FIC MULTIMERCADO;30/03/2023;2,731354
ABSOLUTE VERTEX FIC MULTIMERCADO;31/03/2023;2,739364
ABSOLUTE VERTEX FIC MULTIMERCADO;03/04/2023;2,745442
ABSOLUTE VERTEX FIC MULTIMERCADO;04/04/2023;2,751324
ABSOLUTE VERTEX FIC MULTIMERCADO;05/04/2023;2,751628
ABSOLUTE VERTEX FIC MULTIMERCADO;06/04/2023;2,750303
ABSOLUTE VERTEX FIC MULTIMERCADO;10/04/2023;2,740553
ABSOLUTE VERTEX FIC MULTIMERCADO;11/04/2023;2,738431
ABSOLUTE VERTEX FIC MULTIMERCADO;12/04/2023;2,738607
ABSOLUTE VERTEX FIC MULTIMERCADO;13/04/2023;2,747058
ABSOLUTE VERTEX FIC MULTIMERCADO;14/04/2023;2,744719
ABSOLUTE VERTEX FIC MULTIMERCADO;17/04/2023;2,744631
ABSOLUTE VERTEX FIC MULTIMERCADO;18/04/2023;2,746136
ABSOLUTE VERTEX FIC MULTIMERCADO;19/04/2023;2,746391
ABSOLUTE VERTEX FIC MULTIMERCADO;20/04/2023;2,744322
ABSOLUTE VERTEX FIC MULTIMERCADO;24/04/2023;2,746283
ABSOLUTE VERTEX FIC MULTIMERCADO;25/04/2023;2,741691
ABSOLUTE VERTEX FIC MULTIMERCADO;26/04/2023;2,736959
ABSOLUTE VERTEX FIC MULTIMERCADO;27/04/2023;2,739941
ABSOLUTE VERTEX FIC MULTIMERCADO;28/04/2023;2,746688
ABSOLUTE VERTEX FIC MULTIMERCADO;02/05/2023;2,737734
ABSOLUTE VERTEX FIC MULTIMERCADO;03/05/2023;2,735306
ABSOLUTE VERTEX FIC MULTIMERCADO;04/05/2023;2,731071
ABSOLUTE VERTEX FIC MULTIMERCADO;05/05/2023;2,740377
ABSOLUTE VERTEX FIC MULTIMERCADO;08/05/2023;2,739282
ABSOLUTE VERTEX FIC MULTIMERCADO;09/05/2023;2,738834
ABSOLUTE VERTEX FIC MULTIMERCADO;10/05/2023;2,744812
ABSOLUTE VERTEX FIC MULTIMERCADO;11/05/2023;2,747201
ABSOLUTE VERTEX FIC MULTIMERCADO;12/05/2023;2,746688
ABSOLUTE VERTEX FIC MULTIMERCADO;15/05/2023;2,74988
ABSOLUTE VERTEX FIC MULTIMERCADO;16/05/2023;2,742424
ABSOLUTE VERTEX FIC MULTIMERCADO;17/05/2023;2,753931
ABSOLUTE VERTEX FIC MULTIMERCADO;18/05/2023;2,767833
ABSOLUTE VERTEX FIC MULTIMERCADO;19/05/2023;2,763544
ABSOLUTE VERTEX FIC MULTIMERCADO;22/05/2023;2,76654
ABSOLUTE VERTEX FIC MULTIMERCADO;23/05/2023;2,753525
ABSOLUTE VERTEX FIC MULTIMERCADO;24/05/2023;2,745934
ABSOLUTE VERTEX FIC MULTIMERCADO;25/05/2023;2,76086
ABSOLUTE VERTEX FIC MULTIMERCADO;26/05/2023;2,787851
ABSOLUTE VERTEX FIC MULTIMERCADO;29/05/2023;2,792497
ABSOLUTE VERTEX FIC MULTIMERCADO;30/05/2023;2,792395
ABSOLUTE VERTEX FIC MULTIMERCADO;31/05/2023;2,786125
ABSOLUTE VERTEX FIC MULTIMERCADO;01/06/2023;2,800111
ABSOLUTE VERTEX FIC MULTIMERCADO;02/06/2023;2,816358
ABSOLUTE VERTEX FIC MULTIMERCADO;05/06/2023;2,817163
ABSOLUTE VERTEX FIC MULTIMERCADO;06/06/2023;2,821923
ABSOLUTE VERTEX FIC MULTIMERCADO;07/06/2023;2,811219
ABSOLUTE VERTEX FIC MULTIMERCADO;09/06/2023;2,829585
ABSOLUTE VERTEX FIC MULTIMERCADO;12/06/2023;2,849605
ABSOLUTE VERTEX FIC MULTIMERCADO;13/06/2023;2,860904
ABSOLUTE VERTEX FIC MULTIMERCADO;14/06/2023;2,872119
ABSOLUTE VERTEX FIC MULTIMERCADO;15/06/2023;2,882918
ABSOLUTE VERTEX FIC MULTIMERCADO;16/06/2023;2,880968
ABSOLUTE VERTEX FIC MULTIMERCADO;19/06/2023;2,884279
ABSOLUTE VERTEX FIC MULTIMERCADO;20/06/2023;2,886491
ABSOLUTE VERTEX FIC MULTIMERCADO;21/06/2023;2,882475
ABSOLUTE VERTEX FIC MULTIMERCADO;22/06/2023;2,883584
ABSOLUTE VERTEX FIC MULTIMERCADO;23/06/2023;2,881935
ABSOLUTE VERTEX FIC MULTIMERCADO;26/06/2023;2,88019
ABSOLUTE VERTEX FIC MULTIMERCADO;27/06/2023;2,881253
ABSOLUTE VERTEX FIC MULTIMERCADO;28/06/2023;2,881007
ABSOLUTE VERTEX FIC MULTIMERCADO;29/06/2023;2,884221
ABSOLUTE VERTEX FIC MULTIMERCADO;30/06/2023;2,896194
ABSOLUTE VERTEX FIC MULTIMERCADO;03/07/2023;2,899722
ABSOLUTE VERTEX FIC MULTIMERCADO;04/07/2023;2,899811
ABSOLUTE VERTEX FIC MULTIMERCADO;05/07/2023;2,900011
ABSOLUTE VERTEX FIC MULTIMERCADO;06/07/2023;2,883147
ABSOLUTE VERTEX FIC MULTIMERCADO;07/07/2023;2,884363
ABSOLUTE VERTEX FIC MULTIMERCADO;10/07/2023;2,883509
ABSOLUTE VERTEX FIC MULTIMERCADO;11/07/2023;2,895936
ABSOLUTE VERTEX FIC MULTIMERCADO;12/07/2023;2,908988
ABSOLUTE VERTEX FIC MULTIMERCADO;13/07/2023;2,929753
ABSOLUTE VERTEX FIC MULTIMERCADO;14/07/2023;2,921904
ABSOLUTE VERTEX FIC MULTIMERCADO;17/07/2023;2,933788
ABSOLUTE VERTEX FIC MULTIMERCADO;18/07/2023;2,949678
ABSOLUTE VERTEX FIC MULTIMERCADO;19/07/2023;2,95389
ABSOLUTE VERTEX FIC MULTIMERCADO;20/07/2023;2,937589
ABSOLUTE VERTEX FIC MULTIMERCADO;21/07/2023;2,938996
ABSOLUTE VERTEX FIC MULTIMERCADO;24/07/2023;2,948913
ABSOLUTE VERTEX FIC MULTIMERCADO;25/07/2023;2,952002
ABSOLUTE VERTEX FIC MULTIMERCADO;26/07/2023;2,954864
ABSOLUTE VERTEX FIC MULTIMERCADO;27/07/2023;2,943225
ABSOLUTE VERTEX FIC MULTIMERCADO;28/07/2023;2,956419
ABSOLUTE VERTEX FIC MULTIMERCADO;31/07/2023;2,966354
ABSOLUTE VERTEX FIC MULTIMERCADO;01/08/2023;2,960037
ABSOLUTE VERTEX FIC MULTIMERCADO;02/08/2023;2,941578
ABSOLUTE VERTEX FIC MULTIMERCADO;03/08/2023;2,943534
ABSOLUTE VERTEX FIC MULTIMERCADO;04/08/2023;2,939421
ABSOLUTE VERTEX FIC MULTIMERCADO;07/08/2023;2,942824
ABSOLUTE VERTEX FIC MULTIMERCADO;08/08/2023;2,945312
ABSOLUTE VERTEX FIC MULTIMERCADO;09/08/2023;2,941319
ABSOLUTE VERTEX FIC MULTIMERCADO;10/08/2023;2,94382
ABSOLUTE VERTEX FIC MULTIMERCADO;11/08/2023;2,944021
ABSOLUTE VERTEX FIC MULTIMERCADO;14/08/2023;2,942985
ABSOLUTE VERTEX FIC MULTIMERCADO;15/08/2023;2,945016
ABSOLUTE VERTEX FIC MULTIMERCADO;16/08/2023;2,944015
ABSOLUTE VERTEX FIC MULTIMERCADO;17/08/2023;2,937638
ABSOLUTE VERTEX FIC MULTIMERCADO;18/08/2023;2,939182
ABSOLUTE VERTEX FIC MULTIMERCADO;21/08/2023;2,935347
ABSOLUTE VERTEX FIC MULTIMERCADO;22/08/2023;2,940235
ABSOLUTE VERTEX FIC MULTIMERCADO;23/08/2023;2,948469
ABSOLUTE VERTEX FIC MULTIMERCADO;24/08/2023;2,936258
ABSOLUTE VERTEX FIC MULTIMERCADO;25/08/2023;2,935056
ABSOLUTE VERTEX FIC MULTIMERCADO;28/08/2023;2,935067
ABSOLUTE VERTEX FIC MULTIMERCADO;29/08/2023;2,952062
ABSOLUTE VERTEX FIC MULTIMERCADO;30/08/2023;2,957612
ABSOLUTE VERTEX FIC MULTIMERCADO;31/08/2023;2,950607
ABSOLUTE VERTEX FIC MULTIMERCADO;01/09/2023;2,950291
ABSOLUTE VERTEX FIC MULTIMERCADO;04/09/2023;2,946942
ABSOLUTE VERTEX FIC MULTIMERCADO;05/09/2023;2,9434
ABSOLUTE VERTEX FIC MULTIMERCADO;06/09/2023;2,935018
ABSOLUTE VERTEX FIC MULTIMERCADO;08/09/2023;2,941274
ABSOLUTE VERTEX FIC MULTIMERCADO;11/09/2023;2,936367
ABSOLUTE VERTEX FIC MULTIMERCADO;12/09/2023;2,935569
ABSOLUTE VERTEX FIC MULTIMERCADO;13/09/2023;2,936687
ABSOLUTE VERTEX FIC MULTIMERCADO;14/09/2023;2,950212
ABSOLUTE VERTEX FIC MULTIMERCADO;15/09/2023;2,937057
ABSOLUTE VERTEX FIC MULTIMERCADO;18/09/2023;2,933621
ABSOLUTE VERTEX FIC MULTIMERCADO;19/09/2023;2,931151
ABSOLUTE VERTEX FIC MULTIMERCADO;20/09/2023;2,926295
ABSOLUTE VERTEX FIC MULTIMERCADO;21/09/2023;2,918281
ABSOLUTE VERTEX FIC MULTIMERCADO;22/09/2023;2,918251
ABSOLUTE VERTEX FIC MULTIMERCADO;25/09/2023;2,925475
ABSOLUTE VERTEX FIC MULTIMERCADO;26/09/2023;2,920288
ABSOLUTE VERTEX FIC MULTIMERCADO;27/09/2023;2,923247
ABSOLUTE VERTEX FIC MULTIMERCADO;28/09/2023;2,922591
ABSOLUTE VERTEX FIC MULTIMERCADO;29/09/2023;2,922065
ABSOLUTE VERTEX FIC MULTIMERCADO;02/10/2023;2,923859
ABSOLUTE VERTEX FIC MULTIMERCADO;03/10/2023;2,911022
ABSOLUTE VERTEX FIC MULTIMERCADO;04/10/2023;2,915068
ABSOLUTE VERTEX FIC MULTIMERCADO;05/10/2023;2,912044
ABSOLUTE VERTEX FIC MULTIMERCADO;06/10/2023;2,918478
ABSOLUTE VERTEX FIC MULTIMERCADO;09/10/2023;2,924183
ABSOLUTE VERTEX FIC MULTIMERCADO;10/10/2023;2,931823
ABSOLUTE VERTEX FIC MULTIMERCADO;11/10/2023;2,93592
ABSOLUTE VERTEX FIC MULTIMERCADO;13/10/2023;2,919344
ABSOLUTE VERTEX FIC MULTIMERCADO;16/10/2023;2,926866
ABSOLUTE VERTEX FIC MULTIMERCADO;17/10/2023;2,922164
ABSOLUTE VERTEX FIC MULTIMERCADO;18/10/2023;2,908082
ABSOLUTE VERTEX FIC MULTIMERCADO;19/10/2023;2,90622
ABSOLUTE VERTEX FIC MULTIMERCADO;20/10/2023;2,904364
ABSOLUTE VERTEX FIC MULTIMERCADO;23/10/2023;2,904607
ABSOLUTE VERTEX FIC MULTIMERCADO;24/10/2023;2,90686
ABSOLUTE VERTEX FIC MULTIMERCADO;25/10/2023;2,901095
ABSOLUTE VERTEX FIC MULTIMERCADO;26/10/2023;2,903954
ABSOLUTE VERTEX FIC MULTIMERCADO;27/10/2023;2,9011
ABSOLUTE VERTEX FIC MULTIMERCADO;30/10/2023;2,895181
ABSOLUTE VERTEX FIC MULTIMERCADO;31/10/2023;2,899842
ABSOLUTE VERTEX FIC MULTIMERCADO;01/11/2023;2,908507
ABSOLUTE VERTEX FIC MULTIMERCADO;03/11/2023;2,931196
ABSOLUTE VERTEX FIC MULTIMERCADO;06/11/2023;2,931187
ABSOLUTE VERTEX FIC MULTIMERCADO;07/11/2023;2,936106
ABSOLUTE VERTEX FIC MULTIMERCADO;08/11/2023;2,933401
ABSOLUTE VERTEX FIC MULTIMERCADO;09/11/2023;2,921047
JGP STRATEGY FIC MULTIMERCADO;31/08/2011;100
JGP STRATEGY FIC MULTIMERCADO;01/09/2011;100,313543
JGP STRATEGY FIC MULTIMERCADO;02/09/2011;100,190116
JGP STRATEGY FIC MULTIMERCADO;05/09/2011;100,220844
JGP STRATEGY FIC MULTIMERCADO;06/09/2011;100,304823
JGP STRATEGY FIC MULTIMERCADO;08/09/2011;100,26566
JGP STRATEGY FIC MULTIMERCADO;09/09/2011;99,956477
JGP STRATEGY FIC MULTIMERCADO;12/09/2011;99,923062
JGP STRATEGY FIC MULTIMERCADO;13/09/2011;100,128305
JGP STRATEGY FIC MULTIMERCADO;14/09/2011;99,993031
JGP STRATEGY FIC MULTIMERCADO;15/09/2011;100,05227
JGP STRATEGY FIC MULTIMERCADO;16/09/2011;100,083105
JGP STRATEGY FIC MULTIMERCADO;19/09/2011;99,98804
JGP STRATEGY FIC MULTIMERCADO;20/09/2011;100,069509
JGP STRATEGY FIC MULTIMERCADO;21/09/2011;99,815769
JGP STRATEGY FIC MULTIMERCADO;22/09/2011;99,417905
JGP STRATEGY FIC MULTIMERCADO;23/09/2011;99,574114
JGP STRATEGY FIC MULTIMERCADO;26/09/2011;100,012051
JGP STRATEGY FIC MULTIMERCADO;27/09/2011;100,210213
JGP STRATEGY FIC MULTIMERCADO;28/09/2011;100,305018
JGP STRATEGY FIC MULTIMERCADO;29/09/2011;100,333366
JGP STRATEGY FIC MULTIMERCADO;30/09/2011;100,33647
JGP STRATEGY FIC MULTIMERCADO;03/10/2011;100,486716
JGP STRATEGY FIC MULTIMERCADO;04/10/2011;100,441541
JGP STRATEGY FIC MULTIMERCADO;05/10/2011;100,500806
JGP STRATEGY FIC MULTIMERCADO;06/10/2011;100,506953
JGP STRATEGY FIC MULTIMERCADO;07/10/2011;100,546745
JGP STRATEGY FIC MULTIMERCADO;10/10/2011;100,765718
JGP STRATEGY FIC MULTIMERCADO;11/10/2011;100,719298
JGP STRATEGY FIC MULTIMERCADO;13/10/2011;100,575117
JGP STRATEGY FIC MULTIMERCADO;14/10/2011;100,589655
JGP STRATEGY FIC MULTIMERCADO;17/10/2011;100,797827
JGP STRATEGY FIC MULTIMERCADO;18/10/2011;100,90489
JGP STRATEGY FIC MULTIMERCADO;19/10/2011;100,979693
JGP STRATEGY FIC MULTIMERCADO;20/10/2011;100,790159
JGP STRATEGY FIC MULTIMERCADO;21/10/2011;100,91476
JGP STRATEGY FIC MULTIMERCADO;24/10/2011;100,760916
JGP STRATEGY FIC MULTIMERCADO;25/10/2011;100,766681
JGP STRATEGY FIC MULTIMERCADO;26/10/2011;100,930031
JGP STRATEGY FIC MULTIMERCADO;27/10/2011;100,723187
JGP STRATEGY FIC MULTIMERCADO;28/10/2011;100,684476
JGP STRATEGY FIC MULTIMERCADO;31/10/2011;100,814791
JGP STRATEGY FIC MULTIMERCADO;01/11/2011;100,99953
JGP STRATEGY FIC MULTIMERCADO;03/11/2011;100,947097
JGP STRATEGY FIC MULTIMERCADO;04/11/2011;101,13488
JGP STRATEGY FIC MULTIMERCADO;07/11/2011;101,213474
JGP STRATEGY FIC MULTIMERCADO;08/11/2011;101,290292
JGP STRATEGY FIC MULTIMERCADO;09/11/2011;101,515924
JGP STRATEGY FIC MULTIMERCADO;10/11/2011;101,477576
JGP STRATEGY FIC MULTIMERCADO;11/11/2011;101,630404
JGP STRATEGY FIC MULTIMERCADO;14/11/2011;101,757236
JGP STRATEGY FIC MULTIMERCADO;16/11/2011;101,847706
JGP STRATEGY FIC MULTIMERCADO;17/11/2011;101,841062
JGP STRATEGY FIC MULTIMERCADO;18/11/2011;101,948351
JGP STRATEGY FIC MULTIMERCADO;21/11/2011;101,900754
JGP STRATEGY FIC MULTIMERCADO;22/11/2011;101,83165
JGP STRATEGY FIC MULTIMERCADO;23/11/2011;101,999015
JGP STRATEGY FIC MULTIMERCADO;24/11/2011;102,191498
JGP STRATEGY FIC MULTIMERCADO;25/11/2011;102,329174
JGP STRATEGY FIC MULTIMERCADO;28/11/2011;102,272037
JGP STRATEGY FIC MULTIMERCADO;29/11/2011;102,320485
JGP STRATEGY FIC MULTIMERCADO;30/11/2011;102,36667
JGP STRATEGY FIC MULTIMERCADO;01/12/2011;102,631837
JGP STRATEGY FIC MULTIMERCADO;02/12/2011;102,491547
JGP STRATEGY FIC MULTIMERCADO;05/12/2011;102,788282
JGP STRATEGY FIC MULTIMERCADO;06/12/2011;102,960659
JGP STRATEGY FIC MULTIMERCADO;07/12/2011;102,933028
JGP STRATEGY FIC MULTIMERCADO;08/12/2011;102,634043
JGP STRATEGY FIC MULTIMERCADO;09/12/2011;102,940461
JGP STRATEGY FIC MULTIMERCADO;12/12/2011;102,790065
JGP STRATEGY FIC MULTIMERCADO;13/12/2011;102,816563
JGP STRATEGY FIC MULTIMERCADO;14/12/2011;102,750398
JGP STRATEGY FIC MULTIMERCADO;15/12/2011;102,920395
JGP STRATEGY FIC MULTIMERCADO;16/12/2011;103,124939
JGP STRATEGY FIC MULTIMERCADO;19/12/2011;103,062262
JGP STRATEGY FIC MULTIMERCADO;20/12/2011;103,361947
JGP STRATEGY FIC MULTIMERCADO;21/12/2011;103,40896
JGP STRATEGY FIC MULTIMERCADO;22/12/2011;103,348331
JGP STRATEGY FIC MULTIMERCADO;23/12/2011;103,440138
JGP STRATEGY FIC MULTIMERCADO;26/12/2011;103,481329
JGP STRATEGY FIC MULTIMERCADO;27/12/2011;103,399211
JGP STRATEGY FIC MULTIMERCADO;28/12/2011;103,405671
JGP STRATEGY FIC MULTIMERCADO;29/12/2011;103,263294
JGP STRATEGY FIC MULTIMERCADO;30/12/2011;103,319347
JGP STRATEGY FIC MULTIMERCADO;02/01/2012;103,645814
JGP STRATEGY FIC MULTIMERCADO;03/01/2012;103,784243
JGP STRATEGY FIC MULTIMERCADO;04/01/2012;103,694487
JGP STRATEGY FIC MULTIMERCADO;05/01/2012;103,668255
JGP STRATEGY FIC MULTIMERCADO;06/01/2012;103,789266
JGP STRATEGY FIC MULTIMERCADO;09/01/2012;103,903991
JGP STRATEGY FIC MULTIMERCADO;10/01/2012;104,023709
JGP STRATEGY FIC MULTIMERCADO;11/01/2012;104,139945
JGP STRATEGY FIC MULTIMERCADO;12/01/2012;104,03075
JGP STRATEGY FIC MULTIMERCADO;13/01/2012;104,090578
JGP STRATEGY FIC MULTIMERCADO;16/01/2012;104,245753
JGP STRATEGY FIC MULTIMERCADO;17/01/2012;104,191548
JGP STRATEGY FIC MULTIMERCADO;18/01/2012;104,364077
JGP STRATEGY FIC MULTIMERCADO;19/01/2012;104,398782
JGP STRATEGY FIC MULTIMERCADO;20/01/2012;104,698254
JGP STRATEGY FIC MULTIMERCADO;23/01/2012;104,660038
JGP STRATEGY FIC MULTIMERCADO;24/01/2012;104,636197
JGP STRATEGY FIC MULTIMERCADO;25/01/2012;104,723442
JGP STRATEGY FIC MULTIMERCADO;26/01/2012;105,04091
JGP STRATEGY FIC MULTIMERCADO;27/01/2012;105,321532
JGP STRATEGY FIC MULTIMERCADO;30/01/2012;105,490378
JGP STRATEGY FIC MULTIMERCADO;31/01/2012;105,567449
JGP STRATEGY FIC MULTIMERCADO;01/02/2012;105,350641
JGP STRATEGY FIC MULTIMERCADO;02/02/2012;105,461827
JGP STRATEGY FIC MULTIMERCADO;03/02/2012;105,339448
JGP STRATEGY FIC MULTIMERCADO;06/02/2012;105,395351
JGP STRATEGY FIC MULTIMERCADO;07/02/2012;105,602546
JGP STRATEGY FIC MULTIMERCADO;08/02/2012;105,484307
JGP STRATEGY FIC MULTIMERCADO;09/02/2012;105,737733
JGP STRATEGY FIC MULTIMERCADO;10/02/2012;106,190797
JGP STRATEGY FIC MULTIMERCADO;13/02/2012;105,926861
JGP STRATEGY FIC MULTIMERCADO;14/02/2012;105,759209
JGP STRATEGY FIC MULTIMERCADO;15/02/2012;105,689445
JGP STRATEGY FIC MULTIMERCADO;16/02/2012;106,149508
JGP STRATEGY FIC MULTIMERCADO;17/02/2012;106,11642
JGP STRATEGY FIC MULTIMERCADO;22/02/2012;106,204797
JGP STRATEGY FIC MULTIMERCADO;23/02/2012;106,256687
JGP STRATEGY FIC MULTIMERCADO;24/02/2012;106,269704
JGP STRATEGY FIC MULTIMERCADO;27/02/2012;106,323745
JGP STRATEGY FIC MULTIMERCADO;28/02/2012;106,533929
JGP STRATEGY FIC MULTIMERCADO;29/02/2012;106,351737
JGP STRATEGY FIC MULTIMERCADO;01/03/2012;106,710611
JGP STRATEGY FIC MULTIMERCADO;02/03/2012;106,972383
JGP STRATEGY FIC MULTIMERCADO;05/03/2012;107,034472
JGP STRATEGY FIC MULTIMERCADO;06/03/2012;107,288895
JGP STRATEGY FIC MULTIMERCADO;07/03/2012;107,569003
JGP STRATEGY FIC MULTIMERCADO;08/03/2012;107,722585
JGP STRATEGY FIC MULTIMERCADO;09/03/2012;107,6665
JGP STRATEGY FIC MULTIMERCADO;12/03/2012;107,967299
JGP STRATEGY FIC MULTIMERCADO;13/03/2012;107,819316
JGP STRATEGY FIC MULTIMERCADO;14/03/2012;107,659685
JGP STRATEGY FIC MULTIMERCADO;15/03/2012;107,325182
JGP STRATEGY FIC MULTIMERCADO;16/03/2012;107,405775
JGP STRATEGY FIC MULTIMERCADO;19/03/2012;107,476812
JGP STRATEGY FIC MULTIMERCADO;20/03/2012;107,52622
JGP STRATEGY FIC MULTIMERCADO;21/03/2012;107,530519
JGP STRATEGY FIC MULTIMERCADO;22/03/2012;107,395639
JGP STRATEGY FIC MULTIMERCADO;23/03/2012;107,339664
JGP STRATEGY FIC MULTIMERCADO;26/03/2012;107,628998
JGP STRATEGY FIC MULTIMERCADO;27/03/2012;107,168833
JGP STRATEGY FIC MULTIMERCADO;28/03/2012;107,287131
JGP STRATEGY FIC MULTIMERCADO;29/03/2012;107,379833
JGP STRATEGY FIC MULTIMERCADO;30/03/2012;107,200906
JGP STRATEGY FIC MULTIMERCADO;02/04/2012;107,428712
JGP STRATEGY FIC MULTIMERCADO;03/04/2012;107,518104
JGP STRATEGY FIC MULTIMERCADO;04/04/2012;107,399401
JGP STRATEGY FIC MULTIMERCADO;05/04/2012;107,380321
JGP STRATEGY FIC MULTIMERCADO;09/04/2012;107,025466
JGP STRATEGY FIC MULTIMERCADO;10/04/2012;106,925552
JGP STRATEGY FIC MULTIMERCADO;11/04/2012;106,988769
JGP STRATEGY FIC MULTIMERCADO;12/04/2012;106,894443
JGP STRATEGY FIC MULTIMERCADO;13/04/2012;106,899305
JGP STRATEGY FIC MULTIMERCADO;16/04/2012;106,861596
JGP STRATEGY FIC MULTIMERCADO;17/04/2012;106,895684
JGP STRATEGY FIC MULTIMERCADO;18/04/2012;107,283577
JGP STRATEGY FIC MULTIMERCADO;19/04/2012;107,335865
JGP STRATEGY FIC MULTIMERCADO;20/04/2012;107,232398
JGP STRATEGY FIC MULTIMERCADO;23/04/2012;107,127989
JGP STRATEGY FIC MULTIMERCADO;24/04/2012;107,216457
JGP STRATEGY FIC MULTIMERCADO;25/04/2012;107,463241
JGP STRATEGY FIC MULTIMERCADO;26/04/2012;107,550201
JGP STRATEGY FIC MULTIMERCADO;27/04/2012;107,698438
JGP STRATEGY FIC MULTIMERCADO;30/04/2012;107,718154
JGP STRATEGY FIC MULTIMERCADO;02/05/2012;107,549606
JGP STRATEGY FIC MULTIMERCADO;03/05/2012;107,599455
JGP STRATEGY FIC MULTIMERCADO;04/05/2012;107,849577
JGP STRATEGY FIC MULTIMERCADO;07/05/2012;108,030987
JGP STRATEGY FIC MULTIMERCADO;08/05/2012;108,274949
JGP STRATEGY FIC MULTIMERCADO;09/05/2012;108,598039
JGP STRATEGY FIC MULTIMERCADO;10/05/2012;108,762156
JGP STRATEGY FIC MULTIMERCADO;11/05/2012;109,047535
JGP STRATEGY FIC MULTIMERCADO;14/05/2012;109,388747
JGP STRATEGY FIC MULTIMERCADO;15/05/2012;109,440864
JGP STRATEGY FIC MULTIMERCADO;16/05/2012;109,331944
JGP STRATEGY FIC MULTIMERCADO;17/05/2012;109,457627
JGP STRATEGY FIC MULTIMERCADO;18/05/2012;109,261676
JGP STRATEGY FIC MULTIMERCADO;21/05/2012;109,053918
JGP STRATEGY FIC MULTIMERCADO;22/05/2012;109,129308
JGP STRATEGY FIC MULTIMERCADO;23/05/2012;109,418384
JGP STRATEGY FIC MULTIMERCADO;24/05/2012;109,632894
JGP STRATEGY FIC MULTIMERCADO;25/05/2012;109,675957
JGP STRATEGY FIC MULTIMERCADO;28/05/2012;109,111185
JGP STRATEGY FIC MULTIMERCADO;29/05/2012;109,526755
JGP STRATEGY FIC MULTIMERCADO;30/05/2012;109,692914
JGP STRATEGY FIC MULTIMERCADO;31/05/2012;109,709149
JGP STRATEGY FIC MULTIMERCADO;01/06/2012;109,668263
JGP STRATEGY FIC MULTIMERCADO;04/06/2012;109,416459
JGP STRATEGY FIC MULTIMERCADO;05/06/2012;109,675002
JGP STRATEGY FIC MULTIMERCADO;06/06/2012;109,354925
JGP STRATEGY FIC MULTIMERCADO;08/06/2012;109,39632
JGP STRATEGY FIC MULTIMERCADO;11/06/2012;109,266726
JGP STRATEGY FIC MULTIMERCADO;12/06/2012;109,208775
JGP STRATEGY FIC MULTIMERCADO;13/06/2012;109,142542
JGP STRATEGY FIC MULTIMERCADO;14/06/2012;109,249169
JGP STRATEGY FIC MULTIMERCADO;15/06/2012;109,132496
JGP STRATEGY FIC MULTIMERCADO;18/06/2012;109,265439
JGP STRATEGY FIC MULTIMERCADO;19/06/2012;109,426138
JGP STRATEGY FIC MULTIMERCADO;20/06/2012;109,761962
JGP STRATEGY FIC MULTIMERCADO;21/06/2012;109,492427
JGP STRATEGY FIC MULTIMERCADO;22/06/2012;109,538709
JGP STRATEGY FIC MULTIMERCADO;25/06/2012;109,509919
JGP STRATEGY FIC MULTIMERCADO;26/06/2012;109,457464
JGP STRATEGY FIC MULTIMERCADO;27/06/2012;109,8331
JGP STRATEGY FIC MULTIMERCADO;28/06/2012;109,714737
JGP STRATEGY FIC MULTIMERCADO;29/06/2012;110,296486
JGP STRATEGY FIC MULTIMERCADO;02/07/2012;110,631088
JGP STRATEGY FIC MULTIMERCADO;03/07/2012;110,637681
JGP STRATEGY FIC MULTIMERCADO;04/07/2012;110,871501
JGP STRATEGY FIC MULTIMERCADO;05/07/2012;110,774533
JGP STRATEGY FIC MULTIMERCADO;06/07/2012;110,935188
JGP STRATEGY FIC MULTIMERCADO;09/07/2012;110,908575
JGP STRATEGY FIC MULTIMERCADO;10/07/2012;110,798689
JGP STRATEGY FIC MULTIMERCADO;11/07/2012;110,942989
JGP STRATEGY FIC MULTIMERCADO;12/07/2012;111,052108
JGP STRATEGY FIC MULTIMERCADO;13/07/2012;111,305902
JGP STRATEGY FIC MULTIMERCADO;16/07/2012;111,593289
JGP STRATEGY FIC MULTIMERCADO;17/07/2012;111,732348
JGP STRATEGY FIC MULTIMERCADO;18/07/2012;111,675089
JGP STRATEGY FIC MULTIMERCADO;19/07/2012;111,712207
JGP STRATEGY FIC MULTIMERCADO;20/07/2012;112,084113
JGP STRATEGY FIC MULTIMERCADO;23/07/2012;112,322565
JGP STRATEGY FIC MULTIMERCADO;24/07/2012;112,519652
JGP STRATEGY FIC MULTIMERCADO;25/07/2012;112,466331
JGP STRATEGY FIC MULTIMERCADO;26/07/2012;112,273778
JGP STRATEGY FIC MULTIMERCADO;27/07/2012;112,284654
JGP STRATEGY FIC MULTIMERCADO;30/07/2012;112,2694
JGP STRATEGY FIC MULTIMERCADO;31/07/2012;112,489481
JGP STRATEGY FIC MULTIMERCADO;01/08/2012;112,432595
JGP STRATEGY FIC MULTIMERCADO;02/08/2012;112,354593
JGP STRATEGY FIC MULTIMERCADO;03/08/2012;112,519179
JGP STRATEGY FIC MULTIMERCADO;06/08/2012;112,704004
JGP STRATEGY FIC MULTIMERCADO;07/08/2012;112,851946
JGP STRATEGY FIC MULTIMERCADO;08/08/2012;113,256124
JGP STRATEGY FIC MULTIMERCADO;09/08/2012;113,287019
JGP STRATEGY FIC MULTIMERCADO;10/08/2012;113,457609
JGP STRATEGY FIC MULTIMERCADO;13/08/2012;113,269877
JGP STRATEGY FIC MULTIMERCADO;14/08/2012;113,201587
JGP STRATEGY FIC MULTIMERCADO;15/08/2012;113,205173
JGP STRATEGY FIC MULTIMERCADO;16/08/2012;113,239106
JGP STRATEGY FIC MULTIMERCADO;17/08/2012;113,106427
JGP STRATEGY FIC MULTIMERCADO;20/08/2012;113,182274
JGP STRATEGY FIC MULTIMERCADO;21/08/2012;113,252732
JGP STRATEGY FIC MULTIMERCADO;22/08/2012;113,265284
JGP STRATEGY FIC MULTIMERCADO;23/08/2012;113,391848
JGP STRATEGY FIC MULTIMERCADO;24/08/2012;113,348158
JGP STRATEGY FIC MULTIMERCADO;27/08/2012;113,327051
JGP STRATEGY FIC MULTIMERCADO;28/08/2012;113,38048
JGP STRATEGY FIC MULTIMERCADO;29/08/2012;113,395471
JGP STRATEGY FIC MULTIMERCADO;30/08/2012;113,367296
JGP STRATEGY FIC MULTIMERCADO;31/08/2012;113,47219
JGP STRATEGY FIC MULTIMERCADO;03/09/2012;113,557575
JGP STRATEGY FIC MULTIMERCADO;04/09/2012;113,884628
JGP STRATEGY FIC MULTIMERCADO;05/09/2012;113,959617
JGP STRATEGY FIC MULTIMERCADO;06/09/2012;114,169025
JGP STRATEGY FIC MULTIMERCADO;10/09/2012;114,253294
JGP STRATEGY FIC MULTIMERCADO;11/09/2012;114,202704
JGP STRATEGY FIC MULTIMERCADO;12/09/2012;114,320267
JGP STRATEGY FIC MULTIMERCADO;13/09/2012;114,323641
JGP STRATEGY FIC MULTIMERCADO;14/09/2012;114,401056
JGP STRATEGY FIC MULTIMERCADO;17/09/2012;114,353387
JGP STRATEGY FIC MULTIMERCADO;18/09/2012;114,35392
JGP STRATEGY FIC MULTIMERCADO;19/09/2012;114,174298
JGP STRATEGY FIC MULTIMERCADO;20/09/2012;114,306048
JGP STRATEGY FIC MULTIMERCADO;21/09/2012;114,541532
JGP STRATEGY FIC MULTIMERCADO;24/09/2012;114,689782
JGP STRATEGY FIC MULTIMERCADO;25/09/2012;114,797514
JGP STRATEGY FIC MULTIMERCADO;26/09/2012;114,796027
JGP STRATEGY FIC MULTIMERCADO;27/09/2012;114,960796
JGP STRATEGY FIC MULTIMERCADO;28/09/2012;114,897445
JGP STRATEGY FIC MULTIMERCADO;01/10/2012;114,976218
JGP STRATEGY FIC MULTIMERCADO;02/10/2012;115,256087
JGP STRATEGY FIC MULTIMERCADO;03/10/2012;115,395798
JGP STRATEGY FIC MULTIMERCADO;04/10/2012;115,579441
JGP STRATEGY FIC MULTIMERCADO;05/10/2012;115,926017
JGP STRATEGY FIC MULTIMERCADO;08/10/2012;115,732559
JGP STRATEGY FIC MULTIMERCADO;09/10/2012;115,624698
JGP STRATEGY FIC MULTIMERCADO;10/10/2012;115,787192
JGP STRATEGY FIC MULTIMERCADO;11/10/2012;116,055985
JGP STRATEGY FIC MULTIMERCADO;15/10/2012;115,888484
JGP STRATEGY FIC MULTIMERCADO;16/10/2012;116,074936
JGP STRATEGY FIC MULTIMERCADO;17/10/2012;116,003229
JGP STRATEGY FIC MULTIMERCADO;18/10/2012;116,067821
JGP STRATEGY FIC MULTIMERCADO;19/10/2012;116,159906
JGP STRATEGY FIC MULTIMERCADO;22/10/2012;116,255985
JGP STRATEGY FIC MULTIMERCADO;23/10/2012;116,19759
JGP STRATEGY FIC MULTIMERCADO;24/10/2012;116,45036
JGP STRATEGY FIC MULTIMERCADO;25/10/2012;116,291828
JGP STRATEGY FIC MULTIMERCADO;26/10/2012;116,543545
JGP STRATEGY FIC MULTIMERCADO;29/10/2012;116,674351
JGP STRATEGY FIC MULTIMERCADO;30/10/2012;116,63014
JGP STRATEGY FIC MULTIMERCADO;31/10/2012;116,941676
JGP STRATEGY FIC MULTIMERCADO;01/11/2012;116,917143
JGP STRATEGY FIC MULTIMERCADO;05/11/2012;116,794431
JGP STRATEGY FIC MULTIMERCADO;06/11/2012;116,638868
JGP STRATEGY FIC MULTIMERCADO;07/11/2012;116,572881
JGP STRATEGY FIC MULTIMERCADO;08/11/2012;116,570245
JGP STRATEGY FIC MULTIMERCADO;09/11/2012;116,62406
JGP STRATEGY FIC MULTIMERCADO;12/11/2012;116,63809
JGP STRATEGY FIC MULTIMERCADO;13/11/2012;116,644343
JGP STRATEGY FIC MULTIMERCADO;14/11/2012;116,490464
JGP STRATEGY FIC MULTIMERCADO;16/11/2012;116,801514
JGP STRATEGY FIC MULTIMERCADO;19/11/2012;116,905041
JGP STRATEGY FIC MULTIMERCADO;20/11/2012;116,902265
JGP STRATEGY FIC MULTIMERCADO;21/11/2012;116,788378
JGP STRATEGY FIC MULTIMERCADO;22/11/2012;116,97346
JGP STRATEGY FIC MULTIMERCADO;23/11/2012;117,00874
JGP STRATEGY FIC MULTIMERCADO;26/11/2012;116,922819
JGP STRATEGY FIC MULTIMERCADO;27/11/2012;116,913927
JGP STRATEGY FIC MULTIMERCADO;28/11/2012;116,859538
JGP STRATEGY FIC MULTIMERCADO;29/11/2012;117,036852
JGP STRATEGY FIC MULTIMERCADO;30/11/2012;117,3522
JGP STRATEGY FIC MULTIMERCADO;03/12/2012;117,365595
JGP STRATEGY FIC MULTIMERCADO;04/12/2012;117,482093
JGP STRATEGY FIC MULTIMERCADO;05/12/2012;117,588605
JGP STRATEGY FIC MULTIMERCADO;06/12/2012;117,925195
JGP STRATEGY FIC MULTIMERCADO;07/12/2012;117,903786
JGP STRATEGY FIC MULTIMERCADO;10/12/2012;117,816649
JGP STRATEGY FIC MULTIMERCADO;11/12/2012;117,744404
JGP STRATEGY FIC MULTIMERCADO;12/12/2012;117,870359
JGP STRATEGY FIC MULTIMERCADO;13/12/2012;117,830206
JGP STRATEGY FIC MULTIMERCADO;14/12/2012;117,795881
JGP STRATEGY FIC MULTIMERCADO;17/12/2012;117,890077
JGP STRATEGY FIC MULTIMERCADO;18/12/2012;117,948101
JGP STRATEGY FIC MULTIMERCADO;19/12/2012;117,973065
JGP STRATEGY FIC MULTIMERCADO;20/12/2012;117,955713
JGP STRATEGY FIC MULTIMERCADO;21/12/2012;118,106859
JGP STRATEGY FIC MULTIMERCADO;24/12/2012;118,12037
JGP STRATEGY FIC MULTIMERCADO;26/12/2012;118,306476
JGP STRATEGY FIC MULTIMERCADO;27/12/2012;118,479638
JGP STRATEGY FIC MULTIMERCADO;28/12/2012;118,442915
JGP STRATEGY FIC MULTIMERCADO;31/12/2012;118,420829
JGP STRATEGY FIC MULTIMERCADO;02/01/2013;118,559607
JGP STRATEGY FIC MULTIMERCADO;03/01/2013;118,574594
JGP STRATEGY FIC MULTIMERCADO;04/01/2013;118,79014
JGP STRATEGY FIC MULTIMERCADO;07/01/2013;118,840076
JGP STRATEGY FIC MULTIMERCADO;08/01/2013;118,733051
JGP STRATEGY FIC MULTIMERCADO;09/01/2013;118,803825
JGP STRATEGY FIC MULTIMERCADO;10/01/2013;119,004664
JGP STRATEGY FIC MULTIMERCADO;11/01/2013;118,954521
JGP STRATEGY FIC MULTIMERCADO;14/01/2013;119,023063
JGP STRATEGY FIC MULTIMERCADO;15/01/2013;118,925227
JGP STRATEGY FIC MULTIMERCADO;16/01/2013;119,068358
JGP STRATEGY FIC MULTIMERCADO;17/01/2013;118,974804
JGP STRATEGY FIC MULTIMERCADO;18/01/2013;119,093212
JGP STRATEGY FIC MULTIMERCADO;21/01/2013;119,112379
JGP STRATEGY FIC MULTIMERCADO;22/01/2013;119,199794
JGP STRATEGY FIC MULTIMERCADO;23/01/2013;119,104153
JGP STRATEGY FIC MULTIMERCADO;24/01/2013;119,214232
JGP STRATEGY FIC MULTIMERCADO;25/01/2013;119,252831
JGP STRATEGY FIC MULTIMERCADO;28/01/2013;119,373751
JGP STRATEGY FIC MULTIMERCADO;29/01/2013;119,326649
JGP STRATEGY FIC MULTIMERCADO;30/01/2013;119,184857
JGP STRATEGY FIC MULTIMERCADO;31/01/2013;119,18151
JGP STRATEGY FIC MULTIMERCADO;01/02/2013;119,503353
JGP STRATEGY FIC MULTIMERCADO;04/02/2013;119,469866
JGP STRATEGY FIC MULTIMERCADO;05/02/2013;119,559483
JGP STRATEGY FIC MULTIMERCADO;06/02/2013;119,510005
JGP STRATEGY FIC MULTIMERCADO;07/02/2013;119,709844
JGP STRATEGY FIC MULTIMERCADO;08/02/2013;119,878938
JGP STRATEGY FIC MULTIMERCADO;13/02/2013;119,894597
JGP STRATEGY FIC MULTIMERCADO;14/02/2013;119,85325
JGP STRATEGY FIC MULTIMERCADO;15/02/2013;119,976105
JGP STRATEGY FIC MULTIMERCADO;18/02/2013;120,068092
JGP STRATEGY FIC MULTIMERCADO;19/02/2013;120,088006
JGP STRATEGY FIC MULTIMERCADO;20/02/2013;120,107955
JGP STRATEGY FIC MULTIMERCADO;21/02/2013;120,305751
JGP STRATEGY FIC MULTIMERCADO;22/02/2013;120,286278
JGP STRATEGY FIC MULTIMERCADO;25/02/2013;120,434384
JGP STRATEGY FIC MULTIMERCADO;26/02/2013;120,590385
JGP STRATEGY FIC MULTIMERCADO;27/02/2013;120,447149
JGP STRATEGY FIC MULTIMERCADO;28/02/2013;120,346
JGP STRATEGY FIC MULTIMERCADO;01/03/2013;120,43685
JGP STRATEGY FIC MULTIMERCADO;04/03/2013;120,42315
JGP STRATEGY FIC MULTIMERCADO;05/03/2013;120,555479
JGP STRATEGY FIC MULTIMERCADO;06/03/2013;120,608607
JGP STRATEGY FIC MULTIMERCADO;07/03/2013;120,368936
JGP STRATEGY FIC MULTIMERCADO;08/03/2013;120,659611
JGP STRATEGY FIC MULTIMERCADO;11/03/2013;120,53839
JGP STRATEGY FIC MULTIMERCADO;12/03/2013;120,492513
JGP STRATEGY FIC MULTIMERCADO;13/03/2013;120,65378
JGP STRATEGY FIC MULTIMERCADO;14/03/2013;120,737009
JGP STRATEGY FIC MULTIMERCADO;15/03/2013;120,765155
JGP STRATEGY FIC MULTIMERCADO;18/03/2013;120,845878
JGP STRATEGY FIC MULTIMERCADO;19/03/2013;120,998314
JGP STRATEGY FIC MULTIMERCADO;20/03/2013;121,071627
JGP STRATEGY FIC MULTIMERCADO;21/03/2013;121,178164
JGP STRATEGY FIC MULTIMERCADO;22/03/2013;121,216783
JGP STRATEGY FIC MULTIMERCADO;25/03/2013;121,292615
JGP STRATEGY FIC MULTIMERCADO;26/03/2013;121,165974
JGP STRATEGY FIC MULTIMERCADO;27/03/2013;121,199464
JGP STRATEGY FIC MULTIMERCADO;28/03/2013;121,259584
JGP STRATEGY FIC MULTIMERCADO;01/04/2013;121,123577
JGP STRATEGY FIC MULTIMERCADO;02/04/2013;121,144638
JGP STRATEGY FIC MULTIMERCADO;03/04/2013;121,31326
JGP STRATEGY FIC MULTIMERCADO;04/04/2013;121,137324
JGP STRATEGY FIC MULTIMERCADO;05/04/2013;121,221725
JGP STRATEGY FIC MULTIMERCADO;08/04/2013;121,384132
JGP STRATEGY FIC MULTIMERCADO;09/04/2013;121,25252
JGP STRATEGY FIC MULTIMERCADO;10/04/2013;121,241057
JGP STRATEGY FIC MULTIMERCADO;11/04/2013;121,287398
JGP STRATEGY FIC MULTIMERCADO;12/04/2013;121,027674
JGP STRATEGY FIC MULTIMERCADO;15/04/2013;121,082385
JGP STRATEGY FIC MULTIMERCADO;16/04/2013;121,123096
JGP STRATEGY FIC MULTIMERCADO;17/04/2013;121,352087
JGP STRATEGY FIC MULTIMERCADO;18/04/2013;121,960515
JGP STRATEGY FIC MULTIMERCADO;19/04/2013;121,999554
JGP STRATEGY FIC MULTIMERCADO;22/04/2013;121,934118
JGP STRATEGY FIC MULTIMERCADO;23/04/2013;121,91155
JGP STRATEGY FIC MULTIMERCADO;24/04/2013;122,066935
JGP STRATEGY FIC MULTIMERCADO;25/04/2013;121,991621
JGP STRATEGY FIC MULTIMERCADO;26/04/2013;121,925583
JGP STRATEGY FIC MULTIMERCADO;29/04/2013;121,938899
JGP STRATEGY FIC MULTIMERCADO;30/04/2013;122,228361
JGP STRATEGY FIC MULTIMERCADO;02/05/2013;122,276943
JGP STRATEGY FIC MULTIMERCADO;03/05/2013;122,344551
JGP STRATEGY FIC MULTIMERCADO;06/05/2013;122,386601
JGP STRATEGY FIC MULTIMERCADO;07/05/2013;122,477331
JGP STRATEGY FIC MULTIMERCADO;08/05/2013;122,721647
JGP STRATEGY FIC MULTIMERCADO;09/05/2013;123,050661
JGP STRATEGY FIC MULTIMERCADO;10/05/2013;123,419682
JGP STRATEGY FIC MULTIMERCADO;13/05/2013;123,338651
JGP STRATEGY FIC MULTIMERCADO;14/05/2013;123,466594
JGP STRATEGY FIC MULTIMERCADO;15/05/2013;123,735769
JGP STRATEGY FIC MULTIMERCADO;16/05/2013;123,672904
JGP STRATEGY FIC MULTIMERCADO;17/05/2013;123,643041
JGP STRATEGY FIC MULTIMERCADO;20/05/2013;123,637963
JGP STRATEGY FIC MULTIMERCADO;21/05/2013;123,589913
JGP STRATEGY FIC MULTIMERCADO;22/05/2013;123,666176
JGP STRATEGY FIC MULTIMERCADO;23/05/2013;123,460155
JGP STRATEGY FIC MULTIMERCADO;24/05/2013;123,549649
JGP STRATEGY FIC MULTIMERCADO;27/05/2013;123,512688
JGP STRATEGY FIC MULTIMERCADO;28/05/2013;123,842774
JGP STRATEGY FIC MULTIMERCADO;29/05/2013;124,284335
JGP STRATEGY FIC MULTIMERCADO;31/05/2013;124,8543
JGP STRATEGY FIC MULTIMERCADO;03/06/2013;124,471227
JGP STRATEGY FIC MULTIMERCADO;04/06/2013;124,443089
JGP STRATEGY FIC MULTIMERCADO;05/06/2013;124,55163
JGP STRATEGY FIC MULTIMERCADO;06/06/2013;124,471825
JGP STRATEGY FIC MULTIMERCADO;07/06/2013;124,597574
JGP STRATEGY FIC MULTIMERCADO;10/06/2013;124,536687
JGP STRATEGY FIC MULTIMERCADO;11/06/2013;124,718304
JGP STRATEGY FIC MULTIMERCADO;12/06/2013;124,832506
JGP STRATEGY FIC MULTIMERCADO;13/06/2013;124,873008
JGP STRATEGY FIC MULTIMERCADO;14/06/2013;124,760544
JGP STRATEGY FIC MULTIMERCADO;17/06/2013;124,73051
JGP STRATEGY FIC MULTIMERCADO;18/06/2013;124,206193
JGP STRATEGY FIC MULTIMERCADO;19/06/2013;124,399423
JGP STRATEGY FIC MULTIMERCADO;20/06/2013;124,071945
JGP STRATEGY FIC MULTIMERCADO;21/06/2013;124,397321
JGP STRATEGY FIC MULTIMERCADO;24/06/2013;124,312812
JGP STRATEGY FIC MULTIMERCADO;25/06/2013;124,257468
JGP STRATEGY FIC MULTIMERCADO;26/06/2013;124,303064
JGP STRATEGY FIC MULTIMERCADO;27/06/2013;124,328156
JGP STRATEGY FIC MULTIMERCADO;28/06/2013;124,592231
JGP STRATEGY FIC MULTIMERCADO;01/07/2013;124,538195
JGP STRATEGY FIC MULTIMERCADO;02/07/2013;124,725325
JGP STRATEGY FIC MULTIMERCADO;03/07/2013;124,766224
JGP STRATEGY FIC MULTIMERCADO;04/07/2013;124,730443
JGP STRATEGY FIC MULTIMERCADO;05/07/2013;124,572198
JGP STRATEGY FIC MULTIMERCADO;08/07/2013;124,713379
JGP STRATEGY FIC MULTIMERCADO;09/07/2013;124,769684
JGP STRATEGY FIC MULTIMERCADO;10/07/2013;124,569469
JGP STRATEGY FIC MULTIMERCADO;11/07/2013;124,405108
JGP STRATEGY FIC MULTIMERCADO;12/07/2013;124,684764
JGP STRATEGY FIC MULTIMERCADO;15/07/2013;124,133751
JGP STRATEGY FIC MULTIMERCADO;16/07/2013;124,196523
JGP STRATEGY FIC MULTIMERCADO;17/07/2013;124,157548
JGP STRATEGY FIC MULTIMERCADO;18/07/2013;124,174497
JGP STRATEGY FIC MULTIMERCADO;19/07/2013;124,357895
JGP STRATEGY FIC MULTIMERCADO;22/07/2013;124,313071
JGP STRATEGY FIC MULTIMERCADO;23/07/2013;124,284934
JGP STRATEGY FIC MULTIMERCADO;24/07/2013;124,585735
JGP STRATEGY FIC MULTIMERCADO;25/07/2013;124,574486
JGP STRATEGY FIC MULTIMERCADO;26/07/2013;124,529377
JGP STRATEGY FIC MULTIMERCADO;29/07/2013;124,761847
JGP STRATEGY FIC MULTIMERCADO;30/07/2013;125,076797
JGP STRATEGY FIC MULTIMERCADO;31/07/2013;125,318521
JGP STRATEGY FIC MULTIMERCADO;01/08/2013;125,317001
JGP STRATEGY FIC MULTIMERCADO;02/08/2013;125,319979
JGP STRATEGY FIC MULTIMERCADO;05/08/2013;125,559082
JGP STRATEGY FIC MULTIMERCADO;06/08/2013;125,828154
JGP STRATEGY FIC MULTIMERCADO;07/08/2013;125,864184
JGP STRATEGY FIC MULTIMERCADO;08/08/2013;125,605199
JGP STRATEGY FIC MULTIMERCADO;09/08/2013;125,406431
JGP STRATEGY FIC MULTIMERCADO;12/08/2013;125,130336
JGP STRATEGY FIC MULTIMERCADO;13/08/2013;125,345807
JGP STRATEGY FIC MULTIMERCADO;14/08/2013;125,341094
JGP STRATEGY FIC MULTIMERCADO;15/08/2013;125,45493
JGP STRATEGY FIC MULTIMERCADO;16/08/2013;125,623999
JGP STRATEGY FIC MULTIMERCADO;19/08/2013;125,721833
JGP STRATEGY FIC MULTIMERCADO;20/08/2013;125,636388
JGP STRATEGY FIC MULTIMERCADO;21/08/2013;126,125746
JGP STRATEGY FIC MULTIMERCADO;22/08/2013;126,076075
JGP STRATEGY FIC MULTIMERCADO;23/08/2013;125,833154
JGP STRATEGY FIC MULTIMERCADO;26/08/2013;125,971179
JGP STRATEGY FIC MULTIMERCADO;27/08/2013;126,237004
JGP STRATEGY FIC MULTIMERCADO;28/08/2013;126,300574
JGP STRATEGY FIC MULTIMERCADO;29/08/2013;126,323561
JGP STRATEGY FIC MULTIMERCADO;30/08/2013;126,454599
JGP STRATEGY FIC MULTIMERCADO;02/09/2013;126,076519
JGP STRATEGY FIC MULTIMERCADO;03/09/2013;126,074279
JGP STRATEGY FIC MULTIMERCADO;04/09/2013;126,127239
JGP STRATEGY FIC MULTIMERCADO;05/09/2013;126,127144
JGP STRATEGY FIC MULTIMERCADO;06/09/2013;125,774033
JGP STRATEGY FIC MULTIMERCADO;09/09/2013;125,779699
JGP STRATEGY FIC MULTIMERCADO;10/09/2013;125,765021
JGP STRATEGY FIC MULTIMERCADO;11/09/2013;125,734729
JGP STRATEGY FIC MULTIMERCADO;12/09/2013;125,749762
JGP STRATEGY FIC MULTIMERCADO;13/09/2013;125,804993
JGP STRATEGY FIC MULTIMERCADO;16/09/2013;125,753576
JGP STRATEGY FIC MULTIMERCADO;17/09/2013;125,769486
JGP STRATEGY FIC MULTIMERCADO;18/09/2013;125,841277
JGP STRATEGY FIC MULTIMERCADO;19/09/2013;126,132231
JGP STRATEGY FIC MULTIMERCADO;20/09/2013;126,111823
JGP STRATEGY FIC MULTIMERCADO;23/09/2013;126,276691
JGP STRATEGY FIC MULTIMERCADO;24/09/2013;126,371261
JGP STRATEGY FIC MULTIMERCADO;25/09/2013;126,472459
JGP STRATEGY FIC MULTIMERCADO;26/09/2013;126,401463
JGP STRATEGY FIC MULTIMERCADO;27/09/2013;126,423489
JGP STRATEGY FIC MULTIMERCADO;30/09/2013;126,385279
JGP STRATEGY FIC MULTIMERCADO;01/10/2013;126,406642
JGP STRATEGY FIC MULTIMERCADO;02/10/2013;126,372701
JGP STRATEGY FIC MULTIMERCADO;03/10/2013;126,424242
JGP STRATEGY FIC MULTIMERCADO;04/10/2013;126,453715
JGP STRATEGY FIC MULTIMERCADO;07/10/2013;126,356341
JGP STRATEGY FIC MULTIMERCADO;08/10/2013;126,400862
JGP STRATEGY FIC MULTIMERCADO;09/10/2013;126,577204
JGP STRATEGY FIC MULTIMERCADO;10/10/2013;126,532734
JGP STRATEGY FIC MULTIMERCADO;11/10/2013;126,635335
JGP STRATEGY FIC MULTIMERCADO;14/10/2013;126,69801
JGP STRATEGY FIC MULTIMERCADO;15/10/2013;126,682268
JGP STRATEGY FIC MULTIMERCADO;16/10/2013;126,823979
JGP STRATEGY FIC MULTIMERCADO;17/10/2013;126,864683
JGP STRATEGY FIC MULTIMERCADO;18/10/2013;126,939014
JGP STRATEGY FIC MULTIMERCADO;21/10/2013;126,983739
JGP STRATEGY FIC MULTIMERCADO;22/10/2013;126,95983
JGP STRATEGY FIC MULTIMERCADO;23/10/2013;127,028616
JGP STRATEGY FIC MULTIMERCADO;24/10/2013;127,089834
JGP STRATEGY FIC MULTIMERCADO;25/10/2013;127,011915
JGP STRATEGY FIC MULTIMERCADO;28/10/2013;127,013146
JGP STRATEGY FIC MULTIMERCADO;29/10/2013;127,16436
JGP STRATEGY FIC MULTIMERCADO;30/10/2013;127,205488
JGP STRATEGY FIC MULTIMERCADO;31/10/2013;127,31711
JGP STRATEGY FIC MULTIMERCADO;01/11/2013;127,449243
JGP STRATEGY FIC MULTIMERCADO;04/11/2013;127,466505
JGP STRATEGY FIC MULTIMERCADO;05/11/2013;127,739236
JGP STRATEGY FIC MULTIMERCADO;06/11/2013;127,680191
JGP STRATEGY FIC MULTIMERCADO;07/11/2013;127,774829
JGP STRATEGY FIC MULTIMERCADO;08/11/2013;127,778014
JGP STRATEGY FIC MULTIMERCADO;11/11/2013;127,907271
JGP STRATEGY FIC MULTIMERCADO;12/11/2013;128,038014
JGP STRATEGY FIC MULTIMERCADO;13/11/2013;127,988293
JGP STRATEGY FIC MULTIMERCADO;14/11/2013;128,022789
JGP STRATEGY FIC MULTIMERCADO;18/11/2013;127,952119
JGP STRATEGY FIC MULTIMERCADO;19/11/2013;127,931826
JGP STRATEGY FIC MULTIMERCADO;20/11/2013;127,942827
JGP STRATEGY FIC MULTIMERCADO;21/11/2013;128,016174
JGP STRATEGY FIC MULTIMERCADO;22/11/2013;127,987207
JGP STRATEGY FIC MULTIMERCADO;25/11/2013;128,059241
JGP STRATEGY FIC MULTIMERCADO;26/11/2013;127,958227
JGP STRATEGY FIC MULTIMERCADO;27/11/2013;128,253286
JGP STRATEGY FIC MULTIMERCADO;28/11/2013;128,138739
JGP STRATEGY FIC MULTIMERCADO;29/11/2013;128,356554
JGP STRATEGY FIC MULTIMERCADO;02/12/2013;128,432317
JGP STRATEGY FIC MULTIMERCADO;03/12/2013;128,42404
JGP STRATEGY FIC MULTIMERCADO;04/12/2013;128,739388
JGP STRATEGY FIC MULTIMERCADO;05/12/2013;128,507948
JGP STRATEGY FIC MULTIMERCADO;06/12/2013;128,572759
JGP STRATEGY FIC MULTIMERCADO;09/12/2013;128,691833
JGP STRATEGY FIC MULTIMERCADO;10/12/2013;128,663895
JGP STRATEGY FIC MULTIMERCADO;11/12/2013;128,791091
JGP STRATEGY FIC MULTIMERCADO;12/12/2013;128,894219
JGP STRATEGY FIC MULTIMERCADO;13/12/2013;128,920836
JGP STRATEGY FIC MULTIMERCADO;16/12/2013;128,894667
JGP STRATEGY FIC MULTIMERCADO;17/12/2013;128,922021
JGP STRATEGY FIC MULTIMERCADO;18/12/2013;129,01967
JGP STRATEGY FIC MULTIMERCADO;19/12/2013;129,277002
JGP STRATEGY FIC MULTIMERCADO;20/12/2013;129,56307
JGP STRATEGY FIC MULTIMERCADO;23/12/2013;129,364381
JGP STRATEGY FIC MULTIMERCADO;24/12/2013;129,362609
JGP STRATEGY FIC MULTIMERCADO;26/12/2013;129,735357
JGP STRATEGY FIC MULTIMERCADO;27/12/2013;129,86429
JGP STRATEGY FIC MULTIMERCADO;30/12/2013;129,879376
JGP STRATEGY FIC MULTIMERCADO;31/12/2013;130,086122
JGP STRATEGY FIC MULTIMERCADO;02/01/2014;130,236726
JGP STRATEGY FIC MULTIMERCADO;03/01/2014;130,243863
JGP STRATEGY FIC MULTIMERCADO;06/01/2014;130,260797
JGP STRATEGY FIC MULTIMERCADO;07/01/2014;130,255064
JGP STRATEGY FIC MULTIMERCADO;08/01/2014;130,377678
JGP STRATEGY FIC MULTIMERCADO;09/01/2014;130,429468
JGP STRATEGY FIC MULTIMERCADO;10/01/2014;130,291577
JGP STRATEGY FIC MULTIMERCADO;13/01/2014;130,242638
JGP STRATEGY FIC MULTIMERCADO;14/01/2014;130,287701
JGP STRATEGY FIC MULTIMERCADO;15/01/2014;130,391858
JGP STRATEGY FIC MULTIMERCADO;16/01/2014;130,382189
JGP STRATEGY FIC MULTIMERCADO;17/01/2014;130,301561
JGP STRATEGY FIC MULTIMERCADO;20/01/2014;130,309135
JGP STRATEGY FIC MULTIMERCADO;21/01/2014;130,413246
JGP STRATEGY FIC MULTIMERCADO;22/01/2014;130,491415
JGP STRATEGY FIC MULTIMERCADO;23/01/2014;130,598084
JGP STRATEGY FIC MULTIMERCADO;24/01/2014;130,663647
JGP STRATEGY FIC MULTIMERCADO;27/01/2014;130,847698
JGP STRATEGY FIC MULTIMERCADO;28/01/2014;130,87443
JGP STRATEGY FIC MULTIMERCADO;29/01/2014;130,940624
JGP STRATEGY FIC MULTIMERCADO;30/01/2014;130,829865
JGP STRATEGY FIC MULTIMERCADO;31/01/2014;130,914081
JGP STRATEGY FIC MULTIMERCADO;03/02/2014;130,993552
JGP STRATEGY FIC MULTIMERCADO;04/02/2014;131,01746
JGP STRATEGY FIC MULTIMERCADO;05/02/2014;131,139782
JGP STRATEGY FIC MULTIMERCADO;06/02/2014;131,201055
JGP STRATEGY FIC MULTIMERCADO;07/02/2014;131,360294
JGP STRATEGY FIC MULTIMERCADO;10/02/2014;131,475317
JGP STRATEGY FIC MULTIMERCADO;11/02/2014;131,480181
JGP STRATEGY FIC MULTIMERCADO;12/02/2014;131,521723
JGP STRATEGY FIC MULTIMERCADO;13/02/2014;131,504921
JGP STRATEGY FIC MULTIMERCADO;14/02/2014;131,622623
JGP STRATEGY FIC MULTIMERCADO;17/02/2014;131,794284
JGP STRATEGY FIC MULTIMERCADO;18/02/2014;131,967633
JGP STRATEGY FIC MULTIMERCADO;19/02/2014;131,999637
JGP STRATEGY FIC MULTIMERCADO;20/02/2014;132,05682
JGP STRATEGY FIC MULTIMERCADO;21/02/2014;132,016527
JGP STRATEGY FIC MULTIMERCADO;24/02/2014;131,999747
JGP STRATEGY FIC MULTIMERCADO;25/02/2014;131,984692
JGP STRATEGY FIC MULTIMERCADO;26/02/2014;132,11392
JGP STRATEGY FIC MULTIMERCADO;27/02/2014;132,127152
JGP STRATEGY FIC MULTIMERCADO;28/02/2014;132,167708
JGP STRATEGY FIC MULTIMERCADO;05/03/2014;132,183125
JGP STRATEGY FIC MULTIMERCADO;06/03/2014;132,281613
JGP STRATEGY FIC MULTIMERCADO;07/03/2014;132,437934
JGP STRATEGY FIC MULTIMERCADO;10/03/2014;132,475227
JGP STRATEGY FIC MULTIMERCADO;11/03/2014;132,527835
JGP STRATEGY FIC MULTIMERCADO;12/03/2014;132,497015
JGP STRATEGY FIC MULTIMERCADO;13/03/2014;132,523247
JGP STRATEGY FIC MULTIMERCADO;14/03/2014;132,471664
JGP STRATEGY FIC MULTIMERCADO;17/03/2014;132,480936
JGP STRATEGY FIC MULTIMERCADO;18/03/2014;132,467193
JGP STRATEGY FIC MULTIMERCADO;19/03/2014;132,617921
JGP STRATEGY FIC MULTIMERCADO;20/03/2014;132,649515
JGP STRATEGY FIC MULTIMERCADO;21/03/2014;132,636395
JGP STRATEGY FIC MULTIMERCADO;24/03/2014;132,578536
JGP STRATEGY FIC MULTIMERCADO;25/03/2014;132,494892
JGP STRATEGY FIC MULTIMERCADO;26/03/2014;132,429158
JGP STRATEGY FIC MULTIMERCADO;27/03/2014;132,451356
JGP STRATEGY FIC MULTIMERCADO;28/03/2014;132,650558
JGP STRATEGY FIC MULTIMERCADO;31/03/2014;132,708181
JGP STRATEGY FIC MULTIMERCADO;01/04/2014;132,791979
JGP STRATEGY FIC MULTIMERCADO;02/04/2014;132,860571
JGP STRATEGY FIC MULTIMERCADO;03/04/2014;132,957937
JGP STRATEGY FIC MULTIMERCADO;04/04/2014;132,893014
JGP STRATEGY FIC MULTIMERCADO;07/04/2014;132,799057
JGP STRATEGY FIC MULTIMERCADO;08/04/2014;132,723011
JGP STRATEGY FIC MULTIMERCADO;09/04/2014;132,824571
JGP STRATEGY FIC MULTIMERCADO;10/04/2014;132,862132
JGP STRATEGY FIC MULTIMERCADO;11/04/2014;132,930858
JGP STRATEGY FIC MULTIMERCADO;14/04/2014;133,115078
JGP STRATEGY FIC MULTIMERCADO;15/04/2014;133,261213
JGP STRATEGY FIC MULTIMERCADO;16/04/2014;133,272053
JGP STRATEGY FIC MULTIMERCADO;17/04/2014;133,169949
JGP STRATEGY FIC MULTIMERCADO;22/04/2014;133,151671
JGP STRATEGY FIC MULTIMERCADO;23/04/2014;133,242471
JGP STRATEGY FIC MULTIMERCADO;24/04/2014;133,294682
JGP STRATEGY FIC MULTIMERCADO;25/04/2014;133,310483
JGP STRATEGY FIC MULTIMERCADO;28/04/2014;133,350694
JGP STRATEGY FIC MULTIMERCADO;29/04/2014;133,555035
JGP STRATEGY FIC MULTIMERCADO;30/04/2014;133,691008
JGP STRATEGY FIC MULTIMERCADO;02/05/2014;133,903206
JGP STRATEGY FIC MULTIMERCADO;05/05/2014;133,995518
JGP STRATEGY FIC MULTIMERCADO;06/05/2014;134,039172
JGP STRATEGY FIC MULTIMERCADO;07/05/2014;134,122993
JGP STRATEGY FIC MULTIMERCADO;08/05/2014;134,041422
JGP STRATEGY FIC MULTIMERCADO;09/05/2014;133,985884
JGP STRATEGY FIC MULTIMERCADO;12/05/2014;134,034984
JGP STRATEGY FIC MULTIMERCADO;13/05/2014;134,074907
JGP STRATEGY FIC MULTIMERCADO;14/05/2014;134,291837
JGP STRATEGY FIC MULTIMERCADO;15/05/2014;134,342501
JGP STRATEGY FIC MULTIMERCADO;16/05/2014;134,361045
JGP STRATEGY FIC MULTIMERCADO;19/05/2014;134,42967
JGP STRATEGY FIC MULTIMERCADO;20/05/2014;134,579329
JGP STRATEGY FIC MULTIMERCADO;21/05/2014;134,669194
JGP STRATEGY FIC MULTIMERCADO;22/05/2014;134,744525
JGP STRATEGY FIC MULTIMERCADO;23/05/2014;134,770648
JGP STRATEGY FIC MULTIMERCADO;26/05/2014;134,78415
JGP STRATEGY FIC MULTIMERCADO;27/05/2014;134,90102
JGP STRATEGY FIC MULTIMERCADO;28/05/2014;134,943626
JGP STRATEGY FIC MULTIMERCADO;29/05/2014;134,995625
JGP STRATEGY FIC MULTIMERCADO;30/05/2014;135,151325
JGP STRATEGY FIC MULTIMERCADO;02/06/2014;135,06302
JGP STRATEGY FIC MULTIMERCADO;03/06/2014;135,027543
JGP STRATEGY FIC MULTIMERCADO;04/06/2014;135,185744
JGP STRATEGY FIC MULTIMERCADO;05/06/2014;135,192888
JGP STRATEGY FIC MULTIMERCADO;06/06/2014;135,379622
JGP STRATEGY FIC MULTIMERCADO;09/06/2014;135,347828
JGP STRATEGY FIC MULTIMERCADO;10/06/2014;135,372378
JGP STRATEGY FIC MULTIMERCADO;11/06/2014;135,500001
JGP STRATEGY FIC MULTIMERCADO;12/06/2014;135,514158
JGP STRATEGY FIC MULTIMERCADO;13/06/2014;135,888131
JGP STRATEGY FIC MULTIMERCADO;16/06/2014;135,661729
JGP STRATEGY FIC MULTIMERCADO;17/06/2014;135,504313
JGP STRATEGY FIC MULTIMERCADO;18/06/2014;135,681421
JGP STRATEGY FIC MULTIMERCADO;20/06/2014;135,652517
JGP STRATEGY FIC MULTIMERCADO;23/06/2014;135,793479
JGP STRATEGY FIC MULTIMERCADO;24/06/2014;135,835846
JGP STRATEGY FIC MULTIMERCADO;25/06/2014;135,953151
JGP STRATEGY FIC MULTIMERCADO;26/06/2014;136,217144
JGP STRATEGY FIC MULTIMERCADO;27/06/2014;136,016338
JGP STRATEGY FIC MULTIMERCADO;30/06/2014;135,578958
JGP STRATEGY FIC MULTIMERCADO;01/07/2014;135,957624
JGP STRATEGY FIC MULTIMERCADO;02/07/2014;135,793999
JGP STRATEGY FIC MULTIMERCADO;03/07/2014;135,959835
JGP STRATEGY FIC MULTIMERCADO;04/07/2014;135,965776
JGP STRATEGY FIC MULTIMERCADO;07/07/2014;135,999806
JGP STRATEGY FIC MULTIMERCADO;08/07/2014;136,071134
JGP STRATEGY FIC MULTIMERCADO;09/07/2014;136,007358
JGP STRATEGY FIC MULTIMERCADO;10/07/2014;135,869939
JGP STRATEGY FIC MULTIMERCADO;11/07/2014;135,833012
JGP STRATEGY FIC MULTIMERCADO;14/07/2014;135,778268
JGP STRATEGY FIC MULTIMERCADO;15/07/2014;135,757612
JGP STRATEGY FIC MULTIMERCADO;16/07/2014;135,857253
JGP STRATEGY FIC MULTIMERCADO;17/07/2014;135,765789
JGP STRATEGY FIC MULTIMERCADO;18/07/2014;136,150197
JGP STRATEGY FIC MULTIMERCADO;21/07/2014;136,393121
JGP STRATEGY FIC MULTIMERCADO;22/07/2014;136,716634
JGP STRATEGY FIC MULTIMERCADO;23/07/2014;136,551402
JGP STRATEGY FIC MULTIMERCADO;24/07/2014;136,475255
JGP STRATEGY FIC MULTIMERCADO;25/07/2014;136,630112
JGP STRATEGY FIC MULTIMERCADO;28/07/2014;136,59899
JGP STRATEGY FIC MULTIMERCADO;29/07/2014;136,60447
JGP STRATEGY FIC MULTIMERCADO;30/07/2014;136,679031
JGP STRATEGY FIC MULTIMERCADO;31/07/2014;136,686894
JGP STRATEGY FIC MULTIMERCADO;01/08/2014;136,130341
JGP STRATEGY FIC MULTIMERCADO;04/08/2014;136,429386
JGP STRATEGY FIC MULTIMERCADO;05/08/2014;136,49524
JGP STRATEGY FIC MULTIMERCADO;06/08/2014;136,902873
JGP STRATEGY FIC MULTIMERCADO;07/08/2014;136,786543
JGP STRATEGY FIC MULTIMERCADO;08/08/2014;136,741597
JGP STRATEGY FIC MULTIMERCADO;11/08/2014;136,872088
JGP STRATEGY FIC MULTIMERCADO;12/08/2014;136,84035
JGP STRATEGY FIC MULTIMERCADO;13/08/2014;136,643305
JGP STRATEGY FIC MULTIMERCADO;14/08/2014;136,608796
JGP STRATEGY FIC MULTIMERCADO;15/08/2014;136,780763
JGP STRATEGY FIC MULTIMERCADO;18/08/2014;136,88562
JGP STRATEGY FIC MULTIMERCADO;19/08/2014;137,003177
JGP STRATEGY FIC MULTIMERCADO;20/08/2014;137,112189
JGP STRATEGY FIC MULTIMERCADO;21/08/2014;136,90934
JGP STRATEGY FIC MULTIMERCADO;22/08/2014;137,258999
JGP STRATEGY FIC MULTIMERCADO;25/08/2014;137,492084
JGP STRATEGY FIC MULTIMERCADO;26/08/2014;137,738808
JGP STRATEGY FIC MULTIMERCADO;27/08/2014;138,045962
JGP STRATEGY FIC MULTIMERCADO;28/08/2014;138,15714
JGP STRATEGY FIC MULTIMERCADO;29/08/2014;138,302418
JGP STRATEGY FIC MULTIMERCADO;01/09/2014;138,57484
JGP STRATEGY FIC MULTIMERCADO;02/09/2014;138,8713
JGP STRATEGY FIC MULTIMERCADO;03/09/2014;138,884389
JGP STRATEGY FIC MULTIMERCADO;04/09/2014;138,891588
JGP STRATEGY FIC MULTIMERCADO;05/09/2014;138,91797
JGP STRATEGY FIC MULTIMERCADO;08/09/2014;138,934097
JGP STRATEGY FIC MULTIMERCADO;09/09/2014;138,870669
JGP STRATEGY FIC MULTIMERCADO;10/09/2014;138,911698
JGP STRATEGY FIC MULTIMERCADO;11/09/2014;138,942049
JGP STRATEGY FIC MULTIMERCADO;12/09/2014;139,115597
JGP STRATEGY FIC MULTIMERCADO;15/09/2014;139,169544
JGP STRATEGY FIC MULTIMERCADO;16/09/2014;139,120154
JGP STRATEGY FIC MULTIMERCADO;17/09/2014;139,398017
JGP STRATEGY FIC MULTIMERCADO;18/09/2014;139,394545
JGP STRATEGY FIC MULTIMERCADO;19/09/2014;139,556779
JGP STRATEGY FIC MULTIMERCADO;22/09/2014;139,424832
JGP STRATEGY FIC MULTIMERCADO;23/09/2014;139,489221
JGP STRATEGY FIC MULTIMERCADO;24/09/2014;139,55908
JGP STRATEGY FIC MULTIMERCADO;25/09/2014;139,651153
JGP STRATEGY FIC MULTIMERCADO;26/09/2014;139,829281
JGP STRATEGY FIC MULTIMERCADO;29/09/2014;139,660002
JGP STRATEGY FIC MULTIMERCADO;30/09/2014;139,625875
JGP STRATEGY FIC MULTIMERCADO;01/10/2014;139,750236
JGP STRATEGY FIC MULTIMERCADO;02/10/2014;139,755541
JGP STRATEGY FIC MULTIMERCADO;03/10/2014;139,949263
JGP STRATEGY FIC MULTIMERCADO;06/10/2014;139,646697
JGP STRATEGY FIC MULTIMERCADO;07/10/2014;139,876432
JGP STRATEGY FIC MULTIMERCADO;08/10/2014;139,844019
JGP STRATEGY FIC MULTIMERCADO;09/10/2014;139,994819
JGP STRATEGY FIC MULTIMERCADO;10/10/2014;139,403493
JGP STRATEGY FIC MULTIMERCADO;13/10/2014;140,264814
JGP STRATEGY FIC MULTIMERCADO;14/10/2014;140,146517
JGP STRATEGY FIC MULTIMERCADO;15/10/2014;139,286944
JGP STRATEGY FIC MULTIMERCADO;16/10/2014;138,855582
JGP STRATEGY FIC MULTIMERCADO;17/10/2014;139,299249
JGP STRATEGY FIC MULTIMERCADO;20/10/2014;138,569373
JGP STRATEGY FIC MULTIMERCADO;21/10/2014;137,732816
JGP STRATEGY FIC MULTIMERCADO;22/10/2014;137,678147
JGP STRATEGY FIC MULTIMERCADO;23/10/2014;137,606277
JGP STRATEGY FIC MULTIMERCADO;24/10/2014;137,727901
JGP STRATEGY FIC MULTIMERCADO;27/10/2014;137,744954
JGP STRATEGY FIC MULTIMERCADO;28/10/2014;137,748578
JGP STRATEGY FIC MULTIMERCADO;29/10/2014;137,968877
JGP STRATEGY FIC MULTIMERCADO;30/10/2014;137,819596
JGP STRATEGY FIC MULTIMERCADO;31/10/2014;137,970971
JGP STRATEGY FIC MULTIMERCADO;03/11/2014;138,2397
JGP STRATEGY FIC MULTIMERCADO;04/11/2014;138,050069
JGP STRATEGY FIC MULTIMERCADO;05/11/2014;138,173741
JGP STRATEGY FIC MULTIMERCADO;06/11/2014;138,424236
JGP STRATEGY FIC MULTIMERCADO;07/11/2014;138,200403
JGP STRATEGY FIC MULTIMERCADO;10/11/2014;138,205819
JGP STRATEGY FIC MULTIMERCADO;11/11/2014;138,289096
JGP STRATEGY FIC MULTIMERCADO;12/11/2014;138,333259
JGP STRATEGY FIC MULTIMERCADO;13/11/2014;138,678977
JGP STRATEGY FIC MULTIMERCADO;14/11/2014;138,764088
JGP STRATEGY FIC MULTIMERCADO;17/11/2014;138,828344
JGP STRATEGY FIC MULTIMERCADO;18/11/2014;138,658712
JGP STRATEGY FIC MULTIMERCADO;19/11/2014;138,579197
JGP STRATEGY FIC MULTIMERCADO;20/11/2014;138,620415
JGP STRATEGY FIC MULTIMERCADO;21/11/2014;138,701725
JGP STRATEGY FIC MULTIMERCADO;24/11/2014;138,891363
JGP STRATEGY FIC MULTIMERCADO;25/11/2014;138,86718
JGP STRATEGY FIC MULTIMERCADO;26/11/2014;138,871849
JGP STRATEGY FIC MULTIMERCADO;27/11/2014;138,946676
JGP STRATEGY FIC MULTIMERCADO;28/11/2014;139,110517
JGP STRATEGY FIC MULTIMERCADO;01/12/2014;139,126045
JGP STRATEGY FIC MULTIMERCADO;02/12/2014;139,378584
JGP STRATEGY FIC MULTIMERCADO;03/12/2014;139,277178
JGP STRATEGY FIC MULTIMERCADO;04/12/2014;139,679753
JGP STRATEGY FIC MULTIMERCADO;05/12/2014;139,844592
JGP STRATEGY FIC MULTIMERCADO;08/12/2014;140,098605
JGP STRATEGY FIC MULTIMERCADO;09/12/2014;139,931231
JGP STRATEGY FIC MULTIMERCADO;10/12/2014;139,979767
JGP STRATEGY FIC MULTIMERCADO;11/12/2014;140,399186
JGP STRATEGY FIC MULTIMERCADO;12/12/2014;140,269418
JGP STRATEGY FIC MULTIMERCADO;15/12/2014;140,495122
JGP STRATEGY FIC MULTIMERCADO;16/12/2014;140,946668
JGP STRATEGY FIC MULTIMERCADO;17/12/2014;141,010844
JGP STRATEGY FIC MULTIMERCADO;18/12/2014;141,016508
JGP STRATEGY FIC MULTIMERCADO;19/12/2014;140,913083
JGP STRATEGY FIC MULTIMERCADO;22/12/2014;141,0873
JGP STRATEGY FIC MULTIMERCADO;23/12/2014;141,3829
JGP STRATEGY FIC MULTIMERCADO;24/12/2014;141,431906
JGP STRATEGY FIC MULTIMERCADO;26/12/2014;141,450347
JGP STRATEGY FIC MULTIMERCADO;29/12/2014;141,643628
JGP STRATEGY FIC MULTIMERCADO;30/12/2014;141,475961
JGP STRATEGY FIC MULTIMERCADO;31/12/2014;141,524397
JGP STRATEGY FIC MULTIMERCADO;02/01/2015;141,767453
JGP STRATEGY FIC MULTIMERCADO;05/01/2015;141,782576
JGP STRATEGY FIC MULTIMERCADO;06/01/2015;141,650145
JGP STRATEGY FIC MULTIMERCADO;07/01/2015;141,723783
JGP STRATEGY FIC MULTIMERCADO;08/01/2015;141,852882
JGP STRATEGY FIC MULTIMERCADO;09/01/2015;141,577248
JGP STRATEGY FIC MULTIMERCADO;12/01/2015;141,696914
JGP STRATEGY FIC MULTIMERCADO;13/01/2015;141,690072
JGP STRATEGY FIC MULTIMERCADO;14/01/2015;141,537421
JGP STRATEGY FIC MULTIMERCADO;15/01/2015;141,498645
JGP STRATEGY FIC MULTIMERCADO;16/01/2015;141,834485
JGP STRATEGY FIC MULTIMERCADO;19/01/2015;142,039409
JGP STRATEGY FIC MULTIMERCADO;20/01/2015;141,981148
JGP STRATEGY FIC MULTIMERCADO;21/01/2015;141,982732
JGP STRATEGY FIC MULTIMERCADO;22/01/2015;141,810569
JGP STRATEGY FIC MULTIMERCADO;23/01/2015;142,040054
JGP STRATEGY FIC MULTIMERCADO;26/01/2015;141,967478
JGP STRATEGY FIC MULTIMERCADO;27/01/2015;141,949954
JGP STRATEGY FIC MULTIMERCADO;28/01/2015;141,941157
JGP STRATEGY FIC MULTIMERCADO;29/01/2015;142,071283
JGP STRATEGY FIC MULTIMERCADO;30/01/2015;142,045813
JGP STRATEGY FIC MULTIMERCADO;02/02/2015;142,12984
JGP STRATEGY FIC MULTIMERCADO;03/02/2015;142,285121
JGP STRATEGY FIC MULTIMERCADO;04/02/2015;142,597623
JGP STRATEGY FIC MULTIMERCADO;05/02/2015;142,539238
JGP STRATEGY FIC MULTIMERCADO;06/02/2015;142,821835
JGP STRATEGY FIC MULTIMERCADO;09/02/2015;142,768209
JGP STRATEGY FIC MULTIMERCADO;10/02/2015;143,303928
JGP STRATEGY FIC MULTIMERCADO;11/02/2015;143,901342
JGP STRATEGY FIC MULTIMERCADO;12/02/2015;143,547942
JGP STRATEGY FIC MULTIMERCADO;13/02/2015;143,686748
JGP STRATEGY FIC MULTIMERCADO;18/02/2015;143,808814
JGP STRATEGY FIC MULTIMERCADO;19/02/2015;143,999933
JGP STRATEGY FIC MULTIMERCADO;20/02/2015;144,109516
JGP STRATEGY FIC MULTIMERCADO;23/02/2015;144,107349
JGP STRATEGY FIC MULTIMERCADO;24/02/2015;143,971394
JGP STRATEGY FIC MULTIMERCADO;25/02/2015;143,910076
JGP STRATEGY FIC MULTIMERCADO;26/02/2015;144,049762
JGP STRATEGY FIC MULTIMERCADO;27/02/2015;144,110867
JGP STRATEGY FIC MULTIMERCADO;02/03/2015;144,384399
JGP STRATEGY FIC MULTIMERCADO;03/03/2015;144,672288
JGP STRATEGY FIC MULTIMERCADO;04/03/2015;144,9157
JGP STRATEGY FIC MULTIMERCADO;05/03/2015;145,209894
JGP STRATEGY FIC MULTIMERCADO;06/03/2015;145,612202
JGP STRATEGY FIC MULTIMERCADO;09/03/2015;145,74132
JGP STRATEGY FIC MULTIMERCADO;10/03/2015;145,789646
JGP STRATEGY FIC MULTIMERCADO;11/03/2015;146,125107
JGP STRATEGY FIC MULTIMERCADO;12/03/2015;146,097086
JGP STRATEGY FIC MULTIMERCADO;13/03/2015;146,341232
JGP STRATEGY FIC MULTIMERCADO;16/03/2015;146,115434
JGP STRATEGY FIC MULTIMERCADO;17/03/2015;146,173474
JGP STRATEGY FIC MULTIMERCADO;18/03/2015;146,350406
JGP STRATEGY FIC MULTIMERCADO;19/03/2015;146,65701
JGP STRATEGY FIC MULTIMERCADO;20/03/2015;146,593756
JGP STRATEGY FIC MULTIMERCADO;23/03/2015;146,627971
JGP STRATEGY FIC MULTIMERCADO;24/03/2015;146,693168
JGP STRATEGY FIC MULTIMERCADO;25/03/2015;147,104817
JGP STRATEGY FIC MULTIMERCADO;26/03/2015;147,171296
JGP STRATEGY FIC MULTIMERCADO;27/03/2015;147,515994
JGP STRATEGY FIC MULTIMERCADO;30/03/2015;147,467545
JGP STRATEGY FIC MULTIMERCADO;31/03/2015;147,702964
JGP STRATEGY FIC MULTIMERCADO;01/04/2015;148,122507
JGP STRATEGY FIC MULTIMERCADO;02/04/2015;148,036407
JGP STRATEGY FIC MULTIMERCADO;06/04/2015;148,132201
JGP STRATEGY FIC MULTIMERCADO;07/04/2015;148,307324
JGP STRATEGY FIC MULTIMERCADO;08/04/2015;148,056081
JGP STRATEGY FIC MULTIMERCADO;09/04/2015;148,562218
JGP STRATEGY FIC MULTIMERCADO;10/04/2015;148,798205
JGP STRATEGY FIC MULTIMERCADO;13/04/2015;149,188248
JGP STRATEGY FIC MULTIMERCADO;14/04/2015;149,139901
JGP STRATEGY FIC MULTIMERCADO;15/04/2015;148,993343
JGP STRATEGY FIC MULTIMERCADO;16/04/2015;148,839477
JGP STRATEGY FIC MULTIMERCADO;17/04/2015;148,718024
JGP STRATEGY FIC MULTIMERCADO;20/04/2015;148,510924
JGP STRATEGY FIC MULTIMERCADO;22/04/2015;148,463073
JGP STRATEGY FIC MULTIMERCADO;23/04/2015;148,449636
JGP STRATEGY FIC MULTIMERCADO;24/04/2015;148,312858
JGP STRATEGY FIC MULTIMERCADO;27/04/2015;148,633745
JGP STRATEGY FIC MULTIMERCADO;28/04/2015;148,686641
JGP STRATEGY FIC MULTIMERCADO;29/04/2015;148,990832
JGP STRATEGY FIC MULTIMERCADO;30/04/2015;148,594118
JGP STRATEGY FIC MULTIMERCADO;04/05/2015;148,491254
JGP STRATEGY FIC MULTIMERCADO;05/05/2015;148,409079
JGP STRATEGY FIC MULTIMERCADO;06/05/2015;148,471776
JGP STRATEGY FIC MULTIMERCADO;07/05/2015;148,250312
JGP STRATEGY FIC MULTIMERCADO;08/05/2015;148,619714
JGP STRATEGY FIC MULTIMERCADO;11/05/2015;148,686847
JGP STRATEGY FIC MULTIMERCADO;12/05/2015;148,642923
JGP STRATEGY FIC MULTIMERCADO;13/05/2015;148,770872
JGP STRATEGY FIC MULTIMERCADO;14/05/2015;149,064103
JGP STRATEGY FIC MULTIMERCADO;15/05/2015;149,24197
JGP STRATEGY FIC MULTIMERCADO;18/05/2015;149,326525
JGP STRATEGY FIC MULTIMERCADO;19/05/2015;149,579528
JGP STRATEGY FIC MULTIMERCADO;20/05/2015;150,017252
JGP STRATEGY FIC MULTIMERCADO;21/05/2015;150,111236
JGP STRATEGY FIC MULTIMERCADO;22/05/2015;150,703809
JGP STRATEGY FIC MULTIMERCADO;25/05/2015;150,756197
JGP STRATEGY FIC MULTIMERCADO;26/05/2015;151,093508
JGP STRATEGY FIC MULTIMERCADO;27/05/2015;151,086095
JGP STRATEGY FIC MULTIMERCADO;28/05/2015;151,354431
JGP STRATEGY FIC MULTIMERCADO;29/05/2015;151,23455
JGP STRATEGY FIC MULTIMERCADO;01/06/2015;151,008545
JGP STRATEGY FIC MULTIMERCADO;02/06/2015;150,748018
JGP STRATEGY FIC MULTIMERCADO;03/06/2015;150,637058
JGP STRATEGY FIC MULTIMERCADO;05/06/2015;150,264996
JGP STRATEGY FIC MULTIMERCADO;08/06/2015;150,410821
JGP STRATEGY FIC MULTIMERCADO;09/06/2015;150,35952
JGP STRATEGY FIC MULTIMERCADO;10/06/2015;150,054676
JGP STRATEGY FIC MULTIMERCADO;11/06/2015;149,695104
JGP STRATEGY FIC MULTIMERCADO;12/06/2015;149,779376
JGP STRATEGY FIC MULTIMERCADO;15/06/2015;149,577614
JGP STRATEGY FIC MULTIMERCADO;16/06/2015;149,749413
JGP STRATEGY FIC MULTIMERCADO;17/06/2015;149,86287
JGP STRATEGY FIC MULTIMERCADO;18/06/2015;149,921051
JGP STRATEGY FIC MULTIMERCADO;19/06/2015;149,902866
JGP STRATEGY FIC MULTIMERCADO;22/06/2015;150,099218
JGP STRATEGY FIC MULTIMERCADO;23/06/2015;150,361072
JGP STRATEGY FIC MULTIMERCADO;24/06/2015;150,173024
JGP STRATEGY FIC MULTIMERCADO;25/06/2015;150,185676
JGP STRATEGY FIC MULTIMERCADO;26/06/2015;150,33137
JGP STRATEGY FIC MULTIMERCADO;29/06/2015;150,321605
JGP STRATEGY FIC MULTIMERCADO;30/06/2015;150,476932
JGP STRATEGY FIC MULTIMERCADO;01/07/2015;150,614584
JGP STRATEGY FIC MULTIMERCADO;02/07/2015;150,845994
JGP STRATEGY FIC MULTIMERCADO;03/07/2015;151,187931
JGP STRATEGY FIC MULTIMERCADO;06/07/2015;151,333862
JGP STRATEGY FIC MULTIMERCADO;07/07/2015;151,681904
JGP STRATEGY FIC MULTIMERCADO;08/07/2015;152,084519
JGP STRATEGY FIC MULTIMERCADO;09/07/2015;152,13051
JGP STRATEGY FIC MULTIMERCADO;10/07/2015;152,039577
JGP STRATEGY FIC MULTIMERCADO;13/07/2015;151,91706
JGP STRATEGY FIC MULTIMERCADO;14/07/2015;152,0273
JGP STRATEGY FIC MULTIMERCADO;15/07/2015;151,99068
JGP STRATEGY FIC MULTIMERCADO;16/07/2015;152,178189
JGP STRATEGY FIC MULTIMERCADO;17/07/2015;152,558778
JGP STRATEGY FIC MULTIMERCADO;20/07/2015;152,865855
JGP STRATEGY FIC MULTIMERCADO;21/07/2015;152,692522
JGP STRATEGY FIC MULTIMERCADO;22/07/2015;153,082362
JGP STRATEGY FIC MULTIMERCADO;23/07/2015;153,20949
JGP STRATEGY FIC MULTIMERCADO;24/07/2015;153,736502
JGP STRATEGY FIC MULTIMERCADO;27/07/2015;153,89856
JGP STRATEGY FIC MULTIMERCADO;28/07/2015;154,015705
JGP STRATEGY FIC MULTIMERCADO;29/07/2015;153,472873
JGP STRATEGY FIC MULTIMERCADO;30/07/2015;154,326008
JGP STRATEGY FIC MULTIMERCADO;31/07/2015;154,64953
JGP STRATEGY FIC MULTIMERCADO;03/08/2015;154,73038
JGP STRATEGY FIC MULTIMERCADO;04/08/2015;154,771032
JGP STRATEGY FIC MULTIMERCADO;05/08/2015;154,952674
JGP STRATEGY FIC MULTIMERCADO;06/08/2015;155,031742
JGP STRATEGY FIC MULTIMERCADO;07/08/2015;154,877404
JGP STRATEGY FIC MULTIMERCADO;10/08/2015;154,559466
JGP STRATEGY FIC MULTIMERCADO;11/08/2015;154,857691
JGP STRATEGY FIC MULTIMERCADO;12/08/2015;154,908148
JGP STRATEGY FIC MULTIMERCADO;13/08/2015;155,135071
JGP STRATEGY FIC MULTIMERCADO;14/08/2015;155,03228
JGP STRATEGY FIC MULTIMERCADO;17/08/2015;155,016202
JGP STRATEGY FIC MULTIMERCADO;18/08/2015;155,161584
JGP STRATEGY FIC MULTIMERCADO;19/08/2015;155,274688
JGP STRATEGY FIC MULTIMERCADO;20/08/2015;155,396398
JGP STRATEGY FIC MULTIMERCADO;21/08/2015;155,304931
JGP STRATEGY FIC MULTIMERCADO;24/08/2015;155,506854
JGP STRATEGY FIC MULTIMERCADO;25/08/2015;155,778288
JGP STRATEGY FIC MULTIMERCADO;26/08/2015;155,857754
JGP STRATEGY FIC MULTIMERCADO;27/08/2015;155,993746
JGP STRATEGY FIC MULTIMERCADO;28/08/2015;155,851831
JGP STRATEGY FIC MULTIMERCADO;31/08/2015;155,723916
JGP STRATEGY FIC MULTIMERCADO;01/09/2015;156,004783
JGP STRATEGY FIC MULTIMERCADO;02/09/2015;156,236982
JGP STRATEGY FIC MULTIMERCADO;03/09/2015;156,162791
JGP STRATEGY FIC MULTIMERCADO;04/09/2015;156,394189
JGP STRATEGY FIC MULTIMERCADO;08/09/2015;156,407785
JGP STRATEGY FIC MULTIMERCADO;09/09/2015;156,400074
JGP STRATEGY FIC MULTIMERCADO;10/09/2015;156,402689
JGP STRATEGY FIC MULTIMERCADO;11/09/2015;156,510153
JGP STRATEGY FIC MULTIMERCADO;14/09/2015;156,466489
JGP STRATEGY FIC MULTIMERCADO;15/09/2015;156,656343
JGP STRATEGY FIC MULTIMERCADO;16/09/2015;156,779559
JGP STRATEGY FIC MULTIMERCADO;17/09/2015;156,919305
JGP STRATEGY FIC MULTIMERCADO;18/09/2015;157,033278
JGP STRATEGY FIC MULTIMERCADO;21/09/2015;157,11975
JGP STRATEGY FIC MULTIMERCADO;22/09/2015;157,071899
JGP STRATEGY FIC MULTIMERCADO;23/09/2015;157,128752
JGP STRATEGY FIC MULTIMERCADO;24/09/2015;156,993268
JGP STRATEGY FIC MULTIMERCADO;25/09/2015;156,985768
JGP STRATEGY FIC MULTIMERCADO;28/09/2015;156,97395
JGP STRATEGY FIC MULTIMERCADO;29/09/2015;157,026364
JGP STRATEGY FIC MULTIMERCADO;30/09/2015;157,275519
JGP STRATEGY FIC MULTIMERCADO;01/10/2015;157,39385
JGP STRATEGY FIC MULTIMERCADO;02/10/2015;157,538346
JGP STRATEGY FIC MULTIMERCADO;05/10/2015;157,582867
JGP STRATEGY FIC MULTIMERCADO;06/10/2015;157,701831
JGP STRATEGY FIC MULTIMERCADO;07/10/2015;157,79415
JGP STRATEGY FIC MULTIMERCADO;08/10/2015;157,831901
JGP STRATEGY FIC MULTIMERCADO;09/10/2015;157,674555
JGP STRATEGY FIC MULTIMERCADO;13/10/2015;158,070073
JGP STRATEGY FIC MULTIMERCADO;14/10/2015;158,143802
JGP STRATEGY FIC MULTIMERCADO;15/10/2015;158,121113
JGP STRATEGY FIC MULTIMERCADO;16/10/2015;157,912229
JGP STRATEGY FIC MULTIMERCADO;19/10/2015;158,585356
JGP STRATEGY FIC MULTIMERCADO;20/10/2015;158,68068
JGP STRATEGY FIC MULTIMERCADO;21/10/2015;158,87627
JGP STRATEGY FIC MULTIMERCADO;22/10/2015;159,140335
JGP STRATEGY FIC MULTIMERCADO;23/10/2015;159,102677
JGP STRATEGY FIC MULTIMERCADO;26/10/2015;159,120045
JGP STRATEGY FIC MULTIMERCADO;27/10/2015;159,38484
JGP STRATEGY FIC MULTIMERCADO;28/10/2015;159,320265
JGP STRATEGY FIC MULTIMERCADO;29/10/2015;159,42925
JGP STRATEGY FIC MULTIMERCADO;30/10/2015;159,428674
JGP STRATEGY FIC MULTIMERCADO;03/11/2015;159,174161
JGP STRATEGY FIC MULTIMERCADO;04/11/2015;159,39683
JGP STRATEGY FIC MULTIMERCADO;05/11/2015;159,323828
JGP STRATEGY FIC MULTIMERCADO;06/11/2015;159,503857
JGP STRATEGY FIC MULTIMERCADO;09/11/2015;159,470113
JGP STRATEGY FIC MULTIMERCADO;10/11/2015;159,632816
JGP STRATEGY FIC MULTIMERCADO;11/11/2015;159,670693
JGP STRATEGY FIC MULTIMERCADO;12/11/2015;159,691229
JGP STRATEGY FIC MULTIMERCADO;13/11/2015;159,908482
JGP STRATEGY FIC MULTIMERCADO;16/11/2015;159,892371
JGP STRATEGY FIC MULTIMERCADO;17/11/2015;159,973652
JGP STRATEGY FIC MULTIMERCADO;18/11/2015;160,255567
JGP STRATEGY FIC MULTIMERCADO;19/11/2015;160,145586
JGP STRATEGY FIC MULTIMERCADO;20/11/2015;160,473924
JGP STRATEGY FIC MULTIMERCADO;23/11/2015;160,410432
JGP STRATEGY FIC MULTIMERCADO;24/11/2015;160,404421
JGP STRATEGY FIC MULTIMERCADO;25/11/2015;160,717812
JGP STRATEGY FIC MULTIMERCADO;26/11/2015;160,727255
JGP STRATEGY FIC MULTIMERCADO;27/11/2015;160,928429
JGP STRATEGY FIC MULTIMERCADO;30/11/2015;161,541336
JGP STRATEGY FIC MULTIMERCADO;01/12/2015;161,394025
JGP STRATEGY FIC MULTIMERCADO;02/12/2015;161,376377
JGP STRATEGY FIC MULTIMERCADO;03/12/2015;160,477384
JGP STRATEGY FIC MULTIMERCADO;04/12/2015;160,723559
JGP STRATEGY FIC MULTIMERCADO;07/12/2015;160,857781
JGP STRATEGY FIC MULTIMERCADO;08/12/2015;161,161397
JGP STRATEGY FIC MULTIMERCADO;09/12/2015;161,470309
JGP STRATEGY FIC MULTIMERCADO;10/12/2015;161,205674
JGP STRATEGY FIC MULTIMERCADO;11/12/2015;161,717427
JGP STRATEGY FIC MULTIMERCADO;14/12/2015;161,615587
JGP STRATEGY FIC MULTIMERCADO;15/12/2015;161,726109
JGP STRATEGY FIC MULTIMERCADO;16/12/2015;161,910408
JGP STRATEGY FIC MULTIMERCADO;17/12/2015;162,152699
JGP STRATEGY FIC MULTIMERCADO;18/12/2015;162,336884
JGP STRATEGY FIC MULTIMERCADO;21/12/2015;163,000094
JGP STRATEGY FIC MULTIMERCADO;22/12/2015;163,006499
JGP STRATEGY FIC MULTIMERCADO;23/12/2015;162,951215
JGP STRATEGY FIC MULTIMERCADO;24/12/2015;163,011289
JGP STRATEGY FIC MULTIMERCADO;28/12/2015;162,371196
JGP STRATEGY FIC MULTIMERCADO;29/12/2015;162,73653
JGP STRATEGY FIC MULTIMERCADO;30/12/2015;163,303396
JGP STRATEGY FIC MULTIMERCADO;31/12/2015;163,390317
JGP STRATEGY FIC MULTIMERCADO;04/01/2016;164,073309
JGP STRATEGY FIC MULTIMERCADO;05/01/2016;164,165716
JGP STRATEGY FIC MULTIMERCADO;06/01/2016;164,338361
JGP STRATEGY FIC MULTIMERCADO;07/01/2016;164,505013
JGP STRATEGY FIC MULTIMERCADO;08/01/2016;164,493993
JGP STRATEGY FIC MULTIMERCADO;11/01/2016;164,461729
JGP STRATEGY FIC MULTIMERCADO;12/01/2016;164,423368
JGP STRATEGY FIC MULTIMERCADO;13/01/2016;164,119293
JGP STRATEGY FIC MULTIMERCADO;14/01/2016;164,212444
JGP STRATEGY FIC MULTIMERCADO;15/01/2016;164,500643
JGP STRATEGY FIC MULTIMERCADO;18/01/2016;164,480923
JGP STRATEGY FIC MULTIMERCADO;19/01/2016;164,503982
JGP STRATEGY FIC MULTIMERCADO;20/01/2016;165,001454
JGP STRATEGY FIC MULTIMERCADO;21/01/2016;165,644886
JGP STRATEGY FIC MULTIMERCADO;22/01/2016;165,633037
JGP STRATEGY FIC MULTIMERCADO;25/01/2016;165,65693
JGP STRATEGY FIC MULTIMERCADO;26/01/2016;165,619012
JGP STRATEGY FIC MULTIMERCADO;27/01/2016;165,711711
JGP STRATEGY FIC MULTIMERCADO;28/01/2016;166,00968
JGP STRATEGY FIC MULTIMERCADO;29/01/2016;165,860912
JGP STRATEGY FIC MULTIMERCADO;01/02/2016;166,023703
JGP STRATEGY FIC MULTIMERCADO;02/02/2016;166,08245
JGP STRATEGY FIC MULTIMERCADO;03/02/2016;165,704833
JGP STRATEGY FIC MULTIMERCADO;04/02/2016;165,128115
JGP STRATEGY FIC MULTIMERCADO;05/02/2016;165,539489
JGP STRATEGY FIC MULTIMERCADO;10/02/2016;165,907298
JGP STRATEGY FIC MULTIMERCADO;11/02/2016;166,174866
JGP STRATEGY FIC MULTIMERCADO;12/02/2016;166,443958
JGP STRATEGY FIC MULTIMERCADO;15/02/2016;166,713531
JGP STRATEGY FIC MULTIMERCADO;16/02/2016;167,232165
JGP STRATEGY FIC MULTIMERCADO;17/02/2016;167,084024
JGP STRATEGY FIC MULTIMERCADO;18/02/2016;167,266457
JGP STRATEGY FIC MULTIMERCADO;19/02/2016;167,489667
JGP STRATEGY FIC MULTIMERCADO;22/02/2016;167,185914
JGP STRATEGY FIC MULTIMERCADO;23/02/2016;167,277075
JGP STRATEGY FIC MULTIMERCADO;24/02/2016;167,50822
JGP STRATEGY FIC MULTIMERCADO;25/02/2016;167,428802
JGP STRATEGY FIC MULTIMERCADO;26/02/2016;167,496801
JGP STRATEGY FIC MULTIMERCADO;29/02/2016;167,66544
JGP STRATEGY FIC MULTIMERCADO;01/03/2016;167,814138
JGP STRATEGY FIC MULTIMERCADO;02/03/2016;167,83589
JGP STRATEGY FIC MULTIMERCADO;03/03/2016;167,967104
JGP STRATEGY FIC MULTIMERCADO;04/03/2016;168,543453
JGP STRATEGY FIC MULTIMERCADO;07/03/2016;168,34165
JGP STRATEGY FIC MULTIMERCADO;08/03/2016;168,609166
JGP STRATEGY FIC MULTIMERCADO;09/03/2016;168,87264
JGP STRATEGY FIC MULTIMERCADO;10/03/2016;169,119563
JGP STRATEGY FIC MULTIMERCADO;11/03/2016;169,312409
JGP STRATEGY FIC MULTIMERCADO;14/03/2016;169,072647
JGP STRATEGY FIC MULTIMERCADO;15/03/2016;169,268591
JGP STRATEGY FIC MULTIMERCADO;16/03/2016;169,319386
JGP STRATEGY FIC MULTIMERCADO;17/03/2016;169,340286
JGP STRATEGY FIC MULTIMERCADO;18/03/2016;169,433191
JGP STRATEGY FIC MULTIMERCADO;21/03/2016;169,627911
JGP STRATEGY FIC MULTIMERCADO;22/03/2016;169,952013
JGP STRATEGY FIC MULTIMERCADO;23/03/2016;169,854069
JGP STRATEGY FIC MULTIMERCADO;24/03/2016;169,762697
JGP STRATEGY FIC MULTIMERCADO;28/03/2016;170,022042
JGP STRATEGY FIC MULTIMERCADO;29/03/2016;170,247294
JGP STRATEGY FIC MULTIMERCADO;30/03/2016;170,042902
JGP STRATEGY FIC MULTIMERCADO;31/03/2016;169,802113
JGP STRATEGY FIC MULTIMERCADO;01/04/2016;169,949611
JGP STRATEGY FIC MULTIMERCADO;04/04/2016;170,017462
JGP STRATEGY FIC MULTIMERCADO;05/04/2016;170,264978
JGP STRATEGY FIC MULTIMERCADO;06/04/2016;170,129411
JGP STRATEGY FIC MULTIMERCADO;07/04/2016;170,236476
JGP STRATEGY FIC MULTIMERCADO;08/04/2016;170,470282
JGP STRATEGY FIC MULTIMERCADO;11/04/2016;170,525049
JGP STRATEGY FIC MULTIMERCADO;12/04/2016;170,641886
JGP STRATEGY FIC MULTIMERCADO;13/04/2016;171,23415
JGP STRATEGY FIC MULTIMERCADO;14/04/2016;171,403282
JGP STRATEGY FIC MULTIMERCADO;15/04/2016;171,375192
JGP STRATEGY FIC MULTIMERCADO;18/04/2016;171,353713
JGP STRATEGY FIC MULTIMERCADO;19/04/2016;171,420623
JGP STRATEGY FIC MULTIMERCADO;20/04/2016;171,437995
JGP STRATEGY FIC MULTIMERCADO;22/04/2016;171,306412
JGP STRATEGY FIC MULTIMERCADO;25/04/2016;171,396139
JGP STRATEGY FIC MULTIMERCADO;26/04/2016;171,759979
JGP STRATEGY FIC MULTIMERCADO;27/04/2016;172,222598
JGP STRATEGY FIC MULTIMERCADO;28/04/2016;172,362019
JGP STRATEGY FIC MULTIMERCADO;29/04/2016;172,912348
JGP STRATEGY FIC MULTIMERCADO;02/05/2016;172,558485
JGP STRATEGY FIC MULTIMERCADO;03/05/2016;171,900392
JGP STRATEGY FIC MULTIMERCADO;04/05/2016;172,188781
JGP STRATEGY FIC MULTIMERCADO;05/05/2016;172,230111
JGP STRATEGY FIC MULTIMERCADO;06/05/2016;172,450945
JGP STRATEGY FIC MULTIMERCADO;09/05/2016;172,187128
JGP STRATEGY FIC MULTIMERCADO;10/05/2016;172,588671
JGP STRATEGY FIC MULTIMERCADO;11/05/2016;172,896735
JGP STRATEGY FIC MULTIMERCADO;12/05/2016;173,153393
JGP STRATEGY FIC MULTIMERCADO;13/05/2016;173,038244
JGP STRATEGY FIC MULTIMERCADO;16/05/2016;173,204075
JGP STRATEGY FIC MULTIMERCADO;17/05/2016;173,102838
JGP STRATEGY FIC MULTIMERCADO;18/05/2016;173,008452
JGP STRATEGY FIC MULTIMERCADO;19/05/2016;173,00062
JGP STRATEGY FIC MULTIMERCADO;20/05/2016;173,22453
JGP STRATEGY FIC MULTIMERCADO;23/05/2016;173,073544
JGP STRATEGY FIC MULTIMERCADO;24/05/2016;173,044257
JGP STRATEGY FIC MULTIMERCADO;25/05/2016;173,100181
JGP STRATEGY FIC MULTIMERCADO;27/05/2016;173,138954
JGP STRATEGY FIC MULTIMERCADO;30/05/2016;173,233061
JGP STRATEGY FIC MULTIMERCADO;31/05/2016;173,299966
JGP STRATEGY FIC MULTIMERCADO;01/06/2016;173,475595
JGP STRATEGY FIC MULTIMERCADO;02/06/2016;173,62582
JGP STRATEGY FIC MULTIMERCADO;03/06/2016;173,793042
JGP STRATEGY FIC MULTIMERCADO;06/06/2016;173,996867
JGP STRATEGY FIC MULTIMERCADO;07/06/2016;174,056986
JGP STRATEGY FIC MULTIMERCADO;08/06/2016;174,425492
JGP STRATEGY FIC MULTIMERCADO;09/06/2016;174,386297
JGP STRATEGY FIC MULTIMERCADO;10/06/2016;174,313961
JGP STRATEGY FIC MULTIMERCADO;13/06/2016;174,38003
JGP STRATEGY FIC MULTIMERCADO;14/06/2016;174,427148
JGP STRATEGY FIC MULTIMERCADO;15/06/2016;174,524439
JGP STRATEGY FIC MULTIMERCADO;16/06/2016;174,588231
JGP STRATEGY FIC MULTIMERCADO;17/06/2016;174,793024
JGP STRATEGY FIC MULTIMERCADO;20/06/2016;174,98087
JGP STRATEGY FIC MULTIMERCADO;21/06/2016;175,053
JGP STRATEGY FIC MULTIMERCADO;22/06/2016;175,209116
JGP STRATEGY FIC MULTIMERCADO;23/06/2016;175,362143
JGP STRATEGY FIC MULTIMERCADO;24/06/2016;175,372276
JGP STRATEGY FIC MULTIMERCADO;27/06/2016;175,460003
JGP STRATEGY FIC MULTIMERCADO;28/06/2016;175,339334
JGP STRATEGY FIC MULTIMERCADO;29/06/2016;175,187017
JGP STRATEGY FIC MULTIMERCADO;30/06/2016;175,45271
JGP STRATEGY FIC MULTIMERCADO;01/07/2016;175,790934
JGP STRATEGY FIC MULTIMERCADO;04/07/2016;175,949794
JGP STRATEGY FIC MULTIMERCADO;05/07/2016;176,036558
JGP STRATEGY FIC MULTIMERCADO;06/07/2016;176,003226
JGP STRATEGY FIC MULTIMERCADO;07/07/2016;176,060454
JGP STRATEGY FIC MULTIMERCADO;08/07/2016;176,215025
JGP STRATEGY FIC MULTIMERCADO;11/07/2016;176,451352
JGP STRATEGY FIC MULTIMERCADO;12/07/2016;176,563769
JGP STRATEGY FIC MULTIMERCADO;13/07/2016;176,652434
JGP STRATEGY FIC MULTIMERCADO;14/07/2016;176,976233
JGP STRATEGY FIC MULTIMERCADO;15/07/2016;177,200016
JGP STRATEGY FIC MULTIMERCADO;18/07/2016;177,406765
JGP STRATEGY FIC MULTIMERCADO;19/07/2016;177,411945
JGP STRATEGY FIC MULTIMERCADO;20/07/2016;177,596737
JGP STRATEGY FIC MULTIMERCADO;21/07/2016;177,323146
JGP STRATEGY FIC MULTIMERCADO;22/07/2016;177,423607
JGP STRATEGY FIC MULTIMERCADO;25/07/2016;177,518348
JGP STRATEGY FIC MULTIMERCADO;26/07/2016;177,370786
JGP STRATEGY FIC MULTIMERCADO;27/07/2016;177,569159
JGP STRATEGY FIC MULTIMERCADO;28/07/2016;177,439562
JGP STRATEGY FIC MULTIMERCADO;29/07/2016;177,622729
JGP STRATEGY FIC MULTIMERCADO;01/08/2016;177,78185
JGP STRATEGY FIC MULTIMERCADO;02/08/2016;177,6661
JGP STRATEGY FIC MULTIMERCADO;03/08/2016;177,982617
JGP STRATEGY FIC MULTIMERCADO;04/08/2016;178,46581
JGP STRATEGY FIC MULTIMERCADO;05/08/2016;178,848008
JGP STRATEGY FIC MULTIMERCADO;08/08/2016;178,778798
JGP STRATEGY FIC MULTIMERCADO;09/08/2016;179,168211
JGP STRATEGY FIC MULTIMERCADO;10/08/2016;179,485659
JGP STRATEGY FIC MULTIMERCADO;11/08/2016;179,820775
JGP STRATEGY FIC MULTIMERCADO;12/08/2016;179,651336
JGP STRATEGY FIC MULTIMERCADO;15/08/2016;180,019896
JGP STRATEGY FIC MULTIMERCADO;16/08/2016;179,914503
JGP STRATEGY FIC MULTIMERCADO;17/08/2016;179,975485
JGP STRATEGY FIC MULTIMERCADO;18/08/2016;179,903327
JGP STRATEGY FIC MULTIMERCADO;19/08/2016;180,077338
JGP STRATEGY FIC MULTIMERCADO;22/08/2016;179,800768
JGP STRATEGY FIC MULTIMERCADO;23/08/2016;179,738783
JGP STRATEGY FIC MULTIMERCADO;24/08/2016;179,673917
JGP STRATEGY FIC MULTIMERCADO;25/08/2016;179,591616
JGP STRATEGY FIC MULTIMERCADO;26/08/2016;179,192083
JGP STRATEGY FIC MULTIMERCADO;29/08/2016;179,558631
JGP STRATEGY FIC MULTIMERCADO;30/08/2016;179,553621
JGP STRATEGY FIC MULTIMERCADO;31/08/2016;179,819395
JGP STRATEGY FIC MULTIMERCADO;01/09/2016;180,080427
JGP STRATEGY FIC MULTIMERCADO;02/09/2016;180,464191
JGP STRATEGY FIC MULTIMERCADO;05/09/2016;180,219412
JGP STRATEGY FIC MULTIMERCADO;06/09/2016;180,992487
JGP STRATEGY FIC MULTIMERCADO;08/09/2016;181,309869
JGP STRATEGY FIC MULTIMERCADO;09/09/2016;180,162346
JGP STRATEGY FIC MULTIMERCADO;12/09/2016;180,51716
JGP STRATEGY FIC MULTIMERCADO;13/09/2016;179,609279
JGP STRATEGY FIC MULTIMERCADO;14/09/2016;179,548189
JGP STRATEGY FIC MULTIMERCADO;15/09/2016;180,129761
JGP STRATEGY FIC MULTIMERCADO;16/09/2016;180,357427
JGP STRATEGY FIC MULTIMERCADO;19/09/2016;180,545617
JGP STRATEGY FIC MULTIMERCADO;20/09/2016;180,932221
JGP STRATEGY FIC MULTIMERCADO;21/09/2016;181,488174
JGP STRATEGY FIC MULTIMERCADO;22/09/2016;181,884723
JGP STRATEGY FIC MULTIMERCADO;23/09/2016;181,694649
JGP STRATEGY FIC MULTIMERCADO;26/09/2016;181,46669
JGP STRATEGY FIC MULTIMERCADO;27/09/2016;181,766747
JGP STRATEGY FIC MULTIMERCADO;28/09/2016;182,242093
JGP STRATEGY FIC MULTIMERCADO;29/09/2016;181,767637
JGP STRATEGY FIC MULTIMERCADO;30/09/2016;181,916266
JGP STRATEGY FIC MULTIMERCADO;03/10/2016;182,648212
JGP STRATEGY FIC MULTIMERCADO;04/10/2016;182,240871
JGP STRATEGY FIC MULTIMERCADO;05/10/2016;182,930085
JGP STRATEGY FIC MULTIMERCADO;06/10/2016;183,124455
JGP STRATEGY FIC MULTIMERCADO;07/10/2016;183,341395
JGP STRATEGY FIC MULTIMERCADO;10/10/2016;183,650232
JGP STRATEGY FIC MULTIMERCADO;11/10/2016;183,54533
JGP STRATEGY FIC MULTIMERCADO;13/10/2016;184,202374
JGP STRATEGY FIC MULTIMERCADO;14/10/2016;184,356633
JGP STRATEGY FIC MULTIMERCADO;17/10/2016;184,604232
JGP STRATEGY FIC MULTIMERCADO;18/10/2016;185,266843
JGP STRATEGY FIC MULTIMERCADO;19/10/2016;185,615918
JGP STRATEGY FIC MULTIMERCADO;20/10/2016;185,796857
JGP STRATEGY FIC MULTIMERCADO;21/10/2016;185,38134
JGP STRATEGY FIC MULTIMERCADO;24/10/2016;185,80962
JGP STRATEGY FIC MULTIMERCADO;25/10/2016;185,763385
JGP STRATEGY FIC MULTIMERCADO;26/10/2016;185,540506
JGP STRATEGY FIC MULTIMERCADO;27/10/2016;185,586293
JGP STRATEGY FIC MULTIMERCADO;28/10/2016;185,381184
JGP STRATEGY FIC MULTIMERCADO;31/10/2016;185,596385
JGP STRATEGY FIC MULTIMERCADO;01/11/2016;185,196058
JGP STRATEGY FIC MULTIMERCADO;03/11/2016;185,236627
JGP STRATEGY FIC MULTIMERCADO;04/11/2016;185,371614
JGP STRATEGY FIC MULTIMERCADO;07/11/2016;186,046717
JGP STRATEGY FIC MULTIMERCADO;08/11/2016;186,385492
JGP STRATEGY FIC MULTIMERCADO;09/11/2016;185,566992
JGP STRATEGY FIC MULTIMERCADO;10/11/2016;184,739207
JGP STRATEGY FIC MULTIMERCADO;11/11/2016;184,718175
JGP STRATEGY FIC MULTIMERCADO;14/11/2016;184,485775
JGP STRATEGY FIC MULTIMERCADO;16/11/2016;184,908424
JGP STRATEGY FIC MULTIMERCADO;17/11/2016;185,01859
JGP STRATEGY FIC MULTIMERCADO;18/11/2016;185,032301
JGP STRATEGY FIC MULTIMERCADO;21/11/2016;185,341004
JGP STRATEGY FIC MULTIMERCADO;22/11/2016;185,620027
JGP STRATEGY FIC MULTIMERCADO;23/11/2016;185,728456
JGP STRATEGY FIC MULTIMERCADO;24/11/2016;185,888456
JGP STRATEGY FIC MULTIMERCADO;25/11/2016;185,769921
JGP STRATEGY FIC MULTIMERCADO;28/11/2016;185,639685
JGP STRATEGY FIC MULTIMERCADO;29/11/2016;185,540913
JGP STRATEGY FIC MULTIMERCADO;30/11/2016;186,055354
JGP STRATEGY FIC MULTIMERCADO;01/12/2016;185,234125
JGP STRATEGY FIC MULTIMERCADO;02/12/2016;185,237586
JGP STRATEGY FIC MULTIMERCADO;05/12/2016;185,935133
JGP STRATEGY FIC MULTIMERCADO;06/12/2016;185,818285
JGP STRATEGY FIC MULTIMERCADO;07/12/2016;185,998425
JGP STRATEGY FIC MULTIMERCADO;08/12/2016;186,337022
JGP STRATEGY FIC MULTIMERCADO;09/12/2016;186,408981
JGP STRATEGY FIC MULTIMERCADO;12/12/2016;186,174581
JGP STRATEGY FIC MULTIMERCADO;13/12/2016;186,032934
JGP STRATEGY FIC MULTIMERCADO;14/12/2016;186,356122
JGP STRATEGY FIC MULTIMERCADO;15/12/2016;186,84748
JGP STRATEGY FIC MULTIMERCADO;16/12/2016;187,200942
JGP STRATEGY FIC MULTIMERCADO;19/12/2016;187,523818
JGP STRATEGY FIC MULTIMERCADO;20/12/2016;187,44685
JGP STRATEGY FIC MULTIMERCADO;21/12/2016;187,788937
JGP STRATEGY FIC MULTIMERCADO;22/12/2016;187,9346
JGP STRATEGY FIC MULTIMERCADO;23/12/2016;188,14635
JGP STRATEGY FIC MULTIMERCADO;26/12/2016;188,315198
JGP STRATEGY FIC MULTIMERCADO;27/12/2016;188,419084
JGP STRATEGY FIC MULTIMERCADO;28/12/2016;188,508427
JGP STRATEGY FIC MULTIMERCADO;29/12/2016;188,643678
JGP STRATEGY FIC MULTIMERCADO;30/12/2016;188,727026
JGP STRATEGY FIC MULTIMERCADO;02/01/2017;189,077112
JGP STRATEGY FIC MULTIMERCADO;03/01/2017;188,959912
JGP STRATEGY FIC MULTIMERCADO;04/01/2017;188,797034
JGP STRATEGY FIC MULTIMERCADO;05/01/2017;189,204059
JGP STRATEGY FIC MULTIMERCADO;06/01/2017;189,541802
JGP STRATEGY FIC MULTIMERCADO;09/01/2017;189,950091
JGP STRATEGY FIC MULTIMERCADO;10/01/2017;190,043409
JGP STRATEGY FIC MULTIMERCADO;11/01/2017;190,242194
JGP STRATEGY FIC MULTIMERCADO;12/01/2017;191,14314
JGP STRATEGY FIC MULTIMERCADO;13/01/2017;191,474823
JGP STRATEGY FIC MULTIMERCADO;16/01/2017;191,907964
JGP STRATEGY FIC MULTIMERCADO;17/01/2017;192,23655
JGP STRATEGY FIC MULTIMERCADO;18/01/2017;192,364046
JGP STRATEGY FIC MULTIMERCADO;19/01/2017;192,317713
JGP STRATEGY FIC MULTIMERCADO;20/01/2017;192,703938
JGP STRATEGY FIC MULTIMERCADO;23/01/2017;192,833383
JGP STRATEGY FIC MULTIMERCADO;24/01/2017;192,84707
JGP STRATEGY FIC MULTIMERCADO;25/01/2017;192,97801
JGP STRATEGY FIC MULTIMERCADO;26/01/2017;193,160196
JGP STRATEGY FIC MULTIMERCADO;27/01/2017;193,134739
JGP STRATEGY FIC MULTIMERCADO;30/01/2017;192,844272
JGP STRATEGY FIC MULTIMERCADO;31/01/2017;193,245949
JGP STRATEGY FIC MULTIMERCADO;01/02/2017;193,615118
JGP STRATEGY FIC MULTIMERCADO;02/02/2017;193,463159
JGP STRATEGY FIC MULTIMERCADO;03/02/2017;193,864835
JGP STRATEGY FIC MULTIMERCADO;06/02/2017;193,652244
JGP STRATEGY FIC MULTIMERCADO;07/02/2017;194,112523
JGP STRATEGY FIC MULTIMERCADO;08/02/2017;194,681424
JGP STRATEGY FIC MULTIMERCADO;09/02/2017;195,267731
JGP STRATEGY FIC MULTIMERCADO;10/02/2017;195,829905
JGP STRATEGY FIC MULTIMERCADO;13/02/2017;195,913843
JGP STRATEGY FIC MULTIMERCADO;14/02/2017;196,183069
JGP STRATEGY FIC MULTIMERCADO;15/02/2017;196,337822
JGP STRATEGY FIC MULTIMERCADO;16/02/2017;195,920947
JGP STRATEGY FIC MULTIMERCADO;17/02/2017;195,964264
JGP STRATEGY FIC MULTIMERCADO;20/02/2017;197,205155
JGP STRATEGY FIC MULTIMERCADO;21/02/2017;197,500845
JGP STRATEGY FIC MULTIMERCADO;22/02/2017;197,020243
JGP STRATEGY FIC MULTIMERCADO;23/02/2017;197,228574
JGP STRATEGY FIC MULTIMERCADO;24/02/2017;197,271991
JGP STRATEGY FIC MULTIMERCADO;01/03/2017;197,848705
JGP STRATEGY FIC MULTIMERCADO;02/03/2017;197,261373
JGP STRATEGY FIC MULTIMERCADO;03/03/2017;197,670519
JGP STRATEGY FIC MULTIMERCADO;06/03/2017;197,858866
JGP STRATEGY FIC MULTIMERCADO;07/03/2017;198,150949
JGP STRATEGY FIC MULTIMERCADO;08/03/2017;198,127543
JGP STRATEGY FIC MULTIMERCADO;09/03/2017;197,893247
JGP STRATEGY FIC MULTIMERCADO;10/03/2017;198,255364
JGP STRATEGY FIC MULTIMERCADO;13/03/2017;198,44973
JGP STRATEGY FIC MULTIMERCADO;14/03/2017;198,064227
JGP STRATEGY FIC MULTIMERCADO;15/03/2017;198,289532
JGP STRATEGY FIC MULTIMERCADO;16/03/2017;198,520964
JGP STRATEGY FIC MULTIMERCADO;17/03/2017;198,4599
JGP STRATEGY FIC MULTIMERCADO;20/03/2017;198,635497
JGP STRATEGY FIC MULTIMERCADO;21/03/2017;198,733725
JGP STRATEGY FIC MULTIMERCADO;22/03/2017;199,012637
JGP STRATEGY FIC MULTIMERCADO;23/03/2017;199,486812
JGP STRATEGY FIC MULTIMERCADO;24/03/2017;199,622268
JGP STRATEGY FIC MULTIMERCADO;27/03/2017;199,951182
JGP STRATEGY FIC MULTIMERCADO;28/03/2017;200,020817
JGP STRATEGY FIC MULTIMERCADO;29/03/2017;199,903093
JGP STRATEGY FIC MULTIMERCADO;30/03/2017;200,080777
JGP STRATEGY FIC MULTIMERCADO;31/03/2017;200,554259
JGP STRATEGY FIC MULTIMERCADO;03/04/2017;200,379227
JGP STRATEGY FIC MULTIMERCADO;04/04/2017;200,756016
JGP STRATEGY FIC MULTIMERCADO;05/04/2017;200,759007
JGP STRATEGY FIC MULTIMERCADO;06/04/2017;200,652239
JGP STRATEGY FIC MULTIMERCADO;07/04/2017;200,635453
JGP STRATEGY FIC MULTIMERCADO;10/04/2017;200,654854
JGP STRATEGY FIC MULTIMERCADO;11/04/2017;200,722179
JGP STRATEGY FIC MULTIMERCADO;12/04/2017;200,381198
JGP STRATEGY FIC MULTIMERCADO;13/04/2017;200,232
JGP STRATEGY FIC MULTIMERCADO;17/04/2017;200,601867
JGP STRATEGY FIC MULTIMERCADO;18/04/2017;200,657857
JGP STRATEGY FIC MULTIMERCADO;19/04/2017;200,359306
JGP STRATEGY FIC MULTIMERCADO;20/04/2017;200,25122
JGP STRATEGY FIC MULTIMERCADO;24/04/2017;200,419258
JGP STRATEGY FIC MULTIMERCADO;25/04/2017;200,313317
JGP STRATEGY FIC MULTIMERCADO;26/04/2017;200,181076
JGP STRATEGY FIC MULTIMERCADO;27/04/2017;200,215363
JGP STRATEGY FIC MULTIMERCADO;28/04/2017;200,732583
JGP STRATEGY FIC MULTIMERCADO;02/05/2017;201,181371
JGP STRATEGY FIC MULTIMERCADO;03/05/2017;201,222548
JGP STRATEGY FIC MULTIMERCADO;04/05/2017;200,640843
JGP STRATEGY FIC MULTIMERCADO;05/05/2017;200,80346
JGP STRATEGY FIC MULTIMERCADO;08/05/2017;200,440016
JGP STRATEGY FIC MULTIMERCADO;09/05/2017;200,739141
JGP STRATEGY FIC MULTIMERCADO;10/05/2017;201,085698
JGP STRATEGY FIC MULTIMERCADO;11/05/2017;201,495703
JGP STRATEGY FIC MULTIMERCADO;12/05/2017;201,832822
JGP STRATEGY FIC MULTIMERCADO;15/05/2017;202,197725
JGP STRATEGY FIC MULTIMERCADO;16/05/2017;202,447915
JGP STRATEGY FIC MULTIMERCADO;17/05/2017;202,634271
JGP STRATEGY FIC MULTIMERCADO;18/05/2017;209,353238
JGP STRATEGY FIC MULTIMERCADO;19/05/2017;209,438835
JGP STRATEGY FIC MULTIMERCADO;22/05/2017;209,174774
JGP STRATEGY FIC MULTIMERCADO;23/05/2017;209,148179
JGP STRATEGY FIC MULTIMERCADO;24/05/2017;209,096012
JGP STRATEGY FIC MULTIMERCADO;25/05/2017;209,4025
JGP STRATEGY FIC MULTIMERCADO;26/05/2017;209,365714
JGP STRATEGY FIC MULTIMERCADO;29/05/2017;209,741904
JGP STRATEGY FIC MULTIMERCADO;30/05/2017;209,837402
JGP STRATEGY FIC MULTIMERCADO;31/05/2017;209,862914
JGP STRATEGY FIC MULTIMERCADO;01/06/2017;209,713436
JGP STRATEGY FIC MULTIMERCADO;02/06/2017;209,76676
JGP STRATEGY FIC MULTIMERCADO;05/06/2017;210,107245
JGP STRATEGY FIC MULTIMERCADO;06/06/2017;210,347373
JGP STRATEGY FIC MULTIMERCADO;07/06/2017;210,296454
JGP STRATEGY FIC MULTIMERCADO;08/06/2017;210,205653
JGP STRATEGY FIC MULTIMERCADO;09/06/2017;210,608621
JGP STRATEGY FIC MULTIMERCADO;12/06/2017;210,994462
JGP STRATEGY FIC MULTIMERCADO;13/06/2017;210,625954
JGP STRATEGY FIC MULTIMERCADO;14/06/2017;210,85368
JGP STRATEGY FIC MULTIMERCADO;16/06/2017;211,070801
JGP STRATEGY FIC MULTIMERCADO;19/06/2017;211,142268
JGP STRATEGY FIC MULTIMERCADO;20/06/2017;211,59993
JGP STRATEGY FIC MULTIMERCADO;21/06/2017;211,716752
JGP STRATEGY FIC MULTIMERCADO;22/06/2017;211,627993
JGP STRATEGY FIC MULTIMERCADO;23/06/2017;211,705582
JGP STRATEGY FIC MULTIMERCADO;26/06/2017;211,461859
JGP STRATEGY FIC MULTIMERCADO;27/06/2017;211,804074
JGP STRATEGY FIC MULTIMERCADO;28/06/2017;211,570981
JGP STRATEGY FIC MULTIMERCADO;29/06/2017;211,766192
JGP STRATEGY FIC MULTIMERCADO;30/06/2017;211,761883
JGP STRATEGY FIC MULTIMERCADO;03/07/2017;211,954165
JGP STRATEGY FIC MULTIMERCADO;04/07/2017;211,960937
JGP STRATEGY FIC MULTIMERCADO;05/07/2017;212,013609
JGP STRATEGY FIC MULTIMERCADO;06/07/2017;212,104546
JGP STRATEGY FIC MULTIMERCADO;07/07/2017;212,036204
JGP STRATEGY FIC MULTIMERCADO;10/07/2017;212,13272
JGP STRATEGY FIC MULTIMERCADO;11/07/2017;212,145548
JGP STRATEGY FIC MULTIMERCADO;12/07/2017;212,205491
JGP STRATEGY FIC MULTIMERCADO;13/07/2017;212,302159
JGP STRATEGY FIC MULTIMERCADO;14/07/2017;212,293298
JGP STRATEGY FIC MULTIMERCADO;17/07/2017;212,311662
JGP STRATEGY FIC MULTIMERCADO;18/07/2017;212,463862
JGP STRATEGY FIC MULTIMERCADO;19/07/2017;212,666217
JGP STRATEGY FIC MULTIMERCADO;20/07/2017;212,691536
JGP STRATEGY FIC MULTIMERCADO;21/07/2017;212,845603
JGP STRATEGY FIC MULTIMERCADO;24/07/2017;212,76584
JGP STRATEGY FIC MULTIMERCADO;25/07/2017;212,860433
JGP STRATEGY FIC MULTIMERCADO;26/07/2017;212,742185
JGP STRATEGY FIC MULTIMERCADO;27/07/2017;213,397202
JGP STRATEGY FIC MULTIMERCADO;28/07/2017;213,661359
JGP STRATEGY FIC MULTIMERCADO;31/07/2017;213,967639
JGP STRATEGY FIC MULTIMERCADO;01/08/2017;214,103017
JGP STRATEGY FIC MULTIMERCADO;02/08/2017;214,207838
JGP STRATEGY FIC MULTIMERCADO;03/08/2017;214,457906
JGP STRATEGY FIC MULTIMERCADO;04/08/2017;214,612061
JGP STRATEGY FIC MULTIMERCADO;07/08/2017;214,699152
JGP STRATEGY FIC MULTIMERCADO;08/08/2017;214,834209
JGP STRATEGY FIC MULTIMERCADO;09/08/2017;214,870583
JGP STRATEGY FIC MULTIMERCADO;10/08/2017;215,021159
JGP STRATEGY FIC MULTIMERCADO;11/08/2017;214,967488
JGP STRATEGY FIC MULTIMERCADO;14/08/2017;215,009663
JGP STRATEGY FIC MULTIMERCADO;15/08/2017;215,040114
JGP STRATEGY FIC MULTIMERCADO;16/08/2017;214,93518
JGP STRATEGY FIC MULTIMERCADO;17/08/2017;214,97872
JGP STRATEGY FIC MULTIMERCADO;18/08/2017;215,187719
JGP STRATEGY FIC MULTIMERCADO;21/08/2017;215,101334
JGP STRATEGY FIC MULTIMERCADO;22/08/2017;215,149309
JGP STRATEGY FIC MULTIMERCADO;23/08/2017;215,689742
JGP STRATEGY FIC MULTIMERCADO;24/08/2017;216,052365
JGP STRATEGY FIC MULTIMERCADO;25/08/2017;216,43121
JGP STRATEGY FIC MULTIMERCADO;28/08/2017;216,425392
JGP STRATEGY FIC MULTIMERCADO;29/08/2017;216,527206
JGP STRATEGY FIC MULTIMERCADO;30/08/2017;216,647503
JGP STRATEGY FIC MULTIMERCADO;31/08/2017;216,517529
JGP STRATEGY FIC MULTIMERCADO;01/09/2017;216,689083
JGP STRATEGY FIC MULTIMERCADO;04/09/2017;216,925638
JGP STRATEGY FIC MULTIMERCADO;05/09/2017;217,148329
JGP STRATEGY FIC MULTIMERCADO;06/09/2017;218,026425
JGP STRATEGY FIC MULTIMERCADO;08/09/2017;218,365238
JGP STRATEGY FIC MULTIMERCADO;11/09/2017;218,169771
JGP STRATEGY FIC MULTIMERCADO;12/09/2017;217,795958
JGP STRATEGY FIC MULTIMERCADO;13/09/2017;218,027812
JGP STRATEGY FIC MULTIMERCADO;14/09/2017;218,208569
JGP STRATEGY FIC MULTIMERCADO;15/09/2017;218,384082
JGP STRATEGY FIC MULTIMERCADO;18/09/2017;218,620429
JGP STRATEGY FIC MULTIMERCADO;19/09/2017;218,537602
JGP STRATEGY FIC MULTIMERCADO;20/09/2017;218,973825
JGP STRATEGY FIC MULTIMERCADO;21/09/2017;219,109576
JGP STRATEGY FIC MULTIMERCADO;22/09/2017;219,191811
JGP STRATEGY FIC MULTIMERCADO;25/09/2017;218,946801
JGP STRATEGY FIC MULTIMERCADO;26/09/2017;219,082988
JGP STRATEGY FIC MULTIMERCADO;27/09/2017;218,646267
JGP STRATEGY FIC MULTIMERCADO;28/09/2017;218,786405
JGP STRATEGY FIC MULTIMERCADO;29/09/2017;219,093822
JGP STRATEGY FIC MULTIMERCADO;02/10/2017;219,301993
JGP STRATEGY FIC MULTIMERCADO;03/10/2017;219,534064
JGP STRATEGY FIC MULTIMERCADO;04/10/2017;219,649932
JGP STRATEGY FIC MULTIMERCADO;05/10/2017;219,319717
JGP STRATEGY FIC MULTIMERCADO;06/10/2017;219,418059
JGP STRATEGY FIC MULTIMERCADO;09/10/2017;219,205157
JGP STRATEGY FIC MULTIMERCADO;10/10/2017;219,477815
JGP STRATEGY FIC MULTIMERCADO;11/10/2017;219,531987
JGP STRATEGY FIC MULTIMERCADO;13/10/2017;219,641177
JGP STRATEGY FIC MULTIMERCADO;16/10/2017;219,337263
JGP STRATEGY FIC MULTIMERCADO;17/10/2017;219,373752
JGP STRATEGY FIC MULTIMERCADO;18/10/2017;219,563438
JGP STRATEGY FIC MULTIMERCADO;19/10/2017;219,784662
JGP STRATEGY FIC MULTIMERCADO;20/10/2017;219,760573
JGP STRATEGY FIC MULTIMERCADO;23/10/2017;219,820854
JGP STRATEGY FIC MULTIMERCADO;24/10/2017;219,987584
JGP STRATEGY FIC MULTIMERCADO;25/10/2017;220,283521
JGP STRATEGY FIC MULTIMERCADO;26/10/2017;219,524657
JGP STRATEGY FIC MULTIMERCADO;27/10/2017;219,703037
JGP STRATEGY FIC MULTIMERCADO;30/10/2017;219,40206
JGP STRATEGY FIC MULTIMERCADO;31/10/2017;219,685497
JGP STRATEGY FIC MULTIMERCADO;01/11/2017;219,394849
JGP STRATEGY FIC MULTIMERCADO;03/11/2017;219,166381
JGP STRATEGY FIC MULTIMERCADO;06/11/2017;219,199545
JGP STRATEGY FIC MULTIMERCADO;07/11/2017;219,180454
JGP STRATEGY FIC MULTIMERCADO;08/11/2017;219,387298
JGP STRATEGY FIC MULTIMERCADO;09/11/2017;219,141378
JGP STRATEGY FIC MULTIMERCADO;10/11/2017;219,105348
JGP STRATEGY FIC MULTIMERCADO;13/11/2017;219,230947
JGP STRATEGY FIC MULTIMERCADO;14/11/2017;219,082121
JGP STRATEGY FIC MULTIMERCADO;16/11/2017;218,969792
JGP STRATEGY FIC MULTIMERCADO;17/11/2017;219,510828
JGP STRATEGY FIC MULTIMERCADO;20/11/2017;219,506408
JGP STRATEGY FIC MULTIMERCADO;21/11/2017;219,602848
JGP STRATEGY FIC MULTIMERCADO;22/11/2017;219,671903
JGP STRATEGY FIC MULTIMERCADO;23/11/2017;219,852826
JGP STRATEGY FIC MULTIMERCADO;24/11/2017;219,756258
JGP STRATEGY FIC MULTIMERCADO;27/11/2017;219,853878
JGP STRATEGY FIC MULTIMERCADO;28/11/2017;219,885533
JGP STRATEGY FIC MULTIMERCADO;29/11/2017;219,64727
JGP STRATEGY FIC MULTIMERCADO;30/11/2017;219,747999
JGP STRATEGY FIC MULTIMERCADO;01/12/2017;219,937126
JGP STRATEGY FIC MULTIMERCADO;04/12/2017;220,025516
JGP STRATEGY FIC MULTIMERCADO;05/12/2017;219,892274
JGP STRATEGY FIC MULTIMERCADO;06/12/2017;219,95156
JGP STRATEGY FIC MULTIMERCADO;07/12/2017;219,688281
JGP STRATEGY FIC MULTIMERCADO;08/12/2017;219,951557
JGP STRATEGY FIC MULTIMERCADO;11/12/2017;220,005078
JGP STRATEGY FIC MULTIMERCADO;12/12/2017;220,176471
JGP STRATEGY FIC MULTIMERCADO;13/12/2017;220,146789
JGP STRATEGY FIC MULTIMERCADO;14/12/2017;220,147681
JGP STRATEGY FIC MULTIMERCADO;15/12/2017;220,470264
JGP STRATEGY FIC MULTIMERCADO;18/12/2017;220,439226
JGP STRATEGY FIC MULTIMERCADO;19/12/2017;220,623198
JGP STRATEGY FIC MULTIMERCADO;20/12/2017;220,736837
JGP STRATEGY FIC MULTIMERCADO;21/12/2017;220,739126
JGP STRATEGY FIC MULTIMERCADO;22/12/2017;220,965573
JGP STRATEGY FIC MULTIMERCADO;26/12/2017;221,175528
JGP STRATEGY FIC MULTIMERCADO;27/12/2017;221,227178
JGP STRATEGY FIC MULTIMERCADO;28/12/2017;221,201382
JGP STRATEGY FIC MULTIMERCADO;29/12/2017;221,190181
JGP STRATEGY FIC MULTIMERCADO;02/01/2018;221,596087
JGP STRATEGY FIC MULTIMERCADO;03/01/2018;221,867516
JGP STRATEGY FIC MULTIMERCADO;04/01/2018;222,474905
JGP STRATEGY FIC MULTIMERCADO;05/01/2018;222,573855
JGP STRATEGY FIC MULTIMERCADO;08/01/2018;222,613735
JGP STRATEGY FIC MULTIMERCADO;09/01/2018;222,637371
JGP STRATEGY FIC MULTIMERCADO;10/01/2018;222,591163
JGP STRATEGY FIC MULTIMERCADO;11/01/2018;222,986141
JGP STRATEGY FIC MULTIMERCADO;12/01/2018;223,094979
JGP STRATEGY FIC MULTIMERCADO;15/01/2018;223,242023
JGP STRATEGY FIC MULTIMERCADO;16/01/2018;223,373438
JGP STRATEGY FIC MULTIMERCADO;17/01/2018;223,808275
JGP STRATEGY FIC MULTIMERCADO;18/01/2018;223,814752
JGP STRATEGY FIC MULTIMERCADO;19/01/2018;223,926756
JGP STRATEGY FIC MULTIMERCADO;22/01/2018;224,150531
JGP STRATEGY FIC MULTIMERCADO;23/01/2018;223,878668
JGP STRATEGY FIC MULTIMERCADO;24/01/2018;224,837843
JGP STRATEGY FIC MULTIMERCADO;25/01/2018;224,90395
JGP STRATEGY FIC MULTIMERCADO;26/01/2018;225,61738
JGP STRATEGY FIC MULTIMERCADO;29/01/2018;225,343776
JGP STRATEGY FIC MULTIMERCADO;30/01/2018;225,389783
JGP STRATEGY FIC MULTIMERCADO;31/01/2018;225,335409
JGP STRATEGY FIC MULTIMERCADO;01/02/2018;225,593113
JGP STRATEGY FIC MULTIMERCADO;02/02/2018;225,385514
JGP STRATEGY FIC MULTIMERCADO;05/02/2018;225,296645
JGP STRATEGY FIC MULTIMERCADO;06/02/2018;224,96765
JGP STRATEGY FIC MULTIMERCADO;07/02/2018;225,143714
JGP STRATEGY FIC MULTIMERCADO;08/02/2018;224,969548
JGP STRATEGY FIC MULTIMERCADO;09/02/2018;224,688256
JGP STRATEGY FIC MULTIMERCADO;14/02/2018;225,011435
JGP STRATEGY FIC MULTIMERCADO;15/02/2018;225,432172
JGP STRATEGY FIC MULTIMERCADO;16/02/2018;225,803608
JGP STRATEGY FIC MULTIMERCADO;19/02/2018;225,862495
JGP STRATEGY FIC MULTIMERCADO;20/02/2018;226,00704
JGP STRATEGY FIC MULTIMERCADO;21/02/2018;226,376908
JGP STRATEGY FIC MULTIMERCADO;22/02/2018;226,194782
JGP STRATEGY FIC MULTIMERCADO;23/02/2018;226,238266
JGP STRATEGY FIC MULTIMERCADO;26/02/2018;226,4625
JGP STRATEGY FIC MULTIMERCADO;27/02/2018;226,369342
JGP STRATEGY FIC MULTIMERCADO;28/02/2018;226,723667
JGP STRATEGY FIC MULTIMERCADO;01/03/2018;226,359742
JGP STRATEGY FIC MULTIMERCADO;02/03/2018;226,669337
JGP STRATEGY FIC MULTIMERCADO;05/03/2018;226,705264
JGP STRATEGY FIC MULTIMERCADO;06/03/2018;226,810539
JGP STRATEGY FIC MULTIMERCADO;07/03/2018;226,809115
JGP STRATEGY FIC MULTIMERCADO;08/03/2018;227,044311
JGP STRATEGY FIC MULTIMERCADO;09/03/2018;227,310153
JGP STRATEGY FIC MULTIMERCADO;12/03/2018;227,407171
JGP STRATEGY FIC MULTIMERCADO;13/03/2018;227,460309
JGP STRATEGY FIC MULTIMERCADO;14/03/2018;227,296621
JGP STRATEGY FIC MULTIMERCADO;15/03/2018;227,502738
JGP STRATEGY FIC MULTIMERCADO;16/03/2018;227,778042
JGP STRATEGY FIC MULTIMERCADO;19/03/2018;227,773871
JGP STRATEGY FIC MULTIMERCADO;20/03/2018;227,682448
JGP STRATEGY FIC MULTIMERCADO;21/03/2018;227,556128
JGP STRATEGY FIC MULTIMERCADO;22/03/2018;228,145709
JGP STRATEGY FIC MULTIMERCADO;23/03/2018;228,202375
JGP STRATEGY FIC MULTIMERCADO;26/03/2018;228,279693
JGP STRATEGY FIC MULTIMERCADO;27/03/2018;228,359985
JGP STRATEGY FIC MULTIMERCADO;28/03/2018;228,351959
JGP STRATEGY FIC MULTIMERCADO;29/03/2018;228,257103
JGP STRATEGY FIC MULTIMERCADO;02/04/2018;228,293204
JGP STRATEGY FIC MULTIMERCADO;03/04/2018;228,390741
JGP STRATEGY FIC MULTIMERCADO;04/04/2018;228,401264
JGP STRATEGY FIC MULTIMERCADO;05/04/2018;228,542561
JGP STRATEGY FIC MULTIMERCADO;06/04/2018;228,851876
JGP STRATEGY FIC MULTIMERCADO;09/04/2018;229,350405
JGP STRATEGY FIC MULTIMERCADO;10/04/2018;229,239047
JGP STRATEGY FIC MULTIMERCADO;11/04/2018;229,215818
JGP STRATEGY FIC MULTIMERCADO;12/04/2018;229,257459
JGP STRATEGY FIC MULTIMERCADO;13/04/2018;229,556353
JGP STRATEGY FIC MULTIMERCADO;16/04/2018;229,623397
JGP STRATEGY FIC MULTIMERCADO;17/04/2018;229,253261
JGP STRATEGY FIC MULTIMERCADO;18/04/2018;229,304978
JGP STRATEGY FIC MULTIMERCADO;19/04/2018;229,482803
JGP STRATEGY FIC MULTIMERCADO;20/04/2018;229,469389
JGP STRATEGY FIC MULTIMERCADO;23/04/2018;229,92169
JGP STRATEGY FIC MULTIMERCADO;24/04/2018;230,095534
JGP STRATEGY FIC MULTIMERCADO;25/04/2018;230,215581
JGP STRATEGY FIC MULTIMERCADO;26/04/2018;230,240787
JGP STRATEGY FIC MULTIMERCADO;27/04/2018;230,253835
JGP STRATEGY FIC MULTIMERCADO;30/04/2018;230,617042
JGP STRATEGY FIC MULTIMERCADO;02/05/2018;231,162419
JGP STRATEGY FIC MULTIMERCADO;03/05/2018;231,198453
JGP STRATEGY FIC MULTIMERCADO;04/05/2018;231,160899
JGP STRATEGY FIC MULTIMERCADO;07/05/2018;231,429794
JGP STRATEGY FIC MULTIMERCADO;08/05/2018;231,577194
JGP STRATEGY FIC MULTIMERCADO;09/05/2018;232,326028
JGP STRATEGY FIC MULTIMERCADO;10/05/2018;231,99279
JGP STRATEGY FIC MULTIMERCADO;11/05/2018;232,149357
JGP STRATEGY FIC MULTIMERCADO;14/05/2018;232,098205
JGP STRATEGY FIC MULTIMERCADO;15/05/2018;232,185373
JGP STRATEGY FIC MULTIMERCADO;16/05/2018;232,652212
JGP STRATEGY FIC MULTIMERCADO;17/05/2018;232,129947
JGP STRATEGY FIC MULTIMERCADO;18/05/2018;231,736083
JGP STRATEGY FIC MULTIMERCADO;21/05/2018;232,230508
JGP STRATEGY FIC MULTIMERCADO;22/05/2018;232,886385
JGP STRATEGY FIC MULTIMERCADO;23/05/2018;232,39369
JGP STRATEGY FIC MULTIMERCADO;24/05/2018;232,103671
JGP STRATEGY FIC MULTIMERCADO;25/05/2018;231,720047
JGP STRATEGY FIC MULTIMERCADO;28/05/2018;231,659988
JGP STRATEGY FIC MULTIMERCADO;29/05/2018;231,490329
JGP STRATEGY FIC MULTIMERCADO;30/05/2018;231,866795
JGP STRATEGY FIC MULTIMERCADO;01/06/2018;232,604953
JGP STRATEGY FIC MULTIMERCADO;04/06/2018;232,762609
JGP STRATEGY FIC MULTIMERCADO;05/06/2018;232,142949
JGP STRATEGY FIC MULTIMERCADO;06/06/2018;232,240099
JGP STRATEGY FIC MULTIMERCADO;07/06/2018;231,42459
JGP STRATEGY FIC MULTIMERCADO;08/06/2018;231,68092
JGP STRATEGY FIC MULTIMERCADO;11/06/2018;232,000591
JGP STRATEGY FIC MULTIMERCADO;12/06/2018;231,898614
JGP STRATEGY FIC MULTIMERCADO;13/06/2018;231,60328
JGP STRATEGY FIC MULTIMERCADO;14/06/2018;231,266485
JGP STRATEGY FIC MULTIMERCADO;15/06/2018;231,491741
JGP STRATEGY FIC MULTIMERCADO;18/06/2018;231,863702
JGP STRATEGY FIC MULTIMERCADO;19/06/2018;232,41363
JGP STRATEGY FIC MULTIMERCADO;20/06/2018;232,600255
JGP STRATEGY FIC MULTIMERCADO;21/06/2018;232,210642
JGP STRATEGY FIC MULTIMERCADO;22/06/2018;232,258704
JGP STRATEGY FIC MULTIMERCADO;25/06/2018;232,696858
JGP STRATEGY FIC MULTIMERCADO;26/06/2018;233,09331
JGP STRATEGY FIC MULTIMERCADO;27/06/2018;233,452802
JGP STRATEGY FIC MULTIMERCADO;28/06/2018;233,817048
JGP STRATEGY FIC MULTIMERCADO;29/06/2018;234,074426
JGP STRATEGY FIC MULTIMERCADO;02/07/2018;234,323111
JGP STRATEGY FIC MULTIMERCADO;03/07/2018;234,372996
JGP STRATEGY FIC MULTIMERCADO;04/07/2018;234,724222
JGP STRATEGY FIC MULTIMERCADO;05/07/2018;234,765521
JGP STRATEGY FIC MULTIMERCADO;06/07/2018;234,471457
JGP STRATEGY FIC MULTIMERCADO;09/07/2018;234,563775
JGP STRATEGY FIC MULTIMERCADO;10/07/2018;234,29091
JGP STRATEGY FIC MULTIMERCADO;11/07/2018;234,680072
JGP STRATEGY FIC MULTIMERCADO;12/07/2018;234,930569
JGP STRATEGY FIC MULTIMERCADO;13/07/2018;234,922158
JGP STRATEGY FIC MULTIMERCADO;16/07/2018;234,826836
JGP STRATEGY FIC MULTIMERCADO;17/07/2018;234,982164
JGP STRATEGY FIC MULTIMERCADO;18/07/2018;235,045884
JGP STRATEGY FIC MULTIMERCADO;19/07/2018;235,235439
JGP STRATEGY FIC MULTIMERCADO;20/07/2018;235,672347
JGP STRATEGY FIC MULTIMERCADO;23/07/2018;235,650464
JGP STRATEGY FIC MULTIMERCADO;24/07/2018;236,040048
JGP STRATEGY FIC MULTIMERCADO;25/07/2018;236,037295
JGP STRATEGY FIC MULTIMERCADO;26/07/2018;235,966761
JGP STRATEGY FIC MULTIMERCADO;27/07/2018;236,078978
JGP STRATEGY FIC MULTIMERCADO;30/07/2018;235,999852
JGP STRATEGY FIC MULTIMERCADO;31/07/2018;235,695486
JGP STRATEGY FIC MULTIMERCADO;01/08/2018;235,937658
JGP STRATEGY FIC MULTIMERCADO;02/08/2018;236,148801
JGP STRATEGY FIC MULTIMERCADO;03/08/2018;236,538843
JGP STRATEGY FIC MULTIMERCADO;06/08/2018;236,452962
JGP STRATEGY FIC MULTIMERCADO;07/08/2018;235,778182
JGP STRATEGY FIC MULTIMERCADO;08/08/2018;235,719799
JGP STRATEGY FIC MULTIMERCADO;09/08/2018;235,737987
JGP STRATEGY FIC MULTIMERCADO;10/08/2018;235,794335
JGP STRATEGY FIC MULTIMERCADO;13/08/2018;235,834177
JGP STRATEGY FIC MULTIMERCADO;14/08/2018;236,156683
JGP STRATEGY FIC MULTIMERCADO;15/08/2018;236,016428
JGP STRATEGY FIC MULTIMERCADO;16/08/2018;236,192023
JGP STRATEGY FIC MULTIMERCADO;17/08/2018;236,310701
JGP STRATEGY FIC MULTIMERCADO;20/08/2018;236,820127
JGP STRATEGY FIC MULTIMERCADO;21/08/2018;237,370461
JGP STRATEGY FIC MULTIMERCADO;22/08/2018;237,720414
JGP STRATEGY FIC MULTIMERCADO;23/08/2018;238,351317
JGP STRATEGY FIC MULTIMERCADO;24/08/2018;238,120512
JGP STRATEGY FIC MULTIMERCADO;27/08/2018;238,14349
JGP STRATEGY FIC MULTIMERCADO;28/08/2018;238,316033
JGP STRATEGY FIC MULTIMERCADO;29/08/2018;238,266258
JGP STRATEGY FIC MULTIMERCADO;30/08/2018;238,751686
JGP STRATEGY FIC MULTIMERCADO;31/08/2018;237,998598
JGP STRATEGY FIC MULTIMERCADO;03/09/2018;238,741978
JGP STRATEGY FIC MULTIMERCADO;04/09/2018;238,691173
JGP STRATEGY FIC MULTIMERCADO;05/09/2018;237,876442
JGP STRATEGY FIC MULTIMERCADO;06/09/2018;237,652278
JGP STRATEGY FIC MULTIMERCADO;10/09/2018;237,673292
JGP STRATEGY FIC MULTIMERCADO;11/09/2018;237,906013
JGP STRATEGY FIC MULTIMERCADO;12/09/2018;237,615493
JGP STRATEGY FIC MULTIMERCADO;13/09/2018;237,894771
JGP STRATEGY FIC MULTIMERCADO;14/09/2018;237,843652
JGP STRATEGY FIC MULTIMERCADO;17/09/2018;237,758791
JGP STRATEGY FIC MULTIMERCADO;18/09/2018;237,899575
JGP STRATEGY FIC MULTIMERCADO;19/09/2018;237,679604
JGP STRATEGY FIC MULTIMERCADO;20/09/2018;237,453566
JGP STRATEGY FIC MULTIMERCADO;21/09/2018;237,583212
JGP STRATEGY FIC MULTIMERCADO;24/09/2018;237,673343
JGP STRATEGY FIC MULTIMERCADO;25/09/2018;237,908754
JGP STRATEGY FIC MULTIMERCADO;26/09/2018;238,004496
JGP STRATEGY FIC MULTIMERCADO;27/09/2018;237,850082
JGP STRATEGY FIC MULTIMERCADO;28/09/2018;237,998987
JGP STRATEGY FIC MULTIMERCADO;01/10/2018;238,089143
JGP STRATEGY FIC MULTIMERCADO;02/10/2018;237,6198
JGP STRATEGY FIC MULTIMERCADO;03/10/2018;237,752584
JGP STRATEGY FIC MULTIMERCADO;04/10/2018;238,212317
JGP STRATEGY FIC MULTIMERCADO;05/10/2018;237,88607
JGP STRATEGY FIC MULTIMERCADO;08/10/2018;239,823645
JGP STRATEGY FIC MULTIMERCADO;09/10/2018;239,712156
JGP STRATEGY FIC MULTIMERCADO;10/10/2018;239,095299
JGP STRATEGY FIC MULTIMERCADO;11/10/2018;238,780773
JGP STRATEGY FIC MULTIMERCADO;15/10/2018;239,034113
JGP STRATEGY FIC MULTIMERCADO;16/10/2018;239,446907
JGP STRATEGY FIC MULTIMERCADO;17/10/2018;239,565269
JGP STRATEGY FIC MULTIMERCADO;18/10/2018;239,309483
JGP STRATEGY FIC MULTIMERCADO;19/10/2018;239,395404
JGP STRATEGY FIC MULTIMERCADO;22/10/2018;239,810355
JGP STRATEGY FIC MULTIMERCADO;23/10/2018;240,031758
JGP STRATEGY FIC MULTIMERCADO;24/10/2018;239,531035
JGP STRATEGY FIC MULTIMERCADO;25/10/2018;239,871513
JGP STRATEGY FIC MULTIMERCADO;26/10/2018;240,926518
JGP STRATEGY FIC MULTIMERCADO;29/10/2018;240,655409
JGP STRATEGY FIC MULTIMERCADO;30/10/2018;241,012671
JGP STRATEGY FIC MULTIMERCADO;31/10/2018;240,982578
JGP STRATEGY FIC MULTIMERCADO;01/11/2018;240,994376
JGP STRATEGY FIC MULTIMERCADO;05/11/2018;240,930801
JGP STRATEGY FIC MULTIMERCADO;06/11/2018;240,55206
JGP STRATEGY FIC MULTIMERCADO;07/11/2018;240,21531
JGP STRATEGY FIC MULTIMERCADO;08/11/2018;239,860927
JGP STRATEGY FIC MULTIMERCADO;09/11/2018;239,894818
JGP STRATEGY FIC MULTIMERCADO;12/11/2018;239,791428
JGP STRATEGY FIC MULTIMERCADO;13/11/2018;239,208533
JGP STRATEGY FIC MULTIMERCADO;14/11/2018;239,408004
JGP STRATEGY FIC MULTIMERCADO;16/11/2018;240,316416
JGP STRATEGY FIC MULTIMERCADO;19/11/2018;240,196072
JGP STRATEGY FIC MULTIMERCADO;20/11/2018;240,149477
JGP STRATEGY FIC MULTIMERCADO;21/11/2018;240,273741
JGP STRATEGY FIC MULTIMERCADO;22/11/2018;240,027746
JGP STRATEGY FIC MULTIMERCADO;23/11/2018;240,129757
JGP STRATEGY FIC MULTIMERCADO;26/11/2018;239,180856
JGP STRATEGY FIC MULTIMERCADO;27/11/2018;239,249304
JGP STRATEGY FIC MULTIMERCADO;28/11/2018;239,82551
JGP STRATEGY FIC MULTIMERCADO;29/11/2018;239,616554
JGP STRATEGY FIC MULTIMERCADO;30/11/2018;239,431493
JGP STRATEGY FIC MULTIMERCADO;03/12/2018;239,722648
JGP STRATEGY FIC MULTIMERCADO;04/12/2018;239,401721
JGP STRATEGY FIC MULTIMERCADO;05/12/2018;239,451243
JGP STRATEGY FIC MULTIMERCADO;06/12/2018;239,644143
JGP STRATEGY FIC MULTIMERCADO;07/12/2018;239,550164
JGP STRATEGY FIC MULTIMERCADO;10/12/2018;239,42824
JGP STRATEGY FIC MULTIMERCADO;11/12/2018;239,374961
JGP STRATEGY FIC MULTIMERCADO;12/12/2018;239,421419
JGP STRATEGY FIC MULTIMERCADO;13/12/2018;239,287984
JGP STRATEGY FIC MULTIMERCADO;14/12/2018;239,130555
JGP STRATEGY FIC MULTIMERCADO;17/12/2018;239,199616
JGP STRATEGY FIC MULTIMERCADO;18/12/2018;239,303453
JGP STRATEGY FIC MULTIMERCADO;19/12/2018;239,438426
JGP STRATEGY FIC MULTIMERCADO;20/12/2018;239,612732
JGP STRATEGY FIC MULTIMERCADO;21/12/2018;239,239349
JGP STRATEGY FIC MULTIMERCADO;24/12/2018;239,352926
JGP STRATEGY FIC MULTIMERCADO;26/12/2018;239,322897
JGP STRATEGY FIC MULTIMERCADO;27/12/2018;239,570799
JGP STRATEGY FIC MULTIMERCADO;28/12/2018;239,788077
JGP STRATEGY FIC MULTIMERCADO;31/12/2018;239,845104
JGP STRATEGY FIC MULTIMERCADO;02/01/2019;240,702848
JGP STRATEGY FIC MULTIMERCADO;03/01/2019;241,38917
JGP STRATEGY FIC MULTIMERCADO;04/01/2019;241,780761
JGP STRATEGY FIC MULTIMERCADO;07/01/2019;241,797464
JGP STRATEGY FIC MULTIMERCADO;08/01/2019;241,65811
JGP STRATEGY FIC MULTIMERCADO;09/01/2019;242,081443
JGP STRATEGY FIC MULTIMERCADO;10/01/2019;241,976862
JGP STRATEGY FIC MULTIMERCADO;11/01/2019;241,96145
JGP STRATEGY FIC MULTIMERCADO;14/01/2019;241,946416
JGP STRATEGY FIC MULTIMERCADO;15/01/2019;241,844058
JGP STRATEGY FIC MULTIMERCADO;16/01/2019;241,661386
JGP STRATEGY FIC MULTIMERCADO;17/01/2019;241,77462
JGP STRATEGY FIC MULTIMERCADO;18/01/2019;241,685024
JGP STRATEGY FIC MULTIMERCADO;21/01/2019;241,69442
JGP STRATEGY FIC MULTIMERCADO;22/01/2019;241,663848
JGP STRATEGY FIC MULTIMERCADO;23/01/2019;242,047035
JGP STRATEGY FIC MULTIMERCADO;24/01/2019;242,137933
JGP STRATEGY FIC MULTIMERCADO;25/01/2019;242,059035
JGP STRATEGY FIC MULTIMERCADO;28/01/2019;241,378106
JGP STRATEGY FIC MULTIMERCADO;29/01/2019;241,806516
JGP STRATEGY FIC MULTIMERCADO;30/01/2019;242,22703
JGP STRATEGY FIC MULTIMERCADO;31/01/2019;243,346728
JGP STRATEGY FIC MULTIMERCADO;01/02/2019;243,444633
JGP STRATEGY FIC MULTIMERCADO;04/02/2019;243,564823
JGP STRATEGY FIC MULTIMERCADO;05/02/2019;243,835271
JGP STRATEGY FIC MULTIMERCADO;06/02/2019;243,063761
JGP STRATEGY FIC MULTIMERCADO;07/02/2019;242,912718
JGP STRATEGY FIC MULTIMERCADO;08/02/2019;242,878989
JGP STRATEGY FIC MULTIMERCADO;11/02/2019;242,592741
JGP STRATEGY FIC MULTIMERCADO;12/02/2019;242,965395
JGP STRATEGY FIC MULTIMERCADO;13/02/2019;242,660888
JGP STRATEGY FIC MULTIMERCADO;14/02/2019;242,76838
JGP STRATEGY FIC MULTIMERCADO;15/02/2019;242,977724
JGP STRATEGY FIC MULTIMERCADO;18/02/2019;242,658196
JGP STRATEGY FIC MULTIMERCADO;19/02/2019;243,015248
JGP STRATEGY FIC MULTIMERCADO;20/02/2019;243,135458
JGP STRATEGY FIC MULTIMERCADO;21/02/2019;243,068744
JGP STRATEGY FIC MULTIMERCADO;22/02/2019;243,297219
JGP STRATEGY FIC MULTIMERCADO;25/02/2019;243,505256
JGP STRATEGY FIC MULTIMERCADO;26/02/2019;243,657032
JGP STRATEGY FIC MULTIMERCADO;27/02/2019;243,620773
JGP STRATEGY FIC MULTIMERCADO;28/02/2019;243,809355
JGP STRATEGY FIC MULTIMERCADO;01/03/2019;243,883573
JGP STRATEGY FIC MULTIMERCADO;06/03/2019;244,108242
JGP STRATEGY FIC MULTIMERCADO;07/03/2019;244,321806
JGP STRATEGY FIC MULTIMERCADO;08/03/2019;244,178132
JGP STRATEGY FIC MULTIMERCADO;11/03/2019;244,153136
JGP STRATEGY FIC MULTIMERCADO;12/03/2019;244,205326
JGP STRATEGY FIC MULTIMERCADO;13/03/2019;244,233562
JGP STRATEGY FIC MULTIMERCADO;14/03/2019;244,126953
JGP STRATEGY FIC MULTIMERCADO;15/03/2019;244,191496
JGP STRATEGY FIC MULTIMERCADO;18/03/2019;244,537615
JGP STRATEGY FIC MULTIMERCADO;19/03/2019;244,565363
JGP STRATEGY FIC MULTIMERCADO;20/03/2019;244,354285
JGP STRATEGY FIC MULTIMERCADO;21/03/2019;244,403452
JGP STRATEGY FIC MULTIMERCADO;22/03/2019;245,116823
JGP STRATEGY FIC MULTIMERCADO;25/03/2019;244,877501
JGP STRATEGY FIC MULTIMERCADO;26/03/2019;244,958738
JGP STRATEGY FIC MULTIMERCADO;27/03/2019;245,325764
JGP STRATEGY FIC MULTIMERCADO;28/03/2019;245,076308
JGP STRATEGY FIC MULTIMERCADO;29/03/2019;244,875287
JGP STRATEGY FIC MULTIMERCADO;01/04/2019;244,818638
JGP STRATEGY FIC MULTIMERCADO;02/04/2019;244,992099
JGP STRATEGY FIC MULTIMERCADO;03/04/2019;244,855407
JGP STRATEGY FIC MULTIMERCADO;04/04/2019;244,969647
JGP STRATEGY FIC MULTIMERCADO;05/04/2019;245,063984
JGP STRATEGY FIC MULTIMERCADO;08/04/2019;245,094837
JGP STRATEGY FIC MULTIMERCADO;09/04/2019;245,069294
JGP STRATEGY FIC MULTIMERCADO;10/04/2019;245,226654
JGP STRATEGY FIC MULTIMERCADO;11/04/2019;245,341815
JGP STRATEGY FIC MULTIMERCADO;12/04/2019;245,204375
JGP STRATEGY FIC MULTIMERCADO;15/04/2019;245,141514
JGP STRATEGY FIC MULTIMERCADO;16/04/2019;245,475114
JGP STRATEGY FIC MULTIMERCADO;17/04/2019;245,6444
JGP STRATEGY FIC MULTIMERCADO;18/04/2019;245,5701
JGP STRATEGY FIC MULTIMERCADO;22/04/2019;245,712576
JGP STRATEGY FIC MULTIMERCADO;23/04/2019;245,797673
JGP STRATEGY FIC MULTIMERCADO;24/04/2019;246,258599
JGP STRATEGY FIC MULTIMERCADO;25/04/2019;246,238415
JGP STRATEGY FIC MULTIMERCADO;26/04/2019;246,036299
JGP STRATEGY FIC MULTIMERCADO;29/04/2019;246,083082
JGP STRATEGY FIC MULTIMERCADO;30/04/2019;246,134799
JGP STRATEGY FIC MULTIMERCADO;02/05/2019;246,350048
JGP STRATEGY FIC MULTIMERCADO;03/05/2019;246,195154
JGP STRATEGY FIC MULTIMERCADO;06/05/2019;246,119373
JGP STRATEGY FIC MULTIMERCADO;07/05/2019;246,194095
JGP STRATEGY FIC MULTIMERCADO;08/05/2019;246,039066
JGP STRATEGY FIC MULTIMERCADO;09/05/2019;246,010853
JGP STRATEGY FIC MULTIMERCADO;10/05/2019;245,857886
JGP STRATEGY FIC MULTIMERCADO;13/05/2019;245,980625
JGP STRATEGY FIC MULTIMERCADO;14/05/2019;245,899782
JGP STRATEGY FIC MULTIMERCADO;15/05/2019;246,07525
JGP STRATEGY FIC MULTIMERCADO;16/05/2019;246,400834
JGP STRATEGY FIC MULTIMERCADO;17/05/2019;246,958684
JGP STRATEGY FIC MULTIMERCADO;20/05/2019;246,944535
JGP STRATEGY FIC MULTIMERCADO;21/05/2019;246,674853
JGP STRATEGY FIC MULTIMERCADO;22/05/2019;246,576023
JGP STRATEGY FIC MULTIMERCADO;23/05/2019;246,713892
JGP STRATEGY FIC MULTIMERCADO;24/05/2019;246,733486
JGP STRATEGY FIC MULTIMERCADO;27/05/2019;246,921042
JGP STRATEGY FIC MULTIMERCADO;28/05/2019;247,230246
JGP STRATEGY FIC MULTIMERCADO;29/05/2019;247,550493
JGP STRATEGY FIC MULTIMERCADO;30/05/2019;247,745799
JGP STRATEGY FIC MULTIMERCADO;31/05/2019;248,030651
JGP STRATEGY FIC MULTIMERCADO;03/06/2019;248,123647
JGP STRATEGY FIC MULTIMERCADO;04/06/2019;248,419754
JGP STRATEGY FIC MULTIMERCADO;05/06/2019;248,053057
JGP STRATEGY FIC MULTIMERCADO;06/06/2019;248,411081
JGP STRATEGY FIC MULTIMERCADO;07/06/2019;248,536533
JGP STRATEGY FIC MULTIMERCADO;10/06/2019;248,557601
JGP STRATEGY FIC MULTIMERCADO;11/06/2019;248,942305
JGP STRATEGY FIC MULTIMERCADO;12/06/2019;248,833024
JGP STRATEGY FIC MULTIMERCADO;13/06/2019;248,774191
JGP STRATEGY FIC MULTIMERCADO;14/06/2019;248,469122
JGP STRATEGY FIC MULTIMERCADO;17/06/2019;248,461068
JGP STRATEGY FIC MULTIMERCADO;18/06/2019;248,602785
JGP STRATEGY FIC MULTIMERCADO;19/06/2019;248,844647
JGP STRATEGY FIC MULTIMERCADO;21/06/2019;249,540702
JGP STRATEGY FIC MULTIMERCADO;24/06/2019;249,720949
JGP STRATEGY FIC MULTIMERCADO;25/06/2019;249,292749
JGP STRATEGY FIC MULTIMERCADO;26/06/2019;249,348196
JGP STRATEGY FIC MULTIMERCADO;27/06/2019;249,42231
JGP STRATEGY FIC MULTIMERCADO;28/06/2019;249,882949
JGP STRATEGY FIC MULTIMERCADO;01/07/2019;249,966122
JGP STRATEGY FIC MULTIMERCADO;02/07/2019;249,741674
JGP STRATEGY FIC MULTIMERCADO;03/07/2019;250,336318
JGP STRATEGY FIC MULTIMERCADO;04/07/2019;250,916174
JGP STRATEGY FIC MULTIMERCADO;05/07/2019;251,082958
JGP STRATEGY FIC MULTIMERCADO;08/07/2019;251,418339
JGP STRATEGY FIC MULTIMERCADO;09/07/2019;251,278134
JGP STRATEGY FIC MULTIMERCADO;10/07/2019;251,52992
JGP STRATEGY FIC MULTIMERCADO;11/07/2019;251,734717
JGP STRATEGY FIC MULTIMERCADO;12/07/2019;251,70643
JGP STRATEGY FIC MULTIMERCADO;15/07/2019;251,897344
JGP STRATEGY FIC MULTIMERCADO;16/07/2019;251,841915
JGP STRATEGY FIC MULTIMERCADO;17/07/2019;251,983916
JGP STRATEGY FIC MULTIMERCADO;18/07/2019;252,236862
JGP STRATEGY FIC MULTIMERCADO;19/07/2019;251,983565
JGP STRATEGY FIC MULTIMERCADO;22/07/2019;251,928921
JGP STRATEGY FIC MULTIMERCADO;23/07/2019;251,74605
JGP STRATEGY FIC MULTIMERCADO;24/07/2019;252,235527
JGP STRATEGY FIC MULTIMERCADO;25/07/2019;251,737277
JGP STRATEGY FIC MULTIMERCADO;26/07/2019;252,272052
JGP STRATEGY FIC MULTIMERCADO;29/07/2019;252,272356
JGP STRATEGY FIC MULTIMERCADO;30/07/2019;252,204854
JGP STRATEGY FIC MULTIMERCADO;31/07/2019;252,268794
JGP STRATEGY FIC MULTIMERCADO;01/08/2019;252,762936
JGP STRATEGY FIC MULTIMERCADO;02/08/2019;253,249984
JGP STRATEGY FIC MULTIMERCADO;05/08/2019;253,021127
JGP STRATEGY FIC MULTIMERCADO;06/08/2019;253,486369
JGP STRATEGY FIC MULTIMERCADO;07/08/2019;253,814012
JGP STRATEGY FIC MULTIMERCADO;08/08/2019;254,067653
JGP STRATEGY FIC MULTIMERCADO;09/08/2019;254,109528
JGP STRATEGY FIC MULTIMERCADO;12/08/2019;253,399634
JGP STRATEGY FIC MULTIMERCADO;13/08/2019;253,22876
JGP STRATEGY FIC MULTIMERCADO;14/08/2019;253,601192
JGP STRATEGY FIC MULTIMERCADO;15/08/2019;252,619793
JGP STRATEGY FIC MULTIMERCADO;16/08/2019;252,60102
JGP STRATEGY FIC MULTIMERCADO;19/08/2019;252,606633
JGP STRATEGY FIC MULTIMERCADO;20/08/2019;252,535956
JGP STRATEGY FIC MULTIMERCADO;21/08/2019;252,484665
JGP STRATEGY FIC MULTIMERCADO;22/08/2019;252,514859
JGP STRATEGY FIC MULTIMERCADO;23/08/2019;253,068173
JGP STRATEGY FIC MULTIMERCADO;26/08/2019;252,812889
JGP STRATEGY FIC MULTIMERCADO;27/08/2019;253,052727
JGP STRATEGY FIC MULTIMERCADO;28/08/2019;252,946093
JGP STRATEGY FIC MULTIMERCADO;29/08/2019;252,872951
JGP STRATEGY FIC MULTIMERCADO;30/08/2019;253,10691
JGP STRATEGY FIC MULTIMERCADO;02/09/2019;253,27579
JGP STRATEGY FIC MULTIMERCADO;03/09/2019;253,478345
JGP STRATEGY FIC MULTIMERCADO;04/09/2019;253,294705
JGP STRATEGY FIC MULTIMERCADO;05/09/2019;253,035192
JGP STRATEGY FIC MULTIMERCADO;06/09/2019;253,090995
JGP STRATEGY FIC MULTIMERCADO;09/09/2019;253,113976
JGP STRATEGY FIC MULTIMERCADO;10/09/2019;253,06929
JGP STRATEGY FIC MULTIMERCADO;11/09/2019;253,156812
JGP STRATEGY FIC MULTIMERCADO;12/09/2019;253,196026
JGP STRATEGY FIC MULTIMERCADO;13/09/2019;253,102862
JGP STRATEGY FIC MULTIMERCADO;16/09/2019;253,190434
JGP STRATEGY FIC MULTIMERCADO;17/09/2019;253,149778
JGP STRATEGY FIC MULTIMERCADO;18/09/2019;253,193445
JGP STRATEGY FIC MULTIMERCADO;19/09/2019;253,650718
JGP STRATEGY FIC MULTIMERCADO;20/09/2019;253,784173
JGP STRATEGY FIC MULTIMERCADO;23/09/2019;253,827656
JGP STRATEGY FIC MULTIMERCADO;24/09/2019;253,799051
JGP STRATEGY FIC MULTIMERCADO;25/09/2019;253,708398
JGP STRATEGY FIC MULTIMERCADO;26/09/2019;253,861668
JGP STRATEGY FIC MULTIMERCADO;27/09/2019;253,727744
JGP STRATEGY FIC MULTIMERCADO;30/09/2019;253,840626
JGP STRATEGY FIC MULTIMERCADO;01/10/2019;253,678527
JGP STRATEGY FIC MULTIMERCADO;02/10/2019;253,449563
JGP STRATEGY FIC MULTIMERCADO;03/10/2019;253,168858
JGP STRATEGY FIC MULTIMERCADO;04/10/2019;253,11221
JGP STRATEGY FIC MULTIMERCADO;07/10/2019;253,20675
JGP STRATEGY FIC MULTIMERCADO;08/10/2019;253,064933
JGP STRATEGY FIC MULTIMERCADO;09/10/2019;253,015317
JGP STRATEGY FIC MULTIMERCADO;10/10/2019;252,958365
JGP STRATEGY FIC MULTIMERCADO;11/10/2019;253,263726
JGP STRATEGY FIC MULTIMERCADO;14/10/2019;253,254182
JGP STRATEGY FIC MULTIMERCADO;15/10/2019;253,219346
JGP STRATEGY FIC MULTIMERCADO;16/10/2019;253,32712
JGP STRATEGY FIC MULTIMERCADO;17/10/2019;253,253195
JGP STRATEGY FIC MULTIMERCADO;18/10/2019;253,527855
JGP STRATEGY FIC MULTIMERCADO;21/10/2019;253,715842
JGP STRATEGY FIC MULTIMERCADO;22/10/2019;254,488551
JGP STRATEGY FIC MULTIMERCADO;23/10/2019;254,898381
JGP STRATEGY FIC MULTIMERCADO;24/10/2019;254,809812
JGP STRATEGY FIC MULTIMERCADO;25/10/2019;255,15873
JGP STRATEGY FIC MULTIMERCADO;28/10/2019;255,607414
JGP STRATEGY FIC MULTIMERCADO;29/10/2019;255,417955
JGP STRATEGY FIC MULTIMERCADO;30/10/2019;255,793135
JGP STRATEGY FIC MULTIMERCADO;31/10/2019;255,272637
JGP STRATEGY FIC MULTIMERCADO;01/11/2019;255,541586
JGP STRATEGY FIC MULTIMERCADO;04/11/2019;255,348017
JGP STRATEGY FIC MULTIMERCADO;05/11/2019;255,464339
JGP STRATEGY FIC MULTIMERCADO;06/11/2019;255,050603
JGP STRATEGY FIC MULTIMERCADO;07/11/2019;255,357537
JGP STRATEGY FIC MULTIMERCADO;08/11/2019;255,405167
JGP STRATEGY FIC MULTIMERCADO;11/11/2019;255,270967
JGP STRATEGY FIC MULTIMERCADO;12/11/2019;255,765965
JGP STRATEGY FIC MULTIMERCADO;13/11/2019;255,782049
JGP STRATEGY FIC MULTIMERCADO;14/11/2019;256,060698
JGP STRATEGY FIC MULTIMERCADO;18/11/2019;256,20818
JGP STRATEGY FIC MULTIMERCADO;19/11/2019;256,205388
JGP STRATEGY FIC MULTIMERCADO;20/11/2019;256,293286
JGP STRATEGY FIC MULTIMERCADO;21/11/2019;256,478686
JGP STRATEGY FIC MULTIMERCADO;22/11/2019;256,351145
JGP STRATEGY FIC MULTIMERCADO;25/11/2019;256,604521
JGP STRATEGY FIC MULTIMERCADO;26/11/2019;256,788115
JGP STRATEGY FIC MULTIMERCADO;27/11/2019;256,802937
JGP STRATEGY FIC MULTIMERCADO;28/11/2019;256,739065
JGP STRATEGY FIC MULTIMERCADO;29/11/2019;256,751293
JGP STRATEGY FIC MULTIMERCADO;02/12/2019;256,880816
JGP STRATEGY FIC MULTIMERCADO;03/12/2019;257,009998
JGP STRATEGY FIC MULTIMERCADO;04/12/2019;257,164464
JGP STRATEGY FIC MULTIMERCADO;05/12/2019;257,256999
JGP STRATEGY FIC MULTIMERCADO;06/12/2019;257,388172
JGP STRATEGY FIC MULTIMERCADO;09/12/2019;257,33287
JGP STRATEGY FIC MULTIMERCADO;10/12/2019;257,344894
JGP STRATEGY FIC MULTIMERCADO;11/12/2019;257,755968
JGP STRATEGY FIC MULTIMERCADO;12/12/2019;258,128852
JGP STRATEGY FIC MULTIMERCADO;13/12/2019;258,431807
JGP STRATEGY FIC MULTIMERCADO;16/12/2019;258,515953
JGP STRATEGY FIC MULTIMERCADO;17/12/2019;258,20504
JGP STRATEGY FIC MULTIMERCADO;18/12/2019;258,461447
JGP STRATEGY FIC MULTIMERCADO;19/12/2019;258,38596
JGP STRATEGY FIC MULTIMERCADO;20/12/2019;258,64475
JGP STRATEGY FIC MULTIMERCADO;23/12/2019;258,829532
JGP STRATEGY FIC MULTIMERCADO;24/12/2019;259,013326
JGP STRATEGY FIC MULTIMERCADO;26/12/2019;259,282298
JGP STRATEGY FIC MULTIMERCADO;27/12/2019;259,346192
JGP STRATEGY FIC MULTIMERCADO;30/12/2019;259,624601
JGP STRATEGY FIC MULTIMERCADO;31/12/2019;259,733696
JGP STRATEGY FIC MULTIMERCADO;02/01/2020;259,913186
JGP STRATEGY FIC MULTIMERCADO;03/01/2020;259,685399
JGP STRATEGY FIC MULTIMERCADO;06/01/2020;259,689136
JGP STRATEGY FIC MULTIMERCADO;07/01/2020;259,604408
JGP STRATEGY FIC MULTIMERCADO;08/01/2020;259,906722
JGP STRATEGY FIC MULTIMERCADO;09/01/2020;259,639234
JGP STRATEGY FIC MULTIMERCADO;10/01/2020;259,633099
JGP STRATEGY FIC MULTIMERCADO;13/01/2020;259,77054
JGP STRATEGY FIC MULTIMERCADO;14/01/2020;259,967627
JGP STRATEGY FIC MULTIMERCADO;15/01/2020;259,960738
JGP STRATEGY FIC MULTIMERCADO;16/01/2020;259,884415
JGP STRATEGY FIC MULTIMERCADO;17/01/2020;260,1927
JGP STRATEGY FIC MULTIMERCADO;20/01/2020;260,239927
JGP STRATEGY FIC MULTIMERCADO;21/01/2020;259,996349
JGP STRATEGY FIC MULTIMERCADO;22/01/2020;260,369802
JGP STRATEGY FIC MULTIMERCADO;23/01/2020;260,59294
JGP STRATEGY FIC MULTIMERCADO;24/01/2020;260,342044
JGP STRATEGY FIC MULTIMERCADO;27/01/2020;260,156558
JGP STRATEGY FIC MULTIMERCADO;28/01/2020;260,089941
JGP STRATEGY FIC MULTIMERCADO;29/01/2020;260,095277
JGP STRATEGY FIC MULTIMERCADO;30/01/2020;259,782257
JGP STRATEGY FIC MULTIMERCADO;31/01/2020;259,494157
JGP STRATEGY FIC MULTIMERCADO;03/02/2020;259,898425
JGP STRATEGY FIC MULTIMERCADO;04/02/2020;260,255554
JGP STRATEGY FIC MULTIMERCADO;05/02/2020;260,308763
JGP STRATEGY FIC MULTIMERCADO;06/02/2020;260,207126
JGP STRATEGY FIC MULTIMERCADO;07/02/2020;260,813411
JGP STRATEGY FIC MULTIMERCADO;10/02/2020;260,707222
JGP STRATEGY FIC MULTIMERCADO;11/02/2020;261,277345
JGP STRATEGY FIC MULTIMERCADO;12/02/2020;261,712348
JGP STRATEGY FIC MULTIMERCADO;13/02/2020;261,516563
JGP STRATEGY FIC MULTIMERCADO;14/02/2020;261,519675
JGP STRATEGY FIC MULTIMERCADO;17/02/2020;261,718506
JGP STRATEGY FIC MULTIMERCADO;18/02/2020;262,03319
JGP STRATEGY FIC MULTIMERCADO;19/02/2020;262,622814
JGP STRATEGY FIC MULTIMERCADO;20/02/2020;262,757418
JGP STRATEGY FIC MULTIMERCADO;21/02/2020;262,843366
JGP STRATEGY FIC MULTIMERCADO;26/02/2020;263,332873
JGP STRATEGY FIC MULTIMERCADO;27/02/2020;263,476045
JGP STRATEGY FIC MULTIMERCADO;28/02/2020;263,939512
JGP STRATEGY FIC MULTIMERCADO;02/03/2020;263,864846
JGP STRATEGY FIC MULTIMERCADO;03/03/2020;263,582111
JGP STRATEGY FIC MULTIMERCADO;04/03/2020;263,995124
JGP STRATEGY FIC MULTIMERCADO;05/03/2020;264,435667
JGP STRATEGY FIC MULTIMERCADO;06/03/2020;264,250287
JGP STRATEGY FIC MULTIMERCADO;09/03/2020;265,003821
JGP STRATEGY FIC MULTIMERCADO;10/03/2020;265,116785
JGP STRATEGY FIC MULTIMERCADO;11/03/2020;265,214062
JGP STRATEGY FIC MULTIMERCADO;12/03/2020;264,066172
JGP STRATEGY FIC MULTIMERCADO;13/03/2020;266,060408
JGP STRATEGY FIC MULTIMERCADO;16/03/2020;265,665267
JGP STRATEGY FIC MULTIMERCADO;17/03/2020;266,538561
JGP STRATEGY FIC MULTIMERCADO;18/03/2020;265,809514
JGP STRATEGY FIC MULTIMERCADO;19/03/2020;265,927229
JGP STRATEGY FIC MULTIMERCADO;20/03/2020;265,919615
JGP STRATEGY FIC MULTIMERCADO;23/03/2020;265,710675
JGP STRATEGY FIC MULTIMERCADO;24/03/2020;266,526096
JGP STRATEGY FIC MULTIMERCADO;25/03/2020;267,151194
JGP STRATEGY FIC MULTIMERCADO;26/03/2020;267,288618
JGP STRATEGY FIC MULTIMERCADO;27/03/2020;267,130508
JGP STRATEGY FIC MULTIMERCADO;30/03/2020;267,391446
JGP STRATEGY FIC MULTIMERCADO;31/03/2020;267,576693
JGP STRATEGY FIC MULTIMERCADO;01/04/2020;268,029911
JGP STRATEGY FIC MULTIMERCADO;02/04/2020;267,985561
JGP STRATEGY FIC MULTIMERCADO;03/04/2020;268,253607
JGP STRATEGY FIC MULTIMERCADO;06/04/2020;268,013644
JGP STRATEGY FIC MULTIMERCADO;07/04/2020;267,927812
JGP STRATEGY FIC MULTIMERCADO;08/04/2020;267,631916
JGP STRATEGY FIC MULTIMERCADO;09/04/2020;268,050914
JGP STRATEGY FIC MULTIMERCADO;13/04/2020;268,829374
JGP STRATEGY FIC MULTIMERCADO;14/04/2020;268,876313
JGP STRATEGY FIC MULTIMERCADO;15/04/2020;269,431706
JGP STRATEGY FIC MULTIMERCADO;16/04/2020;269,751277
JGP STRATEGY FIC MULTIMERCADO;17/04/2020;269,516037
JGP STRATEGY FIC MULTIMERCADO;20/04/2020;270,040478
JGP STRATEGY FIC MULTIMERCADO;22/04/2020;270,51961
JGP STRATEGY FIC MULTIMERCADO;23/04/2020;270,882503
JGP STRATEGY FIC MULTIMERCADO;24/04/2020;271,163743
JGP STRATEGY FIC MULTIMERCADO;27/04/2020;271,161132
JGP STRATEGY FIC MULTIMERCADO;28/04/2020;271,686561
JGP STRATEGY FIC MULTIMERCADO;29/04/2020;271,345703
JGP STRATEGY FIC MULTIMERCADO;30/04/2020;271,760207
JGP STRATEGY FIC MULTIMERCADO;04/05/2020;272,116383
JGP STRATEGY FIC MULTIMERCADO;05/05/2020;272,239489
JGP STRATEGY FIC MULTIMERCADO;06/05/2020;272,611277
JGP STRATEGY FIC MULTIMERCADO;07/05/2020;272,647235
JGP STRATEGY FIC MULTIMERCADO;08/05/2020;272,502224
JGP STRATEGY FIC MULTIMERCADO;11/05/2020;272,670036
JGP STRATEGY FIC MULTIMERCADO;12/05/2020;272,642888
JGP STRATEGY FIC MULTIMERCADO;13/05/2020;272,668156
JGP STRATEGY FIC MULTIMERCADO;14/05/2020;272,626851
JGP STRATEGY FIC MULTIMERCADO;15/05/2020;272,963398
JGP STRATEGY FIC MULTIMERCADO;18/05/2020;273,09813
JGP STRATEGY FIC MULTIMERCADO;19/05/2020;272,999665
JGP STRATEGY FIC MULTIMERCADO;20/05/2020;273,280255
JGP STRATEGY FIC MULTIMERCADO;21/05/2020;274,05342
JGP STRATEGY FIC MULTIMERCADO;22/05/2020;273,848656
JGP STRATEGY FIC MULTIMERCADO;25/05/2020;274,655606
JGP STRATEGY FIC MULTIMERCADO;26/05/2020;274,674221
JGP STRATEGY FIC MULTIMERCADO;27/05/2020;274,856552
JGP STRATEGY FIC MULTIMERCADO;28/05/2020;274,840372
JGP STRATEGY FIC MULTIMERCADO;29/05/2020;274,944861
JGP STRATEGY FIC MULTIMERCADO;01/06/2020;275,161432
JGP STRATEGY FIC MULTIMERCADO;02/06/2020;274,962295
JGP STRATEGY FIC MULTIMERCADO;03/06/2020;274,623798
JGP STRATEGY FIC MULTIMERCADO;04/06/2020;274,769519
JGP STRATEGY FIC MULTIMERCADO;05/06/2020;274,643567
JGP STRATEGY FIC MULTIMERCADO;08/06/2020;274,259763
JGP STRATEGY FIC MULTIMERCADO;09/06/2020;274,352448
JGP STRATEGY FIC MULTIMERCADO;10/06/2020;273,985602
JGP STRATEGY FIC MULTIMERCADO;12/06/2020;274,431703
JGP STRATEGY FIC MULTIMERCADO;15/06/2020;274,651659
JGP STRATEGY FIC MULTIMERCADO;16/06/2020;274,999199
JGP STRATEGY FIC MULTIMERCADO;17/06/2020;275,075417
JGP STRATEGY FIC MULTIMERCADO;18/06/2020;275,890171
JGP STRATEGY FIC MULTIMERCADO;19/06/2020;275,545088
JGP STRATEGY FIC MULTIMERCADO;22/06/2020;275,578907
JGP STRATEGY FIC MULTIMERCADO;23/06/2020;274,981142
JGP STRATEGY FIC MULTIMERCADO;24/06/2020;275,667785
JGP STRATEGY FIC MULTIMERCADO;25/06/2020;275,917548
JGP STRATEGY FIC MULTIMERCADO;26/06/2020;276,10292
JGP STRATEGY FIC MULTIMERCADO;29/06/2020;276,221244
JGP STRATEGY FIC MULTIMERCADO;30/06/2020;276,100981
JGP STRATEGY FIC MULTIMERCADO;01/07/2020;275,90647
JGP STRATEGY FIC MULTIMERCADO;02/07/2020;276,377235
JGP STRATEGY FIC MULTIMERCADO;03/07/2020;276,401294
JGP STRATEGY FIC MULTIMERCADO;06/07/2020;276,758953
JGP STRATEGY FIC MULTIMERCADO;07/07/2020;276,696297
JGP STRATEGY FIC MULTIMERCADO;08/07/2020;276,933037
JGP STRATEGY FIC MULTIMERCADO;09/07/2020;276,520025
JGP STRATEGY FIC MULTIMERCADO;10/07/2020;276,483717
JGP STRATEGY FIC MULTIMERCADO;13/07/2020;276,23223
JGP STRATEGY FIC MULTIMERCADO;14/07/2020;276,283602
JGP STRATEGY FIC MULTIMERCADO;15/07/2020;276,755626
JGP STRATEGY FIC MULTIMERCADO;16/07/2020;276,10719
JGP STRATEGY FIC MULTIMERCADO;17/07/2020;276,563231
JGP STRATEGY FIC MULTIMERCADO;20/07/2020;276,996487
JGP STRATEGY FIC MULTIMERCADO;21/07/2020;277,049798
JGP STRATEGY FIC MULTIMERCADO;22/07/2020;277,0103
JGP STRATEGY FIC MULTIMERCADO;23/07/2020;277,834226
JGP STRATEGY FIC MULTIMERCADO;24/07/2020;277,574214
JGP STRATEGY FIC MULTIMERCADO;27/07/2020;277,883012
JGP STRATEGY FIC MULTIMERCADO;28/07/2020;278,547328
JGP STRATEGY FIC MULTIMERCADO;29/07/2020;278,322751
JGP STRATEGY FIC MULTIMERCADO;30/07/2020;278,28671
JGP STRATEGY FIC MULTIMERCADO;31/07/2020;278,23333
JGP STRATEGY FIC MULTIMERCADO;03/08/2020;278,394936
JGP STRATEGY FIC MULTIMERCADO;04/08/2020;278,316763
JGP STRATEGY FIC MULTIMERCADO;05/08/2020;278,6091
JGP STRATEGY FIC MULTIMERCADO;06/08/2020;278,68955
JGP STRATEGY FIC MULTIMERCADO;07/08/2020;279,146715
JGP STRATEGY FIC MULTIMERCADO;10/08/2020;279,42069
JGP STRATEGY FIC MULTIMERCADO;11/08/2020;279,335443
JGP STRATEGY FIC MULTIMERCADO;12/08/2020;279,590504
JGP STRATEGY FIC MULTIMERCADO;13/08/2020;279,402718
JGP STRATEGY FIC MULTIMERCADO;14/08/2020;279,619791
JGP STRATEGY FIC MULTIMERCADO;17/08/2020;280,042562
JGP STRATEGY FIC MULTIMERCADO;18/08/2020;279,843022
JGP STRATEGY FIC MULTIMERCADO;19/08/2020;280,092092
JGP STRATEGY FIC MULTIMERCADO;20/08/2020;280,75001
JGP STRATEGY FIC MULTIMERCADO;21/08/2020;281,000648
JGP STRATEGY FIC MULTIMERCADO;24/08/2020;280,871018
JGP STRATEGY FIC MULTIMERCADO;25/08/2020;280,394783
JGP STRATEGY FIC MULTIMERCADO;26/08/2020;280,845619
JGP STRATEGY FIC MULTIMERCADO;27/08/2020;280,403493
JGP STRATEGY FIC MULTIMERCADO;28/08/2020;279,947032
JGP STRATEGY FIC MULTIMERCADO;31/08/2020;280,084205
JGP STRATEGY FIC MULTIMERCADO;01/09/2020;279,621779
JGP STRATEGY FIC MULTIMERCADO;02/09/2020;279,667125
JGP STRATEGY FIC MULTIMERCADO;03/09/2020;279,285501
JGP STRATEGY FIC MULTIMERCADO;04/09/2020;279,374432
JGP STRATEGY FIC MULTIMERCADO;08/09/2020;279,402378
JGP STRATEGY FIC MULTIMERCADO;09/09/2020;279,255073
JGP STRATEGY FIC MULTIMERCADO;10/09/2020;279,113137
JGP STRATEGY FIC MULTIMERCADO;11/09/2020;279,242388
JGP STRATEGY FIC MULTIMERCADO;14/09/2020;279,363543
JGP STRATEGY FIC MULTIMERCADO;15/09/2020;279,403623
JGP STRATEGY FIC MULTIMERCADO;16/09/2020;279,252913
JGP STRATEGY FIC MULTIMERCADO;17/09/2020;279,366748
JGP STRATEGY FIC MULTIMERCADO;18/09/2020;279,680715
JGP STRATEGY FIC MULTIMERCADO;21/09/2020;280,011166
JGP STRATEGY FIC MULTIMERCADO;22/09/2020;280,336763
JGP STRATEGY FIC MULTIMERCADO;23/09/2020;280,764138
JGP STRATEGY FIC MULTIMERCADO;24/09/2020;280,743834
JGP STRATEGY FIC MULTIMERCADO;25/09/2020;280,898733
JGP STRATEGY FIC MULTIMERCADO;28/09/2020;280,723658
JGP STRATEGY FIC MULTIMERCADO;29/09/2020;280,653499
JGP STRATEGY FIC MULTIMERCADO;30/09/2020;280,863941
JGP STRATEGY FIC MULTIMERCADO;01/10/2020;281,009996
JGP STRATEGY FIC MULTIMERCADO;02/10/2020;280,847911
JGP STRATEGY FIC MULTIMERCADO;05/10/2020;280,671814
JGP STRATEGY FIC MULTIMERCADO;06/10/2020;280,798645
JGP STRATEGY FIC MULTIMERCADO;07/10/2020;280,814173
JGP STRATEGY FIC MULTIMERCADO;08/10/2020;280,767112
JGP STRATEGY FIC MULTIMERCADO;09/10/2020;280,756589
JGP STRATEGY FIC MULTIMERCADO;13/10/2020;280,990499
JGP STRATEGY FIC MULTIMERCADO;14/10/2020;281,060463
JGP STRATEGY FIC MULTIMERCADO;15/10/2020;281,091463
JGP STRATEGY FIC MULTIMERCADO;16/10/2020;281,20295
JGP STRATEGY FIC MULTIMERCADO;19/10/2020;280,916108
JGP STRATEGY FIC MULTIMERCADO;20/10/2020;280,999408
JGP STRATEGY FIC MULTIMERCADO;21/10/2020;281,197126
JGP STRATEGY FIC MULTIMERCADO;22/10/2020;281,246528
JGP STRATEGY FIC MULTIMERCADO;23/10/2020;281,445168
JGP STRATEGY FIC MULTIMERCADO;26/10/2020;281,338535
JGP STRATEGY FIC MULTIMERCADO;27/10/2020;281,435011
JGP STRATEGY FIC MULTIMERCADO;28/10/2020;281,205144
JGP STRATEGY FIC MULTIMERCADO;29/10/2020;281,460115
JGP STRATEGY FIC MULTIMERCADO;30/10/2020;281,046203
JGP STRATEGY FIC MULTIMERCADO;03/11/2020;280,992134
JGP STRATEGY FIC MULTIMERCADO;04/11/2020;281,027634
JGP STRATEGY FIC MULTIMERCADO;05/11/2020;280,963769
JGP STRATEGY FIC MULTIMERCADO;06/11/2020;280,227643
JGP STRATEGY FIC MULTIMERCADO;09/11/2020;280,63896
JGP STRATEGY FIC MULTIMERCADO;10/11/2020;280,570609
JGP STRATEGY FIC MULTIMERCADO;11/11/2020;280,529466
JGP STRATEGY FIC MULTIMERCADO;12/11/2020;280,52572
JGP STRATEGY FIC MULTIMERCADO;13/11/2020;280,820267
JGP STRATEGY FIC MULTIMERCADO;16/11/2020;280,777508
JGP STRATEGY FIC MULTIMERCADO;17/11/2020;280,693214
JGP STRATEGY FIC MULTIMERCADO;18/11/2020;280,60794
JGP STRATEGY FIC MULTIMERCADO;19/11/2020;280,604331
JGP STRATEGY FIC MULTIMERCADO;20/11/2020;280,823082
JGP STRATEGY FIC MULTIMERCADO;23/11/2020;281,182289
JGP STRATEGY FIC MULTIMERCADO;24/11/2020;281,237484
JGP STRATEGY FIC MULTIMERCADO;25/11/2020;281,242666
JGP STRATEGY FIC MULTIMERCADO;26/11/2020;281,380476
JGP STRATEGY FIC MULTIMERCADO;27/11/2020;281,45056
JGP STRATEGY FIC MULTIMERCADO;30/11/2020;281,455572
JGP STRATEGY FIC MULTIMERCADO;01/12/2020;281,533848
JGP STRATEGY FIC MULTIMERCADO;02/12/2020;281,843304
JGP STRATEGY FIC MULTIMERCADO;03/12/2020;281,915952
JGP STRATEGY FIC MULTIMERCADO;04/12/2020;282,129546
JGP STRATEGY FIC MULTIMERCADO;07/12/2020;282,149793
JGP STRATEGY FIC MULTIMERCADO;08/12/2020;282,179789
JGP STRATEGY FIC MULTIMERCADO;09/12/2020;282,019579
JGP STRATEGY FIC MULTIMERCADO;10/12/2020;282,615687
JGP STRATEGY FIC MULTIMERCADO;11/12/2020;282,579244
JGP STRATEGY FIC MULTIMERCADO;14/12/2020;282,37801
JGP STRATEGY FIC MULTIMERCADO;15/12/2020;282,68984
JGP STRATEGY FIC MULTIMERCADO;16/12/2020;282,766228
JGP STRATEGY FIC MULTIMERCADO;17/12/2020;282,956984
JGP STRATEGY FIC MULTIMERCADO;18/12/2020;282,789882
JGP STRATEGY FIC MULTIMERCADO;21/12/2020;282,572104
JGP STRATEGY FIC MULTIMERCADO;22/12/2020;282,217496
JGP STRATEGY FIC MULTIMERCADO;23/12/2020;282,284496
JGP STRATEGY FIC MULTIMERCADO;24/12/2020;282,393389
JGP STRATEGY FIC MULTIMERCADO;28/12/2020;282,093909
JGP STRATEGY FIC MULTIMERCADO;29/12/2020;282,296672
JGP STRATEGY FIC MULTIMERCADO;30/12/2020;282,55555
JGP STRATEGY FIC MULTIMERCADO;31/12/2020;282,594949
JGP STRATEGY FIC MULTIMERCADO;04/01/2021;282,218832
JGP STRATEGY FIC MULTIMERCADO;05/01/2021;281,977727
JGP STRATEGY FIC MULTIMERCADO;06/01/2021;281,807861
JGP STRATEGY FIC MULTIMERCADO;07/01/2021;280,613125
JGP STRATEGY FIC MULTIMERCADO;08/01/2021;280,046177
JGP STRATEGY FIC MULTIMERCADO;11/01/2021;278,916501
JGP STRATEGY FIC MULTIMERCADO;12/01/2021;280,064299
JGP STRATEGY FIC MULTIMERCADO;13/01/2021;279,558112
JGP STRATEGY FIC MULTIMERCADO;14/01/2021;280,250716
JGP STRATEGY FIC MULTIMERCADO;15/01/2021;279,84675
JGP STRATEGY FIC MULTIMERCADO;18/01/2021;279,708125
JGP STRATEGY FIC MULTIMERCADO;19/01/2021;279,622696
JGP STRATEGY FIC MULTIMERCADO;20/01/2021;279,656244
JGP STRATEGY FIC MULTIMERCADO;21/01/2021;279,03223
JGP STRATEGY FIC MULTIMERCADO;22/01/2021;278,746196
JGP STRATEGY FIC MULTIMERCADO;25/01/2021;278,528045
JGP STRATEGY FIC MULTIMERCADO;26/01/2021;278,661478
JGP STRATEGY FIC MULTIMERCADO;27/01/2021;278,549312
JGP STRATEGY FIC MULTIMERCADO;28/01/2021;279,147674
JGP STRATEGY FIC MULTIMERCADO;29/01/2021;279,474718
JGP STRATEGY FIC MULTIMERCADO;01/02/2021;279,825943
JGP STRATEGY FIC MULTIMERCADO;02/02/2021;280,003534
JGP STRATEGY FIC MULTIMERCADO;03/02/2021;280,139251
JGP STRATEGY FIC MULTIMERCADO;04/02/2021;280,149853
JGP STRATEGY FIC MULTIMERCADO;05/02/2021;279,906706
JGP STRATEGY FIC MULTIMERCADO;08/02/2021;279,902025
JGP STRATEGY FIC MULTIMERCADO;09/02/2021;279,746756
JGP STRATEGY FIC MULTIMERCADO;10/02/2021;279,771147
JGP STRATEGY FIC MULTIMERCADO;11/02/2021;279,647023
JGP STRATEGY FIC MULTIMERCADO;12/02/2021;279,696826
JGP STRATEGY FIC MULTIMERCADO;17/02/2021;279,935765
JGP STRATEGY FIC MULTIMERCADO;18/02/2021;279,812867
JGP STRATEGY FIC MULTIMERCADO;19/02/2021;280,120867
JGP STRATEGY FIC MULTIMERCADO;22/02/2021;280,057715
JGP STRATEGY FIC MULTIMERCADO;23/02/2021;280,216156
JGP STRATEGY FIC MULTIMERCADO;24/02/2021;280,296569
JGP STRATEGY FIC MULTIMERCADO;25/02/2021;280,408317
JGP STRATEGY FIC MULTIMERCADO;26/02/2021;280,535062
JGP STRATEGY FIC MULTIMERCADO;01/03/2021;280,237427
JGP STRATEGY FIC MULTIMERCADO;02/03/2021;280,32564
JGP STRATEGY FIC MULTIMERCADO;03/03/2021;280,0111
JGP STRATEGY FIC MULTIMERCADO;04/03/2021;280,700865
JGP STRATEGY FIC MULTIMERCADO;05/03/2021;281,33741
JGP STRATEGY FIC MULTIMERCADO;08/03/2021;280,491165
JGP STRATEGY FIC MULTIMERCADO;09/03/2021;280,180543
JGP STRATEGY FIC MULTIMERCADO;10/03/2021;280,096141
JGP STRATEGY FIC MULTIMERCADO;11/03/2021;279,694163
JGP STRATEGY FIC MULTIMERCADO;12/03/2021;279,592834
JGP STRATEGY FIC MULTIMERCADO;15/03/2021;279,716043
JGP STRATEGY FIC MULTIMERCADO;16/03/2021;279,712104
JGP STRATEGY FIC MULTIMERCADO;17/03/2021;279,715219
JGP STRATEGY FIC MULTIMERCADO;18/03/2021;279,002183
JGP STRATEGY FIC MULTIMERCADO;19/03/2021;278,519014
JGP STRATEGY FIC MULTIMERCADO;22/03/2021;278,018166
JGP STRATEGY FIC MULTIMERCADO;23/03/2021;277,604633
JGP STRATEGY FIC MULTIMERCADO;24/03/2021;277,294965
JGP STRATEGY FIC MULTIMERCADO;25/03/2021;277,71767
JGP STRATEGY FIC MULTIMERCADO;26/03/2021;277,757092
JGP STRATEGY FIC MULTIMERCADO;29/03/2021;277,652733
JGP STRATEGY FIC MULTIMERCADO;30/03/2021;278,162317
JGP STRATEGY FIC MULTIMERCADO;31/03/2021;277,996226
JGP STRATEGY FIC MULTIMERCADO;01/04/2021;277,93692
JGP STRATEGY FIC MULTIMERCADO;05/04/2021;277,859419
JGP STRATEGY FIC MULTIMERCADO;06/04/2021;277,377386
JGP STRATEGY FIC MULTIMERCADO;07/04/2021;277,395724
JGP STRATEGY FIC MULTIMERCADO;08/04/2021;277,470102
JGP STRATEGY FIC MULTIMERCADO;09/04/2021;277,572036
JGP STRATEGY FIC MULTIMERCADO;12/04/2021;277,548691
JGP STRATEGY FIC MULTIMERCADO;13/04/2021;277,255147
JGP STRATEGY FIC MULTIMERCADO;14/04/2021;277,349646
JGP STRATEGY FIC MULTIMERCADO;15/04/2021;277,259472
JGP STRATEGY FIC MULTIMERCADO;16/04/2021;277,57071
JGP STRATEGY FIC MULTIMERCADO;19/04/2021;277,569415
JGP STRATEGY FIC MULTIMERCADO;20/04/2021;277,025942
JGP STRATEGY FIC MULTIMERCADO;22/04/2021;277,400191
JGP STRATEGY FIC MULTIMERCADO;23/04/2021;277,704201
JGP STRATEGY FIC MULTIMERCADO;26/04/2021;277,794448
JGP STRATEGY FIC MULTIMERCADO;27/04/2021;277,783826
JGP STRATEGY FIC MULTIMERCADO;28/04/2021;278,068999
JGP STRATEGY FIC MULTIMERCADO;29/04/2021;278,172162
JGP STRATEGY FIC MULTIMERCADO;30/04/2021;277,831394
JGP STRATEGY FIC MULTIMERCADO;03/05/2021;277,680492
JGP STRATEGY FIC MULTIMERCADO;04/05/2021;277,331441
JGP STRATEGY FIC MULTIMERCADO;05/05/2021;277,659037
JGP STRATEGY FIC MULTIMERCADO;06/05/2021;277,724588
JGP STRATEGY FIC MULTIMERCADO;07/05/2021;277,92176
JGP STRATEGY FIC MULTIMERCADO;10/05/2021;277,926893
JGP STRATEGY FIC MULTIMERCADO;11/05/2021;278,531154
JGP STRATEGY FIC MULTIMERCADO;12/05/2021;278,08105
JGP STRATEGY FIC MULTIMERCADO;13/05/2021;277,8332
JGP STRATEGY FIC MULTIMERCADO;14/05/2021;277,759602
JGP STRATEGY FIC MULTIMERCADO;17/05/2021;278,094054
JGP STRATEGY FIC MULTIMERCADO;18/05/2021;277,930942
JGP STRATEGY FIC MULTIMERCADO;19/05/2021;277,647575
JGP STRATEGY FIC MULTIMERCADO;20/05/2021;277,956477
JGP STRATEGY FIC MULTIMERCADO;21/05/2021;277,504454
JGP STRATEGY FIC MULTIMERCADO;24/05/2021;277,559953
JGP STRATEGY FIC MULTIMERCADO;25/05/2021;277,446251
JGP STRATEGY FIC MULTIMERCADO;26/05/2021;277,786897
JGP STRATEGY FIC MULTIMERCADO;27/05/2021;279,069839
JGP STRATEGY FIC MULTIMERCADO;28/05/2021;279,45752
JGP STRATEGY FIC MULTIMERCADO;31/05/2021;279,198245
JGP STRATEGY FIC MULTIMERCADO;01/06/2021;279,979687
JGP STRATEGY FIC MULTIMERCADO;02/06/2021;280,999489
JGP STRATEGY FIC MULTIMERCADO;04/06/2021;281,401411
JGP STRATEGY FIC MULTIMERCADO;07/06/2021;281,456346
JGP STRATEGY FIC MULTIMERCADO;08/06/2021;281,250673
JGP STRATEGY FIC MULTIMERCADO;09/06/2021;280,60058
JGP STRATEGY FIC MULTIMERCADO;10/06/2021;280,238144
JGP STRATEGY FIC MULTIMERCADO;11/06/2021;279,634117
JGP STRATEGY FIC MULTIMERCADO;14/06/2021;280,455744
JGP STRATEGY FIC MULTIMERCADO;15/06/2021;280,837576
JGP STRATEGY FIC MULTIMERCADO;16/06/2021;280,897588
JGP STRATEGY FIC MULTIMERCADO;17/06/2021;281,041245
JGP STRATEGY FIC MULTIMERCADO;18/06/2021;280,685744
JGP STRATEGY FIC MULTIMERCADO;21/06/2021;281,057202
JGP STRATEGY FIC MULTIMERCADO;22/06/2021;281,224277
JGP STRATEGY FIC MULTIMERCADO;23/06/2021;281,440149
JGP STRATEGY FIC MULTIMERCADO;24/06/2021;282,460567
JGP STRATEGY FIC MULTIMERCADO;25/06/2021;282,154936
JGP STRATEGY FIC MULTIMERCADO;28/06/2021;282,903513
JGP STRATEGY FIC MULTIMERCADO;29/06/2021;282,965589
JGP STRATEGY FIC MULTIMERCADO;30/06/2021;282,032712
JGP STRATEGY FIC MULTIMERCADO;01/07/2021;281,716076
JGP STRATEGY FIC MULTIMERCADO;02/07/2021;281,643468
JGP STRATEGY FIC MULTIMERCADO;05/07/2021;281,116783
JGP STRATEGY FIC MULTIMERCADO;06/07/2021;279,437375
JGP STRATEGY FIC MULTIMERCADO;07/07/2021;278,915101
JGP STRATEGY FIC MULTIMERCADO;08/07/2021;278,290577
JGP STRATEGY FIC MULTIMERCADO;09/07/2021;278,420246
JGP STRATEGY FIC MULTIMERCADO;12/07/2021;279,453554
JGP STRATEGY FIC MULTIMERCADO;13/07/2021;279,935208
JGP STRATEGY FIC MULTIMERCADO;14/07/2021;280,706106
JGP STRATEGY FIC MULTIMERCADO;15/07/2021;279,824293
JGP STRATEGY FIC MULTIMERCADO;16/07/2021;279,913235
JGP STRATEGY FIC MULTIMERCADO;19/07/2021;278,125249
JGP STRATEGY FIC MULTIMERCADO;20/07/2021;278,770911
JGP STRATEGY FIC MULTIMERCADO;21/07/2021;279,20946
JGP STRATEGY FIC MULTIMERCADO;22/07/2021;279,178768
JGP STRATEGY FIC MULTIMERCADO;23/07/2021;278,762465
JGP STRATEGY FIC MULTIMERCADO;26/07/2021;278,9385
JGP STRATEGY FIC MULTIMERCADO;27/07/2021;278,552481
JGP STRATEGY FIC MULTIMERCADO;28/07/2021;279,237976
JGP STRATEGY FIC MULTIMERCADO;29/07/2021;280,124436
JGP STRATEGY FIC MULTIMERCADO;30/07/2021;278,263693
JGP STRATEGY FIC MULTIMERCADO;02/08/2021;278,334806
JGP STRATEGY FIC MULTIMERCADO;03/08/2021;278,595306
JGP STRATEGY FIC MULTIMERCADO;04/08/2021;278,543968
JGP STRATEGY FIC MULTIMERCADO;05/08/2021;278,425296
JGP STRATEGY FIC MULTIMERCADO;06/08/2021;278,538091
JGP STRATEGY FIC MULTIMERCADO;09/08/2021;278,294694
JGP STRATEGY FIC MULTIMERCADO;10/08/2021;278,377959
JGP STRATEGY FIC MULTIMERCADO;11/08/2021;278,494792
JGP STRATEGY FIC MULTIMERCADO;12/08/2021;278,53755
JGP STRATEGY FIC MULTIMERCADO;13/08/2021;278,461864
JGP STRATEGY FIC MULTIMERCADO;16/08/2021;278,522064
JGP STRATEGY FIC MULTIMERCADO;17/08/2021;278,382386
JGP STRATEGY FIC MULTIMERCADO;18/08/2021;278,93363
JGP STRATEGY FIC MULTIMERCADO;19/08/2021;279,466518
JGP STRATEGY FIC MULTIMERCADO;20/08/2021;279,66127
JGP STRATEGY FIC MULTIMERCADO;23/08/2021;279,549445
JGP STRATEGY FIC MULTIMERCADO;24/08/2021;279,145208
JGP STRATEGY FIC MULTIMERCADO;25/08/2021;279,127796
JGP STRATEGY FIC MULTIMERCADO;26/08/2021;279,288643
JGP STRATEGY FIC MULTIMERCADO;27/08/2021;278,968193
JGP STRATEGY FIC MULTIMERCADO;30/08/2021;278,934849
JGP STRATEGY FIC MULTIMERCADO;31/08/2021;278,869657
JGP STRATEGY FIC MULTIMERCADO;01/09/2021;278,939512
JGP STRATEGY FIC MULTIMERCADO;02/09/2021;278,940095
JGP STRATEGY FIC MULTIMERCADO;03/09/2021;278,998758
JGP STRATEGY FIC MULTIMERCADO;06/09/2021;279,030805
JGP STRATEGY FIC MULTIMERCADO;08/09/2021;279,340998
JGP STRATEGY FIC MULTIMERCADO;09/09/2021;278,668637
JGP STRATEGY FIC MULTIMERCADO;10/09/2021;279,123493
JGP STRATEGY FIC MULTIMERCADO;13/09/2021;279,241072
JGP STRATEGY FIC MULTIMERCADO;14/09/2021;279,696478
JGP STRATEGY FIC MULTIMERCADO;15/09/2021;279,495848
JGP STRATEGY FIC MULTIMERCADO;16/09/2021;279,508231
JGP STRATEGY FIC MULTIMERCADO;17/09/2021;279,599606
JGP STRATEGY FIC MULTIMERCADO;20/09/2021;280,13084
JGP STRATEGY FIC MULTIMERCADO;21/09/2021;280,583539
JGP STRATEGY FIC MULTIMERCADO;22/09/2021;280,694886
JGP STRATEGY FIC MULTIMERCADO;23/09/2021;280,46157
JGP STRATEGY FIC MULTIMERCADO;24/09/2021;280,474134
JGP STRATEGY FIC MULTIMERCADO;27/09/2021;280,724834
JGP STRATEGY FIC MULTIMERCADO;28/09/2021;280,884409
JGP STRATEGY FIC MULTIMERCADO;29/09/2021;280,946488
JGP STRATEGY FIC MULTIMERCADO;30/09/2021;280,8764
JGP STRATEGY FIC MULTIMERCADO;01/10/2021;280,736137
JGP STRATEGY FIC MULTIMERCADO;04/10/2021;281,172606
JGP STRATEGY FIC MULTIMERCADO;05/10/2021;281,273804
JGP STRATEGY FIC MULTIMERCADO;06/10/2021;281,387159
JGP STRATEGY FIC MULTIMERCADO;07/10/2021;281,576801
JGP STRATEGY FIC MULTIMERCADO;08/10/2021;281,81088
JGP STRATEGY FIC MULTIMERCADO;11/10/2021;281,835832
JGP STRATEGY FIC MULTIMERCADO;13/10/2021;281,601219
JGP STRATEGY FIC MULTIMERCADO;14/10/2021;281,710505
JGP STRATEGY FIC MULTIMERCADO;15/10/2021;281,796158
JGP STRATEGY FIC MULTIMERCADO;18/10/2021;281,849655
JGP STRATEGY FIC MULTIMERCADO;19/10/2021;281,591312
JGP STRATEGY FIC MULTIMERCADO;20/10/2021;281,303698
JGP STRATEGY FIC MULTIMERCADO;21/10/2021;281,556409
JGP STRATEGY FIC MULTIMERCADO;22/10/2021;281,623879
JGP STRATEGY FIC MULTIMERCADO;25/10/2021;281,400109
JGP STRATEGY FIC MULTIMERCADO;26/10/2021;280,840856
JGP STRATEGY FIC MULTIMERCADO;27/10/2021;280,531922
JGP STRATEGY FIC MULTIMERCADO;28/10/2021;279,121287
JGP STRATEGY FIC MULTIMERCADO;29/10/2021;279,396308
JGP STRATEGY FIC MULTIMERCADO;01/11/2021;279,810327
JGP STRATEGY FIC MULTIMERCADO;03/11/2021;280,087409
JGP STRATEGY FIC MULTIMERCADO;04/11/2021;279,933772
JGP STRATEGY FIC MULTIMERCADO;05/11/2021;279,911947
JGP STRATEGY FIC MULTIMERCADO;08/11/2021;279,96953
JGP STRATEGY FIC MULTIMERCADO;09/11/2021;280,261623
JGP STRATEGY FIC MULTIMERCADO;10/11/2021;280,436888
JGP STRATEGY FIC MULTIMERCADO;11/11/2021;280,562833
JGP STRATEGY FIC MULTIMERCADO;12/11/2021;280,495331
JGP STRATEGY FIC MULTIMERCADO;16/11/2021;280,560296
JGP STRATEGY FIC MULTIMERCADO;17/11/2021;280,376339
JGP STRATEGY FIC MULTIMERCADO;18/11/2021;280,429559
JGP STRATEGY FIC MULTIMERCADO;19/11/2021;280,672249
JGP STRATEGY FIC MULTIMERCADO;22/11/2021;280,600261
JGP STRATEGY FIC MULTIMERCADO;23/11/2021;281,016889
JGP STRATEGY FIC MULTIMERCADO;24/11/2021;281,496617
JGP STRATEGY FIC MULTIMERCADO;25/11/2021;281,835829
JGP STRATEGY FIC MULTIMERCADO;26/11/2021;282,140362
JGP STRATEGY FIC MULTIMERCADO;29/11/2021;282,120706
JGP STRATEGY FIC MULTIMERCADO;30/11/2021;281,556819
JGP STRATEGY FIC MULTIMERCADO;01/12/2021;281,910965
JGP STRATEGY FIC MULTIMERCADO;02/12/2021;282,454539
JGP STRATEGY FIC MULTIMERCADO;03/12/2021;283,354123
JGP STRATEGY FIC MULTIMERCADO;06/12/2021;283,082386
JGP STRATEGY FIC MULTIMERCADO;07/12/2021;283,292807
JGP STRATEGY FIC MULTIMERCADO;08/12/2021;284,318032
JGP STRATEGY FIC MULTIMERCADO;09/12/2021;283,611601
JGP STRATEGY FIC MULTIMERCADO;10/12/2021;283,80173
JGP STRATEGY FIC MULTIMERCADO;13/12/2021;283,482468
JGP STRATEGY FIC MULTIMERCADO;14/12/2021;283,492322
JGP STRATEGY FIC MULTIMERCADO;15/12/2021;283,34921
JGP STRATEGY FIC MULTIMERCADO;16/12/2021;283,686517
JGP STRATEGY FIC MULTIMERCADO;17/12/2021;283,422399
JGP STRATEGY FIC MULTIMERCADO;20/12/2021;283,419229
JGP STRATEGY FIC MULTIMERCADO;21/12/2021;283,992586
JGP STRATEGY FIC MULTIMERCADO;22/12/2021;284,688673
JGP STRATEGY FIC MULTIMERCADO;23/12/2021;284,64543
JGP STRATEGY FIC MULTIMERCADO;24/12/2021;284,689627
JGP STRATEGY FIC MULTIMERCADO;27/12/2021;285,033645
JGP STRATEGY FIC MULTIMERCADO;28/12/2021;285,048906
JGP STRATEGY FIC MULTIMERCADO;29/12/2021;284,787046
JGP STRATEGY FIC MULTIMERCADO;30/12/2021;285,310546
JGP STRATEGY FIC MULTIMERCADO;31/12/2021;285,35554
JGP STRATEGY FIC MULTIMERCADO;03/01/2022;285,555041
JGP STRATEGY FIC MULTIMERCADO;04/01/2022;285,427749
JGP STRATEGY FIC MULTIMERCADO;05/01/2022;285,837646
JGP STRATEGY FIC MULTIMERCADO;06/01/2022;286,054939
JGP STRATEGY FIC MULTIMERCADO;07/01/2022;286,027964
JGP STRATEGY FIC MULTIMERCADO;10/01/2022;286,322556
JGP STRATEGY FIC MULTIMERCADO;11/01/2022;286,284663
JGP STRATEGY FIC MULTIMERCADO;12/01/2022;286,670024
JGP STRATEGY FIC MULTIMERCADO;13/01/2022;286,778902
JGP STRATEGY FIC MULTIMERCADO;14/01/2022;286,937439
JGP STRATEGY FIC MULTIMERCADO;17/01/2022;286,98316
JGP STRATEGY FIC MULTIMERCADO;18/01/2022;287,408782
JGP STRATEGY FIC MULTIMERCADO;19/01/2022;287,369059
JGP STRATEGY FIC MULTIMERCADO;20/01/2022;287,444409
JGP STRATEGY FIC MULTIMERCADO;21/01/2022;287,581571
JGP STRATEGY FIC MULTIMERCADO;24/01/2022;287,415752
JGP STRATEGY FIC MULTIMERCADO;25/01/2022;287,475594
JGP STRATEGY FIC MULTIMERCADO;26/01/2022;287,656757
JGP STRATEGY FIC MULTIMERCADO;27/01/2022;288,069548
JGP STRATEGY FIC MULTIMERCADO;28/01/2022;287,971179
JGP STRATEGY FIC MULTIMERCADO;31/01/2022;287,738161
JGP STRATEGY FIC MULTIMERCADO;01/02/2022;287,625782
JGP STRATEGY FIC MULTIMERCADO;02/02/2022;287,54089
JGP STRATEGY FIC MULTIMERCADO;03/02/2022;287,84386
JGP STRATEGY FIC MULTIMERCADO;04/02/2022;288,206414
JGP STRATEGY FIC MULTIMERCADO;07/02/2022;288,050118
JGP STRATEGY FIC MULTIMERCADO;08/02/2022;288,215265
JGP STRATEGY FIC MULTIMERCADO;09/02/2022;288,155184
JGP STRATEGY FIC MULTIMERCADO;10/02/2022;288,744956
JGP STRATEGY FIC MULTIMERCADO;11/02/2022;289,139253
JGP STRATEGY FIC MULTIMERCADO;14/02/2022;289,109427
JGP STRATEGY FIC MULTIMERCADO;15/02/2022;288,984098
JGP STRATEGY FIC MULTIMERCADO;16/02/2022;288,823761
JGP STRATEGY FIC MULTIMERCADO;17/02/2022;289,151656
JGP STRATEGY FIC MULTIMERCADO;18/02/2022;289,078638
JGP STRATEGY FIC MULTIMERCADO;21/02/2022;289,167113
JGP STRATEGY FIC MULTIMERCADO;22/02/2022;289,060095
JGP STRATEGY FIC MULTIMERCADO;23/02/2022;289,166443
JGP STRATEGY FIC MULTIMERCADO;24/02/2022;289,611771
JGP STRATEGY FIC MULTIMERCADO;25/02/2022;289,907008
JGP STRATEGY FIC MULTIMERCADO;02/03/2022;289,550105
JGP STRATEGY FIC MULTIMERCADO;03/03/2022;289,741044
JGP STRATEGY FIC MULTIMERCADO;04/03/2022;290,068855
JGP STRATEGY FIC MULTIMERCADO;07/03/2022;290,581415
JGP STRATEGY FIC MULTIMERCADO;08/03/2022;290,996877
JGP STRATEGY FIC MULTIMERCADO;09/03/2022;290,794029
JGP STRATEGY FIC MULTIMERCADO;10/03/2022;291,51175
JGP STRATEGY FIC MULTIMERCADO;11/03/2022;291,994475
JGP STRATEGY FIC MULTIMERCADO;14/03/2022;292,330083
JGP STRATEGY FIC MULTIMERCADO;15/03/2022;292,464107
JGP STRATEGY FIC MULTIMERCADO;16/03/2022;292,439189
JGP STRATEGY FIC MULTIMERCADO;17/03/2022;292,892217
JGP STRATEGY FIC MULTIMERCADO;18/03/2022;293,06869
JGP STRATEGY FIC MULTIMERCADO;21/03/2022;294,019456
JGP STRATEGY FIC MULTIMERCADO;22/03/2022;294,43016
JGP STRATEGY FIC MULTIMERCADO;23/03/2022;294,702771
JGP STRATEGY FIC MULTIMERCADO;24/03/2022;294,978435
JGP STRATEGY FIC MULTIMERCADO;25/03/2022;296,17236
JGP STRATEGY FIC MULTIMERCADO;28/03/2022;295,553193
JGP STRATEGY FIC MULTIMERCADO;29/03/2022;294,839664
JGP STRATEGY FIC MULTIMERCADO;30/03/2022;294,456827
JGP STRATEGY FIC MULTIMERCADO;31/03/2022;294,467883
JGP STRATEGY FIC MULTIMERCADO;01/04/2022;295,858523
JGP STRATEGY FIC MULTIMERCADO;04/04/2022;296,0541
JGP STRATEGY FIC MULTIMERCADO;05/04/2022;295,93557
JGP STRATEGY FIC MULTIMERCADO;06/04/2022;296,205457
JGP STRATEGY FIC MULTIMERCADO;07/04/2022;296,127382
JGP STRATEGY FIC MULTIMERCADO;08/04/2022;295,445388
JGP STRATEGY FIC MULTIMERCADO;11/04/2022;295,370622
JGP STRATEGY FIC MULTIMERCADO;12/04/2022;294,978098
JGP STRATEGY FIC MULTIMERCADO;13/04/2022;295,16512
JGP STRATEGY FIC MULTIMERCADO;14/04/2022;295,635198
JGP STRATEGY FIC MULTIMERCADO;18/04/2022;295,904672
JGP STRATEGY FIC MULTIMERCADO;19/04/2022;296,304252
JGP STRATEGY FIC MULTIMERCADO;20/04/2022;296,178884
JGP STRATEGY FIC MULTIMERCADO;22/04/2022;296,726329
JGP STRATEGY FIC MULTIMERCADO;25/04/2022;297,325645
JGP STRATEGY FIC MULTIMERCADO;26/04/2022;296,461599
JGP STRATEGY FIC MULTIMERCADO;27/04/2022;296,135814
JGP STRATEGY FIC MULTIMERCADO;28/04/2022;296,607286
JGP STRATEGY FIC MULTIMERCADO;29/04/2022;296,454259
JGP STRATEGY FIC MULTIMERCADO;02/05/2022;296,529743
JGP STRATEGY FIC MULTIMERCADO;03/05/2022;297,07035
JGP STRATEGY FIC MULTIMERCADO;04/05/2022;297,318589
JGP STRATEGY FIC MULTIMERCADO;05/05/2022;297,469096
JGP STRATEGY FIC MULTIMERCADO;06/05/2022;297,617149
JGP STRATEGY FIC MULTIMERCADO;09/05/2022;297,438705
JGP STRATEGY FIC MULTIMERCADO;10/05/2022;297,430474
JGP STRATEGY FIC MULTIMERCADO;11/05/2022;297,56109
JGP STRATEGY FIC MULTIMERCADO;12/05/2022;297,500787
JGP STRATEGY FIC MULTIMERCADO;13/05/2022;298,823062
JGP STRATEGY FIC MULTIMERCADO;16/05/2022;299,026498
JGP STRATEGY FIC MULTIMERCADO;17/05/2022;300,151811
JGP STRATEGY FIC MULTIMERCADO;18/05/2022;299,317421
JGP STRATEGY FIC MULTIMERCADO;19/05/2022;299,990262
JGP STRATEGY FIC MULTIMERCADO;20/05/2022;300,197413
JGP STRATEGY FIC MULTIMERCADO;23/05/2022;301,070975
JGP STRATEGY FIC MULTIMERCADO;24/05/2022;300,171927
JGP STRATEGY FIC MULTIMERCADO;25/05/2022;300,341242
JGP STRATEGY FIC MULTIMERCADO;26/05/2022;301,253144
JGP STRATEGY FIC MULTIMERCADO;27/05/2022;301,583228
JGP STRATEGY FIC MULTIMERCADO;30/05/2022;302,058261
JGP STRATEGY FIC MULTIMERCADO;31/05/2022;302,103144
JGP STRATEGY FIC MULTIMERCADO;01/06/2022;302,980224
JGP STRATEGY FIC MULTIMERCADO;02/06/2022;302,864642
JGP STRATEGY FIC MULTIMERCADO;03/06/2022;303,353606
JGP STRATEGY FIC MULTIMERCADO;06/06/2022;303,938192
JGP STRATEGY FIC MULTIMERCADO;07/06/2022;303,821803
JGP STRATEGY FIC MULTIMERCADO;08/06/2022;304,732803
JGP STRATEGY FIC MULTIMERCADO;09/06/2022;305,443266
JGP STRATEGY FIC MULTIMERCADO;10/06/2022;306,36102
JGP STRATEGY FIC MULTIMERCADO;13/06/2022;307,794737
JGP STRATEGY FIC MULTIMERCADO;14/06/2022;308,063098
JGP STRATEGY FIC MULTIMERCADO;15/06/2022;307,443633
JGP STRATEGY FIC MULTIMERCADO;17/06/2022;307,66634
JGP STRATEGY FIC MULTIMERCADO;20/06/2022;308,07172
JGP STRATEGY FIC MULTIMERCADO;21/06/2022;308,022934
JGP STRATEGY FIC MULTIMERCADO;22/06/2022;308,005482
JGP STRATEGY FIC MULTIMERCADO;23/06/2022;308,422927
JGP STRATEGY FIC MULTIMERCADO;24/06/2022;308,816647
JGP STRATEGY FIC MULTIMERCADO;27/06/2022;308,895474
JGP STRATEGY FIC MULTIMERCADO;28/06/2022;309,971461
JGP STRATEGY FIC MULTIMERCADO;29/06/2022;309,36992
JGP STRATEGY FIC MULTIMERCADO;30/06/2022;309,428295
JGP STRATEGY FIC MULTIMERCADO;01/07/2022;309,594405
JGP STRATEGY FIC MULTIMERCADO;04/07/2022;309,766226
JGP STRATEGY FIC MULTIMERCADO;05/07/2022;309,287944
JGP STRATEGY FIC MULTIMERCADO;06/07/2022;310,071307
JGP STRATEGY FIC MULTIMERCADO;07/07/2022;311,038567
JGP STRATEGY FIC MULTIMERCADO;08/07/2022;311,248948
JGP STRATEGY FIC MULTIMERCADO;11/07/2022;311,586688
JGP STRATEGY FIC MULTIMERCADO;12/07/2022;311,899824
JGP STRATEGY FIC MULTIMERCADO;13/07/2022;311,693334
JGP STRATEGY FIC MULTIMERCADO;14/07/2022;312,63995
JGP STRATEGY FIC MULTIMERCADO;15/07/2022;312,649185
JGP STRATEGY FIC MULTIMERCADO;18/07/2022;312,799398
JGP STRATEGY FIC MULTIMERCADO;19/07/2022;312,310705
JGP STRATEGY FIC MULTIMERCADO;20/07/2022;312,747436
JGP STRATEGY FIC MULTIMERCADO;21/07/2022;311,958449
JGP STRATEGY FIC MULTIMERCADO;22/07/2022;311,637534
JGP STRATEGY FIC MULTIMERCADO;25/07/2022;311,577643
JGP STRATEGY FIC MULTIMERCADO;26/07/2022;312,047571
JGP STRATEGY FIC MULTIMERCADO;27/07/2022;310,905414
JGP STRATEGY FIC MULTIMERCADO;28/07/2022;310,779629
JGP STRATEGY FIC MULTIMERCADO;29/07/2022;311,300928
JGP STRATEGY FIC MULTIMERCADO;01/08/2022;311,42837
JGP STRATEGY FIC MULTIMERCADO;02/08/2022;311,863725
JGP STRATEGY FIC MULTIMERCADO;03/08/2022;311,86933
JGP STRATEGY FIC MULTIMERCADO;04/08/2022;312,531777
JGP STRATEGY FIC MULTIMERCADO;05/08/2022;313,2653
JGP STRATEGY FIC MULTIMERCADO;08/08/2022;313,060194
JGP STRATEGY FIC MULTIMERCADO;09/08/2022;313,754031
JGP STRATEGY FIC MULTIMERCADO;10/08/2022;313,483531
JGP STRATEGY FIC MULTIMERCADO;11/08/2022;313,633042
JGP STRATEGY FIC MULTIMERCADO;12/08/2022;314,166801
JGP STRATEGY FIC MULTIMERCADO;15/08/2022;313,891105
JGP STRATEGY FIC MULTIMERCADO;16/08/2022;313,502088
JGP STRATEGY FIC MULTIMERCADO;17/08/2022;313,997667
JGP STRATEGY FIC MULTIMERCADO;18/08/2022;314,599974
JGP STRATEGY FIC MULTIMERCADO;19/08/2022;314,993036
JGP STRATEGY FIC MULTIMERCADO;22/08/2022;316,110757
JGP STRATEGY FIC MULTIMERCADO;23/08/2022;316,121273
JGP STRATEGY FIC MULTIMERCADO;24/08/2022;316,457878
JGP STRATEGY FIC MULTIMERCADO;25/08/2022;315,994425
JGP STRATEGY FIC MULTIMERCADO;26/08/2022;316,58461
JGP STRATEGY FIC MULTIMERCADO;29/08/2022;316,835996
JGP STRATEGY FIC MULTIMERCADO;30/08/2022;317,402441
JGP STRATEGY FIC MULTIMERCADO;31/08/2022;317,741475
JGP STRATEGY FIC MULTIMERCADO;01/09/2022;318,25112
JGP STRATEGY FIC MULTIMERCADO;02/09/2022;318,239091
JGP STRATEGY FIC MULTIMERCADO;05/09/2022;318,39846
JGP STRATEGY FIC MULTIMERCADO;06/09/2022;318,703998
JGP STRATEGY FIC MULTIMERCADO;08/09/2022;318,263422
JGP STRATEGY FIC MULTIMERCADO;09/09/2022;318,039692
JGP STRATEGY FIC MULTIMERCADO;12/09/2022;317,910996
JGP STRATEGY FIC MULTIMERCADO;13/09/2022;319,831241
JGP STRATEGY FIC MULTIMERCADO;14/09/2022;319,94252
JGP STRATEGY FIC MULTIMERCADO;15/09/2022;320,583215
JGP STRATEGY FIC MULTIMERCADO;16/09/2022;320,956471
JGP STRATEGY FIC MULTIMERCADO;19/09/2022;320,927342
JGP STRATEGY FIC MULTIMERCADO;20/09/2022;321,219625
JGP STRATEGY FIC MULTIMERCADO;21/09/2022;321,706536
JGP STRATEGY FIC MULTIMERCADO;22/09/2022;322,254961
JGP STRATEGY FIC MULTIMERCADO;23/09/2022;321,972715
JGP STRATEGY FIC MULTIMERCADO;26/09/2022;322,268817
JGP STRATEGY FIC MULTIMERCADO;27/09/2022;322,428037
JGP STRATEGY FIC MULTIMERCADO;28/09/2022;322,938342
JGP STRATEGY FIC MULTIMERCADO;29/09/2022;322,899431
JGP STRATEGY FIC MULTIMERCADO;30/09/2022;322,632189
JGP STRATEGY FIC MULTIMERCADO;03/10/2022;322,869529
JGP STRATEGY FIC MULTIMERCADO;04/10/2022;323,365366
JGP STRATEGY FIC MULTIMERCADO;05/10/2022;323,74681
JGP STRATEGY FIC MULTIMERCADO;06/10/2022;324,303725
JGP STRATEGY FIC MULTIMERCADO;07/10/2022;324,472317
JGP STRATEGY FIC MULTIMERCADO;10/10/2022;324,612843
JGP STRATEGY FIC MULTIMERCADO;11/10/2022;324,546466
JGP STRATEGY FIC MULTIMERCADO;13/10/2022;324,626709
JGP STRATEGY FIC MULTIMERCADO;14/10/2022;324,887214
JGP STRATEGY FIC MULTIMERCADO;17/10/2022;324,764
JGP STRATEGY FIC MULTIMERCADO;18/10/2022;324,897955
JGP STRATEGY FIC MULTIMERCADO;19/10/2022;325,771635
JGP STRATEGY FIC MULTIMERCADO;20/10/2022;326,050389
JGP STRATEGY FIC MULTIMERCADO;21/10/2022;325,924302
JGP STRATEGY FIC MULTIMERCADO;24/10/2022;325,491159
JGP STRATEGY FIC MULTIMERCADO;25/10/2022;325,440163
JGP STRATEGY FIC MULTIMERCADO;26/10/2022;325,585307
JGP STRATEGY FIC MULTIMERCADO;27/10/2022;326,192926
JGP STRATEGY FIC MULTIMERCADO;28/10/2022;326,227585
JGP STRATEGY FIC MULTIMERCADO;31/10/2022;326,754739
JGP STRATEGY FIC MULTIMERCADO;01/11/2022;327,237507
JGP STRATEGY FIC MULTIMERCADO;03/11/2022;326,382041
JGP STRATEGY FIC MULTIMERCADO;04/11/2022;326,464092
JGP STRATEGY FIC MULTIMERCADO;07/11/2022;326,610484
JGP STRATEGY FIC MULTIMERCADO;08/11/2022;327,24565
JGP STRATEGY FIC MULTIMERCADO;09/11/2022;327,410685
JGP STRATEGY FIC MULTIMERCADO;10/11/2022;329,563459
JGP STRATEGY FIC MULTIMERCADO;11/11/2022;329,675762
JGP STRATEGY FIC MULTIMERCADO;14/11/2022;329,913822
JGP STRATEGY FIC MULTIMERCADO;16/11/2022;330,134713
JGP STRATEGY FIC MULTIMERCADO;17/11/2022;331,048085
JGP STRATEGY FIC MULTIMERCADO;18/11/2022;330,874316
JGP STRATEGY FIC MULTIMERCADO;21/11/2022;330,891579
JGP STRATEGY FIC MULTIMERCADO;22/11/2022;331,003548
JGP STRATEGY FIC MULTIMERCADO;23/11/2022;330,871509
JGP STRATEGY FIC MULTIMERCADO;24/11/2022;330,539179
JGP STRATEGY FIC MULTIMERCADO;25/11/2022;331,128961
JGP STRATEGY FIC MULTIMERCADO;28/11/2022;331,657368
JGP STRATEGY FIC MULTIMERCADO;29/11/2022;331,404393
JGP STRATEGY FIC MULTIMERCADO;30/11/2022;330,789369
JGP STRATEGY FIC MULTIMERCADO;01/12/2022;330,799449
JGP STRATEGY FIC MULTIMERCADO;02/12/2022;330,656096
JGP STRATEGY FIC MULTIMERCADO;05/12/2022;331,112054
JGP STRATEGY FIC MULTIMERCADO;06/12/2022;331,147589
JGP STRATEGY FIC MULTIMERCADO;07/12/2022;330,68784
JGP STRATEGY FIC MULTIMERCADO;08/12/2022;330,901905
JGP STRATEGY FIC MULTIMERCADO;09/12/2022;331,291397
JGP STRATEGY FIC MULTIMERCADO;12/12/2022;332,88361
JGP STRATEGY FIC MULTIMERCADO;13/12/2022;333,30621
JGP STRATEGY FIC MULTIMERCADO;14/12/2022;333,983436
JGP STRATEGY FIC MULTIMERCADO;15/12/2022;333,981126
JGP STRATEGY FIC MULTIMERCADO;16/12/2022;333,989652
JGP STRATEGY FIC MULTIMERCADO;19/12/2022;334,188887
JGP STRATEGY FIC MULTIMERCADO;20/12/2022;333,629275
JGP STRATEGY FIC MULTIMERCADO;21/12/2022;333,634341
JGP STRATEGY FIC MULTIMERCADO;22/12/2022;333,819174
JGP STRATEGY FIC MULTIMERCADO;23/12/2022;333,976358
JGP STRATEGY FIC MULTIMERCADO;26/12/2022;334,253384
JGP STRATEGY FIC MULTIMERCADO;27/12/2022;334,432276
JGP STRATEGY FIC MULTIMERCADO;28/12/2022;334,212072
JGP STRATEGY FIC MULTIMERCADO;29/12/2022;334,064437
JGP STRATEGY FIC MULTIMERCADO;30/12/2022;334,429888
JGP STRATEGY FIC MULTIMERCADO;02/01/2023;335,071924
JGP STRATEGY FIC MULTIMERCADO;03/01/2023;336,04388
JGP STRATEGY FIC MULTIMERCADO;04/01/2023;336,035956
JGP STRATEGY FIC MULTIMERCADO;05/01/2023;335,867648
JGP STRATEGY FIC MULTIMERCADO;06/01/2023;333,868813
JGP STRATEGY FIC MULTIMERCADO;09/01/2023;333,844578
JGP STRATEGY FIC MULTIMERCADO;10/01/2023;333,401036
JGP STRATEGY FIC MULTIMERCADO;11/01/2023;332,93029
JGP STRATEGY FIC MULTIMERCADO;12/01/2023;329,791237
JGP STRATEGY FIC MULTIMERCADO;13/01/2023;328,965277
JGP STRATEGY FIC MULTIMERCADO;16/01/2023;329,990835
JGP STRATEGY FIC MULTIMERCADO;17/01/2023;329,641893
JGP STRATEGY FIC MULTIMERCADO;18/01/2023;329,380367
JGP STRATEGY FIC MULTIMERCADO;19/01/2023;329,169336
JGP STRATEGY FIC MULTIMERCADO;20/01/2023;330,037234
JGP STRATEGY FIC MULTIMERCADO;23/01/2023;330,899748
JGP STRATEGY FIC MULTIMERCADO;24/01/2023;330,670589
JGP STRATEGY FIC MULTIMERCADO;25/01/2023;330,381845
JGP STRATEGY FIC MULTIMERCADO;26/01/2023;330,61361
JGP STRATEGY FIC MULTIMERCADO;27/01/2023;331,345752
JGP STRATEGY FIC MULTIMERCADO;30/01/2023;331,636511
JGP STRATEGY FIC MULTIMERCADO;31/01/2023;331,190955
JGP STRATEGY FIC MULTIMERCADO;01/02/2023;331,152692
JGP STRATEGY FIC MULTIMERCADO;02/02/2023;331,48264
JGP STRATEGY FIC MULTIMERCADO;03/02/2023;331,324788
JGP STRATEGY FIC MULTIMERCADO;06/02/2023;332,050747
JGP STRATEGY FIC MULTIMERCADO;07/02/2023;332,466994
JGP STRATEGY FIC MULTIMERCADO;08/02/2023;333,051703
JGP STRATEGY FIC MULTIMERCADO;09/02/2023;334,773625
JGP STRATEGY FIC MULTIMERCADO;10/02/2023;335,425073
JGP STRATEGY FIC MULTIMERCADO;13/02/2023;334,620769
JGP STRATEGY FIC MULTIMERCADO;14/02/2023;334,69744
JGP STRATEGY FIC MULTIMERCADO;15/02/2023;335,812538
JGP STRATEGY FIC MULTIMERCADO;16/02/2023;335,925886
JGP STRATEGY FIC MULTIMERCADO;17/02/2023;336,071628
JGP STRATEGY FIC MULTIMERCADO;22/02/2023;336,345323
JGP STRATEGY FIC MULTIMERCADO;23/02/2023;336,019873
JGP STRATEGY FIC MULTIMERCADO;24/02/2023;336,510933
JGP STRATEGY FIC MULTIMERCADO;27/02/2023;336,292884
JGP STRATEGY FIC MULTIMERCADO;28/02/2023;336,57445
JGP STRATEGY FIC MULTIMERCADO;01/03/2023;336,375778
JGP STRATEGY FIC MULTIMERCADO;02/03/2023;336,753125
JGP STRATEGY FIC MULTIMERCADO;03/03/2023;336,1248
JGP STRATEGY FIC MULTIMERCADO;06/03/2023;335,984716
JGP STRATEGY FIC MULTIMERCADO;07/03/2023;337,049875
JGP STRATEGY FIC MULTIMERCADO;08/03/2023;335,940911
JGP STRATEGY FIC MULTIMERCADO;09/03/2023;336,887735
JGP STRATEGY FIC MULTIMERCADO;10/03/2023;337,311482
JGP STRATEGY FIC MULTIMERCADO;13/03/2023;337,022785
JGP STRATEGY FIC MULTIMERCADO;14/03/2023;336,703474
JGP STRATEGY FIC MULTIMERCADO;15/03/2023;337,479943
JGP STRATEGY FIC MULTIMERCADO;16/03/2023;337,411115
JGP STRATEGY FIC MULTIMERCADO;17/03/2023;338,007231
JGP STRATEGY FIC MULTIMERCADO;20/03/2023;337,967111
JGP STRATEGY FIC MULTIMERCADO;21/03/2023;337,907322
JGP STRATEGY FIC MULTIMERCADO;22/03/2023;337,690984
JGP STRATEGY FIC MULTIMERCADO;23/03/2023;337,842509
JGP STRATEGY FIC MULTIMERCADO;24/03/2023;337,911413
JGP STRATEGY FIC MULTIMERCADO;27/03/2023;338,073967
JGP STRATEGY FIC MULTIMERCADO;28/03/2023;338,292161
JGP STRATEGY FIC MULTIMERCADO;29/03/2023;337,832562
JGP STRATEGY FIC MULTIMERCADO;30/03/2023;338,196676
JGP STRATEGY FIC MULTIMERCADO;31/03/2023;338,249698
JGP STRATEGY FIC MULTIMERCADO;03/04/2023;338,19491
JGP STRATEGY FIC MULTIMERCADO;04/04/2023;338,492684
JGP STRATEGY FIC MULTIMERCADO;05/04/2023;338,564731
JGP STRATEGY FIC MULTIMERCADO;06/04/2023;338,63692
JGP STRATEGY FIC MULTIMERCADO;10/04/2023;338,548049
JGP STRATEGY FIC MULTIMERCADO;11/04/2023;338,927049
JGP STRATEGY FIC MULTIMERCADO;12/04/2023;338,356528
JGP STRATEGY FIC MULTIMERCADO;13/04/2023;338,547978
JGP STRATEGY FIC MULTIMERCADO;14/04/2023;338,559256
JGP STRATEGY FIC MULTIMERCADO;17/04/2023;338,609197
JGP STRATEGY FIC MULTIMERCADO;18/04/2023;338,865467
JGP STRATEGY FIC MULTIMERCADO;19/04/2023;338,558703
JGP STRATEGY FIC MULTIMERCADO;20/04/2023;339,062181
JGP STRATEGY FIC MULTIMERCADO;24/04/2023;339,181319
JGP STRATEGY FIC MULTIMERCADO;25/04/2023;339,959836
JGP STRATEGY FIC MULTIMERCADO;26/04/2023;340,114577
JGP STRATEGY FIC MULTIMERCADO;27/04/2023;339,57196
JGP STRATEGY FIC MULTIMERCADO;28/04/2023;339,122749
JGP STRATEGY FIC MULTIMERCADO;02/05/2023;339,378964
JGP STRATEGY FIC MULTIMERCADO;03/05/2023;338,993653
JGP STRATEGY FIC MULTIMERCADO;04/05/2023;339,576002
JGP STRATEGY FIC MULTIMERCADO;05/05/2023;338,800473
JGP STRATEGY FIC MULTIMERCADO;08/05/2023;339,01008
JGP STRATEGY FIC MULTIMERCADO;09/05/2023;339,267747
JGP STRATEGY FIC MULTIMERCADO;10/05/2023;339,380666
JGP STRATEGY FIC MULTIMERCADO;11/05/2023;339,856191
JGP STRATEGY FIC MULTIMERCADO;12/05/2023;339,729796
JGP STRATEGY FIC MULTIMERCADO;15/05/2023;339,667147
JGP STRATEGY FIC MULTIMERCADO;16/05/2023;339,779956
JGP STRATEGY FIC MULTIMERCADO;17/05/2023;339,556371
JGP STRATEGY FIC MULTIMERCADO;18/05/2023;339,454739
JGP STRATEGY FIC MULTIMERCADO;19/05/2023;339,021311
JGP STRATEGY FIC MULTIMERCADO;22/05/2023;339,24471
JGP STRATEGY FIC MULTIMERCADO;23/05/2023;339,090486
JGP STRATEGY FIC MULTIMERCADO;24/05/2023;338,806259
JGP STRATEGY FIC MULTIMERCADO;25/05/2023;339,704905
JGP STRATEGY FIC MULTIMERCADO;26/05/2023;339,409373
JGP STRATEGY FIC MULTIMERCADO;29/05/2023;339,60054
JGP STRATEGY FIC MULTIMERCADO;30/05/2023;339,66848
JGP STRATEGY FIC MULTIMERCADO;31/05/2023;339,706425
JGP STRATEGY FIC MULTIMERCADO;01/06/2023;340,246294
JGP STRATEGY FIC MULTIMERCADO;02/06/2023;340,85822
JGP STRATEGY FIC MULTIMERCADO;05/06/2023;341,220429
JGP STRATEGY FIC MULTIMERCADO;06/06/2023;341,696967
JGP STRATEGY FIC MULTIMERCADO;07/06/2023;342,0896
JGP STRATEGY FIC MULTIMERCADO;09/06/2023;342,529348
JGP STRATEGY FIC MULTIMERCADO;12/06/2023;343,079271
JGP STRATEGY FIC MULTIMERCADO;13/06/2023;342,67165
JGP STRATEGY FIC MULTIMERCADO;14/06/2023;343,57868
JGP STRATEGY FIC MULTIMERCADO;15/06/2023;343,817157
JGP STRATEGY FIC MULTIMERCADO;16/06/2023;343,775581
JGP STRATEGY FIC MULTIMERCADO;19/06/2023;343,853739
JGP STRATEGY FIC MULTIMERCADO;20/06/2023;344,505604
JGP STRATEGY FIC MULTIMERCADO;21/06/2023;345,080669
JGP STRATEGY FIC MULTIMERCADO;22/06/2023;344,78844
JGP STRATEGY FIC MULTIMERCADO;23/06/2023;345,160671
JGP STRATEGY FIC MULTIMERCADO;26/06/2023;344,554514
JGP STRATEGY FIC MULTIMERCADO;27/06/2023;343,537441
JGP STRATEGY FIC MULTIMERCADO;28/06/2023;343,849365
JGP STRATEGY FIC MULTIMERCADO;29/06/2023;344,184901
JGP STRATEGY FIC MULTIMERCADO;30/06/2023;344,040288
JGP STRATEGY FIC MULTIMERCADO;03/07/2023;344,080282
JGP STRATEGY FIC MULTIMERCADO;04/07/2023;344,241831
JGP STRATEGY FIC MULTIMERCADO;05/07/2023;345,023688
JGP STRATEGY FIC MULTIMERCADO;06/07/2023;344,26875
JGP STRATEGY FIC MULTIMERCADO;07/07/2023;344,715468
JGP STRATEGY FIC MULTIMERCADO;10/07/2023;344,207756
JGP STRATEGY FIC MULTIMERCADO;11/07/2023;344,673621
JGP STRATEGY FIC MULTIMERCADO;12/07/2023;345,290826
JGP STRATEGY FIC MULTIMERCADO;13/07/2023;345,821934
JGP STRATEGY FIC MULTIMERCADO;14/07/2023;345,580287
JGP STRATEGY FIC MULTIMERCADO;17/07/2023;345,768864
JGP STRATEGY FIC MULTIMERCADO;18/07/2023;346,008025
JGP STRATEGY FIC MULTIMERCADO;19/07/2023;346,17801
JGP STRATEGY FIC MULTIMERCADO;20/07/2023;346,220015
JGP STRATEGY FIC MULTIMERCADO;21/07/2023;346,832331
JGP STRATEGY FIC MULTIMERCADO;24/07/2023;347,242787
JGP STRATEGY FIC MULTIMERCADO;25/07/2023;347,50539
JGP STRATEGY FIC MULTIMERCADO;26/07/2023;347,390087
JGP STRATEGY FIC MULTIMERCADO;27/07/2023;347,272624
JGP STRATEGY FIC MULTIMERCADO;28/07/2023;347,508933
JGP STRATEGY FIC MULTIMERCADO;31/07/2023;348,061181
JGP STRATEGY FIC MULTIMERCADO;01/08/2023;347,750485
JGP STRATEGY FIC MULTIMERCADO;02/08/2023;347,932878
JGP STRATEGY FIC MULTIMERCADO;03/08/2023;349,175468
JGP STRATEGY FIC MULTIMERCADO;04/08/2023;349,511989
JGP STRATEGY FIC MULTIMERCADO;07/08/2023;349,06578
JGP STRATEGY FIC MULTIMERCADO;08/08/2023;349,412376
JGP STRATEGY FIC MULTIMERCADO;09/08/2023;349,292012
JGP STRATEGY FIC MULTIMERCADO;10/08/2023;349,01451
JGP STRATEGY FIC MULTIMERCADO;11/08/2023;349,311394
JGP STRATEGY FIC MULTIMERCADO;14/08/2023;349,072628
JGP STRATEGY FIC MULTIMERCADO;15/08/2023;349,819983
JGP STRATEGY FIC MULTIMERCADO;16/08/2023;350,091756
JGP STRATEGY FIC MULTIMERCADO;17/08/2023;350,500513
JGP STRATEGY FIC MULTIMERCADO;18/08/2023;350,621142
JGP STRATEGY FIC MULTIMERCADO;21/08/2023;350,154502
JGP STRATEGY FIC MULTIMERCADO;22/08/2023;350,092474
JGP STRATEGY FIC MULTIMERCADO;23/08/2023;349,769504
JGP STRATEGY FIC MULTIMERCADO;24/08/2023;350,077181
JGP STRATEGY FIC MULTIMERCADO;25/08/2023;349,273377
JGP STRATEGY FIC MULTIMERCADO;28/08/2023;348,901218
JGP STRATEGY FIC MULTIMERCADO;29/08/2023;348,927705
JGP STRATEGY FIC MULTIMERCADO;30/08/2023;348,725577
JGP STRATEGY FIC MULTIMERCADO;31/08/2023;348,709284
JGP STRATEGY FIC MULTIMERCADO;01/09/2023;348,455575
JGP STRATEGY FIC MULTIMERCADO;04/09/2023;348,444506
JGP STRATEGY FIC MULTIMERCADO;05/09/2023;348,862949
JGP STRATEGY FIC MULTIMERCADO;06/09/2023;348,868912
JGP STRATEGY FIC MULTIMERCADO;08/09/2023;348,98049
JGP STRATEGY FIC MULTIMERCADO;11/09/2023;348,788248
JGP STRATEGY FIC MULTIMERCADO;12/09/2023;349,284588
JGP STRATEGY FIC MULTIMERCADO;13/09/2023;349,591883
JGP STRATEGY FIC MULTIMERCADO;14/09/2023;350,31274
JGP STRATEGY FIC MULTIMERCADO;15/09/2023;350,708144
JGP STRATEGY FIC MULTIMERCADO;18/09/2023;350,582284
JGP STRATEGY FIC MULTIMERCADO;19/09/2023;350,243078
JGP STRATEGY FIC MULTIMERCADO;20/09/2023;350,726875
JGP STRATEGY FIC MULTIMERCADO;21/09/2023;352,206065
JGP STRATEGY FIC MULTIMERCADO;22/09/2023;352,432205
JGP STRATEGY FIC MULTIMERCADO;25/09/2023;352,698071
JGP STRATEGY FIC MULTIMERCADO;26/09/2023;353,924284
JGP STRATEGY FIC MULTIMERCADO;27/09/2023;353,835828
JGP STRATEGY FIC MULTIMERCADO;28/09/2023;353,888832
JGP STRATEGY FIC MULTIMERCADO;29/09/2023;353,955577
JGP STRATEGY FIC MULTIMERCADO;02/10/2023;354,191958
JGP STRATEGY FIC MULTIMERCADO;03/10/2023;355,84056
JGP STRATEGY FIC MULTIMERCADO;04/10/2023;356,510686
JGP STRATEGY FIC MULTIMERCADO;05/10/2023;356,904893
JGP STRATEGY FIC MULTIMERCADO;06/10/2023;356,065792
JGP STRATEGY FIC MULTIMERCADO;09/10/2023;356,839115
JGP STRATEGY FIC MULTIMERCADO;10/10/2023;356,365478
JGP STRATEGY FIC MULTIMERCADO;11/10/2023;355,642267
JGP STRATEGY FIC MULTIMERCADO;13/10/2023;356,362206
JGP STRATEGY FIC MULTIMERCADO;16/10/2023;355,827397
JGP STRATEGY FIC MULTIMERCADO;17/10/2023;355,627305
JGP STRATEGY FIC MULTIMERCADO;18/10/2023;356,617345
JGP STRATEGY FIC MULTIMERCADO;19/10/2023;357,033578
JGP STRATEGY FIC MULTIMERCADO;20/10/2023;358,557218
JGP STRATEGY FIC MULTIMERCADO;23/10/2023;358,566397
JGP STRATEGY FIC MULTIMERCADO;24/10/2023;357,910906
JGP STRATEGY FIC MULTIMERCADO;25/10/2023;357,862757
JGP STRATEGY FIC MULTIMERCADO;26/10/2023;358,75611
JGP STRATEGY FIC MULTIMERCADO;27/10/2023;358,999912
JGP STRATEGY FIC MULTIMERCADO;30/10/2023;358,569039
JGP STRATEGY FIC MULTIMERCADO;31/10/2023;357,976244
JGP STRATEGY FIC MULTIMERCADO;01/11/2023;358,857439
JGP STRATEGY FIC MULTIMERCADO;03/11/2023;359,572071
JGP STRATEGY FIC MULTIMERCADO;06/11/2023;358,63905
JGP STRATEGY FIC MULTIMERCADO;07/11/2023;359,293442
JGP STRATEGY FIC MULTIMERCADO;08/11/2023;358,882324
JGP STRATEGY FIC MULTIMERCADO;09/11/2023;358,408
KAPITALO ZETA FIC MULTIMERCADO;01/09/2010;1
KAPITALO ZETA FIC MULTIMERCADO;02/09/2010;0,998706
KAPITALO ZETA FIC MULTIMERCADO;03/09/2010;0,999375
KAPITALO ZETA FIC MULTIMERCADO;06/09/2010;0,99957
KAPITALO ZETA FIC MULTIMERCADO;08/09/2010;0,99619
KAPITALO ZETA FIC MULTIMERCADO;09/09/2010;0,989514
KAPITALO ZETA FIC MULTIMERCADO;10/09/2010;0,990507
KAPITALO ZETA FIC MULTIMERCADO;13/09/2010;0,986672
KAPITALO ZETA FIC MULTIMERCADO;14/09/2010;0,981328
KAPITALO ZETA FIC MULTIMERCADO;15/09/2010;0,985266
KAPITALO ZETA FIC MULTIMERCADO;16/09/2010;0,979898
KAPITALO ZETA FIC MULTIMERCADO;17/09/2010;0,987285
KAPITALO ZETA FIC MULTIMERCADO;20/09/2010;0,991346
KAPITALO ZETA FIC MULTIMERCADO;21/09/2010;0,989168
KAPITALO ZETA FIC MULTIMERCADO;22/09/2010;0,992763
KAPITALO ZETA FIC MULTIMERCADO;23/09/2010;0,992504
KAPITALO ZETA FIC MULTIMERCADO;24/09/2010;0,996761
KAPITALO ZETA FIC MULTIMERCADO;27/09/2010;0,996155
KAPITALO ZETA FIC MULTIMERCADO;28/09/2010;0,988332
KAPITALO ZETA FIC MULTIMERCADO;29/09/2010;0,984353
KAPITALO ZETA FIC MULTIMERCADO;30/09/2010;0,990919
KAPITALO ZETA FIC MULTIMERCADO;01/10/2010;0,993854
KAPITALO ZETA FIC MULTIMERCADO;04/10/2010;0,995898
KAPITALO ZETA FIC MULTIMERCADO;05/10/2010;0,998375
KAPITALO ZETA FIC MULTIMERCADO;06/10/2010;0,995633
KAPITALO ZETA FIC MULTIMERCADO;07/10/2010;0,997453
KAPITALO ZETA FIC MULTIMERCADO;08/10/2010;0,99683
KAPITALO ZETA FIC MULTIMERCADO;11/10/2010;0,9982
KAPITALO ZETA FIC MULTIMERCADO;13/10/2010;0,997326
KAPITALO ZETA FIC MULTIMERCADO;14/10/2010;0,998524
KAPITALO ZETA FIC MULTIMERCADO;15/10/2010;0,995876
KAPITALO ZETA FIC MULTIMERCADO;18/10/2010;0,99022
KAPITALO ZETA FIC MULTIMERCADO;19/10/2010;0,992301
KAPITALO ZETA FIC MULTIMERCADO;20/10/2010;0,995004
KAPITALO ZETA FIC MULTIMERCADO;21/10/2010;0,994478
KAPITALO ZETA FIC MULTIMERCADO;22/10/2010;0,991215
KAPITALO ZETA FIC MULTIMERCADO;25/10/2010;0,99229
KAPITALO ZETA FIC MULTIMERCADO;26/10/2010;0,992606
KAPITALO ZETA FIC MULTIMERCADO;27/10/2010;0,999817
KAPITALO ZETA FIC MULTIMERCADO;28/10/2010;0,997617
KAPITALO ZETA FIC MULTIMERCADO;29/10/2010;0,999739
KAPITALO ZETA FIC MULTIMERCADO;01/11/2010;1,001175
KAPITALO ZETA FIC MULTIMERCADO;03/11/2010;1,000568
KAPITALO ZETA FIC MULTIMERCADO;04/11/2010;1,00439
KAPITALO ZETA FIC MULTIMERCADO;05/11/2010;1,004307
KAPITALO ZETA FIC MULTIMERCADO;08/11/2010;1,005055
KAPITALO ZETA FIC MULTIMERCADO;09/11/2010;1,008963
KAPITALO ZETA FIC MULTIMERCADO;10/11/2010;1,006794
KAPITALO ZETA FIC MULTIMERCADO;11/11/2010;1,006328
KAPITALO ZETA FIC MULTIMERCADO;12/11/2010;1,004348
KAPITALO ZETA FIC MULTIMERCADO;16/11/2010;1,005869
KAPITALO ZETA FIC MULTIMERCADO;17/11/2010;1,004349
KAPITALO ZETA FIC MULTIMERCADO;18/11/2010;1,010254
KAPITALO ZETA FIC MULTIMERCADO;19/11/2010;1,012734
KAPITALO ZETA FIC MULTIMERCADO;22/11/2010;1,013952
KAPITALO ZETA FIC MULTIMERCADO;23/11/2010;1,0134
KAPITALO ZETA FIC MULTIMERCADO;24/11/2010;1,018236
KAPITALO ZETA FIC MULTIMERCADO;25/11/2010;1,01978
KAPITALO ZETA FIC MULTIMERCADO;26/11/2010;1,022019
KAPITALO ZETA FIC MULTIMERCADO;29/11/2010;1,026674
KAPITALO ZETA FIC MULTIMERCADO;30/11/2010;1,029461
KAPITALO ZETA FIC MULTIMERCADO;01/12/2010;1,040463
KAPITALO ZETA FIC MULTIMERCADO;02/12/2010;1,041073
KAPITALO ZETA FIC MULTIMERCADO;03/12/2010;1,046453
KAPITALO ZETA FIC MULTIMERCADO;06/12/2010;1,042563
KAPITALO ZETA FIC MULTIMERCADO;07/12/2010;1,04447
KAPITALO ZETA FIC MULTIMERCADO;08/12/2010;1,044372
KAPITALO ZETA FIC MULTIMERCADO;09/12/2010;1,049641
KAPITALO ZETA FIC MULTIMERCADO;10/12/2010;1,05341
KAPITALO ZETA FIC MULTIMERCADO;13/12/2010;1,054597
KAPITALO ZETA FIC MULTIMERCADO;14/12/2010;1,053153
KAPITALO ZETA FIC MULTIMERCADO;15/12/2010;1,052909
KAPITALO ZETA FIC MULTIMERCADO;16/12/2010;1,050854
KAPITALO ZETA FIC MULTIMERCADO;17/12/2010;1,056359
KAPITALO ZETA FIC MULTIMERCADO;20/12/2010;1,062682
KAPITALO ZETA FIC MULTIMERCADO;21/12/2010;1,068929
KAPITALO ZETA FIC MULTIMERCADO;22/12/2010;1,07742
KAPITALO ZETA FIC MULTIMERCADO;23/12/2010;1,077458
KAPITALO ZETA FIC MULTIMERCADO;24/12/2010;1,077819
KAPITALO ZETA FIC MULTIMERCADO;27/12/2010;1,076892
KAPITALO ZETA FIC MULTIMERCADO;28/12/2010;1,074984
KAPITALO ZETA FIC MULTIMERCADO;29/12/2010;1,068285
KAPITALO ZETA FIC MULTIMERCADO;30/12/2010;1,059017
KAPITALO ZETA FIC MULTIMERCADO;31/12/2010;1,059317
KAPITALO ZETA FIC MULTIMERCADO;03/01/2011;1,049885
KAPITALO ZETA FIC MULTIMERCADO;04/01/2011;1,052391
KAPITALO ZETA FIC MULTIMERCADO;05/01/2011;1,059865
KAPITALO ZETA FIC MULTIMERCADO;06/01/2011;1,059005
KAPITALO ZETA FIC MULTIMERCADO;07/01/2011;1,06457
KAPITALO ZETA FIC MULTIMERCADO;10/01/2011;1,073822
KAPITALO ZETA FIC MULTIMERCADO;11/01/2011;1,076902
KAPITALO ZETA FIC MULTIMERCADO;12/01/2011;1,080508
KAPITALO ZETA FIC MULTIMERCADO;13/01/2011;1,079897
KAPITALO ZETA FIC MULTIMERCADO;14/01/2011;1,092138
KAPITALO ZETA FIC MULTIMERCADO;17/01/2011;1,093414
KAPITALO ZETA FIC MULTIMERCADO;18/01/2011;1,096749
KAPITALO ZETA FIC MULTIMERCADO;19/01/2011;1,093424
KAPITALO ZETA FIC MULTIMERCADO;20/01/2011;1,090522
KAPITALO ZETA FIC MULTIMERCADO;21/01/2011;1,091311
KAPITALO ZETA FIC MULTIMERCADO;24/01/2011;1,095155
KAPITALO ZETA FIC MULTIMERCADO;25/01/2011;1,095533
KAPITALO ZETA FIC MULTIMERCADO;26/01/2011;1,093474
KAPITALO ZETA FIC MULTIMERCADO;27/01/2011;1,095973
KAPITALO ZETA FIC MULTIMERCADO;28/01/2011;1,087187
KAPITALO ZETA FIC MULTIMERCADO;31/01/2011;1,083435
KAPITALO ZETA FIC MULTIMERCADO;01/02/2011;1,083244
KAPITALO ZETA FIC MULTIMERCADO;02/02/2011;1,080887
KAPITALO ZETA FIC MULTIMERCADO;03/02/2011;1,081799
KAPITALO ZETA FIC MULTIMERCADO;04/02/2011;1,087332
KAPITALO ZETA FIC MULTIMERCADO;07/02/2011;1,082471
KAPITALO ZETA FIC MULTIMERCADO;08/02/2011;1,07952
KAPITALO ZETA FIC MULTIMERCADO;09/02/2011;1,078506
KAPITALO ZETA FIC MULTIMERCADO;10/02/2011;1,080944
KAPITALO ZETA FIC MULTIMERCADO;11/02/2011;1,08045
KAPITALO ZETA FIC MULTIMERCADO;14/02/2011;1,089031
KAPITALO ZETA FIC MULTIMERCADO;15/02/2011;1,083701
KAPITALO ZETA FIC MULTIMERCADO;16/02/2011;1,085071
KAPITALO ZETA FIC MULTIMERCADO;17/02/2011;1,083687
KAPITALO ZETA FIC MULTIMERCADO;18/02/2011;1,083037
KAPITALO ZETA FIC MULTIMERCADO;21/02/2011;1,083761
KAPITALO ZETA FIC MULTIMERCADO;22/02/2011;1,082996
KAPITALO ZETA FIC MULTIMERCADO;23/02/2011;1,086798
KAPITALO ZETA FIC MULTIMERCADO;24/02/2011;1,092481
KAPITALO ZETA FIC MULTIMERCADO;25/02/2011;1,093603
KAPITALO ZETA FIC MULTIMERCADO;28/02/2011;1,081632
KAPITALO ZETA FIC MULTIMERCADO;01/03/2011;1,07208
KAPITALO ZETA FIC MULTIMERCADO;02/03/2011;1,075158
KAPITALO ZETA FIC MULTIMERCADO;03/03/2011;1,077473
KAPITALO ZETA FIC MULTIMERCADO;04/03/2011;1,078765
KAPITALO ZETA FIC MULTIMERCADO;09/03/2011;1,070817
KAPITALO ZETA FIC MULTIMERCADO;10/03/2011;1,043703
KAPITALO ZETA FIC MULTIMERCADO;11/03/2011;1,045782
KAPITALO ZETA FIC MULTIMERCADO;14/03/2011;1,042869
KAPITALO ZETA FIC MULTIMERCADO;15/03/2011;1,042572
KAPITALO ZETA FIC MULTIMERCADO;16/03/2011;1,041856
KAPITALO ZETA FIC MULTIMERCADO;17/03/2011;1,047244
KAPITALO ZETA FIC MULTIMERCADO;18/03/2011;1,047489
KAPITALO ZETA FIC MULTIMERCADO;21/03/2011;1,047569
KAPITALO ZETA FIC MULTIMERCADO;22/03/2011;1,04427
KAPITALO ZETA FIC MULTIMERCADO;23/03/2011;1,044596
KAPITALO ZETA FIC MULTIMERCADO;24/03/2011;1,040239
KAPITALO ZETA FIC MULTIMERCADO;25/03/2011;1,043718
KAPITALO ZETA FIC MULTIMERCADO;28/03/2011;1,039551
KAPITALO ZETA FIC MULTIMERCADO;29/03/2011;1,045145
KAPITALO ZETA FIC MULTIMERCADO;30/03/2011;1,042461
KAPITALO ZETA FIC MULTIMERCADO;31/03/2011;1,037517
KAPITALO ZETA FIC MULTIMERCADO;01/04/2011;1,035244
KAPITALO ZETA FIC MULTIMERCADO;04/04/2011;1,034842
KAPITALO ZETA FIC MULTIMERCADO;05/04/2011;1,035499
KAPITALO ZETA FIC MULTIMERCADO;06/04/2011;1,035782
KAPITALO ZETA FIC MULTIMERCADO;07/04/2011;1,032811
KAPITALO ZETA FIC MULTIMERCADO;08/04/2011;1,033956
KAPITALO ZETA FIC MULTIMERCADO;11/04/2011;1,029899
KAPITALO ZETA FIC MULTIMERCADO;12/04/2011;1,02475
KAPITALO ZETA FIC MULTIMERCADO;13/04/2011;1,030177
KAPITALO ZETA FIC MULTIMERCADO;14/04/2011;1,02827
KAPITALO ZETA FIC MULTIMERCADO;15/04/2011;1,030397
KAPITALO ZETA FIC MULTIMERCADO;18/04/2011;1,027702
KAPITALO ZETA FIC MULTIMERCADO;19/04/2011;1,029517
KAPITALO ZETA FIC MULTIMERCADO;20/04/2011;1,030591
KAPITALO ZETA FIC MULTIMERCADO;25/04/2011;1,0337
KAPITALO ZETA FIC MULTIMERCADO;26/04/2011;1,04113
KAPITALO ZETA FIC MULTIMERCADO;27/04/2011;1,043634
KAPITALO ZETA FIC MULTIMERCADO;28/04/2011;1,044438
KAPITALO ZETA FIC MULTIMERCADO;29/04/2011;1,046097
KAPITALO ZETA FIC MULTIMERCADO;02/05/2011;1,045207
KAPITALO ZETA FIC MULTIMERCADO;03/05/2011;1,041079
KAPITALO ZETA FIC MULTIMERCADO;04/05/2011;1,04138
KAPITALO ZETA FIC MULTIMERCADO;05/05/2011;1,041162
KAPITALO ZETA FIC MULTIMERCADO;06/05/2011;1,042172
KAPITALO ZETA FIC MULTIMERCADO;09/05/2011;1,042372
KAPITALO ZETA FIC MULTIMERCADO;10/05/2011;1,045621
KAPITALO ZETA FIC MULTIMERCADO;11/05/2011;1,041131
KAPITALO ZETA FIC MULTIMERCADO;12/05/2011;1,041171
KAPITALO ZETA FIC MULTIMERCADO;13/05/2011;1,041264
KAPITALO ZETA FIC MULTIMERCADO;16/05/2011;1,0412
KAPITALO ZETA FIC MULTIMERCADO;17/05/2011;1,043385
KAPITALO ZETA FIC MULTIMERCADO;18/05/2011;1,041682
KAPITALO ZETA FIC MULTIMERCADO;19/05/2011;1,043897
KAPITALO ZETA FIC MULTIMERCADO;20/05/2011;1,043382
KAPITALO ZETA FIC MULTIMERCADO;23/05/2011;1,038384
KAPITALO ZETA FIC MULTIMERCADO;24/05/2011;1,038376
KAPITALO ZETA FIC MULTIMERCADO;25/05/2011;1,039732
KAPITALO ZETA FIC MULTIMERCADO;26/05/2011;1,043366
KAPITALO ZETA FIC MULTIMERCADO;27/05/2011;1,049915
KAPITALO ZETA FIC MULTIMERCADO;30/05/2011;1,049353
KAPITALO ZETA FIC MULTIMERCADO;31/05/2011;1,053886
KAPITALO ZETA FIC MULTIMERCADO;01/06/2011;1,047429
KAPITALO ZETA FIC MULTIMERCADO;02/06/2011;1,051107
KAPITALO ZETA FIC MULTIMERCADO;03/06/2011;1,04964
KAPITALO ZETA FIC MULTIMERCADO;06/06/2011;1,042545
KAPITALO ZETA FIC MULTIMERCADO;07/06/2011;1,045671
KAPITALO ZETA FIC MULTIMERCADO;08/06/2011;1,042302
KAPITALO ZETA FIC MULTIMERCADO;09/06/2011;1,043584
KAPITALO ZETA FIC MULTIMERCADO;10/06/2011;1,037888
KAPITALO ZETA FIC MULTIMERCADO;13/06/2011;1,039693
KAPITALO ZETA FIC MULTIMERCADO;14/06/2011;1,044374
KAPITALO ZETA FIC MULTIMERCADO;15/06/2011;1,035831
KAPITALO ZETA FIC MULTIMERCADO;16/06/2011;1,03035
KAPITALO ZETA FIC MULTIMERCADO;17/06/2011;1,037234
KAPITALO ZETA FIC MULTIMERCADO;20/06/2011;1,037521
KAPITALO ZETA FIC MULTIMERCADO;21/06/2011;1,043466
KAPITALO ZETA FIC MULTIMERCADO;22/06/2011;1,042259
KAPITALO ZETA FIC MULTIMERCADO;24/06/2011;1,032984
KAPITALO ZETA FIC MULTIMERCADO;27/06/2011;1,032924
KAPITALO ZETA FIC MULTIMERCADO;28/06/2011;1,044072
KAPITALO ZETA FIC MULTIMERCADO;29/06/2011;1,050072
KAPITALO ZETA FIC MULTIMERCADO;30/06/2011;1,057983
KAPITALO ZETA FIC MULTIMERCADO;01/07/2011;1,069432
KAPITALO ZETA FIC MULTIMERCADO;04/07/2011;1,07128
KAPITALO ZETA FIC MULTIMERCADO;05/07/2011;1,066122
KAPITALO ZETA FIC MULTIMERCADO;06/07/2011;1,063299
KAPITALO ZETA FIC MULTIMERCADO;07/07/2011;1,073915
KAPITALO ZETA FIC MULTIMERCADO;08/07/2011;1,065297
KAPITALO ZETA FIC MULTIMERCADO;11/07/2011;1,055862
KAPITALO ZETA FIC MULTIMERCADO;12/07/2011;1,0542
KAPITALO ZETA FIC MULTIMERCADO;13/07/2011;1,055191
KAPITALO ZETA FIC MULTIMERCADO;14/07/2011;1,051927
KAPITALO ZETA FIC MULTIMERCADO;15/07/2011;1,049689
KAPITALO ZETA FIC MULTIMERCADO;18/07/2011;1,04971
KAPITALO ZETA FIC MULTIMERCADO;19/07/2011;1,055485
KAPITALO ZETA FIC MULTIMERCADO;20/07/2011;1,057378
KAPITALO ZETA FIC MULTIMERCADO;21/07/2011;1,057567
KAPITALO ZETA FIC MULTIMERCADO;22/07/2011;1,058522
KAPITALO ZETA FIC MULTIMERCADO;25/07/2011;1,057648
KAPITALO ZETA FIC MULTIMERCADO;26/07/2011;1,056752
KAPITALO ZETA FIC MULTIMERCADO;27/07/2011;1,050495
KAPITALO ZETA FIC MULTIMERCADO;28/07/2011;1,051983
KAPITALO ZETA FIC MULTIMERCADO;29/07/2011;1,046043
KAPITALO ZETA FIC MULTIMERCADO;01/08/2011;1,048645
KAPITALO ZETA FIC MULTIMERCADO;02/08/2011;1,039676
KAPITALO ZETA FIC MULTIMERCADO;03/08/2011;1,036219
KAPITALO ZETA FIC MULTIMERCADO;04/08/2011;1,023319
KAPITALO ZETA FIC MULTIMERCADO;05/08/2011;1,021949
KAPITALO ZETA FIC MULTIMERCADO;08/08/2011;1,012118
KAPITALO ZETA FIC MULTIMERCADO;09/08/2011;1,023594
KAPITALO ZETA FIC MULTIMERCADO;10/08/2011;1,016631
KAPITALO ZETA FIC MULTIMERCADO;11/08/2011;1,031052
KAPITALO ZETA FIC MULTIMERCADO;12/08/2011;1,029657
KAPITALO ZETA FIC MULTIMERCADO;15/08/2011;1,034847
KAPITALO ZETA FIC MULTIMERCADO;16/08/2011;1,030657
KAPITALO ZETA FIC MULTIMERCADO;17/08/2011;1,033316
KAPITALO ZETA FIC MULTIMERCADO;18/08/2011;1,023227
KAPITALO ZETA FIC MULTIMERCADO;19/08/2011;1,025116
KAPITALO ZETA FIC MULTIMERCADO;22/08/2011;1,023531
KAPITALO ZETA FIC MULTIMERCADO;23/08/2011;1,025146
KAPITALO ZETA FIC MULTIMERCADO;24/08/2011;1,024363
KAPITALO ZETA FIC MULTIMERCADO;25/08/2011;1,024339
KAPITALO ZETA FIC MULTIMERCADO;26/08/2011;1,025602
KAPITALO ZETA FIC MULTIMERCADO;29/08/2011;1,031485
KAPITALO ZETA FIC MULTIMERCADO;30/08/2011;1,03225
KAPITALO ZETA FIC MULTIMERCADO;31/08/2011;1,043736
KAPITALO ZETA FIC MULTIMERCADO;01/09/2011;1,060162
KAPITALO ZETA FIC MULTIMERCADO;02/09/2011;1,055357
KAPITALO ZETA FIC MULTIMERCADO;05/09/2011;1,047674
KAPITALO ZETA FIC MULTIMERCADO;06/09/2011;1,05101
KAPITALO ZETA FIC MULTIMERCADO;08/09/2011;1,053395
KAPITALO ZETA FIC MULTIMERCADO;09/09/2011;1,054553
KAPITALO ZETA FIC MULTIMERCADO;12/09/2011;1,05145
KAPITALO ZETA FIC MULTIMERCADO;13/09/2011;1,054127
KAPITALO ZETA FIC MULTIMERCADO;14/09/2011;1,052314
KAPITALO ZETA FIC MULTIMERCADO;15/09/2011;1,051409
KAPITALO ZETA FIC MULTIMERCADO;16/09/2011;1,059215
KAPITALO ZETA FIC MULTIMERCADO;19/09/2011;1,060536
KAPITALO ZETA FIC MULTIMERCADO;20/09/2011;1,059302
KAPITALO ZETA FIC MULTIMERCADO;21/09/2011;1,048315
KAPITALO ZETA FIC MULTIMERCADO;22/09/2011;1,035227
KAPITALO ZETA FIC MULTIMERCADO;23/09/2011;1,041104
KAPITALO ZETA FIC MULTIMERCADO;26/09/2011;1,051524
KAPITALO ZETA FIC MULTIMERCADO;27/09/2011;1,054271
KAPITALO ZETA FIC MULTIMERCADO;28/09/2011;1,052492
KAPITALO ZETA FIC MULTIMERCADO;29/09/2011;1,050029
KAPITALO ZETA FIC MULTIMERCADO;30/09/2011;1,049112
KAPITALO ZETA FIC MULTIMERCADO;03/10/2011;1,05806
KAPITALO ZETA FIC MULTIMERCADO;04/10/2011;1,055929
KAPITALO ZETA FIC MULTIMERCADO;05/10/2011;1,064844
KAPITALO ZETA FIC MULTIMERCADO;06/10/2011;1,06656
KAPITALO ZETA FIC MULTIMERCADO;07/10/2011;1,065471
KAPITALO ZETA FIC MULTIMERCADO;10/10/2011;1,068138
KAPITALO ZETA FIC MULTIMERCADO;11/10/2011;1,069466
KAPITALO ZETA FIC MULTIMERCADO;13/10/2011;1,068849
KAPITALO ZETA FIC MULTIMERCADO;14/10/2011;1,071805
KAPITALO ZETA FIC MULTIMERCADO;17/10/2011;1,063188
KAPITALO ZETA FIC MULTIMERCADO;18/10/2011;1,072205
KAPITALO ZETA FIC MULTIMERCADO;19/10/2011;1,070088
KAPITALO ZETA FIC MULTIMERCADO;20/10/2011;1,056325
KAPITALO ZETA FIC MULTIMERCADO;21/10/2011;1,059273
KAPITALO ZETA FIC MULTIMERCADO;24/10/2011;1,071114
KAPITALO ZETA FIC MULTIMERCADO;25/10/2011;1,059066
KAPITALO ZETA FIC MULTIMERCADO;26/10/2011;1,069995
KAPITALO ZETA FIC MULTIMERCADO;27/10/2011;1,085801
KAPITALO ZETA FIC MULTIMERCADO;28/10/2011;1,085685
KAPITALO ZETA FIC MULTIMERCADO;31/10/2011;1,075986
KAPITALO ZETA FIC MULTIMERCADO;01/11/2011;1,059604
KAPITALO ZETA FIC MULTIMERCADO;03/11/2011;1,066736
KAPITALO ZETA FIC MULTIMERCADO;04/11/2011;1,066924
KAPITALO ZETA FIC MULTIMERCADO;07/11/2011;1,070813
KAPITALO ZETA FIC MULTIMERCADO;08/11/2011;1,074096
KAPITALO ZETA FIC MULTIMERCADO;09/11/2011;1,070722
KAPITALO ZETA FIC MULTIMERCADO;10/11/2011;1,071258
KAPITALO ZETA FIC MULTIMERCADO;11/11/2011;1,075592
KAPITALO ZETA FIC MULTIMERCADO;14/11/2011;1,074845
KAPITALO ZETA FIC MULTIMERCADO;16/11/2011;1,072605
KAPITALO ZETA FIC MULTIMERCADO;17/11/2011;1,064533
KAPITALO ZETA FIC MULTIMERCADO;18/11/2011;1,06164
KAPITALO ZETA FIC MULTIMERCADO;21/11/2011;1,051784
KAPITALO ZETA FIC MULTIMERCADO;22/11/2011;1,050803
KAPITALO ZETA FIC MULTIMERCADO;23/11/2011;1,051687
KAPITALO ZETA FIC MULTIMERCADO;24/11/2011;1,059241
KAPITALO ZETA FIC MULTIMERCADO;25/11/2011;1,058258
KAPITALO ZETA FIC MULTIMERCADO;28/11/2011;1,061704
KAPITALO ZETA FIC MULTIMERCADO;29/11/2011;1,065627
KAPITALO ZETA FIC MULTIMERCADO;30/11/2011;1,083676
KAPITALO ZETA FIC MULTIMERCADO;01/12/2011;1,082517
KAPITALO ZETA FIC MULTIMERCADO;02/12/2011;1,078941
KAPITALO ZETA FIC MULTIMERCADO;05/12/2011;1,075742
KAPITALO ZETA FIC MULTIMERCADO;06/12/2011;1,07992
KAPITALO ZETA FIC MULTIMERCADO;07/12/2011;1,080238
KAPITALO ZETA FIC MULTIMERCADO;08/12/2011;1,06364
KAPITALO ZETA FIC MULTIMERCADO;09/12/2011;1,070387
KAPITALO ZETA FIC MULTIMERCADO;12/12/2011;1,062276
KAPITALO ZETA FIC MULTIMERCADO;13/12/2011;1,062547
KAPITALO ZETA FIC MULTIMERCADO;14/12/2011;1,05851
KAPITALO ZETA FIC MULTIMERCADO;15/12/2011;1,054276
KAPITALO ZETA FIC MULTIMERCADO;16/12/2011;1,051312
KAPITALO ZETA FIC MULTIMERCADO;19/12/2011;1,046271
KAPITALO ZETA FIC MULTIMERCADO;20/12/2011;1,05776
KAPITALO ZETA FIC MULTIMERCADO;21/12/2011;1,060381
KAPITALO ZETA FIC MULTIMERCADO;22/12/2011;1,051768
KAPITALO ZETA FIC MULTIMERCADO;23/12/2011;1,048718
KAPITALO ZETA FIC MULTIMERCADO;26/12/2011;1,042951
KAPITALO ZETA FIC MULTIMERCADO;27/12/2011;1,03791
KAPITALO ZETA FIC MULTIMERCADO;28/12/2011;1,03727
KAPITALO ZETA FIC MULTIMERCADO;29/12/2011;1,040817
KAPITALO ZETA FIC MULTIMERCADO;30/12/2011;1,041152
KAPITALO ZETA FIC MULTIMERCADO;02/01/2012;1,049109
KAPITALO ZETA FIC MULTIMERCADO;03/01/2012;1,059243
KAPITALO ZETA FIC MULTIMERCADO;04/01/2012;1,055854
KAPITALO ZETA FIC MULTIMERCADO;05/01/2012;1,05008
KAPITALO ZETA FIC MULTIMERCADO;06/01/2012;1,05239
KAPITALO ZETA FIC MULTIMERCADO;09/01/2012;1,05411
KAPITALO ZETA FIC MULTIMERCADO;10/01/2012;1,064647
KAPITALO ZETA FIC MULTIMERCADO;11/01/2012;1,061099
KAPITALO ZETA FIC MULTIMERCADO;12/01/2012;1,060905
KAPITALO ZETA FIC MULTIMERCADO;13/01/2012;1,062241
KAPITALO ZETA FIC MULTIMERCADO;16/01/2012;1,065379
KAPITALO ZETA FIC MULTIMERCADO;17/01/2012;1,070756
KAPITALO ZETA FIC MULTIMERCADO;18/01/2012;1,081416
KAPITALO ZETA FIC MULTIMERCADO;19/01/2012;1,089156
KAPITALO ZETA FIC MULTIMERCADO;20/01/2012;1,101167
KAPITALO ZETA FIC MULTIMERCADO;23/01/2012;1,100948
KAPITALO ZETA FIC MULTIMERCADO;24/01/2012;1,100091
KAPITALO ZETA FIC MULTIMERCADO;25/01/2012;1,105345
KAPITALO ZETA FIC MULTIMERCADO;26/01/2012;1,118065
KAPITALO ZETA FIC MULTIMERCADO;27/01/2012;1,128312
KAPITALO ZETA FIC MULTIMERCADO;30/01/2012;1,132861
KAPITALO ZETA FIC MULTIMERCADO;31/01/2012;1,131908
KAPITALO ZETA FIC MULTIMERCADO;01/02/2012;1,142994
KAPITALO ZETA FIC MULTIMERCADO;02/02/2012;1,152505
KAPITALO ZETA FIC MULTIMERCADO;03/02/2012;1,169509
KAPITALO ZETA FIC MULTIMERCADO;06/02/2012;1,164671
KAPITALO ZETA FIC MULTIMERCADO;07/02/2012;1,165172
KAPITALO ZETA FIC MULTIMERCADO;08/02/2012;1,170109
KAPITALO ZETA FIC MULTIMERCADO;09/02/2012;1,171386
KAPITALO ZETA FIC MULTIMERCADO;10/02/2012;1,15926
KAPITALO ZETA FIC MULTIMERCADO;13/02/2012;1,173728
KAPITALO ZETA FIC MULTIMERCADO;14/02/2012;1,168052
KAPITALO ZETA FIC MULTIMERCADO;15/02/2012;1,168965
KAPITALO ZETA FIC MULTIMERCADO;16/02/2012;1,172705
KAPITALO ZETA FIC MULTIMERCADO;17/02/2012;1,18056
KAPITALO ZETA FIC MULTIMERCADO;22/02/2012;1,178639
KAPITALO ZETA FIC MULTIMERCADO;23/02/2012;1,178949
KAPITALO ZETA FIC MULTIMERCADO;24/02/2012;1,173318
KAPITALO ZETA FIC MULTIMERCADO;27/02/2012;1,175943
KAPITALO ZETA FIC MULTIMERCADO;28/02/2012;1,178645
KAPITALO ZETA FIC MULTIMERCADO;29/02/2012;1,177979
KAPITALO ZETA FIC MULTIMERCADO;01/03/2012;1,185283
KAPITALO ZETA FIC MULTIMERCADO;02/03/2012;1,185642
KAPITALO ZETA FIC MULTIMERCADO;05/03/2012;1,179285
KAPITALO ZETA FIC MULTIMERCADO;06/03/2012;1,165013
KAPITALO ZETA FIC MULTIMERCADO;07/03/2012;1,170615
KAPITALO ZETA FIC MULTIMERCADO;08/03/2012;1,184818
KAPITALO ZETA FIC MULTIMERCADO;09/03/2012;1,188626
KAPITALO ZETA FIC MULTIMERCADO;12/03/2012;1,178692
KAPITALO ZETA FIC MULTIMERCADO;13/03/2012;1,191923
KAPITALO ZETA FIC MULTIMERCADO;14/03/2012;1,18867
KAPITALO ZETA FIC MULTIMERCADO;15/03/2012;1,197723
KAPITALO ZETA FIC MULTIMERCADO;16/03/2012;1,197599
KAPITALO ZETA FIC MULTIMERCADO;19/03/2012;1,198759
KAPITALO ZETA FIC MULTIMERCADO;20/03/2012;1,197372
KAPITALO ZETA FIC MULTIMERCADO;21/03/2012;1,188134
KAPITALO ZETA FIC MULTIMERCADO;22/03/2012;1,173382
KAPITALO ZETA FIC MULTIMERCADO;23/03/2012;1,176773
KAPITALO ZETA FIC MULTIMERCADO;26/03/2012;1,184078
KAPITALO ZETA FIC MULTIMERCADO;27/03/2012;1,175988
KAPITALO ZETA FIC MULTIMERCADO;28/03/2012;1,170607
KAPITALO ZETA FIC MULTIMERCADO;29/03/2012;1,166837
KAPITALO ZETA FIC MULTIMERCADO;30/03/2012;1,168515
KAPITALO ZETA FIC MULTIMERCADO;02/04/2012;1,174635
KAPITALO ZETA FIC MULTIMERCADO;03/04/2012;1,173171
KAPITALO ZETA FIC MULTIMERCADO;04/04/2012;1,17212
KAPITALO ZETA FIC MULTIMERCADO;05/04/2012;1,166138
KAPITALO ZETA FIC MULTIMERCADO;09/04/2012;1,155018
KAPITALO ZETA FIC MULTIMERCADO;10/04/2012;1,139641
KAPITALO ZETA FIC MULTIMERCADO;11/04/2012;1,13905
KAPITALO ZETA FIC MULTIMERCADO;12/04/2012;1,144028
KAPITALO ZETA FIC MULTIMERCADO;13/04/2012;1,137927
KAPITALO ZETA FIC MULTIMERCADO;16/04/2012;1,135222
KAPITALO ZETA FIC MULTIMERCADO;17/04/2012;1,148638
KAPITALO ZETA FIC MULTIMERCADO;18/04/2012;1,146857
KAPITALO ZETA FIC MULTIMERCADO;19/04/2012;1,14513
KAPITALO ZETA FIC MULTIMERCADO;20/04/2012;1,147341
KAPITALO ZETA FIC MULTIMERCADO;23/04/2012;1,144564
KAPITALO ZETA FIC MULTIMERCADO;24/04/2012;1,14653
KAPITALO ZETA FIC MULTIMERCADO;25/04/2012;1,145523
KAPITALO ZETA FIC MULTIMERCADO;26/04/2012;1,148616
KAPITALO ZETA FIC MULTIMERCADO;27/04/2012;1,153468
KAPITALO ZETA FIC MULTIMERCADO;30/04/2012;1,150512
KAPITALO ZETA FIC MULTIMERCADO;02/05/2012;1,159339
KAPITALO ZETA FIC MULTIMERCADO;03/05/2012;1,156792
KAPITALO ZETA FIC MULTIMERCADO;04/05/2012;1,154342
KAPITALO ZETA FIC MULTIMERCADO;07/05/2012;1,157916
KAPITALO ZETA FIC MULTIMERCADO;08/05/2012;1,147118
KAPITALO ZETA FIC MULTIMERCADO;09/05/2012;1,136747
KAPITALO ZETA FIC MULTIMERCADO;10/05/2012;1,143985
KAPITALO ZETA FIC MULTIMERCADO;11/05/2012;1,141534
KAPITALO ZETA FIC MULTIMERCADO;14/05/2012;1,130709
KAPITALO ZETA FIC MULTIMERCADO;15/05/2012;1,128428
KAPITALO ZETA FIC MULTIMERCADO;16/05/2012;1,132983
KAPITALO ZETA FIC MULTIMERCADO;17/05/2012;1,131882
KAPITALO ZETA FIC MULTIMERCADO;18/05/2012;1,125126
KAPITALO ZETA FIC MULTIMERCADO;21/05/2012;1,122864
KAPITALO ZETA FIC MULTIMERCADO;22/05/2012;1,097296
KAPITALO ZETA FIC MULTIMERCADO;23/05/2012;1,103197
KAPITALO ZETA FIC MULTIMERCADO;24/05/2012;1,086271
KAPITALO ZETA FIC MULTIMERCADO;25/05/2012;1,098197
KAPITALO ZETA FIC MULTIMERCADO;28/05/2012;1,099668
KAPITALO ZETA FIC MULTIMERCADO;29/05/2012;1,108749
KAPITALO ZETA FIC MULTIMERCADO;30/05/2012;1,085684
KAPITALO ZETA FIC MULTIMERCADO;31/05/2012;1,088875
KAPITALO ZETA FIC MULTIMERCADO;01/06/2012;1,092763
KAPITALO ZETA FIC MULTIMERCADO;04/06/2012;1,093112
KAPITALO ZETA FIC MULTIMERCADO;05/06/2012;1,096039
KAPITALO ZETA FIC MULTIMERCADO;06/06/2012;1,100071
KAPITALO ZETA FIC MULTIMERCADO;08/06/2012;1,116057
KAPITALO ZETA FIC MULTIMERCADO;11/06/2012;1,113128
KAPITALO ZETA FIC MULTIMERCADO;12/06/2012;1,115942
KAPITALO ZETA FIC MULTIMERCADO;13/06/2012;1,112134
KAPITALO ZETA FIC MULTIMERCADO;14/06/2012;1,119938
KAPITALO ZETA FIC MULTIMERCADO;15/06/2012;1,11589
KAPITALO ZETA FIC MULTIMERCADO;18/06/2012;1,122743
KAPITALO ZETA FIC MULTIMERCADO;19/06/2012;1,130414
KAPITALO ZETA FIC MULTIMERCADO;20/06/2012;1,129524
KAPITALO ZETA FIC MULTIMERCADO;21/06/2012;1,125278
KAPITALO ZETA FIC MULTIMERCADO;22/06/2012;1,125575
KAPITALO ZETA FIC MULTIMERCADO;25/06/2012;1,12517
KAPITALO ZETA FIC MULTIMERCADO;26/06/2012;1,132758
KAPITALO ZETA FIC MULTIMERCADO;27/06/2012;1,138662
KAPITALO ZETA FIC MULTIMERCADO;28/06/2012;1,141444
KAPITALO ZETA FIC MULTIMERCADO;29/06/2012;1,171911
KAPITALO ZETA FIC MULTIMERCADO;02/07/2012;1,180014
KAPITALO ZETA FIC MULTIMERCADO;03/07/2012;1,17777
KAPITALO ZETA FIC MULTIMERCADO;04/07/2012;1,174921
KAPITALO ZETA FIC MULTIMERCADO;05/07/2012;1,175399
KAPITALO ZETA FIC MULTIMERCADO;06/07/2012;1,173238
KAPITALO ZETA FIC MULTIMERCADO;09/07/2012;1,17607
KAPITALO ZETA FIC MULTIMERCADO;10/07/2012;1,186774
KAPITALO ZETA FIC MULTIMERCADO;11/07/2012;1,188472
KAPITALO ZETA FIC MULTIMERCADO;12/07/2012;1,177429
KAPITALO ZETA FIC MULTIMERCADO;13/07/2012;1,19335
KAPITALO ZETA FIC MULTIMERCADO;16/07/2012;1,190752
KAPITALO ZETA FIC MULTIMERCADO;17/07/2012;1,189559
KAPITALO ZETA FIC MULTIMERCADO;18/07/2012;1,193271
KAPITALO ZETA FIC MULTIMERCADO;19/07/2012;1,199599
KAPITALO ZETA FIC MULTIMERCADO;20/07/2012;1,18498
KAPITALO ZETA FIC MULTIMERCADO;23/07/2012;1,187735
KAPITALO ZETA FIC MULTIMERCADO;24/07/2012;1,182202
KAPITALO ZETA FIC MULTIMERCADO;25/07/2012;1,187292
KAPITALO ZETA FIC MULTIMERCADO;26/07/2012;1,186876
KAPITALO ZETA FIC MULTIMERCADO;27/07/2012;1,1841
KAPITALO ZETA FIC MULTIMERCADO;30/07/2012;1,168126
KAPITALO ZETA FIC MULTIMERCADO;31/07/2012;1,166476
KAPITALO ZETA FIC MULTIMERCADO;01/08/2012;1,187698
KAPITALO ZETA FIC MULTIMERCADO;02/08/2012;1,188933
KAPITALO ZETA FIC MULTIMERCADO;03/08/2012;1,194937
KAPITALO ZETA FIC MULTIMERCADO;06/08/2012;1,204172
KAPITALO ZETA FIC MULTIMERCADO;07/08/2012;1,191031
KAPITALO ZETA FIC MULTIMERCADO;08/08/2012;1,199182
KAPITALO ZETA FIC MULTIMERCADO;09/08/2012;1,201176
KAPITALO ZETA FIC MULTIMERCADO;10/08/2012;1,199043
KAPITALO ZETA FIC MULTIMERCADO;13/08/2012;1,198336
KAPITALO ZETA FIC MULTIMERCADO;14/08/2012;1,199227
KAPITALO ZETA FIC MULTIMERCADO;15/08/2012;1,198662
KAPITALO ZETA FIC MULTIMERCADO;16/08/2012;1,192804
KAPITALO ZETA FIC MULTIMERCADO;17/08/2012;1,187757
KAPITALO ZETA FIC MULTIMERCADO;20/08/2012;1,176089
KAPITALO ZETA FIC MULTIMERCADO;21/08/2012;1,182503
KAPITALO ZETA FIC MULTIMERCADO;22/08/2012;1,182269
KAPITALO ZETA FIC MULTIMERCADO;23/08/2012;1,181779
KAPITALO ZETA FIC MULTIMERCADO;24/08/2012;1,181009
KAPITALO ZETA FIC MULTIMERCADO;27/08/2012;1,184419
KAPITALO ZETA FIC MULTIMERCADO;28/08/2012;1,188636
KAPITALO ZETA FIC MULTIMERCADO;29/08/2012;1,193232
KAPITALO ZETA FIC MULTIMERCADO;30/08/2012;1,176587
KAPITALO ZETA FIC MULTIMERCADO;31/08/2012;1,195288
KAPITALO ZETA FIC MULTIMERCADO;03/09/2012;1,200945
KAPITALO ZETA FIC MULTIMERCADO;04/09/2012;1,206339
KAPITALO ZETA FIC MULTIMERCADO;05/09/2012;1,211088
KAPITALO ZETA FIC MULTIMERCADO;06/09/2012;1,205388
KAPITALO ZETA FIC MULTIMERCADO;10/09/2012;1,222629
KAPITALO ZETA FIC MULTIMERCADO;11/09/2012;1,225463
KAPITALO ZETA FIC MULTIMERCADO;12/09/2012;1,22427
KAPITALO ZETA FIC MULTIMERCADO;13/09/2012;1,245341
KAPITALO ZETA FIC MULTIMERCADO;14/09/2012;1,249167
KAPITALO ZETA FIC MULTIMERCADO;17/09/2012;1,246365
KAPITALO ZETA FIC MULTIMERCADO;18/09/2012;1,241251
KAPITALO ZETA FIC MULTIMERCADO;19/09/2012;1,237767
KAPITALO ZETA FIC MULTIMERCADO;20/09/2012;1,243062
KAPITALO ZETA FIC MULTIMERCADO;21/09/2012;1,246835
KAPITALO ZETA FIC MULTIMERCADO;24/09/2012;1,242561
KAPITALO ZETA FIC MULTIMERCADO;25/09/2012;1,247097
KAPITALO ZETA FIC MULTIMERCADO;26/09/2012;1,249708
KAPITALO ZETA FIC MULTIMERCADO;27/09/2012;1,252781
KAPITALO ZETA FIC MULTIMERCADO;28/09/2012;1,252474
KAPITALO ZETA FIC MULTIMERCADO;01/10/2012;1,26239
KAPITALO ZETA FIC MULTIMERCADO;02/10/2012;1,252981
KAPITALO ZETA FIC MULTIMERCADO;03/10/2012;1,259717
KAPITALO ZETA FIC MULTIMERCADO;04/10/2012;1,269435
KAPITALO ZETA FIC MULTIMERCADO;05/10/2012;1,278822
KAPITALO ZETA FIC MULTIMERCADO;08/10/2012;1,273009
KAPITALO ZETA FIC MULTIMERCADO;09/10/2012;1,269783
KAPITALO ZETA FIC MULTIMERCADO;10/10/2012;1,268953
KAPITALO ZETA FIC MULTIMERCADO;11/10/2012;1,270636
KAPITALO ZETA FIC MULTIMERCADO;15/10/2012;1,278622
KAPITALO ZETA FIC MULTIMERCADO;16/10/2012;1,276479
KAPITALO ZETA FIC MULTIMERCADO;17/10/2012;1,28851
KAPITALO ZETA FIC MULTIMERCADO;18/10/2012;1,285663
KAPITALO ZETA FIC MULTIMERCADO;19/10/2012;1,279648
KAPITALO ZETA FIC MULTIMERCADO;22/10/2012;1,276807
KAPITALO ZETA FIC MULTIMERCADO;23/10/2012;1,272171
KAPITALO ZETA FIC MULTIMERCADO;24/10/2012;1,272344
KAPITALO ZETA FIC MULTIMERCADO;25/10/2012;1,273882
KAPITALO ZETA FIC MULTIMERCADO;26/10/2012;1,275867
KAPITALO ZETA FIC MULTIMERCADO;29/10/2012;1,269325
KAPITALO ZETA FIC MULTIMERCADO;30/10/2012;1,272346
KAPITALO ZETA FIC MULTIMERCADO;31/10/2012;1,27279
KAPITALO ZETA FIC MULTIMERCADO;01/11/2012;1,276044
KAPITALO ZETA FIC MULTIMERCADO;05/11/2012;1,275771
KAPITALO ZETA FIC MULTIMERCADO;06/11/2012;1,290913
KAPITALO ZETA FIC MULTIMERCADO;07/11/2012;1,27666
KAPITALO ZETA FIC MULTIMERCADO;08/11/2012;1,267492
KAPITALO ZETA FIC MULTIMERCADO;09/11/2012;1,267439
KAPITALO ZETA FIC MULTIMERCADO;12/11/2012;1,264882
KAPITALO ZETA FIC MULTIMERCADO;13/11/2012;1,261698
KAPITALO ZETA FIC MULTIMERCADO;14/11/2012;1,24964
KAPITALO ZETA FIC MULTIMERCADO;16/11/2012;1,25587
KAPITALO ZETA FIC MULTIMERCADO;19/11/2012;1,271049
KAPITALO ZETA FIC MULTIMERCADO;20/11/2012;1,272738
KAPITALO ZETA FIC MULTIMERCADO;21/11/2012;1,269282
KAPITALO ZETA FIC MULTIMERCADO;22/11/2012;1,268888
KAPITALO ZETA FIC MULTIMERCADO;23/11/2012;1,27918
KAPITALO ZETA FIC MULTIMERCADO;26/11/2012;1,269173
KAPITALO ZETA FIC MULTIMERCADO;27/11/2012;1,270647
KAPITALO ZETA FIC MULTIMERCADO;28/11/2012;1,269829
KAPITALO ZETA FIC MULTIMERCADO;29/11/2012;1,273016
KAPITALO ZETA FIC MULTIMERCADO;30/11/2012;1,277187
KAPITALO ZETA FIC MULTIMERCADO;03/12/2012;1,271546
KAPITALO ZETA FIC MULTIMERCADO;04/12/2012;1,272878
KAPITALO ZETA FIC MULTIMERCADO;05/12/2012;1,274566
KAPITALO ZETA FIC MULTIMERCADO;06/12/2012;1,283578
KAPITALO ZETA FIC MULTIMERCADO;07/12/2012;1,290874
KAPITALO ZETA FIC MULTIMERCADO;10/12/2012;1,290882
KAPITALO ZETA FIC MULTIMERCADO;11/12/2012;1,293593
KAPITALO ZETA FIC MULTIMERCADO;12/12/2012;1,29301
KAPITALO ZETA FIC MULTIMERCADO;13/12/2012;1,287538
KAPITALO ZETA FIC MULTIMERCADO;14/12/2012;1,289113
KAPITALO ZETA FIC MULTIMERCADO;17/12/2012;1,301207
KAPITALO ZETA FIC MULTIMERCADO;18/12/2012;1,310142
KAPITALO ZETA FIC MULTIMERCADO;19/12/2012;1,304095
KAPITALO ZETA FIC MULTIMERCADO;20/12/2012;1,305661
KAPITALO ZETA FIC MULTIMERCADO;21/12/2012;1,292482
KAPITALO ZETA FIC MULTIMERCADO;24/12/2012;1,288278
KAPITALO ZETA FIC MULTIMERCADO;26/12/2012;1,294564
KAPITALO ZETA FIC MULTIMERCADO;27/12/2012;1,294444
KAPITALO ZETA FIC MULTIMERCADO;28/12/2012;1,297657
KAPITALO ZETA FIC MULTIMERCADO;31/12/2012;1,312064
KAPITALO ZETA FIC MULTIMERCADO;02/01/2013;1,330231
KAPITALO ZETA FIC MULTIMERCADO;03/01/2013;1,325795
KAPITALO ZETA FIC MULTIMERCADO;04/01/2013;1,336343
KAPITALO ZETA FIC MULTIMERCADO;07/01/2013;1,332815
KAPITALO ZETA FIC MULTIMERCADO;08/01/2013;1,322343
KAPITALO ZETA FIC MULTIMERCADO;09/01/2013;1,326021
KAPITALO ZETA FIC MULTIMERCADO;10/01/2013;1,345231
KAPITALO ZETA FIC MULTIMERCADO;11/01/2013;1,331835
KAPITALO ZETA FIC MULTIMERCADO;14/01/2013;1,344864
KAPITALO ZETA FIC MULTIMERCADO;15/01/2013;1,335928
KAPITALO ZETA FIC MULTIMERCADO;16/01/2013;1,335236
KAPITALO ZETA FIC MULTIMERCADO;17/01/2013;1,349194
KAPITALO ZETA FIC MULTIMERCADO;18/01/2013;1,342563
KAPITALO ZETA FIC MULTIMERCADO;21/01/2013;1,345344
KAPITALO ZETA FIC MULTIMERCADO;22/01/2013;1,346958
KAPITALO ZETA FIC MULTIMERCADO;23/01/2013;1,347404
KAPITALO ZETA FIC MULTIMERCADO;24/01/2013;1,347276
KAPITALO ZETA FIC MULTIMERCADO;25/01/2013;1,34256
KAPITALO ZETA FIC MULTIMERCADO;28/01/2013;1,350189
KAPITALO ZETA FIC MULTIMERCADO;29/01/2013;1,363721
KAPITALO ZETA FIC MULTIMERCADO;30/01/2013;1,357067
KAPITALO ZETA FIC MULTIMERCADO;31/01/2013;1,364984
KAPITALO ZETA FIC MULTIMERCADO;01/02/2013;1,378953
KAPITALO ZETA FIC MULTIMERCADO;04/02/2013;1,367591
KAPITALO ZETA FIC MULTIMERCADO;05/02/2013;1,371915
KAPITALO ZETA FIC MULTIMERCADO;06/02/2013;1,366333
KAPITALO ZETA FIC MULTIMERCADO;07/02/2013;1,357933
KAPITALO ZETA FIC MULTIMERCADO;08/02/2013;1,367087
KAPITALO ZETA FIC MULTIMERCADO;13/02/2013;1,372874
KAPITALO ZETA FIC MULTIMERCADO;14/02/2013;1,378332
KAPITALO ZETA FIC MULTIMERCADO;15/02/2013;1,375216
KAPITALO ZETA FIC MULTIMERCADO;18/02/2013;1,377174
KAPITALO ZETA FIC MULTIMERCADO;19/02/2013;1,374223
KAPITALO ZETA FIC MULTIMERCADO;20/02/2013;1,369633
KAPITALO ZETA FIC MULTIMERCADO;21/02/2013;1,360819
KAPITALO ZETA FIC MULTIMERCADO;22/02/2013;1,374462
KAPITALO ZETA FIC MULTIMERCADO;25/02/2013;1,362069
KAPITALO ZETA FIC MULTIMERCADO;26/02/2013;1,358709
KAPITALO ZETA FIC MULTIMERCADO;27/02/2013;1,364011
KAPITALO ZETA FIC MULTIMERCADO;28/02/2013;1,355582
KAPITALO ZETA FIC MULTIMERCADO;01/03/2013;1,353914
KAPITALO ZETA FIC MULTIMERCADO;04/03/2013;1,355903
KAPITALO ZETA FIC MULTIMERCADO;05/03/2013;1,361685
KAPITALO ZETA FIC MULTIMERCADO;06/03/2013;1,354937
KAPITALO ZETA FIC MULTIMERCADO;07/03/2013;1,356488
KAPITALO ZETA FIC MULTIMERCADO;08/03/2013;1,375628
KAPITALO ZETA FIC MULTIMERCADO;11/03/2013;1,388139
KAPITALO ZETA FIC MULTIMERCADO;12/03/2013;1,39242
KAPITALO ZETA FIC MULTIMERCADO;13/03/2013;1,398662
KAPITALO ZETA FIC MULTIMERCADO;14/03/2013;1,395754
KAPITALO ZETA FIC MULTIMERCADO;15/03/2013;1,397219
KAPITALO ZETA FIC MULTIMERCADO;18/03/2013;1,395371
KAPITALO ZETA FIC MULTIMERCADO;19/03/2013;1,387707
KAPITALO ZETA FIC MULTIMERCADO;20/03/2013;1,3897
KAPITALO ZETA FIC MULTIMERCADO;21/03/2013;1,394759
KAPITALO ZETA FIC MULTIMERCADO;22/03/2013;1,396669
KAPITALO ZETA FIC MULTIMERCADO;25/03/2013;1,395112
KAPITALO ZETA FIC MULTIMERCADO;26/03/2013;1,400853
KAPITALO ZETA FIC MULTIMERCADO;27/03/2013;1,398235
KAPITALO ZETA FIC MULTIMERCADO;28/03/2013;1,399914
KAPITALO ZETA FIC MULTIMERCADO;01/04/2013;1,394634
KAPITALO ZETA FIC MULTIMERCADO;02/04/2013;1,404017
KAPITALO ZETA FIC MULTIMERCADO;03/04/2013;1,388039
KAPITALO ZETA FIC MULTIMERCADO;04/04/2013;1,3834
KAPITALO ZETA FIC MULTIMERCADO;05/04/2013;1,403544
KAPITALO ZETA FIC MULTIMERCADO;08/04/2013;1,405591
KAPITALO ZETA FIC MULTIMERCADO;09/04/2013;1,406026
KAPITALO ZETA FIC MULTIMERCADO;10/04/2013;1,410932
KAPITALO ZETA FIC MULTIMERCADO;11/04/2013;1,411103
KAPITALO ZETA FIC MULTIMERCADO;12/04/2013;1,403845
KAPITALO ZETA FIC MULTIMERCADO;15/04/2013;1,395399
KAPITALO ZETA FIC MULTIMERCADO;16/04/2013;1,40391
KAPITALO ZETA FIC MULTIMERCADO;17/04/2013;1,387089
KAPITALO ZETA FIC MULTIMERCADO;18/04/2013;1,393892
KAPITALO ZETA FIC MULTIMERCADO;19/04/2013;1,404461
KAPITALO ZETA FIC MULTIMERCADO;22/04/2013;1,400683
KAPITALO ZETA FIC MULTIMERCADO;23/04/2013;1,403987
KAPITALO ZETA FIC MULTIMERCADO;24/04/2013;1,405649
KAPITALO ZETA FIC MULTIMERCADO;25/04/2013;1,40925
KAPITALO ZETA FIC MULTIMERCADO;26/04/2013;1,406115
KAPITALO ZETA FIC MULTIMERCADO;29/04/2013;1,408701
KAPITALO ZETA FIC MULTIMERCADO;30/04/2013;1,404098
KAPITALO ZETA FIC MULTIMERCADO;02/05/2013;1,40881
KAPITALO ZETA FIC MULTIMERCADO;03/05/2013;1,426217
KAPITALO ZETA FIC MULTIMERCADO;06/05/2013;1,426205
KAPITALO ZETA FIC MULTIMERCADO;07/05/2013;1,43447
KAPITALO ZETA FIC MULTIMERCADO;08/05/2013;1,434833
KAPITALO ZETA FIC MULTIMERCADO;09/05/2013;1,431739
KAPITALO ZETA FIC MULTIMERCADO;10/05/2013;1,433347
KAPITALO ZETA FIC MULTIMERCADO;13/05/2013;1,435938
KAPITALO ZETA FIC MULTIMERCADO;14/05/2013;1,440068
KAPITALO ZETA FIC MULTIMERCADO;15/05/2013;1,441343
KAPITALO ZETA FIC MULTIMERCADO;16/05/2013;1,431761
KAPITALO ZETA FIC MULTIMERCADO;17/05/2013;1,441547
KAPITALO ZETA FIC MULTIMERCADO;20/05/2013;1,440647
KAPITALO ZETA FIC MULTIMERCADO;21/05/2013;1,441068
KAPITALO ZETA FIC MULTIMERCADO;22/05/2013;1,44901
KAPITALO ZETA FIC MULTIMERCADO;23/05/2013;1,44035
KAPITALO ZETA FIC MULTIMERCADO;24/05/2013;1,433804
KAPITALO ZETA FIC MULTIMERCADO;27/05/2013;1,434094
KAPITALO ZETA FIC MULTIMERCADO;28/05/2013;1,43715
KAPITALO ZETA FIC MULTIMERCADO;29/05/2013;1,433393
KAPITALO ZETA FIC MULTIMERCADO;31/05/2013;1,418539
KAPITALO ZETA FIC MULTIMERCADO;03/06/2013;1,414052
KAPITALO ZETA FIC MULTIMERCADO;04/06/2013;1,415332
KAPITALO ZETA FIC MULTIMERCADO;05/06/2013;1,397813
KAPITALO ZETA FIC MULTIMERCADO;06/06/2013;1,400877
KAPITALO ZETA FIC MULTIMERCADO;07/06/2013;1,410656
KAPITALO ZETA FIC MULTIMERCADO;10/06/2013;1,399192
KAPITALO ZETA FIC MULTIMERCADO;11/06/2013;1,37713
KAPITALO ZETA FIC MULTIMERCADO;12/06/2013;1,357516
KAPITALO ZETA FIC MULTIMERCADO;13/06/2013;1,38496
KAPITALO ZETA FIC MULTIMERCADO;14/06/2013;1,37379
KAPITALO ZETA FIC MULTIMERCADO;17/06/2013;1,335628
KAPITALO ZETA FIC MULTIMERCADO;18/06/2013;1,30883
KAPITALO ZETA FIC MULTIMERCADO;19/06/2013;1,311721
KAPITALO ZETA FIC MULTIMERCADO;20/06/2013;1,335892
KAPITALO ZETA FIC MULTIMERCADO;21/06/2013;1,32305
KAPITALO ZETA FIC MULTIMERCADO;24/06/2013;1,336808
KAPITALO ZETA FIC MULTIMERCADO;25/06/2013;1,36581
KAPITALO ZETA FIC MULTIMERCADO;26/06/2013;1,361437
KAPITALO ZETA FIC MULTIMERCADO;27/06/2013;1,380225
KAPITALO ZETA FIC MULTIMERCADO;28/06/2013;1,376758
KAPITALO ZETA FIC MULTIMERCADO;01/07/2013;1,392133
KAPITALO ZETA FIC MULTIMERCADO;02/07/2013;1,391832
KAPITALO ZETA FIC MULTIMERCADO;03/07/2013;1,397264
KAPITALO ZETA FIC MULTIMERCADO;04/07/2013;1,399703
KAPITALO ZETA FIC MULTIMERCADO;05/07/2013;1,401805
KAPITALO ZETA FIC MULTIMERCADO;08/07/2013;1,40755
KAPITALO ZETA FIC MULTIMERCADO;09/07/2013;1,407496
KAPITALO ZETA FIC MULTIMERCADO;10/07/2013;1,407719
KAPITALO ZETA FIC MULTIMERCADO;11/07/2013;1,412054
KAPITALO ZETA FIC MULTIMERCADO;12/07/2013;1,400395
KAPITALO ZETA FIC MULTIMERCADO;15/07/2013;1,411649
KAPITALO ZETA FIC MULTIMERCADO;16/07/2013;1,434039
KAPITALO ZETA FIC MULTIMERCADO;17/07/2013;1,450474
KAPITALO ZETA FIC MULTIMERCADO;18/07/2013;1,457666
KAPITALO ZETA FIC MULTIMERCADO;19/07/2013;1,463289
KAPITALO ZETA FIC MULTIMERCADO;22/07/2013;1,462267
KAPITALO ZETA FIC MULTIMERCADO;23/07/2013;1,467884
KAPITALO ZETA FIC MULTIMERCADO;24/07/2013;1,459684
KAPITALO ZETA FIC MULTIMERCADO;25/07/2013;1,461786
KAPITALO ZETA FIC MULTIMERCADO;26/07/2013;1,455038
KAPITALO ZETA FIC MULTIMERCADO;29/07/2013;1,448982
KAPITALO ZETA FIC MULTIMERCADO;30/07/2013;1,434935
KAPITALO ZETA FIC MULTIMERCADO;31/07/2013;1,432815
KAPITALO ZETA FIC MULTIMERCADO;01/08/2013;1,418829
KAPITALO ZETA FIC MULTIMERCADO;02/08/2013;1,431778
KAPITALO ZETA FIC MULTIMERCADO;05/08/2013;1,435456
KAPITALO ZETA FIC MULTIMERCADO;06/08/2013;1,427502
KAPITALO ZETA FIC MULTIMERCADO;07/08/2013;1,437343
KAPITALO ZETA FIC MULTIMERCADO;08/08/2013;1,441931
KAPITALO ZETA FIC MULTIMERCADO;09/08/2013;1,447661
KAPITALO ZETA FIC MULTIMERCADO;12/08/2013;1,438002
KAPITALO ZETA FIC MULTIMERCADO;13/08/2013;1,430776
KAPITALO ZETA FIC MULTIMERCADO;14/08/2013;1,410089
KAPITALO ZETA FIC MULTIMERCADO;15/08/2013;1,405301
KAPITALO ZETA FIC MULTIMERCADO;16/08/2013;1,393214
KAPITALO ZETA FIC MULTIMERCADO;19/08/2013;1,36221
KAPITALO ZETA FIC MULTIMERCADO;20/08/2013;1,385851
KAPITALO ZETA FIC MULTIMERCADO;21/08/2013;1,372706
KAPITALO ZETA FIC MULTIMERCADO;22/08/2013;1,379462
KAPITALO ZETA FIC MULTIMERCADO;23/08/2013;1,393882
KAPITALO ZETA FIC MULTIMERCADO;26/08/2013;1,39532
KAPITALO ZETA FIC MULTIMERCADO;27/08/2013;1,387324
KAPITALO ZETA FIC MULTIMERCADO;28/08/2013;1,396466
KAPITALO ZETA FIC MULTIMERCADO;29/08/2013;1,37384
KAPITALO ZETA FIC MULTIMERCADO;30/08/2013;1,355591
KAPITALO ZETA FIC MULTIMERCADO;02/09/2013;1,367927
KAPITALO ZETA FIC MULTIMERCADO;03/09/2013;1,359396
KAPITALO ZETA FIC MULTIMERCADO;04/09/2013;1,365991
KAPITALO ZETA FIC MULTIMERCADO;05/09/2013;1,368019
KAPITALO ZETA FIC MULTIMERCADO;06/09/2013;1,390086
KAPITALO ZETA FIC MULTIMERCADO;09/09/2013;1,38964
KAPITALO ZETA FIC MULTIMERCADO;10/09/2013;1,386025
KAPITALO ZETA FIC MULTIMERCADO;11/09/2013;1,377401
KAPITALO ZETA FIC MULTIMERCADO;12/09/2013;1,372215
KAPITALO ZETA FIC MULTIMERCADO;13/09/2013;1,373653
KAPITALO ZETA FIC MULTIMERCADO;16/09/2013;1,375634
KAPITALO ZETA FIC MULTIMERCADO;17/09/2013;1,3829
KAPITALO ZETA FIC MULTIMERCADO;18/09/2013;1,400817
KAPITALO ZETA FIC MULTIMERCADO;19/09/2013;1,417557
KAPITALO ZETA FIC MULTIMERCADO;20/09/2013;1,414655
KAPITALO ZETA FIC MULTIMERCADO;23/09/2013;1,398751
KAPITALO ZETA FIC MULTIMERCADO;24/09/2013;1,408234
KAPITALO ZETA FIC MULTIMERCADO;25/09/2013;1,418522
KAPITALO ZETA FIC MULTIMERCADO;26/09/2013;1,409398
KAPITALO ZETA FIC MULTIMERCADO;27/09/2013;1,39978
KAPITALO ZETA FIC MULTIMERCADO;30/09/2013;1,396568
KAPITALO ZETA FIC MULTIMERCADO;01/10/2013;1,372878
KAPITALO ZETA FIC MULTIMERCADO;02/10/2013;1,377587
KAPITALO ZETA FIC MULTIMERCADO;03/10/2013;1,383556
KAPITALO ZETA FIC MULTIMERCADO;04/10/2013;1,395051
KAPITALO ZETA FIC MULTIMERCADO;07/10/2013;1,408271
KAPITALO ZETA FIC MULTIMERCADO;08/10/2013;1,39557
KAPITALO ZETA FIC MULTIMERCADO;09/10/2013;1,399677
KAPITALO ZETA FIC MULTIMERCADO;10/10/2013;1,399144
KAPITALO ZETA FIC MULTIMERCADO;11/10/2013;1,391243
KAPITALO ZETA FIC MULTIMERCADO;14/10/2013;1,401674
KAPITALO ZETA FIC MULTIMERCADO;15/10/2013;1,395821
KAPITALO ZETA FIC MULTIMERCADO;16/10/2013;1,404702
KAPITALO ZETA FIC MULTIMERCADO;17/10/2013;1,406421
KAPITALO ZETA FIC MULTIMERCADO;18/10/2013;1,403461
KAPITALO ZETA FIC MULTIMERCADO;21/10/2013;1,404305
KAPITALO ZETA FIC MULTIMERCADO;22/10/2013;1,403713
KAPITALO ZETA FIC MULTIMERCADO;23/10/2013;1,400125
KAPITALO ZETA FIC MULTIMERCADO;24/10/2013;1,402128
KAPITALO ZETA FIC MULTIMERCADO;25/10/2013;1,412859
KAPITALO ZETA FIC MULTIMERCADO;28/10/2013;1,410368
KAPITALO ZETA FIC MULTIMERCADO;29/10/2013;1,410091
KAPITALO ZETA FIC MULTIMERCADO;30/10/2013;1,419732
KAPITALO ZETA FIC MULTIMERCADO;31/10/2013;1,407048
KAPITALO ZETA FIC MULTIMERCADO;01/11/2013;1,411292
KAPITALO ZETA FIC MULTIMERCADO;04/11/2013;1,424638
KAPITALO ZETA FIC MULTIMERCADO;05/11/2013;1,421338
KAPITALO ZETA FIC MULTIMERCADO;06/11/2013;1,417822
KAPITALO ZETA FIC MULTIMERCADO;07/11/2013;1,402766
KAPITALO ZETA FIC MULTIMERCADO;08/11/2013;1,38827
KAPITALO ZETA FIC MULTIMERCADO;11/11/2013;1,404512
KAPITALO ZETA FIC MULTIMERCADO;12/11/2013;1,396023
KAPITALO ZETA FIC MULTIMERCADO;13/11/2013;1,416035
KAPITALO ZETA FIC MULTIMERCADO;14/11/2013;1,421677
KAPITALO ZETA FIC MULTIMERCADO;18/11/2013;1,411762
KAPITALO ZETA FIC MULTIMERCADO;19/11/2013;1,421777
KAPITALO ZETA FIC MULTIMERCADO;20/11/2013;1,418859
KAPITALO ZETA FIC MULTIMERCADO;21/11/2013;1,416595
KAPITALO ZETA FIC MULTIMERCADO;22/11/2013;1,415249
KAPITALO ZETA FIC MULTIMERCADO;25/11/2013;1,404618
KAPITALO ZETA FIC MULTIMERCADO;26/11/2013;1,411911
KAPITALO ZETA FIC MULTIMERCADO;27/11/2013;1,42746
KAPITALO ZETA FIC MULTIMERCADO;28/11/2013;1,435321
KAPITALO ZETA FIC MULTIMERCADO;29/11/2013;1,443525
KAPITALO ZETA FIC MULTIMERCADO;02/12/2013;1,428972
KAPITALO ZETA FIC MULTIMERCADO;03/12/2013;1,433458
KAPITALO ZETA FIC MULTIMERCADO;04/12/2013;1,440347
KAPITALO ZETA FIC MULTIMERCADO;05/12/2013;1,443122
KAPITALO ZETA FIC MULTIMERCADO;06/12/2013;1,463889
KAPITALO ZETA FIC MULTIMERCADO;09/12/2013;1,452164
KAPITALO ZETA FIC MULTIMERCADO;10/12/2013;1,452419
KAPITALO ZETA FIC MULTIMERCADO;11/12/2013;1,451247
KAPITALO ZETA FIC MULTIMERCADO;12/12/2013;1,46066
KAPITALO ZETA FIC MULTIMERCADO;13/12/2013;1,457472
KAPITALO ZETA FIC MULTIMERCADO;16/12/2013;1,464385
KAPITALO ZETA FIC MULTIMERCADO;17/12/2013;1,471535
KAPITALO ZETA FIC MULTIMERCADO;18/12/2013;1,465433
KAPITALO ZETA FIC MULTIMERCADO;19/12/2013;1,484934
KAPITALO ZETA FIC MULTIMERCADO;20/12/2013;1,502895
KAPITALO ZETA FIC MULTIMERCADO;23/12/2013;1,496446
KAPITALO ZETA FIC MULTIMERCADO;24/12/2013;1,500424
KAPITALO ZETA FIC MULTIMERCADO;26/12/2013;1,51602
KAPITALO ZETA FIC MULTIMERCADO;27/12/2013;1,512759
KAPITALO ZETA FIC MULTIMERCADO;30/12/2013;1,518256
KAPITALO ZETA FIC MULTIMERCADO;31/12/2013;1,520348
KAPITALO ZETA FIC MULTIMERCADO;02/01/2014;1,514827
KAPITALO ZETA FIC MULTIMERCADO;03/01/2014;1,518975
KAPITALO ZETA FIC MULTIMERCADO;06/01/2014;1,512748
KAPITALO ZETA FIC MULTIMERCADO;07/01/2014;1,521039
KAPITALO ZETA FIC MULTIMERCADO;08/01/2014;1,534991
KAPITALO ZETA FIC MULTIMERCADO;09/01/2014;1,533783
KAPITALO ZETA FIC MULTIMERCADO;10/01/2014;1,532496
KAPITALO ZETA FIC MULTIMERCADO;13/01/2014;1,522125
KAPITALO ZETA FIC MULTIMERCADO;14/01/2014;1,530281
KAPITALO ZETA FIC MULTIMERCADO;15/01/2014;1,539434
KAPITALO ZETA FIC MULTIMERCADO;16/01/2014;1,546316
KAPITALO ZETA FIC MULTIMERCADO;17/01/2014;1,543605
KAPITALO ZETA FIC MULTIMERCADO;20/01/2014;1,546382
KAPITALO ZETA FIC MULTIMERCADO;21/01/2014;1,545982
KAPITALO ZETA FIC MULTIMERCADO;22/01/2014;1,550214
KAPITALO ZETA FIC MULTIMERCADO;23/01/2014;1,541344
KAPITALO ZETA FIC MULTIMERCADO;24/01/2014;1,524458
KAPITALO ZETA FIC MULTIMERCADO;27/01/2014;1,532555
KAPITALO ZETA FIC MULTIMERCADO;28/01/2014;1,535206
KAPITALO ZETA FIC MULTIMERCADO;29/01/2014;1,536792
KAPITALO ZETA FIC MULTIMERCADO;30/01/2014;1,539863
KAPITALO ZETA FIC MULTIMERCADO;31/01/2014;1,537619
KAPITALO ZETA FIC MULTIMERCADO;03/02/2014;1,507253
KAPITALO ZETA FIC MULTIMERCADO;04/02/2014;1,528331
KAPITALO ZETA FIC MULTIMERCADO;05/02/2014;1,538353
KAPITALO ZETA FIC MULTIMERCADO;06/02/2014;1,554492
KAPITALO ZETA FIC MULTIMERCADO;07/02/2014;1,55746
KAPITALO ZETA FIC MULTIMERCADO;10/02/2014;1,559143
KAPITALO ZETA FIC MULTIMERCADO;11/02/2014;1,573633
KAPITALO ZETA FIC MULTIMERCADO;12/02/2014;1,571811
KAPITALO ZETA FIC MULTIMERCADO;13/02/2014;1,572776
KAPITALO ZETA FIC MULTIMERCADO;14/02/2014;1,581351
KAPITALO ZETA FIC MULTIMERCADO;17/02/2014;1,582129
KAPITALO ZETA FIC MULTIMERCADO;18/02/2014;1,586339
KAPITALO ZETA FIC MULTIMERCADO;19/02/2014;1,587783
KAPITALO ZETA FIC MULTIMERCADO;20/02/2014;1,60525
KAPITALO ZETA FIC MULTIMERCADO;21/02/2014;1,612116
KAPITALO ZETA FIC MULTIMERCADO;24/02/2014;1,610908
KAPITALO ZETA FIC MULTIMERCADO;25/02/2014;1,605965
KAPITALO ZETA FIC MULTIMERCADO;26/02/2014;1,609133
KAPITALO ZETA FIC MULTIMERCADO;27/02/2014;1,603527
KAPITALO ZETA FIC MULTIMERCADO;28/02/2014;1,586844
KAPITALO ZETA FIC MULTIMERCADO;05/03/2014;1,585715
KAPITALO ZETA FIC MULTIMERCADO;06/03/2014;1,58619
KAPITALO ZETA FIC MULTIMERCADO;07/03/2014;1,574984
KAPITALO ZETA FIC MULTIMERCADO;10/03/2014;1,561128
KAPITALO ZETA FIC MULTIMERCADO;11/03/2014;1,56431
KAPITALO ZETA FIC MULTIMERCADO;12/03/2014;1,571309
KAPITALO ZETA FIC MULTIMERCADO;13/03/2014;1,57321
KAPITALO ZETA FIC MULTIMERCADO;14/03/2014;1,567052
KAPITALO ZETA FIC MULTIMERCADO;17/03/2014;1,568676
KAPITALO ZETA FIC MULTIMERCADO;18/03/2014;1,564371
KAPITALO ZETA FIC MULTIMERCADO;19/03/2014;1,573567
KAPITALO ZETA FIC MULTIMERCADO;20/03/2014;1,574152
KAPITALO ZETA FIC MULTIMERCADO;21/03/2014;1,580368
KAPITALO ZETA FIC MULTIMERCADO;24/03/2014;1,587824
KAPITALO ZETA FIC MULTIMERCADO;25/03/2014;1,598198
KAPITALO ZETA FIC MULTIMERCADO;26/03/2014;1,591733
KAPITALO ZETA FIC MULTIMERCADO;27/03/2014;1,590536
KAPITALO ZETA FIC MULTIMERCADO;28/03/2014;1,580668
KAPITALO ZETA FIC MULTIMERCADO;31/03/2014;1,585586
KAPITALO ZETA FIC MULTIMERCADO;01/04/2014;1,591277
KAPITALO ZETA FIC MULTIMERCADO;02/04/2014;1,596354
KAPITALO ZETA FIC MULTIMERCADO;03/04/2014;1,603323
KAPITALO ZETA FIC MULTIMERCADO;04/04/2014;1,60623
KAPITALO ZETA FIC MULTIMERCADO;07/04/2014;1,598648
KAPITALO ZETA FIC MULTIMERCADO;08/04/2014;1,606094
KAPITALO ZETA FIC MULTIMERCADO;09/04/2014;1,595207
KAPITALO ZETA FIC MULTIMERCADO;10/04/2014;1,589525
KAPITALO ZETA FIC MULTIMERCADO;11/04/2014;1,579543
KAPITALO ZETA FIC MULTIMERCADO;14/04/2014;1,577659
KAPITALO ZETA FIC MULTIMERCADO;15/04/2014;1,583124
KAPITALO ZETA FIC MULTIMERCADO;16/04/2014;1,590056
KAPITALO ZETA FIC MULTIMERCADO;17/04/2014;1,601947
KAPITALO ZETA FIC MULTIMERCADO;22/04/2014;1,60667
KAPITALO ZETA FIC MULTIMERCADO;23/04/2014;1,603025
KAPITALO ZETA FIC MULTIMERCADO;24/04/2014;1,605951
KAPITALO ZETA FIC MULTIMERCADO;25/04/2014;1,609925
KAPITALO ZETA FIC MULTIMERCADO;28/04/2014;1,607563
KAPITALO ZETA FIC MULTIMERCADO;29/04/2014;1,610329
KAPITALO ZETA FIC MULTIMERCADO;30/04/2014;1,605486
KAPITALO ZETA FIC MULTIMERCADO;02/05/2014;1,622654
KAPITALO ZETA FIC MULTIMERCADO;05/05/2014;1,619077
KAPITALO ZETA FIC MULTIMERCADO;06/05/2014;1,605722
KAPITALO ZETA FIC MULTIMERCADO;07/05/2014;1,608605
KAPITALO ZETA FIC MULTIMERCADO;08/05/2014;1,605923
KAPITALO ZETA FIC MULTIMERCADO;09/05/2014;1,608975
KAPITALO ZETA FIC MULTIMERCADO;12/05/2014;1,61233
KAPITALO ZETA FIC MULTIMERCADO;13/05/2014;1,619098
KAPITALO ZETA FIC MULTIMERCADO;14/05/2014;1,619505
KAPITALO ZETA FIC MULTIMERCADO;15/05/2014;1,614582
KAPITALO ZETA FIC MULTIMERCADO;16/05/2014;1,623038
KAPITALO ZETA FIC MULTIMERCADO;19/05/2014;1,623721
KAPITALO ZETA FIC MULTIMERCADO;20/05/2014;1,622163
KAPITALO ZETA FIC MULTIMERCADO;21/05/2014;1,619192
KAPITALO ZETA FIC MULTIMERCADO;22/05/2014;1,628739
KAPITALO ZETA FIC MULTIMERCADO;23/05/2014;1,629543
KAPITALO ZETA FIC MULTIMERCADO;26/05/2014;1,632011
KAPITALO ZETA FIC MULTIMERCADO;27/05/2014;1,632026
KAPITALO ZETA FIC MULTIMERCADO;28/05/2014;1,626591
KAPITALO ZETA FIC MULTIMERCADO;29/05/2014;1,642198
KAPITALO ZETA FIC MULTIMERCADO;30/05/2014;1,641315
KAPITALO ZETA FIC MULTIMERCADO;02/06/2014;1,653257
KAPITALO ZETA FIC MULTIMERCADO;03/06/2014;1,643589
KAPITALO ZETA FIC MULTIMERCADO;04/06/2014;1,650791
KAPITALO ZETA FIC MULTIMERCADO;05/06/2014;1,656691
KAPITALO ZETA FIC MULTIMERCADO;06/06/2014;1,678085
KAPITALO ZETA FIC MULTIMERCADO;09/06/2014;1,674228
KAPITALO ZETA FIC MULTIMERCADO;10/06/2014;1,673529
KAPITALO ZETA FIC MULTIMERCADO;11/06/2014;1,682484
KAPITALO ZETA FIC MULTIMERCADO;12/06/2014;1,679461
KAPITALO ZETA FIC MULTIMERCADO;13/06/2014;1,690423
KAPITALO ZETA FIC MULTIMERCADO;16/06/2014;1,686021
KAPITALO ZETA FIC MULTIMERCADO;17/06/2014;1,686272
KAPITALO ZETA FIC MULTIMERCADO;18/06/2014;1,694213
KAPITALO ZETA FIC MULTIMERCADO;20/06/2014;1,695465
KAPITALO ZETA FIC MULTIMERCADO;23/06/2014;1,691311
KAPITALO ZETA FIC MULTIMERCADO;24/06/2014;1,692738
KAPITALO ZETA FIC MULTIMERCADO;25/06/2014;1,696037
KAPITALO ZETA FIC MULTIMERCADO;26/06/2014;1,694107
KAPITALO ZETA FIC MULTIMERCADO;27/06/2014;1,680075
KAPITALO ZETA FIC MULTIMERCADO;30/06/2014;1,670785
KAPITALO ZETA FIC MULTIMERCADO;01/07/2014;1,683714
KAPITALO ZETA FIC MULTIMERCADO;02/07/2014;1,68147
KAPITALO ZETA FIC MULTIMERCADO;03/07/2014;1,693478
KAPITALO ZETA FIC MULTIMERCADO;04/07/2014;1,694378
KAPITALO ZETA FIC MULTIMERCADO;07/07/2014;1,69951
KAPITALO ZETA FIC MULTIMERCADO;08/07/2014;1,70043
KAPITALO ZETA FIC MULTIMERCADO;09/07/2014;1,698172
KAPITALO ZETA FIC MULTIMERCADO;10/07/2014;1,687848
KAPITALO ZETA FIC MULTIMERCADO;11/07/2014;1,687988
KAPITALO ZETA FIC MULTIMERCADO;14/07/2014;1,701669
KAPITALO ZETA FIC MULTIMERCADO;15/07/2014;1,698889
KAPITALO ZETA FIC MULTIMERCADO;16/07/2014;1,707829
KAPITALO ZETA FIC MULTIMERCADO;17/07/2014;1,715768
KAPITALO ZETA FIC MULTIMERCADO;18/07/2014;1,730957
KAPITALO ZETA FIC MULTIMERCADO;21/07/2014;1,733541
KAPITALO ZETA FIC MULTIMERCADO;22/07/2014;1,750965
KAPITALO ZETA FIC MULTIMERCADO;23/07/2014;1,743689
KAPITALO ZETA FIC MULTIMERCADO;24/07/2014;1,736325
KAPITALO ZETA FIC MULTIMERCADO;25/07/2014;1,737659
KAPITALO ZETA FIC MULTIMERCADO;28/07/2014;1,730212
KAPITALO ZETA FIC MULTIMERCADO;29/07/2014;1,730453
KAPITALO ZETA FIC MULTIMERCADO;30/07/2014;1,716318
KAPITALO ZETA FIC MULTIMERCADO;31/07/2014;1,716068
KAPITALO ZETA FIC MULTIMERCADO;01/08/2014;1,689327
KAPITALO ZETA FIC MULTIMERCADO;04/08/2014;1,693587
KAPITALO ZETA FIC MULTIMERCADO;05/08/2014;1,672233
KAPITALO ZETA FIC MULTIMERCADO;06/08/2014;1,689637
KAPITALO ZETA FIC MULTIMERCADO;07/08/2014;1,677654
KAPITALO ZETA FIC MULTIMERCADO;08/08/2014;1,697649
KAPITALO ZETA FIC MULTIMERCADO;11/08/2014;1,7132
KAPITALO ZETA FIC MULTIMERCADO;12/08/2014;1,711533
KAPITALO ZETA FIC MULTIMERCADO;13/08/2014;1,693761
KAPITALO ZETA FIC MULTIMERCADO;14/08/2014;1,70367
KAPITALO ZETA FIC MULTIMERCADO;15/08/2014;1,725933
KAPITALO ZETA FIC MULTIMERCADO;18/08/2014;1,744252
KAPITALO ZETA FIC MULTIMERCADO;19/08/2014;1,747249
KAPITALO ZETA FIC MULTIMERCADO;20/08/2014;1,750181
KAPITALO ZETA FIC MULTIMERCADO;21/08/2014;1,735358
KAPITALO ZETA FIC MULTIMERCADO;22/08/2014;1,751568
KAPITALO ZETA FIC MULTIMERCADO;25/08/2014;1,763533
KAPITALO ZETA FIC MULTIMERCADO;26/08/2014;1,766902
KAPITALO ZETA FIC MULTIMERCADO;27/08/2014;1,759427
KAPITALO ZETA FIC MULTIMERCADO;28/08/2014;1,765204
KAPITALO ZETA FIC MULTIMERCADO;29/08/2014;1,781692
KAPITALO ZETA FIC MULTIMERCADO;01/09/2014;1,777879
KAPITALO ZETA FIC MULTIMERCADO;02/09/2014;1,802809
KAPITALO ZETA FIC MULTIMERCADO;03/09/2014;1,798957
KAPITALO ZETA FIC MULTIMERCADO;04/09/2014;1,782451
KAPITALO ZETA FIC MULTIMERCADO;05/09/2014;1,779559
KAPITALO ZETA FIC MULTIMERCADO;08/09/2014;1,765599
KAPITALO ZETA FIC MULTIMERCADO;09/09/2014;1,734446
KAPITALO ZETA FIC MULTIMERCADO;10/09/2014;1,728489
KAPITALO ZETA FIC MULTIMERCADO;11/09/2014;1,748877
KAPITALO ZETA FIC MULTIMERCADO;12/09/2014;1,719421
KAPITALO ZETA FIC MULTIMERCADO;15/09/2014;1,743143
KAPITALO ZETA FIC MULTIMERCADO;16/09/2014;1,752549
KAPITALO ZETA FIC MULTIMERCADO;17/09/2014;1,758802
KAPITALO ZETA FIC MULTIMERCADO;18/09/2014;1,7439
KAPITALO ZETA FIC MULTIMERCADO;19/09/2014;1,738723
KAPITALO ZETA FIC MULTIMERCADO;22/09/2014;1,710971
KAPITALO ZETA FIC MULTIMERCADO;23/09/2014;1,705384
KAPITALO ZETA FIC MULTIMERCADO;24/09/2014;1,7391
KAPITALO ZETA FIC MULTIMERCADO;25/09/2014;1,716712
KAPITALO ZETA FIC MULTIMERCADO;26/09/2014;1,735678
KAPITALO ZETA FIC MULTIMERCADO;29/09/2014;1,663877
KAPITALO ZETA FIC MULTIMERCADO;30/09/2014;1,676159
KAPITALO ZETA FIC MULTIMERCADO;01/10/2014;1,679549
KAPITALO ZETA FIC MULTIMERCADO;02/10/2014;1,676036
KAPITALO ZETA FIC MULTIMERCADO;03/10/2014;1,695392
KAPITALO ZETA FIC MULTIMERCADO;06/10/2014;1,702486
KAPITALO ZETA FIC MULTIMERCADO;07/10/2014;1,712247
KAPITALO ZETA FIC MULTIMERCADO;08/10/2014;1,71826
KAPITALO ZETA FIC MULTIMERCADO;09/10/2014;1,704393
KAPITALO ZETA FIC MULTIMERCADO;10/10/2014;1,688366
KAPITALO ZETA FIC MULTIMERCADO;13/10/2014;1,689858
KAPITALO ZETA FIC MULTIMERCADO;14/10/2014;1,688355
KAPITALO ZETA FIC MULTIMERCADO;15/10/2014;1,651446
KAPITALO ZETA FIC MULTIMERCADO;16/10/2014;1,623668
KAPITALO ZETA FIC MULTIMERCADO;17/10/2014;1,641994
KAPITALO ZETA FIC MULTIMERCADO;20/10/2014;1,618046
KAPITALO ZETA FIC MULTIMERCADO;21/10/2014;1,624027
KAPITALO ZETA FIC MULTIMERCADO;22/10/2014;1,620858
KAPITALO ZETA FIC MULTIMERCADO;23/10/2014;1,608432
KAPITALO ZETA FIC MULTIMERCADO;24/10/2014;1,629324
KAPITALO ZETA FIC MULTIMERCADO;27/10/2014;1,646605
KAPITALO ZETA FIC MULTIMERCADO;28/10/2014;1,656814
KAPITALO ZETA FIC MULTIMERCADO;29/10/2014;1,673439
KAPITALO ZETA FIC MULTIMERCADO;30/10/2014;1,656649
KAPITALO ZETA FIC MULTIMERCADO;31/10/2014;1,66594
KAPITALO ZETA FIC MULTIMERCADO;03/11/2014;1,649042
KAPITALO ZETA FIC MULTIMERCADO;04/11/2014;1,656981
KAPITALO ZETA FIC MULTIMERCADO;05/11/2014;1,657404
KAPITALO ZETA FIC MULTIMERCADO;06/11/2014;1,664495
KAPITALO ZETA FIC MULTIMERCADO;07/11/2014;1,657551
KAPITALO ZETA FIC MULTIMERCADO;10/11/2014;1,662643
KAPITALO ZETA FIC MULTIMERCADO;11/11/2014;1,66158
KAPITALO ZETA FIC MULTIMERCADO;12/11/2014;1,65706
KAPITALO ZETA FIC MULTIMERCADO;13/11/2014;1,647645
KAPITALO ZETA FIC MULTIMERCADO;14/11/2014;1,651952
KAPITALO ZETA FIC MULTIMERCADO;17/11/2014;1,657363
KAPITALO ZETA FIC MULTIMERCADO;18/11/2014;1,66666
KAPITALO ZETA FIC MULTIMERCADO;19/11/2014;1,66021
KAPITALO ZETA FIC MULTIMERCADO;20/11/2014;1,658009
KAPITALO ZETA FIC MULTIMERCADO;21/11/2014;1,657835
KAPITALO ZETA FIC MULTIMERCADO;24/11/2014;1,674573
KAPITALO ZETA FIC MULTIMERCADO;25/11/2014;1,655581
KAPITALO ZETA FIC MULTIMERCADO;26/11/2014;1,655017
KAPITALO ZETA FIC MULTIMERCADO;27/11/2014;1,651363
KAPITALO ZETA FIC MULTIMERCADO;28/11/2014;1,63785
KAPITALO ZETA FIC MULTIMERCADO;01/12/2014;1,631687
KAPITALO ZETA FIC MULTIMERCADO;02/12/2014;1,629535
KAPITALO ZETA FIC MULTIMERCADO;03/12/2014;1,612782
KAPITALO ZETA FIC MULTIMERCADO;04/12/2014;1,647074
KAPITALO ZETA FIC MULTIMERCADO;05/12/2014;1,655725
KAPITALO ZETA FIC MULTIMERCADO;08/12/2014;1,66152
KAPITALO ZETA FIC MULTIMERCADO;09/12/2014;1,654946
KAPITALO ZETA FIC MULTIMERCADO;10/12/2014;1,641662
KAPITALO ZETA FIC MULTIMERCADO;11/12/2014;1,639774
KAPITALO ZETA FIC MULTIMERCADO;12/12/2014;1,638775
KAPITALO ZETA FIC MULTIMERCADO;15/12/2014;1,646495
KAPITALO ZETA FIC MULTIMERCADO;16/12/2014;1,645129
KAPITALO ZETA FIC MULTIMERCADO;17/12/2014;1,62516
KAPITALO ZETA FIC MULTIMERCADO;18/12/2014;1,634714
KAPITALO ZETA FIC MULTIMERCADO;19/12/2014;1,622582
KAPITALO ZETA FIC MULTIMERCADO;22/12/2014;1,632189
KAPITALO ZETA FIC MULTIMERCADO;23/12/2014;1,648239
KAPITALO ZETA FIC MULTIMERCADO;24/12/2014;1,64893
KAPITALO ZETA FIC MULTIMERCADO;26/12/2014;1,644834
KAPITALO ZETA FIC MULTIMERCADO;29/12/2014;1,636731
KAPITALO ZETA FIC MULTIMERCADO;30/12/2014;1,637543
KAPITALO ZETA FIC MULTIMERCADO;31/12/2014;1,640564
KAPITALO ZETA FIC MULTIMERCADO;02/01/2015;1,659037
KAPITALO ZETA FIC MULTIMERCADO;05/01/2015;1,651704
KAPITALO ZETA FIC MULTIMERCADO;06/01/2015;1,665068
KAPITALO ZETA FIC MULTIMERCADO;07/01/2015;1,673569
KAPITALO ZETA FIC MULTIMERCADO;08/01/2015;1,682878
KAPITALO ZETA FIC MULTIMERCADO;09/01/2015;1,695427
KAPITALO ZETA FIC MULTIMERCADO;12/01/2015;1,680851
KAPITALO ZETA FIC MULTIMERCADO;13/01/2015;1,697076
KAPITALO ZETA FIC MULTIMERCADO;14/01/2015;1,697208
KAPITALO ZETA FIC MULTIMERCADO;15/01/2015;1,682913
KAPITALO ZETA FIC MULTIMERCADO;16/01/2015;1,706059
KAPITALO ZETA FIC MULTIMERCADO;19/01/2015;1,695344
KAPITALO ZETA FIC MULTIMERCADO;20/01/2015;1,695343
KAPITALO ZETA FIC MULTIMERCADO;21/01/2015;1,699604
KAPITALO ZETA FIC MULTIMERCADO;22/01/2015;1,713658
KAPITALO ZETA FIC MULTIMERCADO;23/01/2015;1,710736
KAPITALO ZETA FIC MULTIMERCADO;26/01/2015;1,714117
KAPITALO ZETA FIC MULTIMERCADO;27/01/2015;1,714033
KAPITALO ZETA FIC MULTIMERCADO;28/01/2015;1,704016
KAPITALO ZETA FIC MULTIMERCADO;29/01/2015;1,694723
KAPITALO ZETA FIC MULTIMERCADO;30/01/2015;1,693308
KAPITALO ZETA FIC MULTIMERCADO;02/02/2015;1,673631
KAPITALO ZETA FIC MULTIMERCADO;03/02/2015;1,694215
KAPITALO ZETA FIC MULTIMERCADO;04/02/2015;1,708271
KAPITALO ZETA FIC MULTIMERCADO;05/02/2015;1,708515
KAPITALO ZETA FIC MULTIMERCADO;06/02/2015;1,718387
KAPITALO ZETA FIC MULTIMERCADO;09/02/2015;1,705226
KAPITALO ZETA FIC MULTIMERCADO;10/02/2015;1,713627
KAPITALO ZETA FIC MULTIMERCADO;11/02/2015;1,683762
KAPITALO ZETA FIC MULTIMERCADO;12/02/2015;1,706015
KAPITALO ZETA FIC MULTIMERCADO;13/02/2015;1,707118
KAPITALO ZETA FIC MULTIMERCADO;18/02/2015;1,708214
KAPITALO ZETA FIC MULTIMERCADO;19/02/2015;1,710971
KAPITALO ZETA FIC MULTIMERCADO;20/02/2015;1,705884
KAPITALO ZETA FIC MULTIMERCADO;23/02/2015;1,721418
KAPITALO ZETA FIC MULTIMERCADO;24/02/2015;1,720067
KAPITALO ZETA FIC MULTIMERCADO;25/02/2015;1,726022
KAPITALO ZETA FIC MULTIMERCADO;26/02/2015;1,742721
KAPITALO ZETA FIC MULTIMERCADO;27/02/2015;1,756522
KAPITALO ZETA FIC MULTIMERCADO;02/03/2015;1,758259
KAPITALO ZETA FIC MULTIMERCADO;03/03/2015;1,777171
KAPITALO ZETA FIC MULTIMERCADO;04/03/2015;1,754495
KAPITALO ZETA FIC MULTIMERCADO;05/03/2015;1,733286
KAPITALO ZETA FIC MULTIMERCADO;06/03/2015;1,715959
KAPITALO ZETA FIC MULTIMERCADO;09/03/2015;1,724128
KAPITALO ZETA FIC MULTIMERCADO;10/03/2015;1,733994
KAPITALO ZETA FIC MULTIMERCADO;11/03/2015;1,730967
KAPITALO ZETA FIC MULTIMERCADO;12/03/2015;1,712355
KAPITALO ZETA FIC MULTIMERCADO;13/03/2015;1,750746
KAPITALO ZETA FIC MULTIMERCADO;16/03/2015;1,736427
KAPITALO ZETA FIC MULTIMERCADO;17/03/2015;1,760506
KAPITALO ZETA FIC MULTIMERCADO;18/03/2015;1,782357
KAPITALO ZETA FIC MULTIMERCADO;19/03/2015;1,781047
KAPITALO ZETA FIC MULTIMERCADO;20/03/2015;1,787967
KAPITALO ZETA FIC MULTIMERCADO;23/03/2015;1,794579
KAPITALO ZETA FIC MULTIMERCADO;24/03/2015;1,782502
KAPITALO ZETA FIC MULTIMERCADO;25/03/2015;1,7798
KAPITALO ZETA FIC MULTIMERCADO;26/03/2015;1,766814
KAPITALO ZETA FIC MULTIMERCADO;27/03/2015;1,762805
KAPITALO ZETA FIC MULTIMERCADO;30/03/2015;1,770954
KAPITALO ZETA FIC MULTIMERCADO;31/03/2015;1,766979
KAPITALO ZETA FIC MULTIMERCADO;01/04/2015;1,773721
KAPITALO ZETA FIC MULTIMERCADO;02/04/2015;1,785306
KAPITALO ZETA FIC MULTIMERCADO;06/04/2015;1,800871
KAPITALO ZETA FIC MULTIMERCADO;07/04/2015;1,797423
KAPITALO ZETA FIC MULTIMERCADO;08/04/2015;1,809512
KAPITALO ZETA FIC MULTIMERCADO;09/04/2015;1,787541
KAPITALO ZETA FIC MULTIMERCADO;10/04/2015;1,815253
KAPITALO ZETA FIC MULTIMERCADO;13/04/2015;1,800525
KAPITALO ZETA FIC MULTIMERCADO;14/04/2015;1,82154
KAPITALO ZETA FIC MULTIMERCADO;15/04/2015;1,825123
KAPITALO ZETA FIC MULTIMERCADO;16/04/2015;1,820999
KAPITALO ZETA FIC MULTIMERCADO;17/04/2015;1,806415
KAPITALO ZETA FIC MULTIMERCADO;20/04/2015;1,788322
KAPITALO ZETA FIC MULTIMERCADO;22/04/2015;1,782281
KAPITALO ZETA FIC MULTIMERCADO;23/04/2015;1,763951
KAPITALO ZETA FIC MULTIMERCADO;24/04/2015;1,726513
KAPITALO ZETA FIC MULTIMERCADO;27/04/2015;1,73601
KAPITALO ZETA FIC MULTIMERCADO;28/04/2015;1,746376
KAPITALO ZETA FIC MULTIMERCADO;29/04/2015;1,759317
KAPITALO ZETA FIC MULTIMERCADO;30/04/2015;1,741947
KAPITALO ZETA FIC MULTIMERCADO;04/05/2015;1,735688
KAPITALO ZETA FIC MULTIMERCADO;05/05/2015;1,729699
KAPITALO ZETA FIC MULTIMERCADO;06/05/2015;1,727372
KAPITALO ZETA FIC MULTIMERCADO;07/05/2015;1,711715
KAPITALO ZETA FIC MULTIMERCADO;08/05/2015;1,725917
KAPITALO ZETA FIC MULTIMERCADO;11/05/2015;1,724721
KAPITALO ZETA FIC MULTIMERCADO;12/05/2015;1,718354
KAPITALO ZETA FIC MULTIMERCADO;13/05/2015;1,73548
KAPITALO ZETA FIC MULTIMERCADO;14/05/2015;1,736515
KAPITALO ZETA FIC MULTIMERCADO;15/05/2015;1,748085
KAPITALO ZETA FIC MULTIMERCADO;18/05/2015;1,760303
KAPITALO ZETA FIC MULTIMERCADO;19/05/2015;1,76597
KAPITALO ZETA FIC MULTIMERCADO;20/05/2015;1,780958
KAPITALO ZETA FIC MULTIMERCADO;21/05/2015;1,790383
KAPITALO ZETA FIC MULTIMERCADO;22/05/2015;1,824895
KAPITALO ZETA FIC MULTIMERCADO;25/05/2015;1,804329
KAPITALO ZETA FIC MULTIMERCADO;26/05/2015;1,817668
KAPITALO ZETA FIC MULTIMERCADO;27/05/2015;1,805029
KAPITALO ZETA FIC MULTIMERCADO;28/05/2015;1,817557
KAPITALO ZETA FIC MULTIMERCADO;29/05/2015;1,828253
KAPITALO ZETA FIC MULTIMERCADO;01/06/2015;1,822045
KAPITALO ZETA FIC MULTIMERCADO;02/06/2015;1,80742
KAPITALO ZETA FIC MULTIMERCADO;03/06/2015;1,797274
KAPITALO ZETA FIC MULTIMERCADO;05/06/2015;1,805739
KAPITALO ZETA FIC MULTIMERCADO;08/06/2015;1,813921
KAPITALO ZETA FIC MULTIMERCADO;09/06/2015;1,812842
KAPITALO ZETA FIC MULTIMERCADO;10/06/2015;1,793708
KAPITALO ZETA FIC MULTIMERCADO;11/06/2015;1,77121
KAPITALO ZETA FIC MULTIMERCADO;12/06/2015;1,779303
KAPITALO ZETA FIC MULTIMERCADO;15/06/2015;1,754729
KAPITALO ZETA FIC MULTIMERCADO;16/06/2015;1,745631
KAPITALO ZETA FIC MULTIMERCADO;17/06/2015;1,740088
KAPITALO ZETA FIC MULTIMERCADO;18/06/2015;1,734748
KAPITALO ZETA FIC MULTIMERCADO;19/06/2015;1,722355
KAPITALO ZETA FIC MULTIMERCADO;22/06/2015;1,744555
KAPITALO ZETA FIC MULTIMERCADO;23/06/2015;1,750768
KAPITALO ZETA FIC MULTIMERCADO;24/06/2015;1,751847
KAPITALO ZETA FIC MULTIMERCADO;25/06/2015;1,751943
KAPITALO ZETA FIC MULTIMERCADO;26/06/2015;1,766736
KAPITALO ZETA FIC MULTIMERCADO;29/06/2015;1,766236
KAPITALO ZETA FIC MULTIMERCADO;30/06/2015;1,764852
KAPITALO ZETA FIC MULTIMERCADO;01/07/2015;1,77168
KAPITALO ZETA FIC MULTIMERCADO;02/07/2015;1,791612
KAPITALO ZETA FIC MULTIMERCADO;03/07/2015;1,805635
KAPITALO ZETA FIC MULTIMERCADO;06/07/2015;1,79897
KAPITALO ZETA FIC MULTIMERCADO;07/07/2015;1,789972
KAPITALO ZETA FIC MULTIMERCADO;08/07/2015;1,799096
KAPITALO ZETA FIC MULTIMERCADO;09/07/2015;1,801125
KAPITALO ZETA FIC MULTIMERCADO;10/07/2015;1,809157
KAPITALO ZETA FIC MULTIMERCADO;13/07/2015;1,804426
KAPITALO ZETA FIC MULTIMERCADO;14/07/2015;1,817598
KAPITALO ZETA FIC MULTIMERCADO;15/07/2015;1,814197
KAPITALO ZETA FIC MULTIMERCADO;16/07/2015;1,814719
KAPITALO ZETA FIC MULTIMERCADO;17/07/2015;1,829775
KAPITALO ZETA FIC MULTIMERCADO;20/07/2015;1,844219
KAPITALO ZETA FIC MULTIMERCADO;21/07/2015;1,847796
KAPITALO ZETA FIC MULTIMERCADO;22/07/2015;1,8479
KAPITALO ZETA FIC MULTIMERCADO;23/07/2015;1,820107
KAPITALO ZETA FIC MULTIMERCADO;24/07/2015;1,831175
KAPITALO ZETA FIC MULTIMERCADO;27/07/2015;1,827346
KAPITALO ZETA FIC MULTIMERCADO;28/07/2015;1,828982
KAPITALO ZETA FIC MULTIMERCADO;29/07/2015;1,830104
KAPITALO ZETA FIC MULTIMERCADO;30/07/2015;1,865375
KAPITALO ZETA FIC MULTIMERCADO;31/07/2015;1,882801
KAPITALO ZETA FIC MULTIMERCADO;03/08/2015;1,884543
KAPITALO ZETA FIC MULTIMERCADO;04/08/2015;1,852752
KAPITALO ZETA FIC MULTIMERCADO;05/08/2015;1,832434
KAPITALO ZETA FIC MULTIMERCADO;06/08/2015;1,814965
KAPITALO ZETA FIC MULTIMERCADO;07/08/2015;1,810363
KAPITALO ZETA FIC MULTIMERCADO;10/08/2015;1,820567
KAPITALO ZETA FIC MULTIMERCADO;11/08/2015;1,809548
KAPITALO ZETA FIC MULTIMERCADO;12/08/2015;1,819166
KAPITALO ZETA FIC MULTIMERCADO;13/08/2015;1,826531
KAPITALO ZETA FIC MULTIMERCADO;14/08/2015;1,846873
KAPITALO ZETA FIC MULTIMERCADO;17/08/2015;1,837147
KAPITALO ZETA FIC MULTIMERCADO;18/08/2015;1,84014
KAPITALO ZETA FIC MULTIMERCADO;19/08/2015;1,84834
KAPITALO ZETA FIC MULTIMERCADO;20/08/2015;1,847982
KAPITALO ZETA FIC MULTIMERCADO;21/08/2015;1,843294
KAPITALO ZETA FIC MULTIMERCADO;24/08/2015;1,813214
KAPITALO ZETA FIC MULTIMERCADO;25/08/2015;1,809577
KAPITALO ZETA FIC MULTIMERCADO;26/08/2015;1,834259
KAPITALO ZETA FIC MULTIMERCADO;27/08/2015;1,831361
KAPITALO ZETA FIC MULTIMERCADO;28/08/2015;1,834751
KAPITALO ZETA FIC MULTIMERCADO;31/08/2015;1,815294
KAPITALO ZETA FIC MULTIMERCADO;01/09/2015;1,814684
KAPITALO ZETA FIC MULTIMERCADO;02/09/2015;1,83544
KAPITALO ZETA FIC MULTIMERCADO;03/09/2015;1,839765
KAPITALO ZETA FIC MULTIMERCADO;04/09/2015;1,851432
KAPITALO ZETA FIC MULTIMERCADO;08/09/2015;1,827845
KAPITALO ZETA FIC MULTIMERCADO;09/09/2015;1,823396
KAPITALO ZETA FIC MULTIMERCADO;10/09/2015;1,822571
KAPITALO ZETA FIC MULTIMERCADO;11/09/2015;1,81947
KAPITALO ZETA FIC MULTIMERCADO;14/09/2015;1,849063
KAPITALO ZETA FIC MULTIMERCADO;15/09/2015;1,860418
KAPITALO ZETA FIC MULTIMERCADO;16/09/2015;1,850781
KAPITALO ZETA FIC MULTIMERCADO;17/09/2015;1,84355
KAPITALO ZETA FIC MULTIMERCADO;18/09/2015;1,850834
KAPITALO ZETA FIC MULTIMERCADO;21/09/2015;1,843504
KAPITALO ZETA FIC MULTIMERCADO;22/09/2015;1,842808
KAPITALO ZETA FIC MULTIMERCADO;23/09/2015;1,818867
KAPITALO ZETA FIC MULTIMERCADO;24/09/2015;1,808913
KAPITALO ZETA FIC MULTIMERCADO;25/09/2015;1,818359
KAPITALO ZETA FIC MULTIMERCADO;28/09/2015;1,81858
KAPITALO ZETA FIC MULTIMERCADO;29/09/2015;1,791568
KAPITALO ZETA FIC MULTIMERCADO;30/09/2015;1,753358
KAPITALO ZETA FIC MULTIMERCADO;01/10/2015;1,720717
KAPITALO ZETA FIC MULTIMERCADO;02/10/2015;1,726624
KAPITALO ZETA FIC MULTIMERCADO;05/10/2015;1,748207
KAPITALO ZETA FIC MULTIMERCADO;06/10/2015;1,773806
KAPITALO ZETA FIC MULTIMERCADO;07/10/2015;1,763031
KAPITALO ZETA FIC MULTIMERCADO;08/10/2015;1,747745
KAPITALO ZETA FIC MULTIMERCADO;09/10/2015;1,736302
KAPITALO ZETA FIC MULTIMERCADO;13/10/2015;1,702056
KAPITALO ZETA FIC MULTIMERCADO;14/10/2015;1,696983
KAPITALO ZETA FIC MULTIMERCADO;15/10/2015;1,701992
KAPITALO ZETA FIC MULTIMERCADO;16/10/2015;1,720282
KAPITALO ZETA FIC MULTIMERCADO;19/10/2015;1,726599
KAPITALO ZETA FIC MULTIMERCADO;20/10/2015;1,73381
KAPITALO ZETA FIC MULTIMERCADO;21/10/2015;1,733509
KAPITALO ZETA FIC MULTIMERCADO;22/10/2015;1,767234
KAPITALO ZETA FIC MULTIMERCADO;23/10/2015;1,733006
KAPITALO ZETA FIC MULTIMERCADO;26/10/2015;1,706785
KAPITALO ZETA FIC MULTIMERCADO;27/10/2015;1,72981
KAPITALO ZETA FIC MULTIMERCADO;28/10/2015;1,726122
KAPITALO ZETA FIC MULTIMERCADO;29/10/2015;1,723861
KAPITALO ZETA FIC MULTIMERCADO;30/10/2015;1,72847
KAPITALO ZETA FIC MULTIMERCADO;03/11/2015;1,714654
KAPITALO ZETA FIC MULTIMERCADO;04/11/2015;1,755761
KAPITALO ZETA FIC MULTIMERCADO;05/11/2015;1,748939
KAPITALO ZETA FIC MULTIMERCADO;06/11/2015;1,768834
KAPITALO ZETA FIC MULTIMERCADO;09/11/2015;1,782795
KAPITALO ZETA FIC MULTIMERCADO;10/11/2015;1,772109
KAPITALO ZETA FIC MULTIMERCADO;11/11/2015;1,752692
KAPITALO ZETA FIC MULTIMERCADO;12/11/2015;1,748795
KAPITALO ZETA FIC MULTIMERCADO;13/11/2015;1,775677
KAPITALO ZETA FIC MULTIMERCADO;16/11/2015;1,796754
KAPITALO ZETA FIC MULTIMERCADO;17/11/2015;1,805475
KAPITALO ZETA FIC MULTIMERCADO;18/11/2015;1,820491
KAPITALO ZETA FIC MULTIMERCADO;19/11/2015;1,830713
KAPITALO ZETA FIC MULTIMERCADO;20/11/2015;1,83265
KAPITALO ZETA FIC MULTIMERCADO;23/11/2015;1,82786
KAPITALO ZETA FIC MULTIMERCADO;24/11/2015;1,819915
KAPITALO ZETA FIC MULTIMERCADO;25/11/2015;1,818257
KAPITALO ZETA FIC MULTIMERCADO;26/11/2015;1,831932
KAPITALO ZETA FIC MULTIMERCADO;27/11/2015;1,87041
KAPITALO ZETA FIC MULTIMERCADO;30/11/2015;1,879561
KAPITALO ZETA FIC MULTIMERCADO;01/12/2015;1,885199
KAPITALO ZETA FIC MULTIMERCADO;02/12/2015;1,872769
KAPITALO ZETA FIC MULTIMERCADO;03/12/2015;1,873028
KAPITALO ZETA FIC MULTIMERCADO;04/12/2015;1,863908
KAPITALO ZETA FIC MULTIMERCADO;07/12/2015;1,872402
KAPITALO ZETA FIC MULTIMERCADO;08/12/2015;1,875449
KAPITALO ZETA FIC MULTIMERCADO;09/12/2015;1,865366
KAPITALO ZETA FIC MULTIMERCADO;10/12/2015;1,851714
KAPITALO ZETA FIC MULTIMERCADO;11/12/2015;1,86908
KAPITALO ZETA FIC MULTIMERCADO;14/12/2015;1,858129
KAPITALO ZETA FIC MULTIMERCADO;15/12/2015;1,875033
KAPITALO ZETA FIC MULTIMERCADO;16/12/2015;1,861209
KAPITALO ZETA FIC MULTIMERCADO;17/12/2015;1,872988
KAPITALO ZETA FIC MULTIMERCADO;18/12/2015;1,900907
KAPITALO ZETA FIC MULTIMERCADO;21/12/2015;1,90061
KAPITALO ZETA FIC MULTIMERCADO;22/12/2015;1,903858
KAPITALO ZETA FIC MULTIMERCADO;23/12/2015;1,914682
KAPITALO ZETA FIC MULTIMERCADO;24/12/2015;1,91562
KAPITALO ZETA FIC MULTIMERCADO;28/12/2015;1,898351
KAPITALO ZETA FIC MULTIMERCADO;29/12/2015;1,904789
KAPITALO ZETA FIC MULTIMERCADO;30/12/2015;1,907169
KAPITALO ZETA FIC MULTIMERCADO;31/12/2015;1,90755
KAPITALO ZETA FIC MULTIMERCADO;04/01/2016;1,932242
KAPITALO ZETA FIC MULTIMERCADO;05/01/2016;1,932901
KAPITALO ZETA FIC MULTIMERCADO;06/01/2016;1,934495
KAPITALO ZETA FIC MULTIMERCADO;07/01/2016;1,934514
KAPITALO ZETA FIC MULTIMERCADO;08/01/2016;1,934435
KAPITALO ZETA FIC MULTIMERCADO;11/01/2016;1,938343
KAPITALO ZETA FIC MULTIMERCADO;12/01/2016;1,941823
KAPITALO ZETA FIC MULTIMERCADO;13/01/2016;1,943027
KAPITALO ZETA FIC MULTIMERCADO;14/01/2016;1,947255
KAPITALO ZETA FIC MULTIMERCADO;15/01/2016;1,975539
KAPITALO ZETA FIC MULTIMERCADO;18/01/2016;1,97276
KAPITALO ZETA FIC MULTIMERCADO;19/01/2016;1,994206
KAPITALO ZETA FIC MULTIMERCADO;20/01/2016;1,99756
KAPITALO ZETA FIC MULTIMERCADO;21/01/2016;2,011551
KAPITALO ZETA FIC MULTIMERCADO;22/01/2016;2,012871
KAPITALO ZETA FIC MULTIMERCADO;25/01/2016;2,013726
KAPITALO ZETA FIC MULTIMERCADO;26/01/2016;2,024908
KAPITALO ZETA FIC MULTIMERCADO;27/01/2016;2,044338
KAPITALO ZETA FIC MULTIMERCADO;28/01/2016;2,03827
KAPITALO ZETA FIC MULTIMERCADO;29/01/2016;2,040619
KAPITALO ZETA FIC MULTIMERCADO;01/02/2016;2,019626
KAPITALO ZETA FIC MULTIMERCADO;02/02/2016;1,997546
KAPITALO ZETA FIC MULTIMERCADO;03/02/2016;1,999621
KAPITALO ZETA FIC MULTIMERCADO;04/02/2016;2,006531
KAPITALO ZETA FIC MULTIMERCADO;05/02/2016;1,990638
KAPITALO ZETA FIC MULTIMERCADO;10/02/2016;2,003035
KAPITALO ZETA FIC MULTIMERCADO;11/02/2016;2,004726
KAPITALO ZETA FIC MULTIMERCADO;12/02/2016;2,01434
KAPITALO ZETA FIC MULTIMERCADO;15/02/2016;2,019099
KAPITALO ZETA FIC MULTIMERCADO;16/02/2016;2,028399
KAPITALO ZETA FIC MULTIMERCADO;17/02/2016;1,999765
KAPITALO ZETA FIC MULTIMERCADO;18/02/2016;2,010337
KAPITALO ZETA FIC MULTIMERCADO;19/02/2016;2,012408
KAPITALO ZETA FIC MULTIMERCADO;22/02/2016;2,004956
KAPITALO ZETA FIC MULTIMERCADO;23/02/2016;2,011338
KAPITALO ZETA FIC MULTIMERCADO;24/02/2016;2,018754
KAPITALO ZETA FIC MULTIMERCADO;25/02/2016;2,036698
KAPITALO ZETA FIC MULTIMERCADO;26/02/2016;2,026099
KAPITALO ZETA FIC MULTIMERCADO;29/02/2016;2,017795
KAPITALO ZETA FIC MULTIMERCADO;01/03/2016;2,018562
KAPITALO ZETA FIC MULTIMERCADO;02/03/2016;2,018966
KAPITALO ZETA FIC MULTIMERCADO;03/03/2016;2,011334
KAPITALO ZETA FIC MULTIMERCADO;04/03/2016;2,014679
KAPITALO ZETA FIC MULTIMERCADO;07/03/2016;2,008821
KAPITALO ZETA FIC MULTIMERCADO;08/03/2016;2,020929
KAPITALO ZETA FIC MULTIMERCADO;09/03/2016;2,034415
KAPITALO ZETA FIC MULTIMERCADO;10/03/2016;2,034851
KAPITALO ZETA FIC MULTIMERCADO;11/03/2016;2,037432
KAPITALO ZETA FIC MULTIMERCADO;14/03/2016;2,058978
KAPITALO ZETA FIC MULTIMERCADO;15/03/2016;2,019478
KAPITALO ZETA FIC MULTIMERCADO;16/03/2016;2,03153
KAPITALO ZETA FIC MULTIMERCADO;17/03/2016;2,027139
KAPITALO ZETA FIC MULTIMERCADO;18/03/2016;2,008465
KAPITALO ZETA FIC MULTIMERCADO;21/03/2016;1,99135
KAPITALO ZETA FIC MULTIMERCADO;22/03/2016;1,983505
KAPITALO ZETA FIC MULTIMERCADO;23/03/2016;1,993083
KAPITALO ZETA FIC MULTIMERCADO;24/03/2016;1,991403
KAPITALO ZETA FIC MULTIMERCADO;28/03/2016;2,003384
KAPITALO ZETA FIC MULTIMERCADO;29/03/2016;1,995214
KAPITALO ZETA FIC MULTIMERCADO;30/03/2016;1,990595
KAPITALO ZETA FIC MULTIMERCADO;31/03/2016;2,001061
KAPITALO ZETA FIC MULTIMERCADO;01/04/2016;2,011679
KAPITALO ZETA FIC MULTIMERCADO;04/04/2016;2,013354
KAPITALO ZETA FIC MULTIMERCADO;05/04/2016;2,013145
KAPITALO ZETA FIC MULTIMERCADO;06/04/2016;2,011962
KAPITALO ZETA FIC MULTIMERCADO;07/04/2016;2,010254
KAPITALO ZETA FIC MULTIMERCADO;08/04/2016;2,027449
KAPITALO ZETA FIC MULTIMERCADO;11/04/2016;2,034081
KAPITALO ZETA FIC MULTIMERCADO;12/04/2016;2,057768
KAPITALO ZETA FIC MULTIMERCADO;13/04/2016;2,080158
KAPITALO ZETA FIC MULTIMERCADO;14/04/2016;2,088145
KAPITALO ZETA FIC MULTIMERCADO;15/04/2016;2,087914
KAPITALO ZETA FIC MULTIMERCADO;18/04/2016;2,100001
KAPITALO ZETA FIC MULTIMERCADO;19/04/2016;2,104285
KAPITALO ZETA FIC MULTIMERCADO;20/04/2016;2,095632
KAPITALO ZETA FIC MULTIMERCADO;22/04/2016;2,091543
KAPITALO ZETA FIC MULTIMERCADO;25/04/2016;2,078434
KAPITALO ZETA FIC MULTIMERCADO;26/04/2016;2,084709
KAPITALO ZETA FIC MULTIMERCADO;27/04/2016;2,100312
KAPITALO ZETA FIC MULTIMERCADO;28/04/2016;2,099967
KAPITALO ZETA FIC MULTIMERCADO;29/04/2016;2,106888
KAPITALO ZETA FIC MULTIMERCADO;02/05/2016;2,107706
KAPITALO ZETA FIC MULTIMERCADO;03/05/2016;2,089889
KAPITALO ZETA FIC MULTIMERCADO;04/05/2016;2,091321
KAPITALO ZETA FIC MULTIMERCADO;05/05/2016;2,092903
KAPITALO ZETA FIC MULTIMERCADO;06/05/2016;2,093341
KAPITALO ZETA FIC MULTIMERCADO;09/05/2016;2,092237
KAPITALO ZETA FIC MULTIMERCADO;10/05/2016;2,109409
KAPITALO ZETA FIC MULTIMERCADO;11/05/2016;2,123581
KAPITALO ZETA FIC MULTIMERCADO;12/05/2016;2,13461
KAPITALO ZETA FIC MULTIMERCADO;13/05/2016;2,139651
KAPITALO ZETA FIC MULTIMERCADO;16/05/2016;2,125499
KAPITALO ZETA FIC MULTIMERCADO;17/05/2016;2,118125
KAPITALO ZETA FIC MULTIMERCADO;18/05/2016;2,118442
KAPITALO ZETA FIC MULTIMERCADO;19/05/2016;2,115085
KAPITALO ZETA FIC MULTIMERCADO;20/05/2016;2,122926
KAPITALO ZETA FIC MULTIMERCADO;23/05/2016;2,112555
KAPITALO ZETA FIC MULTIMERCADO;24/05/2016;2,110458
KAPITALO ZETA FIC MULTIMERCADO;25/05/2016;2,100077
KAPITALO ZETA FIC MULTIMERCADO;27/05/2016;2,085329
KAPITALO ZETA FIC MULTIMERCADO;30/05/2016;2,101758
KAPITALO ZETA FIC MULTIMERCADO;31/05/2016;2,101976
KAPITALO ZETA FIC MULTIMERCADO;01/06/2016;2,099067
KAPITALO ZETA FIC MULTIMERCADO;02/06/2016;2,08311
KAPITALO ZETA FIC MULTIMERCADO;03/06/2016;2,097508
KAPITALO ZETA FIC MULTIMERCADO;06/06/2016;2,100636
KAPITALO ZETA FIC MULTIMERCADO;07/06/2016;2,122659
KAPITALO ZETA FIC MULTIMERCADO;08/06/2016;2,143167
KAPITALO ZETA FIC MULTIMERCADO;09/06/2016;2,129698
KAPITALO ZETA FIC MULTIMERCADO;10/06/2016;2,115887
KAPITALO ZETA FIC MULTIMERCADO;13/06/2016;2,109
KAPITALO ZETA FIC MULTIMERCADO;14/06/2016;2,098411
KAPITALO ZETA FIC MULTIMERCADO;15/06/2016;2,101397
KAPITALO ZETA FIC MULTIMERCADO;16/06/2016;2,096986
KAPITALO ZETA FIC MULTIMERCADO;17/06/2016;2,122398
KAPITALO ZETA FIC MULTIMERCADO;20/06/2016;2,153124
KAPITALO ZETA FIC MULTIMERCADO;21/06/2016;2,153866
KAPITALO ZETA FIC MULTIMERCADO;22/06/2016;2,158938
KAPITALO ZETA FIC MULTIMERCADO;23/06/2016;2,176012
KAPITALO ZETA FIC MULTIMERCADO;24/06/2016;2,164625
KAPITALO ZETA FIC MULTIMERCADO;27/06/2016;2,151586
KAPITALO ZETA FIC MULTIMERCADO;28/06/2016;2,174161
KAPITALO ZETA FIC MULTIMERCADO;29/06/2016;2,17734
KAPITALO ZETA FIC MULTIMERCADO;30/06/2016;2,190079
KAPITALO ZETA FIC MULTIMERCADO;01/07/2016;2,191386
KAPITALO ZETA FIC MULTIMERCADO;04/07/2016;2,181132
KAPITALO ZETA FIC MULTIMERCADO;05/07/2016;2,162123
KAPITALO ZETA FIC MULTIMERCADO;06/07/2016;2,152302
KAPITALO ZETA FIC MULTIMERCADO;07/07/2016;2,157353
KAPITALO ZETA FIC MULTIMERCADO;08/07/2016;2,18596
KAPITALO ZETA FIC MULTIMERCADO;11/07/2016;2,187301
KAPITALO ZETA FIC MULTIMERCADO;12/07/2016;2,191867
KAPITALO ZETA FIC MULTIMERCADO;13/07/2016;2,202562
KAPITALO ZETA FIC MULTIMERCADO;14/07/2016;2,207891
KAPITALO ZETA FIC MULTIMERCADO;15/07/2016;2,211207
KAPITALO ZETA FIC MULTIMERCADO;18/07/2016;2,220543
KAPITALO ZETA FIC MULTIMERCADO;19/07/2016;2,229988
KAPITALO ZETA FIC MULTIMERCADO;20/07/2016;2,245226
KAPITALO ZETA FIC MULTIMERCADO;21/07/2016;2,220996
KAPITALO ZETA FIC MULTIMERCADO;22/07/2016;2,221388
KAPITALO ZETA FIC MULTIMERCADO;25/07/2016;2,209496
KAPITALO ZETA FIC MULTIMERCADO;26/07/2016;2,210573
KAPITALO ZETA FIC MULTIMERCADO;27/07/2016;2,210795
KAPITALO ZETA FIC MULTIMERCADO;28/07/2016;2,214936
KAPITALO ZETA FIC MULTIMERCADO;29/07/2016;2,22548
KAPITALO ZETA FIC MULTIMERCADO;01/08/2016;2,229404
KAPITALO ZETA FIC MULTIMERCADO;02/08/2016;2,237075
KAPITALO ZETA FIC MULTIMERCADO;03/08/2016;2,239942
KAPITALO ZETA FIC MULTIMERCADO;04/08/2016;2,257664
KAPITALO ZETA FIC MULTIMERCADO;05/08/2016;2,268621
KAPITALO ZETA FIC MULTIMERCADO;08/08/2016;2,266802
KAPITALO ZETA FIC MULTIMERCADO;09/08/2016;2,280843
KAPITALO ZETA FIC MULTIMERCADO;10/08/2016;2,279511
KAPITALO ZETA FIC MULTIMERCADO;11/08/2016;2,299484
KAPITALO ZETA FIC MULTIMERCADO;12/08/2016;2,298719
KAPITALO ZETA FIC MULTIMERCADO;15/08/2016;2,306955
KAPITALO ZETA FIC MULTIMERCADO;16/08/2016;2,312514
KAPITALO ZETA FIC MULTIMERCADO;17/08/2016;2,317874
KAPITALO ZETA FIC MULTIMERCADO;18/08/2016;2,307937
KAPITALO ZETA FIC MULTIMERCADO;19/08/2016;2,314269
KAPITALO ZETA FIC MULTIMERCADO;22/08/2016;2,305978
KAPITALO ZETA FIC MULTIMERCADO;23/08/2016;2,31088
KAPITALO ZETA FIC MULTIMERCADO;24/08/2016;2,303305
KAPITALO ZETA FIC MULTIMERCADO;25/08/2016;2,306933
KAPITALO ZETA FIC MULTIMERCADO;26/08/2016;2,299236
KAPITALO ZETA FIC MULTIMERCADO;29/08/2016;2,303114
KAPITALO ZETA FIC MULTIMERCADO;30/08/2016;2,311786
KAPITALO ZETA FIC MULTIMERCADO;31/08/2016;2,311886
KAPITALO ZETA FIC MULTIMERCADO;01/09/2016;2,339935
KAPITALO ZETA FIC MULTIMERCADO;02/09/2016;2,353374
KAPITALO ZETA FIC MULTIMERCADO;05/09/2016;2,35078
KAPITALO ZETA FIC MULTIMERCADO;06/09/2016;2,361276
KAPITALO ZETA FIC MULTIMERCADO;08/09/2016;2,359083
KAPITALO ZETA FIC MULTIMERCADO;09/09/2016;2,325347
KAPITALO ZETA FIC MULTIMERCADO;12/09/2016;2,333327
KAPITALO ZETA FIC MULTIMERCADO;13/09/2016;2,313277
KAPITALO ZETA FIC MULTIMERCADO;14/09/2016;2,290987
KAPITALO ZETA FIC MULTIMERCADO;15/09/2016;2,315355
KAPITALO ZETA FIC MULTIMERCADO;16/09/2016;2,315304
KAPITALO ZETA FIC MULTIMERCADO;19/09/2016;2,314947
KAPITALO ZETA FIC MULTIMERCADO;20/09/2016;2,329254
KAPITALO ZETA FIC MULTIMERCADO;21/09/2016;2,351014
KAPITALO ZETA FIC MULTIMERCADO;22/09/2016;2,373903
KAPITALO ZETA FIC MULTIMERCADO;23/09/2016;2,369149
KAPITALO ZETA FIC MULTIMERCADO;26/09/2016;2,350642
KAPITALO ZETA FIC MULTIMERCADO;27/09/2016;2,354352
KAPITALO ZETA FIC MULTIMERCADO;28/09/2016;2,36793
KAPITALO ZETA FIC MULTIMERCADO;29/09/2016;2,353165
KAPITALO ZETA FIC MULTIMERCADO;30/09/2016;2,356717
KAPITALO ZETA FIC MULTIMERCADO;03/10/2016;2,368317
KAPITALO ZETA FIC MULTIMERCADO;04/10/2016;2,355042
KAPITALO ZETA FIC MULTIMERCADO;05/10/2016;2,369389
KAPITALO ZETA FIC MULTIMERCADO;06/10/2016;2,384701
KAPITALO ZETA FIC MULTIMERCADO;07/10/2016;2,397815
KAPITALO ZETA FIC MULTIMERCADO;10/10/2016;2,407892
KAPITALO ZETA FIC MULTIMERCADO;11/10/2016;2,400475
KAPITALO ZETA FIC MULTIMERCADO;13/10/2016;2,418059
KAPITALO ZETA FIC MULTIMERCADO;14/10/2016;2,424868
KAPITALO ZETA FIC MULTIMERCADO;17/10/2016;2,438286
KAPITALO ZETA FIC MULTIMERCADO;18/10/2016;2,446296
KAPITALO ZETA FIC MULTIMERCADO;19/10/2016;2,448803
KAPITALO ZETA FIC MULTIMERCADO;20/10/2016;2,452341
KAPITALO ZETA FIC MULTIMERCADO;21/10/2016;2,47041
KAPITALO ZETA FIC MULTIMERCADO;24/10/2016;2,484065
KAPITALO ZETA FIC MULTIMERCADO;25/10/2016;2,494082
KAPITALO ZETA FIC MULTIMERCADO;26/10/2016;2,490382
KAPITALO ZETA FIC MULTIMERCADO;27/10/2016;2,506655
KAPITALO ZETA FIC MULTIMERCADO;28/10/2016;2,494089
KAPITALO ZETA FIC MULTIMERCADO;31/10/2016;2,502167
KAPITALO ZETA FIC MULTIMERCADO;01/11/2016;2,482532
KAPITALO ZETA FIC MULTIMERCADO;03/11/2016;2,472359
KAPITALO ZETA FIC MULTIMERCADO;04/11/2016;2,477111
KAPITALO ZETA FIC MULTIMERCADO;07/11/2016;2,510089
KAPITALO ZETA FIC MULTIMERCADO;08/11/2016;2,514102
KAPITALO ZETA FIC MULTIMERCADO;09/11/2016;2,508201
KAPITALO ZETA FIC MULTIMERCADO;10/11/2016;2,45374
KAPITALO ZETA FIC MULTIMERCADO;11/11/2016;2,439239
KAPITALO ZETA FIC MULTIMERCADO;14/11/2016;2,414658
KAPITALO ZETA FIC MULTIMERCADO;16/11/2016;2,422164
KAPITALO ZETA FIC MULTIMERCADO;17/11/2016;2,437509
KAPITALO ZETA FIC MULTIMERCADO;18/11/2016;2,444839
KAPITALO ZETA FIC MULTIMERCADO;21/11/2016;2,457616
KAPITALO ZETA FIC MULTIMERCADO;22/11/2016;2,456641
KAPITALO ZETA FIC MULTIMERCADO;23/11/2016;2,446934
KAPITALO ZETA FIC MULTIMERCADO;24/11/2016;2,449218
KAPITALO ZETA FIC MULTIMERCADO;25/11/2016;2,448491
KAPITALO ZETA FIC MULTIMERCADO;28/11/2016;2,462286
KAPITALO ZETA FIC MULTIMERCADO;29/11/2016;2,471599
KAPITALO ZETA FIC MULTIMERCADO;30/11/2016;2,495241
KAPITALO ZETA FIC MULTIMERCADO;01/12/2016;2,478923
KAPITALO ZETA FIC MULTIMERCADO;02/12/2016;2,484583
KAPITALO ZETA FIC MULTIMERCADO;05/12/2016;2,493075
KAPITALO ZETA FIC MULTIMERCADO;06/12/2016;2,478994
KAPITALO ZETA FIC MULTIMERCADO;07/12/2016;2,49565
KAPITALO ZETA FIC MULTIMERCADO;08/12/2016;2,515133
KAPITALO ZETA FIC MULTIMERCADO;09/12/2016;2,507599
KAPITALO ZETA FIC MULTIMERCADO;12/12/2016;2,500768
KAPITALO ZETA FIC MULTIMERCADO;13/12/2016;2,493212
KAPITALO ZETA FIC MULTIMERCADO;14/12/2016;2,496472
KAPITALO ZETA FIC MULTIMERCADO;15/12/2016;2,496136
KAPITALO ZETA FIC MULTIMERCADO;16/12/2016;2,496778
KAPITALO ZETA FIC MULTIMERCADO;19/12/2016;2,505473
KAPITALO ZETA FIC MULTIMERCADO;20/12/2016;2,515588
KAPITALO ZETA FIC MULTIMERCADO;21/12/2016;2,526863
KAPITALO ZETA FIC MULTIMERCADO;22/12/2016;2,535927
KAPITALO ZETA FIC MULTIMERCADO;23/12/2016;2,546522
KAPITALO ZETA FIC MULTIMERCADO;26/12/2016;2,550635
KAPITALO ZETA FIC MULTIMERCADO;27/12/2016;2,551092
KAPITALO ZETA FIC MULTIMERCADO;28/12/2016;2,564919
KAPITALO ZETA FIC MULTIMERCADO;29/12/2016;2,571362
KAPITALO ZETA FIC MULTIMERCADO;30/12/2016;2,573286
KAPITALO ZETA FIC MULTIMERCADO;02/01/2017;2,573075
KAPITALO ZETA FIC MULTIMERCADO;03/01/2017;2,571589
KAPITALO ZETA FIC MULTIMERCADO;04/01/2017;2,582965
KAPITALO ZETA FIC MULTIMERCADO;05/01/2017;2,582511
KAPITALO ZETA FIC MULTIMERCADO;06/01/2017;2,588405
KAPITALO ZETA FIC MULTIMERCADO;09/01/2017;2,587182
KAPITALO ZETA FIC MULTIMERCADO;10/01/2017;2,582352
KAPITALO ZETA FIC MULTIMERCADO;11/01/2017;2,590421
KAPITALO ZETA FIC MULTIMERCADO;12/01/2017;2,614767
KAPITALO ZETA FIC MULTIMERCADO;13/01/2017;2,615969
KAPITALO ZETA FIC MULTIMERCADO;16/01/2017;2,622019
KAPITALO ZETA FIC MULTIMERCADO;17/01/2017;2,622356
KAPITALO ZETA FIC MULTIMERCADO;18/01/2017;2,625173
KAPITALO ZETA FIC MULTIMERCADO;19/01/2017;2,623526
KAPITALO ZETA FIC MULTIMERCADO;20/01/2017;2,639268
KAPITALO ZETA FIC MULTIMERCADO;23/01/2017;2,649723
KAPITALO ZETA FIC MULTIMERCADO;24/01/2017;2,654725
KAPITALO ZETA FIC MULTIMERCADO;25/01/2017;2,660359
KAPITALO ZETA FIC MULTIMERCADO;26/01/2017;2,671699
KAPITALO ZETA FIC MULTIMERCADO;27/01/2017;2,689854
KAPITALO ZETA FIC MULTIMERCADO;30/01/2017;2,698423
KAPITALO ZETA FIC MULTIMERCADO;31/01/2017;2,705162
KAPITALO ZETA FIC MULTIMERCADO;01/02/2017;2,71036
KAPITALO ZETA FIC MULTIMERCADO;02/02/2017;2,715149
KAPITALO ZETA FIC MULTIMERCADO;03/02/2017;2,729564
KAPITALO ZETA FIC MULTIMERCADO;06/02/2017;2,736607
KAPITALO ZETA FIC MULTIMERCADO;07/02/2017;2,744102
KAPITALO ZETA FIC MULTIMERCADO;08/02/2017;2,759222
KAPITALO ZETA FIC MULTIMERCADO;09/02/2017;2,758191
KAPITALO ZETA FIC MULTIMERCADO;10/02/2017;2,770477
KAPITALO ZETA FIC MULTIMERCADO;13/02/2017;2,777678
KAPITALO ZETA FIC MULTIMERCADO;14/02/2017;2,771397
KAPITALO ZETA FIC MULTIMERCADO;15/02/2017;2,78136
KAPITALO ZETA FIC MULTIMERCADO;16/02/2017;2,775315
KAPITALO ZETA FIC MULTIMERCADO;17/02/2017;2,783916
KAPITALO ZETA FIC MULTIMERCADO;20/02/2017;2,792183
KAPITALO ZETA FIC MULTIMERCADO;21/02/2017;2,81332
KAPITALO ZETA FIC MULTIMERCADO;22/02/2017;2,80991
KAPITALO ZETA FIC MULTIMERCADO;23/02/2017;2,824107
KAPITALO ZETA FIC MULTIMERCADO;24/02/2017;2,805371
KAPITALO ZETA FIC MULTIMERCADO;01/03/2017;2,825771
KAPITALO ZETA FIC MULTIMERCADO;02/03/2017;2,826871
KAPITALO ZETA FIC MULTIMERCADO;03/03/2017;2,835496
KAPITALO ZETA FIC MULTIMERCADO;06/03/2017;2,843858
KAPITALO ZETA FIC MULTIMERCADO;07/03/2017;2,84842
KAPITALO ZETA FIC MULTIMERCADO;08/03/2017;2,843033
KAPITALO ZETA FIC MULTIMERCADO;09/03/2017;2,830634
KAPITALO ZETA FIC MULTIMERCADO;10/03/2017;2,851209
KAPITALO ZETA FIC MULTIMERCADO;13/03/2017;2,857681
KAPITALO ZETA FIC MULTIMERCADO;14/03/2017;2,83737
KAPITALO ZETA FIC MULTIMERCADO;15/03/2017;2,854587
KAPITALO ZETA FIC MULTIMERCADO;16/03/2017;2,835246
KAPITALO ZETA FIC MULTIMERCADO;17/03/2017;2,837343
KAPITALO ZETA FIC MULTIMERCADO;20/03/2017;2,834733
KAPITALO ZETA FIC MULTIMERCADO;21/03/2017;2,830627
KAPITALO ZETA FIC MULTIMERCADO;22/03/2017;2,824776
KAPITALO ZETA FIC MULTIMERCADO;23/03/2017;2,81474
KAPITALO ZETA FIC MULTIMERCADO;24/03/2017;2,824189
KAPITALO ZETA FIC MULTIMERCADO;27/03/2017;2,829238
KAPITALO ZETA FIC MULTIMERCADO;28/03/2017;2,829395
KAPITALO ZETA FIC MULTIMERCADO;29/03/2017;2,841947
KAPITALO ZETA FIC MULTIMERCADO;30/03/2017;2,832751
KAPITALO ZETA FIC MULTIMERCADO;31/03/2017;2,84007
KAPITALO ZETA FIC MULTIMERCADO;03/04/2017;2,837065
KAPITALO ZETA FIC MULTIMERCADO;04/04/2017;2,85105
KAPITALO ZETA FIC MULTIMERCADO;05/04/2017;2,840414
KAPITALO ZETA FIC MULTIMERCADO;06/04/2017;2,821293
KAPITALO ZETA FIC MULTIMERCADO;07/04/2017;2,838325
KAPITALO ZETA FIC MULTIMERCADO;10/04/2017;2,842042
KAPITALO ZETA FIC MULTIMERCADO;11/04/2017;2,838665
KAPITALO ZETA FIC MULTIMERCADO;12/04/2017;2,823236
KAPITALO ZETA FIC MULTIMERCADO;13/04/2017;2,812014
KAPITALO ZETA FIC MULTIMERCADO;17/04/2017;2,826873
KAPITALO ZETA FIC MULTIMERCADO;18/04/2017;2,823351
KAPITALO ZETA FIC MULTIMERCADO;19/04/2017;2,81653
KAPITALO ZETA FIC MULTIMERCADO;20/04/2017;2,815991
KAPITALO ZETA FIC MULTIMERCADO;24/04/2017;2,820976
KAPITALO ZETA FIC MULTIMERCADO;25/04/2017;2,81179
KAPITALO ZETA FIC MULTIMERCADO;26/04/2017;2,804765
KAPITALO ZETA FIC MULTIMERCADO;27/04/2017;2,793187
KAPITALO ZETA FIC MULTIMERCADO;28/04/2017;2,8047
KAPITALO ZETA FIC MULTIMERCADO;02/05/2017;2,820562
KAPITALO ZETA FIC MULTIMERCADO;03/05/2017;2,819445
KAPITALO ZETA FIC MULTIMERCADO;04/05/2017;2,794044
KAPITALO ZETA FIC MULTIMERCADO;05/05/2017;2,80655
KAPITALO ZETA FIC MULTIMERCADO;08/05/2017;2,80766
KAPITALO ZETA FIC MULTIMERCADO;09/05/2017;2,822575
KAPITALO ZETA FIC MULTIMERCADO;10/05/2017;2,846557
KAPITALO ZETA FIC MULTIMERCADO;11/05/2017;2,869308
KAPITALO ZETA FIC MULTIMERCADO;12/05/2017;2,875624
KAPITALO ZETA FIC MULTIMERCADO;15/05/2017;2,899141
KAPITALO ZETA FIC MULTIMERCADO;16/05/2017;2,926432
KAPITALO ZETA FIC MULTIMERCADO;17/05/2017;2,916529
KAPITALO ZETA FIC MULTIMERCADO;18/05/2017;2,667662
KAPITALO ZETA FIC MULTIMERCADO;19/05/2017;2,73231
KAPITALO ZETA FIC MULTIMERCADO;22/05/2017;2,709277
KAPITALO ZETA FIC MULTIMERCADO;23/05/2017;2,72863
KAPITALO ZETA FIC MULTIMERCADO;24/05/2017;2,758322
KAPITALO ZETA FIC MULTIMERCADO;25/05/2017;2,747163
KAPITALO ZETA FIC MULTIMERCADO;26/05/2017;2,759107
KAPITALO ZETA FIC MULTIMERCADO;29/05/2017;2,764654
KAPITALO ZETA FIC MULTIMERCADO;30/05/2017;2,74064
KAPITALO ZETA FIC MULTIMERCADO;31/05/2017;2,741048
KAPITALO ZETA FIC MULTIMERCADO;01/06/2017;2,739176
KAPITALO ZETA FIC MULTIMERCADO;02/06/2017;2,749792
KAPITALO ZETA FIC MULTIMERCADO;05/06/2017;2,747482
KAPITALO ZETA FIC MULTIMERCADO;06/06/2017;2,758732
KAPITALO ZETA FIC MULTIMERCADO;07/06/2017;2,758538
KAPITALO ZETA FIC MULTIMERCADO;08/06/2017;2,761504
KAPITALO ZETA FIC MULTIMERCADO;09/06/2017;2,778778
KAPITALO ZETA FIC MULTIMERCADO;12/06/2017;2,77446
KAPITALO ZETA FIC MULTIMERCADO;13/06/2017;2,783884
KAPITALO ZETA FIC MULTIMERCADO;14/06/2017;2,775786
KAPITALO ZETA FIC MULTIMERCADO;16/06/2017;2,787316
KAPITALO ZETA FIC MULTIMERCADO;19/06/2017;2,791904
KAPITALO ZETA FIC MULTIMERCADO;20/06/2017;2,781988
KAPITALO ZETA FIC MULTIMERCADO;21/06/2017;2,785573
KAPITALO ZETA FIC MULTIMERCADO;22/06/2017;2,781595
KAPITALO ZETA FIC MULTIMERCADO;23/06/2017;2,784272
KAPITALO ZETA FIC MULTIMERCADO;26/06/2017;2,790006
KAPITALO ZETA FIC MULTIMERCADO;27/06/2017;2,796276
KAPITALO ZETA FIC MULTIMERCADO;28/06/2017;2,79846
KAPITALO ZETA FIC MULTIMERCADO;29/06/2017;2,80338
KAPITALO ZETA FIC MULTIMERCADO;30/06/2017;2,819169
KAPITALO ZETA FIC MULTIMERCADO;03/07/2017;2,824431
KAPITALO ZETA FIC MULTIMERCADO;04/07/2017;2,827903
KAPITALO ZETA FIC MULTIMERCADO;05/07/2017;2,83007
KAPITALO ZETA FIC MULTIMERCADO;06/07/2017;2,839196
KAPITALO ZETA FIC MULTIMERCADO;07/07/2017;2,839843
KAPITALO ZETA FIC MULTIMERCADO;10/07/2017;2,843009
KAPITALO ZETA FIC MULTIMERCADO;11/07/2017;2,851837
KAPITALO ZETA FIC MULTIMERCADO;12/07/2017;2,867646
KAPITALO ZETA FIC MULTIMERCADO;13/07/2017;2,870725
KAPITALO ZETA FIC MULTIMERCADO;14/07/2017;2,880854
KAPITALO ZETA FIC MULTIMERCADO;17/07/2017;2,884804
KAPITALO ZETA FIC MULTIMERCADO;18/07/2017;2,892919
KAPITALO ZETA FIC MULTIMERCADO;19/07/2017;2,900163
KAPITALO ZETA FIC MULTIMERCADO;20/07/2017;2,910588
KAPITALO ZETA FIC MULTIMERCADO;21/07/2017;2,914139
KAPITALO ZETA FIC MULTIMERCADO;24/07/2017;2,921134
KAPITALO ZETA FIC MULTIMERCADO;25/07/2017;2,9287
KAPITALO ZETA FIC MULTIMERCADO;26/07/2017;2,917586
KAPITALO ZETA FIC MULTIMERCADO;27/07/2017;2,93192
KAPITALO ZETA FIC MULTIMERCADO;28/07/2017;2,943657
KAPITALO ZETA FIC MULTIMERCADO;31/07/2017;2,948459
KAPITALO ZETA FIC MULTIMERCADO;01/08/2017;2,949503
KAPITALO ZETA FIC MULTIMERCADO;02/08/2017;2,963068
KAPITALO ZETA FIC MULTIMERCADO;03/08/2017;2,969568
KAPITALO ZETA FIC MULTIMERCADO;04/08/2017;2,9662
KAPITALO ZETA FIC MULTIMERCADO;07/08/2017;2,968169
KAPITALO ZETA FIC MULTIMERCADO;08/08/2017;2,96765
KAPITALO ZETA FIC MULTIMERCADO;09/08/2017;2,959837
KAPITALO ZETA FIC MULTIMERCADO;10/08/2017;2,952889
KAPITALO ZETA FIC MULTIMERCADO;11/08/2017;2,945957
KAPITALO ZETA FIC MULTIMERCADO;14/08/2017;2,9518
KAPITALO ZETA FIC MULTIMERCADO;15/08/2017;2,954224
KAPITALO ZETA FIC MULTIMERCADO;16/08/2017;2,947809
KAPITALO ZETA FIC MULTIMERCADO;17/08/2017;2,942064
KAPITALO ZETA FIC MULTIMERCADO;18/08/2017;2,954157
KAPITALO ZETA FIC MULTIMERCADO;21/08/2017;2,943723
KAPITALO ZETA FIC MULTIMERCADO;22/08/2017;2,962541
KAPITALO ZETA FIC MULTIMERCADO;23/08/2017;2,969683
KAPITALO ZETA FIC MULTIMERCADO;24/08/2017;2,971851
KAPITALO ZETA FIC MULTIMERCADO;25/08/2017;2,980175
KAPITALO ZETA FIC MULTIMERCADO;28/08/2017;2,985932
KAPITALO ZETA FIC MULTIMERCADO;29/08/2017;2,98927
KAPITALO ZETA FIC MULTIMERCADO;30/08/2017;2,984878
KAPITALO ZETA FIC MULTIMERCADO;31/08/2017;2,995678
KAPITALO ZETA FIC MULTIMERCADO;01/09/2017;3,015204
KAPITALO ZETA FIC MULTIMERCADO;04/09/2017;3,020326
KAPITALO ZETA FIC MULTIMERCADO;05/09/2017;3,019689
KAPITALO ZETA FIC MULTIMERCADO;06/09/2017;3,048057
KAPITALO ZETA FIC MULTIMERCADO;08/09/2017;3,04972
KAPITALO ZETA FIC MULTIMERCADO;11/09/2017;3,051726
KAPITALO ZETA FIC MULTIMERCADO;12/09/2017;3,051782
KAPITALO ZETA FIC MULTIMERCADO;13/09/2017;3,055872
KAPITALO ZETA FIC MULTIMERCADO;14/09/2017;3,060341
KAPITALO ZETA FIC MULTIMERCADO;15/09/2017;3,070282
KAPITALO ZETA FIC MULTIMERCADO;18/09/2017;3,074478
KAPITALO ZETA FIC MULTIMERCADO;19/09/2017;3,086864
KAPITALO ZETA FIC MULTIMERCADO;20/09/2017;3,100236
KAPITALO ZETA FIC MULTIMERCADO;21/09/2017;3,110487
KAPITALO ZETA FIC MULTIMERCADO;22/09/2017;3,119221
KAPITALO ZETA FIC MULTIMERCADO;25/09/2017;3,102719
KAPITALO ZETA FIC MULTIMERCADO;26/09/2017;3,108257
KAPITALO ZETA FIC MULTIMERCADO;27/09/2017;3,102056
KAPITALO ZETA FIC MULTIMERCADO;28/09/2017;3,102394
KAPITALO ZETA FIC MULTIMERCADO;29/09/2017;3,117775
KAPITALO ZETA FIC MULTIMERCADO;02/10/2017;3,117982
KAPITALO ZETA FIC MULTIMERCADO;03/10/2017;3,118447
KAPITALO ZETA FIC MULTIMERCADO;04/10/2017;3,108394
KAPITALO ZETA FIC MULTIMERCADO;05/10/2017;3,101613
KAPITALO ZETA FIC MULTIMERCADO;06/10/2017;3,102178
KAPITALO ZETA FIC MULTIMERCADO;09/10/2017;3,091918
KAPITALO ZETA FIC MULTIMERCADO;10/10/2017;3,113351
KAPITALO ZETA FIC MULTIMERCADO;11/10/2017;3,11253
KAPITALO ZETA FIC MULTIMERCADO;13/10/2017;3,109857
KAPITALO ZETA FIC MULTIMERCADO;16/10/2017;3,097308
KAPITALO ZETA FIC MULTIMERCADO;17/10/2017;3,09805
KAPITALO ZETA FIC MULTIMERCADO;18/10/2017;3,116766
KAPITALO ZETA FIC MULTIMERCADO;19/10/2017;3,123568
KAPITALO ZETA FIC MULTIMERCADO;20/10/2017;3,124855
KAPITALO ZETA FIC MULTIMERCADO;23/10/2017;3,120317
KAPITALO ZETA FIC MULTIMERCADO;24/10/2017;3,118375
KAPITALO ZETA FIC MULTIMERCADO;25/10/2017;3,122628
KAPITALO ZETA FIC MULTIMERCADO;26/10/2017;3,076645
KAPITALO ZETA FIC MULTIMERCADO;27/10/2017;3,093556
KAPITALO ZETA FIC MULTIMERCADO;30/10/2017;3,078435
KAPITALO ZETA FIC MULTIMERCADO;31/10/2017;3,083744
KAPITALO ZETA FIC MULTIMERCADO;01/11/2017;3,073193
KAPITALO ZETA FIC MULTIMERCADO;03/11/2017;3,052668
KAPITALO ZETA FIC MULTIMERCADO;06/11/2017;3,079047
KAPITALO ZETA FIC MULTIMERCADO;07/11/2017;3,053506
KAPITALO ZETA FIC MULTIMERCADO;08/11/2017;3,081395
KAPITALO ZETA FIC MULTIMERCADO;09/11/2017;3,070024
KAPITALO ZETA FIC MULTIMERCADO;10/11/2017;3,047715
KAPITALO ZETA FIC MULTIMERCADO;13/11/2017;3,041848
KAPITALO ZETA FIC MULTIMERCADO;14/11/2017;3,019995
KAPITALO ZETA FIC MULTIMERCADO;16/11/2017;3,036842
KAPITALO ZETA FIC MULTIMERCADO;17/11/2017;3,069989
KAPITALO ZETA FIC MULTIMERCADO;20/11/2017;3,066057
KAPITALO ZETA FIC MULTIMERCADO;21/11/2017;3,084608
KAPITALO ZETA FIC MULTIMERCADO;22/11/2017;3,100711
KAPITALO ZETA FIC MULTIMERCADO;23/11/2017;3,114606
KAPITALO ZETA FIC MULTIMERCADO;24/11/2017;3,112146
KAPITALO ZETA FIC MULTIMERCADO;27/11/2017;3,121462
KAPITALO ZETA FIC MULTIMERCADO;28/11/2017;3,119321
KAPITALO ZETA FIC MULTIMERCADO;29/11/2017;3,086447
KAPITALO ZETA FIC MULTIMERCADO;30/11/2017;3,072047
KAPITALO ZETA FIC MULTIMERCADO;01/12/2017;3,08248
KAPITALO ZETA FIC MULTIMERCADO;04/12/2017;3,08798
KAPITALO ZETA FIC MULTIMERCADO;05/12/2017;3,075966
KAPITALO ZETA FIC MULTIMERCADO;06/12/2017;3,068161
KAPITALO ZETA FIC MULTIMERCADO;07/12/2017;3,055235
KAPITALO ZETA FIC MULTIMERCADO;08/12/2017;3,066674
KAPITALO ZETA FIC MULTIMERCADO;11/12/2017;3,059729
KAPITALO ZETA FIC MULTIMERCADO;12/12/2017;3,046314
KAPITALO ZETA FIC MULTIMERCADO;13/12/2017;3,04527
KAPITALO ZETA FIC MULTIMERCADO;14/12/2017;3,027604
KAPITALO ZETA FIC MULTIMERCADO;15/12/2017;3,025764
KAPITALO ZETA FIC MULTIMERCADO;18/12/2017;3,038363
KAPITALO ZETA FIC MULTIMERCADO;19/12/2017;3,029928
KAPITALO ZETA FIC MULTIMERCADO;20/12/2017;3,051764
KAPITALO ZETA FIC MULTIMERCADO;21/12/2017;3,039655
KAPITALO ZETA FIC MULTIMERCADO;22/12/2017;3,037359
KAPITALO ZETA FIC MULTIMERCADO;26/12/2017;3,043741
KAPITALO ZETA FIC MULTIMERCADO;27/12/2017;3,055576
KAPITALO ZETA FIC MULTIMERCADO;28/12/2017;3,073702
KAPITALO ZETA FIC MULTIMERCADO;29/12/2017;3,085361
KAPITALO ZETA FIC MULTIMERCADO;02/01/2018;3,159762
KAPITALO ZETA FIC MULTIMERCADO;03/01/2018;3,140248
KAPITALO ZETA FIC MULTIMERCADO;04/01/2018;3,15054
KAPITALO ZETA FIC MULTIMERCADO;05/01/2018;3,140957
KAPITALO ZETA FIC MULTIMERCADO;08/01/2018;3,133661
KAPITALO ZETA FIC MULTIMERCADO;09/01/2018;3,127918
KAPITALO ZETA FIC MULTIMERCADO;10/01/2018;3,122683
KAPITALO ZETA FIC MULTIMERCADO;11/01/2018;3,144174
KAPITALO ZETA FIC MULTIMERCADO;12/01/2018;3,150807
KAPITALO ZETA FIC MULTIMERCADO;15/01/2018;3,166847
KAPITALO ZETA FIC MULTIMERCADO;16/01/2018;3,167995
KAPITALO ZETA FIC MULTIMERCADO;17/01/2018;3,172558
KAPITALO ZETA FIC MULTIMERCADO;18/01/2018;3,177474
KAPITALO ZETA FIC MULTIMERCADO;19/01/2018;3,183189
KAPITALO ZETA FIC MULTIMERCADO;22/01/2018;3,184229
KAPITALO ZETA FIC MULTIMERCADO;23/01/2018;3,180044
KAPITALO ZETA FIC MULTIMERCADO;24/01/2018;3,237573
KAPITALO ZETA FIC MULTIMERCADO;25/01/2018;3,232106
KAPITALO ZETA FIC MULTIMERCADO;26/01/2018;3,258608
KAPITALO ZETA FIC MULTIMERCADO;29/01/2018;3,244483
KAPITALO ZETA FIC MULTIMERCADO;30/01/2018;3,231138
KAPITALO ZETA FIC MULTIMERCADO;31/01/2018;3,246246
KAPITALO ZETA FIC MULTIMERCADO;01/02/2018;3,26689
KAPITALO ZETA FIC MULTIMERCADO;02/02/2018;3,259186
KAPITALO ZETA FIC MULTIMERCADO;05/02/2018;3,239983
KAPITALO ZETA FIC MULTIMERCADO;06/02/2018;3,259499
KAPITALO ZETA FIC MULTIMERCADO;07/02/2018;3,253543
KAPITALO ZETA FIC MULTIMERCADO;08/02/2018;3,242096
KAPITALO ZETA FIC MULTIMERCADO;09/02/2018;3,230186
KAPITALO ZETA FIC MULTIMERCADO;14/02/2018;3,266466
KAPITALO ZETA FIC MULTIMERCADO;15/02/2018;3,276976
KAPITALO ZETA FIC MULTIMERCADO;16/02/2018;3,285902
KAPITALO ZETA FIC MULTIMERCADO;19/02/2018;3,313135
KAPITALO ZETA FIC MULTIMERCADO;20/02/2018;3,317579
KAPITALO ZETA FIC MULTIMERCADO;21/02/2018;3,336031
KAPITALO ZETA FIC MULTIMERCADO;22/02/2018;3,336043
KAPITALO ZETA FIC MULTIMERCADO;23/02/2018;3,342009
KAPITALO ZETA FIC MULTIMERCADO;26/02/2018;3,347279
KAPITALO ZETA FIC MULTIMERCADO;27/02/2018;3,339434
KAPITALO ZETA FIC MULTIMERCADO;28/02/2018;3,345384
KAPITALO ZETA FIC MULTIMERCADO;01/03/2018;3,347658
KAPITALO ZETA FIC MULTIMERCADO;02/03/2018;3,359681
KAPITALO ZETA FIC MULTIMERCADO;05/03/2018;3,365444
KAPITALO ZETA FIC MULTIMERCADO;06/03/2018;3,358856
KAPITALO ZETA FIC MULTIMERCADO;07/03/2018;3,360778
KAPITALO ZETA FIC MULTIMERCADO;08/03/2018;3,357325
KAPITALO ZETA FIC MULTIMERCADO;09/03/2018;3,374882
KAPITALO ZETA FIC MULTIMERCADO;12/03/2018;3,373014
KAPITALO ZETA FIC MULTIMERCADO;13/03/2018;3,373217
KAPITALO ZETA FIC MULTIMERCADO;14/03/2018;3,365403
KAPITALO ZETA FIC MULTIMERCADO;15/03/2018;3,350843
KAPITALO ZETA FIC MULTIMERCADO;16/03/2018;3,39034
KAPITALO ZETA FIC MULTIMERCADO;19/03/2018;3,389978
KAPITALO ZETA FIC MULTIMERCADO;20/03/2018;3,389895
KAPITALO ZETA FIC MULTIMERCADO;21/03/2018;3,415476
KAPITALO ZETA FIC MULTIMERCADO;22/03/2018;3,463706
KAPITALO ZETA FIC MULTIMERCADO;23/03/2018;3,471045
KAPITALO ZETA FIC MULTIMERCADO;26/03/2018;3,489703
KAPITALO ZETA FIC MULTIMERCADO;27/03/2018;3,461861
KAPITALO ZETA FIC MULTIMERCADO;28/03/2018;3,449285
KAPITALO ZETA FIC MULTIMERCADO;29/03/2018;3,469088
KAPITALO ZETA FIC MULTIMERCADO;02/04/2018;3,448181
KAPITALO ZETA FIC MULTIMERCADO;03/04/2018;3,457113
KAPITALO ZETA FIC MULTIMERCADO;04/04/2018;3,454237
KAPITALO ZETA FIC MULTIMERCADO;05/04/2018;3,483838
KAPITALO ZETA FIC MULTIMERCADO;06/04/2018;3,488585
KAPITALO ZETA FIC MULTIMERCADO;09/04/2018;3,476817
KAPITALO ZETA FIC MULTIMERCADO;10/04/2018;3,485654
KAPITALO ZETA FIC MULTIMERCADO;11/04/2018;3,478094
KAPITALO ZETA FIC MULTIMERCADO;12/04/2018;3,504351
KAPITALO ZETA FIC MULTIMERCADO;13/04/2018;3,493277
KAPITALO ZETA FIC MULTIMERCADO;16/04/2018;3,496477
KAPITALO ZETA FIC MULTIMERCADO;17/04/2018;3,527116
KAPITALO ZETA FIC MULTIMERCADO;18/04/2018;3,543132
KAPITALO ZETA FIC MULTIMERCADO;19/04/2018;3,544889
KAPITALO ZETA FIC MULTIMERCADO;20/04/2018;3,559245
KAPITALO ZETA FIC MULTIMERCADO;23/04/2018;3,569015
KAPITALO ZETA FIC MULTIMERCADO;24/04/2018;3,553972
KAPITALO ZETA FIC MULTIMERCADO;25/04/2018;3,55705
KAPITALO ZETA FIC MULTIMERCADO;26/04/2018;3,574997
KAPITALO ZETA FIC MULTIMERCADO;27/04/2018;3,575152
KAPITALO ZETA FIC MULTIMERCADO;30/04/2018;3,568474
KAPITALO ZETA FIC MULTIMERCADO;02/05/2018;3,553637
KAPITALO ZETA FIC MULTIMERCADO;03/05/2018;3,540668
KAPITALO ZETA FIC MULTIMERCADO;04/05/2018;3,532754
KAPITALO ZETA FIC MULTIMERCADO;07/05/2018;3,526008
KAPITALO ZETA FIC MULTIMERCADO;08/05/2018;3,522707
KAPITALO ZETA FIC MULTIMERCADO;09/05/2018;3,549898
KAPITALO ZETA FIC MULTIMERCADO;10/05/2018;3,579158
KAPITALO ZETA FIC MULTIMERCADO;11/05/2018;3,571402
KAPITALO ZETA FIC MULTIMERCADO;14/05/2018;3,559826
KAPITALO ZETA FIC MULTIMERCADO;15/05/2018;3,549857
KAPITALO ZETA FIC MULTIMERCADO;16/05/2018;3,558651
KAPITALO ZETA FIC MULTIMERCADO;17/05/2018;3,523601
KAPITALO ZETA FIC MULTIMERCADO;18/05/2018;3,502107
KAPITALO ZETA FIC MULTIMERCADO;21/05/2018;3,525828
KAPITALO ZETA FIC MULTIMERCADO;22/05/2018;3,559727
KAPITALO ZETA FIC MULTIMERCADO;23/05/2018;3,537452
KAPITALO ZETA FIC MULTIMERCADO;24/05/2018;3,510522
KAPITALO ZETA FIC MULTIMERCADO;25/05/2018;3,490922
KAPITALO ZETA FIC MULTIMERCADO;28/05/2018;3,480413
KAPITALO ZETA FIC MULTIMERCADO;29/05/2018;3,443381
KAPITALO ZETA FIC MULTIMERCADO;30/05/2018;3,464757
KAPITALO ZETA FIC MULTIMERCADO;01/06/2018;3,494684
KAPITALO ZETA FIC MULTIMERCADO;04/06/2018;3,531483
KAPITALO ZETA FIC MULTIMERCADO;05/06/2018;3,513384
KAPITALO ZETA FIC MULTIMERCADO;06/06/2018;3,529998
KAPITALO ZETA FIC MULTIMERCADO;07/06/2018;3,487417
KAPITALO ZETA FIC MULTIMERCADO;08/06/2018;3,503471
KAPITALO ZETA FIC MULTIMERCADO;11/06/2018;3,505156
KAPITALO ZETA FIC MULTIMERCADO;12/06/2018;3,514334
KAPITALO ZETA FIC MULTIMERCADO;13/06/2018;3,519355
KAPITALO ZETA FIC MULTIMERCADO;14/06/2018;3,503282
KAPITALO ZETA FIC MULTIMERCADO;15/06/2018;3,501581
KAPITALO ZETA FIC MULTIMERCADO;18/06/2018;3,50085
KAPITALO ZETA FIC MULTIMERCADO;19/06/2018;3,501577
KAPITALO ZETA FIC MULTIMERCADO;20/06/2018;3,517306
KAPITALO ZETA FIC MULTIMERCADO;21/06/2018;3,513011
KAPITALO ZETA FIC MULTIMERCADO;22/06/2018;3,528907
KAPITALO ZETA FIC MULTIMERCADO;25/06/2018;3,533285
KAPITALO ZETA FIC MULTIMERCADO;26/06/2018;3,538749
KAPITALO ZETA FIC MULTIMERCADO;27/06/2018;3,533608
KAPITALO ZETA FIC MULTIMERCADO;28/06/2018;3,536768
KAPITALO ZETA FIC MULTIMERCADO;29/06/2018;3,553447
KAPITALO ZETA FIC MULTIMERCADO;02/07/2018;3,54493
KAPITALO ZETA FIC MULTIMERCADO;03/07/2018;3,546995
KAPITALO ZETA FIC MULTIMERCADO;04/07/2018;3,562134
KAPITALO ZETA FIC MULTIMERCADO;05/07/2018;3,572343
KAPITALO ZETA FIC MULTIMERCADO;06/07/2018;3,569359
KAPITALO ZETA FIC MULTIMERCADO;09/07/2018;3,579558
KAPITALO ZETA FIC MULTIMERCADO;10/07/2018;3,572407
KAPITALO ZETA FIC MULTIMERCADO;11/07/2018;3,574686
KAPITALO ZETA FIC MULTIMERCADO;12/07/2018;3,591161
KAPITALO ZETA FIC MULTIMERCADO;13/07/2018;3,586773
KAPITALO ZETA FIC MULTIMERCADO;16/07/2018;3,583266
KAPITALO ZETA FIC MULTIMERCADO;17/07/2018;3,590029
KAPITALO ZETA FIC MULTIMERCADO;18/07/2018;3,578869
KAPITALO ZETA FIC MULTIMERCADO;19/07/2018;3,570514
KAPITALO ZETA FIC MULTIMERCADO;20/07/2018;3,589955
KAPITALO ZETA FIC MULTIMERCADO;23/07/2018;3,609109
KAPITALO ZETA FIC MULTIMERCADO;24/07/2018;3,612199
KAPITALO ZETA FIC MULTIMERCADO;25/07/2018;3,614686
KAPITALO ZETA FIC MULTIMERCADO;26/07/2018;3,597073
KAPITALO ZETA FIC MULTIMERCADO;27/07/2018;3,603057
KAPITALO ZETA FIC MULTIMERCADO;30/07/2018;3,607518
KAPITALO ZETA FIC MULTIMERCADO;31/07/2018;3,611342
KAPITALO ZETA FIC MULTIMERCADO;01/08/2018;3,608098
KAPITALO ZETA FIC MULTIMERCADO;02/08/2018;3,613205
KAPITALO ZETA FIC MULTIMERCADO;03/08/2018;3,620229
KAPITALO ZETA FIC MULTIMERCADO;06/08/2018;3,609033
KAPITALO ZETA FIC MULTIMERCADO;07/08/2018;3,604951
KAPITALO ZETA FIC MULTIMERCADO;08/08/2018;3,5947
KAPITALO ZETA FIC MULTIMERCADO;09/08/2018;3,584779
KAPITALO ZETA FIC MULTIMERCADO;10/08/2018;3,557278
KAPITALO ZETA FIC MULTIMERCADO;13/08/2018;3,565002
KAPITALO ZETA FIC MULTIMERCADO;14/08/2018;3,562591
KAPITALO ZETA FIC MULTIMERCADO;15/08/2018;3,529723
KAPITALO ZETA FIC MULTIMERCADO;16/08/2018;3,527114
KAPITALO ZETA FIC MULTIMERCADO;17/08/2018;3,523782
KAPITALO ZETA FIC MULTIMERCADO;20/08/2018;3,544889
KAPITALO ZETA FIC MULTIMERCADO;21/08/2018;3,562565
KAPITALO ZETA FIC MULTIMERCADO;22/08/2018;3,573322
KAPITALO ZETA FIC MULTIMERCADO;23/08/2018;3,565675
KAPITALO ZETA FIC MULTIMERCADO;24/08/2018;3,584758
KAPITALO ZETA FIC MULTIMERCADO;27/08/2018;3,605508
KAPITALO ZETA FIC MULTIMERCADO;28/08/2018;3,609125
KAPITALO ZETA FIC MULTIMERCADO;29/08/2018;3,618873
KAPITALO ZETA FIC MULTIMERCADO;30/08/2018;3,596339
KAPITALO ZETA FIC MULTIMERCADO;31/08/2018;3,600526
KAPITALO ZETA FIC MULTIMERCADO;03/09/2018;3,603044
KAPITALO ZETA FIC MULTIMERCADO;04/09/2018;3,602602
KAPITALO ZETA FIC MULTIMERCADO;05/09/2018;3,62686
KAPITALO ZETA FIC MULTIMERCADO;06/09/2018;3,636834
KAPITALO ZETA FIC MULTIMERCADO;10/09/2018;3,639447
KAPITALO ZETA FIC MULTIMERCADO;11/09/2018;3,644453
KAPITALO ZETA FIC MULTIMERCADO;12/09/2018;3,647568
KAPITALO ZETA FIC MULTIMERCADO;13/09/2018;3,651372
KAPITALO ZETA FIC MULTIMERCADO;14/09/2018;3,654466
KAPITALO ZETA FIC MULTIMERCADO;17/09/2018;3,655494
KAPITALO ZETA FIC MULTIMERCADO;18/09/2018;3,657212
KAPITALO ZETA FIC MULTIMERCADO;19/09/2018;3,653259
KAPITALO ZETA FIC MULTIMERCADO;20/09/2018;3,667153
KAPITALO ZETA FIC MULTIMERCADO;21/09/2018;3,674726
KAPITALO ZETA FIC MULTIMERCADO;24/09/2018;3,66556
KAPITALO ZETA FIC MULTIMERCADO;25/09/2018;3,683161
KAPITALO ZETA FIC MULTIMERCADO;26/09/2018;3,671355
KAPITALO ZETA FIC MULTIMERCADO;27/09/2018;3,686999
KAPITALO ZETA FIC MULTIMERCADO;28/09/2018;3,686435
KAPITALO ZETA FIC MULTIMERCADO;01/10/2018;3,684539
KAPITALO ZETA FIC MULTIMERCADO;02/10/2018;3,686479
KAPITALO ZETA FIC MULTIMERCADO;03/10/2018;3,714291
KAPITALO ZETA FIC MULTIMERCADO;04/10/2018;3,711573
KAPITALO ZETA FIC MULTIMERCADO;05/10/2018;3,717547
KAPITALO ZETA FIC MULTIMERCADO;08/10/2018;3,76069
KAPITALO ZETA FIC MULTIMERCADO;09/10/2018;3,773668
KAPITALO ZETA FIC MULTIMERCADO;10/10/2018;3,743997
KAPITALO ZETA FIC MULTIMERCADO;11/10/2018;3,714433
KAPITALO ZETA FIC MULTIMERCADO;15/10/2018;3,72688
KAPITALO ZETA FIC MULTIMERCADO;16/10/2018;3,768446
KAPITALO ZETA FIC MULTIMERCADO;17/10/2018;3,770965
KAPITALO ZETA FIC MULTIMERCADO;18/10/2018;3,730651
KAPITALO ZETA FIC MULTIMERCADO;19/10/2018;3,729847
KAPITALO ZETA FIC MULTIMERCADO;22/10/2018;3,77334
KAPITALO ZETA FIC MULTIMERCADO;23/10/2018;3,76029
KAPITALO ZETA FIC MULTIMERCADO;24/10/2018;3,726714
KAPITALO ZETA FIC MULTIMERCADO;25/10/2018;3,768457
KAPITALO ZETA FIC MULTIMERCADO;26/10/2018;3,818582
KAPITALO ZETA FIC MULTIMERCADO;29/10/2018;3,751319
KAPITALO ZETA FIC MULTIMERCADO;30/10/2018;3,805046
KAPITALO ZETA FIC MULTIMERCADO;31/10/2018;3,809806
KAPITALO ZETA FIC MULTIMERCADO;01/11/2018;3,806687
KAPITALO ZETA FIC MULTIMERCADO;05/11/2018;3,816155
KAPITALO ZETA FIC MULTIMERCADO;06/11/2018;3,785152
KAPITALO ZETA FIC MULTIMERCADO;07/11/2018;3,772378
KAPITALO ZETA FIC MULTIMERCADO;08/11/2018;3,741365
KAPITALO ZETA FIC MULTIMERCADO;09/11/2018;3,746477
KAPITALO ZETA FIC MULTIMERCADO;12/11/2018;3,735503
KAPITALO ZETA FIC MULTIMERCADO;13/11/2018;3,716103
KAPITALO ZETA FIC MULTIMERCADO;14/11/2018;3,733287
KAPITALO ZETA FIC MULTIMERCADO;16/11/2018;3,767183
KAPITALO ZETA FIC MULTIMERCADO;19/11/2018;3,742857
KAPITALO ZETA FIC MULTIMERCADO;20/11/2018;3,728602
KAPITALO ZETA FIC MULTIMERCADO;21/11/2018;3,71257
KAPITALO ZETA FIC MULTIMERCADO;22/11/2018;3,727426
KAPITALO ZETA FIC MULTIMERCADO;23/11/2018;3,697634
KAPITALO ZETA FIC MULTIMERCADO;26/11/2018;3,650198
KAPITALO ZETA FIC MULTIMERCADO;27/11/2018;3,688148
KAPITALO ZETA FIC MULTIMERCADO;28/11/2018;3,708939
KAPITALO ZETA FIC MULTIMERCADO;29/11/2018;3,708595
KAPITALO ZETA FIC MULTIMERCADO;30/11/2018;3,70977
KAPITALO ZETA FIC MULTIMERCADO;03/12/2018;3,74185
KAPITALO ZETA FIC MULTIMERCADO;04/12/2018;3,689812
KAPITALO ZETA FIC MULTIMERCADO;05/12/2018;3,704267
KAPITALO ZETA FIC MULTIMERCADO;06/12/2018;3,674436
KAPITALO ZETA FIC MULTIMERCADO;07/12/2018;3,655573
KAPITALO ZETA FIC MULTIMERCADO;10/12/2018;3,609604
KAPITALO ZETA FIC MULTIMERCADO;11/12/2018;3,620644
KAPITALO ZETA FIC MULTIMERCADO;12/12/2018;3,659806
KAPITALO ZETA FIC MULTIMERCADO;13/12/2018;3,666143
KAPITALO ZETA FIC MULTIMERCADO;14/12/2018;3,653958
KAPITALO ZETA FIC MULTIMERCADO;17/12/2018;3,610657
KAPITALO ZETA FIC MULTIMERCADO;18/12/2018;3,600236
KAPITALO ZETA FIC MULTIMERCADO;19/12/2018;3,61086
KAPITALO ZETA FIC MULTIMERCADO;20/12/2018;3,613856
KAPITALO ZETA FIC MULTIMERCADO;21/12/2018;3,594187
KAPITALO ZETA FIC MULTIMERCADO;24/12/2018;3,594149
KAPITALO ZETA FIC MULTIMERCADO;26/12/2018;3,590881
KAPITALO ZETA FIC MULTIMERCADO;27/12/2018;3,598505
KAPITALO ZETA FIC MULTIMERCADO;28/12/2018;3,636432
KAPITALO ZETA FIC MULTIMERCADO;31/12/2018;3,636311
KAPITALO ZETA FIC MULTIMERCADO;02/01/2019;3,690487
KAPITALO ZETA FIC MULTIMERCADO;03/01/2019;3,692009
KAPITALO ZETA FIC MULTIMERCADO;04/01/2019;3,712658
KAPITALO ZETA FIC MULTIMERCADO;07/01/2019;3,705284
KAPITALO ZETA FIC MULTIMERCADO;08/01/2019;3,718177
KAPITALO ZETA FIC MULTIMERCADO;09/01/2019;3,747203
KAPITALO ZETA FIC MULTIMERCADO;10/01/2019;3,73757
KAPITALO ZETA FIC MULTIMERCADO;11/01/2019;3,722075
KAPITALO ZETA FIC MULTIMERCADO;14/01/2019;3,725199
KAPITALO ZETA FIC MULTIMERCADO;15/01/2019;3,725935
KAPITALO ZETA FIC MULTIMERCADO;16/01/2019;3,733443
KAPITALO ZETA FIC MULTIMERCADO;17/01/2019;3,742277
KAPITALO ZETA FIC MULTIMERCADO;18/01/2019;3,760619
KAPITALO ZETA FIC MULTIMERCADO;21/01/2019;3,768745
KAPITALO ZETA FIC MULTIMERCADO;22/01/2019;3,737205
KAPITALO ZETA FIC MULTIMERCADO;23/01/2019;3,762725
KAPITALO ZETA FIC MULTIMERCADO;24/01/2019;3,76969
KAPITALO ZETA FIC MULTIMERCADO;25/01/2019;3,769971
KAPITALO ZETA FIC MULTIMERCADO;28/01/2019;3,750064
KAPITALO ZETA FIC MULTIMERCADO;29/01/2019;3,768994
KAPITALO ZETA FIC MULTIMERCADO;30/01/2019;3,778841
KAPITALO ZETA FIC MULTIMERCADO;31/01/2019;3,796668
KAPITALO ZETA FIC MULTIMERCADO;01/02/2019;3,79663
KAPITALO ZETA FIC MULTIMERCADO;04/02/2019;3,804142
KAPITALO ZETA FIC MULTIMERCADO;05/02/2019;3,808135
KAPITALO ZETA FIC MULTIMERCADO;06/02/2019;3,78946
KAPITALO ZETA FIC MULTIMERCADO;07/02/2019;3,772529
KAPITALO ZETA FIC MULTIMERCADO;08/02/2019;3,772997
KAPITALO ZETA FIC MULTIMERCADO;11/02/2019;3,751739
KAPITALO ZETA FIC MULTIMERCADO;12/02/2019;3,783682
KAPITALO ZETA FIC MULTIMERCADO;13/02/2019;3,787141
KAPITALO ZETA FIC MULTIMERCADO;14/02/2019;3,804991
KAPITALO ZETA FIC MULTIMERCADO;15/02/2019;3,816091
KAPITALO ZETA FIC MULTIMERCADO;18/02/2019;3,81578
KAPITALO ZETA FIC MULTIMERCADO;19/02/2019;3,819535
KAPITALO ZETA FIC MULTIMERCADO;20/02/2019;3,813375
KAPITALO ZETA FIC MULTIMERCADO;21/02/2019;3,808394
KAPITALO ZETA FIC MULTIMERCADO;22/02/2019;3,820496
KAPITALO ZETA FIC MULTIMERCADO;25/02/2019;3,814502
KAPITALO ZETA FIC MULTIMERCADO;26/02/2019;3,822356
KAPITALO ZETA FIC MULTIMERCADO;27/02/2019;3,82938
KAPITALO ZETA FIC MULTIMERCADO;28/02/2019;3,825941
KAPITALO ZETA FIC MULTIMERCADO;01/03/2019;3,818926
KAPITALO ZETA FIC MULTIMERCADO;06/03/2019;3,810291
KAPITALO ZETA FIC MULTIMERCADO;07/03/2019;3,804077
KAPITALO ZETA FIC MULTIMERCADO;08/03/2019;3,807455
KAPITALO ZETA FIC MULTIMERCADO;11/03/2019;3,844489
KAPITALO ZETA FIC MULTIMERCADO;12/03/2019;3,845141
KAPITALO ZETA FIC MULTIMERCADO;13/03/2019;3,870814
KAPITALO ZETA FIC MULTIMERCADO;14/03/2019;3,859841
KAPITALO ZETA FIC MULTIMERCADO;15/03/2019;3,873598
KAPITALO ZETA FIC MULTIMERCADO;18/03/2019;3,888744
KAPITALO ZETA FIC MULTIMERCADO;19/03/2019;3,88029
KAPITALO ZETA FIC MULTIMERCADO;20/03/2019;3,875125
KAPITALO ZETA FIC MULTIMERCADO;21/03/2019;3,86807
KAPITALO ZETA FIC MULTIMERCADO;22/03/2019;3,807785
KAPITALO ZETA FIC MULTIMERCADO;25/03/2019;3,819845
KAPITALO ZETA FIC MULTIMERCADO;26/03/2019;3,820345
KAPITALO ZETA FIC MULTIMERCADO;27/03/2019;3,77976
KAPITALO ZETA FIC MULTIMERCADO;28/03/2019;3,802229
KAPITALO ZETA FIC MULTIMERCADO;29/03/2019;3,817514
KAPITALO ZETA FIC MULTIMERCADO;01/04/2019;3,844313
KAPITALO ZETA FIC MULTIMERCADO;02/04/2019;3,844471
KAPITALO ZETA FIC MULTIMERCADO;03/04/2019;3,836864
KAPITALO ZETA FIC MULTIMERCADO;04/04/2019;3,847314
KAPITALO ZETA FIC MULTIMERCADO;05/04/2019;3,845391
KAPITALO ZETA FIC MULTIMERCADO;08/04/2019;3,84772
KAPITALO ZETA FIC MULTIMERCADO;09/04/2019;3,825805
KAPITALO ZETA FIC MULTIMERCADO;10/04/2019;3,831002
KAPITALO ZETA FIC MULTIMERCADO;11/04/2019;3,800139
KAPITALO ZETA FIC MULTIMERCADO;12/04/2019;3,776232
KAPITALO ZETA FIC MULTIMERCADO;15/04/2019;3,768393
KAPITALO ZETA FIC MULTIMERCADO;16/04/2019;3,774138
KAPITALO ZETA FIC MULTIMERCADO;17/04/2019;3,761376
KAPITALO ZETA FIC MULTIMERCADO;18/04/2019;3,794762
KAPITALO ZETA FIC MULTIMERCADO;22/04/2019;3,792098
KAPITALO ZETA FIC MULTIMERCADO;23/04/2019;3,810432
KAPITALO ZETA FIC MULTIMERCADO;24/04/2019;3,795507
KAPITALO ZETA FIC MULTIMERCADO;25/04/2019;3,818023
KAPITALO ZETA FIC MULTIMERCADO;26/04/2019;3,810282
KAPITALO ZETA FIC MULTIMERCADO;29/04/2019;3,804187
KAPITALO ZETA FIC MULTIMERCADO;30/04/2019;3,812223
KAPITALO ZETA FIC MULTIMERCADO;02/05/2019;3,800949
KAPITALO ZETA FIC MULTIMERCADO;03/05/2019;3,816158
KAPITALO ZETA FIC MULTIMERCADO;06/05/2019;3,801075
KAPITALO ZETA FIC MULTIMERCADO;07/05/2019;3,796751
KAPITALO ZETA FIC MULTIMERCADO;08/05/2019;3,828588
KAPITALO ZETA FIC MULTIMERCADO;09/05/2019;3,829144
KAPITALO ZETA FIC MULTIMERCADO;10/05/2019;3,809265
KAPITALO ZETA FIC MULTIMERCADO;13/05/2019;3,78224
KAPITALO ZETA FIC MULTIMERCADO;14/05/2019;3,777384
KAPITALO ZETA FIC MULTIMERCADO;15/05/2019;3,771845
KAPITALO ZETA FIC MULTIMERCADO;16/05/2019;3,756077
KAPITALO ZETA FIC MULTIMERCADO;17/05/2019;3,746119
KAPITALO ZETA FIC MULTIMERCADO;20/05/2019;3,762057
KAPITALO ZETA FIC MULTIMERCADO;21/05/2019;3,787903
KAPITALO ZETA FIC MULTIMERCADO;22/05/2019;3,780394
KAPITALO ZETA FIC MULTIMERCADO;23/05/2019;3,770009
KAPITALO ZETA FIC MULTIMERCADO;24/05/2019;3,772875
KAPITALO ZETA FIC MULTIMERCADO;27/05/2019;3,777568
KAPITALO ZETA FIC MULTIMERCADO;28/05/2019;3,801322
KAPITALO ZETA FIC MULTIMERCADO;29/05/2019;3,806853
KAPITALO ZETA FIC MULTIMERCADO;30/05/2019;3,807234
KAPITALO ZETA FIC MULTIMERCADO;31/05/2019;3,792826
KAPITALO ZETA FIC MULTIMERCADO;03/06/2019;3,805878
KAPITALO ZETA FIC MULTIMERCADO;04/06/2019;3,82152
KAPITALO ZETA FIC MULTIMERCADO;05/06/2019;3,80754
KAPITALO ZETA FIC MULTIMERCADO;06/06/2019;3,833594
KAPITALO ZETA FIC MULTIMERCADO;07/06/2019;3,851217
KAPITALO ZETA FIC MULTIMERCADO;10/06/2019;3,853318
KAPITALO ZETA FIC MULTIMERCADO;11/06/2019;3,869399
KAPITALO ZETA FIC MULTIMERCADO;12/06/2019;3,856551
KAPITALO ZETA FIC MULTIMERCADO;13/06/2019;3,878122
KAPITALO ZETA FIC MULTIMERCADO;14/06/2019;3,855796
KAPITALO ZETA FIC MULTIMERCADO;17/06/2019;3,847862
KAPITALO ZETA FIC MULTIMERCADO;18/06/2019;3,87732
KAPITALO ZETA FIC MULTIMERCADO;19/06/2019;3,894389
KAPITALO ZETA FIC MULTIMERCADO;21/06/2019;3,935015
KAPITALO ZETA FIC MULTIMERCADO;24/06/2019;3,945908
KAPITALO ZETA FIC MULTIMERCADO;25/06/2019;3,913848
KAPITALO ZETA FIC MULTIMERCADO;26/06/2019;3,918511
KAPITALO ZETA FIC MULTIMERCADO;27/06/2019;3,924951
KAPITALO ZETA FIC MULTIMERCADO;28/06/2019;3,944001
KAPITALO ZETA FIC MULTIMERCADO;01/07/2019;3,934533
KAPITALO ZETA FIC MULTIMERCADO;02/07/2019;3,908514
KAPITALO ZETA FIC MULTIMERCADO;03/07/2019;3,93833
KAPITALO ZETA FIC MULTIMERCADO;04/07/2019;3,971033
KAPITALO ZETA FIC MULTIMERCADO;05/07/2019;3,976835
KAPITALO ZETA FIC MULTIMERCADO;08/07/2019;3,985289
KAPITALO ZETA FIC MULTIMERCADO;09/07/2019;3,985377
KAPITALO ZETA FIC MULTIMERCADO;10/07/2019;4,016419
KAPITALO ZETA FIC MULTIMERCADO;11/07/2019;4,017706
KAPITALO ZETA FIC MULTIMERCADO;12/07/2019;4,024772
KAPITALO ZETA FIC MULTIMERCADO;15/07/2019;4,015898
KAPITALO ZETA FIC MULTIMERCADO;16/07/2019;4,00619
KAPITALO ZETA FIC MULTIMERCADO;17/07/2019;4,01796
KAPITALO ZETA FIC MULTIMERCADO;18/07/2019;4,033635
KAPITALO ZETA FIC MULTIMERCADO;19/07/2019;4,008735
KAPITALO ZETA FIC MULTIMERCADO;22/07/2019;4,009048
KAPITALO ZETA FIC MULTIMERCADO;23/07/2019;3,992765
KAPITALO ZETA FIC MULTIMERCADO;24/07/2019;3,983845
KAPITALO ZETA FIC MULTIMERCADO;25/07/2019;3,941436
KAPITALO ZETA FIC MULTIMERCADO;26/07/2019;3,955828
KAPITALO ZETA FIC MULTIMERCADO;29/07/2019;3,944252
KAPITALO ZETA FIC MULTIMERCADO;30/07/2019;3,930954
KAPITALO ZETA FIC MULTIMERCADO;31/07/2019;3,912527
KAPITALO ZETA FIC MULTIMERCADO;01/08/2019;3,914421
KAPITALO ZETA FIC MULTIMERCADO;02/08/2019;3,909496
KAPITALO ZETA FIC MULTIMERCADO;05/08/2019;3,863556
KAPITALO ZETA FIC MULTIMERCADO;06/08/2019;3,899697
KAPITALO ZETA FIC MULTIMERCADO;07/08/2019;3,901881
KAPITALO ZETA FIC MULTIMERCADO;08/08/2019;3,966663
KAPITALO ZETA FIC MULTIMERCADO;09/08/2019;3,980515
KAPITALO ZETA FIC MULTIMERCADO;12/08/2019;3,944898
KAPITALO ZETA FIC MULTIMERCADO;13/08/2019;3,979834
KAPITALO ZETA FIC MULTIMERCADO;14/08/2019;3,925975
KAPITALO ZETA FIC MULTIMERCADO;15/08/2019;3,924044
KAPITALO ZETA FIC MULTIMERCADO;16/08/2019;3,964907
KAPITALO ZETA FIC MULTIMERCADO;19/08/2019;3,958573
KAPITALO ZETA FIC MULTIMERCADO;20/08/2019;3,9538
KAPITALO ZETA FIC MULTIMERCADO;21/08/2019;3,981141
KAPITALO ZETA FIC MULTIMERCADO;22/08/2019;3,971942
KAPITALO ZETA FIC MULTIMERCADO;23/08/2019;3,90384
KAPITALO ZETA FIC MULTIMERCADO;26/08/2019;3,860435
KAPITALO ZETA FIC MULTIMERCADO;27/08/2019;3,884786
KAPITALO ZETA FIC MULTIMERCADO;28/08/2019;3,877549
KAPITALO ZETA FIC MULTIMERCADO;29/08/2019;3,891294
KAPITALO ZETA FIC MULTIMERCADO;30/08/2019;3,919434
KAPITALO ZETA FIC MULTIMERCADO;02/09/2019;3,924215
KAPITALO ZETA FIC MULTIMERCADO;03/09/2019;3,91458
KAPITALO ZETA FIC MULTIMERCADO;04/09/2019;3,927886
KAPITALO ZETA FIC MULTIMERCADO;05/09/2019;3,926145
KAPITALO ZETA FIC MULTIMERCADO;06/09/2019;3,926046
KAPITALO ZETA FIC MULTIMERCADO;09/09/2019;3,927579
KAPITALO ZETA FIC MULTIMERCADO;10/09/2019;3,934033
KAPITALO ZETA FIC MULTIMERCADO;11/09/2019;3,961551
KAPITALO ZETA FIC MULTIMERCADO;12/09/2019;3,971808
KAPITALO ZETA FIC MULTIMERCADO;13/09/2019;3,952727
KAPITALO ZETA FIC MULTIMERCADO;16/09/2019;3,937572
KAPITALO ZETA FIC MULTIMERCADO;17/09/2019;3,937857
KAPITALO ZETA FIC MULTIMERCADO;18/09/2019;3,943213
KAPITALO ZETA FIC MULTIMERCADO;19/09/2019;3,947996
KAPITALO ZETA FIC MULTIMERCADO;20/09/2019;3,937482
KAPITALO ZETA FIC MULTIMERCADO;23/09/2019;3,940809
KAPITALO ZETA FIC MULTIMERCADO;24/09/2019;3,904116
KAPITALO ZETA FIC MULTIMERCADO;25/09/2019;3,92751
KAPITALO ZETA FIC MULTIMERCADO;26/09/2019;3,950584
KAPITALO ZETA FIC MULTIMERCADO;27/09/2019;3,954034
KAPITALO ZETA FIC MULTIMERCADO;30/09/2019;3,966524
KAPITALO ZETA FIC MULTIMERCADO;01/10/2019;3,948412
KAPITALO ZETA FIC MULTIMERCADO;02/10/2019;3,921674
KAPITALO ZETA FIC MULTIMERCADO;03/10/2019;3,932637
KAPITALO ZETA FIC MULTIMERCADO;04/10/2019;3,941471
KAPITALO ZETA FIC MULTIMERCADO;07/10/2019;3,904609
KAPITALO ZETA FIC MULTIMERCADO;08/10/2019;3,910704
KAPITALO ZETA FIC MULTIMERCADO;09/10/2019;3,923673
KAPITALO ZETA FIC MULTIMERCADO;10/10/2019;3,948825
KAPITALO ZETA FIC MULTIMERCADO;11/10/2019;3,990187
KAPITALO ZETA FIC MULTIMERCADO;14/10/2019;3,987191
KAPITALO ZETA FIC MULTIMERCADO;15/10/2019;3,98298
KAPITALO ZETA FIC MULTIMERCADO;16/10/2019;3,998607
KAPITALO ZETA FIC MULTIMERCADO;17/10/2019;3,989818
KAPITALO ZETA FIC MULTIMERCADO;18/10/2019;3,996227
KAPITALO ZETA FIC MULTIMERCADO;21/10/2019;4,01654
KAPITALO ZETA FIC MULTIMERCADO;22/10/2019;4,030906
KAPITALO ZETA FIC MULTIMERCADO;23/10/2019;4,052889
KAPITALO ZETA FIC MULTIMERCADO;24/10/2019;4,048903
KAPITALO ZETA FIC MULTIMERCADO;25/10/2019;4,074644
KAPITALO ZETA FIC MULTIMERCADO;28/10/2019;4,087254
KAPITALO ZETA FIC MULTIMERCADO;29/10/2019;4,086364
KAPITALO ZETA FIC MULTIMERCADO;30/10/2019;4,107281
KAPITALO ZETA FIC MULTIMERCADO;31/10/2019;4,084303
KAPITALO ZETA FIC MULTIMERCADO;01/11/2019;4,101901
KAPITALO ZETA FIC MULTIMERCADO;04/11/2019;4,12353
KAPITALO ZETA FIC MULTIMERCADO;05/11/2019;4,131496
KAPITALO ZETA FIC MULTIMERCADO;06/11/2019;4,121481
KAPITALO ZETA FIC MULTIMERCADO;07/11/2019;4,144696
KAPITALO ZETA FIC MULTIMERCADO;08/11/2019;4,118322
KAPITALO ZETA FIC MULTIMERCADO;11/11/2019;4,127724
KAPITALO ZETA FIC MULTIMERCADO;12/11/2019;4,097934
KAPITALO ZETA FIC MULTIMERCADO;13/11/2019;4,07869
KAPITALO ZETA FIC MULTIMERCADO;14/11/2019;4,082801
KAPITALO ZETA FIC MULTIMERCADO;18/11/2019;4,076465
KAPITALO ZETA FIC MULTIMERCADO;19/11/2019;4,064527
KAPITALO ZETA FIC MULTIMERCADO;20/11/2019;4,064684
KAPITALO ZETA FIC MULTIMERCADO;21/11/2019;4,08428
KAPITALO ZETA FIC MULTIMERCADO;22/11/2019;4,104732
KAPITALO ZETA FIC MULTIMERCADO;25/11/2019;4,0971
KAPITALO ZETA FIC MULTIMERCADO;26/11/2019;4,076351
KAPITALO ZETA FIC MULTIMERCADO;27/11/2019;4,083059
KAPITALO ZETA FIC MULTIMERCADO;28/11/2019;4,090559
KAPITALO ZETA FIC MULTIMERCADO;29/11/2019;4,078558
KAPITALO ZETA FIC MULTIMERCADO;02/12/2019;4,063472
KAPITALO ZETA FIC MULTIMERCADO;03/12/2019;4,035488
KAPITALO ZETA FIC MULTIMERCADO;04/12/2019;4,062214
KAPITALO ZETA FIC MULTIMERCADO;05/12/2019;4,065244
KAPITALO ZETA FIC MULTIMERCADO;06/12/2019;4,109726
KAPITALO ZETA FIC MULTIMERCADO;09/12/2019;4,099881
KAPITALO ZETA FIC MULTIMERCADO;10/12/2019;4,093673
KAPITALO ZETA FIC MULTIMERCADO;11/12/2019;4,10898
KAPITALO ZETA FIC MULTIMERCADO;12/12/2019;4,159544
KAPITALO ZETA FIC MULTIMERCADO;13/12/2019;4,146919
KAPITALO ZETA FIC MULTIMERCADO;16/12/2019;4,151128
KAPITALO ZETA FIC MULTIMERCADO;17/12/2019;4,117055
KAPITALO ZETA FIC MULTIMERCADO;18/12/2019;4,14507
KAPITALO ZETA FIC MULTIMERCADO;19/12/2019;4,134791
KAPITALO ZETA FIC MULTIMERCADO;20/12/2019;4,159204
KAPITALO ZETA FIC MULTIMERCADO;23/12/2019;4,160197
KAPITALO ZETA FIC MULTIMERCADO;24/12/2019;4,160666
KAPITALO ZETA FIC MULTIMERCADO;26/12/2019;4,197809
KAPITALO ZETA FIC MULTIMERCADO;27/12/2019;4,200787
KAPITALO ZETA FIC MULTIMERCADO;30/12/2019;4,208115
KAPITALO ZETA FIC MULTIMERCADO;31/12/2019;4,208495
KAPITALO ZETA FIC MULTIMERCADO;02/01/2020;4,245001
KAPITALO ZETA FIC MULTIMERCADO;03/01/2020;4,215192
KAPITALO ZETA FIC MULTIMERCADO;06/01/2020;4,193074
KAPITALO ZETA FIC MULTIMERCADO;07/01/2020;4,198272
KAPITALO ZETA FIC MULTIMERCADO;08/01/2020;4,217004
KAPITALO ZETA FIC MULTIMERCADO;09/01/2020;4,221336
KAPITALO ZETA FIC MULTIMERCADO;10/01/2020;4,232742
KAPITALO ZETA FIC MULTIMERCADO;13/01/2020;4,256627
KAPITALO ZETA FIC MULTIMERCADO;14/01/2020;4,260712
KAPITALO ZETA FIC MULTIMERCADO;15/01/2020;4,254015
KAPITALO ZETA FIC MULTIMERCADO;16/01/2020;4,250372
KAPITALO ZETA FIC MULTIMERCADO;17/01/2020;4,278048
KAPITALO ZETA FIC MULTIMERCADO;20/01/2020;4,282619
KAPITALO ZETA FIC MULTIMERCADO;21/01/2020;4,253706
KAPITALO ZETA FIC MULTIMERCADO;22/01/2020;4,276685
KAPITALO ZETA FIC MULTIMERCADO;23/01/2020;4,27148
KAPITALO ZETA FIC MULTIMERCADO;24/01/2020;4,243216
KAPITALO ZETA FIC MULTIMERCADO;27/01/2020;4,169955
KAPITALO ZETA FIC MULTIMERCADO;28/01/2020;4,198114
KAPITALO ZETA FIC MULTIMERCADO;29/01/2020;4,190404
KAPITALO ZETA FIC MULTIMERCADO;30/01/2020;4,157057
KAPITALO ZETA FIC MULTIMERCADO;31/01/2020;4,120819
KAPITALO ZETA FIC MULTIMERCADO;03/02/2020;4,14438
KAPITALO ZETA FIC MULTIMERCADO;04/02/2020;4,175088
KAPITALO ZETA FIC MULTIMERCADO;05/02/2020;4,211397
KAPITALO ZETA FIC MULTIMERCADO;06/02/2020;4,19566
KAPITALO ZETA FIC MULTIMERCADO;07/02/2020;4,141214
KAPITALO ZETA FIC MULTIMERCADO;10/02/2020;4,134038
KAPITALO ZETA FIC MULTIMERCADO;11/02/2020;4,186819
KAPITALO ZETA FIC MULTIMERCADO;12/02/2020;4,224482
KAPITALO ZETA FIC MULTIMERCADO;13/02/2020;4,21306
KAPITALO ZETA FIC MULTIMERCADO;14/02/2020;4,196724
KAPITALO ZETA FIC MULTIMERCADO;17/02/2020;4,200307
KAPITALO ZETA FIC MULTIMERCADO;18/02/2020;4,200074
KAPITALO ZETA FIC MULTIMERCADO;19/02/2020;4,228787
KAPITALO ZETA FIC MULTIMERCADO;20/02/2020;4,186245
KAPITALO ZETA FIC MULTIMERCADO;21/02/2020;4,166583
KAPITALO ZETA FIC MULTIMERCADO;26/02/2020;4,00592
KAPITALO ZETA FIC MULTIMERCADO;27/02/2020;3,981914
KAPITALO ZETA FIC MULTIMERCADO;28/02/2020;3,998637
KAPITALO ZETA FIC MULTIMERCADO;02/03/2020;4,038352
KAPITALO ZETA FIC MULTIMERCADO;03/03/2020;3,999328
KAPITALO ZETA FIC MULTIMERCADO;04/03/2020;4,06124
KAPITALO ZETA FIC MULTIMERCADO;05/03/2020;3,985027
KAPITALO ZETA FIC MULTIMERCADO;06/03/2020;3,900265
KAPITALO ZETA FIC MULTIMERCADO;09/03/2020;3,700868
KAPITALO ZETA FIC MULTIMERCADO;10/03/2020;3,746592
KAPITALO ZETA FIC MULTIMERCADO;11/03/2020;3,620816
KAPITALO ZETA FIC MULTIMERCADO;12/03/2020;3,227511
KAPITALO ZETA FIC MULTIMERCADO;13/03/2020;3,467844
KAPITALO ZETA FIC MULTIMERCADO;16/03/2020;3,513263
KAPITALO ZETA FIC MULTIMERCADO;17/03/2020;3,536009
KAPITALO ZETA FIC MULTIMERCADO;18/03/2020;3,419214
KAPITALO ZETA FIC MULTIMERCADO;19/03/2020;3,486629
KAPITALO ZETA FIC MULTIMERCADO;20/03/2020;3,489878
KAPITALO ZETA FIC MULTIMERCADO;23/03/2020;3,482741
KAPITALO ZETA FIC MULTIMERCADO;24/03/2020;3,499949
KAPITALO ZETA FIC MULTIMERCADO;25/03/2020;3,510312
KAPITALO ZETA FIC MULTIMERCADO;26/03/2020;3,521228
KAPITALO ZETA FIC MULTIMERCADO;27/03/2020;3,531632
KAPITALO ZETA FIC MULTIMERCADO;30/03/2020;3,539848
KAPITALO ZETA FIC MULTIMERCADO;31/03/2020;3,565901
KAPITALO ZETA FIC MULTIMERCADO;01/04/2020;3,575618
KAPITALO ZETA FIC MULTIMERCADO;02/04/2020;3,588666
KAPITALO ZETA FIC MULTIMERCADO;03/04/2020;3,576303
KAPITALO ZETA FIC MULTIMERCADO;06/04/2020;3,61289
KAPITALO ZETA FIC MULTIMERCADO;07/04/2020;3,604158
KAPITALO ZETA FIC MULTIMERCADO;08/04/2020;3,613981
KAPITALO ZETA FIC MULTIMERCADO;09/04/2020;3,619051
KAPITALO ZETA FIC MULTIMERCADO;13/04/2020;3,621706
KAPITALO ZETA FIC MULTIMERCADO;14/04/2020;3,641433
KAPITALO ZETA FIC MULTIMERCADO;15/04/2020;3,633515
KAPITALO ZETA FIC MULTIMERCADO;16/04/2020;3,633796
KAPITALO ZETA FIC MULTIMERCADO;17/04/2020;3,638538
KAPITALO ZETA FIC MULTIMERCADO;20/04/2020;3,631313
KAPITALO ZETA FIC MULTIMERCADO;22/04/2020;3,65343
KAPITALO ZETA FIC MULTIMERCADO;23/04/2020;3,656303
KAPITALO ZETA FIC MULTIMERCADO;24/04/2020;3,648101
KAPITALO ZETA FIC MULTIMERCADO;27/04/2020;3,652642
KAPITALO ZETA FIC MULTIMERCADO;28/04/2020;3,647656
KAPITALO ZETA FIC MULTIMERCADO;29/04/2020;3,647309
KAPITALO ZETA FIC MULTIMERCADO;30/04/2020;3,63897
KAPITALO ZETA FIC MULTIMERCADO;04/05/2020;3,623842
KAPITALO ZETA FIC MULTIMERCADO;05/05/2020;3,63329
KAPITALO ZETA FIC MULTIMERCADO;06/05/2020;3,639496
KAPITALO ZETA FIC MULTIMERCADO;07/05/2020;3,656105
KAPITALO ZETA FIC MULTIMERCADO;08/05/2020;3,670673
KAPITALO ZETA FIC MULTIMERCADO;11/05/2020;3,68643
KAPITALO ZETA FIC MULTIMERCADO;12/05/2020;3,692591
KAPITALO ZETA FIC MULTIMERCADO;13/05/2020;3,717651
KAPITALO ZETA FIC MULTIMERCADO;14/05/2020;3,713903
KAPITALO ZETA FIC MULTIMERCADO;15/05/2020;3,70236
KAPITALO ZETA FIC MULTIMERCADO;18/05/2020;3,701971
KAPITALO ZETA FIC MULTIMERCADO;19/05/2020;3,710939
KAPITALO ZETA FIC MULTIMERCADO;20/05/2020;3,723098
KAPITALO ZETA FIC MULTIMERCADO;21/05/2020;3,713733
KAPITALO ZETA FIC MULTIMERCADO;22/05/2020;3,702471
KAPITALO ZETA FIC MULTIMERCADO;25/05/2020;3,711471
KAPITALO ZETA FIC MULTIMERCADO;26/05/2020;3,709571
KAPITALO ZETA FIC MULTIMERCADO;27/05/2020;3,709266
KAPITALO ZETA FIC MULTIMERCADO;28/05/2020;3,71772
KAPITALO ZETA FIC MULTIMERCADO;29/05/2020;3,728545
KAPITALO ZETA FIC MULTIMERCADO;01/06/2020;3,732777
KAPITALO ZETA FIC MULTIMERCADO;02/06/2020;3,74377
KAPITALO ZETA FIC MULTIMERCADO;03/06/2020;3,741341
KAPITALO ZETA FIC MULTIMERCADO;04/06/2020;3,756664
KAPITALO ZETA FIC MULTIMERCADO;05/06/2020;3,740555
KAPITALO ZETA FIC MULTIMERCADO;08/06/2020;3,776739
KAPITALO ZETA FIC MULTIMERCADO;09/06/2020;3,7714
KAPITALO ZETA FIC MULTIMERCADO;10/06/2020;3,764835
KAPITALO ZETA FIC MULTIMERCADO;12/06/2020;3,73204
KAPITALO ZETA FIC MULTIMERCADO;15/06/2020;3,731828
KAPITALO ZETA FIC MULTIMERCADO;16/06/2020;3,755564
KAPITALO ZETA FIC MULTIMERCADO;17/06/2020;3,763146
KAPITALO ZETA FIC MULTIMERCADO;18/06/2020;3,75634
KAPITALO ZETA FIC MULTIMERCADO;19/06/2020;3,7502
KAPITALO ZETA FIC MULTIMERCADO;22/06/2020;3,74951
KAPITALO ZETA FIC MULTIMERCADO;23/06/2020;3,750558
KAPITALO ZETA FIC MULTIMERCADO;24/06/2020;3,734847
KAPITALO ZETA FIC MULTIMERCADO;25/06/2020;3,741335
KAPITALO ZETA FIC MULTIMERCADO;26/06/2020;3,714828
KAPITALO ZETA FIC MULTIMERCADO;29/06/2020;3,713143
KAPITALO ZETA FIC MULTIMERCADO;30/06/2020;3,718282
KAPITALO ZETA FIC MULTIMERCADO;01/07/2020;3,721851
KAPITALO ZETA FIC MULTIMERCADO;02/07/2020;3,723946
KAPITALO ZETA FIC MULTIMERCADO;03/07/2020;3,722035
KAPITALO ZETA FIC MULTIMERCADO;06/07/2020;3,755209
KAPITALO ZETA FIC MULTIMERCADO;07/07/2020;3,72815
KAPITALO ZETA FIC MULTIMERCADO;08/07/2020;3,745697
KAPITALO ZETA FIC MULTIMERCADO;09/07/2020;3,729394
KAPITALO ZETA FIC MULTIMERCADO;10/07/2020;3,737641
KAPITALO ZETA FIC MULTIMERCADO;13/07/2020;3,730218
KAPITALO ZETA FIC MULTIMERCADO;14/07/2020;3,749172
KAPITALO ZETA FIC MULTIMERCADO;15/07/2020;3,773188
KAPITALO ZETA FIC MULTIMERCADO;16/07/2020;3,750067
KAPITALO ZETA FIC MULTIMERCADO;17/07/2020;3,782252
KAPITALO ZETA FIC MULTIMERCADO;20/07/2020;3,796612
KAPITALO ZETA FIC MULTIMERCADO;21/07/2020;3,817622
KAPITALO ZETA FIC MULTIMERCADO;22/07/2020;3,829767
KAPITALO ZETA FIC MULTIMERCADO;23/07/2020;3,804446
KAPITALO ZETA FIC MULTIMERCADO;24/07/2020;3,812191
KAPITALO ZETA FIC MULTIMERCADO;27/07/2020;3,835456
KAPITALO ZETA FIC MULTIMERCADO;28/07/2020;3,838374
KAPITALO ZETA FIC MULTIMERCADO;29/07/2020;3,840181
KAPITALO ZETA FIC MULTIMERCADO;30/07/2020;3,832127
KAPITALO ZETA FIC MULTIMERCADO;31/07/2020;3,825981
KAPITALO ZETA FIC MULTIMERCADO;03/08/2020;3,827173
KAPITALO ZETA FIC MULTIMERCADO;04/08/2020;3,819529
KAPITALO ZETA FIC MULTIMERCADO;05/08/2020;3,865234
KAPITALO ZETA FIC MULTIMERCADO;06/08/2020;3,895446
KAPITALO ZETA FIC MULTIMERCADO;07/08/2020;3,878881
KAPITALO ZETA FIC MULTIMERCADO;10/08/2020;3,891901
KAPITALO ZETA FIC MULTIMERCADO;11/08/2020;3,870215
KAPITALO ZETA FIC MULTIMERCADO;12/08/2020;3,87923
KAPITALO ZETA FIC MULTIMERCADO;13/08/2020;3,857426
KAPITALO ZETA FIC MULTIMERCADO;14/08/2020;3,855644
KAPITALO ZETA FIC MULTIMERCADO;17/08/2020;3,848211
KAPITALO ZETA FIC MULTIMERCADO;18/08/2020;3,883591
KAPITALO ZETA FIC MULTIMERCADO;19/08/2020;3,861526
KAPITALO ZETA FIC MULTIMERCADO;20/08/2020;3,85587
KAPITALO ZETA FIC MULTIMERCADO;21/08/2020;3,839321
KAPITALO ZETA FIC MULTIMERCADO;24/08/2020;3,853375
KAPITALO ZETA FIC MULTIMERCADO;25/08/2020;3,865133
KAPITALO ZETA FIC MULTIMERCADO;26/08/2020;3,847488
KAPITALO ZETA FIC MULTIMERCADO;27/08/2020;3,846311
KAPITALO ZETA FIC MULTIMERCADO;28/08/2020;3,887872
KAPITALO ZETA FIC MULTIMERCADO;31/08/2020;3,859456
KAPITALO ZETA FIC MULTIMERCADO;01/09/2020;3,90529
KAPITALO ZETA FIC MULTIMERCADO;02/09/2020;3,8927
KAPITALO ZETA FIC MULTIMERCADO;03/09/2020;3,874191
KAPITALO ZETA FIC MULTIMERCADO;04/09/2020;3,882215
KAPITALO ZETA FIC MULTIMERCADO;08/09/2020;3,856384
KAPITALO ZETA FIC MULTIMERCADO;09/09/2020;3,888394
KAPITALO ZETA FIC MULTIMERCADO;10/09/2020;3,858213
KAPITALO ZETA FIC MULTIMERCADO;11/09/2020;3,843352
KAPITALO ZETA FIC MULTIMERCADO;14/09/2020;3,859481
KAPITALO ZETA FIC MULTIMERCADO;15/09/2020;3,883803
KAPITALO ZETA FIC MULTIMERCADO;16/09/2020;3,884036
KAPITALO ZETA FIC MULTIMERCADO;17/09/2020;3,886186
KAPITALO ZETA FIC MULTIMERCADO;18/09/2020;3,859161
KAPITALO ZETA FIC MULTIMERCADO;21/09/2020;3,807088
KAPITALO ZETA FIC MULTIMERCADO;22/09/2020;3,802805
KAPITALO ZETA FIC MULTIMERCADO;23/09/2020;3,758913
KAPITALO ZETA FIC MULTIMERCADO;24/09/2020;3,767581
KAPITALO ZETA FIC MULTIMERCADO;25/09/2020;3,759313
KAPITALO ZETA FIC MULTIMERCADO;28/09/2020;3,732343
KAPITALO ZETA FIC MULTIMERCADO;29/09/2020;3,719124
KAPITALO ZETA FIC MULTIMERCADO;30/09/2020;3,735623
KAPITALO ZETA FIC MULTIMERCADO;01/10/2020;3,755489
KAPITALO ZETA FIC MULTIMERCADO;02/10/2020;3,729932
KAPITALO ZETA FIC MULTIMERCADO;05/10/2020;3,765715
KAPITALO ZETA FIC MULTIMERCADO;06/10/2020;3,740987
KAPITALO ZETA FIC MULTIMERCADO;07/10/2020;3,742039
KAPITALO ZETA FIC MULTIMERCADO;08/10/2020;3,762052
KAPITALO ZETA FIC MULTIMERCADO;09/10/2020;3,757091
KAPITALO ZETA FIC MULTIMERCADO;13/10/2020;3,74284
KAPITALO ZETA FIC MULTIMERCADO;14/10/2020;3,759742
KAPITALO ZETA FIC MULTIMERCADO;15/10/2020;3,748165
KAPITALO ZETA FIC MULTIMERCADO;16/10/2020;3,755428
KAPITALO ZETA FIC MULTIMERCADO;19/10/2020;3,749909
KAPITALO ZETA FIC MULTIMERCADO;20/10/2020;3,767694
KAPITALO ZETA FIC MULTIMERCADO;21/10/2020;3,773218
KAPITALO ZETA FIC MULTIMERCADO;22/10/2020;3,784115
KAPITALO ZETA FIC MULTIMERCADO;23/10/2020;3,772439
KAPITALO ZETA FIC MULTIMERCADO;26/10/2020;3,756654
KAPITALO ZETA FIC MULTIMERCADO;27/10/2020;3,75222
KAPITALO ZETA FIC MULTIMERCADO;28/10/2020;3,689528
KAPITALO ZETA FIC MULTIMERCADO;29/10/2020;3,707668
KAPITALO ZETA FIC MULTIMERCADO;30/10/2020;3,705216
KAPITALO ZETA FIC MULTIMERCADO;03/11/2020;3,754315
KAPITALO ZETA FIC MULTIMERCADO;04/11/2020;3,755224
KAPITALO ZETA FIC MULTIMERCADO;05/11/2020;3,795274
KAPITALO ZETA FIC MULTIMERCADO;06/11/2020;3,797269
KAPITALO ZETA FIC MULTIMERCADO;09/11/2020;3,848151
KAPITALO ZETA FIC MULTIMERCADO;10/11/2020;3,847088
KAPITALO ZETA FIC MULTIMERCADO;11/11/2020;3,832517
KAPITALO ZETA FIC MULTIMERCADO;12/11/2020;3,794641
KAPITALO ZETA FIC MULTIMERCADO;13/11/2020;3,830898
KAPITALO ZETA FIC MULTIMERCADO;16/11/2020;3,86578
KAPITALO ZETA FIC MULTIMERCADO;17/11/2020;3,883927
KAPITALO ZETA FIC MULTIMERCADO;18/11/2020;3,885579
KAPITALO ZETA FIC MULTIMERCADO;19/11/2020;3,888007
KAPITALO ZETA FIC MULTIMERCADO;20/11/2020;3,88654
KAPITALO ZETA FIC MULTIMERCADO;23/11/2020;3,923141
KAPITALO ZETA FIC MULTIMERCADO;24/11/2020;3,958635
KAPITALO ZETA FIC MULTIMERCADO;25/11/2020;3,967484
KAPITALO ZETA FIC MULTIMERCADO;26/11/2020;3,972514
KAPITALO ZETA FIC MULTIMERCADO;27/11/2020;3,984504
KAPITALO ZETA FIC MULTIMERCADO;30/11/2020;3,966606
KAPITALO ZETA FIC MULTIMERCADO;01/12/2020;3,993326
KAPITALO ZETA FIC MULTIMERCADO;02/12/2020;4,005213
KAPITALO ZETA FIC MULTIMERCADO;03/12/2020;4,032221
KAPITALO ZETA FIC MULTIMERCADO;04/12/2020;4,061741
KAPITALO ZETA FIC MULTIMERCADO;07/12/2020;4,066425
KAPITALO ZETA FIC MULTIMERCADO;08/12/2020;4,068828
KAPITALO ZETA FIC MULTIMERCADO;09/12/2020;4,062113
KAPITALO ZETA FIC MULTIMERCADO;10/12/2020;4,06914
KAPITALO ZETA FIC MULTIMERCADO;11/12/2020;4,074747
KAPITALO ZETA FIC MULTIMERCADO;14/12/2020;4,06683
KAPITALO ZETA FIC MULTIMERCADO;15/12/2020;4,106229
KAPITALO ZETA FIC MULTIMERCADO;16/12/2020;4,125388
KAPITALO ZETA FIC MULTIMERCADO;17/12/2020;4,155218
KAPITALO ZETA FIC MULTIMERCADO;18/12/2020;4,162909
KAPITALO ZETA FIC MULTIMERCADO;21/12/2020;4,134682
KAPITALO ZETA FIC MULTIMERCADO;22/12/2020;4,13719
KAPITALO ZETA FIC MULTIMERCADO;23/12/2020;4,183659
KAPITALO ZETA FIC MULTIMERCADO;24/12/2020;4,185075
KAPITALO ZETA FIC MULTIMERCADO;28/12/2020;4,189936
KAPITALO ZETA FIC MULTIMERCADO;29/12/2020;4,209143
KAPITALO ZETA FIC MULTIMERCADO;30/12/2020;4,230302
KAPITALO ZETA FIC MULTIMERCADO;31/12/2020;4,231666
KAPITALO ZETA FIC MULTIMERCADO;04/01/2021;4,23966
KAPITALO ZETA FIC MULTIMERCADO;05/01/2021;4,268952
KAPITALO ZETA FIC MULTIMERCADO;06/01/2021;4,268135
KAPITALO ZETA FIC MULTIMERCADO;07/01/2021;4,285528
KAPITALO ZETA FIC MULTIMERCADO;08/01/2021;4,310742
KAPITALO ZETA FIC MULTIMERCADO;11/01/2021;4,27565
KAPITALO ZETA FIC MULTIMERCADO;12/01/2021;4,297361
KAPITALO ZETA FIC MULTIMERCADO;13/01/2021;4,265838
KAPITALO ZETA FIC MULTIMERCADO;14/01/2021;4,311946
KAPITALO ZETA FIC MULTIMERCADO;15/01/2021;4,273374
KAPITALO ZETA FIC MULTIMERCADO;18/01/2021;4,268702
KAPITALO ZETA FIC MULTIMERCADO;19/01/2021;4,281368
KAPITALO ZETA FIC MULTIMERCADO;20/01/2021;4,291944
KAPITALO ZETA FIC MULTIMERCADO;21/01/2021;4,283825
KAPITALO ZETA FIC MULTIMERCADO;22/01/2021;4,232964
KAPITALO ZETA FIC MULTIMERCADO;25/01/2021;4,232967
KAPITALO ZETA FIC MULTIMERCADO;26/01/2021;4,262108
KAPITALO ZETA FIC MULTIMERCADO;27/01/2021;4,187734
KAPITALO ZETA FIC MULTIMERCADO;28/01/2021;4,218842
KAPITALO ZETA FIC MULTIMERCADO;29/01/2021;4,145063
KAPITALO ZETA FIC MULTIMERCADO;01/02/2021;4,202837
KAPITALO ZETA FIC MULTIMERCADO;02/02/2021;4,245796
KAPITALO ZETA FIC MULTIMERCADO;03/02/2021;4,267505
KAPITALO ZETA FIC MULTIMERCADO;04/02/2021;4,251988
KAPITALO ZETA FIC MULTIMERCADO;05/02/2021;4,289158
KAPITALO ZETA FIC MULTIMERCADO;08/02/2021;4,302287
KAPITALO ZETA FIC MULTIMERCADO;09/02/2021;4,306485
KAPITALO ZETA FIC MULTIMERCADO;10/02/2021;4,281769
KAPITALO ZETA FIC MULTIMERCADO;11/02/2021;4,303447
KAPITALO ZETA FIC MULTIMERCADO;12/02/2021;4,311112
KAPITALO ZETA FIC MULTIMERCADO;17/02/2021;4,339208
KAPITALO ZETA FIC MULTIMERCADO;18/02/2021;4,320076
KAPITALO ZETA FIC MULTIMERCADO;19/02/2021;4,319365
KAPITALO ZETA FIC MULTIMERCADO;22/02/2021;4,240312
KAPITALO ZETA FIC MULTIMERCADO;23/02/2021;4,292025
KAPITALO ZETA FIC MULTIMERCADO;24/02/2021;4,336787
KAPITALO ZETA FIC MULTIMERCADO;25/02/2021;4,211707
KAPITALO ZETA FIC MULTIMERCADO;26/02/2021;4,125612
KAPITALO ZETA FIC MULTIMERCADO;01/03/2021;4,159823
KAPITALO ZETA FIC MULTIMERCADO;02/03/2021;4,170293
KAPITALO ZETA FIC MULTIMERCADO;03/03/2021;4,142956
KAPITALO ZETA FIC MULTIMERCADO;04/03/2021;4,142452
KAPITALO ZETA FIC MULTIMERCADO;05/03/2021;4,174883
KAPITALO ZETA FIC MULTIMERCADO;08/03/2021;4,119528
KAPITALO ZETA FIC MULTIMERCADO;09/03/2021;4,153992
KAPITALO ZETA FIC MULTIMERCADO;10/03/2021;4,154824
KAPITALO ZETA FIC MULTIMERCADO;11/03/2021;4,244942
KAPITALO ZETA FIC MULTIMERCADO;12/03/2021;4,245935
KAPITALO ZETA FIC MULTIMERCADO;15/03/2021;4,237477
KAPITALO ZETA FIC MULTIMERCADO;16/03/2021;4,23557
KAPITALO ZETA FIC MULTIMERCADO;17/03/2021;4,279951
KAPITALO ZETA FIC MULTIMERCADO;18/03/2021;4,226657
KAPITALO ZETA FIC MULTIMERCADO;19/03/2021;4,251485
KAPITALO ZETA FIC MULTIMERCADO;22/03/2021;4,227491
KAPITALO ZETA FIC MULTIMERCADO;23/03/2021;4,160101
KAPITALO ZETA FIC MULTIMERCADO;24/03/2021;4,132098
KAPITALO ZETA FIC MULTIMERCADO;25/03/2021;4,155386
KAPITALO ZETA FIC MULTIMERCADO;26/03/2021;4,183232
KAPITALO ZETA FIC MULTIMERCADO;29/03/2021;4,188965
KAPITALO ZETA FIC MULTIMERCADO;30/03/2021;4,198686
KAPITALO ZETA FIC MULTIMERCADO;31/03/2021;4,227699
KAPITALO ZETA FIC MULTIMERCADO;01/04/2021;4,225402
KAPITALO ZETA FIC MULTIMERCADO;05/04/2021;4,225871
KAPITALO ZETA FIC MULTIMERCADO;06/04/2021;4,254479
KAPITALO ZETA FIC MULTIMERCADO;07/04/2021;4,255994
KAPITALO ZETA FIC MULTIMERCADO;08/04/2021;4,264802
KAPITALO ZETA FIC MULTIMERCADO;09/04/2021;4,241268
KAPITALO ZETA FIC MULTIMERCADO;12/04/2021;4,240807
KAPITALO ZETA FIC MULTIMERCADO;13/04/2021;4,266114
KAPITALO ZETA FIC MULTIMERCADO;14/04/2021;4,289032
KAPITALO ZETA FIC MULTIMERCADO;15/04/2021;4,306923
KAPITALO ZETA FIC MULTIMERCADO;16/04/2021;4,316249
KAPITALO ZETA FIC MULTIMERCADO;19/04/2021;4,350851
KAPITALO ZETA FIC MULTIMERCADO;20/04/2021;4,34138
KAPITALO ZETA FIC MULTIMERCADO;22/04/2021;4,32416
KAPITALO ZETA FIC MULTIMERCADO;23/04/2021;4,343742
KAPITALO ZETA FIC MULTIMERCADO;26/04/2021;4,364524
KAPITALO ZETA FIC MULTIMERCADO;27/04/2021;4,339541
KAPITALO ZETA FIC MULTIMERCADO;28/04/2021;4,367284
KAPITALO ZETA FIC MULTIMERCADO;29/04/2021;4,359694
KAPITALO ZETA FIC MULTIMERCADO;30/04/2021;4,347498
KAPITALO ZETA FIC MULTIMERCADO;03/05/2021;4,356088
KAPITALO ZETA FIC MULTIMERCADO;04/05/2021;4,333797
KAPITALO ZETA FIC MULTIMERCADO;05/05/2021;4,37248
KAPITALO ZETA FIC MULTIMERCADO;06/05/2021;4,383319
KAPITALO ZETA FIC MULTIMERCADO;07/05/2021;4,420297
KAPITALO ZETA FIC MULTIMERCADO;10/05/2021;4,429893
KAPITALO ZETA FIC MULTIMERCADO;11/05/2021;4,429973
KAPITALO ZETA FIC MULTIMERCADO;12/05/2021;4,381652
KAPITALO ZETA FIC MULTIMERCADO;13/05/2021;4,370578
KAPITALO ZETA FIC MULTIMERCADO;14/05/2021;4,386781
KAPITALO ZETA FIC MULTIMERCADO;17/05/2021;4,39946
KAPITALO ZETA FIC MULTIMERCADO;18/05/2021;4,401402
KAPITALO ZETA FIC MULTIMERCADO;19/05/2021;4,378933
KAPITALO ZETA FIC MULTIMERCADO;20/05/2021;4,388025
KAPITALO ZETA FIC MULTIMERCADO;21/05/2021;4,419019
KAPITALO ZETA FIC MULTIMERCADO;24/05/2021;4,424362
KAPITALO ZETA FIC MULTIMERCADO;25/05/2021;4,411735
KAPITALO ZETA FIC MULTIMERCADO;26/05/2021;4,414953
KAPITALO ZETA FIC MULTIMERCADO;27/05/2021;4,438621
KAPITALO ZETA FIC MULTIMERCADO;28/05/2021;4,439452
KAPITALO ZETA FIC MULTIMERCADO;31/05/2021;4,440209
KAPITALO ZETA FIC MULTIMERCADO;01/06/2021;4,477942
KAPITALO ZETA FIC MULTIMERCADO;02/06/2021;4,488899
KAPITALO ZETA FIC MULTIMERCADO;04/06/2021;4,467848
KAPITALO ZETA FIC MULTIMERCADO;07/06/2021;4,46334
KAPITALO ZETA FIC MULTIMERCADO;08/06/2021;4,458408
KAPITALO ZETA FIC MULTIMERCADO;09/06/2021;4,455815
KAPITALO ZETA FIC MULTIMERCADO;10/06/2021;4,47097
KAPITALO ZETA FIC MULTIMERCADO;11/06/2021;4,465337
KAPITALO ZETA FIC MULTIMERCADO;14/06/2021;4,470338
KAPITALO ZETA FIC MULTIMERCADO;15/06/2021;4,48534
KAPITALO ZETA FIC MULTIMERCADO;16/06/2021;4,456948
KAPITALO ZETA FIC MULTIMERCADO;17/06/2021;4,423435
KAPITALO ZETA FIC MULTIMERCADO;18/06/2021;4,417828
KAPITALO ZETA FIC MULTIMERCADO;21/06/2021;4,449156
KAPITALO ZETA FIC MULTIMERCADO;22/06/2021;4,457959
KAPITALO ZETA FIC MULTIMERCADO;23/06/2021;4,456847
KAPITALO ZETA FIC MULTIMERCADO;24/06/2021;4,466616
KAPITALO ZETA FIC MULTIMERCADO;25/06/2021;4,457903
KAPITALO ZETA FIC MULTIMERCADO;28/06/2021;4,453722
KAPITALO ZETA FIC MULTIMERCADO;29/06/2021;4,442643
KAPITALO ZETA FIC MULTIMERCADO;30/06/2021;4,44273
KAPITALO ZETA FIC MULTIMERCADO;01/07/2021;4,438954
KAPITALO ZETA FIC MULTIMERCADO;02/07/2021;4,444196
KAPITALO ZETA FIC MULTIMERCADO;05/07/2021;4,433573
KAPITALO ZETA FIC MULTIMERCADO;06/07/2021;4,385408
KAPITALO ZETA FIC MULTIMERCADO;07/07/2021;4,399631
KAPITALO ZETA FIC MULTIMERCADO;08/07/2021;4,358186
KAPITALO ZETA FIC MULTIMERCADO;09/07/2021;4,358429
KAPITALO ZETA FIC MULTIMERCADO;12/07/2021;4,392499
KAPITALO ZETA FIC MULTIMERCADO;13/07/2021;4,407679
KAPITALO ZETA FIC MULTIMERCADO;14/07/2021;4,387245
KAPITALO ZETA FIC MULTIMERCADO;15/07/2021;4,372753
KAPITALO ZETA FIC MULTIMERCADO;16/07/2021;4,355889
KAPITALO ZETA FIC MULTIMERCADO;19/07/2021;4,287905
KAPITALO ZETA FIC MULTIMERCADO;20/07/2021;4,31518
KAPITALO ZETA FIC MULTIMERCADO;21/07/2021;4,337113
KAPITALO ZETA FIC MULTIMERCADO;22/07/2021;4,346793
KAPITALO ZETA FIC MULTIMERCADO;23/07/2021;4,35524
KAPITALO ZETA FIC MULTIMERCADO;26/07/2021;4,374093
KAPITALO ZETA FIC MULTIMERCADO;27/07/2021;4,360749
KAPITALO ZETA FIC MULTIMERCADO;28/07/2021;4,377099
KAPITALO ZETA FIC MULTIMERCADO;29/07/2021;4,402319
KAPITALO ZETA FIC MULTIMERCADO;30/07/2021;4,351182
KAPITALO ZETA FIC MULTIMERCADO;02/08/2021;4,347698
KAPITALO ZETA FIC MULTIMERCADO;03/08/2021;4,355808
KAPITALO ZETA FIC MULTIMERCADO;04/08/2021;4,351083
KAPITALO ZETA FIC MULTIMERCADO;05/08/2021;4,369963
KAPITALO ZETA FIC MULTIMERCADO;06/08/2021;4,369608
KAPITALO ZETA FIC MULTIMERCADO;09/08/2021;4,380874
KAPITALO ZETA FIC MULTIMERCADO;10/08/2021;4,391355
KAPITALO ZETA FIC MULTIMERCADO;11/08/2021;4,39999
KAPITALO ZETA FIC MULTIMERCADO;12/08/2021;4,397203
KAPITALO ZETA FIC MULTIMERCADO;13/08/2021;4,396179
KAPITALO ZETA FIC MULTIMERCADO;16/08/2021;4,359205
KAPITALO ZETA FIC MULTIMERCADO;17/08/2021;4,331601
KAPITALO ZETA FIC MULTIMERCADO;18/08/2021;4,323216
KAPITALO ZETA FIC MULTIMERCADO;19/08/2021;4,293747
KAPITALO ZETA FIC MULTIMERCADO;20/08/2021;4,311383
KAPITALO ZETA FIC MULTIMERCADO;23/08/2021;4,333362
KAPITALO ZETA FIC MULTIMERCADO;24/08/2021;4,378754
KAPITALO ZETA FIC MULTIMERCADO;25/08/2021;4,398466
KAPITALO ZETA FIC MULTIMERCADO;26/08/2021;4,385471
KAPITALO ZETA FIC MULTIMERCADO;27/08/2021;4,423857
KAPITALO ZETA FIC MULTIMERCADO;30/08/2021;4,432134
KAPITALO ZETA FIC MULTIMERCADO;31/08/2021;4,423158
KAPITALO ZETA FIC MULTIMERCADO;01/09/2021;4,435989
KAPITALO ZETA FIC MULTIMERCADO;02/09/2021;4,43172
KAPITALO ZETA FIC MULTIMERCADO;03/09/2021;4,441712
KAPITALO ZETA FIC MULTIMERCADO;06/09/2021;4,437804
KAPITALO ZETA FIC MULTIMERCADO;08/09/2021;4,422226
KAPITALO ZETA FIC MULTIMERCADO;09/09/2021;4,432827
KAPITALO ZETA FIC MULTIMERCADO;10/09/2021;4,441261
KAPITALO ZETA FIC MULTIMERCADO;13/09/2021;4,466183
KAPITALO ZETA FIC MULTIMERCADO;14/09/2021;4,434998
KAPITALO ZETA FIC MULTIMERCADO;15/09/2021;4,460016
KAPITALO ZETA FIC MULTIMERCADO;16/09/2021;4,440782
KAPITALO ZETA FIC MULTIMERCADO;17/09/2021;4,394741
KAPITALO ZETA FIC MULTIMERCADO;20/09/2021;4,34194
KAPITALO ZETA FIC MULTIMERCADO;21/09/2021;4,35936
KAPITALO ZETA FIC MULTIMERCADO;22/09/2021;4,400327
KAPITALO ZETA FIC MULTIMERCADO;23/09/2021;4,490461
KAPITALO ZETA FIC MULTIMERCADO;24/09/2021;4,506815
KAPITALO ZETA FIC MULTIMERCADO;27/09/2021;4,547177
KAPITALO ZETA FIC MULTIMERCADO;28/09/2021;4,531541
KAPITALO ZETA FIC MULTIMERCADO;29/09/2021;4,545215
KAPITALO ZETA FIC MULTIMERCADO;30/09/2021;4,557566
KAPITALO ZETA FIC MULTIMERCADO;01/10/2021;4,561168
KAPITALO ZETA FIC MULTIMERCADO;04/10/2021;4,563079
KAPITALO ZETA FIC MULTIMERCADO;05/10/2021;4,591602
KAPITALO ZETA FIC MULTIMERCADO;06/10/2021;4,563191
KAPITALO ZETA FIC MULTIMERCADO;07/10/2021;4,58061
KAPITALO ZETA FIC MULTIMERCADO;08/10/2021;4,595572
KAPITALO ZETA FIC MULTIMERCADO;11/10/2021;4,621633
KAPITALO ZETA FIC MULTIMERCADO;13/10/2021;4,612557
KAPITALO ZETA FIC MULTIMERCADO;14/10/2021;4,614562
KAPITALO ZETA FIC MULTIMERCADO;15/10/2021;4,641376
KAPITALO ZETA FIC MULTIMERCADO;18/10/2021;4,630862
KAPITALO ZETA FIC MULTIMERCADO;19/10/2021;4,606772
KAPITALO ZETA FIC MULTIMERCADO;20/10/2021;4,608095
KAPITALO ZETA FIC MULTIMERCADO;21/10/2021;4,570461
KAPITALO ZETA FIC MULTIMERCADO;22/10/2021;4,548186
KAPITALO ZETA FIC MULTIMERCADO;25/10/2021;4,583764
KAPITALO ZETA FIC MULTIMERCADO;26/10/2021;4,555069
KAPITALO ZETA FIC MULTIMERCADO;27/10/2021;4,531907
KAPITALO ZETA FIC MULTIMERCADO;28/10/2021;4,53115
KAPITALO ZETA FIC MULTIMERCADO;29/10/2021;4,518738
KAPITALO ZETA FIC MULTIMERCADO;01/11/2021;4,544873
KAPITALO ZETA FIC MULTIMERCADO;03/11/2021;4,571446
KAPITALO ZETA FIC MULTIMERCADO;04/11/2021;4,540485
KAPITALO ZETA FIC MULTIMERCADO;05/11/2021;4,539317
KAPITALO ZETA FIC MULTIMERCADO;08/11/2021;4,535236
KAPITALO ZETA FIC MULTIMERCADO;09/11/2021;4,519168
KAPITALO ZETA FIC MULTIMERCADO;10/11/2021;4,521945
KAPITALO ZETA FIC MULTIMERCADO;11/11/2021;4,560306
KAPITALO ZETA FIC MULTIMERCADO;12/11/2021;4,579962
KAPITALO ZETA FIC MULTIMERCADO;16/11/2021;4,585515
KAPITALO ZETA FIC MULTIMERCADO;17/11/2021;4,56433
KAPITALO ZETA FIC MULTIMERCADO;18/11/2021;4,558136
KAPITALO ZETA FIC MULTIMERCADO;19/11/2021;4,55552
KAPITALO ZETA FIC MULTIMERCADO;22/11/2021;4,544872
KAPITALO ZETA FIC MULTIMERCADO;23/11/2021;4,588191
KAPITALO ZETA FIC MULTIMERCADO;24/11/2021;4,596904
KAPITALO ZETA FIC MULTIMERCADO;25/11/2021;4,615594
KAPITALO ZETA FIC MULTIMERCADO;26/11/2021;4,530422
KAPITALO ZETA FIC MULTIMERCADO;29/11/2021;4,560695
KAPITALO ZETA FIC MULTIMERCADO;30/11/2021;4,500262
KAPITALO ZETA FIC MULTIMERCADO;01/12/2021;4,490088
KAPITALO ZETA FIC MULTIMERCADO;02/12/2021;4,52787
KAPITALO ZETA FIC MULTIMERCADO;03/12/2021;4,499661
KAPITALO ZETA FIC MULTIMERCADO;06/12/2021;4,539879
KAPITALO ZETA FIC MULTIMERCADO;07/12/2021;4,549072
KAPITALO ZETA FIC MULTIMERCADO;08/12/2021;4,570856
KAPITALO ZETA FIC MULTIMERCADO;09/12/2021;4,554606
KAPITALO ZETA FIC MULTIMERCADO;10/12/2021;4,567582
KAPITALO ZETA FIC MULTIMERCADO;13/12/2021;4,552366
KAPITALO ZETA FIC MULTIMERCADO;14/12/2021;4,567777
KAPITALO ZETA FIC MULTIMERCADO;15/12/2021;4,575003
KAPITALO ZETA FIC MULTIMERCADO;16/12/2021;4,565865
KAPITALO ZETA FIC MULTIMERCADO;17/12/2021;4,57277
KAPITALO ZETA FIC MULTIMERCADO;20/12/2021;4,538022
KAPITALO ZETA FIC MULTIMERCADO;21/12/2021;4,579313
KAPITALO ZETA FIC MULTIMERCADO;22/12/2021;4,588482
KAPITALO ZETA FIC MULTIMERCADO;23/12/2021;4,604579
KAPITALO ZETA FIC MULTIMERCADO;24/12/2021;4,604656
KAPITALO ZETA FIC MULTIMERCADO;27/12/2021;4,613037
KAPITALO ZETA FIC MULTIMERCADO;28/12/2021;4,611269
KAPITALO ZETA FIC MULTIMERCADO;29/12/2021;4,607874
KAPITALO ZETA FIC MULTIMERCADO;30/12/2021;4,61627
KAPITALO ZETA FIC MULTIMERCADO;31/12/2021;4,616781
KAPITALO ZETA FIC MULTIMERCADO;03/01/2022;4,631864
KAPITALO ZETA FIC MULTIMERCADO;04/01/2022;4,658982
KAPITALO ZETA FIC MULTIMERCADO;05/01/2022;4,625449
KAPITALO ZETA FIC MULTIMERCADO;06/01/2022;4,651109
KAPITALO ZETA FIC MULTIMERCADO;07/01/2022;4,681516
KAPITALO ZETA FIC MULTIMERCADO;10/01/2022;4,67972
KAPITALO ZETA FIC MULTIMERCADO;11/01/2022;4,704264
KAPITALO ZETA FIC MULTIMERCADO;12/01/2022;4,75138
KAPITALO ZETA FIC MULTIMERCADO;13/01/2022;4,739387
KAPITALO ZETA FIC MULTIMERCADO;14/01/2022;4,754703
KAPITALO ZETA FIC MULTIMERCADO;17/01/2022;4,766338
KAPITALO ZETA FIC MULTIMERCADO;18/01/2022;4,760004
KAPITALO ZETA FIC MULTIMERCADO;19/01/2022;4,784392
KAPITALO ZETA FIC MULTIMERCADO;20/01/2022;4,79331
KAPITALO ZETA FIC MULTIMERCADO;21/01/2022;4,758543
KAPITALO ZETA FIC MULTIMERCADO;24/01/2022;4,747743
KAPITALO ZETA FIC MULTIMERCADO;25/01/2022;4,758693
KAPITALO ZETA FIC MULTIMERCADO;26/01/2022;4,770924
KAPITALO ZETA FIC MULTIMERCADO;27/01/2022;4,776838
KAPITALO ZETA FIC MULTIMERCADO;28/01/2022;4,778296
KAPITALO ZETA FIC MULTIMERCADO;31/01/2022;4,791293
KAPITALO ZETA FIC MULTIMERCADO;01/02/2022;4,792392
KAPITALO ZETA FIC MULTIMERCADO;02/02/2022;4,780367
KAPITALO ZETA FIC MULTIMERCADO;03/02/2022;4,773785
KAPITALO ZETA FIC MULTIMERCADO;04/02/2022;4,789355
KAPITALO ZETA FIC MULTIMERCADO;07/02/2022;4,759882
KAPITALO ZETA FIC MULTIMERCADO;08/02/2022;4,770985
KAPITALO ZETA FIC MULTIMERCADO;09/02/2022;4,792057
KAPITALO ZETA FIC MULTIMERCADO;10/02/2022;4,801885
KAPITALO ZETA FIC MULTIMERCADO;11/02/2022;4,807609
KAPITALO ZETA FIC MULTIMERCADO;14/02/2022;4,81925
KAPITALO ZETA FIC MULTIMERCADO;15/02/2022;4,808305
KAPITALO ZETA FIC MULTIMERCADO;16/02/2022;4,818702
KAPITALO ZETA FIC MULTIMERCADO;17/02/2022;4,805908
KAPITALO ZETA FIC MULTIMERCADO;18/02/2022;4,778193
KAPITALO ZETA FIC MULTIMERCADO;21/02/2022;4,775665
KAPITALO ZETA FIC MULTIMERCADO;22/02/2022;4,792036
KAPITALO ZETA FIC MULTIMERCADO;23/02/2022;4,77008
KAPITALO ZETA FIC MULTIMERCADO;24/02/2022;4,745108
KAPITALO ZETA FIC MULTIMERCADO;25/02/2022;4,744341
KAPITALO ZETA FIC MULTIMERCADO;02/03/2022;4,75165
KAPITALO ZETA FIC MULTIMERCADO;03/03/2022;4,753476
KAPITALO ZETA FIC MULTIMERCADO;04/03/2022;4,767743
KAPITALO ZETA FIC MULTIMERCADO;07/03/2022;4,747188
KAPITALO ZETA FIC MULTIMERCADO;08/03/2022;4,788161
KAPITALO ZETA FIC MULTIMERCADO;09/03/2022;4,807452
KAPITALO ZETA FIC MULTIMERCADO;10/03/2022;4,840675
KAPITALO ZETA FIC MULTIMERCADO;11/03/2022;4,821517
KAPITALO ZETA FIC MULTIMERCADO;14/03/2022;4,814401
KAPITALO ZETA FIC MULTIMERCADO;15/03/2022;4,796675
KAPITALO ZETA FIC MULTIMERCADO;16/03/2022;4,834486
KAPITALO ZETA FIC MULTIMERCADO;17/03/2022;4,868549
KAPITALO ZETA FIC MULTIMERCADO;18/03/2022;4,891666
KAPITALO ZETA FIC MULTIMERCADO;21/03/2022;4,916404
KAPITALO ZETA FIC MULTIMERCADO;22/03/2022;4,926648
KAPITALO ZETA FIC MULTIMERCADO;23/03/2022;4,941113
KAPITALO ZETA FIC MULTIMERCADO;24/03/2022;4,948851
KAPITALO ZETA FIC MULTIMERCADO;25/03/2022;4,95629
KAPITALO ZETA FIC MULTIMERCADO;28/03/2022;4,928784
KAPITALO ZETA FIC MULTIMERCADO;29/03/2022;4,935612
KAPITALO ZETA FIC MULTIMERCADO;30/03/2022;4,9538
KAPITALO ZETA FIC MULTIMERCADO;31/03/2022;4,931206
KAPITALO ZETA FIC MULTIMERCADO;01/04/2022;4,951654
KAPITALO ZETA FIC MULTIMERCADO;04/04/2022;4,949519
KAPITALO ZETA FIC MULTIMERCADO;05/04/2022;4,951382
KAPITALO ZETA FIC MULTIMERCADO;06/04/2022;4,952206
KAPITALO ZETA FIC MULTIMERCADO;07/04/2022;4,965053
KAPITALO ZETA FIC MULTIMERCADO;08/04/2022;4,9918
KAPITALO ZETA FIC MULTIMERCADO;11/04/2022;4,960736
KAPITALO ZETA FIC MULTIMERCADO;12/04/2022;4,951728
KAPITALO ZETA FIC MULTIMERCADO;13/04/2022;4,970576
KAPITALO ZETA FIC MULTIMERCADO;14/04/2022;4,980506
KAPITALO ZETA FIC MULTIMERCADO;18/04/2022;4,970552
KAPITALO ZETA FIC MULTIMERCADO;19/04/2022;4,985419
KAPITALO ZETA FIC MULTIMERCADO;20/04/2022;4,985054
KAPITALO ZETA FIC MULTIMERCADO;22/04/2022;4,986694
KAPITALO ZETA FIC MULTIMERCADO;25/04/2022;4,973497
KAPITALO ZETA FIC MULTIMERCADO;26/04/2022;4,960759
KAPITALO ZETA FIC MULTIMERCADO;27/04/2022;4,969878
KAPITALO ZETA FIC MULTIMERCADO;28/04/2022;4,993705
KAPITALO ZETA FIC MULTIMERCADO;29/04/2022;4,980226
KAPITALO ZETA FIC MULTIMERCADO;02/05/2022;4,955463
KAPITALO ZETA FIC MULTIMERCADO;03/05/2022;4,969377
KAPITALO ZETA FIC MULTIMERCADO;04/05/2022;5,009505
KAPITALO ZETA FIC MULTIMERCADO;05/05/2022;5,007011
KAPITALO ZETA FIC MULTIMERCADO;06/05/2022;5,007594
KAPITALO ZETA FIC MULTIMERCADO;09/05/2022;4,968632
KAPITALO ZETA FIC MULTIMERCADO;10/05/2022;4,970464
KAPITALO ZETA FIC MULTIMERCADO;11/05/2022;4,993632
KAPITALO ZETA FIC MULTIMERCADO;12/05/2022;4,98356
KAPITALO ZETA FIC MULTIMERCADO;13/05/2022;5,03391
KAPITALO ZETA FIC MULTIMERCADO;16/05/2022;5,03831
KAPITALO ZETA FIC MULTIMERCADO;17/05/2022;5,042535
KAPITALO ZETA FIC MULTIMERCADO;18/05/2022;5,023321
KAPITALO ZETA FIC MULTIMERCADO;19/05/2022;5,039123
KAPITALO ZETA FIC MULTIMERCADO;20/05/2022;5,0497
KAPITALO ZETA FIC MULTIMERCADO;23/05/2022;5,097926
KAPITALO ZETA FIC MULTIMERCADO;24/05/2022;5,10219
KAPITALO ZETA FIC MULTIMERCADO;25/05/2022;5,109335
KAPITALO ZETA FIC MULTIMERCADO;26/05/2022;5,118284
KAPITALO ZETA FIC MULTIMERCADO;27/05/2022;5,117222
KAPITALO ZETA FIC MULTIMERCADO;30/05/2022;5,098213
KAPITALO ZETA FIC MULTIMERCADO;31/05/2022;5,108444
KAPITALO ZETA FIC MULTIMERCADO;01/06/2022;5,100463
KAPITALO ZETA FIC MULTIMERCADO;02/06/2022;5,122423
KAPITALO ZETA FIC MULTIMERCADO;03/06/2022;5,112559
KAPITALO ZETA FIC MULTIMERCADO;06/06/2022;5,101063
KAPITALO ZETA FIC MULTIMERCADO;07/06/2022;5,111662
KAPITALO ZETA FIC MULTIMERCADO;08/06/2022;5,10424
KAPITALO ZETA FIC MULTIMERCADO;09/06/2022;5,094227
KAPITALO ZETA FIC MULTIMERCADO;10/06/2022;5,093118
KAPITALO ZETA FIC MULTIMERCADO;13/06/2022;5,072247
KAPITALO ZETA FIC MULTIMERCADO;14/06/2022;5,041112
KAPITALO ZETA FIC MULTIMERCADO;15/06/2022;5,028785
KAPITALO ZETA FIC MULTIMERCADO;17/06/2022;4,995971
KAPITALO ZETA FIC MULTIMERCADO;20/06/2022;5,013157
KAPITALO ZETA FIC MULTIMERCADO;21/06/2022;5,003037
KAPITALO ZETA FIC MULTIMERCADO;22/06/2022;5,000581
KAPITALO ZETA FIC MULTIMERCADO;23/06/2022;5,011335
KAPITALO ZETA FIC MULTIMERCADO;24/06/2022;5,038842
KAPITALO ZETA FIC MULTIMERCADO;27/06/2022;5,044782
KAPITALO ZETA FIC MULTIMERCADO;28/06/2022;5,035611
KAPITALO ZETA FIC MULTIMERCADO;29/06/2022;5,036516
KAPITALO ZETA FIC MULTIMERCADO;30/06/2022;5,049213
KAPITALO ZETA FIC MULTIMERCADO;01/07/2022;5,05691
KAPITALO ZETA FIC MULTIMERCADO;04/07/2022;5,080787
KAPITALO ZETA FIC MULTIMERCADO;05/07/2022;5,076856
KAPITALO ZETA FIC MULTIMERCADO;06/07/2022;5,083494
KAPITALO ZETA FIC MULTIMERCADO;07/07/2022;5,102431
KAPITALO ZETA FIC MULTIMERCADO;08/07/2022;5,101703
KAPITALO ZETA FIC MULTIMERCADO;11/07/2022;5,101642
KAPITALO ZETA FIC MULTIMERCADO;12/07/2022;5,124142
KAPITALO ZETA FIC MULTIMERCADO;13/07/2022;5,122997
KAPITALO ZETA FIC MULTIMERCADO;14/07/2022;5,127879
KAPITALO ZETA FIC MULTIMERCADO;15/07/2022;5,106128
KAPITALO ZETA FIC MULTIMERCADO;18/07/2022;5,093013
KAPITALO ZETA FIC MULTIMERCADO;19/07/2022;5,119548
KAPITALO ZETA FIC MULTIMERCADO;20/07/2022;5,13155
KAPITALO ZETA FIC MULTIMERCADO;21/07/2022;5,131253
KAPITALO ZETA FIC MULTIMERCADO;22/07/2022;5,156431
KAPITALO ZETA FIC MULTIMERCADO;25/07/2022;5,163859
KAPITALO ZETA FIC MULTIMERCADO;26/07/2022;5,15805
KAPITALO ZETA FIC MULTIMERCADO;27/07/2022;5,175028
KAPITALO ZETA FIC MULTIMERCADO;28/07/2022;5,197853
KAPITALO ZETA FIC MULTIMERCADO;29/07/2022;5,212228
KAPITALO ZETA FIC MULTIMERCADO;01/08/2022;5,216953
KAPITALO ZETA FIC MULTIMERCADO;02/08/2022;5,21194
KAPITALO ZETA FIC MULTIMERCADO;03/08/2022;5,218471
KAPITALO ZETA FIC MULTIMERCADO;04/08/2022;5,206367
KAPITALO ZETA FIC MULTIMERCADO;05/08/2022;5,219452
KAPITALO ZETA FIC MULTIMERCADO;08/08/2022;5,243309
KAPITALO ZETA FIC MULTIMERCADO;09/08/2022;5,23016
KAPITALO ZETA FIC MULTIMERCADO;10/08/2022;5,245637
KAPITALO ZETA FIC MULTIMERCADO;11/08/2022;5,223525
KAPITALO ZETA FIC MULTIMERCADO;12/08/2022;5,24799
KAPITALO ZETA FIC MULTIMERCADO;15/08/2022;5,25211
KAPITALO ZETA FIC MULTIMERCADO;16/08/2022;5,257583
KAPITALO ZETA FIC MULTIMERCADO;17/08/2022;5,274817
KAPITALO ZETA FIC MULTIMERCADO;18/08/2022;5,308187
KAPITALO ZETA FIC MULTIMERCADO;19/08/2022;5,333664
KAPITALO ZETA FIC MULTIMERCADO;22/08/2022;5,332998
KAPITALO ZETA FIC MULTIMERCADO;23/08/2022;5,306092
KAPITALO ZETA FIC MULTIMERCADO;24/08/2022;5,32287
KAPITALO ZETA FIC MULTIMERCADO;25/08/2022;5,314216
KAPITALO ZETA FIC MULTIMERCADO;26/08/2022;5,305114
KAPITALO ZETA FIC MULTIMERCADO;29/08/2022;5,30523
KAPITALO ZETA FIC MULTIMERCADO;30/08/2022;5,304058
KAPITALO ZETA FIC MULTIMERCADO;31/08/2022;5,302777
KAPITALO ZETA FIC MULTIMERCADO;01/09/2022;5,286625
KAPITALO ZETA FIC MULTIMERCADO;02/09/2022;5,28384
KAPITALO ZETA FIC MULTIMERCADO;05/09/2022;5,292607
KAPITALO ZETA FIC MULTIMERCADO;06/09/2022;5,303553
KAPITALO ZETA FIC MULTIMERCADO;08/09/2022;5,277026
KAPITALO ZETA FIC MULTIMERCADO;09/09/2022;5,313194
KAPITALO ZETA FIC MULTIMERCADO;12/09/2022;5,316537
KAPITALO ZETA FIC MULTIMERCADO;13/09/2022;5,307328
KAPITALO ZETA FIC MULTIMERCADO;14/09/2022;5,321504
KAPITALO ZETA FIC MULTIMERCADO;15/09/2022;5,320149
KAPITALO ZETA FIC MULTIMERCADO;16/09/2022;5,323844
KAPITALO ZETA FIC MULTIMERCADO;19/09/2022;5,330772
KAPITALO ZETA FIC MULTIMERCADO;20/09/2022;5,328988
KAPITALO ZETA FIC MULTIMERCADO;21/09/2022;5,332747
KAPITALO ZETA FIC MULTIMERCADO;22/09/2022;5,344766
KAPITALO ZETA FIC MULTIMERCADO;23/09/2022;5,32175
KAPITALO ZETA FIC MULTIMERCADO;26/09/2022;5,303582
KAPITALO ZETA FIC MULTIMERCADO;27/09/2022;5,293494
KAPITALO ZETA FIC MULTIMERCADO;28/09/2022;5,274913
KAPITALO ZETA FIC MULTIMERCADO;29/09/2022;5,28641
KAPITALO ZETA FIC MULTIMERCADO;30/09/2022;5,280846
KAPITALO ZETA FIC MULTIMERCADO;03/10/2022;5,328625
KAPITALO ZETA FIC MULTIMERCADO;04/10/2022;5,349537
KAPITALO ZETA FIC MULTIMERCADO;05/10/2022;5,351838
KAPITALO ZETA FIC MULTIMERCADO;06/10/2022;5,374834
KAPITALO ZETA FIC MULTIMERCADO;07/10/2022;5,377086
KAPITALO ZETA FIC MULTIMERCADO;10/10/2022;5,390633
KAPITALO ZETA FIC MULTIMERCADO;11/10/2022;5,367879
KAPITALO ZETA FIC MULTIMERCADO;13/10/2022;5,385716
KAPITALO ZETA FIC MULTIMERCADO;14/10/2022;5,38299
KAPITALO ZETA FIC MULTIMERCADO;17/10/2022;5,40117
KAPITALO ZETA FIC MULTIMERCADO;18/10/2022;5,417532
KAPITALO ZETA FIC MULTIMERCADO;19/10/2022;5,421511
KAPITALO ZETA FIC MULTIMERCADO;20/10/2022;5,432291
KAPITALO ZETA FIC MULTIMERCADO;21/10/2022;5,462006
KAPITALO ZETA FIC MULTIMERCADO;24/10/2022;5,435711
KAPITALO ZETA FIC MULTIMERCADO;25/10/2022;5,397832
KAPITALO ZETA FIC MULTIMERCADO;26/10/2022;5,388374
KAPITALO ZETA FIC MULTIMERCADO;27/10/2022;5,407375
KAPITALO ZETA FIC MULTIMERCADO;28/10/2022;5,388435
KAPITALO ZETA FIC MULTIMERCADO;31/10/2022;5,391784
KAPITALO ZETA FIC MULTIMERCADO;01/11/2022;5,42387
KAPITALO ZETA FIC MULTIMERCADO;03/11/2022;5,452916
KAPITALO ZETA FIC MULTIMERCADO;04/11/2022;5,474498
KAPITALO ZETA FIC MULTIMERCADO;07/11/2022;5,461538
KAPITALO ZETA FIC MULTIMERCADO;08/11/2022;5,442482
KAPITALO ZETA FIC MULTIMERCADO;09/11/2022;5,459434
KAPITALO ZETA FIC MULTIMERCADO;10/11/2022;5,45497
KAPITALO ZETA FIC MULTIMERCADO;11/11/2022;5,504938
KAPITALO ZETA FIC MULTIMERCADO;14/11/2022;5,49975
KAPITALO ZETA FIC MULTIMERCADO;16/11/2022;5,508543
KAPITALO ZETA FIC MULTIMERCADO;17/11/2022;5,491753
KAPITALO ZETA FIC MULTIMERCADO;18/11/2022;5,473835
KAPITALO ZETA FIC MULTIMERCADO;21/11/2022;5,453804
KAPITALO ZETA FIC MULTIMERCADO;22/11/2022;5,447321
KAPITALO ZETA FIC MULTIMERCADO;23/11/2022;5,43413
KAPITALO ZETA FIC MULTIMERCADO;24/11/2022;5,462725
KAPITALO ZETA FIC MULTIMERCADO;25/11/2022;5,478893
KAPITALO ZETA FIC MULTIMERCADO;28/11/2022;5,46314
KAPITALO ZETA FIC MULTIMERCADO;29/11/2022;5,484826
KAPITALO ZETA FIC MULTIMERCADO;30/11/2022;5,496938
KAPITALO ZETA FIC MULTIMERCADO;01/12/2022;5,475345
KAPITALO ZETA FIC MULTIMERCADO;02/12/2022;5,489237
KAPITALO ZETA FIC MULTIMERCADO;05/12/2022;5,467608
KAPITALO ZETA FIC MULTIMERCADO;06/12/2022;5,461374
KAPITALO ZETA FIC MULTIMERCADO;07/12/2022;5,462987
KAPITALO ZETA FIC MULTIMERCADO;08/12/2022;5,444255
KAPITALO ZETA FIC MULTIMERCADO;09/12/2022;5,459436
KAPITALO ZETA FIC MULTIMERCADO;12/12/2022;5,462254
KAPITALO ZETA FIC MULTIMERCADO;13/12/2022;5,452249
KAPITALO ZETA FIC MULTIMERCADO;14/12/2022;5,483643
KAPITALO ZETA FIC MULTIMERCADO;15/12/2022;5,472848
KAPITALO ZETA FIC MULTIMERCADO;16/12/2022;5,466616
KAPITALO ZETA FIC MULTIMERCADO;19/12/2022;5,454044
KAPITALO ZETA FIC MULTIMERCADO;20/12/2022;5,453764
KAPITALO ZETA FIC MULTIMERCADO;21/12/2022;5,478584
KAPITALO ZETA FIC MULTIMERCADO;22/12/2022;5,47858
KAPITALO ZETA FIC MULTIMERCADO;23/12/2022;5,481689
KAPITALO ZETA FIC MULTIMERCADO;26/12/2022;5,480183
KAPITALO ZETA FIC MULTIMERCADO;27/12/2022;5,487528
KAPITALO ZETA FIC MULTIMERCADO;28/12/2022;5,502198
KAPITALO ZETA FIC MULTIMERCADO;29/12/2022;5,521919
KAPITALO ZETA FIC MULTIMERCADO;30/12/2022;5,525112
KAPITALO ZETA FIC MULTIMERCADO;02/01/2023;5,53665
KAPITALO ZETA FIC MULTIMERCADO;03/01/2023;5,546292
KAPITALO ZETA FIC MULTIMERCADO;04/01/2023;5,549512
KAPITALO ZETA FIC MULTIMERCADO;05/01/2023;5,560036
KAPITALO ZETA FIC MULTIMERCADO;06/01/2023;5,602257
KAPITALO ZETA FIC MULTIMERCADO;09/01/2023;5,616809
KAPITALO ZETA FIC MULTIMERCADO;10/01/2023;5,630805
KAPITALO ZETA FIC MULTIMERCADO;11/01/2023;5,650565
KAPITALO ZETA FIC MULTIMERCADO;12/01/2023;5,682357
KAPITALO ZETA FIC MULTIMERCADO;13/01/2023;5,683599
KAPITALO ZETA FIC MULTIMERCADO;16/01/2023;5,680133
KAPITALO ZETA FIC MULTIMERCADO;17/01/2023;5,678055
KAPITALO ZETA FIC MULTIMERCADO;18/01/2023;5,685404
KAPITALO ZETA FIC MULTIMERCADO;19/01/2023;5,675816
KAPITALO ZETA FIC MULTIMERCADO;20/01/2023;5,672058
KAPITALO ZETA FIC MULTIMERCADO;23/01/2023;5,653817
KAPITALO ZETA FIC MULTIMERCADO;24/01/2023;5,656038
KAPITALO ZETA FIC MULTIMERCADO;25/01/2023;5,675267
KAPITALO ZETA FIC MULTIMERCADO;26/01/2023;5,665981
KAPITALO ZETA FIC MULTIMERCADO;27/01/2023;5,658209
KAPITALO ZETA FIC MULTIMERCADO;30/01/2023;5,6539
KAPITALO ZETA FIC MULTIMERCADO;31/01/2023;5,661313
KAPITALO ZETA FIC MULTIMERCADO;01/02/2023;5,684761
KAPITALO ZETA FIC MULTIMERCADO;02/02/2023;5,66711
KAPITALO ZETA FIC MULTIMERCADO;03/02/2023;5,640012
KAPITALO ZETA FIC MULTIMERCADO;06/02/2023;5,609933
KAPITALO ZETA FIC MULTIMERCADO;07/02/2023;5,627842
KAPITALO ZETA FIC MULTIMERCADO;08/02/2023;5,618614
KAPITALO ZETA FIC MULTIMERCADO;09/02/2023;5,605423
KAPITALO ZETA FIC MULTIMERCADO;10/02/2023;5,613628
KAPITALO ZETA FIC MULTIMERCADO;13/02/2023;5,599418
KAPITALO ZETA FIC MULTIMERCADO;14/02/2023;5,584288
KAPITALO ZETA FIC MULTIMERCADO;15/02/2023;5,607214
KAPITALO ZETA FIC MULTIMERCADO;16/02/2023;5,630224
KAPITALO ZETA FIC MULTIMERCADO;17/02/2023;5,632307
KAPITALO ZETA FIC MULTIMERCADO;22/02/2023;5,624856
KAPITALO ZETA FIC MULTIMERCADO;23/02/2023;5,621035
KAPITALO ZETA FIC MULTIMERCADO;24/02/2023;5,604421
KAPITALO ZETA FIC MULTIMERCADO;27/02/2023;5,599517
KAPITALO ZETA FIC MULTIMERCADO;28/02/2023;5,618519
KAPITALO ZETA FIC MULTIMERCADO;01/03/2023;5,597721
KAPITALO ZETA FIC MULTIMERCADO;02/03/2023;5,598473
KAPITALO ZETA FIC MULTIMERCADO;03/03/2023;5,603429
KAPITALO ZETA FIC MULTIMERCADO;06/03/2023;5,586503
KAPITALO ZETA FIC MULTIMERCADO;07/03/2023;5,581254
KAPITALO ZETA FIC MULTIMERCADO;08/03/2023;5,598003
KAPITALO ZETA FIC MULTIMERCADO;09/03/2023;5,598969
KAPITALO ZETA FIC MULTIMERCADO;10/03/2023;5,578983
KAPITALO ZETA FIC MULTIMERCADO;13/03/2023;5,523168
KAPITALO ZETA FIC MULTIMERCADO;14/03/2023;5,5104
KAPITALO ZETA FIC MULTIMERCADO;15/03/2023;5,491481
KAPITALO ZETA FIC MULTIMERCADO;16/03/2023;5,489199
KAPITALO ZETA FIC MULTIMERCADO;17/03/2023;5,585879
KAPITALO ZETA FIC MULTIMERCADO;20/03/2023;5,575725
KAPITALO ZETA FIC MULTIMERCADO;21/03/2023;5,565425
KAPITALO ZETA FIC MULTIMERCADO;22/03/2023;5,625722
KAPITALO ZETA FIC MULTIMERCADO;23/03/2023;5,643834
KAPITALO ZETA FIC MULTIMERCADO;24/03/2023;5,642067
KAPITALO ZETA FIC MULTIMERCADO;27/03/2023;5,618181
KAPITALO ZETA FIC MULTIMERCADO;28/03/2023;5,625729
KAPITALO ZETA FIC MULTIMERCADO;29/03/2023;5,640612
KAPITALO ZETA FIC MULTIMERCADO;30/03/2023;5,65415
KAPITALO ZETA FIC MULTIMERCADO;31/03/2023;5,681928
KAPITALO ZETA FIC MULTIMERCADO;03/04/2023;5,697553
KAPITALO ZETA FIC MULTIMERCADO;04/04/2023;5,706301
KAPITALO ZETA FIC MULTIMERCADO;05/04/2023;5,684358
KAPITALO ZETA FIC MULTIMERCADO;06/04/2023;5,696216
KAPITALO ZETA FIC MULTIMERCADO;10/04/2023;5,666394
KAPITALO ZETA FIC MULTIMERCADO;11/04/2023;5,678609
KAPITALO ZETA FIC MULTIMERCADO;12/04/2023;5,696142
KAPITALO ZETA FIC MULTIMERCADO;13/04/2023;5,69388
KAPITALO ZETA FIC MULTIMERCADO;14/04/2023;5,666311
KAPITALO ZETA FIC MULTIMERCADO;17/04/2023;5,626114
KAPITALO ZETA FIC MULTIMERCADO;18/04/2023;5,63514
KAPITALO ZETA FIC MULTIMERCADO;19/04/2023;5,619881
KAPITALO ZETA FIC MULTIMERCADO;20/04/2023;5,63263
KAPITALO ZETA FIC MULTIMERCADO;24/04/2023;5,612433
KAPITALO ZETA FIC MULTIMERCADO;25/04/2023;5,633792
KAPITALO ZETA FIC MULTIMERCADO;26/04/2023;5,627165
KAPITALO ZETA FIC MULTIMERCADO;27/04/2023;5,635687
KAPITALO ZETA FIC MULTIMERCADO;28/04/2023;5,665425
KAPITALO ZETA FIC MULTIMERCADO;02/05/2023;5,66064
KAPITALO ZETA FIC MULTIMERCADO;03/05/2023;5,655135
KAPITALO ZETA FIC MULTIMERCADO;04/05/2023;5,637907
KAPITALO ZETA FIC MULTIMERCADO;05/05/2023;5,631666
KAPITALO ZETA FIC MULTIMERCADO;08/05/2023;5,636131
KAPITALO ZETA FIC MULTIMERCADO;09/05/2023;5,633991
KAPITALO ZETA FIC MULTIMERCADO;10/05/2023;5,646953
KAPITALO ZETA FIC MULTIMERCADO;11/05/2023;5,641727
KAPITALO ZETA FIC MULTIMERCADO;12/05/2023;5,649267
KAPITALO ZETA FIC MULTIMERCADO;15/05/2023;5,659232
KAPITALO ZETA FIC MULTIMERCADO;16/05/2023;5,658559
KAPITALO ZETA FIC MULTIMERCADO;17/05/2023;5,662653
KAPITALO ZETA FIC MULTIMERCADO;18/05/2023;5,658914
KAPITALO ZETA FIC MULTIMERCADO;19/05/2023;5,648303
KAPITALO ZETA FIC MULTIMERCADO;22/05/2023;5,639493
KAPITALO ZETA FIC MULTIMERCADO;23/05/2023;5,609174
KAPITALO ZETA FIC MULTIMERCADO;24/05/2023;5,578693
KAPITALO ZETA FIC MULTIMERCADO;25/05/2023;5,554684
KAPITALO ZETA FIC MULTIMERCADO;26/05/2023;5,558796
KAPITALO ZETA FIC MULTIMERCADO;29/05/2023;5,564788
KAPITALO ZETA FIC MULTIMERCADO;30/05/2023;5,575308
KAPITALO ZETA FIC MULTIMERCADO;31/05/2023;5,606365
KAPITALO ZETA FIC MULTIMERCADO;01/06/2023;5,625451
KAPITALO ZETA FIC MULTIMERCADO;02/06/2023;5,629222
KAPITALO ZETA FIC MULTIMERCADO;05/06/2023;5,624312
KAPITALO ZETA FIC MULTIMERCADO;06/06/2023;5,61227
KAPITALO ZETA FIC MULTIMERCADO;07/06/2023;5,602037
KAPITALO ZETA FIC MULTIMERCADO;09/06/2023;5,608301
KAPITALO ZETA FIC MULTIMERCADO;12/06/2023;5,600682
KAPITALO ZETA FIC MULTIMERCADO;13/06/2023;5,572324
KAPITALO ZETA FIC MULTIMERCADO;14/06/2023;5,598133
KAPITALO ZETA FIC MULTIMERCADO;15/06/2023;5,632784
KAPITALO ZETA FIC MULTIMERCADO;16/06/2023;5,625392
KAPITALO ZETA FIC MULTIMERCADO;19/06/2023;5,619087
KAPITALO ZETA FIC MULTIMERCADO;20/06/2023;5,619334
KAPITALO ZETA FIC MULTIMERCADO;21/06/2023;5,598668
KAPITALO ZETA FIC MULTIMERCADO;22/06/2023;5,569927
KAPITALO ZETA FIC MULTIMERCADO;23/06/2023;5,585601
KAPITALO ZETA FIC MULTIMERCADO;26/06/2023;5,590702
KAPITALO ZETA FIC MULTIMERCADO;27/06/2023;5,552389
KAPITALO ZETA FIC MULTIMERCADO;28/06/2023;5,554396
KAPITALO ZETA FIC MULTIMERCADO;29/06/2023;5,534812
KAPITALO ZETA FIC MULTIMERCADO;30/06/2023;5,536798
KAPITALO ZETA FIC MULTIMERCADO;03/07/2023;5,534159
KAPITALO ZETA FIC MULTIMERCADO;04/07/2023;5,52877
KAPITALO ZETA FIC MULTIMERCADO;05/07/2023;5,533498
KAPITALO ZETA FIC MULTIMERCADO;06/07/2023;5,514655
KAPITALO ZETA FIC MULTIMERCADO;07/07/2023;5,552334
KAPITALO ZETA FIC MULTIMERCADO;10/07/2023;5,549188
KAPITALO ZETA FIC MULTIMERCADO;11/07/2023;5,566848
KAPITALO ZETA FIC MULTIMERCADO;12/07/2023;5,606015
KAPITALO ZETA FIC MULTIMERCADO;13/07/2023;5,63764
KAPITALO ZETA FIC MULTIMERCADO;14/07/2023;5,595689
KAPITALO ZETA FIC MULTIMERCADO;17/07/2023;5,588953
KAPITALO ZETA FIC MULTIMERCADO;18/07/2023;5,600328
KAPITALO ZETA FIC MULTIMERCADO;19/07/2023;5,59984
KAPITALO ZETA FIC MULTIMERCADO;20/07/2023;5,56522
KAPITALO ZETA FIC MULTIMERCADO;21/07/2023;5,585326
KAPITALO ZETA FIC MULTIMERCADO;24/07/2023;5,605005
KAPITALO ZETA FIC MULTIMERCADO;25/07/2023;5,612495
KAPITALO ZETA FIC MULTIMERCADO;26/07/2023;5,629584
KAPITALO ZETA FIC MULTIMERCADO;27/07/2023;5,653673
KAPITALO ZETA FIC MULTIMERCADO;28/07/2023;5,671448
KAPITALO ZETA FIC MULTIMERCADO;31/07/2023;5,719786
KAPITALO ZETA FIC MULTIMERCADO;01/08/2023;5,697743
KAPITALO ZETA FIC MULTIMERCADO;02/08/2023;5,678181
KAPITALO ZETA FIC MULTIMERCADO;03/08/2023;5,716209
KAPITALO ZETA FIC MULTIMERCADO;04/08/2023;5,751645
KAPITALO ZETA FIC MULTIMERCADO;07/08/2023;5,736448
KAPITALO ZETA FIC MULTIMERCADO;08/08/2023;5,759315
KAPITALO ZETA FIC MULTIMERCADO;09/08/2023;5,742935
KAPITALO ZETA FIC MULTIMERCADO;10/08/2023;5,755185
KAPITALO ZETA FIC MULTIMERCADO;11/08/2023;5,72703
KAPITALO ZETA FIC MULTIMERCADO;14/08/2023;5,687224
KAPITALO ZETA FIC MULTIMERCADO;15/08/2023;5,685354
KAPITALO ZETA FIC MULTIMERCADO;16/08/2023;5,679098
KAPITALO ZETA FIC MULTIMERCADO;17/08/2023;5,643719
KAPITALO ZETA FIC MULTIMERCADO;18/08/2023;5,665497
KAPITALO ZETA FIC MULTIMERCADO;21/08/2023;5,646394
KAPITALO ZETA FIC MULTIMERCADO;22/08/2023;5,670676
KAPITALO ZETA FIC MULTIMERCADO;23/08/2023;5,701569
KAPITALO ZETA FIC MULTIMERCADO;24/08/2023;5,694149
KAPITALO ZETA FIC MULTIMERCADO;25/08/2023;5,680144
KAPITALO ZETA FIC MULTIMERCADO;28/08/2023;5,683169
KAPITALO ZETA FIC MULTIMERCADO;29/08/2023;5,742069
KAPITALO ZETA FIC MULTIMERCADO;30/08/2023;5,736611
KAPITALO ZETA FIC MULTIMERCADO;31/08/2023;5,704357
KAPITALO ZETA FIC MULTIMERCADO;01/09/2023;5,716057
KAPITALO ZETA FIC MULTIMERCADO;04/09/2023;5,728354
KAPITALO ZETA FIC MULTIMERCADO;05/09/2023;5,667682
KAPITALO ZETA FIC MULTIMERCADO;06/09/2023;5,628828
KAPITALO ZETA FIC MULTIMERCADO;08/09/2023;5,625774
KAPITALO ZETA FIC MULTIMERCADO;11/09/2023;5,649922
KAPITALO ZETA FIC MULTIMERCADO;12/09/2023;5,658163
KAPITALO ZETA FIC MULTIMERCADO;13/09/2023;5,691665
KAPITALO ZETA FIC MULTIMERCADO;14/09/2023;5,725737
KAPITALO ZETA FIC MULTIMERCADO;15/09/2023;5,727065
KAPITALO ZETA FIC MULTIMERCADO;18/09/2023;5,717445
KAPITALO ZETA FIC MULTIMERCADO;19/09/2023;5,711569
KAPITALO ZETA FIC MULTIMERCADO;20/09/2023;5,727185
KAPITALO ZETA FIC MULTIMERCADO;21/09/2023;5,698854
KAPITALO ZETA FIC MULTIMERCADO;22/09/2023;5,721908
KAPITALO ZETA FIC MULTIMERCADO;25/09/2023;5,695202
KAPITALO ZETA FIC MULTIMERCADO;26/09/2023;5,667274
KAPITALO ZETA FIC MULTIMERCADO;27/09/2023;5,618924
KAPITALO ZETA FIC MULTIMERCADO;28/09/2023;5,639981
KAPITALO ZETA FIC MULTIMERCADO;29/09/2023;5,693197
KAPITALO ZETA FIC MULTIMERCADO;02/10/2023;5,654325
KAPITALO ZETA FIC MULTIMERCADO;03/10/2023;5,619902
KAPITALO ZETA FIC MULTIMERCADO;04/10/2023;5,65195
KAPITALO ZETA FIC MULTIMERCADO;05/10/2023;5,657863
KAPITALO ZETA FIC MULTIMERCADO;06/10/2023;5,665668
KAPITALO ZETA FIC MULTIMERCADO;09/10/2023;5,69344
KAPITALO ZETA FIC MULTIMERCADO;10/10/2023;5,720556
KAPITALO ZETA FIC MULTIMERCADO;11/10/2023;5,691174
KAPITALO ZETA FIC MULTIMERCADO;13/10/2023;5,662551
KAPITALO ZETA FIC MULTIMERCADO;16/10/2023;5,659351
KAPITALO ZETA FIC MULTIMERCADO;17/10/2023;5,602271
KAPITALO ZETA FIC MULTIMERCADO;18/10/2023;5,564759
KAPITALO ZETA FIC MULTIMERCADO;19/10/2023;5,549306
KAPITALO ZETA FIC MULTIMERCADO;20/10/2023;5,60645
KAPITALO ZETA FIC MULTIMERCADO;23/10/2023;5,618596
KAPITALO ZETA FIC MULTIMERCADO;24/10/2023;5,61956
KAPITALO ZETA FIC MULTIMERCADO;25/10/2023;5,638437
KAPITALO ZETA FIC MULTIMERCADO;26/10/2023;5,670693
KAPITALO ZETA FIC MULTIMERCADO;27/10/2023;5,653481
KAPITALO ZETA FIC MULTIMERCADO;30/10/2023;5,591511
KAPITALO ZETA FIC MULTIMERCADO;31/10/2023;5,620691
KAPITALO ZETA FIC MULTIMERCADO;01/11/2023;5,68083
KAPITALO ZETA FIC MULTIMERCADO;03/11/2023;5,718762
KAPITALO ZETA FIC MULTIMERCADO;06/11/2023;5,74067
KAPITALO ZETA FIC MULTIMERCADO;07/11/2023;5,760552
KAPITALO ZETA FIC MULTIMERCADO;08/11/2023;5,727535
KAPITALO ZETA FIC MULTIMERCADO;09/11/2023;5,701998
KINEA ATLAS II FI MULTIMERCADO;06/04/2018;1,250837
KINEA ATLAS II FI MULTIMERCADO;09/04/2018;1,24855
KINEA ATLAS II FI MULTIMERCADO;10/04/2018;1,251514
KINEA ATLAS II FI MULTIMERCADO;11/04/2018;1,25256
KINEA ATLAS II FI MULTIMERCADO;12/04/2018;1,259285
KINEA ATLAS II FI MULTIMERCADO;13/04/2018;1,258073
KINEA ATLAS II FI MULTIMERCADO;16/04/2018;1,258296
KINEA ATLAS II FI MULTIMERCADO;17/04/2018;1,260423
KINEA ATLAS II FI MULTIMERCADO;18/04/2018;1,262377
KINEA ATLAS II FI MULTIMERCADO;19/04/2018;1,265492
KINEA ATLAS II FI MULTIMERCADO;20/04/2018;1,270239
KINEA ATLAS II FI MULTIMERCADO;23/04/2018;1,273885
KINEA ATLAS II FI MULTIMERCADO;24/04/2018;1,270526
KINEA ATLAS II FI MULTIMERCADO;25/04/2018;1,271257
KINEA ATLAS II FI MULTIMERCADO;26/04/2018;1,273431
KINEA ATLAS II FI MULTIMERCADO;27/04/2018;1,274481
KINEA ATLAS II FI MULTIMERCADO;30/04/2018;1,27729
KINEA ATLAS II FI MULTIMERCADO;02/05/2018;1,277461
KINEA ATLAS II FI MULTIMERCADO;03/05/2018;1,27643
KINEA ATLAS II FI MULTIMERCADO;04/05/2018;1,278866
KINEA ATLAS II FI MULTIMERCADO;07/05/2018;1,278517
KINEA ATLAS II FI MULTIMERCADO;08/05/2018;1,278177
KINEA ATLAS II FI MULTIMERCADO;09/05/2018;1,277167
KINEA ATLAS II FI MULTIMERCADO;10/05/2018;1,278693
KINEA ATLAS II FI MULTIMERCADO;11/05/2018;1,273079
KINEA ATLAS II FI MULTIMERCADO;14/05/2018;1,268004
KINEA ATLAS II FI MULTIMERCADO;15/05/2018;1,266968
KINEA ATLAS II FI MULTIMERCADO;16/05/2018;1,269969
KINEA ATLAS II FI MULTIMERCADO;17/05/2018;1,263751
KINEA ATLAS II FI MULTIMERCADO;18/05/2018;1,259875
KINEA ATLAS II FI MULTIMERCADO;21/05/2018;1,264086
KINEA ATLAS II FI MULTIMERCADO;22/05/2018;1,268759
KINEA ATLAS II FI MULTIMERCADO;23/05/2018;1,268652
KINEA ATLAS II FI MULTIMERCADO;24/05/2018;1,266307
KINEA ATLAS II FI MULTIMERCADO;25/05/2018;1,264547
KINEA ATLAS II FI MULTIMERCADO;28/05/2018;1,259329
KINEA ATLAS II FI MULTIMERCADO;29/05/2018;1,260721
KINEA ATLAS II FI MULTIMERCADO;30/05/2018;1,259668
KINEA ATLAS II FI MULTIMERCADO;01/06/2018;1,261448
KINEA ATLAS II FI MULTIMERCADO;04/06/2018;1,264974
KINEA ATLAS II FI MULTIMERCADO;05/06/2018;1,25892
KINEA ATLAS II FI MULTIMERCADO;06/06/2018;1,255391
KINEA ATLAS II FI MULTIMERCADO;07/06/2018;1,245038
KINEA ATLAS II FI MULTIMERCADO;08/06/2018;1,250558
KINEA ATLAS II FI MULTIMERCADO;11/06/2018;1,252557
KINEA ATLAS II FI MULTIMERCADO;12/06/2018;1,253897
KINEA ATLAS II FI MULTIMERCADO;13/06/2018;1,251557
KINEA ATLAS II FI MULTIMERCADO;14/06/2018;1,239725
KINEA ATLAS II FI MULTIMERCADO;15/06/2018;1,252234
KINEA ATLAS II FI MULTIMERCADO;18/06/2018;1,256393
KINEA ATLAS II FI MULTIMERCADO;19/06/2018;1,267354
KINEA ATLAS II FI MULTIMERCADO;20/06/2018;1,265729
KINEA ATLAS II FI MULTIMERCADO;21/06/2018;1,265307
KINEA ATLAS II FI MULTIMERCADO;22/06/2018;1,264556
KINEA ATLAS II FI MULTIMERCADO;25/06/2018;1,26805
KINEA ATLAS II FI MULTIMERCADO;26/06/2018;1,271014
KINEA ATLAS II FI MULTIMERCADO;27/06/2018;1,265216
KINEA ATLAS II FI MULTIMERCADO;28/06/2018;1,270982
KINEA ATLAS II FI MULTIMERCADO;29/06/2018;1,272626
KINEA ATLAS II FI MULTIMERCADO;02/07/2018;1,272962
KINEA ATLAS II FI MULTIMERCADO;03/07/2018;1,274469
KINEA ATLAS II FI MULTIMERCADO;04/07/2018;1,277159
KINEA ATLAS II FI MULTIMERCADO;05/07/2018;1,274103
KINEA ATLAS II FI MULTIMERCADO;06/07/2018;1,276857
KINEA ATLAS II FI MULTIMERCADO;09/07/2018;1,277312
KINEA ATLAS II FI MULTIMERCADO;10/07/2018;1,280715
KINEA ATLAS II FI MULTIMERCADO;11/07/2018;1,278012
KINEA ATLAS II FI MULTIMERCADO;12/07/2018;1,27831
KINEA ATLAS II FI MULTIMERCADO;13/07/2018;1,280714
KINEA ATLAS II FI MULTIMERCADO;16/07/2018;1,282744
KINEA ATLAS II FI MULTIMERCADO;17/07/2018;1,28689
KINEA ATLAS II FI MULTIMERCADO;18/07/2018;1,286092
KINEA ATLAS II FI MULTIMERCADO;19/07/2018;1,290251
KINEA ATLAS II FI MULTIMERCADO;20/07/2018;1,291555
KINEA ATLAS II FI MULTIMERCADO;23/07/2018;1,289074
KINEA ATLAS II FI MULTIMERCADO;24/07/2018;1,291967
KINEA ATLAS II FI MULTIMERCADO;25/07/2018;1,293617
KINEA ATLAS II FI MULTIMERCADO;26/07/2018;1,289473
KINEA ATLAS II FI MULTIMERCADO;27/07/2018;1,290712
KINEA ATLAS II FI MULTIMERCADO;30/07/2018;1,293635
KINEA ATLAS II FI MULTIMERCADO;31/07/2018;1,294292
KINEA ATLAS II FI MULTIMERCADO;01/08/2018;1,296674
KINEA ATLAS II FI MULTIMERCADO;02/08/2018;1,297322
KINEA ATLAS II FI MULTIMERCADO;03/08/2018;1,298716
KINEA ATLAS II FI MULTIMERCADO;06/08/2018;1,301877
KINEA ATLAS II FI MULTIMERCADO;07/08/2018;1,30042
KINEA ATLAS II FI MULTIMERCADO;08/08/2018;1,297697
KINEA ATLAS II FI MULTIMERCADO;09/08/2018;1,294795
KINEA ATLAS II FI MULTIMERCADO;10/08/2018;1,289016
KINEA ATLAS II FI MULTIMERCADO;13/08/2018;1,291481
KINEA ATLAS II FI MULTIMERCADO;14/08/2018;1,294227
KINEA ATLAS II FI MULTIMERCADO;15/08/2018;1,293766
KINEA ATLAS II FI MULTIMERCADO;16/08/2018;1,291341
KINEA ATLAS II FI MULTIMERCADO;17/08/2018;1,290364
KINEA ATLAS II FI MULTIMERCADO;20/08/2018;1,291236
KINEA ATLAS II FI MULTIMERCADO;21/08/2018;1,28605
KINEA ATLAS II FI MULTIMERCADO;22/08/2018;1,290047
KINEA ATLAS II FI MULTIMERCADO;23/08/2018;1,289738
KINEA ATLAS II FI MULTIMERCADO;24/08/2018;1,288307
KINEA ATLAS II FI MULTIMERCADO;27/08/2018;1,286577
KINEA ATLAS II FI MULTIMERCADO;28/08/2018;1,283563
KINEA ATLAS II FI MULTIMERCADO;29/08/2018;1,282752
KINEA ATLAS II FI MULTIMERCADO;30/08/2018;1,279083
KINEA ATLAS II FI MULTIMERCADO;31/08/2018;1,280451
KINEA ATLAS II FI MULTIMERCADO;03/09/2018;1,277697
KINEA ATLAS II FI MULTIMERCADO;04/09/2018;1,277127
KINEA ATLAS II FI MULTIMERCADO;05/09/2018;1,277952
KINEA ATLAS II FI MULTIMERCADO;06/09/2018;1,278124
KINEA ATLAS II FI MULTIMERCADO;10/09/2018;1,281527
KINEA ATLAS II FI MULTIMERCADO;11/09/2018;1,280444
KINEA ATLAS II FI MULTIMERCADO;12/09/2018;1,280928
KINEA ATLAS II FI MULTIMERCADO;13/09/2018;1,276987
KINEA ATLAS II FI MULTIMERCADO;14/09/2018;1,278426
KINEA ATLAS II FI MULTIMERCADO;17/09/2018;1,284375
KINEA ATLAS II FI MULTIMERCADO;18/09/2018;1,28425
KINEA ATLAS II FI MULTIMERCADO;19/09/2018;1,276607
KINEA ATLAS II FI MULTIMERCADO;20/09/2018;1,27407
KINEA ATLAS II FI MULTIMERCADO;21/09/2018;1,277089
KINEA ATLAS II FI MULTIMERCADO;24/09/2018;1,279206
KINEA ATLAS II FI MULTIMERCADO;25/09/2018;1,280978
KINEA ATLAS II FI MULTIMERCADO;26/09/2018;1,281927
KINEA ATLAS II FI MULTIMERCADO;27/09/2018;1,284651
KINEA ATLAS II FI MULTIMERCADO;28/09/2018;1,283311
KINEA ATLAS II FI MULTIMERCADO;01/10/2018;1,282258
KINEA ATLAS II FI MULTIMERCADO;02/10/2018;1,285762
KINEA ATLAS II FI MULTIMERCADO;03/10/2018;1,293122
KINEA ATLAS II FI MULTIMERCADO;04/10/2018;1,295377
KINEA ATLAS II FI MULTIMERCADO;05/10/2018;1,295792
KINEA ATLAS II FI MULTIMERCADO;08/10/2018;1,307673
KINEA ATLAS II FI MULTIMERCADO;09/10/2018;1,313276
KINEA ATLAS II FI MULTIMERCADO;10/10/2018;1,309363
KINEA ATLAS II FI MULTIMERCADO;11/10/2018;1,311829
KINEA ATLAS II FI MULTIMERCADO;15/10/2018;1,313693
KINEA ATLAS II FI MULTIMERCADO;16/10/2018;1,318085
KINEA ATLAS II FI MULTIMERCADO;17/10/2018;1,320882
KINEA ATLAS II FI MULTIMERCADO;18/10/2018;1,317184
KINEA ATLAS II FI MULTIMERCADO;19/10/2018;1,317805
KINEA ATLAS II FI MULTIMERCADO;22/10/2018;1,322737
KINEA ATLAS II FI MULTIMERCADO;23/10/2018;1,325303
KINEA ATLAS II FI MULTIMERCADO;24/10/2018;1,321081
KINEA ATLAS II FI MULTIMERCADO;25/10/2018;1,323631
KINEA ATLAS II FI MULTIMERCADO;26/10/2018;1,329815
KINEA ATLAS II FI MULTIMERCADO;29/10/2018;1,326845
KINEA ATLAS II FI MULTIMERCADO;30/10/2018;1,328964
KINEA ATLAS II FI MULTIMERCADO;31/10/2018;1,330872
KINEA ATLAS II FI MULTIMERCADO;01/11/2018;1,33461
KINEA ATLAS II FI MULTIMERCADO;05/11/2018;1,337828
KINEA ATLAS II FI MULTIMERCADO;06/11/2018;1,334999
KINEA ATLAS II FI MULTIMERCADO;07/11/2018;1,331275
KINEA ATLAS II FI MULTIMERCADO;08/11/2018;1,326867
KINEA ATLAS II FI MULTIMERCADO;09/11/2018;1,327824
KINEA ATLAS II FI MULTIMERCADO;12/11/2018;1,326857
KINEA ATLAS II FI MULTIMERCADO;13/11/2018;1,324796
KINEA ATLAS II FI MULTIMERCADO;14/11/2018;1,330583
KINEA ATLAS II FI MULTIMERCADO;16/11/2018;1,339661
KINEA ATLAS II FI MULTIMERCADO;19/11/2018;1,337698
KINEA ATLAS II FI MULTIMERCADO;20/11/2018;1,337813
KINEA ATLAS II FI MULTIMERCADO;21/11/2018;1,338754
KINEA ATLAS II FI MULTIMERCADO;22/11/2018;1,338774
KINEA ATLAS II FI MULTIMERCADO;23/11/2018;1,338267
KINEA ATLAS II FI MULTIMERCADO;26/11/2018;1,329316
KINEA ATLAS II FI MULTIMERCADO;27/11/2018;1,330991
KINEA ATLAS II FI MULTIMERCADO;28/11/2018;1,333677
KINEA ATLAS II FI MULTIMERCADO;29/11/2018;1,334399
KINEA ATLAS II FI MULTIMERCADO;30/11/2018;1,33323
KINEA ATLAS II FI MULTIMERCADO;03/12/2018;1,334083
KINEA ATLAS II FI MULTIMERCADO;04/12/2018;1,329178
KINEA ATLAS II FI MULTIMERCADO;05/12/2018;1,332146
KINEA ATLAS II FI MULTIMERCADO;06/12/2018;1,331923
KINEA ATLAS II FI MULTIMERCADO;07/12/2018;1,330178
KINEA ATLAS II FI MULTIMERCADO;10/12/2018;1,325137
KINEA ATLAS II FI MULTIMERCADO;11/12/2018;1,328516
KINEA ATLAS II FI MULTIMERCADO;12/12/2018;1,335029
KINEA ATLAS II FI MULTIMERCADO;13/12/2018;1,338133
KINEA ATLAS II FI MULTIMERCADO;14/12/2018;1,337434
KINEA ATLAS II FI MULTIMERCADO;17/12/2018;1,33647
KINEA ATLAS II FI MULTIMERCADO;18/12/2018;1,339461
KINEA ATLAS II FI MULTIMERCADO;19/12/2018;1,341562
KINEA ATLAS II FI MULTIMERCADO;20/12/2018;1,34679
KINEA ATLAS II FI MULTIMERCADO;21/12/2018;1,346468
KINEA ATLAS II FI MULTIMERCADO;24/12/2018;1,34729
KINEA ATLAS II FI MULTIMERCADO;26/12/2018;1,345954
KINEA ATLAS II FI MULTIMERCADO;27/12/2018;1,348535
KINEA ATLAS II FI MULTIMERCADO;28/12/2018;1,353144
KINEA ATLAS II FI MULTIMERCADO;31/12/2018;1,354138
KINEA ATLAS II FI MULTIMERCADO;02/01/2019;1,357247
KINEA ATLAS II FI MULTIMERCADO;03/01/2019;1,364111
KINEA ATLAS II FI MULTIMERCADO;04/01/2019;1,365808
KINEA ATLAS II FI MULTIMERCADO;07/01/2019;1,364039
KINEA ATLAS II FI MULTIMERCADO;08/01/2019;1,362736
KINEA ATLAS II FI MULTIMERCADO;09/01/2019;1,369071
KINEA ATLAS II FI MULTIMERCADO;10/01/2019;1,36902
KINEA ATLAS II FI MULTIMERCADO;11/01/2019;1,370405
KINEA ATLAS II FI MULTIMERCADO;14/01/2019;1,374175
KINEA ATLAS II FI MULTIMERCADO;15/01/2019;1,370127
KINEA ATLAS II FI MULTIMERCADO;16/01/2019;1,372645
KINEA ATLAS II FI MULTIMERCADO;17/01/2019;1,377814
KINEA ATLAS II FI MULTIMERCADO;18/01/2019;1,372524
KINEA ATLAS II FI MULTIMERCADO;21/01/2019;1,373538
KINEA ATLAS II FI MULTIMERCADO;22/01/2019;1,37382
KINEA ATLAS II FI MULTIMERCADO;23/01/2019;1,382419
KINEA ATLAS II FI MULTIMERCADO;24/01/2019;1,383206
KINEA ATLAS II FI MULTIMERCADO;25/01/2019;1,383415
KINEA ATLAS II FI MULTIMERCADO;28/01/2019;1,384526
KINEA ATLAS II FI MULTIMERCADO;29/01/2019;1,387034
KINEA ATLAS II FI MULTIMERCADO;30/01/2019;1,389873
KINEA ATLAS II FI MULTIMERCADO;31/01/2019;1,399034
KINEA ATLAS II FI MULTIMERCADO;01/02/2019;1,397411
KINEA ATLAS II FI MULTIMERCADO;04/02/2019;1,395023
KINEA ATLAS II FI MULTIMERCADO;05/02/2019;1,393232
KINEA ATLAS II FI MULTIMERCADO;06/02/2019;1,389749
KINEA ATLAS II FI MULTIMERCADO;07/02/2019;1,38824
KINEA ATLAS II FI MULTIMERCADO;08/02/2019;1,386997
KINEA ATLAS II FI MULTIMERCADO;11/02/2019;1,383637
KINEA ATLAS II FI MULTIMERCADO;12/02/2019;1,390803
KINEA ATLAS II FI MULTIMERCADO;13/02/2019;1,388693
KINEA ATLAS II FI MULTIMERCADO;14/02/2019;1,393886
KINEA ATLAS II FI MULTIMERCADO;15/02/2019;1,396638
KINEA ATLAS II FI MULTIMERCADO;18/02/2019;1,39718
KINEA ATLAS II FI MULTIMERCADO;19/02/2019;1,397544
KINEA ATLAS II FI MULTIMERCADO;20/02/2019;1,391965
KINEA ATLAS II FI MULTIMERCADO;21/02/2019;1,389749
KINEA ATLAS II FI MULTIMERCADO;22/02/2019;1,39205
KINEA ATLAS II FI MULTIMERCADO;25/02/2019;1,390247
KINEA ATLAS II FI MULTIMERCADO;26/02/2019;1,393378
KINEA ATLAS II FI MULTIMERCADO;27/02/2019;1,391836
KINEA ATLAS II FI MULTIMERCADO;28/02/2019;1,392621
KINEA ATLAS II FI MULTIMERCADO;01/03/2019;1,390977
KINEA ATLAS II FI MULTIMERCADO;06/03/2019;1,388303
KINEA ATLAS II FI MULTIMERCADO;07/03/2019;1,384197
KINEA ATLAS II FI MULTIMERCADO;08/03/2019;1,385255
KINEA ATLAS II FI MULTIMERCADO;11/03/2019;1,392589
KINEA ATLAS II FI MULTIMERCADO;12/03/2019;1,392856
KINEA ATLAS II FI MULTIMERCADO;13/03/2019;1,396169
KINEA ATLAS II FI MULTIMERCADO;14/03/2019;1,395237
KINEA ATLAS II FI MULTIMERCADO;15/03/2019;1,395483
KINEA ATLAS II FI MULTIMERCADO;18/03/2019;1,397425
KINEA ATLAS II FI MULTIMERCADO;19/03/2019;1,39568
KINEA ATLAS II FI MULTIMERCADO;20/03/2019;1,396997
KINEA ATLAS II FI MULTIMERCADO;21/03/2019;1,391917
KINEA ATLAS II FI MULTIMERCADO;22/03/2019;1,384879
KINEA ATLAS II FI MULTIMERCADO;25/03/2019;1,387152
KINEA ATLAS II FI MULTIMERCADO;26/03/2019;1,387406
KINEA ATLAS II FI MULTIMERCADO;27/03/2019;1,377687
KINEA ATLAS II FI MULTIMERCADO;28/03/2019;1,383874
KINEA ATLAS II FI MULTIMERCADO;29/03/2019;1,386982
KINEA ATLAS II FI MULTIMERCADO;01/04/2019;1,39146
KINEA ATLAS II FI MULTIMERCADO;02/04/2019;1,392673
KINEA ATLAS II FI MULTIMERCADO;03/04/2019;1,390487
KINEA ATLAS II FI MULTIMERCADO;04/04/2019;1,389721
KINEA ATLAS II FI MULTIMERCADO;05/04/2019;1,387797
KINEA ATLAS II FI MULTIMERCADO;08/04/2019;1,386804
KINEA ATLAS II FI MULTIMERCADO;09/04/2019;1,383523
KINEA ATLAS II FI MULTIMERCADO;10/04/2019;1,388176
KINEA ATLAS II FI MULTIMERCADO;11/04/2019;1,382873
KINEA ATLAS II FI MULTIMERCADO;12/04/2019;1,378965
KINEA ATLAS II FI MULTIMERCADO;15/04/2019;1,379256
KINEA ATLAS II FI MULTIMERCADO;16/04/2019;1,375344
KINEA ATLAS II FI MULTIMERCADO;17/04/2019;1,370123
KINEA ATLAS II FI MULTIMERCADO;18/04/2019;1,377413
KINEA ATLAS II FI MULTIMERCADO;22/04/2019;1,378256
KINEA ATLAS II FI MULTIMERCADO;23/04/2019;1,383119
KINEA ATLAS II FI MULTIMERCADO;24/04/2019;1,378578
KINEA ATLAS II FI MULTIMERCADO;25/04/2019;1,384385
KINEA ATLAS II FI MULTIMERCADO;26/04/2019;1,385115
KINEA ATLAS II FI MULTIMERCADO;29/04/2019;1,384759
KINEA ATLAS II FI MULTIMERCADO;30/04/2019;1,388288
KINEA ATLAS II FI MULTIMERCADO;02/05/2019;1,386921
KINEA ATLAS II FI MULTIMERCADO;03/05/2019;1,392249
KINEA ATLAS II FI MULTIMERCADO;06/05/2019;1,389391
KINEA ATLAS II FI MULTIMERCADO;07/05/2019;1,389321
KINEA ATLAS II FI MULTIMERCADO;08/05/2019;1,39369
KINEA ATLAS II FI MULTIMERCADO;09/05/2019;1,393837
KINEA ATLAS II FI MULTIMERCADO;10/05/2019;1,392391
KINEA ATLAS II FI MULTIMERCADO;13/05/2019;1,38603
KINEA ATLAS II FI MULTIMERCADO;14/05/2019;1,387897
KINEA ATLAS II FI MULTIMERCADO;15/05/2019;1,387563
KINEA ATLAS II FI MULTIMERCADO;16/05/2019;1,380932
KINEA ATLAS II FI MULTIMERCADO;17/05/2019;1,373845
KINEA ATLAS II FI MULTIMERCADO;20/05/2019;1,379603
KINEA ATLAS II FI MULTIMERCADO;21/05/2019;1,389824
KINEA ATLAS II FI MULTIMERCADO;22/05/2019;1,389374
KINEA ATLAS II FI MULTIMERCADO;23/05/2019;1,388867
KINEA ATLAS II FI MULTIMERCADO;24/05/2019;1,390823
KINEA ATLAS II FI MULTIMERCADO;27/05/2019;1,391934
KINEA ATLAS II FI MULTIMERCADO;28/05/2019;1,397198
KINEA ATLAS II FI MULTIMERCADO;29/05/2019;1,401153
KINEA ATLAS II FI MULTIMERCADO;30/05/2019;1,405402
KINEA ATLAS II FI MULTIMERCADO;31/05/2019;1,407228
KINEA ATLAS II FI MULTIMERCADO;03/06/2019;1,408594
KINEA ATLAS II FI MULTIMERCADO;04/06/2019;1,41053
KINEA ATLAS II FI MULTIMERCADO;05/06/2019;1,407827
KINEA ATLAS II FI MULTIMERCADO;06/06/2019;1,410215
KINEA ATLAS II FI MULTIMERCADO;07/06/2019;1,413907
KINEA ATLAS II FI MULTIMERCADO;10/06/2019;1,415095
KINEA ATLAS II FI MULTIMERCADO;11/06/2019;1,418972
KINEA ATLAS II FI MULTIMERCADO;12/06/2019;1,418085
KINEA ATLAS II FI MULTIMERCADO;13/06/2019;1,423542
KINEA ATLAS II FI MULTIMERCADO;14/06/2019;1,424215
KINEA ATLAS II FI MULTIMERCADO;17/06/2019;1,42193
KINEA ATLAS II FI MULTIMERCADO;18/06/2019;1,423067
KINEA ATLAS II FI MULTIMERCADO;19/06/2019;1,427832
KINEA ATLAS II FI MULTIMERCADO;21/06/2019;1,434239
KINEA ATLAS II FI MULTIMERCADO;24/06/2019;1,436896
KINEA ATLAS II FI MULTIMERCADO;25/06/2019;1,43291
KINEA ATLAS II FI MULTIMERCADO;26/06/2019;1,432785
KINEA ATLAS II FI MULTIMERCADO;27/06/2019;1,435174
KINEA ATLAS II FI MULTIMERCADO;28/06/2019;1,440362
KINEA ATLAS II FI MULTIMERCADO;01/07/2019;1,440717
KINEA ATLAS II FI MULTIMERCADO;02/07/2019;1,443687
KINEA ATLAS II FI MULTIMERCADO;03/07/2019;1,448944
KINEA ATLAS II FI MULTIMERCADO;04/07/2019;1,453231
KINEA ATLAS II FI MULTIMERCADO;05/07/2019;1,456049
KINEA ATLAS II FI MULTIMERCADO;08/07/2019;1,461285
KINEA ATLAS II FI MULTIMERCADO;09/07/2019;1,4614
KINEA ATLAS II FI MULTIMERCADO;10/07/2019;1,463045
KINEA ATLAS II FI MULTIMERCADO;11/07/2019;1,464452
KINEA ATLAS II FI MULTIMERCADO;12/07/2019;1,462318
KINEA ATLAS II FI MULTIMERCADO;15/07/2019;1,463717
KINEA ATLAS II FI MULTIMERCADO;16/07/2019;1,46742
KINEA ATLAS II FI MULTIMERCADO;17/07/2019;1,468163
KINEA ATLAS II FI MULTIMERCADO;18/07/2019;1,468059
KINEA ATLAS II FI MULTIMERCADO;19/07/2019;1,465097
KINEA ATLAS II FI MULTIMERCADO;22/07/2019;1,464996
KINEA ATLAS II FI MULTIMERCADO;23/07/2019;1,465157
KINEA ATLAS II FI MULTIMERCADO;24/07/2019;1,465046
KINEA ATLAS II FI MULTIMERCADO;25/07/2019;1,461863
KINEA ATLAS II FI MULTIMERCADO;26/07/2019;1,463131
KINEA ATLAS II FI MULTIMERCADO;29/07/2019;1,46645
KINEA ATLAS II FI MULTIMERCADO;30/07/2019;1,466674
KINEA ATLAS II FI MULTIMERCADO;31/07/2019;1,463793
KINEA ATLAS II FI MULTIMERCADO;01/08/2019;1,471888
KINEA ATLAS II FI MULTIMERCADO;02/08/2019;1,472451
KINEA ATLAS II FI MULTIMERCADO;05/08/2019;1,463008
KINEA ATLAS II FI MULTIMERCADO;06/08/2019;1,46959
KINEA ATLAS II FI MULTIMERCADO;07/08/2019;1,470475
KINEA ATLAS II FI MULTIMERCADO;08/08/2019;1,475788
KINEA ATLAS II FI MULTIMERCADO;09/08/2019;1,476266
KINEA ATLAS II FI MULTIMERCADO;12/08/2019;1,469726
KINEA ATLAS II FI MULTIMERCADO;13/08/2019;1,471812
KINEA ATLAS II FI MULTIMERCADO;14/08/2019;1,470463
KINEA ATLAS II FI MULTIMERCADO;15/08/2019;1,468347
KINEA ATLAS II FI MULTIMERCADO;16/08/2019;1,471191
KINEA ATLAS II FI MULTIMERCADO;19/08/2019;1,47099
KINEA ATLAS II FI MULTIMERCADO;20/08/2019;1,471498
KINEA ATLAS II FI MULTIMERCADO;21/08/2019;1,477849
KINEA ATLAS II FI MULTIMERCADO;22/08/2019;1,476704
KINEA ATLAS II FI MULTIMERCADO;23/08/2019;1,469365
KINEA ATLAS II FI MULTIMERCADO;26/08/2019;1,462913
KINEA ATLAS II FI MULTIMERCADO;27/08/2019;1,463274
KINEA ATLAS II FI MULTIMERCADO;28/08/2019;1,460357
KINEA ATLAS II FI MULTIMERCADO;29/08/2019;1,465006
KINEA ATLAS II FI MULTIMERCADO;30/08/2019;1,473062
KINEA ATLAS II FI MULTIMERCADO;02/09/2019;1,470747
KINEA ATLAS II FI MULTIMERCADO;03/09/2019;1,471752
KINEA ATLAS II FI MULTIMERCADO;04/09/2019;1,477383
KINEA ATLAS II FI MULTIMERCADO;05/09/2019;1,476426
KINEA ATLAS II FI MULTIMERCADO;06/09/2019;1,476155
KINEA ATLAS II FI MULTIMERCADO;09/09/2019;1,467336
KINEA ATLAS II FI MULTIMERCADO;10/09/2019;1,462912
KINEA ATLAS II FI MULTIMERCADO;11/09/2019;1,468273
KINEA ATLAS II FI MULTIMERCADO;12/09/2019;1,468825
KINEA ATLAS II FI MULTIMERCADO;13/09/2019;1,461004
KINEA ATLAS II FI MULTIMERCADO;16/09/2019;1,46325
KINEA ATLAS II FI MULTIMERCADO;17/09/2019;1,469129
KINEA ATLAS II FI MULTIMERCADO;18/09/2019;1,472224
KINEA ATLAS II FI MULTIMERCADO;19/09/2019;1,475483
KINEA ATLAS II FI MULTIMERCADO;20/09/2019;1,476943
KINEA ATLAS II FI MULTIMERCADO;23/09/2019;1,474456
KINEA ATLAS II FI MULTIMERCADO;24/09/2019;1,473655
KINEA ATLAS II FI MULTIMERCADO;25/09/2019;1,476192
KINEA ATLAS II FI MULTIMERCADO;26/09/2019;1,478493
KINEA ATLAS II FI MULTIMERCADO;27/09/2019;1,474983
KINEA ATLAS II FI MULTIMERCADO;30/09/2019;1,479816
KINEA ATLAS II FI MULTIMERCADO;01/10/2019;1,478323
KINEA ATLAS II FI MULTIMERCADO;02/10/2019;1,473915
KINEA ATLAS II FI MULTIMERCADO;03/10/2019;1,482175
KINEA ATLAS II FI MULTIMERCADO;04/10/2019;1,484417
KINEA ATLAS II FI MULTIMERCADO;07/10/2019;1,481359
KINEA ATLAS II FI MULTIMERCADO;08/10/2019;1,482426
KINEA ATLAS II FI MULTIMERCADO;09/10/2019;1,485696
KINEA ATLAS II FI MULTIMERCADO;10/10/2019;1,486072
KINEA ATLAS II FI MULTIMERCADO;11/10/2019;1,496547
KINEA ATLAS II FI MULTIMERCADO;14/10/2019;1,499613
KINEA ATLAS II FI MULTIMERCADO;15/10/2019;1,497906
KINEA ATLAS II FI MULTIMERCADO;16/10/2019;1,50096
KINEA ATLAS II FI MULTIMERCADO;17/10/2019;1,50109
KINEA ATLAS II FI MULTIMERCADO;18/10/2019;1,505599
KINEA ATLAS II FI MULTIMERCADO;21/10/2019;1,506607
KINEA ATLAS II FI MULTIMERCADO;22/10/2019;1,506826
KINEA ATLAS II FI MULTIMERCADO;23/10/2019;1,510912
KINEA ATLAS II FI MULTIMERCADO;24/10/2019;1,50835
KINEA ATLAS II FI MULTIMERCADO;25/10/2019;1,512143
KINEA ATLAS II FI MULTIMERCADO;28/10/2019;1,514163
KINEA ATLAS II FI MULTIMERCADO;29/10/2019;1,514591
KINEA ATLAS II FI MULTIMERCADO;30/10/2019;1,520555
KINEA ATLAS II FI MULTIMERCADO;31/10/2019;1,52001
KINEA ATLAS II FI MULTIMERCADO;01/11/2019;1,525016
KINEA ATLAS II FI MULTIMERCADO;04/11/2019;1,520667
KINEA ATLAS II FI MULTIMERCADO;05/11/2019;1,516381
KINEA ATLAS II FI MULTIMERCADO;06/11/2019;1,513855
KINEA ATLAS II FI MULTIMERCADO;07/11/2019;1,513666
KINEA ATLAS II FI MULTIMERCADO;08/11/2019;1,505874
KINEA ATLAS II FI MULTIMERCADO;11/11/2019;1,508705
KINEA ATLAS II FI MULTIMERCADO;12/11/2019;1,501555
KINEA ATLAS II FI MULTIMERCADO;13/11/2019;1,497014
KINEA ATLAS II FI MULTIMERCADO;14/11/2019;1,505761
KINEA ATLAS II FI MULTIMERCADO;18/11/2019;1,50508
KINEA ATLAS II FI MULTIMERCADO;19/11/2019;1,503815
KINEA ATLAS II FI MULTIMERCADO;20/11/2019;1,50397
KINEA ATLAS II FI MULTIMERCADO;21/11/2019;1,503834
KINEA ATLAS II FI MULTIMERCADO;22/11/2019;1,510327
KINEA ATLAS II FI MULTIMERCADO;25/11/2019;1,506774
KINEA ATLAS II FI MULTIMERCADO;26/11/2019;1,500121
KINEA ATLAS II FI MULTIMERCADO;27/11/2019;1,499676
KINEA ATLAS II FI MULTIMERCADO;28/11/2019;1,504447
KINEA ATLAS II FI MULTIMERCADO;29/11/2019;1,505814
KINEA ATLAS II FI MULTIMERCADO;02/12/2019;1,50444
KINEA ATLAS II FI MULTIMERCADO;03/12/2019;1,505946
KINEA ATLAS II FI MULTIMERCADO;04/12/2019;1,510185
KINEA ATLAS II FI MULTIMERCADO;05/12/2019;1,512074
KINEA ATLAS II FI MULTIMERCADO;06/12/2019;1,518954
KINEA ATLAS II FI MULTIMERCADO;09/12/2019;1,519371
KINEA ATLAS II FI MULTIMERCADO;10/12/2019;1,519054
KINEA ATLAS II FI MULTIMERCADO;11/12/2019;1,524733
KINEA ATLAS II FI MULTIMERCADO;12/12/2019;1,529625
KINEA ATLAS II FI MULTIMERCADO;13/12/2019;1,5327
KINEA ATLAS II FI MULTIMERCADO;16/12/2019;1,535821
KINEA ATLAS II FI MULTIMERCADO;17/12/2019;1,53018
KINEA ATLAS II FI MULTIMERCADO;18/12/2019;1,534788
KINEA ATLAS II FI MULTIMERCADO;19/12/2019;1,534232
KINEA ATLAS II FI MULTIMERCADO;20/12/2019;1,535094
KINEA ATLAS II FI MULTIMERCADO;23/12/2019;1,542282
KINEA ATLAS II FI MULTIMERCADO;24/12/2019;1,543033
KINEA ATLAS II FI MULTIMERCADO;26/12/2019;1,551179
KINEA ATLAS II FI MULTIMERCADO;27/12/2019;1,552654
KINEA ATLAS II FI MULTIMERCADO;30/12/2019;1,557317
KINEA ATLAS II FI MULTIMERCADO;31/12/2019;1,558219
KINEA ATLAS II FI MULTIMERCADO;02/01/2020;1,565605
KINEA ATLAS II FI MULTIMERCADO;03/01/2020;1,564431
KINEA ATLAS II FI MULTIMERCADO;06/01/2020;1,5616
KINEA ATLAS II FI MULTIMERCADO;07/01/2020;1,562861
KINEA ATLAS II FI MULTIMERCADO;08/01/2020;1,564117
KINEA ATLAS II FI MULTIMERCADO;09/01/2020;1,56661
KINEA ATLAS II FI MULTIMERCADO;10/01/2020;1,568573
KINEA ATLAS II FI MULTIMERCADO;13/01/2020;1,568844
KINEA ATLAS II FI MULTIMERCADO;14/01/2020;1,572288
KINEA ATLAS II FI MULTIMERCADO;15/01/2020;1,574806
KINEA ATLAS II FI MULTIMERCADO;16/01/2020;1,571561
KINEA ATLAS II FI MULTIMERCADO;17/01/2020;1,577475
KINEA ATLAS II FI MULTIMERCADO;20/01/2020;1,578347
KINEA ATLAS II FI MULTIMERCADO;21/01/2020;1,578853
KINEA ATLAS II FI MULTIMERCADO;22/01/2020;1,58181
KINEA ATLAS II FI MULTIMERCADO;23/01/2020;1,587866
KINEA ATLAS II FI MULTIMERCADO;24/01/2020;1,58085
KINEA ATLAS II FI MULTIMERCADO;27/01/2020;1,569843
KINEA ATLAS II FI MULTIMERCADO;28/01/2020;1,579591
KINEA ATLAS II FI MULTIMERCADO;29/01/2020;1,579682
KINEA ATLAS II FI MULTIMERCADO;30/01/2020;1,575731
KINEA ATLAS II FI MULTIMERCADO;31/01/2020;1,570189
KINEA ATLAS II FI MULTIMERCADO;03/02/2020;1,576135
KINEA ATLAS II FI MULTIMERCADO;04/02/2020;1,578902
KINEA ATLAS II FI MULTIMERCADO;05/02/2020;1,583164
KINEA ATLAS II FI MULTIMERCADO;06/02/2020;1,576003
KINEA ATLAS II FI MULTIMERCADO;07/02/2020;1,568907
KINEA ATLAS II FI MULTIMERCADO;10/02/2020;1,560795
KINEA ATLAS II FI MULTIMERCADO;11/02/2020;1,573771
KINEA ATLAS II FI MULTIMERCADO;12/02/2020;1,579234
KINEA ATLAS II FI MULTIMERCADO;13/02/2020;1,577686
KINEA ATLAS II FI MULTIMERCADO;14/02/2020;1,579889
KINEA ATLAS II FI MULTIMERCADO;17/02/2020;1,582584
KINEA ATLAS II FI MULTIMERCADO;18/02/2020;1,580803
KINEA ATLAS II FI MULTIMERCADO;19/02/2020;1,583875
KINEA ATLAS II FI MULTIMERCADO;20/02/2020;1,579051
KINEA ATLAS II FI MULTIMERCADO;21/02/2020;1,576412
KINEA ATLAS II FI MULTIMERCADO;26/02/2020;1,547875
KINEA ATLAS II FI MULTIMERCADO;27/02/2020;1,53341
KINEA ATLAS II FI MULTIMERCADO;28/02/2020;1,529085
KINEA ATLAS II FI MULTIMERCADO;02/03/2020;1,546985
KINEA ATLAS II FI MULTIMERCADO;03/03/2020;1,544549
KINEA ATLAS II FI MULTIMERCADO;04/03/2020;1,55409
KINEA ATLAS II FI MULTIMERCADO;05/03/2020;1,520271
KINEA ATLAS II FI MULTIMERCADO;06/03/2020;1,500473
KINEA ATLAS II FI MULTIMERCADO;09/03/2020;1,455548
KINEA ATLAS II FI MULTIMERCADO;10/03/2020;1,462095
KINEA ATLAS II FI MULTIMERCADO;11/03/2020;1,435526
KINEA ATLAS II FI MULTIMERCADO;12/03/2020;1,410501
KINEA ATLAS II FI MULTIMERCADO;13/03/2020;1,440158
KINEA ATLAS II FI MULTIMERCADO;16/03/2020;1,432471
KINEA ATLAS II FI MULTIMERCADO;17/03/2020;1,432516
KINEA ATLAS II FI MULTIMERCADO;18/03/2020;1,414447
KINEA ATLAS II FI MULTIMERCADO;19/03/2020;1,416813
KINEA ATLAS II FI MULTIMERCADO;20/03/2020;1,418204
KINEA ATLAS II FI MULTIMERCADO;23/03/2020;1,405029
KINEA ATLAS II FI MULTIMERCADO;24/03/2020;1,414619
KINEA ATLAS II FI MULTIMERCADO;25/03/2020;1,425535
KINEA ATLAS II FI MULTIMERCADO;26/03/2020;1,438516
KINEA ATLAS II FI MULTIMERCADO;27/03/2020;1,437556
KINEA ATLAS II FI MULTIMERCADO;30/03/2020;1,442966
KINEA ATLAS II FI MULTIMERCADO;31/03/2020;1,443514
KINEA ATLAS II FI MULTIMERCADO;01/04/2020;1,436581
KINEA ATLAS II FI MULTIMERCADO;02/04/2020;1,442206
KINEA ATLAS II FI MULTIMERCADO;03/04/2020;1,438359
KINEA ATLAS II FI MULTIMERCADO;06/04/2020;1,446987
KINEA ATLAS II FI MULTIMERCADO;07/04/2020;1,454975
KINEA ATLAS II FI MULTIMERCADO;08/04/2020;1,458911
KINEA ATLAS II FI MULTIMERCADO;09/04/2020;1,458751
KINEA ATLAS II FI MULTIMERCADO;13/04/2020;1,461139
KINEA ATLAS II FI MULTIMERCADO;14/04/2020;1,465345
KINEA ATLAS II FI MULTIMERCADO;15/04/2020;1,465391
KINEA ATLAS II FI MULTIMERCADO;16/04/2020;1,467248
KINEA ATLAS II FI MULTIMERCADO;17/04/2020;1,466802
KINEA ATLAS II FI MULTIMERCADO;20/04/2020;1,467679
KINEA ATLAS II FI MULTIMERCADO;22/04/2020;1,477728
KINEA ATLAS II FI MULTIMERCADO;23/04/2020;1,474689
KINEA ATLAS II FI MULTIMERCADO;24/04/2020;1,455988
KINEA ATLAS II FI MULTIMERCADO;27/04/2020;1,453084
KINEA ATLAS II FI MULTIMERCADO;28/04/2020;1,467743
KINEA ATLAS II FI MULTIMERCADO;29/04/2020;1,470489
KINEA ATLAS II FI MULTIMERCADO;30/04/2020;1,469644
KINEA ATLAS II FI MULTIMERCADO;04/05/2020;1,469632
KINEA ATLAS II FI MULTIMERCADO;05/05/2020;1,470795
KINEA ATLAS II FI MULTIMERCADO;06/05/2020;1,471343
KINEA ATLAS II FI MULTIMERCADO;07/05/2020;1,472229
KINEA ATLAS II FI MULTIMERCADO;08/05/2020;1,476065
KINEA ATLAS II FI MULTIMERCADO;11/05/2020;1,473084
KINEA ATLAS II FI MULTIMERCADO;12/05/2020;1,47141
KINEA ATLAS II FI MULTIMERCADO;13/05/2020;1,471483
KINEA ATLAS II FI MULTIMERCADO;14/05/2020;1,471654
KINEA ATLAS II FI MULTIMERCADO;15/05/2020;1,47272
KINEA ATLAS II FI MULTIMERCADO;18/05/2020;1,477864
KINEA ATLAS II FI MULTIMERCADO;19/05/2020;1,476909
KINEA ATLAS II FI MULTIMERCADO;20/05/2020;1,479386
KINEA ATLAS II FI MULTIMERCADO;21/05/2020;1,478821
KINEA ATLAS II FI MULTIMERCADO;22/05/2020;1,475932
KINEA ATLAS II FI MULTIMERCADO;25/05/2020;1,479931
KINEA ATLAS II FI MULTIMERCADO;26/05/2020;1,481004
KINEA ATLAS II FI MULTIMERCADO;27/05/2020;1,481565
KINEA ATLAS II FI MULTIMERCADO;28/05/2020;1,482291
KINEA ATLAS II FI MULTIMERCADO;29/05/2020;1,4854
KINEA ATLAS II FI MULTIMERCADO;01/06/2020;1,487303
KINEA ATLAS II FI MULTIMERCADO;02/06/2020;1,489217
KINEA ATLAS II FI MULTIMERCADO;03/06/2020;1,49283
KINEA ATLAS II FI MULTIMERCADO;04/06/2020;1,494498
KINEA ATLAS II FI MULTIMERCADO;05/06/2020;1,494374
KINEA ATLAS II FI MULTIMERCADO;08/06/2020;1,496942
KINEA ATLAS II FI MULTIMERCADO;09/06/2020;1,498296
KINEA ATLAS II FI MULTIMERCADO;10/06/2020;1,499933
KINEA ATLAS II FI MULTIMERCADO;12/06/2020;1,496729
KINEA ATLAS II FI MULTIMERCADO;15/06/2020;1,495838
KINEA ATLAS II FI MULTIMERCADO;16/06/2020;1,495577
KINEA ATLAS II FI MULTIMERCADO;17/06/2020;1,497663
KINEA ATLAS II FI MULTIMERCADO;18/06/2020;1,497393
KINEA ATLAS II FI MULTIMERCADO;19/06/2020;1,498855
KINEA ATLAS II FI MULTIMERCADO;22/06/2020;1,499815
KINEA ATLAS II FI MULTIMERCADO;23/06/2020;1,504011
KINEA ATLAS II FI MULTIMERCADO;24/06/2020;1,498428
KINEA ATLAS II FI MULTIMERCADO;25/06/2020;1,503015
KINEA ATLAS II FI MULTIMERCADO;26/06/2020;1,500921
KINEA ATLAS II FI MULTIMERCADO;29/06/2020;1,504054
KINEA ATLAS II FI MULTIMERCADO;30/06/2020;1,504845
KINEA ATLAS II FI MULTIMERCADO;01/07/2020;1,508792
KINEA ATLAS II FI MULTIMERCADO;02/07/2020;1,508782
KINEA ATLAS II FI MULTIMERCADO;03/07/2020;1,510681
KINEA ATLAS II FI MULTIMERCADO;06/07/2020;1,515173
KINEA ATLAS II FI MULTIMERCADO;07/07/2020;1,512402
KINEA ATLAS II FI MULTIMERCADO;08/07/2020;1,514728
KINEA ATLAS II FI MULTIMERCADO;09/07/2020;1,514477
KINEA ATLAS II FI MULTIMERCADO;10/07/2020;1,518097
KINEA ATLAS II FI MULTIMERCADO;13/07/2020;1,516306
KINEA ATLAS II FI MULTIMERCADO;14/07/2020;1,519508
KINEA ATLAS II FI MULTIMERCADO;15/07/2020;1,519508
KINEA ATLAS II FI MULTIMERCADO;16/07/2020;1,514582
KINEA ATLAS II FI MULTIMERCADO;17/07/2020;1,519776
KINEA ATLAS II FI MULTIMERCADO;20/07/2020;1,521385
KINEA ATLAS II FI MULTIMERCADO;21/07/2020;1,524479
KINEA ATLAS II FI MULTIMERCADO;22/07/2020;1,527332
KINEA ATLAS II FI MULTIMERCADO;23/07/2020;1,524841
KINEA ATLAS II FI MULTIMERCADO;24/07/2020;1,528142
KINEA ATLAS II FI MULTIMERCADO;27/07/2020;1,533558
KINEA ATLAS II FI MULTIMERCADO;28/07/2020;1,535659
KINEA ATLAS II FI MULTIMERCADO;29/07/2020;1,538825
KINEA ATLAS II FI MULTIMERCADO;30/07/2020;1,540279
KINEA ATLAS II FI MULTIMERCADO;31/07/2020;1,534647
KINEA ATLAS II FI MULTIMERCADO;03/08/2020;1,535009
KINEA ATLAS II FI MULTIMERCADO;04/08/2020;1,534799
KINEA ATLAS II FI MULTIMERCADO;05/08/2020;1,53892
KINEA ATLAS II FI MULTIMERCADO;06/08/2020;1,544518
KINEA ATLAS II FI MULTIMERCADO;07/08/2020;1,538986
KINEA ATLAS II FI MULTIMERCADO;10/08/2020;1,539611
KINEA ATLAS II FI MULTIMERCADO;11/08/2020;1,539029
KINEA ATLAS II FI MULTIMERCADO;12/08/2020;1,536114
KINEA ATLAS II FI MULTIMERCADO;13/08/2020;1,535033
KINEA ATLAS II FI MULTIMERCADO;14/08/2020;1,535987
KINEA ATLAS II FI MULTIMERCADO;17/08/2020;1,533011
KINEA ATLAS II FI MULTIMERCADO;18/08/2020;1,5398
KINEA ATLAS II FI MULTIMERCADO;19/08/2020;1,533787
KINEA ATLAS II FI MULTIMERCADO;20/08/2020;1,534483
KINEA ATLAS II FI MULTIMERCADO;21/08/2020;1,534254
KINEA ATLAS II FI MULTIMERCADO;24/08/2020;1,537005
KINEA ATLAS II FI MULTIMERCADO;25/08/2020;1,536601
KINEA ATLAS II FI MULTIMERCADO;26/08/2020;1,532703
KINEA ATLAS II FI MULTIMERCADO;27/08/2020;1,532795
KINEA ATLAS II FI MULTIMERCADO;28/08/2020;1,544066
KINEA ATLAS II FI MULTIMERCADO;31/08/2020;1,537554
KINEA ATLAS II FI MULTIMERCADO;01/09/2020;1,543847
KINEA ATLAS II FI MULTIMERCADO;02/09/2020;1,544764
KINEA ATLAS II FI MULTIMERCADO;03/09/2020;1,544493
KINEA ATLAS II FI MULTIMERCADO;04/09/2020;1,546929
KINEA ATLAS II FI MULTIMERCADO;08/09/2020;1,542229
KINEA ATLAS II FI MULTIMERCADO;09/09/2020;1,545213
KINEA ATLAS II FI MULTIMERCADO;10/09/2020;1,541358
KINEA ATLAS II FI MULTIMERCADO;11/09/2020;1,541807
KINEA ATLAS II FI MULTIMERCADO;14/09/2020;1,547923
KINEA ATLAS II FI MULTIMERCADO;15/09/2020;1,546614
KINEA ATLAS II FI MULTIMERCADO;16/09/2020;1,545155
KINEA ATLAS II FI MULTIMERCADO;17/09/2020;1,547571
KINEA ATLAS II FI MULTIMERCADO;18/09/2020;1,534894
KINEA ATLAS II FI MULTIMERCADO;21/09/2020;1,526132
KINEA ATLAS II FI MULTIMERCADO;22/09/2020;1,53011
KINEA ATLAS II FI MULTIMERCADO;23/09/2020;1,518638
KINEA ATLAS II FI MULTIMERCADO;24/09/2020;1,526774
KINEA ATLAS II FI MULTIMERCADO;25/09/2020;1,52795
KINEA ATLAS II FI MULTIMERCADO;28/09/2020;1,518025
KINEA ATLAS II FI MULTIMERCADO;29/09/2020;1,510345
KINEA ATLAS II FI MULTIMERCADO;30/09/2020;1,517009
KINEA ATLAS II FI MULTIMERCADO;01/10/2020;1,517988
KINEA ATLAS II FI MULTIMERCADO;02/10/2020;1,507493
KINEA ATLAS II FI MULTIMERCADO;05/10/2020;1,515545
KINEA ATLAS II FI MULTIMERCADO;06/10/2020;1,509098
KINEA ATLAS II FI MULTIMERCADO;07/10/2020;1,511205
KINEA ATLAS II FI MULTIMERCADO;08/10/2020;1,518307
KINEA ATLAS II FI MULTIMERCADO;09/10/2020;1,524469
KINEA ATLAS II FI MULTIMERCADO;13/10/2020;1,524492
KINEA ATLAS II FI MULTIMERCADO;14/10/2020;1,528181
KINEA ATLAS II FI MULTIMERCADO;15/10/2020;1,524712
KINEA ATLAS II FI MULTIMERCADO;16/10/2020;1,524365
KINEA ATLAS II FI MULTIMERCADO;19/10/2020;1,524464
KINEA ATLAS II FI MULTIMERCADO;20/10/2020;1,532426
KINEA ATLAS II FI MULTIMERCADO;21/10/2020;1,536387
KINEA ATLAS II FI MULTIMERCADO;22/10/2020;1,536808
KINEA ATLAS II FI MULTIMERCADO;23/10/2020;1,532862
KINEA ATLAS II FI MULTIMERCADO;26/10/2020;1,526885
KINEA ATLAS II FI MULTIMERCADO;27/10/2020;1,524702
KINEA ATLAS II FI MULTIMERCADO;28/10/2020;1,511569
KINEA ATLAS II FI MULTIMERCADO;29/10/2020;1,515294
KINEA ATLAS II FI MULTIMERCADO;30/10/2020;1,511462
KINEA ATLAS II FI MULTIMERCADO;03/11/2020;1,514845
KINEA ATLAS II FI MULTIMERCADO;04/11/2020;1,52491
KINEA ATLAS II FI MULTIMERCADO;05/11/2020;1,536685
KINEA ATLAS II FI MULTIMERCADO;06/11/2020;1,542474
KINEA ATLAS II FI MULTIMERCADO;09/11/2020;1,554442
KINEA ATLAS II FI MULTIMERCADO;10/11/2020;1,551986
KINEA ATLAS II FI MULTIMERCADO;11/11/2020;1,548826
KINEA ATLAS II FI MULTIMERCADO;12/11/2020;1,542541
KINEA ATLAS II FI MULTIMERCADO;13/11/2020;1,54692
KINEA ATLAS II FI MULTIMERCADO;16/11/2020;1,551179
KINEA ATLAS II FI MULTIMERCADO;17/11/2020;1,553623
KINEA ATLAS II FI MULTIMERCADO;18/11/2020;1,550693
KINEA ATLAS II FI MULTIMERCADO;19/11/2020;1,551138
KINEA ATLAS II FI MULTIMERCADO;20/11/2020;1,547989
KINEA ATLAS II FI MULTIMERCADO;23/11/2020;1,543125
KINEA ATLAS II FI MULTIMERCADO;24/11/2020;1,548768
KINEA ATLAS II FI MULTIMERCADO;25/11/2020;1,55103
KINEA ATLAS II FI MULTIMERCADO;26/11/2020;1,554278
KINEA ATLAS II FI MULTIMERCADO;27/11/2020;1,559901
KINEA ATLAS II FI MULTIMERCADO;30/11/2020;1,555507
KINEA ATLAS II FI MULTIMERCADO;01/12/2020;1,565992
KINEA ATLAS II FI MULTIMERCADO;02/12/2020;1,56974
KINEA ATLAS II FI MULTIMERCADO;03/12/2020;1,576776
KINEA ATLAS II FI MULTIMERCADO;04/12/2020;1,576552
KINEA ATLAS II FI MULTIMERCADO;07/12/2020;1,57608
KINEA ATLAS II FI MULTIMERCADO;08/12/2020;1,577216
KINEA ATLAS II FI MULTIMERCADO;09/12/2020;1,577919
KINEA ATLAS II FI MULTIMERCADO;10/12/2020;1,57874
KINEA ATLAS II FI MULTIMERCADO;11/12/2020;1,581025
KINEA ATLAS II FI MULTIMERCADO;14/12/2020;1,581309
KINEA ATLAS II FI MULTIMERCADO;15/12/2020;1,585713
KINEA ATLAS II FI MULTIMERCADO;16/12/2020;1,585469
KINEA ATLAS II FI MULTIMERCADO;17/12/2020;1,58635
KINEA ATLAS II FI MULTIMERCADO;18/12/2020;1,584734
KINEA ATLAS II FI MULTIMERCADO;21/12/2020;1,582001
KINEA ATLAS II FI MULTIMERCADO;22/12/2020;1,581149
KINEA ATLAS II FI MULTIMERCADO;23/12/2020;1,58526
KINEA ATLAS II FI MULTIMERCADO;24/12/2020;1,58453
KINEA ATLAS II FI MULTIMERCADO;28/12/2020;1,585962
KINEA ATLAS II FI MULTIMERCADO;29/12/2020;1,589864
KINEA ATLAS II FI MULTIMERCADO;30/12/2020;1,593593
KINEA ATLAS II FI MULTIMERCADO;31/12/2020;1,594467
KINEA ATLAS II FI MULTIMERCADO;04/01/2021;1,591235
KINEA ATLAS II FI MULTIMERCADO;05/01/2021;1,590913
KINEA ATLAS II FI MULTIMERCADO;06/01/2021;1,585917
KINEA ATLAS II FI MULTIMERCADO;07/01/2021;1,58258
KINEA ATLAS II FI MULTIMERCADO;08/01/2021;1,583707
KINEA ATLAS II FI MULTIMERCADO;11/01/2021;1,573102
KINEA ATLAS II FI MULTIMERCADO;12/01/2021;1,58041
KINEA ATLAS II FI MULTIMERCADO;13/01/2021;1,576389
KINEA ATLAS II FI MULTIMERCADO;14/01/2021;1,582433
KINEA ATLAS II FI MULTIMERCADO;15/01/2021;1,576655
KINEA ATLAS II FI MULTIMERCADO;18/01/2021;1,576439
KINEA ATLAS II FI MULTIMERCADO;19/01/2021;1,577241
KINEA ATLAS II FI MULTIMERCADO;20/01/2021;1,580135
KINEA ATLAS II FI MULTIMERCADO;21/01/2021;1,572218
KINEA ATLAS II FI MULTIMERCADO;22/01/2021;1,565886
KINEA ATLAS II FI MULTIMERCADO;25/01/2021;1,565943
KINEA ATLAS II FI MULTIMERCADO;26/01/2021;1,566512
KINEA ATLAS II FI MULTIMERCADO;27/01/2021;1,55956
KINEA ATLAS II FI MULTIMERCADO;28/01/2021;1,568594
KINEA ATLAS II FI MULTIMERCADO;29/01/2021;1,568006
KINEA ATLAS II FI MULTIMERCADO;01/02/2021;1,575264
KINEA ATLAS II FI MULTIMERCADO;02/02/2021;1,589329
KINEA ATLAS II FI MULTIMERCADO;03/02/2021;1,596312
KINEA ATLAS II FI MULTIMERCADO;04/02/2021;1,595192
KINEA ATLAS II FI MULTIMERCADO;05/02/2021;1,600101
KINEA ATLAS II FI MULTIMERCADO;08/02/2021;1,604086
KINEA ATLAS II FI MULTIMERCADO;09/02/2021;1,601619
KINEA ATLAS II FI MULTIMERCADO;10/02/2021;1,604294
KINEA ATLAS II FI MULTIMERCADO;11/02/2021;1,604731
KINEA ATLAS II FI MULTIMERCADO;12/02/2021;1,604631
KINEA ATLAS II FI MULTIMERCADO;17/02/2021;1,609468
KINEA ATLAS II FI MULTIMERCADO;18/02/2021;1,611831
KINEA ATLAS II FI MULTIMERCADO;19/02/2021;1,612373
KINEA ATLAS II FI MULTIMERCADO;22/02/2021;1,608201
KINEA ATLAS II FI MULTIMERCADO;23/02/2021;1,612799
KINEA ATLAS II FI MULTIMERCADO;24/02/2021;1,613206
KINEA ATLAS II FI MULTIMERCADO;25/02/2021;1,608355
KINEA ATLAS II FI MULTIMERCADO;26/02/2021;1,607039
KINEA ATLAS II FI MULTIMERCADO;01/03/2021;1,602326
KINEA ATLAS II FI MULTIMERCADO;02/03/2021;1,600657
KINEA ATLAS II FI MULTIMERCADO;03/03/2021;1,597428
KINEA ATLAS II FI MULTIMERCADO;04/03/2021;1,606429
KINEA ATLAS II FI MULTIMERCADO;05/03/2021;1,61171
KINEA ATLAS II FI MULTIMERCADO;08/03/2021;1,606115
KINEA ATLAS II FI MULTIMERCADO;09/03/2021;1,605372
KINEA ATLAS II FI MULTIMERCADO;10/03/2021;1,599749
KINEA ATLAS II FI MULTIMERCADO;11/03/2021;1,60264
KINEA ATLAS II FI MULTIMERCADO;12/03/2021;1,602351
KINEA ATLAS II FI MULTIMERCADO;15/03/2021;1,601074
KINEA ATLAS II FI MULTIMERCADO;16/03/2021;1,601325
KINEA ATLAS II FI MULTIMERCADO;17/03/2021;1,600319
KINEA ATLAS II FI MULTIMERCADO;18/03/2021;1,599871
KINEA ATLAS II FI MULTIMERCADO;19/03/2021;1,5992
KINEA ATLAS II FI MULTIMERCADO;22/03/2021;1,597531
KINEA ATLAS II FI MULTIMERCADO;23/03/2021;1,591689
KINEA ATLAS II FI MULTIMERCADO;24/03/2021;1,592042
KINEA ATLAS II FI MULTIMERCADO;25/03/2021;1,589809
KINEA ATLAS II FI MULTIMERCADO;26/03/2021;1,593282
KINEA ATLAS II FI MULTIMERCADO;29/03/2021;1,592171
KINEA ATLAS II FI MULTIMERCADO;30/03/2021;1,596421
KINEA ATLAS II FI MULTIMERCADO;31/03/2021;1,601242
KINEA ATLAS II FI MULTIMERCADO;01/04/2021;1,603225
KINEA ATLAS II FI MULTIMERCADO;05/04/2021;1,606183
KINEA ATLAS II FI MULTIMERCADO;06/04/2021;1,604352
KINEA ATLAS II FI MULTIMERCADO;07/04/2021;1,602156
KINEA ATLAS II FI MULTIMERCADO;08/04/2021;1,605684
KINEA ATLAS II FI MULTIMERCADO;09/04/2021;1,605334
KINEA ATLAS II FI MULTIMERCADO;12/04/2021;1,604193
KINEA ATLAS II FI MULTIMERCADO;13/04/2021;1,600039
KINEA ATLAS II FI MULTIMERCADO;14/04/2021;1,604034
KINEA ATLAS II FI MULTIMERCADO;15/04/2021;1,604034
KINEA ATLAS II FI MULTIMERCADO;16/04/2021;1,605732
KINEA ATLAS II FI MULTIMERCADO;19/04/2021;1,607864
KINEA ATLAS II FI MULTIMERCADO;20/04/2021;1,60434
KINEA ATLAS II FI MULTIMERCADO;22/04/2021;1,606564
KINEA ATLAS II FI MULTIMERCADO;23/04/2021;1,608748
KINEA ATLAS II FI MULTIMERCADO;26/04/2021;1,610967
KINEA ATLAS II FI MULTIMERCADO;27/04/2021;1,610806
KINEA ATLAS II FI MULTIMERCADO;28/04/2021;1,614874
KINEA ATLAS II FI MULTIMERCADO;29/04/2021;1,616487
KINEA ATLAS II FI MULTIMERCADO;30/04/2021;1,613282
KINEA ATLAS II FI MULTIMERCADO;03/05/2021;1,612044
KINEA ATLAS II FI MULTIMERCADO;04/05/2021;1,611706
KINEA ATLAS II FI MULTIMERCADO;05/05/2021;1,615957
KINEA ATLAS II FI MULTIMERCADO;06/05/2021;1,617384
KINEA ATLAS II FI MULTIMERCADO;07/05/2021;1,618531
KINEA ATLAS II FI MULTIMERCADO;10/05/2021;1,617161
KINEA ATLAS II FI MULTIMERCADO;11/05/2021;1,619738
KINEA ATLAS II FI MULTIMERCADO;12/05/2021;1,622956
KINEA ATLAS II FI MULTIMERCADO;13/05/2021;1,61845
KINEA ATLAS II FI MULTIMERCADO;14/05/2021;1,619754
KINEA ATLAS II FI MULTIMERCADO;17/05/2021;1,621456
KINEA ATLAS II FI MULTIMERCADO;18/05/2021;1,620676
KINEA ATLAS II FI MULTIMERCADO;19/05/2021;1,619956
KINEA ATLAS II FI MULTIMERCADO;20/05/2021;1,61722
KINEA ATLAS II FI MULTIMERCADO;21/05/2021;1,616154
KINEA ATLAS II FI MULTIMERCADO;24/05/2021;1,61758
KINEA ATLAS II FI MULTIMERCADO;25/05/2021;1,61533
KINEA ATLAS II FI MULTIMERCADO;26/05/2021;1,616854
KINEA ATLAS II FI MULTIMERCADO;27/05/2021;1,62238
KINEA ATLAS II FI MULTIMERCADO;28/05/2021;1,623674
KINEA ATLAS II FI MULTIMERCADO;31/05/2021;1,62462
KINEA ATLAS II FI MULTIMERCADO;01/06/2021;1,626119
KINEA ATLAS II FI MULTIMERCADO;02/06/2021;1,626856
KINEA ATLAS II FI MULTIMERCADO;04/06/2021;1,625221
KINEA ATLAS II FI MULTIMERCADO;07/06/2021;1,624254
KINEA ATLAS II FI MULTIMERCADO;08/06/2021;1,62165
KINEA ATLAS II FI MULTIMERCADO;09/06/2021;1,619141
KINEA ATLAS II FI MULTIMERCADO;10/06/2021;1,618067
KINEA ATLAS II FI MULTIMERCADO;11/06/2021;1,618128
KINEA ATLAS II FI MULTIMERCADO;14/06/2021;1,620927
KINEA ATLAS II FI MULTIMERCADO;15/06/2021;1,622554
KINEA ATLAS II FI MULTIMERCADO;16/06/2021;1,629565
KINEA ATLAS II FI MULTIMERCADO;17/06/2021;1,628368
KINEA ATLAS II FI MULTIMERCADO;18/06/2021;1,631197
KINEA ATLAS II FI MULTIMERCADO;21/06/2021;1,631883
KINEA ATLAS II FI MULTIMERCADO;22/06/2021;1,631657
KINEA ATLAS II FI MULTIMERCADO;23/06/2021;1,634427
KINEA ATLAS II FI MULTIMERCADO;24/06/2021;1,635142
KINEA ATLAS II FI MULTIMERCADO;25/06/2021;1,63607
KINEA ATLAS II FI MULTIMERCADO;28/06/2021;1,636232
KINEA ATLAS II FI MULTIMERCADO;29/06/2021;1,636493
KINEA ATLAS II FI MULTIMERCADO;30/06/2021;1,635358
KINEA ATLAS II FI MULTIMERCADO;01/07/2021;1,636223
KINEA ATLAS II FI MULTIMERCADO;02/07/2021;1,634049
KINEA ATLAS II FI MULTIMERCADO;05/07/2021;1,632587
KINEA ATLAS II FI MULTIMERCADO;06/07/2021;1,620096
KINEA ATLAS II FI MULTIMERCADO;07/07/2021;1,619049
KINEA ATLAS II FI MULTIMERCADO;08/07/2021;1,614034
KINEA ATLAS II FI MULTIMERCADO;09/07/2021;1,614222
KINEA ATLAS II FI MULTIMERCADO;12/07/2021;1,621265
KINEA ATLAS II FI MULTIMERCADO;13/07/2021;1,629495
KINEA ATLAS II FI MULTIMERCADO;14/07/2021;1,627179
KINEA ATLAS II FI MULTIMERCADO;15/07/2021;1,620653
KINEA ATLAS II FI MULTIMERCADO;16/07/2021;1,621431
KINEA ATLAS II FI MULTIMERCADO;19/07/2021;1,602502
KINEA ATLAS II FI MULTIMERCADO;20/07/2021;1,604917
KINEA ATLAS II FI MULTIMERCADO;21/07/2021;1,614516
KINEA ATLAS II FI MULTIMERCADO;22/07/2021;1,616615
KINEA ATLAS II FI MULTIMERCADO;23/07/2021;1,615951
KINEA ATLAS II FI MULTIMERCADO;26/07/2021;1,616595
KINEA ATLAS II FI MULTIMERCADO;27/07/2021;1,612356
KINEA ATLAS II FI MULTIMERCADO;28/07/2021;1,618795
KINEA ATLAS II FI MULTIMERCADO;29/07/2021;1,620979
KINEA ATLAS II FI MULTIMERCADO;30/07/2021;1,611036
KINEA ATLAS II FI MULTIMERCADO;02/08/2021;1,604071
KINEA ATLAS II FI MULTIMERCADO;03/08/2021;1,60433
KINEA ATLAS II FI MULTIMERCADO;04/08/2021;1,6062
KINEA ATLAS II FI MULTIMERCADO;05/08/2021;1,610871
KINEA ATLAS II FI MULTIMERCADO;06/08/2021;1,61893
KINEA ATLAS II FI MULTIMERCADO;09/08/2021;1,621508
KINEA ATLAS II FI MULTIMERCADO;10/08/2021;1,627589
KINEA ATLAS II FI MULTIMERCADO;11/08/2021;1,627162
KINEA ATLAS II FI MULTIMERCADO;12/08/2021;1,62817
KINEA ATLAS II FI MULTIMERCADO;13/08/2021;1,61877
KINEA ATLAS II FI MULTIMERCADO;16/08/2021;1,610963
KINEA ATLAS II FI MULTIMERCADO;17/08/2021;1,611414
KINEA ATLAS II FI MULTIMERCADO;18/08/2021;1,611595
KINEA ATLAS II FI MULTIMERCADO;19/08/2021;1,610235
KINEA ATLAS II FI MULTIMERCADO;20/08/2021;1,612205
KINEA ATLAS II FI MULTIMERCADO;23/08/2021;1,611334
KINEA ATLAS II FI MULTIMERCADO;24/08/2021;1,618233
KINEA ATLAS II FI MULTIMERCADO;25/08/2021;1,624496
KINEA ATLAS II FI MULTIMERCADO;26/08/2021;1,6233
KINEA ATLAS II FI MULTIMERCADO;27/08/2021;1,620933
KINEA ATLAS II FI MULTIMERCADO;30/08/2021;1,616834
KINEA ATLAS II FI MULTIMERCADO;31/08/2021;1,616583
KINEA ATLAS II FI MULTIMERCADO;01/09/2021;1,61743
KINEA ATLAS II FI MULTIMERCADO;02/09/2021;1,61559
KINEA ATLAS II FI MULTIMERCADO;03/09/2021;1,616641
KINEA ATLAS II FI MULTIMERCADO;06/09/2021;1,617906
KINEA ATLAS II FI MULTIMERCADO;08/09/2021;1,618771
KINEA ATLAS II FI MULTIMERCADO;09/09/2021;1,612028
KINEA ATLAS II FI MULTIMERCADO;10/09/2021;1,618416
KINEA ATLAS II FI MULTIMERCADO;13/09/2021;1,619029
KINEA ATLAS II FI MULTIMERCADO;14/09/2021;1,623693
KINEA ATLAS II FI MULTIMERCADO;15/09/2021;1,627765
KINEA ATLAS II FI MULTIMERCADO;16/09/2021;1,634095
KINEA ATLAS II FI MULTIMERCADO;17/09/2021;1,638916
KINEA ATLAS II FI MULTIMERCADO;20/09/2021;1,630807
KINEA ATLAS II FI MULTIMERCADO;21/09/2021;1,636709
KINEA ATLAS II FI MULTIMERCADO;22/09/2021;1,642711
KINEA ATLAS II FI MULTIMERCADO;23/09/2021;1,653557
KINEA ATLAS II FI MULTIMERCADO;24/09/2021;1,657793
KINEA ATLAS II FI MULTIMERCADO;27/09/2021;1,662171
KINEA ATLAS II FI MULTIMERCADO;28/09/2021;1,664613
KINEA ATLAS II FI MULTIMERCADO;29/09/2021;1,664512
KINEA ATLAS II FI MULTIMERCADO;30/09/2021;1,663437
KINEA ATLAS II FI MULTIMERCADO;01/10/2021;1,658203
KINEA ATLAS II FI MULTIMERCADO;04/10/2021;1,658606
KINEA ATLAS II FI MULTIMERCADO;05/10/2021;1,664043
KINEA ATLAS II FI MULTIMERCADO;06/10/2021;1,664381
KINEA ATLAS II FI MULTIMERCADO;07/10/2021;1,669088
KINEA ATLAS II FI MULTIMERCADO;08/10/2021;1,675928
KINEA ATLAS II FI MULTIMERCADO;11/10/2021;1,67569
KINEA ATLAS II FI MULTIMERCADO;13/10/2021;1,671862
KINEA ATLAS II FI MULTIMERCADO;14/10/2021;1,667949
KINEA ATLAS II FI MULTIMERCADO;15/10/2021;1,67471
KINEA ATLAS II FI MULTIMERCADO;18/10/2021;1,675076
KINEA ATLAS II FI MULTIMERCADO;19/10/2021;1,668261
KINEA ATLAS II FI MULTIMERCADO;20/10/2021;1,66752
KINEA ATLAS II FI MULTIMERCADO;21/10/2021;1,668252
KINEA ATLAS II FI MULTIMERCADO;22/10/2021;1,66539
KINEA ATLAS II FI MULTIMERCADO;25/10/2021;1,665052
KINEA ATLAS II FI MULTIMERCADO;26/10/2021;1,662791
KINEA ATLAS II FI MULTIMERCADO;27/10/2021;1,649242
KINEA ATLAS II FI MULTIMERCADO;28/10/2021;1,648056
KINEA ATLAS II FI MULTIMERCADO;29/10/2021;1,649037
KINEA ATLAS II FI MULTIMERCADO;01/11/2021;1,650945
KINEA ATLAS II FI MULTIMERCADO;03/11/2021;1,657868
KINEA ATLAS II FI MULTIMERCADO;04/11/2021;1,649434
KINEA ATLAS II FI MULTIMERCADO;05/11/2021;1,645191
KINEA ATLAS II FI MULTIMERCADO;08/11/2021;1,649727
KINEA ATLAS II FI MULTIMERCADO;09/11/2021;1,646092
KINEA ATLAS II FI MULTIMERCADO;10/11/2021;1,661196
KINEA ATLAS II FI MULTIMERCADO;11/11/2021;1,666491
KINEA ATLAS II FI MULTIMERCADO;12/11/2021;1,666725
KINEA ATLAS II FI MULTIMERCADO;16/11/2021;1,669516
KINEA ATLAS II FI MULTIMERCADO;17/11/2021;1,664079
KINEA ATLAS II FI MULTIMERCADO;18/11/2021;1,661713
KINEA ATLAS II FI MULTIMERCADO;19/11/2021;1,660255
KINEA ATLAS II FI MULTIMERCADO;22/11/2021;1,668561
KINEA ATLAS II FI MULTIMERCADO;23/11/2021;1,672616
KINEA ATLAS II FI MULTIMERCADO;24/11/2021;1,672721
KINEA ATLAS II FI MULTIMERCADO;25/11/2021;1,674572
KINEA ATLAS II FI MULTIMERCADO;26/11/2021;1,658033
KINEA ATLAS II FI MULTIMERCADO;29/11/2021;1,663238
KINEA ATLAS II FI MULTIMERCADO;30/11/2021;1,651984
KINEA ATLAS II FI MULTIMERCADO;01/12/2021;1,653012
KINEA ATLAS II FI MULTIMERCADO;02/12/2021;1,658381
KINEA ATLAS II FI MULTIMERCADO;03/12/2021;1,658339
KINEA ATLAS II FI MULTIMERCADO;06/12/2021;1,663772
KINEA ATLAS II FI MULTIMERCADO;07/12/2021;1,665636
KINEA ATLAS II FI MULTIMERCADO;08/12/2021;1,667542
KINEA ATLAS II FI MULTIMERCADO;09/12/2021;1,666296
KINEA ATLAS II FI MULTIMERCADO;10/12/2021;1,666422
KINEA ATLAS II FI MULTIMERCADO;13/12/2021;1,667537
KINEA ATLAS II FI MULTIMERCADO;14/12/2021;1,667917
KINEA ATLAS II FI MULTIMERCADO;15/12/2021;1,667062
KINEA ATLAS II FI MULTIMERCADO;16/12/2021;1,665087
KINEA ATLAS II FI MULTIMERCADO;17/12/2021;1,665343
KINEA ATLAS II FI MULTIMERCADO;20/12/2021;1,662939
KINEA ATLAS II FI MULTIMERCADO;21/12/2021;1,666107
KINEA ATLAS II FI MULTIMERCADO;22/12/2021;1,665399
KINEA ATLAS II FI MULTIMERCADO;23/12/2021;1,665181
KINEA ATLAS II FI MULTIMERCADO;24/12/2021;1,665721
KINEA ATLAS II FI MULTIMERCADO;27/12/2021;1,666636
KINEA ATLAS II FI MULTIMERCADO;28/12/2021;1,667973
KINEA ATLAS II FI MULTIMERCADO;29/12/2021;1,668195
KINEA ATLAS II FI MULTIMERCADO;30/12/2021;1,669169
KINEA ATLAS II FI MULTIMERCADO;31/12/2021;1,667318
KINEA ATLAS II FI MULTIMERCADO;03/01/2022;1,670201
KINEA ATLAS II FI MULTIMERCADO;04/01/2022;1,672832
KINEA ATLAS II FI MULTIMERCADO;05/01/2022;1,675609
KINEA ATLAS II FI MULTIMERCADO;06/01/2022;1,683369
KINEA ATLAS II FI MULTIMERCADO;07/01/2022;1,685216
KINEA ATLAS II FI MULTIMERCADO;10/01/2022;1,684873
KINEA ATLAS II FI MULTIMERCADO;11/01/2022;1,68737
KINEA ATLAS II FI MULTIMERCADO;12/01/2022;1,690973
KINEA ATLAS II FI MULTIMERCADO;13/01/2022;1,691097
KINEA ATLAS II FI MULTIMERCADO;14/01/2022;1,696179
KINEA ATLAS II FI MULTIMERCADO;17/01/2022;1,696576
KINEA ATLAS II FI MULTIMERCADO;18/01/2022;1,700911
KINEA ATLAS II FI MULTIMERCADO;19/01/2022;1,702265
KINEA ATLAS II FI MULTIMERCADO;20/01/2022;1,704463
KINEA ATLAS II FI MULTIMERCADO;21/01/2022;1,701709
KINEA ATLAS II FI MULTIMERCADO;24/01/2022;1,699153
KINEA ATLAS II FI MULTIMERCADO;25/01/2022;1,704159
KINEA ATLAS II FI MULTIMERCADO;26/01/2022;1,711594
KINEA ATLAS II FI MULTIMERCADO;27/01/2022;1,711394
KINEA ATLAS II FI MULTIMERCADO;28/01/2022;1,710656
KINEA ATLAS II FI MULTIMERCADO;31/01/2022;1,713586
KINEA ATLAS II FI MULTIMERCADO;01/02/2022;1,714347
KINEA ATLAS II FI MULTIMERCADO;02/02/2022;1,714916
KINEA ATLAS II FI MULTIMERCADO;03/02/2022;1,717465
KINEA ATLAS II FI MULTIMERCADO;04/02/2022;1,72483
KINEA ATLAS II FI MULTIMERCADO;07/02/2022;1,723898
KINEA ATLAS II FI MULTIMERCADO;08/02/2022;1,723583
KINEA ATLAS II FI MULTIMERCADO;09/02/2022;1,728185
KINEA ATLAS II FI MULTIMERCADO;10/02/2022;1,731105
KINEA ATLAS II FI MULTIMERCADO;11/02/2022;1,726246
KINEA ATLAS II FI MULTIMERCADO;14/02/2022;1,73057
KINEA ATLAS II FI MULTIMERCADO;15/02/2022;1,733632
KINEA ATLAS II FI MULTIMERCADO;16/02/2022;1,73422
KINEA ATLAS II FI MULTIMERCADO;17/02/2022;1,730314
KINEA ATLAS II FI MULTIMERCADO;18/02/2022;1,729656
KINEA ATLAS II FI MULTIMERCADO;21/02/2022;1,729529
KINEA ATLAS II FI MULTIMERCADO;22/02/2022;1,730218
KINEA ATLAS II FI MULTIMERCADO;23/02/2022;1,730747
KINEA ATLAS II FI MULTIMERCADO;24/02/2022;1,72924
KINEA ATLAS II FI MULTIMERCADO;25/02/2022;1,731923
KINEA ATLAS II FI MULTIMERCADO;02/03/2022;1,723036
KINEA ATLAS II FI MULTIMERCADO;03/03/2022;1,722919
KINEA ATLAS II FI MULTIMERCADO;04/03/2022;1,719175
KINEA ATLAS II FI MULTIMERCADO;07/03/2022;1,717806
KINEA ATLAS II FI MULTIMERCADO;08/03/2022;1,720836
KINEA ATLAS II FI MULTIMERCADO;09/03/2022;1,726511
KINEA ATLAS II FI MULTIMERCADO;10/03/2022;1,729793
KINEA ATLAS II FI MULTIMERCADO;11/03/2022;1,727368
KINEA ATLAS II FI MULTIMERCADO;14/03/2022;1,728199
KINEA ATLAS II FI MULTIMERCADO;15/03/2022;1,730127
KINEA ATLAS II FI MULTIMERCADO;16/03/2022;1,73453
KINEA ATLAS II FI MULTIMERCADO;17/03/2022;1,736746
KINEA ATLAS II FI MULTIMERCADO;18/03/2022;1,739839
KINEA ATLAS II FI MULTIMERCADO;21/03/2022;1,747697
KINEA ATLAS II FI MULTIMERCADO;22/03/2022;1,751128
KINEA ATLAS II FI MULTIMERCADO;23/03/2022;1,752423
KINEA ATLAS II FI MULTIMERCADO;24/03/2022;1,755121
KINEA ATLAS II FI MULTIMERCADO;25/03/2022;1,763714
KINEA ATLAS II FI MULTIMERCADO;28/03/2022;1,763553
KINEA ATLAS II FI MULTIMERCADO;29/03/2022;1,765795
KINEA ATLAS II FI MULTIMERCADO;30/03/2022;1,76342
KINEA ATLAS II FI MULTIMERCADO;31/03/2022;1,766341
KINEA ATLAS II FI MULTIMERCADO;01/04/2022;1,776192
KINEA ATLAS II FI MULTIMERCADO;04/04/2022;1,779374
KINEA ATLAS II FI MULTIMERCADO;05/04/2022;1,77831
KINEA ATLAS II FI MULTIMERCADO;06/04/2022;1,776482
KINEA ATLAS II FI MULTIMERCADO;07/04/2022;1,775876
KINEA ATLAS II FI MULTIMERCADO;08/04/2022;1,773888
KINEA ATLAS II FI MULTIMERCADO;11/04/2022;1,771878
KINEA ATLAS II FI MULTIMERCADO;12/04/2022;1,773164
KINEA ATLAS II FI MULTIMERCADO;13/04/2022;1,775842
KINEA ATLAS II FI MULTIMERCADO;14/04/2022;1,776437
KINEA ATLAS II FI MULTIMERCADO;18/04/2022;1,77781
KINEA ATLAS II FI MULTIMERCADO;19/04/2022;1,775227
KINEA ATLAS II FI MULTIMERCADO;20/04/2022;1,77571
KINEA ATLAS II FI MULTIMERCADO;22/04/2022;1,775288
KINEA ATLAS II FI MULTIMERCADO;25/04/2022;1,77304
KINEA ATLAS II FI MULTIMERCADO;26/04/2022;1,777566
KINEA ATLAS II FI MULTIMERCADO;27/04/2022;1,780544
KINEA ATLAS II FI MULTIMERCADO;28/04/2022;1,785047
KINEA ATLAS II FI MULTIMERCADO;29/04/2022;1,78684
KINEA ATLAS II FI MULTIMERCADO;02/05/2022;1,784426
KINEA ATLAS II FI MULTIMERCADO;03/05/2022;1,784931
KINEA ATLAS II FI MULTIMERCADO;04/05/2022;1,788394
KINEA ATLAS II FI MULTIMERCADO;05/05/2022;1,787358
KINEA ATLAS II FI MULTIMERCADO;06/05/2022;1,785681
KINEA ATLAS II FI MULTIMERCADO;09/05/2022;1,781454
KINEA ATLAS II FI MULTIMERCADO;10/05/2022;1,78366
KINEA ATLAS II FI MULTIMERCADO;11/05/2022;1,788822
KINEA ATLAS II FI MULTIMERCADO;12/05/2022;1,790397
KINEA ATLAS II FI MULTIMERCADO;13/05/2022;1,791744
KINEA ATLAS II FI MULTIMERCADO;16/05/2022;1,796051
KINEA ATLAS II FI MULTIMERCADO;17/05/2022;1,794635
KINEA ATLAS II FI MULTIMERCADO;18/05/2022;1,796538
KINEA ATLAS II FI MULTIMERCADO;19/05/2022;1,799406
KINEA ATLAS II FI MULTIMERCADO;20/05/2022;1,801568
KINEA ATLAS II FI MULTIMERCADO;23/05/2022;1,802148
KINEA ATLAS II FI MULTIMERCADO;24/05/2022;1,803985
KINEA ATLAS II FI MULTIMERCADO;25/05/2022;1,806283
KINEA ATLAS II FI MULTIMERCADO;26/05/2022;1,80793
KINEA ATLAS II FI MULTIMERCADO;27/05/2022;1,809393
KINEA ATLAS II FI MULTIMERCADO;30/05/2022;1,807233
KINEA ATLAS II FI MULTIMERCADO;31/05/2022;1,803791
KINEA ATLAS II FI MULTIMERCADO;01/06/2022;1,804177
KINEA ATLAS II FI MULTIMERCADO;02/06/2022;1,80146
KINEA ATLAS II FI MULTIMERCADO;03/06/2022;1,802895
KINEA ATLAS II FI MULTIMERCADO;06/06/2022;1,80127
KINEA ATLAS II FI MULTIMERCADO;07/06/2022;1,801577
KINEA ATLAS II FI MULTIMERCADO;08/06/2022;1,803106
KINEA ATLAS II FI MULTIMERCADO;09/06/2022;1,806224
KINEA ATLAS II FI MULTIMERCADO;10/06/2022;1,806493
KINEA ATLAS II FI MULTIMERCADO;13/06/2022;1,80667
KINEA ATLAS II FI MULTIMERCADO;14/06/2022;1,806292
KINEA ATLAS II FI MULTIMERCADO;15/06/2022;1,803572
KINEA ATLAS II FI MULTIMERCADO;17/06/2022;1,80047
KINEA ATLAS II FI MULTIMERCADO;20/06/2022;1,800955
KINEA ATLAS II FI MULTIMERCADO;21/06/2022;1,800645
KINEA ATLAS II FI MULTIMERCADO;22/06/2022;1,800779
KINEA ATLAS II FI MULTIMERCADO;23/06/2022;1,803339
KINEA ATLAS II FI MULTIMERCADO;24/06/2022;1,801099
KINEA ATLAS II FI MULTIMERCADO;27/06/2022;1,802496
KINEA ATLAS II FI MULTIMERCADO;28/06/2022;1,803885
KINEA ATLAS II FI MULTIMERCADO;29/06/2022;1,806856
KINEA ATLAS II FI MULTIMERCADO;30/06/2022;1,809319
KINEA ATLAS II FI MULTIMERCADO;01/07/2022;1,815058
KINEA ATLAS II FI MULTIMERCADO;04/07/2022;1,815288
KINEA ATLAS II FI MULTIMERCADO;05/07/2022;1,813949
KINEA ATLAS II FI MULTIMERCADO;06/07/2022;1,815671
KINEA ATLAS II FI MULTIMERCADO;07/07/2022;1,813096
KINEA ATLAS II FI MULTIMERCADO;08/07/2022;1,813472
KINEA ATLAS II FI MULTIMERCADO;11/07/2022;1,817592
KINEA ATLAS II FI MULTIMERCADO;12/07/2022;1,817407
KINEA ATLAS II FI MULTIMERCADO;13/07/2022;1,815497
KINEA ATLAS II FI MULTIMERCADO;14/07/2022;1,814894
KINEA ATLAS II FI MULTIMERCADO;15/07/2022;1,815383
KINEA ATLAS II FI MULTIMERCADO;18/07/2022;1,81653
KINEA ATLAS II FI MULTIMERCADO;19/07/2022;1,812209
KINEA ATLAS II FI MULTIMERCADO;20/07/2022;1,814308
KINEA ATLAS II FI MULTIMERCADO;21/07/2022;1,813042
KINEA ATLAS II FI MULTIMERCADO;22/07/2022;1,821228
KINEA ATLAS II FI MULTIMERCADO;25/07/2022;1,823975
KINEA ATLAS II FI MULTIMERCADO;26/07/2022;1,83004
KINEA ATLAS II FI MULTIMERCADO;27/07/2022;1,82895
KINEA ATLAS II FI MULTIMERCADO;28/07/2022;1,834875
KINEA ATLAS II FI MULTIMERCADO;29/07/2022;1,8378
KINEA ATLAS II FI MULTIMERCADO;01/08/2022;1,838359
KINEA ATLAS II FI MULTIMERCADO;02/08/2022;1,840366
KINEA ATLAS II FI MULTIMERCADO;03/08/2022;1,834927
KINEA ATLAS II FI MULTIMERCADO;04/08/2022;1,836984
KINEA ATLAS II FI MULTIMERCADO;05/08/2022;1,834696
KINEA ATLAS II FI MULTIMERCADO;08/08/2022;1,837573
KINEA ATLAS II FI MULTIMERCADO;09/08/2022;1,839218
KINEA ATLAS II FI MULTIMERCADO;10/08/2022;1,839988
KINEA ATLAS II FI MULTIMERCADO;11/08/2022;1,838995
KINEA ATLAS II FI MULTIMERCADO;12/08/2022;1,839599
KINEA ATLAS II FI MULTIMERCADO;15/08/2022;1,846524
KINEA ATLAS II FI MULTIMERCADO;16/08/2022;1,84158
KINEA ATLAS II FI MULTIMERCADO;17/08/2022;1,844332
KINEA ATLAS II FI MULTIMERCADO;18/08/2022;1,847686
KINEA ATLAS II FI MULTIMERCADO;19/08/2022;1,850691
KINEA ATLAS II FI MULTIMERCADO;22/08/2022;1,858246
KINEA ATLAS II FI MULTIMERCADO;23/08/2022;1,859749
KINEA ATLAS II FI MULTIMERCADO;24/08/2022;1,861525
KINEA ATLAS II FI MULTIMERCADO;25/08/2022;1,858356
KINEA ATLAS II FI MULTIMERCADO;26/08/2022;1,867079
KINEA ATLAS II FI MULTIMERCADO;29/08/2022;1,872716
KINEA ATLAS II FI MULTIMERCADO;30/08/2022;1,873779
KINEA ATLAS II FI MULTIMERCADO;31/08/2022;1,874159
KINEA ATLAS II FI MULTIMERCADO;01/09/2022;1,877143
KINEA ATLAS II FI MULTIMERCADO;02/09/2022;1,875968
KINEA ATLAS II FI MULTIMERCADO;05/09/2022;1,880482
KINEA ATLAS II FI MULTIMERCADO;06/09/2022;1,881055
KINEA ATLAS II FI MULTIMERCADO;08/09/2022;1,875446
KINEA ATLAS II FI MULTIMERCADO;09/09/2022;1,877661
KINEA ATLAS II FI MULTIMERCADO;12/09/2022;1,877589
KINEA ATLAS II FI MULTIMERCADO;13/09/2022;1,877916
KINEA ATLAS II FI MULTIMERCADO;14/09/2022;1,882993
KINEA ATLAS II FI MULTIMERCADO;15/09/2022;1,88089
KINEA ATLAS II FI MULTIMERCADO;16/09/2022;1,881449
KINEA ATLAS II FI MULTIMERCADO;19/09/2022;1,884315
KINEA ATLAS II FI MULTIMERCADO;20/09/2022;1,889162
KINEA ATLAS II FI MULTIMERCADO;21/09/2022;1,892647
KINEA ATLAS II FI MULTIMERCADO;22/09/2022;1,899013
KINEA ATLAS II FI MULTIMERCADO;23/09/2022;1,899037
KINEA ATLAS II FI MULTIMERCADO;26/09/2022;1,892236
KINEA ATLAS II FI MULTIMERCADO;27/09/2022;1,89424
KINEA ATLAS II FI MULTIMERCADO;28/09/2022;1,899554
KINEA ATLAS II FI MULTIMERCADO;29/09/2022;1,894567
KINEA ATLAS II FI MULTIMERCADO;30/09/2022;1,898698
KINEA ATLAS II FI MULTIMERCADO;03/10/2022;1,913194
KINEA ATLAS II FI MULTIMERCADO;04/10/2022;1,907647
KINEA ATLAS II FI MULTIMERCADO;05/10/2022;1,91332
KINEA ATLAS II FI MULTIMERCADO;06/10/2022;1,916973
KINEA ATLAS II FI MULTIMERCADO;07/10/2022;1,923995
KINEA ATLAS II FI MULTIMERCADO;10/10/2022;1,926475
KINEA ATLAS II FI MULTIMERCADO;11/10/2022;1,921717
KINEA ATLAS II FI MULTIMERCADO;13/10/2022;1,918042
KINEA ATLAS II FI MULTIMERCADO;14/10/2022;1,915886
KINEA ATLAS II FI MULTIMERCADO;17/10/2022;1,9151
KINEA ATLAS II FI MULTIMERCADO;18/10/2022;1,915847
KINEA ATLAS II FI MULTIMERCADO;19/10/2022;1,919493
KINEA ATLAS II FI MULTIMERCADO;20/10/2022;1,921929
KINEA ATLAS II FI MULTIMERCADO;21/10/2022;1,924786
KINEA ATLAS II FI MULTIMERCADO;24/10/2022;1,920435
KINEA ATLAS II FI MULTIMERCADO;25/10/2022;1,916936
KINEA ATLAS II FI MULTIMERCADO;26/10/2022;1,913457
KINEA ATLAS II FI MULTIMERCADO;27/10/2022;1,921682
KINEA ATLAS II FI MULTIMERCADO;28/10/2022;1,919131
KINEA ATLAS II FI MULTIMERCADO;31/10/2022;1,929847
KINEA ATLAS II FI MULTIMERCADO;01/11/2022;1,933637
KINEA ATLAS II FI MULTIMERCADO;03/11/2022;1,937902
KINEA ATLAS II FI MULTIMERCADO;04/11/2022;1,936626
KINEA ATLAS II FI MULTIMERCADO;07/11/2022;1,933104
KINEA ATLAS II FI MULTIMERCADO;08/11/2022;1,926221
KINEA ATLAS II FI MULTIMERCADO;09/11/2022;1,923083
KINEA ATLAS II FI MULTIMERCADO;10/11/2022;1,902875
KINEA ATLAS II FI MULTIMERCADO;11/11/2022;1,902305
KINEA ATLAS II FI MULTIMERCADO;14/11/2022;1,905434
KINEA ATLAS II FI MULTIMERCADO;16/11/2022;1,905379
KINEA ATLAS II FI MULTIMERCADO;17/11/2022;1,901586
KINEA ATLAS II FI MULTIMERCADO;18/11/2022;1,898078
KINEA ATLAS II FI MULTIMERCADO;21/11/2022;1,902015
KINEA ATLAS II FI MULTIMERCADO;22/11/2022;1,901587
KINEA ATLAS II FI MULTIMERCADO;23/11/2022;1,895036
KINEA ATLAS II FI MULTIMERCADO;24/11/2022;1,899664
KINEA ATLAS II FI MULTIMERCADO;25/11/2022;1,896693
KINEA ATLAS II FI MULTIMERCADO;28/11/2022;1,899467
KINEA ATLAS II FI MULTIMERCADO;29/11/2022;1,905863
KINEA ATLAS II FI MULTIMERCADO;30/11/2022;1,908295
KINEA ATLAS II FI MULTIMERCADO;01/12/2022;1,904217
KINEA ATLAS II FI MULTIMERCADO;02/12/2022;1,903211
KINEA ATLAS II FI MULTIMERCADO;05/12/2022;1,896365
KINEA ATLAS II FI MULTIMERCADO;06/12/2022;1,892549
KINEA ATLAS II FI MULTIMERCADO;07/12/2022;1,891799
KINEA ATLAS II FI MULTIMERCADO;08/12/2022;1,888872
KINEA ATLAS II FI MULTIMERCADO;09/12/2022;1,887438
KINEA ATLAS II FI MULTIMERCADO;12/12/2022;1,890685
KINEA ATLAS II FI MULTIMERCADO;13/12/2022;1,891283
KINEA ATLAS II FI MULTIMERCADO;14/12/2022;1,894144
KINEA ATLAS II FI MULTIMERCADO;15/12/2022;1,90023
KINEA ATLAS II FI MULTIMERCADO;16/12/2022;1,899399
KINEA ATLAS II FI MULTIMERCADO;19/12/2022;1,902303
KINEA ATLAS II FI MULTIMERCADO;20/12/2022;1,908363
KINEA ATLAS II FI MULTIMERCADO;21/12/2022;1,910712
KINEA ATLAS II FI MULTIMERCADO;22/12/2022;1,914587
KINEA ATLAS II FI MULTIMERCADO;23/12/2022;1,922567
KINEA ATLAS II FI MULTIMERCADO;26/12/2022;1,923326
KINEA ATLAS II FI MULTIMERCADO;27/12/2022;1,924935
KINEA ATLAS II FI MULTIMERCADO;28/12/2022;1,927492
KINEA ATLAS II FI MULTIMERCADO;29/12/2022;1,924797
KINEA ATLAS II FI MULTIMERCADO;30/12/2022;1,925423
KINEA ATLAS II FI MULTIMERCADO;02/01/2023;1,923245
KINEA ATLAS II FI MULTIMERCADO;03/01/2023;1,916399
KINEA ATLAS II FI MULTIMERCADO;04/01/2023;1,901374
KINEA ATLAS II FI MULTIMERCADO;05/01/2023;1,910151
KINEA ATLAS II FI MULTIMERCADO;06/01/2023;1,908196
KINEA ATLAS II FI MULTIMERCADO;09/01/2023;1,910902
KINEA ATLAS II FI MULTIMERCADO;10/01/2023;1,913186
KINEA ATLAS II FI MULTIMERCADO;11/01/2023;1,921205
KINEA ATLAS II FI MULTIMERCADO;12/01/2023;1,928206
KINEA ATLAS II FI MULTIMERCADO;13/01/2023;1,932032
KINEA ATLAS II FI MULTIMERCADO;16/01/2023;1,930723
KINEA ATLAS II FI MULTIMERCADO;17/01/2023;1,932905
KINEA ATLAS II FI MULTIMERCADO;18/01/2023;1,931343
KINEA ATLAS II FI MULTIMERCADO;19/01/2023;1,936253
KINEA ATLAS II FI MULTIMERCADO;20/01/2023;1,93358
KINEA ATLAS II FI MULTIMERCADO;23/01/2023;1,932219
KINEA ATLAS II FI MULTIMERCADO;24/01/2023;1,927356
KINEA ATLAS II FI MULTIMERCADO;25/01/2023;1,930625
KINEA ATLAS II FI MULTIMERCADO;26/01/2023;1,930647
KINEA ATLAS II FI MULTIMERCADO;27/01/2023;1,925353
KINEA ATLAS II FI MULTIMERCADO;30/01/2023;1,921729
KINEA ATLAS II FI MULTIMERCADO;31/01/2023;1,922689
KINEA ATLAS II FI MULTIMERCADO;01/02/2023;1,913275
KINEA ATLAS II FI MULTIMERCADO;02/02/2023;1,909977
KINEA ATLAS II FI MULTIMERCADO;03/02/2023;1,916361
KINEA ATLAS II FI MULTIMERCADO;06/02/2023;1,923304
KINEA ATLAS II FI MULTIMERCADO;07/02/2023;1,929548
KINEA ATLAS II FI MULTIMERCADO;08/02/2023;1,932374
KINEA ATLAS II FI MULTIMERCADO;09/02/2023;1,928724
KINEA ATLAS II FI MULTIMERCADO;10/02/2023;1,941912
KINEA ATLAS II FI MULTIMERCADO;13/02/2023;1,935652
KINEA ATLAS II FI MULTIMERCADO;14/02/2023;1,939368
KINEA ATLAS II FI MULTIMERCADO;15/02/2023;1,943452
KINEA ATLAS II FI MULTIMERCADO;16/02/2023;1,948096
KINEA ATLAS II FI MULTIMERCADO;17/02/2023;1,944634
KINEA ATLAS II FI MULTIMERCADO;22/02/2023;1,95338
KINEA ATLAS II FI MULTIMERCADO;23/02/2023;1,952221
KINEA ATLAS II FI MULTIMERCADO;24/02/2023;1,967479
KINEA ATLAS II FI MULTIMERCADO;27/02/2023;1,963172
KINEA ATLAS II FI MULTIMERCADO;28/02/2023;1,966175
KINEA ATLAS II FI MULTIMERCADO;01/03/2023;1,964827
KINEA ATLAS II FI MULTIMERCADO;02/03/2023;1,970335
KINEA ATLAS II FI MULTIMERCADO;03/03/2023;1,964122
KINEA ATLAS II FI MULTIMERCADO;06/03/2023;1,969532
KINEA ATLAS II FI MULTIMERCADO;07/03/2023;1,971765
KINEA ATLAS II FI MULTIMERCADO;08/03/2023;1,966352
KINEA ATLAS II FI MULTIMERCADO;09/03/2023;1,973453
KINEA ATLAS II FI MULTIMERCADO;10/03/2023;1,975303
KINEA ATLAS II FI MULTIMERCADO;13/03/2023;1,969693
KINEA ATLAS II FI MULTIMERCADO;14/03/2023;1,953181
KINEA ATLAS II FI MULTIMERCADO;15/03/2023;1,959492
KINEA ATLAS II FI MULTIMERCADO;16/03/2023;1,954579
KINEA ATLAS II FI MULTIMERCADO;17/03/2023;1,957273
KINEA ATLAS II FI MULTIMERCADO;20/03/2023;1,9553
KINEA ATLAS II FI MULTIMERCADO;21/03/2023;1,951564
KINEA ATLAS II FI MULTIMERCADO;22/03/2023;1,960208
KINEA ATLAS II FI MULTIMERCADO;23/03/2023;1,960459
KINEA ATLAS II FI MULTIMERCADO;24/03/2023;1,961166
KINEA ATLAS II FI MULTIMERCADO;27/03/2023;1,964156
KINEA ATLAS II FI MULTIMERCADO;28/03/2023;1,960772
KINEA ATLAS II FI MULTIMERCADO;29/03/2023;1,952002
KINEA ATLAS II FI MULTIMERCADO;30/03/2023;1,953431
KINEA ATLAS II FI MULTIMERCADO;31/03/2023;1,948003
KINEA ATLAS II FI MULTIMERCADO;03/04/2023;1,952942
KINEA ATLAS II FI MULTIMERCADO;04/04/2023;1,961283
KINEA ATLAS II FI MULTIMERCADO;05/04/2023;1,963574
KINEA ATLAS II FI MULTIMERCADO;06/04/2023;1,968626
KINEA ATLAS II FI MULTIMERCADO;10/04/2023;1,966013
KINEA ATLAS II FI MULTIMERCADO;11/04/2023;1,97169
KINEA ATLAS II FI MULTIMERCADO;12/04/2023;1,974548
KINEA ATLAS II FI MULTIMERCADO;13/04/2023;1,970317
KINEA ATLAS II FI MULTIMERCADO;14/04/2023;1,972281
KINEA ATLAS II FI MULTIMERCADO;17/04/2023;1,965279
KINEA ATLAS II FI MULTIMERCADO;18/04/2023;1,961359
KINEA ATLAS II FI MULTIMERCADO;19/04/2023;1,954204
KINEA ATLAS II FI MULTIMERCADO;20/04/2023;1,958694
KINEA ATLAS II FI MULTIMERCADO;24/04/2023;1,96482
KINEA ATLAS II FI MULTIMERCADO;25/04/2023;1,968884
KINEA ATLAS II FI MULTIMERCADO;26/04/2023;1,971611
KINEA ATLAS II FI MULTIMERCADO;27/04/2023;1,968443
KINEA ATLAS II FI MULTIMERCADO;28/04/2023;1,964306
KINEA ATLAS II FI MULTIMERCADO;02/05/2023;1,962177
KINEA ATLAS II FI MULTIMERCADO;03/05/2023;1,958648
KINEA ATLAS II FI MULTIMERCADO;04/05/2023;1,957682
KINEA ATLAS II FI MULTIMERCADO;05/05/2023;1,958424
KINEA ATLAS II FI MULTIMERCADO;08/05/2023;1,961704
KINEA ATLAS II FI MULTIMERCADO;09/05/2023;1,968071
KINEA ATLAS II FI MULTIMERCADO;10/05/2023;1,965603
KINEA ATLAS II FI MULTIMERCADO;11/05/2023;1,972551
KINEA ATLAS II FI MULTIMERCADO;12/05/2023;1,977373
KINEA ATLAS II FI MULTIMERCADO;15/05/2023;1,977613
KINEA ATLAS II FI MULTIMERCADO;16/05/2023;1,980138
KINEA ATLAS II FI MULTIMERCADO;17/05/2023;1,981445
KINEA ATLAS II FI MULTIMERCADO;18/05/2023;1,981174
KINEA ATLAS II FI MULTIMERCADO;19/05/2023;1,983813
KINEA ATLAS II FI MULTIMERCADO;22/05/2023;1,98473
KINEA ATLAS II FI MULTIMERCADO;23/05/2023;1,988108
KINEA ATLAS II FI MULTIMERCADO;24/05/2023;1,999586
KINEA ATLAS II FI MULTIMERCADO;25/05/2023;2,007213
KINEA ATLAS II FI MULTIMERCADO;26/05/2023;2,007329
KINEA ATLAS II FI MULTIMERCADO;29/05/2023;2,006807
KINEA ATLAS II FI MULTIMERCADO;30/05/2023;2,001087
KINEA ATLAS II FI MULTIMERCADO;31/05/2023;2,004019
KINEA ATLAS II FI MULTIMERCADO;01/06/2023;2,007619
KINEA ATLAS II FI MULTIMERCADO;02/06/2023;2,005631
KINEA ATLAS II FI MULTIMERCADO;05/06/2023;2,009976
KINEA ATLAS II FI MULTIMERCADO;06/06/2023;2,012395
KINEA ATLAS II FI MULTIMERCADO;07/06/2023;2,011964
KINEA ATLAS II FI MULTIMERCADO;09/06/2023;2,013327
KINEA ATLAS II FI MULTIMERCADO;12/06/2023;2,005342
KINEA ATLAS II FI MULTIMERCADO;13/06/2023;2,0042
KINEA ATLAS II FI MULTIMERCADO;14/06/2023;2,007955
KINEA ATLAS II FI MULTIMERCADO;15/06/2023;2,012946
KINEA ATLAS II FI MULTIMERCADO;16/06/2023;2,013639
KINEA ATLAS II FI MULTIMERCADO;19/06/2023;2,01431
KINEA ATLAS II FI MULTIMERCADO;20/06/2023;2,010593
KINEA ATLAS II FI MULTIMERCADO;21/06/2023;2,013832
KINEA ATLAS II FI MULTIMERCADO;22/06/2023;2,008296
KINEA ATLAS II FI MULTIMERCADO;23/06/2023;2,008319
KINEA ATLAS II FI MULTIMERCADO;26/06/2023;2,009858
KINEA ATLAS II FI MULTIMERCADO;27/06/2023;2,007024
KINEA ATLAS II FI MULTIMERCADO;28/06/2023;2,006264
KINEA ATLAS II FI MULTIMERCADO;29/06/2023;2,003612
KINEA ATLAS II FI MULTIMERCADO;30/06/2023;2,009009
KINEA ATLAS II FI MULTIMERCADO;03/07/2023;2,009398
KINEA ATLAS II FI MULTIMERCADO;04/07/2023;2,009534
KINEA ATLAS II FI MULTIMERCADO;05/07/2023;2,01123
KINEA ATLAS II FI MULTIMERCADO;06/07/2023;2,011597
KINEA ATLAS II FI MULTIMERCADO;07/07/2023;2,02004
KINEA ATLAS II FI MULTIMERCADO;10/07/2023;2,021208
KINEA ATLAS II FI MULTIMERCADO;11/07/2023;2,022538
KINEA ATLAS II FI MULTIMERCADO;12/07/2023;2,027002
KINEA ATLAS II FI MULTIMERCADO;13/07/2023;2,032639
KINEA ATLAS II FI MULTIMERCADO;14/07/2023;2,030444
KINEA ATLAS II FI MULTIMERCADO;17/07/2023;2,029943
KINEA ATLAS II FI MULTIMERCADO;18/07/2023;2,034445
KINEA ATLAS II FI MULTIMERCADO;19/07/2023;2,032067
KINEA ATLAS II FI MULTIMERCADO;20/07/2023;2,029117
KINEA ATLAS II FI MULTIMERCADO;21/07/2023;2,032293
KINEA ATLAS II FI MULTIMERCADO;24/07/2023;2,031214
KINEA ATLAS II FI MULTIMERCADO;25/07/2023;2,031258
KINEA ATLAS II FI MULTIMERCADO;26/07/2023;2,033044
KINEA ATLAS II FI MULTIMERCADO;27/07/2023;2,02934
KINEA ATLAS II FI MULTIMERCADO;28/07/2023;2,033898
KINEA ATLAS II FI MULTIMERCADO;31/07/2023;2,038659
KINEA ATLAS II FI MULTIMERCADO;01/08/2023;2,036659
KINEA ATLAS II FI MULTIMERCADO;02/08/2023;2,03609
KINEA ATLAS II FI MULTIMERCADO;03/08/2023;2,040892
KINEA ATLAS II FI MULTIMERCADO;04/08/2023;2,043121
KINEA ATLAS II FI MULTIMERCADO;07/08/2023;2,041969
KINEA ATLAS II FI MULTIMERCADO;08/08/2023;2,044691
KINEA ATLAS II FI MULTIMERCADO;09/08/2023;2,04579
KINEA ATLAS II FI MULTIMERCADO;10/08/2023;2,045207
KINEA ATLAS II FI MULTIMERCADO;11/08/2023;2,043351
KINEA ATLAS II FI MULTIMERCADO;14/08/2023;2,039967
KINEA ATLAS II FI MULTIMERCADO;15/08/2023;2,042162
KINEA ATLAS II FI MULTIMERCADO;16/08/2023;2,046292
KINEA ATLAS II FI MULTIMERCADO;17/08/2023;2,044628
KINEA ATLAS II FI MULTIMERCADO;18/08/2023;2,047484
KINEA ATLAS II FI MULTIMERCADO;21/08/2023;2,047668
KINEA ATLAS II FI MULTIMERCADO;22/08/2023;2,052015
KINEA ATLAS II FI MULTIMERCADO;23/08/2023;2,053532
KINEA ATLAS II FI MULTIMERCADO;24/08/2023;2,058635
KINEA ATLAS II FI MULTIMERCADO;25/08/2023;2,05671
KINEA ATLAS II FI MULTIMERCADO;28/08/2023;2,055676
KINEA ATLAS II FI MULTIMERCADO;29/08/2023;2,047971
KINEA ATLAS II FI MULTIMERCADO;30/08/2023;2,046663
KINEA ATLAS II FI MULTIMERCADO;31/08/2023;2,049815
KINEA ATLAS II FI MULTIMERCADO;01/09/2023;2,054638
KINEA ATLAS II FI MULTIMERCADO;04/09/2023;2,055952
KINEA ATLAS II FI MULTIMERCADO;05/09/2023;2,064774
KINEA ATLAS II FI MULTIMERCADO;06/09/2023;2,065886
KINEA ATLAS II FI MULTIMERCADO;08/09/2023;2,074543
KINEA ATLAS II FI MULTIMERCADO;11/09/2023;2,069888
KINEA ATLAS II FI MULTIMERCADO;12/09/2023;2,073703
KINEA ATLAS II FI MULTIMERCADO;13/09/2023;2,075154
KINEA ATLAS II FI MULTIMERCADO;14/09/2023;2,080386
KINEA ATLAS II FI MULTIMERCADO;15/09/2023;2,080137
KINEA ATLAS II FI MULTIMERCADO;18/09/2023;2,078912
KINEA ATLAS II FI MULTIMERCADO;19/09/2023;2,077497
KINEA ATLAS II FI MULTIMERCADO;20/09/2023;2,07982
KINEA ATLAS II FI MULTIMERCADO;21/09/2023;2,084412
KINEA ATLAS II FI MULTIMERCADO;22/09/2023;2,08679
KINEA ATLAS II FI MULTIMERCADO;25/09/2023;2,092315
KINEA ATLAS II FI MULTIMERCADO;26/09/2023;2,096679
KINEA ATLAS II FI MULTIMERCADO;27/09/2023;2,099567
KINEA ATLAS II FI MULTIMERCADO;28/09/2023;2,093562
KINEA ATLAS II FI MULTIMERCADO;29/09/2023;2,095089
KINEA ATLAS II FI MULTIMERCADO;02/10/2023;2,102508
KINEA ATLAS II FI MULTIMERCADO;03/10/2023;2,104661
KINEA ATLAS II FI MULTIMERCADO;04/10/2023;2,099652
KINEA ATLAS II FI MULTIMERCADO;05/10/2023;2,097882
KINEA ATLAS II FI MULTIMERCADO;06/10/2023;2,093729
KINEA ATLAS II FI MULTIMERCADO;09/10/2023;2,097164
KINEA ATLAS II FI MULTIMERCADO;10/10/2023;2,098959
KINEA ATLAS II FI MULTIMERCADO;11/10/2023;2,097314
KINEA ATLAS II FI MULTIMERCADO;13/10/2023;2,110995
KINEA ATLAS II FI MULTIMERCADO;16/10/2023;2,103823
KINEA ATLAS II FI MULTIMERCADO;17/10/2023;2,100811
KINEA ATLAS II FI MULTIMERCADO;18/10/2023;2,105383
KINEA ATLAS II FI MULTIMERCADO;19/10/2023;2,10496
KINEA ATLAS II FI MULTIMERCADO;20/10/2023;2,112086
KINEA ATLAS II FI MULTIMERCADO;23/10/2023;2,110642
KINEA ATLAS II FI MULTIMERCADO;24/10/2023;2,118264
KINEA ATLAS II FI MULTIMERCADO;25/10/2023;2,124181
KINEA ATLAS II FI MULTIMERCADO;26/10/2023;2,12509
KINEA ATLAS II FI MULTIMERCADO;27/10/2023;2,123938
KINEA ATLAS II FI MULTIMERCADO;30/10/2023;2,115286
KINEA ATLAS II FI MULTIMERCADO;31/10/2023;2,120377
KINEA ATLAS II FI MULTIMERCADO;01/11/2023;2,128125
KINEA ATLAS II FI MULTIMERCADO;03/11/2023;2,118518
KINEA ATLAS II FI MULTIMERCADO;06/11/2023;2,116874
KINEA ATLAS II FI MULTIMERCADO;07/11/2023;2,118292
KINEA ATLAS II FI MULTIMERCADO;08/11/2023;2,118273
KINEA ATLAS II FI MULTIMERCADO;09/11/2023;2,124604
LEGACY CAPITAL ADVISORY FIC MULTIMERCADO;29/06/2018;1
LEGACY CAPITAL ADVISORY FIC MULTIMERCADO;02/07/2018;1,000201
LEGACY CAPITAL ADVISORY FIC MULTIMERCADO;03/07/2018;1,000885
LEGACY CAPITAL ADVISORY FIC MULTIMERCADO;04/07/2018;1,001263
LEGACY CAPITAL ADVISORY FIC MULTIMERCADO;05/07/2018;1,001139
LEGACY CAPITAL ADVISORY FIC MULTIMERCADO;06/07/2018;1,001634
LEGACY CAPITAL ADVISORY FIC MULTIMERCADO;09/07/2018;1,00201
LEGACY CAPITAL ADVISORY FIC MULTIMERCADO;10/07/2018;1,002694
LEGACY CAPITAL ADVISORY FIC MULTIMERCADO;11/07/2018;1,004195
LEGACY CAPITAL ADVISORY FIC MULTIMERCADO;12/07/2018;1,004442
LEGACY CAPITAL ADVISORY FIC MULTIMERCADO;13/07/2018;1,004329
LEGACY CAPITAL ADVISORY FIC MULTIMERCADO;16/07/2018;1,004869
LEGACY CAPITAL ADVISORY FIC MULTIMERCADO;17/07/2018;1,004947
LEGACY CAPITAL ADVISORY FIC MULTIMERCADO;18/07/2018;1,005924
LEGACY CAPITAL ADVISORY FIC MULTIMERCADO;19/07/2018;1,005294
LEGACY CAPITAL ADVISORY FIC MULTIMERCADO;20/07/2018;1,004959
LEGACY CAPITAL ADVISORY FIC MULTIMERCADO;23/07/2018;1,00607
LEGACY CAPITAL ADVISORY FIC MULTIMERCADO;24/07/2018;1,007266
LEGACY CAPITAL ADVISORY FIC MULTIMERCADO;25/07/2018;1,007674
LEGACY CAPITAL ADVISORY FIC MULTIMERCADO;26/07/2018;1,007057
LEGACY CAPITAL ADVISORY FIC MULTIMERCADO;27/07/2018;1,007094
LEGACY CAPITAL ADVISORY FIC MULTIMERCADO;30/07/2018;1,007373
LEGACY CAPITAL ADVISORY FIC MULTIMERCADO;31/07/2018;1,008055
LEGACY CAPITAL ADVISORY FIC MULTIMERCADO;01/08/2018;1,007278
LEGACY CAPITAL ADVISORY FIC MULTIMERCADO;02/08/2018;1,007364
LEGACY CAPITAL ADVISORY FIC MULTIMERCADO;03/08/2018;1,009984
LEGACY CAPITAL ADVISORY FIC MULTIMERCADO;06/08/2018;1,009319
LEGACY CAPITAL ADVISORY FIC MULTIMERCADO;07/08/2018;1,005944
LEGACY CAPITAL ADVISORY FIC MULTIMERCADO;08/08/2018;1,005753
LEGACY CAPITAL ADVISORY FIC MULTIMERCADO;09/08/2018;1,004335
LEGACY CAPITAL ADVISORY FIC MULTIMERCADO;10/08/2018;0,99887
LEGACY CAPITAL ADVISORY FIC MULTIMERCADO;13/08/2018;0,998772
LEGACY CAPITAL ADVISORY FIC MULTIMERCADO;14/08/2018;0,999753
LEGACY CAPITAL ADVISORY FIC MULTIMERCADO;15/08/2018;0,999865
LEGACY CAPITAL ADVISORY FIC MULTIMERCADO;16/08/2018;1,00095
LEGACY CAPITAL ADVISORY FIC MULTIMERCADO;17/08/2018;1,000666
LEGACY CAPITAL ADVISORY FIC MULTIMERCADO;20/08/2018;1,000798
LEGACY CAPITAL ADVISORY FIC MULTIMERCADO;21/08/2018;1,000046
LEGACY CAPITAL ADVISORY FIC MULTIMERCADO;22/08/2018;1,0015
LEGACY CAPITAL ADVISORY FIC MULTIMERCADO;23/08/2018;1,000845
LEGACY CAPITAL ADVISORY FIC MULTIMERCADO;24/08/2018;1,001884
LEGACY CAPITAL ADVISORY FIC MULTIMERCADO;27/08/2018;1,00335
LEGACY CAPITAL ADVISORY FIC MULTIMERCADO;28/08/2018;1,002809
LEGACY CAPITAL ADVISORY FIC MULTIMERCADO;29/08/2018;1,003235
LEGACY CAPITAL ADVISORY FIC MULTIMERCADO;30/08/2018;1,003337
LEGACY CAPITAL ADVISORY FIC MULTIMERCADO;31/08/2018;1,004495
LEGACY CAPITAL ADVISORY FIC MULTIMERCADO;03/09/2018;1,004029
LEGACY CAPITAL ADVISORY FIC MULTIMERCADO;04/09/2018;1,004241
LEGACY CAPITAL ADVISORY FIC MULTIMERCADO;05/09/2018;1,003797
LEGACY CAPITAL ADVISORY FIC MULTIMERCADO;06/09/2018;1,003374
LEGACY CAPITAL ADVISORY FIC MULTIMERCADO;10/09/2018;1,005575
LEGACY CAPITAL ADVISORY FIC MULTIMERCADO;11/09/2018;1,003953
LEGACY CAPITAL ADVISORY FIC MULTIMERCADO;12/09/2018;1,00451
LEGACY CAPITAL ADVISORY FIC MULTIMERCADO;13/09/2018;1,004185
LEGACY CAPITAL ADVISORY FIC MULTIMERCADO;14/09/2018;1,006166
LEGACY CAPITAL ADVISORY FIC MULTIMERCADO;17/09/2018;1,007543
LEGACY CAPITAL ADVISORY FIC MULTIMERCADO;18/09/2018;1,008898
LEGACY CAPITAL ADVISORY FIC MULTIMERCADO;19/09/2018;1,009586
LEGACY CAPITAL ADVISORY FIC MULTIMERCADO;20/09/2018;1,010132
LEGACY CAPITAL ADVISORY FIC MULTIMERCADO;21/09/2018;1,011474
LEGACY CAPITAL ADVISORY FIC MULTIMERCADO;24/09/2018;1,010385
LEGACY CAPITAL ADVISORY FIC MULTIMERCADO;25/09/2018;1,011235
LEGACY CAPITAL ADVISORY FIC MULTIMERCADO;26/09/2018;1,011234
LEGACY CAPITAL ADVISORY FIC MULTIMERCADO;27/09/2018;1,012987
LEGACY CAPITAL ADVISORY FIC MULTIMERCADO;28/09/2018;1,0108
LEGACY CAPITAL ADVISORY FIC MULTIMERCADO;01/10/2018;1,010866
LEGACY CAPITAL ADVISORY FIC MULTIMERCADO;02/10/2018;1,015517
LEGACY CAPITAL ADVISORY FIC MULTIMERCADO;03/10/2018;1,019017
LEGACY CAPITAL ADVISORY FIC MULTIMERCADO;04/10/2018;1,021595
LEGACY CAPITAL ADVISORY FIC MULTIMERCADO;05/10/2018;1,0204
LEGACY CAPITAL ADVISORY FIC MULTIMERCADO;08/10/2018;1,032998
LEGACY CAPITAL ADVISORY FIC MULTIMERCADO;09/10/2018;1,033773
LEGACY CAPITAL ADVISORY FIC MULTIMERCADO;10/10/2018;1,029487
LEGACY CAPITAL ADVISORY FIC MULTIMERCADO;11/10/2018;1,028273
LEGACY CAPITAL ADVISORY FIC MULTIMERCADO;15/10/2018;1,028785
LEGACY CAPITAL ADVISORY FIC MULTIMERCADO;16/10/2018;1,03347
LEGACY CAPITAL ADVISORY FIC MULTIMERCADO;17/10/2018;1,033859
LEGACY CAPITAL ADVISORY FIC MULTIMERCADO;18/10/2018;1,033563
LEGACY CAPITAL ADVISORY FIC MULTIMERCADO;19/10/2018;1,034312
LEGACY CAPITAL ADVISORY FIC MULTIMERCADO;22/10/2018;1,034415
LEGACY CAPITAL ADVISORY FIC MULTIMERCADO;23/10/2018;1,032932
LEGACY CAPITAL ADVISORY FIC MULTIMERCADO;24/10/2018;1,030283
LEGACY CAPITAL ADVISORY FIC MULTIMERCADO;25/10/2018;1,033281
LEGACY CAPITAL ADVISORY FIC MULTIMERCADO;26/10/2018;1,036127
LEGACY CAPITAL ADVISORY FIC MULTIMERCADO;29/10/2018;1,034843
LEGACY CAPITAL ADVISORY FIC MULTIMERCADO;30/10/2018;1,041392
LEGACY CAPITAL ADVISORY FIC MULTIMERCADO;31/10/2018;1,043695
LEGACY CAPITAL ADVISORY FIC MULTIMERCADO;01/11/2018;1,046489
LEGACY CAPITAL ADVISORY FIC MULTIMERCADO;05/11/2018;1,047457
LEGACY CAPITAL ADVISORY FIC MULTIMERCADO;06/11/2018;1,047341
LEGACY CAPITAL ADVISORY FIC MULTIMERCADO;07/11/2018;1,049776
LEGACY CAPITAL ADVISORY FIC MULTIMERCADO;08/11/2018;1,046245
LEGACY CAPITAL ADVISORY FIC MULTIMERCADO;09/11/2018;1,046615
LEGACY CAPITAL ADVISORY FIC MULTIMERCADO;12/11/2018;1,044811
LEGACY CAPITAL ADVISORY FIC MULTIMERCADO;13/11/2018;1,042018
LEGACY CAPITAL ADVISORY FIC MULTIMERCADO;14/11/2018;1,044592
LEGACY CAPITAL ADVISORY FIC MULTIMERCADO;16/11/2018;1,052056
LEGACY CAPITAL ADVISORY FIC MULTIMERCADO;19/11/2018;1,048322
LEGACY CAPITAL ADVISORY FIC MULTIMERCADO;20/11/2018;1,045989
LEGACY CAPITAL ADVISORY FIC MULTIMERCADO;21/11/2018;1,047256
LEGACY CAPITAL ADVISORY FIC MULTIMERCADO;22/11/2018;1,04845
LEGACY CAPITAL ADVISORY FIC MULTIMERCADO;23/11/2018;1,046801
LEGACY CAPITAL ADVISORY FIC MULTIMERCADO;26/11/2018;1,04222
LEGACY CAPITAL ADVISORY FIC MULTIMERCADO;27/11/2018;1,045465
LEGACY CAPITAL ADVISORY FIC MULTIMERCADO;28/11/2018;1,050242
LEGACY CAPITAL ADVISORY FIC MULTIMERCADO;29/11/2018;1,050348
LEGACY CAPITAL ADVISORY FIC MULTIMERCADO;30/11/2018;1,05166
LEGACY CAPITAL ADVISORY FIC MULTIMERCADO;03/12/2018;1,055431
LEGACY CAPITAL ADVISORY FIC MULTIMERCADO;04/12/2018;1,052038
LEGACY CAPITAL ADVISORY FIC MULTIMERCADO;05/12/2018;1,054417
LEGACY CAPITAL ADVISORY FIC MULTIMERCADO;06/12/2018;1,057931
LEGACY CAPITAL ADVISORY FIC MULTIMERCADO;07/12/2018;1,057057
LEGACY CAPITAL ADVISORY FIC MULTIMERCADO;10/12/2018;1,054476
LEGACY CAPITAL ADVISORY FIC MULTIMERCADO;11/12/2018;1,055026
LEGACY CAPITAL ADVISORY FIC MULTIMERCADO;12/12/2018;1,058312
LEGACY CAPITAL ADVISORY FIC MULTIMERCADO;13/12/2018;1,060168
LEGACY CAPITAL ADVISORY FIC MULTIMERCADO;14/12/2018;1,058994
LEGACY CAPITAL ADVISORY FIC MULTIMERCADO;17/12/2018;1,056939
LEGACY CAPITAL ADVISORY FIC MULTIMERCADO;18/12/2018;1,056722
LEGACY CAPITAL ADVISORY FIC MULTIMERCADO;19/12/2018;1,057835
LEGACY CAPITAL ADVISORY FIC MULTIMERCADO;20/12/2018;1,058845
LEGACY CAPITAL ADVISORY FIC MULTIMERCADO;21/12/2018;1,055463
LEGACY CAPITAL ADVISORY FIC MULTIMERCADO;24/12/2018;1,053617
LEGACY CAPITAL ADVISORY FIC MULTIMERCADO;26/12/2018;1,055635
LEGACY CAPITAL ADVISORY FIC MULTIMERCADO;27/12/2018;1,055606
LEGACY CAPITAL ADVISORY FIC MULTIMERCADO;28/12/2018;1,059246
LEGACY CAPITAL ADVISORY FIC MULTIMERCADO;31/12/2018;1,06
LEGACY CAPITAL ADVISORY FIC MULTIMERCADO;02/01/2019;1,065636
LEGACY CAPITAL ADVISORY FIC MULTIMERCADO;03/01/2019;1,073211
LEGACY CAPITAL ADVISORY FIC MULTIMERCADO;04/01/2019;1,076768
LEGACY CAPITAL ADVISORY FIC MULTIMERCADO;07/01/2019;1,075607
LEGACY CAPITAL ADVISORY FIC MULTIMERCADO;08/01/2019;1,077231
LEGACY CAPITAL ADVISORY FIC MULTIMERCADO;09/01/2019;1,083622
LEGACY CAPITAL ADVISORY FIC MULTIMERCADO;10/01/2019;1,081085
LEGACY CAPITAL ADVISORY FIC MULTIMERCADO;11/01/2019;1,082129
LEGACY CAPITAL ADVISORY FIC MULTIMERCADO;14/01/2019;1,087233
LEGACY CAPITAL ADVISORY FIC MULTIMERCADO;15/01/2019;1,083417
LEGACY CAPITAL ADVISORY FIC MULTIMERCADO;16/01/2019;1,083268
LEGACY CAPITAL ADVISORY FIC MULTIMERCADO;17/01/2019;1,085841
LEGACY CAPITAL ADVISORY FIC MULTIMERCADO;18/01/2019;1,084739
LEGACY CAPITAL ADVISORY FIC MULTIMERCADO;21/01/2019;1,085055
LEGACY CAPITAL ADVISORY FIC MULTIMERCADO;22/01/2019;1,086466
LEGACY CAPITAL ADVISORY FIC MULTIMERCADO;23/01/2019;1,091674
LEGACY CAPITAL ADVISORY FIC MULTIMERCADO;24/01/2019;1,091794
LEGACY CAPITAL ADVISORY FIC MULTIMERCADO;25/01/2019;1,092203
LEGACY CAPITAL ADVISORY FIC MULTIMERCADO;28/01/2019;1,089957
LEGACY CAPITAL ADVISORY FIC MULTIMERCADO;29/01/2019;1,095624
LEGACY CAPITAL ADVISORY FIC MULTIMERCADO;30/01/2019;1,100451
LEGACY CAPITAL ADVISORY FIC MULTIMERCADO;31/01/2019;1,108978
LEGACY CAPITAL ADVISORY FIC MULTIMERCADO;01/02/2019;1,110034
LEGACY CAPITAL ADVISORY FIC MULTIMERCADO;04/02/2019;1,109987
LEGACY CAPITAL ADVISORY FIC MULTIMERCADO;05/02/2019;1,109837
LEGACY CAPITAL ADVISORY FIC MULTIMERCADO;06/02/2019;1,102535
LEGACY CAPITAL ADVISORY FIC MULTIMERCADO;07/02/2019;1,097275
LEGACY CAPITAL ADVISORY FIC MULTIMERCADO;08/02/2019;1,093411
LEGACY CAPITAL ADVISORY FIC MULTIMERCADO;11/02/2019;1,091769
LEGACY CAPITAL ADVISORY FIC MULTIMERCADO;12/02/2019;1,098997
LEGACY CAPITAL ADVISORY FIC MULTIMERCADO;13/02/2019;1,101313
LEGACY CAPITAL ADVISORY FIC MULTIMERCADO;14/02/2019;1,105133
LEGACY CAPITAL ADVISORY FIC MULTIMERCADO;15/02/2019;1,108211
LEGACY CAPITAL ADVISORY FIC MULTIMERCADO;18/02/2019;1,106437
LEGACY CAPITAL ADVISORY FIC MULTIMERCADO;19/02/2019;1,108933
LEGACY CAPITAL ADVISORY FIC MULTIMERCADO;20/02/2019;1,106422
LEGACY CAPITAL ADVISORY FIC MULTIMERCADO;21/02/2019;1,106543
LEGACY CAPITAL ADVISORY FIC MULTIMERCADO;22/02/2019;1,109183
LEGACY CAPITAL ADVISORY FIC MULTIMERCADO;25/02/2019;1,108074
LEGACY CAPITAL ADVISORY FIC MULTIMERCADO;26/02/2019;1,108609
LEGACY CAPITAL ADVISORY FIC MULTIMERCADO;27/02/2019;1,111517
LEGACY CAPITAL ADVISORY FIC MULTIMERCADO;28/02/2019;1,108294
LEGACY CAPITAL ADVISORY FIC MULTIMERCADO;01/03/2019;1,106321
LEGACY CAPITAL ADVISORY FIC MULTIMERCADO;06/03/2019;1,102759
LEGACY CAPITAL ADVISORY FIC MULTIMERCADO;07/03/2019;1,099386
LEGACY CAPITAL ADVISORY FIC MULTIMERCADO;08/03/2019;1,102606
LEGACY CAPITAL ADVISORY FIC MULTIMERCADO;11/03/2019;1,110279
LEGACY CAPITAL ADVISORY FIC MULTIMERCADO;12/03/2019;1,113755
LEGACY CAPITAL ADVISORY FIC MULTIMERCADO;13/03/2019;1,118248
LEGACY CAPITAL ADVISORY FIC MULTIMERCADO;14/03/2019;1,117028
LEGACY CAPITAL ADVISORY FIC MULTIMERCADO;15/03/2019;1,119091
LEGACY CAPITAL ADVISORY FIC MULTIMERCADO;18/03/2019;1,121015
LEGACY CAPITAL ADVISORY FIC MULTIMERCADO;19/03/2019;1,121692
LEGACY CAPITAL ADVISORY FIC MULTIMERCADO;20/03/2019;1,123478
LEGACY CAPITAL ADVISORY FIC MULTIMERCADO;21/03/2019;1,119712
LEGACY CAPITAL ADVISORY FIC MULTIMERCADO;22/03/2019;1,107393
LEGACY CAPITAL ADVISORY FIC MULTIMERCADO;25/03/2019;1,107698
LEGACY CAPITAL ADVISORY FIC MULTIMERCADO;26/03/2019;1,108057
LEGACY CAPITAL ADVISORY FIC MULTIMERCADO;27/03/2019;1,09705
LEGACY CAPITAL ADVISORY FIC MULTIMERCADO;28/03/2019;1,104919
LEGACY CAPITAL ADVISORY FIC MULTIMERCADO;29/03/2019;1,105731
LEGACY CAPITAL ADVISORY FIC MULTIMERCADO;01/04/2019;1,111252
LEGACY CAPITAL ADVISORY FIC MULTIMERCADO;02/04/2019;1,112152
LEGACY CAPITAL ADVISORY FIC MULTIMERCADO;03/04/2019;1,110409
LEGACY CAPITAL ADVISORY FIC MULTIMERCADO;04/04/2019;1,112936
LEGACY CAPITAL ADVISORY FIC MULTIMERCADO;05/04/2019;1,113343
LEGACY CAPITAL ADVISORY FIC MULTIMERCADO;08/04/2019;1,113514
LEGACY CAPITAL ADVISORY FIC MULTIMERCADO;09/04/2019;1,11112
LEGACY CAPITAL ADVISORY FIC MULTIMERCADO;10/04/2019;1,116287
LEGACY CAPITAL ADVISORY FIC MULTIMERCADO;11/04/2019;1,110476
LEGACY CAPITAL ADVISORY FIC MULTIMERCADO;12/04/2019;1,106861
LEGACY CAPITAL ADVISORY FIC MULTIMERCADO;15/04/2019;1,107684
LEGACY CAPITAL ADVISORY FIC MULTIMERCADO;16/04/2019;1,1068
LEGACY CAPITAL ADVISORY FIC MULTIMERCADO;17/04/2019;1,104973
LEGACY CAPITAL ADVISORY FIC MULTIMERCADO;18/04/2019;1,108195
LEGACY CAPITAL ADVISORY FIC MULTIMERCADO;22/04/2019;1,108633
LEGACY CAPITAL ADVISORY FIC MULTIMERCADO;23/04/2019;1,11445
LEGACY CAPITAL ADVISORY FIC MULTIMERCADO;24/04/2019;1,111217
LEGACY CAPITAL ADVISORY FIC MULTIMERCADO;25/04/2019;1,114201
LEGACY CAPITAL ADVISORY FIC MULTIMERCADO;26/04/2019;1,116845
LEGACY CAPITAL ADVISORY FIC MULTIMERCADO;29/04/2019;1,117597
LEGACY CAPITAL ADVISORY FIC MULTIMERCADO;30/04/2019;1,117431
LEGACY CAPITAL ADVISORY FIC MULTIMERCADO;02/05/2019;1,114181
LEGACY CAPITAL ADVISORY FIC MULTIMERCADO;03/05/2019;1,116877
LEGACY CAPITAL ADVISORY FIC MULTIMERCADO;06/05/2019;1,116773
LEGACY CAPITAL ADVISORY FIC MULTIMERCADO;07/05/2019;1,114543
LEGACY CAPITAL ADVISORY FIC MULTIMERCADO;08/05/2019;1,117592
LEGACY CAPITAL ADVISORY FIC MULTIMERCADO;09/05/2019;1,115819
LEGACY CAPITAL ADVISORY FIC MULTIMERCADO;10/05/2019;1,1156
LEGACY CAPITAL ADVISORY FIC MULTIMERCADO;13/05/2019;1,111627
LEGACY CAPITAL ADVISORY FIC MULTIMERCADO;14/05/2019;1,111168
LEGACY CAPITAL ADVISORY FIC MULTIMERCADO;15/05/2019;1,110088
LEGACY CAPITAL ADVISORY FIC MULTIMERCADO;16/05/2019;1,108446
LEGACY CAPITAL ADVISORY FIC MULTIMERCADO;17/05/2019;1,107658
LEGACY CAPITAL ADVISORY FIC MULTIMERCADO;20/05/2019;1,108082
LEGACY CAPITAL ADVISORY FIC MULTIMERCADO;21/05/2019;1,108217
LEGACY CAPITAL ADVISORY FIC MULTIMERCADO;22/05/2019;1,108611
LEGACY CAPITAL ADVISORY FIC MULTIMERCADO;23/05/2019;1,109458
LEGACY CAPITAL ADVISORY FIC MULTIMERCADO;24/05/2019;1,110556
LEGACY CAPITAL ADVISORY FIC MULTIMERCADO;27/05/2019;1,110481
LEGACY CAPITAL ADVISORY FIC MULTIMERCADO;28/05/2019;1,115023
LEGACY CAPITAL ADVISORY FIC MULTIMERCADO;29/05/2019;1,117572
LEGACY CAPITAL ADVISORY FIC MULTIMERCADO;30/05/2019;1,119346
LEGACY CAPITAL ADVISORY FIC MULTIMERCADO;31/05/2019;1,120877
LEGACY CAPITAL ADVISORY FIC MULTIMERCADO;03/06/2019;1,122122
LEGACY CAPITAL ADVISORY FIC MULTIMERCADO;04/06/2019;1,126758
LEGACY CAPITAL ADVISORY FIC MULTIMERCADO;05/06/2019;1,122327
LEGACY CAPITAL ADVISORY FIC MULTIMERCADO;06/06/2019;1,125502
LEGACY CAPITAL ADVISORY FIC MULTIMERCADO;07/06/2019;1,130412
LEGACY CAPITAL ADVISORY FIC MULTIMERCADO;10/06/2019;1,133764
LEGACY CAPITAL ADVISORY FIC MULTIMERCADO;11/06/2019;1,137639
LEGACY CAPITAL ADVISORY FIC MULTIMERCADO;12/06/2019;1,135699
LEGACY CAPITAL ADVISORY FIC MULTIMERCADO;13/06/2019;1,138977
LEGACY CAPITAL ADVISORY FIC MULTIMERCADO;14/06/2019;1,138651
LEGACY CAPITAL ADVISORY FIC MULTIMERCADO;17/06/2019;1,136917
LEGACY CAPITAL ADVISORY FIC MULTIMERCADO;18/06/2019;1,14093
LEGACY CAPITAL ADVISORY FIC MULTIMERCADO;19/06/2019;1,143833
LEGACY CAPITAL ADVISORY FIC MULTIMERCADO;21/06/2019;1,154271
LEGACY CAPITAL ADVISORY FIC MULTIMERCADO;24/06/2019;1,156302
LEGACY CAPITAL ADVISORY FIC MULTIMERCADO;25/06/2019;1,149834
LEGACY CAPITAL ADVISORY FIC MULTIMERCADO;26/06/2019;1,15125
LEGACY CAPITAL ADVISORY FIC MULTIMERCADO;27/06/2019;1,153812
LEGACY CAPITAL ADVISORY FIC MULTIMERCADO;28/06/2019;1,158221
LEGACY CAPITAL ADVISORY FIC MULTIMERCADO;01/07/2019;1,157889
LEGACY CAPITAL ADVISORY FIC MULTIMERCADO;02/07/2019;1,157252
LEGACY CAPITAL ADVISORY FIC MULTIMERCADO;03/07/2019;1,160601
LEGACY CAPITAL ADVISORY FIC MULTIMERCADO;04/07/2019;1,168652
LEGACY CAPITAL ADVISORY FIC MULTIMERCADO;05/07/2019;1,169707
LEGACY CAPITAL ADVISORY FIC MULTIMERCADO;08/07/2019;1,171852
LEGACY CAPITAL ADVISORY FIC MULTIMERCADO;09/07/2019;1,171295
LEGACY CAPITAL ADVISORY FIC MULTIMERCADO;10/07/2019;1,177239
LEGACY CAPITAL ADVISORY FIC MULTIMERCADO;11/07/2019;1,177699
LEGACY CAPITAL ADVISORY FIC MULTIMERCADO;12/07/2019;1,17722
LEGACY CAPITAL ADVISORY FIC MULTIMERCADO;15/07/2019;1,177878
LEGACY CAPITAL ADVISORY FIC MULTIMERCADO;16/07/2019;1,178097
LEGACY CAPITAL ADVISORY FIC MULTIMERCADO;17/07/2019;1,178951
LEGACY CAPITAL ADVISORY FIC MULTIMERCADO;18/07/2019;1,184413
LEGACY CAPITAL ADVISORY FIC MULTIMERCADO;19/07/2019;1,182844
LEGACY CAPITAL ADVISORY FIC MULTIMERCADO;22/07/2019;1,1851
LEGACY CAPITAL ADVISORY FIC MULTIMERCADO;23/07/2019;1,185263
LEGACY CAPITAL ADVISORY FIC MULTIMERCADO;24/07/2019;1,18643
LEGACY CAPITAL ADVISORY FIC MULTIMERCADO;25/07/2019;1,182021
LEGACY CAPITAL ADVISORY FIC MULTIMERCADO;26/07/2019;1,180957
LEGACY CAPITAL ADVISORY FIC MULTIMERCADO;29/07/2019;1,181994
LEGACY CAPITAL ADVISORY FIC MULTIMERCADO;30/07/2019;1,182313
LEGACY CAPITAL ADVISORY FIC MULTIMERCADO;31/07/2019;1,174447
LEGACY CAPITAL ADVISORY FIC MULTIMERCADO;01/08/2019;1,183994
LEGACY CAPITAL ADVISORY FIC MULTIMERCADO;02/08/2019;1,183813
LEGACY CAPITAL ADVISORY FIC MULTIMERCADO;05/08/2019;1,170428
LEGACY CAPITAL ADVISORY FIC MULTIMERCADO;06/08/2019;1,178472
LEGACY CAPITAL ADVISORY FIC MULTIMERCADO;07/08/2019;1,184818
LEGACY CAPITAL ADVISORY FIC MULTIMERCADO;08/08/2019;1,188689
LEGACY CAPITAL ADVISORY FIC MULTIMERCADO;09/08/2019;1,190446
LEGACY CAPITAL ADVISORY FIC MULTIMERCADO;12/08/2019;1,187806
LEGACY CAPITAL ADVISORY FIC MULTIMERCADO;13/08/2019;1,187383
LEGACY CAPITAL ADVISORY FIC MULTIMERCADO;14/08/2019;1,183765
LEGACY CAPITAL ADVISORY FIC MULTIMERCADO;15/08/2019;1,185545
LEGACY CAPITAL ADVISORY FIC MULTIMERCADO;16/08/2019;1,186786
LEGACY CAPITAL ADVISORY FIC MULTIMERCADO;19/08/2019;1,182011
LEGACY CAPITAL ADVISORY FIC MULTIMERCADO;20/08/2019;1,183036
LEGACY CAPITAL ADVISORY FIC MULTIMERCADO;21/08/2019;1,184708
LEGACY CAPITAL ADVISORY FIC MULTIMERCADO;22/08/2019;1,183532
LEGACY CAPITAL ADVISORY FIC MULTIMERCADO;23/08/2019;1,182982
LEGACY CAPITAL ADVISORY FIC MULTIMERCADO;26/08/2019;1,176993
LEGACY CAPITAL ADVISORY FIC MULTIMERCADO;27/08/2019;1,17752
LEGACY CAPITAL ADVISORY FIC MULTIMERCADO;28/08/2019;1,177037
LEGACY CAPITAL ADVISORY FIC MULTIMERCADO;29/08/2019;1,176597
LEGACY CAPITAL ADVISORY FIC MULTIMERCADO;30/08/2019;1,181217
LEGACY CAPITAL ADVISORY FIC MULTIMERCADO;02/09/2019;1,180201
LEGACY CAPITAL ADVISORY FIC MULTIMERCADO;03/09/2019;1,180349
LEGACY CAPITAL ADVISORY FIC MULTIMERCADO;04/09/2019;1,181852
LEGACY CAPITAL ADVISORY FIC MULTIMERCADO;05/09/2019;1,181433
LEGACY CAPITAL ADVISORY FIC MULTIMERCADO;06/09/2019;1,182155
LEGACY CAPITAL ADVISORY FIC MULTIMERCADO;09/09/2019;1,180302
LEGACY CAPITAL ADVISORY FIC MULTIMERCADO;10/09/2019;1,178297
LEGACY CAPITAL ADVISORY FIC MULTIMERCADO;11/09/2019;1,180977
LEGACY CAPITAL ADVISORY FIC MULTIMERCADO;12/09/2019;1,182805
LEGACY CAPITAL ADVISORY FIC MULTIMERCADO;13/09/2019;1,179764
LEGACY CAPITAL ADVISORY FIC MULTIMERCADO;16/09/2019;1,181497
LEGACY CAPITAL ADVISORY FIC MULTIMERCADO;17/09/2019;1,183674
LEGACY CAPITAL ADVISORY FIC MULTIMERCADO;18/09/2019;1,184199
LEGACY CAPITAL ADVISORY FIC MULTIMERCADO;19/09/2019;1,186534
LEGACY CAPITAL ADVISORY FIC MULTIMERCADO;20/09/2019;1,186202
LEGACY CAPITAL ADVISORY FIC MULTIMERCADO;23/09/2019;1,188199
LEGACY CAPITAL ADVISORY FIC MULTIMERCADO;24/09/2019;1,187303
LEGACY CAPITAL ADVISORY FIC MULTIMERCADO;25/09/2019;1,187079
LEGACY CAPITAL ADVISORY FIC MULTIMERCADO;26/09/2019;1,190886
LEGACY CAPITAL ADVISORY FIC MULTIMERCADO;27/09/2019;1,19022
LEGACY CAPITAL ADVISORY FIC MULTIMERCADO;30/09/2019;1,189324
LEGACY CAPITAL ADVISORY FIC MULTIMERCADO;01/10/2019;1,188059
LEGACY CAPITAL ADVISORY FIC MULTIMERCADO;02/10/2019;1,185088
LEGACY CAPITAL ADVISORY FIC MULTIMERCADO;03/10/2019;1,187894
LEGACY CAPITAL ADVISORY FIC MULTIMERCADO;04/10/2019;1,188671
LEGACY CAPITAL ADVISORY FIC MULTIMERCADO;07/10/2019;1,183747
LEGACY CAPITAL ADVISORY FIC MULTIMERCADO;08/10/2019;1,181197
LEGACY CAPITAL ADVISORY FIC MULTIMERCADO;09/10/2019;1,181973
LEGACY CAPITAL ADVISORY FIC MULTIMERCADO;10/10/2019;1,181679
LEGACY CAPITAL ADVISORY FIC MULTIMERCADO;11/10/2019;1,185185
LEGACY CAPITAL ADVISORY FIC MULTIMERCADO;14/10/2019;1,186608
LEGACY CAPITAL ADVISORY FIC MULTIMERCADO;15/10/2019;1,186342
LEGACY CAPITAL ADVISORY FIC MULTIMERCADO;16/10/2019;1,190242
LEGACY CAPITAL ADVISORY FIC MULTIMERCADO;17/10/2019;1,19233
LEGACY CAPITAL ADVISORY FIC MULTIMERCADO;18/10/2019;1,194248
LEGACY CAPITAL ADVISORY FIC MULTIMERCADO;21/10/2019;1,194415
LEGACY CAPITAL ADVISORY FIC MULTIMERCADO;22/10/2019;1,195926
LEGACY CAPITAL ADVISORY FIC MULTIMERCADO;23/10/2019;1,19956
LEGACY CAPITAL ADVISORY FIC MULTIMERCADO;24/10/2019;1,199126
LEGACY CAPITAL ADVISORY FIC MULTIMERCADO;25/10/2019;1,203175
LEGACY CAPITAL ADVISORY FIC MULTIMERCADO;28/10/2019;1,204222
LEGACY CAPITAL ADVISORY FIC MULTIMERCADO;29/10/2019;1,205127
LEGACY CAPITAL ADVISORY FIC MULTIMERCADO;30/10/2019;1,209113
LEGACY CAPITAL ADVISORY FIC MULTIMERCADO;31/10/2019;1,20659
LEGACY CAPITAL ADVISORY FIC MULTIMERCADO;01/11/2019;1,208718
LEGACY CAPITAL ADVISORY FIC MULTIMERCADO;04/11/2019;1,20619
LEGACY CAPITAL ADVISORY FIC MULTIMERCADO;05/11/2019;1,204979
LEGACY CAPITAL ADVISORY FIC MULTIMERCADO;06/11/2019;1,200792
LEGACY CAPITAL ADVISORY FIC MULTIMERCADO;07/11/2019;1,198622
LEGACY CAPITAL ADVISORY FIC MULTIMERCADO;08/11/2019;1,194417
LEGACY CAPITAL ADVISORY FIC MULTIMERCADO;11/11/2019;1,197786
LEGACY CAPITAL ADVISORY FIC MULTIMERCADO;12/11/2019;1,193225
LEGACY CAPITAL ADVISORY FIC MULTIMERCADO;13/11/2019;1,190618
LEGACY CAPITAL ADVISORY FIC MULTIMERCADO;14/11/2019;1,191541
LEGACY CAPITAL ADVISORY FIC MULTIMERCADO;18/11/2019;1,189163
LEGACY CAPITAL ADVISORY FIC MULTIMERCADO;19/11/2019;1,187862
LEGACY CAPITAL ADVISORY FIC MULTIMERCADO;20/11/2019;1,186952
LEGACY CAPITAL ADVISORY FIC MULTIMERCADO;21/11/2019;1,181124
LEGACY CAPITAL ADVISORY FIC MULTIMERCADO;22/11/2019;1,187074
LEGACY CAPITAL ADVISORY FIC MULTIMERCADO;25/11/2019;1,185544
LEGACY CAPITAL ADVISORY FIC MULTIMERCADO;26/11/2019;1,175159
LEGACY CAPITAL ADVISORY FIC MULTIMERCADO;27/11/2019;1,175043
LEGACY CAPITAL ADVISORY FIC MULTIMERCADO;28/11/2019;1,179167
LEGACY CAPITAL ADVISORY FIC MULTIMERCADO;29/11/2019;1,178847
LEGACY CAPITAL ADVISORY FIC MULTIMERCADO;02/12/2019;1,177741
LEGACY CAPITAL ADVISORY FIC MULTIMERCADO;03/12/2019;1,182776
LEGACY CAPITAL ADVISORY FIC MULTIMERCADO;04/12/2019;1,188532
LEGACY CAPITAL ADVISORY FIC MULTIMERCADO;05/12/2019;1,190831
LEGACY CAPITAL ADVISORY FIC MULTIMERCADO;06/12/2019;1,197716
LEGACY CAPITAL ADVISORY FIC MULTIMERCADO;09/12/2019;1,19874
LEGACY CAPITAL ADVISORY FIC MULTIMERCADO;10/12/2019;1,198819
LEGACY CAPITAL ADVISORY FIC MULTIMERCADO;11/12/2019;1,201819
LEGACY CAPITAL ADVISORY FIC MULTIMERCADO;12/12/2019;1,207136
LEGACY CAPITAL ADVISORY FIC MULTIMERCADO;13/12/2019;1,211361
LEGACY CAPITAL ADVISORY FIC MULTIMERCADO;16/12/2019;1,211879
LEGACY CAPITAL ADVISORY FIC MULTIMERCADO;17/12/2019;1,205748
LEGACY CAPITAL ADVISORY FIC MULTIMERCADO;18/12/2019;1,207138
LEGACY CAPITAL ADVISORY FIC MULTIMERCADO;19/12/2019;1,20364
LEGACY CAPITAL ADVISORY FIC MULTIMERCADO;20/12/2019;1,204607
LEGACY CAPITAL ADVISORY FIC MULTIMERCADO;23/12/2019;1,207151
LEGACY CAPITAL ADVISORY FIC MULTIMERCADO;24/12/2019;1,208664
LEGACY CAPITAL ADVISORY FIC MULTIMERCADO;26/12/2019;1,213356
LEGACY CAPITAL ADVISORY FIC MULTIMERCADO;27/12/2019;1,21508
LEGACY CAPITAL ADVISORY FIC MULTIMERCADO;30/12/2019;1,218004
LEGACY CAPITAL ADVISORY FIC MULTIMERCADO;31/12/2019;1,218807
LEGACY CAPITAL ADVISORY FIC MULTIMERCADO;02/01/2020;1,22072
LEGACY CAPITAL ADVISORY FIC MULTIMERCADO;03/01/2020;1,221655
LEGACY CAPITAL ADVISORY FIC MULTIMERCADO;06/01/2020;1,219913
LEGACY CAPITAL ADVISORY FIC MULTIMERCADO;07/01/2020;1,2209
LEGACY CAPITAL ADVISORY FIC MULTIMERCADO;08/01/2020;1,219872
LEGACY CAPITAL ADVISORY FIC MULTIMERCADO;09/01/2020;1,21884
LEGACY CAPITAL ADVISORY FIC MULTIMERCADO;10/01/2020;1,220012
LEGACY CAPITAL ADVISORY FIC MULTIMERCADO;13/01/2020;1,219566
LEGACY CAPITAL ADVISORY FIC MULTIMERCADO;14/01/2020;1,221641
LEGACY CAPITAL ADVISORY FIC MULTIMERCADO;15/01/2020;1,221258
LEGACY CAPITAL ADVISORY FIC MULTIMERCADO;16/01/2020;1,220779
LEGACY CAPITAL ADVISORY FIC MULTIMERCADO;17/01/2020;1,222673
LEGACY CAPITAL ADVISORY FIC MULTIMERCADO;20/01/2020;1,221282
LEGACY CAPITAL ADVISORY FIC MULTIMERCADO;21/01/2020;1,216445
LEGACY CAPITAL ADVISORY FIC MULTIMERCADO;22/01/2020;1,220658
LEGACY CAPITAL ADVISORY FIC MULTIMERCADO;23/01/2020;1,224082
LEGACY CAPITAL ADVISORY FIC MULTIMERCADO;24/01/2020;1,224031
LEGACY CAPITAL ADVISORY FIC MULTIMERCADO;27/01/2020;1,218539
LEGACY CAPITAL ADVISORY FIC MULTIMERCADO;28/01/2020;1,221796
LEGACY CAPITAL ADVISORY FIC MULTIMERCADO;29/01/2020;1,218626
LEGACY CAPITAL ADVISORY FIC MULTIMERCADO;30/01/2020;1,216998
LEGACY CAPITAL ADVISORY FIC MULTIMERCADO;31/01/2020;1,214077
LEGACY CAPITAL ADVISORY FIC MULTIMERCADO;03/02/2020;1,215982
LEGACY CAPITAL ADVISORY FIC MULTIMERCADO;04/02/2020;1,2214
LEGACY CAPITAL ADVISORY FIC MULTIMERCADO;05/02/2020;1,225184
LEGACY CAPITAL ADVISORY FIC MULTIMERCADO;06/02/2020;1,225984
LEGACY CAPITAL ADVISORY FIC MULTIMERCADO;07/02/2020;1,221248
LEGACY CAPITAL ADVISORY FIC MULTIMERCADO;10/02/2020;1,216633
LEGACY CAPITAL ADVISORY FIC MULTIMERCADO;11/02/2020;1,223249
LEGACY CAPITAL ADVISORY FIC MULTIMERCADO;12/02/2020;1,226749
LEGACY CAPITAL ADVISORY FIC MULTIMERCADO;13/02/2020;1,227478
LEGACY CAPITAL ADVISORY FIC MULTIMERCADO;14/02/2020;1,22548
LEGACY CAPITAL ADVISORY FIC MULTIMERCADO;17/02/2020;1,224579
LEGACY CAPITAL ADVISORY FIC MULTIMERCADO;18/02/2020;1,224109
LEGACY CAPITAL ADVISORY FIC MULTIMERCADO;19/02/2020;1,228901
LEGACY CAPITAL ADVISORY FIC MULTIMERCADO;20/02/2020;1,225018
LEGACY CAPITAL ADVISORY FIC MULTIMERCADO;21/02/2020;1,222319
LEGACY CAPITAL ADVISORY FIC MULTIMERCADO;26/02/2020;1,210787
LEGACY CAPITAL ADVISORY FIC MULTIMERCADO;27/02/2020;1,206533
LEGACY CAPITAL ADVISORY FIC MULTIMERCADO;28/02/2020;1,208695
LEGACY CAPITAL ADVISORY FIC MULTIMERCADO;02/03/2020;1,216739
LEGACY CAPITAL ADVISORY FIC MULTIMERCADO;03/03/2020;1,220742
LEGACY CAPITAL ADVISORY FIC MULTIMERCADO;04/03/2020;1,220702
LEGACY CAPITAL ADVISORY FIC MULTIMERCADO;05/03/2020;1,208675
LEGACY CAPITAL ADVISORY FIC MULTIMERCADO;06/03/2020;1,202434
LEGACY CAPITAL ADVISORY FIC MULTIMERCADO;09/03/2020;1,178367
LEGACY CAPITAL ADVISORY FIC MULTIMERCADO;10/03/2020;1,182568
LEGACY CAPITAL ADVISORY FIC MULTIMERCADO;11/03/2020;1,136973
LEGACY CAPITAL ADVISORY FIC MULTIMERCADO;12/03/2020;1,084894
LEGACY CAPITAL ADVISORY FIC MULTIMERCADO;13/03/2020;1,116313
LEGACY CAPITAL ADVISORY FIC MULTIMERCADO;16/03/2020;1,115975
LEGACY CAPITAL ADVISORY FIC MULTIMERCADO;17/03/2020;1,125335
LEGACY CAPITAL ADVISORY FIC MULTIMERCADO;18/03/2020;1,083923
LEGACY CAPITAL ADVISORY FIC MULTIMERCADO;19/03/2020;1,09811
LEGACY CAPITAL ADVISORY FIC MULTIMERCADO;20/03/2020;1,098408
LEGACY CAPITAL ADVISORY FIC MULTIMERCADO;23/03/2020;1,097998
LEGACY CAPITAL ADVISORY FIC MULTIMERCADO;24/03/2020;1,123002
LEGACY CAPITAL ADVISORY FIC MULTIMERCADO;25/03/2020;1,142492
LEGACY CAPITAL ADVISORY FIC MULTIMERCADO;26/03/2020;1,153116
LEGACY CAPITAL ADVISORY FIC MULTIMERCADO;27/03/2020;1,153935
LEGACY CAPITAL ADVISORY FIC MULTIMERCADO;30/03/2020;1,158236
LEGACY CAPITAL ADVISORY FIC MULTIMERCADO;31/03/2020;1,160745
LEGACY CAPITAL ADVISORY FIC MULTIMERCADO;01/04/2020;1,155264
LEGACY CAPITAL ADVISORY FIC MULTIMERCADO;02/04/2020;1,161569
LEGACY CAPITAL ADVISORY FIC MULTIMERCADO;03/04/2020;1,162224
LEGACY CAPITAL ADVISORY FIC MULTIMERCADO;06/04/2020;1,169767
LEGACY CAPITAL ADVISORY FIC MULTIMERCADO;07/04/2020;1,171871
LEGACY CAPITAL ADVISORY FIC MULTIMERCADO;08/04/2020;1,17549
LEGACY CAPITAL ADVISORY FIC MULTIMERCADO;09/04/2020;1,176699
LEGACY CAPITAL ADVISORY FIC MULTIMERCADO;13/04/2020;1,178465
LEGACY CAPITAL ADVISORY FIC MULTIMERCADO;14/04/2020;1,187277
LEGACY CAPITAL ADVISORY FIC MULTIMERCADO;15/04/2020;1,190195
LEGACY CAPITAL ADVISORY FIC MULTIMERCADO;16/04/2020;1,192096
LEGACY CAPITAL ADVISORY FIC MULTIMERCADO;17/04/2020;1,189979
LEGACY CAPITAL ADVISORY FIC MULTIMERCADO;20/04/2020;1,192112
LEGACY CAPITAL ADVISORY FIC MULTIMERCADO;22/04/2020;1,202231
LEGACY CAPITAL ADVISORY FIC MULTIMERCADO;23/04/2020;1,20388
LEGACY CAPITAL ADVISORY FIC MULTIMERCADO;24/04/2020;1,208773
LEGACY CAPITAL ADVISORY FIC MULTIMERCADO;27/04/2020;1,205624
LEGACY CAPITAL ADVISORY FIC MULTIMERCADO;28/04/2020;1,196247
LEGACY CAPITAL ADVISORY FIC MULTIMERCADO;29/04/2020;1,195876
LEGACY CAPITAL ADVISORY FIC MULTIMERCADO;30/04/2020;1,198854
LEGACY CAPITAL ADVISORY FIC MULTIMERCADO;04/05/2020;1,203034
LEGACY CAPITAL ADVISORY FIC MULTIMERCADO;05/05/2020;1,20645
LEGACY CAPITAL ADVISORY FIC MULTIMERCADO;06/05/2020;1,211161
LEGACY CAPITAL ADVISORY FIC MULTIMERCADO;07/05/2020;1,216345
LEGACY CAPITAL ADVISORY FIC MULTIMERCADO;08/05/2020;1,217737
LEGACY CAPITAL ADVISORY FIC MULTIMERCADO;11/05/2020;1,217927
LEGACY CAPITAL ADVISORY FIC MULTIMERCADO;12/05/2020;1,210748
LEGACY CAPITAL ADVISORY FIC MULTIMERCADO;13/05/2020;1,207662
LEGACY CAPITAL ADVISORY FIC MULTIMERCADO;14/05/2020;1,210861
LEGACY CAPITAL ADVISORY FIC MULTIMERCADO;15/05/2020;1,216867
LEGACY CAPITAL ADVISORY FIC MULTIMERCADO;18/05/2020;1,218662
LEGACY CAPITAL ADVISORY FIC MULTIMERCADO;19/05/2020;1,221478
LEGACY CAPITAL ADVISORY FIC MULTIMERCADO;20/05/2020;1,222587
LEGACY CAPITAL ADVISORY FIC MULTIMERCADO;21/05/2020;1,21941
LEGACY CAPITAL ADVISORY FIC MULTIMERCADO;22/05/2020;1,220609
LEGACY CAPITAL ADVISORY FIC MULTIMERCADO;25/05/2020;1,234059
LEGACY CAPITAL ADVISORY FIC MULTIMERCADO;26/05/2020;1,227418
LEGACY CAPITAL ADVISORY FIC MULTIMERCADO;27/05/2020;1,229288
LEGACY CAPITAL ADVISORY FIC MULTIMERCADO;28/05/2020;1,232267
LEGACY CAPITAL ADVISORY FIC MULTIMERCADO;29/05/2020;1,239894
LEGACY CAPITAL ADVISORY FIC MULTIMERCADO;01/06/2020;1,236564
LEGACY CAPITAL ADVISORY FIC MULTIMERCADO;02/06/2020;1,238766
LEGACY CAPITAL ADVISORY FIC MULTIMERCADO;03/06/2020;1,242508
LEGACY CAPITAL ADVISORY FIC MULTIMERCADO;04/06/2020;1,242153
LEGACY CAPITAL ADVISORY FIC MULTIMERCADO;05/06/2020;1,240591
LEGACY CAPITAL ADVISORY FIC MULTIMERCADO;08/06/2020;1,242884
LEGACY CAPITAL ADVISORY FIC MULTIMERCADO;09/06/2020;1,244094
LEGACY CAPITAL ADVISORY FIC MULTIMERCADO;10/06/2020;1,244419
LEGACY CAPITAL ADVISORY FIC MULTIMERCADO;12/06/2020;1,240501
LEGACY CAPITAL ADVISORY FIC MULTIMERCADO;15/06/2020;1,241681
LEGACY CAPITAL ADVISORY FIC MULTIMERCADO;16/06/2020;1,241479
LEGACY CAPITAL ADVISORY FIC MULTIMERCADO;17/06/2020;1,244758
LEGACY CAPITAL ADVISORY FIC MULTIMERCADO;18/06/2020;1,243112
LEGACY CAPITAL ADVISORY FIC MULTIMERCADO;19/06/2020;1,247461
LEGACY CAPITAL ADVISORY FIC MULTIMERCADO;22/06/2020;1,247541
LEGACY CAPITAL ADVISORY FIC MULTIMERCADO;23/06/2020;1,251889
LEGACY CAPITAL ADVISORY FIC MULTIMERCADO;24/06/2020;1,2435
LEGACY CAPITAL ADVISORY FIC MULTIMERCADO;25/06/2020;1,249469
LEGACY CAPITAL ADVISORY FIC MULTIMERCADO;26/06/2020;1,24386
LEGACY CAPITAL ADVISORY FIC MULTIMERCADO;29/06/2020;1,248483
LEGACY CAPITAL ADVISORY FIC MULTIMERCADO;30/06/2020;1,251143
LEGACY CAPITAL ADVISORY FIC MULTIMERCADO;01/07/2020;1,257852
LEGACY CAPITAL ADVISORY FIC MULTIMERCADO;02/07/2020;1,259511
LEGACY CAPITAL ADVISORY FIC MULTIMERCADO;03/07/2020;1,26223
LEGACY CAPITAL ADVISORY FIC MULTIMERCADO;06/07/2020;1,269068
LEGACY CAPITAL ADVISORY FIC MULTIMERCADO;07/07/2020;1,266287
LEGACY CAPITAL ADVISORY FIC MULTIMERCADO;08/07/2020;1,270947
LEGACY CAPITAL ADVISORY FIC MULTIMERCADO;09/07/2020;1,27212
LEGACY CAPITAL ADVISORY FIC MULTIMERCADO;10/07/2020;1,275924
LEGACY CAPITAL ADVISORY FIC MULTIMERCADO;13/07/2020;1,270169
LEGACY CAPITAL ADVISORY FIC MULTIMERCADO;14/07/2020;1,274198
LEGACY CAPITAL ADVISORY FIC MULTIMERCADO;15/07/2020;1,278569
LEGACY CAPITAL ADVISORY FIC MULTIMERCADO;16/07/2020;1,273574
LEGACY CAPITAL ADVISORY FIC MULTIMERCADO;17/07/2020;1,280554
LEGACY CAPITAL ADVISORY FIC MULTIMERCADO;20/07/2020;1,286907
LEGACY CAPITAL ADVISORY FIC MULTIMERCADO;21/07/2020;1,290835
LEGACY CAPITAL ADVISORY FIC MULTIMERCADO;22/07/2020;1,293682
LEGACY CAPITAL ADVISORY FIC MULTIMERCADO;23/07/2020;1,289072
LEGACY CAPITAL ADVISORY FIC MULTIMERCADO;24/07/2020;1,287553
LEGACY CAPITAL ADVISORY FIC MULTIMERCADO;27/07/2020;1,298216
LEGACY CAPITAL ADVISORY FIC MULTIMERCADO;28/07/2020;1,29684
LEGACY CAPITAL ADVISORY FIC MULTIMERCADO;29/07/2020;1,301291
LEGACY CAPITAL ADVISORY FIC MULTIMERCADO;30/07/2020;1,30462
LEGACY CAPITAL ADVISORY FIC MULTIMERCADO;31/07/2020;1,303312
LEGACY CAPITAL ADVISORY FIC MULTIMERCADO;03/08/2020;1,302356
LEGACY CAPITAL ADVISORY FIC MULTIMERCADO;04/08/2020;1,30104
LEGACY CAPITAL ADVISORY FIC MULTIMERCADO;05/08/2020;1,306827
LEGACY CAPITAL ADVISORY FIC MULTIMERCADO;06/08/2020;1,313075
LEGACY CAPITAL ADVISORY FIC MULTIMERCADO;07/08/2020;1,307584
LEGACY CAPITAL ADVISORY FIC MULTIMERCADO;10/08/2020;1,302746
LEGACY CAPITAL ADVISORY FIC MULTIMERCADO;11/08/2020;1,296396
LEGACY CAPITAL ADVISORY FIC MULTIMERCADO;12/08/2020;1,293937
LEGACY CAPITAL ADVISORY FIC MULTIMERCADO;13/08/2020;1,292888
LEGACY CAPITAL ADVISORY FIC MULTIMERCADO;14/08/2020;1,294401
LEGACY CAPITAL ADVISORY FIC MULTIMERCADO;17/08/2020;1,290161
LEGACY CAPITAL ADVISORY FIC MULTIMERCADO;18/08/2020;1,301285
LEGACY CAPITAL ADVISORY FIC MULTIMERCADO;19/08/2020;1,294931
LEGACY CAPITAL ADVISORY FIC MULTIMERCADO;20/08/2020;1,296433
LEGACY CAPITAL ADVISORY FIC MULTIMERCADO;21/08/2020;1,293475
LEGACY CAPITAL ADVISORY FIC MULTIMERCADO;24/08/2020;1,296073
LEGACY CAPITAL ADVISORY FIC MULTIMERCADO;25/08/2020;1,2977
LEGACY CAPITAL ADVISORY FIC MULTIMERCADO;26/08/2020;1,293703
LEGACY CAPITAL ADVISORY FIC MULTIMERCADO;27/08/2020;1,293069
LEGACY CAPITAL ADVISORY FIC MULTIMERCADO;28/08/2020;1,300819
LEGACY CAPITAL ADVISORY FIC MULTIMERCADO;31/08/2020;1,297147
LEGACY CAPITAL ADVISORY FIC MULTIMERCADO;01/09/2020;1,305751
LEGACY CAPITAL ADVISORY FIC MULTIMERCADO;02/09/2020;1,30708
LEGACY CAPITAL ADVISORY FIC MULTIMERCADO;03/09/2020;1,300236
LEGACY CAPITAL ADVISORY FIC MULTIMERCADO;04/09/2020;1,296994
LEGACY CAPITAL ADVISORY FIC MULTIMERCADO;08/09/2020;1,288644
LEGACY CAPITAL ADVISORY FIC MULTIMERCADO;09/09/2020;1,296084
LEGACY CAPITAL ADVISORY FIC MULTIMERCADO;10/09/2020;1,285441
LEGACY CAPITAL ADVISORY FIC MULTIMERCADO;11/09/2020;1,282314
LEGACY CAPITAL ADVISORY FIC MULTIMERCADO;14/09/2020;1,290484
LEGACY CAPITAL ADVISORY FIC MULTIMERCADO;15/09/2020;1,290659
LEGACY CAPITAL ADVISORY FIC MULTIMERCADO;16/09/2020;1,288767
LEGACY CAPITAL ADVISORY FIC MULTIMERCADO;17/09/2020;1,290517
LEGACY CAPITAL ADVISORY FIC MULTIMERCADO;18/09/2020;1,281851
LEGACY CAPITAL ADVISORY FIC MULTIMERCADO;21/09/2020;1,277565
LEGACY CAPITAL ADVISORY FIC MULTIMERCADO;22/09/2020;1,283069
LEGACY CAPITAL ADVISORY FIC MULTIMERCADO;23/09/2020;1,276166
LEGACY CAPITAL ADVISORY FIC MULTIMERCADO;24/09/2020;1,279455
LEGACY CAPITAL ADVISORY FIC MULTIMERCADO;25/09/2020;1,282081
LEGACY CAPITAL ADVISORY FIC MULTIMERCADO;28/09/2020;1,276805
LEGACY CAPITAL ADVISORY FIC MULTIMERCADO;29/09/2020;1,275033
LEGACY CAPITAL ADVISORY FIC MULTIMERCADO;30/09/2020;1,277212
LEGACY CAPITAL ADVISORY FIC MULTIMERCADO;01/10/2020;1,283191
LEGACY CAPITAL ADVISORY FIC MULTIMERCADO;02/10/2020;1,279163
LEGACY CAPITAL ADVISORY FIC MULTIMERCADO;05/10/2020;1,283751
LEGACY CAPITAL ADVISORY FIC MULTIMERCADO;06/10/2020;1,283116
LEGACY CAPITAL ADVISORY FIC MULTIMERCADO;07/10/2020;1,284187
LEGACY CAPITAL ADVISORY FIC MULTIMERCADO;08/10/2020;1,287292
LEGACY CAPITAL ADVISORY FIC MULTIMERCADO;09/10/2020;1,29297
LEGACY CAPITAL ADVISORY FIC MULTIMERCADO;13/10/2020;1,29431
LEGACY CAPITAL ADVISORY FIC MULTIMERCADO;14/10/2020;1,293667
LEGACY CAPITAL ADVISORY FIC MULTIMERCADO;15/10/2020;1,292003
LEGACY CAPITAL ADVISORY FIC MULTIMERCADO;16/10/2020;1,293429
LEGACY CAPITAL ADVISORY FIC MULTIMERCADO;19/10/2020;1,291496
LEGACY CAPITAL ADVISORY FIC MULTIMERCADO;20/10/2020;1,295163
LEGACY CAPITAL ADVISORY FIC MULTIMERCADO;21/10/2020;1,299056
LEGACY CAPITAL ADVISORY FIC MULTIMERCADO;22/10/2020;1,302684
LEGACY CAPITAL ADVISORY FIC MULTIMERCADO;23/10/2020;1,303246
LEGACY CAPITAL ADVISORY FIC MULTIMERCADO;26/10/2020;1,298982
LEGACY CAPITAL ADVISORY FIC MULTIMERCADO;27/10/2020;1,302444
LEGACY CAPITAL ADVISORY FIC MULTIMERCADO;28/10/2020;1,291568
LEGACY CAPITAL ADVISORY FIC MULTIMERCADO;29/10/2020;1,294094
LEGACY CAPITAL ADVISORY FIC MULTIMERCADO;30/10/2020;1,286196
LEGACY CAPITAL ADVISORY FIC MULTIMERCADO;03/11/2020;1,294483
LEGACY CAPITAL ADVISORY FIC MULTIMERCADO;04/11/2020;1,304441
LEGACY CAPITAL ADVISORY FIC MULTIMERCADO;05/11/2020;1,315838
LEGACY CAPITAL ADVISORY FIC MULTIMERCADO;06/11/2020;1,322637
LEGACY CAPITAL ADVISORY FIC MULTIMERCADO;09/11/2020;1,320827
LEGACY CAPITAL ADVISORY FIC MULTIMERCADO;10/11/2020;1,315492
LEGACY CAPITAL ADVISORY FIC MULTIMERCADO;11/11/2020;1,317188
LEGACY CAPITAL ADVISORY FIC MULTIMERCADO;12/11/2020;1,314495
LEGACY CAPITAL ADVISORY FIC MULTIMERCADO;13/11/2020;1,319001
LEGACY CAPITAL ADVISORY FIC MULTIMERCADO;16/11/2020;1,322629
LEGACY CAPITAL ADVISORY FIC MULTIMERCADO;17/11/2020;1,323574
LEGACY CAPITAL ADVISORY FIC MULTIMERCADO;18/11/2020;1,320825
LEGACY CAPITAL ADVISORY FIC MULTIMERCADO;19/11/2020;1,324731
LEGACY CAPITAL ADVISORY FIC MULTIMERCADO;20/11/2020;1,323913
LEGACY CAPITAL ADVISORY FIC MULTIMERCADO;23/11/2020;1,325151
LEGACY CAPITAL ADVISORY FIC MULTIMERCADO;24/11/2020;1,329349
LEGACY CAPITAL ADVISORY FIC MULTIMERCADO;25/11/2020;1,335576
LEGACY CAPITAL ADVISORY FIC MULTIMERCADO;26/11/2020;1,337726
LEGACY CAPITAL ADVISORY FIC MULTIMERCADO;27/11/2020;1,342624
LEGACY CAPITAL ADVISORY FIC MULTIMERCADO;30/11/2020;1,345091
LEGACY CAPITAL ADVISORY FIC MULTIMERCADO;01/12/2020;1,345786
LEGACY CAPITAL ADVISORY FIC MULTIMERCADO;02/12/2020;1,34605
LEGACY CAPITAL ADVISORY FIC MULTIMERCADO;03/12/2020;1,351531
LEGACY CAPITAL ADVISORY FIC MULTIMERCADO;04/12/2020;1,357055
LEGACY CAPITAL ADVISORY FIC MULTIMERCADO;07/12/2020;1,35457
LEGACY CAPITAL ADVISORY FIC MULTIMERCADO;08/12/2020;1,357996
LEGACY CAPITAL ADVISORY FIC MULTIMERCADO;09/12/2020;1,352987
LEGACY CAPITAL ADVISORY FIC MULTIMERCADO;10/12/2020;1,358944
LEGACY CAPITAL ADVISORY FIC MULTIMERCADO;11/12/2020;1,363342
LEGACY CAPITAL ADVISORY FIC MULTIMERCADO;14/12/2020;1,361221
LEGACY CAPITAL ADVISORY FIC MULTIMERCADO;15/12/2020;1,368124
LEGACY CAPITAL ADVISORY FIC MULTIMERCADO;16/12/2020;1,373837
LEGACY CAPITAL ADVISORY FIC MULTIMERCADO;17/12/2020;1,378083
LEGACY CAPITAL ADVISORY FIC MULTIMERCADO;18/12/2020;1,382709
LEGACY CAPITAL ADVISORY FIC MULTIMERCADO;21/12/2020;1,377796
LEGACY CAPITAL ADVISORY FIC MULTIMERCADO;22/12/2020;1,377635
LEGACY CAPITAL ADVISORY FIC MULTIMERCADO;23/12/2020;1,378911
LEGACY CAPITAL ADVISORY FIC MULTIMERCADO;24/12/2020;1,380585
LEGACY CAPITAL ADVISORY FIC MULTIMERCADO;28/12/2020;1,373949
LEGACY CAPITAL ADVISORY FIC MULTIMERCADO;29/12/2020;1,377766
LEGACY CAPITAL ADVISORY FIC MULTIMERCADO;30/12/2020;1,3842
LEGACY CAPITAL ADVISORY FIC MULTIMERCADO;31/12/2020;1,386207
LEGACY CAPITAL ADVISORY FIC MULTIMERCADO;04/01/2021;1,376928
LEGACY CAPITAL ADVISORY FIC MULTIMERCADO;05/01/2021;1,376658
LEGACY CAPITAL ADVISORY FIC MULTIMERCADO;06/01/2021;1,359722
LEGACY CAPITAL ADVISORY FIC MULTIMERCADO;07/01/2021;1,358612
LEGACY CAPITAL ADVISORY FIC MULTIMERCADO;08/01/2021;1,367257
LEGACY CAPITAL ADVISORY FIC MULTIMERCADO;11/01/2021;1,356968
LEGACY CAPITAL ADVISORY FIC MULTIMERCADO;12/01/2021;1,362793
LEGACY CAPITAL ADVISORY FIC MULTIMERCADO;13/01/2021;1,361417
LEGACY CAPITAL ADVISORY FIC MULTIMERCADO;14/01/2021;1,371129
LEGACY CAPITAL ADVISORY FIC MULTIMERCADO;15/01/2021;1,366013
LEGACY CAPITAL ADVISORY FIC MULTIMERCADO;18/01/2021;1,366219
LEGACY CAPITAL ADVISORY FIC MULTIMERCADO;19/01/2021;1,364757
LEGACY CAPITAL ADVISORY FIC MULTIMERCADO;20/01/2021;1,37206
LEGACY CAPITAL ADVISORY FIC MULTIMERCADO;21/01/2021;1,369899
LEGACY CAPITAL ADVISORY FIC MULTIMERCADO;22/01/2021;1,363825
LEGACY CAPITAL ADVISORY FIC MULTIMERCADO;25/01/2021;1,359181
LEGACY CAPITAL ADVISORY FIC MULTIMERCADO;26/01/2021;1,362405
LEGACY CAPITAL ADVISORY FIC MULTIMERCADO;27/01/2021;1,352841
LEGACY CAPITAL ADVISORY FIC MULTIMERCADO;28/01/2021;1,358513
LEGACY CAPITAL ADVISORY FIC MULTIMERCADO;29/01/2021;1,355184
LEGACY CAPITAL ADVISORY FIC MULTIMERCADO;01/02/2021;1,364845
LEGACY CAPITAL ADVISORY FIC MULTIMERCADO;02/02/2021;1,375852
LEGACY CAPITAL ADVISORY FIC MULTIMERCADO;03/02/2021;1,379526
LEGACY CAPITAL ADVISORY FIC MULTIMERCADO;04/02/2021;1,38805
LEGACY CAPITAL ADVISORY FIC MULTIMERCADO;05/02/2021;1,392148
LEGACY CAPITAL ADVISORY FIC MULTIMERCADO;08/02/2021;1,391395
LEGACY CAPITAL ADVISORY FIC MULTIMERCADO;09/02/2021;1,394399
LEGACY CAPITAL ADVISORY FIC MULTIMERCADO;10/02/2021;1,389496
LEGACY CAPITAL ADVISORY FIC MULTIMERCADO;11/02/2021;1,393771
LEGACY CAPITAL ADVISORY FIC MULTIMERCADO;12/02/2021;1,396413
LEGACY CAPITAL ADVISORY FIC MULTIMERCADO;17/02/2021;1,395918
LEGACY CAPITAL ADVISORY FIC MULTIMERCADO;18/02/2021;1,39221
LEGACY CAPITAL ADVISORY FIC MULTIMERCADO;19/02/2021;1,394139
LEGACY CAPITAL ADVISORY FIC MULTIMERCADO;22/02/2021;1,379128
LEGACY CAPITAL ADVISORY FIC MULTIMERCADO;23/02/2021;1,374276
LEGACY CAPITAL ADVISORY FIC MULTIMERCADO;24/02/2021;1,375136
LEGACY CAPITAL ADVISORY FIC MULTIMERCADO;25/02/2021;1,360997
LEGACY CAPITAL ADVISORY FIC MULTIMERCADO;26/02/2021;1,358542
LEGACY CAPITAL ADVISORY FIC MULTIMERCADO;01/03/2021;1,360112
LEGACY CAPITAL ADVISORY FIC MULTIMERCADO;02/03/2021;1,352284
LEGACY CAPITAL ADVISORY FIC MULTIMERCADO;03/03/2021;1,343537
LEGACY CAPITAL ADVISORY FIC MULTIMERCADO;04/03/2021;1,346489
LEGACY CAPITAL ADVISORY FIC MULTIMERCADO;05/03/2021;1,34708
LEGACY CAPITAL ADVISORY FIC MULTIMERCADO;08/03/2021;1,332157
LEGACY CAPITAL ADVISORY FIC MULTIMERCADO;09/03/2021;1,335887
LEGACY CAPITAL ADVISORY FIC MULTIMERCADO;10/03/2021;1,336573
LEGACY CAPITAL ADVISORY FIC MULTIMERCADO;11/03/2021;1,351529
LEGACY CAPITAL ADVISORY FIC MULTIMERCADO;12/03/2021;1,353017
LEGACY CAPITAL ADVISORY FIC MULTIMERCADO;15/03/2021;1,354396
LEGACY CAPITAL ADVISORY FIC MULTIMERCADO;16/03/2021;1,353551
LEGACY CAPITAL ADVISORY FIC MULTIMERCADO;17/03/2021;1,354668
LEGACY CAPITAL ADVISORY FIC MULTIMERCADO;18/03/2021;1,35265
LEGACY CAPITAL ADVISORY FIC MULTIMERCADO;19/03/2021;1,351094
LEGACY CAPITAL ADVISORY FIC MULTIMERCADO;22/03/2021;1,347091
LEGACY CAPITAL ADVISORY FIC MULTIMERCADO;23/03/2021;1,345337
LEGACY CAPITAL ADVISORY FIC MULTIMERCADO;24/03/2021;1,334283
LEGACY CAPITAL ADVISORY FIC MULTIMERCADO;25/03/2021;1,334494
LEGACY CAPITAL ADVISORY FIC MULTIMERCADO;26/03/2021;1,335476
LEGACY CAPITAL ADVISORY FIC MULTIMERCADO;29/03/2021;1,329908
LEGACY CAPITAL ADVISORY FIC MULTIMERCADO;30/03/2021;1,33644
LEGACY CAPITAL ADVISORY FIC MULTIMERCADO;31/03/2021;1,338842
LEGACY CAPITAL ADVISORY FIC MULTIMERCADO;01/04/2021;1,340108
LEGACY CAPITAL ADVISORY FIC MULTIMERCADO;05/04/2021;1,3388
LEGACY CAPITAL ADVISORY FIC MULTIMERCADO;06/04/2021;1,340029
LEGACY CAPITAL ADVISORY FIC MULTIMERCADO;07/04/2021;1,340264
LEGACY CAPITAL ADVISORY FIC MULTIMERCADO;08/04/2021;1,344756
LEGACY CAPITAL ADVISORY FIC MULTIMERCADO;09/04/2021;1,345146
LEGACY CAPITAL ADVISORY FIC MULTIMERCADO;12/04/2021;1,345587
LEGACY CAPITAL ADVISORY FIC MULTIMERCADO;13/04/2021;1,343074
LEGACY CAPITAL ADVISORY FIC MULTIMERCADO;14/04/2021;1,342736
LEGACY CAPITAL ADVISORY FIC MULTIMERCADO;15/04/2021;1,343285
LEGACY CAPITAL ADVISORY FIC MULTIMERCADO;16/04/2021;1,347003
LEGACY CAPITAL ADVISORY FIC MULTIMERCADO;19/04/2021;1,347789
LEGACY CAPITAL ADVISORY FIC MULTIMERCADO;20/04/2021;1,340836
LEGACY CAPITAL ADVISORY FIC MULTIMERCADO;22/04/2021;1,343723
LEGACY CAPITAL ADVISORY FIC MULTIMERCADO;23/04/2021;1,348499
LEGACY CAPITAL ADVISORY FIC MULTIMERCADO;26/04/2021;1,350369
LEGACY CAPITAL ADVISORY FIC MULTIMERCADO;27/04/2021;1,351206
LEGACY CAPITAL ADVISORY FIC MULTIMERCADO;28/04/2021;1,356216
LEGACY CAPITAL ADVISORY FIC MULTIMERCADO;29/04/2021;1,35721
LEGACY CAPITAL ADVISORY FIC MULTIMERCADO;30/04/2021;1,352203
LEGACY CAPITAL ADVISORY FIC MULTIMERCADO;03/05/2021;1,349407
LEGACY CAPITAL ADVISORY FIC MULTIMERCADO;04/05/2021;1,342247
LEGACY CAPITAL ADVISORY FIC MULTIMERCADO;05/05/2021;1,341263
LEGACY CAPITAL ADVISORY FIC MULTIMERCADO;06/05/2021;1,337289
LEGACY CAPITAL ADVISORY FIC MULTIMERCADO;07/05/2021;1,344928
LEGACY CAPITAL ADVISORY FIC MULTIMERCADO;10/05/2021;1,339613
LEGACY CAPITAL ADVISORY FIC MULTIMERCADO;11/05/2021;1,342399
LEGACY CAPITAL ADVISORY FIC MULTIMERCADO;12/05/2021;1,335676
LEGACY CAPITAL ADVISORY FIC MULTIMERCADO;13/05/2021;1,33255
LEGACY CAPITAL ADVISORY FIC MULTIMERCADO;14/05/2021;1,337803
LEGACY CAPITAL ADVISORY FIC MULTIMERCADO;17/05/2021;1,338882
LEGACY CAPITAL ADVISORY FIC MULTIMERCADO;18/05/2021;1,339796
LEGACY CAPITAL ADVISORY FIC MULTIMERCADO;19/05/2021;1,338533
LEGACY CAPITAL ADVISORY FIC MULTIMERCADO;20/05/2021;1,344634
LEGACY CAPITAL ADVISORY FIC MULTIMERCADO;21/05/2021;1,346514
LEGACY CAPITAL ADVISORY FIC MULTIMERCADO;24/05/2021;1,349455
LEGACY CAPITAL ADVISORY FIC MULTIMERCADO;25/05/2021;1,348995
LEGACY CAPITAL ADVISORY FIC MULTIMERCADO;26/05/2021;1,352812
LEGACY CAPITAL ADVISORY FIC MULTIMERCADO;27/05/2021;1,356801
LEGACY CAPITAL ADVISORY FIC MULTIMERCADO;28/05/2021;1,359278
LEGACY CAPITAL ADVISORY FIC MULTIMERCADO;31/05/2021;1,359824
LEGACY CAPITAL ADVISORY FIC MULTIMERCADO;01/06/2021;1,362779
LEGACY CAPITAL ADVISORY FIC MULTIMERCADO;02/06/2021;1,363111
LEGACY CAPITAL ADVISORY FIC MULTIMERCADO;04/06/2021;1,363355
LEGACY CAPITAL ADVISORY FIC MULTIMERCADO;07/06/2021;1,364603
LEGACY CAPITAL ADVISORY FIC MULTIMERCADO;08/06/2021;1,362725
LEGACY CAPITAL ADVISORY FIC MULTIMERCADO;09/06/2021;1,36113
LEGACY CAPITAL ADVISORY FIC MULTIMERCADO;10/06/2021;1,360124
LEGACY CAPITAL ADVISORY FIC MULTIMERCADO;11/06/2021;1,358116
LEGACY CAPITAL ADVISORY FIC MULTIMERCADO;14/06/2021;1,362932
LEGACY CAPITAL ADVISORY FIC MULTIMERCADO;15/06/2021;1,361887
LEGACY CAPITAL ADVISORY FIC MULTIMERCADO;16/06/2021;1,363667
LEGACY CAPITAL ADVISORY FIC MULTIMERCADO;17/06/2021;1,36115
LEGACY CAPITAL ADVISORY FIC MULTIMERCADO;18/06/2021;1,355055
LEGACY CAPITAL ADVISORY FIC MULTIMERCADO;21/06/2021;1,358626
LEGACY CAPITAL ADVISORY FIC MULTIMERCADO;22/06/2021;1,360414
LEGACY CAPITAL ADVISORY FIC MULTIMERCADO;23/06/2021;1,362122
LEGACY CAPITAL ADVISORY FIC MULTIMERCADO;24/06/2021;1,366066
LEGACY CAPITAL ADVISORY FIC MULTIMERCADO;25/06/2021;1,36549
LEGACY CAPITAL ADVISORY FIC MULTIMERCADO;28/06/2021;1,368773
LEGACY CAPITAL ADVISORY FIC MULTIMERCADO;29/06/2021;1,368567
LEGACY CAPITAL ADVISORY FIC MULTIMERCADO;30/06/2021;1,366593
LEGACY CAPITAL ADVISORY FIC MULTIMERCADO;01/07/2021;1,364257
LEGACY CAPITAL ADVISORY FIC MULTIMERCADO;02/07/2021;1,365868
LEGACY CAPITAL ADVISORY FIC MULTIMERCADO;05/07/2021;1,363433
LEGACY CAPITAL ADVISORY FIC MULTIMERCADO;06/07/2021;1,359452
LEGACY CAPITAL ADVISORY FIC MULTIMERCADO;07/07/2021;1,358965
LEGACY CAPITAL ADVISORY FIC MULTIMERCADO;08/07/2021;1,356845
LEGACY CAPITAL ADVISORY FIC MULTIMERCADO;09/07/2021;1,358642
LEGACY CAPITAL ADVISORY FIC MULTIMERCADO;12/07/2021;1,358659
LEGACY CAPITAL ADVISORY FIC MULTIMERCADO;13/07/2021;1,362526
LEGACY CAPITAL ADVISORY FIC MULTIMERCADO;14/07/2021;1,363506
LEGACY CAPITAL ADVISORY FIC MULTIMERCADO;15/07/2021;1,358519
LEGACY CAPITAL ADVISORY FIC MULTIMERCADO;16/07/2021;1,359941
LEGACY CAPITAL ADVISORY FIC MULTIMERCADO;19/07/2021;1,349076
LEGACY CAPITAL ADVISORY FIC MULTIMERCADO;20/07/2021;1,352715
LEGACY CAPITAL ADVISORY FIC MULTIMERCADO;21/07/2021;1,356256
LEGACY CAPITAL ADVISORY FIC MULTIMERCADO;22/07/2021;1,358932
LEGACY CAPITAL ADVISORY FIC MULTIMERCADO;23/07/2021;1,361928
LEGACY CAPITAL ADVISORY FIC MULTIMERCADO;26/07/2021;1,358583
LEGACY CAPITAL ADVISORY FIC MULTIMERCADO;27/07/2021;1,354776
LEGACY CAPITAL ADVISORY FIC MULTIMERCADO;28/07/2021;1,359865
LEGACY CAPITAL ADVISORY FIC MULTIMERCADO;29/07/2021;1,364671
LEGACY CAPITAL ADVISORY FIC MULTIMERCADO;30/07/2021;1,353621
LEGACY CAPITAL ADVISORY FIC MULTIMERCADO;02/08/2021;1,353047
LEGACY CAPITAL ADVISORY FIC MULTIMERCADO;03/08/2021;1,350853
LEGACY CAPITAL ADVISORY FIC MULTIMERCADO;04/08/2021;1,351257
LEGACY CAPITAL ADVISORY FIC MULTIMERCADO;05/08/2021;1,353158
LEGACY CAPITAL ADVISORY FIC MULTIMERCADO;06/08/2021;1,353831
LEGACY CAPITAL ADVISORY FIC MULTIMERCADO;09/08/2021;1,353807
LEGACY CAPITAL ADVISORY FIC MULTIMERCADO;10/08/2021;1,355438
LEGACY CAPITAL ADVISORY FIC MULTIMERCADO;11/08/2021;1,351696
LEGACY CAPITAL ADVISORY FIC MULTIMERCADO;12/08/2021;1,349102
LEGACY CAPITAL ADVISORY FIC MULTIMERCADO;13/08/2021;1,344226
LEGACY CAPITAL ADVISORY FIC MULTIMERCADO;16/08/2021;1,341401
LEGACY CAPITAL ADVISORY FIC MULTIMERCADO;17/08/2021;1,340087
LEGACY CAPITAL ADVISORY FIC MULTIMERCADO;18/08/2021;1,338981
LEGACY CAPITAL ADVISORY FIC MULTIMERCADO;19/08/2021;1,340329
LEGACY CAPITAL ADVISORY FIC MULTIMERCADO;20/08/2021;1,345955
LEGACY CAPITAL ADVISORY FIC MULTIMERCADO;23/08/2021;1,343322
LEGACY CAPITAL ADVISORY FIC MULTIMERCADO;24/08/2021;1,350907
LEGACY CAPITAL ADVISORY FIC MULTIMERCADO;25/08/2021;1,354573
LEGACY CAPITAL ADVISORY FIC MULTIMERCADO;26/08/2021;1,352529
LEGACY CAPITAL ADVISORY FIC MULTIMERCADO;27/08/2021;1,353576
LEGACY CAPITAL ADVISORY FIC MULTIMERCADO;30/08/2021;1,35545
LEGACY CAPITAL ADVISORY FIC MULTIMERCADO;31/08/2021;1,355721
LEGACY CAPITAL ADVISORY FIC MULTIMERCADO;01/09/2021;1,354314
LEGACY CAPITAL ADVISORY FIC MULTIMERCADO;02/09/2021;1,353978
LEGACY CAPITAL ADVISORY FIC MULTIMERCADO;03/09/2021;1,355302
LEGACY CAPITAL ADVISORY FIC MULTIMERCADO;06/09/2021;1,353913
LEGACY CAPITAL ADVISORY FIC MULTIMERCADO;08/09/2021;1,353588
LEGACY CAPITAL ADVISORY FIC MULTIMERCADO;09/09/2021;1,3403
LEGACY CAPITAL ADVISORY FIC MULTIMERCADO;10/09/2021;1,345931
LEGACY CAPITAL ADVISORY FIC MULTIMERCADO;13/09/2021;1,347757
LEGACY CAPITAL ADVISORY FIC MULTIMERCADO;14/09/2021;1,352638
LEGACY CAPITAL ADVISORY FIC MULTIMERCADO;15/09/2021;1,35518
LEGACY CAPITAL ADVISORY FIC MULTIMERCADO;16/09/2021;1,360872
LEGACY CAPITAL ADVISORY FIC MULTIMERCADO;17/09/2021;1,365739
LEGACY CAPITAL ADVISORY FIC MULTIMERCADO;20/09/2021;1,361741
LEGACY CAPITAL ADVISORY FIC MULTIMERCADO;21/09/2021;1,366269
LEGACY CAPITAL ADVISORY FIC MULTIMERCADO;22/09/2021;1,364367
LEGACY CAPITAL ADVISORY FIC MULTIMERCADO;23/09/2021;1,368059
LEGACY CAPITAL ADVISORY FIC MULTIMERCADO;24/09/2021;1,371077
LEGACY CAPITAL ADVISORY FIC MULTIMERCADO;27/09/2021;1,367377
LEGACY CAPITAL ADVISORY FIC MULTIMERCADO;28/09/2021;1,3635
LEGACY CAPITAL ADVISORY FIC MULTIMERCADO;29/09/2021;1,365093
LEGACY CAPITAL ADVISORY FIC MULTIMERCADO;30/09/2021;1,363813
LEGACY CAPITAL ADVISORY FIC MULTIMERCADO;01/10/2021;1,367374
LEGACY CAPITAL ADVISORY FIC MULTIMERCADO;04/10/2021;1,35928
LEGACY CAPITAL ADVISORY FIC MULTIMERCADO;05/10/2021;1,361809
LEGACY CAPITAL ADVISORY FIC MULTIMERCADO;06/10/2021;1,361737
LEGACY CAPITAL ADVISORY FIC MULTIMERCADO;07/10/2021;1,363632
LEGACY CAPITAL ADVISORY FIC MULTIMERCADO;08/10/2021;1,364911
LEGACY CAPITAL ADVISORY FIC MULTIMERCADO;11/10/2021;1,363971
LEGACY CAPITAL ADVISORY FIC MULTIMERCADO;13/10/2021;1,3646
LEGACY CAPITAL ADVISORY FIC MULTIMERCADO;14/10/2021;1,367819
LEGACY CAPITAL ADVISORY FIC MULTIMERCADO;15/10/2021;1,3735
LEGACY CAPITAL ADVISORY FIC MULTIMERCADO;18/10/2021;1,373951
LEGACY CAPITAL ADVISORY FIC MULTIMERCADO;19/10/2021;1,376057
LEGACY CAPITAL ADVISORY FIC MULTIMERCADO;20/10/2021;1,376816
LEGACY CAPITAL ADVISORY FIC MULTIMERCADO;21/10/2021;1,379036
LEGACY CAPITAL ADVISORY FIC MULTIMERCADO;22/10/2021;1,377084
LEGACY CAPITAL ADVISORY FIC MULTIMERCADO;25/10/2021;1,376862
LEGACY CAPITAL ADVISORY FIC MULTIMERCADO;26/10/2021;1,382137
LEGACY CAPITAL ADVISORY FIC MULTIMERCADO;27/10/2021;1,376226
LEGACY CAPITAL ADVISORY FIC MULTIMERCADO;28/10/2021;1,376025
LEGACY CAPITAL ADVISORY FIC MULTIMERCADO;29/10/2021;1,379118
LEGACY CAPITAL ADVISORY FIC MULTIMERCADO;01/11/2021;1,378987
LEGACY CAPITAL ADVISORY FIC MULTIMERCADO;03/11/2021;1,382079
LEGACY CAPITAL ADVISORY FIC MULTIMERCADO;04/11/2021;1,383247
LEGACY CAPITAL ADVISORY FIC MULTIMERCADO;05/11/2021;1,389026
LEGACY CAPITAL ADVISORY FIC MULTIMERCADO;08/11/2021;1,391686
LEGACY CAPITAL ADVISORY FIC MULTIMERCADO;09/11/2021;1,394759
LEGACY CAPITAL ADVISORY FIC MULTIMERCADO;10/11/2021;1,396539
LEGACY CAPITAL ADVISORY FIC MULTIMERCADO;11/11/2021;1,404155
LEGACY CAPITAL ADVISORY FIC MULTIMERCADO;12/11/2021;1,408078
LEGACY CAPITAL ADVISORY FIC MULTIMERCADO;16/11/2021;1,409801
LEGACY CAPITAL ADVISORY FIC MULTIMERCADO;17/11/2021;1,405566
LEGACY CAPITAL ADVISORY FIC MULTIMERCADO;18/11/2021;1,405637
LEGACY CAPITAL ADVISORY FIC MULTIMERCADO;19/11/2021;1,402275
LEGACY CAPITAL ADVISORY FIC MULTIMERCADO;22/11/2021;1,399259
LEGACY CAPITAL ADVISORY FIC MULTIMERCADO;23/11/2021;1,401367
LEGACY CAPITAL ADVISORY FIC MULTIMERCADO;24/11/2021;1,404524
LEGACY CAPITAL ADVISORY FIC MULTIMERCADO;25/11/2021;1,409181
LEGACY CAPITAL ADVISORY FIC MULTIMERCADO;26/11/2021;1,400486
LEGACY CAPITAL ADVISORY FIC MULTIMERCADO;29/11/2021;1,401887
LEGACY CAPITAL ADVISORY FIC MULTIMERCADO;30/11/2021;1,391234
LEGACY CAPITAL ADVISORY FIC MULTIMERCADO;01/12/2021;1,383618
LEGACY CAPITAL ADVISORY FIC MULTIMERCADO;02/12/2021;1,391712
LEGACY CAPITAL ADVISORY FIC MULTIMERCADO;03/12/2021;1,386431
LEGACY CAPITAL ADVISORY FIC MULTIMERCADO;06/12/2021;1,392467
LEGACY CAPITAL ADVISORY FIC MULTIMERCADO;07/12/2021;1,398618
LEGACY CAPITAL ADVISORY FIC MULTIMERCADO;08/12/2021;1,403908
LEGACY CAPITAL ADVISORY FIC MULTIMERCADO;09/12/2021;1,394339
LEGACY CAPITAL ADVISORY FIC MULTIMERCADO;10/12/2021;1,386074
LEGACY CAPITAL ADVISORY FIC MULTIMERCADO;13/12/2021;1,384338
LEGACY CAPITAL ADVISORY FIC MULTIMERCADO;14/12/2021;1,375772
LEGACY CAPITAL ADVISORY FIC MULTIMERCADO;15/12/2021;1,379925
LEGACY CAPITAL ADVISORY FIC MULTIMERCADO;16/12/2021;1,37588
LEGACY CAPITAL ADVISORY FIC MULTIMERCADO;17/12/2021;1,376307
LEGACY CAPITAL ADVISORY FIC MULTIMERCADO;20/12/2021;1,365887
LEGACY CAPITAL ADVISORY FIC MULTIMERCADO;21/12/2021;1,375275
LEGACY CAPITAL ADVISORY FIC MULTIMERCADO;22/12/2021;1,380704
LEGACY CAPITAL ADVISORY FIC MULTIMERCADO;23/12/2021;1,387365
LEGACY CAPITAL ADVISORY FIC MULTIMERCADO;24/12/2021;1,387278
LEGACY CAPITAL ADVISORY FIC MULTIMERCADO;27/12/2021;1,397082
LEGACY CAPITAL ADVISORY FIC MULTIMERCADO;28/12/2021;1,398117
LEGACY CAPITAL ADVISORY FIC MULTIMERCADO;29/12/2021;1,395321
LEGACY CAPITAL ADVISORY FIC MULTIMERCADO;30/12/2021;1,405569
LEGACY CAPITAL ADVISORY FIC MULTIMERCADO;31/12/2021;1,40417
LEGACY CAPITAL ADVISORY FIC MULTIMERCADO;03/01/2022;1,409716
LEGACY CAPITAL ADVISORY FIC MULTIMERCADO;04/01/2022;1,412617
LEGACY CAPITAL ADVISORY FIC MULTIMERCADO;05/01/2022;1,41152
LEGACY CAPITAL ADVISORY FIC MULTIMERCADO;06/01/2022;1,412855
LEGACY CAPITAL ADVISORY FIC MULTIMERCADO;07/01/2022;1,413708
LEGACY CAPITAL ADVISORY FIC MULTIMERCADO;10/01/2022;1,413613
LEGACY CAPITAL ADVISORY FIC MULTIMERCADO;11/01/2022;1,421515
LEGACY CAPITAL ADVISORY FIC MULTIMERCADO;12/01/2022;1,419988
LEGACY CAPITAL ADVISORY FIC MULTIMERCADO;13/01/2022;1,412037
LEGACY CAPITAL ADVISORY FIC MULTIMERCADO;14/01/2022;1,413207
LEGACY CAPITAL ADVISORY FIC MULTIMERCADO;17/01/2022;1,419842
LEGACY CAPITAL ADVISORY FIC MULTIMERCADO;18/01/2022;1,419196
LEGACY CAPITAL ADVISORY FIC MULTIMERCADO;19/01/2022;1,419997
LEGACY CAPITAL ADVISORY FIC MULTIMERCADO;20/01/2022;1,42259
LEGACY CAPITAL ADVISORY FIC MULTIMERCADO;21/01/2022;1,416541
LEGACY CAPITAL ADVISORY FIC MULTIMERCADO;24/01/2022;1,414355
LEGACY CAPITAL ADVISORY FIC MULTIMERCADO;25/01/2022;1,415993
LEGACY CAPITAL ADVISORY FIC MULTIMERCADO;26/01/2022;1,418746
LEGACY CAPITAL ADVISORY FIC MULTIMERCADO;27/01/2022;1,422152
LEGACY CAPITAL ADVISORY FIC MULTIMERCADO;28/01/2022;1,427889
LEGACY CAPITAL ADVISORY FIC MULTIMERCADO;31/01/2022;1,423493
LEGACY CAPITAL ADVISORY FIC MULTIMERCADO;01/02/2022;1,424732
LEGACY CAPITAL ADVISORY FIC MULTIMERCADO;02/02/2022;1,424356
LEGACY CAPITAL ADVISORY FIC MULTIMERCADO;03/02/2022;1,433849
LEGACY CAPITAL ADVISORY FIC MULTIMERCADO;04/02/2022;1,447735
LEGACY CAPITAL ADVISORY FIC MULTIMERCADO;07/02/2022;1,445989
LEGACY CAPITAL ADVISORY FIC MULTIMERCADO;08/02/2022;1,444724
LEGACY CAPITAL ADVISORY FIC MULTIMERCADO;09/02/2022;1,435578
LEGACY CAPITAL ADVISORY FIC MULTIMERCADO;10/02/2022;1,452544
LEGACY CAPITAL ADVISORY FIC MULTIMERCADO;11/02/2022;1,453388
LEGACY CAPITAL ADVISORY FIC MULTIMERCADO;14/02/2022;1,460249
LEGACY CAPITAL ADVISORY FIC MULTIMERCADO;15/02/2022;1,458954
LEGACY CAPITAL ADVISORY FIC MULTIMERCADO;16/02/2022;1,457888
LEGACY CAPITAL ADVISORY FIC MULTIMERCADO;17/02/2022;1,45924
LEGACY CAPITAL ADVISORY FIC MULTIMERCADO;18/02/2022;1,458483
LEGACY CAPITAL ADVISORY FIC MULTIMERCADO;21/02/2022;1,460479
LEGACY CAPITAL ADVISORY FIC MULTIMERCADO;22/02/2022;1,467269
LEGACY CAPITAL ADVISORY FIC MULTIMERCADO;23/02/2022;1,473857
LEGACY CAPITAL ADVISORY FIC MULTIMERCADO;24/02/2022;1,476862
LEGACY CAPITAL ADVISORY FIC MULTIMERCADO;25/02/2022;1,479936
LEGACY CAPITAL ADVISORY FIC MULTIMERCADO;02/03/2022;1,481854
LEGACY CAPITAL ADVISORY FIC MULTIMERCADO;03/03/2022;1,48417
LEGACY CAPITAL ADVISORY FIC MULTIMERCADO;04/03/2022;1,487047
LEGACY CAPITAL ADVISORY FIC MULTIMERCADO;07/03/2022;1,50497
LEGACY CAPITAL ADVISORY FIC MULTIMERCADO;08/03/2022;1,519702
LEGACY CAPITAL ADVISORY FIC MULTIMERCADO;09/03/2022;1,521315
LEGACY CAPITAL ADVISORY FIC MULTIMERCADO;10/03/2022;1,530838
LEGACY CAPITAL ADVISORY FIC MULTIMERCADO;11/03/2022;1,534265
LEGACY CAPITAL ADVISORY FIC MULTIMERCADO;14/03/2022;1,53654
LEGACY CAPITAL ADVISORY FIC MULTIMERCADO;15/03/2022;1,533005
LEGACY CAPITAL ADVISORY FIC MULTIMERCADO;16/03/2022;1,52971
LEGACY CAPITAL ADVISORY FIC MULTIMERCADO;17/03/2022;1,542678
LEGACY CAPITAL ADVISORY FIC MULTIMERCADO;18/03/2022;1,54068
LEGACY CAPITAL ADVISORY FIC MULTIMERCADO;21/03/2022;1,555341
LEGACY CAPITAL ADVISORY FIC MULTIMERCADO;22/03/2022;1,555683
LEGACY CAPITAL ADVISORY FIC MULTIMERCADO;23/03/2022;1,560199
LEGACY CAPITAL ADVISORY FIC MULTIMERCADO;24/03/2022;1,561678
LEGACY CAPITAL ADVISORY FIC MULTIMERCADO;25/03/2022;1,568421
LEGACY CAPITAL ADVISORY FIC MULTIMERCADO;28/03/2022;1,560531
LEGACY CAPITAL ADVISORY FIC MULTIMERCADO;29/03/2022;1,554015
LEGACY CAPITAL ADVISORY FIC MULTIMERCADO;30/03/2022;1,558136
LEGACY CAPITAL ADVISORY FIC MULTIMERCADO;31/03/2022;1,553913
LEGACY CAPITAL ADVISORY FIC MULTIMERCADO;01/04/2022;1,554949
LEGACY CAPITAL ADVISORY FIC MULTIMERCADO;04/04/2022;1,554083
LEGACY CAPITAL ADVISORY FIC MULTIMERCADO;05/04/2022;1,566834
LEGACY CAPITAL ADVISORY FIC MULTIMERCADO;06/04/2022;1,569707
LEGACY CAPITAL ADVISORY FIC MULTIMERCADO;07/04/2022;1,575478
LEGACY CAPITAL ADVISORY FIC MULTIMERCADO;08/04/2022;1,585437
LEGACY CAPITAL ADVISORY FIC MULTIMERCADO;11/04/2022;1,588158
LEGACY CAPITAL ADVISORY FIC MULTIMERCADO;12/04/2022;1,592932
LEGACY CAPITAL ADVISORY FIC MULTIMERCADO;13/04/2022;1,593713
LEGACY CAPITAL ADVISORY FIC MULTIMERCADO;14/04/2022;1,604325
LEGACY CAPITAL ADVISORY FIC MULTIMERCADO;18/04/2022;1,611093
LEGACY CAPITAL ADVISORY FIC MULTIMERCADO;19/04/2022;1,611944
LEGACY CAPITAL ADVISORY FIC MULTIMERCADO;20/04/2022;1,61863
LEGACY CAPITAL ADVISORY FIC MULTIMERCADO;22/04/2022;1,620303
LEGACY CAPITAL ADVISORY FIC MULTIMERCADO;25/04/2022;1,617217
LEGACY CAPITAL ADVISORY FIC MULTIMERCADO;26/04/2022;1,617924
LEGACY CAPITAL ADVISORY FIC MULTIMERCADO;27/04/2022;1,624095
LEGACY CAPITAL ADVISORY FIC MULTIMERCADO;28/04/2022;1,627963
LEGACY CAPITAL ADVISORY FIC MULTIMERCADO;29/04/2022;1,634208
LEGACY CAPITAL ADVISORY FIC MULTIMERCADO;02/05/2022;1,633899
LEGACY CAPITAL ADVISORY FIC MULTIMERCADO;03/05/2022;1,638423
LEGACY CAPITAL ADVISORY FIC MULTIMERCADO;04/05/2022;1,647915
LEGACY CAPITAL ADVISORY FIC MULTIMERCADO;05/05/2022;1,646072
LEGACY CAPITAL ADVISORY FIC MULTIMERCADO;06/05/2022;1,652288
LEGACY CAPITAL ADVISORY FIC MULTIMERCADO;09/05/2022;1,639967
LEGACY CAPITAL ADVISORY FIC MULTIMERCADO;10/05/2022;1,636569
LEGACY CAPITAL ADVISORY FIC MULTIMERCADO;11/05/2022;1,64141
LEGACY CAPITAL ADVISORY FIC MULTIMERCADO;12/05/2022;1,637666
LEGACY CAPITAL ADVISORY FIC MULTIMERCADO;13/05/2022;1,648624
LEGACY CAPITAL ADVISORY FIC MULTIMERCADO;16/05/2022;1,652169
LEGACY CAPITAL ADVISORY FIC MULTIMERCADO;17/05/2022;1,653918
LEGACY CAPITAL ADVISORY FIC MULTIMERCADO;18/05/2022;1,645551
LEGACY CAPITAL ADVISORY FIC MULTIMERCADO;19/05/2022;1,646839
LEGACY CAPITAL ADVISORY FIC MULTIMERCADO;20/05/2022;1,646835
LEGACY CAPITAL ADVISORY FIC MULTIMERCADO;23/05/2022;1,650108
LEGACY CAPITAL ADVISORY FIC MULTIMERCADO;24/05/2022;1,644414
LEGACY CAPITAL ADVISORY FIC MULTIMERCADO;25/05/2022;1,646505
LEGACY CAPITAL ADVISORY FIC MULTIMERCADO;26/05/2022;1,645976
LEGACY CAPITAL ADVISORY FIC MULTIMERCADO;27/05/2022;1,648839
LEGACY CAPITAL ADVISORY FIC MULTIMERCADO;30/05/2022;1,652207
LEGACY CAPITAL ADVISORY FIC MULTIMERCADO;31/05/2022;1,6547
LEGACY CAPITAL ADVISORY FIC MULTIMERCADO;01/06/2022;1,664717
LEGACY CAPITAL ADVISORY FIC MULTIMERCADO;02/06/2022;1,667735
LEGACY CAPITAL ADVISORY FIC MULTIMERCADO;03/06/2022;1,674174
LEGACY CAPITAL ADVISORY FIC MULTIMERCADO;06/06/2022;1,679769
LEGACY CAPITAL ADVISORY FIC MULTIMERCADO;07/06/2022;1,677339
LEGACY CAPITAL ADVISORY FIC MULTIMERCADO;08/06/2022;1,682485
LEGACY CAPITAL ADVISORY FIC MULTIMERCADO;09/06/2022;1,686143
LEGACY CAPITAL ADVISORY FIC MULTIMERCADO;10/06/2022;1,688976
LEGACY CAPITAL ADVISORY FIC MULTIMERCADO;13/06/2022;1,68137
LEGACY CAPITAL ADVISORY FIC MULTIMERCADO;14/06/2022;1,669262
LEGACY CAPITAL ADVISORY FIC MULTIMERCADO;15/06/2022;1,670022
LEGACY CAPITAL ADVISORY FIC MULTIMERCADO;17/06/2022;1,664805
LEGACY CAPITAL ADVISORY FIC MULTIMERCADO;20/06/2022;1,664927
LEGACY CAPITAL ADVISORY FIC MULTIMERCADO;21/06/2022;1,662437
LEGACY CAPITAL ADVISORY FIC MULTIMERCADO;22/06/2022;1,657114
LEGACY CAPITAL ADVISORY FIC MULTIMERCADO;23/06/2022;1,655248
LEGACY CAPITAL ADVISORY FIC MULTIMERCADO;24/06/2022;1,658858
LEGACY CAPITAL ADVISORY FIC MULTIMERCADO;27/06/2022;1,655853
LEGACY CAPITAL ADVISORY FIC MULTIMERCADO;28/06/2022;1,657762
LEGACY CAPITAL ADVISORY FIC MULTIMERCADO;29/06/2022;1,660086
LEGACY CAPITAL ADVISORY FIC MULTIMERCADO;30/06/2022;1,661679
LEGACY CAPITAL ADVISORY FIC MULTIMERCADO;01/07/2022;1,650796
LEGACY CAPITAL ADVISORY FIC MULTIMERCADO;04/07/2022;1,647888
LEGACY CAPITAL ADVISORY FIC MULTIMERCADO;05/07/2022;1,635435
LEGACY CAPITAL ADVISORY FIC MULTIMERCADO;06/07/2022;1,633664
LEGACY CAPITAL ADVISORY FIC MULTIMERCADO;07/07/2022;1,637747
LEGACY CAPITAL ADVISORY FIC MULTIMERCADO;08/07/2022;1,64132
LEGACY CAPITAL ADVISORY FIC MULTIMERCADO;11/07/2022;1,63219
LEGACY CAPITAL ADVISORY FIC MULTIMERCADO;12/07/2022;1,630096
LEGACY CAPITAL ADVISORY FIC MULTIMERCADO;13/07/2022;1,631635
LEGACY CAPITAL ADVISORY FIC MULTIMERCADO;14/07/2022;1,627807
LEGACY CAPITAL ADVISORY FIC MULTIMERCADO;15/07/2022;1,63618
LEGACY CAPITAL ADVISORY FIC MULTIMERCADO;18/07/2022;1,638903
LEGACY CAPITAL ADVISORY FIC MULTIMERCADO;19/07/2022;1,639998
LEGACY CAPITAL ADVISORY FIC MULTIMERCADO;20/07/2022;1,647224
LEGACY CAPITAL ADVISORY FIC MULTIMERCADO;21/07/2022;1,642605
LEGACY CAPITAL ADVISORY FIC MULTIMERCADO;22/07/2022;1,643537
LEGACY CAPITAL ADVISORY FIC MULTIMERCADO;25/07/2022;1,649146
LEGACY CAPITAL ADVISORY FIC MULTIMERCADO;26/07/2022;1,650537
LEGACY CAPITAL ADVISORY FIC MULTIMERCADO;27/07/2022;1,652858
LEGACY CAPITAL ADVISORY FIC MULTIMERCADO;28/07/2022;1,651792
LEGACY CAPITAL ADVISORY FIC MULTIMERCADO;29/07/2022;1,657252
LEGACY CAPITAL ADVISORY FIC MULTIMERCADO;01/08/2022;1,655763
LEGACY CAPITAL ADVISORY FIC MULTIMERCADO;02/08/2022;1,658672
LEGACY CAPITAL ADVISORY FIC MULTIMERCADO;03/08/2022;1,6531
LEGACY CAPITAL ADVISORY FIC MULTIMERCADO;04/08/2022;1,653354
LEGACY CAPITAL ADVISORY FIC MULTIMERCADO;05/08/2022;1,655511
LEGACY CAPITAL ADVISORY FIC MULTIMERCADO;08/08/2022;1,646249
LEGACY CAPITAL ADVISORY FIC MULTIMERCADO;09/08/2022;1,64877
LEGACY CAPITAL ADVISORY FIC MULTIMERCADO;10/08/2022;1,641914
LEGACY CAPITAL ADVISORY FIC MULTIMERCADO;11/08/2022;1,646106
LEGACY CAPITAL ADVISORY FIC MULTIMERCADO;12/08/2022;1,64493
LEGACY CAPITAL ADVISORY FIC MULTIMERCADO;15/08/2022;1,636808
LEGACY CAPITAL ADVISORY FIC MULTIMERCADO;16/08/2022;1,637823
LEGACY CAPITAL ADVISORY FIC MULTIMERCADO;17/08/2022;1,639806
LEGACY CAPITAL ADVISORY FIC MULTIMERCADO;18/08/2022;1,632391
LEGACY CAPITAL ADVISORY FIC MULTIMERCADO;19/08/2022;1,632089
LEGACY CAPITAL ADVISORY FIC MULTIMERCADO;22/08/2022;1,640522
LEGACY CAPITAL ADVISORY FIC MULTIMERCADO;23/08/2022;1,640298
LEGACY CAPITAL ADVISORY FIC MULTIMERCADO;24/08/2022;1,644106
LEGACY CAPITAL ADVISORY FIC MULTIMERCADO;25/08/2022;1,639041
LEGACY CAPITAL ADVISORY FIC MULTIMERCADO;26/08/2022;1,648735
LEGACY CAPITAL ADVISORY FIC MULTIMERCADO;29/08/2022;1,650867
LEGACY CAPITAL ADVISORY FIC MULTIMERCADO;30/08/2022;1,657507
LEGACY CAPITAL ADVISORY FIC MULTIMERCADO;31/08/2022;1,665791
LEGACY CAPITAL ADVISORY FIC MULTIMERCADO;01/09/2022;1,667359
LEGACY CAPITAL ADVISORY FIC MULTIMERCADO;02/09/2022;1,669707
LEGACY CAPITAL ADVISORY FIC MULTIMERCADO;05/09/2022;1,669361
LEGACY CAPITAL ADVISORY FIC MULTIMERCADO;06/09/2022;1,654459
LEGACY CAPITAL ADVISORY FIC MULTIMERCADO;08/09/2022;1,654728
LEGACY CAPITAL ADVISORY FIC MULTIMERCADO;09/09/2022;1,660084
LEGACY CAPITAL ADVISORY FIC MULTIMERCADO;12/09/2022;1,65567
LEGACY CAPITAL ADVISORY FIC MULTIMERCADO;13/09/2022;1,655083
LEGACY CAPITAL ADVISORY FIC MULTIMERCADO;14/09/2022;1,663017
LEGACY CAPITAL ADVISORY FIC MULTIMERCADO;15/09/2022;1,661632
LEGACY CAPITAL ADVISORY FIC MULTIMERCADO;16/09/2022;1,659524
LEGACY CAPITAL ADVISORY FIC MULTIMERCADO;19/09/2022;1,65908
LEGACY CAPITAL ADVISORY FIC MULTIMERCADO;20/09/2022;1,659515
LEGACY CAPITAL ADVISORY FIC MULTIMERCADO;21/09/2022;1,667347
LEGACY CAPITAL ADVISORY FIC MULTIMERCADO;22/09/2022;1,684405
LEGACY CAPITAL ADVISORY FIC MULTIMERCADO;23/09/2022;1,684638
LEGACY CAPITAL ADVISORY FIC MULTIMERCADO;26/09/2022;1,677888
LEGACY CAPITAL ADVISORY FIC MULTIMERCADO;27/09/2022;1,682603
LEGACY CAPITAL ADVISORY FIC MULTIMERCADO;28/09/2022;1,685167
LEGACY CAPITAL ADVISORY FIC MULTIMERCADO;29/09/2022;1,689353
LEGACY CAPITAL ADVISORY FIC MULTIMERCADO;30/09/2022;1,697274
LEGACY CAPITAL ADVISORY FIC MULTIMERCADO;03/10/2022;1,711596
LEGACY CAPITAL ADVISORY FIC MULTIMERCADO;04/10/2022;1,704729
LEGACY CAPITAL ADVISORY FIC MULTIMERCADO;05/10/2022;1,709924
LEGACY CAPITAL ADVISORY FIC MULTIMERCADO;06/10/2022;1,715234
LEGACY CAPITAL ADVISORY FIC MULTIMERCADO;07/10/2022;1,726096
LEGACY CAPITAL ADVISORY FIC MULTIMERCADO;10/10/2022;1,72969
LEGACY CAPITAL ADVISORY FIC MULTIMERCADO;11/10/2022;1,726965
LEGACY CAPITAL ADVISORY FIC MULTIMERCADO;13/10/2022;1,725912
LEGACY CAPITAL ADVISORY FIC MULTIMERCADO;14/10/2022;1,727837
LEGACY CAPITAL ADVISORY FIC MULTIMERCADO;17/10/2022;1,7264
LEGACY CAPITAL ADVISORY FIC MULTIMERCADO;18/10/2022;1,721794
LEGACY CAPITAL ADVISORY FIC MULTIMERCADO;19/10/2022;1,72754
LEGACY CAPITAL ADVISORY FIC MULTIMERCADO;20/10/2022;1,738378
LEGACY CAPITAL ADVISORY FIC MULTIMERCADO;21/10/2022;1,742419
LEGACY CAPITAL ADVISORY FIC MULTIMERCADO;24/10/2022;1,725009
LEGACY CAPITAL ADVISORY FIC MULTIMERCADO;25/10/2022;1,710763
LEGACY CAPITAL ADVISORY FIC MULTIMERCADO;26/10/2022;1,70529
LEGACY CAPITAL ADVISORY FIC MULTIMERCADO;27/10/2022;1,700537
LEGACY CAPITAL ADVISORY FIC MULTIMERCADO;28/10/2022;1,698665
LEGACY CAPITAL ADVISORY FIC MULTIMERCADO;31/10/2022;1,697198
LEGACY CAPITAL ADVISORY FIC MULTIMERCADO;01/11/2022;1,699958
LEGACY CAPITAL ADVISORY FIC MULTIMERCADO;03/11/2022;1,705746
LEGACY CAPITAL ADVISORY FIC MULTIMERCADO;04/11/2022;1,714546
LEGACY CAPITAL ADVISORY FIC MULTIMERCADO;07/11/2022;1,713921
LEGACY CAPITAL ADVISORY FIC MULTIMERCADO;08/11/2022;1,709647
LEGACY CAPITAL ADVISORY FIC MULTIMERCADO;09/11/2022;1,712179
LEGACY CAPITAL ADVISORY FIC MULTIMERCADO;10/11/2022;1,710274
LEGACY CAPITAL ADVISORY FIC MULTIMERCADO;11/11/2022;1,700427
LEGACY CAPITAL ADVISORY FIC MULTIMERCADO;14/11/2022;1,70235
LEGACY CAPITAL ADVISORY FIC MULTIMERCADO;16/11/2022;1,698934
LEGACY CAPITAL ADVISORY FIC MULTIMERCADO;17/11/2022;1,696222
LEGACY CAPITAL ADVISORY FIC MULTIMERCADO;18/11/2022;1,694346
LEGACY CAPITAL ADVISORY FIC MULTIMERCADO;21/11/2022;1,692157
LEGACY CAPITAL ADVISORY FIC MULTIMERCADO;22/11/2022;1,692045
LEGACY CAPITAL ADVISORY FIC MULTIMERCADO;23/11/2022;1,688047
LEGACY CAPITAL ADVISORY FIC MULTIMERCADO;24/11/2022;1,68291
LEGACY CAPITAL ADVISORY FIC MULTIMERCADO;25/11/2022;1,689427
LEGACY CAPITAL ADVISORY FIC MULTIMERCADO;28/11/2022;1,697205
LEGACY CAPITAL ADVISORY FIC MULTIMERCADO;29/11/2022;1,70034
LEGACY CAPITAL ADVISORY FIC MULTIMERCADO;30/11/2022;1,692788
LEGACY CAPITAL ADVISORY FIC MULTIMERCADO;01/12/2022;1,698482
LEGACY CAPITAL ADVISORY FIC MULTIMERCADO;02/12/2022;1,697073
LEGACY CAPITAL ADVISORY FIC MULTIMERCADO;05/12/2022;1,699674
LEGACY CAPITAL ADVISORY FIC MULTIMERCADO;06/12/2022;1,695255
LEGACY CAPITAL ADVISORY FIC MULTIMERCADO;07/12/2022;1,698901
LEGACY CAPITAL ADVISORY FIC MULTIMERCADO;08/12/2022;1,69916
LEGACY CAPITAL ADVISORY FIC MULTIMERCADO;09/12/2022;1,704681
LEGACY CAPITAL ADVISORY FIC MULTIMERCADO;12/12/2022;1,705556
LEGACY CAPITAL ADVISORY FIC MULTIMERCADO;13/12/2022;1,710367
LEGACY CAPITAL ADVISORY FIC MULTIMERCADO;14/12/2022;1,709601
LEGACY CAPITAL ADVISORY FIC MULTIMERCADO;15/12/2022;1,715901
LEGACY CAPITAL ADVISORY FIC MULTIMERCADO;16/12/2022;1,717768
LEGACY CAPITAL ADVISORY FIC MULTIMERCADO;19/12/2022;1,714277
LEGACY CAPITAL ADVISORY FIC MULTIMERCADO;20/12/2022;1,710167
LEGACY CAPITAL ADVISORY FIC MULTIMERCADO;21/12/2022;1,712418
LEGACY CAPITAL ADVISORY FIC MULTIMERCADO;22/12/2022;1,715182
LEGACY CAPITAL ADVISORY FIC MULTIMERCADO;23/12/2022;1,715882
LEGACY CAPITAL ADVISORY FIC MULTIMERCADO;26/12/2022;1,720559
LEGACY CAPITAL ADVISORY FIC MULTIMERCADO;27/12/2022;1,724955
LEGACY CAPITAL ADVISORY FIC MULTIMERCADO;28/12/2022;1,725096
LEGACY CAPITAL ADVISORY FIC MULTIMERCADO;29/12/2022;1,726051
LEGACY CAPITAL ADVISORY FIC MULTIMERCADO;30/12/2022;1,733446
LEGACY CAPITAL ADVISORY FIC MULTIMERCADO;02/01/2023;1,739038
LEGACY CAPITAL ADVISORY FIC MULTIMERCADO;03/01/2023;1,742718
LEGACY CAPITAL ADVISORY FIC MULTIMERCADO;04/01/2023;1,733249
LEGACY CAPITAL ADVISORY FIC MULTIMERCADO;05/01/2023;1,727159
LEGACY CAPITAL ADVISORY FIC MULTIMERCADO;06/01/2023;1,716683
LEGACY CAPITAL ADVISORY FIC MULTIMERCADO;09/01/2023;1,722013
LEGACY CAPITAL ADVISORY FIC MULTIMERCADO;10/01/2023;1,720372
LEGACY CAPITAL ADVISORY FIC MULTIMERCADO;11/01/2023;1,720832
LEGACY CAPITAL ADVISORY FIC MULTIMERCADO;12/01/2023;1,726449
LEGACY CAPITAL ADVISORY FIC MULTIMERCADO;13/01/2023;1,732404
LEGACY CAPITAL ADVISORY FIC MULTIMERCADO;16/01/2023;1,737012
LEGACY CAPITAL ADVISORY FIC MULTIMERCADO;17/01/2023;1,736972
LEGACY CAPITAL ADVISORY FIC MULTIMERCADO;18/01/2023;1,736177
LEGACY CAPITAL ADVISORY FIC MULTIMERCADO;19/01/2023;1,736027
LEGACY CAPITAL ADVISORY FIC MULTIMERCADO;20/01/2023;1,74147
LEGACY CAPITAL ADVISORY FIC MULTIMERCADO;23/01/2023;1,742738
LEGACY CAPITAL ADVISORY FIC MULTIMERCADO;24/01/2023;1,734938
LEGACY CAPITAL ADVISORY FIC MULTIMERCADO;25/01/2023;1,734231
LEGACY CAPITAL ADVISORY FIC MULTIMERCADO;26/01/2023;1,736835
LEGACY CAPITAL ADVISORY FIC MULTIMERCADO;27/01/2023;1,742514
LEGACY CAPITAL ADVISORY FIC MULTIMERCADO;30/01/2023;1,741003
LEGACY CAPITAL ADVISORY FIC MULTIMERCADO;31/01/2023;1,735627
LEGACY CAPITAL ADVISORY FIC MULTIMERCADO;01/02/2023;1,735945
LEGACY CAPITAL ADVISORY FIC MULTIMERCADO;02/02/2023;1,74949
LEGACY CAPITAL ADVISORY FIC MULTIMERCADO;03/02/2023;1,746675
LEGACY CAPITAL ADVISORY FIC MULTIMERCADO;06/02/2023;1,746205
LEGACY CAPITAL ADVISORY FIC MULTIMERCADO;07/02/2023;1,752411
LEGACY CAPITAL ADVISORY FIC MULTIMERCADO;08/02/2023;1,746626
LEGACY CAPITAL ADVISORY FIC MULTIMERCADO;09/02/2023;1,744459
LEGACY CAPITAL ADVISORY FIC MULTIMERCADO;10/02/2023;1,747071
LEGACY CAPITAL ADVISORY FIC MULTIMERCADO;13/02/2023;1,740233
LEGACY CAPITAL ADVISORY FIC MULTIMERCADO;14/02/2023;1,743191
LEGACY CAPITAL ADVISORY FIC MULTIMERCADO;15/02/2023;1,739687
LEGACY CAPITAL ADVISORY FIC MULTIMERCADO;16/02/2023;1,740875
LEGACY CAPITAL ADVISORY FIC MULTIMERCADO;17/02/2023;1,739566
LEGACY CAPITAL ADVISORY FIC MULTIMERCADO;22/02/2023;1,745043
LEGACY CAPITAL ADVISORY FIC MULTIMERCADO;23/02/2023;1,741997
LEGACY CAPITAL ADVISORY FIC MULTIMERCADO;24/02/2023;1,750645
LEGACY CAPITAL ADVISORY FIC MULTIMERCADO;27/02/2023;1,747028
LEGACY CAPITAL ADVISORY FIC MULTIMERCADO;28/02/2023;1,756049
LEGACY CAPITAL ADVISORY FIC MULTIMERCADO;01/03/2023;1,760988
LEGACY CAPITAL ADVISORY FIC MULTIMERCADO;02/03/2023;1,760537
LEGACY CAPITAL ADVISORY FIC MULTIMERCADO;03/03/2023;1,756984
LEGACY CAPITAL ADVISORY FIC MULTIMERCADO;06/03/2023;1,756264
LEGACY CAPITAL ADVISORY FIC MULTIMERCADO;07/03/2023;1,762365
LEGACY CAPITAL ADVISORY FIC MULTIMERCADO;08/03/2023;1,756661
LEGACY CAPITAL ADVISORY FIC MULTIMERCADO;09/03/2023;1,75317
LEGACY CAPITAL ADVISORY FIC MULTIMERCADO;10/03/2023;1,756229
LEGACY CAPITAL ADVISORY FIC MULTIMERCADO;13/03/2023;1,742959
LEGACY CAPITAL ADVISORY FIC MULTIMERCADO;14/03/2023;1,749783
LEGACY CAPITAL ADVISORY FIC MULTIMERCADO;15/03/2023;1,749851
LEGACY CAPITAL ADVISORY FIC MULTIMERCADO;16/03/2023;1,747258
LEGACY CAPITAL ADVISORY FIC MULTIMERCADO;17/03/2023;1,748802
LEGACY CAPITAL ADVISORY FIC MULTIMERCADO;20/03/2023;1,752299
LEGACY CAPITAL ADVISORY FIC MULTIMERCADO;21/03/2023;1,751575
LEGACY CAPITAL ADVISORY FIC MULTIMERCADO;22/03/2023;1,754793
LEGACY CAPITAL ADVISORY FIC MULTIMERCADO;23/03/2023;1,759211
LEGACY CAPITAL ADVISORY FIC MULTIMERCADO;24/03/2023;1,764403
LEGACY CAPITAL ADVISORY FIC MULTIMERCADO;27/03/2023;1,764712
LEGACY CAPITAL ADVISORY FIC MULTIMERCADO;28/03/2023;1,761269
LEGACY CAPITAL ADVISORY FIC MULTIMERCADO;29/03/2023;1,752792
LEGACY CAPITAL ADVISORY FIC MULTIMERCADO;30/03/2023;1,751761
LEGACY CAPITAL ADVISORY FIC MULTIMERCADO;31/03/2023;1,753881
LEGACY CAPITAL ADVISORY FIC MULTIMERCADO;03/04/2023;1,755253
LEGACY CAPITAL ADVISORY FIC MULTIMERCADO;04/04/2023;1,760248
LEGACY CAPITAL ADVISORY FIC MULTIMERCADO;05/04/2023;1,757374
LEGACY CAPITAL ADVISORY FIC MULTIMERCADO;06/04/2023;1,757701
LEGACY CAPITAL ADVISORY FIC MULTIMERCADO;10/04/2023;1,756052
LEGACY CAPITAL ADVISORY FIC MULTIMERCADO;11/04/2023;1,751976
LEGACY CAPITAL ADVISORY FIC MULTIMERCADO;12/04/2023;1,754847
LEGACY CAPITAL ADVISORY FIC MULTIMERCADO;13/04/2023;1,75634
LEGACY CAPITAL ADVISORY FIC MULTIMERCADO;14/04/2023;1,752821
LEGACY CAPITAL ADVISORY FIC MULTIMERCADO;17/04/2023;1,747568
LEGACY CAPITAL ADVISORY FIC MULTIMERCADO;18/04/2023;1,750305
LEGACY CAPITAL ADVISORY FIC MULTIMERCADO;19/04/2023;1,748907
LEGACY CAPITAL ADVISORY FIC MULTIMERCADO;20/04/2023;1,753607
LEGACY CAPITAL ADVISORY FIC MULTIMERCADO;24/04/2023;1,758557
LEGACY CAPITAL ADVISORY FIC MULTIMERCADO;25/04/2023;1,76531
LEGACY CAPITAL ADVISORY FIC MULTIMERCADO;26/04/2023;1,768079
LEGACY CAPITAL ADVISORY FIC MULTIMERCADO;27/04/2023;1,755889
LEGACY CAPITAL ADVISORY FIC MULTIMERCADO;28/04/2023;1,746762
LEGACY CAPITAL ADVISORY FIC MULTIMERCADO;02/05/2023;1,754147
LEGACY CAPITAL ADVISORY FIC MULTIMERCADO;03/05/2023;1,760666
LEGACY CAPITAL ADVISORY FIC MULTIMERCADO;04/05/2023;1,773313
LEGACY CAPITAL ADVISORY FIC MULTIMERCADO;05/05/2023;1,768149
LEGACY CAPITAL ADVISORY FIC MULTIMERCADO;08/05/2023;1,767734
LEGACY CAPITAL ADVISORY FIC MULTIMERCADO;09/05/2023;1,764862
LEGACY CAPITAL ADVISORY FIC MULTIMERCADO;10/05/2023;1,769393
LEGACY CAPITAL ADVISORY FIC MULTIMERCADO;11/05/2023;1,773156
LEGACY CAPITAL ADVISORY FIC MULTIMERCADO;12/05/2023;1,775474
LEGACY CAPITAL ADVISORY FIC MULTIMERCADO;15/05/2023;1,778106
LEGACY CAPITAL ADVISORY FIC MULTIMERCADO;16/05/2023;1,776224
LEGACY CAPITAL ADVISORY FIC MULTIMERCADO;17/05/2023;1,76963
LEGACY CAPITAL ADVISORY FIC MULTIMERCADO;18/05/2023;1,762658
LEGACY CAPITAL ADVISORY FIC MULTIMERCADO;19/05/2023;1,765058
LEGACY CAPITAL ADVISORY FIC MULTIMERCADO;22/05/2023;1,764522
LEGACY CAPITAL ADVISORY FIC MULTIMERCADO;23/05/2023;1,767892
LEGACY CAPITAL ADVISORY FIC MULTIMERCADO;24/05/2023;1,774805
LEGACY CAPITAL ADVISORY FIC MULTIMERCADO;25/05/2023;1,768708
LEGACY CAPITAL ADVISORY FIC MULTIMERCADO;26/05/2023;1,769286
LEGACY CAPITAL ADVISORY FIC MULTIMERCADO;29/05/2023;1,767961
LEGACY CAPITAL ADVISORY FIC MULTIMERCADO;30/05/2023;1,776024
LEGACY CAPITAL ADVISORY FIC MULTIMERCADO;31/05/2023;1,783258
LEGACY CAPITAL ADVISORY FIC MULTIMERCADO;01/06/2023;1,780817
LEGACY CAPITAL ADVISORY FIC MULTIMERCADO;02/06/2023;1,77392
LEGACY CAPITAL ADVISORY FIC MULTIMERCADO;05/06/2023;1,778279
LEGACY CAPITAL ADVISORY FIC MULTIMERCADO;06/06/2023;1,776851
LEGACY CAPITAL ADVISORY FIC MULTIMERCADO;07/06/2023;1,775519
LEGACY CAPITAL ADVISORY FIC MULTIMERCADO;09/06/2023;1,781201
LEGACY CAPITAL ADVISORY FIC MULTIMERCADO;12/06/2023;1,781611
LEGACY CAPITAL ADVISORY FIC MULTIMERCADO;13/06/2023;1,777434
LEGACY CAPITAL ADVISORY FIC MULTIMERCADO;14/06/2023;1,776929
LEGACY CAPITAL ADVISORY FIC MULTIMERCADO;15/06/2023;1,777649
LEGACY CAPITAL ADVISORY FIC MULTIMERCADO;16/06/2023;1,777817
LEGACY CAPITAL ADVISORY FIC MULTIMERCADO;19/06/2023;1,777001
LEGACY CAPITAL ADVISORY FIC MULTIMERCADO;20/06/2023;1,781653
LEGACY CAPITAL ADVISORY FIC MULTIMERCADO;21/06/2023;1,783883
LEGACY CAPITAL ADVISORY FIC MULTIMERCADO;22/06/2023;1,78573
LEGACY CAPITAL ADVISORY FIC MULTIMERCADO;23/06/2023;1,792694
LEGACY CAPITAL ADVISORY FIC MULTIMERCADO;26/06/2023;1,798219
LEGACY CAPITAL ADVISORY FIC MULTIMERCADO;27/06/2023;1,792482
LEGACY CAPITAL ADVISORY FIC MULTIMERCADO;28/06/2023;1,794294
LEGACY CAPITAL ADVISORY FIC MULTIMERCADO;29/06/2023;1,788034
LEGACY CAPITAL ADVISORY FIC MULTIMERCADO;30/06/2023;1,789008
LEGACY CAPITAL ADVISORY FIC MULTIMERCADO;03/07/2023;1,789529
LEGACY CAPITAL ADVISORY FIC MULTIMERCADO;04/07/2023;1,789131
LEGACY CAPITAL ADVISORY FIC MULTIMERCADO;05/07/2023;1,790442
LEGACY CAPITAL ADVISORY FIC MULTIMERCADO;06/07/2023;1,784546
LEGACY CAPITAL ADVISORY FIC MULTIMERCADO;07/07/2023;1,788975
LEGACY CAPITAL ADVISORY FIC MULTIMERCADO;10/07/2023;1,788942
LEGACY CAPITAL ADVISORY FIC MULTIMERCADO;11/07/2023;1,787979
LEGACY CAPITAL ADVISORY FIC MULTIMERCADO;12/07/2023;1,796302
LEGACY CAPITAL ADVISORY FIC MULTIMERCADO;13/07/2023;1,795926
LEGACY CAPITAL ADVISORY FIC MULTIMERCADO;14/07/2023;1,795539
LEGACY CAPITAL ADVISORY FIC MULTIMERCADO;17/07/2023;1,800996
LEGACY CAPITAL ADVISORY FIC MULTIMERCADO;18/07/2023;1,803916
LEGACY CAPITAL ADVISORY FIC MULTIMERCADO;19/07/2023;1,802943
LEGACY CAPITAL ADVISORY FIC MULTIMERCADO;20/07/2023;1,800501
LEGACY CAPITAL ADVISORY FIC MULTIMERCADO;21/07/2023;1,805971
LEGACY CAPITAL ADVISORY FIC MULTIMERCADO;24/07/2023;1,80828
LEGACY CAPITAL ADVISORY FIC MULTIMERCADO;25/07/2023;1,808541
LEGACY CAPITAL ADVISORY FIC MULTIMERCADO;26/07/2023;1,810626
LEGACY CAPITAL ADVISORY FIC MULTIMERCADO;27/07/2023;1,809318
LEGACY CAPITAL ADVISORY FIC MULTIMERCADO;28/07/2023;1,81283
LEGACY CAPITAL ADVISORY FIC MULTIMERCADO;31/07/2023;1,820951
LEGACY CAPITAL ADVISORY FIC MULTIMERCADO;01/08/2023;1,818132
LEGACY CAPITAL ADVISORY FIC MULTIMERCADO;02/08/2023;1,819564
LEGACY CAPITAL ADVISORY FIC MULTIMERCADO;03/08/2023;1,826656
LEGACY CAPITAL ADVISORY FIC MULTIMERCADO;04/08/2023;1,829751
LEGACY CAPITAL ADVISORY FIC MULTIMERCADO;07/08/2023;1,826719
LEGACY CAPITAL ADVISORY FIC MULTIMERCADO;08/08/2023;1,830508
LEGACY CAPITAL ADVISORY FIC MULTIMERCADO;09/08/2023;1,833876
LEGACY CAPITAL ADVISORY FIC MULTIMERCADO;10/08/2023;1,836867
LEGACY CAPITAL ADVISORY FIC MULTIMERCADO;11/08/2023;1,838424
LEGACY CAPITAL ADVISORY FIC MULTIMERCADO;14/08/2023;1,83146
LEGACY CAPITAL ADVISORY FIC MULTIMERCADO;15/08/2023;1,830948
LEGACY CAPITAL ADVISORY FIC MULTIMERCADO;16/08/2023;1,832123
LEGACY CAPITAL ADVISORY FIC MULTIMERCADO;17/08/2023;1,828755
LEGACY CAPITAL ADVISORY FIC MULTIMERCADO;18/08/2023;1,828455
LEGACY CAPITAL ADVISORY FIC MULTIMERCADO;21/08/2023;1,825463
LEGACY CAPITAL ADVISORY FIC MULTIMERCADO;22/08/2023;1,828897
LEGACY CAPITAL ADVISORY FIC MULTIMERCADO;23/08/2023;1,834887
LEGACY CAPITAL ADVISORY FIC MULTIMERCADO;24/08/2023;1,835685
LEGACY CAPITAL ADVISORY FIC MULTIMERCADO;25/08/2023;1,831334
LEGACY CAPITAL ADVISORY FIC MULTIMERCADO;28/08/2023;1,829648
LEGACY CAPITAL ADVISORY FIC MULTIMERCADO;29/08/2023;1,831583
LEGACY CAPITAL ADVISORY FIC MULTIMERCADO;30/08/2023;1,831022
LEGACY CAPITAL ADVISORY FIC MULTIMERCADO;31/08/2023;1,821318
LEGACY CAPITAL ADVISORY FIC MULTIMERCADO;01/09/2023;1,821346
LEGACY CAPITAL ADVISORY FIC MULTIMERCADO;04/09/2023;1,820259
LEGACY CAPITAL ADVISORY FIC MULTIMERCADO;05/09/2023;1,813103
LEGACY CAPITAL ADVISORY FIC MULTIMERCADO;06/09/2023;1,809102
LEGACY CAPITAL ADVISORY FIC MULTIMERCADO;08/09/2023;1,813817
LEGACY CAPITAL ADVISORY FIC MULTIMERCADO;11/09/2023;1,819386
LEGACY CAPITAL ADVISORY FIC MULTIMERCADO;12/09/2023;1,827314
LEGACY CAPITAL ADVISORY FIC MULTIMERCADO;13/09/2023;1,832305
LEGACY CAPITAL ADVISORY FIC MULTIMERCADO;14/09/2023;1,831741
LEGACY CAPITAL ADVISORY FIC MULTIMERCADO;15/09/2023;1,830058
LEGACY CAPITAL ADVISORY FIC MULTIMERCADO;18/09/2023;1,823609
LEGACY CAPITAL ADVISORY FIC MULTIMERCADO;19/09/2023;1,817611
LEGACY CAPITAL ADVISORY FIC MULTIMERCADO;20/09/2023;1,817734
LEGACY CAPITAL ADVISORY FIC MULTIMERCADO;21/09/2023;1,820022
LEGACY CAPITAL ADVISORY FIC MULTIMERCADO;22/09/2023;1,822743
LEGACY CAPITAL ADVISORY FIC MULTIMERCADO;25/09/2023;1,819105
LEGACY CAPITAL ADVISORY FIC MULTIMERCADO;26/09/2023;1,804488
LEGACY CAPITAL ADVISORY FIC MULTIMERCADO;27/09/2023;1,792758
LEGACY CAPITAL ADVISORY FIC MULTIMERCADO;28/09/2023;1,799211
LEGACY CAPITAL ADVISORY FIC MULTIMERCADO;29/09/2023;1,802487
LEGACY CAPITAL ADVISORY FIC MULTIMERCADO;02/10/2023;1,79111
LEGACY CAPITAL ADVISORY FIC MULTIMERCADO;03/10/2023;1,779179
LEGACY CAPITAL ADVISORY FIC MULTIMERCADO;04/10/2023;1,789864
LEGACY CAPITAL ADVISORY FIC MULTIMERCADO;05/10/2023;1,78914
LEGACY CAPITAL ADVISORY FIC MULTIMERCADO;06/10/2023;1,791446
LEGACY CAPITAL ADVISORY FIC MULTIMERCADO;09/10/2023;1,799007
LEGACY CAPITAL ADVISORY FIC MULTIMERCADO;10/10/2023;1,801999
LEGACY CAPITAL ADVISORY FIC MULTIMERCADO;11/10/2023;1,790821
LEGACY CAPITAL ADVISORY FIC MULTIMERCADO;13/10/2023;1,785851
LEGACY CAPITAL ADVISORY FIC MULTIMERCADO;16/10/2023;1,787252
LEGACY CAPITAL ADVISORY FIC MULTIMERCADO;17/10/2023;1,773243
LEGACY CAPITAL ADVISORY FIC MULTIMERCADO;18/10/2023;1,767842
LEGACY CAPITAL ADVISORY FIC MULTIMERCADO;19/10/2023;1,763545
LEGACY CAPITAL ADVISORY FIC MULTIMERCADO;20/10/2023;1,771885
LEGACY CAPITAL ADVISORY FIC MULTIMERCADO;23/10/2023;1,77273
LEGACY CAPITAL ADVISORY FIC MULTIMERCADO;24/10/2023;1,775883
LEGACY CAPITAL ADVISORY FIC MULTIMERCADO;25/10/2023;1,774166
LEGACY CAPITAL ADVISORY FIC MULTIMERCADO;26/10/2023;1,78279
LEGACY CAPITAL ADVISORY FIC MULTIMERCADO;27/10/2023;1,77556
LEGACY CAPITAL ADVISORY FIC MULTIMERCADO;30/10/2023;1,76375
LEGACY CAPITAL ADVISORY FIC MULTIMERCADO;31/10/2023;1,762075
LEGACY CAPITAL ADVISORY FIC MULTIMERCADO;01/11/2023;1,770151
LEGACY CAPITAL ADVISORY FIC MULTIMERCADO;03/11/2023;1,784116
LEGACY CAPITAL ADVISORY FIC MULTIMERCADO;06/11/2023;1,776764
LEGACY CAPITAL ADVISORY FIC MULTIMERCADO;07/11/2023;1,784208
LEGACY CAPITAL ADVISORY FIC MULTIMERCADO;08/11/2023;1,785736
LEGACY CAPITAL ADVISORY FIC MULTIMERCADO;09/11/2023;1,782459
OCCAM RETORNO ABSOLUTO ADVISORY FIC MULTIMERCADO;16/12/2019;1
OCCAM RETORNO ABSOLUTO ADVISORY FIC MULTIMERCADO;17/12/2019;0,996713
OCCAM RETORNO ABSOLUTO ADVISORY FIC MULTIMERCADO;18/12/2019;1,000875
OCCAM RETORNO ABSOLUTO ADVISORY FIC MULTIMERCADO;19/12/2019;0,999729
OCCAM RETORNO ABSOLUTO ADVISORY FIC MULTIMERCADO;20/12/2019;1,001189
OCCAM RETORNO ABSOLUTO ADVISORY FIC MULTIMERCADO;23/12/2019;1,003405
OCCAM RETORNO ABSOLUTO ADVISORY FIC MULTIMERCADO;24/12/2019;1,003567
OCCAM RETORNO ABSOLUTO ADVISORY FIC MULTIMERCADO;26/12/2019;1,006676
OCCAM RETORNO ABSOLUTO ADVISORY FIC MULTIMERCADO;27/12/2019;1,007008
OCCAM RETORNO ABSOLUTO ADVISORY FIC MULTIMERCADO;30/12/2019;1,006362
OCCAM RETORNO ABSOLUTO ADVISORY FIC MULTIMERCADO;31/12/2019;1,006485
OCCAM RETORNO ABSOLUTO ADVISORY FIC MULTIMERCADO;02/01/2020;1,013061
OCCAM RETORNO ABSOLUTO ADVISORY FIC MULTIMERCADO;03/01/2020;1,011155
OCCAM RETORNO ABSOLUTO ADVISORY FIC MULTIMERCADO;06/01/2020;1,011386
OCCAM RETORNO ABSOLUTO ADVISORY FIC MULTIMERCADO;07/01/2020;1,011597
OCCAM RETORNO ABSOLUTO ADVISORY FIC MULTIMERCADO;08/01/2020;1,014586
OCCAM RETORNO ABSOLUTO ADVISORY FIC MULTIMERCADO;09/01/2020;1,016707
OCCAM RETORNO ABSOLUTO ADVISORY FIC MULTIMERCADO;10/01/2020;1,017341
OCCAM RETORNO ABSOLUTO ADVISORY FIC MULTIMERCADO;13/01/2020;1,021842
OCCAM RETORNO ABSOLUTO ADVISORY FIC MULTIMERCADO;14/01/2020;1,021775
OCCAM RETORNO ABSOLUTO ADVISORY FIC MULTIMERCADO;15/01/2020;1,02122
OCCAM RETORNO ABSOLUTO ADVISORY FIC MULTIMERCADO;16/01/2020;1,022617
OCCAM RETORNO ABSOLUTO ADVISORY FIC MULTIMERCADO;17/01/2020;1,027441
OCCAM RETORNO ABSOLUTO ADVISORY FIC MULTIMERCADO;20/01/2020;1,028912
OCCAM RETORNO ABSOLUTO ADVISORY FIC MULTIMERCADO;21/01/2020;1,027583
OCCAM RETORNO ABSOLUTO ADVISORY FIC MULTIMERCADO;22/01/2020;1,031222
OCCAM RETORNO ABSOLUTO ADVISORY FIC MULTIMERCADO;23/01/2020;1,031062
OCCAM RETORNO ABSOLUTO ADVISORY FIC MULTIMERCADO;24/01/2020;1,027854
OCCAM RETORNO ABSOLUTO ADVISORY FIC MULTIMERCADO;27/01/2020;1,017006
OCCAM RETORNO ABSOLUTO ADVISORY FIC MULTIMERCADO;28/01/2020;1,023709
OCCAM RETORNO ABSOLUTO ADVISORY FIC MULTIMERCADO;29/01/2020;1,025229
OCCAM RETORNO ABSOLUTO ADVISORY FIC MULTIMERCADO;30/01/2020;1,02483
OCCAM RETORNO ABSOLUTO ADVISORY FIC MULTIMERCADO;31/01/2020;1,018544
OCCAM RETORNO ABSOLUTO ADVISORY FIC MULTIMERCADO;03/02/2020;1,021721
OCCAM RETORNO ABSOLUTO ADVISORY FIC MULTIMERCADO;04/02/2020;1,025023
OCCAM RETORNO ABSOLUTO ADVISORY FIC MULTIMERCADO;05/02/2020;1,0266
OCCAM RETORNO ABSOLUTO ADVISORY FIC MULTIMERCADO;06/02/2020;1,025929
OCCAM RETORNO ABSOLUTO ADVISORY FIC MULTIMERCADO;07/02/2020;1,022133
OCCAM RETORNO ABSOLUTO ADVISORY FIC MULTIMERCADO;10/02/2020;1,017772
OCCAM RETORNO ABSOLUTO ADVISORY FIC MULTIMERCADO;11/02/2020;1,024323
OCCAM RETORNO ABSOLUTO ADVISORY FIC MULTIMERCADO;12/02/2020;1,02802
OCCAM RETORNO ABSOLUTO ADVISORY FIC MULTIMERCADO;13/02/2020;1,027419
OCCAM RETORNO ABSOLUTO ADVISORY FIC MULTIMERCADO;14/02/2020;1,028029
OCCAM RETORNO ABSOLUTO ADVISORY FIC MULTIMERCADO;17/02/2020;1,030277
OCCAM RETORNO ABSOLUTO ADVISORY FIC MULTIMERCADO;18/02/2020;1,029477
OCCAM RETORNO ABSOLUTO ADVISORY FIC MULTIMERCADO;19/02/2020;1,032979
OCCAM RETORNO ABSOLUTO ADVISORY FIC MULTIMERCADO;20/02/2020;1,030136
OCCAM RETORNO ABSOLUTO ADVISORY FIC MULTIMERCADO;21/02/2020;1,027821
OCCAM RETORNO ABSOLUTO ADVISORY FIC MULTIMERCADO;26/02/2020;1,011765
OCCAM RETORNO ABSOLUTO ADVISORY FIC MULTIMERCADO;27/02/2020;1,01032
OCCAM RETORNO ABSOLUTO ADVISORY FIC MULTIMERCADO;28/02/2020;1,013852
OCCAM RETORNO ABSOLUTO ADVISORY FIC MULTIMERCADO;02/03/2020;1,019493
OCCAM RETORNO ABSOLUTO ADVISORY FIC MULTIMERCADO;03/03/2020;1,021842
OCCAM RETORNO ABSOLUTO ADVISORY FIC MULTIMERCADO;04/03/2020;1,025887
OCCAM RETORNO ABSOLUTO ADVISORY FIC MULTIMERCADO;05/03/2020;1,019602
OCCAM RETORNO ABSOLUTO ADVISORY FIC MULTIMERCADO;06/03/2020;1,016986
OCCAM RETORNO ABSOLUTO ADVISORY FIC MULTIMERCADO;09/03/2020;1,009973
OCCAM RETORNO ABSOLUTO ADVISORY FIC MULTIMERCADO;10/03/2020;1,015767
OCCAM RETORNO ABSOLUTO ADVISORY FIC MULTIMERCADO;11/03/2020;1,010966
OCCAM RETORNO ABSOLUTO ADVISORY FIC MULTIMERCADO;12/03/2020;0,999785
OCCAM RETORNO ABSOLUTO ADVISORY FIC MULTIMERCADO;13/03/2020;1,008654
OCCAM RETORNO ABSOLUTO ADVISORY FIC MULTIMERCADO;16/03/2020;1,008467
OCCAM RETORNO ABSOLUTO ADVISORY FIC MULTIMERCADO;17/03/2020;1,01127
OCCAM RETORNO ABSOLUTO ADVISORY FIC MULTIMERCADO;18/03/2020;1,002086
OCCAM RETORNO ABSOLUTO ADVISORY FIC MULTIMERCADO;19/03/2020;1,004714
OCCAM RETORNO ABSOLUTO ADVISORY FIC MULTIMERCADO;20/03/2020;1,004184
OCCAM RETORNO ABSOLUTO ADVISORY FIC MULTIMERCADO;23/03/2020;1,007465
OCCAM RETORNO ABSOLUTO ADVISORY FIC MULTIMERCADO;24/03/2020;1,010851
OCCAM RETORNO ABSOLUTO ADVISORY FIC MULTIMERCADO;25/03/2020;1,012703
OCCAM RETORNO ABSOLUTO ADVISORY FIC MULTIMERCADO;26/03/2020;1,013562
OCCAM RETORNO ABSOLUTO ADVISORY FIC MULTIMERCADO;27/03/2020;1,010383
OCCAM RETORNO ABSOLUTO ADVISORY FIC MULTIMERCADO;30/03/2020;1,013254
OCCAM RETORNO ABSOLUTO ADVISORY FIC MULTIMERCADO;31/03/2020;1,013847
OCCAM RETORNO ABSOLUTO ADVISORY FIC MULTIMERCADO;01/04/2020;1,011542
OCCAM RETORNO ABSOLUTO ADVISORY FIC MULTIMERCADO;02/04/2020;1,011049
OCCAM RETORNO ABSOLUTO ADVISORY FIC MULTIMERCADO;03/04/2020;1,010736
OCCAM RETORNO ABSOLUTO ADVISORY FIC MULTIMERCADO;06/04/2020;1,011785
OCCAM RETORNO ABSOLUTO ADVISORY FIC MULTIMERCADO;07/04/2020;1,013745
OCCAM RETORNO ABSOLUTO ADVISORY FIC MULTIMERCADO;08/04/2020;1,013546
OCCAM RETORNO ABSOLUTO ADVISORY FIC MULTIMERCADO;09/04/2020;1,014146
OCCAM RETORNO ABSOLUTO ADVISORY FIC MULTIMERCADO;13/04/2020;1,016586
OCCAM RETORNO ABSOLUTO ADVISORY FIC MULTIMERCADO;14/04/2020;1,018482
OCCAM RETORNO ABSOLUTO ADVISORY FIC MULTIMERCADO;15/04/2020;1,020059
OCCAM RETORNO ABSOLUTO ADVISORY FIC MULTIMERCADO;16/04/2020;1,021839
OCCAM RETORNO ABSOLUTO ADVISORY FIC MULTIMERCADO;17/04/2020;1,022129
OCCAM RETORNO ABSOLUTO ADVISORY FIC MULTIMERCADO;20/04/2020;1,026627
OCCAM RETORNO ABSOLUTO ADVISORY FIC MULTIMERCADO;22/04/2020;1,02985
OCCAM RETORNO ABSOLUTO ADVISORY FIC MULTIMERCADO;23/04/2020;1,028868
OCCAM RETORNO ABSOLUTO ADVISORY FIC MULTIMERCADO;24/04/2020;1,02367
OCCAM RETORNO ABSOLUTO ADVISORY FIC MULTIMERCADO;27/04/2020;1,022259
OCCAM RETORNO ABSOLUTO ADVISORY FIC MULTIMERCADO;28/04/2020;1,026374
OCCAM RETORNO ABSOLUTO ADVISORY FIC MULTIMERCADO;29/04/2020;1,02779
OCCAM RETORNO ABSOLUTO ADVISORY FIC MULTIMERCADO;30/04/2020;1,026158
OCCAM RETORNO ABSOLUTO ADVISORY FIC MULTIMERCADO;04/05/2020;1,023938
OCCAM RETORNO ABSOLUTO ADVISORY FIC MULTIMERCADO;05/05/2020;1,025239
OCCAM RETORNO ABSOLUTO ADVISORY FIC MULTIMERCADO;06/05/2020;1,027592
OCCAM RETORNO ABSOLUTO ADVISORY FIC MULTIMERCADO;07/05/2020;1,031304
OCCAM RETORNO ABSOLUTO ADVISORY FIC MULTIMERCADO;08/05/2020;1,033263
OCCAM RETORNO ABSOLUTO ADVISORY FIC MULTIMERCADO;11/05/2020;1,032663
OCCAM RETORNO ABSOLUTO ADVISORY FIC MULTIMERCADO;12/05/2020;1,029236
OCCAM RETORNO ABSOLUTO ADVISORY FIC MULTIMERCADO;13/05/2020;1,027572
OCCAM RETORNO ABSOLUTO ADVISORY FIC MULTIMERCADO;14/05/2020;1,02758
OCCAM RETORNO ABSOLUTO ADVISORY FIC MULTIMERCADO;15/05/2020;1,029467
OCCAM RETORNO ABSOLUTO ADVISORY FIC MULTIMERCADO;18/05/2020;1,030579
OCCAM RETORNO ABSOLUTO ADVISORY FIC MULTIMERCADO;19/05/2020;1,031766
OCCAM RETORNO ABSOLUTO ADVISORY FIC MULTIMERCADO;20/05/2020;1,032947
OCCAM RETORNO ABSOLUTO ADVISORY FIC MULTIMERCADO;21/05/2020;1,032292
OCCAM RETORNO ABSOLUTO ADVISORY FIC MULTIMERCADO;22/05/2020;1,031909
OCCAM RETORNO ABSOLUTO ADVISORY FIC MULTIMERCADO;25/05/2020;1,036486
OCCAM RETORNO ABSOLUTO ADVISORY FIC MULTIMERCADO;26/05/2020;1,037713
OCCAM RETORNO ABSOLUTO ADVISORY FIC MULTIMERCADO;27/05/2020;1,038034
OCCAM RETORNO ABSOLUTO ADVISORY FIC MULTIMERCADO;28/05/2020;1,036752
OCCAM RETORNO ABSOLUTO ADVISORY FIC MULTIMERCADO;29/05/2020;1,038943
OCCAM RETORNO ABSOLUTO ADVISORY FIC MULTIMERCADO;01/06/2020;1,037641
OCCAM RETORNO ABSOLUTO ADVISORY FIC MULTIMERCADO;02/06/2020;1,038573
OCCAM RETORNO ABSOLUTO ADVISORY FIC MULTIMERCADO;03/06/2020;1,042077
OCCAM RETORNO ABSOLUTO ADVISORY FIC MULTIMERCADO;04/06/2020;1,040717
OCCAM RETORNO ABSOLUTO ADVISORY FIC MULTIMERCADO;05/06/2020;1,043869
OCCAM RETORNO ABSOLUTO ADVISORY FIC MULTIMERCADO;08/06/2020;1,049417
OCCAM RETORNO ABSOLUTO ADVISORY FIC MULTIMERCADO;09/06/2020;1,048916
OCCAM RETORNO ABSOLUTO ADVISORY FIC MULTIMERCADO;10/06/2020;1,04955
OCCAM RETORNO ABSOLUTO ADVISORY FIC MULTIMERCADO;12/06/2020;1,040452
OCCAM RETORNO ABSOLUTO ADVISORY FIC MULTIMERCADO;15/06/2020;1,042481
OCCAM RETORNO ABSOLUTO ADVISORY FIC MULTIMERCADO;16/06/2020;1,045817
OCCAM RETORNO ABSOLUTO ADVISORY FIC MULTIMERCADO;17/06/2020;1,048634
OCCAM RETORNO ABSOLUTO ADVISORY FIC MULTIMERCADO;18/06/2020;1,049161
OCCAM RETORNO ABSOLUTO ADVISORY FIC MULTIMERCADO;19/06/2020;1,049412
OCCAM RETORNO ABSOLUTO ADVISORY FIC MULTIMERCADO;22/06/2020;1,051816
OCCAM RETORNO ABSOLUTO ADVISORY FIC MULTIMERCADO;23/06/2020;1,054694
OCCAM RETORNO ABSOLUTO ADVISORY FIC MULTIMERCADO;24/06/2020;1,048946
OCCAM RETORNO ABSOLUTO ADVISORY FIC MULTIMERCADO;25/06/2020;1,05282
OCCAM RETORNO ABSOLUTO ADVISORY FIC MULTIMERCADO;26/06/2020;1,043851
OCCAM RETORNO ABSOLUTO ADVISORY FIC MULTIMERCADO;29/06/2020;1,047025
OCCAM RETORNO ABSOLUTO ADVISORY FIC MULTIMERCADO;30/06/2020;1,05019
OCCAM RETORNO ABSOLUTO ADVISORY FIC MULTIMERCADO;01/07/2020;1,053345
OCCAM RETORNO ABSOLUTO ADVISORY FIC MULTIMERCADO;02/07/2020;1,053929
OCCAM RETORNO ABSOLUTO ADVISORY FIC MULTIMERCADO;03/07/2020;1,055715
OCCAM RETORNO ABSOLUTO ADVISORY FIC MULTIMERCADO;06/07/2020;1,061649
OCCAM RETORNO ABSOLUTO ADVISORY FIC MULTIMERCADO;07/07/2020;1,061976
OCCAM RETORNO ABSOLUTO ADVISORY FIC MULTIMERCADO;08/07/2020;1,06955
OCCAM RETORNO ABSOLUTO ADVISORY FIC MULTIMERCADO;09/07/2020;1,073275
OCCAM RETORNO ABSOLUTO ADVISORY FIC MULTIMERCADO;10/07/2020;1,074859
OCCAM RETORNO ABSOLUTO ADVISORY FIC MULTIMERCADO;13/07/2020;1,069702
OCCAM RETORNO ABSOLUTO ADVISORY FIC MULTIMERCADO;14/07/2020;1,070676
OCCAM RETORNO ABSOLUTO ADVISORY FIC MULTIMERCADO;15/07/2020;1,072948
OCCAM RETORNO ABSOLUTO ADVISORY FIC MULTIMERCADO;16/07/2020;1,067705
OCCAM RETORNO ABSOLUTO ADVISORY FIC MULTIMERCADO;17/07/2020;1,072289
OCCAM RETORNO ABSOLUTO ADVISORY FIC MULTIMERCADO;20/07/2020;1,082949
OCCAM RETORNO ABSOLUTO ADVISORY FIC MULTIMERCADO;21/07/2020;1,078446
OCCAM RETORNO ABSOLUTO ADVISORY FIC MULTIMERCADO;22/07/2020;1,080262
OCCAM RETORNO ABSOLUTO ADVISORY FIC MULTIMERCADO;23/07/2020;1,072093
OCCAM RETORNO ABSOLUTO ADVISORY FIC MULTIMERCADO;24/07/2020;1,069288
OCCAM RETORNO ABSOLUTO ADVISORY FIC MULTIMERCADO;27/07/2020;1,072466
OCCAM RETORNO ABSOLUTO ADVISORY FIC MULTIMERCADO;28/07/2020;1,071496
OCCAM RETORNO ABSOLUTO ADVISORY FIC MULTIMERCADO;29/07/2020;1,073774
OCCAM RETORNO ABSOLUTO ADVISORY FIC MULTIMERCADO;30/07/2020;1,074806
OCCAM RETORNO ABSOLUTO ADVISORY FIC MULTIMERCADO;31/07/2020;1,075487
OCCAM RETORNO ABSOLUTO ADVISORY FIC MULTIMERCADO;03/08/2020;1,078253
OCCAM RETORNO ABSOLUTO ADVISORY FIC MULTIMERCADO;04/08/2020;1,078399
OCCAM RETORNO ABSOLUTO ADVISORY FIC MULTIMERCADO;05/08/2020;1,080524
OCCAM RETORNO ABSOLUTO ADVISORY FIC MULTIMERCADO;06/08/2020;1,084171
OCCAM RETORNO ABSOLUTO ADVISORY FIC MULTIMERCADO;07/08/2020;1,078708
OCCAM RETORNO ABSOLUTO ADVISORY FIC MULTIMERCADO;10/08/2020;1,077986
OCCAM RETORNO ABSOLUTO ADVISORY FIC MULTIMERCADO;11/08/2020;1,071465
OCCAM RETORNO ABSOLUTO ADVISORY FIC MULTIMERCADO;12/08/2020;1,075959
OCCAM RETORNO ABSOLUTO ADVISORY FIC MULTIMERCADO;13/08/2020;1,077106
OCCAM RETORNO ABSOLUTO ADVISORY FIC MULTIMERCADO;14/08/2020;1,076912
OCCAM RETORNO ABSOLUTO ADVISORY FIC MULTIMERCADO;17/08/2020;1,077616
OCCAM RETORNO ABSOLUTO ADVISORY FIC MULTIMERCADO;18/08/2020;1,082967
OCCAM RETORNO ABSOLUTO ADVISORY FIC MULTIMERCADO;19/08/2020;1,082704
OCCAM RETORNO ABSOLUTO ADVISORY FIC MULTIMERCADO;20/08/2020;1,08597
OCCAM RETORNO ABSOLUTO ADVISORY FIC MULTIMERCADO;21/08/2020;1,089133
OCCAM RETORNO ABSOLUTO ADVISORY FIC MULTIMERCADO;24/08/2020;1,09126
OCCAM RETORNO ABSOLUTO ADVISORY FIC MULTIMERCADO;25/08/2020;1,093164
OCCAM RETORNO ABSOLUTO ADVISORY FIC MULTIMERCADO;26/08/2020;1,100319
OCCAM RETORNO ABSOLUTO ADVISORY FIC MULTIMERCADO;27/08/2020;1,098426
OCCAM RETORNO ABSOLUTO ADVISORY FIC MULTIMERCADO;28/08/2020;1,097918
OCCAM RETORNO ABSOLUTO ADVISORY FIC MULTIMERCADO;31/08/2020;1,100877
OCCAM RETORNO ABSOLUTO ADVISORY FIC MULTIMERCADO;01/09/2020;1,106506
OCCAM RETORNO ABSOLUTO ADVISORY FIC MULTIMERCADO;02/09/2020;1,105903
OCCAM RETORNO ABSOLUTO ADVISORY FIC MULTIMERCADO;03/09/2020;1,083182
OCCAM RETORNO ABSOLUTO ADVISORY FIC MULTIMERCADO;04/09/2020;1,079298
OCCAM RETORNO ABSOLUTO ADVISORY FIC MULTIMERCADO;08/09/2020;1,073034
OCCAM RETORNO ABSOLUTO ADVISORY FIC MULTIMERCADO;09/09/2020;1,076534
OCCAM RETORNO ABSOLUTO ADVISORY FIC MULTIMERCADO;10/09/2020;1,073055
OCCAM RETORNO ABSOLUTO ADVISORY FIC MULTIMERCADO;11/09/2020;1,073007
OCCAM RETORNO ABSOLUTO ADVISORY FIC MULTIMERCADO;14/09/2020;1,075162
OCCAM RETORNO ABSOLUTO ADVISORY FIC MULTIMERCADO;15/09/2020;1,076491
OCCAM RETORNO ABSOLUTO ADVISORY FIC MULTIMERCADO;16/09/2020;1,075102
OCCAM RETORNO ABSOLUTO ADVISORY FIC MULTIMERCADO;17/09/2020;1,071843
OCCAM RETORNO ABSOLUTO ADVISORY FIC MULTIMERCADO;18/09/2020;1,073506
OCCAM RETORNO ABSOLUTO ADVISORY FIC MULTIMERCADO;21/09/2020;1,074475
OCCAM RETORNO ABSOLUTO ADVISORY FIC MULTIMERCADO;22/09/2020;1,075224
OCCAM RETORNO ABSOLUTO ADVISORY FIC MULTIMERCADO;23/09/2020;1,074071
OCCAM RETORNO ABSOLUTO ADVISORY FIC MULTIMERCADO;24/09/2020;1,07237
OCCAM RETORNO ABSOLUTO ADVISORY FIC MULTIMERCADO;25/09/2020;1,074107
OCCAM RETORNO ABSOLUTO ADVISORY FIC MULTIMERCADO;28/09/2020;1,078157
OCCAM RETORNO ABSOLUTO ADVISORY FIC MULTIMERCADO;29/09/2020;1,078641
OCCAM RETORNO ABSOLUTO ADVISORY FIC MULTIMERCADO;30/09/2020;1,080168
OCCAM RETORNO ABSOLUTO ADVISORY FIC MULTIMERCADO;01/10/2020;1,080485
OCCAM RETORNO ABSOLUTO ADVISORY FIC MULTIMERCADO;02/10/2020;1,080896
OCCAM RETORNO ABSOLUTO ADVISORY FIC MULTIMERCADO;05/10/2020;1,080169
OCCAM RETORNO ABSOLUTO ADVISORY FIC MULTIMERCADO;06/10/2020;1,079583
OCCAM RETORNO ABSOLUTO ADVISORY FIC MULTIMERCADO;07/10/2020;1,081671
OCCAM RETORNO ABSOLUTO ADVISORY FIC MULTIMERCADO;08/10/2020;1,080932
OCCAM RETORNO ABSOLUTO ADVISORY FIC MULTIMERCADO;09/10/2020;1,083385
OCCAM RETORNO ABSOLUTO ADVISORY FIC MULTIMERCADO;13/10/2020;1,085645
OCCAM RETORNO ABSOLUTO ADVISORY FIC MULTIMERCADO;14/10/2020;1,085464
OCCAM RETORNO ABSOLUTO ADVISORY FIC MULTIMERCADO;15/10/2020;1,08708
OCCAM RETORNO ABSOLUTO ADVISORY FIC MULTIMERCADO;16/10/2020;1,088279
OCCAM RETORNO ABSOLUTO ADVISORY FIC MULTIMERCADO;19/10/2020;1,08438
OCCAM RETORNO ABSOLUTO ADVISORY FIC MULTIMERCADO;20/10/2020;1,085849
OCCAM RETORNO ABSOLUTO ADVISORY FIC MULTIMERCADO;21/10/2020;1,08718
OCCAM RETORNO ABSOLUTO ADVISORY FIC MULTIMERCADO;22/10/2020;1,087495
OCCAM RETORNO ABSOLUTO ADVISORY FIC MULTIMERCADO;23/10/2020;1,090557
OCCAM RETORNO ABSOLUTO ADVISORY FIC MULTIMERCADO;26/10/2020;1,087601
OCCAM RETORNO ABSOLUTO ADVISORY FIC MULTIMERCADO;27/10/2020;1,089151
OCCAM RETORNO ABSOLUTO ADVISORY FIC MULTIMERCADO;28/10/2020;1,085115
OCCAM RETORNO ABSOLUTO ADVISORY FIC MULTIMERCADO;29/10/2020;1,087422
OCCAM RETORNO ABSOLUTO ADVISORY FIC MULTIMERCADO;30/10/2020;1,083348
OCCAM RETORNO ABSOLUTO ADVISORY FIC MULTIMERCADO;03/11/2020;1,08417
OCCAM RETORNO ABSOLUTO ADVISORY FIC MULTIMERCADO;04/11/2020;1,084367
OCCAM RETORNO ABSOLUTO ADVISORY FIC MULTIMERCADO;05/11/2020;1,08724
OCCAM RETORNO ABSOLUTO ADVISORY FIC MULTIMERCADO;06/11/2020;1,085439
OCCAM RETORNO ABSOLUTO ADVISORY FIC MULTIMERCADO;09/11/2020;1,079022
OCCAM RETORNO ABSOLUTO ADVISORY FIC MULTIMERCADO;10/11/2020;1,075509
OCCAM RETORNO ABSOLUTO ADVISORY FIC MULTIMERCADO;11/11/2020;1,079872
OCCAM RETORNO ABSOLUTO ADVISORY FIC MULTIMERCADO;12/11/2020;1,077796
OCCAM RETORNO ABSOLUTO ADVISORY FIC MULTIMERCADO;13/11/2020;1,078911
OCCAM RETORNO ABSOLUTO ADVISORY FIC MULTIMERCADO;16/11/2020;1,078519
OCCAM RETORNO ABSOLUTO ADVISORY FIC MULTIMERCADO;17/11/2020;1,076887
OCCAM RETORNO ABSOLUTO ADVISORY FIC MULTIMERCADO;18/11/2020;1,07622
OCCAM RETORNO ABSOLUTO ADVISORY FIC MULTIMERCADO;19/11/2020;1,077869
OCCAM RETORNO ABSOLUTO ADVISORY FIC MULTIMERCADO;20/11/2020;1,078585
OCCAM RETORNO ABSOLUTO ADVISORY FIC MULTIMERCADO;23/11/2020;1,081101
OCCAM RETORNO ABSOLUTO ADVISORY FIC MULTIMERCADO;24/11/2020;1,084371
OCCAM RETORNO ABSOLUTO ADVISORY FIC MULTIMERCADO;25/11/2020;1,085059
OCCAM RETORNO ABSOLUTO ADVISORY FIC MULTIMERCADO;26/11/2020;1,083936
OCCAM RETORNO ABSOLUTO ADVISORY FIC MULTIMERCADO;27/11/2020;1,083742
OCCAM RETORNO ABSOLUTO ADVISORY FIC MULTIMERCADO;30/11/2020;1,082839
OCCAM RETORNO ABSOLUTO ADVISORY FIC MULTIMERCADO;01/12/2020;1,08097
OCCAM RETORNO ABSOLUTO ADVISORY FIC MULTIMERCADO;02/12/2020;1,080953
OCCAM RETORNO ABSOLUTO ADVISORY FIC MULTIMERCADO;03/12/2020;1,078596
OCCAM RETORNO ABSOLUTO ADVISORY FIC MULTIMERCADO;04/12/2020;1,082058
OCCAM RETORNO ABSOLUTO ADVISORY FIC MULTIMERCADO;07/12/2020;1,080894
OCCAM RETORNO ABSOLUTO ADVISORY FIC MULTIMERCADO;08/12/2020;1,081993
OCCAM RETORNO ABSOLUTO ADVISORY FIC MULTIMERCADO;09/12/2020;1,079269
OCCAM RETORNO ABSOLUTO ADVISORY FIC MULTIMERCADO;10/12/2020;1,082372
OCCAM RETORNO ABSOLUTO ADVISORY FIC MULTIMERCADO;11/12/2020;1,081193
OCCAM RETORNO ABSOLUTO ADVISORY FIC MULTIMERCADO;14/12/2020;1,079871
OCCAM RETORNO ABSOLUTO ADVISORY FIC MULTIMERCADO;15/12/2020;1,083774
OCCAM RETORNO ABSOLUTO ADVISORY FIC MULTIMERCADO;16/12/2020;1,08744
OCCAM RETORNO ABSOLUTO ADVISORY FIC MULTIMERCADO;17/12/2020;1,089137
OCCAM RETORNO ABSOLUTO ADVISORY FIC MULTIMERCADO;18/12/2020;1,089283
OCCAM RETORNO ABSOLUTO ADVISORY FIC MULTIMERCADO;21/12/2020;1,086523
OCCAM RETORNO ABSOLUTO ADVISORY FIC MULTIMERCADO;22/12/2020;1,088809
OCCAM RETORNO ABSOLUTO ADVISORY FIC MULTIMERCADO;23/12/2020;1,090217
OCCAM RETORNO ABSOLUTO ADVISORY FIC MULTIMERCADO;24/12/2020;1,090335
OCCAM RETORNO ABSOLUTO ADVISORY FIC MULTIMERCADO;28/12/2020;1,0927
OCCAM RETORNO ABSOLUTO ADVISORY FIC MULTIMERCADO;29/12/2020;1,093173
OCCAM RETORNO ABSOLUTO ADVISORY FIC MULTIMERCADO;30/12/2020;1,093633
OCCAM RETORNO ABSOLUTO ADVISORY FIC MULTIMERCADO;31/12/2020;1,093124
OCCAM RETORNO ABSOLUTO ADVISORY FIC MULTIMERCADO;04/01/2021;1,092744
OCCAM RETORNO ABSOLUTO ADVISORY FIC MULTIMERCADO;05/01/2021;1,094535
OCCAM RETORNO ABSOLUTO ADVISORY FIC MULTIMERCADO;06/01/2021;1,093523
OCCAM RETORNO ABSOLUTO ADVISORY FIC MULTIMERCADO;07/01/2021;1,10431
OCCAM RETORNO ABSOLUTO ADVISORY FIC MULTIMERCADO;08/01/2021;1,112389
OCCAM RETORNO ABSOLUTO ADVISORY FIC MULTIMERCADO;11/01/2021;1,111713
OCCAM RETORNO ABSOLUTO ADVISORY FIC MULTIMERCADO;12/01/2021;1,111941
OCCAM RETORNO ABSOLUTO ADVISORY FIC MULTIMERCADO;13/01/2021;1,1098
OCCAM RETORNO ABSOLUTO ADVISORY FIC MULTIMERCADO;14/01/2021;1,111626
OCCAM RETORNO ABSOLUTO ADVISORY FIC MULTIMERCADO;15/01/2021;1,103908
OCCAM RETORNO ABSOLUTO ADVISORY FIC MULTIMERCADO;18/01/2021;1,105879
OCCAM RETORNO ABSOLUTO ADVISORY FIC MULTIMERCADO;19/01/2021;1,106236
OCCAM RETORNO ABSOLUTO ADVISORY FIC MULTIMERCADO;20/01/2021;1,105638
OCCAM RETORNO ABSOLUTO ADVISORY FIC MULTIMERCADO;21/01/2021;1,10689
OCCAM RETORNO ABSOLUTO ADVISORY FIC MULTIMERCADO;22/01/2021;1,109201
OCCAM RETORNO ABSOLUTO ADVISORY FIC MULTIMERCADO;25/01/2021;1,107495
OCCAM RETORNO ABSOLUTO ADVISORY FIC MULTIMERCADO;26/01/2021;1,104039
OCCAM RETORNO ABSOLUTO ADVISORY FIC MULTIMERCADO;27/01/2021;1,095831
OCCAM RETORNO ABSOLUTO ADVISORY FIC MULTIMERCADO;28/01/2021;1,099701
OCCAM RETORNO ABSOLUTO ADVISORY FIC MULTIMERCADO;29/01/2021;1,092212
OCCAM RETORNO ABSOLUTO ADVISORY FIC MULTIMERCADO;01/02/2021;1,098253
OCCAM RETORNO ABSOLUTO ADVISORY FIC MULTIMERCADO;02/02/2021;1,09756
OCCAM RETORNO ABSOLUTO ADVISORY FIC MULTIMERCADO;03/02/2021;1,100633
OCCAM RETORNO ABSOLUTO ADVISORY FIC MULTIMERCADO;04/02/2021;1,103975
OCCAM RETORNO ABSOLUTO ADVISORY FIC MULTIMERCADO;05/02/2021;1,109566
OCCAM RETORNO ABSOLUTO ADVISORY FIC MULTIMERCADO;08/02/2021;1,10988
OCCAM RETORNO ABSOLUTO ADVISORY FIC MULTIMERCADO;09/02/2021;1,109975
OCCAM RETORNO ABSOLUTO ADVISORY FIC MULTIMERCADO;10/02/2021;1,104537
OCCAM RETORNO ABSOLUTO ADVISORY FIC MULTIMERCADO;11/02/2021;1,106445
OCCAM RETORNO ABSOLUTO ADVISORY FIC MULTIMERCADO;12/02/2021;1,108704
OCCAM RETORNO ABSOLUTO ADVISORY FIC MULTIMERCADO;17/02/2021;1,113239
OCCAM RETORNO ABSOLUTO ADVISORY FIC MULTIMERCADO;18/02/2021;1,11096
OCCAM RETORNO ABSOLUTO ADVISORY FIC MULTIMERCADO;19/02/2021;1,114831
OCCAM RETORNO ABSOLUTO ADVISORY FIC MULTIMERCADO;22/02/2021;1,112345
OCCAM RETORNO ABSOLUTO ADVISORY FIC MULTIMERCADO;23/02/2021;1,1095
OCCAM RETORNO ABSOLUTO ADVISORY FIC MULTIMERCADO;24/02/2021;1,110744
OCCAM RETORNO ABSOLUTO ADVISORY FIC MULTIMERCADO;25/02/2021;1,106583
OCCAM RETORNO ABSOLUTO ADVISORY FIC MULTIMERCADO;26/02/2021;1,106128
OCCAM RETORNO ABSOLUTO ADVISORY FIC MULTIMERCADO;01/03/2021;1,111908
OCCAM RETORNO ABSOLUTO ADVISORY FIC MULTIMERCADO;02/03/2021;1,112124
OCCAM RETORNO ABSOLUTO ADVISORY FIC MULTIMERCADO;03/03/2021;1,110553
OCCAM RETORNO ABSOLUTO ADVISORY FIC MULTIMERCADO;04/03/2021;1,10746
OCCAM RETORNO ABSOLUTO ADVISORY FIC MULTIMERCADO;05/03/2021;1,110274
OCCAM RETORNO ABSOLUTO ADVISORY FIC MULTIMERCADO;08/03/2021;1,106323
OCCAM RETORNO ABSOLUTO ADVISORY FIC MULTIMERCADO;09/03/2021;1,10709
OCCAM RETORNO ABSOLUTO ADVISORY FIC MULTIMERCADO;10/03/2021;1,105921
OCCAM RETORNO ABSOLUTO ADVISORY FIC MULTIMERCADO;11/03/2021;1,107855
OCCAM RETORNO ABSOLUTO ADVISORY FIC MULTIMERCADO;12/03/2021;1,108116
OCCAM RETORNO ABSOLUTO ADVISORY FIC MULTIMERCADO;15/03/2021;1,107912
OCCAM RETORNO ABSOLUTO ADVISORY FIC MULTIMERCADO;16/03/2021;1,108159
OCCAM RETORNO ABSOLUTO ADVISORY FIC MULTIMERCADO;17/03/2021;1,109221
OCCAM RETORNO ABSOLUTO ADVISORY FIC MULTIMERCADO;18/03/2021;1,107764
OCCAM RETORNO ABSOLUTO ADVISORY FIC MULTIMERCADO;19/03/2021;1,106662
OCCAM RETORNO ABSOLUTO ADVISORY FIC MULTIMERCADO;22/03/2021;1,10563
OCCAM RETORNO ABSOLUTO ADVISORY FIC MULTIMERCADO;23/03/2021;1,103331
OCCAM RETORNO ABSOLUTO ADVISORY FIC MULTIMERCADO;24/03/2021;1,103007
OCCAM RETORNO ABSOLUTO ADVISORY FIC MULTIMERCADO;25/03/2021;1,103508
OCCAM RETORNO ABSOLUTO ADVISORY FIC MULTIMERCADO;26/03/2021;1,105957
OCCAM RETORNO ABSOLUTO ADVISORY FIC MULTIMERCADO;29/03/2021;1,107697
OCCAM RETORNO ABSOLUTO ADVISORY FIC MULTIMERCADO;30/03/2021;1,106273
OCCAM RETORNO ABSOLUTO ADVISORY FIC MULTIMERCADO;31/03/2021;1,106067
OCCAM RETORNO ABSOLUTO ADVISORY FIC MULTIMERCADO;01/04/2021;1,106728
OCCAM RETORNO ABSOLUTO ADVISORY FIC MULTIMERCADO;05/04/2021;1,107897
OCCAM RETORNO ABSOLUTO ADVISORY FIC MULTIMERCADO;06/04/2021;1,107222
OCCAM RETORNO ABSOLUTO ADVISORY FIC MULTIMERCADO;07/04/2021;1,109304
OCCAM RETORNO ABSOLUTO ADVISORY FIC MULTIMERCADO;08/04/2021;1,108254
OCCAM RETORNO ABSOLUTO ADVISORY FIC MULTIMERCADO;09/04/2021;1,1109
OCCAM RETORNO ABSOLUTO ADVISORY FIC MULTIMERCADO;12/04/2021;1,112154
OCCAM RETORNO ABSOLUTO ADVISORY FIC MULTIMERCADO;13/04/2021;1,113326
OCCAM RETORNO ABSOLUTO ADVISORY FIC MULTIMERCADO;14/04/2021;1,113675
OCCAM RETORNO ABSOLUTO ADVISORY FIC MULTIMERCADO;15/04/2021;1,113063
OCCAM RETORNO ABSOLUTO ADVISORY FIC MULTIMERCADO;16/04/2021;1,112821
OCCAM RETORNO ABSOLUTO ADVISORY FIC MULTIMERCADO;19/04/2021;1,110678
OCCAM RETORNO ABSOLUTO ADVISORY FIC MULTIMERCADO;20/04/2021;1,109115
OCCAM RETORNO ABSOLUTO ADVISORY FIC MULTIMERCADO;22/04/2021;1,107453
OCCAM RETORNO ABSOLUTO ADVISORY FIC MULTIMERCADO;23/04/2021;1,110326
OCCAM RETORNO ABSOLUTO ADVISORY FIC MULTIMERCADO;26/04/2021;1,111723
OCCAM RETORNO ABSOLUTO ADVISORY FIC MULTIMERCADO;27/04/2021;1,113006
OCCAM RETORNO ABSOLUTO ADVISORY FIC MULTIMERCADO;28/04/2021;1,112787
OCCAM RETORNO ABSOLUTO ADVISORY FIC MULTIMERCADO;29/04/2021;1,112902
OCCAM RETORNO ABSOLUTO ADVISORY FIC MULTIMERCADO;30/04/2021;1,111044
OCCAM RETORNO ABSOLUTO ADVISORY FIC MULTIMERCADO;03/05/2021;1,1115
OCCAM RETORNO ABSOLUTO ADVISORY FIC MULTIMERCADO;04/05/2021;1,111925
OCCAM RETORNO ABSOLUTO ADVISORY FIC MULTIMERCADO;05/05/2021;1,113019
OCCAM RETORNO ABSOLUTO ADVISORY FIC MULTIMERCADO;06/05/2021;1,116054
OCCAM RETORNO ABSOLUTO ADVISORY FIC MULTIMERCADO;07/05/2021;1,118279
OCCAM RETORNO ABSOLUTO ADVISORY FIC MULTIMERCADO;10/05/2021;1,116429
OCCAM RETORNO ABSOLUTO ADVISORY FIC MULTIMERCADO;11/05/2021;1,115482
OCCAM RETORNO ABSOLUTO ADVISORY FIC MULTIMERCADO;12/05/2021;1,112481
OCCAM RETORNO ABSOLUTO ADVISORY FIC MULTIMERCADO;13/05/2021;1,110939
OCCAM RETORNO ABSOLUTO ADVISORY FIC MULTIMERCADO;14/05/2021;1,110353
OCCAM RETORNO ABSOLUTO ADVISORY FIC MULTIMERCADO;17/05/2021;1,111864
OCCAM RETORNO ABSOLUTO ADVISORY FIC MULTIMERCADO;18/05/2021;1,113012
OCCAM RETORNO ABSOLUTO ADVISORY FIC MULTIMERCADO;19/05/2021;1,111325
OCCAM RETORNO ABSOLUTO ADVISORY FIC MULTIMERCADO;20/05/2021;1,110024
OCCAM RETORNO ABSOLUTO ADVISORY FIC MULTIMERCADO;21/05/2021;1,109035
OCCAM RETORNO ABSOLUTO ADVISORY FIC MULTIMERCADO;24/05/2021;1,111455
OCCAM RETORNO ABSOLUTO ADVISORY FIC MULTIMERCADO;25/05/2021;1,10725
OCCAM RETORNO ABSOLUTO ADVISORY FIC MULTIMERCADO;26/05/2021;1,107869
OCCAM RETORNO ABSOLUTO ADVISORY FIC MULTIMERCADO;27/05/2021;1,10789
OCCAM RETORNO ABSOLUTO ADVISORY FIC MULTIMERCADO;28/05/2021;1,107972
OCCAM RETORNO ABSOLUTO ADVISORY FIC MULTIMERCADO;31/05/2021;1,110814
OCCAM RETORNO ABSOLUTO ADVISORY FIC MULTIMERCADO;01/06/2021;1,112539
OCCAM RETORNO ABSOLUTO ADVISORY FIC MULTIMERCADO;02/06/2021;1,111682
OCCAM RETORNO ABSOLUTO ADVISORY FIC MULTIMERCADO;04/06/2021;1,109753
OCCAM RETORNO ABSOLUTO ADVISORY FIC MULTIMERCADO;07/06/2021;1,109424
OCCAM RETORNO ABSOLUTO ADVISORY FIC MULTIMERCADO;08/06/2021;1,107622
OCCAM RETORNO ABSOLUTO ADVISORY FIC MULTIMERCADO;09/06/2021;1,10871
OCCAM RETORNO ABSOLUTO ADVISORY FIC MULTIMERCADO;10/06/2021;1,110065
OCCAM RETORNO ABSOLUTO ADVISORY FIC MULTIMERCADO;11/06/2021;1,110659
OCCAM RETORNO ABSOLUTO ADVISORY FIC MULTIMERCADO;14/06/2021;1,111419
OCCAM RETORNO ABSOLUTO ADVISORY FIC MULTIMERCADO;15/06/2021;1,111167
OCCAM RETORNO ABSOLUTO ADVISORY FIC MULTIMERCADO;16/06/2021;1,110506
OCCAM RETORNO ABSOLUTO ADVISORY FIC MULTIMERCADO;17/06/2021;1,109344
OCCAM RETORNO ABSOLUTO ADVISORY FIC MULTIMERCADO;18/06/2021;1,110082
OCCAM RETORNO ABSOLUTO ADVISORY FIC MULTIMERCADO;21/06/2021;1,111853
OCCAM RETORNO ABSOLUTO ADVISORY FIC MULTIMERCADO;22/06/2021;1,112271
OCCAM RETORNO ABSOLUTO ADVISORY FIC MULTIMERCADO;23/06/2021;1,112188
OCCAM RETORNO ABSOLUTO ADVISORY FIC MULTIMERCADO;24/06/2021;1,113313
OCCAM RETORNO ABSOLUTO ADVISORY FIC MULTIMERCADO;25/06/2021;1,11289
OCCAM RETORNO ABSOLUTO ADVISORY FIC MULTIMERCADO;28/06/2021;1,111973
OCCAM RETORNO ABSOLUTO ADVISORY FIC MULTIMERCADO;29/06/2021;1,112297
OCCAM RETORNO ABSOLUTO ADVISORY FIC MULTIMERCADO;30/06/2021;1,112978
OCCAM RETORNO ABSOLUTO ADVISORY FIC MULTIMERCADO;01/07/2021;1,113595
OCCAM RETORNO ABSOLUTO ADVISORY FIC MULTIMERCADO;02/07/2021;1,116043
OCCAM RETORNO ABSOLUTO ADVISORY FIC MULTIMERCADO;05/07/2021;1,11699
OCCAM RETORNO ABSOLUTO ADVISORY FIC MULTIMERCADO;06/07/2021;1,115614
OCCAM RETORNO ABSOLUTO ADVISORY FIC MULTIMERCADO;07/07/2021;1,114432
OCCAM RETORNO ABSOLUTO ADVISORY FIC MULTIMERCADO;08/07/2021;1,112363
OCCAM RETORNO ABSOLUTO ADVISORY FIC MULTIMERCADO;09/07/2021;1,114663
OCCAM RETORNO ABSOLUTO ADVISORY FIC MULTIMERCADO;12/07/2021;1,116355
OCCAM RETORNO ABSOLUTO ADVISORY FIC MULTIMERCADO;13/07/2021;1,118213
OCCAM RETORNO ABSOLUTO ADVISORY FIC MULTIMERCADO;14/07/2021;1,115905
OCCAM RETORNO ABSOLUTO ADVISORY FIC MULTIMERCADO;15/07/2021;1,115742
OCCAM RETORNO ABSOLUTO ADVISORY FIC MULTIMERCADO;16/07/2021;1,11268
OCCAM RETORNO ABSOLUTO ADVISORY FIC MULTIMERCADO;19/07/2021;1,106886
OCCAM RETORNO ABSOLUTO ADVISORY FIC MULTIMERCADO;20/07/2021;1,107
OCCAM RETORNO ABSOLUTO ADVISORY FIC MULTIMERCADO;21/07/2021;1,109527
OCCAM RETORNO ABSOLUTO ADVISORY FIC MULTIMERCADO;22/07/2021;1,111094
OCCAM RETORNO ABSOLUTO ADVISORY FIC MULTIMERCADO;23/07/2021;1,116755
OCCAM RETORNO ABSOLUTO ADVISORY FIC MULTIMERCADO;26/07/2021;1,117893
OCCAM RETORNO ABSOLUTO ADVISORY FIC MULTIMERCADO;27/07/2021;1,115858
OCCAM RETORNO ABSOLUTO ADVISORY FIC MULTIMERCADO;28/07/2021;1,116137
OCCAM RETORNO ABSOLUTO ADVISORY FIC MULTIMERCADO;29/07/2021;1,114762
OCCAM RETORNO ABSOLUTO ADVISORY FIC MULTIMERCADO;30/07/2021;1,113929
OCCAM RETORNO ABSOLUTO ADVISORY FIC MULTIMERCADO;02/08/2021;1,114126
OCCAM RETORNO ABSOLUTO ADVISORY FIC MULTIMERCADO;03/08/2021;1,116683
OCCAM RETORNO ABSOLUTO ADVISORY FIC MULTIMERCADO;04/08/2021;1,11582
OCCAM RETORNO ABSOLUTO ADVISORY FIC MULTIMERCADO;05/08/2021;1,119766
OCCAM RETORNO ABSOLUTO ADVISORY FIC MULTIMERCADO;06/08/2021;1,120479
OCCAM RETORNO ABSOLUTO ADVISORY FIC MULTIMERCADO;09/08/2021;1,121014
OCCAM RETORNO ABSOLUTO ADVISORY FIC MULTIMERCADO;10/08/2021;1,119171
OCCAM RETORNO ABSOLUTO ADVISORY FIC MULTIMERCADO;11/08/2021;1,119451
OCCAM RETORNO ABSOLUTO ADVISORY FIC MULTIMERCADO;12/08/2021;1,121485
OCCAM RETORNO ABSOLUTO ADVISORY FIC MULTIMERCADO;13/08/2021;1,120952
OCCAM RETORNO ABSOLUTO ADVISORY FIC MULTIMERCADO;16/08/2021;1,118471
OCCAM RETORNO ABSOLUTO ADVISORY FIC MULTIMERCADO;17/08/2021;1,116409
OCCAM RETORNO ABSOLUTO ADVISORY FIC MULTIMERCADO;18/08/2021;1,114873
OCCAM RETORNO ABSOLUTO ADVISORY FIC MULTIMERCADO;19/08/2021;1,116948
OCCAM RETORNO ABSOLUTO ADVISORY FIC MULTIMERCADO;20/08/2021;1,118055
OCCAM RETORNO ABSOLUTO ADVISORY FIC MULTIMERCADO;23/08/2021;1,119541
OCCAM RETORNO ABSOLUTO ADVISORY FIC MULTIMERCADO;24/08/2021;1,119988
OCCAM RETORNO ABSOLUTO ADVISORY FIC MULTIMERCADO;25/08/2021;1,120904
OCCAM RETORNO ABSOLUTO ADVISORY FIC MULTIMERCADO;26/08/2021;1,119978
OCCAM RETORNO ABSOLUTO ADVISORY FIC MULTIMERCADO;27/08/2021;1,122467
OCCAM RETORNO ABSOLUTO ADVISORY FIC MULTIMERCADO;30/08/2021;1,123505
OCCAM RETORNO ABSOLUTO ADVISORY FIC MULTIMERCADO;31/08/2021;1,122681
OCCAM RETORNO ABSOLUTO ADVISORY FIC MULTIMERCADO;01/09/2021;1,12409
OCCAM RETORNO ABSOLUTO ADVISORY FIC MULTIMERCADO;02/09/2021;1,125658
OCCAM RETORNO ABSOLUTO ADVISORY FIC MULTIMERCADO;03/09/2021;1,125671
OCCAM RETORNO ABSOLUTO ADVISORY FIC MULTIMERCADO;06/09/2021;1,12613
OCCAM RETORNO ABSOLUTO ADVISORY FIC MULTIMERCADO;08/09/2021;1,127509
OCCAM RETORNO ABSOLUTO ADVISORY FIC MULTIMERCADO;09/09/2021;1,129157
OCCAM RETORNO ABSOLUTO ADVISORY FIC MULTIMERCADO;10/09/2021;1,126423
OCCAM RETORNO ABSOLUTO ADVISORY FIC MULTIMERCADO;13/09/2021;1,126814
OCCAM RETORNO ABSOLUTO ADVISORY FIC MULTIMERCADO;14/09/2021;1,124907
OCCAM RETORNO ABSOLUTO ADVISORY FIC MULTIMERCADO;15/09/2021;1,127035
OCCAM RETORNO ABSOLUTO ADVISORY FIC MULTIMERCADO;16/09/2021;1,127836
OCCAM RETORNO ABSOLUTO ADVISORY FIC MULTIMERCADO;17/09/2021;1,124715
OCCAM RETORNO ABSOLUTO ADVISORY FIC MULTIMERCADO;20/09/2021;1,116951
OCCAM RETORNO ABSOLUTO ADVISORY FIC MULTIMERCADO;21/09/2021;1,115902
OCCAM RETORNO ABSOLUTO ADVISORY FIC MULTIMERCADO;22/09/2021;1,117121
OCCAM RETORNO ABSOLUTO ADVISORY FIC MULTIMERCADO;23/09/2021;1,121124
OCCAM RETORNO ABSOLUTO ADVISORY FIC MULTIMERCADO;24/09/2021;1,123059
OCCAM RETORNO ABSOLUTO ADVISORY FIC MULTIMERCADO;27/09/2021;1,123884
OCCAM RETORNO ABSOLUTO ADVISORY FIC MULTIMERCADO;28/09/2021;1,121099
OCCAM RETORNO ABSOLUTO ADVISORY FIC MULTIMERCADO;29/09/2021;1,121327
OCCAM RETORNO ABSOLUTO ADVISORY FIC MULTIMERCADO;30/09/2021;1,121713
OCCAM RETORNO ABSOLUTO ADVISORY FIC MULTIMERCADO;01/10/2021;1,121555
OCCAM RETORNO ABSOLUTO ADVISORY FIC MULTIMERCADO;04/10/2021;1,122624
OCCAM RETORNO ABSOLUTO ADVISORY FIC MULTIMERCADO;05/10/2021;1,124939
OCCAM RETORNO ABSOLUTO ADVISORY FIC MULTIMERCADO;06/10/2021;1,125222
OCCAM RETORNO ABSOLUTO ADVISORY FIC MULTIMERCADO;07/10/2021;1,127953
OCCAM RETORNO ABSOLUTO ADVISORY FIC MULTIMERCADO;08/10/2021;1,127576
OCCAM RETORNO ABSOLUTO ADVISORY FIC MULTIMERCADO;11/10/2021;1,127093
OCCAM RETORNO ABSOLUTO ADVISORY FIC MULTIMERCADO;13/10/2021;1,125159
OCCAM RETORNO ABSOLUTO ADVISORY FIC MULTIMERCADO;14/10/2021;1,127319
OCCAM RETORNO ABSOLUTO ADVISORY FIC MULTIMERCADO;15/10/2021;1,129286
OCCAM RETORNO ABSOLUTO ADVISORY FIC MULTIMERCADO;18/10/2021;1,130578
OCCAM RETORNO ABSOLUTO ADVISORY FIC MULTIMERCADO;19/10/2021;1,133939
OCCAM RETORNO ABSOLUTO ADVISORY FIC MULTIMERCADO;20/10/2021;1,133716
OCCAM RETORNO ABSOLUTO ADVISORY FIC MULTIMERCADO;21/10/2021;1,134886
OCCAM RETORNO ABSOLUTO ADVISORY FIC MULTIMERCADO;22/10/2021;1,134644
OCCAM RETORNO ABSOLUTO ADVISORY FIC MULTIMERCADO;25/10/2021;1,134193
OCCAM RETORNO ABSOLUTO ADVISORY FIC MULTIMERCADO;26/10/2021;1,136482
OCCAM RETORNO ABSOLUTO ADVISORY FIC MULTIMERCADO;27/10/2021;1,134819
OCCAM RETORNO ABSOLUTO ADVISORY FIC MULTIMERCADO;28/10/2021;1,138006
OCCAM RETORNO ABSOLUTO ADVISORY FIC MULTIMERCADO;29/10/2021;1,139966
OCCAM RETORNO ABSOLUTO ADVISORY FIC MULTIMERCADO;01/11/2021;1,140513
OCCAM RETORNO ABSOLUTO ADVISORY FIC MULTIMERCADO;03/11/2021;1,139833
OCCAM RETORNO ABSOLUTO ADVISORY FIC MULTIMERCADO;04/11/2021;1,140584
OCCAM RETORNO ABSOLUTO ADVISORY FIC MULTIMERCADO;05/11/2021;1,13927
OCCAM RETORNO ABSOLUTO ADVISORY FIC MULTIMERCADO;08/11/2021;1,140686
OCCAM RETORNO ABSOLUTO ADVISORY FIC MULTIMERCADO;09/11/2021;1,135782
OCCAM RETORNO ABSOLUTO ADVISORY FIC MULTIMERCADO;10/11/2021;1,135039
OCCAM RETORNO ABSOLUTO ADVISORY FIC MULTIMERCADO;11/11/2021;1,135123
OCCAM RETORNO ABSOLUTO ADVISORY FIC MULTIMERCADO;12/11/2021;1,13666
OCCAM RETORNO ABSOLUTO ADVISORY FIC MULTIMERCADO;16/11/2021;1,1382
OCCAM RETORNO ABSOLUTO ADVISORY FIC MULTIMERCADO;17/11/2021;1,13834
OCCAM RETORNO ABSOLUTO ADVISORY FIC MULTIMERCADO;18/11/2021;1,140174
OCCAM RETORNO ABSOLUTO ADVISORY FIC MULTIMERCADO;19/11/2021;1,137897
OCCAM RETORNO ABSOLUTO ADVISORY FIC MULTIMERCADO;22/11/2021;1,140022
OCCAM RETORNO ABSOLUTO ADVISORY FIC MULTIMERCADO;23/11/2021;1,139654
OCCAM RETORNO ABSOLUTO ADVISORY FIC MULTIMERCADO;24/11/2021;1,13909
OCCAM RETORNO ABSOLUTO ADVISORY FIC MULTIMERCADO;25/11/2021;1,139238
OCCAM RETORNO ABSOLUTO ADVISORY FIC MULTIMERCADO;26/11/2021;1,133172
OCCAM RETORNO ABSOLUTO ADVISORY FIC MULTIMERCADO;29/11/2021;1,135131
OCCAM RETORNO ABSOLUTO ADVISORY FIC MULTIMERCADO;30/11/2021;1,130087
OCCAM RETORNO ABSOLUTO ADVISORY FIC MULTIMERCADO;01/12/2021;1,129502
OCCAM RETORNO ABSOLUTO ADVISORY FIC MULTIMERCADO;02/12/2021;1,13069
OCCAM RETORNO ABSOLUTO ADVISORY FIC MULTIMERCADO;03/12/2021;1,123421
OCCAM RETORNO ABSOLUTO ADVISORY FIC MULTIMERCADO;06/12/2021;1,125684
OCCAM RETORNO ABSOLUTO ADVISORY FIC MULTIMERCADO;07/12/2021;1,129976
OCCAM RETORNO ABSOLUTO ADVISORY FIC MULTIMERCADO;08/12/2021;1,128947
OCCAM RETORNO ABSOLUTO ADVISORY FIC MULTIMERCADO;09/12/2021;1,129599
OCCAM RETORNO ABSOLUTO ADVISORY FIC MULTIMERCADO;10/12/2021;1,129225
OCCAM RETORNO ABSOLUTO ADVISORY FIC MULTIMERCADO;13/12/2021;1,127221
OCCAM RETORNO ABSOLUTO ADVISORY FIC MULTIMERCADO;14/12/2021;1,126853
OCCAM RETORNO ABSOLUTO ADVISORY FIC MULTIMERCADO;15/12/2021;1,129756
OCCAM RETORNO ABSOLUTO ADVISORY FIC MULTIMERCADO;16/12/2021;1,125468
OCCAM RETORNO ABSOLUTO ADVISORY FIC MULTIMERCADO;17/12/2021;1,124491
OCCAM RETORNO ABSOLUTO ADVISORY FIC MULTIMERCADO;20/12/2021;1,121913
OCCAM RETORNO ABSOLUTO ADVISORY FIC MULTIMERCADO;21/12/2021;1,126291
OCCAM RETORNO ABSOLUTO ADVISORY FIC MULTIMERCADO;22/12/2021;1,127694
OCCAM RETORNO ABSOLUTO ADVISORY FIC MULTIMERCADO;23/12/2021;1,129326
OCCAM RETORNO ABSOLUTO ADVISORY FIC MULTIMERCADO;24/12/2021;1,129471
OCCAM RETORNO ABSOLUTO ADVISORY FIC MULTIMERCADO;27/12/2021;1,131988
OCCAM RETORNO ABSOLUTO ADVISORY FIC MULTIMERCADO;28/12/2021;1,131123
OCCAM RETORNO ABSOLUTO ADVISORY FIC MULTIMERCADO;29/12/2021;1,133089
OCCAM RETORNO ABSOLUTO ADVISORY FIC MULTIMERCADO;30/12/2021;1,131162
OCCAM RETORNO ABSOLUTO ADVISORY FIC MULTIMERCADO;31/12/2021;1,130059
OCCAM RETORNO ABSOLUTO ADVISORY FIC MULTIMERCADO;03/01/2022;1,134977
OCCAM RETORNO ABSOLUTO ADVISORY FIC MULTIMERCADO;04/01/2022;1,13817
OCCAM RETORNO ABSOLUTO ADVISORY FIC MULTIMERCADO;05/01/2022;1,135789
OCCAM RETORNO ABSOLUTO ADVISORY FIC MULTIMERCADO;06/01/2022;1,136746
OCCAM RETORNO ABSOLUTO ADVISORY FIC MULTIMERCADO;07/01/2022;1,137614
OCCAM RETORNO ABSOLUTO ADVISORY FIC MULTIMERCADO;10/01/2022;1,139637
OCCAM RETORNO ABSOLUTO ADVISORY FIC MULTIMERCADO;11/01/2022;1,138364
OCCAM RETORNO ABSOLUTO ADVISORY FIC MULTIMERCADO;12/01/2022;1,135888
OCCAM RETORNO ABSOLUTO ADVISORY FIC MULTIMERCADO;13/01/2022;1,134713
OCCAM RETORNO ABSOLUTO ADVISORY FIC MULTIMERCADO;14/01/2022;1,138177
OCCAM RETORNO ABSOLUTO ADVISORY FIC MULTIMERCADO;17/01/2022;1,140058
OCCAM RETORNO ABSOLUTO ADVISORY FIC MULTIMERCADO;18/01/2022;1,142106
OCCAM RETORNO ABSOLUTO ADVISORY FIC MULTIMERCADO;19/01/2022;1,137626
OCCAM RETORNO ABSOLUTO ADVISORY FIC MULTIMERCADO;20/01/2022;1,134599
OCCAM RETORNO ABSOLUTO ADVISORY FIC MULTIMERCADO;21/01/2022;1,132672
OCCAM RETORNO ABSOLUTO ADVISORY FIC MULTIMERCADO;24/01/2022;1,132432
OCCAM RETORNO ABSOLUTO ADVISORY FIC MULTIMERCADO;25/01/2022;1,135484
OCCAM RETORNO ABSOLUTO ADVISORY FIC MULTIMERCADO;26/01/2022;1,138081
OCCAM RETORNO ABSOLUTO ADVISORY FIC MULTIMERCADO;27/01/2022;1,142869
OCCAM RETORNO ABSOLUTO ADVISORY FIC MULTIMERCADO;28/01/2022;1,140146
OCCAM RETORNO ABSOLUTO ADVISORY FIC MULTIMERCADO;31/01/2022;1,137948
OCCAM RETORNO ABSOLUTO ADVISORY FIC MULTIMERCADO;01/02/2022;1,140896
OCCAM RETORNO ABSOLUTO ADVISORY FIC MULTIMERCADO;02/02/2022;1,14082
OCCAM RETORNO ABSOLUTO ADVISORY FIC MULTIMERCADO;03/02/2022;1,138179
OCCAM RETORNO ABSOLUTO ADVISORY FIC MULTIMERCADO;04/02/2022;1,14522
OCCAM RETORNO ABSOLUTO ADVISORY FIC MULTIMERCADO;07/02/2022;1,143937
OCCAM RETORNO ABSOLUTO ADVISORY FIC MULTIMERCADO;08/02/2022;1,144584
OCCAM RETORNO ABSOLUTO ADVISORY FIC MULTIMERCADO;09/02/2022;1,145023
OCCAM RETORNO ABSOLUTO ADVISORY FIC MULTIMERCADO;10/02/2022;1,149356
OCCAM RETORNO ABSOLUTO ADVISORY FIC MULTIMERCADO;11/02/2022;1,150901
OCCAM RETORNO ABSOLUTO ADVISORY FIC MULTIMERCADO;14/02/2022;1,149867
OCCAM RETORNO ABSOLUTO ADVISORY FIC MULTIMERCADO;15/02/2022;1,147835
OCCAM RETORNO ABSOLUTO ADVISORY FIC MULTIMERCADO;16/02/2022;1,146892
OCCAM RETORNO ABSOLUTO ADVISORY FIC MULTIMERCADO;17/02/2022;1,142297
OCCAM RETORNO ABSOLUTO ADVISORY FIC MULTIMERCADO;18/02/2022;1,140251
OCCAM RETORNO ABSOLUTO ADVISORY FIC MULTIMERCADO;21/02/2022;1,140682
OCCAM RETORNO ABSOLUTO ADVISORY FIC MULTIMERCADO;22/02/2022;1,14211
OCCAM RETORNO ABSOLUTO ADVISORY FIC MULTIMERCADO;23/02/2022;1,14065
OCCAM RETORNO ABSOLUTO ADVISORY FIC MULTIMERCADO;24/02/2022;1,137382
OCCAM RETORNO ABSOLUTO ADVISORY FIC MULTIMERCADO;25/02/2022;1,141131
OCCAM RETORNO ABSOLUTO ADVISORY FIC MULTIMERCADO;02/03/2022;1,14521
OCCAM RETORNO ABSOLUTO ADVISORY FIC MULTIMERCADO;03/03/2022;1,145844
OCCAM RETORNO ABSOLUTO ADVISORY FIC MULTIMERCADO;04/03/2022;1,151391
OCCAM RETORNO ABSOLUTO ADVISORY FIC MULTIMERCADO;07/03/2022;1,155773
OCCAM RETORNO ABSOLUTO ADVISORY FIC MULTIMERCADO;08/03/2022;1,159642
OCCAM RETORNO ABSOLUTO ADVISORY FIC MULTIMERCADO;09/03/2022;1,149874
OCCAM RETORNO ABSOLUTO ADVISORY FIC MULTIMERCADO;10/03/2022;1,156588
OCCAM RETORNO ABSOLUTO ADVISORY FIC MULTIMERCADO;11/03/2022;1,157621
OCCAM RETORNO ABSOLUTO ADVISORY FIC MULTIMERCADO;14/03/2022;1,158124
OCCAM RETORNO ABSOLUTO ADVISORY FIC MULTIMERCADO;15/03/2022;1,15416
OCCAM RETORNO ABSOLUTO ADVISORY FIC MULTIMERCADO;16/03/2022;1,154819
OCCAM RETORNO ABSOLUTO ADVISORY FIC MULTIMERCADO;17/03/2022;1,155153
OCCAM RETORNO ABSOLUTO ADVISORY FIC MULTIMERCADO;18/03/2022;1,155192
OCCAM RETORNO ABSOLUTO ADVISORY FIC MULTIMERCADO;21/03/2022;1,160251
OCCAM RETORNO ABSOLUTO ADVISORY FIC MULTIMERCADO;22/03/2022;1,159793
OCCAM RETORNO ABSOLUTO ADVISORY FIC MULTIMERCADO;23/03/2022;1,159025
OCCAM RETORNO ABSOLUTO ADVISORY FIC MULTIMERCADO;24/03/2022;1,158054
OCCAM RETORNO ABSOLUTO ADVISORY FIC MULTIMERCADO;25/03/2022;1,159369
OCCAM RETORNO ABSOLUTO ADVISORY FIC MULTIMERCADO;28/03/2022;1,159523
OCCAM RETORNO ABSOLUTO ADVISORY FIC MULTIMERCADO;29/03/2022;1,157779
OCCAM RETORNO ABSOLUTO ADVISORY FIC MULTIMERCADO;30/03/2022;1,15734
OCCAM RETORNO ABSOLUTO ADVISORY FIC MULTIMERCADO;31/03/2022;1,154519
OCCAM RETORNO ABSOLUTO ADVISORY FIC MULTIMERCADO;01/04/2022;1,157656
OCCAM RETORNO ABSOLUTO ADVISORY FIC MULTIMERCADO;04/04/2022;1,157454
OCCAM RETORNO ABSOLUTO ADVISORY FIC MULTIMERCADO;05/04/2022;1,158618
OCCAM RETORNO ABSOLUTO ADVISORY FIC MULTIMERCADO;06/04/2022;1,157886
OCCAM RETORNO ABSOLUTO ADVISORY FIC MULTIMERCADO;07/04/2022;1,159161
OCCAM RETORNO ABSOLUTO ADVISORY FIC MULTIMERCADO;08/04/2022;1,163417
OCCAM RETORNO ABSOLUTO ADVISORY FIC MULTIMERCADO;11/04/2022;1,165423
OCCAM RETORNO ABSOLUTO ADVISORY FIC MULTIMERCADO;12/04/2022;1,163301
OCCAM RETORNO ABSOLUTO ADVISORY FIC MULTIMERCADO;13/04/2022;1,163752
OCCAM RETORNO ABSOLUTO ADVISORY FIC MULTIMERCADO;14/04/2022;1,168679
OCCAM RETORNO ABSOLUTO ADVISORY FIC MULTIMERCADO;18/04/2022;1,169688
OCCAM RETORNO ABSOLUTO ADVISORY FIC MULTIMERCADO;19/04/2022;1,171608
OCCAM RETORNO ABSOLUTO ADVISORY FIC MULTIMERCADO;20/04/2022;1,173667
OCCAM RETORNO ABSOLUTO ADVISORY FIC MULTIMERCADO;22/04/2022;1,177381
OCCAM RETORNO ABSOLUTO ADVISORY FIC MULTIMERCADO;25/04/2022;1,174329
OCCAM RETORNO ABSOLUTO ADVISORY FIC MULTIMERCADO;26/04/2022;1,176873
OCCAM RETORNO ABSOLUTO ADVISORY FIC MULTIMERCADO;27/04/2022;1,177194
OCCAM RETORNO ABSOLUTO ADVISORY FIC MULTIMERCADO;28/04/2022;1,180328
OCCAM RETORNO ABSOLUTO ADVISORY FIC MULTIMERCADO;29/04/2022;1,181844
OCCAM RETORNO ABSOLUTO ADVISORY FIC MULTIMERCADO;02/05/2022;1,184118
OCCAM RETORNO ABSOLUTO ADVISORY FIC MULTIMERCADO;03/05/2022;1,184744
OCCAM RETORNO ABSOLUTO ADVISORY FIC MULTIMERCADO;04/05/2022;1,186117
OCCAM RETORNO ABSOLUTO ADVISORY FIC MULTIMERCADO;05/05/2022;1,190021
OCCAM RETORNO ABSOLUTO ADVISORY FIC MULTIMERCADO;06/05/2022;1,194303
OCCAM RETORNO ABSOLUTO ADVISORY FIC MULTIMERCADO;09/05/2022;1,192728
OCCAM RETORNO ABSOLUTO ADVISORY FIC MULTIMERCADO;10/05/2022;1,192259
OCCAM RETORNO ABSOLUTO ADVISORY FIC MULTIMERCADO;11/05/2022;1,195746
OCCAM RETORNO ABSOLUTO ADVISORY FIC MULTIMERCADO;12/05/2022;1,19438
OCCAM RETORNO ABSOLUTO ADVISORY FIC MULTIMERCADO;13/05/2022;1,195443
OCCAM RETORNO ABSOLUTO ADVISORY FIC MULTIMERCADO;16/05/2022;1,196757
OCCAM RETORNO ABSOLUTO ADVISORY FIC MULTIMERCADO;17/05/2022;1,197478
OCCAM RETORNO ABSOLUTO ADVISORY FIC MULTIMERCADO;18/05/2022;1,195105
OCCAM RETORNO ABSOLUTO ADVISORY FIC MULTIMERCADO;19/05/2022;1,193701
OCCAM RETORNO ABSOLUTO ADVISORY FIC MULTIMERCADO;20/05/2022;1,194134
OCCAM RETORNO ABSOLUTO ADVISORY FIC MULTIMERCADO;23/05/2022;1,19697
OCCAM RETORNO ABSOLUTO ADVISORY FIC MULTIMERCADO;24/05/2022;1,197751
OCCAM RETORNO ABSOLUTO ADVISORY FIC MULTIMERCADO;25/05/2022;1,198566
OCCAM RETORNO ABSOLUTO ADVISORY FIC MULTIMERCADO;26/05/2022;1,195771
OCCAM RETORNO ABSOLUTO ADVISORY FIC MULTIMERCADO;27/05/2022;1,193228
OCCAM RETORNO ABSOLUTO ADVISORY FIC MULTIMERCADO;30/05/2022;1,194337
OCCAM RETORNO ABSOLUTO ADVISORY FIC MULTIMERCADO;31/05/2022;1,194474
OCCAM RETORNO ABSOLUTO ADVISORY FIC MULTIMERCADO;01/06/2022;1,197742
OCCAM RETORNO ABSOLUTO ADVISORY FIC MULTIMERCADO;02/06/2022;1,199125
OCCAM RETORNO ABSOLUTO ADVISORY FIC MULTIMERCADO;03/06/2022;1,200073
OCCAM RETORNO ABSOLUTO ADVISORY FIC MULTIMERCADO;06/06/2022;1,201259
OCCAM RETORNO ABSOLUTO ADVISORY FIC MULTIMERCADO;07/06/2022;1,205985
OCCAM RETORNO ABSOLUTO ADVISORY FIC MULTIMERCADO;08/06/2022;1,206728
OCCAM RETORNO ABSOLUTO ADVISORY FIC MULTIMERCADO;09/06/2022;1,205481
OCCAM RETORNO ABSOLUTO ADVISORY FIC MULTIMERCADO;10/06/2022;1,207266
OCCAM RETORNO ABSOLUTO ADVISORY FIC MULTIMERCADO;13/06/2022;1,210301
OCCAM RETORNO ABSOLUTO ADVISORY FIC MULTIMERCADO;14/06/2022;1,213913
OCCAM RETORNO ABSOLUTO ADVISORY FIC MULTIMERCADO;15/06/2022;1,211122
OCCAM RETORNO ABSOLUTO ADVISORY FIC MULTIMERCADO;17/06/2022;1,202433
OCCAM RETORNO ABSOLUTO ADVISORY FIC MULTIMERCADO;20/06/2022;1,204487
OCCAM RETORNO ABSOLUTO ADVISORY FIC MULTIMERCADO;21/06/2022;1,203135
OCCAM RETORNO ABSOLUTO ADVISORY FIC MULTIMERCADO;22/06/2022;1,201028
OCCAM RETORNO ABSOLUTO ADVISORY FIC MULTIMERCADO;23/06/2022;1,198195
OCCAM RETORNO ABSOLUTO ADVISORY FIC MULTIMERCADO;24/06/2022;1,200635
OCCAM RETORNO ABSOLUTO ADVISORY FIC MULTIMERCADO;27/06/2022;1,203362
OCCAM RETORNO ABSOLUTO ADVISORY FIC MULTIMERCADO;28/06/2022;1,205453
OCCAM RETORNO ABSOLUTO ADVISORY FIC MULTIMERCADO;29/06/2022;1,205374
OCCAM RETORNO ABSOLUTO ADVISORY FIC MULTIMERCADO;30/06/2022;1,205991
OCCAM RETORNO ABSOLUTO ADVISORY FIC MULTIMERCADO;01/07/2022;1,20571
OCCAM RETORNO ABSOLUTO ADVISORY FIC MULTIMERCADO;04/07/2022;1,205695
OCCAM RETORNO ABSOLUTO ADVISORY FIC MULTIMERCADO;05/07/2022;1,204371
OCCAM RETORNO ABSOLUTO ADVISORY FIC MULTIMERCADO;06/07/2022;1,204738
OCCAM RETORNO ABSOLUTO ADVISORY FIC MULTIMERCADO;07/07/2022;1,204703
OCCAM RETORNO ABSOLUTO ADVISORY FIC MULTIMERCADO;08/07/2022;1,204934
OCCAM RETORNO ABSOLUTO ADVISORY FIC MULTIMERCADO;11/07/2022;1,20603
OCCAM RETORNO ABSOLUTO ADVISORY FIC MULTIMERCADO;12/07/2022;1,20546
OCCAM RETORNO ABSOLUTO ADVISORY FIC MULTIMERCADO;13/07/2022;1,209056
OCCAM RETORNO ABSOLUTO ADVISORY FIC MULTIMERCADO;14/07/2022;1,209639
OCCAM RETORNO ABSOLUTO ADVISORY FIC MULTIMERCADO;15/07/2022;1,209212
OCCAM RETORNO ABSOLUTO ADVISORY FIC MULTIMERCADO;18/07/2022;1,212452
OCCAM RETORNO ABSOLUTO ADVISORY FIC MULTIMERCADO;19/07/2022;1,21499
OCCAM RETORNO ABSOLUTO ADVISORY FIC MULTIMERCADO;20/07/2022;1,213021
OCCAM RETORNO ABSOLUTO ADVISORY FIC MULTIMERCADO;21/07/2022;1,213623
OCCAM RETORNO ABSOLUTO ADVISORY FIC MULTIMERCADO;22/07/2022;1,209648
OCCAM RETORNO ABSOLUTO ADVISORY FIC MULTIMERCADO;25/07/2022;1,209855
OCCAM RETORNO ABSOLUTO ADVISORY FIC MULTIMERCADO;26/07/2022;1,210573
OCCAM RETORNO ABSOLUTO ADVISORY FIC MULTIMERCADO;27/07/2022;1,208885
OCCAM RETORNO ABSOLUTO ADVISORY FIC MULTIMERCADO;28/07/2022;1,206431
OCCAM RETORNO ABSOLUTO ADVISORY FIC MULTIMERCADO;29/07/2022;1,206392
OCCAM RETORNO ABSOLUTO ADVISORY FIC MULTIMERCADO;01/08/2022;1,204721
OCCAM RETORNO ABSOLUTO ADVISORY FIC MULTIMERCADO;02/08/2022;1,208514
OCCAM RETORNO ABSOLUTO ADVISORY FIC MULTIMERCADO;03/08/2022;1,20785
OCCAM RETORNO ABSOLUTO ADVISORY FIC MULTIMERCADO;04/08/2022;1,204117
OCCAM RETORNO ABSOLUTO ADVISORY FIC MULTIMERCADO;05/08/2022;1,207653
OCCAM RETORNO ABSOLUTO ADVISORY FIC MULTIMERCADO;08/08/2022;1,202642
OCCAM RETORNO ABSOLUTO ADVISORY FIC MULTIMERCADO;09/08/2022;1,207684
OCCAM RETORNO ABSOLUTO ADVISORY FIC MULTIMERCADO;10/08/2022;1,203887
OCCAM RETORNO ABSOLUTO ADVISORY FIC MULTIMERCADO;11/08/2022;1,20391
OCCAM RETORNO ABSOLUTO ADVISORY FIC MULTIMERCADO;12/08/2022;1,203429
OCCAM RETORNO ABSOLUTO ADVISORY FIC MULTIMERCADO;15/08/2022;1,203935
OCCAM RETORNO ABSOLUTO ADVISORY FIC MULTIMERCADO;16/08/2022;1,203661
OCCAM RETORNO ABSOLUTO ADVISORY FIC MULTIMERCADO;17/08/2022;1,208227
OCCAM RETORNO ABSOLUTO ADVISORY FIC MULTIMERCADO;18/08/2022;1,211418
OCCAM RETORNO ABSOLUTO ADVISORY FIC MULTIMERCADO;19/08/2022;1,211165
OCCAM RETORNO ABSOLUTO ADVISORY FIC MULTIMERCADO;22/08/2022;1,214172
OCCAM RETORNO ABSOLUTO ADVISORY FIC MULTIMERCADO;23/08/2022;1,210367
OCCAM RETORNO ABSOLUTO ADVISORY FIC MULTIMERCADO;24/08/2022;1,212547
OCCAM RETORNO ABSOLUTO ADVISORY FIC MULTIMERCADO;25/08/2022;1,214023
OCCAM RETORNO ABSOLUTO ADVISORY FIC MULTIMERCADO;26/08/2022;1,21478
OCCAM RETORNO ABSOLUTO ADVISORY FIC MULTIMERCADO;29/08/2022;1,220376
OCCAM RETORNO ABSOLUTO ADVISORY FIC MULTIMERCADO;30/08/2022;1,221466
OCCAM RETORNO ABSOLUTO ADVISORY FIC MULTIMERCADO;31/08/2022;1,219982
OCCAM RETORNO ABSOLUTO ADVISORY FIC MULTIMERCADO;01/09/2022;1,22066
OCCAM RETORNO ABSOLUTO ADVISORY FIC MULTIMERCADO;02/09/2022;1,21706
OCCAM RETORNO ABSOLUTO ADVISORY FIC MULTIMERCADO;05/09/2022;1,217511
OCCAM RETORNO ABSOLUTO ADVISORY FIC MULTIMERCADO;06/09/2022;1,219499
OCCAM RETORNO ABSOLUTO ADVISORY FIC MULTIMERCADO;08/09/2022;1,216258
OCCAM RETORNO ABSOLUTO ADVISORY FIC MULTIMERCADO;09/09/2022;1,213916
OCCAM RETORNO ABSOLUTO ADVISORY FIC MULTIMERCADO;12/09/2022;1,215562
OCCAM RETORNO ABSOLUTO ADVISORY FIC MULTIMERCADO;13/09/2022;1,223872
OCCAM RETORNO ABSOLUTO ADVISORY FIC MULTIMERCADO;14/09/2022;1,226914
OCCAM RETORNO ABSOLUTO ADVISORY FIC MULTIMERCADO;15/09/2022;1,231597
OCCAM RETORNO ABSOLUTO ADVISORY FIC MULTIMERCADO;16/09/2022;1,23099
OCCAM RETORNO ABSOLUTO ADVISORY FIC MULTIMERCADO;19/09/2022;1,229804
OCCAM RETORNO ABSOLUTO ADVISORY FIC MULTIMERCADO;20/09/2022;1,236199
OCCAM RETORNO ABSOLUTO ADVISORY FIC MULTIMERCADO;21/09/2022;1,232122
OCCAM RETORNO ABSOLUTO ADVISORY FIC MULTIMERCADO;22/09/2022;1,232359
OCCAM RETORNO ABSOLUTO ADVISORY FIC MULTIMERCADO;23/09/2022;1,240595
OCCAM RETORNO ABSOLUTO ADVISORY FIC MULTIMERCADO;26/09/2022;1,245044
OCCAM RETORNO ABSOLUTO ADVISORY FIC MULTIMERCADO;27/09/2022;1,243857
OCCAM RETORNO ABSOLUTO ADVISORY FIC MULTIMERCADO;28/09/2022;1,242511
OCCAM RETORNO ABSOLUTO ADVISORY FIC MULTIMERCADO;29/09/2022;1,24525
OCCAM RETORNO ABSOLUTO ADVISORY FIC MULTIMERCADO;30/09/2022;1,242961
OCCAM RETORNO ABSOLUTO ADVISORY FIC MULTIMERCADO;03/10/2022;1,244293
OCCAM RETORNO ABSOLUTO ADVISORY FIC MULTIMERCADO;04/10/2022;1,239508
OCCAM RETORNO ABSOLUTO ADVISORY FIC MULTIMERCADO;05/10/2022;1,243318
OCCAM RETORNO ABSOLUTO ADVISORY FIC MULTIMERCADO;06/10/2022;1,247057
OCCAM RETORNO ABSOLUTO ADVISORY FIC MULTIMERCADO;07/10/2022;1,249613
OCCAM RETORNO ABSOLUTO ADVISORY FIC MULTIMERCADO;10/10/2022;1,249642
OCCAM RETORNO ABSOLUTO ADVISORY FIC MULTIMERCADO;11/10/2022;1,252481
OCCAM RETORNO ABSOLUTO ADVISORY FIC MULTIMERCADO;13/10/2022;1,252419
OCCAM RETORNO ABSOLUTO ADVISORY FIC MULTIMERCADO;14/10/2022;1,256795
OCCAM RETORNO ABSOLUTO ADVISORY FIC MULTIMERCADO;17/10/2022;1,254919
OCCAM RETORNO ABSOLUTO ADVISORY FIC MULTIMERCADO;18/10/2022;1,254896
OCCAM RETORNO ABSOLUTO ADVISORY FIC MULTIMERCADO;19/10/2022;1,259724
OCCAM RETORNO ABSOLUTO ADVISORY FIC MULTIMERCADO;20/10/2022;1,260645
OCCAM RETORNO ABSOLUTO ADVISORY FIC MULTIMERCADO;21/10/2022;1,262876
OCCAM RETORNO ABSOLUTO ADVISORY FIC MULTIMERCADO;24/10/2022;1,261034
OCCAM RETORNO ABSOLUTO ADVISORY FIC MULTIMERCADO;25/10/2022;1,255428
OCCAM RETORNO ABSOLUTO ADVISORY FIC MULTIMERCADO;26/10/2022;1,252938
OCCAM RETORNO ABSOLUTO ADVISORY FIC MULTIMERCADO;27/10/2022;1,253848
OCCAM RETORNO ABSOLUTO ADVISORY FIC MULTIMERCADO;28/10/2022;1,25741
OCCAM RETORNO ABSOLUTO ADVISORY FIC MULTIMERCADO;31/10/2022;1,264739
OCCAM RETORNO ABSOLUTO ADVISORY FIC MULTIMERCADO;01/11/2022;1,260664
OCCAM RETORNO ABSOLUTO ADVISORY FIC MULTIMERCADO;03/11/2022;1,266772
OCCAM RETORNO ABSOLUTO ADVISORY FIC MULTIMERCADO;04/11/2022;1,26479
OCCAM RETORNO ABSOLUTO ADVISORY FIC MULTIMERCADO;07/11/2022;1,265075
OCCAM RETORNO ABSOLUTO ADVISORY FIC MULTIMERCADO;08/11/2022;1,261828
OCCAM RETORNO ABSOLUTO ADVISORY FIC MULTIMERCADO;09/11/2022;1,262257
OCCAM RETORNO ABSOLUTO ADVISORY FIC MULTIMERCADO;10/11/2022;1,262561
OCCAM RETORNO ABSOLUTO ADVISORY FIC MULTIMERCADO;11/11/2022;1,259098
OCCAM RETORNO ABSOLUTO ADVISORY FIC MULTIMERCADO;14/11/2022;1,256924
OCCAM RETORNO ABSOLUTO ADVISORY FIC MULTIMERCADO;16/11/2022;1,25589
OCCAM RETORNO ABSOLUTO ADVISORY FIC MULTIMERCADO;17/11/2022;1,263805
OCCAM RETORNO ABSOLUTO ADVISORY FIC MULTIMERCADO;18/11/2022;1,266645
OCCAM RETORNO ABSOLUTO ADVISORY FIC MULTIMERCADO;21/11/2022;1,262692
OCCAM RETORNO ABSOLUTO ADVISORY FIC MULTIMERCADO;22/11/2022;1,266557
OCCAM RETORNO ABSOLUTO ADVISORY FIC MULTIMERCADO;23/11/2022;1,268006
OCCAM RETORNO ABSOLUTO ADVISORY FIC MULTIMERCADO;24/11/2022;1,261829
OCCAM RETORNO ABSOLUTO ADVISORY FIC MULTIMERCADO;25/11/2022;1,26667
OCCAM RETORNO ABSOLUTO ADVISORY FIC MULTIMERCADO;28/11/2022;1,26676
OCCAM RETORNO ABSOLUTO ADVISORY FIC MULTIMERCADO;29/11/2022;1,259461
OCCAM RETORNO ABSOLUTO ADVISORY FIC MULTIMERCADO;30/11/2022;1,259249
OCCAM RETORNO ABSOLUTO ADVISORY FIC MULTIMERCADO;01/12/2022;1,258828
OCCAM RETORNO ABSOLUTO ADVISORY FIC MULTIMERCADO;02/12/2022;1,25691
OCCAM RETORNO ABSOLUTO ADVISORY FIC MULTIMERCADO;05/12/2022;1,263083
OCCAM RETORNO ABSOLUTO ADVISORY FIC MULTIMERCADO;06/12/2022;1,261072
OCCAM RETORNO ABSOLUTO ADVISORY FIC MULTIMERCADO;07/12/2022;1,256858
OCCAM RETORNO ABSOLUTO ADVISORY FIC MULTIMERCADO;08/12/2022;1,25975
OCCAM RETORNO ABSOLUTO ADVISORY FIC MULTIMERCADO;09/12/2022;1,263032
OCCAM RETORNO ABSOLUTO ADVISORY FIC MULTIMERCADO;12/12/2022;1,2675
OCCAM RETORNO ABSOLUTO ADVISORY FIC MULTIMERCADO;13/12/2022;1,269621
OCCAM RETORNO ABSOLUTO ADVISORY FIC MULTIMERCADO;14/12/2022;1,274953
OCCAM RETORNO ABSOLUTO ADVISORY FIC MULTIMERCADO;15/12/2022;1,274431
OCCAM RETORNO ABSOLUTO ADVISORY FIC MULTIMERCADO;16/12/2022;1,280981
OCCAM RETORNO ABSOLUTO ADVISORY FIC MULTIMERCADO;19/12/2022;1,277897
OCCAM RETORNO ABSOLUTO ADVISORY FIC MULTIMERCADO;20/12/2022;1,271046
OCCAM RETORNO ABSOLUTO ADVISORY FIC MULTIMERCADO;21/12/2022;1,26792
OCCAM RETORNO ABSOLUTO ADVISORY FIC MULTIMERCADO;22/12/2022;1,26614
OCCAM RETORNO ABSOLUTO ADVISORY FIC MULTIMERCADO;23/12/2022;1,261434
OCCAM RETORNO ABSOLUTO ADVISORY FIC MULTIMERCADO;26/12/2022;1,263668
OCCAM RETORNO ABSOLUTO ADVISORY FIC MULTIMERCADO;27/12/2022;1,266233
OCCAM RETORNO ABSOLUTO ADVISORY FIC MULTIMERCADO;28/12/2022;1,265181
OCCAM RETORNO ABSOLUTO ADVISORY FIC MULTIMERCADO;29/12/2022;1,260746
OCCAM RETORNO ABSOLUTO ADVISORY FIC MULTIMERCADO;30/12/2022;1,262234
OCCAM RETORNO ABSOLUTO ADVISORY FIC MULTIMERCADO;02/01/2023;1,268238
OCCAM RETORNO ABSOLUTO ADVISORY FIC MULTIMERCADO;03/01/2023;1,270774
OCCAM RETORNO ABSOLUTO ADVISORY FIC MULTIMERCADO;04/01/2023;1,26927
OCCAM RETORNO ABSOLUTO ADVISORY FIC MULTIMERCADO;05/01/2023;1,265614
OCCAM RETORNO ABSOLUTO ADVISORY FIC MULTIMERCADO;06/01/2023;1,257958
OCCAM RETORNO ABSOLUTO ADVISORY FIC MULTIMERCADO;09/01/2023;1,257643
OCCAM RETORNO ABSOLUTO ADVISORY FIC MULTIMERCADO;10/01/2023;1,252411
OCCAM RETORNO ABSOLUTO ADVISORY FIC MULTIMERCADO;11/01/2023;1,251154
OCCAM RETORNO ABSOLUTO ADVISORY FIC MULTIMERCADO;12/01/2023;1,253304
OCCAM RETORNO ABSOLUTO ADVISORY FIC MULTIMERCADO;13/01/2023;1,257918
OCCAM RETORNO ABSOLUTO ADVISORY FIC MULTIMERCADO;16/01/2023;1,265339
OCCAM RETORNO ABSOLUTO ADVISORY FIC MULTIMERCADO;17/01/2023;1,260472
OCCAM RETORNO ABSOLUTO ADVISORY FIC MULTIMERCADO;18/01/2023;1,26318
OCCAM RETORNO ABSOLUTO ADVISORY FIC MULTIMERCADO;19/01/2023;1,265318
OCCAM RETORNO ABSOLUTO ADVISORY FIC MULTIMERCADO;20/01/2023;1,268033
OCCAM RETORNO ABSOLUTO ADVISORY FIC MULTIMERCADO;23/01/2023;1,266806
OCCAM RETORNO ABSOLUTO ADVISORY FIC MULTIMERCADO;24/01/2023;1,263785
OCCAM RETORNO ABSOLUTO ADVISORY FIC MULTIMERCADO;25/01/2023;1,26223
OCCAM RETORNO ABSOLUTO ADVISORY FIC MULTIMERCADO;26/01/2023;1,263846
OCCAM RETORNO ABSOLUTO ADVISORY FIC MULTIMERCADO;27/01/2023;1,268501
OCCAM RETORNO ABSOLUTO ADVISORY FIC MULTIMERCADO;30/01/2023;1,268812
OCCAM RETORNO ABSOLUTO ADVISORY FIC MULTIMERCADO;31/01/2023;1,263563
OCCAM RETORNO ABSOLUTO ADVISORY FIC MULTIMERCADO;01/02/2023;1,26811
OCCAM RETORNO ABSOLUTO ADVISORY FIC MULTIMERCADO;02/02/2023;1,26741
OCCAM RETORNO ABSOLUTO ADVISORY FIC MULTIMERCADO;03/02/2023;1,276514
OCCAM RETORNO ABSOLUTO ADVISORY FIC MULTIMERCADO;06/02/2023;1,276602
OCCAM RETORNO ABSOLUTO ADVISORY FIC MULTIMERCADO;07/02/2023;1,276766
OCCAM RETORNO ABSOLUTO ADVISORY FIC MULTIMERCADO;08/02/2023;1,27337
OCCAM RETORNO ABSOLUTO ADVISORY FIC MULTIMERCADO;09/02/2023;1,27349
OCCAM RETORNO ABSOLUTO ADVISORY FIC MULTIMERCADO;10/02/2023;1,27793
OCCAM RETORNO ABSOLUTO ADVISORY FIC MULTIMERCADO;13/02/2023;1,2802
OCCAM RETORNO ABSOLUTO ADVISORY FIC MULTIMERCADO;14/02/2023;1,278999
OCCAM RETORNO ABSOLUTO ADVISORY FIC MULTIMERCADO;15/02/2023;1,267937
OCCAM RETORNO ABSOLUTO ADVISORY FIC MULTIMERCADO;16/02/2023;1,269481
OCCAM RETORNO ABSOLUTO ADVISORY FIC MULTIMERCADO;17/02/2023;1,269037
OCCAM RETORNO ABSOLUTO ADVISORY FIC MULTIMERCADO;22/02/2023;1,273671
OCCAM RETORNO ABSOLUTO ADVISORY FIC MULTIMERCADO;23/02/2023;1,273458
OCCAM RETORNO ABSOLUTO ADVISORY FIC MULTIMERCADO;24/02/2023;1,278616
OCCAM RETORNO ABSOLUTO ADVISORY FIC MULTIMERCADO;27/02/2023;1,271634
OCCAM RETORNO ABSOLUTO ADVISORY FIC MULTIMERCADO;28/02/2023;1,274976
OCCAM RETORNO ABSOLUTO ADVISORY FIC MULTIMERCADO;01/03/2023;1,278455
OCCAM RETORNO ABSOLUTO ADVISORY FIC MULTIMERCADO;02/03/2023;1,282432
OCCAM RETORNO ABSOLUTO ADVISORY FIC MULTIMERCADO;03/03/2023;1,28366
OCCAM RETORNO ABSOLUTO ADVISORY FIC MULTIMERCADO;06/03/2023;1,274009
OCCAM RETORNO ABSOLUTO ADVISORY FIC MULTIMERCADO;07/03/2023;1,270371
OCCAM RETORNO ABSOLUTO ADVISORY FIC MULTIMERCADO;08/03/2023;1,258825
OCCAM RETORNO ABSOLUTO ADVISORY FIC MULTIMERCADO;09/03/2023;1,250766
OCCAM RETORNO ABSOLUTO ADVISORY FIC MULTIMERCADO;10/03/2023;1,257692
OCCAM RETORNO ABSOLUTO ADVISORY FIC MULTIMERCADO;13/03/2023;1,251885
OCCAM RETORNO ABSOLUTO ADVISORY FIC MULTIMERCADO;14/03/2023;1,253
OCCAM RETORNO ABSOLUTO ADVISORY FIC MULTIMERCADO;15/03/2023;1,252302
OCCAM RETORNO ABSOLUTO ADVISORY FIC MULTIMERCADO;16/03/2023;1,251678
OCCAM RETORNO ABSOLUTO ADVISORY FIC MULTIMERCADO;17/03/2023;1,247866
OCCAM RETORNO ABSOLUTO ADVISORY FIC MULTIMERCADO;20/03/2023;1,251737
OCCAM RETORNO ABSOLUTO ADVISORY FIC MULTIMERCADO;21/03/2023;1,253237
OCCAM RETORNO ABSOLUTO ADVISORY FIC MULTIMERCADO;22/03/2023;1,251634
OCCAM RETORNO ABSOLUTO ADVISORY FIC MULTIMERCADO;23/03/2023;1,26003
OCCAM RETORNO ABSOLUTO ADVISORY FIC MULTIMERCADO;24/03/2023;1,25392
OCCAM RETORNO ABSOLUTO ADVISORY FIC MULTIMERCADO;27/03/2023;1,252025
OCCAM RETORNO ABSOLUTO ADVISORY FIC MULTIMERCADO;28/03/2023;1,253412
OCCAM RETORNO ABSOLUTO ADVISORY FIC MULTIMERCADO;29/03/2023;1,255919
OCCAM RETORNO ABSOLUTO ADVISORY FIC MULTIMERCADO;30/03/2023;1,24806
OCCAM RETORNO ABSOLUTO ADVISORY FIC MULTIMERCADO;31/03/2023;1,251303
OCCAM RETORNO ABSOLUTO ADVISORY FIC MULTIMERCADO;03/04/2023;1,250237
OCCAM RETORNO ABSOLUTO ADVISORY FIC MULTIMERCADO;04/04/2023;1,253429
OCCAM RETORNO ABSOLUTO ADVISORY FIC MULTIMERCADO;05/04/2023;1,251073
OCCAM RETORNO ABSOLUTO ADVISORY FIC MULTIMERCADO;06/04/2023;1,253888
OCCAM RETORNO ABSOLUTO ADVISORY FIC MULTIMERCADO;10/04/2023;1,250797
OCCAM RETORNO ABSOLUTO ADVISORY FIC MULTIMERCADO;11/04/2023;1,239843
OCCAM RETORNO ABSOLUTO ADVISORY FIC MULTIMERCADO;12/04/2023;1,241948
OCCAM RETORNO ABSOLUTO ADVISORY FIC MULTIMERCADO;13/04/2023;1,240996
OCCAM RETORNO ABSOLUTO ADVISORY FIC MULTIMERCADO;14/04/2023;1,245203
OCCAM RETORNO ABSOLUTO ADVISORY FIC MULTIMERCADO;17/04/2023;1,245806
OCCAM RETORNO ABSOLUTO ADVISORY FIC MULTIMERCADO;18/04/2023;1,247181
OCCAM RETORNO ABSOLUTO ADVISORY FIC MULTIMERCADO;19/04/2023;1,250332
OCCAM RETORNO ABSOLUTO ADVISORY FIC MULTIMERCADO;20/04/2023;1,249458
OCCAM RETORNO ABSOLUTO ADVISORY FIC MULTIMERCADO;24/04/2023;1,24717
OCCAM RETORNO ABSOLUTO ADVISORY FIC MULTIMERCADO;25/04/2023;1,246863
OCCAM RETORNO ABSOLUTO ADVISORY FIC MULTIMERCADO;26/04/2023;1,251044
OCCAM RETORNO ABSOLUTO ADVISORY FIC MULTIMERCADO;27/04/2023;1,252355
OCCAM RETORNO ABSOLUTO ADVISORY FIC MULTIMERCADO;28/04/2023;1,250362
OCCAM RETORNO ABSOLUTO ADVISORY FIC MULTIMERCADO;02/05/2023;1,252045
OCCAM RETORNO ABSOLUTO ADVISORY FIC MULTIMERCADO;03/05/2023;1,248205
OCCAM RETORNO ABSOLUTO ADVISORY FIC MULTIMERCADO;04/05/2023;1,242163
OCCAM RETORNO ABSOLUTO ADVISORY FIC MULTIMERCADO;05/05/2023;1,231764
OCCAM RETORNO ABSOLUTO ADVISORY FIC MULTIMERCADO;08/05/2023;1,226649
OCCAM RETORNO ABSOLUTO ADVISORY FIC MULTIMERCADO;09/05/2023;1,223749
OCCAM RETORNO ABSOLUTO ADVISORY FIC MULTIMERCADO;10/05/2023;1,224184
OCCAM RETORNO ABSOLUTO ADVISORY FIC MULTIMERCADO;11/05/2023;1,224397
OCCAM RETORNO ABSOLUTO ADVISORY FIC MULTIMERCADO;12/05/2023;1,223113
OCCAM RETORNO ABSOLUTO ADVISORY FIC MULTIMERCADO;15/05/2023;1,219196
OCCAM RETORNO ABSOLUTO ADVISORY FIC MULTIMERCADO;16/05/2023;1,224667
OCCAM RETORNO ABSOLUTO ADVISORY FIC MULTIMERCADO;17/05/2023;1,21824
OCCAM RETORNO ABSOLUTO ADVISORY FIC MULTIMERCADO;18/05/2023;1,214965
OCCAM RETORNO ABSOLUTO ADVISORY FIC MULTIMERCADO;19/05/2023;1,213806
OCCAM RETORNO ABSOLUTO ADVISORY FIC MULTIMERCADO;22/05/2023;1,213851
OCCAM RETORNO ABSOLUTO ADVISORY FIC MULTIMERCADO;23/05/2023;1,213335
OCCAM RETORNO ABSOLUTO ADVISORY FIC MULTIMERCADO;24/05/2023;1,21369
OCCAM RETORNO ABSOLUTO ADVISORY FIC MULTIMERCADO;25/05/2023;1,217728
OCCAM RETORNO ABSOLUTO ADVISORY FIC MULTIMERCADO;26/05/2023;1,216851
OCCAM RETORNO ABSOLUTO ADVISORY FIC MULTIMERCADO;29/05/2023;1,216829
OCCAM RETORNO ABSOLUTO ADVISORY FIC MULTIMERCADO;30/05/2023;1,216897
OCCAM RETORNO ABSOLUTO ADVISORY FIC MULTIMERCADO;31/05/2023;1,216441
OCCAM RETORNO ABSOLUTO ADVISORY FIC MULTIMERCADO;01/06/2023;1,218413
OCCAM RETORNO ABSOLUTO ADVISORY FIC MULTIMERCADO;02/06/2023;1,2158
OCCAM RETORNO ABSOLUTO ADVISORY FIC MULTIMERCADO;05/06/2023;1,217192
OCCAM RETORNO ABSOLUTO ADVISORY FIC MULTIMERCADO;06/06/2023;1,217979
OCCAM RETORNO ABSOLUTO ADVISORY FIC MULTIMERCADO;07/06/2023;1,21676
OCCAM RETORNO ABSOLUTO ADVISORY FIC MULTIMERCADO;09/06/2023;1,222363
OCCAM RETORNO ABSOLUTO ADVISORY FIC MULTIMERCADO;12/06/2023;1,225582
OCCAM RETORNO ABSOLUTO ADVISORY FIC MULTIMERCADO;13/06/2023;1,22154
OCCAM RETORNO ABSOLUTO ADVISORY FIC MULTIMERCADO;14/06/2023;1,225696
OCCAM RETORNO ABSOLUTO ADVISORY FIC MULTIMERCADO;15/06/2023;1,22603
OCCAM RETORNO ABSOLUTO ADVISORY FIC MULTIMERCADO;16/06/2023;1,223692
OCCAM RETORNO ABSOLUTO ADVISORY FIC MULTIMERCADO;19/06/2023;1,2272
OCCAM RETORNO ABSOLUTO ADVISORY FIC MULTIMERCADO;20/06/2023;1,230842
OCCAM RETORNO ABSOLUTO ADVISORY FIC MULTIMERCADO;21/06/2023;1,235761
OCCAM RETORNO ABSOLUTO ADVISORY FIC MULTIMERCADO;22/06/2023;1,232039
OCCAM RETORNO ABSOLUTO ADVISORY FIC MULTIMERCADO;23/06/2023;1,233809
OCCAM RETORNO ABSOLUTO ADVISORY FIC MULTIMERCADO;26/06/2023;1,232761
OCCAM RETORNO ABSOLUTO ADVISORY FIC MULTIMERCADO;27/06/2023;1,230295
OCCAM RETORNO ABSOLUTO ADVISORY FIC MULTIMERCADO;28/06/2023;1,232661
OCCAM RETORNO ABSOLUTO ADVISORY FIC MULTIMERCADO;29/06/2023;1,233116
OCCAM RETORNO ABSOLUTO ADVISORY FIC MULTIMERCADO;30/06/2023;1,234247
OCCAM RETORNO ABSOLUTO ADVISORY FIC MULTIMERCADO;03/07/2023;1,238854
OCCAM RETORNO ABSOLUTO ADVISORY FIC MULTIMERCADO;04/07/2023;1,236989
OCCAM RETORNO ABSOLUTO ADVISORY FIC MULTIMERCADO;05/07/2023;1,239873
OCCAM RETORNO ABSOLUTO ADVISORY FIC MULTIMERCADO;06/07/2023;1,233832
OCCAM RETORNO ABSOLUTO ADVISORY FIC MULTIMERCADO;07/07/2023;1,237628
OCCAM RETORNO ABSOLUTO ADVISORY FIC MULTIMERCADO;10/07/2023;1,232802
OCCAM RETORNO ABSOLUTO ADVISORY FIC MULTIMERCADO;11/07/2023;1,230129
OCCAM RETORNO ABSOLUTO ADVISORY FIC MULTIMERCADO;12/07/2023;1,2312
OCCAM RETORNO ABSOLUTO ADVISORY FIC MULTIMERCADO;13/07/2023;1,237032
OCCAM RETORNO ABSOLUTO ADVISORY FIC MULTIMERCADO;14/07/2023;1,230232
OCCAM RETORNO ABSOLUTO ADVISORY FIC MULTIMERCADO;17/07/2023;1,237146
OCCAM RETORNO ABSOLUTO ADVISORY FIC MULTIMERCADO;18/07/2023;1,240848
OCCAM RETORNO ABSOLUTO ADVISORY FIC MULTIMERCADO;19/07/2023;1,240966
OCCAM RETORNO ABSOLUTO ADVISORY FIC MULTIMERCADO;20/07/2023;1,241877
OCCAM RETORNO ABSOLUTO ADVISORY FIC MULTIMERCADO;21/07/2023;1,249803
OCCAM RETORNO ABSOLUTO ADVISORY FIC MULTIMERCADO;24/07/2023;1,250145
OCCAM RETORNO ABSOLUTO ADVISORY FIC MULTIMERCADO;25/07/2023;1,250237
OCCAM RETORNO ABSOLUTO ADVISORY FIC MULTIMERCADO;26/07/2023;1,251876
OCCAM RETORNO ABSOLUTO ADVISORY FIC MULTIMERCADO;27/07/2023;1,244239
OCCAM RETORNO ABSOLUTO ADVISORY FIC MULTIMERCADO;28/07/2023;1,248496
OCCAM RETORNO ABSOLUTO ADVISORY FIC MULTIMERCADO;31/07/2023;1,251985
OCCAM RETORNO ABSOLUTO ADVISORY FIC MULTIMERCADO;01/08/2023;1,248002
OCCAM RETORNO ABSOLUTO ADVISORY FIC MULTIMERCADO;02/08/2023;1,243122
OCCAM RETORNO ABSOLUTO ADVISORY FIC MULTIMERCADO;03/08/2023;1,251569
OCCAM RETORNO ABSOLUTO ADVISORY FIC MULTIMERCADO;04/08/2023;1,252056
OCCAM RETORNO ABSOLUTO ADVISORY FIC MULTIMERCADO;07/08/2023;1,250698
OCCAM RETORNO ABSOLUTO ADVISORY FIC MULTIMERCADO;08/08/2023;1,252386
OCCAM RETORNO ABSOLUTO ADVISORY FIC MULTIMERCADO;09/08/2023;1,251209
OCCAM RETORNO ABSOLUTO ADVISORY FIC MULTIMERCADO;10/08/2023;1,251005
OCCAM RETORNO ABSOLUTO ADVISORY FIC MULTIMERCADO;11/08/2023;1,248426
OCCAM RETORNO ABSOLUTO ADVISORY FIC MULTIMERCADO;14/08/2023;1,245229
OCCAM RETORNO ABSOLUTO ADVISORY FIC MULTIMERCADO;15/08/2023;1,242276
OCCAM RETORNO ABSOLUTO ADVISORY FIC MULTIMERCADO;16/08/2023;1,238628
OCCAM RETORNO ABSOLUTO ADVISORY FIC MULTIMERCADO;17/08/2023;1,234435
OCCAM RETORNO ABSOLUTO ADVISORY FIC MULTIMERCADO;18/08/2023;1,237325
OCCAM RETORNO ABSOLUTO ADVISORY FIC MULTIMERCADO;21/08/2023;1,236985
OCCAM RETORNO ABSOLUTO ADVISORY FIC MULTIMERCADO;22/08/2023;1,241358
OCCAM RETORNO ABSOLUTO ADVISORY FIC MULTIMERCADO;23/08/2023;1,247073
OCCAM RETORNO ABSOLUTO ADVISORY FIC MULTIMERCADO;24/08/2023;1,244549
OCCAM RETORNO ABSOLUTO ADVISORY FIC MULTIMERCADO;25/08/2023;1,238373
OCCAM RETORNO ABSOLUTO ADVISORY FIC MULTIMERCADO;28/08/2023;1,236581
OCCAM RETORNO ABSOLUTO ADVISORY FIC MULTIMERCADO;29/08/2023;1,238878
OCCAM RETORNO ABSOLUTO ADVISORY FIC MULTIMERCADO;30/08/2023;1,240599
OCCAM RETORNO ABSOLUTO ADVISORY FIC MULTIMERCADO;31/08/2023;1,239399
OCCAM RETORNO ABSOLUTO ADVISORY FIC MULTIMERCADO;01/09/2023;1,238076
OCCAM RETORNO ABSOLUTO ADVISORY FIC MULTIMERCADO;04/09/2023;1,234963
OCCAM RETORNO ABSOLUTO ADVISORY FIC MULTIMERCADO;05/09/2023;1,235405
OCCAM RETORNO ABSOLUTO ADVISORY FIC MULTIMERCADO;06/09/2023;1,233172
OCCAM RETORNO ABSOLUTO ADVISORY FIC MULTIMERCADO;08/09/2023;1,236795
OCCAM RETORNO ABSOLUTO ADVISORY FIC MULTIMERCADO;11/09/2023;1,239709
OCCAM RETORNO ABSOLUTO ADVISORY FIC MULTIMERCADO;12/09/2023;1,241604
OCCAM RETORNO ABSOLUTO ADVISORY FIC MULTIMERCADO;13/09/2023;1,246228
OCCAM RETORNO ABSOLUTO ADVISORY FIC MULTIMERCADO;14/09/2023;1,251298
OCCAM RETORNO ABSOLUTO ADVISORY FIC MULTIMERCADO;15/09/2023;1,247503
OCCAM RETORNO ABSOLUTO ADVISORY FIC MULTIMERCADO;18/09/2023;1,242991
OCCAM RETORNO ABSOLUTO ADVISORY FIC MULTIMERCADO;19/09/2023;1,242386
OCCAM RETORNO ABSOLUTO ADVISORY FIC MULTIMERCADO;20/09/2023;1,239355
OCCAM RETORNO ABSOLUTO ADVISORY FIC MULTIMERCADO;21/09/2023;1,239916
OCCAM RETORNO ABSOLUTO ADVISORY FIC MULTIMERCADO;22/09/2023;1,24108
OCCAM RETORNO ABSOLUTO ADVISORY FIC MULTIMERCADO;25/09/2023;1,245265
OCCAM RETORNO ABSOLUTO ADVISORY FIC MULTIMERCADO;26/09/2023;1,247021
OCCAM RETORNO ABSOLUTO ADVISORY FIC MULTIMERCADO;27/09/2023;1,250062
OCCAM RETORNO ABSOLUTO ADVISORY FIC MULTIMERCADO;28/09/2023;1,251231
OCCAM RETORNO ABSOLUTO ADVISORY FIC MULTIMERCADO;29/09/2023;1,248989
OCCAM RETORNO ABSOLUTO ADVISORY FIC MULTIMERCADO;02/10/2023;1,253046
OCCAM RETORNO ABSOLUTO ADVISORY FIC MULTIMERCADO;03/10/2023;1,254503
OCCAM RETORNO ABSOLUTO ADVISORY FIC MULTIMERCADO;04/10/2023;1,253256
OCCAM RETORNO ABSOLUTO ADVISORY FIC MULTIMERCADO;05/10/2023;1,254345
OCCAM RETORNO ABSOLUTO ADVISORY FIC MULTIMERCADO;06/10/2023;1,256036
OCCAM RETORNO ABSOLUTO ADVISORY FIC MULTIMERCADO;09/10/2023;1,258261
OCCAM RETORNO ABSOLUTO ADVISORY FIC MULTIMERCADO;10/10/2023;1,257685
OCCAM RETORNO ABSOLUTO ADVISORY FIC MULTIMERCADO;11/10/2023;1,258812
OCCAM RETORNO ABSOLUTO ADVISORY FIC MULTIMERCADO;13/10/2023;1,260312
OCCAM RETORNO ABSOLUTO ADVISORY FIC MULTIMERCADO;16/10/2023;1,26174
OCCAM RETORNO ABSOLUTO ADVISORY FIC MULTIMERCADO;17/10/2023;1,263705
OCCAM RETORNO ABSOLUTO ADVISORY FIC MULTIMERCADO;18/10/2023;1,26602
OCCAM RETORNO ABSOLUTO ADVISORY FIC MULTIMERCADO;19/10/2023;1,270325
OCCAM RETORNO ABSOLUTO ADVISORY FIC MULTIMERCADO;20/10/2023;1,272946
OCCAM RETORNO ABSOLUTO ADVISORY FIC MULTIMERCADO;23/10/2023;1,272703
OCCAM RETORNO ABSOLUTO ADVISORY FIC MULTIMERCADO;24/10/2023;1,274721
OCCAM RETORNO ABSOLUTO ADVISORY FIC MULTIMERCADO;25/10/2023;1,274019
OCCAM RETORNO ABSOLUTO ADVISORY FIC MULTIMERCADO;26/10/2023;1,268813
OCCAM RETORNO ABSOLUTO ADVISORY FIC MULTIMERCADO;27/10/2023;1,270963
OCCAM RETORNO ABSOLUTO ADVISORY FIC MULTIMERCADO;30/10/2023;1,272488
OCCAM RETORNO ABSOLUTO ADVISORY FIC MULTIMERCADO;31/10/2023;1,273223
OCCAM RETORNO ABSOLUTO ADVISORY FIC MULTIMERCADO;01/11/2023;1,272709
OCCAM RETORNO ABSOLUTO ADVISORY FIC MULTIMERCADO;03/11/2023;1,268696
OCCAM RETORNO ABSOLUTO ADVISORY FIC MULTIMERCADO;06/11/2023;1,271064
OCCAM RETORNO ABSOLUTO ADVISORY FIC MULTIMERCADO;07/11/2023;1,266858
OCCAM RETORNO ABSOLUTO ADVISORY FIC MULTIMERCADO;08/11/2023;1,266741
OCCAM RETORNO ABSOLUTO ADVISORY FIC MULTIMERCADO;09/11/2023;1,265653
SPX NIMITZ FEEDER FIC MULTIMERCADO;01/12/2010;1
SPX NIMITZ FEEDER FIC MULTIMERCADO;02/12/2010;1,002623
SPX NIMITZ FEEDER FIC MULTIMERCADO;03/12/2010;1,001385
SPX NIMITZ FEEDER FIC MULTIMERCADO;06/12/2010;1,000337
SPX NIMITZ FEEDER FIC MULTIMERCADO;07/12/2010;1,000866
SPX NIMITZ FEEDER FIC MULTIMERCADO;08/12/2010;1,002345
SPX NIMITZ FEEDER FIC MULTIMERCADO;09/12/2010;1,001954
SPX NIMITZ FEEDER FIC MULTIMERCADO;10/12/2010;1,001131
SPX NIMITZ FEEDER FIC MULTIMERCADO;13/12/2010;1,001589
SPX NIMITZ FEEDER FIC MULTIMERCADO;14/12/2010;1,001958
SPX NIMITZ FEEDER FIC MULTIMERCADO;15/12/2010;1,003551
SPX NIMITZ FEEDER FIC MULTIMERCADO;16/12/2010;1,002138
SPX NIMITZ FEEDER FIC MULTIMERCADO;17/12/2010;1,001933
SPX NIMITZ FEEDER FIC MULTIMERCADO;20/12/2010;1,003095
SPX NIMITZ FEEDER FIC MULTIMERCADO;21/12/2010;1,007041
SPX NIMITZ FEEDER FIC MULTIMERCADO;22/12/2010;1,009307
SPX NIMITZ FEEDER FIC MULTIMERCADO;23/12/2010;1,010141
SPX NIMITZ FEEDER FIC MULTIMERCADO;24/12/2010;1,010141
SPX NIMITZ FEEDER FIC MULTIMERCADO;27/12/2010;1,011608
SPX NIMITZ FEEDER FIC MULTIMERCADO;28/12/2010;1,012474
SPX NIMITZ FEEDER FIC MULTIMERCADO;29/12/2010;1,011171
SPX NIMITZ FEEDER FIC MULTIMERCADO;30/12/2010;1,010197
SPX NIMITZ FEEDER FIC MULTIMERCADO;31/12/2010;1,010197
SPX NIMITZ FEEDER FIC MULTIMERCADO;03/01/2011;1,010004
SPX NIMITZ FEEDER FIC MULTIMERCADO;04/01/2011;1,009231
SPX NIMITZ FEEDER FIC MULTIMERCADO;05/01/2011;1,014136
SPX NIMITZ FEEDER FIC MULTIMERCADO;06/01/2011;1,014264
SPX NIMITZ FEEDER FIC MULTIMERCADO;07/01/2011;1,015566
SPX NIMITZ FEEDER FIC MULTIMERCADO;10/01/2011;1,017758
SPX NIMITZ FEEDER FIC MULTIMERCADO;11/01/2011;1,017852
SPX NIMITZ FEEDER FIC MULTIMERCADO;12/01/2011;1,020802
SPX NIMITZ FEEDER FIC MULTIMERCADO;13/01/2011;1,021357
SPX NIMITZ FEEDER FIC MULTIMERCADO;14/01/2011;1,025239
SPX NIMITZ FEEDER FIC MULTIMERCADO;17/01/2011;1,026015
SPX NIMITZ FEEDER FIC MULTIMERCADO;18/01/2011;1,027164
SPX NIMITZ FEEDER FIC MULTIMERCADO;19/01/2011;1,025947
SPX NIMITZ FEEDER FIC MULTIMERCADO;20/01/2011;1,026409
SPX NIMITZ FEEDER FIC MULTIMERCADO;21/01/2011;1,02835
SPX NIMITZ FEEDER FIC MULTIMERCADO;24/01/2011;1,029758
SPX NIMITZ FEEDER FIC MULTIMERCADO;25/01/2011;1,029758
SPX NIMITZ FEEDER FIC MULTIMERCADO;26/01/2011;1,031366
SPX NIMITZ FEEDER FIC MULTIMERCADO;27/01/2011;1,032705
SPX NIMITZ FEEDER FIC MULTIMERCADO;28/01/2011;1,028799
SPX NIMITZ FEEDER FIC MULTIMERCADO;31/01/2011;1,028095
SPX NIMITZ FEEDER FIC MULTIMERCADO;01/02/2011;1,028623
SPX NIMITZ FEEDER FIC MULTIMERCADO;02/02/2011;1,027462
SPX NIMITZ FEEDER FIC MULTIMERCADO;03/02/2011;1,02704
SPX NIMITZ FEEDER FIC MULTIMERCADO;04/02/2011;1,032821
SPX NIMITZ FEEDER FIC MULTIMERCADO;07/02/2011;1,029729
SPX NIMITZ FEEDER FIC MULTIMERCADO;08/02/2011;1,026831
SPX NIMITZ FEEDER FIC MULTIMERCADO;09/02/2011;1,029376
SPX NIMITZ FEEDER FIC MULTIMERCADO;10/02/2011;1,029476
SPX NIMITZ FEEDER FIC MULTIMERCADO;11/02/2011;1,029991
SPX NIMITZ FEEDER FIC MULTIMERCADO;14/02/2011;1,036299
SPX NIMITZ FEEDER FIC MULTIMERCADO;15/02/2011;1,034528
SPX NIMITZ FEEDER FIC MULTIMERCADO;16/02/2011;1,033862
SPX NIMITZ FEEDER FIC MULTIMERCADO;17/02/2011;1,032162
SPX NIMITZ FEEDER FIC MULTIMERCADO;18/02/2011;1,033054
SPX NIMITZ FEEDER FIC MULTIMERCADO;21/02/2011;1,034415
SPX NIMITZ FEEDER FIC MULTIMERCADO;22/02/2011;1,034013
SPX NIMITZ FEEDER FIC MULTIMERCADO;23/02/2011;1,035492
SPX NIMITZ FEEDER FIC MULTIMERCADO;24/02/2011;1,041165
SPX NIMITZ FEEDER FIC MULTIMERCADO;25/02/2011;1,041205
SPX NIMITZ FEEDER FIC MULTIMERCADO;28/02/2011;1,041044
SPX NIMITZ FEEDER FIC MULTIMERCADO;01/03/2011;1,04151
SPX NIMITZ FEEDER FIC MULTIMERCADO;02/03/2011;1,041473
SPX NIMITZ FEEDER FIC MULTIMERCADO;03/03/2011;1,04389
SPX NIMITZ FEEDER FIC MULTIMERCADO;04/03/2011;1,044912
SPX NIMITZ FEEDER FIC MULTIMERCADO;09/03/2011;1,043002
SPX NIMITZ FEEDER FIC MULTIMERCADO;10/03/2011;1,036386
SPX NIMITZ FEEDER FIC MULTIMERCADO;11/03/2011;1,03445
SPX NIMITZ FEEDER FIC MULTIMERCADO;14/03/2011;1,031573
SPX NIMITZ FEEDER FIC MULTIMERCADO;15/03/2011;1,021436
SPX NIMITZ FEEDER FIC MULTIMERCADO;16/03/2011;1,021922
SPX NIMITZ FEEDER FIC MULTIMERCADO;17/03/2011;1,023865
SPX NIMITZ FEEDER FIC MULTIMERCADO;18/03/2011;1,026287
SPX NIMITZ FEEDER FIC MULTIMERCADO;21/03/2011;1,030326
SPX NIMITZ FEEDER FIC MULTIMERCADO;22/03/2011;1,031355
SPX NIMITZ FEEDER FIC MULTIMERCADO;23/03/2011;1,031619
SPX NIMITZ FEEDER FIC MULTIMERCADO;24/03/2011;1,032095
SPX NIMITZ FEEDER FIC MULTIMERCADO;25/03/2011;1,033332
SPX NIMITZ FEEDER FIC MULTIMERCADO;28/03/2011;1,034734
SPX NIMITZ FEEDER FIC MULTIMERCADO;29/03/2011;1,036461
SPX NIMITZ FEEDER FIC MULTIMERCADO;30/03/2011;1,037412
SPX NIMITZ FEEDER FIC MULTIMERCADO;31/03/2011;1,038857
SPX NIMITZ FEEDER FIC MULTIMERCADO;01/04/2011;1,04008
SPX NIMITZ FEEDER FIC MULTIMERCADO;04/04/2011;1,040102
SPX NIMITZ FEEDER FIC MULTIMERCADO;05/04/2011;1,041923
SPX NIMITZ FEEDER FIC MULTIMERCADO;06/04/2011;1,043163
SPX NIMITZ FEEDER FIC MULTIMERCADO;07/04/2011;1,044936
SPX NIMITZ FEEDER FIC MULTIMERCADO;08/04/2011;1,046523
SPX NIMITZ FEEDER FIC MULTIMERCADO;11/04/2011;1,047988
SPX NIMITZ FEEDER FIC MULTIMERCADO;12/04/2011;1,044033
SPX NIMITZ FEEDER FIC MULTIMERCADO;13/04/2011;1,042902
SPX NIMITZ FEEDER FIC MULTIMERCADO;14/04/2011;1,043316
SPX NIMITZ FEEDER FIC MULTIMERCADO;15/04/2011;1,04219
SPX NIMITZ FEEDER FIC MULTIMERCADO;18/04/2011;1,04336
SPX NIMITZ FEEDER FIC MULTIMERCADO;19/04/2011;1,04403
SPX NIMITZ FEEDER FIC MULTIMERCADO;20/04/2011;1,047317
SPX NIMITZ FEEDER FIC MULTIMERCADO;25/04/2011;1,04867
SPX NIMITZ FEEDER FIC MULTIMERCADO;26/04/2011;1,048981
SPX NIMITZ FEEDER FIC MULTIMERCADO;27/04/2011;1,052764
SPX NIMITZ FEEDER FIC MULTIMERCADO;28/04/2011;1,053373
SPX NIMITZ FEEDER FIC MULTIMERCADO;29/04/2011;1,053909
SPX NIMITZ FEEDER FIC MULTIMERCADO;02/05/2011;1,054741
SPX NIMITZ FEEDER FIC MULTIMERCADO;03/05/2011;1,052916
SPX NIMITZ FEEDER FIC MULTIMERCADO;04/05/2011;1,052852
SPX NIMITZ FEEDER FIC MULTIMERCADO;05/05/2011;1,051434
SPX NIMITZ FEEDER FIC MULTIMERCADO;06/05/2011;1,05207
SPX NIMITZ FEEDER FIC MULTIMERCADO;09/05/2011;1,052333
SPX NIMITZ FEEDER FIC MULTIMERCADO;10/05/2011;1,052664
SPX NIMITZ FEEDER FIC MULTIMERCADO;11/05/2011;1,052366
SPX NIMITZ FEEDER FIC MULTIMERCADO;12/05/2011;1,05157
SPX NIMITZ FEEDER FIC MULTIMERCADO;13/05/2011;1,052015
SPX NIMITZ FEEDER FIC MULTIMERCADO;16/05/2011;1,051282
SPX NIMITZ FEEDER FIC MULTIMERCADO;17/05/2011;1,051749
SPX NIMITZ FEEDER FIC MULTIMERCADO;18/05/2011;1,052824
SPX NIMITZ FEEDER FIC MULTIMERCADO;19/05/2011;1,053263
SPX NIMITZ FEEDER FIC MULTIMERCADO;20/05/2011;1,051668
SPX NIMITZ FEEDER FIC MULTIMERCADO;23/05/2011;1,050712
SPX NIMITZ FEEDER FIC MULTIMERCADO;24/05/2011;1,051274
SPX NIMITZ FEEDER FIC MULTIMERCADO;25/05/2011;1,051745
SPX NIMITZ FEEDER FIC MULTIMERCADO;26/05/2011;1,05158
SPX NIMITZ FEEDER FIC MULTIMERCADO;27/05/2011;1,052055
SPX NIMITZ FEEDER FIC MULTIMERCADO;30/05/2011;1,052115
SPX NIMITZ FEEDER FIC MULTIMERCADO;31/05/2011;1,053646
SPX NIMITZ FEEDER FIC MULTIMERCADO;01/06/2011;1,052219
SPX NIMITZ FEEDER FIC MULTIMERCADO;02/06/2011;1,052912
SPX NIMITZ FEEDER FIC MULTIMERCADO;03/06/2011;1,052653
SPX NIMITZ FEEDER FIC MULTIMERCADO;06/06/2011;1,052761
SPX NIMITZ FEEDER FIC MULTIMERCADO;07/06/2011;1,053549
SPX NIMITZ FEEDER FIC MULTIMERCADO;08/06/2011;1,051535
SPX NIMITZ FEEDER FIC MULTIMERCADO;09/06/2011;1,05185
SPX NIMITZ FEEDER FIC MULTIMERCADO;10/06/2011;1,050358
SPX NIMITZ FEEDER FIC MULTIMERCADO;13/06/2011;1,051705
SPX NIMITZ FEEDER FIC MULTIMERCADO;14/06/2011;1,05444
SPX NIMITZ FEEDER FIC MULTIMERCADO;15/06/2011;1,052037
SPX NIMITZ FEEDER FIC MULTIMERCADO;16/06/2011;1,049862
SPX NIMITZ FEEDER FIC MULTIMERCADO;17/06/2011;1,050509
SPX NIMITZ FEEDER FIC MULTIMERCADO;20/06/2011;1,050666
SPX NIMITZ FEEDER FIC MULTIMERCADO;21/06/2011;1,050926
SPX NIMITZ FEEDER FIC MULTIMERCADO;22/06/2011;1,050754
SPX NIMITZ FEEDER FIC MULTIMERCADO;24/06/2011;1,048424
SPX NIMITZ FEEDER FIC MULTIMERCADO;27/06/2011;1,048803
SPX NIMITZ FEEDER FIC MULTIMERCADO;28/06/2011;1,049685
SPX NIMITZ FEEDER FIC MULTIMERCADO;29/06/2011;1,051594
SPX NIMITZ FEEDER FIC MULTIMERCADO;30/06/2011;1,053174
SPX NIMITZ FEEDER FIC MULTIMERCADO;01/07/2011;1,055182
SPX NIMITZ FEEDER FIC MULTIMERCADO;04/07/2011;1,055553
SPX NIMITZ FEEDER FIC MULTIMERCADO;05/07/2011;1,054928
SPX NIMITZ FEEDER FIC MULTIMERCADO;06/07/2011;1,0546
SPX NIMITZ FEEDER FIC MULTIMERCADO;07/07/2011;1,055999
SPX NIMITZ FEEDER FIC MULTIMERCADO;08/07/2011;1,05485
SPX NIMITZ FEEDER FIC MULTIMERCADO;11/07/2011;1,054167
SPX NIMITZ FEEDER FIC MULTIMERCADO;12/07/2011;1,054462
SPX NIMITZ FEEDER FIC MULTIMERCADO;13/07/2011;1,055426
SPX NIMITZ FEEDER FIC MULTIMERCADO;14/07/2011;1,055442
SPX NIMITZ FEEDER FIC MULTIMERCADO;15/07/2011;1,055337
SPX NIMITZ FEEDER FIC MULTIMERCADO;18/07/2011;1,055412
SPX NIMITZ FEEDER FIC MULTIMERCADO;19/07/2011;1,057411
SPX NIMITZ FEEDER FIC MULTIMERCADO;20/07/2011;1,05765
SPX NIMITZ FEEDER FIC MULTIMERCADO;21/07/2011;1,057699
SPX NIMITZ FEEDER FIC MULTIMERCADO;22/07/2011;1,057954
SPX NIMITZ FEEDER FIC MULTIMERCADO;25/07/2011;1,058492
SPX NIMITZ FEEDER FIC MULTIMERCADO;26/07/2011;1,059432
SPX NIMITZ FEEDER FIC MULTIMERCADO;27/07/2011;1,058655
SPX NIMITZ FEEDER FIC MULTIMERCADO;28/07/2011;1,059525
SPX NIMITZ FEEDER FIC MULTIMERCADO;29/07/2011;1,06091
SPX NIMITZ FEEDER FIC MULTIMERCADO;01/08/2011;1,064005
SPX NIMITZ FEEDER FIC MULTIMERCADO;02/08/2011;1,066177
SPX NIMITZ FEEDER FIC MULTIMERCADO;03/08/2011;1,066143
SPX NIMITZ FEEDER FIC MULTIMERCADO;04/08/2011;1,067737
SPX NIMITZ FEEDER FIC MULTIMERCADO;05/08/2011;1,068271
SPX NIMITZ FEEDER FIC MULTIMERCADO;08/08/2011;1,071728
SPX NIMITZ FEEDER FIC MULTIMERCADO;09/08/2011;1,072718
SPX NIMITZ FEEDER FIC MULTIMERCADO;10/08/2011;1,0736
SPX NIMITZ FEEDER FIC MULTIMERCADO;11/08/2011;1,073595
SPX NIMITZ FEEDER FIC MULTIMERCADO;12/08/2011;1,074104
SPX NIMITZ FEEDER FIC MULTIMERCADO;15/08/2011;1,074276
SPX NIMITZ FEEDER FIC MULTIMERCADO;16/08/2011;1,074897
SPX NIMITZ FEEDER FIC MULTIMERCADO;17/08/2011;1,075775
SPX NIMITZ FEEDER FIC MULTIMERCADO;18/08/2011;1,078007
SPX NIMITZ FEEDER FIC MULTIMERCADO;19/08/2011;1,078651
SPX NIMITZ FEEDER FIC MULTIMERCADO;22/08/2011;1,079175
SPX NIMITZ FEEDER FIC MULTIMERCADO;23/08/2011;1,079043
SPX NIMITZ FEEDER FIC MULTIMERCADO;24/08/2011;1,079329
SPX NIMITZ FEEDER FIC MULTIMERCADO;25/08/2011;1,079735
SPX NIMITZ FEEDER FIC MULTIMERCADO;26/08/2011;1,081417
SPX NIMITZ FEEDER FIC MULTIMERCADO;29/08/2011;1,082068
SPX NIMITZ FEEDER FIC MULTIMERCADO;30/08/2011;1,082262
SPX NIMITZ FEEDER FIC MULTIMERCADO;31/08/2011;1,082919
SPX NIMITZ FEEDER FIC MULTIMERCADO;01/09/2011;1,090221
SPX NIMITZ FEEDER FIC MULTIMERCADO;02/09/2011;1,088884
SPX NIMITZ FEEDER FIC MULTIMERCADO;05/09/2011;1,091057
SPX NIMITZ FEEDER FIC MULTIMERCADO;06/09/2011;1,092752
SPX NIMITZ FEEDER FIC MULTIMERCADO;08/09/2011;1,09108
SPX NIMITZ FEEDER FIC MULTIMERCADO;09/09/2011;1,092442
SPX NIMITZ FEEDER FIC MULTIMERCADO;12/09/2011;1,093436
SPX NIMITZ FEEDER FIC MULTIMERCADO;13/09/2011;1,093637
SPX NIMITZ FEEDER FIC MULTIMERCADO;14/09/2011;1,093712
SPX NIMITZ FEEDER FIC MULTIMERCADO;15/09/2011;1,092735
SPX NIMITZ FEEDER FIC MULTIMERCADO;16/09/2011;1,093562
SPX NIMITZ FEEDER FIC MULTIMERCADO;19/09/2011;1,094829
SPX NIMITZ FEEDER FIC MULTIMERCADO;20/09/2011;1,09512
SPX NIMITZ FEEDER FIC MULTIMERCADO;21/09/2011;1,096334
SPX NIMITZ FEEDER FIC MULTIMERCADO;22/09/2011;1,100635
SPX NIMITZ FEEDER FIC MULTIMERCADO;23/09/2011;1,101766
SPX NIMITZ FEEDER FIC MULTIMERCADO;26/09/2011;1,103105
SPX NIMITZ FEEDER FIC MULTIMERCADO;27/09/2011;1,101251
SPX NIMITZ FEEDER FIC MULTIMERCADO;28/09/2011;1,102908
SPX NIMITZ FEEDER FIC MULTIMERCADO;29/09/2011;1,10293
SPX NIMITZ FEEDER FIC MULTIMERCADO;30/09/2011;1,105294
SPX NIMITZ FEEDER FIC MULTIMERCADO;03/10/2011;1,109773
SPX NIMITZ FEEDER FIC MULTIMERCADO;04/10/2011;1,110135
SPX NIMITZ FEEDER FIC MULTIMERCADO;05/10/2011;1,110332
SPX NIMITZ FEEDER FIC MULTIMERCADO;06/10/2011;1,10922
SPX NIMITZ FEEDER FIC MULTIMERCADO;07/10/2011;1,109176
SPX NIMITZ FEEDER FIC MULTIMERCADO;10/10/2011;1,108554
SPX NIMITZ FEEDER FIC MULTIMERCADO;11/10/2011;1,110345
SPX NIMITZ FEEDER FIC MULTIMERCADO;13/10/2011;1,109211
SPX NIMITZ FEEDER FIC MULTIMERCADO;14/10/2011;1,107412
SPX NIMITZ FEEDER FIC MULTIMERCADO;17/10/2011;1,107527
SPX NIMITZ FEEDER FIC MULTIMERCADO;18/10/2011;1,109142
SPX NIMITZ FEEDER FIC MULTIMERCADO;19/10/2011;1,109188
SPX NIMITZ FEEDER FIC MULTIMERCADO;20/10/2011;1,104957
SPX NIMITZ FEEDER FIC MULTIMERCADO;21/10/2011;1,10539
SPX NIMITZ FEEDER FIC MULTIMERCADO;24/10/2011;1,104408
SPX NIMITZ FEEDER FIC MULTIMERCADO;25/10/2011;1,10417
SPX NIMITZ FEEDER FIC MULTIMERCADO;26/10/2011;1,106771
SPX NIMITZ FEEDER FIC MULTIMERCADO;27/10/2011;1,10448
SPX NIMITZ FEEDER FIC MULTIMERCADO;28/10/2011;1,105722
SPX NIMITZ FEEDER FIC MULTIMERCADO;31/10/2011;1,107811
SPX NIMITZ FEEDER FIC MULTIMERCADO;01/11/2011;1,106944
SPX NIMITZ FEEDER FIC MULTIMERCADO;03/11/2011;1,106473
SPX NIMITZ FEEDER FIC MULTIMERCADO;04/11/2011;1,107991
SPX NIMITZ FEEDER FIC MULTIMERCADO;07/11/2011;1,110381
SPX NIMITZ FEEDER FIC MULTIMERCADO;08/11/2011;1,111309
SPX NIMITZ FEEDER FIC MULTIMERCADO;09/11/2011;1,116206
SPX NIMITZ FEEDER FIC MULTIMERCADO;10/11/2011;1,115501
SPX NIMITZ FEEDER FIC MULTIMERCADO;11/11/2011;1,116024
SPX NIMITZ FEEDER FIC MULTIMERCADO;14/11/2011;1,118224
SPX NIMITZ FEEDER FIC MULTIMERCADO;16/11/2011;1,120114
SPX NIMITZ FEEDER FIC MULTIMERCADO;17/11/2011;1,12055
SPX NIMITZ FEEDER FIC MULTIMERCADO;18/11/2011;1,120593
SPX NIMITZ FEEDER FIC MULTIMERCADO;21/11/2011;1,120092
SPX NIMITZ FEEDER FIC MULTIMERCADO;22/11/2011;1,119059
SPX NIMITZ FEEDER FIC MULTIMERCADO;23/11/2011;1,121798
SPX NIMITZ FEEDER FIC MULTIMERCADO;24/11/2011;1,124391
SPX NIMITZ FEEDER FIC MULTIMERCADO;25/11/2011;1,124509
SPX NIMITZ FEEDER FIC MULTIMERCADO;28/11/2011;1,123442
SPX NIMITZ FEEDER FIC MULTIMERCADO;29/11/2011;1,124174
SPX NIMITZ FEEDER FIC MULTIMERCADO;30/11/2011;1,124918
SPX NIMITZ FEEDER FIC MULTIMERCADO;01/12/2011;1,122707
SPX NIMITZ FEEDER FIC MULTIMERCADO;02/12/2011;1,12276
SPX NIMITZ FEEDER FIC MULTIMERCADO;05/12/2011;1,12182
SPX NIMITZ FEEDER FIC MULTIMERCADO;06/12/2011;1,122715
SPX NIMITZ FEEDER FIC MULTIMERCADO;07/12/2011;1,124736
SPX NIMITZ FEEDER FIC MULTIMERCADO;08/12/2011;1,124649
SPX NIMITZ FEEDER FIC MULTIMERCADO;09/12/2011;1,123607
SPX NIMITZ FEEDER FIC MULTIMERCADO;12/12/2011;1,12562
SPX NIMITZ FEEDER FIC MULTIMERCADO;13/12/2011;1,125965
SPX NIMITZ FEEDER FIC MULTIMERCADO;14/12/2011;1,125845
SPX NIMITZ FEEDER FIC MULTIMERCADO;15/12/2011;1,125002
SPX NIMITZ FEEDER FIC MULTIMERCADO;16/12/2011;1,124332
SPX NIMITZ FEEDER FIC MULTIMERCADO;19/12/2011;1,124195
SPX NIMITZ FEEDER FIC MULTIMERCADO;20/12/2011;1,124925
SPX NIMITZ FEEDER FIC MULTIMERCADO;21/12/2011;1,125967
SPX NIMITZ FEEDER FIC MULTIMERCADO;22/12/2011;1,122111
SPX NIMITZ FEEDER FIC MULTIMERCADO;23/12/2011;1,120399
SPX NIMITZ FEEDER FIC MULTIMERCADO;26/12/2011;1,119886
SPX NIMITZ FEEDER FIC MULTIMERCADO;27/12/2011;1,119936
SPX NIMITZ FEEDER FIC MULTIMERCADO;28/12/2011;1,120813
SPX NIMITZ FEEDER FIC MULTIMERCADO;29/12/2011;1,122518
SPX NIMITZ FEEDER FIC MULTIMERCADO;30/12/2011;1,122886
SPX NIMITZ FEEDER FIC MULTIMERCADO;02/01/2012;1,123712
SPX NIMITZ FEEDER FIC MULTIMERCADO;03/01/2012;1,123352
SPX NIMITZ FEEDER FIC MULTIMERCADO;04/01/2012;1,121685
SPX NIMITZ FEEDER FIC MULTIMERCADO;05/01/2012;1,121199
SPX NIMITZ FEEDER FIC MULTIMERCADO;06/01/2012;1,12326
SPX NIMITZ FEEDER FIC MULTIMERCADO;09/01/2012;1,123871
SPX NIMITZ FEEDER FIC MULTIMERCADO;10/01/2012;1,124749
SPX NIMITZ FEEDER FIC MULTIMERCADO;11/01/2012;1,124992
SPX NIMITZ FEEDER FIC MULTIMERCADO;12/01/2012;1,123916
SPX NIMITZ FEEDER FIC MULTIMERCADO;13/01/2012;1,125794
SPX NIMITZ FEEDER FIC MULTIMERCADO;16/01/2012;1,126267
SPX NIMITZ FEEDER FIC MULTIMERCADO;17/01/2012;1,125981
SPX NIMITZ FEEDER FIC MULTIMERCADO;18/01/2012;1,126335
SPX NIMITZ FEEDER FIC MULTIMERCADO;19/01/2012;1,128389
SPX NIMITZ FEEDER FIC MULTIMERCADO;20/01/2012;1,131017
SPX NIMITZ FEEDER FIC MULTIMERCADO;23/01/2012;1,128451
SPX NIMITZ FEEDER FIC MULTIMERCADO;24/01/2012;1,129003
SPX NIMITZ FEEDER FIC MULTIMERCADO;25/01/2012;1,129002
SPX NIMITZ FEEDER FIC MULTIMERCADO;26/01/2012;1,137248
SPX NIMITZ FEEDER FIC MULTIMERCADO;27/01/2012;1,14211
SPX NIMITZ FEEDER FIC MULTIMERCADO;30/01/2012;1,147614
SPX NIMITZ FEEDER FIC MULTIMERCADO;31/01/2012;1,147718
SPX NIMITZ FEEDER FIC MULTIMERCADO;01/02/2012;1,149666
SPX NIMITZ FEEDER FIC MULTIMERCADO;02/02/2012;1,152461
SPX NIMITZ FEEDER FIC MULTIMERCADO;03/02/2012;1,149749
SPX NIMITZ FEEDER FIC MULTIMERCADO;06/02/2012;1,148545
SPX NIMITZ FEEDER FIC MULTIMERCADO;07/02/2012;1,150277
SPX NIMITZ FEEDER FIC MULTIMERCADO;08/02/2012;1,155096
SPX NIMITZ FEEDER FIC MULTIMERCADO;09/02/2012;1,160354
SPX NIMITZ FEEDER FIC MULTIMERCADO;10/02/2012;1,164071
SPX NIMITZ FEEDER FIC MULTIMERCADO;13/02/2012;1,162473
SPX NIMITZ FEEDER FIC MULTIMERCADO;14/02/2012;1,164675
SPX NIMITZ FEEDER FIC MULTIMERCADO;15/02/2012;1,164291
SPX NIMITZ FEEDER FIC MULTIMERCADO;16/02/2012;1,166452
SPX NIMITZ FEEDER FIC MULTIMERCADO;17/02/2012;1,168227
SPX NIMITZ FEEDER FIC MULTIMERCADO;22/02/2012;1,167655
SPX NIMITZ FEEDER FIC MULTIMERCADO;23/02/2012;1,166188
SPX NIMITZ FEEDER FIC MULTIMERCADO;24/02/2012;1,163486
SPX NIMITZ FEEDER FIC MULTIMERCADO;27/02/2012;1,162157
SPX NIMITZ FEEDER FIC MULTIMERCADO;28/02/2012;1,164554
SPX NIMITZ FEEDER FIC MULTIMERCADO;29/02/2012;1,167131
SPX NIMITZ FEEDER FIC MULTIMERCADO;01/03/2012;1,169101
SPX NIMITZ FEEDER FIC MULTIMERCADO;02/03/2012;1,171763
SPX NIMITZ FEEDER FIC MULTIMERCADO;05/03/2012;1,173108
SPX NIMITZ FEEDER FIC MULTIMERCADO;06/03/2012;1,174862
SPX NIMITZ FEEDER FIC MULTIMERCADO;07/03/2012;1,177344
SPX NIMITZ FEEDER FIC MULTIMERCADO;08/03/2012;1,186854
SPX NIMITZ FEEDER FIC MULTIMERCADO;09/03/2012;1,19198
SPX NIMITZ FEEDER FIC MULTIMERCADO;12/03/2012;1,190883
SPX NIMITZ FEEDER FIC MULTIMERCADO;13/03/2012;1,189975
SPX NIMITZ FEEDER FIC MULTIMERCADO;14/03/2012;1,190375
SPX NIMITZ FEEDER FIC MULTIMERCADO;15/03/2012;1,178357
SPX NIMITZ FEEDER FIC MULTIMERCADO;16/03/2012;1,177968
SPX NIMITZ FEEDER FIC MULTIMERCADO;19/03/2012;1,178485
SPX NIMITZ FEEDER FIC MULTIMERCADO;20/03/2012;1,179665
SPX NIMITZ FEEDER FIC MULTIMERCADO;21/03/2012;1,179419
SPX NIMITZ FEEDER FIC MULTIMERCADO;22/03/2012;1,180107
SPX NIMITZ FEEDER FIC MULTIMERCADO;23/03/2012;1,179378
SPX NIMITZ FEEDER FIC MULTIMERCADO;26/03/2012;1,179857
SPX NIMITZ FEEDER FIC MULTIMERCADO;27/03/2012;1,17921
SPX NIMITZ FEEDER FIC MULTIMERCADO;28/03/2012;1,180571
SPX NIMITZ FEEDER FIC MULTIMERCADO;29/03/2012;1,181169
SPX NIMITZ FEEDER FIC MULTIMERCADO;30/03/2012;1,182371
SPX NIMITZ FEEDER FIC MULTIMERCADO;02/04/2012;1,182286
SPX NIMITZ FEEDER FIC MULTIMERCADO;03/04/2012;1,185422
SPX NIMITZ FEEDER FIC MULTIMERCADO;04/04/2012;1,186407
SPX NIMITZ FEEDER FIC MULTIMERCADO;05/04/2012;1,186604
SPX NIMITZ FEEDER FIC MULTIMERCADO;09/04/2012;1,185517
SPX NIMITZ FEEDER FIC MULTIMERCADO;10/04/2012;1,188561
SPX NIMITZ FEEDER FIC MULTIMERCADO;11/04/2012;1,18842
SPX NIMITZ FEEDER FIC MULTIMERCADO;12/04/2012;1,185042
SPX NIMITZ FEEDER FIC MULTIMERCADO;13/04/2012;1,189114
SPX NIMITZ FEEDER FIC MULTIMERCADO;16/04/2012;1,18961
SPX NIMITZ FEEDER FIC MULTIMERCADO;17/04/2012;1,187194
SPX NIMITZ FEEDER FIC MULTIMERCADO;18/04/2012;1,189876
SPX NIMITZ FEEDER FIC MULTIMERCADO;19/04/2012;1,191917
SPX NIMITZ FEEDER FIC MULTIMERCADO;20/04/2012;1,190266
SPX NIMITZ FEEDER FIC MULTIMERCADO;23/04/2012;1,193559
SPX NIMITZ FEEDER FIC MULTIMERCADO;24/04/2012;1,191384
SPX NIMITZ FEEDER FIC MULTIMERCADO;25/04/2012;1,189072
SPX NIMITZ FEEDER FIC MULTIMERCADO;26/04/2012;1,188416
SPX NIMITZ FEEDER FIC MULTIMERCADO;27/04/2012;1,184586
SPX NIMITZ FEEDER FIC MULTIMERCADO;30/04/2012;1,186821
SPX NIMITZ FEEDER FIC MULTIMERCADO;02/05/2012;1,188676
SPX NIMITZ FEEDER FIC MULTIMERCADO;03/05/2012;1,190424
SPX NIMITZ FEEDER FIC MULTIMERCADO;04/05/2012;1,199877
SPX NIMITZ FEEDER FIC MULTIMERCADO;07/05/2012;1,199804
SPX NIMITZ FEEDER FIC MULTIMERCADO;08/05/2012;1,199752
SPX NIMITZ FEEDER FIC MULTIMERCADO;09/05/2012;1,199517
SPX NIMITZ FEEDER FIC MULTIMERCADO;10/05/2012;1,20142
SPX NIMITZ FEEDER FIC MULTIMERCADO;11/05/2012;1,201917
SPX NIMITZ FEEDER FIC MULTIMERCADO;14/05/2012;1,209449
SPX NIMITZ FEEDER FIC MULTIMERCADO;15/05/2012;1,214922
SPX NIMITZ FEEDER FIC MULTIMERCADO;16/05/2012;1,21979
SPX NIMITZ FEEDER FIC MULTIMERCADO;17/05/2012;1,224217
SPX NIMITZ FEEDER FIC MULTIMERCADO;18/05/2012;1,229108
SPX NIMITZ FEEDER FIC MULTIMERCADO;21/05/2012;1,223486
SPX NIMITZ FEEDER FIC MULTIMERCADO;22/05/2012;1,217852
SPX NIMITZ FEEDER FIC MULTIMERCADO;23/05/2012;1,223266
SPX NIMITZ FEEDER FIC MULTIMERCADO;24/05/2012;1,217026
SPX NIMITZ FEEDER FIC MULTIMERCADO;25/05/2012;1,219803
SPX NIMITZ FEEDER FIC MULTIMERCADO;28/05/2012;1,219908
SPX NIMITZ FEEDER FIC MULTIMERCADO;29/05/2012;1,22038
SPX NIMITZ FEEDER FIC MULTIMERCADO;30/05/2012;1,225032
SPX NIMITZ FEEDER FIC MULTIMERCADO;31/05/2012;1,226198
SPX NIMITZ FEEDER FIC MULTIMERCADO;01/06/2012;1,232964
SPX NIMITZ FEEDER FIC MULTIMERCADO;04/06/2012;1,228893
SPX NIMITZ FEEDER FIC MULTIMERCADO;05/06/2012;1,229966
SPX NIMITZ FEEDER FIC MULTIMERCADO;06/06/2012;1,225641
SPX NIMITZ FEEDER FIC MULTIMERCADO;08/06/2012;1,225445
SPX NIMITZ FEEDER FIC MULTIMERCADO;11/06/2012;1,227471
SPX NIMITZ FEEDER FIC MULTIMERCADO;12/06/2012;1,226614
SPX NIMITZ FEEDER FIC MULTIMERCADO;13/06/2012;1,227824
SPX NIMITZ FEEDER FIC MULTIMERCADO;14/06/2012;1,225174
SPX NIMITZ FEEDER FIC MULTIMERCADO;15/06/2012;1,220722
SPX NIMITZ FEEDER FIC MULTIMERCADO;18/06/2012;1,220822
SPX NIMITZ FEEDER FIC MULTIMERCADO;19/06/2012;1,219945
SPX NIMITZ FEEDER FIC MULTIMERCADO;20/06/2012;1,219624
SPX NIMITZ FEEDER FIC MULTIMERCADO;21/06/2012;1,225365
SPX NIMITZ FEEDER FIC MULTIMERCADO;22/06/2012;1,224476
SPX NIMITZ FEEDER FIC MULTIMERCADO;25/06/2012;1,230877
SPX NIMITZ FEEDER FIC MULTIMERCADO;26/06/2012;1,230258
SPX NIMITZ FEEDER FIC MULTIMERCADO;27/06/2012;1,228748
SPX NIMITZ FEEDER FIC MULTIMERCADO;28/06/2012;1,230022
SPX NIMITZ FEEDER FIC MULTIMERCADO;29/06/2012;1,222429
SPX NIMITZ FEEDER FIC MULTIMERCADO;02/07/2012;1,223083
SPX NIMITZ FEEDER FIC MULTIMERCADO;03/07/2012;1,220951
SPX NIMITZ FEEDER FIC MULTIMERCADO;04/07/2012;1,220474
SPX NIMITZ FEEDER FIC MULTIMERCADO;05/07/2012;1,222822
SPX NIMITZ FEEDER FIC MULTIMERCADO;06/07/2012;1,232079
SPX NIMITZ FEEDER FIC MULTIMERCADO;09/07/2012;1,231027
SPX NIMITZ FEEDER FIC MULTIMERCADO;10/07/2012;1,236347
SPX NIMITZ FEEDER FIC MULTIMERCADO;11/07/2012;1,238861
SPX NIMITZ FEEDER FIC MULTIMERCADO;12/07/2012;1,239183
SPX NIMITZ FEEDER FIC MULTIMERCADO;13/07/2012;1,235942
SPX NIMITZ FEEDER FIC MULTIMERCADO;16/07/2012;1,238055
SPX NIMITZ FEEDER FIC MULTIMERCADO;17/07/2012;1,229071
SPX NIMITZ FEEDER FIC MULTIMERCADO;18/07/2012;1,229442
SPX NIMITZ FEEDER FIC MULTIMERCADO;19/07/2012;1,232627
SPX NIMITZ FEEDER FIC MULTIMERCADO;20/07/2012;1,234281
SPX NIMITZ FEEDER FIC MULTIMERCADO;23/07/2012;1,243004
SPX NIMITZ FEEDER FIC MULTIMERCADO;24/07/2012;1,243111
SPX NIMITZ FEEDER FIC MULTIMERCADO;25/07/2012;1,244374
SPX NIMITZ FEEDER FIC MULTIMERCADO;26/07/2012;1,233904
SPX NIMITZ FEEDER FIC MULTIMERCADO;27/07/2012;1,221927
SPX NIMITZ FEEDER FIC MULTIMERCADO;30/07/2012;1,221231
SPX NIMITZ FEEDER FIC MULTIMERCADO;31/07/2012;1,223718
SPX NIMITZ FEEDER FIC MULTIMERCADO;01/08/2012;1,231063
SPX NIMITZ FEEDER FIC MULTIMERCADO;02/08/2012;1,237605
SPX NIMITZ FEEDER FIC MULTIMERCADO;03/08/2012;1,223069
SPX NIMITZ FEEDER FIC MULTIMERCADO;06/08/2012;1,219703
SPX NIMITZ FEEDER FIC MULTIMERCADO;07/08/2012;1,21924
SPX NIMITZ FEEDER FIC MULTIMERCADO;08/08/2012;1,220685
SPX NIMITZ FEEDER FIC MULTIMERCADO;09/08/2012;1,221057
SPX NIMITZ FEEDER FIC MULTIMERCADO;10/08/2012;1,2191
SPX NIMITZ FEEDER FIC MULTIMERCADO;13/08/2012;1,223937
SPX NIMITZ FEEDER FIC MULTIMERCADO;14/08/2012;1,224428
SPX NIMITZ FEEDER FIC MULTIMERCADO;15/08/2012;1,226189
SPX NIMITZ FEEDER FIC MULTIMERCADO;16/08/2012;1,21917
SPX NIMITZ FEEDER FIC MULTIMERCADO;17/08/2012;1,221375
SPX NIMITZ FEEDER FIC MULTIMERCADO;20/08/2012;1,222579
SPX NIMITZ FEEDER FIC MULTIMERCADO;21/08/2012;1,222696
SPX NIMITZ FEEDER FIC MULTIMERCADO;22/08/2012;1,221533
SPX NIMITZ FEEDER FIC MULTIMERCADO;23/08/2012;1,222548
SPX NIMITZ FEEDER FIC MULTIMERCADO;24/08/2012;1,223366
SPX NIMITZ FEEDER FIC MULTIMERCADO;27/08/2012;1,223929
SPX NIMITZ FEEDER FIC MULTIMERCADO;28/08/2012;1,225517
SPX NIMITZ FEEDER FIC MULTIMERCADO;29/08/2012;1,229994
SPX NIMITZ FEEDER FIC MULTIMERCADO;30/08/2012;1,232552
SPX NIMITZ FEEDER FIC MULTIMERCADO;31/08/2012;1,231137
SPX NIMITZ FEEDER FIC MULTIMERCADO;03/09/2012;1,231405
SPX NIMITZ FEEDER FIC MULTIMERCADO;04/09/2012;1,234117
SPX NIMITZ FEEDER FIC MULTIMERCADO;05/09/2012;1,232569
SPX NIMITZ FEEDER FIC MULTIMERCADO;06/09/2012;1,230075
SPX NIMITZ FEEDER FIC MULTIMERCADO;10/09/2012;1,226589
SPX NIMITZ FEEDER FIC MULTIMERCADO;11/09/2012;1,222427
SPX NIMITZ FEEDER FIC MULTIMERCADO;12/09/2012;1,222961
SPX NIMITZ FEEDER FIC MULTIMERCADO;13/09/2012;1,22283
SPX NIMITZ FEEDER FIC MULTIMERCADO;14/09/2012;1,222153
SPX NIMITZ FEEDER FIC MULTIMERCADO;17/09/2012;1,222505
SPX NIMITZ FEEDER FIC MULTIMERCADO;18/09/2012;1,223591
SPX NIMITZ FEEDER FIC MULTIMERCADO;19/09/2012;1,224321
SPX NIMITZ FEEDER FIC MULTIMERCADO;20/09/2012;1,223649
SPX NIMITZ FEEDER FIC MULTIMERCADO;21/09/2012;1,222554
SPX NIMITZ FEEDER FIC MULTIMERCADO;24/09/2012;1,22294
SPX NIMITZ FEEDER FIC MULTIMERCADO;25/09/2012;1,226021
SPX NIMITZ FEEDER FIC MULTIMERCADO;26/09/2012;1,224968
SPX NIMITZ FEEDER FIC MULTIMERCADO;27/09/2012;1,224806
SPX NIMITZ FEEDER FIC MULTIMERCADO;28/09/2012;1,226293
SPX NIMITZ FEEDER FIC MULTIMERCADO;01/10/2012;1,22519
SPX NIMITZ FEEDER FIC MULTIMERCADO;02/10/2012;1,226322
SPX NIMITZ FEEDER FIC MULTIMERCADO;03/10/2012;1,227317
SPX NIMITZ FEEDER FIC MULTIMERCADO;04/10/2012;1,228081
SPX NIMITZ FEEDER FIC MULTIMERCADO;05/10/2012;1,231926
SPX NIMITZ FEEDER FIC MULTIMERCADO;08/10/2012;1,231542
SPX NIMITZ FEEDER FIC MULTIMERCADO;09/10/2012;1,23088
SPX NIMITZ FEEDER FIC MULTIMERCADO;10/10/2012;1,230772
SPX NIMITZ FEEDER FIC MULTIMERCADO;11/10/2012;1,233871
SPX NIMITZ FEEDER FIC MULTIMERCADO;15/10/2012;1,233911
SPX NIMITZ FEEDER FIC MULTIMERCADO;16/10/2012;1,237407
SPX NIMITZ FEEDER FIC MULTIMERCADO;17/10/2012;1,233113
SPX NIMITZ FEEDER FIC MULTIMERCADO;18/10/2012;1,236681
SPX NIMITZ FEEDER FIC MULTIMERCADO;19/10/2012;1,237053
SPX NIMITZ FEEDER FIC MULTIMERCADO;22/10/2012;1,240079
SPX NIMITZ FEEDER FIC MULTIMERCADO;23/10/2012;1,242947
SPX NIMITZ FEEDER FIC MULTIMERCADO;24/10/2012;1,245512
SPX NIMITZ FEEDER FIC MULTIMERCADO;25/10/2012;1,245737
SPX NIMITZ FEEDER FIC MULTIMERCADO;26/10/2012;1,249164
SPX NIMITZ FEEDER FIC MULTIMERCADO;29/10/2012;1,251122
SPX NIMITZ FEEDER FIC MULTIMERCADO;30/10/2012;1,250024
SPX NIMITZ FEEDER FIC MULTIMERCADO;31/10/2012;1,252193
SPX NIMITZ FEEDER FIC MULTIMERCADO;01/11/2012;1,248663
SPX NIMITZ FEEDER FIC MULTIMERCADO;05/11/2012;1,249766
SPX NIMITZ FEEDER FIC MULTIMERCADO;06/11/2012;1,244917
SPX NIMITZ FEEDER FIC MULTIMERCADO;07/11/2012;1,247523
SPX NIMITZ FEEDER FIC MULTIMERCADO;08/11/2012;1,245548
SPX NIMITZ FEEDER FIC MULTIMERCADO;09/11/2012;1,245009
SPX NIMITZ FEEDER FIC MULTIMERCADO;12/11/2012;1,24335
SPX NIMITZ FEEDER FIC MULTIMERCADO;13/11/2012;1,239394
SPX NIMITZ FEEDER FIC MULTIMERCADO;14/11/2012;1,235045
SPX NIMITZ FEEDER FIC MULTIMERCADO;16/11/2012;1,238932
SPX NIMITZ FEEDER FIC MULTIMERCADO;19/11/2012;1,238219
SPX NIMITZ FEEDER FIC MULTIMERCADO;20/11/2012;1,239741
SPX NIMITZ FEEDER FIC MULTIMERCADO;21/11/2012;1,23755
SPX NIMITZ FEEDER FIC MULTIMERCADO;22/11/2012;1,23719
SPX NIMITZ FEEDER FIC MULTIMERCADO;23/11/2012;1,238066
SPX NIMITZ FEEDER FIC MULTIMERCADO;26/11/2012;1,238113
SPX NIMITZ FEEDER FIC MULTIMERCADO;27/11/2012;1,239841
SPX NIMITZ FEEDER FIC MULTIMERCADO;28/11/2012;1,237895
SPX NIMITZ FEEDER FIC MULTIMERCADO;29/11/2012;1,235229
SPX NIMITZ FEEDER FIC MULTIMERCADO;30/11/2012;1,236074
SPX NIMITZ FEEDER FIC MULTIMERCADO;03/12/2012;1,235894
SPX NIMITZ FEEDER FIC MULTIMERCADO;04/12/2012;1,241819
SPX NIMITZ FEEDER FIC MULTIMERCADO;05/12/2012;1,242913
SPX NIMITZ FEEDER FIC MULTIMERCADO;06/12/2012;1,251124
SPX NIMITZ FEEDER FIC MULTIMERCADO;07/12/2012;1,249127
SPX NIMITZ FEEDER FIC MULTIMERCADO;10/12/2012;1,249452
SPX NIMITZ FEEDER FIC MULTIMERCADO;11/12/2012;1,24561
SPX NIMITZ FEEDER FIC MULTIMERCADO;12/12/2012;1,249517
SPX NIMITZ FEEDER FIC MULTIMERCADO;13/12/2012;1,253371
SPX NIMITZ FEEDER FIC MULTIMERCADO;14/12/2012;1,250567
SPX NIMITZ FEEDER FIC MULTIMERCADO;17/12/2012;1,253543
SPX NIMITZ FEEDER FIC MULTIMERCADO;18/12/2012;1,253275
SPX NIMITZ FEEDER FIC MULTIMERCADO;19/12/2012;1,251837
SPX NIMITZ FEEDER FIC MULTIMERCADO;20/12/2012;1,253167
SPX NIMITZ FEEDER FIC MULTIMERCADO;21/12/2012;1,251436
SPX NIMITZ FEEDER FIC MULTIMERCADO;24/12/2012;1,251641
SPX NIMITZ FEEDER FIC MULTIMERCADO;26/12/2012;1,251538
SPX NIMITZ FEEDER FIC MULTIMERCADO;27/12/2012;1,252993
SPX NIMITZ FEEDER FIC MULTIMERCADO;28/12/2012;1,252241
SPX NIMITZ FEEDER FIC MULTIMERCADO;31/12/2012;1,252241
SPX NIMITZ FEEDER FIC MULTIMERCADO;02/01/2013;1,254058
SPX NIMITZ FEEDER FIC MULTIMERCADO;03/01/2013;1,25598
SPX NIMITZ FEEDER FIC MULTIMERCADO;04/01/2013;1,255683
SPX NIMITZ FEEDER FIC MULTIMERCADO;07/01/2013;1,255518
SPX NIMITZ FEEDER FIC MULTIMERCADO;08/01/2013;1,255389
SPX NIMITZ FEEDER FIC MULTIMERCADO;09/01/2013;1,257826
SPX NIMITZ FEEDER FIC MULTIMERCADO;10/01/2013;1,257909
SPX NIMITZ FEEDER FIC MULTIMERCADO;11/01/2013;1,258658
SPX NIMITZ FEEDER FIC MULTIMERCADO;14/01/2013;1,259066
SPX NIMITZ FEEDER FIC MULTIMERCADO;15/01/2013;1,26255
SPX NIMITZ FEEDER FIC MULTIMERCADO;16/01/2013;1,264555
SPX NIMITZ FEEDER FIC MULTIMERCADO;17/01/2013;1,268426
SPX NIMITZ FEEDER FIC MULTIMERCADO;18/01/2013;1,270703
SPX NIMITZ FEEDER FIC MULTIMERCADO;21/01/2013;1,269967
SPX NIMITZ FEEDER FIC MULTIMERCADO;22/01/2013;1,272141
SPX NIMITZ FEEDER FIC MULTIMERCADO;23/01/2013;1,272133
SPX NIMITZ FEEDER FIC MULTIMERCADO;24/01/2013;1,273844
SPX NIMITZ FEEDER FIC MULTIMERCADO;25/01/2013;1,274342
SPX NIMITZ FEEDER FIC MULTIMERCADO;28/01/2013;1,276956
SPX NIMITZ FEEDER FIC MULTIMERCADO;29/01/2013;1,275694
SPX NIMITZ FEEDER FIC MULTIMERCADO;30/01/2013;1,276856
SPX NIMITZ FEEDER FIC MULTIMERCADO;31/01/2013;1,275724
SPX NIMITZ FEEDER FIC MULTIMERCADO;01/02/2013;1,276776
SPX NIMITZ FEEDER FIC MULTIMERCADO;04/02/2013;1,277658
SPX NIMITZ FEEDER FIC MULTIMERCADO;05/02/2013;1,277424
SPX NIMITZ FEEDER FIC MULTIMERCADO;06/02/2013;1,279275
SPX NIMITZ FEEDER FIC MULTIMERCADO;07/02/2013;1,283313
SPX NIMITZ FEEDER FIC MULTIMERCADO;08/02/2013;1,283398
SPX NIMITZ FEEDER FIC MULTIMERCADO;13/02/2013;1,282213
SPX NIMITZ FEEDER FIC MULTIMERCADO;14/02/2013;1,281298
SPX NIMITZ FEEDER FIC MULTIMERCADO;15/02/2013;1,280935
SPX NIMITZ FEEDER FIC MULTIMERCADO;18/02/2013;1,286528
SPX NIMITZ FEEDER FIC MULTIMERCADO;19/02/2013;1,286896
SPX NIMITZ FEEDER FIC MULTIMERCADO;20/02/2013;1,287192
SPX NIMITZ FEEDER FIC MULTIMERCADO;21/02/2013;1,287275
SPX NIMITZ FEEDER FIC MULTIMERCADO;22/02/2013;1,289398
SPX NIMITZ FEEDER FIC MULTIMERCADO;25/02/2013;1,287987
SPX NIMITZ FEEDER FIC MULTIMERCADO;26/02/2013;1,287502
SPX NIMITZ FEEDER FIC MULTIMERCADO;27/02/2013;1,286678
SPX NIMITZ FEEDER FIC MULTIMERCADO;28/02/2013;1,285712
SPX NIMITZ FEEDER FIC MULTIMERCADO;01/03/2013;1,282948
SPX NIMITZ FEEDER FIC MULTIMERCADO;04/03/2013;1,284014
SPX NIMITZ FEEDER FIC MULTIMERCADO;05/03/2013;1,281633
SPX NIMITZ FEEDER FIC MULTIMERCADO;06/03/2013;1,280079
SPX NIMITZ FEEDER FIC MULTIMERCADO;07/03/2013;1,286367
SPX NIMITZ FEEDER FIC MULTIMERCADO;08/03/2013;1,294386
SPX NIMITZ FEEDER FIC MULTIMERCADO;11/03/2013;1,292299
SPX NIMITZ FEEDER FIC MULTIMERCADO;12/03/2013;1,295771
SPX NIMITZ FEEDER FIC MULTIMERCADO;13/03/2013;1,301232
SPX NIMITZ FEEDER FIC MULTIMERCADO;14/03/2013;1,299956
SPX NIMITZ FEEDER FIC MULTIMERCADO;15/03/2013;1,299049
SPX NIMITZ FEEDER FIC MULTIMERCADO;18/03/2013;1,302183
SPX NIMITZ FEEDER FIC MULTIMERCADO;19/03/2013;1,302808
SPX NIMITZ FEEDER FIC MULTIMERCADO;20/03/2013;1,302998
SPX NIMITZ FEEDER FIC MULTIMERCADO;21/03/2013;1,305963
SPX NIMITZ FEEDER FIC MULTIMERCADO;22/03/2013;1,30408
SPX NIMITZ FEEDER FIC MULTIMERCADO;25/03/2013;1,30327
SPX NIMITZ FEEDER FIC MULTIMERCADO;26/03/2013;1,30238
SPX NIMITZ FEEDER FIC MULTIMERCADO;27/03/2013;1,301618
SPX NIMITZ FEEDER FIC MULTIMERCADO;28/03/2013;1,308141
SPX NIMITZ FEEDER FIC MULTIMERCADO;01/04/2013;1,30985
SPX NIMITZ FEEDER FIC MULTIMERCADO;02/04/2013;1,307239
SPX NIMITZ FEEDER FIC MULTIMERCADO;03/04/2013;1,308286
SPX NIMITZ FEEDER FIC MULTIMERCADO;04/04/2013;1,304941
SPX NIMITZ FEEDER FIC MULTIMERCADO;05/04/2013;1,300312
SPX NIMITZ FEEDER FIC MULTIMERCADO;08/04/2013;1,298529
SPX NIMITZ FEEDER FIC MULTIMERCADO;09/04/2013;1,297992
SPX NIMITZ FEEDER FIC MULTIMERCADO;10/04/2013;1,29643
SPX NIMITZ FEEDER FIC MULTIMERCADO;11/04/2013;1,297899
SPX NIMITZ FEEDER FIC MULTIMERCADO;12/04/2013;1,29899
SPX NIMITZ FEEDER FIC MULTIMERCADO;15/04/2013;1,302448
SPX NIMITZ FEEDER FIC MULTIMERCADO;16/04/2013;1,299996
SPX NIMITZ FEEDER FIC MULTIMERCADO;17/04/2013;1,299344
SPX NIMITZ FEEDER FIC MULTIMERCADO;18/04/2013;1,302447
SPX NIMITZ FEEDER FIC MULTIMERCADO;19/04/2013;1,299324
SPX NIMITZ FEEDER FIC MULTIMERCADO;22/04/2013;1,298502
SPX NIMITZ FEEDER FIC MULTIMERCADO;23/04/2013;1,300054
SPX NIMITZ FEEDER FIC MULTIMERCADO;24/04/2013;1,29723
SPX NIMITZ FEEDER FIC MULTIMERCADO;25/04/2013;1,298045
SPX NIMITZ FEEDER FIC MULTIMERCADO;26/04/2013;1,294695
SPX NIMITZ FEEDER FIC MULTIMERCADO;29/04/2013;1,291567
SPX NIMITZ FEEDER FIC MULTIMERCADO;30/04/2013;1,289125
SPX NIMITZ FEEDER FIC MULTIMERCADO;02/05/2013;1,292043
SPX NIMITZ FEEDER FIC MULTIMERCADO;03/05/2013;1,293046
SPX NIMITZ FEEDER FIC MULTIMERCADO;06/05/2013;1,292217
SPX NIMITZ FEEDER FIC MULTIMERCADO;07/05/2013;1,291313
SPX NIMITZ FEEDER FIC MULTIMERCADO;08/05/2013;1,29272
SPX NIMITZ FEEDER FIC MULTIMERCADO;09/05/2013;1,303315
SPX NIMITZ FEEDER FIC MULTIMERCADO;10/05/2013;1,308122
SPX NIMITZ FEEDER FIC MULTIMERCADO;13/05/2013;1,306696
SPX NIMITZ FEEDER FIC MULTIMERCADO;14/05/2013;1,314246
SPX NIMITZ FEEDER FIC MULTIMERCADO;15/05/2013;1,319273
SPX NIMITZ FEEDER FIC MULTIMERCADO;16/05/2013;1,313087
SPX NIMITZ FEEDER FIC MULTIMERCADO;17/05/2013;1,314517
SPX NIMITZ FEEDER FIC MULTIMERCADO;20/05/2013;1,315767
SPX NIMITZ FEEDER FIC MULTIMERCADO;21/05/2013;1,316279
SPX NIMITZ FEEDER FIC MULTIMERCADO;22/05/2013;1,324104
SPX NIMITZ FEEDER FIC MULTIMERCADO;23/05/2013;1,325921
SPX NIMITZ FEEDER FIC MULTIMERCADO;24/05/2013;1,327149
SPX NIMITZ FEEDER FIC MULTIMERCADO;27/05/2013;1,328426
SPX NIMITZ FEEDER FIC MULTIMERCADO;28/05/2013;1,333262
SPX NIMITZ FEEDER FIC MULTIMERCADO;29/05/2013;1,338734
SPX NIMITZ FEEDER FIC MULTIMERCADO;31/05/2013;1,342963
SPX NIMITZ FEEDER FIC MULTIMERCADO;03/06/2013;1,340038
SPX NIMITZ FEEDER FIC MULTIMERCADO;04/06/2013;1,344027
SPX NIMITZ FEEDER FIC MULTIMERCADO;05/06/2013;1,350361
SPX NIMITZ FEEDER FIC MULTIMERCADO;06/06/2013;1,350593
SPX NIMITZ FEEDER FIC MULTIMERCADO;07/06/2013;1,351799
SPX NIMITZ FEEDER FIC MULTIMERCADO;10/06/2013;1,353875
SPX NIMITZ FEEDER FIC MULTIMERCADO;11/06/2013;1,354231
SPX NIMITZ FEEDER FIC MULTIMERCADO;12/06/2013;1,358259
SPX NIMITZ FEEDER FIC MULTIMERCADO;13/06/2013;1,356791
SPX NIMITZ FEEDER FIC MULTIMERCADO;14/06/2013;1,351172
SPX NIMITZ FEEDER FIC MULTIMERCADO;17/06/2013;1,354541
SPX NIMITZ FEEDER FIC MULTIMERCADO;18/06/2013;1,356097
SPX NIMITZ FEEDER FIC MULTIMERCADO;19/06/2013;1,367398
SPX NIMITZ FEEDER FIC MULTIMERCADO;20/06/2013;1,38297
SPX NIMITZ FEEDER FIC MULTIMERCADO;21/06/2013;1,392119
SPX NIMITZ FEEDER FIC MULTIMERCADO;24/06/2013;1,388174
SPX NIMITZ FEEDER FIC MULTIMERCADO;25/06/2013;1,387465
SPX NIMITZ FEEDER FIC MULTIMERCADO;26/06/2013;1,385859
SPX NIMITZ FEEDER FIC MULTIMERCADO;27/06/2013;1,385752
SPX NIMITZ FEEDER FIC MULTIMERCADO;28/06/2013;1,392991
SPX NIMITZ FEEDER FIC MULTIMERCADO;01/07/2013;1,39247
SPX NIMITZ FEEDER FIC MULTIMERCADO;02/07/2013;1,392427
SPX NIMITZ FEEDER FIC MULTIMERCADO;03/07/2013;1,395594
SPX NIMITZ FEEDER FIC MULTIMERCADO;04/07/2013;1,394753
SPX NIMITZ FEEDER FIC MULTIMERCADO;05/07/2013;1,397634
SPX NIMITZ FEEDER FIC MULTIMERCADO;08/07/2013;1,392204
SPX NIMITZ FEEDER FIC MULTIMERCADO;09/07/2013;1,391289
SPX NIMITZ FEEDER FIC MULTIMERCADO;10/07/2013;1,38703
SPX NIMITZ FEEDER FIC MULTIMERCADO;11/07/2013;1,374721
SPX NIMITZ FEEDER FIC MULTIMERCADO;12/07/2013;1,379417
SPX NIMITZ FEEDER FIC MULTIMERCADO;15/07/2013;1,363572
SPX NIMITZ FEEDER FIC MULTIMERCADO;16/07/2013;1,364407
SPX NIMITZ FEEDER FIC MULTIMERCADO;17/07/2013;1,359513
SPX NIMITZ FEEDER FIC MULTIMERCADO;18/07/2013;1,364804
SPX NIMITZ FEEDER FIC MULTIMERCADO;19/07/2013;1,369281
SPX NIMITZ FEEDER FIC MULTIMERCADO;22/07/2013;1,368156
SPX NIMITZ FEEDER FIC MULTIMERCADO;23/07/2013;1,365512
SPX NIMITZ FEEDER FIC MULTIMERCADO;24/07/2013;1,375298
SPX NIMITZ FEEDER FIC MULTIMERCADO;25/07/2013;1,377752
SPX NIMITZ FEEDER FIC MULTIMERCADO;26/07/2013;1,377463
SPX NIMITZ FEEDER FIC MULTIMERCADO;29/07/2013;1,38139
SPX NIMITZ FEEDER FIC MULTIMERCADO;30/07/2013;1,383958
SPX NIMITZ FEEDER FIC MULTIMERCADO;31/07/2013;1,387682
SPX NIMITZ FEEDER FIC MULTIMERCADO;01/08/2013;1,399572
SPX NIMITZ FEEDER FIC MULTIMERCADO;02/08/2013;1,386317
SPX NIMITZ FEEDER FIC MULTIMERCADO;05/08/2013;1,391471
SPX NIMITZ FEEDER FIC MULTIMERCADO;06/08/2013;1,389597
SPX NIMITZ FEEDER FIC MULTIMERCADO;07/08/2013;1,393294
SPX NIMITZ FEEDER FIC MULTIMERCADO;08/08/2013;1,38624
SPX NIMITZ FEEDER FIC MULTIMERCADO;09/08/2013;1,382552
SPX NIMITZ FEEDER FIC MULTIMERCADO;12/08/2013;1,383685
SPX NIMITZ FEEDER FIC MULTIMERCADO;13/08/2013;1,399916
SPX NIMITZ FEEDER FIC MULTIMERCADO;14/08/2013;1,404787
SPX NIMITZ FEEDER FIC MULTIMERCADO;15/08/2013;1,409127
SPX NIMITZ FEEDER FIC MULTIMERCADO;16/08/2013;1,419608
SPX NIMITZ FEEDER FIC MULTIMERCADO;19/08/2013;1,42947
SPX NIMITZ FEEDER FIC MULTIMERCADO;20/08/2013;1,423128
SPX NIMITZ FEEDER FIC MULTIMERCADO;21/08/2013;1,438342
SPX NIMITZ FEEDER FIC MULTIMERCADO;22/08/2013;1,44049
SPX NIMITZ FEEDER FIC MULTIMERCADO;23/08/2013;1,421211
SPX NIMITZ FEEDER FIC MULTIMERCADO;26/08/2013;1,424065
SPX NIMITZ FEEDER FIC MULTIMERCADO;27/08/2013;1,424664
SPX NIMITZ FEEDER FIC MULTIMERCADO;28/08/2013;1,420243
SPX NIMITZ FEEDER FIC MULTIMERCADO;29/08/2013;1,432672
SPX NIMITZ FEEDER FIC MULTIMERCADO;30/08/2013;1,437259
SPX NIMITZ FEEDER FIC MULTIMERCADO;02/09/2013;1,43562
SPX NIMITZ FEEDER FIC MULTIMERCADO;03/09/2013;1,434408
SPX NIMITZ FEEDER FIC MULTIMERCADO;04/09/2013;1,431747
SPX NIMITZ FEEDER FIC MULTIMERCADO;05/09/2013;1,432287
SPX NIMITZ FEEDER FIC MULTIMERCADO;06/09/2013;1,418139
SPX NIMITZ FEEDER FIC MULTIMERCADO;09/09/2013;1,413789
SPX NIMITZ FEEDER FIC MULTIMERCADO;10/09/2013;1,416686
SPX NIMITZ FEEDER FIC MULTIMERCADO;11/09/2013;1,418149
SPX NIMITZ FEEDER FIC MULTIMERCADO;12/09/2013;1,426324
SPX NIMITZ FEEDER FIC MULTIMERCADO;13/09/2013;1,426835
SPX NIMITZ FEEDER FIC MULTIMERCADO;16/09/2013;1,425902
SPX NIMITZ FEEDER FIC MULTIMERCADO;17/09/2013;1,421763
SPX NIMITZ FEEDER FIC MULTIMERCADO;18/09/2013;1,39444
SPX NIMITZ FEEDER FIC MULTIMERCADO;19/09/2013;1,394245
SPX NIMITZ FEEDER FIC MULTIMERCADO;20/09/2013;1,393284
SPX NIMITZ FEEDER FIC MULTIMERCADO;23/09/2013;1,391698
SPX NIMITZ FEEDER FIC MULTIMERCADO;24/09/2013;1,394079
SPX NIMITZ FEEDER FIC MULTIMERCADO;25/09/2013;1,404982
SPX NIMITZ FEEDER FIC MULTIMERCADO;26/09/2013;1,410494
SPX NIMITZ FEEDER FIC MULTIMERCADO;27/09/2013;1,414602
SPX NIMITZ FEEDER FIC MULTIMERCADO;30/09/2013;1,407267
SPX NIMITZ FEEDER FIC MULTIMERCADO;01/10/2013;1,406091
SPX NIMITZ FEEDER FIC MULTIMERCADO;02/10/2013;1,397807
SPX NIMITZ FEEDER FIC MULTIMERCADO;03/10/2013;1,399156
SPX NIMITZ FEEDER FIC MULTIMERCADO;04/10/2013;1,40306
SPX NIMITZ FEEDER FIC MULTIMERCADO;07/10/2013;1,403823
SPX NIMITZ FEEDER FIC MULTIMERCADO;08/10/2013;1,399711
SPX NIMITZ FEEDER FIC MULTIMERCADO;09/10/2013;1,396646
SPX NIMITZ FEEDER FIC MULTIMERCADO;10/10/2013;1,384542
SPX NIMITZ FEEDER FIC MULTIMERCADO;11/10/2013;1,382468
SPX NIMITZ FEEDER FIC MULTIMERCADO;14/10/2013;1,38217
SPX NIMITZ FEEDER FIC MULTIMERCADO;15/10/2013;1,384253
SPX NIMITZ FEEDER FIC MULTIMERCADO;16/10/2013;1,379509
SPX NIMITZ FEEDER FIC MULTIMERCADO;17/10/2013;1,374462
SPX NIMITZ FEEDER FIC MULTIMERCADO;18/10/2013;1,381252
SPX NIMITZ FEEDER FIC MULTIMERCADO;21/10/2013;1,38401
SPX NIMITZ FEEDER FIC MULTIMERCADO;22/10/2013;1,37998
SPX NIMITZ FEEDER FIC MULTIMERCADO;23/10/2013;1,376322
SPX NIMITZ FEEDER FIC MULTIMERCADO;24/10/2013;1,380324
SPX NIMITZ FEEDER FIC MULTIMERCADO;25/10/2013;1,375228
SPX NIMITZ FEEDER FIC MULTIMERCADO;28/10/2013;1,374121
SPX NIMITZ FEEDER FIC MULTIMERCADO;29/10/2013;1,374965
SPX NIMITZ FEEDER FIC MULTIMERCADO;30/10/2013;1,374121
SPX NIMITZ FEEDER FIC MULTIMERCADO;31/10/2013;1,385845
SPX NIMITZ FEEDER FIC MULTIMERCADO;01/11/2013;1,390707
SPX NIMITZ FEEDER FIC MULTIMERCADO;04/11/2013;1,390499
SPX NIMITZ FEEDER FIC MULTIMERCADO;05/11/2013;1,400762
SPX NIMITZ FEEDER FIC MULTIMERCADO;06/11/2013;1,400182
SPX NIMITZ FEEDER FIC MULTIMERCADO;07/11/2013;1,401873
SPX NIMITZ FEEDER FIC MULTIMERCADO;08/11/2013;1,402786
SPX NIMITZ FEEDER FIC MULTIMERCADO;11/11/2013;1,408664
SPX NIMITZ FEEDER FIC MULTIMERCADO;12/11/2013;1,409615
SPX NIMITZ FEEDER FIC MULTIMERCADO;13/11/2013;1,408516
SPX NIMITZ FEEDER FIC MULTIMERCADO;14/11/2013;1,404946
SPX NIMITZ FEEDER FIC MULTIMERCADO;18/11/2013;1,393133
SPX NIMITZ FEEDER FIC MULTIMERCADO;19/11/2013;1,397677
SPX NIMITZ FEEDER FIC MULTIMERCADO;20/11/2013;1,397597
SPX NIMITZ FEEDER FIC MULTIMERCADO;21/11/2013;1,406206
SPX NIMITZ FEEDER FIC MULTIMERCADO;22/11/2013;1,406425
SPX NIMITZ FEEDER FIC MULTIMERCADO;25/11/2013;1,409368
SPX NIMITZ FEEDER FIC MULTIMERCADO;26/11/2013;1,409829
SPX NIMITZ FEEDER FIC MULTIMERCADO;27/11/2013;1,416401
SPX NIMITZ FEEDER FIC MULTIMERCADO;28/11/2013;1,424003
SPX NIMITZ FEEDER FIC MULTIMERCADO;29/11/2013;1,428469
SPX NIMITZ FEEDER FIC MULTIMERCADO;02/12/2013;1,439596
SPX NIMITZ FEEDER FIC MULTIMERCADO;03/12/2013;1,441539
SPX NIMITZ FEEDER FIC MULTIMERCADO;04/12/2013;1,44423
SPX NIMITZ FEEDER FIC MULTIMERCADO;05/12/2013;1,435873
SPX NIMITZ FEEDER FIC MULTIMERCADO;06/12/2013;1,433176
SPX NIMITZ FEEDER FIC MULTIMERCADO;09/12/2013;1,43311
SPX NIMITZ FEEDER FIC MULTIMERCADO;10/12/2013;1,430411
SPX NIMITZ FEEDER FIC MULTIMERCADO;11/12/2013;1,436128
SPX NIMITZ FEEDER FIC MULTIMERCADO;12/12/2013;1,438331
SPX NIMITZ FEEDER FIC MULTIMERCADO;13/12/2013;1,43849
SPX NIMITZ FEEDER FIC MULTIMERCADO;16/12/2013;1,438251
SPX NIMITZ FEEDER FIC MULTIMERCADO;17/12/2013;1,434869
SPX NIMITZ FEEDER FIC MULTIMERCADO;18/12/2013;1,436336
SPX NIMITZ FEEDER FIC MULTIMERCADO;19/12/2013;1,442983
SPX NIMITZ FEEDER FIC MULTIMERCADO;20/12/2013;1,448628
SPX NIMITZ FEEDER FIC MULTIMERCADO;23/12/2013;1,448388
SPX NIMITZ FEEDER FIC MULTIMERCADO;24/12/2013;1,449357
SPX NIMITZ FEEDER FIC MULTIMERCADO;26/12/2013;1,45172
SPX NIMITZ FEEDER FIC MULTIMERCADO;27/12/2013;1,450425
SPX NIMITZ FEEDER FIC MULTIMERCADO;30/12/2013;1,455954
SPX NIMITZ FEEDER FIC MULTIMERCADO;31/12/2013;1,456396
SPX NIMITZ FEEDER FIC MULTIMERCADO;02/01/2014;1,462493
SPX NIMITZ FEEDER FIC MULTIMERCADO;03/01/2014;1,461548
SPX NIMITZ FEEDER FIC MULTIMERCADO;06/01/2014;1,463105
SPX NIMITZ FEEDER FIC MULTIMERCADO;07/01/2014;1,464154
SPX NIMITZ FEEDER FIC MULTIMERCADO;08/01/2014;1,470378
SPX NIMITZ FEEDER FIC MULTIMERCADO;09/01/2014;1,474816
SPX NIMITZ FEEDER FIC MULTIMERCADO;10/01/2014;1,469084
SPX NIMITZ FEEDER FIC MULTIMERCADO;13/01/2014;1,465795
SPX NIMITZ FEEDER FIC MULTIMERCADO;14/01/2014;1,46908
SPX NIMITZ FEEDER FIC MULTIMERCADO;15/01/2014;1,470836
SPX NIMITZ FEEDER FIC MULTIMERCADO;16/01/2014;1,469323
SPX NIMITZ FEEDER FIC MULTIMERCADO;17/01/2014;1,466832
SPX NIMITZ FEEDER FIC MULTIMERCADO;20/01/2014;1,466687
SPX NIMITZ FEEDER FIC MULTIMERCADO;21/01/2014;1,471226
SPX NIMITZ FEEDER FIC MULTIMERCADO;22/01/2014;1,473845
SPX NIMITZ FEEDER FIC MULTIMERCADO;23/01/2014;1,477796
SPX NIMITZ FEEDER FIC MULTIMERCADO;24/01/2014;1,474927
SPX NIMITZ FEEDER FIC MULTIMERCADO;27/01/2014;1,479382
SPX NIMITZ FEEDER FIC MULTIMERCADO;28/01/2014;1,479333
SPX NIMITZ FEEDER FIC MULTIMERCADO;29/01/2014;1,478845
SPX NIMITZ FEEDER FIC MULTIMERCADO;30/01/2014;1,47025
SPX NIMITZ FEEDER FIC MULTIMERCADO;31/01/2014;1,473558
SPX NIMITZ FEEDER FIC MULTIMERCADO;03/02/2014;1,475242
SPX NIMITZ FEEDER FIC MULTIMERCADO;04/02/2014;1,474221
SPX NIMITZ FEEDER FIC MULTIMERCADO;05/02/2014;1,474894
SPX NIMITZ FEEDER FIC MULTIMERCADO;06/02/2014;1,469917
SPX NIMITZ FEEDER FIC MULTIMERCADO;07/02/2014;1,468787
SPX NIMITZ FEEDER FIC MULTIMERCADO;10/02/2014;1,475714
SPX NIMITZ FEEDER FIC MULTIMERCADO;11/02/2014;1,47567
SPX NIMITZ FEEDER FIC MULTIMERCADO;12/02/2014;1,478172
SPX NIMITZ FEEDER FIC MULTIMERCADO;13/02/2014;1,473359
SPX NIMITZ FEEDER FIC MULTIMERCADO;14/02/2014;1,475505
SPX NIMITZ FEEDER FIC MULTIMERCADO;17/02/2014;1,478328
SPX NIMITZ FEEDER FIC MULTIMERCADO;18/02/2014;1,480158
SPX NIMITZ FEEDER FIC MULTIMERCADO;19/02/2014;1,481314
SPX NIMITZ FEEDER FIC MULTIMERCADO;20/02/2014;1,479558
SPX NIMITZ FEEDER FIC MULTIMERCADO;21/02/2014;1,476359
SPX NIMITZ FEEDER FIC MULTIMERCADO;24/02/2014;1,474837
SPX NIMITZ FEEDER FIC MULTIMERCADO;25/02/2014;1,471909
SPX NIMITZ FEEDER FIC MULTIMERCADO;26/02/2014;1,476395
SPX NIMITZ FEEDER FIC MULTIMERCADO;27/02/2014;1,466297
SPX NIMITZ FEEDER FIC MULTIMERCADO;28/02/2014;1,473665
SPX NIMITZ FEEDER FIC MULTIMERCADO;05/03/2014;1,474092
SPX NIMITZ FEEDER FIC MULTIMERCADO;06/03/2014;1,475705
SPX NIMITZ FEEDER FIC MULTIMERCADO;07/03/2014;1,488943
SPX NIMITZ FEEDER FIC MULTIMERCADO;10/03/2014;1,492671
SPX NIMITZ FEEDER FIC MULTIMERCADO;11/03/2014;1,493196
SPX NIMITZ FEEDER FIC MULTIMERCADO;12/03/2014;1,490396
SPX NIMITZ FEEDER FIC MULTIMERCADO;13/03/2014;1,491848
SPX NIMITZ FEEDER FIC MULTIMERCADO;14/03/2014;1,492135
SPX NIMITZ FEEDER FIC MULTIMERCADO;17/03/2014;1,492755
SPX NIMITZ FEEDER FIC MULTIMERCADO;18/03/2014;1,491404
SPX NIMITZ FEEDER FIC MULTIMERCADO;19/03/2014;1,500108
SPX NIMITZ FEEDER FIC MULTIMERCADO;20/03/2014;1,500008
SPX NIMITZ FEEDER FIC MULTIMERCADO;21/03/2014;1,495204
SPX NIMITZ FEEDER FIC MULTIMERCADO;24/03/2014;1,492877
SPX NIMITZ FEEDER FIC MULTIMERCADO;25/03/2014;1,483769
SPX NIMITZ FEEDER FIC MULTIMERCADO;26/03/2014;1,482929
SPX NIMITZ FEEDER FIC MULTIMERCADO;27/03/2014;1,465589
SPX NIMITZ FEEDER FIC MULTIMERCADO;28/03/2014;1,471038
SPX NIMITZ FEEDER FIC MULTIMERCADO;31/03/2014;1,475744
SPX NIMITZ FEEDER FIC MULTIMERCADO;01/04/2014;1,478797
SPX NIMITZ FEEDER FIC MULTIMERCADO;02/04/2014;1,480069
SPX NIMITZ FEEDER FIC MULTIMERCADO;03/04/2014;1,482837
SPX NIMITZ FEEDER FIC MULTIMERCADO;04/04/2014;1,470143
SPX NIMITZ FEEDER FIC MULTIMERCADO;07/04/2014;1,459004
SPX NIMITZ FEEDER FIC MULTIMERCADO;08/04/2014;1,450586
SPX NIMITZ FEEDER FIC MULTIMERCADO;09/04/2014;1,450352
SPX NIMITZ FEEDER FIC MULTIMERCADO;10/04/2014;1,451268
SPX NIMITZ FEEDER FIC MULTIMERCADO;11/04/2014;1,455587
SPX NIMITZ FEEDER FIC MULTIMERCADO;14/04/2014;1,460251
SPX NIMITZ FEEDER FIC MULTIMERCADO;15/04/2014;1,467488
SPX NIMITZ FEEDER FIC MULTIMERCADO;16/04/2014;1,470465
SPX NIMITZ FEEDER FIC MULTIMERCADO;17/04/2014;1,470545
SPX NIMITZ FEEDER FIC MULTIMERCADO;22/04/2014;1,471374
SPX NIMITZ FEEDER FIC MULTIMERCADO;23/04/2014;1,465658
SPX NIMITZ FEEDER FIC MULTIMERCADO;24/04/2014;1,466293
SPX NIMITZ FEEDER FIC MULTIMERCADO;25/04/2014;1,471552
SPX NIMITZ FEEDER FIC MULTIMERCADO;28/04/2014;1,471291
SPX NIMITZ FEEDER FIC MULTIMERCADO;29/04/2014;1,471485
SPX NIMITZ FEEDER FIC MULTIMERCADO;30/04/2014;1,471553
SPX NIMITZ FEEDER FIC MULTIMERCADO;02/05/2014;1,4668
SPX NIMITZ FEEDER FIC MULTIMERCADO;05/05/2014;1,473279
SPX NIMITZ FEEDER FIC MULTIMERCADO;06/05/2014;1,465227
SPX NIMITZ FEEDER FIC MULTIMERCADO;07/05/2014;1,463361
SPX NIMITZ FEEDER FIC MULTIMERCADO;08/05/2014;1,460583
SPX NIMITZ FEEDER FIC MULTIMERCADO;09/05/2014;1,462102
SPX NIMITZ FEEDER FIC MULTIMERCADO;12/05/2014;1,464228
SPX NIMITZ FEEDER FIC MULTIMERCADO;13/05/2014;1,461421
SPX NIMITZ FEEDER FIC MULTIMERCADO;14/05/2014;1,455502
SPX NIMITZ FEEDER FIC MULTIMERCADO;15/05/2014;1,457149
SPX NIMITZ FEEDER FIC MULTIMERCADO;16/05/2014;1,457397
SPX NIMITZ FEEDER FIC MULTIMERCADO;19/05/2014;1,455505
SPX NIMITZ FEEDER FIC MULTIMERCADO;20/05/2014;1,458054
SPX NIMITZ FEEDER FIC MULTIMERCADO;21/05/2014;1,455339
SPX NIMITZ FEEDER FIC MULTIMERCADO;22/05/2014;1,45716
SPX NIMITZ FEEDER FIC MULTIMERCADO;23/05/2014;1,458357
SPX NIMITZ FEEDER FIC MULTIMERCADO;26/05/2014;1,458438
SPX NIMITZ FEEDER FIC MULTIMERCADO;27/05/2014;1,463571
SPX NIMITZ FEEDER FIC MULTIMERCADO;28/05/2014;1,462732
SPX NIMITZ FEEDER FIC MULTIMERCADO;29/05/2014;1,459264
SPX NIMITZ FEEDER FIC MULTIMERCADO;30/05/2014;1,465562
SPX NIMITZ FEEDER FIC MULTIMERCADO;02/06/2014;1,473146
SPX NIMITZ FEEDER FIC MULTIMERCADO;03/06/2014;1,475606
SPX NIMITZ FEEDER FIC MULTIMERCADO;04/06/2014;1,478482
SPX NIMITZ FEEDER FIC MULTIMERCADO;05/06/2014;1,478695
SPX NIMITZ FEEDER FIC MULTIMERCADO;06/06/2014;1,473692
SPX NIMITZ FEEDER FIC MULTIMERCADO;09/06/2014;1,472266
SPX NIMITZ FEEDER FIC MULTIMERCADO;10/06/2014;1,471281
SPX NIMITZ FEEDER FIC MULTIMERCADO;11/06/2014;1,469706
SPX NIMITZ FEEDER FIC MULTIMERCADO;12/06/2014;1,468164
SPX NIMITZ FEEDER FIC MULTIMERCADO;13/06/2014;1,472347
SPX NIMITZ FEEDER FIC MULTIMERCADO;16/06/2014;1,476267
SPX NIMITZ FEEDER FIC MULTIMERCADO;17/06/2014;1,482306
SPX NIMITZ FEEDER FIC MULTIMERCADO;18/06/2014;1,476168
SPX NIMITZ FEEDER FIC MULTIMERCADO;20/06/2014;1,474456
SPX NIMITZ FEEDER FIC MULTIMERCADO;23/06/2014;1,474667
SPX NIMITZ FEEDER FIC MULTIMERCADO;24/06/2014;1,477004
SPX NIMITZ FEEDER FIC MULTIMERCADO;25/06/2014;1,47439
SPX NIMITZ FEEDER FIC MULTIMERCADO;26/06/2014;1,46948
SPX NIMITZ FEEDER FIC MULTIMERCADO;27/06/2014;1,471632
SPX NIMITZ FEEDER FIC MULTIMERCADO;30/06/2014;1,476194
SPX NIMITZ FEEDER FIC MULTIMERCADO;01/07/2014;1,475211
SPX NIMITZ FEEDER FIC MULTIMERCADO;02/07/2014;1,480539
SPX NIMITZ FEEDER FIC MULTIMERCADO;03/07/2014;1,480363
SPX NIMITZ FEEDER FIC MULTIMERCADO;04/07/2014;1,481087
SPX NIMITZ FEEDER FIC MULTIMERCADO;07/07/2014;1,483348
SPX NIMITZ FEEDER FIC MULTIMERCADO;08/07/2014;1,481461
SPX NIMITZ FEEDER FIC MULTIMERCADO;09/07/2014;1,480176
SPX NIMITZ FEEDER FIC MULTIMERCADO;10/07/2014;1,478762
SPX NIMITZ FEEDER FIC MULTIMERCADO;11/07/2014;1,477025
SPX NIMITZ FEEDER FIC MULTIMERCADO;14/07/2014;1,474749
SPX NIMITZ FEEDER FIC MULTIMERCADO;15/07/2014;1,477192
SPX NIMITZ FEEDER FIC MULTIMERCADO;16/07/2014;1,477632
SPX NIMITZ FEEDER FIC MULTIMERCADO;17/07/2014;1,48724
SPX NIMITZ FEEDER FIC MULTIMERCADO;18/07/2014;1,481556
SPX NIMITZ FEEDER FIC MULTIMERCADO;21/07/2014;1,478982
SPX NIMITZ FEEDER FIC MULTIMERCADO;22/07/2014;1,479269
SPX NIMITZ FEEDER FIC MULTIMERCADO;23/07/2014;1,477118
SPX NIMITZ FEEDER FIC MULTIMERCADO;24/07/2014;1,471062
SPX NIMITZ FEEDER FIC MULTIMERCADO;25/07/2014;1,475849
SPX NIMITZ FEEDER FIC MULTIMERCADO;28/07/2014;1,475006
SPX NIMITZ FEEDER FIC MULTIMERCADO;29/07/2014;1,476091
SPX NIMITZ FEEDER FIC MULTIMERCADO;30/07/2014;1,483738
SPX NIMITZ FEEDER FIC MULTIMERCADO;31/07/2014;1,487904
SPX NIMITZ FEEDER FIC MULTIMERCADO;01/08/2014;1,478163
SPX NIMITZ FEEDER FIC MULTIMERCADO;04/08/2014;1,474239
SPX NIMITZ FEEDER FIC MULTIMERCADO;05/08/2014;1,47139
SPX NIMITZ FEEDER FIC MULTIMERCADO;06/08/2014;1,472252
SPX NIMITZ FEEDER FIC MULTIMERCADO;07/08/2014;1,469938
SPX NIMITZ FEEDER FIC MULTIMERCADO;08/08/2014;1,472956
SPX NIMITZ FEEDER FIC MULTIMERCADO;11/08/2014;1,471978
SPX NIMITZ FEEDER FIC MULTIMERCADO;12/08/2014;1,472368
SPX NIMITZ FEEDER FIC MULTIMERCADO;13/08/2014;1,470402
SPX NIMITZ FEEDER FIC MULTIMERCADO;14/08/2014;1,469726
SPX NIMITZ FEEDER FIC MULTIMERCADO;15/08/2014;1,466742
SPX NIMITZ FEEDER FIC MULTIMERCADO;18/08/2014;1,466913
SPX NIMITZ FEEDER FIC MULTIMERCADO;19/08/2014;1,468259
SPX NIMITZ FEEDER FIC MULTIMERCADO;20/08/2014;1,470264
SPX NIMITZ FEEDER FIC MULTIMERCADO;21/08/2014;1,470558
SPX NIMITZ FEEDER FIC MULTIMERCADO;22/08/2014;1,474557
SPX NIMITZ FEEDER FIC MULTIMERCADO;25/08/2014;1,47743
SPX NIMITZ FEEDER FIC MULTIMERCADO;26/08/2014;1,477156
SPX NIMITZ FEEDER FIC MULTIMERCADO;27/08/2014;1,480077
SPX NIMITZ FEEDER FIC MULTIMERCADO;28/08/2014;1,476982
SPX NIMITZ FEEDER FIC MULTIMERCADO;29/08/2014;1,481773
SPX NIMITZ FEEDER FIC MULTIMERCADO;01/09/2014;1,486631
SPX NIMITZ FEEDER FIC MULTIMERCADO;02/09/2014;1,497043
SPX NIMITZ FEEDER FIC MULTIMERCADO;03/09/2014;1,491711
SPX NIMITZ FEEDER FIC MULTIMERCADO;04/09/2014;1,494919
SPX NIMITZ FEEDER FIC MULTIMERCADO;05/09/2014;1,49338
SPX NIMITZ FEEDER FIC MULTIMERCADO;08/09/2014;1,492784
SPX NIMITZ FEEDER FIC MULTIMERCADO;09/09/2014;1,48979
SPX NIMITZ FEEDER FIC MULTIMERCADO;10/09/2014;1,489295
SPX NIMITZ FEEDER FIC MULTIMERCADO;11/09/2014;1,49254
SPX NIMITZ FEEDER FIC MULTIMERCADO;12/09/2014;1,493481
SPX NIMITZ FEEDER FIC MULTIMERCADO;15/09/2014;1,491467
SPX NIMITZ FEEDER FIC MULTIMERCADO;16/09/2014;1,487321
SPX NIMITZ FEEDER FIC MULTIMERCADO;17/09/2014;1,49444
SPX NIMITZ FEEDER FIC MULTIMERCADO;18/09/2014;1,499469
SPX NIMITZ FEEDER FIC MULTIMERCADO;19/09/2014;1,504001
SPX NIMITZ FEEDER FIC MULTIMERCADO;22/09/2014;1,503664
SPX NIMITZ FEEDER FIC MULTIMERCADO;23/09/2014;1,504746
SPX NIMITZ FEEDER FIC MULTIMERCADO;24/09/2014;1,504127
SPX NIMITZ FEEDER FIC MULTIMERCADO;25/09/2014;1,509029
SPX NIMITZ FEEDER FIC MULTIMERCADO;26/09/2014;1,51102
SPX NIMITZ FEEDER FIC MULTIMERCADO;29/09/2014;1,517524
SPX NIMITZ FEEDER FIC MULTIMERCADO;30/09/2014;1,516387
SPX NIMITZ FEEDER FIC MULTIMERCADO;01/10/2014;1,524402
SPX NIMITZ FEEDER FIC MULTIMERCADO;02/10/2014;1,519043
SPX NIMITZ FEEDER FIC MULTIMERCADO;03/10/2014;1,516749
SPX NIMITZ FEEDER FIC MULTIMERCADO;06/10/2014;1,496221
SPX NIMITZ FEEDER FIC MULTIMERCADO;07/10/2014;1,489402
SPX NIMITZ FEEDER FIC MULTIMERCADO;08/10/2014;1,482379
SPX NIMITZ FEEDER FIC MULTIMERCADO;09/10/2014;1,481902
SPX NIMITZ FEEDER FIC MULTIMERCADO;10/10/2014;1,480916
SPX NIMITZ FEEDER FIC MULTIMERCADO;13/10/2014;1,476272
SPX NIMITZ FEEDER FIC MULTIMERCADO;14/10/2014;1,478816
SPX NIMITZ FEEDER FIC MULTIMERCADO;15/10/2014;1,475954
SPX NIMITZ FEEDER FIC MULTIMERCADO;16/10/2014;1,478679
SPX NIMITZ FEEDER FIC MULTIMERCADO;17/10/2014;1,479136
SPX NIMITZ FEEDER FIC MULTIMERCADO;20/10/2014;1,482378
SPX NIMITZ FEEDER FIC MULTIMERCADO;21/10/2014;1,480511
SPX NIMITZ FEEDER FIC MULTIMERCADO;22/10/2014;1,483975
SPX NIMITZ FEEDER FIC MULTIMERCADO;23/10/2014;1,490546
SPX NIMITZ FEEDER FIC MULTIMERCADO;24/10/2014;1,482149
SPX NIMITZ FEEDER FIC MULTIMERCADO;27/10/2014;1,503218
SPX NIMITZ FEEDER FIC MULTIMERCADO;28/10/2014;1,497325
SPX NIMITZ FEEDER FIC MULTIMERCADO;29/10/2014;1,501895
SPX NIMITZ FEEDER FIC MULTIMERCADO;30/10/2014;1,499029
SPX NIMITZ FEEDER FIC MULTIMERCADO;31/10/2014;1,507861
SPX NIMITZ FEEDER FIC MULTIMERCADO;03/11/2014;1,515572
SPX NIMITZ FEEDER FIC MULTIMERCADO;04/11/2014;1,518723
SPX NIMITZ FEEDER FIC MULTIMERCADO;05/11/2014;1,524212
SPX NIMITZ FEEDER FIC MULTIMERCADO;06/11/2014;1,533998
SPX NIMITZ FEEDER FIC MULTIMERCADO;07/11/2014;1,530793
SPX NIMITZ FEEDER FIC MULTIMERCADO;10/11/2014;1,532998
SPX NIMITZ FEEDER FIC MULTIMERCADO;11/11/2014;1,536732
SPX NIMITZ FEEDER FIC MULTIMERCADO;12/11/2014;1,53676
SPX NIMITZ FEEDER FIC MULTIMERCADO;13/11/2014;1,544171
SPX NIMITZ FEEDER FIC MULTIMERCADO;14/11/2014;1,539212
SPX NIMITZ FEEDER FIC MULTIMERCADO;17/11/2014;1,540676
SPX NIMITZ FEEDER FIC MULTIMERCADO;18/11/2014;1,538215
SPX NIMITZ FEEDER FIC MULTIMERCADO;19/11/2014;1,536045
SPX NIMITZ FEEDER FIC MULTIMERCADO;20/11/2014;1,536441
SPX NIMITZ FEEDER FIC MULTIMERCADO;21/11/2014;1,526534
SPX NIMITZ FEEDER FIC MULTIMERCADO;24/11/2014;1,527456
SPX NIMITZ FEEDER FIC MULTIMERCADO;25/11/2014;1,525023
SPX NIMITZ FEEDER FIC MULTIMERCADO;26/11/2014;1,52456
SPX NIMITZ FEEDER FIC MULTIMERCADO;27/11/2014;1,524039
SPX NIMITZ FEEDER FIC MULTIMERCADO;28/11/2014;1,539271
SPX NIMITZ FEEDER FIC MULTIMERCADO;01/12/2014;1,532475
SPX NIMITZ FEEDER FIC MULTIMERCADO;02/12/2014;1,540436
SPX NIMITZ FEEDER FIC MULTIMERCADO;03/12/2014;1,539281
SPX NIMITZ FEEDER FIC MULTIMERCADO;04/12/2014;1,540305
SPX NIMITZ FEEDER FIC MULTIMERCADO;05/12/2014;1,549111
SPX NIMITZ FEEDER FIC MULTIMERCADO;08/12/2014;1,550104
SPX NIMITZ FEEDER FIC MULTIMERCADO;09/12/2014;1,544699
SPX NIMITZ FEEDER FIC MULTIMERCADO;10/12/2014;1,546041
SPX NIMITZ FEEDER FIC MULTIMERCADO;11/12/2014;1,545142
SPX NIMITZ FEEDER FIC MULTIMERCADO;12/12/2014;1,543376
SPX NIMITZ FEEDER FIC MULTIMERCADO;15/12/2014;1,542916
SPX NIMITZ FEEDER FIC MULTIMERCADO;16/12/2014;1,528811
SPX NIMITZ FEEDER FIC MULTIMERCADO;17/12/2014;1,523653
SPX NIMITZ FEEDER FIC MULTIMERCADO;18/12/2014;1,519814
SPX NIMITZ FEEDER FIC MULTIMERCADO;19/12/2014;1,518689
SPX NIMITZ FEEDER FIC MULTIMERCADO;22/12/2014;1,522893
SPX NIMITZ FEEDER FIC MULTIMERCADO;23/12/2014;1,531654
SPX NIMITZ FEEDER FIC MULTIMERCADO;24/12/2014;1,532063
SPX NIMITZ FEEDER FIC MULTIMERCADO;26/12/2014;1,5288
SPX NIMITZ FEEDER FIC MULTIMERCADO;29/12/2014;1,530666
SPX NIMITZ FEEDER FIC MULTIMERCADO;30/12/2014;1,52506
SPX NIMITZ FEEDER FIC MULTIMERCADO;31/12/2014;1,525468
SPX NIMITZ FEEDER FIC MULTIMERCADO;02/01/2015;1,53402
SPX NIMITZ FEEDER FIC MULTIMERCADO;05/01/2015;1,541028
SPX NIMITZ FEEDER FIC MULTIMERCADO;06/01/2015;1,535951
SPX NIMITZ FEEDER FIC MULTIMERCADO;07/01/2015;1,536202
SPX NIMITZ FEEDER FIC MULTIMERCADO;08/01/2015;1,534359
SPX NIMITZ FEEDER FIC MULTIMERCADO;09/01/2015;1,531535
SPX NIMITZ FEEDER FIC MULTIMERCADO;12/01/2015;1,533443
SPX NIMITZ FEEDER FIC MULTIMERCADO;13/01/2015;1,533126
SPX NIMITZ FEEDER FIC MULTIMERCADO;14/01/2015;1,52927
SPX NIMITZ FEEDER FIC MULTIMERCADO;15/01/2015;1,534033
SPX NIMITZ FEEDER FIC MULTIMERCADO;16/01/2015;1,531398
SPX NIMITZ FEEDER FIC MULTIMERCADO;19/01/2015;1,534392
SPX NIMITZ FEEDER FIC MULTIMERCADO;20/01/2015;1,534118
SPX NIMITZ FEEDER FIC MULTIMERCADO;21/01/2015;1,534369
SPX NIMITZ FEEDER FIC MULTIMERCADO;22/01/2015;1,538107
SPX NIMITZ FEEDER FIC MULTIMERCADO;23/01/2015;1,546051
SPX NIMITZ FEEDER FIC MULTIMERCADO;26/01/2015;1,547648
SPX NIMITZ FEEDER FIC MULTIMERCADO;27/01/2015;1,543756
SPX NIMITZ FEEDER FIC MULTIMERCADO;28/01/2015;1,548765
SPX NIMITZ FEEDER FIC MULTIMERCADO;29/01/2015;1,554568
SPX NIMITZ FEEDER FIC MULTIMERCADO;30/01/2015;1,564846
SPX NIMITZ FEEDER FIC MULTIMERCADO;02/02/2015;1,564534
SPX NIMITZ FEEDER FIC MULTIMERCADO;03/02/2015;1,560189
SPX NIMITZ FEEDER FIC MULTIMERCADO;04/02/2015;1,572631
SPX NIMITZ FEEDER FIC MULTIMERCADO;05/02/2015;1,570508
SPX NIMITZ FEEDER FIC MULTIMERCADO;06/02/2015;1,583272
SPX NIMITZ FEEDER FIC MULTIMERCADO;09/02/2015;1,575949
SPX NIMITZ FEEDER FIC MULTIMERCADO;10/02/2015;1,590575
SPX NIMITZ FEEDER FIC MULTIMERCADO;11/02/2015;1,599504
SPX NIMITZ FEEDER FIC MULTIMERCADO;12/02/2015;1,587813
SPX NIMITZ FEEDER FIC MULTIMERCADO;13/02/2015;1,58419
SPX NIMITZ FEEDER FIC MULTIMERCADO;18/02/2015;1,583931
SPX NIMITZ FEEDER FIC MULTIMERCADO;19/02/2015;1,59028
SPX NIMITZ FEEDER FIC MULTIMERCADO;20/02/2015;1,591859
SPX NIMITZ FEEDER FIC MULTIMERCADO;23/02/2015;1,596431
SPX NIMITZ FEEDER FIC MULTIMERCADO;24/02/2015;1,58795
SPX NIMITZ FEEDER FIC MULTIMERCADO;25/02/2015;1,593683
SPX NIMITZ FEEDER FIC MULTIMERCADO;26/02/2015;1,600626
SPX NIMITZ FEEDER FIC MULTIMERCADO;27/02/2015;1,597932
SPX NIMITZ FEEDER FIC MULTIMERCADO;02/03/2015;1,610586
SPX NIMITZ FEEDER FIC MULTIMERCADO;03/03/2015;1,614636
SPX NIMITZ FEEDER FIC MULTIMERCADO;04/03/2015;1,627924
SPX NIMITZ FEEDER FIC MULTIMERCADO;05/03/2015;1,634983
SPX NIMITZ FEEDER FIC MULTIMERCADO;06/03/2015;1,648321
SPX NIMITZ FEEDER FIC MULTIMERCADO;09/03/2015;1,658377
SPX NIMITZ FEEDER FIC MULTIMERCADO;10/03/2015;1,665875
SPX NIMITZ FEEDER FIC MULTIMERCADO;11/03/2015;1,667631
SPX NIMITZ FEEDER FIC MULTIMERCADO;12/03/2015;1,669875
SPX NIMITZ FEEDER FIC MULTIMERCADO;13/03/2015;1,685982
SPX NIMITZ FEEDER FIC MULTIMERCADO;16/03/2015;1,685063
SPX NIMITZ FEEDER FIC MULTIMERCADO;17/03/2015;1,68295
SPX NIMITZ FEEDER FIC MULTIMERCADO;18/03/2015;1,671916
SPX NIMITZ FEEDER FIC MULTIMERCADO;19/03/2015;1,68655
SPX NIMITZ FEEDER FIC MULTIMERCADO;20/03/2015;1,673547
SPX NIMITZ FEEDER FIC MULTIMERCADO;23/03/2015;1,664719
SPX NIMITZ FEEDER FIC MULTIMERCADO;24/03/2015;1,661579
SPX NIMITZ FEEDER FIC MULTIMERCADO;25/03/2015;1,670873
SPX NIMITZ FEEDER FIC MULTIMERCADO;26/03/2015;1,674711
SPX NIMITZ FEEDER FIC MULTIMERCADO;27/03/2015;1,682616
SPX NIMITZ FEEDER FIC MULTIMERCADO;30/03/2015;1,679969
SPX NIMITZ FEEDER FIC MULTIMERCADO;31/03/2015;1,680371
SPX NIMITZ FEEDER FIC MULTIMERCADO;01/04/2015;1,672474
SPX NIMITZ FEEDER FIC MULTIMERCADO;02/04/2015;1,666249
SPX NIMITZ FEEDER FIC MULTIMERCADO;06/04/2015;1,661661
SPX NIMITZ FEEDER FIC MULTIMERCADO;07/04/2015;1,664761
SPX NIMITZ FEEDER FIC MULTIMERCADO;08/04/2015;1,659195
SPX NIMITZ FEEDER FIC MULTIMERCADO;09/04/2015;1,663271
SPX NIMITZ FEEDER FIC MULTIMERCADO;10/04/2015;1,666116
SPX NIMITZ FEEDER FIC MULTIMERCADO;13/04/2015;1,671203
SPX NIMITZ FEEDER FIC MULTIMERCADO;14/04/2015;1,665663
SPX NIMITZ FEEDER FIC MULTIMERCADO;15/04/2015;1,660125
SPX NIMITZ FEEDER FIC MULTIMERCADO;16/04/2015;1,656268
SPX NIMITZ FEEDER FIC MULTIMERCADO;17/04/2015;1,656941
SPX NIMITZ FEEDER FIC MULTIMERCADO;20/04/2015;1,654954
SPX NIMITZ FEEDER FIC MULTIMERCADO;22/04/2015;1,654662
SPX NIMITZ FEEDER FIC MULTIMERCADO;23/04/2015;1,645142
SPX NIMITZ FEEDER FIC MULTIMERCADO;24/04/2015;1,638482
SPX NIMITZ FEEDER FIC MULTIMERCADO;27/04/2015;1,6404
SPX NIMITZ FEEDER FIC MULTIMERCADO;28/04/2015;1,645226
SPX NIMITZ FEEDER FIC MULTIMERCADO;29/04/2015;1,651634
SPX NIMITZ FEEDER FIC MULTIMERCADO;30/04/2015;1,653756
SPX NIMITZ FEEDER FIC MULTIMERCADO;04/05/2015;1,659692
SPX NIMITZ FEEDER FIC MULTIMERCADO;05/05/2015;1,656807
SPX NIMITZ FEEDER FIC MULTIMERCADO;06/05/2015;1,658724
SPX NIMITZ FEEDER FIC MULTIMERCADO;07/05/2015;1,647966
SPX NIMITZ FEEDER FIC MULTIMERCADO;08/05/2015;1,648016
SPX NIMITZ FEEDER FIC MULTIMERCADO;11/05/2015;1,656299
SPX NIMITZ FEEDER FIC MULTIMERCADO;12/05/2015;1,656316
SPX NIMITZ FEEDER FIC MULTIMERCADO;13/05/2015;1,657608
SPX NIMITZ FEEDER FIC MULTIMERCADO;14/05/2015;1,655293
SPX NIMITZ FEEDER FIC MULTIMERCADO;15/05/2015;1,656328
SPX NIMITZ FEEDER FIC MULTIMERCADO;18/05/2015;1,660171
SPX NIMITZ FEEDER FIC MULTIMERCADO;19/05/2015;1,663632
SPX NIMITZ FEEDER FIC MULTIMERCADO;20/05/2015;1,669595
SPX NIMITZ FEEDER FIC MULTIMERCADO;21/05/2015;1,665869
SPX NIMITZ FEEDER FIC MULTIMERCADO;22/05/2015;1,674158
SPX NIMITZ FEEDER FIC MULTIMERCADO;25/05/2015;1,676909
SPX NIMITZ FEEDER FIC MULTIMERCADO;26/05/2015;1,689483
SPX NIMITZ FEEDER FIC MULTIMERCADO;27/05/2015;1,693908
SPX NIMITZ FEEDER FIC MULTIMERCADO;28/05/2015;1,696523
SPX NIMITZ FEEDER FIC MULTIMERCADO;29/05/2015;1,700361
SPX NIMITZ FEEDER FIC MULTIMERCADO;01/06/2015;1,700038
SPX NIMITZ FEEDER FIC MULTIMERCADO;02/06/2015;1,694151
SPX NIMITZ FEEDER FIC MULTIMERCADO;03/06/2015;1,696849
SPX NIMITZ FEEDER FIC MULTIMERCADO;05/06/2015;1,707267
SPX NIMITZ FEEDER FIC MULTIMERCADO;08/06/2015;1,707077
SPX NIMITZ FEEDER FIC MULTIMERCADO;09/06/2015;1,707793
SPX NIMITZ FEEDER FIC MULTIMERCADO;10/06/2015;1,69904
SPX NIMITZ FEEDER FIC MULTIMERCADO;11/06/2015;1,700508
SPX NIMITZ FEEDER FIC MULTIMERCADO;12/06/2015;1,705483
SPX NIMITZ FEEDER FIC MULTIMERCADO;15/06/2015;1,704556
SPX NIMITZ FEEDER FIC MULTIMERCADO;16/06/2015;1,698589
SPX NIMITZ FEEDER FIC MULTIMERCADO;17/06/2015;1,695117
SPX NIMITZ FEEDER FIC MULTIMERCADO;18/06/2015;1,685603
SPX NIMITZ FEEDER FIC MULTIMERCADO;19/06/2015;1,693471
SPX NIMITZ FEEDER FIC MULTIMERCADO;22/06/2015;1,699696
SPX NIMITZ FEEDER FIC MULTIMERCADO;23/06/2015;1,704261
SPX NIMITZ FEEDER FIC MULTIMERCADO;24/06/2015;1,707228
SPX NIMITZ FEEDER FIC MULTIMERCADO;25/06/2015;1,707827
SPX NIMITZ FEEDER FIC MULTIMERCADO;26/06/2015;1,710457
SPX NIMITZ FEEDER FIC MULTIMERCADO;29/06/2015;1,712892
SPX NIMITZ FEEDER FIC MULTIMERCADO;30/06/2015;1,715926
SPX NIMITZ FEEDER FIC MULTIMERCADO;01/07/2015;1,720222
SPX NIMITZ FEEDER FIC MULTIMERCADO;02/07/2015;1,719872
SPX NIMITZ FEEDER FIC MULTIMERCADO;03/07/2015;1,729374
SPX NIMITZ FEEDER FIC MULTIMERCADO;06/07/2015;1,740065
SPX NIMITZ FEEDER FIC MULTIMERCADO;07/07/2015;1,741462
SPX NIMITZ FEEDER FIC MULTIMERCADO;08/07/2015;1,749731
SPX NIMITZ FEEDER FIC MULTIMERCADO;09/07/2015;1,745946
SPX NIMITZ FEEDER FIC MULTIMERCADO;10/07/2015;1,74487
SPX NIMITZ FEEDER FIC MULTIMERCADO;13/07/2015;1,73918
SPX NIMITZ FEEDER FIC MULTIMERCADO;14/07/2015;1,740464
SPX NIMITZ FEEDER FIC MULTIMERCADO;15/07/2015;1,743811
SPX NIMITZ FEEDER FIC MULTIMERCADO;16/07/2015;1,740511
SPX NIMITZ FEEDER FIC MULTIMERCADO;17/07/2015;1,751832
SPX NIMITZ FEEDER FIC MULTIMERCADO;20/07/2015;1,75909
SPX NIMITZ FEEDER FIC MULTIMERCADO;21/07/2015;1,755566
SPX NIMITZ FEEDER FIC MULTIMERCADO;22/07/2015;1,766902
SPX NIMITZ FEEDER FIC MULTIMERCADO;23/07/2015;1,773641
SPX NIMITZ FEEDER FIC MULTIMERCADO;24/07/2015;1,781849
SPX NIMITZ FEEDER FIC MULTIMERCADO;27/07/2015;1,783639
SPX NIMITZ FEEDER FIC MULTIMERCADO;28/07/2015;1,775018
SPX NIMITZ FEEDER FIC MULTIMERCADO;29/07/2015;1,776352
SPX NIMITZ FEEDER FIC MULTIMERCADO;30/07/2015;1,797157
SPX NIMITZ FEEDER FIC MULTIMERCADO;31/07/2015;1,805817
SPX NIMITZ FEEDER FIC MULTIMERCADO;03/08/2015;1,805755
SPX NIMITZ FEEDER FIC MULTIMERCADO;04/08/2015;1,798844
SPX NIMITZ FEEDER FIC MULTIMERCADO;05/08/2015;1,79513
SPX NIMITZ FEEDER FIC MULTIMERCADO;06/08/2015;1,792193
SPX NIMITZ FEEDER FIC MULTIMERCADO;07/08/2015;1,790546
SPX NIMITZ FEEDER FIC MULTIMERCADO;10/08/2015;1,786221
SPX NIMITZ FEEDER FIC MULTIMERCADO;11/08/2015;1,7973
SPX NIMITZ FEEDER FIC MULTIMERCADO;12/08/2015;1,796648
SPX NIMITZ FEEDER FIC MULTIMERCADO;13/08/2015;1,800299
SPX NIMITZ FEEDER FIC MULTIMERCADO;14/08/2015;1,803223
SPX NIMITZ FEEDER FIC MULTIMERCADO;17/08/2015;1,804098
SPX NIMITZ FEEDER FIC MULTIMERCADO;18/08/2015;1,810074
SPX NIMITZ FEEDER FIC MULTIMERCADO;19/08/2015;1,819632
SPX NIMITZ FEEDER FIC MULTIMERCADO;20/08/2015;1,824078
SPX NIMITZ FEEDER FIC MULTIMERCADO;21/08/2015;1,830582
SPX NIMITZ FEEDER FIC MULTIMERCADO;24/08/2015;1,834747
SPX NIMITZ FEEDER FIC MULTIMERCADO;25/08/2015;1,841455
SPX NIMITZ FEEDER FIC MULTIMERCADO;26/08/2015;1,849426
SPX NIMITZ FEEDER FIC MULTIMERCADO;27/08/2015;1,839868
SPX NIMITZ FEEDER FIC MULTIMERCADO;28/08/2015;1,835012
SPX NIMITZ FEEDER FIC MULTIMERCADO;31/08/2015;1,838284
SPX NIMITZ FEEDER FIC MULTIMERCADO;01/09/2015;1,847593
SPX NIMITZ FEEDER FIC MULTIMERCADO;02/09/2015;1,845364
SPX NIMITZ FEEDER FIC MULTIMERCADO;03/09/2015;1,8433
SPX NIMITZ FEEDER FIC MULTIMERCADO;04/09/2015;1,857168
SPX NIMITZ FEEDER FIC MULTIMERCADO;08/09/2015;1,850599
SPX NIMITZ FEEDER FIC MULTIMERCADO;09/09/2015;1,854465
SPX NIMITZ FEEDER FIC MULTIMERCADO;10/09/2015;1,85693
SPX NIMITZ FEEDER FIC MULTIMERCADO;11/09/2015;1,85795
SPX NIMITZ FEEDER FIC MULTIMERCADO;14/09/2015;1,860276
SPX NIMITZ FEEDER FIC MULTIMERCADO;15/09/2015;1,860297
SPX NIMITZ FEEDER FIC MULTIMERCADO;16/09/2015;1,856185
SPX NIMITZ FEEDER FIC MULTIMERCADO;17/09/2015;1,860015
SPX NIMITZ FEEDER FIC MULTIMERCADO;18/09/2015;1,867597
SPX NIMITZ FEEDER FIC MULTIMERCADO;21/09/2015;1,870226
SPX NIMITZ FEEDER FIC MULTIMERCADO;22/09/2015;1,883391
SPX NIMITZ FEEDER FIC MULTIMERCADO;23/09/2015;1,902571
SPX NIMITZ FEEDER FIC MULTIMERCADO;24/09/2015;1,887744
SPX NIMITZ FEEDER FIC MULTIMERCADO;25/09/2015;1,876819
SPX NIMITZ FEEDER FIC MULTIMERCADO;28/09/2015;1,899165
SPX NIMITZ FEEDER FIC MULTIMERCADO;29/09/2015;1,893553
SPX NIMITZ FEEDER FIC MULTIMERCADO;30/09/2015;1,867541
SPX NIMITZ FEEDER FIC MULTIMERCADO;01/10/2015;1,867533
SPX NIMITZ FEEDER FIC MULTIMERCADO;02/10/2015;1,860505
SPX NIMITZ FEEDER FIC MULTIMERCADO;05/10/2015;1,856969
SPX NIMITZ FEEDER FIC MULTIMERCADO;06/10/2015;1,854746
SPX NIMITZ FEEDER FIC MULTIMERCADO;07/10/2015;1,854668
SPX NIMITZ FEEDER FIC MULTIMERCADO;08/10/2015;1,842657
SPX NIMITZ FEEDER FIC MULTIMERCADO;09/10/2015;1,835133
SPX NIMITZ FEEDER FIC MULTIMERCADO;13/10/2015;1,854925
SPX NIMITZ FEEDER FIC MULTIMERCADO;14/10/2015;1,849771
SPX NIMITZ FEEDER FIC MULTIMERCADO;15/10/2015;1,844264
SPX NIMITZ FEEDER FIC MULTIMERCADO;16/10/2015;1,850008
SPX NIMITZ FEEDER FIC MULTIMERCADO;19/10/2015;1,857948
SPX NIMITZ FEEDER FIC MULTIMERCADO;20/10/2015;1,858302
SPX NIMITZ FEEDER FIC MULTIMERCADO;21/10/2015;1,863232
SPX NIMITZ FEEDER FIC MULTIMERCADO;22/10/2015;1,862745
SPX NIMITZ FEEDER FIC MULTIMERCADO;23/10/2015;1,867662
SPX NIMITZ FEEDER FIC MULTIMERCADO;26/10/2015;1,872544
SPX NIMITZ FEEDER FIC MULTIMERCADO;27/10/2015;1,876302
SPX NIMITZ FEEDER FIC MULTIMERCADO;28/10/2015;1,873847
SPX NIMITZ FEEDER FIC MULTIMERCADO;29/10/2015;1,877173
SPX NIMITZ FEEDER FIC MULTIMERCADO;30/10/2015;1,877647
SPX NIMITZ FEEDER FIC MULTIMERCADO;03/11/2015;1,854159
SPX NIMITZ FEEDER FIC MULTIMERCADO;04/11/2015;1,864199
SPX NIMITZ FEEDER FIC MULTIMERCADO;05/11/2015;1,861577
SPX NIMITZ FEEDER FIC MULTIMERCADO;06/11/2015;1,870447
SPX NIMITZ FEEDER FIC MULTIMERCADO;09/11/2015;1,880153
SPX NIMITZ FEEDER FIC MULTIMERCADO;10/11/2015;1,880895
SPX NIMITZ FEEDER FIC MULTIMERCADO;11/11/2015;1,872566
SPX NIMITZ FEEDER FIC MULTIMERCADO;12/11/2015;1,876974
SPX NIMITZ FEEDER FIC MULTIMERCADO;13/11/2015;1,887058
SPX NIMITZ FEEDER FIC MULTIMERCADO;16/11/2015;1,886268
SPX NIMITZ FEEDER FIC MULTIMERCADO;17/11/2015;1,887108
SPX NIMITZ FEEDER FIC MULTIMERCADO;18/11/2015;1,883745
SPX NIMITZ FEEDER FIC MULTIMERCADO;19/11/2015;1,8763
SPX NIMITZ FEEDER FIC MULTIMERCADO;20/11/2015;1,877085
SPX NIMITZ FEEDER FIC MULTIMERCADO;23/11/2015;1,876418
SPX NIMITZ FEEDER FIC MULTIMERCADO;24/11/2015;1,869892
SPX NIMITZ FEEDER FIC MULTIMERCADO;25/11/2015;1,882735
SPX NIMITZ FEEDER FIC MULTIMERCADO;26/11/2015;1,886316
SPX NIMITZ FEEDER FIC MULTIMERCADO;27/11/2015;1,901045
SPX NIMITZ FEEDER FIC MULTIMERCADO;30/11/2015;1,914384
SPX NIMITZ FEEDER FIC MULTIMERCADO;01/12/2015;1,908637
SPX NIMITZ FEEDER FIC MULTIMERCADO;02/12/2015;1,907391
SPX NIMITZ FEEDER FIC MULTIMERCADO;03/12/2015;1,896031
SPX NIMITZ FEEDER FIC MULTIMERCADO;04/12/2015;1,895995
SPX NIMITZ FEEDER FIC MULTIMERCADO;07/12/2015;1,906664
SPX NIMITZ FEEDER FIC MULTIMERCADO;08/12/2015;1,91355
SPX NIMITZ FEEDER FIC MULTIMERCADO;09/12/2015;1,903448
SPX NIMITZ FEEDER FIC MULTIMERCADO;10/12/2015;1,910031
SPX NIMITZ FEEDER FIC MULTIMERCADO;11/12/2015;1,927009
SPX NIMITZ FEEDER FIC MULTIMERCADO;14/12/2015;1,925796
SPX NIMITZ FEEDER FIC MULTIMERCADO;15/12/2015;1,924802
SPX NIMITZ FEEDER FIC MULTIMERCADO;16/12/2015;1,925302
SPX NIMITZ FEEDER FIC MULTIMERCADO;17/12/2015;1,930911
SPX NIMITZ FEEDER FIC MULTIMERCADO;18/12/2015;1,938098
SPX NIMITZ FEEDER FIC MULTIMERCADO;21/12/2015;1,944191
SPX NIMITZ FEEDER FIC MULTIMERCADO;22/12/2015;1,942017
SPX NIMITZ FEEDER FIC MULTIMERCADO;23/12/2015;1,939719
SPX NIMITZ FEEDER FIC MULTIMERCADO;24/12/2015;1,94055
SPX NIMITZ FEEDER FIC MULTIMERCADO;28/12/2015;1,935093
SPX NIMITZ FEEDER FIC MULTIMERCADO;29/12/2015;1,936023
SPX NIMITZ FEEDER FIC MULTIMERCADO;30/12/2015;1,941229
SPX NIMITZ FEEDER FIC MULTIMERCADO;31/12/2015;1,942058
SPX NIMITZ FEEDER FIC MULTIMERCADO;04/01/2016;1,955577
SPX NIMITZ FEEDER FIC MULTIMERCADO;05/01/2016;1,958899
SPX NIMITZ FEEDER FIC MULTIMERCADO;06/01/2016;1,968778
SPX NIMITZ FEEDER FIC MULTIMERCADO;07/01/2016;1,979576
SPX NIMITZ FEEDER FIC MULTIMERCADO;08/01/2016;1,982994
SPX NIMITZ FEEDER FIC MULTIMERCADO;11/01/2016;1,991695
SPX NIMITZ FEEDER FIC MULTIMERCADO;12/01/2016;1,995759
SPX NIMITZ FEEDER FIC MULTIMERCADO;13/01/2016;1,995054
SPX NIMITZ FEEDER FIC MULTIMERCADO;14/01/2016;1,99463
SPX NIMITZ FEEDER FIC MULTIMERCADO;15/01/2016;2,006377
SPX NIMITZ FEEDER FIC MULTIMERCADO;18/01/2016;2,007929
SPX NIMITZ FEEDER FIC MULTIMERCADO;19/01/2016;2,008794
SPX NIMITZ FEEDER FIC MULTIMERCADO;20/01/2016;2,011665
SPX NIMITZ FEEDER FIC MULTIMERCADO;21/01/2016;2,014064
SPX NIMITZ FEEDER FIC MULTIMERCADO;22/01/2016;2,013457
SPX NIMITZ FEEDER FIC MULTIMERCADO;25/01/2016;2,014289
SPX NIMITZ FEEDER FIC MULTIMERCADO;26/01/2016;2,012546
SPX NIMITZ FEEDER FIC MULTIMERCADO;27/01/2016;2,00999
SPX NIMITZ FEEDER FIC MULTIMERCADO;28/01/2016;2,013194
SPX NIMITZ FEEDER FIC MULTIMERCADO;29/01/2016;2,004402
SPX NIMITZ FEEDER FIC MULTIMERCADO;01/02/2016;2,000213
SPX NIMITZ FEEDER FIC MULTIMERCADO;02/02/2016;2,011384
SPX NIMITZ FEEDER FIC MULTIMERCADO;03/02/2016;2,003417
SPX NIMITZ FEEDER FIC MULTIMERCADO;04/02/2016;1,996135
SPX NIMITZ FEEDER FIC MULTIMERCADO;05/02/2016;2,002006
SPX NIMITZ FEEDER FIC MULTIMERCADO;10/02/2016;2,012726
SPX NIMITZ FEEDER FIC MULTIMERCADO;11/02/2016;2,019475
SPX NIMITZ FEEDER FIC MULTIMERCADO;12/02/2016;2,016683
SPX NIMITZ FEEDER FIC MULTIMERCADO;15/02/2016;2,017696
SPX NIMITZ FEEDER FIC MULTIMERCADO;16/02/2016;2,022028
SPX NIMITZ FEEDER FIC MULTIMERCADO;17/02/2016;2,013313
SPX NIMITZ FEEDER FIC MULTIMERCADO;18/02/2016;2,019892
SPX NIMITZ FEEDER FIC MULTIMERCADO;19/02/2016;2,020229
SPX NIMITZ FEEDER FIC MULTIMERCADO;22/02/2016;2,002892
SPX NIMITZ FEEDER FIC MULTIMERCADO;23/02/2016;2,01549
SPX NIMITZ FEEDER FIC MULTIMERCADO;24/02/2016;2,01613
SPX NIMITZ FEEDER FIC MULTIMERCADO;25/02/2016;2,01432
SPX NIMITZ FEEDER FIC MULTIMERCADO;26/02/2016;2,021518
SPX NIMITZ FEEDER FIC MULTIMERCADO;29/02/2016;2,018743
SPX NIMITZ FEEDER FIC MULTIMERCADO;01/03/2016;2,00859
SPX NIMITZ FEEDER FIC MULTIMERCADO;02/03/2016;1,999761
SPX NIMITZ FEEDER FIC MULTIMERCADO;03/03/2016;1,987325
SPX NIMITZ FEEDER FIC MULTIMERCADO;04/03/2016;1,975082
SPX NIMITZ FEEDER FIC MULTIMERCADO;07/03/2016;1,974514
SPX NIMITZ FEEDER FIC MULTIMERCADO;08/03/2016;1,979861
SPX NIMITZ FEEDER FIC MULTIMERCADO;09/03/2016;1,981309
SPX NIMITZ FEEDER FIC MULTIMERCADO;10/03/2016;1,987654
SPX NIMITZ FEEDER FIC MULTIMERCADO;11/03/2016;1,98541
SPX NIMITZ FEEDER FIC MULTIMERCADO;14/03/2016;1,985071
SPX NIMITZ FEEDER FIC MULTIMERCADO;15/03/2016;1,982538
SPX NIMITZ FEEDER FIC MULTIMERCADO;16/03/2016;1,968745
SPX NIMITZ FEEDER FIC MULTIMERCADO;17/03/2016;1,964769
SPX NIMITZ FEEDER FIC MULTIMERCADO;18/03/2016;1,969532
SPX NIMITZ FEEDER FIC MULTIMERCADO;21/03/2016;1,972635
SPX NIMITZ FEEDER FIC MULTIMERCADO;22/03/2016;1,980237
SPX NIMITZ FEEDER FIC MULTIMERCADO;23/03/2016;1,979711
SPX NIMITZ FEEDER FIC MULTIMERCADO;24/03/2016;1,971911
SPX NIMITZ FEEDER FIC MULTIMERCADO;28/03/2016;1,980403
SPX NIMITZ FEEDER FIC MULTIMERCADO;29/03/2016;1,972766
SPX NIMITZ FEEDER FIC MULTIMERCADO;30/03/2016;1,964759
SPX NIMITZ FEEDER FIC MULTIMERCADO;31/03/2016;1,955824
SPX NIMITZ FEEDER FIC MULTIMERCADO;01/04/2016;1,970755
SPX NIMITZ FEEDER FIC MULTIMERCADO;04/04/2016;1,969162
SPX NIMITZ FEEDER FIC MULTIMERCADO;05/04/2016;1,971371
SPX NIMITZ FEEDER FIC MULTIMERCADO;06/04/2016;1,967011
SPX NIMITZ FEEDER FIC MULTIMERCADO;07/04/2016;1,963323
SPX NIMITZ FEEDER FIC MULTIMERCADO;08/04/2016;1,97372
SPX NIMITZ FEEDER FIC MULTIMERCADO;11/04/2016;1,981988
SPX NIMITZ FEEDER FIC MULTIMERCADO;12/04/2016;1,979684
SPX NIMITZ FEEDER FIC MULTIMERCADO;13/04/2016;1,992661
SPX NIMITZ FEEDER FIC MULTIMERCADO;14/04/2016;2,002414
SPX NIMITZ FEEDER FIC MULTIMERCADO;15/04/2016;2,003333
SPX NIMITZ FEEDER FIC MULTIMERCADO;18/04/2016;2,011878
SPX NIMITZ FEEDER FIC MULTIMERCADO;19/04/2016;2,009245
SPX NIMITZ FEEDER FIC MULTIMERCADO;20/04/2016;2,01557
SPX NIMITZ FEEDER FIC MULTIMERCADO;22/04/2016;2,022197
SPX NIMITZ FEEDER FIC MULTIMERCADO;25/04/2016;2,022498
SPX NIMITZ FEEDER FIC MULTIMERCADO;26/04/2016;2,01983
SPX NIMITZ FEEDER FIC MULTIMERCADO;27/04/2016;2,026485
SPX NIMITZ FEEDER FIC MULTIMERCADO;28/04/2016;2,019681
SPX NIMITZ FEEDER FIC MULTIMERCADO;29/04/2016;2,02438
SPX NIMITZ FEEDER FIC MULTIMERCADO;02/05/2016;2,02411
SPX NIMITZ FEEDER FIC MULTIMERCADO;03/05/2016;2,027385
SPX NIMITZ FEEDER FIC MULTIMERCADO;04/05/2016;2,030525
SPX NIMITZ FEEDER FIC MULTIMERCADO;05/05/2016;2,03314
SPX NIMITZ FEEDER FIC MULTIMERCADO;06/05/2016;2,035366
SPX NIMITZ FEEDER FIC MULTIMERCADO;09/05/2016;2,036726
SPX NIMITZ FEEDER FIC MULTIMERCADO;10/05/2016;2,040208
SPX NIMITZ FEEDER FIC MULTIMERCADO;11/05/2016;2,047997
SPX NIMITZ FEEDER FIC MULTIMERCADO;12/05/2016;2,053391
SPX NIMITZ FEEDER FIC MULTIMERCADO;13/05/2016;2,055225
SPX NIMITZ FEEDER FIC MULTIMERCADO;16/05/2016;2,054859
SPX NIMITZ FEEDER FIC MULTIMERCADO;17/05/2016;2,055742
SPX NIMITZ FEEDER FIC MULTIMERCADO;18/05/2016;2,059919
SPX NIMITZ FEEDER FIC MULTIMERCADO;19/05/2016;2,06103
SPX NIMITZ FEEDER FIC MULTIMERCADO;20/05/2016;2,062448
SPX NIMITZ FEEDER FIC MULTIMERCADO;23/05/2016;2,06142
SPX NIMITZ FEEDER FIC MULTIMERCADO;24/05/2016;2,060703
SPX NIMITZ FEEDER FIC MULTIMERCADO;25/05/2016;2,059348
SPX NIMITZ FEEDER FIC MULTIMERCADO;27/05/2016;2,057214
SPX NIMITZ FEEDER FIC MULTIMERCADO;30/05/2016;2,059503
SPX NIMITZ FEEDER FIC MULTIMERCADO;31/05/2016;2,060045
SPX NIMITZ FEEDER FIC MULTIMERCADO;01/06/2016;2,060883
SPX NIMITZ FEEDER FIC MULTIMERCADO;02/06/2016;2,062666
SPX NIMITZ FEEDER FIC MULTIMERCADO;03/06/2016;2,052188
SPX NIMITZ FEEDER FIC MULTIMERCADO;06/06/2016;2,054124
SPX NIMITZ FEEDER FIC MULTIMERCADO;07/06/2016;2,055557
SPX NIMITZ FEEDER FIC MULTIMERCADO;08/06/2016;2,055466
SPX NIMITZ FEEDER FIC MULTIMERCADO;09/06/2016;2,059403
SPX NIMITZ FEEDER FIC MULTIMERCADO;10/06/2016;2,063007
SPX NIMITZ FEEDER FIC MULTIMERCADO;13/06/2016;2,061195
SPX NIMITZ FEEDER FIC MULTIMERCADO;14/06/2016;2,060461
SPX NIMITZ FEEDER FIC MULTIMERCADO;15/06/2016;2,060391
SPX NIMITZ FEEDER FIC MULTIMERCADO;16/06/2016;2,05582
SPX NIMITZ FEEDER FIC MULTIMERCADO;17/06/2016;2,060775
SPX NIMITZ FEEDER FIC MULTIMERCADO;20/06/2016;2,062228
SPX NIMITZ FEEDER FIC MULTIMERCADO;21/06/2016;2,065977
SPX NIMITZ FEEDER FIC MULTIMERCADO;22/06/2016;2,067103
SPX NIMITZ FEEDER FIC MULTIMERCADO;23/06/2016;2,067526
SPX NIMITZ FEEDER FIC MULTIMERCADO;24/06/2016;2,064322
SPX NIMITZ FEEDER FIC MULTIMERCADO;27/06/2016;2,073507
SPX NIMITZ FEEDER FIC MULTIMERCADO;28/06/2016;2,070974
SPX NIMITZ FEEDER FIC MULTIMERCADO;29/06/2016;2,059714
SPX NIMITZ FEEDER FIC MULTIMERCADO;30/06/2016;2,05889
SPX NIMITZ FEEDER FIC MULTIMERCADO;01/07/2016;2,069117
SPX NIMITZ FEEDER FIC MULTIMERCADO;04/07/2016;2,069056
SPX NIMITZ FEEDER FIC MULTIMERCADO;05/07/2016;2,065881
SPX NIMITZ FEEDER FIC MULTIMERCADO;06/07/2016;2,068213
SPX NIMITZ FEEDER FIC MULTIMERCADO;07/07/2016;2,068032
SPX NIMITZ FEEDER FIC MULTIMERCADO;08/07/2016;2,077663
SPX NIMITZ FEEDER FIC MULTIMERCADO;11/07/2016;2,082676
SPX NIMITZ FEEDER FIC MULTIMERCADO;12/07/2016;2,082314
SPX NIMITZ FEEDER FIC MULTIMERCADO;13/07/2016;2,081326
SPX NIMITZ FEEDER FIC MULTIMERCADO;14/07/2016;2,078651
SPX NIMITZ FEEDER FIC MULTIMERCADO;15/07/2016;2,085942
SPX NIMITZ FEEDER FIC MULTIMERCADO;18/07/2016;2,087164
SPX NIMITZ FEEDER FIC MULTIMERCADO;19/07/2016;2,08685
SPX NIMITZ FEEDER FIC MULTIMERCADO;20/07/2016;2,089897
SPX NIMITZ FEEDER FIC MULTIMERCADO;21/07/2016;2,081845
SPX NIMITZ FEEDER FIC MULTIMERCADO;22/07/2016;2,082677
SPX NIMITZ FEEDER FIC MULTIMERCADO;25/07/2016;2,082795
SPX NIMITZ FEEDER FIC MULTIMERCADO;26/07/2016;2,077789
SPX NIMITZ FEEDER FIC MULTIMERCADO;27/07/2016;2,074311
SPX NIMITZ FEEDER FIC MULTIMERCADO;28/07/2016;2,068855
SPX NIMITZ FEEDER FIC MULTIMERCADO;29/07/2016;2,066204
SPX NIMITZ FEEDER FIC MULTIMERCADO;01/08/2016;2,0697
SPX NIMITZ FEEDER FIC MULTIMERCADO;02/08/2016;2,072348
SPX NIMITZ FEEDER FIC MULTIMERCADO;03/08/2016;2,076924
SPX NIMITZ FEEDER FIC MULTIMERCADO;04/08/2016;2,085342
SPX NIMITZ FEEDER FIC MULTIMERCADO;05/08/2016;2,094788
SPX NIMITZ FEEDER FIC MULTIMERCADO;08/08/2016;2,09401
SPX NIMITZ FEEDER FIC MULTIMERCADO;09/08/2016;2,096003
SPX NIMITZ FEEDER FIC MULTIMERCADO;10/08/2016;2,095383
SPX NIMITZ FEEDER FIC MULTIMERCADO;11/08/2016;2,099052
SPX NIMITZ FEEDER FIC MULTIMERCADO;12/08/2016;2,100261
SPX NIMITZ FEEDER FIC MULTIMERCADO;15/08/2016;2,100783
SPX NIMITZ FEEDER FIC MULTIMERCADO;16/08/2016;2,098023
SPX NIMITZ FEEDER FIC MULTIMERCADO;17/08/2016;2,101955
SPX NIMITZ FEEDER FIC MULTIMERCADO;18/08/2016;2,098919
SPX NIMITZ FEEDER FIC MULTIMERCADO;19/08/2016;2,107302
SPX NIMITZ FEEDER FIC MULTIMERCADO;22/08/2016;2,107112
SPX NIMITZ FEEDER FIC MULTIMERCADO;23/08/2016;2,107974
SPX NIMITZ FEEDER FIC MULTIMERCADO;24/08/2016;2,108083
SPX NIMITZ FEEDER FIC MULTIMERCADO;25/08/2016;2,109751
SPX NIMITZ FEEDER FIC MULTIMERCADO;26/08/2016;2,110309
SPX NIMITZ FEEDER FIC MULTIMERCADO;29/08/2016;2,111397
SPX NIMITZ FEEDER FIC MULTIMERCADO;30/08/2016;2,111831
SPX NIMITZ FEEDER FIC MULTIMERCADO;31/08/2016;2,117697
SPX NIMITZ FEEDER FIC MULTIMERCADO;01/09/2016;2,126237
SPX NIMITZ FEEDER FIC MULTIMERCADO;02/09/2016;2,130319
SPX NIMITZ FEEDER FIC MULTIMERCADO;05/09/2016;2,127498
SPX NIMITZ FEEDER FIC MULTIMERCADO;06/09/2016;2,124953
SPX NIMITZ FEEDER FIC MULTIMERCADO;08/09/2016;2,131627
SPX NIMITZ FEEDER FIC MULTIMERCADO;09/09/2016;2,133887
SPX NIMITZ FEEDER FIC MULTIMERCADO;12/09/2016;2,138033
SPX NIMITZ FEEDER FIC MULTIMERCADO;13/09/2016;2,136762
SPX NIMITZ FEEDER FIC MULTIMERCADO;14/09/2016;2,13772
SPX NIMITZ FEEDER FIC MULTIMERCADO;15/09/2016;2,138523
SPX NIMITZ FEEDER FIC MULTIMERCADO;16/09/2016;2,143571
SPX NIMITZ FEEDER FIC MULTIMERCADO;19/09/2016;2,144772
SPX NIMITZ FEEDER FIC MULTIMERCADO;20/09/2016;2,148107
SPX NIMITZ FEEDER FIC MULTIMERCADO;21/09/2016;2,150516
SPX NIMITZ FEEDER FIC MULTIMERCADO;22/09/2016;2,157459
SPX NIMITZ FEEDER FIC MULTIMERCADO;23/09/2016;2,162232
SPX NIMITZ FEEDER FIC MULTIMERCADO;26/09/2016;2,160948
SPX NIMITZ FEEDER FIC MULTIMERCADO;27/09/2016;2,16593
SPX NIMITZ FEEDER FIC MULTIMERCADO;28/09/2016;2,16622
SPX NIMITZ FEEDER FIC MULTIMERCADO;29/09/2016;2,161762
SPX NIMITZ FEEDER FIC MULTIMERCADO;30/09/2016;2,164555
SPX NIMITZ FEEDER FIC MULTIMERCADO;03/10/2016;2,179106
SPX NIMITZ FEEDER FIC MULTIMERCADO;04/10/2016;2,181138
SPX NIMITZ FEEDER FIC MULTIMERCADO;05/10/2016;2,190498
SPX NIMITZ FEEDER FIC MULTIMERCADO;06/10/2016;2,196274
SPX NIMITZ FEEDER FIC MULTIMERCADO;07/10/2016;2,20212
SPX NIMITZ FEEDER FIC MULTIMERCADO;10/10/2016;2,205844
SPX NIMITZ FEEDER FIC MULTIMERCADO;11/10/2016;2,207238
SPX NIMITZ FEEDER FIC MULTIMERCADO;13/10/2016;2,205836
SPX NIMITZ FEEDER FIC MULTIMERCADO;14/10/2016;2,208975
SPX NIMITZ FEEDER FIC MULTIMERCADO;17/10/2016;2,212457
SPX NIMITZ FEEDER FIC MULTIMERCADO;18/10/2016;2,213431
SPX NIMITZ FEEDER FIC MULTIMERCADO;19/10/2016;2,21836
SPX NIMITZ FEEDER FIC MULTIMERCADO;20/10/2016;2,217627
SPX NIMITZ FEEDER FIC MULTIMERCADO;21/10/2016;2,213532
SPX NIMITZ FEEDER FIC MULTIMERCADO;24/10/2016;2,220701
SPX NIMITZ FEEDER FIC MULTIMERCADO;25/10/2016;2,214185
SPX NIMITZ FEEDER FIC MULTIMERCADO;26/10/2016;2,212925
SPX NIMITZ FEEDER FIC MULTIMERCADO;27/10/2016;2,218262
SPX NIMITZ FEEDER FIC MULTIMERCADO;28/10/2016;2,221002
SPX NIMITZ FEEDER FIC MULTIMERCADO;31/10/2016;2,224229
SPX NIMITZ FEEDER FIC MULTIMERCADO;01/11/2016;2,220711
SPX NIMITZ FEEDER FIC MULTIMERCADO;03/11/2016;2,215949
SPX NIMITZ FEEDER FIC MULTIMERCADO;04/11/2016;2,219377
SPX NIMITZ FEEDER FIC MULTIMERCADO;07/11/2016;2,235299
SPX NIMITZ FEEDER FIC MULTIMERCADO;08/11/2016;2,240433
SPX NIMITZ FEEDER FIC MULTIMERCADO;09/11/2016;2,232902
SPX NIMITZ FEEDER FIC MULTIMERCADO;10/11/2016;2,211363
SPX NIMITZ FEEDER FIC MULTIMERCADO;11/11/2016;2,21093
SPX NIMITZ FEEDER FIC MULTIMERCADO;14/11/2016;2,188906
SPX NIMITZ FEEDER FIC MULTIMERCADO;16/11/2016;2,210511
SPX NIMITZ FEEDER FIC MULTIMERCADO;17/11/2016;2,212266
SPX NIMITZ FEEDER FIC MULTIMERCADO;18/11/2016;2,226121
SPX NIMITZ FEEDER FIC MULTIMERCADO;21/11/2016;2,246874
SPX NIMITZ FEEDER FIC MULTIMERCADO;22/11/2016;2,249231
SPX NIMITZ FEEDER FIC MULTIMERCADO;23/11/2016;2,256312
SPX NIMITZ FEEDER FIC MULTIMERCADO;24/11/2016;2,261576
SPX NIMITZ FEEDER FIC MULTIMERCADO;25/11/2016;2,255061
SPX NIMITZ FEEDER FIC MULTIMERCADO;28/11/2016;2,255018
SPX NIMITZ FEEDER FIC MULTIMERCADO;29/11/2016;2,255462
SPX NIMITZ FEEDER FIC MULTIMERCADO;30/11/2016;2,268205
SPX NIMITZ FEEDER FIC MULTIMERCADO;01/12/2016;2,256597
SPX NIMITZ FEEDER FIC MULTIMERCADO;02/12/2016;2,249969
SPX NIMITZ FEEDER FIC MULTIMERCADO;05/12/2016;2,268629
SPX NIMITZ FEEDER FIC MULTIMERCADO;06/12/2016;2,272868
SPX NIMITZ FEEDER FIC MULTIMERCADO;07/12/2016;2,271627
SPX NIMITZ FEEDER FIC MULTIMERCADO;08/12/2016;2,280259
SPX NIMITZ FEEDER FIC MULTIMERCADO;09/12/2016;2,287911
SPX NIMITZ FEEDER FIC MULTIMERCADO;12/12/2016;2,290287
SPX NIMITZ FEEDER FIC MULTIMERCADO;13/12/2016;2,286836
SPX NIMITZ FEEDER FIC MULTIMERCADO;14/12/2016;2,290669
SPX NIMITZ FEEDER FIC MULTIMERCADO;15/12/2016;2,306226
SPX NIMITZ FEEDER FIC MULTIMERCADO;16/12/2016;2,30759
SPX NIMITZ FEEDER FIC MULTIMERCADO;19/12/2016;2,307153
SPX NIMITZ FEEDER FIC MULTIMERCADO;20/12/2016;2,306145
SPX NIMITZ FEEDER FIC MULTIMERCADO;21/12/2016;2,308607
SPX NIMITZ FEEDER FIC MULTIMERCADO;22/12/2016;2,313366
SPX NIMITZ FEEDER FIC MULTIMERCADO;23/12/2016;2,312395
SPX NIMITZ FEEDER FIC MULTIMERCADO;26/12/2016;2,315266
SPX NIMITZ FEEDER FIC MULTIMERCADO;27/12/2016;2,314872
SPX NIMITZ FEEDER FIC MULTIMERCADO;28/12/2016;2,317675
SPX NIMITZ FEEDER FIC MULTIMERCADO;29/12/2016;2,312279
SPX NIMITZ FEEDER FIC MULTIMERCADO;30/12/2016;2,313079
SPX NIMITZ FEEDER FIC MULTIMERCADO;02/01/2017;2,320381
SPX NIMITZ FEEDER FIC MULTIMERCADO;03/01/2017;2,326814
SPX NIMITZ FEEDER FIC MULTIMERCADO;04/01/2017;2,32491
SPX NIMITZ FEEDER FIC MULTIMERCADO;05/01/2017;2,329069
SPX NIMITZ FEEDER FIC MULTIMERCADO;06/01/2017;2,338625
SPX NIMITZ FEEDER FIC MULTIMERCADO;09/01/2017;2,339838
SPX NIMITZ FEEDER FIC MULTIMERCADO;10/01/2017;2,341835
SPX NIMITZ FEEDER FIC MULTIMERCADO;11/01/2017;2,345033
SPX NIMITZ FEEDER FIC MULTIMERCADO;12/01/2017;2,354738
SPX NIMITZ FEEDER FIC MULTIMERCADO;13/01/2017;2,358658
SPX NIMITZ FEEDER FIC MULTIMERCADO;16/01/2017;2,362056
SPX NIMITZ FEEDER FIC MULTIMERCADO;17/01/2017;2,354659
SPX NIMITZ FEEDER FIC MULTIMERCADO;18/01/2017;2,36172
SPX NIMITZ FEEDER FIC MULTIMERCADO;19/01/2017;2,378985
SPX NIMITZ FEEDER FIC MULTIMERCADO;20/01/2017;2,383175
SPX NIMITZ FEEDER FIC MULTIMERCADO;23/01/2017;2,369175
SPX NIMITZ FEEDER FIC MULTIMERCADO;24/01/2017;2,369322
SPX NIMITZ FEEDER FIC MULTIMERCADO;25/01/2017;2,370134
SPX NIMITZ FEEDER FIC MULTIMERCADO;26/01/2017;2,37419
SPX NIMITZ FEEDER FIC MULTIMERCADO;27/01/2017;2,378023
SPX NIMITZ FEEDER FIC MULTIMERCADO;30/01/2017;2,372028
SPX NIMITZ FEEDER FIC MULTIMERCADO;31/01/2017;2,375155
SPX NIMITZ FEEDER FIC MULTIMERCADO;01/02/2017;2,381009
SPX NIMITZ FEEDER FIC MULTIMERCADO;02/02/2017;2,374251
SPX NIMITZ FEEDER FIC MULTIMERCADO;03/02/2017;2,37699
SPX NIMITZ FEEDER FIC MULTIMERCADO;06/02/2017;2,374026
SPX NIMITZ FEEDER FIC MULTIMERCADO;07/02/2017;2,378621
SPX NIMITZ FEEDER FIC MULTIMERCADO;08/02/2017;2,374888
SPX NIMITZ FEEDER FIC MULTIMERCADO;09/02/2017;2,381554
SPX NIMITZ FEEDER FIC MULTIMERCADO;10/02/2017;2,388898
SPX NIMITZ FEEDER FIC MULTIMERCADO;13/02/2017;2,393632
SPX NIMITZ FEEDER FIC MULTIMERCADO;14/02/2017;2,399879
SPX NIMITZ FEEDER FIC MULTIMERCADO;15/02/2017;2,398268
SPX NIMITZ FEEDER FIC MULTIMERCADO;16/02/2017;2,388145
SPX NIMITZ FEEDER FIC MULTIMERCADO;17/02/2017;2,393208
SPX NIMITZ FEEDER FIC MULTIMERCADO;20/02/2017;2,395204
SPX NIMITZ FEEDER FIC MULTIMERCADO;21/02/2017;2,405977
SPX NIMITZ FEEDER FIC MULTIMERCADO;22/02/2017;2,404369
SPX NIMITZ FEEDER FIC MULTIMERCADO;23/02/2017;2,403589
SPX NIMITZ FEEDER FIC MULTIMERCADO;24/02/2017;2,398119
SPX NIMITZ FEEDER FIC MULTIMERCADO;01/03/2017;2,419844
SPX NIMITZ FEEDER FIC MULTIMERCADO;02/03/2017;2,430713
SPX NIMITZ FEEDER FIC MULTIMERCADO;03/03/2017;2,441005
SPX NIMITZ FEEDER FIC MULTIMERCADO;06/03/2017;2,445812
SPX NIMITZ FEEDER FIC MULTIMERCADO;07/03/2017;2,441068
SPX NIMITZ FEEDER FIC MULTIMERCADO;08/03/2017;2,448607
SPX NIMITZ FEEDER FIC MULTIMERCADO;09/03/2017;2,454567
SPX NIMITZ FEEDER FIC MULTIMERCADO;10/03/2017;2,471257
SPX NIMITZ FEEDER FIC MULTIMERCADO;13/03/2017;2,476199
SPX NIMITZ FEEDER FIC MULTIMERCADO;14/03/2017;2,468232
SPX NIMITZ FEEDER FIC MULTIMERCADO;15/03/2017;2,452837
SPX NIMITZ FEEDER FIC MULTIMERCADO;16/03/2017;2,449494
SPX NIMITZ FEEDER FIC MULTIMERCADO;17/03/2017;2,450988
SPX NIMITZ FEEDER FIC MULTIMERCADO;20/03/2017;2,443522
SPX NIMITZ FEEDER FIC MULTIMERCADO;21/03/2017;2,444384
SPX NIMITZ FEEDER FIC MULTIMERCADO;22/03/2017;2,434115
SPX NIMITZ FEEDER FIC MULTIMERCADO;23/03/2017;2,43841
SPX NIMITZ FEEDER FIC MULTIMERCADO;24/03/2017;2,445916
SPX NIMITZ FEEDER FIC MULTIMERCADO;27/03/2017;2,441365
SPX NIMITZ FEEDER FIC MULTIMERCADO;28/03/2017;2,44643
SPX NIMITZ FEEDER FIC MULTIMERCADO;29/03/2017;2,444222
SPX NIMITZ FEEDER FIC MULTIMERCADO;30/03/2017;2,444768
SPX NIMITZ FEEDER FIC MULTIMERCADO;31/03/2017;2,443723
SPX NIMITZ FEEDER FIC MULTIMERCADO;03/04/2017;2,434912
SPX NIMITZ FEEDER FIC MULTIMERCADO;04/04/2017;2,435631
SPX NIMITZ FEEDER FIC MULTIMERCADO;05/04/2017;2,434658
SPX NIMITZ FEEDER FIC MULTIMERCADO;06/04/2017;2,434062
SPX NIMITZ FEEDER FIC MULTIMERCADO;07/04/2017;2,444024
SPX NIMITZ FEEDER FIC MULTIMERCADO;10/04/2017;2,448909
SPX NIMITZ FEEDER FIC MULTIMERCADO;11/04/2017;2,439967
SPX NIMITZ FEEDER FIC MULTIMERCADO;12/04/2017;2,434962
SPX NIMITZ FEEDER FIC MULTIMERCADO;13/04/2017;2,425115
SPX NIMITZ FEEDER FIC MULTIMERCADO;17/04/2017;2,421718
SPX NIMITZ FEEDER FIC MULTIMERCADO;18/04/2017;2,419708
SPX NIMITZ FEEDER FIC MULTIMERCADO;19/04/2017;2,422974
SPX NIMITZ FEEDER FIC MULTIMERCADO;20/04/2017;2,429078
SPX NIMITZ FEEDER FIC MULTIMERCADO;24/04/2017;2,430716
SPX NIMITZ FEEDER FIC MULTIMERCADO;25/04/2017;2,441845
SPX NIMITZ FEEDER FIC MULTIMERCADO;26/04/2017;2,441804
SPX NIMITZ FEEDER FIC MULTIMERCADO;27/04/2017;2,433915
SPX NIMITZ FEEDER FIC MULTIMERCADO;28/04/2017;2,440609
SPX NIMITZ FEEDER FIC MULTIMERCADO;02/05/2017;2,445488
SPX NIMITZ FEEDER FIC MULTIMERCADO;03/05/2017;2,447386
SPX NIMITZ FEEDER FIC MULTIMERCADO;04/05/2017;2,457202
SPX NIMITZ FEEDER FIC MULTIMERCADO;05/05/2017;2,458298
SPX NIMITZ FEEDER FIC MULTIMERCADO;08/05/2017;2,461727
SPX NIMITZ FEEDER FIC MULTIMERCADO;09/05/2017;2,470308
SPX NIMITZ FEEDER FIC MULTIMERCADO;10/05/2017;2,467979
SPX NIMITZ FEEDER FIC MULTIMERCADO;11/05/2017;2,470294
SPX NIMITZ FEEDER FIC MULTIMERCADO;12/05/2017;2,465425
SPX NIMITZ FEEDER FIC MULTIMERCADO;15/05/2017;2,471514
SPX NIMITZ FEEDER FIC MULTIMERCADO;16/05/2017;2,474075
SPX NIMITZ FEEDER FIC MULTIMERCADO;17/05/2017;2,457863
SPX NIMITZ FEEDER FIC MULTIMERCADO;18/05/2017;2,432698
SPX NIMITZ FEEDER FIC MULTIMERCADO;19/05/2017;2,44533
SPX NIMITZ FEEDER FIC MULTIMERCADO;22/05/2017;2,442369
SPX NIMITZ FEEDER FIC MULTIMERCADO;23/05/2017;2,457775
SPX NIMITZ FEEDER FIC MULTIMERCADO;24/05/2017;2,462058
SPX NIMITZ FEEDER FIC MULTIMERCADO;25/05/2017;2,460292
SPX NIMITZ FEEDER FIC MULTIMERCADO;26/05/2017;2,46195
SPX NIMITZ FEEDER FIC MULTIMERCADO;29/05/2017;2,467703
SPX NIMITZ FEEDER FIC MULTIMERCADO;30/05/2017;2,457847
SPX NIMITZ FEEDER FIC MULTIMERCADO;31/05/2017;2,465041
SPX NIMITZ FEEDER FIC MULTIMERCADO;01/06/2017;2,459511
SPX NIMITZ FEEDER FIC MULTIMERCADO;02/06/2017;2,450888
SPX NIMITZ FEEDER FIC MULTIMERCADO;05/06/2017;2,446362
SPX NIMITZ FEEDER FIC MULTIMERCADO;06/06/2017;2,447571
SPX NIMITZ FEEDER FIC MULTIMERCADO;07/06/2017;2,448284
SPX NIMITZ FEEDER FIC MULTIMERCADO;08/06/2017;2,449869
SPX NIMITZ FEEDER FIC MULTIMERCADO;09/06/2017;2,458097
SPX NIMITZ FEEDER FIC MULTIMERCADO;12/06/2017;2,454452
SPX NIMITZ FEEDER FIC MULTIMERCADO;13/06/2017;2,451195
SPX NIMITZ FEEDER FIC MULTIMERCADO;14/06/2017;2,442063
SPX NIMITZ FEEDER FIC MULTIMERCADO;16/06/2017;2,451815
SPX NIMITZ FEEDER FIC MULTIMERCADO;19/06/2017;2,463648
SPX NIMITZ FEEDER FIC MULTIMERCADO;20/06/2017;2,458294
SPX NIMITZ FEEDER FIC MULTIMERCADO;21/06/2017;2,461899
SPX NIMITZ FEEDER FIC MULTIMERCADO;22/06/2017;2,459452
SPX NIMITZ FEEDER FIC MULTIMERCADO;23/06/2017;2,46103
SPX NIMITZ FEEDER FIC MULTIMERCADO;26/06/2017;2,459908
SPX NIMITZ FEEDER FIC MULTIMERCADO;27/06/2017;2,475879
SPX NIMITZ FEEDER FIC MULTIMERCADO;28/06/2017;2,480974
SPX NIMITZ FEEDER FIC MULTIMERCADO;29/06/2017;2,488877
SPX NIMITZ FEEDER FIC MULTIMERCADO;30/06/2017;2,497442
SPX NIMITZ FEEDER FIC MULTIMERCADO;03/07/2017;2,510029
SPX NIMITZ FEEDER FIC MULTIMERCADO;04/07/2017;2,511635
SPX NIMITZ FEEDER FIC MULTIMERCADO;05/07/2017;2,513214
SPX NIMITZ FEEDER FIC MULTIMERCADO;06/07/2017;2,528187
SPX NIMITZ FEEDER FIC MULTIMERCADO;07/07/2017;2,528691
SPX NIMITZ FEEDER FIC MULTIMERCADO;10/07/2017;2,522426
SPX NIMITZ FEEDER FIC MULTIMERCADO;11/07/2017;2,525095
SPX NIMITZ FEEDER FIC MULTIMERCADO;12/07/2017;2,520136
SPX NIMITZ FEEDER FIC MULTIMERCADO;13/07/2017;2,520993
SPX NIMITZ FEEDER FIC MULTIMERCADO;14/07/2017;2,523444
SPX NIMITZ FEEDER FIC MULTIMERCADO;17/07/2017;2,526492
SPX NIMITZ FEEDER FIC MULTIMERCADO;18/07/2017;2,522655
SPX NIMITZ FEEDER FIC MULTIMERCADO;19/07/2017;2,527443
SPX NIMITZ FEEDER FIC MULTIMERCADO;20/07/2017;2,535798
SPX NIMITZ FEEDER FIC MULTIMERCADO;21/07/2017;2,532319
SPX NIMITZ FEEDER FIC MULTIMERCADO;24/07/2017;2,529903
SPX NIMITZ FEEDER FIC MULTIMERCADO;25/07/2017;2,541561
SPX NIMITZ FEEDER FIC MULTIMERCADO;26/07/2017;2,535475
SPX NIMITZ FEEDER FIC MULTIMERCADO;27/07/2017;2,549804
SPX NIMITZ FEEDER FIC MULTIMERCADO;28/07/2017;2,559798
SPX NIMITZ FEEDER FIC MULTIMERCADO;31/07/2017;2,568147
SPX NIMITZ FEEDER FIC MULTIMERCADO;01/08/2017;2,563468
SPX NIMITZ FEEDER FIC MULTIMERCADO;02/08/2017;2,56991
SPX NIMITZ FEEDER FIC MULTIMERCADO;03/08/2017;2,570752
SPX NIMITZ FEEDER FIC MULTIMERCADO;04/08/2017;2,566068
SPX NIMITZ FEEDER FIC MULTIMERCADO;07/08/2017;2,560893
SPX NIMITZ FEEDER FIC MULTIMERCADO;08/08/2017;2,563792
SPX NIMITZ FEEDER FIC MULTIMERCADO;09/08/2017;2,55183
SPX NIMITZ FEEDER FIC MULTIMERCADO;10/08/2017;2,550368
SPX NIMITZ FEEDER FIC MULTIMERCADO;11/08/2017;2,548215
SPX NIMITZ FEEDER FIC MULTIMERCADO;14/08/2017;2,551054
SPX NIMITZ FEEDER FIC MULTIMERCADO;15/08/2017;2,557689
SPX NIMITZ FEEDER FIC MULTIMERCADO;16/08/2017;2,560674
SPX NIMITZ FEEDER FIC MULTIMERCADO;17/08/2017;2,553209
SPX NIMITZ FEEDER FIC MULTIMERCADO;18/08/2017;2,557577
SPX NIMITZ FEEDER FIC MULTIMERCADO;21/08/2017;2,555506
SPX NIMITZ FEEDER FIC MULTIMERCADO;22/08/2017;2,558088
SPX NIMITZ FEEDER FIC MULTIMERCADO;23/08/2017;2,561567
SPX NIMITZ FEEDER FIC MULTIMERCADO;24/08/2017;2,566572
SPX NIMITZ FEEDER FIC MULTIMERCADO;25/08/2017;2,568963
SPX NIMITZ FEEDER FIC MULTIMERCADO;28/08/2017;2,572484
SPX NIMITZ FEEDER FIC MULTIMERCADO;29/08/2017;2,56979
SPX NIMITZ FEEDER FIC MULTIMERCADO;30/08/2017;2,572408
SPX NIMITZ FEEDER FIC MULTIMERCADO;31/08/2017;2,579123
SPX NIMITZ FEEDER FIC MULTIMERCADO;01/09/2017;2,580619
SPX NIMITZ FEEDER FIC MULTIMERCADO;04/09/2017;2,583454
SPX NIMITZ FEEDER FIC MULTIMERCADO;05/09/2017;2,574872
SPX NIMITZ FEEDER FIC MULTIMERCADO;06/09/2017;2,584433
SPX NIMITZ FEEDER FIC MULTIMERCADO;08/09/2017;2,586137
SPX NIMITZ FEEDER FIC MULTIMERCADO;11/09/2017;2,583518
SPX NIMITZ FEEDER FIC MULTIMERCADO;12/09/2017;2,591101
SPX NIMITZ FEEDER FIC MULTIMERCADO;13/09/2017;2,588337
SPX NIMITZ FEEDER FIC MULTIMERCADO;14/09/2017;2,602602
SPX NIMITZ FEEDER FIC MULTIMERCADO;15/09/2017;2,611421
SPX NIMITZ FEEDER FIC MULTIMERCADO;18/09/2017;2,616766
SPX NIMITZ FEEDER FIC MULTIMERCADO;19/09/2017;2,622749
SPX NIMITZ FEEDER FIC MULTIMERCADO;20/09/2017;2,62713
SPX NIMITZ FEEDER FIC MULTIMERCADO;21/09/2017;2,642826
SPX NIMITZ FEEDER FIC MULTIMERCADO;22/09/2017;2,646024
SPX NIMITZ FEEDER FIC MULTIMERCADO;25/09/2017;2,626383
SPX NIMITZ FEEDER FIC MULTIMERCADO;26/09/2017;2,630148
SPX NIMITZ FEEDER FIC MULTIMERCADO;27/09/2017;2,632149
SPX NIMITZ FEEDER FIC MULTIMERCADO;28/09/2017;2,633778
SPX NIMITZ FEEDER FIC MULTIMERCADO;29/09/2017;2,639719
SPX NIMITZ FEEDER FIC MULTIMERCADO;02/10/2017;2,637478
SPX NIMITZ FEEDER FIC MULTIMERCADO;03/10/2017;2,634705
SPX NIMITZ FEEDER FIC MULTIMERCADO;04/10/2017;2,635178
SPX NIMITZ FEEDER FIC MULTIMERCADO;05/10/2017;2,628554
SPX NIMITZ FEEDER FIC MULTIMERCADO;06/10/2017;2,639354
SPX NIMITZ FEEDER FIC MULTIMERCADO;09/10/2017;2,634743
SPX NIMITZ FEEDER FIC MULTIMERCADO;10/10/2017;2,641912
SPX NIMITZ FEEDER FIC MULTIMERCADO;11/10/2017;2,647289
SPX NIMITZ FEEDER FIC MULTIMERCADO;13/10/2017;2,641563
SPX NIMITZ FEEDER FIC MULTIMERCADO;16/10/2017;2,63642
SPX NIMITZ FEEDER FIC MULTIMERCADO;17/10/2017;2,635598
SPX NIMITZ FEEDER FIC MULTIMERCADO;18/10/2017;2,647374
SPX NIMITZ FEEDER FIC MULTIMERCADO;19/10/2017;2,65156
SPX NIMITZ FEEDER FIC MULTIMERCADO;20/10/2017;2,657666
SPX NIMITZ FEEDER FIC MULTIMERCADO;23/10/2017;2,650174
SPX NIMITZ FEEDER FIC MULTIMERCADO;24/10/2017;2,660413
SPX NIMITZ FEEDER FIC MULTIMERCADO;25/10/2017;2,671069
SPX NIMITZ FEEDER FIC MULTIMERCADO;26/10/2017;2,646818
SPX NIMITZ FEEDER FIC MULTIMERCADO;27/10/2017;2,635537
SPX NIMITZ FEEDER FIC MULTIMERCADO;30/10/2017;2,627088
SPX NIMITZ FEEDER FIC MULTIMERCADO;31/10/2017;2,631146
SPX NIMITZ FEEDER FIC MULTIMERCADO;01/11/2017;2,632208
SPX NIMITZ FEEDER FIC MULTIMERCADO;03/11/2017;2,618098
SPX NIMITZ FEEDER FIC MULTIMERCADO;06/11/2017;2,618636
SPX NIMITZ FEEDER FIC MULTIMERCADO;07/11/2017;2,613588
SPX NIMITZ FEEDER FIC MULTIMERCADO;08/11/2017;2,619758
SPX NIMITZ FEEDER FIC MULTIMERCADO;09/11/2017;2,622804
SPX NIMITZ FEEDER FIC MULTIMERCADO;10/11/2017;2,625895
SPX NIMITZ FEEDER FIC MULTIMERCADO;13/11/2017;2,627798
SPX NIMITZ FEEDER FIC MULTIMERCADO;14/11/2017;2,629534
SPX NIMITZ FEEDER FIC MULTIMERCADO;16/11/2017;2,634611
SPX NIMITZ FEEDER FIC MULTIMERCADO;17/11/2017;2,638482
SPX NIMITZ FEEDER FIC MULTIMERCADO;20/11/2017;2,639012
SPX NIMITZ FEEDER FIC MULTIMERCADO;21/11/2017;2,643638
SPX NIMITZ FEEDER FIC MULTIMERCADO;22/11/2017;2,641002
SPX NIMITZ FEEDER FIC MULTIMERCADO;23/11/2017;2,643644
SPX NIMITZ FEEDER FIC MULTIMERCADO;24/11/2017;2,65203
SPX NIMITZ FEEDER FIC MULTIMERCADO;27/11/2017;2,646198
SPX NIMITZ FEEDER FIC MULTIMERCADO;28/11/2017;2,650297
SPX NIMITZ FEEDER FIC MULTIMERCADO;29/11/2017;2,652865
SPX NIMITZ FEEDER FIC MULTIMERCADO;30/11/2017;2,658567
SPX NIMITZ FEEDER FIC MULTIMERCADO;01/12/2017;2,651046
SPX NIMITZ FEEDER FIC MULTIMERCADO;04/12/2017;2,658091
SPX NIMITZ FEEDER FIC MULTIMERCADO;05/12/2017;2,655447
SPX NIMITZ FEEDER FIC MULTIMERCADO;06/12/2017;2,647441
SPX NIMITZ FEEDER FIC MULTIMERCADO;07/12/2017;2,651496
SPX NIMITZ FEEDER FIC MULTIMERCADO;08/12/2017;2,652873
SPX NIMITZ FEEDER FIC MULTIMERCADO;11/12/2017;2,656791
SPX NIMITZ FEEDER FIC MULTIMERCADO;12/12/2017;2,653556
SPX NIMITZ FEEDER FIC MULTIMERCADO;13/12/2017;2,653341
SPX NIMITZ FEEDER FIC MULTIMERCADO;14/12/2017;2,654348
SPX NIMITZ FEEDER FIC MULTIMERCADO;15/12/2017;2,656112
SPX NIMITZ FEEDER FIC MULTIMERCADO;18/12/2017;2,657436
SPX NIMITZ FEEDER FIC MULTIMERCADO;19/12/2017;2,670055
SPX NIMITZ FEEDER FIC MULTIMERCADO;20/12/2017;2,68453
SPX NIMITZ FEEDER FIC MULTIMERCADO;21/12/2017;2,685701
SPX NIMITZ FEEDER FIC MULTIMERCADO;22/12/2017;2,686263
SPX NIMITZ FEEDER FIC MULTIMERCADO;26/12/2017;2,689874
SPX NIMITZ FEEDER FIC MULTIMERCADO;27/12/2017;2,687689
SPX NIMITZ FEEDER FIC MULTIMERCADO;28/12/2017;2,693268
SPX NIMITZ FEEDER FIC MULTIMERCADO;29/12/2017;2,69365
SPX NIMITZ FEEDER FIC MULTIMERCADO;02/01/2018;2,706983
SPX NIMITZ FEEDER FIC MULTIMERCADO;03/01/2018;2,702984
SPX NIMITZ FEEDER FIC MULTIMERCADO;04/01/2018;2,712357
SPX NIMITZ FEEDER FIC MULTIMERCADO;05/01/2018;2,710978
SPX NIMITZ FEEDER FIC MULTIMERCADO;08/01/2018;2,702382
SPX NIMITZ FEEDER FIC MULTIMERCADO;09/01/2018;2,703849
SPX NIMITZ FEEDER FIC MULTIMERCADO;10/01/2018;2,713801
SPX NIMITZ FEEDER FIC MULTIMERCADO;11/01/2018;2,724702
SPX NIMITZ FEEDER FIC MULTIMERCADO;12/01/2018;2,737907
SPX NIMITZ FEEDER FIC MULTIMERCADO;15/01/2018;2,750018
SPX NIMITZ FEEDER FIC MULTIMERCADO;16/01/2018;2,748674
SPX NIMITZ FEEDER FIC MULTIMERCADO;17/01/2018;2,75118
SPX NIMITZ FEEDER FIC MULTIMERCADO;18/01/2018;2,757365
SPX NIMITZ FEEDER FIC MULTIMERCADO;19/01/2018;2,766252
SPX NIMITZ FEEDER FIC MULTIMERCADO;22/01/2018;2,766459
SPX NIMITZ FEEDER FIC MULTIMERCADO;23/01/2018;2,763428
SPX NIMITZ FEEDER FIC MULTIMERCADO;24/01/2018;2,775102
SPX NIMITZ FEEDER FIC MULTIMERCADO;25/01/2018;2,775576
SPX NIMITZ FEEDER FIC MULTIMERCADO;26/01/2018;2,793016
SPX NIMITZ FEEDER FIC MULTIMERCADO;29/01/2018;2,798219
SPX NIMITZ FEEDER FIC MULTIMERCADO;30/01/2018;2,795294
SPX NIMITZ FEEDER FIC MULTIMERCADO;31/01/2018;2,804904
SPX NIMITZ FEEDER FIC MULTIMERCADO;01/02/2018;2,814884
SPX NIMITZ FEEDER FIC MULTIMERCADO;02/02/2018;2,823151
SPX NIMITZ FEEDER FIC MULTIMERCADO;05/02/2018;2,808688
SPX NIMITZ FEEDER FIC MULTIMERCADO;06/02/2018;2,798606
SPX NIMITZ FEEDER FIC MULTIMERCADO;07/02/2018;2,798768
SPX NIMITZ FEEDER FIC MULTIMERCADO;08/02/2018;2,795341
SPX NIMITZ FEEDER FIC MULTIMERCADO;09/02/2018;2,780723
SPX NIMITZ FEEDER FIC MULTIMERCADO;14/02/2018;2,816006
SPX NIMITZ FEEDER FIC MULTIMERCADO;15/02/2018;2,823034
SPX NIMITZ FEEDER FIC MULTIMERCADO;16/02/2018;2,818147
SPX NIMITZ FEEDER FIC MULTIMERCADO;19/02/2018;2,820288
SPX NIMITZ FEEDER FIC MULTIMERCADO;20/02/2018;2,821954
SPX NIMITZ FEEDER FIC MULTIMERCADO;21/02/2018;2,823505
SPX NIMITZ FEEDER FIC MULTIMERCADO;22/02/2018;2,820704
SPX NIMITZ FEEDER FIC MULTIMERCADO;23/02/2018;2,810336
SPX NIMITZ FEEDER FIC MULTIMERCADO;26/02/2018;2,80952
SPX NIMITZ FEEDER FIC MULTIMERCADO;27/02/2018;2,815266
SPX NIMITZ FEEDER FIC MULTIMERCADO;28/02/2018;2,810347
SPX NIMITZ FEEDER FIC MULTIMERCADO;01/03/2018;2,797029
SPX NIMITZ FEEDER FIC MULTIMERCADO;02/03/2018;2,806383
SPX NIMITZ FEEDER FIC MULTIMERCADO;05/03/2018;2,809606
SPX NIMITZ FEEDER FIC MULTIMERCADO;06/03/2018;2,822199
SPX NIMITZ FEEDER FIC MULTIMERCADO;07/03/2018;2,821713
SPX NIMITZ FEEDER FIC MULTIMERCADO;08/03/2018;2,814863
SPX NIMITZ FEEDER FIC MULTIMERCADO;09/03/2018;2,817844
SPX NIMITZ FEEDER FIC MULTIMERCADO;12/03/2018;2,815963
SPX NIMITZ FEEDER FIC MULTIMERCADO;13/03/2018;2,8201
SPX NIMITZ FEEDER FIC MULTIMERCADO;14/03/2018;2,811543
SPX NIMITZ FEEDER FIC MULTIMERCADO;15/03/2018;2,807245
SPX NIMITZ FEEDER FIC MULTIMERCADO;16/03/2018;2,816085
SPX NIMITZ FEEDER FIC MULTIMERCADO;19/03/2018;2,819711
SPX NIMITZ FEEDER FIC MULTIMERCADO;20/03/2018;2,818229
SPX NIMITZ FEEDER FIC MULTIMERCADO;21/03/2018;2,82539
SPX NIMITZ FEEDER FIC MULTIMERCADO;22/03/2018;2,825822
SPX NIMITZ FEEDER FIC MULTIMERCADO;23/03/2018;2,8353
SPX NIMITZ FEEDER FIC MULTIMERCADO;26/03/2018;2,841578
SPX NIMITZ FEEDER FIC MULTIMERCADO;27/03/2018;2,827754
SPX NIMITZ FEEDER FIC MULTIMERCADO;28/03/2018;2,816209
SPX NIMITZ FEEDER FIC MULTIMERCADO;29/03/2018;2,821033
SPX NIMITZ FEEDER FIC MULTIMERCADO;02/04/2018;2,81827
SPX NIMITZ FEEDER FIC MULTIMERCADO;03/04/2018;2,825937
SPX NIMITZ FEEDER FIC MULTIMERCADO;04/04/2018;2,821201
SPX NIMITZ FEEDER FIC MULTIMERCADO;05/04/2018;2,835532
SPX NIMITZ FEEDER FIC MULTIMERCADO;06/04/2018;2,82839
SPX NIMITZ FEEDER FIC MULTIMERCADO;09/04/2018;2,835485
SPX NIMITZ FEEDER FIC MULTIMERCADO;10/04/2018;2,841294
SPX NIMITZ FEEDER FIC MULTIMERCADO;11/04/2018;2,841134
SPX NIMITZ FEEDER FIC MULTIMERCADO;12/04/2018;2,848621
SPX NIMITZ FEEDER FIC MULTIMERCADO;13/04/2018;2,853489
SPX NIMITZ FEEDER FIC MULTIMERCADO;16/04/2018;2,859121
SPX NIMITZ FEEDER FIC MULTIMERCADO;17/04/2018;2,853421
SPX NIMITZ FEEDER FIC MULTIMERCADO;18/04/2018;2,861954
SPX NIMITZ FEEDER FIC MULTIMERCADO;19/04/2018;2,869632
SPX NIMITZ FEEDER FIC MULTIMERCADO;20/04/2018;2,868093
SPX NIMITZ FEEDER FIC MULTIMERCADO;23/04/2018;2,870638
SPX NIMITZ FEEDER FIC MULTIMERCADO;24/04/2018;2,870935
SPX NIMITZ FEEDER FIC MULTIMERCADO;25/04/2018;2,872999
SPX NIMITZ FEEDER FIC MULTIMERCADO;26/04/2018;2,859335
SPX NIMITZ FEEDER FIC MULTIMERCADO;27/04/2018;2,854258
SPX NIMITZ FEEDER FIC MULTIMERCADO;30/04/2018;2,852213
SPX NIMITZ FEEDER FIC MULTIMERCADO;02/05/2018;2,857675
SPX NIMITZ FEEDER FIC MULTIMERCADO;03/05/2018;2,850145
SPX NIMITZ FEEDER FIC MULTIMERCADO;04/05/2018;2,852558
SPX NIMITZ FEEDER FIC MULTIMERCADO;07/05/2018;2,850052
SPX NIMITZ FEEDER FIC MULTIMERCADO;08/05/2018;2,855925
SPX NIMITZ FEEDER FIC MULTIMERCADO;09/05/2018;2,858461
SPX NIMITZ FEEDER FIC MULTIMERCADO;10/05/2018;2,853658
SPX NIMITZ FEEDER FIC MULTIMERCADO;11/05/2018;2,858366
SPX NIMITZ FEEDER FIC MULTIMERCADO;14/05/2018;2,862734
SPX NIMITZ FEEDER FIC MULTIMERCADO;15/05/2018;2,878111
SPX NIMITZ FEEDER FIC MULTIMERCADO;16/05/2018;2,877498
SPX NIMITZ FEEDER FIC MULTIMERCADO;17/05/2018;2,883496
SPX NIMITZ FEEDER FIC MULTIMERCADO;18/05/2018;2,880246
SPX NIMITZ FEEDER FIC MULTIMERCADO;21/05/2018;2,878922
SPX NIMITZ FEEDER FIC MULTIMERCADO;22/05/2018;2,880064
SPX NIMITZ FEEDER FIC MULTIMERCADO;23/05/2018;2,861469
SPX NIMITZ FEEDER FIC MULTIMERCADO;24/05/2018;2,858615
SPX NIMITZ FEEDER FIC MULTIMERCADO;25/05/2018;2,846103
SPX NIMITZ FEEDER FIC MULTIMERCADO;28/05/2018;2,848463
SPX NIMITZ FEEDER FIC MULTIMERCADO;29/05/2018;2,820967
SPX NIMITZ FEEDER FIC MULTIMERCADO;30/05/2018;2,835932
SPX NIMITZ FEEDER FIC MULTIMERCADO;01/06/2018;2,845765
SPX NIMITZ FEEDER FIC MULTIMERCADO;04/06/2018;2,850821
SPX NIMITZ FEEDER FIC MULTIMERCADO;05/06/2018;2,855382
SPX NIMITZ FEEDER FIC MULTIMERCADO;06/06/2018;2,873826
SPX NIMITZ FEEDER FIC MULTIMERCADO;07/06/2018;2,884938
SPX NIMITZ FEEDER FIC MULTIMERCADO;08/06/2018;2,887742
SPX NIMITZ FEEDER FIC MULTIMERCADO;11/06/2018;2,900166
SPX NIMITZ FEEDER FIC MULTIMERCADO;12/06/2018;2,900772
SPX NIMITZ FEEDER FIC MULTIMERCADO;13/06/2018;2,914015
SPX NIMITZ FEEDER FIC MULTIMERCADO;14/06/2018;2,911041
SPX NIMITZ FEEDER FIC MULTIMERCADO;15/06/2018;2,898278
SPX NIMITZ FEEDER FIC MULTIMERCADO;18/06/2018;2,895654
SPX NIMITZ FEEDER FIC MULTIMERCADO;19/06/2018;2,887814
SPX NIMITZ FEEDER FIC MULTIMERCADO;20/06/2018;2,89287
SPX NIMITZ FEEDER FIC MULTIMERCADO;21/06/2018;2,894861
SPX NIMITZ FEEDER FIC MULTIMERCADO;22/06/2018;2,894775
SPX NIMITZ FEEDER FIC MULTIMERCADO;25/06/2018;2,886164
SPX NIMITZ FEEDER FIC MULTIMERCADO;26/06/2018;2,888032
SPX NIMITZ FEEDER FIC MULTIMERCADO;27/06/2018;2,894692
SPX NIMITZ FEEDER FIC MULTIMERCADO;28/06/2018;2,892597
SPX NIMITZ FEEDER FIC MULTIMERCADO;29/06/2018;2,899204
SPX NIMITZ FEEDER FIC MULTIMERCADO;02/07/2018;2,907494
SPX NIMITZ FEEDER FIC MULTIMERCADO;03/07/2018;2,904706
SPX NIMITZ FEEDER FIC MULTIMERCADO;04/07/2018;2,905145
SPX NIMITZ FEEDER FIC MULTIMERCADO;05/07/2018;2,908185
SPX NIMITZ FEEDER FIC MULTIMERCADO;06/07/2018;2,891369
SPX NIMITZ FEEDER FIC MULTIMERCADO;09/07/2018;2,892271
SPX NIMITZ FEEDER FIC MULTIMERCADO;10/07/2018;2,886314
SPX NIMITZ FEEDER FIC MULTIMERCADO;11/07/2018;2,889101
SPX NIMITZ FEEDER FIC MULTIMERCADO;12/07/2018;2,89605
SPX NIMITZ FEEDER FIC MULTIMERCADO;13/07/2018;2,883981
SPX NIMITZ FEEDER FIC MULTIMERCADO;16/07/2018;2,883088
SPX NIMITZ FEEDER FIC MULTIMERCADO;17/07/2018;2,873197
SPX NIMITZ FEEDER FIC MULTIMERCADO;18/07/2018;2,870732
SPX NIMITZ FEEDER FIC MULTIMERCADO;19/07/2018;2,874953
SPX NIMITZ FEEDER FIC MULTIMERCADO;20/07/2018;2,872774
SPX NIMITZ FEEDER FIC MULTIMERCADO;23/07/2018;2,886617
SPX NIMITZ FEEDER FIC MULTIMERCADO;24/07/2018;2,87891
SPX NIMITZ FEEDER FIC MULTIMERCADO;25/07/2018;2,867618
SPX NIMITZ FEEDER FIC MULTIMERCADO;26/07/2018;2,877076
SPX NIMITZ FEEDER FIC MULTIMERCADO;27/07/2018;2,873424
SPX NIMITZ FEEDER FIC MULTIMERCADO;30/07/2018;2,884327
SPX NIMITZ FEEDER FIC MULTIMERCADO;31/07/2018;2,887835
SPX NIMITZ FEEDER FIC MULTIMERCADO;01/08/2018;2,895406
SPX NIMITZ FEEDER FIC MULTIMERCADO;02/08/2018;2,896941
SPX NIMITZ FEEDER FIC MULTIMERCADO;03/08/2018;2,882188
SPX NIMITZ FEEDER FIC MULTIMERCADO;06/08/2018;2,883124
SPX NIMITZ FEEDER FIC MULTIMERCADO;07/08/2018;2,897504
SPX NIMITZ FEEDER FIC MULTIMERCADO;08/08/2018;2,895575
SPX NIMITZ FEEDER FIC MULTIMERCADO;09/08/2018;2,898341
SPX NIMITZ FEEDER FIC MULTIMERCADO;10/08/2018;2,916709
SPX NIMITZ FEEDER FIC MULTIMERCADO;13/08/2018;2,928297
SPX NIMITZ FEEDER FIC MULTIMERCADO;14/08/2018;2,910667
SPX NIMITZ FEEDER FIC MULTIMERCADO;15/08/2018;2,915215
SPX NIMITZ FEEDER FIC MULTIMERCADO;16/08/2018;2,914083
SPX NIMITZ FEEDER FIC MULTIMERCADO;17/08/2018;2,916671
SPX NIMITZ FEEDER FIC MULTIMERCADO;20/08/2018;2,917604
SPX NIMITZ FEEDER FIC MULTIMERCADO;21/08/2018;2,932137
SPX NIMITZ FEEDER FIC MULTIMERCADO;22/08/2018;2,926379
SPX NIMITZ FEEDER FIC MULTIMERCADO;23/08/2018;2,937748
SPX NIMITZ FEEDER FIC MULTIMERCADO;24/08/2018;2,936605
SPX NIMITZ FEEDER FIC MULTIMERCADO;27/08/2018;2,933694
SPX NIMITZ FEEDER FIC MULTIMERCADO;28/08/2018;2,942905
SPX NIMITZ FEEDER FIC MULTIMERCADO;29/08/2018;2,949769
SPX NIMITZ FEEDER FIC MULTIMERCADO;30/08/2018;2,966449
SPX NIMITZ FEEDER FIC MULTIMERCADO;31/08/2018;2,94909
SPX NIMITZ FEEDER FIC MULTIMERCADO;03/09/2018;2,957964
SPX NIMITZ FEEDER FIC MULTIMERCADO;04/09/2018;2,976291
SPX NIMITZ FEEDER FIC MULTIMERCADO;05/09/2018;2,97434
SPX NIMITZ FEEDER FIC MULTIMERCADO;06/09/2018;2,963652
SPX NIMITZ FEEDER FIC MULTIMERCADO;10/09/2018;2,972154
SPX NIMITZ FEEDER FIC MULTIMERCADO;11/09/2018;2,994285
SPX NIMITZ FEEDER FIC MULTIMERCADO;12/09/2018;2,975757
SPX NIMITZ FEEDER FIC MULTIMERCADO;13/09/2018;2,98337
SPX NIMITZ FEEDER FIC MULTIMERCADO;14/09/2018;2,991733
SPX NIMITZ FEEDER FIC MULTIMERCADO;17/09/2018;2,987605
SPX NIMITZ FEEDER FIC MULTIMERCADO;18/09/2018;2,988102
SPX NIMITZ FEEDER FIC MULTIMERCADO;19/09/2018;2,990454
SPX NIMITZ FEEDER FIC MULTIMERCADO;20/09/2018;2,983467
SPX NIMITZ FEEDER FIC MULTIMERCADO;21/09/2018;2,976174
SPX NIMITZ FEEDER FIC MULTIMERCADO;24/09/2018;2,994086
SPX NIMITZ FEEDER FIC MULTIMERCADO;25/09/2018;3,003187
SPX NIMITZ FEEDER FIC MULTIMERCADO;26/09/2018;2,987916
SPX NIMITZ FEEDER FIC MULTIMERCADO;27/09/2018;2,979334
SPX NIMITZ FEEDER FIC MULTIMERCADO;28/09/2018;2,978655
SPX NIMITZ FEEDER FIC MULTIMERCADO;01/10/2018;2,979496
SPX NIMITZ FEEDER FIC MULTIMERCADO;02/10/2018;2,96871
SPX NIMITZ FEEDER FIC MULTIMERCADO;03/10/2018;2,980578
SPX NIMITZ FEEDER FIC MULTIMERCADO;04/10/2018;3,000231
SPX NIMITZ FEEDER FIC MULTIMERCADO;05/10/2018;3,005447
SPX NIMITZ FEEDER FIC MULTIMERCADO;08/10/2018;2,99605
SPX NIMITZ FEEDER FIC MULTIMERCADO;09/10/2018;2,992928
SPX NIMITZ FEEDER FIC MULTIMERCADO;10/10/2018;3,007596
SPX NIMITZ FEEDER FIC MULTIMERCADO;11/10/2018;2,99458
SPX NIMITZ FEEDER FIC MULTIMERCADO;15/10/2018;2,983906
SPX NIMITZ FEEDER FIC MULTIMERCADO;16/10/2018;2,978525
SPX NIMITZ FEEDER FIC MULTIMERCADO;17/10/2018;2,972731
SPX NIMITZ FEEDER FIC MULTIMERCADO;18/10/2018;2,973862
SPX NIMITZ FEEDER FIC MULTIMERCADO;19/10/2018;2,980213
SPX NIMITZ FEEDER FIC MULTIMERCADO;22/10/2018;2,983117
SPX NIMITZ FEEDER FIC MULTIMERCADO;23/10/2018;2,969026
SPX NIMITZ FEEDER FIC MULTIMERCADO;24/10/2018;2,95538
SPX NIMITZ FEEDER FIC MULTIMERCADO;25/10/2018;2,958012
SPX NIMITZ FEEDER FIC MULTIMERCADO;26/10/2018;2,936316
SPX NIMITZ FEEDER FIC MULTIMERCADO;29/10/2018;2,932164
SPX NIMITZ FEEDER FIC MULTIMERCADO;30/10/2018;2,943128
SPX NIMITZ FEEDER FIC MULTIMERCADO;31/10/2018;2,961395
SPX NIMITZ FEEDER FIC MULTIMERCADO;01/11/2018;2,950942
SPX NIMITZ FEEDER FIC MULTIMERCADO;05/11/2018;2,948267
SPX NIMITZ FEEDER FIC MULTIMERCADO;06/11/2018;2,950806
SPX NIMITZ FEEDER FIC MULTIMERCADO;07/11/2018;2,949971
SPX NIMITZ FEEDER FIC MULTIMERCADO;08/11/2018;2,958986
SPX NIMITZ FEEDER FIC MULTIMERCADO;09/11/2018;2,949004
SPX NIMITZ FEEDER FIC MULTIMERCADO;12/11/2018;2,941753
SPX NIMITZ FEEDER FIC MULTIMERCADO;13/11/2018;2,938562
SPX NIMITZ FEEDER FIC MULTIMERCADO;14/11/2018;2,929553
SPX NIMITZ FEEDER FIC MULTIMERCADO;16/11/2018;2,912025
SPX NIMITZ FEEDER FIC MULTIMERCADO;19/11/2018;2,904498
SPX NIMITZ FEEDER FIC MULTIMERCADO;20/11/2018;2,904838
SPX NIMITZ FEEDER FIC MULTIMERCADO;21/11/2018;2,896429
SPX NIMITZ FEEDER FIC MULTIMERCADO;22/11/2018;2,900149
SPX NIMITZ FEEDER FIC MULTIMERCADO;23/11/2018;2,889245
SPX NIMITZ FEEDER FIC MULTIMERCADO;26/11/2018;2,888483
SPX NIMITZ FEEDER FIC MULTIMERCADO;27/11/2018;2,884959
SPX NIMITZ FEEDER FIC MULTIMERCADO;28/11/2018;2,892233
SPX NIMITZ FEEDER FIC MULTIMERCADO;29/11/2018;2,882265
SPX NIMITZ FEEDER FIC MULTIMERCADO;30/11/2018;2,884474
SPX NIMITZ FEEDER FIC MULTIMERCADO;03/12/2018;2,880695
SPX NIMITZ FEEDER FIC MULTIMERCADO;04/12/2018;2,851836
SPX NIMITZ FEEDER FIC MULTIMERCADO;05/12/2018;2,855277
SPX NIMITZ FEEDER FIC MULTIMERCADO;06/12/2018;2,841892
SPX NIMITZ FEEDER FIC MULTIMERCADO;07/12/2018;2,831753
SPX NIMITZ FEEDER FIC MULTIMERCADO;10/12/2018;2,821817
SPX NIMITZ FEEDER FIC MULTIMERCADO;11/12/2018;2,821623
SPX NIMITZ FEEDER FIC MULTIMERCADO;12/12/2018;2,832645
SPX NIMITZ FEEDER FIC MULTIMERCADO;13/12/2018;2,841252
SPX NIMITZ FEEDER FIC MULTIMERCADO;14/12/2018;2,838688
SPX NIMITZ FEEDER FIC MULTIMERCADO;17/12/2018;2,829231
SPX NIMITZ FEEDER FIC MULTIMERCADO;18/12/2018;2,825777
SPX NIMITZ FEEDER FIC MULTIMERCADO;19/12/2018;2,814275
SPX NIMITZ FEEDER FIC MULTIMERCADO;20/12/2018;2,801727
SPX NIMITZ FEEDER FIC MULTIMERCADO;21/12/2018;2,797014
SPX NIMITZ FEEDER FIC MULTIMERCADO;24/12/2018;2,797156
SPX NIMITZ FEEDER FIC MULTIMERCADO;26/12/2018;2,797015
SPX NIMITZ FEEDER FIC MULTIMERCADO;27/12/2018;2,797385
SPX NIMITZ FEEDER FIC MULTIMERCADO;28/12/2018;2,793288
SPX NIMITZ FEEDER FIC MULTIMERCADO;31/12/2018;2,793442
SPX NIMITZ FEEDER FIC MULTIMERCADO;02/01/2019;2,803954
SPX NIMITZ FEEDER FIC MULTIMERCADO;03/01/2019;2,811184
SPX NIMITZ FEEDER FIC MULTIMERCADO;04/01/2019;2,808507
SPX NIMITZ FEEDER FIC MULTIMERCADO;07/01/2019;2,803027
SPX NIMITZ FEEDER FIC MULTIMERCADO;08/01/2019;2,809607
SPX NIMITZ FEEDER FIC MULTIMERCADO;09/01/2019;2,812663
SPX NIMITZ FEEDER FIC MULTIMERCADO;10/01/2019;2,813054
SPX NIMITZ FEEDER FIC MULTIMERCADO;11/01/2019;2,810897
SPX NIMITZ FEEDER FIC MULTIMERCADO;14/01/2019;2,810664
SPX NIMITZ FEEDER FIC MULTIMERCADO;15/01/2019;2,809248
SPX NIMITZ FEEDER FIC MULTIMERCADO;16/01/2019;2,807487
SPX NIMITZ FEEDER FIC MULTIMERCADO;17/01/2019;2,811541
SPX NIMITZ FEEDER FIC MULTIMERCADO;18/01/2019;2,810452
SPX NIMITZ FEEDER FIC MULTIMERCADO;21/01/2019;2,812185
SPX NIMITZ FEEDER FIC MULTIMERCADO;22/01/2019;2,813452
SPX NIMITZ FEEDER FIC MULTIMERCADO;23/01/2019;2,814962
SPX NIMITZ FEEDER FIC MULTIMERCADO;24/01/2019;2,817647
SPX NIMITZ FEEDER FIC MULTIMERCADO;25/01/2019;2,81803
SPX NIMITZ FEEDER FIC MULTIMERCADO;28/01/2019;2,811125
SPX NIMITZ FEEDER FIC MULTIMERCADO;29/01/2019;2,81667
SPX NIMITZ FEEDER FIC MULTIMERCADO;30/01/2019;2,818015
SPX NIMITZ FEEDER FIC MULTIMERCADO;31/01/2019;2,82274
SPX NIMITZ FEEDER FIC MULTIMERCADO;01/02/2019;2,818012
SPX NIMITZ FEEDER FIC MULTIMERCADO;04/02/2019;2,820793
SPX NIMITZ FEEDER FIC MULTIMERCADO;05/02/2019;2,819639
SPX NIMITZ FEEDER FIC MULTIMERCADO;06/02/2019;2,823303
SPX NIMITZ FEEDER FIC MULTIMERCADO;07/02/2019;2,823266
SPX NIMITZ FEEDER FIC MULTIMERCADO;08/02/2019;2,821768
SPX NIMITZ FEEDER FIC MULTIMERCADO;11/02/2019;2,823991
SPX NIMITZ FEEDER FIC MULTIMERCADO;12/02/2019;2,824273
SPX NIMITZ FEEDER FIC MULTIMERCADO;13/02/2019;2,829119
SPX NIMITZ FEEDER FIC MULTIMERCADO;14/02/2019;2,838126
SPX NIMITZ FEEDER FIC MULTIMERCADO;15/02/2019;2,840005
SPX NIMITZ FEEDER FIC MULTIMERCADO;18/02/2019;2,834846
SPX NIMITZ FEEDER FIC MULTIMERCADO;19/02/2019;2,836834
SPX NIMITZ FEEDER FIC MULTIMERCADO;20/02/2019;2,831462
SPX NIMITZ FEEDER FIC MULTIMERCADO;21/02/2019;2,833599
SPX NIMITZ FEEDER FIC MULTIMERCADO;22/02/2019;2,835182
SPX NIMITZ FEEDER FIC MULTIMERCADO;25/02/2019;2,830847
SPX NIMITZ FEEDER FIC MULTIMERCADO;26/02/2019;2,830668
SPX NIMITZ FEEDER FIC MULTIMERCADO;27/02/2019;2,83341
SPX NIMITZ FEEDER FIC MULTIMERCADO;28/02/2019;2,829544
SPX NIMITZ FEEDER FIC MULTIMERCADO;01/03/2019;2,827563
SPX NIMITZ FEEDER FIC MULTIMERCADO;06/03/2019;2,830414
SPX NIMITZ FEEDER FIC MULTIMERCADO;07/03/2019;2,837514
SPX NIMITZ FEEDER FIC MULTIMERCADO;08/03/2019;2,842296
SPX NIMITZ FEEDER FIC MULTIMERCADO;11/03/2019;2,845834
SPX NIMITZ FEEDER FIC MULTIMERCADO;12/03/2019;2,844165
SPX NIMITZ FEEDER FIC MULTIMERCADO;13/03/2019;2,848723
SPX NIMITZ FEEDER FIC MULTIMERCADO;14/03/2019;2,847132
SPX NIMITZ FEEDER FIC MULTIMERCADO;15/03/2019;2,846993
SPX NIMITZ FEEDER FIC MULTIMERCADO;18/03/2019;2,84995
SPX NIMITZ FEEDER FIC MULTIMERCADO;19/03/2019;2,850409
SPX NIMITZ FEEDER FIC MULTIMERCADO;20/03/2019;2,850169
SPX NIMITZ FEEDER FIC MULTIMERCADO;21/03/2019;2,851044
SPX NIMITZ FEEDER FIC MULTIMERCADO;22/03/2019;2,849328
SPX NIMITZ FEEDER FIC MULTIMERCADO;25/03/2019;2,850837
SPX NIMITZ FEEDER FIC MULTIMERCADO;26/03/2019;2,850595
SPX NIMITZ FEEDER FIC MULTIMERCADO;27/03/2019;2,849777
SPX NIMITZ FEEDER FIC MULTIMERCADO;28/03/2019;2,851928
SPX NIMITZ FEEDER FIC MULTIMERCADO;29/03/2019;2,849671
SPX NIMITZ FEEDER FIC MULTIMERCADO;01/04/2019;2,846635
SPX NIMITZ FEEDER FIC MULTIMERCADO;02/04/2019;2,850353
SPX NIMITZ FEEDER FIC MULTIMERCADO;03/04/2019;2,84574
SPX NIMITZ FEEDER FIC MULTIMERCADO;04/04/2019;2,846935
SPX NIMITZ FEEDER FIC MULTIMERCADO;05/04/2019;2,848503
SPX NIMITZ FEEDER FIC MULTIMERCADO;08/04/2019;2,847252
SPX NIMITZ FEEDER FIC MULTIMERCADO;09/04/2019;2,846775
SPX NIMITZ FEEDER FIC MULTIMERCADO;10/04/2019;2,847757
SPX NIMITZ FEEDER FIC MULTIMERCADO;11/04/2019;2,845574
SPX NIMITZ FEEDER FIC MULTIMERCADO;12/04/2019;2,838697
SPX NIMITZ FEEDER FIC MULTIMERCADO;15/04/2019;2,838747
SPX NIMITZ FEEDER FIC MULTIMERCADO;16/04/2019;2,839659
SPX NIMITZ FEEDER FIC MULTIMERCADO;17/04/2019;2,840609
SPX NIMITZ FEEDER FIC MULTIMERCADO;18/04/2019;2,848865
SPX NIMITZ FEEDER FIC MULTIMERCADO;22/04/2019;2,848102
SPX NIMITZ FEEDER FIC MULTIMERCADO;23/04/2019;2,850788
SPX NIMITZ FEEDER FIC MULTIMERCADO;24/04/2019;2,857477
SPX NIMITZ FEEDER FIC MULTIMERCADO;25/04/2019;2,856024
SPX NIMITZ FEEDER FIC MULTIMERCADO;26/04/2019;2,852352
SPX NIMITZ FEEDER FIC MULTIMERCADO;29/04/2019;2,848877
SPX NIMITZ FEEDER FIC MULTIMERCADO;30/04/2019;2,848831
SPX NIMITZ FEEDER FIC MULTIMERCADO;02/05/2019;2,848144
SPX NIMITZ FEEDER FIC MULTIMERCADO;03/05/2019;2,845747
SPX NIMITZ FEEDER FIC MULTIMERCADO;06/05/2019;2,849496
SPX NIMITZ FEEDER FIC MULTIMERCADO;07/05/2019;2,855318
SPX NIMITZ FEEDER FIC MULTIMERCADO;08/05/2019;2,857185
SPX NIMITZ FEEDER FIC MULTIMERCADO;09/05/2019;2,861221
SPX NIMITZ FEEDER FIC MULTIMERCADO;10/05/2019;2,85957
SPX NIMITZ FEEDER FIC MULTIMERCADO;13/05/2019;2,871273
SPX NIMITZ FEEDER FIC MULTIMERCADO;14/05/2019;2,871193
SPX NIMITZ FEEDER FIC MULTIMERCADO;15/05/2019;2,872101
SPX NIMITZ FEEDER FIC MULTIMERCADO;16/05/2019;2,870362
SPX NIMITZ FEEDER FIC MULTIMERCADO;17/05/2019;2,869765
SPX NIMITZ FEEDER FIC MULTIMERCADO;20/05/2019;2,870292
SPX NIMITZ FEEDER FIC MULTIMERCADO;21/05/2019;2,870009
SPX NIMITZ FEEDER FIC MULTIMERCADO;22/05/2019;2,871134
SPX NIMITZ FEEDER FIC MULTIMERCADO;23/05/2019;2,878079
SPX NIMITZ FEEDER FIC MULTIMERCADO;24/05/2019;2,873447
SPX NIMITZ FEEDER FIC MULTIMERCADO;27/05/2019;2,876084
SPX NIMITZ FEEDER FIC MULTIMERCADO;28/05/2019;2,887757
SPX NIMITZ FEEDER FIC MULTIMERCADO;29/05/2019;2,894039
SPX NIMITZ FEEDER FIC MULTIMERCADO;30/05/2019;2,890848
SPX NIMITZ FEEDER FIC MULTIMERCADO;31/05/2019;2,894003
SPX NIMITZ FEEDER FIC MULTIMERCADO;03/06/2019;2,898178
SPX NIMITZ FEEDER FIC MULTIMERCADO;04/06/2019;2,901365
SPX NIMITZ FEEDER FIC MULTIMERCADO;05/06/2019;2,900875
SPX NIMITZ FEEDER FIC MULTIMERCADO;06/06/2019;2,903106
SPX NIMITZ FEEDER FIC MULTIMERCADO;07/06/2019;2,903373
SPX NIMITZ FEEDER FIC MULTIMERCADO;10/06/2019;2,898662
SPX NIMITZ FEEDER FIC MULTIMERCADO;11/06/2019;2,900193
SPX NIMITZ FEEDER FIC MULTIMERCADO;12/06/2019;2,903708
SPX NIMITZ FEEDER FIC MULTIMERCADO;13/06/2019;2,910979
SPX NIMITZ FEEDER FIC MULTIMERCADO;14/06/2019;2,915535
SPX NIMITZ FEEDER FIC MULTIMERCADO;17/06/2019;2,911263
SPX NIMITZ FEEDER FIC MULTIMERCADO;18/06/2019;2,910316
SPX NIMITZ FEEDER FIC MULTIMERCADO;19/06/2019;2,915781
SPX NIMITZ FEEDER FIC MULTIMERCADO;21/06/2019;2,928003
SPX NIMITZ FEEDER FIC MULTIMERCADO;24/06/2019;2,926402
SPX NIMITZ FEEDER FIC MULTIMERCADO;25/06/2019;2,922038
SPX NIMITZ FEEDER FIC MULTIMERCADO;26/06/2019;2,92191
SPX NIMITZ FEEDER FIC MULTIMERCADO;27/06/2019;2,926902
SPX NIMITZ FEEDER FIC MULTIMERCADO;28/06/2019;2,93719
SPX NIMITZ FEEDER FIC MULTIMERCADO;01/07/2019;2,944987
SPX NIMITZ FEEDER FIC MULTIMERCADO;02/07/2019;2,935029
SPX NIMITZ FEEDER FIC MULTIMERCADO;03/07/2019;2,940267
SPX NIMITZ FEEDER FIC MULTIMERCADO;04/07/2019;2,948091
SPX NIMITZ FEEDER FIC MULTIMERCADO;05/07/2019;2,945081
SPX NIMITZ FEEDER FIC MULTIMERCADO;08/07/2019;2,952529
SPX NIMITZ FEEDER FIC MULTIMERCADO;09/07/2019;2,952905
SPX NIMITZ FEEDER FIC MULTIMERCADO;10/07/2019;2,961543
SPX NIMITZ FEEDER FIC MULTIMERCADO;11/07/2019;2,960387
SPX NIMITZ FEEDER FIC MULTIMERCADO;12/07/2019;2,958607
SPX NIMITZ FEEDER FIC MULTIMERCADO;15/07/2019;2,957318
SPX NIMITZ FEEDER FIC MULTIMERCADO;16/07/2019;2,953163
SPX NIMITZ FEEDER FIC MULTIMERCADO;17/07/2019;2,952332
SPX NIMITZ FEEDER FIC MULTIMERCADO;18/07/2019;2,953397
SPX NIMITZ FEEDER FIC MULTIMERCADO;19/07/2019;2,952254
SPX NIMITZ FEEDER FIC MULTIMERCADO;22/07/2019;2,952607
SPX NIMITZ FEEDER FIC MULTIMERCADO;23/07/2019;2,954174
SPX NIMITZ FEEDER FIC MULTIMERCADO;24/07/2019;2,957302
SPX NIMITZ FEEDER FIC MULTIMERCADO;25/07/2019;2,953113
SPX NIMITZ FEEDER FIC MULTIMERCADO;26/07/2019;2,954567
SPX NIMITZ FEEDER FIC MULTIMERCADO;29/07/2019;2,955756
SPX NIMITZ FEEDER FIC MULTIMERCADO;30/07/2019;2,95671
SPX NIMITZ FEEDER FIC MULTIMERCADO;31/07/2019;2,956822
SPX NIMITZ FEEDER FIC MULTIMERCADO;01/08/2019;2,964476
SPX NIMITZ FEEDER FIC MULTIMERCADO;02/08/2019;2,972156
SPX NIMITZ FEEDER FIC MULTIMERCADO;05/08/2019;2,971096
SPX NIMITZ FEEDER FIC MULTIMERCADO;06/08/2019;2,976447
SPX NIMITZ FEEDER FIC MULTIMERCADO;07/08/2019;2,984606
SPX NIMITZ FEEDER FIC MULTIMERCADO;08/08/2019;2,985885
SPX NIMITZ FEEDER FIC MULTIMERCADO;09/08/2019;2,990937
SPX NIMITZ FEEDER FIC MULTIMERCADO;12/08/2019;2,990918
SPX NIMITZ FEEDER FIC MULTIMERCADO;13/08/2019;2,978161
SPX NIMITZ FEEDER FIC MULTIMERCADO;14/08/2019;2,98826
SPX NIMITZ FEEDER FIC MULTIMERCADO;15/08/2019;2,989063
SPX NIMITZ FEEDER FIC MULTIMERCADO;16/08/2019;2,986157
SPX NIMITZ FEEDER FIC MULTIMERCADO;19/08/2019;2,985285
SPX NIMITZ FEEDER FIC MULTIMERCADO;20/08/2019;2,984381
SPX NIMITZ FEEDER FIC MULTIMERCADO;21/08/2019;2,983207
SPX NIMITZ FEEDER FIC MULTIMERCADO;22/08/2019;2,988456
SPX NIMITZ FEEDER FIC MULTIMERCADO;23/08/2019;3,002981
SPX NIMITZ FEEDER FIC MULTIMERCADO;26/08/2019;2,994059
SPX NIMITZ FEEDER FIC MULTIMERCADO;27/08/2019;2,997655
SPX NIMITZ FEEDER FIC MULTIMERCADO;28/08/2019;2,996677
SPX NIMITZ FEEDER FIC MULTIMERCADO;29/08/2019;2,99264
SPX NIMITZ FEEDER FIC MULTIMERCADO;30/08/2019;3,001386
SPX NIMITZ FEEDER FIC MULTIMERCADO;02/09/2019;3,000455
SPX NIMITZ FEEDER FIC MULTIMERCADO;03/09/2019;3,002241
SPX NIMITZ FEEDER FIC MULTIMERCADO;04/09/2019;2,991586
SPX NIMITZ FEEDER FIC MULTIMERCADO;05/09/2019;2,978147
SPX NIMITZ FEEDER FIC MULTIMERCADO;06/09/2019;2,973617
SPX NIMITZ FEEDER FIC MULTIMERCADO;09/09/2019;2,970972
SPX NIMITZ FEEDER FIC MULTIMERCADO;10/09/2019;2,967377
SPX NIMITZ FEEDER FIC MULTIMERCADO;11/09/2019;2,969658
SPX NIMITZ FEEDER FIC MULTIMERCADO;12/09/2019;2,963185
SPX NIMITZ FEEDER FIC MULTIMERCADO;13/09/2019;2,963243
SPX NIMITZ FEEDER FIC MULTIMERCADO;16/09/2019;2,964833
SPX NIMITZ FEEDER FIC MULTIMERCADO;17/09/2019;2,963391
SPX NIMITZ FEEDER FIC MULTIMERCADO;18/09/2019;2,965224
SPX NIMITZ FEEDER FIC MULTIMERCADO;19/09/2019;2,969888
SPX NIMITZ FEEDER FIC MULTIMERCADO;20/09/2019;2,978319
SPX NIMITZ FEEDER FIC MULTIMERCADO;23/09/2019;2,977261
SPX NIMITZ FEEDER FIC MULTIMERCADO;24/09/2019;2,979425
SPX NIMITZ FEEDER FIC MULTIMERCADO;25/09/2019;2,977045
SPX NIMITZ FEEDER FIC MULTIMERCADO;26/09/2019;2,987781
SPX NIMITZ FEEDER FIC MULTIMERCADO;27/09/2019;2,99046
SPX NIMITZ FEEDER FIC MULTIMERCADO;30/09/2019;2,988148
SPX NIMITZ FEEDER FIC MULTIMERCADO;01/10/2019;2,991111
SPX NIMITZ FEEDER FIC MULTIMERCADO;02/10/2019;2,993885
SPX NIMITZ FEEDER FIC MULTIMERCADO;03/10/2019;2,998223
SPX NIMITZ FEEDER FIC MULTIMERCADO;04/10/2019;2,995931
SPX NIMITZ FEEDER FIC MULTIMERCADO;07/10/2019;2,996982
SPX NIMITZ FEEDER FIC MULTIMERCADO;08/10/2019;3,003233
SPX NIMITZ FEEDER FIC MULTIMERCADO;09/10/2019;3,004181
SPX NIMITZ FEEDER FIC MULTIMERCADO;10/10/2019;2,998468
SPX NIMITZ FEEDER FIC MULTIMERCADO;11/10/2019;2,993973
SPX NIMITZ FEEDER FIC MULTIMERCADO;14/10/2019;2,998162
SPX NIMITZ FEEDER FIC MULTIMERCADO;15/10/2019;3,00168
SPX NIMITZ FEEDER FIC MULTIMERCADO;16/10/2019;3,009868
SPX NIMITZ FEEDER FIC MULTIMERCADO;17/10/2019;3,009791
SPX NIMITZ FEEDER FIC MULTIMERCADO;18/10/2019;3,010176
SPX NIMITZ FEEDER FIC MULTIMERCADO;21/10/2019;3,016119
SPX NIMITZ FEEDER FIC MULTIMERCADO;22/10/2019;3,011493
SPX NIMITZ FEEDER FIC MULTIMERCADO;23/10/2019;3,009198
SPX NIMITZ FEEDER FIC MULTIMERCADO;24/10/2019;3,011018
SPX NIMITZ FEEDER FIC MULTIMERCADO;25/10/2019;3,009658
SPX NIMITZ FEEDER FIC MULTIMERCADO;28/10/2019;3,010085
SPX NIMITZ FEEDER FIC MULTIMERCADO;29/10/2019;3,008129
SPX NIMITZ FEEDER FIC MULTIMERCADO;30/10/2019;3,014642
SPX NIMITZ FEEDER FIC MULTIMERCADO;31/10/2019;3,01125
SPX NIMITZ FEEDER FIC MULTIMERCADO;01/11/2019;3,005951
SPX NIMITZ FEEDER FIC MULTIMERCADO;04/11/2019;3,006339
SPX NIMITZ FEEDER FIC MULTIMERCADO;05/11/2019;3,006615
SPX NIMITZ FEEDER FIC MULTIMERCADO;06/11/2019;3,013786
SPX NIMITZ FEEDER FIC MULTIMERCADO;07/11/2019;3,020322
SPX NIMITZ FEEDER FIC MULTIMERCADO;08/11/2019;3,018835
SPX NIMITZ FEEDER FIC MULTIMERCADO;11/11/2019;3,020951
SPX NIMITZ FEEDER FIC MULTIMERCADO;12/11/2019;3,016044
SPX NIMITZ FEEDER FIC MULTIMERCADO;13/11/2019;3,015376
SPX NIMITZ FEEDER FIC MULTIMERCADO;14/11/2019;3,011555
SPX NIMITZ FEEDER FIC MULTIMERCADO;18/11/2019;3,006315
SPX NIMITZ FEEDER FIC MULTIMERCADO;19/11/2019;3,002662
SPX NIMITZ FEEDER FIC MULTIMERCADO;20/11/2019;3,002933
SPX NIMITZ FEEDER FIC MULTIMERCADO;21/11/2019;2,997647
SPX NIMITZ FEEDER FIC MULTIMERCADO;22/11/2019;2,995042
SPX NIMITZ FEEDER FIC MULTIMERCADO;25/11/2019;2,991982
SPX NIMITZ FEEDER FIC MULTIMERCADO;26/11/2019;2,986088
SPX NIMITZ FEEDER FIC MULTIMERCADO;27/11/2019;2,991929
SPX NIMITZ FEEDER FIC MULTIMERCADO;28/11/2019;2,991916
SPX NIMITZ FEEDER FIC MULTIMERCADO;29/11/2019;2,989248
SPX NIMITZ FEEDER FIC MULTIMERCADO;02/12/2019;2,981559
SPX NIMITZ FEEDER FIC MULTIMERCADO;03/12/2019;2,983455
SPX NIMITZ FEEDER FIC MULTIMERCADO;04/12/2019;2,990157
SPX NIMITZ FEEDER FIC MULTIMERCADO;05/12/2019;2,990998
SPX NIMITZ FEEDER FIC MULTIMERCADO;06/12/2019;2,994483
SPX NIMITZ FEEDER FIC MULTIMERCADO;09/12/2019;2,996918
SPX NIMITZ FEEDER FIC MULTIMERCADO;10/12/2019;2,994516
SPX NIMITZ FEEDER FIC MULTIMERCADO;11/12/2019;2,99598
SPX NIMITZ FEEDER FIC MULTIMERCADO;12/12/2019;2,996548
SPX NIMITZ FEEDER FIC MULTIMERCADO;13/12/2019;3,006073
SPX NIMITZ FEEDER FIC MULTIMERCADO;16/12/2019;3,013094
SPX NIMITZ FEEDER FIC MULTIMERCADO;17/12/2019;3,010637
SPX NIMITZ FEEDER FIC MULTIMERCADO;18/12/2019;3,009502
SPX NIMITZ FEEDER FIC MULTIMERCADO;19/12/2019;3,006973
SPX NIMITZ FEEDER FIC MULTIMERCADO;20/12/2019;3,006757
SPX NIMITZ FEEDER FIC MULTIMERCADO;23/12/2019;3,009559
SPX NIMITZ FEEDER FIC MULTIMERCADO;24/12/2019;3,010167
SPX NIMITZ FEEDER FIC MULTIMERCADO;26/12/2019;3,008505
SPX NIMITZ FEEDER FIC MULTIMERCADO;27/12/2019;3,005316
SPX NIMITZ FEEDER FIC MULTIMERCADO;30/12/2019;3,008221
SPX NIMITZ FEEDER FIC MULTIMERCADO;31/12/2019;3,00864
SPX NIMITZ FEEDER FIC MULTIMERCADO;02/01/2020;3,015515
SPX NIMITZ FEEDER FIC MULTIMERCADO;03/01/2020;3,010296
SPX NIMITZ FEEDER FIC MULTIMERCADO;06/01/2020;3,005974
SPX NIMITZ FEEDER FIC MULTIMERCADO;07/01/2020;3,003053
SPX NIMITZ FEEDER FIC MULTIMERCADO;08/01/2020;3,000732
SPX NIMITZ FEEDER FIC MULTIMERCADO;09/01/2020;3,001341
SPX NIMITZ FEEDER FIC MULTIMERCADO;10/01/2020;3,005899
SPX NIMITZ FEEDER FIC MULTIMERCADO;13/01/2020;3,011938
SPX NIMITZ FEEDER FIC MULTIMERCADO;14/01/2020;3,010027
SPX NIMITZ FEEDER FIC MULTIMERCADO;15/01/2020;3,008583
SPX NIMITZ FEEDER FIC MULTIMERCADO;16/01/2020;3,008269
SPX NIMITZ FEEDER FIC MULTIMERCADO;17/01/2020;3,011376
SPX NIMITZ FEEDER FIC MULTIMERCADO;20/01/2020;3,014424
SPX NIMITZ FEEDER FIC MULTIMERCADO;21/01/2020;2,999883
SPX NIMITZ FEEDER FIC MULTIMERCADO;22/01/2020;2,999569
SPX NIMITZ FEEDER FIC MULTIMERCADO;23/01/2020;3,000885
SPX NIMITZ FEEDER FIC MULTIMERCADO;24/01/2020;2,995847
SPX NIMITZ FEEDER FIC MULTIMERCADO;27/01/2020;2,988914
SPX NIMITZ FEEDER FIC MULTIMERCADO;28/01/2020;2,99686
SPX NIMITZ FEEDER FIC MULTIMERCADO;29/01/2020;2,999657
SPX NIMITZ FEEDER FIC MULTIMERCADO;30/01/2020;3,004405
SPX NIMITZ FEEDER FIC MULTIMERCADO;31/01/2020;3,013011
SPX NIMITZ FEEDER FIC MULTIMERCADO;03/02/2020;3,003395
SPX NIMITZ FEEDER FIC MULTIMERCADO;04/02/2020;2,992709
SPX NIMITZ FEEDER FIC MULTIMERCADO;05/02/2020;3,003496
SPX NIMITZ FEEDER FIC MULTIMERCADO;06/02/2020;3,011708
SPX NIMITZ FEEDER FIC MULTIMERCADO;07/02/2020;3,02218
SPX NIMITZ FEEDER FIC MULTIMERCADO;10/02/2020;3,022916
SPX NIMITZ FEEDER FIC MULTIMERCADO;11/02/2020;3,021147
SPX NIMITZ FEEDER FIC MULTIMERCADO;12/02/2020;3,025132
SPX NIMITZ FEEDER FIC MULTIMERCADO;13/02/2020;3,030454
SPX NIMITZ FEEDER FIC MULTIMERCADO;14/02/2020;3,025536
SPX NIMITZ FEEDER FIC MULTIMERCADO;17/02/2020;3,030057
SPX NIMITZ FEEDER FIC MULTIMERCADO;18/02/2020;3,038517
SPX NIMITZ FEEDER FIC MULTIMERCADO;19/02/2020;3,042951
SPX NIMITZ FEEDER FIC MULTIMERCADO;20/02/2020;3,04741
SPX NIMITZ FEEDER FIC MULTIMERCADO;21/02/2020;3,036214
SPX NIMITZ FEEDER FIC MULTIMERCADO;26/02/2020;3,0336
SPX NIMITZ FEEDER FIC MULTIMERCADO;27/02/2020;3,030401
SPX NIMITZ FEEDER FIC MULTIMERCADO;28/02/2020;3,048846
SPX NIMITZ FEEDER FIC MULTIMERCADO;02/03/2020;3,067755
SPX NIMITZ FEEDER FIC MULTIMERCADO;03/03/2020;3,089607
SPX NIMITZ FEEDER FIC MULTIMERCADO;04/03/2020;3,109535
SPX NIMITZ FEEDER FIC MULTIMERCADO;05/03/2020;3,093146
SPX NIMITZ FEEDER FIC MULTIMERCADO;06/03/2020;3,071253
SPX NIMITZ FEEDER FIC MULTIMERCADO;09/03/2020;3,087598
SPX NIMITZ FEEDER FIC MULTIMERCADO;10/03/2020;3,082024
SPX NIMITZ FEEDER FIC MULTIMERCADO;11/03/2020;3,050173
SPX NIMITZ FEEDER FIC MULTIMERCADO;12/03/2020;2,971996
SPX NIMITZ FEEDER FIC MULTIMERCADO;13/03/2020;3,02141
SPX NIMITZ FEEDER FIC MULTIMERCADO;16/03/2020;2,98995
SPX NIMITZ FEEDER FIC MULTIMERCADO;17/03/2020;3,031287
SPX NIMITZ FEEDER FIC MULTIMERCADO;18/03/2020;3,030495
SPX NIMITZ FEEDER FIC MULTIMERCADO;19/03/2020;3,020192
SPX NIMITZ FEEDER FIC MULTIMERCADO;20/03/2020;3,031925
SPX NIMITZ FEEDER FIC MULTIMERCADO;23/03/2020;3,026937
SPX NIMITZ FEEDER FIC MULTIMERCADO;24/03/2020;2,994496
SPX NIMITZ FEEDER FIC MULTIMERCADO;25/03/2020;3,003392
SPX NIMITZ FEEDER FIC MULTIMERCADO;26/03/2020;3,027375
SPX NIMITZ FEEDER FIC MULTIMERCADO;27/03/2020;3,046396
SPX NIMITZ FEEDER FIC MULTIMERCADO;30/03/2020;3,057948
SPX NIMITZ FEEDER FIC MULTIMERCADO;31/03/2020;3,054557
SPX NIMITZ FEEDER FIC MULTIMERCADO;01/04/2020;3,078163
SPX NIMITZ FEEDER FIC MULTIMERCADO;02/04/2020;3,078275
SPX NIMITZ FEEDER FIC MULTIMERCADO;03/04/2020;3,08796
SPX NIMITZ FEEDER FIC MULTIMERCADO;06/04/2020;3,096478
SPX NIMITZ FEEDER FIC MULTIMERCADO;07/04/2020;3,088281
SPX NIMITZ FEEDER FIC MULTIMERCADO;08/04/2020;3,08396
SPX NIMITZ FEEDER FIC MULTIMERCADO;09/04/2020;3,074464
SPX NIMITZ FEEDER FIC MULTIMERCADO;13/04/2020;3,075871
SPX NIMITZ FEEDER FIC MULTIMERCADO;14/04/2020;3,099769
SPX NIMITZ FEEDER FIC MULTIMERCADO;15/04/2020;3,115728
SPX NIMITZ FEEDER FIC MULTIMERCADO;16/04/2020;3,126225
SPX NIMITZ FEEDER FIC MULTIMERCADO;17/04/2020;3,112128
SPX NIMITZ FEEDER FIC MULTIMERCADO;20/04/2020;3,124107
SPX NIMITZ FEEDER FIC MULTIMERCADO;22/04/2020;3,161508
SPX NIMITZ FEEDER FIC MULTIMERCADO;23/04/2020;3,149113
SPX NIMITZ FEEDER FIC MULTIMERCADO;24/04/2020;3,116509
SPX NIMITZ FEEDER FIC MULTIMERCADO;27/04/2020;3,122433
SPX NIMITZ FEEDER FIC MULTIMERCADO;28/04/2020;3,120388
SPX NIMITZ FEEDER FIC MULTIMERCADO;29/04/2020;3,099348
SPX NIMITZ FEEDER FIC MULTIMERCADO;30/04/2020;3,093109
SPX NIMITZ FEEDER FIC MULTIMERCADO;04/05/2020;3,109776
SPX NIMITZ FEEDER FIC MULTIMERCADO;05/05/2020;3,10607
SPX NIMITZ FEEDER FIC MULTIMERCADO;06/05/2020;3,123886
SPX NIMITZ FEEDER FIC MULTIMERCADO;07/05/2020;3,118239
SPX NIMITZ FEEDER FIC MULTIMERCADO;08/05/2020;3,108462
SPX NIMITZ FEEDER FIC MULTIMERCADO;11/05/2020;3,113861
SPX NIMITZ FEEDER FIC MULTIMERCADO;12/05/2020;3,110552
SPX NIMITZ FEEDER FIC MULTIMERCADO;13/05/2020;3,115229
SPX NIMITZ FEEDER FIC MULTIMERCADO;14/05/2020;3,107561
SPX NIMITZ FEEDER FIC MULTIMERCADO;15/05/2020;3,102111
SPX NIMITZ FEEDER FIC MULTIMERCADO;18/05/2020;3,0772
SPX NIMITZ FEEDER FIC MULTIMERCADO;19/05/2020;3,074201
SPX NIMITZ FEEDER FIC MULTIMERCADO;20/05/2020;3,073481
SPX NIMITZ FEEDER FIC MULTIMERCADO;21/05/2020;3,068796
SPX NIMITZ FEEDER FIC MULTIMERCADO;22/05/2020;3,075381
SPX NIMITZ FEEDER FIC MULTIMERCADO;25/05/2020;3,0761
SPX NIMITZ FEEDER FIC MULTIMERCADO;26/05/2020;3,06721
SPX NIMITZ FEEDER FIC MULTIMERCADO;27/05/2020;3,059501
SPX NIMITZ FEEDER FIC MULTIMERCADO;28/05/2020;3,058956
SPX NIMITZ FEEDER FIC MULTIMERCADO;29/05/2020;3,061087
SPX NIMITZ FEEDER FIC MULTIMERCADO;01/06/2020;3,060111
SPX NIMITZ FEEDER FIC MULTIMERCADO;02/06/2020;3,060133
SPX NIMITZ FEEDER FIC MULTIMERCADO;03/06/2020;3,066634
SPX NIMITZ FEEDER FIC MULTIMERCADO;04/06/2020;3,07576
SPX NIMITZ FEEDER FIC MULTIMERCADO;05/06/2020;3,073468
SPX NIMITZ FEEDER FIC MULTIMERCADO;08/06/2020;3,078192
SPX NIMITZ FEEDER FIC MULTIMERCADO;09/06/2020;3,079177
SPX NIMITZ FEEDER FIC MULTIMERCADO;10/06/2020;3,080625
SPX NIMITZ FEEDER FIC MULTIMERCADO;12/06/2020;3,077387
SPX NIMITZ FEEDER FIC MULTIMERCADO;15/06/2020;3,077984
SPX NIMITZ FEEDER FIC MULTIMERCADO;16/06/2020;3,079806
SPX NIMITZ FEEDER FIC MULTIMERCADO;17/06/2020;3,088928
SPX NIMITZ FEEDER FIC MULTIMERCADO;18/06/2020;3,083761
SPX NIMITZ FEEDER FIC MULTIMERCADO;19/06/2020;3,076679
SPX NIMITZ FEEDER FIC MULTIMERCADO;22/06/2020;3,074762
SPX NIMITZ FEEDER FIC MULTIMERCADO;23/06/2020;3,076767
SPX NIMITZ FEEDER FIC MULTIMERCADO;24/06/2020;3,07863
SPX NIMITZ FEEDER FIC MULTIMERCADO;25/06/2020;3,088306
SPX NIMITZ FEEDER FIC MULTIMERCADO;26/06/2020;3,094675
SPX NIMITZ FEEDER FIC MULTIMERCADO;29/06/2020;3,093852
SPX NIMITZ FEEDER FIC MULTIMERCADO;30/06/2020;3,099013
SPX NIMITZ FEEDER FIC MULTIMERCADO;01/07/2020;3,091395
SPX NIMITZ FEEDER FIC MULTIMERCADO;02/07/2020;3,093694
SPX NIMITZ FEEDER FIC MULTIMERCADO;03/07/2020;3,093622
SPX NIMITZ FEEDER FIC MULTIMERCADO;06/07/2020;3,107458
SPX NIMITZ FEEDER FIC MULTIMERCADO;07/07/2020;3,102356
SPX NIMITZ FEEDER FIC MULTIMERCADO;08/07/2020;3,116602
SPX NIMITZ FEEDER FIC MULTIMERCADO;09/07/2020;3,117867
SPX NIMITZ FEEDER FIC MULTIMERCADO;10/07/2020;3,1169
SPX NIMITZ FEEDER FIC MULTIMERCADO;13/07/2020;3,117728
SPX NIMITZ FEEDER FIC MULTIMERCADO;14/07/2020;3,111717
SPX NIMITZ FEEDER FIC MULTIMERCADO;15/07/2020;3,119921
SPX NIMITZ FEEDER FIC MULTIMERCADO;16/07/2020;3,106215
SPX NIMITZ FEEDER FIC MULTIMERCADO;17/07/2020;3,117057
SPX NIMITZ FEEDER FIC MULTIMERCADO;20/07/2020;3,10945
SPX NIMITZ FEEDER FIC MULTIMERCADO;21/07/2020;3,105978
SPX NIMITZ FEEDER FIC MULTIMERCADO;22/07/2020;3,104939
SPX NIMITZ FEEDER FIC MULTIMERCADO;23/07/2020;3,107017
SPX NIMITZ FEEDER FIC MULTIMERCADO;24/07/2020;3,106206
SPX NIMITZ FEEDER FIC MULTIMERCADO;27/07/2020;3,117868
SPX NIMITZ FEEDER FIC MULTIMERCADO;28/07/2020;3,114574
SPX NIMITZ FEEDER FIC MULTIMERCADO;29/07/2020;3,119902
SPX NIMITZ FEEDER FIC MULTIMERCADO;30/07/2020;3,120545
SPX NIMITZ FEEDER FIC MULTIMERCADO;31/07/2020;3,129571
SPX NIMITZ FEEDER FIC MULTIMERCADO;03/08/2020;3,142311
SPX NIMITZ FEEDER FIC MULTIMERCADO;04/08/2020;3,14599
SPX NIMITZ FEEDER FIC MULTIMERCADO;05/08/2020;3,164202
SPX NIMITZ FEEDER FIC MULTIMERCADO;06/08/2020;3,164375
SPX NIMITZ FEEDER FIC MULTIMERCADO;07/08/2020;3,16765
SPX NIMITZ FEEDER FIC MULTIMERCADO;10/08/2020;3,160664
SPX NIMITZ FEEDER FIC MULTIMERCADO;11/08/2020;3,140952
SPX NIMITZ FEEDER FIC MULTIMERCADO;12/08/2020;3,1598
SPX NIMITZ FEEDER FIC MULTIMERCADO;13/08/2020;3,160135
SPX NIMITZ FEEDER FIC MULTIMERCADO;14/08/2020;3,171882
SPX NIMITZ FEEDER FIC MULTIMERCADO;17/08/2020;3,177799
SPX NIMITZ FEEDER FIC MULTIMERCADO;18/08/2020;3,187986
SPX NIMITZ FEEDER FIC MULTIMERCADO;19/08/2020;3,17306
SPX NIMITZ FEEDER FIC MULTIMERCADO;20/08/2020;3,172705
SPX NIMITZ FEEDER FIC MULTIMERCADO;21/08/2020;3,168259
SPX NIMITZ FEEDER FIC MULTIMERCADO;24/08/2020;3,16146
SPX NIMITZ FEEDER FIC MULTIMERCADO;25/08/2020;3,162255
SPX NIMITZ FEEDER FIC MULTIMERCADO;26/08/2020;3,174408
SPX NIMITZ FEEDER FIC MULTIMERCADO;27/08/2020;3,181652
SPX NIMITZ FEEDER FIC MULTIMERCADO;28/08/2020;3,183235
SPX NIMITZ FEEDER FIC MULTIMERCADO;31/08/2020;3,179225
SPX NIMITZ FEEDER FIC MULTIMERCADO;01/09/2020;3,167924
SPX NIMITZ FEEDER FIC MULTIMERCADO;02/09/2020;3,164369
SPX NIMITZ FEEDER FIC MULTIMERCADO;03/09/2020;3,152929
SPX NIMITZ FEEDER FIC MULTIMERCADO;04/09/2020;3,161037
SPX NIMITZ FEEDER FIC MULTIMERCADO;08/09/2020;3,152073
SPX NIMITZ FEEDER FIC MULTIMERCADO;09/09/2020;3,150757
SPX NIMITZ FEEDER FIC MULTIMERCADO;10/09/2020;3,155093
SPX NIMITZ FEEDER FIC MULTIMERCADO;11/09/2020;3,161837
SPX NIMITZ FEEDER FIC MULTIMERCADO;14/09/2020;3,166664
SPX NIMITZ FEEDER FIC MULTIMERCADO;15/09/2020;3,170402
SPX NIMITZ FEEDER FIC MULTIMERCADO;16/09/2020;3,171977
SPX NIMITZ FEEDER FIC MULTIMERCADO;17/09/2020;3,163127
SPX NIMITZ FEEDER FIC MULTIMERCADO;18/09/2020;3,168629
SPX NIMITZ FEEDER FIC MULTIMERCADO;21/09/2020;3,154466
SPX NIMITZ FEEDER FIC MULTIMERCADO;22/09/2020;3,166029
SPX NIMITZ FEEDER FIC MULTIMERCADO;23/09/2020;3,169249
SPX NIMITZ FEEDER FIC MULTIMERCADO;24/09/2020;3,155614
SPX NIMITZ FEEDER FIC MULTIMERCADO;25/09/2020;3,15794
SPX NIMITZ FEEDER FIC MULTIMERCADO;28/09/2020;3,18084
SPX NIMITZ FEEDER FIC MULTIMERCADO;29/09/2020;3,183591
SPX NIMITZ FEEDER FIC MULTIMERCADO;30/09/2020;3,174154
SPX NIMITZ FEEDER FIC MULTIMERCADO;01/10/2020;3,185959
SPX NIMITZ FEEDER FIC MULTIMERCADO;02/10/2020;3,203359
SPX NIMITZ FEEDER FIC MULTIMERCADO;05/10/2020;3,201259
SPX NIMITZ FEEDER FIC MULTIMERCADO;06/10/2020;3,210709
SPX NIMITZ FEEDER FIC MULTIMERCADO;07/10/2020;3,213121
SPX NIMITZ FEEDER FIC MULTIMERCADO;08/10/2020;3,206166
SPX NIMITZ FEEDER FIC MULTIMERCADO;09/10/2020;3,213922
SPX NIMITZ FEEDER FIC MULTIMERCADO;13/10/2020;3,203316
SPX NIMITZ FEEDER FIC MULTIMERCADO;14/10/2020;3,19777
SPX NIMITZ FEEDER FIC MULTIMERCADO;15/10/2020;3,196197
SPX NIMITZ FEEDER FIC MULTIMERCADO;16/10/2020;3,210178
SPX NIMITZ FEEDER FIC MULTIMERCADO;19/10/2020;3,199662
SPX NIMITZ FEEDER FIC MULTIMERCADO;20/10/2020;3,20508
SPX NIMITZ FEEDER FIC MULTIMERCADO;21/10/2020;3,220489
SPX NIMITZ FEEDER FIC MULTIMERCADO;22/10/2020;3,221202
SPX NIMITZ FEEDER FIC MULTIMERCADO;23/10/2020;3,231369
SPX NIMITZ FEEDER FIC MULTIMERCADO;26/10/2020;3,220734
SPX NIMITZ FEEDER FIC MULTIMERCADO;27/10/2020;3,218723
SPX NIMITZ FEEDER FIC MULTIMERCADO;28/10/2020;3,220462
SPX NIMITZ FEEDER FIC MULTIMERCADO;29/10/2020;3,216041
SPX NIMITZ FEEDER FIC MULTIMERCADO;30/10/2020;3,225596
SPX NIMITZ FEEDER FIC MULTIMERCADO;03/11/2020;3,235334
SPX NIMITZ FEEDER FIC MULTIMERCADO;04/11/2020;3,212937
SPX NIMITZ FEEDER FIC MULTIMERCADO;05/11/2020;3,224766
SPX NIMITZ FEEDER FIC MULTIMERCADO;06/11/2020;3,234381
SPX NIMITZ FEEDER FIC MULTIMERCADO;09/11/2020;3,226743
SPX NIMITZ FEEDER FIC MULTIMERCADO;10/11/2020;3,232804
SPX NIMITZ FEEDER FIC MULTIMERCADO;11/11/2020;3,232097
SPX NIMITZ FEEDER FIC MULTIMERCADO;12/11/2020;3,206656
SPX NIMITZ FEEDER FIC MULTIMERCADO;13/11/2020;3,206226
SPX NIMITZ FEEDER FIC MULTIMERCADO;16/11/2020;3,202368
SPX NIMITZ FEEDER FIC MULTIMERCADO;17/11/2020;3,187906
SPX NIMITZ FEEDER FIC MULTIMERCADO;18/11/2020;3,184102
SPX NIMITZ FEEDER FIC MULTIMERCADO;19/11/2020;3,177123
SPX NIMITZ FEEDER FIC MULTIMERCADO;20/11/2020;3,178117
SPX NIMITZ FEEDER FIC MULTIMERCADO;23/11/2020;3,188249
SPX NIMITZ FEEDER FIC MULTIMERCADO;24/11/2020;3,195193
SPX NIMITZ FEEDER FIC MULTIMERCADO;25/11/2020;3,176073
SPX NIMITZ FEEDER FIC MULTIMERCADO;26/11/2020;3,169795
SPX NIMITZ FEEDER FIC MULTIMERCADO;27/11/2020;3,174814
SPX NIMITZ FEEDER FIC MULTIMERCADO;30/11/2020;3,175205
SPX NIMITZ FEEDER FIC MULTIMERCADO;01/12/2020;3,178786
SPX NIMITZ FEEDER FIC MULTIMERCADO;02/12/2020;3,174862
SPX NIMITZ FEEDER FIC MULTIMERCADO;03/12/2020;3,183294
SPX NIMITZ FEEDER FIC MULTIMERCADO;04/12/2020;3,204667
SPX NIMITZ FEEDER FIC MULTIMERCADO;07/12/2020;3,189879
SPX NIMITZ FEEDER FIC MULTIMERCADO;08/12/2020;3,184067
SPX NIMITZ FEEDER FIC MULTIMERCADO;09/12/2020;3,177306
SPX NIMITZ FEEDER FIC MULTIMERCADO;10/12/2020;3,187925
SPX NIMITZ FEEDER FIC MULTIMERCADO;11/12/2020;3,181044
SPX NIMITZ FEEDER FIC MULTIMERCADO;14/12/2020;3,187739
SPX NIMITZ FEEDER FIC MULTIMERCADO;15/12/2020;3,194895
SPX NIMITZ FEEDER FIC MULTIMERCADO;16/12/2020;3,205269
SPX NIMITZ FEEDER FIC MULTIMERCADO;17/12/2020;3,222043
SPX NIMITZ FEEDER FIC MULTIMERCADO;18/12/2020;3,22336
SPX NIMITZ FEEDER FIC MULTIMERCADO;21/12/2020;3,212463
SPX NIMITZ FEEDER FIC MULTIMERCADO;22/12/2020;3,195761
SPX NIMITZ FEEDER FIC MULTIMERCADO;23/12/2020;3,216591
SPX NIMITZ FEEDER FIC MULTIMERCADO;24/12/2020;3,217623
SPX NIMITZ FEEDER FIC MULTIMERCADO;28/12/2020;3,225459
SPX NIMITZ FEEDER FIC MULTIMERCADO;29/12/2020;3,238749
SPX NIMITZ FEEDER FIC MULTIMERCADO;30/12/2020;3,249741
SPX NIMITZ FEEDER FIC MULTIMERCADO;31/12/2020;3,250768
SPX NIMITZ FEEDER FIC MULTIMERCADO;04/01/2021;3,249509
SPX NIMITZ FEEDER FIC MULTIMERCADO;05/01/2021;3,269165
SPX NIMITZ FEEDER FIC MULTIMERCADO;06/01/2021;3,283765
SPX NIMITZ FEEDER FIC MULTIMERCADO;07/01/2021;3,284491
SPX NIMITZ FEEDER FIC MULTIMERCADO;08/01/2021;3,292453
SPX NIMITZ FEEDER FIC MULTIMERCADO;11/01/2021;3,279644
SPX NIMITZ FEEDER FIC MULTIMERCADO;12/01/2021;3,293544
SPX NIMITZ FEEDER FIC MULTIMERCADO;13/01/2021;3,286515
SPX NIMITZ FEEDER FIC MULTIMERCADO;14/01/2021;3,300332
SPX NIMITZ FEEDER FIC MULTIMERCADO;15/01/2021;3,290455
SPX NIMITZ FEEDER FIC MULTIMERCADO;18/01/2021;3,280463
SPX NIMITZ FEEDER FIC MULTIMERCADO;19/01/2021;3,273114
SPX NIMITZ FEEDER FIC MULTIMERCADO;20/01/2021;3,27989
SPX NIMITZ FEEDER FIC MULTIMERCADO;21/01/2021;3,283284
SPX NIMITZ FEEDER FIC MULTIMERCADO;22/01/2021;3,25625
SPX NIMITZ FEEDER FIC MULTIMERCADO;25/01/2021;3,256525
SPX NIMITZ FEEDER FIC MULTIMERCADO;26/01/2021;3,243955
SPX NIMITZ FEEDER FIC MULTIMERCADO;27/01/2021;3,23161
SPX NIMITZ FEEDER FIC MULTIMERCADO;28/01/2021;3,229953
SPX NIMITZ FEEDER FIC MULTIMERCADO;29/01/2021;3,228854
SPX NIMITZ FEEDER FIC MULTIMERCADO;01/02/2021;3,256627
SPX NIMITZ FEEDER FIC MULTIMERCADO;02/02/2021;3,270646
SPX NIMITZ FEEDER FIC MULTIMERCADO;03/02/2021;3,284561
SPX NIMITZ FEEDER FIC MULTIMERCADO;04/02/2021;3,29649
SPX NIMITZ FEEDER FIC MULTIMERCADO;05/02/2021;3,316831
SPX NIMITZ FEEDER FIC MULTIMERCADO;08/02/2021;3,32422
SPX NIMITZ FEEDER FIC MULTIMERCADO;09/02/2021;3,317281
SPX NIMITZ FEEDER FIC MULTIMERCADO;10/02/2021;3,309267
SPX NIMITZ FEEDER FIC MULTIMERCADO;11/02/2021;3,312414
SPX NIMITZ FEEDER FIC MULTIMERCADO;12/02/2021;3,333331
SPX NIMITZ FEEDER FIC MULTIMERCADO;17/02/2021;3,378177
SPX NIMITZ FEEDER FIC MULTIMERCADO;18/02/2021;3,383727
SPX NIMITZ FEEDER FIC MULTIMERCADO;19/02/2021;3,407615
SPX NIMITZ FEEDER FIC MULTIMERCADO;22/02/2021;3,403704
SPX NIMITZ FEEDER FIC MULTIMERCADO;23/02/2021;3,405179
SPX NIMITZ FEEDER FIC MULTIMERCADO;24/02/2021;3,412551
SPX NIMITZ FEEDER FIC MULTIMERCADO;25/02/2021;3,417376
SPX NIMITZ FEEDER FIC MULTIMERCADO;26/02/2021;3,403466
SPX NIMITZ FEEDER FIC MULTIMERCADO;01/03/2021;3,39762
SPX NIMITZ FEEDER FIC MULTIMERCADO;02/03/2021;3,391347
SPX NIMITZ FEEDER FIC MULTIMERCADO;03/03/2021;3,419634
SPX NIMITZ FEEDER FIC MULTIMERCADO;04/03/2021;3,44768
SPX NIMITZ FEEDER FIC MULTIMERCADO;05/03/2021;3,48578
SPX NIMITZ FEEDER FIC MULTIMERCADO;08/03/2021;3,481195
SPX NIMITZ FEEDER FIC MULTIMERCADO;09/03/2021;3,44903
SPX NIMITZ FEEDER FIC MULTIMERCADO;10/03/2021;3,436597
SPX NIMITZ FEEDER FIC MULTIMERCADO;11/03/2021;3,450098
SPX NIMITZ FEEDER FIC MULTIMERCADO;12/03/2021;3,472237
SPX NIMITZ FEEDER FIC MULTIMERCADO;15/03/2021;3,464919
SPX NIMITZ FEEDER FIC MULTIMERCADO;16/03/2021;3,457634
SPX NIMITZ FEEDER FIC MULTIMERCADO;17/03/2021;3,471912
SPX NIMITZ FEEDER FIC MULTIMERCADO;18/03/2021;3,478949
SPX NIMITZ FEEDER FIC MULTIMERCADO;19/03/2021;3,470526
SPX NIMITZ FEEDER FIC MULTIMERCADO;22/03/2021;3,448719
SPX NIMITZ FEEDER FIC MULTIMERCADO;23/03/2021;3,434237
SPX NIMITZ FEEDER FIC MULTIMERCADO;24/03/2021;3,441425
SPX NIMITZ FEEDER FIC MULTIMERCADO;25/03/2021;3,440525
SPX NIMITZ FEEDER FIC MULTIMERCADO;26/03/2021;3,46304
SPX NIMITZ FEEDER FIC MULTIMERCADO;29/03/2021;3,469307
SPX NIMITZ FEEDER FIC MULTIMERCADO;30/03/2021;3,491483
SPX NIMITZ FEEDER FIC MULTIMERCADO;31/03/2021;3,490837
SPX NIMITZ FEEDER FIC MULTIMERCADO;01/04/2021;3,47934
SPX NIMITZ FEEDER FIC MULTIMERCADO;05/04/2021;3,47272
SPX NIMITZ FEEDER FIC MULTIMERCADO;06/04/2021;3,461608
SPX NIMITZ FEEDER FIC MULTIMERCADO;07/04/2021;3,458609
SPX NIMITZ FEEDER FIC MULTIMERCADO;08/04/2021;3,449289
SPX NIMITZ FEEDER FIC MULTIMERCADO;09/04/2021;3,458293
SPX NIMITZ FEEDER FIC MULTIMERCADO;12/04/2021;3,450842
SPX NIMITZ FEEDER FIC MULTIMERCADO;13/04/2021;3,431009
SPX NIMITZ FEEDER FIC MULTIMERCADO;14/04/2021;3,443109
SPX NIMITZ FEEDER FIC MULTIMERCADO;15/04/2021;3,419064
SPX NIMITZ FEEDER FIC MULTIMERCADO;16/04/2021;3,425572
SPX NIMITZ FEEDER FIC MULTIMERCADO;19/04/2021;3,430684
SPX NIMITZ FEEDER FIC MULTIMERCADO;20/04/2021;3,416535
SPX NIMITZ FEEDER FIC MULTIMERCADO;22/04/2021;3,429721
SPX NIMITZ FEEDER FIC MULTIMERCADO;23/04/2021;3,440495
SPX NIMITZ FEEDER FIC MULTIMERCADO;26/04/2021;3,453255
SPX NIMITZ FEEDER FIC MULTIMERCADO;27/04/2021;3,467296
SPX NIMITZ FEEDER FIC MULTIMERCADO;28/04/2021;3,473356
SPX NIMITZ FEEDER FIC MULTIMERCADO;29/04/2021;3,487772
SPX NIMITZ FEEDER FIC MULTIMERCADO;30/04/2021;3,488823
SPX NIMITZ FEEDER FIC MULTIMERCADO;03/05/2021;3,485756
SPX NIMITZ FEEDER FIC MULTIMERCADO;04/05/2021;3,485872
SPX NIMITZ FEEDER FIC MULTIMERCADO;05/05/2021;3,477775
SPX NIMITZ FEEDER FIC MULTIMERCADO;06/05/2021;3,468204
SPX NIMITZ FEEDER FIC MULTIMERCADO;07/05/2021;3,472501
SPX NIMITZ FEEDER FIC MULTIMERCADO;10/05/2021;3,467958
SPX NIMITZ FEEDER FIC MULTIMERCADO;11/05/2021;3,47765
SPX NIMITZ FEEDER FIC MULTIMERCADO;12/05/2021;3,482806
SPX NIMITZ FEEDER FIC MULTIMERCADO;13/05/2021;3,473466
SPX NIMITZ FEEDER FIC MULTIMERCADO;14/05/2021;3,47063
SPX NIMITZ FEEDER FIC MULTIMERCADO;17/05/2021;3,477637
SPX NIMITZ FEEDER FIC MULTIMERCADO;18/05/2021;3,474845
SPX NIMITZ FEEDER FIC MULTIMERCADO;19/05/2021;3,459077
SPX NIMITZ FEEDER FIC MULTIMERCADO;20/05/2021;3,468001
SPX NIMITZ FEEDER FIC MULTIMERCADO;21/05/2021;3,462072
SPX NIMITZ FEEDER FIC MULTIMERCADO;24/05/2021;3,46462
SPX NIMITZ FEEDER FIC MULTIMERCADO;25/05/2021;3,447392
SPX NIMITZ FEEDER FIC MULTIMERCADO;26/05/2021;3,443328
SPX NIMITZ FEEDER FIC MULTIMERCADO;27/05/2021;3,464992
SPX NIMITZ FEEDER FIC MULTIMERCADO;28/05/2021;3,465778
SPX NIMITZ FEEDER FIC MULTIMERCADO;31/05/2021;3,468773
SPX NIMITZ FEEDER FIC MULTIMERCADO;01/06/2021;3,474104
SPX NIMITZ FEEDER FIC MULTIMERCADO;02/06/2021;3,468931
SPX NIMITZ FEEDER FIC MULTIMERCADO;04/06/2021;3,470394
SPX NIMITZ FEEDER FIC MULTIMERCADO;07/06/2021;3,469026
SPX NIMITZ FEEDER FIC MULTIMERCADO;08/06/2021;3,457073
SPX NIMITZ FEEDER FIC MULTIMERCADO;09/06/2021;3,450633
SPX NIMITZ FEEDER FIC MULTIMERCADO;10/06/2021;3,443137
SPX NIMITZ FEEDER FIC MULTIMERCADO;11/06/2021;3,433326
SPX NIMITZ FEEDER FIC MULTIMERCADO;14/06/2021;3,441196
SPX NIMITZ FEEDER FIC MULTIMERCADO;15/06/2021;3,448582
SPX NIMITZ FEEDER FIC MULTIMERCADO;16/06/2021;3,458599
SPX NIMITZ FEEDER FIC MULTIMERCADO;17/06/2021;3,4517
SPX NIMITZ FEEDER FIC MULTIMERCADO;18/06/2021;3,448833
SPX NIMITZ FEEDER FIC MULTIMERCADO;21/06/2021;3,461561
SPX NIMITZ FEEDER FIC MULTIMERCADO;22/06/2021;3,455776
SPX NIMITZ FEEDER FIC MULTIMERCADO;23/06/2021;3,450991
SPX NIMITZ FEEDER FIC MULTIMERCADO;24/06/2021;3,456498
SPX NIMITZ FEEDER FIC MULTIMERCADO;25/06/2021;3,478115
SPX NIMITZ FEEDER FIC MULTIMERCADO;28/06/2021;3,471138
SPX NIMITZ FEEDER FIC MULTIMERCADO;29/06/2021;3,478024
SPX NIMITZ FEEDER FIC MULTIMERCADO;30/06/2021;3,479258
SPX NIMITZ FEEDER FIC MULTIMERCADO;01/07/2021;3,487003
SPX NIMITZ FEEDER FIC MULTIMERCADO;02/07/2021;3,481139
SPX NIMITZ FEEDER FIC MULTIMERCADO;05/07/2021;3,483009
SPX NIMITZ FEEDER FIC MULTIMERCADO;06/07/2021;3,45232
SPX NIMITZ FEEDER FIC MULTIMERCADO;07/07/2021;3,442309
SPX NIMITZ FEEDER FIC MULTIMERCADO;08/07/2021;3,43004
SPX NIMITZ FEEDER FIC MULTIMERCADO;09/07/2021;3,430692
SPX NIMITZ FEEDER FIC MULTIMERCADO;12/07/2021;3,440414
SPX NIMITZ FEEDER FIC MULTIMERCADO;13/07/2021;3,448948
SPX NIMITZ FEEDER FIC MULTIMERCADO;14/07/2021;3,434743
SPX NIMITZ FEEDER FIC MULTIMERCADO;15/07/2021;3,43481
SPX NIMITZ FEEDER FIC MULTIMERCADO;16/07/2021;3,432322
SPX NIMITZ FEEDER FIC MULTIMERCADO;19/07/2021;3,396861
SPX NIMITZ FEEDER FIC MULTIMERCADO;20/07/2021;3,391487
SPX NIMITZ FEEDER FIC MULTIMERCADO;21/07/2021;3,409499
SPX NIMITZ FEEDER FIC MULTIMERCADO;22/07/2021;3,404312
SPX NIMITZ FEEDER FIC MULTIMERCADO;23/07/2021;3,396978
SPX NIMITZ FEEDER FIC MULTIMERCADO;26/07/2021;3,391866
SPX NIMITZ FEEDER FIC MULTIMERCADO;27/07/2021;3,387411
SPX NIMITZ FEEDER FIC MULTIMERCADO;28/07/2021;3,386727
SPX NIMITZ FEEDER FIC MULTIMERCADO;29/07/2021;3,391295
SPX NIMITZ FEEDER FIC MULTIMERCADO;30/07/2021;3,379241
SPX NIMITZ FEEDER FIC MULTIMERCADO;02/08/2021;3,36953
SPX NIMITZ FEEDER FIC MULTIMERCADO;03/08/2021;3,371295
SPX NIMITZ FEEDER FIC MULTIMERCADO;04/08/2021;3,361285
SPX NIMITZ FEEDER FIC MULTIMERCADO;05/08/2021;3,360925
SPX NIMITZ FEEDER FIC MULTIMERCADO;06/08/2021;3,390825
SPX NIMITZ FEEDER FIC MULTIMERCADO;09/08/2021;3,388958
SPX NIMITZ FEEDER FIC MULTIMERCADO;10/08/2021;3,3984
SPX NIMITZ FEEDER FIC MULTIMERCADO;11/08/2021;3,395422
SPX NIMITZ FEEDER FIC MULTIMERCADO;12/08/2021;3,396658
SPX NIMITZ FEEDER FIC MULTIMERCADO;13/08/2021;3,379773
SPX NIMITZ FEEDER FIC MULTIMERCADO;16/08/2021;3,376857
SPX NIMITZ FEEDER FIC MULTIMERCADO;17/08/2021;3,381009
SPX NIMITZ FEEDER FIC MULTIMERCADO;18/08/2021;3,375222
SPX NIMITZ FEEDER FIC MULTIMERCADO;19/08/2021;3,376798
SPX NIMITZ FEEDER FIC MULTIMERCADO;20/08/2021;3,375204
SPX NIMITZ FEEDER FIC MULTIMERCADO;23/08/2021;3,373666
SPX NIMITZ FEEDER FIC MULTIMERCADO;24/08/2021;3,375947
SPX NIMITZ FEEDER FIC MULTIMERCADO;25/08/2021;3,386113
SPX NIMITZ FEEDER FIC MULTIMERCADO;26/08/2021;3,394376
SPX NIMITZ FEEDER FIC MULTIMERCADO;27/08/2021;3,382665
SPX NIMITZ FEEDER FIC MULTIMERCADO;30/08/2021;3,378479
SPX NIMITZ FEEDER FIC MULTIMERCADO;31/08/2021;3,389298
SPX NIMITZ FEEDER FIC MULTIMERCADO;01/09/2021;3,385012
SPX NIMITZ FEEDER FIC MULTIMERCADO;02/09/2021;3,382861
SPX NIMITZ FEEDER FIC MULTIMERCADO;03/09/2021;3,386564
SPX NIMITZ FEEDER FIC MULTIMERCADO;06/09/2021;3,382457
SPX NIMITZ FEEDER FIC MULTIMERCADO;08/09/2021;3,399203
SPX NIMITZ FEEDER FIC MULTIMERCADO;09/09/2021;3,405143
SPX NIMITZ FEEDER FIC MULTIMERCADO;10/09/2021;3,404309
SPX NIMITZ FEEDER FIC MULTIMERCADO;13/09/2021;3,399965
SPX NIMITZ FEEDER FIC MULTIMERCADO;14/09/2021;3,391269
SPX NIMITZ FEEDER FIC MULTIMERCADO;15/09/2021;3,39112
SPX NIMITZ FEEDER FIC MULTIMERCADO;16/09/2021;3,405877
SPX NIMITZ FEEDER FIC MULTIMERCADO;17/09/2021;3,427263
SPX NIMITZ FEEDER FIC MULTIMERCADO;20/09/2021;3,406982
SPX NIMITZ FEEDER FIC MULTIMERCADO;21/09/2021;3,404682
SPX NIMITZ FEEDER FIC MULTIMERCADO;22/09/2021;3,415106
SPX NIMITZ FEEDER FIC MULTIMERCADO;23/09/2021;3,440775
SPX NIMITZ FEEDER FIC MULTIMERCADO;24/09/2021;3,460826
SPX NIMITZ FEEDER FIC MULTIMERCADO;27/09/2021;3,471633
SPX NIMITZ FEEDER FIC MULTIMERCADO;28/09/2021;3,499251
SPX NIMITZ FEEDER FIC MULTIMERCADO;29/09/2021;3,50859
SPX NIMITZ FEEDER FIC MULTIMERCADO;30/09/2021;3,504384
SPX NIMITZ FEEDER FIC MULTIMERCADO;01/10/2021;3,495596
SPX NIMITZ FEEDER FIC MULTIMERCADO;04/10/2021;3,506723
SPX NIMITZ FEEDER FIC MULTIMERCADO;05/10/2021;3,517902
SPX NIMITZ FEEDER FIC MULTIMERCADO;06/10/2021;3,52698
SPX NIMITZ FEEDER FIC MULTIMERCADO;07/10/2021;3,538194
SPX NIMITZ FEEDER FIC MULTIMERCADO;08/10/2021;3,551228
SPX NIMITZ FEEDER FIC MULTIMERCADO;11/10/2021;3,574019
SPX NIMITZ FEEDER FIC MULTIMERCADO;13/10/2021;3,525537
SPX NIMITZ FEEDER FIC MULTIMERCADO;14/10/2021;3,515704
SPX NIMITZ FEEDER FIC MULTIMERCADO;15/10/2021;3,532156
SPX NIMITZ FEEDER FIC MULTIMERCADO;18/10/2021;3,558937
SPX NIMITZ FEEDER FIC MULTIMERCADO;19/10/2021;3,562648
SPX NIMITZ FEEDER FIC MULTIMERCADO;20/10/2021;3,553589
SPX NIMITZ FEEDER FIC MULTIMERCADO;21/10/2021;3,587425
SPX NIMITZ FEEDER FIC MULTIMERCADO;22/10/2021;3,572735
SPX NIMITZ FEEDER FIC MULTIMERCADO;25/10/2021;3,557383
SPX NIMITZ FEEDER FIC MULTIMERCADO;26/10/2021;3,557456
SPX NIMITZ FEEDER FIC MULTIMERCADO;27/10/2021;3,523247
SPX NIMITZ FEEDER FIC MULTIMERCADO;28/10/2021;3,541187
SPX NIMITZ FEEDER FIC MULTIMERCADO;29/10/2021;3,563996
SPX NIMITZ FEEDER FIC MULTIMERCADO;01/11/2021;3,576857
SPX NIMITZ FEEDER FIC MULTIMERCADO;03/11/2021;3,578467
SPX NIMITZ FEEDER FIC MULTIMERCADO;04/11/2021;3,563281
SPX NIMITZ FEEDER FIC MULTIMERCADO;05/11/2021;3,529158
SPX NIMITZ FEEDER FIC MULTIMERCADO;08/11/2021;3,517721
SPX NIMITZ FEEDER FIC MULTIMERCADO;09/11/2021;3,491634
SPX NIMITZ FEEDER FIC MULTIMERCADO;10/11/2021;3,536214
SPX NIMITZ FEEDER FIC MULTIMERCADO;11/11/2021;3,548969
SPX NIMITZ FEEDER FIC MULTIMERCADO;12/11/2021;3,560496
SPX NIMITZ FEEDER FIC MULTIMERCADO;16/11/2021;3,583439
SPX NIMITZ FEEDER FIC MULTIMERCADO;17/11/2021;3,581248
SPX NIMITZ FEEDER FIC MULTIMERCADO;18/11/2021;3,579243
SPX NIMITZ FEEDER FIC MULTIMERCADO;19/11/2021;3,587461
SPX NIMITZ FEEDER FIC MULTIMERCADO;22/11/2021;3,625558
SPX NIMITZ FEEDER FIC MULTIMERCADO;23/11/2021;3,644489
SPX NIMITZ FEEDER FIC MULTIMERCADO;24/11/2021;3,644061
SPX NIMITZ FEEDER FIC MULTIMERCADO;25/11/2021;3,639784
SPX NIMITZ FEEDER FIC MULTIMERCADO;26/11/2021;3,590993
SPX NIMITZ FEEDER FIC MULTIMERCADO;29/11/2021;3,589269
SPX NIMITZ FEEDER FIC MULTIMERCADO;30/11/2021;3,567949
SPX NIMITZ FEEDER FIC MULTIMERCADO;01/12/2021;3,5731
SPX NIMITZ FEEDER FIC MULTIMERCADO;02/12/2021;3,572271
SPX NIMITZ FEEDER FIC MULTIMERCADO;03/12/2021;3,566852
SPX NIMITZ FEEDER FIC MULTIMERCADO;06/12/2021;3,570845
SPX NIMITZ FEEDER FIC MULTIMERCADO;07/12/2021;3,567755
SPX NIMITZ FEEDER FIC MULTIMERCADO;08/12/2021;3,559537
SPX NIMITZ FEEDER FIC MULTIMERCADO;09/12/2021;3,559639
SPX NIMITZ FEEDER FIC MULTIMERCADO;10/12/2021;3,5636
SPX NIMITZ FEEDER FIC MULTIMERCADO;13/12/2021;3,559335
SPX NIMITZ FEEDER FIC MULTIMERCADO;14/12/2021;3,582974
SPX NIMITZ FEEDER FIC MULTIMERCADO;15/12/2021;3,594004
SPX NIMITZ FEEDER FIC MULTIMERCADO;16/12/2021;3,576375
SPX NIMITZ FEEDER FIC MULTIMERCADO;17/12/2021;3,580797
SPX NIMITZ FEEDER FIC MULTIMERCADO;20/12/2021;3,575632
SPX NIMITZ FEEDER FIC MULTIMERCADO;21/12/2021;3,590631
SPX NIMITZ FEEDER FIC MULTIMERCADO;22/12/2021;3,593234
SPX NIMITZ FEEDER FIC MULTIMERCADO;23/12/2021;3,608412
SPX NIMITZ FEEDER FIC MULTIMERCADO;24/12/2021;3,609098
SPX NIMITZ FEEDER FIC MULTIMERCADO;27/12/2021;3,604787
SPX NIMITZ FEEDER FIC MULTIMERCADO;28/12/2021;3,614057
SPX NIMITZ FEEDER FIC MULTIMERCADO;29/12/2021;3,624186
SPX NIMITZ FEEDER FIC MULTIMERCADO;30/12/2021;3,630475
SPX NIMITZ FEEDER FIC MULTIMERCADO;31/12/2021;3,631589
SPX NIMITZ FEEDER FIC MULTIMERCADO;03/01/2022;3,648121
SPX NIMITZ FEEDER FIC MULTIMERCADO;04/01/2022;3,676236
SPX NIMITZ FEEDER FIC MULTIMERCADO;05/01/2022;3,681554
SPX NIMITZ FEEDER FIC MULTIMERCADO;06/01/2022;3,705909
SPX NIMITZ FEEDER FIC MULTIMERCADO;07/01/2022;3,699789
SPX NIMITZ FEEDER FIC MULTIMERCADO;10/01/2022;3,720651
SPX NIMITZ FEEDER FIC MULTIMERCADO;11/01/2022;3,687186
SPX NIMITZ FEEDER FIC MULTIMERCADO;12/01/2022;3,667961
SPX NIMITZ FEEDER FIC MULTIMERCADO;13/01/2022;3,653745
SPX NIMITZ FEEDER FIC MULTIMERCADO;14/01/2022;3,67759
SPX NIMITZ FEEDER FIC MULTIMERCADO;17/01/2022;3,692261
SPX NIMITZ FEEDER FIC MULTIMERCADO;18/01/2022;3,725801
SPX NIMITZ FEEDER FIC MULTIMERCADO;19/01/2022;3,708627
SPX NIMITZ FEEDER FIC MULTIMERCADO;20/01/2022;3,704608
SPX NIMITZ FEEDER FIC MULTIMERCADO;21/01/2022;3,690197
SPX NIMITZ FEEDER FIC MULTIMERCADO;24/01/2022;3,680563
SPX NIMITZ FEEDER FIC MULTIMERCADO;25/01/2022;3,683061
SPX NIMITZ FEEDER FIC MULTIMERCADO;26/01/2022;3,700069
SPX NIMITZ FEEDER FIC MULTIMERCADO;27/01/2022;3,727257
SPX NIMITZ FEEDER FIC MULTIMERCADO;28/01/2022;3,729968
SPX NIMITZ FEEDER FIC MULTIMERCADO;31/01/2022;3,714918
SPX NIMITZ FEEDER FIC MULTIMERCADO;01/02/2022;3,719333
SPX NIMITZ FEEDER FIC MULTIMERCADO;02/02/2022;3,72354
SPX NIMITZ FEEDER FIC MULTIMERCADO;03/02/2022;3,773199
SPX NIMITZ FEEDER FIC MULTIMERCADO;04/02/2022;3,801322
SPX NIMITZ FEEDER FIC MULTIMERCADO;07/02/2022;3,807933
SPX NIMITZ FEEDER FIC MULTIMERCADO;08/02/2022;3,802392
SPX NIMITZ FEEDER FIC MULTIMERCADO;09/02/2022;3,783113
SPX NIMITZ FEEDER FIC MULTIMERCADO;10/02/2022;3,796121
SPX NIMITZ FEEDER FIC MULTIMERCADO;11/02/2022;3,798534
SPX NIMITZ FEEDER FIC MULTIMERCADO;14/02/2022;3,808908
SPX NIMITZ FEEDER FIC MULTIMERCADO;15/02/2022;3,801784
SPX NIMITZ FEEDER FIC MULTIMERCADO;16/02/2022;3,798061
SPX NIMITZ FEEDER FIC MULTIMERCADO;17/02/2022;3,780629
SPX NIMITZ FEEDER FIC MULTIMERCADO;18/02/2022;3,773128
SPX NIMITZ FEEDER FIC MULTIMERCADO;21/02/2022;3,781952
SPX NIMITZ FEEDER FIC MULTIMERCADO;22/02/2022;3,794726
SPX NIMITZ FEEDER FIC MULTIMERCADO;23/02/2022;3,820796
SPX NIMITZ FEEDER FIC MULTIMERCADO;24/02/2022;3,826622
SPX NIMITZ FEEDER FIC MULTIMERCADO;25/02/2022;3,828145
SPX NIMITZ FEEDER FIC MULTIMERCADO;02/03/2022;3,806804
SPX NIMITZ FEEDER FIC MULTIMERCADO;03/03/2022;3,818344
SPX NIMITZ FEEDER FIC MULTIMERCADO;04/03/2022;3,842104
SPX NIMITZ FEEDER FIC MULTIMERCADO;07/03/2022;3,865057
SPX NIMITZ FEEDER FIC MULTIMERCADO;08/03/2022;3,87717
SPX NIMITZ FEEDER FIC MULTIMERCADO;09/03/2022;3,888725
SPX NIMITZ FEEDER FIC MULTIMERCADO;10/03/2022;3,912248
SPX NIMITZ FEEDER FIC MULTIMERCADO;11/03/2022;3,920144
SPX NIMITZ FEEDER FIC MULTIMERCADO;14/03/2022;3,919529
SPX NIMITZ FEEDER FIC MULTIMERCADO;15/03/2022;3,91749
SPX NIMITZ FEEDER FIC MULTIMERCADO;16/03/2022;3,918686
SPX NIMITZ FEEDER FIC MULTIMERCADO;17/03/2022;3,944081
SPX NIMITZ FEEDER FIC MULTIMERCADO;18/03/2022;3,970796
SPX NIMITZ FEEDER FIC MULTIMERCADO;21/03/2022;4,00823
SPX NIMITZ FEEDER FIC MULTIMERCADO;22/03/2022;4,052823
SPX NIMITZ FEEDER FIC MULTIMERCADO;23/03/2022;4,067551
SPX NIMITZ FEEDER FIC MULTIMERCADO;24/03/2022;4,119268
SPX NIMITZ FEEDER FIC MULTIMERCADO;25/03/2022;4,161287
SPX NIMITZ FEEDER FIC MULTIMERCADO;28/03/2022;4,165629
SPX NIMITZ FEEDER FIC MULTIMERCADO;29/03/2022;4,13887
SPX NIMITZ FEEDER FIC MULTIMERCADO;30/03/2022;4,121269
SPX NIMITZ FEEDER FIC MULTIMERCADO;31/03/2022;4,109127
SPX NIMITZ FEEDER FIC MULTIMERCADO;01/04/2022;4,151737
SPX NIMITZ FEEDER FIC MULTIMERCADO;04/04/2022;4,162758
SPX NIMITZ FEEDER FIC MULTIMERCADO;05/04/2022;4,167707
SPX NIMITZ FEEDER FIC MULTIMERCADO;06/04/2022;4,174293
SPX NIMITZ FEEDER FIC MULTIMERCADO;07/04/2022;4,173863
SPX NIMITZ FEEDER FIC MULTIMERCADO;08/04/2022;4,202484
SPX NIMITZ FEEDER FIC MULTIMERCADO;11/04/2022;4,182231
SPX NIMITZ FEEDER FIC MULTIMERCADO;12/04/2022;4,179948
SPX NIMITZ FEEDER FIC MULTIMERCADO;13/04/2022;4,174861
SPX NIMITZ FEEDER FIC MULTIMERCADO;14/04/2022;4,180115
SPX NIMITZ FEEDER FIC MULTIMERCADO;18/04/2022;4,195855
SPX NIMITZ FEEDER FIC MULTIMERCADO;19/04/2022;4,203277
SPX NIMITZ FEEDER FIC MULTIMERCADO;20/04/2022;4,198778
SPX NIMITZ FEEDER FIC MULTIMERCADO;22/04/2022;4,221365
SPX NIMITZ FEEDER FIC MULTIMERCADO;25/04/2022;4,224694
SPX NIMITZ FEEDER FIC MULTIMERCADO;26/04/2022;4,214445
SPX NIMITZ FEEDER FIC MULTIMERCADO;27/04/2022;4,240843
SPX NIMITZ FEEDER FIC MULTIMERCADO;28/04/2022;4,260072
SPX NIMITZ FEEDER FIC MULTIMERCADO;29/04/2022;4,254434
SPX NIMITZ FEEDER FIC MULTIMERCADO;02/05/2022;4,258913
SPX NIMITZ FEEDER FIC MULTIMERCADO;03/05/2022;4,257974
SPX NIMITZ FEEDER FIC MULTIMERCADO;04/05/2022;4,323354
SPX NIMITZ FEEDER FIC MULTIMERCADO;05/05/2022;4,317146
SPX NIMITZ FEEDER FIC MULTIMERCADO;06/05/2022;4,319692
SPX NIMITZ FEEDER FIC MULTIMERCADO;09/05/2022;4,350379
SPX NIMITZ FEEDER FIC MULTIMERCADO;10/05/2022;4,349892
SPX NIMITZ FEEDER FIC MULTIMERCADO;11/05/2022;4,327975
SPX NIMITZ FEEDER FIC MULTIMERCADO;12/05/2022;4,317901
SPX NIMITZ FEEDER FIC MULTIMERCADO;13/05/2022;4,31257
SPX NIMITZ FEEDER FIC MULTIMERCADO;16/05/2022;4,320429
SPX NIMITZ FEEDER FIC MULTIMERCADO;17/05/2022;4,318946
SPX NIMITZ FEEDER FIC MULTIMERCADO;18/05/2022;4,335331
SPX NIMITZ FEEDER FIC MULTIMERCADO;19/05/2022;4,321461
SPX NIMITZ FEEDER FIC MULTIMERCADO;20/05/2022;4,328833
SPX NIMITZ FEEDER FIC MULTIMERCADO;23/05/2022;4,318581
SPX NIMITZ FEEDER FIC MULTIMERCADO;24/05/2022;4,292677
SPX NIMITZ FEEDER FIC MULTIMERCADO;25/05/2022;4,288019
SPX NIMITZ FEEDER FIC MULTIMERCADO;26/05/2022;4,302546
SPX NIMITZ FEEDER FIC MULTIMERCADO;27/05/2022;4,298493
SPX NIMITZ FEEDER FIC MULTIMERCADO;30/05/2022;4,279146
SPX NIMITZ FEEDER FIC MULTIMERCADO;31/05/2022;4,313182
SPX NIMITZ FEEDER FIC MULTIMERCADO;01/06/2022;4,321384
SPX NIMITZ FEEDER FIC MULTIMERCADO;02/06/2022;4,307985
SPX NIMITZ FEEDER FIC MULTIMERCADO;03/06/2022;4,324575
SPX NIMITZ FEEDER FIC MULTIMERCADO;06/06/2022;4,338218
SPX NIMITZ FEEDER FIC MULTIMERCADO;07/06/2022;4,337806
SPX NIMITZ FEEDER FIC MULTIMERCADO;08/06/2022;4,361179
SPX NIMITZ FEEDER FIC MULTIMERCADO;09/06/2022;4,405754
SPX NIMITZ FEEDER FIC MULTIMERCADO;10/06/2022;4,455755
SPX NIMITZ FEEDER FIC MULTIMERCADO;13/06/2022;4,518977
SPX NIMITZ FEEDER FIC MULTIMERCADO;14/06/2022;4,512707
SPX NIMITZ FEEDER FIC MULTIMERCADO;15/06/2022;4,50952
SPX NIMITZ FEEDER FIC MULTIMERCADO;17/06/2022;4,497907
SPX NIMITZ FEEDER FIC MULTIMERCADO;20/06/2022;4,501967
SPX NIMITZ FEEDER FIC MULTIMERCADO;21/06/2022;4,500026
SPX NIMITZ FEEDER FIC MULTIMERCADO;22/06/2022;4,480245
SPX NIMITZ FEEDER FIC MULTIMERCADO;23/06/2022;4,474047
SPX NIMITZ FEEDER FIC MULTIMERCADO;24/06/2022;4,439815
SPX NIMITZ FEEDER FIC MULTIMERCADO;27/06/2022;4,43029
SPX NIMITZ FEEDER FIC MULTIMERCADO;28/06/2022;4,419858
SPX NIMITZ FEEDER FIC MULTIMERCADO;29/06/2022;4,420613
SPX NIMITZ FEEDER FIC MULTIMERCADO;30/06/2022;4,416604
SPX NIMITZ FEEDER FIC MULTIMERCADO;01/07/2022;4,417355
SPX NIMITZ FEEDER FIC MULTIMERCADO;04/07/2022;4,408937
SPX NIMITZ FEEDER FIC MULTIMERCADO;05/07/2022;4,437662
SPX NIMITZ FEEDER FIC MULTIMERCADO;06/07/2022;4,434542
SPX NIMITZ FEEDER FIC MULTIMERCADO;07/07/2022;4,44328
SPX NIMITZ FEEDER FIC MULTIMERCADO;08/07/2022;4,422474
SPX NIMITZ FEEDER FIC MULTIMERCADO;11/07/2022;4,43543
SPX NIMITZ FEEDER FIC MULTIMERCADO;12/07/2022;4,443072
SPX NIMITZ FEEDER FIC MULTIMERCADO;13/07/2022;4,445314
SPX NIMITZ FEEDER FIC MULTIMERCADO;14/07/2022;4,485286
SPX NIMITZ FEEDER FIC MULTIMERCADO;15/07/2022;4,452662
SPX NIMITZ FEEDER FIC MULTIMERCADO;18/07/2022;4,416636
SPX NIMITZ FEEDER FIC MULTIMERCADO;19/07/2022;4,380479
SPX NIMITZ FEEDER FIC MULTIMERCADO;20/07/2022;4,396795
SPX NIMITZ FEEDER FIC MULTIMERCADO;21/07/2022;4,394339
SPX NIMITZ FEEDER FIC MULTIMERCADO;22/07/2022;4,392428
SPX NIMITZ FEEDER FIC MULTIMERCADO;25/07/2022;4,382463
SPX NIMITZ FEEDER FIC MULTIMERCADO;26/07/2022;4,392849
SPX NIMITZ FEEDER FIC MULTIMERCADO;27/07/2022;4,379742
SPX NIMITZ FEEDER FIC MULTIMERCADO;28/07/2022;4,369185
SPX NIMITZ FEEDER FIC MULTIMERCADO;29/07/2022;4,364151
SPX NIMITZ FEEDER FIC MULTIMERCADO;01/08/2022;4,356249
SPX NIMITZ FEEDER FIC MULTIMERCADO;02/08/2022;4,355608
SPX NIMITZ FEEDER FIC MULTIMERCADO;03/08/2022;4,365603
SPX NIMITZ FEEDER FIC MULTIMERCADO;04/08/2022;4,371313
SPX NIMITZ FEEDER FIC MULTIMERCADO;05/08/2022;4,388809
SPX NIMITZ FEEDER FIC MULTIMERCADO;08/08/2022;4,386039
SPX NIMITZ FEEDER FIC MULTIMERCADO;09/08/2022;4,387792
SPX NIMITZ FEEDER FIC MULTIMERCADO;10/08/2022;4,343777
SPX NIMITZ FEEDER FIC MULTIMERCADO;11/08/2022;4,313269
SPX NIMITZ FEEDER FIC MULTIMERCADO;12/08/2022;4,307837
SPX NIMITZ FEEDER FIC MULTIMERCADO;15/08/2022;4,329136
SPX NIMITZ FEEDER FIC MULTIMERCADO;16/08/2022;4,337224
SPX NIMITZ FEEDER FIC MULTIMERCADO;17/08/2022;4,345955
SPX NIMITZ FEEDER FIC MULTIMERCADO;18/08/2022;4,378918
SPX NIMITZ FEEDER FIC MULTIMERCADO;19/08/2022;4,403934
SPX NIMITZ FEEDER FIC MULTIMERCADO;22/08/2022;4,44234
SPX NIMITZ FEEDER FIC MULTIMERCADO;23/08/2022;4,439168
SPX NIMITZ FEEDER FIC MULTIMERCADO;24/08/2022;4,440957
SPX NIMITZ FEEDER FIC MULTIMERCADO;25/08/2022;4,418855
SPX NIMITZ FEEDER FIC MULTIMERCADO;26/08/2022;4,445549
SPX NIMITZ FEEDER FIC MULTIMERCADO;29/08/2022;4,452831
SPX NIMITZ FEEDER FIC MULTIMERCADO;30/08/2022;4,436907
SPX NIMITZ FEEDER FIC MULTIMERCADO;31/08/2022;4,456587
SPX NIMITZ FEEDER FIC MULTIMERCADO;01/09/2022;4,485809
SPX NIMITZ FEEDER FIC MULTIMERCADO;02/09/2022;4,477053
SPX NIMITZ FEEDER FIC MULTIMERCADO;05/09/2022;4,483748
SPX NIMITZ FEEDER FIC MULTIMERCADO;06/09/2022;4,466268
SPX NIMITZ FEEDER FIC MULTIMERCADO;08/09/2022;4,459935
SPX NIMITZ FEEDER FIC MULTIMERCADO;09/09/2022;4,463542
SPX NIMITZ FEEDER FIC MULTIMERCADO;12/09/2022;4,450133
SPX NIMITZ FEEDER FIC MULTIMERCADO;13/09/2022;4,500747
SPX NIMITZ FEEDER FIC MULTIMERCADO;14/09/2022;4,530022
SPX NIMITZ FEEDER FIC MULTIMERCADO;15/09/2022;4,548362
SPX NIMITZ FEEDER FIC MULTIMERCADO;16/09/2022;4,552419
SPX NIMITZ FEEDER FIC MULTIMERCADO;19/09/2022;4,559125
SPX NIMITZ FEEDER FIC MULTIMERCADO;20/09/2022;4,591566
SPX NIMITZ FEEDER FIC MULTIMERCADO;21/09/2022;4,612173
SPX NIMITZ FEEDER FIC MULTIMERCADO;22/09/2022;4,662813
SPX NIMITZ FEEDER FIC MULTIMERCADO;23/09/2022;4,706891
SPX NIMITZ FEEDER FIC MULTIMERCADO;26/09/2022;4,720683
SPX NIMITZ FEEDER FIC MULTIMERCADO;27/09/2022;4,725451
SPX NIMITZ FEEDER FIC MULTIMERCADO;28/09/2022;4,675426
SPX NIMITZ FEEDER FIC MULTIMERCADO;29/09/2022;4,691327
SPX NIMITZ FEEDER FIC MULTIMERCADO;30/09/2022;4,687188
SPX NIMITZ FEEDER FIC MULTIMERCADO;03/10/2022;4,667802
SPX NIMITZ FEEDER FIC MULTIMERCADO;04/10/2022;4,636547
SPX NIMITZ FEEDER FIC MULTIMERCADO;05/10/2022;4,630539
SPX NIMITZ FEEDER FIC MULTIMERCADO;06/10/2022;4,646391
SPX NIMITZ FEEDER FIC MULTIMERCADO;07/10/2022;4,67018
SPX NIMITZ FEEDER FIC MULTIMERCADO;10/10/2022;4,699141
SPX NIMITZ FEEDER FIC MULTIMERCADO;11/10/2022;4,695124
SPX NIMITZ FEEDER FIC MULTIMERCADO;13/10/2022;4,643872
SPX NIMITZ FEEDER FIC MULTIMERCADO;14/10/2022;4,669181
SPX NIMITZ FEEDER FIC MULTIMERCADO;17/10/2022;4,637009
SPX NIMITZ FEEDER FIC MULTIMERCADO;18/10/2022;4,654397
SPX NIMITZ FEEDER FIC MULTIMERCADO;19/10/2022;4,663176
SPX NIMITZ FEEDER FIC MULTIMERCADO;20/10/2022;4,661629
SPX NIMITZ FEEDER FIC MULTIMERCADO;21/10/2022;4,665319
SPX NIMITZ FEEDER FIC MULTIMERCADO;24/10/2022;4,656022
SPX NIMITZ FEEDER FIC MULTIMERCADO;25/10/2022;4,625678
SPX NIMITZ FEEDER FIC MULTIMERCADO;26/10/2022;4,595021
SPX NIMITZ FEEDER FIC MULTIMERCADO;27/10/2022;4,598498
SPX NIMITZ FEEDER FIC MULTIMERCADO;28/10/2022;4,607257
SPX NIMITZ FEEDER FIC MULTIMERCADO;31/10/2022;4,645204
SPX NIMITZ FEEDER FIC MULTIMERCADO;01/11/2022;4,63016
SPX NIMITZ FEEDER FIC MULTIMERCADO;03/11/2022;4,657737
SPX NIMITZ FEEDER FIC MULTIMERCADO;04/11/2022;4,632378
SPX NIMITZ FEEDER FIC MULTIMERCADO;07/11/2022;4,5889
SPX NIMITZ FEEDER FIC MULTIMERCADO;08/11/2022;4,5388
SPX NIMITZ FEEDER FIC MULTIMERCADO;09/11/2022;4,530043
SPX NIMITZ FEEDER FIC MULTIMERCADO;10/11/2022;4,442664
SPX NIMITZ FEEDER FIC MULTIMERCADO;11/11/2022;4,415527
SPX NIMITZ FEEDER FIC MULTIMERCADO;14/11/2022;4,426637
SPX NIMITZ FEEDER FIC MULTIMERCADO;16/11/2022;4,421197
SPX NIMITZ FEEDER FIC MULTIMERCADO;17/11/2022;4,419292
SPX NIMITZ FEEDER FIC MULTIMERCADO;18/11/2022;4,391101
SPX NIMITZ FEEDER FIC MULTIMERCADO;21/11/2022;4,399224
SPX NIMITZ FEEDER FIC MULTIMERCADO;22/11/2022;4,377825
SPX NIMITZ FEEDER FIC MULTIMERCADO;23/11/2022;4,344892
SPX NIMITZ FEEDER FIC MULTIMERCADO;24/11/2022;4,362444
SPX NIMITZ FEEDER FIC MULTIMERCADO;25/11/2022;4,364612
SPX NIMITZ FEEDER FIC MULTIMERCADO;28/11/2022;4,379349
SPX NIMITZ FEEDER FIC MULTIMERCADO;29/11/2022;4,3905
SPX NIMITZ FEEDER FIC MULTIMERCADO;30/11/2022;4,414503
SPX NIMITZ FEEDER FIC MULTIMERCADO;01/12/2022;4,410843
SPX NIMITZ FEEDER FIC MULTIMERCADO;02/12/2022;4,418059
SPX NIMITZ FEEDER FIC MULTIMERCADO;05/12/2022;4,403084
SPX NIMITZ FEEDER FIC MULTIMERCADO;06/12/2022;4,40486
SPX NIMITZ FEEDER FIC MULTIMERCADO;07/12/2022;4,443471
SPX NIMITZ FEEDER FIC MULTIMERCADO;08/12/2022;4,432828
SPX NIMITZ FEEDER FIC MULTIMERCADO;09/12/2022;4,411723
SPX NIMITZ FEEDER FIC MULTIMERCADO;12/12/2022;4,394383
SPX NIMITZ FEEDER FIC MULTIMERCADO;13/12/2022;4,396146
SPX NIMITZ FEEDER FIC MULTIMERCADO;14/12/2022;4,407855
SPX NIMITZ FEEDER FIC MULTIMERCADO;15/12/2022;4,415427
SPX NIMITZ FEEDER FIC MULTIMERCADO;16/12/2022;4,418393
SPX NIMITZ FEEDER FIC MULTIMERCADO;19/12/2022;4,410905
SPX NIMITZ FEEDER FIC MULTIMERCADO;20/12/2022;4,419999
SPX NIMITZ FEEDER FIC MULTIMERCADO;21/12/2022;4,424063
SPX NIMITZ FEEDER FIC MULTIMERCADO;22/12/2022;4,430677
SPX NIMITZ FEEDER FIC MULTIMERCADO;23/12/2022;4,431378
SPX NIMITZ FEEDER FIC MULTIMERCADO;26/12/2022;4,433413
SPX NIMITZ FEEDER FIC MULTIMERCADO;27/12/2022;4,434727
SPX NIMITZ FEEDER FIC MULTIMERCADO;28/12/2022;4,421471
SPX NIMITZ FEEDER FIC MULTIMERCADO;29/12/2022;4,419382
SPX NIMITZ FEEDER FIC MULTIMERCADO;30/12/2022;4,420734
SPX NIMITZ FEEDER FIC MULTIMERCADO;02/01/2023;4,414294
SPX NIMITZ FEEDER FIC MULTIMERCADO;03/01/2023;4,446796
SPX NIMITZ FEEDER FIC MULTIMERCADO;04/01/2023;4,453361
SPX NIMITZ FEEDER FIC MULTIMERCADO;05/01/2023;4,429435
SPX NIMITZ FEEDER FIC MULTIMERCADO;06/01/2023;4,417006
SPX NIMITZ FEEDER FIC MULTIMERCADO;09/01/2023;4,412682
SPX NIMITZ FEEDER FIC MULTIMERCADO;10/01/2023;4,40933
SPX NIMITZ FEEDER FIC MULTIMERCADO;11/01/2023;4,431772
SPX NIMITZ FEEDER FIC MULTIMERCADO;12/01/2023;4,458373
SPX NIMITZ FEEDER FIC MULTIMERCADO;13/01/2023;4,481344
SPX NIMITZ FEEDER FIC MULTIMERCADO;16/01/2023;4,497691
SPX NIMITZ FEEDER FIC MULTIMERCADO;17/01/2023;4,488681
SPX NIMITZ FEEDER FIC MULTIMERCADO;18/01/2023;4,500873
SPX NIMITZ FEEDER FIC MULTIMERCADO;19/01/2023;4,523713
SPX NIMITZ FEEDER FIC MULTIMERCADO;20/01/2023;4,51624
SPX NIMITZ FEEDER FIC MULTIMERCADO;23/01/2023;4,522628
SPX NIMITZ FEEDER FIC MULTIMERCADO;24/01/2023;4,530128
SPX NIMITZ FEEDER FIC MULTIMERCADO;25/01/2023;4,522286
SPX NIMITZ FEEDER FIC MULTIMERCADO;26/01/2023;4,507397
SPX NIMITZ FEEDER FIC MULTIMERCADO;27/01/2023;4,508177
SPX NIMITZ FEEDER FIC MULTIMERCADO;30/01/2023;4,500372
SPX NIMITZ FEEDER FIC MULTIMERCADO;31/01/2023;4,500871
SPX NIMITZ FEEDER FIC MULTIMERCADO;01/02/2023;4,532155
SPX NIMITZ FEEDER FIC MULTIMERCADO;02/02/2023;4,526467
SPX NIMITZ FEEDER FIC MULTIMERCADO;03/02/2023;4,496844
SPX NIMITZ FEEDER FIC MULTIMERCADO;06/02/2023;4,476752
SPX NIMITZ FEEDER FIC MULTIMERCADO;07/02/2023;4,473163
SPX NIMITZ FEEDER FIC MULTIMERCADO;08/02/2023;4,516094
SPX NIMITZ FEEDER FIC MULTIMERCADO;09/02/2023;4,485326
SPX NIMITZ FEEDER FIC MULTIMERCADO;10/02/2023;4,483341
SPX NIMITZ FEEDER FIC MULTIMERCADO;13/02/2023;4,464099
SPX NIMITZ FEEDER FIC MULTIMERCADO;14/02/2023;4,486506
SPX NIMITZ FEEDER FIC MULTIMERCADO;15/02/2023;4,496657
SPX NIMITZ FEEDER FIC MULTIMERCADO;16/02/2023;4,517199
SPX NIMITZ FEEDER FIC MULTIMERCADO;17/02/2023;4,504519
SPX NIMITZ FEEDER FIC MULTIMERCADO;22/02/2023;4,50457
SPX NIMITZ FEEDER FIC MULTIMERCADO;23/02/2023;4,51321
SPX NIMITZ FEEDER FIC MULTIMERCADO;24/02/2023;4,536692
SPX NIMITZ FEEDER FIC MULTIMERCADO;27/02/2023;4,519445
SPX NIMITZ FEEDER FIC MULTIMERCADO;28/02/2023;4,521985
SPX NIMITZ FEEDER FIC MULTIMERCADO;01/03/2023;4,544594
SPX NIMITZ FEEDER FIC MULTIMERCADO;02/03/2023;4,547092
SPX NIMITZ FEEDER FIC MULTIMERCADO;03/03/2023;4,549609
SPX NIMITZ FEEDER FIC MULTIMERCADO;06/03/2023;4,564657
SPX NIMITZ FEEDER FIC MULTIMERCADO;07/03/2023;4,579266
SPX NIMITZ FEEDER FIC MULTIMERCADO;08/03/2023;4,568837
SPX NIMITZ FEEDER FIC MULTIMERCADO;09/03/2023;4,579795
SPX NIMITZ FEEDER FIC MULTIMERCADO;10/03/2023;4,552749
SPX NIMITZ FEEDER FIC MULTIMERCADO;13/03/2023;4,510902
SPX NIMITZ FEEDER FIC MULTIMERCADO;14/03/2023;4,5092
SPX NIMITZ FEEDER FIC MULTIMERCADO;15/03/2023;4,505092
SPX NIMITZ FEEDER FIC MULTIMERCADO;16/03/2023;4,48626
SPX NIMITZ FEEDER FIC MULTIMERCADO;17/03/2023;4,515001
SPX NIMITZ FEEDER FIC MULTIMERCADO;20/03/2023;4,509076
SPX NIMITZ FEEDER FIC MULTIMERCADO;21/03/2023;4,483448
SPX NIMITZ FEEDER FIC MULTIMERCADO;22/03/2023;4,521164
SPX NIMITZ FEEDER FIC MULTIMERCADO;23/03/2023;4,551882
SPX NIMITZ FEEDER FIC MULTIMERCADO;24/03/2023;4,564205
SPX NIMITZ FEEDER FIC MULTIMERCADO;27/03/2023;4,532997
SPX NIMITZ FEEDER FIC MULTIMERCADO;28/03/2023;4,509822
SPX NIMITZ FEEDER FIC MULTIMERCADO;29/03/2023;4,5034
SPX NIMITZ FEEDER FIC MULTIMERCADO;30/03/2023;4,499918
SPX NIMITZ FEEDER FIC MULTIMERCADO;31/03/2023;4,491225
SPX NIMITZ FEEDER FIC MULTIMERCADO;03/04/2023;4,507271
SPX NIMITZ FEEDER FIC MULTIMERCADO;04/04/2023;4,538787
SPX NIMITZ FEEDER FIC MULTIMERCADO;05/04/2023;4,556839
SPX NIMITZ FEEDER FIC MULTIMERCADO;06/04/2023;4,564138
SPX NIMITZ FEEDER FIC MULTIMERCADO;10/04/2023;4,559149
SPX NIMITZ FEEDER FIC MULTIMERCADO;11/04/2023;4,531858
SPX NIMITZ FEEDER FIC MULTIMERCADO;12/04/2023;4,526441
SPX NIMITZ FEEDER FIC MULTIMERCADO;13/04/2023;4,511099
SPX NIMITZ FEEDER FIC MULTIMERCADO;14/04/2023;4,505429
SPX NIMITZ FEEDER FIC MULTIMERCADO;17/04/2023;4,498369
SPX NIMITZ FEEDER FIC MULTIMERCADO;18/04/2023;4,488286
SPX NIMITZ FEEDER FIC MULTIMERCADO;19/04/2023;4,517495
SPX NIMITZ FEEDER FIC MULTIMERCADO;20/04/2023;4,517958
SPX NIMITZ FEEDER FIC MULTIMERCADO;24/04/2023;4,534227
SPX NIMITZ FEEDER FIC MULTIMERCADO;25/04/2023;4,545286
SPX NIMITZ FEEDER FIC MULTIMERCADO;26/04/2023;4,542455
SPX NIMITZ FEEDER FIC MULTIMERCADO;27/04/2023;4,523607
SPX NIMITZ FEEDER FIC MULTIMERCADO;28/04/2023;4,509282
SPX NIMITZ FEEDER FIC MULTIMERCADO;02/05/2023;4,521689
SPX NIMITZ FEEDER FIC MULTIMERCADO;03/05/2023;4,509008
SPX NIMITZ FEEDER FIC MULTIMERCADO;04/05/2023;4,521382
SPX NIMITZ FEEDER FIC MULTIMERCADO;05/05/2023;4,501546
SPX NIMITZ FEEDER FIC MULTIMERCADO;08/05/2023;4,497849
SPX NIMITZ FEEDER FIC MULTIMERCADO;09/05/2023;4,516621
SPX NIMITZ FEEDER FIC MULTIMERCADO;10/05/2023;4,526531
SPX NIMITZ FEEDER FIC MULTIMERCADO;11/05/2023;4,532124
SPX NIMITZ FEEDER FIC MULTIMERCADO;12/05/2023;4,522843
SPX NIMITZ FEEDER FIC MULTIMERCADO;15/05/2023;4,509949
SPX NIMITZ FEEDER FIC MULTIMERCADO;16/05/2023;4,513572
SPX NIMITZ FEEDER FIC MULTIMERCADO;17/05/2023;4,486198
SPX NIMITZ FEEDER FIC MULTIMERCADO;18/05/2023;4,475667
SPX NIMITZ FEEDER FIC MULTIMERCADO;19/05/2023;4,464234
SPX NIMITZ FEEDER FIC MULTIMERCADO;22/05/2023;4,449521
SPX NIMITZ FEEDER FIC MULTIMERCADO;23/05/2023;4,437281
SPX NIMITZ FEEDER FIC MULTIMERCADO;24/05/2023;4,454014
SPX NIMITZ FEEDER FIC MULTIMERCADO;25/05/2023;4,463327
SPX NIMITZ FEEDER FIC MULTIMERCADO;26/05/2023;4,436623
SPX NIMITZ FEEDER FIC MULTIMERCADO;29/05/2023;4,448623
SPX NIMITZ FEEDER FIC MULTIMERCADO;30/05/2023;4,467443
SPX NIMITZ FEEDER FIC MULTIMERCADO;31/05/2023;4,471272
SPX NIMITZ FEEDER FIC MULTIMERCADO;01/06/2023;4,440497
SPX NIMITZ FEEDER FIC MULTIMERCADO;02/06/2023;4,422543
SPX NIMITZ FEEDER FIC MULTIMERCADO;05/06/2023;4,415688
SPX NIMITZ FEEDER FIC MULTIMERCADO;06/06/2023;4,418756
SPX NIMITZ FEEDER FIC MULTIMERCADO;07/06/2023;4,393535
SPX NIMITZ FEEDER FIC MULTIMERCADO;09/06/2023;4,374527
SPX NIMITZ FEEDER FIC MULTIMERCADO;12/06/2023;4,368646
SPX NIMITZ FEEDER FIC MULTIMERCADO;13/06/2023;4,349473
SPX NIMITZ FEEDER FIC MULTIMERCADO;14/06/2023;4,353732
SPX NIMITZ FEEDER FIC MULTIMERCADO;15/06/2023;4,337292
SPX NIMITZ FEEDER FIC MULTIMERCADO;16/06/2023;4,334702
SPX NIMITZ FEEDER FIC MULTIMERCADO;19/06/2023;4,333656
SPX NIMITZ FEEDER FIC MULTIMERCADO;20/06/2023;4,334329
SPX NIMITZ FEEDER FIC MULTIMERCADO;21/06/2023;4,322586
SPX NIMITZ FEEDER FIC MULTIMERCADO;22/06/2023;4,318532
SPX NIMITZ FEEDER FIC MULTIMERCADO;23/06/2023;4,326958
SPX NIMITZ FEEDER FIC MULTIMERCADO;26/06/2023;4,334389
SPX NIMITZ FEEDER FIC MULTIMERCADO;27/06/2023;4,308986
SPX NIMITZ FEEDER FIC MULTIMERCADO;28/06/2023;4,333974
SPX NIMITZ FEEDER FIC MULTIMERCADO;29/06/2023;4,332468
SPX NIMITZ FEEDER FIC MULTIMERCADO;30/06/2023;4,320895
SPX NIMITZ FEEDER FIC MULTIMERCADO;03/07/2023;4,317952
SPX NIMITZ FEEDER FIC MULTIMERCADO;04/07/2023;4,302911
SPX NIMITZ FEEDER FIC MULTIMERCADO;05/07/2023;4,306993
SPX NIMITZ FEEDER FIC MULTIMERCADO;06/07/2023;4,292149
SPX NIMITZ FEEDER FIC MULTIMERCADO;07/07/2023;4,267421
SPX NIMITZ FEEDER FIC MULTIMERCADO;10/07/2023;4,242891
SPX NIMITZ FEEDER FIC MULTIMERCADO;11/07/2023;4,235519
SPX NIMITZ FEEDER FIC MULTIMERCADO;12/07/2023;4,219565
SPX NIMITZ FEEDER FIC MULTIMERCADO;13/07/2023;4,207129
SPX NIMITZ FEEDER FIC MULTIMERCADO;14/07/2023;4,195761
SPX NIMITZ FEEDER FIC MULTIMERCADO;17/07/2023;4,204863
SPX NIMITZ FEEDER FIC MULTIMERCADO;18/07/2023;4,21218
SPX NIMITZ FEEDER FIC MULTIMERCADO;19/07/2023;4,220095
SPX NIMITZ FEEDER FIC MULTIMERCADO;20/07/2023;4,207231
SPX NIMITZ FEEDER FIC MULTIMERCADO;21/07/2023;4,216493
SPX NIMITZ FEEDER FIC MULTIMERCADO;24/07/2023;4,217965
SPX NIMITZ FEEDER FIC MULTIMERCADO;25/07/2023;4,209251
SPX NIMITZ FEEDER FIC MULTIMERCADO;26/07/2023;4,214367
SPX NIMITZ FEEDER FIC MULTIMERCADO;27/07/2023;4,226734
SPX NIMITZ FEEDER FIC MULTIMERCADO;28/07/2023;4,231819
SPX NIMITZ FEEDER FIC MULTIMERCADO;31/07/2023;4,226556
SPX NIMITZ FEEDER FIC MULTIMERCADO;01/08/2023;4,231357
SPX NIMITZ FEEDER FIC MULTIMERCADO;02/08/2023;4,242094
SPX NIMITZ FEEDER FIC MULTIMERCADO;03/08/2023;4,261442
SPX NIMITZ FEEDER FIC MULTIMERCADO;04/08/2023;4,25402
SPX NIMITZ FEEDER FIC MULTIMERCADO;07/08/2023;4,257405
SPX NIMITZ FEEDER FIC MULTIMERCADO;08/08/2023;4,283
SPX NIMITZ FEEDER FIC MULTIMERCADO;09/08/2023;4,282657
SPX NIMITZ FEEDER FIC MULTIMERCADO;10/08/2023;4,286194
SPX NIMITZ FEEDER FIC MULTIMERCADO;11/08/2023;4,309503
SPX NIMITZ FEEDER FIC MULTIMERCADO;14/08/2023;4,301143
SPX NIMITZ FEEDER FIC MULTIMERCADO;15/08/2023;4,302673
SPX NIMITZ FEEDER FIC MULTIMERCADO;16/08/2023;4,318597
SPX NIMITZ FEEDER FIC MULTIMERCADO;17/08/2023;4,308654
SPX NIMITZ FEEDER FIC MULTIMERCADO;18/08/2023;4,309742
SPX NIMITZ FEEDER FIC MULTIMERCADO;21/08/2023;4,304936
SPX NIMITZ FEEDER FIC MULTIMERCADO;22/08/2023;4,314608
SPX NIMITZ FEEDER FIC MULTIMERCADO;23/08/2023;4,322053
SPX NIMITZ FEEDER FIC MULTIMERCADO;24/08/2023;4,326685
SPX NIMITZ FEEDER FIC MULTIMERCADO;25/08/2023;4,317446
SPX NIMITZ FEEDER FIC MULTIMERCADO;28/08/2023;4,311718
SPX NIMITZ FEEDER FIC MULTIMERCADO;29/08/2023;4,297853
SPX NIMITZ FEEDER FIC MULTIMERCADO;30/08/2023;4,291094
SPX NIMITZ FEEDER FIC MULTIMERCADO;31/08/2023;4,292548
SPX NIMITZ FEEDER FIC MULTIMERCADO;01/09/2023;4,289805
SPX NIMITZ FEEDER FIC MULTIMERCADO;04/09/2023;4,282179
SPX NIMITZ FEEDER FIC MULTIMERCADO;05/09/2023;4,291005
SPX NIMITZ FEEDER FIC MULTIMERCADO;06/09/2023;4,289609
SPX NIMITZ FEEDER FIC MULTIMERCADO;08/09/2023;4,30053
SPX NIMITZ FEEDER FIC MULTIMERCADO;11/09/2023;4,303418
SPX NIMITZ FEEDER FIC MULTIMERCADO;12/09/2023;4,320509
SPX NIMITZ FEEDER FIC MULTIMERCADO;13/09/2023;4,325504
SPX NIMITZ FEEDER FIC MULTIMERCADO;14/09/2023;4,344266
SPX NIMITZ FEEDER FIC MULTIMERCADO;15/09/2023;4,343282
SPX NIMITZ FEEDER FIC MULTIMERCADO;18/09/2023;4,333902
SPX NIMITZ FEEDER FIC MULTIMERCADO;19/09/2023;4,327063
SPX NIMITZ FEEDER FIC MULTIMERCADO;20/09/2023;4,333511
SPX NIMITZ FEEDER FIC MULTIMERCADO;21/09/2023;4,346412
SPX NIMITZ FEEDER FIC MULTIMERCADO;22/09/2023;4,356434
SPX NIMITZ FEEDER FIC MULTIMERCADO;25/09/2023;4,363587
SPX NIMITZ FEEDER FIC MULTIMERCADO;26/09/2023;4,357666
SPX NIMITZ FEEDER FIC MULTIMERCADO;27/09/2023;4,333575
SPX NIMITZ FEEDER FIC MULTIMERCADO;28/09/2023;4,310174
SPX NIMITZ FEEDER FIC MULTIMERCADO;29/09/2023;4,313825
SPX NIMITZ FEEDER FIC MULTIMERCADO;02/10/2023;4,339454
SPX NIMITZ FEEDER FIC MULTIMERCADO;03/10/2023;4,348936
SPX NIMITZ FEEDER FIC MULTIMERCADO;04/10/2023;4,335734
SPX NIMITZ FEEDER FIC MULTIMERCADO;05/10/2023;4,334034
SPX NIMITZ FEEDER FIC MULTIMERCADO;06/10/2023;4,328453
SPX NIMITZ FEEDER FIC MULTIMERCADO;09/10/2023;4,330433
SPX NIMITZ FEEDER FIC MULTIMERCADO;10/10/2023;4,318985
SPX NIMITZ FEEDER FIC MULTIMERCADO;11/10/2023;4,304417
SPX NIMITZ FEEDER FIC MULTIMERCADO;13/10/2023;4,325198
SPX NIMITZ FEEDER FIC MULTIMERCADO;16/10/2023;4,313185
SPX NIMITZ FEEDER FIC MULTIMERCADO;17/10/2023;4,316828
SPX NIMITZ FEEDER FIC MULTIMERCADO;18/10/2023;4,324947
SPX NIMITZ FEEDER FIC MULTIMERCADO;19/10/2023;4,322664
SPX NIMITZ FEEDER FIC MULTIMERCADO;20/10/2023;4,328527
SPX NIMITZ FEEDER FIC MULTIMERCADO;23/10/2023;4,317935
SPX NIMITZ FEEDER FIC MULTIMERCADO;24/10/2023;4,32072
SPX NIMITZ FEEDER FIC MULTIMERCADO;25/10/2023;4,333295
SPX NIMITZ FEEDER FIC MULTIMERCADO;26/10/2023;4,327893
SPX NIMITZ FEEDER FIC MULTIMERCADO;27/10/2023;4,333445
SPX NIMITZ FEEDER FIC MULTIMERCADO;30/10/2023;4,328652
SPX NIMITZ FEEDER FIC MULTIMERCADO;31/10/2023;4,321831
SPX NIMITZ FEEDER FIC MULTIMERCADO;01/11/2023;4,324981
SPX NIMITZ FEEDER FIC MULTIMERCADO;03/11/2023;4,297073
SPX NIMITZ FEEDER FIC MULTIMERCADO;06/11/2023;4,294993
SPX NIMITZ FEEDER FIC MULTIMERCADO;07/11/2023;4,298043
SPX NIMITZ FEEDER FIC MULTIMERCADO;08/11/2023;4,28702
SPX NIMITZ FEEDER FIC MULTIMERCADO;09/11/2023;4,292836
VERDE AM X60 ADVISORY FIC MULTIMERCADO;25/09/2018;1
VERDE AM X60 ADVISORY FIC MULTIMERCADO;26/09/2018;1,000462
VERDE AM X60 ADVISORY FIC MULTIMERCADO;27/09/2018;1,002506
VERDE AM X60 ADVISORY FIC MULTIMERCADO;28/09/2018;0,999042
VERDE AM X60 ADVISORY FIC MULTIMERCADO;01/10/2018;0,997208
VERDE AM X60 ADVISORY FIC MULTIMERCADO;02/10/2018;1,002417
VERDE AM X60 ADVISORY FIC MULTIMERCADO;03/10/2018;1,008453
VERDE AM X60 ADVISORY FIC MULTIMERCADO;04/10/2018;1,009783
VERDE AM X60 ADVISORY FIC MULTIMERCADO;05/10/2018;1,008588
VERDE AM X60 ADVISORY FIC MULTIMERCADO;08/10/2018;1,019612
VERDE AM X60 ADVISORY FIC MULTIMERCADO;09/10/2018;1,022168
VERDE AM X60 ADVISORY FIC MULTIMERCADO;10/10/2018;1,019732
VERDE AM X60 ADVISORY FIC MULTIMERCADO;11/10/2018;1,018912
VERDE AM X60 ADVISORY FIC MULTIMERCADO;15/10/2018;1,019504
VERDE AM X60 ADVISORY FIC MULTIMERCADO;16/10/2018;1,025215
VERDE AM X60 ADVISORY FIC MULTIMERCADO;17/10/2018;1,026699
VERDE AM X60 ADVISORY FIC MULTIMERCADO;18/10/2018;1,023145
VERDE AM X60 ADVISORY FIC MULTIMERCADO;19/10/2018;1,023683
VERDE AM X60 ADVISORY FIC MULTIMERCADO;22/10/2018;1,026562
VERDE AM X60 ADVISORY FIC MULTIMERCADO;23/10/2018;1,02758
VERDE AM X60 ADVISORY FIC MULTIMERCADO;24/10/2018;1,023934
VERDE AM X60 ADVISORY FIC MULTIMERCADO;25/10/2018;1,024578
VERDE AM X60 ADVISORY FIC MULTIMERCADO;26/10/2018;1,026902
VERDE AM X60 ADVISORY FIC MULTIMERCADO;29/10/2018;1,02359
VERDE AM X60 ADVISORY FIC MULTIMERCADO;30/10/2018;1,027757
VERDE AM X60 ADVISORY FIC MULTIMERCADO;31/10/2018;1,030215
VERDE AM X60 ADVISORY FIC MULTIMERCADO;01/11/2018;1,033773
VERDE AM X60 ADVISORY FIC MULTIMERCADO;05/11/2018;1,034886
VERDE AM X60 ADVISORY FIC MULTIMERCADO;06/11/2018;1,034841
VERDE AM X60 ADVISORY FIC MULTIMERCADO;07/11/2018;1,03357
VERDE AM X60 ADVISORY FIC MULTIMERCADO;08/11/2018;1,029398
VERDE AM X60 ADVISORY FIC MULTIMERCADO;09/11/2018;1,029076
VERDE AM X60 ADVISORY FIC MULTIMERCADO;12/11/2018;1,028484
VERDE AM X60 ADVISORY FIC MULTIMERCADO;13/11/2018;1,026131
VERDE AM X60 ADVISORY FIC MULTIMERCADO;14/11/2018;1,028239
VERDE AM X60 ADVISORY FIC MULTIMERCADO;16/11/2018;1,034415
VERDE AM X60 ADVISORY FIC MULTIMERCADO;19/11/2018;1,03202
VERDE AM X60 ADVISORY FIC MULTIMERCADO;20/11/2018;1,031103
VERDE AM X60 ADVISORY FIC MULTIMERCADO;21/11/2018;1,031992
VERDE AM X60 ADVISORY FIC MULTIMERCADO;22/11/2018;1,03268
VERDE AM X60 ADVISORY FIC MULTIMERCADO;23/11/2018;1,031243
VERDE AM X60 ADVISORY FIC MULTIMERCADO;26/11/2018;1,028001
VERDE AM X60 ADVISORY FIC MULTIMERCADO;27/11/2018;1,031587
VERDE AM X60 ADVISORY FIC MULTIMERCADO;28/11/2018;1,035502
VERDE AM X60 ADVISORY FIC MULTIMERCADO;29/11/2018;1,035637
VERDE AM X60 ADVISORY FIC MULTIMERCADO;30/11/2018;1,035468
VERDE AM X60 ADVISORY FIC MULTIMERCADO;03/12/2018;1,036131
VERDE AM X60 ADVISORY FIC MULTIMERCADO;04/12/2018;1,031676
VERDE AM X60 ADVISORY FIC MULTIMERCADO;05/12/2018;1,0332
VERDE AM X60 ADVISORY FIC MULTIMERCADO;06/12/2018;1,032405
VERDE AM X60 ADVISORY FIC MULTIMERCADO;07/12/2018;1,031217
VERDE AM X60 ADVISORY FIC MULTIMERCADO;10/12/2018;1,027642
VERDE AM X60 ADVISORY FIC MULTIMERCADO;11/12/2018;1,029365
VERDE AM X60 ADVISORY FIC MULTIMERCADO;12/12/2018;1,032291
VERDE AM X60 ADVISORY FIC MULTIMERCADO;13/12/2018;1,034218
VERDE AM X60 ADVISORY FIC MULTIMERCADO;14/12/2018;1,033086
VERDE AM X60 ADVISORY FIC MULTIMERCADO;17/12/2018;1,030235
VERDE AM X60 ADVISORY FIC MULTIMERCADO;18/12/2018;1,030536
VERDE AM X60 ADVISORY FIC MULTIMERCADO;19/12/2018;1,030177
VERDE AM X60 ADVISORY FIC MULTIMERCADO;20/12/2018;1,029624
VERDE AM X60 ADVISORY FIC MULTIMERCADO;21/12/2018;1,02866
VERDE AM X60 ADVISORY FIC MULTIMERCADO;24/12/2018;1,02844
VERDE AM X60 ADVISORY FIC MULTIMERCADO;26/12/2018;1,029747
VERDE AM X60 ADVISORY FIC MULTIMERCADO;27/12/2018;1,031052
VERDE AM X60 ADVISORY FIC MULTIMERCADO;28/12/2018;1,03449
VERDE AM X60 ADVISORY FIC MULTIMERCADO;31/12/2018;1,035097
VERDE AM X60 ADVISORY FIC MULTIMERCADO;02/01/2019;1,040914
VERDE AM X60 ADVISORY FIC MULTIMERCADO;03/01/2019;1,041635
VERDE AM X60 ADVISORY FIC MULTIMERCADO;04/01/2019;1,045008
VERDE AM X60 ADVISORY FIC MULTIMERCADO;07/01/2019;1,044903
VERDE AM X60 ADVISORY FIC MULTIMERCADO;08/01/2019;1,045856
VERDE AM X60 ADVISORY FIC MULTIMERCADO;09/01/2019;1,047303
VERDE AM X60 ADVISORY FIC MULTIMERCADO;10/01/2019;1,048267
VERDE AM X60 ADVISORY FIC MULTIMERCADO;11/01/2019;1,050596
VERDE AM X60 ADVISORY FIC MULTIMERCADO;14/01/2019;1,052875
VERDE AM X60 ADVISORY FIC MULTIMERCADO;15/01/2019;1,053201
VERDE AM X60 ADVISORY FIC MULTIMERCADO;16/01/2019;1,054279
VERDE AM X60 ADVISORY FIC MULTIMERCADO;17/01/2019;1,056351
VERDE AM X60 ADVISORY FIC MULTIMERCADO;18/01/2019;1,057792
VERDE AM X60 ADVISORY FIC MULTIMERCADO;21/01/2019;1,058045
VERDE AM X60 ADVISORY FIC MULTIMERCADO;22/01/2019;1,056187
VERDE AM X60 ADVISORY FIC MULTIMERCADO;23/01/2019;1,059563
VERDE AM X60 ADVISORY FIC MULTIMERCADO;24/01/2019;1,061138
VERDE AM X60 ADVISORY FIC MULTIMERCADO;25/01/2019;1,061646
VERDE AM X60 ADVISORY FIC MULTIMERCADO;28/01/2019;1,059721
VERDE AM X60 ADVISORY FIC MULTIMERCADO;29/01/2019;1,06062
VERDE AM X60 ADVISORY FIC MULTIMERCADO;30/01/2019;1,063758
VERDE AM X60 ADVISORY FIC MULTIMERCADO;31/01/2019;1,067468
VERDE AM X60 ADVISORY FIC MULTIMERCADO;01/02/2019;1,068685
VERDE AM X60 ADVISORY FIC MULTIMERCADO;04/02/2019;1,069811
VERDE AM X60 ADVISORY FIC MULTIMERCADO;05/02/2019;1,069462
VERDE AM X60 ADVISORY FIC MULTIMERCADO;06/02/2019;1,063765
VERDE AM X60 ADVISORY FIC MULTIMERCADO;07/02/2019;1,062357
VERDE AM X60 ADVISORY FIC MULTIMERCADO;08/02/2019;1,062287
VERDE AM X60 ADVISORY FIC MULTIMERCADO;11/02/2019;1,061685
VERDE AM X60 ADVISORY FIC MULTIMERCADO;12/02/2019;1,065068
VERDE AM X60 ADVISORY FIC MULTIMERCADO;13/02/2019;1,064555
VERDE AM X60 ADVISORY FIC MULTIMERCADO;14/02/2019;1,068268
VERDE AM X60 ADVISORY FIC MULTIMERCADO;15/02/2019;1,069655
VERDE AM X60 ADVISORY FIC MULTIMERCADO;18/02/2019;1,067915
VERDE AM X60 ADVISORY FIC MULTIMERCADO;19/02/2019;1,069643
VERDE AM X60 ADVISORY FIC MULTIMERCADO;20/02/2019;1,067229
VERDE AM X60 ADVISORY FIC MULTIMERCADO;21/02/2019;1,067351
VERDE AM X60 ADVISORY FIC MULTIMERCADO;22/02/2019;1,069554
VERDE AM X60 ADVISORY FIC MULTIMERCADO;25/02/2019;1,068982
VERDE AM X60 ADVISORY FIC MULTIMERCADO;26/02/2019;1,070502
VERDE AM X60 ADVISORY FIC MULTIMERCADO;27/02/2019;1,070755
VERDE AM X60 ADVISORY FIC MULTIMERCADO;28/02/2019;1,068593
VERDE AM X60 ADVISORY FIC MULTIMERCADO;01/03/2019;1,067041
VERDE AM X60 ADVISORY FIC MULTIMERCADO;06/03/2019;1,065427
VERDE AM X60 ADVISORY FIC MULTIMERCADO;07/03/2019;1,0652
VERDE AM X60 ADVISORY FIC MULTIMERCADO;08/03/2019;1,066858
VERDE AM X60 ADVISORY FIC MULTIMERCADO;11/03/2019;1,073063
VERDE AM X60 ADVISORY FIC MULTIMERCADO;12/03/2019;1,072705
VERDE AM X60 ADVISORY FIC MULTIMERCADO;13/03/2019;1,075272
VERDE AM X60 ADVISORY FIC MULTIMERCADO;14/03/2019;1,074948
VERDE AM X60 ADVISORY FIC MULTIMERCADO;15/03/2019;1,075748
VERDE AM X60 ADVISORY FIC MULTIMERCADO;18/03/2019;1,077148
VERDE AM X60 ADVISORY FIC MULTIMERCADO;19/03/2019;1,077571
VERDE AM X60 ADVISORY FIC MULTIMERCADO;20/03/2019;1,075947
VERDE AM X60 ADVISORY FIC MULTIMERCADO;21/03/2019;1,074493
VERDE AM X60 ADVISORY FIC MULTIMERCADO;22/03/2019;1,069767
VERDE AM X60 ADVISORY FIC MULTIMERCADO;25/03/2019;1,070204
VERDE AM X60 ADVISORY FIC MULTIMERCADO;26/03/2019;1,07146
VERDE AM X60 ADVISORY FIC MULTIMERCADO;27/03/2019;1,066433
VERDE AM X60 ADVISORY FIC MULTIMERCADO;28/03/2019;1,071917
VERDE AM X60 ADVISORY FIC MULTIMERCADO;29/03/2019;1,072835
VERDE AM X60 ADVISORY FIC MULTIMERCADO;01/04/2019;1,075522
VERDE AM X60 ADVISORY FIC MULTIMERCADO;02/04/2019;1,075321
VERDE AM X60 ADVISORY FIC MULTIMERCADO;03/04/2019;1,073899
VERDE AM X60 ADVISORY FIC MULTIMERCADO;04/04/2019;1,07527
VERDE AM X60 ADVISORY FIC MULTIMERCADO;05/04/2019;1,075635
VERDE AM X60 ADVISORY FIC MULTIMERCADO;08/04/2019;1,074628
VERDE AM X60 ADVISORY FIC MULTIMERCADO;09/04/2019;1,072638
VERDE AM X60 ADVISORY FIC MULTIMERCADO;10/04/2019;1,073894
VERDE AM X60 ADVISORY FIC MULTIMERCADO;11/04/2019;1,072324
VERDE AM X60 ADVISORY FIC MULTIMERCADO;12/04/2019;1,070947
VERDE AM X60 ADVISORY FIC MULTIMERCADO;15/04/2019;1,071784
VERDE AM X60 ADVISORY FIC MULTIMERCADO;16/04/2019;1,072224
VERDE AM X60 ADVISORY FIC MULTIMERCADO;17/04/2019;1,071468
VERDE AM X60 ADVISORY FIC MULTIMERCADO;18/04/2019;1,073828
VERDE AM X60 ADVISORY FIC MULTIMERCADO;22/04/2019;1,074022
VERDE AM X60 ADVISORY FIC MULTIMERCADO;23/04/2019;1,0771
VERDE AM X60 ADVISORY FIC MULTIMERCADO;24/04/2019;1,076181
VERDE AM X60 ADVISORY FIC MULTIMERCADO;25/04/2019;1,078251
VERDE AM X60 ADVISORY FIC MULTIMERCADO;26/04/2019;1,078999
VERDE AM X60 ADVISORY FIC MULTIMERCADO;29/04/2019;1,079763
VERDE AM X60 ADVISORY FIC MULTIMERCADO;30/04/2019;1,081099
VERDE AM X60 ADVISORY FIC MULTIMERCADO;02/05/2019;1,080094
VERDE AM X60 ADVISORY FIC MULTIMERCADO;03/05/2019;1,082115
VERDE AM X60 ADVISORY FIC MULTIMERCADO;06/05/2019;1,081161
VERDE AM X60 ADVISORY FIC MULTIMERCADO;07/05/2019;1,080395
VERDE AM X60 ADVISORY FIC MULTIMERCADO;08/05/2019;1,082377
VERDE AM X60 ADVISORY FIC MULTIMERCADO;09/05/2019;1,082946
VERDE AM X60 ADVISORY FIC MULTIMERCADO;10/05/2019;1,083163
VERDE AM X60 ADVISORY FIC MULTIMERCADO;13/05/2019;1,080733
VERDE AM X60 ADVISORY FIC MULTIMERCADO;14/05/2019;1,081541
VERDE AM X60 ADVISORY FIC MULTIMERCADO;15/05/2019;1,081423
VERDE AM X60 ADVISORY FIC MULTIMERCADO;16/05/2019;1,077822
VERDE AM X60 ADVISORY FIC MULTIMERCADO;17/05/2019;1,075697
VERDE AM X60 ADVISORY FIC MULTIMERCADO;20/05/2019;1,078877
VERDE AM X60 ADVISORY FIC MULTIMERCADO;21/05/2019;1,083607
VERDE AM X60 ADVISORY FIC MULTIMERCADO;22/05/2019;1,083091
VERDE AM X60 ADVISORY FIC MULTIMERCADO;23/05/2019;1,083147
VERDE AM X60 ADVISORY FIC MULTIMERCADO;24/05/2019;1,083156
VERDE AM X60 ADVISORY FIC MULTIMERCADO;27/05/2019;1,085024
VERDE AM X60 ADVISORY FIC MULTIMERCADO;28/05/2019;1,089507
VERDE AM X60 ADVISORY FIC MULTIMERCADO;29/05/2019;1,091411
VERDE AM X60 ADVISORY FIC MULTIMERCADO;30/05/2019;1,09368
VERDE AM X60 ADVISORY FIC MULTIMERCADO;31/05/2019;1,094635
VERDE AM X60 ADVISORY FIC MULTIMERCADO;03/06/2019;1,09493
VERDE AM X60 ADVISORY FIC MULTIMERCADO;04/06/2019;1,096813
VERDE AM X60 ADVISORY FIC MULTIMERCADO;05/06/2019;1,095431
VERDE AM X60 ADVISORY FIC MULTIMERCADO;06/06/2019;1,097121
VERDE AM X60 ADVISORY FIC MULTIMERCADO;07/06/2019;1,0997
VERDE AM X60 ADVISORY FIC MULTIMERCADO;10/06/2019;1,099951
VERDE AM X60 ADVISORY FIC MULTIMERCADO;11/06/2019;1,10203
VERDE AM X60 ADVISORY FIC MULTIMERCADO;12/06/2019;1,100872
VERDE AM X60 ADVISORY FIC MULTIMERCADO;13/06/2019;1,102309
VERDE AM X60 ADVISORY FIC MULTIMERCADO;14/06/2019;1,101619
VERDE AM X60 ADVISORY FIC MULTIMERCADO;17/06/2019;1,100326
VERDE AM X60 ADVISORY FIC MULTIMERCADO;18/06/2019;1,102941
VERDE AM X60 ADVISORY FIC MULTIMERCADO;19/06/2019;1,105655
VERDE AM X60 ADVISORY FIC MULTIMERCADO;21/06/2019;1,110472
VERDE AM X60 ADVISORY FIC MULTIMERCADO;24/06/2019;1,110851
VERDE AM X60 ADVISORY FIC MULTIMERCADO;25/06/2019;1,107119
VERDE AM X60 ADVISORY FIC MULTIMERCADO;26/06/2019;1,107945
VERDE AM X60 ADVISORY FIC MULTIMERCADO;27/06/2019;1,108694
VERDE AM X60 ADVISORY FIC MULTIMERCADO;28/06/2019;1,110615
VERDE AM X60 ADVISORY FIC MULTIMERCADO;01/07/2019;1,11018
VERDE AM X60 ADVISORY FIC MULTIMERCADO;02/07/2019;1,10746
VERDE AM X60 ADVISORY FIC MULTIMERCADO;03/07/2019;1,109802
VERDE AM X60 ADVISORY FIC MULTIMERCADO;04/07/2019;1,113909
VERDE AM X60 ADVISORY FIC MULTIMERCADO;05/07/2019;1,115371
VERDE AM X60 ADVISORY FIC MULTIMERCADO;08/07/2019;1,117199
VERDE AM X60 ADVISORY FIC MULTIMERCADO;09/07/2019;1,117447
VERDE AM X60 ADVISORY FIC MULTIMERCADO;10/07/2019;1,122563
VERDE AM X60 ADVISORY FIC MULTIMERCADO;11/07/2019;1,122223
VERDE AM X60 ADVISORY FIC MULTIMERCADO;12/07/2019;1,119811
VERDE AM X60 ADVISORY FIC MULTIMERCADO;15/07/2019;1,119265
VERDE AM X60 ADVISORY FIC MULTIMERCADO;16/07/2019;1,118525
VERDE AM X60 ADVISORY FIC MULTIMERCADO;17/07/2019;1,119177
VERDE AM X60 ADVISORY FIC MULTIMERCADO;18/07/2019;1,120909
VERDE AM X60 ADVISORY FIC MULTIMERCADO;19/07/2019;1,118885
VERDE AM X60 ADVISORY FIC MULTIMERCADO;22/07/2019;1,119155
VERDE AM X60 ADVISORY FIC MULTIMERCADO;23/07/2019;1,118986
VERDE AM X60 ADVISORY FIC MULTIMERCADO;24/07/2019;1,119447
VERDE AM X60 ADVISORY FIC MULTIMERCADO;25/07/2019;1,116787
VERDE AM X60 ADVISORY FIC MULTIMERCADO;26/07/2019;1,117585
VERDE AM X60 ADVISORY FIC MULTIMERCADO;29/07/2019;1,119389
VERDE AM X60 ADVISORY FIC MULTIMERCADO;30/07/2019;1,119397
VERDE AM X60 ADVISORY FIC MULTIMERCADO;31/07/2019;1,114934
VERDE AM X60 ADVISORY FIC MULTIMERCADO;01/08/2019;1,118253
VERDE AM X60 ADVISORY FIC MULTIMERCADO;02/08/2019;1,118483
VERDE AM X60 ADVISORY FIC MULTIMERCADO;05/08/2019;1,113631
VERDE AM X60 ADVISORY FIC MULTIMERCADO;06/08/2019;1,117977
VERDE AM X60 ADVISORY FIC MULTIMERCADO;07/08/2019;1,119765
VERDE AM X60 ADVISORY FIC MULTIMERCADO;08/08/2019;1,123654
VERDE AM X60 ADVISORY FIC MULTIMERCADO;09/08/2019;1,1241
VERDE AM X60 ADVISORY FIC MULTIMERCADO;12/08/2019;1,120017
VERDE AM X60 ADVISORY FIC MULTIMERCADO;13/08/2019;1,121217
VERDE AM X60 ADVISORY FIC MULTIMERCADO;14/08/2019;1,114208
VERDE AM X60 ADVISORY FIC MULTIMERCADO;15/08/2019;1,114109
VERDE AM X60 ADVISORY FIC MULTIMERCADO;16/08/2019;1,117378
VERDE AM X60 ADVISORY FIC MULTIMERCADO;19/08/2019;1,114565
VERDE AM X60 ADVISORY FIC MULTIMERCADO;20/08/2019;1,114712
VERDE AM X60 ADVISORY FIC MULTIMERCADO;21/08/2019;1,118518
VERDE AM X60 ADVISORY FIC MULTIMERCADO;22/08/2019;1,11578
VERDE AM X60 ADVISORY FIC MULTIMERCADO;23/08/2019;1,110575
VERDE AM X60 ADVISORY FIC MULTIMERCADO;26/08/2019;1,106144
VERDE AM X60 ADVISORY FIC MULTIMERCADO;27/08/2019;1,106092
VERDE AM X60 ADVISORY FIC MULTIMERCADO;28/08/2019;1,106319
VERDE AM X60 ADVISORY FIC MULTIMERCADO;29/08/2019;1,111452
VERDE AM X60 ADVISORY FIC MULTIMERCADO;30/08/2019;1,116398
VERDE AM X60 ADVISORY FIC MULTIMERCADO;02/09/2019;1,113944
VERDE AM X60 ADVISORY FIC MULTIMERCADO;03/09/2019;1,112614
VERDE AM X60 ADVISORY FIC MULTIMERCADO;04/09/2019;1,118326
VERDE AM X60 ADVISORY FIC MULTIMERCADO;05/09/2019;1,120406
VERDE AM X60 ADVISORY FIC MULTIMERCADO;06/09/2019;1,121006
VERDE AM X60 ADVISORY FIC MULTIMERCADO;09/09/2019;1,119032
VERDE AM X60 ADVISORY FIC MULTIMERCADO;10/09/2019;1,118527
VERDE AM X60 ADVISORY FIC MULTIMERCADO;11/09/2019;1,1229
VERDE AM X60 ADVISORY FIC MULTIMERCADO;12/09/2019;1,124597
VERDE AM X60 ADVISORY FIC MULTIMERCADO;13/09/2019;1,122096
VERDE AM X60 ADVISORY FIC MULTIMERCADO;16/09/2019;1,121771
VERDE AM X60 ADVISORY FIC MULTIMERCADO;17/09/2019;1,126229
VERDE AM X60 ADVISORY FIC MULTIMERCADO;18/09/2019;1,12631
VERDE AM X60 ADVISORY FIC MULTIMERCADO;19/09/2019;1,126917
VERDE AM X60 ADVISORY FIC MULTIMERCADO;20/09/2019;1,127525
VERDE AM X60 ADVISORY FIC MULTIMERCADO;23/09/2019;1,126952
VERDE AM X60 ADVISORY FIC MULTIMERCADO;24/09/2019;1,125402
VERDE AM X60 ADVISORY FIC MULTIMERCADO;25/09/2019;1,127395
VERDE AM X60 ADVISORY FIC MULTIMERCADO;26/09/2019;1,129171
VERDE AM X60 ADVISORY FIC MULTIMERCADO;27/09/2019;1,129752
VERDE AM X60 ADVISORY FIC MULTIMERCADO;30/09/2019;1,130708
VERDE AM X60 ADVISORY FIC MULTIMERCADO;01/10/2019;1,129922
VERDE AM X60 ADVISORY FIC MULTIMERCADO;02/10/2019;1,125062
VERDE AM X60 ADVISORY FIC MULTIMERCADO;03/10/2019;1,127388
VERDE AM X60 ADVISORY FIC MULTIMERCADO;04/10/2019;1,130083
VERDE AM X60 ADVISORY FIC MULTIMERCADO;07/10/2019;1,125474
VERDE AM X60 ADVISORY FIC MULTIMERCADO;08/10/2019;1,122977
VERDE AM X60 ADVISORY FIC MULTIMERCADO;09/10/2019;1,124952
VERDE AM X60 ADVISORY FIC MULTIMERCADO;10/10/2019;1,125182
VERDE AM X60 ADVISORY FIC MULTIMERCADO;11/10/2019;1,131466
VERDE AM X60 ADVISORY FIC MULTIMERCADO;14/10/2019;1,132361
VERDE AM X60 ADVISORY FIC MULTIMERCADO;15/10/2019;1,131708
VERDE AM X60 ADVISORY FIC MULTIMERCADO;16/10/2019;1,13311
VERDE AM X60 ADVISORY FIC MULTIMERCADO;17/10/2019;1,132986
VERDE AM X60 ADVISORY FIC MULTIMERCADO;18/10/2019;1,133598
VERDE AM X60 ADVISORY FIC MULTIMERCADO;21/10/2019;1,135702
VERDE AM X60 ADVISORY FIC MULTIMERCADO;22/10/2019;1,138078
VERDE AM X60 ADVISORY FIC MULTIMERCADO;23/10/2019;1,139324
VERDE AM X60 ADVISORY FIC MULTIMERCADO;24/10/2019;1,138165
VERDE AM X60 ADVISORY FIC MULTIMERCADO;25/10/2019;1,138995
VERDE AM X60 ADVISORY FIC MULTIMERCADO;28/10/2019;1,140106
VERDE AM X60 ADVISORY FIC MULTIMERCADO;29/10/2019;1,138947
VERDE AM X60 ADVISORY FIC MULTIMERCADO;30/10/2019;1,141112
VERDE AM X60 ADVISORY FIC MULTIMERCADO;31/10/2019;1,140397
VERDE AM X60 ADVISORY FIC MULTIMERCADO;01/11/2019;1,143093
VERDE AM X60 ADVISORY FIC MULTIMERCADO;04/11/2019;1,143597
VERDE AM X60 ADVISORY FIC MULTIMERCADO;05/11/2019;1,143375
VERDE AM X60 ADVISORY FIC MULTIMERCADO;06/11/2019;1,140838
VERDE AM X60 ADVISORY FIC MULTIMERCADO;07/11/2019;1,143371
VERDE AM X60 ADVISORY FIC MULTIMERCADO;08/11/2019;1,139112
VERDE AM X60 ADVISORY FIC MULTIMERCADO;11/11/2019;1,140638
VERDE AM X60 ADVISORY FIC MULTIMERCADO;12/11/2019;1,136772
VERDE AM X60 ADVISORY FIC MULTIMERCADO;13/11/2019;1,136
VERDE AM X60 ADVISORY FIC MULTIMERCADO;14/11/2019;1,137855
VERDE AM X60 ADVISORY FIC MULTIMERCADO;18/11/2019;1,137902
VERDE AM X60 ADVISORY FIC MULTIMERCADO;19/11/2019;1,137137
VERDE AM X60 ADVISORY FIC MULTIMERCADO;20/11/2019;1,136723
VERDE AM X60 ADVISORY FIC MULTIMERCADO;21/11/2019;1,138632
VERDE AM X60 ADVISORY FIC MULTIMERCADO;22/11/2019;1,138988
VERDE AM X60 ADVISORY FIC MULTIMERCADO;25/11/2019;1,139057
VERDE AM X60 ADVISORY FIC MULTIMERCADO;26/11/2019;1,138641
VERDE AM X60 ADVISORY FIC MULTIMERCADO;27/11/2019;1,138886
VERDE AM X60 ADVISORY FIC MULTIMERCADO;28/11/2019;1,139526
VERDE AM X60 ADVISORY FIC MULTIMERCADO;29/11/2019;1,140068
VERDE AM X60 ADVISORY FIC MULTIMERCADO;02/12/2019;1,142604
VERDE AM X60 ADVISORY FIC MULTIMERCADO;03/12/2019;1,142931
VERDE AM X60 ADVISORY FIC MULTIMERCADO;04/12/2019;1,144974
VERDE AM X60 ADVISORY FIC MULTIMERCADO;05/12/2019;1,145843
VERDE AM X60 ADVISORY FIC MULTIMERCADO;06/12/2019;1,146955
VERDE AM X60 ADVISORY FIC MULTIMERCADO;09/12/2019;1,146645
VERDE AM X60 ADVISORY FIC MULTIMERCADO;10/12/2019;1,146781
VERDE AM X60 ADVISORY FIC MULTIMERCADO;11/12/2019;1,148672
VERDE AM X60 ADVISORY FIC MULTIMERCADO;12/12/2019;1,150703
VERDE AM X60 ADVISORY FIC MULTIMERCADO;13/12/2019;1,150745
VERDE AM X60 ADVISORY FIC MULTIMERCADO;16/12/2019;1,151554
VERDE AM X60 ADVISORY FIC MULTIMERCADO;17/12/2019;1,152587
VERDE AM X60 ADVISORY FIC MULTIMERCADO;18/12/2019;1,15421
VERDE AM X60 ADVISORY FIC MULTIMERCADO;19/12/2019;1,155603
VERDE AM X60 ADVISORY FIC MULTIMERCADO;20/12/2019;1,156308
VERDE AM X60 ADVISORY FIC MULTIMERCADO;23/12/2019;1,158316
VERDE AM X60 ADVISORY FIC MULTIMERCADO;24/12/2019;1,158512
VERDE AM X60 ADVISORY FIC MULTIMERCADO;26/12/2019;1,161449
VERDE AM X60 ADVISORY FIC MULTIMERCADO;27/12/2019;1,161304
VERDE AM X60 ADVISORY FIC MULTIMERCADO;30/12/2019;1,161131
VERDE AM X60 ADVISORY FIC MULTIMERCADO;31/12/2019;1,161574
VERDE AM X60 ADVISORY FIC MULTIMERCADO;02/01/2020;1,166444
VERDE AM X60 ADVISORY FIC MULTIMERCADO;03/01/2020;1,165514
VERDE AM X60 ADVISORY FIC MULTIMERCADO;06/01/2020;1,16178
VERDE AM X60 ADVISORY FIC MULTIMERCADO;07/01/2020;1,161056
VERDE AM X60 ADVISORY FIC MULTIMERCADO;08/01/2020;1,160316
VERDE AM X60 ADVISORY FIC MULTIMERCADO;09/01/2020;1,161325
VERDE AM X60 ADVISORY FIC MULTIMERCADO;10/01/2020;1,161266
VERDE AM X60 ADVISORY FIC MULTIMERCADO;13/01/2020;1,164894
VERDE AM X60 ADVISORY FIC MULTIMERCADO;14/01/2020;1,165752
VERDE AM X60 ADVISORY FIC MULTIMERCADO;15/01/2020;1,164145
VERDE AM X60 ADVISORY FIC MULTIMERCADO;16/01/2020;1,164788
VERDE AM X60 ADVISORY FIC MULTIMERCADO;17/01/2020;1,168213
VERDE AM X60 ADVISORY FIC MULTIMERCADO;20/01/2020;1,168408
VERDE AM X60 ADVISORY FIC MULTIMERCADO;21/01/2020;1,164779
VERDE AM X60 ADVISORY FIC MULTIMERCADO;22/01/2020;1,167741
VERDE AM X60 ADVISORY FIC MULTIMERCADO;23/01/2020;1,169196
VERDE AM X60 ADVISORY FIC MULTIMERCADO;24/01/2020;1,16717
VERDE AM X60 ADVISORY FIC MULTIMERCADO;27/01/2020;1,158718
VERDE AM X60 ADVISORY FIC MULTIMERCADO;28/01/2020;1,165286
VERDE AM X60 ADVISORY FIC MULTIMERCADO;29/01/2020;1,163376
VERDE AM X60 ADVISORY FIC MULTIMERCADO;30/01/2020;1,163076
VERDE AM X60 ADVISORY FIC MULTIMERCADO;31/01/2020;1,158914
VERDE AM X60 ADVISORY FIC MULTIMERCADO;03/02/2020;1,16133
VERDE AM X60 ADVISORY FIC MULTIMERCADO;04/02/2020;1,164667
VERDE AM X60 ADVISORY FIC MULTIMERCADO;05/02/2020;1,165412
VERDE AM X60 ADVISORY FIC MULTIMERCADO;06/02/2020;1,162961
VERDE AM X60 ADVISORY FIC MULTIMERCADO;07/02/2020;1,158299
VERDE AM X60 ADVISORY FIC MULTIMERCADO;10/02/2020;1,155969
VERDE AM X60 ADVISORY FIC MULTIMERCADO;11/02/2020;1,163334
VERDE AM X60 ADVISORY FIC MULTIMERCADO;12/02/2020;1,169009
VERDE AM X60 ADVISORY FIC MULTIMERCADO;13/02/2020;1,167687
VERDE AM X60 ADVISORY FIC MULTIMERCADO;14/02/2020;1,167297
VERDE AM X60 ADVISORY FIC MULTIMERCADO;17/02/2020;1,168439
VERDE AM X60 ADVISORY FIC MULTIMERCADO;18/02/2020;1,167522
VERDE AM X60 ADVISORY FIC MULTIMERCADO;19/02/2020;1,170854
VERDE AM X60 ADVISORY FIC MULTIMERCADO;20/02/2020;1,165693
VERDE AM X60 ADVISORY FIC MULTIMERCADO;21/02/2020;1,161929
VERDE AM X60 ADVISORY FIC MULTIMERCADO;26/02/2020;1,136844
VERDE AM X60 ADVISORY FIC MULTIMERCADO;27/02/2020;1,123235
VERDE AM X60 ADVISORY FIC MULTIMERCADO;28/02/2020;1,125457
VERDE AM X60 ADVISORY FIC MULTIMERCADO;02/03/2020;1,138649
VERDE AM X60 ADVISORY FIC MULTIMERCADO;03/03/2020;1,132085
VERDE AM X60 ADVISORY FIC MULTIMERCADO;04/03/2020;1,145214
VERDE AM X60 ADVISORY FIC MULTIMERCADO;05/03/2020;1,123231
VERDE AM X60 ADVISORY FIC MULTIMERCADO;06/03/2020;1,107711
VERDE AM X60 ADVISORY FIC MULTIMERCADO;09/03/2020;1,055922
VERDE AM X60 ADVISORY FIC MULTIMERCADO;10/03/2020;1,083907
VERDE AM X60 ADVISORY FIC MULTIMERCADO;11/03/2020;1,04401
VERDE AM X60 ADVISORY FIC MULTIMERCADO;12/03/2020;0,995539
VERDE AM X60 ADVISORY FIC MULTIMERCADO;13/03/2020;1,042701
VERDE AM X60 ADVISORY FIC MULTIMERCADO;16/03/2020;0,971906
VERDE AM X60 ADVISORY FIC MULTIMERCADO;17/03/2020;0,982283
VERDE AM X60 ADVISORY FIC MULTIMERCADO;18/03/2020;0,955924
VERDE AM X60 ADVISORY FIC MULTIMERCADO;19/03/2020;0,959203
VERDE AM X60 ADVISORY FIC MULTIMERCADO;20/03/2020;0,944806
VERDE AM X60 ADVISORY FIC MULTIMERCADO;23/03/2020;0,92643
VERDE AM X60 ADVISORY FIC MULTIMERCADO;24/03/2020;0,971189
VERDE AM X60 ADVISORY FIC MULTIMERCADO;25/03/2020;0,98378
VERDE AM X60 ADVISORY FIC MULTIMERCADO;26/03/2020;1,013459
VERDE AM X60 ADVISORY FIC MULTIMERCADO;27/03/2020;0,993478
VERDE AM X60 ADVISORY FIC MULTIMERCADO;30/03/2020;1,008861
VERDE AM X60 ADVISORY FIC MULTIMERCADO;31/03/2020;0,996276
VERDE AM X60 ADVISORY FIC MULTIMERCADO;01/04/2020;0,971544
VERDE AM X60 ADVISORY FIC MULTIMERCADO;02/04/2020;0,983387
VERDE AM X60 ADVISORY FIC MULTIMERCADO;03/04/2020;0,971622
VERDE AM X60 ADVISORY FIC MULTIMERCADO;06/04/2020;1,007607
VERDE AM X60 ADVISORY FIC MULTIMERCADO;07/04/2020;1,013083
VERDE AM X60 ADVISORY FIC MULTIMERCADO;08/04/2020;1,03237
VERDE AM X60 ADVISORY FIC MULTIMERCADO;09/04/2020;1,037882
VERDE AM X60 ADVISORY FIC MULTIMERCADO;13/04/2020;1,037191
VERDE AM X60 ADVISORY FIC MULTIMERCADO;14/04/2020;1,05564
VERDE AM X60 ADVISORY FIC MULTIMERCADO;15/04/2020;1,048151
VERDE AM X60 ADVISORY FIC MULTIMERCADO;16/04/2020;1,051225
VERDE AM X60 ADVISORY FIC MULTIMERCADO;17/04/2020;1,06754
VERDE AM X60 ADVISORY FIC MULTIMERCADO;20/04/2020;1,061894
VERDE AM X60 ADVISORY FIC MULTIMERCADO;22/04/2020;1,064366
VERDE AM X60 ADVISORY FIC MULTIMERCADO;23/04/2020;1,059087
VERDE AM X60 ADVISORY FIC MULTIMERCADO;24/04/2020;1,058437
VERDE AM X60 ADVISORY FIC MULTIMERCADO;27/04/2020;1,071009
VERDE AM X60 ADVISORY FIC MULTIMERCADO;28/04/2020;1,077347
VERDE AM X60 ADVISORY FIC MULTIMERCADO;29/04/2020;1,089339
VERDE AM X60 ADVISORY FIC MULTIMERCADO;30/04/2020;1,080959
VERDE AM X60 ADVISORY FIC MULTIMERCADO;04/05/2020;1,071452
VERDE AM X60 ADVISORY FIC MULTIMERCADO;05/05/2020;1,076687
VERDE AM X60 ADVISORY FIC MULTIMERCADO;06/05/2020;1,074892
VERDE AM X60 ADVISORY FIC MULTIMERCADO;07/05/2020;1,076739
VERDE AM X60 ADVISORY FIC MULTIMERCADO;08/05/2020;1,083209
VERDE AM X60 ADVISORY FIC MULTIMERCADO;11/05/2020;1,080622
VERDE AM X60 ADVISORY FIC MULTIMERCADO;12/05/2020;1,070403
VERDE AM X60 ADVISORY FIC MULTIMERCADO;13/05/2020;1,066138
VERDE AM X60 ADVISORY FIC MULTIMERCADO;14/05/2020;1,072475
VERDE AM X60 ADVISORY FIC MULTIMERCADO;15/05/2020;1,070228
VERDE AM X60 ADVISORY FIC MULTIMERCADO;18/05/2020;1,088641
VERDE AM X60 ADVISORY FIC MULTIMERCADO;19/05/2020;1,085424
VERDE AM X60 ADVISORY FIC MULTIMERCADO;20/05/2020;1,092486
VERDE AM X60 ADVISORY FIC MULTIMERCADO;21/05/2020;1,091979
VERDE AM X60 ADVISORY FIC MULTIMERCADO;22/05/2020;1,092795
VERDE AM X60 ADVISORY FIC MULTIMERCADO;25/05/2020;1,100015
VERDE AM X60 ADVISORY FIC MULTIMERCADO;26/05/2020;1,100433
VERDE AM X60 ADVISORY FIC MULTIMERCADO;27/05/2020;1,107377
VERDE AM X60 ADVISORY FIC MULTIMERCADO;28/05/2020;1,106777
VERDE AM X60 ADVISORY FIC MULTIMERCADO;29/05/2020;1,107542
VERDE AM X60 ADVISORY FIC MULTIMERCADO;01/06/2020;1,110171
VERDE AM X60 ADVISORY FIC MULTIMERCADO;02/06/2020;1,111684
VERDE AM X60 ADVISORY FIC MULTIMERCADO;03/06/2020;1,116503
VERDE AM X60 ADVISORY FIC MULTIMERCADO;04/06/2020;1,114949
VERDE AM X60 ADVISORY FIC MULTIMERCADO;05/06/2020;1,121191
VERDE AM X60 ADVISORY FIC MULTIMERCADO;08/06/2020;1,12652
VERDE AM X60 ADVISORY FIC MULTIMERCADO;09/06/2020;1,124839
VERDE AM X60 ADVISORY FIC MULTIMERCADO;10/06/2020;1,121816
VERDE AM X60 ADVISORY FIC MULTIMERCADO;12/06/2020;1,112064
VERDE AM X60 ADVISORY FIC MULTIMERCADO;15/06/2020;1,113861
VERDE AM X60 ADVISORY FIC MULTIMERCADO;16/06/2020;1,117034
VERDE AM X60 ADVISORY FIC MULTIMERCADO;17/06/2020;1,119527
VERDE AM X60 ADVISORY FIC MULTIMERCADO;18/06/2020;1,118964
VERDE AM X60 ADVISORY FIC MULTIMERCADO;19/06/2020;1,117487
VERDE AM X60 ADVISORY FIC MULTIMERCADO;22/06/2020;1,118821
VERDE AM X60 ADVISORY FIC MULTIMERCADO;23/06/2020;1,119746
VERDE AM X60 ADVISORY FIC MULTIMERCADO;24/06/2020;1,114163
VERDE AM X60 ADVISORY FIC MULTIMERCADO;25/06/2020;1,116894
VERDE AM X60 ADVISORY FIC MULTIMERCADO;26/06/2020;1,109823
VERDE AM X60 ADVISORY FIC MULTIMERCADO;29/06/2020;1,114428
VERDE AM X60 ADVISORY FIC MULTIMERCADO;30/06/2020;1,117086
VERDE AM X60 ADVISORY FIC MULTIMERCADO;01/07/2020;1,121738
VERDE AM X60 ADVISORY FIC MULTIMERCADO;02/07/2020;1,122902
VERDE AM X60 ADVISORY FIC MULTIMERCADO;03/07/2020;1,124204
VERDE AM X60 ADVISORY FIC MULTIMERCADO;06/07/2020;1,127561
VERDE AM X60 ADVISORY FIC MULTIMERCADO;07/07/2020;1,125712
VERDE AM X60 ADVISORY FIC MULTIMERCADO;08/07/2020;1,129334
VERDE AM X60 ADVISORY FIC MULTIMERCADO;09/07/2020;1,127965
VERDE AM X60 ADVISORY FIC MULTIMERCADO;10/07/2020;1,131181
VERDE AM X60 ADVISORY FIC MULTIMERCADO;13/07/2020;1,126926
VERDE AM X60 ADVISORY FIC MULTIMERCADO;14/07/2020;1,128954
VERDE AM X60 ADVISORY FIC MULTIMERCADO;15/07/2020;1,13149
VERDE AM X60 ADVISORY FIC MULTIMERCADO;16/07/2020;1,129578
VERDE AM X60 ADVISORY FIC MULTIMERCADO;17/07/2020;1,134447
VERDE AM X60 ADVISORY FIC MULTIMERCADO;20/07/2020;1,139492
VERDE AM X60 ADVISORY FIC MULTIMERCADO;21/07/2020;1,140421
VERDE AM X60 ADVISORY FIC MULTIMERCADO;22/07/2020;1,140354
VERDE AM X60 ADVISORY FIC MULTIMERCADO;23/07/2020;1,133448
VERDE AM X60 ADVISORY FIC MULTIMERCADO;24/07/2020;1,132158
VERDE AM X60 ADVISORY FIC MULTIMERCADO;27/07/2020;1,136152
VERDE AM X60 ADVISORY FIC MULTIMERCADO;28/07/2020;1,13451
VERDE AM X60 ADVISORY FIC MULTIMERCADO;29/07/2020;1,139574
VERDE AM X60 ADVISORY FIC MULTIMERCADO;30/07/2020;1,140875
VERDE AM X60 ADVISORY FIC MULTIMERCADO;31/07/2020;1,139102
VERDE AM X60 ADVISORY FIC MULTIMERCADO;03/08/2020;1,140266
VERDE AM X60 ADVISORY FIC MULTIMERCADO;04/08/2020;1,138437
VERDE AM X60 ADVISORY FIC MULTIMERCADO;05/08/2020;1,145495
VERDE AM X60 ADVISORY FIC MULTIMERCADO;06/08/2020;1,15056
VERDE AM X60 ADVISORY FIC MULTIMERCADO;07/08/2020;1,148672
VERDE AM X60 ADVISORY FIC MULTIMERCADO;10/08/2020;1,149277
VERDE AM X60 ADVISORY FIC MULTIMERCADO;11/08/2020;1,145483
VERDE AM X60 ADVISORY FIC MULTIMERCADO;12/08/2020;1,14758
VERDE AM X60 ADVISORY FIC MULTIMERCADO;13/08/2020;1,1447
VERDE AM X60 ADVISORY FIC MULTIMERCADO;14/08/2020;1,148214
VERDE AM X60 ADVISORY FIC MULTIMERCADO;17/08/2020;1,1452
VERDE AM X60 ADVISORY FIC MULTIMERCADO;18/08/2020;1,152058
VERDE AM X60 ADVISORY FIC MULTIMERCADO;19/08/2020;1,148056
VERDE AM X60 ADVISORY FIC MULTIMERCADO;20/08/2020;1,150422
VERDE AM X60 ADVISORY FIC MULTIMERCADO;21/08/2020;1,152144
VERDE AM X60 ADVISORY FIC MULTIMERCADO;24/08/2020;1,155796
VERDE AM X60 ADVISORY FIC MULTIMERCADO;25/08/2020;1,157228
VERDE AM X60 ADVISORY FIC MULTIMERCADO;26/08/2020;1,155755
VERDE AM X60 ADVISORY FIC MULTIMERCADO;27/08/2020;1,155029
VERDE AM X60 ADVISORY FIC MULTIMERCADO;28/08/2020;1,159987
VERDE AM X60 ADVISORY FIC MULTIMERCADO;31/08/2020;1,153546
VERDE AM X60 ADVISORY FIC MULTIMERCADO;01/09/2020;1,161417
VERDE AM X60 ADVISORY FIC MULTIMERCADO;02/09/2020;1,160102
VERDE AM X60 ADVISORY FIC MULTIMERCADO;03/09/2020;1,156754
VERDE AM X60 ADVISORY FIC MULTIMERCADO;04/09/2020;1,156814
VERDE AM X60 ADVISORY FIC MULTIMERCADO;08/09/2020;1,153879
VERDE AM X60 ADVISORY FIC MULTIMERCADO;09/09/2020;1,160372
VERDE AM X60 ADVISORY FIC MULTIMERCADO;10/09/2020;1,150232
VERDE AM X60 ADVISORY FIC MULTIMERCADO;11/09/2020;1,149787
VERDE AM X60 ADVISORY FIC MULTIMERCADO;14/09/2020;1,156698
VERDE AM X60 ADVISORY FIC MULTIMERCADO;15/09/2020;1,157378
VERDE AM X60 ADVISORY FIC MULTIMERCADO;16/09/2020;1,156056
VERDE AM X60 ADVISORY FIC MULTIMERCADO;17/09/2020;1,156275
VERDE AM X60 ADVISORY FIC MULTIMERCADO;18/09/2020;1,149903
VERDE AM X60 ADVISORY FIC MULTIMERCADO;21/09/2020;1,144742
VERDE AM X60 ADVISORY FIC MULTIMERCADO;22/09/2020;1,147325
VERDE AM X60 ADVISORY FIC MULTIMERCADO;23/09/2020;1,1381
VERDE AM X60 ADVISORY FIC MULTIMERCADO;24/09/2020;1,142002
VERDE AM X60 ADVISORY FIC MULTIMERCADO;25/09/2020;1,144697
VERDE AM X60 ADVISORY FIC MULTIMERCADO;28/09/2020;1,140154
VERDE AM X60 ADVISORY FIC MULTIMERCADO;29/09/2020;1,136427
VERDE AM X60 ADVISORY FIC MULTIMERCADO;30/09/2020;1,139258
VERDE AM X60 ADVISORY FIC MULTIMERCADO;01/10/2020;1,143727
VERDE AM X60 ADVISORY FIC MULTIMERCADO;02/10/2020;1,136452
VERDE AM X60 ADVISORY FIC MULTIMERCADO;05/10/2020;1,144252
VERDE AM X60 ADVISORY FIC MULTIMERCADO;06/10/2020;1,13703
VERDE AM X60 ADVISORY FIC MULTIMERCADO;07/10/2020;1,140583
VERDE AM X60 ADVISORY FIC MULTIMERCADO;08/10/2020;1,148089
VERDE AM X60 ADVISORY FIC MULTIMERCADO;09/10/2020;1,150759
VERDE AM X60 ADVISORY FIC MULTIMERCADO;13/10/2020;1,156652
VERDE AM X60 ADVISORY FIC MULTIMERCADO;14/10/2020;1,157441
VERDE AM X60 ADVISORY FIC MULTIMERCADO;15/10/2020;1,156839
VERDE AM X60 ADVISORY FIC MULTIMERCADO;16/10/2020;1,154703
VERDE AM X60 ADVISORY FIC MULTIMERCADO;19/10/2020;1,154813
VERDE AM X60 ADVISORY FIC MULTIMERCADO;20/10/2020;1,159141
VERDE AM X60 ADVISORY FIC MULTIMERCADO;21/10/2020;1,159354
VERDE AM X60 ADVISORY FIC MULTIMERCADO;22/10/2020;1,161218
VERDE AM X60 ADVISORY FIC MULTIMERCADO;23/10/2020;1,160571
VERDE AM X60 ADVISORY FIC MULTIMERCADO;26/10/2020;1,157119
VERDE AM X60 ADVISORY FIC MULTIMERCADO;27/10/2020;1,154023
VERDE AM X60 ADVISORY FIC MULTIMERCADO;28/10/2020;1,135366
VERDE AM X60 ADVISORY FIC MULTIMERCADO;29/10/2020;1,144254
VERDE AM X60 ADVISORY FIC MULTIMERCADO;30/10/2020;1,133292
VERDE AM X60 ADVISORY FIC MULTIMERCADO;03/11/2020;1,143866
VERDE AM X60 ADVISORY FIC MULTIMERCADO;04/11/2020;1,157765
VERDE AM X60 ADVISORY FIC MULTIMERCADO;05/11/2020;1,171117
VERDE AM X60 ADVISORY FIC MULTIMERCADO;06/11/2020;1,172241
VERDE AM X60 ADVISORY FIC MULTIMERCADO;09/11/2020;1,172335
VERDE AM X60 ADVISORY FIC MULTIMERCADO;10/11/2020;1,173751
VERDE AM X60 ADVISORY FIC MULTIMERCADO;11/11/2020;1,173989
VERDE AM X60 ADVISORY FIC MULTIMERCADO;12/11/2020;1,166458
VERDE AM X60 ADVISORY FIC MULTIMERCADO;13/11/2020;1,175837
VERDE AM X60 ADVISORY FIC MULTIMERCADO;16/11/2020;1,180029
VERDE AM X60 ADVISORY FIC MULTIMERCADO;17/11/2020;1,178636
VERDE AM X60 ADVISORY FIC MULTIMERCADO;18/11/2020;1,174724
VERDE AM X60 ADVISORY FIC MULTIMERCADO;19/11/2020;1,175055
VERDE AM X60 ADVISORY FIC MULTIMERCADO;20/11/2020;1,173631
VERDE AM X60 ADVISORY FIC MULTIMERCADO;23/11/2020;1,173996
VERDE AM X60 ADVISORY FIC MULTIMERCADO;24/11/2020;1,178238
VERDE AM X60 ADVISORY FIC MULTIMERCADO;25/11/2020;1,181487
VERDE AM X60 ADVISORY FIC MULTIMERCADO;26/11/2020;1,182452
VERDE AM X60 ADVISORY FIC MULTIMERCADO;27/11/2020;1,185528
VERDE AM X60 ADVISORY FIC MULTIMERCADO;30/11/2020;1,182129
VERDE AM X60 ADVISORY FIC MULTIMERCADO;01/12/2020;1,185151
VERDE AM X60 ADVISORY FIC MULTIMERCADO;02/12/2020;1,186918
VERDE AM X60 ADVISORY FIC MULTIMERCADO;03/12/2020;1,186783
VERDE AM X60 ADVISORY FIC MULTIMERCADO;04/12/2020;1,188473
VERDE AM X60 ADVISORY FIC MULTIMERCADO;07/12/2020;1,185513
VERDE AM X60 ADVISORY FIC MULTIMERCADO;08/12/2020;1,186293
VERDE AM X60 ADVISORY FIC MULTIMERCADO;09/12/2020;1,183629
VERDE AM X60 ADVISORY FIC MULTIMERCADO;10/12/2020;1,183466
VERDE AM X60 ADVISORY FIC MULTIMERCADO;11/12/2020;1,184337
VERDE AM X60 ADVISORY FIC MULTIMERCADO;14/12/2020;1,184851
VERDE AM X60 ADVISORY FIC MULTIMERCADO;15/12/2020;1,189339
VERDE AM X60 ADVISORY FIC MULTIMERCADO;16/12/2020;1,192399
VERDE AM X60 ADVISORY FIC MULTIMERCADO;17/12/2020;1,193869
VERDE AM X60 ADVISORY FIC MULTIMERCADO;18/12/2020;1,193621
VERDE AM X60 ADVISORY FIC MULTIMERCADO;21/12/2020;1,189781
VERDE AM X60 ADVISORY FIC MULTIMERCADO;22/12/2020;1,19135
VERDE AM X60 ADVISORY FIC MULTIMERCADO;23/12/2020;1,193753
VERDE AM X60 ADVISORY FIC MULTIMERCADO;24/12/2020;1,194126
VERDE AM X60 ADVISORY FIC MULTIMERCADO;28/12/2020;1,197565
VERDE AM X60 ADVISORY FIC MULTIMERCADO;29/12/2020;1,197293
VERDE AM X60 ADVISORY FIC MULTIMERCADO;30/12/2020;1,199539
VERDE AM X60 ADVISORY FIC MULTIMERCADO;31/12/2020;1,200369
VERDE AM X60 ADVISORY FIC MULTIMERCADO;04/01/2021;1,194594
VERDE AM X60 ADVISORY FIC MULTIMERCADO;05/01/2021;1,196162
VERDE AM X60 ADVISORY FIC MULTIMERCADO;06/01/2021;1,191718
VERDE AM X60 ADVISORY FIC MULTIMERCADO;07/01/2021;1,200759
VERDE AM X60 ADVISORY FIC MULTIMERCADO;08/01/2021;1,212787
VERDE AM X60 ADVISORY FIC MULTIMERCADO;11/01/2021;1,212526
VERDE AM X60 ADVISORY FIC MULTIMERCADO;12/01/2021;1,212745
VERDE AM X60 ADVISORY FIC MULTIMERCADO;13/01/2021;1,210589
VERDE AM X60 ADVISORY FIC MULTIMERCADO;14/01/2021;1,211631
VERDE AM X60 ADVISORY FIC MULTIMERCADO;15/01/2021;1,210823
VERDE AM X60 ADVISORY FIC MULTIMERCADO;18/01/2021;1,211967
VERDE AM X60 ADVISORY FIC MULTIMERCADO;19/01/2021;1,213487
VERDE AM X60 ADVISORY FIC MULTIMERCADO;20/01/2021;1,214674
VERDE AM X60 ADVISORY FIC MULTIMERCADO;21/01/2021;1,214783
VERDE AM X60 ADVISORY FIC MULTIMERCADO;22/01/2021;1,21359
VERDE AM X60 ADVISORY FIC MULTIMERCADO;25/01/2021;1,212495
VERDE AM X60 ADVISORY FIC MULTIMERCADO;26/01/2021;1,213236
VERDE AM X60 ADVISORY FIC MULTIMERCADO;27/01/2021;1,207152
VERDE AM X60 ADVISORY FIC MULTIMERCADO;28/01/2021;1,215184
VERDE AM X60 ADVISORY FIC MULTIMERCADO;29/01/2021;1,208055
VERDE AM X60 ADVISORY FIC MULTIMERCADO;01/02/2021;1,21446
VERDE AM X60 ADVISORY FIC MULTIMERCADO;02/02/2021;1,218452
VERDE AM X60 ADVISORY FIC MULTIMERCADO;03/02/2021;1,221596
VERDE AM X60 ADVISORY FIC MULTIMERCADO;04/02/2021;1,223836
VERDE AM X60 ADVISORY FIC MULTIMERCADO;05/02/2021;1,226462
VERDE AM X60 ADVISORY FIC MULTIMERCADO;08/02/2021;1,226405
VERDE AM X60 ADVISORY FIC MULTIMERCADO;09/02/2021;1,227004
VERDE AM X60 ADVISORY FIC MULTIMERCADO;10/02/2021;1,224399
VERDE AM X60 ADVISORY FIC MULTIMERCADO;11/02/2021;1,228059
VERDE AM X60 ADVISORY FIC MULTIMERCADO;12/02/2021;1,23013
VERDE AM X60 ADVISORY FIC MULTIMERCADO;17/02/2021;1,232642
VERDE AM X60 ADVISORY FIC MULTIMERCADO;18/02/2021;1,230662
VERDE AM X60 ADVISORY FIC MULTIMERCADO;19/02/2021;1,232308
VERDE AM X60 ADVISORY FIC MULTIMERCADO;22/02/2021;1,222241
VERDE AM X60 ADVISORY FIC MULTIMERCADO;23/02/2021;1,22247
VERDE AM X60 ADVISORY FIC MULTIMERCADO;24/02/2021;1,222876
VERDE AM X60 ADVISORY FIC MULTIMERCADO;25/02/2021;1,212441
VERDE AM X60 ADVISORY FIC MULTIMERCADO;26/02/2021;1,202835
VERDE AM X60 ADVISORY FIC MULTIMERCADO;01/03/2021;1,207022
VERDE AM X60 ADVISORY FIC MULTIMERCADO;02/03/2021;1,207167
VERDE AM X60 ADVISORY FIC MULTIMERCADO;03/03/2021;1,204247
VERDE AM X60 ADVISORY FIC MULTIMERCADO;04/03/2021;1,204856
VERDE AM X60 ADVISORY FIC MULTIMERCADO;05/03/2021;1,215092
VERDE AM X60 ADVISORY FIC MULTIMERCADO;08/03/2021;1,202785
VERDE AM X60 ADVISORY FIC MULTIMERCADO;09/03/2021;1,206516
VERDE AM X60 ADVISORY FIC MULTIMERCADO;10/03/2021;1,203968
VERDE AM X60 ADVISORY FIC MULTIMERCADO;11/03/2021;1,210008
VERDE AM X60 ADVISORY FIC MULTIMERCADO;12/03/2021;1,210937
VERDE AM X60 ADVISORY FIC MULTIMERCADO;15/03/2021;1,214964
VERDE AM X60 ADVISORY FIC MULTIMERCADO;16/03/2021;1,213049
VERDE AM X60 ADVISORY FIC MULTIMERCADO;17/03/2021;1,219052
VERDE AM X60 ADVISORY FIC MULTIMERCADO;18/03/2021;1,210072
VERDE AM X60 ADVISORY FIC MULTIMERCADO;19/03/2021;1,213692
VERDE AM X60 ADVISORY FIC MULTIMERCADO;22/03/2021;1,211642
VERDE AM X60 ADVISORY FIC MULTIMERCADO;23/03/2021;1,206933
VERDE AM X60 ADVISORY FIC MULTIMERCADO;24/03/2021;1,202353
VERDE AM X60 ADVISORY FIC MULTIMERCADO;25/03/2021;1,211895
VERDE AM X60 ADVISORY FIC MULTIMERCADO;26/03/2021;1,218267
VERDE AM X60 ADVISORY FIC MULTIMERCADO;29/03/2021;1,216379
VERDE AM X60 ADVISORY FIC MULTIMERCADO;30/03/2021;1,22103
VERDE AM X60 ADVISORY FIC MULTIMERCADO;31/03/2021;1,221931
VERDE AM X60 ADVISORY FIC MULTIMERCADO;01/04/2021;1,223561
VERDE AM X60 ADVISORY FIC MULTIMERCADO;05/04/2021;1,228256
VERDE AM X60 ADVISORY FIC MULTIMERCADO;06/04/2021;1,228709
VERDE AM X60 ADVISORY FIC MULTIMERCADO;07/04/2021;1,228164
VERDE AM X60 ADVISORY FIC MULTIMERCADO;08/04/2021;1,230009
VERDE AM X60 ADVISORY FIC MULTIMERCADO;09/04/2021;1,231708
VERDE AM X60 ADVISORY FIC MULTIMERCADO;12/04/2021;1,236179
VERDE AM X60 ADVISORY FIC MULTIMERCADO;13/04/2021;1,23511
VERDE AM X60 ADVISORY FIC MULTIMERCADO;14/04/2021;1,234553
VERDE AM X60 ADVISORY FIC MULTIMERCADO;15/04/2021;1,234765
VERDE AM X60 ADVISORY FIC MULTIMERCADO;16/04/2021;1,238384
VERDE AM X60 ADVISORY FIC MULTIMERCADO;19/04/2021;1,236645
VERDE AM X60 ADVISORY FIC MULTIMERCADO;20/04/2021;1,234388
VERDE AM X60 ADVISORY FIC MULTIMERCADO;22/04/2021;1,229011
VERDE AM X60 ADVISORY FIC MULTIMERCADO;23/04/2021;1,23457
VERDE AM X60 ADVISORY FIC MULTIMERCADO;26/04/2021;1,235858
VERDE AM X60 ADVISORY FIC MULTIMERCADO;27/04/2021;1,234604
VERDE AM X60 ADVISORY FIC MULTIMERCADO;28/04/2021;1,235349
VERDE AM X60 ADVISORY FIC MULTIMERCADO;29/04/2021;1,237523
VERDE AM X60 ADVISORY FIC MULTIMERCADO;30/04/2021;1,23632
VERDE AM X60 ADVISORY FIC MULTIMERCADO;03/05/2021;1,235117
VERDE AM X60 ADVISORY FIC MULTIMERCADO;04/05/2021;1,230796
VERDE AM X60 ADVISORY FIC MULTIMERCADO;05/05/2021;1,233177
VERDE AM X60 ADVISORY FIC MULTIMERCADO;06/05/2021;1,229075
VERDE AM X60 ADVISORY FIC MULTIMERCADO;07/05/2021;1,234795
VERDE AM X60 ADVISORY FIC MULTIMERCADO;10/05/2021;1,231781
VERDE AM X60 ADVISORY FIC MULTIMERCADO;11/05/2021;1,233831
VERDE AM X60 ADVISORY FIC MULTIMERCADO;12/05/2021;1,227574
VERDE AM X60 ADVISORY FIC MULTIMERCADO;13/05/2021;1,230485
VERDE AM X60 ADVISORY FIC MULTIMERCADO;14/05/2021;1,234894
VERDE AM X60 ADVISORY FIC MULTIMERCADO;17/05/2021;1,235798
VERDE AM X60 ADVISORY FIC MULTIMERCADO;18/05/2021;1,234247
VERDE AM X60 ADVISORY FIC MULTIMERCADO;19/05/2021;1,235049
VERDE AM X60 ADVISORY FIC MULTIMERCADO;20/05/2021;1,236802
VERDE AM X60 ADVISORY FIC MULTIMERCADO;21/05/2021;1,239316
VERDE AM X60 ADVISORY FIC MULTIMERCADO;24/05/2021;1,241799
VERDE AM X60 ADVISORY FIC MULTIMERCADO;25/05/2021;1,238469
VERDE AM X60 ADVISORY FIC MULTIMERCADO;26/05/2021;1,239789
VERDE AM X60 ADVISORY FIC MULTIMERCADO;27/05/2021;1,24193
VERDE AM X60 ADVISORY FIC MULTIMERCADO;28/05/2021;1,24353
VERDE AM X60 ADVISORY FIC MULTIMERCADO;31/05/2021;1,243109
VERDE AM X60 ADVISORY FIC MULTIMERCADO;01/06/2021;1,244915
VERDE AM X60 ADVISORY FIC MULTIMERCADO;02/06/2021;1,242419
VERDE AM X60 ADVISORY FIC MULTIMERCADO;04/06/2021;1,243059
VERDE AM X60 ADVISORY FIC MULTIMERCADO;07/06/2021;1,244647
VERDE AM X60 ADVISORY FIC MULTIMERCADO;08/06/2021;1,240397
VERDE AM X60 ADVISORY FIC MULTIMERCADO;09/06/2021;1,239248
VERDE AM X60 ADVISORY FIC MULTIMERCADO;10/06/2021;1,238425
VERDE AM X60 ADVISORY FIC MULTIMERCADO;11/06/2021;1,236511
VERDE AM X60 ADVISORY FIC MULTIMERCADO;14/06/2021;1,241912
VERDE AM X60 ADVISORY FIC MULTIMERCADO;15/06/2021;1,242204
VERDE AM X60 ADVISORY FIC MULTIMERCADO;16/06/2021;1,243902
VERDE AM X60 ADVISORY FIC MULTIMERCADO;17/06/2021;1,23791
VERDE AM X60 ADVISORY FIC MULTIMERCADO;18/06/2021;1,232227
VERDE AM X60 ADVISORY FIC MULTIMERCADO;21/06/2021;1,238225
VERDE AM X60 ADVISORY FIC MULTIMERCADO;22/06/2021;1,236212
VERDE AM X60 ADVISORY FIC MULTIMERCADO;23/06/2021;1,237413
VERDE AM X60 ADVISORY FIC MULTIMERCADO;24/06/2021;1,242025
VERDE AM X60 ADVISORY FIC MULTIMERCADO;25/06/2021;1,241763
VERDE AM X60 ADVISORY FIC MULTIMERCADO;28/06/2021;1,241785
VERDE AM X60 ADVISORY FIC MULTIMERCADO;29/06/2021;1,242581
VERDE AM X60 ADVISORY FIC MULTIMERCADO;30/06/2021;1,240038
VERDE AM X60 ADVISORY FIC MULTIMERCADO;01/07/2021;1,240024
VERDE AM X60 ADVISORY FIC MULTIMERCADO;02/07/2021;1,241953
VERDE AM X60 ADVISORY FIC MULTIMERCADO;05/07/2021;1,241461
VERDE AM X60 ADVISORY FIC MULTIMERCADO;06/07/2021;1,231547
VERDE AM X60 ADVISORY FIC MULTIMERCADO;07/07/2021;1,233961
VERDE AM X60 ADVISORY FIC MULTIMERCADO;08/07/2021;1,227638
VERDE AM X60 ADVISORY FIC MULTIMERCADO;09/07/2021;1,231949
VERDE AM X60 ADVISORY FIC MULTIMERCADO;12/07/2021;1,234985
VERDE AM X60 ADVISORY FIC MULTIMERCADO;13/07/2021;1,238607
VERDE AM X60 ADVISORY FIC MULTIMERCADO;14/07/2021;1,237722
VERDE AM X60 ADVISORY FIC MULTIMERCADO;15/07/2021;1,232563
VERDE AM X60 ADVISORY FIC MULTIMERCADO;16/07/2021;1,23228
VERDE AM X60 ADVISORY FIC MULTIMERCADO;19/07/2021;1,21773
VERDE AM X60 ADVISORY FIC MULTIMERCADO;20/07/2021;1,222518
VERDE AM X60 ADVISORY FIC MULTIMERCADO;21/07/2021;1,230479
VERDE AM X60 ADVISORY FIC MULTIMERCADO;22/07/2021;1,232497
VERDE AM X60 ADVISORY FIC MULTIMERCADO;23/07/2021;1,22949
VERDE AM X60 ADVISORY FIC MULTIMERCADO;26/07/2021;1,230021
VERDE AM X60 ADVISORY FIC MULTIMERCADO;27/07/2021;1,221521
VERDE AM X60 ADVISORY FIC MULTIMERCADO;28/07/2021;1,223537
VERDE AM X60 ADVISORY FIC MULTIMERCADO;29/07/2021;1,2285
VERDE AM X60 ADVISORY FIC MULTIMERCADO;30/07/2021;1,212747
VERDE AM X60 ADVISORY FIC MULTIMERCADO;02/08/2021;1,211691
VERDE AM X60 ADVISORY FIC MULTIMERCADO;03/08/2021;1,21125
VERDE AM X60 ADVISORY FIC MULTIMERCADO;04/08/2021;1,208267
VERDE AM X60 ADVISORY FIC MULTIMERCADO;05/08/2021;1,206381
VERDE AM X60 ADVISORY FIC MULTIMERCADO;06/08/2021;1,214413
VERDE AM X60 ADVISORY FIC MULTIMERCADO;09/08/2021;1,216848
VERDE AM X60 ADVISORY FIC MULTIMERCADO;10/08/2021;1,21799
VERDE AM X60 ADVISORY FIC MULTIMERCADO;11/08/2021;1,216137
VERDE AM X60 ADVISORY FIC MULTIMERCADO;12/08/2021;1,214268
VERDE AM X60 ADVISORY FIC MULTIMERCADO;13/08/2021;1,213315
VERDE AM X60 ADVISORY FIC MULTIMERCADO;16/08/2021;1,203229
VERDE AM X60 ADVISORY FIC MULTIMERCADO;17/08/2021;1,197681
VERDE AM X60 ADVISORY FIC MULTIMERCADO;18/08/2021;1,194139
VERDE AM X60 ADVISORY FIC MULTIMERCADO;19/08/2021;1,201979
VERDE AM X60 ADVISORY FIC MULTIMERCADO;20/08/2021;1,211151
VERDE AM X60 ADVISORY FIC MULTIMERCADO;23/08/2021;1,205577
VERDE AM X60 ADVISORY FIC MULTIMERCADO;24/08/2021;1,215326
VERDE AM X60 ADVISORY FIC MULTIMERCADO;25/08/2021;1,223593
VERDE AM X60 ADVISORY FIC MULTIMERCADO;26/08/2021;1,216413
VERDE AM X60 ADVISORY FIC MULTIMERCADO;27/08/2021;1,221187
VERDE AM X60 ADVISORY FIC MULTIMERCADO;30/08/2021;1,21854
VERDE AM X60 ADVISORY FIC MULTIMERCADO;31/08/2021;1,216252
VERDE AM X60 ADVISORY FIC MULTIMERCADO;01/09/2021;1,220613
VERDE AM X60 ADVISORY FIC MULTIMERCADO;02/09/2021;1,214128
VERDE AM X60 ADVISORY FIC MULTIMERCADO;03/09/2021;1,217697
VERDE AM X60 ADVISORY FIC MULTIMERCADO;06/09/2021;1,220329
VERDE AM X60 ADVISORY FIC MULTIMERCADO;08/09/2021;1,211293
VERDE AM X60 ADVISORY FIC MULTIMERCADO;09/09/2021;1,214758
VERDE AM X60 ADVISORY FIC MULTIMERCADO;10/09/2021;1,212918
VERDE AM X60 ADVISORY FIC MULTIMERCADO;13/09/2021;1,218288
VERDE AM X60 ADVISORY FIC MULTIMERCADO;14/09/2021;1,218924
VERDE AM X60 ADVISORY FIC MULTIMERCADO;15/09/2021;1,220576
VERDE AM X60 ADVISORY FIC MULTIMERCADO;16/09/2021;1,22161
VERDE AM X60 ADVISORY FIC MULTIMERCADO;17/09/2021;1,219669
VERDE AM X60 ADVISORY FIC MULTIMERCADO;20/09/2021;1,206103
VERDE AM X60 ADVISORY FIC MULTIMERCADO;21/09/2021;1,214031
VERDE AM X60 ADVISORY FIC MULTIMERCADO;22/09/2021;1,214682
VERDE AM X60 ADVISORY FIC MULTIMERCADO;23/09/2021;1,22485
VERDE AM X60 ADVISORY FIC MULTIMERCADO;24/09/2021;1,22417
VERDE AM X60 ADVISORY FIC MULTIMERCADO;27/09/2021;1,221491
VERDE AM X60 ADVISORY FIC MULTIMERCADO;28/09/2021;1,213462
VERDE AM X60 ADVISORY FIC MULTIMERCADO;29/09/2021;1,213291
VERDE AM X60 ADVISORY FIC MULTIMERCADO;30/09/2021;1,214239
VERDE AM X60 ADVISORY FIC MULTIMERCADO;01/10/2021;1,219973
VERDE AM X60 ADVISORY FIC MULTIMERCADO;04/10/2021;1,209359
VERDE AM X60 ADVISORY FIC MULTIMERCADO;05/10/2021;1,208238
VERDE AM X60 ADVISORY FIC MULTIMERCADO;06/10/2021;1,208607
VERDE AM X60 ADVISORY FIC MULTIMERCADO;07/10/2021;1,212297
VERDE AM X60 ADVISORY FIC MULTIMERCADO;08/10/2021;1,221352
VERDE AM X60 ADVISORY FIC MULTIMERCADO;11/10/2021;1,218268
VERDE AM X60 ADVISORY FIC MULTIMERCADO;13/10/2021;1,217841
VERDE AM X60 ADVISORY FIC MULTIMERCADO;14/10/2021;1,214988
VERDE AM X60 ADVISORY FIC MULTIMERCADO;15/10/2021;1,221297
VERDE AM X60 ADVISORY FIC MULTIMERCADO;18/10/2021;1,21682
VERDE AM X60 ADVISORY FIC MULTIMERCADO;19/10/2021;1,206497
VERDE AM X60 ADVISORY FIC MULTIMERCADO;20/10/2021;1,206541
VERDE AM X60 ADVISORY FIC MULTIMERCADO;21/10/2021;1,19809
VERDE AM X60 ADVISORY FIC MULTIMERCADO;22/10/2021;1,189916
VERDE AM X60 ADVISORY FIC MULTIMERCADO;25/10/2021;1,196797
VERDE AM X60 ADVISORY FIC MULTIMERCADO;26/10/2021;1,182374
VERDE AM X60 ADVISORY FIC MULTIMERCADO;27/10/2021;1,172816
VERDE AM X60 ADVISORY FIC MULTIMERCADO;28/10/2021;1,162919
VERDE AM X60 ADVISORY FIC MULTIMERCADO;29/10/2021;1,160472
VERDE AM X60 ADVISORY FIC MULTIMERCADO;01/11/2021;1,166425
VERDE AM X60 ADVISORY FIC MULTIMERCADO;03/11/2021;1,187423
VERDE AM X60 ADVISORY FIC MULTIMERCADO;04/11/2021;1,180297
VERDE AM X60 ADVISORY FIC MULTIMERCADO;05/11/2021;1,178991
VERDE AM X60 ADVISORY FIC MULTIMERCADO;08/11/2021;1,181529
VERDE AM X60 ADVISORY FIC MULTIMERCADO;09/11/2021;1,180206
VERDE AM X60 ADVISORY FIC MULTIMERCADO;10/11/2021;1,191981
VERDE AM X60 ADVISORY FIC MULTIMERCADO;11/11/2021;1,198986
VERDE AM X60 ADVISORY FIC MULTIMERCADO;12/11/2021;1,196243
VERDE AM X60 ADVISORY FIC MULTIMERCADO;16/11/2021;1,190627
VERDE AM X60 ADVISORY FIC MULTIMERCADO;17/11/2021;1,181145
VERDE AM X60 ADVISORY FIC MULTIMERCADO;18/11/2021;1,180779
VERDE AM X60 ADVISORY FIC MULTIMERCADO;19/11/2021;1,181879
VERDE AM X60 ADVISORY FIC MULTIMERCADO;22/11/2021;1,17591
VERDE AM X60 ADVISORY FIC MULTIMERCADO;23/11/2021;1,183819
VERDE AM X60 ADVISORY FIC MULTIMERCADO;24/11/2021;1,181414
VERDE AM X60 ADVISORY FIC MULTIMERCADO;25/11/2021;1,184926
VERDE AM X60 ADVISORY FIC MULTIMERCADO;26/11/2021;1,164274
VERDE AM X60 ADVISORY FIC MULTIMERCADO;29/11/2021;1,169364
VERDE AM X60 ADVISORY FIC MULTIMERCADO;30/11/2021;1,157203
VERDE AM X60 ADVISORY FIC MULTIMERCADO;01/12/2021;1,149826
VERDE AM X60 ADVISORY FIC MULTIMERCADO;02/12/2021;1,15891
VERDE AM X60 ADVISORY FIC MULTIMERCADO;03/12/2021;1,163032
VERDE AM X60 ADVISORY FIC MULTIMERCADO;06/12/2021;1,168188
VERDE AM X60 ADVISORY FIC MULTIMERCADO;07/12/2021;1,173611
VERDE AM X60 ADVISORY FIC MULTIMERCADO;08/12/2021;1,185753
VERDE AM X60 ADVISORY FIC MULTIMERCADO;09/12/2021;1,177433
VERDE AM X60 ADVISORY FIC MULTIMERCADO;10/12/2021;1,185468
VERDE AM X60 ADVISORY FIC MULTIMERCADO;13/12/2021;1,176576
VERDE AM X60 ADVISORY FIC MULTIMERCADO;14/12/2021;1,171327
VERDE AM X60 ADVISORY FIC MULTIMERCADO;15/12/2021;1,179118
VERDE AM X60 ADVISORY FIC MULTIMERCADO;16/12/2021;1,177041
VERDE AM X60 ADVISORY FIC MULTIMERCADO;17/12/2021;1,175393
VERDE AM X60 ADVISORY FIC MULTIMERCADO;20/12/2021;1,17105
VERDE AM X60 ADVISORY FIC MULTIMERCADO;21/12/2021;1,179195
VERDE AM X60 ADVISORY FIC MULTIMERCADO;22/12/2021;1,177818
VERDE AM X60 ADVISORY FIC MULTIMERCADO;23/12/2021;1,179861
VERDE AM X60 ADVISORY FIC MULTIMERCADO;24/12/2021;1,180084
VERDE AM X60 ADVISORY FIC MULTIMERCADO;27/12/2021;1,180557
VERDE AM X60 ADVISORY FIC MULTIMERCADO;28/12/2021;1,178485
VERDE AM X60 ADVISORY FIC MULTIMERCADO;29/12/2021;1,177674
VERDE AM X60 ADVISORY FIC MULTIMERCADO;30/12/2021;1,181576
VERDE AM X60 ADVISORY FIC MULTIMERCADO;31/12/2021;1,181378
VERDE AM X60 ADVISORY FIC MULTIMERCADO;03/01/2022;1,180696
VERDE AM X60 ADVISORY FIC MULTIMERCADO;04/01/2022;1,175634
VERDE AM X60 ADVISORY FIC MULTIMERCADO;05/01/2022;1,164903
VERDE AM X60 ADVISORY FIC MULTIMERCADO;06/01/2022;1,16447
VERDE AM X60 ADVISORY FIC MULTIMERCADO;07/01/2022;1,163992
VERDE AM X60 ADVISORY FIC MULTIMERCADO;10/01/2022;1,160949
VERDE AM X60 ADVISORY FIC MULTIMERCADO;11/01/2022;1,167867
VERDE AM X60 ADVISORY FIC MULTIMERCADO;12/01/2022;1,175345
VERDE AM X60 ADVISORY FIC MULTIMERCADO;13/01/2022;1,167347
VERDE AM X60 ADVISORY FIC MULTIMERCADO;14/01/2022;1,174609
VERDE AM X60 ADVISORY FIC MULTIMERCADO;17/01/2022;1,170632
VERDE AM X60 ADVISORY FIC MULTIMERCADO;18/01/2022;1,168423
VERDE AM X60 ADVISORY FIC MULTIMERCADO;19/01/2022;1,174644
VERDE AM X60 ADVISORY FIC MULTIMERCADO;20/01/2022;1,184186
VERDE AM X60 ADVISORY FIC MULTIMERCADO;21/01/2022;1,180779
VERDE AM X60 ADVISORY FIC MULTIMERCADO;24/01/2022;1,175057
VERDE AM X60 ADVISORY FIC MULTIMERCADO;25/01/2022;1,180649
VERDE AM X60 ADVISORY FIC MULTIMERCADO;26/01/2022;1,188173
VERDE AM X60 ADVISORY FIC MULTIMERCADO;27/01/2022;1,188651
VERDE AM X60 ADVISORY FIC MULTIMERCADO;28/01/2022;1,189928
VERDE AM X60 ADVISORY FIC MULTIMERCADO;31/01/2022;1,198458
VERDE AM X60 ADVISORY FIC MULTIMERCADO;01/02/2022;1,201104
VERDE AM X60 ADVISORY FIC MULTIMERCADO;02/02/2022;1,1973
VERDE AM X60 ADVISORY FIC MULTIMERCADO;03/02/2022;1,198073
VERDE AM X60 ADVISORY FIC MULTIMERCADO;04/02/2022;1,20275
VERDE AM X60 ADVISORY FIC MULTIMERCADO;07/02/2022;1,199283
VERDE AM X60 ADVISORY FIC MULTIMERCADO;08/02/2022;1,205135
VERDE AM X60 ADVISORY FIC MULTIMERCADO;09/02/2022;1,206247
VERDE AM X60 ADVISORY FIC MULTIMERCADO;10/02/2022;1,207775
VERDE AM X60 ADVISORY FIC MULTIMERCADO;11/02/2022;1,199331
VERDE AM X60 ADVISORY FIC MULTIMERCADO;14/02/2022;1,207589
VERDE AM X60 ADVISORY FIC MULTIMERCADO;15/02/2022;1,21837
VERDE AM X60 ADVISORY FIC MULTIMERCADO;16/02/2022;1,220777
VERDE AM X60 ADVISORY FIC MULTIMERCADO;17/02/2022;1,216447
VERDE AM X60 ADVISORY FIC MULTIMERCADO;18/02/2022;1,210941
VERDE AM X60 ADVISORY FIC MULTIMERCADO;21/02/2022;1,202517
VERDE AM X60 ADVISORY FIC MULTIMERCADO;22/02/2022;1,207909
VERDE AM X60 ADVISORY FIC MULTIMERCADO;23/02/2022;1,20603
VERDE AM X60 ADVISORY FIC MULTIMERCADO;24/02/2022;1,21174
VERDE AM X60 ADVISORY FIC MULTIMERCADO;25/02/2022;1,213719
VERDE AM X60 ADVISORY FIC MULTIMERCADO;02/03/2022;1,204235
VERDE AM X60 ADVISORY FIC MULTIMERCADO;03/03/2022;1,201227
VERDE AM X60 ADVISORY FIC MULTIMERCADO;04/03/2022;1,187296
VERDE AM X60 ADVISORY FIC MULTIMERCADO;07/03/2022;1,183203
VERDE AM X60 ADVISORY FIC MULTIMERCADO;08/03/2022;1,197588
VERDE AM X60 ADVISORY FIC MULTIMERCADO;09/03/2022;1,219903
VERDE AM X60 ADVISORY FIC MULTIMERCADO;10/03/2022;1,221442
VERDE AM X60 ADVISORY FIC MULTIMERCADO;11/03/2022;1,21085
VERDE AM X60 ADVISORY FIC MULTIMERCADO;14/03/2022;1,224959
VERDE AM X60 ADVISORY FIC MULTIMERCADO;15/03/2022;1,227248
VERDE AM X60 ADVISORY FIC MULTIMERCADO;16/03/2022;1,237393
VERDE AM X60 ADVISORY FIC MULTIMERCADO;17/03/2022;1,244782
VERDE AM X60 ADVISORY FIC MULTIMERCADO;18/03/2022;1,250613
VERDE AM X60 ADVISORY FIC MULTIMERCADO;21/03/2022;1,257552
VERDE AM X60 ADVISORY FIC MULTIMERCADO;22/03/2022;1,267825
VERDE AM X60 ADVISORY FIC MULTIMERCADO;23/03/2022;1,262384
VERDE AM X60 ADVISORY FIC MULTIMERCADO;24/03/2022;1,271911
VERDE AM X60 ADVISORY FIC MULTIMERCADO;25/03/2022;1,275888
VERDE AM X60 ADVISORY FIC MULTIMERCADO;28/03/2022;1,272123
VERDE AM X60 ADVISORY FIC MULTIMERCADO;29/03/2022;1,274772
VERDE AM X60 ADVISORY FIC MULTIMERCADO;30/03/2022;1,269738
VERDE AM X60 ADVISORY FIC MULTIMERCADO;31/03/2022;1,263531
VERDE AM X60 ADVISORY FIC MULTIMERCADO;01/04/2022;1,27264
VERDE AM X60 ADVISORY FIC MULTIMERCADO;04/04/2022;1,2708
VERDE AM X60 ADVISORY FIC MULTIMERCADO;05/04/2022;1,276077
VERDE AM X60 ADVISORY FIC MULTIMERCADO;06/04/2022;1,272624
VERDE AM X60 ADVISORY FIC MULTIMERCADO;07/04/2022;1,27453
VERDE AM X60 ADVISORY FIC MULTIMERCADO;08/04/2022;1,277658
VERDE AM X60 ADVISORY FIC MULTIMERCADO;11/04/2022;1,277021
VERDE AM X60 ADVISORY FIC MULTIMERCADO;12/04/2022;1,277024
VERDE AM X60 ADVISORY FIC MULTIMERCADO;13/04/2022;1,27907
VERDE AM X60 ADVISORY FIC MULTIMERCADO;14/04/2022;1,288378
VERDE AM X60 ADVISORY FIC MULTIMERCADO;18/04/2022;1,28702
VERDE AM X60 ADVISORY FIC MULTIMERCADO;19/04/2022;1,294497
VERDE AM X60 ADVISORY FIC MULTIMERCADO;20/04/2022;1,28574
VERDE AM X60 ADVISORY FIC MULTIMERCADO;22/04/2022;1,283677
VERDE AM X60 ADVISORY FIC MULTIMERCADO;25/04/2022;1,281445
VERDE AM X60 ADVISORY FIC MULTIMERCADO;26/04/2022;1,274604
VERDE AM X60 ADVISORY FIC MULTIMERCADO;27/04/2022;1,277934
VERDE AM X60 ADVISORY FIC MULTIMERCADO;28/04/2022;1,280028
VERDE AM X60 ADVISORY FIC MULTIMERCADO;29/04/2022;1,275894
VERDE AM X60 ADVISORY FIC MULTIMERCADO;02/05/2022;1,282893
VERDE AM X60 ADVISORY FIC MULTIMERCADO;03/05/2022;1,277996
VERDE AM X60 ADVISORY FIC MULTIMERCADO;04/05/2022;1,285527
VERDE AM X60 ADVISORY FIC MULTIMERCADO;05/05/2022;1,283222
VERDE AM X60 ADVISORY FIC MULTIMERCADO;06/05/2022;1,282632
VERDE AM X60 ADVISORY FIC MULTIMERCADO;09/05/2022;1,273014
VERDE AM X60 ADVISORY FIC MULTIMERCADO;10/05/2022;1,274118
VERDE AM X60 ADVISORY FIC MULTIMERCADO;11/05/2022;1,273567
VERDE AM X60 ADVISORY FIC MULTIMERCADO;12/05/2022;1,273801
VERDE AM X60 ADVISORY FIC MULTIMERCADO;13/05/2022;1,284639
VERDE AM X60 ADVISORY FIC MULTIMERCADO;16/05/2022;1,282263
VERDE AM X60 ADVISORY FIC MULTIMERCADO;17/05/2022;1,285808
VERDE AM X60 ADVISORY FIC MULTIMERCADO;18/05/2022;1,273537
VERDE AM X60 ADVISORY FIC MULTIMERCADO;19/05/2022;1,272887
VERDE AM X60 ADVISORY FIC MULTIMERCADO;20/05/2022;1,273416
VERDE AM X60 ADVISORY FIC MULTIMERCADO;23/05/2022;1,277739
VERDE AM X60 ADVISORY FIC MULTIMERCADO;24/05/2022;1,278099
VERDE AM X60 ADVISORY FIC MULTIMERCADO;25/05/2022;1,283136
VERDE AM X60 ADVISORY FIC MULTIMERCADO;26/05/2022;1,289592
VERDE AM X60 ADVISORY FIC MULTIMERCADO;27/05/2022;1,29197
VERDE AM X60 ADVISORY FIC MULTIMERCADO;30/05/2022;1,292425
VERDE AM X60 ADVISORY FIC MULTIMERCADO;31/05/2022;1,291984
VERDE AM X60 ADVISORY FIC MULTIMERCADO;01/06/2022;1,293606
VERDE AM X60 ADVISORY FIC MULTIMERCADO;02/06/2022;1,300589
VERDE AM X60 ADVISORY FIC MULTIMERCADO;03/06/2022;1,297349
VERDE AM X60 ADVISORY FIC MULTIMERCADO;06/06/2022;1,294319
VERDE AM X60 ADVISORY FIC MULTIMERCADO;07/06/2022;1,29633
VERDE AM X60 ADVISORY FIC MULTIMERCADO;08/06/2022;1,296029
VERDE AM X60 ADVISORY FIC MULTIMERCADO;09/06/2022;1,29444
VERDE AM X60 ADVISORY FIC MULTIMERCADO;10/06/2022;1,288224
VERDE AM X60 ADVISORY FIC MULTIMERCADO;13/06/2022;1,274686
VERDE AM X60 ADVISORY FIC MULTIMERCADO;14/06/2022;1,275897
VERDE AM X60 ADVISORY FIC MULTIMERCADO;15/06/2022;1,284524
VERDE AM X60 ADVISORY FIC MULTIMERCADO;17/06/2022;1,282378
VERDE AM X60 ADVISORY FIC MULTIMERCADO;20/06/2022;1,278161
VERDE AM X60 ADVISORY FIC MULTIMERCADO;21/06/2022;1,280527
VERDE AM X60 ADVISORY FIC MULTIMERCADO;22/06/2022;1,27651
VERDE AM X60 ADVISORY FIC MULTIMERCADO;23/06/2022;1,273138
VERDE AM X60 ADVISORY FIC MULTIMERCADO;24/06/2022;1,276158
VERDE AM X60 ADVISORY FIC MULTIMERCADO;27/06/2022;1,2792
VERDE AM X60 ADVISORY FIC MULTIMERCADO;28/06/2022;1,280661
VERDE AM X60 ADVISORY FIC MULTIMERCADO;29/06/2022;1,277406
VERDE AM X60 ADVISORY FIC MULTIMERCADO;30/06/2022;1,267839
VERDE AM X60 ADVISORY FIC MULTIMERCADO;01/07/2022;1,262133
VERDE AM X60 ADVISORY FIC MULTIMERCADO;04/07/2022;1,258895
VERDE AM X60 ADVISORY FIC MULTIMERCADO;05/07/2022;1,255449
VERDE AM X60 ADVISORY FIC MULTIMERCADO;06/07/2022;1,262942
VERDE AM X60 ADVISORY FIC MULTIMERCADO;07/07/2022;1,27425
VERDE AM X60 ADVISORY FIC MULTIMERCADO;08/07/2022;1,277928
VERDE AM X60 ADVISORY FIC MULTIMERCADO;11/07/2022;1,266925
VERDE AM X60 ADVISORY FIC MULTIMERCADO;12/07/2022;1,260506
VERDE AM X60 ADVISORY FIC MULTIMERCADO;13/07/2022;1,258491
VERDE AM X60 ADVISORY FIC MULTIMERCADO;14/07/2022;1,25678
VERDE AM X60 ADVISORY FIC MULTIMERCADO;15/07/2022;1,262756
VERDE AM X60 ADVISORY FIC MULTIMERCADO;18/07/2022;1,263738
VERDE AM X60 ADVISORY FIC MULTIMERCADO;19/07/2022;1,274293
VERDE AM X60 ADVISORY FIC MULTIMERCADO;20/07/2022;1,281047
VERDE AM X60 ADVISORY FIC MULTIMERCADO;21/07/2022;1,282994
VERDE AM X60 ADVISORY FIC MULTIMERCADO;22/07/2022;1,276519
VERDE AM X60 ADVISORY FIC MULTIMERCADO;25/07/2022;1,275959
VERDE AM X60 ADVISORY FIC MULTIMERCADO;26/07/2022;1,271412
VERDE AM X60 ADVISORY FIC MULTIMERCADO;27/07/2022;1,283543
VERDE AM X60 ADVISORY FIC MULTIMERCADO;28/07/2022;1,284477
VERDE AM X60 ADVISORY FIC MULTIMERCADO;29/07/2022;1,286912
VERDE AM X60 ADVISORY FIC MULTIMERCADO;01/08/2022;1,283189
VERDE AM X60 ADVISORY FIC MULTIMERCADO;02/08/2022;1,295199
VERDE AM X60 ADVISORY FIC MULTIMERCADO;03/08/2022;1,299771
VERDE AM X60 ADVISORY FIC MULTIMERCADO;04/08/2022;1,307001
VERDE AM X60 ADVISORY FIC MULTIMERCADO;05/08/2022;1,311193
VERDE AM X60 ADVISORY FIC MULTIMERCADO;08/08/2022;1,310219
VERDE AM X60 ADVISORY FIC MULTIMERCADO;09/08/2022;1,309018
VERDE AM X60 ADVISORY FIC MULTIMERCADO;10/08/2022;1,317023
VERDE AM X60 ADVISORY FIC MULTIMERCADO;11/08/2022;1,315964
VERDE AM X60 ADVISORY FIC MULTIMERCADO;12/08/2022;1,323018
VERDE AM X60 ADVISORY FIC MULTIMERCADO;15/08/2022;1,322643
VERDE AM X60 ADVISORY FIC MULTIMERCADO;16/08/2022;1,319028
VERDE AM X60 ADVISORY FIC MULTIMERCADO;17/08/2022;1,322823
VERDE AM X60 ADVISORY FIC MULTIMERCADO;18/08/2022;1,324903
VERDE AM X60 ADVISORY FIC MULTIMERCADO;19/08/2022;1,320517
VERDE AM X60 ADVISORY FIC MULTIMERCADO;22/08/2022;1,314546
VERDE AM X60 ADVISORY FIC MULTIMERCADO;23/08/2022;1,317654
VERDE AM X60 ADVISORY FIC MULTIMERCADO;24/08/2022;1,323624
VERDE AM X60 ADVISORY FIC MULTIMERCADO;25/08/2022;1,330068
VERDE AM X60 ADVISORY FIC MULTIMERCADO;26/08/2022;1,321188
VERDE AM X60 ADVISORY FIC MULTIMERCADO;29/08/2022;1,321909
VERDE AM X60 ADVISORY FIC MULTIMERCADO;30/08/2022;1,319487
VERDE AM X60 ADVISORY FIC MULTIMERCADO;31/08/2022;1,316127
VERDE AM X60 ADVISORY FIC MULTIMERCADO;01/09/2022;1,319072
VERDE AM X60 ADVISORY FIC MULTIMERCADO;02/09/2022;1,315534
VERDE AM X60 ADVISORY FIC MULTIMERCADO;05/09/2022;1,319659
VERDE AM X60 ADVISORY FIC MULTIMERCADO;06/09/2022;1,315922
VERDE AM X60 ADVISORY FIC MULTIMERCADO;08/09/2022;1,317467
VERDE AM X60 ADVISORY FIC MULTIMERCADO;09/09/2022;1,323244
VERDE AM X60 ADVISORY FIC MULTIMERCADO;12/09/2022;1,328966
VERDE AM X60 ADVISORY FIC MULTIMERCADO;13/09/2022;1,325089
VERDE AM X60 ADVISORY FIC MULTIMERCADO;14/09/2022;1,32945
VERDE AM X60 ADVISORY FIC MULTIMERCADO;15/09/2022;1,322897
VERDE AM X60 ADVISORY FIC MULTIMERCADO;16/09/2022;1,319751
VERDE AM X60 ADVISORY FIC MULTIMERCADO;19/09/2022;1,324409
VERDE AM X60 ADVISORY FIC MULTIMERCADO;20/09/2022;1,322425
VERDE AM X60 ADVISORY FIC MULTIMERCADO;21/09/2022;1,319365
VERDE AM X60 ADVISORY FIC MULTIMERCADO;22/09/2022;1,32208
VERDE AM X60 ADVISORY FIC MULTIMERCADO;23/09/2022;1,320647
VERDE AM X60 ADVISORY FIC MULTIMERCADO;26/09/2022;1,309075
VERDE AM X60 ADVISORY FIC MULTIMERCADO;27/09/2022;1,30536
VERDE AM X60 ADVISORY FIC MULTIMERCADO;28/09/2022;1,313326
VERDE AM X60 ADVISORY FIC MULTIMERCADO;29/09/2022;1,308624
VERDE AM X60 ADVISORY FIC MULTIMERCADO;30/09/2022;1,309874
VERDE AM X60 ADVISORY FIC MULTIMERCADO;03/10/2022;1,322598
VERDE AM X60 ADVISORY FIC MULTIMERCADO;04/10/2022;1,330297
VERDE AM X60 ADVISORY FIC MULTIMERCADO;05/10/2022;1,333447
VERDE AM X60 ADVISORY FIC MULTIMERCADO;06/10/2022;1,335521
VERDE AM X60 ADVISORY FIC MULTIMERCADO;07/10/2022;1,329764
VERDE AM X60 ADVISORY FIC MULTIMERCADO;10/10/2022;1,32845
VERDE AM X60 ADVISORY FIC MULTIMERCADO;11/10/2022;1,327867
VERDE AM X60 ADVISORY FIC MULTIMERCADO;13/10/2022;1,328145
VERDE AM X60 ADVISORY FIC MULTIMERCADO;14/10/2022;1,319234
VERDE AM X60 ADVISORY FIC MULTIMERCADO;17/10/2022;1,328979
VERDE AM X60 ADVISORY FIC MULTIMERCADO;18/10/2022;1,333386
VERDE AM X60 ADVISORY FIC MULTIMERCADO;19/10/2022;1,333504
VERDE AM X60 ADVISORY FIC MULTIMERCADO;20/10/2022;1,334523
VERDE AM X60 ADVISORY FIC MULTIMERCADO;21/10/2022;1,339155
VERDE AM X60 ADVISORY FIC MULTIMERCADO;24/10/2022;1,33718
VERDE AM X60 ADVISORY FIC MULTIMERCADO;25/10/2022;1,335214
VERDE AM X60 ADVISORY FIC MULTIMERCADO;26/10/2022;1,332362
VERDE AM X60 ADVISORY FIC MULTIMERCADO;27/10/2022;1,337616
VERDE AM X60 ADVISORY FIC MULTIMERCADO;28/10/2022;1,341868
VERDE AM X60 ADVISORY FIC MULTIMERCADO;31/10/2022;1,354719
VERDE AM X60 ADVISORY FIC MULTIMERCADO;01/11/2022;1,359011
VERDE AM X60 ADVISORY FIC MULTIMERCADO;03/11/2022;1,364817
VERDE AM X60 ADVISORY FIC MULTIMERCADO;04/11/2022;1,371527
VERDE AM X60 ADVISORY FIC MULTIMERCADO;07/11/2022;1,365902
VERDE AM X60 ADVISORY FIC MULTIMERCADO;08/11/2022;1,370381
VERDE AM X60 ADVISORY FIC MULTIMERCADO;09/11/2022;1,369876
VERDE AM X60 ADVISORY FIC MULTIMERCADO;10/11/2022;1,36711
VERDE AM X60 ADVISORY FIC MULTIMERCADO;11/11/2022;1,370303
VERDE AM X60 ADVISORY FIC MULTIMERCADO;14/11/2022;1,369195
VERDE AM X60 ADVISORY FIC MULTIMERCADO;16/11/2022;1,360713
VERDE AM X60 ADVISORY FIC MULTIMERCADO;17/11/2022;1,359851
VERDE AM X60 ADVISORY FIC MULTIMERCADO;18/11/2022;1,362161
VERDE AM X60 ADVISORY FIC MULTIMERCADO;21/11/2022;1,366087
VERDE AM X60 ADVISORY FIC MULTIMERCADO;22/11/2022;1,358301
VERDE AM X60 ADVISORY FIC MULTIMERCADO;23/11/2022;1,356086
VERDE AM X60 ADVISORY FIC MULTIMERCADO;24/11/2022;1,36112
VERDE AM X60 ADVISORY FIC MULTIMERCADO;25/11/2022;1,351902
VERDE AM X60 ADVISORY FIC MULTIMERCADO;28/11/2022;1,35023
VERDE AM X60 ADVISORY FIC MULTIMERCADO;29/11/2022;1,35155
VERDE AM X60 ADVISORY FIC MULTIMERCADO;30/11/2022;1,350554
VERDE AM X60 ADVISORY FIC MULTIMERCADO;01/12/2022;1,351498
VERDE AM X60 ADVISORY FIC MULTIMERCADO;02/12/2022;1,348888
VERDE AM X60 ADVISORY FIC MULTIMERCADO;05/12/2022;1,342589
VERDE AM X60 ADVISORY FIC MULTIMERCADO;06/12/2022;1,340909
VERDE AM X60 ADVISORY FIC MULTIMERCADO;07/12/2022;1,340712
VERDE AM X60 ADVISORY FIC MULTIMERCADO;08/12/2022;1,335406
VERDE AM X60 ADVISORY FIC MULTIMERCADO;09/12/2022;1,333561
VERDE AM X60 ADVISORY FIC MULTIMERCADO;12/12/2022;1,332429
VERDE AM X60 ADVISORY FIC MULTIMERCADO;13/12/2022;1,334595
VERDE AM X60 ADVISORY FIC MULTIMERCADO;14/12/2022;1,347841
VERDE AM X60 ADVISORY FIC MULTIMERCADO;15/12/2022;1,341005
VERDE AM X60 ADVISORY FIC MULTIMERCADO;16/12/2022;1,339485
VERDE AM X60 ADVISORY FIC MULTIMERCADO;19/12/2022;1,346539
VERDE AM X60 ADVISORY FIC MULTIMERCADO;20/12/2022;1,353961
VERDE AM X60 ADVISORY FIC MULTIMERCADO;21/12/2022;1,352711
VERDE AM X60 ADVISORY FIC MULTIMERCADO;22/12/2022;1,353295
VERDE AM X60 ADVISORY FIC MULTIMERCADO;23/12/2022;1,362669
VERDE AM X60 ADVISORY FIC MULTIMERCADO;26/12/2022;1,358721
VERDE AM X60 ADVISORY FIC MULTIMERCADO;27/12/2022;1,35716
VERDE AM X60 ADVISORY FIC MULTIMERCADO;28/12/2022;1,3651
VERDE AM X60 ADVISORY FIC MULTIMERCADO;29/12/2022;1,360141
VERDE AM X60 ADVISORY FIC MULTIMERCADO;30/12/2022;1,36262
VERDE AM X60 ADVISORY FIC MULTIMERCADO;02/01/2023;1,351842
VERDE AM X60 ADVISORY FIC MULTIMERCADO;03/01/2023;1,347655
VERDE AM X60 ADVISORY FIC MULTIMERCADO;04/01/2023;1,34896
VERDE AM X60 ADVISORY FIC MULTIMERCADO;05/01/2023;1,354198
VERDE AM X60 ADVISORY FIC MULTIMERCADO;06/01/2023;1,358071
VERDE AM X60 ADVISORY FIC MULTIMERCADO;09/01/2023;1,358202
VERDE AM X60 ADVISORY FIC MULTIMERCADO;10/01/2023;1,364964
VERDE AM X60 ADVISORY FIC MULTIMERCADO;11/01/2023;1,372262
VERDE AM X60 ADVISORY FIC MULTIMERCADO;12/01/2023;1,371379
VERDE AM X60 ADVISORY FIC MULTIMERCADO;13/01/2023;1,375986
VERDE AM X60 ADVISORY FIC MULTIMERCADO;16/01/2023;1,378655
VERDE AM X60 ADVISORY FIC MULTIMERCADO;17/01/2023;1,380523
VERDE AM X60 ADVISORY FIC MULTIMERCADO;18/01/2023;1,379475
VERDE AM X60 ADVISORY FIC MULTIMERCADO;19/01/2023;1,386248
VERDE AM X60 ADVISORY FIC MULTIMERCADO;20/01/2023;1,389298
VERDE AM X60 ADVISORY FIC MULTIMERCADO;23/01/2023;1,393406
VERDE AM X60 ADVISORY FIC MULTIMERCADO;24/01/2023;1,396049
VERDE AM X60 ADVISORY FIC MULTIMERCADO;25/01/2023;1,39849
VERDE AM X60 ADVISORY FIC MULTIMERCADO;26/01/2023;1,399219
VERDE AM X60 ADVISORY FIC MULTIMERCADO;27/01/2023;1,398627
VERDE AM X60 ADVISORY FIC MULTIMERCADO;30/01/2023;1,394882
VERDE AM X60 ADVISORY FIC MULTIMERCADO;31/01/2023;1,398791
VERDE AM X60 ADVISORY FIC MULTIMERCADO;01/02/2023;1,396982
VERDE AM X60 ADVISORY FIC MULTIMERCADO;02/02/2023;1,394359
VERDE AM X60 ADVISORY FIC MULTIMERCADO;03/02/2023;1,386655
VERDE AM X60 ADVISORY FIC MULTIMERCADO;06/02/2023;1,388312
VERDE AM X60 ADVISORY FIC MULTIMERCADO;07/02/2023;1,391463
VERDE AM X60 ADVISORY FIC MULTIMERCADO;08/02/2023;1,398929
VERDE AM X60 ADVISORY FIC MULTIMERCADO;09/02/2023;1,395932
VERDE AM X60 ADVISORY FIC MULTIMERCADO;10/02/2023;1,399778
VERDE AM X60 ADVISORY FIC MULTIMERCADO;13/02/2023;1,400268
VERDE AM X60 ADVISORY FIC MULTIMERCADO;14/02/2023;1,401252
VERDE AM X60 ADVISORY FIC MULTIMERCADO;15/02/2023;1,404805
VERDE AM X60 ADVISORY FIC MULTIMERCADO;16/02/2023;1,40958
VERDE AM X60 ADVISORY FIC MULTIMERCADO;17/02/2023;1,40249
VERDE AM X60 ADVISORY FIC MULTIMERCADO;22/02/2023;1,396825
VERDE AM X60 ADVISORY FIC MULTIMERCADO;23/02/2023;1,396796
VERDE AM X60 ADVISORY FIC MULTIMERCADO;24/02/2023;1,398044
VERDE AM X60 ADVISORY FIC MULTIMERCADO;27/02/2023;1,393169
VERDE AM X60 ADVISORY FIC MULTIMERCADO;28/02/2023;1,39921
VERDE AM X60 ADVISORY FIC MULTIMERCADO;01/03/2023;1,398643
VERDE AM X60 ADVISORY FIC MULTIMERCADO;02/03/2023;1,399386
VERDE AM X60 ADVISORY FIC MULTIMERCADO;03/03/2023;1,404559
VERDE AM X60 ADVISORY FIC MULTIMERCADO;06/03/2023;1,407397
VERDE AM X60 ADVISORY FIC MULTIMERCADO;07/03/2023;1,398174
VERDE AM X60 ADVISORY FIC MULTIMERCADO;08/03/2023;1,401914
VERDE AM X60 ADVISORY FIC MULTIMERCADO;09/03/2023;1,395146
VERDE AM X60 ADVISORY FIC MULTIMERCADO;10/03/2023;1,390784
VERDE AM X60 ADVISORY FIC MULTIMERCADO;13/03/2023;1,378756
VERDE AM X60 ADVISORY FIC MULTIMERCADO;14/03/2023;1,381095
VERDE AM X60 ADVISORY FIC MULTIMERCADO;15/03/2023;1,379718
VERDE AM X60 ADVISORY FIC MULTIMERCADO;16/03/2023;1,387314
VERDE AM X60 ADVISORY FIC MULTIMERCADO;17/03/2023;1,373706
VERDE AM X60 ADVISORY FIC MULTIMERCADO;20/03/2023;1,37172
VERDE AM X60 ADVISORY FIC MULTIMERCADO;21/03/2023;1,377738
VERDE AM X60 ADVISORY FIC MULTIMERCADO;22/03/2023;1,37901
VERDE AM X60 ADVISORY FIC MULTIMERCADO;23/03/2023;1,373035
VERDE AM X60 ADVISORY FIC MULTIMERCADO;24/03/2023;1,37458
VERDE AM X60 ADVISORY FIC MULTIMERCADO;27/03/2023;1,381946
VERDE AM X60 ADVISORY FIC MULTIMERCADO;28/03/2023;1,392425
VERDE AM X60 ADVISORY FIC MULTIMERCADO;29/03/2023;1,394603
VERDE AM X60 ADVISORY FIC MULTIMERCADO;30/03/2023;1,399498
VERDE AM X60 ADVISORY FIC MULTIMERCADO;31/03/2023;1,393048
VERDE AM X60 ADVISORY FIC MULTIMERCADO;03/04/2023;1,387098
VERDE AM X60 ADVISORY FIC MULTIMERCADO;04/04/2023;1,386594
VERDE AM X60 ADVISORY FIC MULTIMERCADO;05/04/2023;1,37717
VERDE AM X60 ADVISORY FIC MULTIMERCADO;06/04/2023;1,378141
VERDE AM X60 ADVISORY FIC MULTIMERCADO;10/04/2023;1,383195
VERDE AM X60 ADVISORY FIC MULTIMERCADO;11/04/2023;1,393332
VERDE AM X60 ADVISORY FIC MULTIMERCADO;12/04/2023;1,393682
VERDE AM X60 ADVISORY FIC MULTIMERCADO;13/04/2023;1,395037
VERDE AM X60 ADVISORY FIC MULTIMERCADO;14/04/2023;1,394911
VERDE AM X60 ADVISORY FIC MULTIMERCADO;17/04/2023;1,394379
VERDE AM X60 ADVISORY FIC MULTIMERCADO;18/04/2023;1,394348
VERDE AM X60 ADVISORY FIC MULTIMERCADO;19/04/2023;1,396954
VERDE AM X60 ADVISORY FIC MULTIMERCADO;20/04/2023;1,398119
VERDE AM X60 ADVISORY FIC MULTIMERCADO;24/04/2023;1,395894
VERDE AM X60 ADVISORY FIC MULTIMERCADO;25/04/2023;1,383886
VERDE AM X60 ADVISORY FIC MULTIMERCADO;26/04/2023;1,38519
VERDE AM X60 ADVISORY FIC MULTIMERCADO;27/04/2023;1,38732
VERDE AM X60 ADVISORY FIC MULTIMERCADO;28/04/2023;1,392081
VERDE AM X60 ADVISORY FIC MULTIMERCADO;02/05/2023;1,387272
VERDE AM X60 ADVISORY FIC MULTIMERCADO;03/05/2023;1,383448
VERDE AM X60 ADVISORY FIC MULTIMERCADO;04/05/2023;1,381371
VERDE AM X60 ADVISORY FIC MULTIMERCADO;05/05/2023;1,392241
VERDE AM X60 ADVISORY FIC MULTIMERCADO;08/05/2023;1,399176
VERDE AM X60 ADVISORY FIC MULTIMERCADO;09/05/2023;1,405141
VERDE AM X60 ADVISORY FIC MULTIMERCADO;10/05/2023;1,401576
VERDE AM X60 ADVISORY FIC MULTIMERCADO;11/05/2023;1,396705
VERDE AM X60 ADVISORY FIC MULTIMERCADO;12/05/2023;1,399204
VERDE AM X60 ADVISORY FIC MULTIMERCADO;15/05/2023;1,40452
VERDE AM X60 ADVISORY FIC MULTIMERCADO;16/05/2023;1,399892
VERDE AM X60 ADVISORY FIC MULTIMERCADO;17/05/2023;1,410018
VERDE AM X60 ADVISORY FIC MULTIMERCADO;18/05/2023;1,411648
VERDE AM X60 ADVISORY FIC MULTIMERCADO;19/05/2023;1,418932
VERDE AM X60 ADVISORY FIC MULTIMERCADO;22/05/2023;1,417224
VERDE AM X60 ADVISORY FIC MULTIMERCADO;23/05/2023;1,41409
VERDE AM X60 ADVISORY FIC MULTIMERCADO;24/05/2023;1,405959
VERDE AM X60 ADVISORY FIC MULTIMERCADO;25/05/2023;1,409238
VERDE AM X60 ADVISORY FIC MULTIMERCADO;26/05/2023;1,41193
VERDE AM X60 ADVISORY FIC MULTIMERCADO;29/05/2023;1,409481
VERDE AM X60 ADVISORY FIC MULTIMERCADO;30/05/2023;1,407525
VERDE AM X60 ADVISORY FIC MULTIMERCADO;31/05/2023;1,403842
VERDE AM X60 ADVISORY FIC MULTIMERCADO;01/06/2023;1,414327
VERDE AM X60 ADVISORY FIC MULTIMERCADO;02/06/2023;1,416656
VERDE AM X60 ADVISORY FIC MULTIMERCADO;05/06/2023;1,413352
VERDE AM X60 ADVISORY FIC MULTIMERCADO;06/06/2023;1,4203
VERDE AM X60 ADVISORY FIC MULTIMERCADO;07/06/2023;1,421521
VERDE AM X60 ADVISORY FIC MULTIMERCADO;09/06/2023;1,423693
VERDE AM X60 ADVISORY FIC MULTIMERCADO;12/06/2023;1,425662
VERDE AM X60 ADVISORY FIC MULTIMERCADO;13/06/2023;1,425162
VERDE AM X60 ADVISORY FIC MULTIMERCADO;14/06/2023;1,433651
VERDE AM X60 ADVISORY FIC MULTIMERCADO;15/06/2023;1,433796
VERDE AM X60 ADVISORY FIC MULTIMERCADO;16/06/2023;1,433184
VERDE AM X60 ADVISORY FIC MULTIMERCADO;19/06/2023;1,433118
VERDE AM X60 ADVISORY FIC MULTIMERCADO;20/06/2023;1,432686
VERDE AM X60 ADVISORY FIC MULTIMERCADO;21/06/2023;1,431291
VERDE AM X60 ADVISORY FIC MULTIMERCADO;22/06/2023;1,426869
VERDE AM X60 ADVISORY FIC MULTIMERCADO;23/06/2023;1,42907
VERDE AM X60 ADVISORY FIC MULTIMERCADO;26/06/2023;1,422302
VERDE AM X60 ADVISORY FIC MULTIMERCADO;27/06/2023;1,416561
VERDE AM X60 ADVISORY FIC MULTIMERCADO;28/06/2023;1,417111
VERDE AM X60 ADVISORY FIC MULTIMERCADO;29/06/2023;1,423434
VERDE AM X60 ADVISORY FIC MULTIMERCADO;30/06/2023;1,426023
VERDE AM X60 ADVISORY FIC MULTIMERCADO;03/07/2023;1,427464
VERDE AM X60 ADVISORY FIC MULTIMERCADO;04/07/2023;1,427831
VERDE AM X60 ADVISORY FIC MULTIMERCADO;05/07/2023;1,431334
VERDE AM X60 ADVISORY FIC MULTIMERCADO;06/07/2023;1,426054
VERDE AM X60 ADVISORY FIC MULTIMERCADO;07/07/2023;1,428621
VERDE AM X60 ADVISORY FIC MULTIMERCADO;10/07/2023;1,427471
VERDE AM X60 ADVISORY FIC MULTIMERCADO;11/07/2023;1,428095
VERDE AM X60 ADVISORY FIC MULTIMERCADO;12/07/2023;1,432103
VERDE AM X60 ADVISORY FIC MULTIMERCADO;13/07/2023;1,436985
VERDE AM X60 ADVISORY FIC MULTIMERCADO;14/07/2023;1,431886
VERDE AM X60 ADVISORY FIC MULTIMERCADO;17/07/2023;1,433898
VERDE AM X60 ADVISORY FIC MULTIMERCADO;18/07/2023;1,436095
VERDE AM X60 ADVISORY FIC MULTIMERCADO;19/07/2023;1,437672
VERDE AM X60 ADVISORY FIC MULTIMERCADO;20/07/2023;1,4433
VERDE AM X60 ADVISORY FIC MULTIMERCADO;21/07/2023;1,448545
VERDE AM X60 ADVISORY FIC MULTIMERCADO;24/07/2023;1,449862
VERDE AM X60 ADVISORY FIC MULTIMERCADO;25/07/2023;1,449004
VERDE AM X60 ADVISORY FIC MULTIMERCADO;26/07/2023;1,450796
VERDE AM X60 ADVISORY FIC MULTIMERCADO;27/07/2023;1,449482
VERDE AM X60 ADVISORY FIC MULTIMERCADO;28/07/2023;1,452239
VERDE AM X60 ADVISORY FIC MULTIMERCADO;31/07/2023;1,457247
VERDE AM X60 ADVISORY FIC MULTIMERCADO;01/08/2023;1,450426
VERDE AM X60 ADVISORY FIC MULTIMERCADO;02/08/2023;1,447762
VERDE AM X60 ADVISORY FIC MULTIMERCADO;03/08/2023;1,449665
VERDE AM X60 ADVISORY FIC MULTIMERCADO;04/08/2023;1,454613
VERDE AM X60 ADVISORY FIC MULTIMERCADO;07/08/2023;1,451386
VERDE AM X60 ADVISORY FIC MULTIMERCADO;08/08/2023;1,450232
VERDE AM X60 ADVISORY FIC MULTIMERCADO;09/08/2023;1,451122
VERDE AM X60 ADVISORY FIC MULTIMERCADO;10/08/2023;1,454086
VERDE AM X60 ADVISORY FIC MULTIMERCADO;11/08/2023;1,453715
VERDE AM X60 ADVISORY FIC MULTIMERCADO;14/08/2023;1,45297
VERDE AM X60 ADVISORY FIC MULTIMERCADO;15/08/2023;1,451842
VERDE AM X60 ADVISORY FIC MULTIMERCADO;16/08/2023;1,453343
VERDE AM X60 ADVISORY FIC MULTIMERCADO;17/08/2023;1,45155
VERDE AM X60 ADVISORY FIC MULTIMERCADO;18/08/2023;1,454702
VERDE AM X60 ADVISORY FIC MULTIMERCADO;21/08/2023;1,452232
VERDE AM X60 ADVISORY FIC MULTIMERCADO;22/08/2023;1,460302
VERDE AM X60 ADVISORY FIC MULTIMERCADO;23/08/2023;1,464489
VERDE AM X60 ADVISORY FIC MULTIMERCADO;24/08/2023;1,459222
VERDE AM X60 ADVISORY FIC MULTIMERCADO;25/08/2023;1,456872
VERDE AM X60 ADVISORY FIC MULTIMERCADO;28/08/2023;1,457311
VERDE AM X60 ADVISORY FIC MULTIMERCADO;29/08/2023;1,462924
VERDE AM X60 ADVISORY FIC MULTIMERCADO;30/08/2023;1,462454
VERDE AM X60 ADVISORY FIC MULTIMERCADO;31/08/2023;1,456778
VERDE AM X60 ADVISORY FIC MULTIMERCADO;01/09/2023;1,461534
VERDE AM X60 ADVISORY FIC MULTIMERCADO;04/09/2023;1,461853
VERDE AM X60 ADVISORY FIC MULTIMERCADO;05/09/2023;1,458579
VERDE AM X60 ADVISORY FIC MULTIMERCADO;06/09/2023;1,453123
VERDE AM X60 ADVISORY FIC MULTIMERCADO;08/09/2023;1,45323
VERDE AM X60 ADVISORY FIC MULTIMERCADO;11/09/2023;1,461952
VERDE AM X60 ADVISORY FIC MULTIMERCADO;12/09/2023;1,465746
VERDE AM X60 ADVISORY FIC MULTIMERCADO;13/09/2023;1,469642
VERDE AM X60 ADVISORY FIC MULTIMERCADO;14/09/2023;1,475417
VERDE AM X60 ADVISORY FIC MULTIMERCADO;15/09/2023;1,47659
VERDE AM X60 ADVISORY FIC MULTIMERCADO;18/09/2023;1,477515
VERDE AM X60 ADVISORY FIC MULTIMERCADO;19/09/2023;1,478221
VERDE AM X60 ADVISORY FIC MULTIMERCADO;20/09/2023;1,482789
VERDE AM X60 ADVISORY FIC MULTIMERCADO;21/09/2023;1,478729
VERDE AM X60 ADVISORY FIC MULTIMERCADO;22/09/2023;1,479166
VERDE AM X60 ADVISORY FIC MULTIMERCADO;25/09/2023;1,474088
VERDE AM X60 ADVISORY FIC MULTIMERCADO;26/09/2023;1,465678
VERDE AM X60 ADVISORY FIC MULTIMERCADO;27/09/2023;1,460184
VERDE AM X60 ADVISORY FIC MULTIMERCADO;28/09/2023;1,465349
VERDE AM X60 ADVISORY FIC MULTIMERCADO;29/09/2023;1,468569
VERDE AM X60 ADVISORY FIC MULTIMERCADO;02/10/2023;1,463233
VERDE AM X60 ADVISORY FIC MULTIMERCADO;03/10/2023;1,458813
VERDE AM X60 ADVISORY FIC MULTIMERCADO;04/10/2023;1,459397
VERDE AM X60 ADVISORY FIC MULTIMERCADO;05/10/2023;1,457798
VERDE AM X60 ADVISORY FIC MULTIMERCADO;06/10/2023;1,458282
VERDE AM X60 ADVISORY FIC MULTIMERCADO;09/10/2023;1,459271
VERDE AM X60 ADVISORY FIC MULTIMERCADO;10/10/2023;1,467145
VERDE AM X60 ADVISORY FIC MULTIMERCADO;11/10/2023;1,468402
VERDE AM X60 ADVISORY FIC MULTIMERCADO;13/10/2023;1,465088
VERDE AM X60 ADVISORY FIC MULTIMERCADO;16/10/2023;1,46583
VERDE AM X60 ADVISORY FIC MULTIMERCADO;17/10/2023;1,461742
VERDE AM X60 ADVISORY FIC MULTIMERCADO;18/10/2023;1,45411
VERDE AM X60 ADVISORY FIC MULTIMERCADO;19/10/2023;1,456792
VERDE AM X60 ADVISORY FIC MULTIMERCADO;20/10/2023;1,45686
VERDE AM X60 ADVISORY FIC MULTIMERCADO;23/10/2023;1,462148
VERDE AM X60 ADVISORY FIC MULTIMERCADO;24/10/2023;1,461247
VERDE AM X60 ADVISORY FIC MULTIMERCADO;25/10/2023;1,455976
VERDE AM X60 ADVISORY FIC MULTIMERCADO;26/10/2023;1,466533
VERDE AM X60 ADVISORY FIC MULTIMERCADO;27/10/2023;1,464639
VERDE AM X60 ADVISORY FIC MULTIMERCADO;30/10/2023;1,462361
VERDE AM X60 ADVISORY FIC MULTIMERCADO;31/10/2023;1,461736
VERDE AM X60 ADVISORY FIC MULTIMERCADO;01/11/2023;1,469108
VERDE AM X60 ADVISORY FIC MULTIMERCADO;03/11/2023;1,48056
VERDE AM X60 ADVISORY FIC MULTIMERCADO;06/11/2023;1,478029
VERDE AM X60 ADVISORY FIC MULTIMERCADO;07/11/2023;1,483069
VERDE AM X60 ADVISORY FIC MULTIMERCADO;08/11/2023;1,483481
VERDE AM X60 ADVISORY FIC MULTIMERCADO;09/11/2023;1,480235
