Nome do Ativo;Data;Número Índice Ajustados
CDI;30/12/1996;100,085333
CDI;31/12/1996;100,168738
CDI;02/01/1997;100,252212
CDI;03/01/1997;100,32974
CDI;06/01/1997;100,406994
CDI;07/01/1997;100,484307
CDI;08/01/1997;100,56168
CDI;09/01/1997;100,639113
CDI;10/01/1997;100,716605
CDI;13/01/1997;100,794828
CDI;14/01/1997;100,873112
CDI;15/01/1997;100,951457
CDI;16/01/1997;101,029863
CDI;17/01/1997;101,108329
CDI;20/01/1997;101,187194
CDI;21/01/1997;101,26612
CDI;22/01/1997;101,34477
CDI;23/01/1997;101,423481
CDI;24/01/1997;101,502591
CDI;27/01/1997;101,582101
CDI;28/01/1997;101,661335
CDI;29/01/1997;101,741987
CDI;30/01/1997;101,821345
CDI;31/01/1997;101,903821
CDI;03/02/1997;101,997233
CDI;04/02/1997;102,09073
CDI;05/02/1997;102,184994
CDI;06/02/1997;102,279004
CDI;07/02/1997;102,373442
CDI;12/02/1997;102,467966
CDI;13/02/1997;102,562579
CDI;14/02/1997;102,657962
CDI;17/02/1997;102,753434
CDI;18/02/1997;102,848309
CDI;19/02/1997;102,943273
CDI;20/02/1997;103,03798
CDI;21/02/1997;103,132432
CDI;24/02/1997;103,22697
CDI;25/02/1997;103,321251
CDI;26/02/1997;103,415273
CDI;27/02/1997;103,509036
CDI;28/02/1997;103,602539
CDI;03/03/1997;103,690947
CDI;04/03/1997;103,779775
CDI;05/03/1997;103,867988
CDI;06/03/1997;103,956276
CDI;07/03/1997;104,044985
CDI;10/03/1997;104,134117
CDI;11/03/1997;104,222978
CDI;12/03/1997;104,312263
CDI;13/03/1997;104,401276
CDI;14/03/1997;104,490713
CDI;17/03/1997;104,580227
CDI;18/03/1997;104,669817
CDI;19/03/1997;104,759484
CDI;20/03/1997;104,848879
CDI;21/03/1997;104,93835
CDI;24/03/1997;105,027897
CDI;25/03/1997;105,117521
CDI;26/03/1997;105,207221
CDI;31/03/1997;105,296998
CDI;01/04/1997;105,376673
CDI;02/04/1997;105,456408
CDI;03/04/1997;105,536203
CDI;04/04/1997;105,616059
CDI;07/04/1997;105,696679
CDI;08/04/1997;105,778418
CDI;09/04/1997;105,863393
CDI;10/04/1997;105,946673
CDI;11/04/1997;106,033196
CDI;14/04/1997;106,120496
CDI;15/04/1997;106,207515
CDI;16/04/1997;106,291773
CDI;17/04/1997;106,377515
CDI;18/04/1997;106,465099
CDI;22/04/1997;106,548852
CDI;23/04/1997;106,630895
CDI;24/04/1997;106,711934
CDI;25/04/1997;106,792679
CDI;28/04/1997;106,873842
CDI;29/04/1997;106,955422
CDI;30/04/1997;107,037065
CDI;02/05/1997;107,121981
CDI;05/05/1997;107,20625
CDI;06/05/1997;107,290228
CDI;07/05/1997;107,37463
CDI;08/05/1997;107,459098
CDI;09/05/1997;107,543633
CDI;12/05/1997;107,628951
CDI;13/05/1997;107,713977
CDI;14/05/1997;107,799071
CDI;15/05/1997;107,884233
CDI;16/05/1997;107,969461
CDI;19/05/1997;108,054757
CDI;20/05/1997;108,14012
CDI;21/05/1997;108,225551
CDI;22/05/1997;108,311049
CDI;23/05/1997;108,396615
CDI;26/05/1997;108,481887
CDI;27/05/1997;108,566864
CDI;28/05/1997;108,650099
CDI;30/05/1997;108,731587
CDI;02/06/1997;108,812773
CDI;03/06/1997;108,89402
CDI;04/06/1997;108,97569
CDI;05/06/1997;109,057422
CDI;06/06/1997;109,139579
CDI;09/06/1997;109,222889
CDI;10/06/1997;109,305898
CDI;11/06/1997;109,38897
CDI;12/06/1997;109,472106
CDI;13/06/1997;109,55567
CDI;16/06/1997;109,638932
CDI;17/06/1997;109,722623
CDI;18/06/1997;109,806378
CDI;19/06/1997;109,889831
CDI;20/06/1997;109,973347
CDI;23/06/1997;110,05656
CDI;24/06/1997;110,139836
CDI;25/06/1997;110,223176
CDI;26/06/1997;110,305476
CDI;27/06/1997;110,387469
CDI;30/06/1997;110,469156
CDI;01/07/1997;110,545011
CDI;02/07/1997;110,620919
CDI;03/07/1997;110,696879
CDI;04/07/1997;110,772891
CDI;07/07/1997;110,849324
CDI;08/07/1997;110,926179
CDI;09/07/1997;111,003458
CDI;10/07/1997;111,08042
CDI;11/07/1997;111,157436
CDI;14/07/1997;111,234876
CDI;15/07/1997;111,312369
CDI;16/07/1997;111,389546
CDI;17/07/1997;111,466776
CDI;18/07/1997;111,54406
CDI;21/07/1997;111,621025
CDI;22/07/1997;111,698044
CDI;23/07/1997;111,774743
CDI;24/07/1997;111,851495
CDI;25/07/1997;111,9283
CDI;28/07/1997;112,005157
CDI;29/07/1997;112,082067
CDI;30/07/1997;112,15903
CDI;31/07/1997;112,236046
CDI;01/08/1997;112,320223
CDI;04/08/1997;112,404089
CDI;05/08/1997;112,487643
CDI;06/08/1997;112,571259
CDI;07/08/1997;112,654561
CDI;08/08/1997;112,738301
CDI;11/08/1997;112,822479
CDI;12/08/1997;112,907096
CDI;13/08/1997;112,992529
CDI;14/08/1997;113,078027
CDI;15/08/1997;113,163212
CDI;18/08/1997;113,248462
CDI;19/08/1997;113,333398
CDI;20/08/1997;113,418398
CDI;21/08/1997;113,503462
CDI;22/08/1997;113,58859
CDI;25/08/1997;113,673781
CDI;26/08/1997;113,758657
CDI;27/08/1997;113,843597
CDI;28/08/1997;113,9286
CDI;29/08/1997;114,013667
CDI;01/09/1997;114,095757
CDI;02/09/1997;114,177906
CDI;03/09/1997;114,259733
CDI;04/09/1997;114,34162
CDI;05/09/1997;114,423564
CDI;08/09/1997;114,505568
CDI;09/09/1997;114,58763
CDI;10/09/1997;114,669751
CDI;11/09/1997;114,751931
CDI;12/09/1997;114,83417
CDI;15/09/1997;114,916851
CDI;16/09/1997;114,999591
CDI;17/09/1997;115,082007
CDI;18/09/1997;115,164483
CDI;19/09/1997;115,247017
CDI;22/09/1997;115,329611
CDI;23/09/1997;115,412264
CDI;24/09/1997;115,494976
CDI;25/09/1997;115,576977
CDI;26/09/1997;115,658652
CDI;29/09/1997;115,739998
CDI;30/09/1997;115,819859
CDI;01/10/1997;115,899775
CDI;02/10/1997;115,979359
CDI;03/10/1997;116,058612
CDI;06/10/1997;116,137919
CDI;07/10/1997;116,217279
CDI;08/10/1997;116,296695
CDI;09/10/1997;116,376164
CDI;10/10/1997;116,455688
CDI;13/10/1997;116,535266
CDI;14/10/1997;116,614898
CDI;15/10/1997;116,694974
CDI;16/10/1997;116,775493
CDI;17/10/1997;116,856068
CDI;20/10/1997;116,936699
CDI;21/10/1997;117,016996
CDI;22/10/1997;117,097347
CDI;23/10/1997;117,177754
CDI;24/10/1997;117,258216
CDI;27/10/1997;117,338343
CDI;28/10/1997;117,418915
CDI;29/10/1997;117,500325
CDI;30/10/1997;117,582576
CDI;31/10/1997;117,667627
CDI;03/11/1997;117,848835
CDI;04/11/1997;118,02168
CDI;05/11/1997;118,194779
CDI;06/11/1997;118,367737
CDI;07/11/1997;118,542527
CDI;10/11/1997;118,718365
CDI;11/11/1997;118,894464
CDI;12/11/1997;119,070824
CDI;13/11/1997;119,247445
CDI;14/11/1997;119,424329
CDI;17/11/1997;119,601475
CDI;18/11/1997;119,778884
CDI;19/11/1997;119,956556
CDI;20/11/1997;120,134492
CDI;21/11/1997;120,312691
CDI;24/11/1997;120,491155
CDI;25/11/1997;120,669884
CDI;26/11/1997;120,848877
CDI;27/11/1997;121,028136
CDI;28/11/1997;121,208872
CDI;01/12/1997;121,366443
CDI;02/12/1997;121,522197
CDI;03/12/1997;121,67815
CDI;04/12/1997;121,83471
CDI;05/12/1997;121,992689
CDI;08/12/1997;122,150466
CDI;09/12/1997;122,30804
CDI;10/12/1997;122,465817
CDI;11/12/1997;122,623798
CDI;12/12/1997;122,781983
CDI;15/12/1997;122,940372
CDI;16/12/1997;123,098965
CDI;17/12/1997;123,257762
CDI;18/12/1997;123,417997
CDI;19/12/1997;123,582555
CDI;22/12/1997;123,747332
CDI;23/12/1997;123,91439
CDI;24/12/1997;124,080023
CDI;26/12/1997;124,245876
CDI;29/12/1997;124,411537
CDI;30/12/1997;124,577834
CDI;31/12/1997;124,741031
CDI;02/01/1998;124,904442
CDI;05/01/1998;125,064581
CDI;06/01/1998;125,224745
CDI;07/01/1998;125,385151
CDI;08/01/1998;125,545834
CDI;09/01/1998;125,706759
CDI;12/01/1998;125,867855
CDI;13/01/1998;126,029193
CDI;14/01/1998;126,190665
CDI;15/01/1998;126,350416
CDI;16/01/1998;126,510405
CDI;19/01/1998;126,67078
CDI;20/01/1998;126,830626
CDI;21/01/1998;126,990417
CDI;22/01/1998;127,150226
CDI;23/01/1998;127,309426
CDI;26/01/1998;127,467235
CDI;27/01/1998;127,624165
CDI;28/01/1998;127,781138
CDI;29/01/1998;127,936178
CDI;30/01/1998;128,084923
CDI;02/02/1998;128,234714
CDI;03/02/1998;128,384301
CDI;04/02/1998;128,534366
CDI;05/02/1998;128,684493
CDI;06/02/1998;128,834833
CDI;09/02/1998;128,985386
CDI;10/02/1998;129,135963
CDI;11/02/1998;129,28641
CDI;12/02/1998;129,436917
CDI;13/02/1998;129,587676
CDI;16/02/1998;129,738496
CDI;17/02/1998;129,889029
CDI;18/02/1998;130,039814
CDI;19/02/1998;130,190581
CDI;20/02/1998;130,340905
CDI;25/02/1998;130,490006
CDI;26/02/1998;130,638929
CDI;27/02/1998;130,787826
CDI;02/03/1998;130,93701
CDI;03/03/1998;131,086248
CDI;04/03/1998;131,233932
CDI;05/03/1998;131,366003
CDI;06/03/1998;131,493119
CDI;09/03/1998;131,620482
CDI;10/03/1998;131,747967
CDI;11/03/1998;131,875617
CDI;12/03/1998;132,003268
CDI;13/03/1998;132,130754
CDI;16/03/1998;132,258734
CDI;17/03/1998;132,386468
CDI;18/03/1998;132,514159
CDI;19/03/1998;132,641602
CDI;20/03/1998;132,769333
CDI;23/03/1998;132,897022
CDI;24/03/1998;133,024792
CDI;25/03/1998;133,152477
CDI;26/03/1998;133,280285
CDI;27/03/1998;133,408299
CDI;30/03/1998;133,536311
CDI;31/03/1998;133,66407
CDI;01/04/1998;133,791827
CDI;02/04/1998;133,919915
CDI;03/04/1998;134,048
CDI;06/04/1998;134,176542
CDI;07/04/1998;134,306628
CDI;08/04/1998;134,438051
CDI;13/04/1998;134,569186
CDI;14/04/1998;134,700281
CDI;15/04/1998;134,829532
CDI;16/04/1998;134,939074
CDI;17/04/1998;135,051493
CDI;20/04/1998;135,163657
CDI;22/04/1998;135,275741
CDI;23/04/1998;135,387786
CDI;24/04/1998;135,499881
CDI;27/04/1998;135,611981
CDI;28/04/1998;135,724086
CDI;29/04/1998;135,836372
CDI;30/04/1998;135,9484
CDI;04/05/1998;136,059379
CDI;05/05/1998;136,171327
CDI;06/05/1998;136,284904
CDI;07/05/1998;136,397741
CDI;08/05/1998;136,51054
CDI;11/05/1998;136,623916
CDI;12/05/1998;136,737211
CDI;13/05/1998;136,850775
CDI;14/05/1998;136,963993
CDI;15/05/1998;137,077613
CDI;18/05/1998;137,190753
CDI;19/05/1998;137,3035
CDI;20/05/1998;137,416427
CDI;21/05/1998;137,525486
CDI;22/05/1998;137,63221
CDI;25/05/1998;137,738972
CDI;26/05/1998;137,845862
CDI;27/05/1998;137,952745
CDI;28/05/1998;138,059936
CDI;29/05/1998;138,167165
CDI;01/06/1998;138,273981
CDI;02/06/1998;138,379205
CDI;03/06/1998;138,484373
CDI;04/06/1998;138,589757
CDI;05/06/1998;138,694948
CDI;08/06/1998;138,80022
CDI;09/06/1998;138,905616
CDI;10/06/1998;139,010911
CDI;12/06/1998;139,116331
CDI;15/06/1998;139,221876
CDI;16/06/1998;139,327547
CDI;17/06/1998;139,433299
CDI;18/06/1998;139,53945
CDI;19/06/1998;139,645454
CDI;22/06/1998;139,75163
CDI;23/06/1998;139,857658
CDI;24/06/1998;139,963352
CDI;25/06/1998;140,066733
CDI;26/06/1998;140,170697
CDI;29/06/1998;140,274739
CDI;30/06/1998;140,378534
CDI;01/07/1998;140,482128
CDI;02/07/1998;140,585799
CDI;03/07/1998;140,689407
CDI;06/07/1998;140,79286
CDI;07/07/1998;140,896296
CDI;08/07/1998;140,999668
CDI;09/07/1998;141,103674
CDI;10/07/1998;141,20799
CDI;13/07/1998;141,311917
CDI;14/07/1998;141,41592
CDI;15/07/1998;141,519954
CDI;16/07/1998;141,62411
CDI;17/07/1998;141,728343
CDI;20/07/1998;141,832747
CDI;21/07/1998;141,937134
CDI;22/07/1998;142,041598
CDI;23/07/1998;142,145576
CDI;24/07/1998;142,249254
CDI;27/07/1998;142,352538
CDI;28/07/1998;142,455708
CDI;29/07/1998;142,558246
CDI;30/07/1998;142,65977
CDI;31/07/1998;142,760704
CDI;03/08/1998;142,861851
CDI;04/08/1998;142,962785
CDI;05/08/1998;143,063647
CDI;06/08/1998;143,164343
CDI;07/08/1998;143,264825
CDI;10/08/1998;143,365233
CDI;11/08/1998;143,465569
CDI;12/08/1998;143,565689
CDI;13/08/1998;143,665639
CDI;14/08/1998;143,765611
CDI;17/08/1998;143,865556
CDI;18/08/1998;143,965667
CDI;19/08/1998;144,065848
CDI;20/08/1998;144,165858
CDI;21/08/1998;144,265842
CDI;24/08/1998;144,365798
CDI;25/08/1998;144,465872
CDI;26/08/1998;144,565823
CDI;27/08/1998;144,665843
CDI;28/08/1998;144,765835
CDI;31/08/1998;144,865607
CDI;01/09/1998;144,965593
CDI;02/09/1998;145,065841
CDI;03/09/1998;145,166255
CDI;04/09/1998;145,266981
CDI;08/09/1998;145,368599
CDI;09/09/1998;145,519181
CDI;10/09/1998;145,672983
CDI;11/09/1998;145,829205
CDI;14/09/1998;146,032552
CDI;15/09/1998;146,230725
CDI;16/09/1998;146,424649
CDI;17/09/1998;146,616535
CDI;18/09/1998;146,809383
CDI;21/09/1998;147,002737
CDI;22/09/1998;147,198646
CDI;23/09/1998;147,394817
CDI;24/09/1998;147,591207
CDI;25/09/1998;147,785716
CDI;28/09/1998;147,983088
CDI;29/09/1998;148,181102
CDI;30/09/1998;148,379634
CDI;01/10/1998;148,578935
CDI;02/10/1998;148,779262
CDI;05/10/1998;148,980154
CDI;06/10/1998;149,18199
CDI;07/10/1998;149,384395
CDI;08/10/1998;149,586948
CDI;09/10/1998;149,790535
CDI;13/10/1998;149,994907
CDI;14/10/1998;150,200064
CDI;15/10/1998;150,406178
CDI;16/10/1998;150,612998
CDI;19/10/1998;150,820229
CDI;20/10/1998;151,028
CDI;21/10/1998;151,236396
CDI;22/10/1998;151,445674
CDI;23/10/1998;151,655326
CDI;26/10/1998;151,865567
CDI;27/10/1998;152,076481
CDI;28/10/1998;152,287817
CDI;29/10/1998;152,499616
CDI;30/10/1998;152,712222
CDI;03/11/1998;152,925381
CDI;04/11/1998;153,139222
CDI;05/11/1998;153,352335
CDI;06/11/1998;153,565099
CDI;09/11/1998;153,778202
CDI;10/11/1998;153,991299
CDI;11/11/1998;154,204389
CDI;12/11/1998;154,395627
CDI;13/11/1998;154,59504
CDI;16/11/1998;154,793245
CDI;17/11/1998;154,990278
CDI;18/11/1998;155,184874
CDI;19/11/1998;155,377733
CDI;20/11/1998;155,568118
CDI;23/11/1998;155,757099
CDI;24/11/1998;155,944073
CDI;25/11/1998;156,129391
CDI;26/11/1998;156,313087
CDI;27/11/1998;156,497415
CDI;30/11/1998;156,681035
CDI;01/12/1998;156,864083
CDI;02/12/1998;157,045997
CDI;03/12/1998;157,226769
CDI;04/12/1998;157,406907
CDI;07/12/1998;157,586595
CDI;08/12/1998;157,765502
CDI;09/12/1998;157,944046
CDI;10/12/1998;158,121469
CDI;11/12/1998;158,298192
CDI;14/12/1998;158,474258
CDI;15/12/1998;158,649757
CDI;16/12/1998;158,824497
CDI;17/12/1998;158,982372
CDI;18/12/1998;159,14413
CDI;21/12/1998;159,305171
CDI;22/12/1998;159,465295
CDI;23/12/1998;159,626416
CDI;24/12/1998;159,787158
CDI;28/12/1998;159,948062
CDI;29/12/1998;160,108882
CDI;30/12/1998;160,269814
CDI;31/12/1998;160,431994
CDI;04/01/1999;160,594338
CDI;05/01/1999;160,756154
CDI;06/01/1999;160,918083
CDI;07/01/1999;161,080176
CDI;08/01/1999;161,243176
CDI;11/01/1999;161,406391
CDI;12/01/1999;161,570813
CDI;13/01/1999;161,734807
CDI;14/01/1999;161,901698
CDI;15/01/1999;162,068761
CDI;18/01/1999;162,236592
CDI;19/01/1999;162,403951
CDI;20/01/1999;162,58219
CDI;21/01/1999;162,76302
CDI;22/01/1999;162,94454
CDI;25/01/1999;163,125627
CDI;26/01/1999;163,306817
CDI;27/01/1999;163,488012
CDI;28/01/1999;163,683161
CDI;29/01/1999;163,879361
CDI;01/02/1999;164,085971
CDI;02/02/1999;164,303201
CDI;03/02/1999;164,514939
CDI;04/02/1999;164,726572
CDI;05/02/1999;164,938477
CDI;08/02/1999;165,150797
CDI;09/02/1999;165,36358
CDI;10/02/1999;165,576684
CDI;11/02/1999;165,790206
CDI;12/02/1999;166,003956
CDI;17/02/1999;166,218076
CDI;18/02/1999;166,432425
CDI;19/02/1999;166,647099
CDI;22/02/1999;166,862001
CDI;23/02/1999;167,07718
CDI;24/02/1999;167,292637
CDI;25/02/1999;167,508324
CDI;26/02/1999;167,724241
CDI;01/03/1999;167,940725
CDI;02/03/1999;168,157585
CDI;03/03/1999;168,37458
CDI;04/03/1999;168,591903
CDI;05/03/1999;168,810039
CDI;08/03/1999;169,05574
CDI;09/03/1999;169,301892
CDI;10/03/1999;169,547842
CDI;11/03/1999;169,794197
CDI;12/03/1999;170,041611
CDI;15/03/1999;170,289245
CDI;16/03/1999;170,537099
CDI;17/03/1999;170,785172
CDI;18/03/1999;171,033842
CDI;19/03/1999;171,28311
CDI;22/03/1999;171,532363
CDI;23/03/1999;171,781932
CDI;24/03/1999;172,031769
CDI;25/03/1999;172,282065
CDI;26/03/1999;172,518723
CDI;29/03/1999;172,75561
CDI;30/03/1999;172,992822
CDI;31/03/1999;173,230166
CDI;05/04/1999;173,45797
CDI;06/04/1999;173,683198
CDI;07/04/1999;173,907971
CDI;08/04/1999;174,132886
CDI;09/04/1999;174,358291
CDI;12/04/1999;174,584088
CDI;13/04/1999;174,810478
CDI;14/04/1999;175,037011
CDI;15/04/1999;175,233897
CDI;16/04/1999;175,434197
CDI;19/04/1999;175,634726
CDI;20/04/1999;175,835693
CDI;22/04/1999;176,036209
CDI;23/04/1999;176,235798
CDI;26/04/1999;176,432396
CDI;27/04/1999;176,629055
CDI;28/04/1999;176,825403
CDI;29/04/1999;177,020746
CDI;30/04/1999;177,21289
CDI;03/05/1999;177,405082
CDI;04/05/1999;177,597214
CDI;05/05/1999;177,789769
CDI;06/05/1999;177,982425
CDI;07/05/1999;178,174751
CDI;10/05/1999;178,361439
CDI;11/05/1999;178,541816
CDI;12/05/1999;178,722046
CDI;13/05/1999;178,902348
CDI;14/05/1999;179,069704
CDI;17/05/1999;179,236373
CDI;18/05/1999;179,400715
CDI;19/05/1999;179,563111
CDI;20/05/1999;179,709462
CDI;21/05/1999;179,85657
CDI;24/05/1999;180,003683
CDI;25/05/1999;180,150742
CDI;26/05/1999;180,298096
CDI;27/05/1999;180,445453
CDI;28/05/1999;180,591296
CDI;31/05/1999;180,736496
CDI;01/06/1999;180,881402
CDI;02/06/1999;181,026482
CDI;04/06/1999;181,172326
CDI;07/06/1999;181,318521
CDI;08/06/1999;181,464776
CDI;09/06/1999;181,611443
CDI;10/06/1999;181,752438
CDI;11/06/1999;181,893722
CDI;14/06/1999;182,035174
CDI;15/06/1999;182,176737
CDI;16/06/1999;182,318707
CDI;17/06/1999;182,460371
CDI;18/06/1999;182,601609
CDI;21/06/1999;182,742717
CDI;22/06/1999;182,884054
CDI;23/06/1999;183,02532
CDI;24/06/1999;183,156938
CDI;25/06/1999;183,293128
CDI;28/06/1999;183,42966
CDI;29/06/1999;183,565991
CDI;30/06/1999;183,702364
CDI;01/07/1999;183,838414
CDI;02/07/1999;183,97402
CDI;05/07/1999;184,109725
CDI;06/07/1999;184,245045
CDI;07/07/1999;184,380525
CDI;08/07/1999;184,515862
CDI;09/07/1999;184,650627
CDI;12/07/1999;184,785369
CDI;13/07/1999;184,920636
CDI;14/07/1999;185,056735
CDI;15/07/1999;185,192934
CDI;16/07/1999;185,329234
CDI;19/07/1999;185,465633
CDI;20/07/1999;185,602256
CDI;21/07/1999;185,739224
CDI;22/07/1999;185,876048
CDI;23/07/1999;186,01334
CDI;26/07/1999;186,150305
CDI;27/07/1999;186,287554
CDI;28/07/1999;186,424905
CDI;29/07/1999;186,560264
CDI;30/07/1999;186,690706
CDI;02/08/1999;186,821363
CDI;03/08/1999;186,95205
CDI;04/08/1999;187,082704
CDI;05/08/1999;187,213387
CDI;06/08/1999;187,344161
CDI;09/08/1999;187,474902
CDI;10/08/1999;187,605671
CDI;11/08/1999;187,736657
CDI;12/08/1999;187,867797
CDI;13/08/1999;187,998966
CDI;16/08/1999;188,130288
CDI;17/08/1999;188,26164
CDI;18/08/1999;188,392959
CDI;19/08/1999;188,524369
CDI;20/08/1999;188,655933
CDI;23/08/1999;188,787401
CDI;24/08/1999;188,918897
CDI;25/08/1999;189,050485
CDI;26/08/1999;189,182038
CDI;27/08/1999;189,314125
CDI;30/08/1999;189,445988
CDI;31/08/1999;189,578132
CDI;01/09/1999;189,710369
CDI;02/09/1999;189,841179
CDI;03/09/1999;189,973726
CDI;06/09/1999;190,106238
CDI;08/09/1999;190,238463
CDI;09/09/1999;190,371034
CDI;10/09/1999;190,503696
CDI;13/09/1999;190,63753
CDI;14/09/1999;190,771584
CDI;15/09/1999;190,904971
CDI;16/09/1999;191,037815
CDI;17/09/1999;191,170942
CDI;20/09/1999;191,30429
CDI;21/09/1999;191,437858
CDI;22/09/1999;191,571774
CDI;23/09/1999;191,703549
CDI;24/09/1999;191,835286
CDI;27/09/1999;191,967113
CDI;28/09/1999;192,099031
CDI;29/09/1999;192,230976
CDI;30/09/1999;192,362947
CDI;01/10/1999;192,49488
CDI;04/10/1999;192,62716
CDI;05/10/1999;192,759339
CDI;06/10/1999;192,891544
CDI;07/10/1999;193,022872
CDI;08/10/1999;193,155064
CDI;11/10/1999;193,287283
CDI;13/10/1999;193,419268
CDI;14/10/1999;193,551409
CDI;15/10/1999;193,683639
CDI;18/10/1999;193,815895
CDI;19/10/1999;193,948242
CDI;20/10/1999;194,080744
CDI;21/10/1999;194,213271
CDI;22/10/1999;194,345759
CDI;25/10/1999;194,478208
CDI;26/10/1999;194,610486
CDI;27/10/1999;194,74292
CDI;28/10/1999;194,875378
CDI;29/10/1999;195,007927
CDI;01/11/1999;195,140631
CDI;03/11/1999;195,27349
CDI;04/11/1999;195,406375
CDI;05/11/1999;195,53935
CDI;08/11/1999;195,672351
CDI;09/11/1999;195,805441
CDI;10/11/1999;195,938557
CDI;11/11/1999;196,070319
CDI;12/11/1999;196,204009
CDI;16/11/1999;196,33792
CDI;17/11/1999;196,471989
CDI;18/11/1999;196,606149
CDI;19/11/1999;196,740533
CDI;22/11/1999;196,875074
CDI;23/11/1999;197,009641
CDI;24/11/1999;197,144234
CDI;25/11/1999;197,278919
CDI;26/11/1999;197,413697
CDI;29/11/1999;197,548698
CDI;30/11/1999;197,683659
CDI;01/12/1999;197,818911
CDI;02/12/1999;197,954256
CDI;03/12/1999;198,089627
CDI;06/12/1999;198,225157
CDI;07/12/1999;198,360845
CDI;08/12/1999;198,496362
CDI;09/12/1999;198,631772
CDI;10/12/1999;198,767274
CDI;13/12/1999;198,902802
CDI;14/12/1999;199,038423
CDI;15/12/1999;199,174136
CDI;16/12/1999;199,309941
CDI;17/12/1999;199,445973
CDI;20/12/1999;199,58203
CDI;21/12/1999;199,718314
CDI;22/12/1999;199,854758
CDI;23/12/1999;199,991228
CDI;24/12/1999;200,127859
CDI;27/12/1999;200,264582
CDI;28/12/1999;200,401131
CDI;29/12/1999;200,537773
CDI;30/12/1999;200,674442
CDI;31/12/1999;200,811874
CDI;03/01/2000;200,949401
CDI;04/01/2000;201,086685
CDI;05/01/2000;201,223862
CDI;06/01/2000;201,361066
CDI;07/01/2000;201,49843
CDI;10/01/2000;201,635888
CDI;11/01/2000;201,773439
CDI;12/01/2000;201,911219
CDI;13/01/2000;202,048891
CDI;14/01/2000;202,186657
CDI;17/01/2000;202,324652
CDI;18/01/2000;202,462606
CDI;19/01/2000;202,600586
CDI;20/01/2000;202,738321
CDI;21/01/2000;202,876082
CDI;24/01/2000;203,014548
CDI;25/01/2000;203,153108
CDI;26/01/2000;203,29183
CDI;27/01/2000;203,430307
CDI;28/01/2000;203,568675
CDI;31/01/2000;203,707136
CDI;01/02/2000;203,845624
CDI;02/02/2000;203,98441
CDI;03/02/2000;204,123223
CDI;04/02/2000;204,26213
CDI;07/02/2000;204,401268
CDI;08/02/2000;204,540296
CDI;09/02/2000;204,679623
CDI;10/02/2000;204,818841
CDI;11/02/2000;204,95829
CDI;14/02/2000;205,097765
CDI;15/02/2000;205,237335
CDI;16/02/2000;205,377069
CDI;17/02/2000;205,517035
CDI;18/02/2000;205,656891
CDI;21/02/2000;205,797117
CDI;22/02/2000;205,937713
CDI;23/02/2000;206,078268
CDI;24/02/2000;206,218919
CDI;25/02/2000;206,359597
CDI;28/02/2000;206,500302
CDI;29/02/2000;206,641034
CDI;01/03/2000;206,782069
CDI;02/03/2000;206,923131
CDI;03/03/2000;207,064359
CDI;08/03/2000;207,205614
CDI;09/03/2000;207,346965
CDI;10/03/2000;207,488482
CDI;13/03/2000;207,630095
CDI;14/03/2000;207,771805
CDI;15/03/2000;207,913751
CDI;16/03/2000;208,055794
CDI;17/03/2000;208,197934
CDI;20/03/2000;208,340031
CDI;21/03/2000;208,482226
CDI;22/03/2000;208,624587
CDI;23/03/2000;208,76579
CDI;24/03/2000;208,907926
CDI;27/03/2000;209,050718
CDI;28/03/2000;209,193537
CDI;29/03/2000;209,336314
CDI;30/03/2000;209,476735
CDI;31/03/2000;209,61704
CDI;03/04/2000;209,757368
CDI;04/04/2000;209,89765
CDI;05/04/2000;210,038095
CDI;06/04/2000;210,178917
CDI;07/04/2000;210,319903
CDI;10/04/2000;210,460914
CDI;11/04/2000;210,601948
CDI;12/04/2000;210,743148
CDI;13/04/2000;210,884513
CDI;14/04/2000;211,026184
CDI;17/04/2000;211,168234
CDI;18/04/2000;211,31038
CDI;19/04/2000;211,452621
CDI;20/04/2000;211,594604
CDI;24/04/2000;211,736966
CDI;25/04/2000;211,879423
CDI;26/04/2000;212,021976
CDI;27/04/2000;212,164626
CDI;28/04/2000;212,307371
CDI;02/05/2000;212,450212
CDI;03/05/2000;212,593292
CDI;04/05/2000;212,736468
CDI;05/05/2000;212,879883
CDI;08/05/2000;213,023395
CDI;09/05/2000;213,166789
CDI;10/05/2000;213,309994
CDI;11/05/2000;213,453295
CDI;12/05/2000;213,596693
CDI;15/05/2000;213,740044
CDI;16/05/2000;213,883491
CDI;17/05/2000;214,027034
CDI;18/05/2000;214,170601
CDI;19/05/2000;214,314265
CDI;22/05/2000;214,458026
CDI;23/05/2000;214,601882
CDI;24/05/2000;214,745836
CDI;25/05/2000;214,889958
CDI;26/05/2000;215,034176
CDI;29/05/2000;215,178564
CDI;30/05/2000;215,322976
CDI;31/05/2000;215,467341
CDI;01/06/2000;215,61173
CDI;02/06/2000;215,756144
CDI;05/06/2000;215,900582
CDI;06/06/2000;216,044972
CDI;07/06/2000;216,189241
CDI;08/06/2000;216,333316
CDI;09/06/2000;216,477342
CDI;12/06/2000;216,621463
CDI;13/06/2000;216,765608
CDI;14/06/2000;216,909776
CDI;15/06/2000;217,053967
CDI;16/06/2000;217,198327
CDI;19/06/2000;217,342856
CDI;20/06/2000;217,487408
CDI;21/06/2000;217,631399
CDI;23/06/2000;217,770202
CDI;26/06/2000;217,908873
CDI;27/06/2000;218,047264
CDI;28/06/2000;218,185521
CDI;29/06/2000;218,322905
CDI;30/06/2000;218,460672
CDI;03/07/2000;218,598378
CDI;04/07/2000;218,735874
CDI;05/07/2000;218,873531
CDI;06/07/2000;219,011423
CDI;07/07/2000;219,14955
CDI;10/07/2000;219,287541
CDI;11/07/2000;219,42376
CDI;12/07/2000;219,559765
CDI;13/07/2000;219,69578
CDI;14/07/2000;219,831805
CDI;17/07/2000;219,967989
CDI;18/07/2000;220,104257
CDI;19/07/2000;220,240534
CDI;20/07/2000;220,376522
CDI;21/07/2000;220,510044
CDI;24/07/2000;220,643496
CDI;25/07/2000;220,776878
CDI;26/07/2000;220,91019
CDI;27/07/2000;221,043508
CDI;28/07/2000;221,176831
CDI;31/07/2000;221,310158
CDI;01/08/2000;221,443415
CDI;02/08/2000;221,576677
CDI;03/08/2000;221,710019
CDI;04/08/2000;221,843441
CDI;07/08/2000;221,976943
CDI;08/08/2000;222,110602
CDI;09/08/2000;222,244416
CDI;10/08/2000;222,378236
CDI;11/08/2000;222,512288
CDI;14/08/2000;222,646648
CDI;15/08/2000;222,781241
CDI;16/08/2000;222,915612
CDI;17/08/2000;223,049912
CDI;18/08/2000;223,184445
CDI;21/08/2000;223,319135
CDI;22/08/2000;223,454363
CDI;23/08/2000;223,58914
CDI;24/08/2000;223,722013
CDI;25/08/2000;223,856722
CDI;28/08/2000;223,991741
CDI;29/08/2000;224,126918
CDI;30/08/2000;224,262254
CDI;31/08/2000;224,397518
CDI;01/09/2000;224,532557
CDI;04/09/2000;224,667601
CDI;05/09/2000;224,802956
CDI;06/09/2000;224,93847
CDI;08/09/2000;225,074372
CDI;11/09/2000;225,210433
CDI;12/09/2000;225,346883
CDI;13/09/2000;225,483416
CDI;14/09/2000;225,620108
CDI;15/09/2000;225,756961
CDI;18/09/2000;225,893819
CDI;19/09/2000;226,03076
CDI;20/09/2000;226,167708
CDI;21/09/2000;226,304738
CDI;22/09/2000;226,441928
CDI;25/09/2000;226,579125
CDI;26/09/2000;226,716327
CDI;27/09/2000;226,853458
CDI;28/09/2000;226,990439
CDI;29/09/2000;227,127581
CDI;02/10/2000;227,265193
CDI;03/10/2000;227,402966
CDI;04/10/2000;227,540744
CDI;05/10/2000;227,678761
CDI;06/10/2000;227,816862
CDI;09/10/2000;227,954814
CDI;10/10/2000;228,092849
CDI;11/10/2000;228,230891
CDI;13/10/2000;228,36886
CDI;16/10/2000;228,507068
CDI;17/10/2000;228,645438
CDI;18/10/2000;228,783891
CDI;19/10/2000;228,922428
CDI;20/10/2000;229,06105
CDI;23/10/2000;229,199833
CDI;24/10/2000;229,338622
CDI;25/10/2000;229,477417
CDI;26/10/2000;229,616296
CDI;27/10/2000;229,755338
CDI;30/10/2000;229,894463
CDI;31/10/2000;230,033673
CDI;01/11/2000;230,173046
CDI;03/11/2000;230,312346
CDI;06/11/2000;230,451494
CDI;07/11/2000;230,590413
CDI;08/11/2000;230,729572
CDI;09/11/2000;230,869131
CDI;10/11/2000;231,008852
CDI;13/11/2000;231,148737
CDI;14/11/2000;231,288706
CDI;16/11/2000;231,428839
CDI;17/11/2000;231,569057
CDI;20/11/2000;231,709439
CDI;21/11/2000;231,849826
CDI;22/11/2000;231,990299
CDI;23/11/2000;232,130304
CDI;24/11/2000;232,270392
CDI;27/11/2000;232,410487
CDI;28/11/2000;232,550586
CDI;29/11/2000;232,690849
CDI;30/11/2000;232,830959
CDI;01/12/2000;232,970994
CDI;04/12/2000;233,111193
CDI;05/12/2000;233,251396
CDI;06/12/2000;233,391684
CDI;07/12/2000;233,531977
CDI;08/12/2000;233,672274
CDI;11/12/2000;233,812656
CDI;12/12/2000;233,953042
CDI;13/12/2000;234,093432
CDI;14/12/2000;234,233827
CDI;15/12/2000;234,374226
CDI;18/12/2000;234,51471
CDI;19/12/2000;234,655117
CDI;20/12/2000;234,795448
CDI;21/12/2000;234,933937
CDI;22/12/2000;235,070253
CDI;26/12/2000;235,206568
CDI;27/12/2000;235,342881
CDI;28/12/2000;235,479111
CDI;29/12/2000;235,615582
CDI;02/01/2001;235,752132
CDI;03/01/2001;235,888842
CDI;04/01/2001;236,025389
CDI;05/01/2001;236,161933
CDI;08/01/2001;236,298638
CDI;09/01/2001;236,435341
CDI;10/01/2001;236,572123
CDI;11/01/2001;236,708496
CDI;12/01/2001;236,844786
CDI;15/01/2001;236,980991
CDI;16/01/2001;237,117194
CDI;17/01/2001;237,253556
CDI;18/01/2001;237,387466
CDI;19/01/2001;237,520798
CDI;22/01/2001;237,654205
CDI;23/01/2001;237,787523
CDI;24/01/2001;237,92067
CDI;25/01/2001;238,054055
CDI;26/01/2001;238,187597
CDI;29/01/2001;238,320722
CDI;30/01/2001;238,453674
CDI;31/01/2001;238,586618
CDI;01/02/2001;238,719307
CDI;02/02/2001;238,851987
CDI;05/02/2001;238,984659
CDI;06/02/2001;239,117569
CDI;07/02/2001;239,250636
CDI;08/02/2001;239,384024
CDI;09/02/2001;239,517652
CDI;12/02/2001;239,65152
CDI;13/02/2001;239,785297
CDI;14/02/2001;239,918984
CDI;15/02/2001;240,051999
CDI;16/02/2001;240,18658
CDI;19/02/2001;240,321235
CDI;20/02/2001;240,455718
CDI;21/02/2001;240,590359
CDI;22/02/2001;240,725075
CDI;23/02/2001;240,859867
CDI;28/02/2001;240,994651
CDI;01/03/2001;241,129344
CDI;02/03/2001;241,263863
CDI;05/03/2001;241,398457
CDI;06/03/2001;241,533126
CDI;07/03/2001;241,667787
CDI;08/03/2001;241,80244
CDI;09/03/2001;241,937168
CDI;12/03/2001;242,071803
CDI;13/03/2001;242,206514
CDI;14/03/2001;242,341383
CDI;15/03/2001;242,476328
CDI;16/03/2001;242,611347
CDI;19/03/2001;242,746944
CDI;20/03/2001;242,882784
CDI;21/03/2001;243,019035
CDI;22/03/2001;243,155363
CDI;23/03/2001;243,296282
CDI;26/03/2001;243,437367
CDI;27/03/2001;243,57845
CDI;28/03/2001;243,719615
CDI;29/03/2001;243,860778
CDI;30/03/2001;244,002023
CDI;02/04/2001;244,143434
CDI;03/04/2001;244,284926
CDI;04/04/2001;244,426584
CDI;05/04/2001;244,568241
CDI;06/04/2001;244,709895
CDI;09/04/2001;244,851716
CDI;10/04/2001;244,993535
CDI;11/04/2001;245,135688
CDI;12/04/2001;245,277839
CDI;16/04/2001;245,420073
CDI;17/04/2001;245,562558
CDI;18/04/2001;245,705126
CDI;19/04/2001;245,848366
CDI;20/04/2001;245,995139
CDI;23/04/2001;246,142
CDI;24/04/2001;246,288948
CDI;25/04/2001;246,435984
CDI;26/04/2001;246,583108
CDI;27/04/2001;246,73032
CDI;30/04/2001;246,877788
CDI;02/05/2001;247,025176
CDI;03/05/2001;247,172567
CDI;04/05/2001;247,319962
CDI;07/05/2001;247,467614
CDI;08/05/2001;247,615353
CDI;09/05/2001;247,763266
CDI;10/05/2001;247,911352
CDI;11/05/2001;248,059526
CDI;14/05/2001;248,207788
CDI;15/05/2001;248,356055
CDI;16/05/2001;248,504495
CDI;17/05/2001;248,652939
CDI;18/05/2001;248,801556
CDI;21/05/2001;248,950262
CDI;22/05/2001;249,098972
CDI;23/05/2001;249,247856
CDI;24/05/2001;249,399889
CDI;25/05/2001;249,552948
CDI;28/05/2001;249,706357
CDI;29/05/2001;249,859944
CDI;30/05/2001;250,01371
CDI;31/05/2001;250,167572
CDI;01/06/2001;250,321443
CDI;04/06/2001;250,475493
CDI;05/06/2001;250,629554
CDI;06/06/2001;250,783624
CDI;07/06/2001;250,937618
CDI;08/06/2001;251,091535
CDI;11/06/2001;251,245206
CDI;12/06/2001;251,398714
CDI;13/06/2001;251,552487
CDI;15/06/2001;251,706182
CDI;18/06/2001;251,860229
CDI;19/06/2001;252,015055
CDI;20/06/2001;252,170234
CDI;21/06/2001;252,329274
CDI;22/06/2001;252,497264
CDI;25/06/2001;252,665451
CDI;26/06/2001;252,83375
CDI;27/06/2001;253,002077
CDI;28/06/2001;253,170685
CDI;29/06/2001;253,339405
CDI;02/07/2001;253,508239
CDI;03/07/2001;253,677269
CDI;04/07/2001;253,846498
CDI;05/07/2001;254,015839
CDI;06/07/2001;254,185294
CDI;09/07/2001;254,355032
CDI;10/07/2001;254,524798
CDI;11/07/2001;254,694848
CDI;12/07/2001;254,865866
CDI;13/07/2001;255,037426
CDI;16/07/2001;255,20876
CDI;17/07/2001;255,379866
CDI;18/07/2001;255,550831
CDI;19/07/2001;255,724734
CDI;20/07/2001;255,900893
CDI;23/07/2001;256,077344
CDI;24/07/2001;256,25366
CDI;25/07/2001;256,430183
CDI;26/07/2001;256,606828
CDI;27/07/2001;256,783337
CDI;30/07/2001;256,96031
CDI;31/07/2001;257,137406
CDI;01/08/2001;257,314624
CDI;02/08/2001;257,492049
CDI;03/08/2001;257,669511
CDI;06/08/2001;257,847182
CDI;07/08/2001;258,02506
CDI;08/08/2001;258,203234
CDI;09/08/2001;258,381531
CDI;10/08/2001;258,559951
CDI;13/08/2001;258,738408
CDI;14/08/2001;258,917161
CDI;15/08/2001;259,096037
CDI;16/08/2001;259,275037
CDI;17/08/2001;259,454247
CDI;20/08/2001;259,633667
CDI;21/08/2001;259,813212
CDI;22/08/2001;259,992967
CDI;23/08/2001;260,17302
CDI;24/08/2001;260,352938
CDI;27/08/2001;260,533067
CDI;28/08/2001;260,713233
CDI;29/08/2001;260,893437
CDI;30/08/2001;261,073592
CDI;31/08/2001;261,254045
CDI;03/09/2001;261,434797
CDI;04/09/2001;261,615674
CDI;05/09/2001;261,796502
CDI;06/09/2001;261,977455
CDI;10/09/2001;262,158533
CDI;11/09/2001;262,339911
CDI;12/09/2001;262,521327
CDI;13/09/2001;262,702868
CDI;14/09/2001;262,884448
CDI;17/09/2001;263,066328
CDI;18/09/2001;263,248334
CDI;19/09/2001;263,430466
CDI;20/09/2001;263,612636
CDI;21/09/2001;263,794932
CDI;24/09/2001;263,97753
CDI;25/09/2001;264,160167
CDI;26/09/2001;264,343106
CDI;27/09/2001;264,526348
CDI;28/09/2001;264,709805
CDI;01/10/2001;264,89339
CDI;02/10/2001;265,07719
CDI;03/10/2001;265,261206
CDI;04/10/2001;265,44535
CDI;05/10/2001;265,629445
CDI;08/10/2001;265,813578
CDI;09/10/2001;265,997751
CDI;10/10/2001;266,181963
CDI;11/10/2001;266,366125
CDI;15/10/2001;266,550414
CDI;16/10/2001;266,73483
CDI;17/10/2001;266,919285
CDI;18/10/2001;267,103779
CDI;19/10/2001;267,288578
CDI;22/10/2001;267,473417
CDI;23/10/2001;267,658383
CDI;24/10/2001;267,843566
CDI;25/10/2001;268,028877
CDI;26/10/2001;268,214227
CDI;29/10/2001;268,399616
CDI;30/10/2001;268,585312
CDI;31/10/2001;268,771047
CDI;01/11/2001;268,95691
CDI;05/11/2001;269,142902
CDI;06/11/2001;269,329112
CDI;07/11/2001;269,515451
CDI;08/11/2001;269,702009
CDI;09/11/2001;269,888606
CDI;12/11/2001;270,075422
CDI;13/11/2001;270,262368
CDI;14/11/2001;270,449352
CDI;16/11/2001;270,636557
CDI;19/11/2001;270,82389
CDI;20/11/2001;271,011354
CDI;21/11/2001;271,198947
CDI;22/11/2001;271,38649
CDI;23/11/2001;271,574343
CDI;26/11/2001;271,762326
CDI;27/11/2001;271,950439
CDI;28/11/2001;272,138682
CDI;29/11/2001;272,327056
CDI;30/11/2001;272,51556
CDI;03/12/2001;272,704285
CDI;04/12/2001;272,893142
CDI;05/12/2001;273,082128
CDI;06/12/2001;273,271428
CDI;07/12/2001;273,460768
CDI;10/12/2001;273,65024
CDI;11/12/2001;273,839751
CDI;12/12/2001;274,029485
CDI;13/12/2001;274,219259
CDI;14/12/2001;274,408981
CDI;17/12/2001;274,598835
CDI;18/12/2001;274,788911
CDI;19/12/2001;274,979119
CDI;20/12/2001;275,169459
CDI;21/12/2001;275,359931
CDI;24/12/2001;275,550626
CDI;26/12/2001;275,741453
CDI;27/12/2001;275,932137
CDI;28/12/2001;276,12286
CDI;31/12/2001;276,313715
CDI;02/01/2002;276,504702
CDI;03/01/2002;276,695822
CDI;04/01/2002;276,887073
CDI;07/01/2002;277,078549
CDI;08/01/2002;277,270157
CDI;09/01/2002;277,461805
CDI;10/01/2002;277,653678
CDI;11/01/2002;277,845684
CDI;14/01/2002;278,03773
CDI;15/01/2002;278,229909
CDI;16/01/2002;278,42222
CDI;17/01/2002;278,614665
CDI;18/01/2002;278,807242
CDI;21/01/2002;278,999953
CDI;22/01/2002;279,19289
CDI;23/01/2002;279,385867
CDI;24/01/2002;279,578884
CDI;25/01/2002;279,772128
CDI;28/01/2002;279,965506
CDI;29/01/2002;280,159017
CDI;30/01/2002;280,352662
CDI;31/01/2002;280,546441
CDI;01/02/2002;280,740447
CDI;04/02/2002;280,934681
CDI;05/02/2002;281,12905
CDI;06/02/2002;281,323553
CDI;07/02/2002;281,51819
CDI;08/02/2002;281,712962
CDI;13/02/2002;281,907869
CDI;14/02/2002;282,102911
CDI;15/02/2002;282,298088
CDI;18/02/2002;282,4934
CDI;19/02/2002;282,688847
CDI;20/02/2002;282,884335
CDI;21/02/2002;283,079863
CDI;22/02/2002;283,273258
CDI;25/02/2002;283,466785
CDI;26/02/2002;283,660539
CDI;27/02/2002;283,854331
CDI;28/02/2002;284,048444
CDI;01/03/2002;284,242596
CDI;04/03/2002;284,43688
CDI;05/03/2002;284,631297
CDI;06/03/2002;284,825847
CDI;07/03/2002;285,02053
CDI;08/03/2002;285,215346
CDI;11/03/2002;285,410295
CDI;12/03/2002;285,605377
CDI;13/03/2002;285,800593
CDI;14/03/2002;285,995942
CDI;15/03/2002;286,191424
CDI;18/03/2002;286,387041
CDI;19/03/2002;286,582791
CDI;20/03/2002;286,778674
CDI;21/03/2002;286,971524
CDI;22/03/2002;287,165273
CDI;25/03/2002;287,359152
CDI;26/03/2002;287,553259
CDI;27/03/2002;287,747593
CDI;28/03/2002;287,942058
CDI;01/04/2002;288,136559
CDI;02/04/2002;288,330901
CDI;03/04/2002;288,524794
CDI;04/04/2002;288,718431
CDI;05/04/2002;288,912102
CDI;08/04/2002;289,105805
CDI;09/04/2002;289,299541
CDI;10/04/2002;289,493407
CDI;11/04/2002;289,687402
CDI;12/04/2002;289,881528
CDI;15/04/2002;290,075784
CDI;16/04/2002;290,27017
CDI;17/04/2002;290,464686
CDI;18/04/2002;290,658846
CDI;19/04/2002;290,853525
CDI;22/04/2002;291,048432
CDI;23/04/2002;291,243079
CDI;24/04/2002;291,437759
CDI;25/04/2002;291,632471
CDI;26/04/2002;291,827313
CDI;29/04/2002;292,021992
CDI;30/04/2002;292,21631
CDI;02/05/2002;292,409481
CDI;03/05/2002;292,604254
CDI;06/05/2002;292,798959
CDI;07/05/2002;292,993401
CDI;08/05/2002;293,187184
CDI;09/05/2002;293,380011
CDI;10/05/2002;293,573656
CDI;13/05/2002;293,768415
CDI;14/05/2002;293,964289
CDI;15/05/2002;294,160788
CDI;16/05/2002;294,357517
CDI;17/05/2002;294,55418
CDI;20/05/2002;294,750974
CDI;21/05/2002;294,947504
CDI;22/05/2002;295,14258
CDI;23/05/2002;295,337983
CDI;24/05/2002;295,535003
CDI;27/05/2002;295,732552
CDI;28/05/2002;295,929935
CDI;29/05/2002;296,126754
CDI;31/05/2002;296,321913
CDI;03/06/2002;296,513906
CDI;04/06/2002;296,697695
CDI;05/06/2002;296,848796
CDI;06/06/2002;297,025712
CDI;07/06/2002;297,213847
CDI;10/06/2002;297,40752
CDI;11/06/2002;297,603723
CDI;12/06/2002;297,800556
CDI;13/06/2002;297,996817
CDI;14/06/2002;298,192106
CDI;17/06/2002;298,390529
CDI;18/06/2002;298,590287
CDI;19/06/2002;298,789878
CDI;20/06/2002;298,990003
CDI;21/06/2002;299,190463
CDI;24/06/2002;299,390957
CDI;25/06/2002;299,591586
CDI;26/06/2002;299,792851
CDI;27/06/2002;299,994352
CDI;28/06/2002;300,195686
CDI;01/07/2002;300,397458
CDI;02/07/2002;300,599163
CDI;03/07/2002;300,800299
CDI;04/07/2002;301,00167
CDI;05/07/2002;301,202469
CDI;08/07/2002;301,40421
CDI;09/07/2002;301,606592
CDI;10/07/2002;301,80921
CDI;11/07/2002;302,01156
CDI;12/07/2002;302,213641
CDI;15/07/2002;302,414741
CDI;16/07/2002;302,616787
CDI;17/07/2002;302,819171
CDI;18/07/2002;303,02047
CDI;19/07/2002;303,218438
CDI;22/07/2002;303,416229
CDI;23/07/2002;303,614251
CDI;24/07/2002;303,812096
CDI;25/07/2002;304,010888
CDI;26/07/2002;304,209401
CDI;29/07/2002;304,408248
CDI;30/07/2002;304,607225
CDI;31/07/2002;304,806127
CDI;01/08/2002;305,004954
CDI;02/08/2002;305,203807
CDI;05/08/2002;305,403099
CDI;06/08/2002;305,602109
CDI;07/08/2002;305,80197
CDI;08/08/2002;306,001858
CDI;09/08/2002;306,201774
CDI;12/08/2002;306,40182
CDI;13/08/2002;306,601481
CDI;14/08/2002;306,801892
CDI;15/08/2002;307,001917
CDI;16/08/2002;307,202176
CDI;19/08/2002;307,402772
CDI;20/08/2002;307,603603
CDI;21/08/2002;307,804566
CDI;22/08/2002;308,005659
CDI;23/08/2002;308,205639
CDI;26/08/2002;308,406267
CDI;27/08/2002;308,607338
CDI;28/08/2002;308,808749
CDI;29/08/2002;309,010394
CDI;30/08/2002;309,212171
CDI;02/09/2002;309,413976
CDI;03/09/2002;309,61633
CDI;04/09/2002;309,81892
CDI;05/09/2002;310,021016
CDI;06/09/2002;310,223453
CDI;09/09/2002;310,425918
CDI;10/09/2002;310,62862
CDI;11/09/2002;310,831558
CDI;12/09/2002;311,034629
CDI;13/09/2002;311,237728
CDI;16/09/2002;311,44096
CDI;17/09/2002;311,644429
CDI;18/09/2002;311,847927
CDI;19/09/2002;312,051767
CDI;20/09/2002;312,255635
CDI;23/09/2002;312,459637
CDI;24/09/2002;312,663877
CDI;25/09/2002;312,867934
CDI;26/09/2002;313,07223
CDI;27/09/2002;313,27666
CDI;30/09/2002;313,481328
CDI;01/10/2002;313,686236
CDI;02/10/2002;313,891172
CDI;03/10/2002;314,096348
CDI;04/10/2002;314,301552
CDI;07/10/2002;314,506573
CDI;08/10/2002;314,711621
CDI;09/10/2002;314,916697
CDI;10/10/2002;315,121907
CDI;11/10/2002;315,327356
CDI;14/10/2002;315,532833
CDI;15/10/2002;315,738869
CDI;16/10/2002;315,976446
CDI;17/10/2002;316,214098
CDI;18/10/2002;316,451721
CDI;21/10/2002;316,689522
CDI;22/10/2002;316,927502
CDI;23/10/2002;317,165557
CDI;24/10/2002;317,403582
CDI;25/10/2002;317,641889
CDI;28/10/2002;317,880272
CDI;29/10/2002;318,118833
CDI;30/10/2002;318,357364
CDI;31/10/2002;318,596284
CDI;01/11/2002;318,835173
CDI;04/11/2002;319,074346
CDI;05/11/2002;319,313804
CDI;06/11/2002;319,553546
CDI;07/11/2002;319,793573
CDI;08/11/2002;320,03378
CDI;11/11/2002;320,274168
CDI;12/11/2002;320,514631
CDI;13/11/2002;320,755275
CDI;14/11/2002;320,995783
CDI;18/11/2002;321,236472
CDI;19/11/2002;321,477235
CDI;20/11/2002;321,718179
CDI;21/11/2002;321,959409
CDI;22/11/2002;322,209365
CDI;25/11/2002;322,460567
CDI;26/11/2002;322,712702
CDI;27/11/2002;322,96556
CDI;28/11/2002;323,218721
CDI;29/11/2002;323,47187
CDI;02/12/2002;323,724584
CDI;03/12/2002;323,978129
CDI;04/12/2002;324,23219
CDI;05/12/2002;324,486344
CDI;06/12/2002;324,740803
CDI;09/12/2002;324,995461
CDI;10/12/2002;325,250108
CDI;11/12/2002;325,504742
CDI;12/12/2002;325,75915
CDI;13/12/2002;326,013651
CDI;16/12/2002;326,268245
CDI;17/12/2002;326,523038
CDI;18/12/2002;326,777922
CDI;19/12/2002;327,033006
CDI;20/12/2002;327,319911
CDI;23/12/2002;327,607275
CDI;24/12/2002;327,894996
CDI;26/12/2002;328,182656
CDI;27/12/2002;328,470673
CDI;30/12/2002;328,759257
CDI;31/12/2002;329,048513
CDI;02/01/2003;329,338233
CDI;03/01/2003;329,628103
CDI;06/01/2003;329,918123
CDI;07/01/2003;330,208608
CDI;08/01/2003;330,499349
CDI;09/01/2003;330,790241
CDI;10/01/2003;331,081284
CDI;13/01/2003;331,372583
CDI;14/01/2003;331,664033
CDI;15/01/2003;331,955844
CDI;16/01/2003;332,248124
CDI;17/01/2003;332,540872
CDI;20/01/2003;332,833878
CDI;21/01/2003;333,127037
CDI;22/01/2003;333,420453
CDI;23/01/2003;333,714235
CDI;24/01/2003;334,012832
CDI;27/01/2003;334,31212
CDI;28/01/2003;334,611782
CDI;29/01/2003;334,910546
CDI;30/01/2003;335,210532
CDI;31/01/2003;335,510999
CDI;03/02/2003;335,811204
CDI;04/02/2003;336,11221
CDI;05/02/2003;336,413698
CDI;06/02/2003;336,715671
CDI;07/02/2003;337,017914
CDI;10/02/2003;337,320215
CDI;11/02/2003;337,62268
CDI;12/02/2003;337,92531
CDI;13/02/2003;338,227675
CDI;14/02/2003;338,530203
CDI;17/02/2003;338,833217
CDI;18/02/2003;339,136824
CDI;19/02/2003;339,440381
CDI;20/02/2003;339,744317
CDI;21/02/2003;340,056792
CDI;24/02/2003;340,37084
CDI;25/02/2003;340,685499
CDI;26/02/2003;341,000556
CDI;27/02/2003;341,315905
CDI;28/02/2003;341,631653
CDI;05/03/2003;341,948122
CDI;06/03/2003;342,2651
CDI;07/03/2003;342,582264
CDI;10/03/2003;342,899722
CDI;11/03/2003;343,217798
CDI;12/03/2003;343,535952
CDI;13/03/2003;343,854294
CDI;14/03/2003;344,172714
CDI;17/03/2003;344,49143
CDI;18/03/2003;344,81044
CDI;19/03/2003;345,12942
CDI;20/03/2003;345,448587
CDI;21/03/2003;345,768158
CDI;24/03/2003;346,087915
CDI;25/03/2003;346,40786
CDI;26/03/2003;346,727773
CDI;27/03/2003;347,04809
CDI;28/03/2003;347,368595
CDI;31/03/2003;347,689723
CDI;01/04/2003;348,011258
CDI;02/04/2003;348,33287
CDI;03/04/2003;348,65478
CDI;04/04/2003;348,976988
CDI;07/04/2003;349,299493
CDI;08/04/2003;349,622407
CDI;09/04/2003;349,945619
CDI;10/04/2003;350,269019
CDI;11/04/2003;350,592498
CDI;14/04/2003;350,916386
CDI;15/04/2003;351,240573
CDI;16/04/2003;351,56517
CDI;17/04/2003;351,890731
CDI;22/04/2003;352,216815
CDI;23/04/2003;352,54309
CDI;24/04/2003;352,869667
CDI;25/04/2003;353,196214
CDI;28/04/2003;353,52273
CDI;29/04/2003;353,849659
CDI;30/04/2003;354,17689
CDI;02/05/2003;354,504981
CDI;05/05/2003;354,833487
CDI;06/05/2003;355,162186
CDI;07/05/2003;355,490854
CDI;08/05/2003;355,819715
CDI;09/05/2003;356,148768
CDI;12/05/2003;356,478125
CDI;13/05/2003;356,807675
CDI;14/05/2003;357,137417
CDI;15/05/2003;357,467688
CDI;16/05/2003;357,797928
CDI;19/05/2003;358,129035
CDI;20/05/2003;358,460562
CDI;21/05/2003;358,79217
CDI;22/05/2003;359,123633
CDI;23/05/2003;359,455176
CDI;26/05/2003;359,787139
CDI;27/05/2003;360,119408
CDI;28/05/2003;360,45187
CDI;29/05/2003;360,784526
CDI;30/05/2003;361,117603
CDI;02/06/2003;361,450987
CDI;03/06/2003;361,784792
CDI;04/06/2003;362,11902
CDI;05/06/2003;362,453329
CDI;06/06/2003;362,78806
CDI;09/06/2003;363,122986
CDI;10/06/2003;363,458222
CDI;11/06/2003;363,793767
CDI;12/06/2003;364,129507
CDI;13/06/2003;364,465442
CDI;16/06/2003;364,801687
CDI;17/06/2003;365,138243
CDI;18/06/2003;365,475109
CDI;20/06/2003;365,812056
CDI;23/06/2003;366,143773
CDI;24/06/2003;366,475676
CDI;25/06/2003;366,807996
CDI;26/06/2003;367,140617
CDI;27/06/2003;367,473539
CDI;30/06/2003;367,80688
CDI;01/07/2003;368,140639
CDI;02/07/2003;368,474352
CDI;03/07/2003;368,808368
CDI;04/07/2003;369,142569
CDI;07/07/2003;369,476957
CDI;08/07/2003;369,811531
CDI;09/07/2003;370,146525
CDI;10/07/2003;370,481822
CDI;11/07/2003;370,817189
CDI;14/07/2003;371,152859
CDI;15/07/2003;371,488951
CDI;16/07/2003;371,825464
CDI;17/07/2003;372,162164
CDI;18/07/2003;372,498935
CDI;21/07/2003;372,836363
CDI;22/07/2003;373,173743
CDI;23/07/2003;373,511192
CDI;24/07/2003;373,848711
CDI;25/07/2003;374,170124
CDI;28/07/2003;374,491934
CDI;29/07/2003;374,8139
CDI;30/07/2003;375,136143
CDI;31/07/2003;375,458784
CDI;01/08/2003;375,781942
CDI;04/08/2003;376,105378
CDI;05/08/2003;376,429453
CDI;06/08/2003;376,753808
CDI;07/08/2003;377,078441
CDI;08/08/2003;377,403114
CDI;11/08/2003;377,728307
CDI;12/08/2003;378,053902
CDI;13/08/2003;378,379777
CDI;14/08/2003;378,705691
CDI;15/08/2003;379,031522
CDI;18/08/2003;379,357634
CDI;19/08/2003;379,684148
CDI;20/08/2003;380,010821
CDI;21/08/2003;380,33376
CDI;22/08/2003;380,630402
CDI;25/08/2003;380,926902
CDI;26/08/2003;381,223509
CDI;27/08/2003;381,520222
CDI;28/08/2003;381,81754
CDI;29/08/2003;382,115215
CDI;01/09/2003;382,412996
CDI;02/09/2003;382,71101
CDI;03/09/2003;383,009256
CDI;04/09/2003;383,307859
CDI;05/09/2003;383,606696
CDI;08/09/2003;383,90589
CDI;09/09/2003;384,205318
CDI;10/09/2003;384,505104
CDI;11/09/2003;384,805125
CDI;12/09/2003;385,105379
CDI;15/09/2003;385,405994
CDI;16/09/2003;385,706591
CDI;17/09/2003;386,00692
CDI;18/09/2003;386,306474
CDI;19/09/2003;386,582099
CDI;22/09/2003;386,857793
CDI;23/09/2003;387,13394
CDI;24/09/2003;387,41054
CDI;25/09/2003;387,687339
CDI;26/09/2003;387,964206
CDI;29/09/2003;388,241271
CDI;30/09/2003;388,518535
CDI;01/10/2003;388,795996
CDI;02/10/2003;389,073784
CDI;03/10/2003;389,3519
CDI;06/10/2003;389,630214
CDI;07/10/2003;389,908599
CDI;08/10/2003;390,187182
CDI;09/10/2003;390,465964
CDI;10/10/2003;390,744816
CDI;13/10/2003;391,024126
CDI;14/10/2003;391,303766
CDI;15/10/2003;391,583605
CDI;16/10/2003;391,863645
CDI;17/10/2003;392,144015
CDI;20/10/2003;392,424715
CDI;21/10/2003;392,705487
CDI;22/10/2003;392,986199
CDI;23/10/2003;393,266589
CDI;24/10/2003;393,534473
CDI;27/10/2003;393,802275
CDI;28/10/2003;394,07026
CDI;29/10/2003;394,338427
CDI;30/10/2003;394,607304
CDI;31/10/2003;394,876365
CDI;03/11/2003;395,145741
CDI;04/11/2003;395,415168
CDI;05/11/2003;395,684912
CDI;06/11/2003;395,954972
CDI;07/11/2003;396,225216
CDI;10/11/2003;396,495512
CDI;11/11/2003;396,765992
CDI;12/11/2003;397,036657
CDI;13/11/2003;397,30764
CDI;14/11/2003;397,578807
CDI;17/11/2003;397,85016
CDI;18/11/2003;398,121697
CDI;19/11/2003;398,393287
CDI;20/11/2003;398,664796
CDI;21/11/2003;398,917173
CDI;24/11/2003;399,169574
CDI;25/11/2003;399,42227
CDI;26/11/2003;399,674856
CDI;27/11/2003;399,927601
CDI;28/11/2003;400,180371
CDI;01/12/2003;400,433165
CDI;02/12/2003;400,685848
CDI;03/12/2003;400,938418
CDI;04/12/2003;401,191284
CDI;05/12/2003;401,444309
CDI;08/12/2003;401,697493
CDI;09/12/2003;401,950974
CDI;10/12/2003;402,204478
CDI;11/12/2003;402,458278
CDI;12/12/2003;402,711966
CDI;15/12/2003;402,965677
CDI;16/12/2003;403,219548
CDI;17/12/2003;403,473442
CDI;18/12/2003;403,72736
CDI;19/12/2003;403,967974
CDI;22/12/2003;404,209146
CDI;23/12/2003;404,450461
CDI;24/12/2003;404,692059
CDI;26/12/2003;404,933663
CDI;29/12/2003;405,175273
CDI;30/12/2003;405,417165
CDI;31/12/2003;405,65934
CDI;02/01/2004;405,902076
CDI;05/01/2004;406,144818
CDI;06/01/2004;406,387567
CDI;07/01/2004;406,630322
CDI;08/01/2004;406,873083
CDI;09/01/2004;407,11585
CDI;12/01/2004;407,358762
CDI;13/01/2004;407,601818
CDI;14/01/2004;407,84502
CDI;15/01/2004;408,088367
CDI;16/01/2004;408,33172
CDI;19/01/2004;408,575078
CDI;20/01/2004;408,818581
CDI;21/01/2004;409,06223
CDI;22/01/2004;409,306023
CDI;23/01/2004;409,550382
CDI;26/01/2004;409,795026
CDI;27/01/2004;410,039676
CDI;28/01/2004;410,284473
CDI;29/01/2004;410,529135
CDI;30/01/2004;410,773662
CDI;02/02/2004;411,018757
CDI;03/02/2004;411,263997
CDI;04/02/2004;411,509384
CDI;05/02/2004;411,754917
CDI;06/02/2004;412,000597
CDI;09/02/2004;412,246283
CDI;10/02/2004;412,491974
CDI;11/02/2004;412,737671
CDI;12/02/2004;412,983373
CDI;13/02/2004;413,229503
CDI;16/02/2004;413,476204
CDI;17/02/2004;413,723193
CDI;18/02/2004;413,97033
CDI;19/02/2004;414,217615
CDI;20/02/2004;414,464905
CDI;25/02/2004;414,712627
CDI;26/02/2004;414,960355
CDI;27/02/2004;415,208231
CDI;01/03/2004;415,456255
CDI;02/03/2004;415,704285
CDI;03/03/2004;415,952463
CDI;04/03/2004;416,200647
CDI;05/03/2004;416,448838
CDI;08/03/2004;416,697318
CDI;09/03/2004;416,946089
CDI;10/03/2004;417,194866
CDI;11/03/2004;417,443934
CDI;12/03/2004;417,692866
CDI;15/03/2004;417,941946
CDI;16/03/2004;418,191032
CDI;17/03/2004;418,440266
CDI;18/03/2004;418,689649
CDI;19/03/2004;418,936173
CDI;22/03/2004;419,183129
CDI;23/03/2004;419,430805
CDI;24/03/2004;419,679057
CDI;25/03/2004;419,926882
CDI;26/03/2004;420,174566
CDI;29/03/2004;420,422396
CDI;30/03/2004;420,670228
CDI;31/03/2004;420,918063
CDI;01/04/2004;421,166331
CDI;02/04/2004;421,41489
CDI;05/04/2004;421,663596
CDI;06/04/2004;421,912449
CDI;07/04/2004;422,161304
CDI;08/04/2004;422,410161
CDI;12/04/2004;422,659165
CDI;13/04/2004;422,908171
CDI;14/04/2004;423,157324
CDI;15/04/2004;423,406044
CDI;16/04/2004;423,652009
CDI;19/04/2004;423,897534
CDI;20/04/2004;424,143348
CDI;22/04/2004;424,389304
CDI;23/04/2004;424,635257
CDI;26/04/2004;424,881353
CDI;27/04/2004;425,127591
CDI;28/04/2004;425,373826
CDI;29/04/2004;425,620204
CDI;30/04/2004;425,866579
CDI;03/05/2004;426,11368
CDI;04/05/2004;426,360633
CDI;05/05/2004;426,607874
CDI;06/05/2004;426,854967
CDI;07/05/2004;427,102349
CDI;10/05/2004;427,349728
CDI;11/05/2004;427,597103
CDI;12/05/2004;427,844622
CDI;13/05/2004;428,092284
CDI;14/05/2004;428,34009
CDI;17/05/2004;428,588332
CDI;18/05/2004;428,836572
CDI;19/05/2004;429,084955
CDI;20/05/2004;429,333335
CDI;21/05/2004;429,582007
CDI;24/05/2004;429,831116
CDI;25/05/2004;430,080371
CDI;26/05/2004;430,329622
CDI;27/05/2004;430,579756
CDI;28/05/2004;430,830626
CDI;31/05/2004;431,08179
CDI;01/06/2004;431,332952
CDI;02/06/2004;431,583374
CDI;03/06/2004;431,833792
CDI;04/06/2004;432,083911
CDI;07/06/2004;432,334769
CDI;08/06/2004;432,585475
CDI;09/06/2004;432,83603
CDI;11/06/2004;433,086581
CDI;14/06/2004;433,337277
CDI;15/06/2004;433,588119
CDI;16/06/2004;433,839254
CDI;17/06/2004;434,090535
CDI;18/06/2004;434,341962
CDI;21/06/2004;434,593385
CDI;22/06/2004;434,845252
CDI;23/06/2004;435,097115
CDI;24/06/2004;435,348976
CDI;25/06/2004;435,600982
CDI;28/06/2004;435,852984
CDI;29/06/2004;436,105282
CDI;30/06/2004;436,357725
CDI;01/07/2004;436,610615
CDI;02/07/2004;436,863501
CDI;05/07/2004;437,116234
CDI;06/07/2004;437,369113
CDI;07/07/2004;437,622288
CDI;08/07/2004;437,87546
CDI;09/07/2004;438,129379
CDI;12/07/2004;438,384047
CDI;13/07/2004;438,63796
CDI;14/07/2004;438,89202
CDI;15/07/2004;439,145927
CDI;16/07/2004;439,400281
CDI;19/07/2004;439,654632
CDI;20/07/2004;439,909131
CDI;21/07/2004;440,163776
CDI;22/07/2004;440,418721
CDI;23/07/2004;440,67351
CDI;26/07/2004;440,928598
CDI;27/07/2004;441,183985
CDI;28/07/2004;441,439369
CDI;29/07/2004;441,6949
CDI;30/07/2004;441,95058
CDI;02/08/2004;442,207014
CDI;03/08/2004;442,463748
CDI;04/08/2004;442,720784
CDI;05/08/2004;442,97812
CDI;06/08/2004;443,235758
CDI;09/08/2004;443,493394
CDI;10/08/2004;443,751179
CDI;11/08/2004;444,008962
CDI;12/08/2004;444,267048
CDI;13/08/2004;444,52513
CDI;16/08/2004;444,783211
CDI;17/08/2004;445,041593
CDI;18/08/2004;445,299973
CDI;19/08/2004;445,558198
CDI;20/08/2004;445,816725
CDI;23/08/2004;446,075403
CDI;24/08/2004;446,334689
CDI;25/08/2004;446,594126
CDI;26/08/2004;446,853254
CDI;27/08/2004;447,112533
CDI;30/08/2004;447,372575
CDI;31/08/2004;447,633229
CDI;01/09/2004;447,894189
CDI;02/09/2004;448,154839
CDI;03/09/2004;448,415949
CDI;06/09/2004;448,67675
CDI;08/09/2004;448,937856
CDI;09/09/2004;449,199268
CDI;10/09/2004;449,460524
CDI;13/09/2004;449,722395
CDI;14/09/2004;449,985188
CDI;15/09/2004;450,24829
CDI;16/09/2004;450,511854
CDI;17/09/2004;450,779735
CDI;20/09/2004;451,047621
CDI;21/09/2004;451,315975
CDI;22/09/2004;451,583717
CDI;23/09/2004;451,852081
CDI;24/09/2004;452,12045
CDI;27/09/2004;452,389442
CDI;28/09/2004;452,658594
CDI;29/09/2004;452,927906
CDI;30/09/2004;453,196914
CDI;01/10/2004;453,466546
CDI;04/10/2004;453,736494
CDI;05/10/2004;454,006292
CDI;06/10/2004;454,276096
CDI;07/10/2004;454,54606
CDI;08/10/2004;454,816184
CDI;11/10/2004;455,086469
CDI;13/10/2004;455,356915
CDI;14/10/2004;455,627832
CDI;15/10/2004;455,898755
CDI;18/10/2004;456,169839
CDI;19/10/2004;456,441085
CDI;20/10/2004;456,712335
CDI;21/10/2004;456,983747
CDI;22/10/2004;457,262803
CDI;25/10/2004;457,542652
CDI;26/10/2004;457,822984
CDI;27/10/2004;458,103488
CDI;28/10/2004;458,383852
CDI;29/10/2004;458,664387
CDI;01/11/2004;458,944938
CDI;03/11/2004;459,225817
CDI;04/11/2004;459,507336
CDI;05/11/2004;459,789028
CDI;08/11/2004;460,071049
CDI;09/11/2004;460,353243
CDI;10/11/2004;460,635611
CDI;11/11/2004;460,918151
CDI;12/11/2004;461,200865
CDI;16/11/2004;461,483909
CDI;17/11/2004;461,767283
CDI;18/11/2004;462,050675
CDI;19/11/2004;462,341927
CDI;22/11/2004;462,633362
CDI;23/11/2004;462,92498
CDI;24/11/2004;463,216469
CDI;25/11/2004;463,508142
CDI;26/11/2004;463,799684
CDI;29/11/2004;464,091409
CDI;30/11/2004;464,383476
CDI;01/12/2004;464,67604
CDI;02/12/2004;464,969104
CDI;03/12/2004;465,262195
CDI;06/12/2004;465,555314
CDI;07/12/2004;465,848459
CDI;08/12/2004;466,141789
CDI;09/12/2004;466,434987
CDI;10/12/2004;466,72837
CDI;13/12/2004;467,022254
CDI;14/12/2004;467,316323
CDI;15/12/2004;467,610735
CDI;16/12/2004;467,905333
CDI;17/12/2004;468,207868
CDI;20/12/2004;468,510599
CDI;21/12/2004;468,813684
CDI;22/12/2004;469,116806
CDI;23/12/2004;469,420283
CDI;24/12/2004;469,724114
CDI;27/12/2004;470,028143
CDI;28/12/2004;470,332367
CDI;29/12/2004;470,636631
CDI;30/12/2004;470,941408
CDI;31/12/2004;471,246859
CDI;03/01/2005;471,552668
CDI;04/01/2005;471,858675
CDI;05/01/2005;472,164243
CDI;06/01/2005;472,47001
CDI;07/01/2005;472,775975
CDI;10/01/2005;473,081978
CDI;11/01/2005;473,38818
CDI;12/01/2005;473,69442
CDI;13/01/2005;474,001177
CDI;14/01/2005;474,307814
CDI;17/01/2005;474,614969
CDI;18/01/2005;474,922643
CDI;19/01/2005;475,230356
CDI;20/01/2005;475,538269
CDI;21/01/2005;475,854224
CDI;24/01/2005;476,170548
CDI;25/01/2005;476,487243
CDI;26/01/2005;476,804149
CDI;27/01/2005;477,120945
CDI;28/01/2005;477,438112
CDI;31/01/2005;477,755329
CDI;01/02/2005;478,073238
CDI;02/02/2005;478,391359
CDI;03/02/2005;478,709853
CDI;04/02/2005;479,028397
CDI;09/02/2005;479,347154
CDI;10/02/2005;479,666122
CDI;11/02/2005;479,984981
CDI;14/02/2005;480,304052
CDI;15/02/2005;480,623173
CDI;16/02/2005;480,942507
CDI;17/02/2005;481,261729
CDI;18/02/2005;481,589231
CDI;21/02/2005;481,916794
CDI;22/02/2005;482,24458
CDI;23/02/2005;482,572588
CDI;24/02/2005;482,900659
CDI;25/02/2005;483,228952
CDI;28/02/2005;483,557469
CDI;01/03/2005;483,886209
CDI;02/03/2005;484,215011
CDI;03/03/2005;484,543712
CDI;04/03/2005;484,872636
CDI;07/03/2005;485,201621
CDI;08/03/2005;485,531154
CDI;09/03/2005;485,860586
CDI;10/03/2005;486,190079
CDI;11/03/2005;486,519632
CDI;14/03/2005;486,849409
CDI;15/03/2005;487,17941
CDI;16/03/2005;487,509797
CDI;17/03/2005;487,840571
CDI;18/03/2005;488,17988
CDI;21/03/2005;488,51975
CDI;22/03/2005;488,860019
CDI;23/03/2005;489,200688
CDI;24/03/2005;489,541758
CDI;28/03/2005;489,883228
CDI;29/03/2005;490,224773
CDI;30/03/2005;490,566557
CDI;31/03/2005;490,908415
CDI;01/04/2005;491,250839
CDI;04/04/2005;491,593501
CDI;05/04/2005;491,936403
CDI;06/04/2005;492,279708
CDI;07/04/2005;492,623088
CDI;08/04/2005;492,966708
CDI;11/04/2005;493,310403
CDI;12/04/2005;493,654338
CDI;13/04/2005;493,998183
CDI;14/04/2005;494,342433
CDI;15/04/2005;494,686923
CDI;18/04/2005;495,031488
CDI;19/04/2005;495,376292
CDI;20/04/2005;495,721503
CDI;22/04/2005;496,066788
CDI;25/04/2005;496,415782
CDI;26/04/2005;496,765352
CDI;27/04/2005;497,115168
CDI;28/04/2005;497,46556
CDI;29/04/2005;497,816366
CDI;02/05/2005;498,167749
CDI;03/05/2005;498,519712
CDI;04/05/2005;498,871923
CDI;05/05/2005;499,224384
CDI;06/05/2005;499,577093
CDI;09/05/2005;499,930218
CDI;10/05/2005;500,283259
CDI;11/05/2005;500,636551
CDI;12/05/2005;500,990091
CDI;13/05/2005;501,343881
CDI;16/05/2005;501,697755
CDI;17/05/2005;502,052212
CDI;18/05/2005;502,406919
CDI;19/05/2005;502,76171
CDI;20/05/2005;503,120758
CDI;23/05/2005;503,480062
CDI;24/05/2005;503,839623
CDI;25/05/2005;504,199441
CDI;27/05/2005;504,559349
CDI;30/05/2005;504,919681
CDI;31/05/2005;505,280605
CDI;01/06/2005;505,642457
CDI;02/06/2005;506,004569
CDI;03/06/2005;506,366604
CDI;06/06/2005;506,72873
CDI;07/06/2005;507,090948
CDI;08/06/2005;507,453424
CDI;09/06/2005;507,815822
CDI;10/06/2005;508,17848
CDI;13/06/2005;508,541565
CDI;14/06/2005;508,905078
CDI;15/06/2005;509,268851
CDI;16/06/2005;509,632884
CDI;17/06/2005;509,997008
CDI;20/06/2005;510,361562
CDI;21/06/2005;510,726206
CDI;22/06/2005;511,090942
CDI;23/06/2005;511,456108
CDI;24/06/2005;511,821535
CDI;27/06/2005;512,187393
CDI;28/06/2005;512,553682
CDI;29/06/2005;512,920233
CDI;30/06/2005;513,287046
CDI;01/07/2005;513,654122
CDI;04/07/2005;514,021289
CDI;05/07/2005;514,38889
CDI;06/07/2005;514,756412
CDI;07/07/2005;515,124197
CDI;08/07/2005;515,492074
CDI;11/07/2005;515,859871
CDI;12/07/2005;516,228273
CDI;13/07/2005;516,596767
CDI;14/07/2005;516,965524
CDI;15/07/2005;517,334716
CDI;18/07/2005;517,704171
CDI;19/07/2005;518,073719
CDI;20/07/2005;518,44353
CDI;21/07/2005;518,813434
CDI;22/07/2005;519,183601
CDI;25/07/2005;519,554032
CDI;26/07/2005;519,924728
CDI;27/07/2005;520,295515
CDI;28/07/2005;520,666395
CDI;29/07/2005;521,037538
CDI;01/08/2005;521,40912
CDI;02/08/2005;521,781139
CDI;03/08/2005;522,153596
CDI;04/08/2005;522,52632
CDI;05/08/2005;522,89931
CDI;08/08/2005;523,272392
CDI;09/08/2005;523,645741
CDI;10/08/2005;524,019182
CDI;11/08/2005;524,39289
CDI;12/08/2005;524,766864
CDI;15/08/2005;525,141104
CDI;16/08/2005;525,515438
CDI;17/08/2005;525,889864
CDI;18/08/2005;526,264207
CDI;19/08/2005;526,638468
CDI;22/08/2005;527,013519
CDI;23/08/2005;527,389012
CDI;24/08/2005;527,764773
CDI;25/08/2005;528,140977
CDI;26/08/2005;528,517449
CDI;29/08/2005;528,894013
CDI;30/08/2005;529,271373
CDI;31/08/2005;529,649002
CDI;01/09/2005;530,027251
CDI;02/09/2005;530,405947
CDI;05/09/2005;530,784913
CDI;06/09/2005;531,16415
CDI;08/09/2005;531,543482
CDI;09/09/2005;531,922732
CDI;12/09/2005;532,302252
CDI;13/09/2005;532,68222
CDI;14/09/2005;533,062283
CDI;15/09/2005;533,442616
CDI;16/09/2005;533,819146
CDI;19/09/2005;534,195943
CDI;20/09/2005;534,573005
CDI;21/09/2005;534,950155
CDI;22/09/2005;535,327038
CDI;23/09/2005;535,704365
CDI;26/09/2005;536,081779
CDI;27/09/2005;536,459816
CDI;28/09/2005;536,837941
CDI;29/09/2005;537,216511
CDI;30/09/2005;537,595527
CDI;03/10/2005;537,975882
CDI;04/10/2005;538,355791
CDI;05/10/2005;538,735252
CDI;06/10/2005;539,114802
CDI;07/10/2005;539,49426
CDI;10/10/2005;539,874165
CDI;11/10/2005;540,254158
CDI;13/10/2005;540,634598
CDI;14/10/2005;541,014767
CDI;17/10/2005;541,395203
CDI;18/10/2005;541,775546
CDI;19/10/2005;542,156337
CDI;20/10/2005;542,537395
CDI;21/10/2005;542,910222
CDI;24/10/2005;543,283124
CDI;25/10/2005;543,6561
CDI;26/10/2005;544,029514
CDI;27/10/2005;544,402821
CDI;28/10/2005;544,776566
CDI;31/10/2005;545,150385
CDI;01/11/2005;545,525372
CDI;03/11/2005;545,901345
CDI;04/11/2005;546,27703
CDI;07/11/2005;546,653339
CDI;08/11/2005;547,029906
CDI;09/11/2005;547,406551
CDI;10/11/2005;547,783638
CDI;11/11/2005;548,160984
CDI;14/11/2005;548,538407
CDI;16/11/2005;548,916274
CDI;17/11/2005;549,293851
CDI;18/11/2005;549,671687
CDI;21/11/2005;550,049784
CDI;22/11/2005;550,427589
CDI;23/11/2005;550,805654
CDI;24/11/2005;551,183427
CDI;25/11/2005;551,552602
CDI;28/11/2005;551,922209
CDI;29/11/2005;552,292064
CDI;30/11/2005;552,662537
CDI;01/12/2005;553,03363
CDI;02/12/2005;553,404971
CDI;05/12/2005;553,776377
CDI;06/12/2005;554,148217
CDI;07/12/2005;554,520121
CDI;08/12/2005;554,892275
CDI;09/12/2005;555,26412
CDI;12/12/2005;555,636215
CDI;13/12/2005;556,008559
CDI;14/12/2005;556,380965
CDI;15/12/2005;556,753248
CDI;16/12/2005;557,117171
CDI;19/12/2005;557,48152
CDI;20/12/2005;557,846483
CDI;21/12/2005;558,211872
CDI;22/12/2005;558,577688
CDI;23/12/2005;558,943744
CDI;26/12/2005;559,31004
CDI;27/12/2005;559,676388
CDI;28/12/2005;560,042976
CDI;29/12/2005;560,409615
CDI;30/12/2005;560,777438
CDI;02/01/2006;561,14569
CDI;03/01/2006;561,513241
CDI;04/01/2006;561,881032
CDI;05/01/2006;562,248874
CDI;06/01/2006;562,616768
CDI;09/01/2006;562,984903
CDI;10/01/2006;563,353089
CDI;11/01/2006;563,721137
CDI;12/01/2006;564,089424
CDI;13/01/2006;564,458143
CDI;16/01/2006;564,826912
CDI;17/01/2006;565,195923
CDI;18/01/2006;565,564983
CDI;19/01/2006;565,934285
CDI;20/01/2006;566,289102
CDI;23/01/2006;566,644332
CDI;24/01/2006;567,000554
CDI;25/01/2006;567,357576
CDI;26/01/2006;567,715207
CDI;27/01/2006;568,07441
CDI;30/01/2006;568,4323
CDI;31/01/2006;568,789068
CDI;01/02/2006;569,145481
CDI;02/02/2006;569,503082
CDI;03/02/2006;569,861487
CDI;06/02/2006;570,220117
CDI;07/02/2006;570,578973
CDI;08/02/2006;570,938055
CDI;09/02/2006;571,297363
CDI;10/02/2006;571,656897
CDI;13/02/2006;572,016464
CDI;14/02/2006;572,376062
CDI;15/02/2006;572,736081
CDI;16/02/2006;573,097297
CDI;17/02/2006;573,458546
CDI;20/02/2006;573,820217
CDI;21/02/2006;574,182117
CDI;22/02/2006;574,544244
CDI;23/02/2006;574,90699
CDI;24/02/2006;575,269964
CDI;01/03/2006;575,634141
CDI;02/03/2006;575,998549
CDI;03/03/2006;576,363188
CDI;06/03/2006;576,727862
CDI;07/03/2006;577,092572
CDI;08/03/2006;577,457317
CDI;09/03/2006;577,821901
CDI;10/03/2006;578,172385
CDI;13/03/2006;578,522688
CDI;14/03/2006;578,873202
CDI;15/03/2006;579,223732
CDI;16/03/2006;579,574277
CDI;17/03/2006;579,924836
CDI;20/03/2006;580,275607
CDI;21/03/2006;580,62659
CDI;22/03/2006;580,977786
CDI;23/03/2006;581,329392
CDI;24/03/2006;581,681607
CDI;27/03/2006;582,033639
CDI;28/03/2006;582,385884
CDI;29/03/2006;582,738541
CDI;30/03/2006;583,091411
CDI;31/03/2006;583,444694
CDI;03/04/2006;583,798588
CDI;04/04/2006;584,151504
CDI;05/04/2006;584,504234
CDI;06/04/2006;584,856977
CDI;07/04/2006;585,209735
CDI;10/04/2006;585,562505
CDI;11/04/2006;585,915488
CDI;12/04/2006;586,268683
CDI;13/04/2006;586,622092
CDI;17/04/2006;586,975714
CDI;18/04/2006;587,329549
CDI;19/04/2006;587,683597
CDI;20/04/2006;588,037858
CDI;24/04/2006;588,37724
CDI;25/04/2006;588,716617
CDI;26/04/2006;589,055986
CDI;27/04/2006;589,395349
CDI;28/04/2006;589,73511
CDI;02/05/2006;590,076484
CDI;03/05/2006;590,417853
CDI;04/05/2006;590,75942
CDI;05/05/2006;591,100778
CDI;08/05/2006;591,44274
CDI;09/05/2006;591,785102
CDI;10/05/2006;592,127256
CDI;11/05/2006;592,469202
CDI;12/05/2006;592,811142
CDI;15/05/2006;593,153482
CDI;16/05/2006;593,496632
CDI;17/05/2006;593,840386
CDI;18/05/2006;594,183321
CDI;19/05/2006;594,526251
CDI;22/05/2006;594,869173
CDI;23/05/2006;595,21209
CDI;24/05/2006;595,555204
CDI;25/05/2006;595,898516
CDI;26/05/2006;596,24223
CDI;29/05/2006;596,585938
CDI;30/05/2006;596,929844
CDI;31/05/2006;597,274153
CDI;01/06/2006;597,618866
CDI;02/06/2006;597,953497
CDI;05/06/2006;598,288727
CDI;06/06/2006;598,624352
CDI;07/06/2006;598,959546
CDI;08/06/2006;599,294721
CDI;09/06/2006;599,630083
CDI;12/06/2006;599,965634
CDI;13/06/2006;600,301578
CDI;14/06/2006;600,637711
CDI;16/06/2006;600,973826
CDI;19/06/2006;601,310128
CDI;20/06/2006;601,646618
CDI;21/06/2006;601,983297
CDI;22/06/2006;602,320371
CDI;23/06/2006;602,657427
CDI;26/06/2006;602,994671
CDI;27/06/2006;603,332104
CDI;28/06/2006;603,669518
CDI;29/06/2006;604,007121
CDI;30/06/2006;604,344704
CDI;03/07/2006;604,683726
CDI;04/07/2006;605,022938
CDI;05/07/2006;605,361923
CDI;06/07/2006;605,701098
CDI;07/07/2006;606,040255
CDI;10/07/2006;606,379392
CDI;11/07/2006;606,718719
CDI;12/07/2006;607,058027
CDI;13/07/2006;607,397734
CDI;14/07/2006;607,737421
CDI;17/07/2006;608,077089
CDI;18/07/2006;608,417157
CDI;19/07/2006;608,757414
CDI;20/07/2006;609,097652
CDI;21/07/2006;609,427765
CDI;24/07/2006;609,757845
CDI;25/07/2006;610,087893
CDI;26/07/2006;610,418119
CDI;27/07/2006;610,748313
CDI;28/07/2006;611,078474
CDI;31/07/2006;611,408813
CDI;01/08/2006;611,740178
CDI;02/08/2006;612,071299
CDI;03/08/2006;612,402599
CDI;04/08/2006;612,734078
CDI;07/08/2006;613,065737
CDI;08/08/2006;613,397363
CDI;09/08/2006;613,729381
CDI;10/08/2006;614,061578
CDI;11/08/2006;614,393743
CDI;14/08/2006;614,726513
CDI;15/08/2006;615,059676
CDI;16/08/2006;615,393233
CDI;17/08/2006;615,72697
CDI;18/08/2006;616,060676
CDI;21/08/2006;616,394775
CDI;22/08/2006;616,729056
CDI;23/08/2006;617,063518
CDI;24/08/2006;617,397948
CDI;25/08/2006;617,732345
CDI;28/08/2006;618,066923
CDI;29/08/2006;618,401468
CDI;30/08/2006;618,736195
CDI;31/08/2006;619,070674
CDI;01/09/2006;619,395016
CDI;04/09/2006;619,719959
CDI;05/09/2006;620,045072
CDI;06/09/2006;620,370141
CDI;08/09/2006;620,695595
CDI;11/09/2006;621,021005
CDI;12/09/2006;621,346369
CDI;13/09/2006;621,671471
CDI;14/09/2006;621,996959
CDI;15/09/2006;622,322618
CDI;18/09/2006;622,648231
CDI;19/09/2006;622,974014
CDI;20/09/2006;623,300184
CDI;21/09/2006;623,626309
CDI;22/09/2006;623,952604
CDI;25/09/2006;624,279069
CDI;26/09/2006;624,60614
CDI;27/09/2006;624,933165
CDI;28/09/2006;625,261014
CDI;29/09/2006;625,589034
CDI;02/10/2006;625,918314
CDI;03/10/2006;626,247333
CDI;04/10/2006;626,576089
CDI;05/10/2006;626,905017
CDI;06/10/2006;627,234118
CDI;09/10/2006;627,563173
CDI;10/10/2006;627,891965
CDI;11/10/2006;628,22071
CDI;13/10/2006;628,549409
CDI;16/10/2006;628,878061
CDI;17/10/2006;629,206885
CDI;18/10/2006;629,5361
CDI;19/10/2006;629,865706
CDI;20/10/2006;630,184502
CDI;23/10/2006;630,503459
CDI;24/10/2006;630,822578
CDI;25/10/2006;631,141858
CDI;26/10/2006;631,4613
CDI;27/10/2006;631,780904
CDI;30/10/2006;632,100669
CDI;31/10/2006;632,420375
CDI;01/11/2006;632,741569
CDI;03/11/2006;633,062705
CDI;06/11/2006;633,384004
CDI;07/11/2006;633,706351
CDI;08/11/2006;634,028641
CDI;09/11/2006;634,350652
CDI;10/11/2006;634,672383
CDI;13/11/2006;634,994277
CDI;14/11/2006;635,316334
CDI;16/11/2006;635,638555
CDI;17/11/2006;635,960717
CDI;20/11/2006;636,28282
CDI;21/11/2006;636,605087
CDI;22/11/2006;636,927739
CDI;23/11/2006;637,250331
CDI;24/11/2006;637,57331
CDI;27/11/2006;637,89623
CDI;28/11/2006;638,219314
CDI;29/11/2006;638,542338
CDI;30/11/2006;638,865525
CDI;01/12/2006;639,178361
CDI;04/12/2006;639,491573
CDI;05/12/2006;639,805164
CDI;06/12/2006;640,118908
CDI;07/12/2006;640,432582
CDI;08/12/2006;640,74596
CDI;11/12/2006;641,059716
CDI;12/12/2006;641,373176
CDI;13/12/2006;641,686563
CDI;14/12/2006;642,000104
CDI;15/12/2006;642,313798
CDI;18/12/2006;642,627871
CDI;19/12/2006;642,942323
CDI;20/12/2006;643,257381
CDI;21/12/2006;643,572818
CDI;22/12/2006;643,88841
CDI;26/12/2006;644,203931
CDI;27/12/2006;644,520058
CDI;28/12/2006;644,836341
CDI;29/12/2006;645,153005
CDI;02/01/2007;645,469824
CDI;03/01/2007;645,786573
CDI;04/01/2007;646,103477
CDI;05/01/2007;646,420537
CDI;08/01/2007;646,737979
CDI;09/01/2007;647,055803
CDI;10/01/2007;647,373784
CDI;11/01/2007;647,69124
CDI;12/01/2007;648,00817
CDI;15/01/2007;648,325482
CDI;16/01/2007;648,643177
CDI;17/01/2007;648,960573
CDI;18/01/2007;649,278123
CDI;19/01/2007;649,596057
CDI;22/01/2007;649,913691
CDI;23/01/2007;650,231708
CDI;24/01/2007;650,549881
CDI;25/01/2007;650,865468
CDI;26/01/2007;651,178234
CDI;29/01/2007;651,490463
CDI;30/01/2007;651,80307
CDI;31/01/2007;652,116286
CDI;01/02/2007;652,430571
CDI;02/02/2007;652,745236
CDI;05/02/2007;653,059823
CDI;06/02/2007;653,374791
CDI;07/02/2007;653,689452
CDI;08/02/2007;654,004035
CDI;09/02/2007;654,318769
CDI;12/02/2007;654,633424
CDI;13/02/2007;654,94823
CDI;14/02/2007;655,263419
CDI;15/02/2007;655,578759
CDI;16/02/2007;655,89402
CDI;21/02/2007;656,209663
CDI;22/02/2007;656,52592
CDI;23/02/2007;656,841406
CDI;26/02/2007;657,157043
CDI;27/02/2007;657,472832
CDI;28/02/2007;657,788542
CDI;01/03/2007;658,105328
CDI;02/03/2007;658,422268
CDI;05/03/2007;658,739359
CDI;06/03/2007;659,056604
CDI;07/03/2007;659,373769
CDI;08/03/2007;659,690623
CDI;09/03/2007;660,002288
CDI;12/03/2007;660,314564
CDI;13/03/2007;660,626756
CDI;14/03/2007;660,938396
CDI;15/03/2007;661,250417
CDI;16/03/2007;661,562585
CDI;19/03/2007;661,875366
CDI;20/03/2007;662,188296
CDI;21/03/2007;662,50114
CDI;22/03/2007;662,814365
CDI;23/03/2007;663,127272
CDI;26/03/2007;663,439858
CDI;27/03/2007;663,752358
CDI;28/03/2007;664,065005
CDI;29/03/2007;664,378033
CDI;30/03/2007;664,691444
CDI;02/04/2007;665,005939
CDI;03/04/2007;665,320817
CDI;04/04/2007;665,635376
CDI;05/04/2007;665,949848
CDI;09/04/2007;666,264939
CDI;10/04/2007;666,579944
CDI;11/04/2007;666,894628
CDI;12/04/2007;667,20946
CDI;13/04/2007;667,524441
CDI;16/04/2007;667,839571
CDI;17/04/2007;668,155085
CDI;18/04/2007;668,470277
CDI;19/04/2007;668,785146
CDI;20/04/2007;669,094735
CDI;23/04/2007;669,404467
CDI;24/04/2007;669,714106
CDI;25/04/2007;670,023414
CDI;26/04/2007;670,332629
CDI;27/04/2007;670,641987
CDI;30/04/2007;670,951487
CDI;02/05/2007;671,26113
CDI;03/05/2007;671,570916
CDI;04/05/2007;671,880845
CDI;07/05/2007;672,191154
CDI;08/05/2007;672,502082
CDI;09/05/2007;672,812916
CDI;10/05/2007;673,123894
CDI;11/05/2007;673,435253
CDI;14/05/2007;673,746518
CDI;15/05/2007;674,058165
CDI;16/05/2007;674,369719
CDI;17/05/2007;674,681178
CDI;18/05/2007;674,993257
CDI;21/05/2007;675,305243
CDI;22/05/2007;675,617372
CDI;23/05/2007;675,929646
CDI;24/05/2007;676,242064
CDI;25/05/2007;676,554388
CDI;28/05/2007;676,867334
CDI;29/05/2007;677,180664
CDI;30/05/2007;677,494378
CDI;31/05/2007;677,807998
CDI;01/06/2007;678,122243
CDI;04/06/2007;678,436633
CDI;05/06/2007;678,751169
CDI;06/06/2007;679,06609
CDI;08/06/2007;679,380678
CDI;11/06/2007;679,683384
CDI;12/06/2007;679,986225
CDI;13/06/2007;680,28896
CDI;14/06/2007;680,59183
CDI;15/06/2007;680,894593
CDI;18/06/2007;681,19749
CDI;19/06/2007;681,500765
CDI;20/06/2007;681,804174
CDI;21/06/2007;682,107476
CDI;22/06/2007;682,410913
CDI;25/06/2007;682,714485
CDI;26/06/2007;683,018193
CDI;27/06/2007;683,322035
CDI;28/06/2007;683,626013
CDI;29/06/2007;683,930368
CDI;02/07/2007;684,235344
CDI;03/07/2007;684,540214
CDI;04/07/2007;684,844976
CDI;05/07/2007;685,149874
CDI;06/07/2007;685,454908
CDI;09/07/2007;685,760321
CDI;10/07/2007;686,066113
CDI;11/07/2007;686,371555
CDI;12/07/2007;686,677376
CDI;13/07/2007;686,98309
CDI;16/07/2007;687,288696
CDI;17/07/2007;687,594438
CDI;18/07/2007;687,900316
CDI;19/07/2007;688,206819
CDI;20/07/2007;688,500484
CDI;23/07/2007;688,794765
CDI;24/07/2007;689,089418
CDI;25/07/2007;689,384443
CDI;26/07/2007;689,679348
CDI;27/07/2007;689,974133
CDI;30/07/2007;690,269291
CDI;31/07/2007;690,564574
CDI;01/08/2007;690,859738
CDI;02/08/2007;691,155274
CDI;03/08/2007;691,451183
CDI;06/08/2007;691,747465
CDI;07/08/2007;692,043874
CDI;08/08/2007;692,339917
CDI;09/08/2007;692,63584
CDI;10/08/2007;692,931642
CDI;13/08/2007;693,227817
CDI;14/08/2007;693,523872
CDI;15/08/2007;693,820301
CDI;16/08/2007;694,116609
CDI;17/08/2007;694,413044
CDI;20/08/2007;694,709852
CDI;21/08/2007;695,006788
CDI;22/08/2007;695,303603
CDI;23/08/2007;695,600544
CDI;24/08/2007;695,897365
CDI;27/08/2007;696,194808
CDI;28/08/2007;696,49213
CDI;29/08/2007;696,789579
CDI;30/08/2007;697,087155
CDI;31/08/2007;697,384858
CDI;03/09/2007;697,68418
CDI;04/09/2007;697,984376
CDI;05/09/2007;698,283208
CDI;06/09/2007;698,581671
CDI;10/09/2007;698,874528
CDI;11/09/2007;699,167508
CDI;12/09/2007;699,460361
CDI;13/09/2007;699,753087
CDI;14/09/2007;700,045685
CDI;17/09/2007;700,338656
CDI;18/09/2007;700,631499
CDI;19/09/2007;700,924715
CDI;20/09/2007;701,217553
CDI;21/09/2007;701,510262
CDI;24/09/2007;701,803094
CDI;25/09/2007;702,095797
CDI;26/09/2007;702,388622
CDI;27/09/2007;702,681821
CDI;28/09/2007;702,975392
CDI;01/10/2007;703,269589
CDI;02/10/2007;703,563909
CDI;03/10/2007;703,858352
CDI;04/10/2007;704,152667
CDI;05/10/2007;704,447105
CDI;08/10/2007;704,741666
CDI;09/10/2007;705,03635
CDI;10/10/2007;705,331158
CDI;11/10/2007;705,626088
CDI;15/10/2007;705,921142
CDI;16/10/2007;706,216572
CDI;17/10/2007;706,512125
CDI;18/10/2007;706,807045
CDI;19/10/2007;707,10234
CDI;22/10/2007;707,398011
CDI;23/10/2007;707,694059
CDI;24/10/2007;707,989978
CDI;25/10/2007;708,286273
CDI;26/10/2007;708,582693
CDI;29/10/2007;708,878983
CDI;30/10/2007;709,17565
CDI;31/10/2007;709,472189
CDI;01/11/2007;709,768344
CDI;05/11/2007;710,064876
CDI;06/11/2007;710,361786
CDI;07/11/2007;710,658821
CDI;08/11/2007;710,955979
CDI;09/11/2007;711,253008
CDI;12/11/2007;711,55016
CDI;13/11/2007;711,847692
CDI;14/11/2007;712,145856
CDI;16/11/2007;712,443636
CDI;19/11/2007;712,741286
CDI;20/11/2007;713,039825
CDI;21/11/2007;713,338488
CDI;22/11/2007;713,637277
CDI;23/11/2007;713,935936
CDI;26/11/2007;714,234209
CDI;27/11/2007;714,532863
CDI;28/11/2007;714,832152
CDI;29/11/2007;715,131055
CDI;30/11/2007;715,429828
CDI;03/12/2007;715,729237
CDI;04/12/2007;716,029027
CDI;05/12/2007;716,328943
CDI;06/12/2007;716,62924
CDI;07/12/2007;716,929151
CDI;10/12/2007;717,228675
CDI;11/12/2007;717,528581
CDI;12/12/2007;717,828099
CDI;13/12/2007;718,127742
CDI;14/12/2007;718,427254
CDI;17/12/2007;718,72689
CDI;18/12/2007;719,026652
CDI;19/12/2007;719,326795
CDI;20/12/2007;719,627321
CDI;21/12/2007;719,927715
CDI;24/12/2007;720,229264
CDI;26/12/2007;720,530939
CDI;27/12/2007;720,832225
CDI;28/12/2007;721,133638
CDI;31/12/2007;721,435434
CDI;02/01/2008;721,737356
CDI;03/01/2008;722,038631
CDI;04/01/2008;722,340032
CDI;07/01/2008;722,640268
CDI;08/01/2008;722,941662
CDI;09/01/2008;723,243439
CDI;10/01/2008;723,545601
CDI;11/01/2008;723,848148
CDI;14/01/2008;724,150305
CDI;15/01/2008;724,452587
CDI;16/01/2008;724,754737
CDI;17/01/2008;725,057012
CDI;18/01/2008;725,359155
CDI;21/01/2008;725,661423
CDI;22/01/2008;725,964077
CDI;23/01/2008;726,266857
CDI;24/01/2008;726,569763
CDI;25/01/2008;726,873055
CDI;28/01/2008;727,176474
CDI;29/01/2008;727,48002
CDI;30/01/2008;727,783432
CDI;31/01/2008;728,087231
CDI;01/02/2008;728,391417
CDI;06/02/2008;728,69547
CDI;07/02/2008;728,99991
CDI;08/02/2008;729,304216
CDI;11/02/2008;729,608389
CDI;12/02/2008;729,91295
CDI;13/02/2008;730,217638
CDI;14/02/2008;730,522192
CDI;15/02/2008;730,826612
CDI;18/02/2008;731,130897
CDI;19/02/2008;731,435571
CDI;20/02/2008;731,74011
CDI;21/02/2008;732,044776
CDI;22/02/2008;732,349307
CDI;25/02/2008;732,654227
CDI;26/02/2008;732,959273
CDI;27/02/2008;733,264709
CDI;28/02/2008;733,570272
CDI;29/02/2008;733,876224
CDI;03/03/2008;734,182304
CDI;04/03/2008;734,489036
CDI;05/03/2008;734,795634
CDI;06/03/2008;735,102098
CDI;07/03/2008;735,408689
CDI;10/03/2008;735,715671
CDI;11/03/2008;736,022781
CDI;12/03/2008;736,330282
CDI;13/03/2008;736,637386
CDI;14/03/2008;736,944617
CDI;17/03/2008;737,252503
CDI;18/03/2008;737,560255
CDI;19/03/2008;737,868135
CDI;20/03/2008;738,176407
CDI;24/03/2008;738,485072
CDI;25/03/2008;738,793602
CDI;26/03/2008;739,102261
CDI;27/03/2008;739,410785
CDI;28/03/2008;739,719437
CDI;31/03/2008;740,028218
CDI;01/04/2008;740,338715
CDI;02/04/2008;740,649077
CDI;03/04/2008;740,958511
CDI;04/04/2008;741,269398
CDI;07/04/2008;741,579886
CDI;08/04/2008;741,891034
CDI;09/04/2008;742,201252
CDI;10/04/2008;742,511334
CDI;11/04/2008;742,821812
CDI;14/04/2008;743,132419
CDI;15/04/2008;743,443156
CDI;16/04/2008;743,754289
CDI;17/04/2008;744,065551
CDI;18/04/2008;744,390206
CDI;22/04/2008;744,715003
CDI;23/04/2008;745,039676
CDI;24/04/2008;745,363696
CDI;25/04/2008;745,687856
CDI;28/04/2008;746,012423
CDI;29/04/2008;746,336866
CDI;30/04/2008;746,661184
CDI;02/05/2008;746,985644
CDI;05/05/2008;747,31051
CDI;06/05/2008;747,634985
CDI;07/05/2008;747,959601
CDI;08/05/2008;748,284093
CDI;09/05/2008;748,608724
CDI;12/05/2008;748,933764
CDI;13/05/2008;749,258944
CDI;14/05/2008;749,584265
CDI;15/05/2008;749,909195
CDI;16/05/2008;750,234265
CDI;19/05/2008;750,559475
CDI;20/05/2008;750,88456
CDI;21/05/2008;751,21032
CDI;23/05/2008;751,536222
CDI;26/05/2008;751,861997
CDI;27/05/2008;752,188181
CDI;28/05/2008;752,514507
CDI;29/05/2008;752,840706
CDI;30/05/2008;753,166779
CDI;02/06/2008;753,493529
CDI;03/06/2008;753,820689
CDI;04/06/2008;754,147455
CDI;05/06/2008;754,474094
CDI;06/06/2008;754,814272
CDI;09/06/2008;755,154604
CDI;10/06/2008;755,495356
CDI;11/06/2008;755,836798
CDI;12/06/2008;756,178662
CDI;13/06/2008;756,520949
CDI;16/06/2008;756,863122
CDI;17/06/2008;757,20545
CDI;18/06/2008;757,548201
CDI;19/06/2008;757,890571
CDI;20/06/2008;758,233096
CDI;23/06/2008;758,575775
CDI;24/06/2008;758,919415
CDI;25/06/2008;759,262942
CDI;26/06/2008;759,606625
CDI;27/06/2008;759,950194
CDI;30/06/2008;760,293918
CDI;01/07/2008;760,638337
CDI;02/07/2008;760,985335
CDI;03/07/2008;761,331144
CDI;04/07/2008;761,676302
CDI;07/07/2008;762,022156
CDI;08/07/2008;762,367898
CDI;09/07/2008;762,714336
CDI;10/07/2008;763,061201
CDI;11/07/2008;763,407684
CDI;14/07/2008;763,754054
CDI;15/07/2008;764,10004
CDI;16/07/2008;764,445912
CDI;17/07/2008;764,792482
CDI;18/07/2008;765,138938
CDI;21/07/2008;765,485552
CDI;22/07/2008;765,832593
CDI;23/07/2008;766,179249
CDI;24/07/2008;766,525791
CDI;25/07/2008;766,893327
CDI;28/07/2008;767,261039
CDI;29/07/2008;767,628658
CDI;30/07/2008;767,996452
CDI;31/07/2008;768,364693
CDI;01/08/2008;768,733381
CDI;04/08/2008;769,103057
CDI;05/08/2008;769,47237
CDI;06/08/2008;769,842131
CDI;07/08/2008;770,21207
CDI;08/08/2008;770,582186
CDI;11/08/2008;770,952209
CDI;12/08/2008;771,321867
CDI;13/08/2008;771,691703
CDI;14/08/2008;772,061987
CDI;15/08/2008;772,432449
CDI;18/08/2008;772,803089
CDI;19/08/2008;773,174722
CDI;20/08/2008;773,546262
CDI;21/08/2008;773,917709
CDI;22/08/2008;774,289333
CDI;25/08/2008;774,660592
CDI;26/08/2008;775,032301
CDI;27/08/2008;775,403915
CDI;28/08/2008;775,775708
CDI;29/08/2008;776,147679
CDI;01/09/2008;776,519283
CDI;02/09/2008;776,89161
CDI;03/09/2008;777,263843
CDI;04/09/2008;777,637348
CDI;05/09/2008;778,010212
CDI;08/09/2008;778,382433
CDI;09/09/2008;778,757023
CDI;10/09/2008;779,130971
CDI;11/09/2008;779,505647
CDI;12/09/2008;779,900998
CDI;15/09/2008;780,29546
CDI;16/09/2008;780,69012
CDI;17/09/2008;781,085254
CDI;18/09/2008;781,480041
CDI;19/09/2008;781,875028
CDI;22/09/2008;782,272127
CDI;23/09/2008;782,670247
CDI;24/09/2008;783,06693
CDI;25/09/2008;783,462992
CDI;26/09/2008;783,859529
CDI;29/09/2008;784,256266
CDI;30/09/2008;784,652656
CDI;01/10/2008;785,049521
CDI;02/10/2008;785,446312
CDI;03/10/2008;785,844127
CDI;06/10/2008;786,243241
CDI;07/10/2008;786,645304
CDI;08/10/2008;787,0462
CDI;09/10/2008;787,446475
CDI;10/10/2008;787,846404
CDI;13/10/2008;788,246811
CDI;14/10/2008;788,648797
CDI;15/10/2008;789,049061
CDI;16/10/2008;789,450631
CDI;17/10/2008;789,851853
CDI;20/10/2008;790,252727
CDI;21/10/2008;790,654633
CDI;22/10/2008;791,055362
CDI;23/10/2008;791,454359
CDI;24/10/2008;791,85494
CDI;27/10/2008;792,256555
CDI;28/10/2008;792,658373
CDI;29/10/2008;793,060671
CDI;30/10/2008;793,46262
CDI;31/10/2008;793,863386
CDI;03/11/2008;794,264909
CDI;04/11/2008;794,666358
CDI;05/11/2008;795,067454
CDI;06/11/2008;795,468752
CDI;07/11/2008;795,868584
CDI;10/11/2008;796,268339
CDI;11/11/2008;796,668572
CDI;12/11/2008;797,067892
CDI;13/11/2008;797,465739
CDI;14/11/2008;797,859313
CDI;17/11/2008;798,253362
CDI;18/11/2008;798,648444
CDI;19/11/2008;799,042882
CDI;20/11/2008;799,428258
CDI;21/11/2008;799,812414
CDI;24/11/2008;800,202657
CDI;25/11/2008;800,595337
CDI;26/11/2008;800,987648
CDI;27/11/2008;801,380432
CDI;28/11/2008;801,775376
CDI;01/12/2008;802,174449
CDI;02/12/2008;802,57681
CDI;03/12/2008;802,979653
CDI;04/12/2008;803,382136
CDI;05/12/2008;803,785102
CDI;08/12/2008;804,18799
CDI;09/12/2008;804,591079
CDI;10/12/2008;804,994651
CDI;11/12/2008;805,398145
CDI;12/12/2008;805,80184
CDI;15/12/2008;806,205456
CDI;16/12/2008;806,609557
CDI;17/12/2008;807,013859
CDI;18/12/2008;807,41893
CDI;19/12/2008;807,824768
CDI;22/12/2008;808,22968
CDI;23/12/2008;808,636209
CDI;24/12/2008;809,04181
CDI;26/12/2008;809,44903
CDI;29/12/2008;809,856172
CDI;30/12/2008;810,265785
CDI;31/12/2008;810,67617
CDI;02/01/2009;811,087047
CDI;05/01/2009;811,498132
CDI;06/01/2009;811,908575
CDI;07/01/2009;812,319509
CDI;08/01/2009;812,730934
CDI;09/01/2009;813,142285
CDI;12/01/2009;813,554127
CDI;13/01/2009;813,965894
CDI;14/01/2009;814,377869
CDI;15/01/2009;814,790053
CDI;16/01/2009;815,203015
CDI;19/01/2009;815,615901
CDI;20/01/2009;816,022434
CDI;21/01/2009;816,43117
CDI;22/01/2009;816,844678
CDI;23/01/2009;817,229724
CDI;26/01/2009;817,614952
CDI;27/01/2009;818,000649
CDI;28/01/2009;818,386528
CDI;29/01/2009;818,77259
CDI;30/01/2009;819,158833
CDI;02/02/2009;819,54497
CDI;03/02/2009;819,931867
CDI;04/02/2009;820,318657
CDI;05/02/2009;820,705919
CDI;06/02/2009;821,093364
CDI;09/02/2009;821,480992
CDI;10/02/2009;821,868513
CDI;11/02/2009;822,256507
CDI;12/02/2009;822,644394
CDI;13/02/2009;823,032754
CDI;16/02/2009;823,421007
CDI;17/02/2009;823,809733
CDI;18/02/2009;824,198353
CDI;19/02/2009;824,587156
CDI;20/02/2009;824,976143
CDI;25/02/2009;825,365312
CDI;26/02/2009;825,754666
CDI;27/02/2009;826,144203
CDI;02/03/2009;826,533342
CDI;03/03/2009;826,922955
CDI;04/03/2009;827,313043
CDI;05/03/2009;827,703315
CDI;06/03/2009;828,093772
CDI;09/03/2009;828,484412
CDI;10/03/2009;828,875237
CDI;11/03/2009;829,266247
CDI;12/03/2009;829,656856
CDI;13/03/2009;830,004069
CDI;16/03/2009;830,351428
CDI;17/03/2009;830,696854
CDI;18/03/2009;831,041534
CDI;19/03/2009;831,38903
CDI;20/03/2009;831,737265
CDI;23/03/2009;832,085646
CDI;24/03/2009;832,434173
CDI;25/03/2009;832,782548
CDI;26/03/2009;833,13107
CDI;27/03/2009;833,479737
CDI;30/03/2009;833,827955
CDI;31/03/2009;834,174231
CDI;01/04/2009;834,522143
CDI;02/04/2009;834,87169
CDI;03/04/2009;835,221384
CDI;06/04/2009;835,571225
CDI;07/04/2009;835,921212
CDI;08/04/2009;836,271345
CDI;09/04/2009;836,621626
CDI;13/04/2009;836,972053
CDI;14/04/2009;837,319635
CDI;15/04/2009;837,667062
CDI;16/04/2009;838,017927
CDI;17/04/2009;838,368939
CDI;20/04/2009;838,718001
CDI;22/04/2009;839,067508
CDI;23/04/2009;839,418659
CDI;24/04/2009;839,770258
CDI;27/04/2009;840,122004
CDI;28/04/2009;840,473897
CDI;29/04/2009;840,825637
CDI;30/04/2009;841,173617
CDI;04/05/2009;841,495462
CDI;05/05/2009;841,817734
CDI;06/05/2009;842,14013
CDI;07/05/2009;842,462649
CDI;08/05/2009;842,785291
CDI;11/05/2009;843,107753
CDI;12/05/2009;843,430339
CDI;13/05/2009;843,753048
CDI;14/05/2009;844,07588
CDI;15/05/2009;844,398836
CDI;18/05/2009;844,72222
CDI;19/05/2009;845,045728
CDI;20/05/2009;845,369359
CDI;21/05/2009;845,693115
CDI;22/05/2009;846,01364
CDI;25/05/2009;846,33337
CDI;26/05/2009;846,652915
CDI;27/05/2009;846,976857
CDI;28/05/2009;847,300923
CDI;29/05/2009;847,624502
CDI;01/06/2009;847,945453
CDI;02/06/2009;848,266219
CDI;03/06/2009;848,590167
CDI;04/06/2009;848,912708
CDI;05/06/2009;849,236596
CDI;08/06/2009;849,560915
CDI;09/06/2009;849,882599
CDI;10/06/2009;850,201029
CDI;12/06/2009;850,520807
CDI;15/06/2009;850,815119
CDI;16/06/2009;851,106437
CDI;17/06/2009;851,397233
CDI;18/06/2009;851,68813
CDI;19/06/2009;851,979436
CDI;22/06/2009;852,271151
CDI;23/06/2009;852,562036
CDI;24/06/2009;852,853019
CDI;25/06/2009;853,143792
CDI;26/06/2009;853,435285
CDI;29/06/2009;853,730916
CDI;30/06/2009;854,026339
CDI;01/07/2009;854,3172
CDI;02/07/2009;854,611893
CDI;03/07/2009;854,90731
CDI;06/07/2009;855,20314
CDI;07/07/2009;855,499384
CDI;08/07/2009;855,79573
CDI;09/07/2009;856,089064
CDI;10/07/2009;856,382187
CDI;13/07/2009;856,67915
CDI;14/07/2009;856,975905
CDI;15/07/2009;857,269019
CDI;16/07/2009;857,560985
CDI;17/07/2009;857,858357
CDI;20/07/2009;858,155832
CDI;21/07/2009;858,453411
CDI;22/07/2009;858,75078
CDI;23/07/2009;859,044502
CDI;24/07/2009;859,326415
CDI;27/07/2009;859,60842
CDI;28/07/2009;859,890518
CDI;29/07/2009;860,16925
CDI;30/07/2009;860,451532
CDI;31/07/2009;860,733592
CDI;03/08/2009;861,015745
CDI;04/08/2009;861,29862
CDI;05/08/2009;861,580957
CDI;06/08/2009;861,863388
CDI;07/08/2009;862,146226
CDI;10/08/2009;862,429157
CDI;11/08/2009;862,712181
CDI;12/08/2009;862,995297
CDI;13/08/2009;863,278507
CDI;14/08/2009;863,561809
CDI;17/08/2009;863,845204
CDI;18/08/2009;864,128693
CDI;19/08/2009;864,412274
CDI;20/08/2009;864,696265
CDI;21/08/2009;864,980348
CDI;24/08/2009;865,264209
CDI;25/08/2009;865,548163
CDI;26/08/2009;865,832211
CDI;27/08/2009;866,116351
CDI;28/08/2009;866,400585
CDI;31/08/2009;866,684912
CDI;01/09/2009;866,969332
CDI;02/09/2009;867,253846
CDI;03/09/2009;867,538453
CDI;04/09/2009;867,823153
CDI;08/09/2009;868,107947
CDI;09/09/2009;868,392834
CDI;10/09/2009;868,678132
CDI;11/09/2009;868,963524
CDI;14/09/2009;869,24901
CDI;15/09/2009;869,534589
CDI;16/09/2009;869,819945
CDI;17/09/2009;870,105712
CDI;18/09/2009;870,391255
CDI;21/09/2009;870,677209
CDI;22/09/2009;870,96294
CDI;23/09/2009;871,249082
CDI;24/09/2009;871,535319
CDI;25/09/2009;871,821331
CDI;28/09/2009;872,107437
CDI;29/09/2009;872,393637
CDI;30/09/2009;872,678974
CDI;01/10/2009;872,964723
CDI;02/10/2009;873,251205
CDI;05/10/2009;873,53778
CDI;06/10/2009;873,824449
CDI;07/10/2009;874,111212
CDI;08/10/2009;874,39807
CDI;09/10/2009;874,684702
CDI;13/10/2009;874,971428
CDI;14/10/2009;875,258247
CDI;15/10/2009;875,545161
CDI;16/10/2009;875,832169
CDI;19/10/2009;876,119592
CDI;20/10/2009;876,407108
CDI;21/10/2009;876,694719
CDI;22/10/2009;876,982424
CDI;23/10/2009;877,270224
CDI;26/10/2009;877,558118
CDI;27/10/2009;877,846106
CDI;28/10/2009;878,13419
CDI;29/10/2009;878,422046
CDI;30/10/2009;878,710318
CDI;03/11/2009;878,998685
CDI;04/11/2009;879,287468
CDI;05/11/2009;879,576345
CDI;06/11/2009;879,865317
CDI;09/11/2009;880,154385
CDI;10/11/2009;880,443547
CDI;11/11/2009;880,732804
CDI;12/11/2009;881,022478
CDI;13/11/2009;881,311926
CDI;16/11/2009;881,601468
CDI;17/11/2009;881,891106
CDI;18/11/2009;882,180516
CDI;19/11/2009;882,470022
CDI;20/11/2009;882,759622
CDI;23/11/2009;883,04964
CDI;24/11/2009;883,339108
CDI;25/11/2009;883,62964
CDI;26/11/2009;883,920589
CDI;27/11/2009;884,211635
CDI;30/11/2009;884,501161
CDI;01/12/2009;884,791428
CDI;02/12/2009;885,081143
CDI;03/12/2009;885,371924
CDI;04/12/2009;885,662801
CDI;07/12/2009;885,953449
CDI;08/12/2009;886,242249
CDI;09/12/2009;886,532764
CDI;10/12/2009;886,824022
CDI;11/12/2009;887,115051
CDI;14/12/2009;887,406176
CDI;15/12/2009;887,697396
CDI;16/12/2009;887,989037
CDI;17/12/2009;888,280773
CDI;18/12/2009;888,572605
CDI;21/12/2009;888,864533
CDI;22/12/2009;889,156881
CDI;23/12/2009;889,448676
CDI;24/12/2009;889,740242
CDI;28/12/2009;890,031903
CDI;29/12/2009;890,323985
CDI;30/12/2009;890,616163
CDI;31/12/2009;890,906158
CDI;04/01/2010;891,196247
CDI;05/01/2010;891,488386
CDI;06/01/2010;891,78062
CDI;07/01/2010;892,07295
CDI;08/01/2010;892,365702
CDI;11/01/2010;892,65855
CDI;12/01/2010;892,951494
CDI;13/01/2010;893,244534
CDI;14/01/2010;893,537671
CDI;15/01/2010;893,830903
CDI;18/01/2010;894,123905
CDI;19/01/2010;894,417004
CDI;20/01/2010;894,710198
CDI;21/01/2010;895,003815
CDI;22/01/2010;895,297529
CDI;25/01/2010;895,591339
CDI;26/01/2010;895,885246
CDI;27/01/2010;896,179249
CDI;28/01/2010;896,473348
CDI;29/01/2010;896,767544
CDI;01/02/2010;897,062164
CDI;02/02/2010;897,356881
CDI;03/02/2010;897,651367
CDI;04/02/2010;897,945622
CDI;05/02/2010;898,240301
CDI;08/02/2010;898,535077
CDI;09/02/2010;898,829949
CDI;10/02/2010;899,124919
CDI;11/02/2010;899,419985
CDI;12/02/2010;899,715148
CDI;17/02/2010;900,010408
CDI;18/02/2010;900,305764
CDI;19/02/2010;900,601547
CDI;22/02/2010;900,897427
CDI;23/02/2010;901,193404
CDI;24/02/2010;901,489478
CDI;25/02/2010;901,785321
CDI;26/02/2010;902,08126
CDI;01/03/2010;902,377296
CDI;02/03/2010;902,6731
CDI;03/03/2010;902,96933
CDI;04/03/2010;903,265658
CDI;05/03/2010;903,561753
CDI;08/03/2010;903,857945
CDI;09/03/2010;904,154895
CDI;10/03/2010;904,451942
CDI;11/03/2010;904,749087
CDI;12/03/2010;905,045999
CDI;15/03/2010;905,342677
CDI;16/03/2010;905,639784
CDI;17/03/2010;905,936657
CDI;18/03/2010;906,233959
CDI;19/03/2010;906,531026
CDI;22/03/2010;906,828523
CDI;23/03/2010;907,126117
CDI;24/03/2010;907,423809
CDI;25/03/2010;907,721599
CDI;26/03/2010;908,019154
CDI;29/03/2010;908,316476
CDI;30/03/2010;908,612566
CDI;31/03/2010;908,909749
CDI;01/04/2010;909,207695
CDI;05/04/2010;909,50474
CDI;06/04/2010;909,80288
CDI;07/04/2010;910,101451
CDI;08/04/2010;910,400452
CDI;09/04/2010;910,699218
CDI;12/04/2010;910,998083
CDI;13/04/2010;911,297378
CDI;14/04/2010;911,596439
CDI;15/04/2010;911,895265
CDI;16/04/2010;912,194522
CDI;19/04/2010;912,49421
CDI;20/04/2010;912,793997
CDI;22/04/2010;913,093883
CDI;23/04/2010;913,393533
CDI;26/04/2010;913,693282
CDI;27/04/2010;913,993129
CDI;28/04/2010;914,293408
CDI;29/04/2010;914,593452
CDI;30/04/2010;914,918909
CDI;03/05/2010;915,244482
CDI;04/05/2010;915,571166
CDI;05/05/2010;915,897968
CDI;06/05/2010;916,224886
CDI;07/05/2010;916,551255
CDI;10/05/2010;916,877741
CDI;11/05/2010;917,204011
CDI;12/05/2010;917,530064
CDI;13/05/2010;917,856565
CDI;14/05/2010;918,183183
CDI;17/05/2010;918,509917
CDI;18/05/2010;918,836768
CDI;19/05/2010;919,163401
CDI;20/05/2010;919,49015
CDI;21/05/2010;919,817016
CDI;24/05/2010;920,143998
CDI;25/05/2010;920,471429
CDI;26/05/2010;920,798978
CDI;27/05/2010;921,126643
CDI;28/05/2010;921,45409
CDI;31/05/2010;921,781988
CDI;01/06/2010;922,109668
CDI;02/06/2010;922,438469
CDI;04/06/2010;922,767387
CDI;07/06/2010;923,096087
CDI;08/06/2010;923,425239
CDI;09/06/2010;923,754174
CDI;10/06/2010;924,08289
CDI;11/06/2010;924,436458
CDI;14/06/2010;924,788828
CDI;15/06/2010;925,142333
CDI;16/06/2010;925,496639
CDI;17/06/2010;925,850748
CDI;18/06/2010;926,204992
CDI;21/06/2010;926,559706
CDI;22/06/2010;926,914555
CDI;23/06/2010;927,269541
CDI;24/06/2010;927,624662
CDI;25/06/2010;927,979919
CDI;28/06/2010;928,335313
CDI;29/06/2010;928,690842
CDI;30/06/2010;929,046508
CDI;01/07/2010;929,401975
CDI;02/07/2010;929,758248
CDI;05/07/2010;930,114657
CDI;06/07/2010;930,471204
CDI;07/07/2010;930,827886
CDI;08/07/2010;931,184706
CDI;09/07/2010;931,541662
CDI;12/07/2010;931,898756
CDI;13/07/2010;932,255986
CDI;14/07/2010;932,613353
CDI;15/07/2010;932,970521
CDI;16/07/2010;933,328162
CDI;19/07/2010;933,68594
CDI;20/07/2010;934,043518
CDI;21/07/2010;934,401571
CDI;22/07/2010;934,75976
CDI;23/07/2010;935,134895
CDI;26/07/2010;935,51018
CDI;27/07/2010;935,885616
CDI;28/07/2010;936,260866
CDI;29/07/2010;936,636267
CDI;30/07/2010;937,011819
CDI;02/08/2010;937,387521
CDI;03/08/2010;937,764047
CDI;04/08/2010;938,140387
CDI;05/08/2010;938,516878
CDI;06/08/2010;938,893521
CDI;09/08/2010;939,270314
CDI;10/08/2010;939,647259
CDI;11/08/2010;940,024355
CDI;12/08/2010;940,401603
CDI;13/08/2010;940,779001
CDI;16/08/2010;941,156552
CDI;17/08/2010;941,534253
CDI;18/08/2010;941,912107
CDI;19/08/2010;942,289774
CDI;20/08/2010;942,667592
CDI;23/08/2010;943,045562
CDI;24/08/2010;943,423684
CDI;25/08/2010;943,801957
CDI;26/08/2010;944,18072
CDI;27/08/2010;944,559297
CDI;30/08/2010;944,938364
CDI;31/08/2010;945,316566
CDI;01/09/2010;945,695598
CDI;02/09/2010;946,074782
CDI;03/09/2010;946,454118
CDI;06/09/2010;946,833267
CDI;08/09/2010;947,212228
CDI;09/09/2010;947,59168
CDI;10/09/2010;947,971964
CDI;13/09/2010;948,352061
CDI;14/09/2010;948,73197
CDI;15/09/2010;949,112031
CDI;16/09/2010;949,490881
CDI;17/09/2010;949,870565
CDI;20/09/2010;950,251082
CDI;21/09/2010;950,631752
CDI;22/09/2010;951,012574
CDI;23/09/2010;951,393548
CDI;24/09/2010;951,775017
CDI;27/09/2010;952,156638
CDI;28/09/2010;952,538413
CDI;29/09/2010;952,919999
CDI;30/09/2010;953,301054
CDI;01/10/2010;953,682603
CDI;04/10/2010;954,065332
CDI;05/10/2010;954,448214
CDI;06/10/2010;954,83125
CDI;07/10/2010;955,21444
CDI;08/10/2010;955,597783
CDI;11/10/2010;955,98128
CDI;13/10/2010;956,364931
CDI;14/10/2010;956,748737
CDI;15/10/2010;957,132352
CDI;18/10/2010;957,516466
CDI;19/10/2010;957,900733
CDI;20/10/2010;958,285154
CDI;21/10/2010;958,66973
CDI;22/10/2010;959,05446
CDI;25/10/2010;959,439345
CDI;26/10/2010;959,824384
CDI;27/10/2010;960,209577
CDI;28/10/2010;960,594925
CDI;29/10/2010;960,980428
CDI;01/11/2010;961,366085
CDI;03/11/2010;961,751897
CDI;04/11/2010;962,137865
CDI;05/11/2010;962,523986
CDI;08/11/2010;962,910263
CDI;09/11/2010;963,296695
CDI;10/11/2010;963,683282
CDI;11/11/2010;964,069679
CDI;12/11/2010;964,45623
CDI;16/11/2010;964,843282
CDI;17/11/2010;965,23049
CDI;18/11/2010;965,617853
CDI;19/11/2010;966,005371
CDI;22/11/2010;966,393045
CDI;23/11/2010;966,780875
CDI;24/11/2010;967,16886
CDI;25/11/2010;967,557001
CDI;26/11/2010;967,945298
CDI;29/11/2010;968,33375
CDI;30/11/2010;968,722359
CDI;01/12/2010;969,111123
CDI;02/12/2010;969,500044
CDI;03/12/2010;969,88912
CDI;06/12/2010;970,278353
CDI;07/12/2010;970,667741
CDI;08/12/2010;971,057287
CDI;09/12/2010;971,446988
CDI;10/12/2010;971,836846
CDI;13/12/2010;972,227209
CDI;14/12/2010;972,61738
CDI;15/12/2010;973,007707
CDI;16/12/2010;973,398191
CDI;17/12/2010;973,788832
CDI;20/12/2010;974,17963
CDI;21/12/2010;974,570584
CDI;22/12/2010;974,961696
CDI;23/12/2010;975,352964
CDI;24/12/2010;975,744389
CDI;27/12/2010;976,135972
CDI;28/12/2010;976,527712
CDI;29/12/2010;976,919608
CDI;30/12/2010;977,311662
CDI;31/12/2010;977,703874
CDI;03/01/2011;978,096243
CDI;04/01/2011;978,488769
CDI;05/01/2011;978,881453
CDI;06/01/2011;979,274294
CDI;07/01/2011;979,667293
CDI;10/01/2011;980,06045
CDI;11/01/2011;980,453764
CDI;12/01/2011;980,847237
CDI;13/01/2011;981,240867
CDI;14/01/2011;981,634655
CDI;17/01/2011;982,028602
CDI;18/01/2011;982,422706
CDI;19/01/2011;982,816969
CDI;20/01/2011;983,211389
CDI;21/01/2011;983,623568
CDI;24/01/2011;984,03592
CDI;25/01/2011;984,448444
CDI;26/01/2011;984,861141
CDI;27/01/2011;985,274012
CDI;28/01/2011;985,687055
CDI;31/01/2011;986,100271
CDI;01/02/2011;986,513661
CDI;02/02/2011;986,927224
CDI;03/02/2011;987,340961
CDI;04/02/2011;987,75487
CDI;07/02/2011;988,168954
CDI;08/02/2011;988,583211
CDI;09/02/2011;988,997641
CDI;10/02/2011;989,412246
CDI;11/02/2011;989,827377
CDI;14/02/2011;990,24233
CDI;15/02/2011;990,657809
CDI;16/02/2011;991,073464
CDI;17/02/2011;991,489292
CDI;18/02/2011;991,905295
CDI;21/02/2011;992,321827
CDI;22/02/2011;992,738534
CDI;23/02/2011;993,155416
CDI;24/02/2011;993,572473
CDI;25/02/2011;993,989704
CDI;28/02/2011;994,407112
CDI;01/03/2011;994,824339
CDI;02/03/2011;995,242097
CDI;03/03/2011;995,66003
CDI;04/03/2011;996,09517
CDI;09/03/2011;996,5305
CDI;10/03/2011;996,966021
CDI;11/03/2011;997,401731
CDI;14/03/2011;997,837633
CDI;15/03/2011;998,273725
CDI;16/03/2011;998,710362
CDI;17/03/2011;999,14719
CDI;18/03/2011;999,583854
CDI;21/03/2011;1000,021065
CDI;22/03/2011;1000,458111
CDI;23/03/2011;1000,895348
CDI;24/03/2011;1001,333132
CDI;25/03/2011;1001,771107
CDI;28/03/2011;1002,209275
CDI;29/03/2011;1002,64799
CDI;30/03/2011;1003,086897
CDI;31/03/2011;1003,525996
CDI;01/04/2011;1003,965288
CDI;04/04/2011;1004,405128
CDI;05/04/2011;1004,844805
CDI;06/04/2011;1005,284316
CDI;07/04/2011;1005,723662
CDI;08/04/2011;1006,163558
CDI;11/04/2011;1006,603289
CDI;12/04/2011;1007,043211
CDI;13/04/2011;1007,482968
CDI;14/04/2011;1007,923634
CDI;15/04/2011;1008,36485
CDI;18/04/2011;1008,80626
CDI;19/04/2011;1009,248939
CDI;20/04/2011;1009,690735
CDI;25/04/2011;1010,132007
CDI;26/04/2011;1010,582084
CDI;27/04/2011;1011,03272
CDI;28/04/2011;1011,483557
CDI;29/04/2011;1011,934595
CDI;02/05/2011;1012,386552
CDI;03/05/2011;1012,838351
CDI;04/05/2011;1013,290352
CDI;05/05/2011;1013,742555
CDI;06/05/2011;1014,19496
CDI;09/05/2011;1014,647567
CDI;10/05/2011;1015,100016
CDI;11/05/2011;1015,552666
CDI;12/05/2011;1016,005158
CDI;13/05/2011;1016,457491
CDI;16/05/2011;1016,910025
CDI;17/05/2011;1017,3624
CDI;18/05/2011;1017,815699
CDI;19/05/2011;1018,269199
CDI;20/05/2011;1018,722901
CDI;23/05/2011;1019,177529
CDI;24/05/2011;1019,632359
CDI;25/05/2011;1020,08703
CDI;26/05/2011;1020,541905
CDI;27/05/2011;1020,99662
CDI;30/05/2011;1021,451899
CDI;31/05/2011;1021,90702
CDI;01/06/2011;1022,361255
CDI;02/06/2011;1022,817869
CDI;03/06/2011;1023,273961
CDI;06/06/2011;1023,730256
CDI;07/06/2011;1024,187481
CDI;08/06/2011;1024,644184
CDI;09/06/2011;1025,100727
CDI;10/06/2011;1025,564379
CDI;13/06/2011;1026,028966
CDI;14/06/2011;1026,493038
CDI;15/06/2011;1026,956956
CDI;16/06/2011;1027,423629
CDI;17/06/2011;1027,890515
CDI;20/06/2011;1028,357612
CDI;21/06/2011;1028,824558
CDI;22/06/2011;1029,292445
CDI;24/06/2011;1029,760179
CDI;27/06/2011;1030,227762
CDI;28/06/2011;1030,695557
CDI;29/06/2011;1031,163199
CDI;30/06/2011;1031,631419
CDI;01/07/2011;1032,100947
CDI;04/07/2011;1032,570689
CDI;05/07/2011;1033,040645
CDI;06/07/2011;1033,51118
CDI;07/07/2011;1033,981563
CDI;08/07/2011;1034,452161
CDI;11/07/2011;1034,922973
CDI;12/07/2011;1035,393999
CDI;13/07/2011;1035,86524
CDI;14/07/2011;1036,337061
CDI;15/07/2011;1036,809098
CDI;18/07/2011;1037,28135
CDI;19/07/2011;1037,753816
CDI;20/07/2011;1038,226131
CDI;21/07/2011;1038,69866
CDI;22/07/2011;1039,180587
CDI;25/07/2011;1039,662737
CDI;26/07/2011;1040,145479
CDI;27/07/2011;1040,628077
CDI;28/07/2011;1041,110899
CDI;29/07/2011;1041,593945
CDI;01/08/2011;1042,077215
CDI;02/08/2011;1042,561077
CDI;03/08/2011;1043,044796
CDI;04/08/2011;1043,528739
CDI;05/08/2011;1044,012907
CDI;08/08/2011;1044,4973
CDI;09/08/2011;1044,981917
CDI;10/08/2011;1045,466759
CDI;11/08/2011;1045,951826
CDI;12/08/2011;1046,437118
CDI;15/08/2011;1046,922635
CDI;16/08/2011;1047,408378
CDI;17/08/2011;1047,894345
CDI;18/08/2011;1048,380539
CDI;19/08/2011;1048,866587
CDI;22/08/2011;1049,353232
CDI;23/08/2011;1049,839731
CDI;24/08/2011;1050,326827
CDI;25/08/2011;1050,814149
CDI;26/08/2011;1051,301326
CDI;29/08/2011;1051,788729
CDI;30/08/2011;1052,276357
CDI;31/08/2011;1052,764212
CDI;01/09/2011;1053,252293
CDI;02/09/2011;1053,721582
CDI;05/09/2011;1054,191081
CDI;06/09/2011;1054,660789
CDI;08/09/2011;1055,130706
CDI;09/09/2011;1055,600832
CDI;12/09/2011;1056,071168
CDI;13/09/2011;1056,541714
CDI;14/09/2011;1057,012469
CDI;15/09/2011;1057,483434
CDI;16/09/2011;1057,954608
CDI;19/09/2011;1058,425993
CDI;20/09/2011;1058,897212
CDI;21/09/2011;1059,368641
CDI;22/09/2011;1059,840656
CDI;23/09/2011;1060,312881
CDI;26/09/2011;1060,785316
CDI;27/09/2011;1061,257962
CDI;28/09/2011;1061,730818
CDI;29/09/2011;1062,203886
CDI;30/09/2011;1062,677163
CDI;03/10/2011;1063,150652
CDI;04/10/2011;1063,624729
CDI;05/10/2011;1064,09864
CDI;06/10/2011;1064,572763
CDI;07/10/2011;1065,047096
CDI;10/10/2011;1065,521641
CDI;11/10/2011;1065,996397
CDI;13/10/2011;1066,471365
CDI;14/10/2011;1066,946166
CDI;17/10/2011;1067,421178
CDI;18/10/2011;1067,896402
CDI;19/10/2011;1068,371837
CDI;20/10/2011;1068,847863
CDI;21/10/2011;1069,305476
CDI;24/10/2011;1069,763285
CDI;25/10/2011;1070,22129
CDI;26/10/2011;1070,679491
CDI;27/10/2011;1071,137889
CDI;28/10/2011;1071,596482
CDI;31/10/2011;1072,055272
CDI;01/11/2011;1072,514258
CDI;03/11/2011;1072,973441
CDI;04/11/2011;1073,433203
CDI;07/11/2011;1073,892779
CDI;08/11/2011;1074,3537
CDI;09/11/2011;1074,81367
CDI;10/11/2011;1075,273454
CDI;11/11/2011;1075,733052
CDI;14/11/2011;1076,192846
CDI;16/11/2011;1076,652069
CDI;17/11/2011;1077,111872
CDI;18/11/2011;1077,571872
CDI;21/11/2011;1078,032452
CDI;22/11/2011;1078,493613
CDI;23/11/2011;1078,954971
CDI;24/11/2011;1079,416527
CDI;25/11/2011;1079,87828
CDI;28/11/2011;1080,339461
CDI;29/11/2011;1080,800453
CDI;30/11/2011;1081,261257
CDI;01/12/2011;1081,723029
CDI;02/12/2011;1082,16606
CDI;05/12/2011;1082,60966
CDI;06/12/2011;1083,05383
CDI;07/12/2011;1083,497794
CDI;08/12/2011;1083,941552
CDI;09/12/2011;1084,384715
CDI;12/12/2011;1084,827283
CDI;13/12/2011;1085,269643
CDI;14/12/2011;1085,712572
CDI;15/12/2011;1086,156848
CDI;16/12/2011;1086,601696
CDI;19/12/2011;1087,047114
CDI;20/12/2011;1087,493104
CDI;21/12/2011;1087,939667
CDI;22/12/2011;1088,386023
CDI;23/12/2011;1088,832173
CDI;26/12/2011;1089,278505
CDI;27/12/2011;1089,723851
CDI;28/12/2011;1090,169769
CDI;29/12/2011;1090,615479
CDI;30/12/2011;1091,062152
CDI;02/01/2012;1091,509008
CDI;03/01/2012;1091,956829
CDI;04/01/2012;1092,404442
CDI;05/01/2012;1092,852239
CDI;06/01/2012;1093,299046
CDI;09/01/2012;1093,746427
CDI;10/01/2012;1094,192423
CDI;11/01/2012;1094,638994
CDI;12/01/2012;1095,085355
CDI;13/01/2012;1095,531506
CDI;16/01/2012;1095,97823
CDI;17/01/2012;1096,425137
CDI;18/01/2012;1096,871834
CDI;19/01/2012;1097,318319
CDI;20/01/2012;1097,745679
CDI;23/01/2012;1098,1736
CDI;24/01/2012;1098,601688
CDI;25/01/2012;1099,030339
CDI;26/01/2012;1099,459156
CDI;27/01/2012;1099,88735
CDI;30/01/2012;1100,315314
CDI;31/01/2012;1100,743445
CDI;01/02/2012;1101,172139
CDI;02/02/2012;1101,600603
CDI;03/02/2012;1102,029234
CDI;06/02/2012;1102,458825
CDI;07/02/2012;1102,88779
CDI;08/02/2012;1103,316922
CDI;09/02/2012;1103,745824
CDI;10/02/2012;1104,17529
CDI;13/02/2012;1104,604923
CDI;14/02/2012;1105,033928
CDI;15/02/2012;1105,463497
CDI;16/02/2012;1105,893233
CDI;17/02/2012;1106,322739
CDI;22/02/2012;1106,754003
CDI;23/02/2012;1107,184241
CDI;24/02/2012;1107,614646
CDI;27/02/2012;1108,046016
CDI;28/02/2012;1108,477554
CDI;29/02/2012;1108,908063
CDI;01/03/2012;1109,33834
CDI;02/03/2012;1109,768784
CDI;05/03/2012;1110,198995
CDI;06/03/2012;1110,629373
CDI;07/03/2012;1111,059518
CDI;08/03/2012;1111,48863
CDI;09/03/2012;1111,890198
CDI;12/03/2012;1112,291105
CDI;13/03/2012;1112,690947
CDI;14/03/2012;1113,090126
CDI;15/03/2012;1113,489044
CDI;16/03/2012;1113,888106
CDI;19/03/2012;1114,288926
CDI;20/03/2012;1114,689486
CDI;21/03/2012;1115,09019
CDI;22/03/2012;1115,491038
CDI;23/03/2012;1115,892031
CDI;26/03/2012;1116,294785
CDI;27/03/2012;1116,696471
CDI;28/03/2012;1117,098302
CDI;29/03/2012;1117,499872
CDI;30/03/2012;1117,901587
CDI;02/04/2012;1118,305067
CDI;03/04/2012;1118,707882
CDI;04/04/2012;1119,110841
CDI;05/04/2012;1119,515164
CDI;09/04/2012;1119,919226
CDI;10/04/2012;1120,322622
CDI;11/04/2012;1120,726976
CDI;12/04/2012;1121,130257
CDI;13/04/2012;1121,533276
CDI;16/04/2012;1121,936441
CDI;17/04/2012;1122,339343
CDI;18/04/2012;1122,741983
CDI;19/04/2012;1123,145175
CDI;20/04/2012;1123,517861
CDI;23/04/2012;1123,89108
CDI;24/04/2012;1124,266065
CDI;25/04/2012;1124,639123
CDI;26/04/2012;1125,012304
CDI;27/04/2012;1125,385609
CDI;30/04/2012;1125,759449
CDI;02/05/2012;1126,13218
CDI;03/05/2012;1126,507501
CDI;04/05/2012;1126,882948
CDI;07/05/2012;1127,256462
CDI;08/05/2012;1127,6301
CDI;09/05/2012;1128,003039
CDI;10/05/2012;1128,376101
CDI;11/05/2012;1128,748874
CDI;14/05/2012;1129,12177
CDI;15/05/2012;1129,492727
CDI;16/05/2012;1129,867519
CDI;17/05/2012;1130,242848
CDI;18/05/2012;1130,618714
CDI;21/05/2012;1130,99553
CDI;22/05/2012;1131,371234
CDI;23/05/2012;1131,748714
CDI;24/05/2012;1132,126733
CDI;25/05/2012;1132,504879
CDI;28/05/2012;1132,883564
CDI;29/05/2012;1133,261962
CDI;30/05/2012;1133,6409
CDI;31/05/2012;1134,020792
CDI;01/06/2012;1134,38091
CDI;04/06/2012;1134,741557
CDI;05/06/2012;1135,102735
CDI;06/06/2012;1135,464444
CDI;08/06/2012;1135,824604
CDI;11/06/2012;1136,186542
CDI;12/06/2012;1136,546931
CDI;13/06/2012;1136,908267
CDI;14/06/2012;1137,270135
CDI;15/06/2012;1137,631701
CDI;18/06/2012;1137,992548
CDI;19/06/2012;1138,354761
CDI;20/06/2012;1138,715838
CDI;21/06/2012;1139,079115
CDI;22/06/2012;1139,442925
CDI;25/06/2012;1139,806017
CDI;26/06/2012;1140,170059
CDI;27/06/2012;1140,532965
CDI;28/06/2012;1140,896822
CDI;29/06/2012;1141,260377
CDI;02/07/2012;1141,624884
CDI;03/07/2012;1141,988671
CDI;04/07/2012;1142,352574
CDI;05/07/2012;1142,717011
CDI;06/07/2012;1143,081146
CDI;09/07/2012;1143,44456
CDI;10/07/2012;1143,808927
CDI;11/07/2012;1144,171733
CDI;12/07/2012;1144,533816
CDI;13/07/2012;1144,877097
CDI;16/07/2012;1145,219638
CDI;17/07/2012;1145,563124
CDI;18/07/2012;1145,905449
CDI;19/07/2012;1146,247032
CDI;20/07/2012;1146,589982
CDI;23/07/2012;1146,933458
CDI;24/07/2012;1147,277036
CDI;25/07/2012;1147,619873
CDI;26/07/2012;1147,963657
CDI;27/07/2012;1148,306276
CDI;30/07/2012;1148,648151
CDI;31/07/2012;1148,991821
CDI;01/08/2012;1149,335593
CDI;02/08/2012;1149,679467
CDI;03/08/2012;1150,023022
CDI;06/08/2012;1150,367102
CDI;07/08/2012;1150,710862
CDI;08/08/2012;1151,054725
CDI;09/08/2012;1151,398691
CDI;10/08/2012;1151,742759
CDI;13/08/2012;1152,08693
CDI;14/08/2012;1152,430355
CDI;15/08/2012;1152,775156
CDI;16/08/2012;1153,12006
CDI;17/08/2012;1153,464643
CDI;20/08/2012;1153,810178
CDI;21/08/2012;1154,156241
CDI;22/08/2012;1154,501133
CDI;23/08/2012;1154,845703
CDI;24/08/2012;1155,190376
CDI;27/08/2012;1155,535578
CDI;28/08/2012;1155,881307
CDI;29/08/2012;1156,227141
CDI;30/08/2012;1156,572652
CDI;31/08/2012;1156,899493
CDI;03/09/2012;1157,226426
CDI;04/09/2012;1157,554735
CDI;05/09/2012;1157,882282
CDI;06/09/2012;1158,209921
CDI;10/09/2012;1158,537653
CDI;11/09/2012;1158,865049
CDI;12/09/2012;1159,19211
CDI;13/09/2012;1159,518834
CDI;14/09/2012;1159,84565
CDI;17/09/2012;1160,17213
CDI;18/09/2012;1160,498273
CDI;19/09/2012;1160,824078
CDI;20/09/2012;1161,149974
CDI;21/09/2012;1161,476821
CDI;24/09/2012;1161,80376
CDI;25/09/2012;1162,13079
CDI;26/09/2012;1162,459202
CDI;27/09/2012;1162,787277
CDI;28/09/2012;1163,115015
CDI;01/10/2012;1163,442845
CDI;02/10/2012;1163,770767
CDI;03/10/2012;1164,098351
CDI;04/10/2012;1164,426458
CDI;05/10/2012;1164,754658
CDI;08/10/2012;1165,08295
CDI;09/10/2012;1165,411335
CDI;10/10/2012;1165,739381
CDI;11/10/2012;1166,066657
CDI;15/10/2012;1166,381503
CDI;16/10/2012;1166,696433
CDI;17/10/2012;1167,011881
CDI;18/10/2012;1167,327847
CDI;19/10/2012;1167,644764
CDI;22/10/2012;1167,961768
CDI;23/10/2012;1168,280588
CDI;24/10/2012;1168,599496
CDI;25/10/2012;1168,918924
CDI;26/10/2012;1169,237572
CDI;29/10/2012;1169,555441
CDI;30/10/2012;1169,872963
CDI;31/10/2012;1170,190138
CDI;01/11/2012;1170,508266
CDI;05/11/2012;1170,827348
CDI;06/11/2012;1171,14695
CDI;07/11/2012;1171,466641
CDI;08/11/2012;1171,786852
CDI;09/11/2012;1172,105414
CDI;12/11/2012;1172,424063
CDI;13/11/2012;1172,741929
CDI;14/11/2012;1173,059446
CDI;16/11/2012;1173,37705
CDI;19/11/2012;1173,694304
CDI;20/11/2012;1174,010773
CDI;21/11/2012;1174,326458
CDI;22/11/2012;1174,641355
CDI;23/11/2012;1174,960693
CDI;26/11/2012;1175,281425
CDI;27/11/2012;1175,602679
CDI;28/11/2012;1175,923585
CDI;29/11/2012;1176,244143
CDI;30/11/2012;1176,563045
CDI;03/12/2012;1176,881597
CDI;04/12/2012;1177,200672
CDI;05/12/2012;1177,519833
CDI;06/12/2012;1177,838644
CDI;07/12/2012;1178,157104
CDI;10/12/2012;1178,475214
CDI;11/12/2012;1178,792099
CDI;12/12/2012;1179,107319
CDI;13/12/2012;1179,422624
CDI;14/12/2012;1179,737138
CDI;17/12/2012;1180,049545
CDI;18/12/2012;1180,361598
CDI;19/12/2012;1180,672856
CDI;20/12/2012;1180,98288
CDI;21/12/2012;1181,293425
CDI;24/12/2012;1181,604929
CDI;26/12/2012;1181,916515
CDI;27/12/2012;1182,2295
CDI;28/12/2012;1182,542568
CDI;31/12/2012;1182,855718
CDI;02/01/2013;1183,168952
CDI;03/01/2013;1183,483147
CDI;04/01/2013;1183,797426
CDI;07/01/2013;1184,112227
CDI;08/01/2013;1184,426673
CDI;09/01/2013;1184,740762
CDI;10/01/2013;1185,054495
CDI;11/01/2013;1185,368751
CDI;14/01/2013;1185,683531
CDI;15/01/2013;1185,998834
CDI;16/01/2013;1186,314661
CDI;17/01/2013;1186,630572
CDI;18/01/2013;1186,946567
CDI;21/01/2013;1187,261766
CDI;22/01/2013;1187,577488
CDI;23/01/2013;1187,893295
CDI;24/01/2013;1188,209186
CDI;25/01/2013;1188,525161
CDI;28/01/2013;1188,84166
CDI;29/01/2013;1189,158245
CDI;30/01/2013;1189,475354
CDI;31/01/2013;1189,792549
CDI;01/02/2013;1190,109828
CDI;04/02/2013;1190,427191
CDI;05/02/2013;1190,745082
CDI;06/02/2013;1191,063056
CDI;07/02/2013;1191,381116
CDI;08/02/2013;1191,698819
CDI;13/02/2013;1192,016606
CDI;14/02/2013;1192,334478
CDI;15/02/2013;1192,651993
CDI;18/02/2013;1192,969591
CDI;19/02/2013;1193,287275
CDI;20/02/2013;1193,6046
CDI;21/02/2013;1193,922896
CDI;22/02/2013;1194,241276
CDI;25/02/2013;1194,560184
CDI;26/02/2013;1194,880951
CDI;27/02/2013;1195,200917
CDI;28/02/2013;1195,520969
CDI;01/03/2013;1195,841106
CDI;04/03/2013;1196,16133
CDI;05/03/2013;1196,482082
CDI;06/03/2013;1196,802921
CDI;07/03/2013;1197,123846
CDI;08/03/2013;1197,444857
CDI;11/03/2013;1197,765954
CDI;12/03/2013;1198,087137
CDI;13/03/2013;1198,408406
CDI;14/03/2013;1198,729761
CDI;15/03/2013;1199,051203
CDI;18/03/2013;1199,372731
CDI;19/03/2013;1199,694345
CDI;20/03/2013;1200,016045
CDI;21/03/2013;1200,337831
CDI;22/03/2013;1200,659704
CDI;25/03/2013;1200,981663
CDI;26/03/2013;1201,303708
CDI;27/03/2013;1201,62584
CDI;28/03/2013;1201,948058
CDI;01/04/2013;1202,271254
CDI;02/04/2013;1202,594983
CDI;03/04/2013;1202,9188
CDI;04/04/2013;1203,242257
CDI;05/04/2013;1203,565801
CDI;08/04/2013;1203,889432
CDI;09/04/2013;1204,213151
CDI;10/04/2013;1204,536956
CDI;11/04/2013;1204,860848
CDI;12/04/2013;1205,184828
CDI;15/04/2013;1205,508894
CDI;16/04/2013;1205,833048
CDI;17/04/2013;1206,156842
CDI;18/04/2013;1206,480722
CDI;19/04/2013;1206,815419
CDI;22/04/2013;1207,150209
CDI;23/04/2013;1207,485092
CDI;24/04/2013;1207,820068
CDI;25/04/2013;1208,155136
CDI;26/04/2013;1208,490298
CDI;29/04/2013;1208,825105
CDI;30/04/2013;1209,160005
CDI;02/05/2013;1209,494998
CDI;03/05/2013;1209,830083
CDI;06/05/2013;1210,165261
CDI;07/05/2013;1210,500981
CDI;08/05/2013;1210,836793
CDI;09/05/2013;1211,17225
CDI;10/05/2013;1211,508249
CDI;13/05/2013;1211,843892
CDI;14/05/2013;1212,17918
CDI;15/05/2013;1212,51456
CDI;16/05/2013;1212,850033
CDI;17/05/2013;1213,185599
CDI;20/05/2013;1213,521258
CDI;21/05/2013;1213,85701
CDI;22/05/2013;1214,192854
CDI;23/05/2013;1214,528792
CDI;24/05/2013;1214,864823
CDI;27/05/2013;1215,200946
CDI;28/05/2013;1215,537162
CDI;29/05/2013;1215,873472
CDI;31/05/2013;1216,209875
CDI;03/06/2013;1216,56883
CDI;04/06/2013;1216,927892
CDI;05/06/2013;1217,28706
CDI;06/06/2013;1217,646334
CDI;07/06/2013;1218,005714
CDI;10/06/2013;1218,3652
CDI;11/06/2013;1218,724792
CDI;12/06/2013;1219,08449
CDI;13/06/2013;1219,444294
CDI;14/06/2013;1219,804205
CDI;17/06/2013;1220,164222
CDI;18/06/2013;1220,524345
CDI;19/06/2013;1220,884574
CDI;20/06/2013;1221,24491
CDI;21/06/2013;1221,605352
CDI;24/06/2013;1221,9659
CDI;25/06/2013;1222,326555
CDI;26/06/2013;1222,687316
CDI;27/06/2013;1223,048184
CDI;28/06/2013;1223,409158
CDI;01/07/2013;1223,770239
CDI;02/07/2013;1224,131426
CDI;03/07/2013;1224,49272
CDI;04/07/2013;1224,854121
CDI;05/07/2013;1225,215628
CDI;08/07/2013;1225,577242
CDI;09/07/2013;1225,938962
CDI;10/07/2013;1226,30079
CDI;11/07/2013;1226,662724
CDI;12/07/2013;1227,047314
CDI;15/07/2013;1227,432024
CDI;16/07/2013;1227,816855
CDI;17/07/2013;1228,201807
CDI;18/07/2013;1228,586879
CDI;19/07/2013;1228,972072
CDI;22/07/2013;1229,357386
CDI;23/07/2013;1229,742821
CDI;24/07/2013;1230,128377
CDI;25/07/2013;1230,514053
CDI;26/07/2013;1230,89985
CDI;29/07/2013;1231,285769
CDI;30/07/2013;1231,671808
CDI;31/07/2013;1232,057968
CDI;01/08/2013;1232,44425
CDI;02/08/2013;1232,831104
CDI;05/08/2013;1233,21808
CDI;06/08/2013;1233,604725
CDI;07/08/2013;1233,991492
CDI;08/08/2013;1234,378379
CDI;09/08/2013;1234,765388
CDI;12/08/2013;1235,152519
CDI;13/08/2013;1235,53977
CDI;14/08/2013;1235,927143
CDI;15/08/2013;1236,314638
CDI;16/08/2013;1236,702254
CDI;19/08/2013;1237,089991
CDI;20/08/2013;1237,47785
CDI;21/08/2013;1237,865831
CDI;22/08/2013;1238,253933
CDI;23/08/2013;1238,642157
CDI;26/08/2013;1239,030503
CDI;27/08/2013;1239,418971
CDI;28/08/2013;1239,80756
CDI;29/08/2013;1240,196271
CDI;30/08/2013;1240,607797
CDI;02/09/2013;1241,019459
CDI;03/09/2013;1241,431258
CDI;04/09/2013;1241,843194
CDI;05/09/2013;1242,255267
CDI;06/09/2013;1242,667476
CDI;09/09/2013;1243,079822
CDI;10/09/2013;1243,492304
CDI;11/09/2013;1243,904924
CDI;12/09/2013;1244,317681
CDI;13/09/2013;1244,730574
CDI;16/09/2013;1245,143605
CDI;17/09/2013;1245,556772
CDI;18/09/2013;1245,970077
CDI;19/09/2013;1246,383519
CDI;20/09/2013;1246,796643
CDI;23/09/2013;1247,209448
CDI;24/09/2013;1247,62239
CDI;25/09/2013;1248,035469
CDI;26/09/2013;1248,453696
CDI;27/09/2013;1248,867962
CDI;30/09/2013;1249,281909
CDI;01/10/2013;1249,695994
CDI;02/10/2013;1250,110216
CDI;03/10/2013;1250,524118
CDI;04/10/2013;1250,938158
CDI;07/10/2013;1251,35827
CDI;08/10/2013;1251,77761
CDI;09/10/2013;1252,197091
CDI;10/10/2013;1252,618539
CDI;11/10/2013;1253,063372
CDI;14/10/2013;1253,506543
CDI;15/10/2013;1253,951237
CDI;16/10/2013;1254,396088
CDI;17/10/2013;1254,841097
CDI;18/10/2013;1255,286264
CDI;21/10/2013;1255,730222
CDI;22/10/2013;1256,175704
CDI;23/10/2013;1256,621344
CDI;24/10/2013;1257,065774
CDI;25/10/2013;1257,510361
CDI;28/10/2013;1257,955105
CDI;29/10/2013;1258,400007
CDI;30/10/2013;1258,845065
CDI;31/10/2013;1259,290282
CDI;01/11/2013;1259,735655
CDI;04/11/2013;1260,181186
CDI;05/11/2013;1260,625044
CDI;06/11/2013;1261,069059
CDI;07/11/2013;1261,513229
CDI;08/11/2013;1261,957557
CDI;11/11/2013;1262,40204
CDI;12/11/2013;1262,846681
CDI;13/11/2013;1263,291477
CDI;14/11/2013;1263,736431
CDI;18/11/2013;1264,181541
CDI;19/11/2013;1264,626808
CDI;20/11/2013;1265,072232
CDI;21/11/2013;1265,517813
CDI;22/11/2013;1265,96355
CDI;25/11/2013;1266,409445
CDI;26/11/2013;1266,855497
CDI;27/11/2013;1267,301705
CDI;28/11/2013;1267,748071
CDI;29/11/2013;1268,21711
CDI;02/12/2013;1268,686321
CDI;03/12/2013;1269,155707
CDI;04/12/2013;1269,625266
CDI;05/12/2013;1270,094999
CDI;06/12/2013;1270,564905
CDI;09/12/2013;1271,034526
CDI;10/12/2013;1271,508456
CDI;11/12/2013;1271,978886
CDI;12/12/2013;1272,449489
CDI;13/12/2013;1272,920267
CDI;16/12/2013;1273,391219
CDI;17/12/2013;1273,866027
CDI;18/12/2013;1274,337329
CDI;19/12/2013;1274,808805
CDI;20/12/2013;1275,280456
CDI;23/12/2013;1275,752281
CDI;24/12/2013;1276,224281
CDI;26/12/2013;1276,696455
CDI;27/12/2013;1277,168804
CDI;30/12/2013;1277,641327
CDI;31/12/2013;1278,114026
CDI;02/01/2014;1278,586899
CDI;03/01/2014;1279,059948
CDI;06/01/2014;1279,533171
CDI;07/01/2014;1280,006569
CDI;08/01/2014;1280,480143
CDI;09/01/2014;1280,953892
CDI;10/01/2014;1281,427816
CDI;13/01/2014;1281,901915
CDI;14/01/2014;1282,37619
CDI;15/01/2014;1282,850641
CDI;16/01/2014;1283,325266
CDI;17/01/2014;1283,82322
CDI;20/01/2014;1284,324602
CDI;21/01/2014;1284,826641
CDI;22/01/2014;1285,328877
CDI;23/01/2014;1285,827609
CDI;24/01/2014;1286,326534
CDI;27/01/2014;1286,825652
CDI;28/01/2014;1287,324964
CDI;29/01/2014;1287,82447
CDI;30/01/2014;1288,32417
CDI;31/01/2014;1288,824064
CDI;03/02/2014;1289,324152
CDI;04/02/2014;1289,824433
CDI;05/02/2014;1290,325838
CDI;06/02/2014;1290,827437
CDI;07/02/2014;1291,329232
CDI;10/02/2014;1291,831221
CDI;11/02/2014;1292,333406
CDI;12/02/2014;1292,835785
CDI;13/02/2014;1293,33836
CDI;14/02/2014;1293,841131
CDI;17/02/2014;1294,344097
CDI;18/02/2014;1294,847258
CDI;19/02/2014;1295,350615
CDI;20/02/2014;1295,854168
CDI;21/02/2014;1296,357916
CDI;24/02/2014;1296,861861
CDI;25/02/2014;1297,366001
CDI;26/02/2014;1297,870337
CDI;27/02/2014;1298,377671
CDI;28/02/2014;1298,896402
CDI;05/03/2014;1299,41534
CDI;06/03/2014;1299,932619
CDI;07/03/2014;1300,450104
CDI;10/03/2014;1300,967795
CDI;11/03/2014;1301,485692
CDI;12/03/2014;1302,003796
CDI;13/03/2014;1302,522105
CDI;14/03/2014;1303,040621
CDI;17/03/2014;1303,559343
CDI;18/03/2014;1304,078272
CDI;19/03/2014;1304,597408
CDI;20/03/2014;1305,118623
CDI;21/03/2014;1305,640047
CDI;24/03/2014;1306,161679
CDI;25/03/2014;1306,68352
CDI;26/03/2014;1307,205569
CDI;27/03/2014;1307,727826
CDI;28/03/2014;1308,248415
CDI;31/03/2014;1308,76921
CDI;01/04/2014;1309,290213
CDI;02/04/2014;1309,811423
CDI;03/04/2014;1310,332841
CDI;04/04/2014;1310,866216
CDI;07/04/2014;1311,399809
CDI;08/04/2014;1311,933618
CDI;09/04/2014;1312,467645
CDI;10/04/2014;1313,00189
CDI;11/04/2014;1313,536352
CDI;14/04/2014;1314,071031
CDI;15/04/2014;1314,605928
CDI;16/04/2014;1315,141043
CDI;17/04/2014;1315,676376
CDI;22/04/2014;1316,211926
CDI;23/04/2014;1316,747695
CDI;24/04/2014;1317,283682
CDI;25/04/2014;1317,819886
CDI;28/04/2014;1318,356309
CDI;29/04/2014;1318,892951
CDI;30/04/2014;1319,429811
CDI;02/05/2014;1319,966889
CDI;05/05/2014;1320,504186
CDI;06/05/2014;1321,041702
CDI;07/05/2014;1321,579436
CDI;08/05/2014;1322,11739
CDI;09/05/2014;1322,655562
CDI;12/05/2014;1323,193954
CDI;13/05/2014;1323,732564
CDI;14/05/2014;1324,271394
CDI;15/05/2014;1324,810443
CDI;16/05/2014;1325,349712
CDI;19/05/2014;1325,8892
CDI;20/05/2014;1326,428908
CDI;21/05/2014;1326,968835
CDI;22/05/2014;1327,508982
CDI;23/05/2014;1328,049349
CDI;26/05/2014;1328,589937
CDI;27/05/2014;1329,130744
CDI;28/05/2014;1329,671771
CDI;29/05/2014;1330,213018
CDI;30/05/2014;1330,754486
CDI;02/06/2014;1331,296174
CDI;03/06/2014;1331,838083
CDI;04/06/2014;1332,380212
CDI;05/06/2014;1332,922562
CDI;06/06/2014;1333,465133
CDI;09/06/2014;1334,007924
CDI;10/06/2014;1334,552848
CDI;11/06/2014;1335,096082
CDI;12/06/2014;1335,639538
CDI;13/06/2014;1336,183214
CDI;16/06/2014;1336,727112
CDI;17/06/2014;1337,271232
CDI;18/06/2014;1337,815573
CDI;20/06/2014;1338,360135
CDI;23/06/2014;1338,904919
CDI;24/06/2014;1339,449925
CDI;25/06/2014;1339,995152
CDI;26/06/2014;1340,540602
CDI;27/06/2014;1341,086274
CDI;30/06/2014;1341,632167
CDI;01/07/2014;1342,178283
CDI;02/07/2014;1342,724622
CDI;03/07/2014;1343,271182
CDI;04/07/2014;1343,817965
CDI;07/07/2014;1344,364971
CDI;08/07/2014;1344,912199
CDI;09/07/2014;1345,459651
CDI;10/07/2014;1346,007324
CDI;11/07/2014;1346,555221
CDI;14/07/2014;1347,103341
CDI;15/07/2014;1347,651684
CDI;16/07/2014;1348,20025
CDI;17/07/2014;1348,74904
CDI;18/07/2014;1349,298053
CDI;21/07/2014;1349,847289
CDI;22/07/2014;1350,396749
CDI;23/07/2014;1350,946433
CDI;24/07/2014;1351,49634
CDI;25/07/2014;1352,046471
CDI;28/07/2014;1352,596827
CDI;29/07/2014;1353,147406
CDI;30/07/2014;1353,698209
CDI;31/07/2014;1354,249236
CDI;01/08/2014;1354,800488
CDI;04/08/2014;1355,351964
CDI;05/08/2014;1355,904151
CDI;06/08/2014;1356,456562
CDI;07/08/2014;1357,009198
CDI;08/08/2014;1357,562059
CDI;11/08/2014;1358,115146
CDI;12/08/2014;1358,668458
CDI;13/08/2014;1359,221995
CDI;14/08/2014;1359,775758
CDI;15/08/2014;1360,329747
CDI;18/08/2014;1360,884449
CDI;19/08/2014;1361,438889
CDI;20/08/2014;1361,993555
CDI;21/08/2014;1362,549911
CDI;22/08/2014;1363,105517
CDI;25/08/2014;1363,660863
CDI;26/08/2014;1364,217899
CDI;27/08/2014;1364,775164
CDI;28/08/2014;1365,331189
CDI;29/08/2014;1365,888908
CDI;01/09/2014;1366,445387
CDI;02/09/2014;1367,002093
CDI;03/09/2014;1367,559026
CDI;04/09/2014;1368,116185
CDI;05/09/2014;1368,673572
CDI;08/09/2014;1369,231185
CDI;09/09/2014;1369,789026
CDI;10/09/2014;1370,347094
CDI;11/09/2014;1370,906862
CDI;12/09/2014;1371,465386
CDI;15/09/2014;1372,024137
CDI;16/09/2014;1372,583116
CDI;17/09/2014;1373,142322
CDI;18/09/2014;1373,701756
CDI;19/09/2014;1374,261418
CDI;22/09/2014;1374,821308
CDI;23/09/2014;1375,381427
CDI;24/09/2014;1375,943251
CDI;25/09/2014;1376,505305
CDI;26/09/2014;1377,067589
CDI;29/09/2014;1377,628622
CDI;30/09/2014;1378,189884
CDI;01/10/2014;1378,751375
CDI;02/10/2014;1379,313094
CDI;03/10/2014;1379,875043
CDI;06/10/2014;1380,43722
CDI;07/10/2014;1380,999626
CDI;08/10/2014;1381,563746
CDI;09/10/2014;1382,128095
CDI;10/10/2014;1382,692676
CDI;13/10/2014;1383,257487
CDI;14/10/2014;1383,821042
CDI;15/10/2014;1384,386314
CDI;16/10/2014;1384,950329
CDI;17/10/2014;1385,516063
CDI;20/10/2014;1386,082027
CDI;21/10/2014;1386,648222
CDI;22/10/2014;1387,214649
CDI;23/10/2014;1387,781307
CDI;24/10/2014;1388,348197
CDI;27/10/2014;1388,915318
CDI;28/10/2014;1389,482671
CDI;29/10/2014;1390,050256
CDI;30/10/2014;1390,618073
CDI;31/10/2014;1391,198559
CDI;03/11/2014;1391,777796
CDI;04/11/2014;1392,357273
CDI;05/11/2014;1392,936993
CDI;06/11/2014;1393,518447
CDI;07/11/2014;1394,100144
CDI;10/11/2014;1394,682084
CDI;11/11/2014;1395,264266
CDI;12/11/2014;1395,846692
CDI;13/11/2014;1396,429361
CDI;14/11/2014;1397,012273
CDI;17/11/2014;1397,595428
CDI;18/11/2014;1398,178827
CDI;19/11/2014;1398,762469
CDI;20/11/2014;1399,346355
CDI;21/11/2014;1399,930484
CDI;24/11/2014;1400,514858
CDI;25/11/2014;1401,099475
CDI;26/11/2014;1401,684337
CDI;27/11/2014;1402,269442
CDI;28/11/2014;1402,854792
CDI;01/12/2014;1403,438882
CDI;02/12/2014;1404,023215
CDI;03/12/2014;1404,607792
CDI;04/12/2014;1405,194118
CDI;05/12/2014;1405,80574
CDI;08/12/2014;1406,417629
CDI;09/12/2014;1407,029784
CDI;10/12/2014;1407,641204
CDI;11/12/2014;1408,25289
CDI;12/12/2014;1408,865844
CDI;15/12/2014;1409,479065
CDI;16/12/2014;1410,092553
CDI;17/12/2014;1410,706307
CDI;18/12/2014;1411,320329
CDI;19/12/2014;1411,934618
CDI;22/12/2014;1412,549174
CDI;23/12/2014;1413,163998
CDI;24/12/2014;1413,778084
CDI;26/12/2014;1414,392437
CDI;29/12/2014;1415,007057
CDI;30/12/2014;1415,62295
CDI;31/12/2014;1416,238105
CDI;02/01/2015;1416,853527
CDI;05/01/2015;1417,469216
CDI;06/01/2015;1418,085172
CDI;07/01/2015;1418,701397
CDI;08/01/2015;1419,317889
CDI;09/01/2015;1419,934649
CDI;12/01/2015;1420,551677
CDI;13/01/2015;1421,168973
CDI;14/01/2015;1421,786538
CDI;15/01/2015;1422,404371
CDI;16/01/2015;1423,022472
CDI;19/01/2015;1423,640842
CDI;20/01/2015;1424,25948
CDI;21/01/2015;1424,878388
CDI;22/01/2015;1425,497564
CDI;23/01/2015;1426,143325
CDI;26/01/2015;1426,788873
CDI;27/01/2015;1427,434713
CDI;28/01/2015;1428,080845
CDI;29/01/2015;1428,72727
CDI;30/01/2015;1429,373987
CDI;02/02/2015;1430,020998
CDI;03/02/2015;1430,668301
CDI;04/02/2015;1431,316404
CDI;05/02/2015;1431,9648
CDI;06/02/2015;1432,61349
CDI;09/02/2015;1433,262474
CDI;10/02/2015;1433,911752
CDI;11/02/2015;1434,561325
CDI;12/02/2015;1435,211191
CDI;13/02/2015;1435,861352
CDI;18/02/2015;1436,511807
CDI;19/02/2015;1437,162557
CDI;20/02/2015;1437,813602
CDI;23/02/2015;1438,464942
CDI;24/02/2015;1439,116577
CDI;25/02/2015;1439,768507
CDI;26/02/2015;1440,420732
CDI;27/02/2015;1441,073253
CDI;02/03/2015;1441,726069
CDI;03/03/2015;1442,379181
CDI;04/03/2015;1443,032589
CDI;05/03/2015;1443,686293
CDI;06/03/2015;1444,366312
CDI;09/03/2015;1445,046652
CDI;10/03/2015;1445,727311
CDI;11/03/2015;1446,408292
CDI;12/03/2015;1447,089593
CDI;13/03/2015;1447,771215
CDI;16/03/2015;1448,453158
CDI;17/03/2015;1449,135423
CDI;18/03/2015;1449,818009
CDI;19/03/2015;1450,500916
CDI;20/03/2015;1451,184145
CDI;23/03/2015;1451,867696
CDI;24/03/2015;1452,55208
CDI;25/03/2015;1453,236788
CDI;26/03/2015;1453,921818
CDI;27/03/2015;1454,607171
CDI;30/03/2015;1455,292846
CDI;31/03/2015;1455,978333
CDI;01/04/2015;1456,664142
CDI;02/04/2015;1457,350274
CDI;06/04/2015;1458,036729
CDI;07/04/2015;1458,723507
CDI;08/04/2015;1459,410609
CDI;09/04/2015;1460,098035
CDI;10/04/2015;1460,785785
CDI;13/04/2015;1461,473858
CDI;14/04/2015;1462,162256
CDI;15/04/2015;1462,850977
CDI;16/04/2015;1463,540024
CDI;17/04/2015;1464,229394
CDI;20/04/2015;1464,91909
CDI;22/04/2015;1465,60911
CDI;23/04/2015;1466,299456
CDI;24/04/2015;1466,990126
CDI;27/04/2015;1467,681122
CDI;28/04/2015;1468,372961
CDI;29/04/2015;1469,065643
CDI;30/04/2015;1469,758653
CDI;04/05/2015;1470,477322
CDI;05/05/2015;1471,196343
CDI;06/05/2015;1471,916749
CDI;07/05/2015;1472,637507
CDI;08/05/2015;1473,358618
CDI;11/05/2015;1474,080082
CDI;12/05/2015;1474,801899
CDI;13/05/2015;1475,52407
CDI;14/05/2015;1476,246594
CDI;15/05/2015;1476,969472
CDI;18/05/2015;1477,692705
CDI;19/05/2015;1478,416291
CDI;20/05/2015;1479,140232
CDI;21/05/2015;1479,864527
CDI;22/05/2015;1480,589176
CDI;25/05/2015;1481,314181
CDI;26/05/2015;1482,039541
CDI;27/05/2015;1482,765256
CDI;28/05/2015;1483,491326
CDI;29/05/2015;1484,217752
CDI;01/06/2015;1484,944533
CDI;02/06/2015;1485,671671
CDI;03/06/2015;1486,399164
CDI;05/06/2015;1487,127014
CDI;08/06/2015;1487,881777
CDI;09/06/2015;1488,636923
CDI;10/06/2015;1489,392452
CDI;11/06/2015;1490,148365
CDI;12/06/2015;1490,904662
CDI;15/06/2015;1491,661342
CDI;16/06/2015;1492,418406
CDI;17/06/2015;1493,175855
CDI;18/06/2015;1493,933688
CDI;19/06/2015;1494,691906
CDI;22/06/2015;1495,450508
CDI;23/06/2015;1496,209496
CDI;24/06/2015;1496,968869
CDI;25/06/2015;1497,728627
CDI;26/06/2015;1498,48877
CDI;29/06/2015;1499,2493
CDI;30/06/2015;1500,010215
CDI;01/07/2015;1500,771517
CDI;02/07/2015;1501,533205
CDI;03/07/2015;1502,29528
CDI;06/07/2015;1503,057741
CDI;07/07/2015;1503,82059
CDI;08/07/2015;1504,583825
CDI;09/07/2015;1505,347448
CDI;10/07/2015;1506,111459
CDI;13/07/2015;1506,875857
CDI;14/07/2015;1507,640643
CDI;15/07/2015;1508,405818
CDI;16/07/2015;1509,17138
CDI;17/07/2015;1509,937332
CDI;20/07/2015;1510,703672
CDI;21/07/2015;1511,470401
CDI;22/07/2015;1512,237519
CDI;23/07/2015;1513,005026
CDI;24/07/2015;1513,772923
CDI;27/07/2015;1514,54121
CDI;28/07/2015;1515,309887
CDI;29/07/2015;1516,078953
CDI;30/07/2015;1516,848411
CDI;31/07/2015;1517,64417
CDI;03/08/2015;1518,440347
CDI;04/08/2015;1519,236941
CDI;05/08/2015;1520,033953
CDI;06/08/2015;1520,831384
CDI;07/08/2015;1521,629233
CDI;10/08/2015;1522,4275
CDI;11/08/2015;1523,226186
CDI;12/08/2015;1524,025292
CDI;13/08/2015;1524,824816
CDI;14/08/2015;1525,62476
CDI;17/08/2015;1526,425123
CDI;18/08/2015;1527,225907
CDI;19/08/2015;1528,02711
CDI;20/08/2015;1528,828734
CDI;21/08/2015;1529,630778
CDI;24/08/2015;1530,433243
CDI;25/08/2015;1531,23613
CDI;26/08/2015;1532,039437
CDI;27/08/2015;1532,843166
CDI;28/08/2015;1533,647316
CDI;31/08/2015;1534,451888
CDI;01/09/2015;1535,256883
CDI;02/09/2015;1536,062299
CDI;03/09/2015;1536,868138
CDI;04/09/2015;1537,6744
CDI;08/09/2015;1538,481085
CDI;09/09/2015;1539,288193
CDI;10/09/2015;1540,095725
CDI;11/09/2015;1540,90368
CDI;14/09/2015;1541,712059
CDI;15/09/2015;1542,520862
CDI;16/09/2015;1543,33009
CDI;17/09/2015;1544,139742
CDI;18/09/2015;1544,949818
CDI;21/09/2015;1545,76032
CDI;22/09/2015;1546,571247
CDI;23/09/2015;1547,382599
CDI;24/09/2015;1548,194377
CDI;25/09/2015;1549,006581
CDI;28/09/2015;1549,819211
CDI;29/09/2015;1550,632267
CDI;30/09/2015;1551,44575
CDI;01/10/2015;1552,25966
CDI;02/10/2015;1553,073996
CDI;05/10/2015;1553,88876
CDI;06/10/2015;1554,703951
CDI;07/10/2015;1555,51957
CDI;08/10/2015;1556,335617
CDI;09/10/2015;1557,152092
CDI;13/10/2015;1557,968995
CDI;14/10/2015;1558,786326
CDI;15/10/2015;1559,604087
CDI;16/10/2015;1560,422277
CDI;19/10/2015;1561,240895
CDI;20/10/2015;1562,059943
CDI;21/10/2015;1562,879421
CDI;22/10/2015;1563,699329
CDI;23/10/2015;1564,520211
CDI;26/10/2015;1565,341524
CDI;27/10/2015;1566,163268
CDI;28/10/2015;1566,985443
CDI;29/10/2015;1567,80805
CDI;30/10/2015;1568,631089
CDI;03/11/2015;1569,45456
CDI;04/11/2015;1570,278463
CDI;05/11/2015;1571,102799
CDI;06/11/2015;1571,927567
CDI;09/11/2015;1572,752769
CDI;10/11/2015;1573,578403
CDI;11/11/2015;1574,404471
CDI;12/11/2015;1575,230973
CDI;13/11/2015;1576,057909
CDI;16/11/2015;1576,885278
CDI;17/11/2015;1577,713082
CDI;18/11/2015;1578,541321
CDI;19/11/2015;1579,369994
CDI;20/11/2015;1580,199103
CDI;23/11/2015;1581,028646
CDI;24/11/2015;1581,858625
CDI;25/11/2015;1582,68904
CDI;26/11/2015;1583,519891
CDI;27/11/2015;1584,351178
CDI;30/11/2015;1585,182901
CDI;01/12/2015;1586,015061
CDI;02/12/2015;1586,847658
CDI;03/12/2015;1587,680692
CDI;04/12/2015;1588,514163
CDI;07/12/2015;1589,348072
CDI;08/12/2015;1590,182418
CDI;09/12/2015;1591,017203
CDI;10/12/2015;1591,852426
CDI;11/12/2015;1592,688087
CDI;14/12/2015;1593,524187
CDI;15/12/2015;1594,360725
CDI;16/12/2015;1595,197703
CDI;17/12/2015;1596,035121
CDI;18/12/2015;1596,872978
CDI;21/12/2015;1597,711274
CDI;22/12/2015;1598,550011
CDI;23/12/2015;1599,389188
CDI;24/12/2015;1600,228806
CDI;28/12/2015;1601,068865
CDI;29/12/2015;1601,909364
CDI;30/12/2015;1602,750305
CDI;31/12/2015;1603,591687
CDI;04/01/2016;1604,433511
CDI;05/01/2016;1605,275777
CDI;06/01/2016;1606,118484
CDI;07/01/2016;1606,961635
CDI;08/01/2016;1607,805228
CDI;11/01/2016;1608,649264
CDI;12/01/2016;1609,493742
CDI;13/01/2016;1610,338665
CDI;14/01/2016;1611,18403
CDI;15/01/2016;1612,02984
CDI;18/01/2016;1612,876093
CDI;19/01/2016;1613,722791
CDI;20/01/2016;1614,569934
CDI;21/01/2016;1615,417521
CDI;22/01/2016;1616,264991
CDI;25/01/2016;1617,112905
CDI;26/01/2016;1617,961265
CDI;27/01/2016;1618,810069
CDI;28/01/2016;1619,659319
CDI;29/01/2016;1620,509014
CDI;01/02/2016;1621,359155
CDI;02/02/2016;1622,209742
CDI;03/02/2016;1623,060776
CDI;04/02/2016;1623,912255
CDI;05/02/2016;1624,764182
CDI;10/02/2016;1625,616555
CDI;11/02/2016;1626,469376
CDI;12/02/2016;1627,322644
CDI;15/02/2016;1628,176359
CDI;16/02/2016;1629,030523
CDI;17/02/2016;1629,885135
CDI;18/02/2016;1630,740194
CDI;19/02/2016;1631,595703
CDI;22/02/2016;1632,45166
CDI;23/02/2016;1633,308067
CDI;24/02/2016;1634,164922
CDI;25/02/2016;1635,022227
CDI;26/02/2016;1635,879982
CDI;29/02/2016;1636,738187
CDI;01/03/2016;1637,596842
CDI;02/03/2016;1638,455948
CDI;03/03/2016;1639,315504
CDI;04/03/2016;1640,175511
CDI;07/03/2016;1641,03597
CDI;08/03/2016;1641,89688
CDI;09/03/2016;1642,758241
CDI;10/03/2016;1643,620054
CDI;11/03/2016;1644,48232
CDI;14/03/2016;1645,345038
CDI;15/03/2016;1646,208208
CDI;16/03/2016;1647,071831
CDI;17/03/2016;1647,935908
CDI;18/03/2016;1648,800437
CDI;21/03/2016;1649,66542
CDI;22/03/2016;1650,530857
CDI;23/03/2016;1651,396748
CDI;24/03/2016;1652,263093
CDI;28/03/2016;1653,129893
CDI;29/03/2016;1653,997148
CDI;30/03/2016;1654,864857
CDI;31/03/2016;1655,733022
CDI;01/04/2016;1656,601642
CDI;04/04/2016;1657,470717
CDI;05/04/2016;1658,340249
CDI;06/04/2016;1659,210237
CDI;07/04/2016;1660,080681
CDI;08/04/2016;1660,951582
CDI;11/04/2016;1661,82294
CDI;12/04/2016;1662,694755
CDI;13/04/2016;1663,567027
CDI;14/04/2016;1664,439757
CDI;15/04/2016;1665,312945
CDI;18/04/2016;1666,186591
CDI;19/04/2016;1667,060695
CDI;20/04/2016;1667,935258
CDI;22/04/2016;1668,810279
CDI;25/04/2016;1669,68576
CDI;26/04/2016;1670,5617
CDI;27/04/2016;1671,438099
CDI;28/04/2016;1672,314958
CDI;29/04/2016;1673,192277
CDI;02/05/2016;1674,070057
CDI;03/05/2016;1674,948297
CDI;04/05/2016;1675,826997
CDI;05/05/2016;1676,706159
CDI;06/05/2016;1677,585782
CDI;09/05/2016;1678,465866
CDI;10/05/2016;1679,346412
CDI;11/05/2016;1680,22742
CDI;12/05/2016;1681,10889
CDI;13/05/2016;1681,990823
CDI;16/05/2016;1682,873218
CDI;17/05/2016;1683,756076
CDI;18/05/2016;1684,639398
CDI;19/05/2016;1685,523182
CDI;20/05/2016;1686,407431
CDI;23/05/2016;1687,292143
CDI;24/05/2016;1688,17732
CDI;25/05/2016;1689,06296
CDI;27/05/2016;1689,949066
CDI;30/05/2016;1690,835636
CDI;31/05/2016;1691,722671
CDI;01/06/2016;1692,610172
CDI;02/06/2016;1693,498139
CDI;03/06/2016;1694,386571
CDI;06/06/2016;1695,275469
CDI;07/06/2016;1696,164834
CDI;08/06/2016;1697,054665
CDI;09/06/2016;1697,944963
CDI;10/06/2016;1698,835728
CDI;13/06/2016;1699,72696
CDI;14/06/2016;1700,61866
CDI;15/06/2016;1701,510828
CDI;16/06/2016;1702,403463
CDI;17/06/2016;1703,296567
CDI;20/06/2016;1704,19014
CDI;21/06/2016;1705,084181
CDI;22/06/2016;1705,978692
CDI;23/06/2016;1706,873671
CDI;24/06/2016;1707,76912
CDI;27/06/2016;1708,665039
CDI;28/06/2016;1709,561428
CDI;29/06/2016;1710,458287
CDI;30/06/2016;1711,355617
CDI;01/07/2016;1712,253418
CDI;04/07/2016;1713,151689
CDI;05/07/2016;1714,050432
CDI;06/07/2016;1714,949646
CDI;07/07/2016;1715,849332
CDI;08/07/2016;1716,74949
CDI;11/07/2016;1717,65012
CDI;12/07/2016;1718,551222
CDI;13/07/2016;1719,452798
CDI;14/07/2016;1720,354846
CDI;15/07/2016;1721,257368
CDI;18/07/2016;1722,160363
CDI;19/07/2016;1723,063832
CDI;20/07/2016;1723,967774
CDI;21/07/2016;1724,872191
CDI;22/07/2016;1725,777083
CDI;25/07/2016;1726,682449
CDI;26/07/2016;1727,58829
CDI;27/07/2016;1728,494606
CDI;28/07/2016;1729,401398
CDI;29/07/2016;1730,308666
CDI;01/08/2016;1731,216409
CDI;02/08/2016;1732,124629
CDI;03/08/2016;1733,033325
CDI;04/08/2016;1733,942498
CDI;05/08/2016;1734,852148
CDI;08/08/2016;1735,762275
CDI;09/08/2016;1736,672879
CDI;10/08/2016;1737,583961
CDI;11/08/2016;1738,495521
CDI;12/08/2016;1739,40756
CDI;15/08/2016;1740,320077
CDI;16/08/2016;1741,233072
CDI;17/08/2016;1742,146547
CDI;18/08/2016;1743,060501
CDI;19/08/2016;1743,974934
CDI;22/08/2016;1744,889847
CDI;23/08/2016;1745,80524
CDI;24/08/2016;1746,721113
CDI;25/08/2016;1747,637467
CDI;26/08/2016;1748,554301
CDI;29/08/2016;1749,471617
CDI;30/08/2016;1750,389413
CDI;31/08/2016;1751,307691
CDI;01/09/2016;1752,226451
CDI;02/09/2016;1753,145693
CDI;05/09/2016;1754,065417
CDI;06/09/2016;1754,985624
CDI;08/09/2016;1755,906313
CDI;09/09/2016;1756,827485
CDI;12/09/2016;1757,749141
CDI;13/09/2016;1758,67128
CDI;14/09/2016;1759,593903
CDI;15/09/2016;1760,51701
CDI;16/09/2016;1761,440601
CDI;19/09/2016;1762,364677
CDI;20/09/2016;1763,289237
CDI;21/09/2016;1764,214283
CDI;22/09/2016;1765,139814
CDI;23/09/2016;1766,06583
CDI;26/09/2016;1766,992332
CDI;27/09/2016;1767,91932
CDI;28/09/2016;1768,846795
CDI;29/09/2016;1769,774756
CDI;30/09/2016;1770,703204
CDI;03/10/2016;1771,632139
CDI;04/10/2016;1772,561561
CDI;05/10/2016;1773,491471
CDI;06/10/2016;1774,421869
CDI;07/10/2016;1775,352755
CDI;10/10/2016;1776,284129
CDI;11/10/2016;1777,215992
CDI;13/10/2016;1778,148343
CDI;14/10/2016;1779,081184
CDI;17/10/2016;1780,014514
CDI;18/10/2016;1780,948334
CDI;19/10/2016;1781,882644
CDI;20/10/2016;1782,817444
CDI;21/10/2016;1783,737212
CDI;24/10/2016;1784,657455
CDI;25/10/2016;1785,578172
CDI;26/10/2016;1786,499365
CDI;27/10/2016;1787,421033
CDI;28/10/2016;1788,343176
CDI;31/10/2016;1789,265795
CDI;01/11/2016;1790,18889
CDI;03/11/2016;1791,112461
CDI;04/11/2016;1792,036509
CDI;07/11/2016;1792,961034
CDI;08/11/2016;1793,886035
CDI;09/11/2016;1794,811514
CDI;10/11/2016;1795,73747
CDI;11/11/2016;1796,663903
CDI;14/11/2016;1797,590815
CDI;16/11/2016;1798,518205
CDI;17/11/2016;1799,446074
CDI;18/11/2016;1800,374421
CDI;21/11/2016;1801,303247
CDI;22/11/2016;1802,232552
CDI;23/11/2016;1803,162337
CDI;24/11/2016;1804,092601
CDI;25/11/2016;1805,023345
CDI;28/11/2016;1805,95457
CDI;29/11/2016;1806,886274
CDI;30/11/2016;1807,81846
CDI;01/12/2016;1808,751126
CDI;02/12/2016;1809,668492
CDI;05/12/2016;1810,586322
CDI;06/12/2016;1811,504619
CDI;07/12/2016;1812,42338
CDI;08/12/2016;1813,342608
CDI;09/12/2016;1814,262302
CDI;12/12/2016;1815,182463
CDI;13/12/2016;1816,10309
CDI;14/12/2016;1817,024184
CDI;15/12/2016;1817,945745
CDI;16/12/2016;1818,867774
CDI;19/12/2016;1819,79027
CDI;20/12/2016;1820,713235
CDI;21/12/2016;1821,636667
CDI;22/12/2016;1822,560568
CDI;23/12/2016;1823,484937
CDI;26/12/2016;1824,409775
CDI;27/12/2016;1825,335082
CDI;28/12/2016;1826,260858
CDI;29/12/2016;1827,187104
CDI;30/12/2016;1828,11382
CDI;02/01/2017;1829,041006
CDI;03/01/2017;1829,968662
CDI;04/01/2017;1830,896788
CDI;05/01/2017;1831,825386
CDI;06/01/2017;1832,754454
CDI;09/01/2017;1833,683993
CDI;10/01/2017;1834,614004
CDI;11/01/2017;1835,544486
CDI;12/01/2017;1836,475441
CDI;13/01/2017;1837,358583
CDI;16/01/2017;1838,24215
CDI;17/01/2017;1839,126143
CDI;18/01/2017;1840,01056
CDI;19/01/2017;1840,895402
CDI;20/01/2017;1841,78067
CDI;23/01/2017;1842,666364
CDI;24/01/2017;1843,552483
CDI;25/01/2017;1844,439029
CDI;26/01/2017;1845,326001
CDI;27/01/2017;1846,2134
CDI;30/01/2017;1847,101225
CDI;31/01/2017;1847,989477
CDI;01/02/2017;1848,878157
CDI;02/02/2017;1849,767264
CDI;03/02/2017;1850,656798
CDI;06/02/2017;1851,54676
CDI;07/02/2017;1852,43715
CDI;08/02/2017;1853,327969
CDI;09/02/2017;1854,219215
CDI;10/02/2017;1855,110891
CDI;13/02/2017;1856,002995
CDI;14/02/2017;1856,895528
CDI;15/02/2017;1857,78849
CDI;16/02/2017;1858,681882
CDI;17/02/2017;1859,575703
CDI;20/02/2017;1860,469954
CDI;21/02/2017;1861,364635
CDI;22/02/2017;1862,259747
CDI;23/02/2017;1863,155289
CDI;24/02/2017;1864,00195
CDI;01/03/2017;1864,848997
CDI;02/03/2017;1865,696428
CDI;03/03/2017;1866,544244
CDI;06/03/2017;1867,392446
CDI;07/03/2017;1868,241033
CDI;08/03/2017;1869,090006
CDI;09/03/2017;1869,939364
CDI;10/03/2017;1870,789109
CDI;13/03/2017;1871,63924
CDI;14/03/2017;1872,489757
CDI;15/03/2017;1873,34066
CDI;16/03/2017;1874,19195
CDI;17/03/2017;1875,043627
CDI;20/03/2017;1875,895691
CDI;21/03/2017;1876,748142
CDI;22/03/2017;1877,600981
CDI;23/03/2017;1878,454207
CDI;24/03/2017;1879,307821
CDI;27/03/2017;1880,161823
CDI;28/03/2017;1881,016212
CDI;29/03/2017;1881,870991
CDI;30/03/2017;1882,726157
CDI;31/03/2017;1883,581712
CDI;03/04/2017;1884,437656
CDI;04/04/2017;1885,293989
CDI;05/04/2017;1886,150711
CDI;06/04/2017;1887,007822
CDI;07/04/2017;1887,865323
CDI;10/04/2017;1888,723214
CDI;11/04/2017;1889,581494
CDI;12/04/2017;1890,440164
CDI;13/04/2017;1891,299225
CDI;17/04/2017;1892,091414
CDI;18/04/2017;1892,883934
CDI;19/04/2017;1893,676787
CDI;20/04/2017;1894,469971
CDI;24/04/2017;1895,263488
CDI;25/04/2017;1896,057337
CDI;26/04/2017;1896,851519
CDI;27/04/2017;1897,646033
CDI;28/04/2017;1898,44088
CDI;02/05/2017;1899,23606
CDI;03/05/2017;1900,031573
CDI;04/05/2017;1900,82742
CDI;05/05/2017;1901,623599
CDI;08/05/2017;1902,420113
CDI;09/05/2017;1903,216959
CDI;10/05/2017;1904,01414
CDI;11/05/2017;1904,811654
CDI;12/05/2017;1905,609503
CDI;15/05/2017;1906,407686
CDI;16/05/2017;1907,206203
CDI;17/05/2017;1908,005054
CDI;18/05/2017;1908,80424
CDI;19/05/2017;1909,603761
CDI;22/05/2017;1910,403617
CDI;23/05/2017;1911,203808
CDI;24/05/2017;1912,004333
CDI;25/05/2017;1912,805195
CDI;26/05/2017;1913,606391
CDI;29/05/2017;1914,407924
CDI;30/05/2017;1915,209792
CDI;31/05/2017;1916,011995
CDI;01/06/2017;1916,814535
CDI;02/06/2017;1917,549319
CDI;05/06/2017;1918,284384
CDI;06/06/2017;1919,019731
CDI;07/06/2017;1919,75536
CDI;08/06/2017;1920,491271
CDI;09/06/2017;1921,227464
CDI;12/06/2017;1921,963939
CDI;13/06/2017;1922,700696
CDI;14/06/2017;1923,437736
CDI;16/06/2017;1924,175059
CDI;19/06/2017;1924,912664
CDI;20/06/2017;1925,650552
CDI;21/06/2017;1926,388722
CDI;22/06/2017;1927,127176
CDI;23/06/2017;1927,865913
CDI;26/06/2017;1928,604933
CDI;27/06/2017;1929,344236
CDI;28/06/2017;1930,083822
CDI;29/06/2017;1930,823693
CDI;30/06/2017;1931,563846
CDI;03/07/2017;1932,304284
CDI;04/07/2017;1933,045005
CDI;05/07/2017;1933,78601
CDI;06/07/2017;1934,5273
CDI;07/07/2017;1935,268873
CDI;10/07/2017;1936,010731
CDI;11/07/2017;1936,752873
CDI;12/07/2017;1937,4953
CDI;13/07/2017;1938,238011
CDI;14/07/2017;1938,981007
CDI;17/07/2017;1939,724288
CDI;18/07/2017;1940,467853
CDI;19/07/2017;1941,211704
CDI;20/07/2017;1941,95584
CDI;21/07/2017;1942,700261
CDI;24/07/2017;1943,444967
CDI;25/07/2017;1944,189959
CDI;26/07/2017;1944,935237
CDI;27/07/2017;1945,6808
CDI;28/07/2017;1946,356202
CDI;31/07/2017;1947,031838
CDI;01/08/2017;1947,707709
CDI;02/08/2017;1948,383814
CDI;03/08/2017;1949,060154
CDI;04/08/2017;1949,736729
CDI;07/08/2017;1950,413539
CDI;08/08/2017;1951,090584
CDI;09/08/2017;1951,767863
CDI;10/08/2017;1952,445378
CDI;11/08/2017;1953,123128
CDI;14/08/2017;1953,801113
CDI;15/08/2017;1954,479334
CDI;16/08/2017;1955,15779
CDI;17/08/2017;1955,836482
CDI;18/08/2017;1956,515409
CDI;21/08/2017;1957,194572
CDI;22/08/2017;1957,87397
CDI;23/08/2017;1958,553605
CDI;24/08/2017;1959,233475
CDI;25/08/2017;1959,913581
CDI;28/08/2017;1960,593924
CDI;29/08/2017;1961,274502
CDI;30/08/2017;1961,955317
CDI;31/08/2017;1962,636368
CDI;01/09/2017;1963,317656
CDI;04/09/2017;1963,99918
CDI;05/09/2017;1964,680941
CDI;06/09/2017;1965,362938
CDI;08/09/2017;1966,045172
CDI;11/09/2017;1966,655806
CDI;12/09/2017;1967,266629
CDI;13/09/2017;1967,877642
CDI;14/09/2017;1968,488845
CDI;15/09/2017;1969,100238
CDI;18/09/2017;1969,711821
CDI;19/09/2017;1970,323593
CDI;20/09/2017;1970,935556
CDI;21/09/2017;1971,547708
CDI;22/09/2017;1972,160051
CDI;25/09/2017;1972,772584
CDI;26/09/2017;1973,385307
CDI;27/09/2017;1973,998221
CDI;28/09/2017;1974,611325
CDI;29/09/2017;1975,224619
CDI;02/10/2017;1975,838104
CDI;03/10/2017;1976,451779
CDI;04/10/2017;1977,065645
CDI;05/10/2017;1977,679702
CDI;06/10/2017;1978,293949
CDI;09/10/2017;1978,908387
CDI;10/10/2017;1979,523016
CDI;11/10/2017;1980,137836
CDI;13/10/2017;1980,752846
CDI;16/10/2017;1981,368048
CDI;17/10/2017;1981,983441
CDI;18/10/2017;1982,599025
CDI;19/10/2017;1983,2148
CDI;20/10/2017;1983,830767
CDI;23/10/2017;1984,446925
CDI;24/10/2017;1985,063274
CDI;25/10/2017;1985,679814
CDI;26/10/2017;1986,296546
CDI;27/10/2017;1986,858597
CDI;30/10/2017;1987,420807
CDI;31/10/2017;1987,983176
CDI;01/11/2017;1988,545704
CDI;03/11/2017;1989,108391
CDI;06/11/2017;1989,671237
CDI;07/11/2017;1990,234243
CDI;08/11/2017;1990,797408
CDI;09/11/2017;1991,360732
CDI;10/11/2017;1991,924216
CDI;13/11/2017;1992,487859
CDI;14/11/2017;1993,051662
CDI;16/11/2017;1993,615624
CDI;17/11/2017;1994,179746
CDI;20/11/2017;1994,744027
CDI;21/11/2017;1995,308468
CDI;22/11/2017;1995,873069
CDI;23/11/2017;1996,437829
CDI;24/11/2017;1997,00275
CDI;27/11/2017;1997,56783
CDI;28/11/2017;1998,13307
CDI;29/11/2017;1998,69847
CDI;30/11/2017;1999,26403
CDI;01/12/2017;1999,82975
CDI;04/12/2017;2000,39563
CDI;05/12/2017;2000,961671
CDI;06/12/2017;2001,527871
CDI;07/12/2017;2002,094232
CDI;08/12/2017;2002,623666
CDI;11/12/2017;2003,15324
CDI;12/12/2017;2003,682954
CDI;13/12/2017;2004,212808
CDI;14/12/2017;2004,742802
CDI;15/12/2017;2005,272936
CDI;18/12/2017;2005,80321
CDI;19/12/2017;2006,333625
CDI;20/12/2017;2006,86418
CDI;21/12/2017;2007,394875
CDI;22/12/2017;2007,925711
CDI;26/12/2017;2008,456687
CDI;27/12/2017;2008,987803
CDI;28/12/2017;2009,51906
CDI;29/12/2017;2010,050457
CDI;02/01/2018;2010,581995
CDI;03/01/2018;2011,113674
CDI;04/01/2018;2011,645493
CDI;05/01/2018;2012,177452
CDI;08/01/2018;2012,709553
CDI;09/01/2018;2013,241794
CDI;10/01/2018;2013,774175
CDI;11/01/2018;2014,306698
CDI;12/01/2018;2014,839361
CDI;15/01/2018;2015,372165
CDI;16/01/2018;2015,905111
CDI;17/01/2018;2016,438197
CDI;18/01/2018;2016,971424
CDI;19/01/2018;2017,504792
CDI;22/01/2018;2018,038301
CDI;23/01/2018;2018,571951
CDI;24/01/2018;2019,105742
CDI;25/01/2018;2019,639674
CDI;26/01/2018;2020,173748
CDI;29/01/2018;2020,707963
CDI;30/01/2018;2021,242319
CDI;31/01/2018;2021,776816
CDI;01/02/2018;2022,311455
CDI;02/02/2018;2022,846235
CDI;05/02/2018;2023,381157
CDI;06/02/2018;2023,91622
CDI;07/02/2018;2024,451424
CDI;08/02/2018;2024,98677
CDI;09/02/2018;2025,503437
CDI;14/02/2018;2026,020235
CDI;15/02/2018;2026,537165
CDI;16/02/2018;2027,054227
CDI;19/02/2018;2027,571421
CDI;20/02/2018;2028,088747
CDI;21/02/2018;2028,606205
CDI;22/02/2018;2029,123795
CDI;23/02/2018;2029,641517
CDI;26/02/2018;2030,159371
CDI;27/02/2018;2030,677357
CDI;28/02/2018;2031,195476
CDI;01/03/2018;2031,713726
CDI;02/03/2018;2032,232109
CDI;05/03/2018;2032,750624
CDI;06/03/2018;2033,269272
CDI;07/03/2018;2033,788051
CDI;08/03/2018;2034,306963
CDI;09/03/2018;2034,826008
CDI;12/03/2018;2035,345185
CDI;13/03/2018;2035,864494
CDI;14/03/2018;2036,383936
CDI;15/03/2018;2036,90351
CDI;16/03/2018;2037,423217
CDI;19/03/2018;2037,943057
CDI;20/03/2018;2038,463029
CDI;21/03/2018;2038,983134
CDI;22/03/2018;2039,503372
CDI;23/03/2018;2040,004742
CDI;26/03/2018;2040,506235
CDI;27/03/2018;2041,007851
CDI;28/03/2018;2041,509591
CDI;29/03/2018;2042,011454
CDI;02/04/2018;2042,513441
CDI;03/04/2018;2043,015551
CDI;04/04/2018;2043,517784
CDI;05/04/2018;2044,020141
CDI;06/04/2018;2044,522621
CDI;09/04/2018;2045,025225
CDI;10/04/2018;2045,527952
CDI;11/04/2018;2046,030803
CDI;12/04/2018;2046,533778
CDI;13/04/2018;2047,036876
CDI;16/04/2018;2047,540098
CDI;17/04/2018;2048,043443
CDI;18/04/2018;2048,546913
CDI;19/04/2018;2049,050506
CDI;20/04/2018;2049,554223
CDI;23/04/2018;2050,058064
CDI;24/04/2018;2050,562028
CDI;25/04/2018;2051,066117
CDI;26/04/2018;2051,570329
CDI;27/04/2018;2052,074665
CDI;30/04/2018;2052,579126
CDI;02/05/2018;2053,08371
CDI;03/05/2018;2053,588418
CDI;04/05/2018;2054,093251
CDI;07/05/2018;2054,598207
CDI;08/05/2018;2055,103288
CDI;09/05/2018;2055,608493
CDI;10/05/2018;2056,113822
CDI;11/05/2018;2056,619275
CDI;14/05/2018;2057,124853
CDI;15/05/2018;2057,630555
CDI;16/05/2018;2058,136381
CDI;17/05/2018;2058,642331
CDI;18/05/2018;2059,148406
CDI;21/05/2018;2059,654605
CDI;22/05/2018;2060,160929
CDI;23/05/2018;2060,667377
CDI;24/05/2018;2061,17395
CDI;25/05/2018;2061,680647
CDI;28/05/2018;2062,187469
CDI;29/05/2018;2062,694415
CDI;30/05/2018;2063,201486
CDI;01/06/2018;2063,708682
CDI;04/06/2018;2064,216002
CDI;05/06/2018;2064,723447
CDI;06/06/2018;2065,231017
CDI;07/06/2018;2065,738712
CDI;08/06/2018;2066,246531
CDI;11/06/2018;2066,754475
CDI;12/06/2018;2067,262544
CDI;13/06/2018;2067,770738
CDI;14/06/2018;2068,279057
CDI;15/06/2018;2068,787501
CDI;18/06/2018;2069,29607
CDI;19/06/2018;2069,804764
CDI;20/06/2018;2070,313582
CDI;21/06/2018;2070,822526
CDI;22/06/2018;2071,331596
CDI;25/06/2018;2071,84079
CDI;26/06/2018;2072,350109
CDI;27/06/2018;2072,859554
CDI;28/06/2018;2073,369124
CDI;29/06/2018;2073,878819
CDI;02/07/2018;2074,388639
CDI;03/07/2018;2074,898585
CDI;04/07/2018;2075,408656
CDI;05/07/2018;2075,918853
CDI;06/07/2018;2076,429175
CDI;09/07/2018;2076,939622
CDI;10/07/2018;2077,450195
CDI;11/07/2018;2077,960893
CDI;12/07/2018;2078,471717
CDI;13/07/2018;2078,982667
CDI;16/07/2018;2079,493742
CDI;17/07/2018;2080,004943
CDI;18/07/2018;2080,516269
CDI;19/07/2018;2081,027721
CDI;20/07/2018;2081,539299
CDI;23/07/2018;2082,051003
CDI;24/07/2018;2082,562832
CDI;25/07/2018;2083,074787
CDI;26/07/2018;2083,586868
CDI;27/07/2018;2084,099075
CDI;30/07/2018;2084,611408
CDI;31/07/2018;2085,123867
CDI;01/08/2018;2085,636452
CDI;02/08/2018;2086,149163
CDI;03/08/2018;2086,661999
CDI;06/08/2018;2087,174962
CDI;07/08/2018;2087,688051
CDI;08/08/2018;2088,201266
CDI;09/08/2018;2088,714608
CDI;10/08/2018;2089,228075
CDI;13/08/2018;2089,741669
CDI;14/08/2018;2090,255389
CDI;15/08/2018;2090,769235
CDI;16/08/2018;2091,283208
CDI;17/08/2018;2091,797307
CDI;20/08/2018;2092,311532
CDI;21/08/2018;2092,825884
CDI;22/08/2018;2093,340362
CDI;23/08/2018;2093,854967
CDI;24/08/2018;2094,369698
CDI;27/08/2018;2094,884556
CDI;28/08/2018;2095,39954
CDI;29/08/2018;2095,914651
CDI;30/08/2018;2096,429888
CDI;31/08/2018;2096,945252
CDI;03/09/2018;2097,460743
CDI;04/09/2018;2097,976361
CDI;05/09/2018;2098,492105
CDI;06/09/2018;2099,007976
CDI;10/09/2018;2099,523974
CDI;11/09/2018;2100,040099
CDI;12/09/2018;2100,556351
CDI;13/09/2018;2101,072729
CDI;14/09/2018;2101,589235
CDI;17/09/2018;2102,105867
CDI;18/09/2018;2102,622627
CDI;19/09/2018;2103,139513
CDI;20/09/2018;2103,656527
CDI;21/09/2018;2104,173667
CDI;24/09/2018;2104,690935
CDI;25/09/2018;2105,20833
CDI;26/09/2018;2105,725852
CDI;27/09/2018;2106,243502
CDI;28/09/2018;2106,761278
CDI;01/10/2018;2107,279182
CDI;02/10/2018;2107,797999
CDI;03/10/2018;2108,316945
CDI;04/10/2018;2108,836017
CDI;05/10/2018;2109,355218
CDI;08/10/2018;2109,874547
CDI;09/10/2018;2110,394003
CDI;10/10/2018;2110,913587
CDI;11/10/2018;2111,433299
CDI;15/10/2018;2111,95314
CDI;16/10/2018;2112,473108
CDI;17/10/2018;2112,993204
CDI;18/10/2018;2113,513428
CDI;19/10/2018;2114,03378
CDI;22/10/2018;2114,554261
CDI;23/10/2018;2115,074869
CDI;24/10/2018;2115,595606
CDI;25/10/2018;2116,116471
CDI;26/10/2018;2116,637464
CDI;29/10/2018;2117,158585
CDI;30/10/2018;2117,679835
CDI;31/10/2018;2118,201213
CDI;01/11/2018;2118,72272
CDI;05/11/2018;2119,244354
CDI;06/11/2018;2119,766118
CDI;07/11/2018;2120,288009
CDI;08/11/2018;2120,810029
CDI;09/11/2018;2121,332178
CDI;12/11/2018;2121,854455
CDI;13/11/2018;2122,376861
CDI;14/11/2018;2122,899396
CDI;16/11/2018;2123,422059
CDI;19/11/2018;2123,944851
CDI;20/11/2018;2124,467771
CDI;21/11/2018;2124,99082
CDI;22/11/2018;2125,513998
CDI;23/11/2018;2126,037305
CDI;26/11/2018;2126,560741
CDI;27/11/2018;2127,084305
CDI;28/11/2018;2127,607999
CDI;29/11/2018;2128,131821
CDI;30/11/2018;2128,655773
CDI;03/12/2018;2129,179853
CDI;04/12/2018;2129,704062
CDI;05/12/2018;2130,228401
CDI;06/12/2018;2130,752868
CDI;07/12/2018;2131,277465
CDI;10/12/2018;2131,802191
CDI;11/12/2018;2132,327046
CDI;12/12/2018;2132,85203
CDI;13/12/2018;2133,377144
CDI;14/12/2018;2133,902386
CDI;17/12/2018;2134,427758
CDI;18/12/2018;2134,95326
CDI;19/12/2018;2135,478891
CDI;20/12/2018;2136,004651
CDI;21/12/2018;2136,530541
CDI;24/12/2018;2137,05656
CDI;26/12/2018;2137,582708
CDI;27/12/2018;2138,108986
CDI;28/12/2018;2138,635394
CDI;31/12/2018;2139,161932
CDI;02/01/2019;2139,688599
CDI;03/01/2019;2140,215395
CDI;04/01/2019;2140,742322
CDI;07/01/2019;2141,269378
CDI;08/01/2019;2141,796564
CDI;09/01/2019;2142,323879
CDI;10/01/2019;2142,851325
CDI;11/01/2019;2143,3789
CDI;14/01/2019;2143,906605
CDI;15/01/2019;2144,43444
CDI;16/01/2019;2144,962405
CDI;17/01/2019;2145,490501
CDI;18/01/2019;2146,018726
CDI;21/01/2019;2146,547081
CDI;22/01/2019;2147,075566
CDI;23/01/2019;2147,604181
CDI;24/01/2019;2148,132927
CDI;25/01/2019;2148,661803
CDI;28/01/2019;2149,190808
CDI;29/01/2019;2149,719945
CDI;30/01/2019;2150,249211
CDI;31/01/2019;2150,778608
CDI;01/02/2019;2151,308135
CDI;04/02/2019;2151,837792
CDI;05/02/2019;2152,36758
CDI;06/02/2019;2152,897498
CDI;07/02/2019;2153,427547
CDI;08/02/2019;2153,957726
CDI;11/02/2019;2154,488036
CDI;12/02/2019;2155,018476
CDI;13/02/2019;2155,549047
CDI;14/02/2019;2156,079749
CDI;15/02/2019;2156,610581
CDI;18/02/2019;2157,141544
CDI;19/02/2019;2157,672637
CDI;20/02/2019;2158,203862
CDI;21/02/2019;2158,735217
CDI;22/02/2019;2159,266703
CDI;25/02/2019;2159,79832
CDI;26/02/2019;2160,330067
CDI;27/02/2019;2160,861946
CDI;28/02/2019;2161,393956
CDI;01/03/2019;2161,926096
CDI;06/03/2019;2162,458368
CDI;07/03/2019;2162,99077
CDI;08/03/2019;2163,523304
CDI;11/03/2019;2164,055969
CDI;12/03/2019;2164,588765
CDI;13/03/2019;2165,121692
CDI;14/03/2019;2165,65475
CDI;15/03/2019;2166,18794
CDI;18/03/2019;2166,721261
CDI;19/03/2019;2167,254713
CDI;20/03/2019;2167,788297
CDI;21/03/2019;2168,322011
CDI;22/03/2019;2168,855858
CDI;25/03/2019;2169,389835
CDI;26/03/2019;2169,923945
CDI;27/03/2019;2170,458185
CDI;28/03/2019;2170,992557
CDI;29/03/2019;2171,527061
CDI;01/04/2019;2172,061697
CDI;02/04/2019;2172,596464
CDI;03/04/2019;2173,131362
CDI;04/04/2019;2173,666393
CDI;05/04/2019;2174,201555
CDI;08/04/2019;2174,736849
CDI;09/04/2019;2175,272274
CDI;10/04/2019;2175,807832
CDI;11/04/2019;2176,343521
CDI;12/04/2019;2176,879342
CDI;15/04/2019;2177,415295
CDI;16/04/2019;2177,95138
CDI;17/04/2019;2178,487597
CDI;18/04/2019;2179,023946
CDI;22/04/2019;2179,560428
CDI;23/04/2019;2180,097041
CDI;24/04/2019;2180,633786
CDI;25/04/2019;2181,170664
CDI;26/04/2019;2181,707673
CDI;29/04/2019;2182,244815
CDI;30/04/2019;2182,782089
CDI;02/05/2019;2183,319496
CDI;03/05/2019;2183,857034
CDI;06/05/2019;2184,394705
CDI;07/05/2019;2184,932509
CDI;08/05/2019;2185,470444
CDI;09/05/2019;2186,008513
CDI;10/05/2019;2186,546713
CDI;13/05/2019;2187,085047
CDI;14/05/2019;2187,623513
CDI;15/05/2019;2188,162111
CDI;16/05/2019;2188,700842
CDI;17/05/2019;2189,239705
CDI;20/05/2019;2189,778702
CDI;21/05/2019;2190,317831
CDI;22/05/2019;2190,857092
CDI;23/05/2019;2191,396487
CDI;24/05/2019;2191,936014
CDI;27/05/2019;2192,475674
CDI;28/05/2019;2193,015467
CDI;29/05/2019;2193,555393
CDI;30/05/2019;2194,095452
CDI;31/05/2019;2194,635644
CDI;03/06/2019;2195,175968
CDI;04/06/2019;2195,716426
CDI;05/06/2019;2196,257017
CDI;06/06/2019;2196,797741
CDI;07/06/2019;2197,338598
CDI;10/06/2019;2197,879588
CDI;11/06/2019;2198,420712
CDI;12/06/2019;2198,961968
CDI;13/06/2019;2199,503358
CDI;14/06/2019;2200,044881
CDI;17/06/2019;2200,586538
CDI;18/06/2019;2201,128328
CDI;19/06/2019;2201,670251
CDI;21/06/2019;2202,212308
CDI;24/06/2019;2202,754498
CDI;25/06/2019;2203,296822
CDI;26/06/2019;2203,839279
CDI;27/06/2019;2204,381869
CDI;28/06/2019;2204,924594
CDI;01/07/2019;2205,467452
CDI;02/07/2019;2206,010443
CDI;03/07/2019;2206,553569
CDI;04/07/2019;2207,096828
CDI;05/07/2019;2207,64022
CDI;08/07/2019;2208,183747
CDI;09/07/2019;2208,727407
CDI;10/07/2019;2209,271201
CDI;11/07/2019;2209,815129
CDI;12/07/2019;2210,359191
CDI;15/07/2019;2210,903387
CDI;16/07/2019;2211,447717
CDI;17/07/2019;2211,992181
CDI;18/07/2019;2212,536779
CDI;19/07/2019;2213,081511
CDI;22/07/2019;2213,626377
CDI;23/07/2019;2214,171378
CDI;24/07/2019;2214,716512
CDI;25/07/2019;2215,261781
CDI;26/07/2019;2215,807184
CDI;29/07/2019;2216,352721
CDI;30/07/2019;2216,898393
CDI;31/07/2019;2217,444199
CDI;01/08/2019;2217,990139
CDI;02/08/2019;2218,494746
CDI;05/08/2019;2218,999467
CDI;06/08/2019;2219,504303
CDI;07/08/2019;2220,009255
CDI;08/08/2019;2220,514321
CDI;09/08/2019;2221,019502
CDI;12/08/2019;2221,524798
CDI;13/08/2019;2222,030209
CDI;14/08/2019;2222,535734
CDI;15/08/2019;2223,041375
CDI;16/08/2019;2223,547131
CDI;19/08/2019;2224,053002
CDI;20/08/2019;2224,558988
CDI;21/08/2019;2225,065089
CDI;22/08/2019;2225,571306
CDI;23/08/2019;2226,077637
CDI;26/08/2019;2226,584084
CDI;27/08/2019;2227,090646
CDI;28/08/2019;2227,597323
CDI;29/08/2019;2228,104115
CDI;30/08/2019;2228,611023
CDI;02/09/2019;2229,118046
CDI;03/09/2019;2229,625185
CDI;04/09/2019;2230,132438
CDI;05/09/2019;2230,639808
CDI;06/09/2019;2231,147292
CDI;09/09/2019;2231,654892
CDI;10/09/2019;2232,162608
CDI;11/09/2019;2232,670439
CDI;12/09/2019;2233,178385
CDI;13/09/2019;2233,686448
CDI;16/09/2019;2234,194625
CDI;17/09/2019;2234,702919
CDI;18/09/2019;2235,211328
CDI;19/09/2019;2235,719852
CDI;20/09/2019;2236,186496
CDI;23/09/2019;2236,653237
CDI;24/09/2019;2237,120076
CDI;25/09/2019;2237,587012
CDI;26/09/2019;2238,054046
CDI;27/09/2019;2238,521177
CDI;30/09/2019;2238,988405
CDI;01/10/2019;2239,455732
CDI;02/10/2019;2239,923155
CDI;03/10/2019;2240,390676
CDI;04/10/2019;2240,858295
CDI;07/10/2019;2241,326011
CDI;08/10/2019;2241,793825
CDI;09/10/2019;2242,261737
CDI;10/10/2019;2242,729746
CDI;11/10/2019;2243,197853
CDI;14/10/2019;2243,666058
CDI;15/10/2019;2244,134361
CDI;16/10/2019;2244,602761
CDI;17/10/2019;2245,071259
CDI;18/10/2019;2245,539854
CDI;21/10/2019;2246,008548
CDI;22/10/2019;2246,477339
CDI;23/10/2019;2246,946228
CDI;24/10/2019;2247,415215
CDI;25/10/2019;2247,8843
CDI;28/10/2019;2248,353483
CDI;29/10/2019;2248,822764
CDI;30/10/2019;2249,292143
CDI;31/10/2019;2249,76162
CDI;01/11/2019;2250,188734
CDI;04/11/2019;2250,615929
CDI;05/11/2019;2251,043206
CDI;06/11/2019;2251,470563
CDI;07/11/2019;2251,898002
CDI;08/11/2019;2252,325522
CDI;11/11/2019;2252,753123
CDI;12/11/2019;2253,180805
CDI;13/11/2019;2253,608569
CDI;14/11/2019;2254,036413
CDI;18/11/2019;2254,464339
CDI;19/11/2019;2254,892346
CDI;20/11/2019;2255,320435
CDI;21/11/2019;2255,748604
CDI;22/11/2019;2256,176855
CDI;25/11/2019;2256,605187
CDI;26/11/2019;2257,033601
CDI;27/11/2019;2257,462096
CDI;28/11/2019;2257,890672
CDI;29/11/2019;2258,31933
CDI;02/12/2019;2258,748069
CDI;03/12/2019;2259,176889
CDI;04/12/2019;2259,605791
CDI;05/12/2019;2260,034774
CDI;06/12/2019;2260,463839
CDI;09/12/2019;2260,892985
CDI;10/12/2019;2261,322212
CDI;11/12/2019;2261,751521
CDI;12/12/2019;2262,180912
CDI;13/12/2019;2262,567486
CDI;16/12/2019;2262,954126
CDI;17/12/2019;2263,340832
CDI;18/12/2019;2263,727605
CDI;19/12/2019;2264,114443
CDI;20/12/2019;2264,501348
CDI;23/12/2019;2264,888318
CDI;24/12/2019;2265,275355
CDI;26/12/2019;2265,662458
CDI;27/12/2019;2266,049627
CDI;30/12/2019;2266,436862
CDI;31/12/2019;2266,824164
CDI;02/01/2020;2267,211531
CDI;03/01/2020;2267,598965
CDI;06/01/2020;2267,986465
CDI;07/01/2020;2268,374031
CDI;08/01/2020;2268,761664
CDI;09/01/2020;2269,149362
CDI;10/01/2020;2269,537127
CDI;13/01/2020;2269,924958
CDI;14/01/2020;2270,312856
CDI;15/01/2020;2270,70082
CDI;16/01/2020;2271,08885
CDI;17/01/2020;2271,476946
CDI;20/01/2020;2271,865109
CDI;21/01/2020;2272,253338
CDI;22/01/2020;2272,641633
CDI;23/01/2020;2273,029995
CDI;24/01/2020;2273,418423
CDI;27/01/2020;2273,806917
CDI;28/01/2020;2274,195478
CDI;29/01/2020;2274,584105
CDI;30/01/2020;2274,972799
CDI;31/01/2020;2275,361559
CDI;03/02/2020;2275,750386
CDI;04/02/2020;2276,139279
CDI;05/02/2020;2276,528238
CDI;06/02/2020;2276,917264
CDI;07/02/2020;2277,28469
CDI;10/02/2020;2277,652176
CDI;11/02/2020;2278,019721
CDI;12/02/2020;2278,387325
CDI;13/02/2020;2278,754989
CDI;14/02/2020;2279,122711
CDI;17/02/2020;2279,490494
CDI;18/02/2020;2279,858335
CDI;19/02/2020;2280,226236
CDI;20/02/2020;2280,594197
CDI;21/02/2020;2280,962216
CDI;26/02/2020;2281,330295
CDI;27/02/2020;2281,698434
CDI;28/02/2020;2282,066632
CDI;02/03/2020;2282,434889
CDI;03/03/2020;2282,803206
CDI;04/03/2020;2283,171582
CDI;05/03/2020;2283,540017
CDI;06/03/2020;2283,908512
CDI;09/03/2020;2284,277067
CDI;10/03/2020;2284,645681
CDI;11/03/2020;2285,014354
CDI;12/03/2020;2285,383087
CDI;13/03/2020;2285,75188
CDI;16/03/2020;2286,120732
CDI;17/03/2020;2286,489643
CDI;18/03/2020;2286,858614
CDI;19/03/2020;2287,227645
CDI;20/03/2020;2287,55305
CDI;23/03/2020;2287,878502
CDI;24/03/2020;2288,204
CDI;25/03/2020;2288,529544
CDI;26/03/2020;2288,855135
CDI;27/03/2020;2289,180772
CDI;30/03/2020;2289,506455
CDI;31/03/2020;2289,832185
CDI;01/04/2020;2290,15796
CDI;02/04/2020;2290,483783
CDI;03/04/2020;2290,809651
CDI;06/04/2020;2291,135566
CDI;07/04/2020;2291,461528
CDI;08/04/2020;2291,787535
CDI;09/04/2020;2292,113589
CDI;13/04/2020;2292,43969
CDI;14/04/2020;2292,765837
CDI;15/04/2020;2293,09203
CDI;16/04/2020;2293,41827
CDI;17/04/2020;2293,744556
CDI;20/04/2020;2294,070888
CDI;22/04/2020;2294,397267
CDI;23/04/2020;2294,723693
CDI;24/04/2020;2295,050165
CDI;27/04/2020;2295,376683
CDI;28/04/2020;2295,703248
CDI;29/04/2020;2296,029859
CDI;30/04/2020;2296,356516
CDI;04/05/2020;2296,68322
CDI;05/05/2020;2297,009971
CDI;06/05/2020;2297,336768
CDI;07/05/2020;2297,663612
CDI;08/05/2020;2297,924279
CDI;11/05/2020;2298,184975
CDI;12/05/2020;2298,445702
CDI;13/05/2020;2298,706457
CDI;14/05/2020;2298,967243
CDI;15/05/2020;2299,228057
CDI;18/05/2020;2299,488902
CDI;19/05/2020;2299,749776
CDI;20/05/2020;2300,01068
CDI;21/05/2020;2300,271613
CDI;22/05/2020;2300,532576
CDI;25/05/2020;2300,793568
CDI;26/05/2020;2301,05459
CDI;27/05/2020;2301,315642
CDI;28/05/2020;2301,576723
CDI;29/05/2020;2301,837834
CDI;01/06/2020;2302,098975
CDI;02/06/2020;2302,360145
CDI;03/06/2020;2302,621345
CDI;04/06/2020;2302,882574
CDI;05/06/2020;2303,143834
CDI;08/06/2020;2303,405122
CDI;09/06/2020;2303,666441
CDI;10/06/2020;2303,927789
CDI;12/06/2020;2304,189166
CDI;15/06/2020;2304,450574
CDI;16/06/2020;2304,712011
CDI;17/06/2020;2304,973477
CDI;18/06/2020;2305,234974
CDI;19/06/2020;2305,429574
CDI;22/06/2020;2305,624191
CDI;23/06/2020;2305,818825
CDI;24/06/2020;2306,013474
CDI;25/06/2020;2306,208141
CDI;26/06/2020;2306,402823
CDI;29/06/2020;2306,597522
CDI;30/06/2020;2306,792238
CDI;01/07/2020;2306,98697
CDI;02/07/2020;2307,181719
CDI;03/07/2020;2307,376483
CDI;06/07/2020;2307,571265
CDI;07/07/2020;2307,766063
CDI;08/07/2020;2307,960877
CDI;09/07/2020;2308,155707
CDI;10/07/2020;2308,350555
CDI;13/07/2020;2308,545418
CDI;14/07/2020;2308,740298
CDI;15/07/2020;2308,935195
CDI;16/07/2020;2309,130107
CDI;17/07/2020;2309,325037
CDI;20/07/2020;2309,519983
CDI;21/07/2020;2309,714945
CDI;22/07/2020;2309,909924
CDI;23/07/2020;2310,104919
CDI;24/07/2020;2310,299931
CDI;27/07/2020;2310,494959
CDI;28/07/2020;2310,690003
CDI;29/07/2020;2310,885064
CDI;30/07/2020;2311,080142
CDI;31/07/2020;2311,275236
CDI;03/08/2020;2311,470346
CDI;04/08/2020;2311,665473
CDI;05/08/2020;2311,860617
CDI;06/08/2020;2312,055776
CDI;07/08/2020;2312,228469
CDI;10/08/2020;2312,401175
CDI;11/08/2020;2312,573893
CDI;12/08/2020;2312,746625
CDI;13/08/2020;2312,919369
CDI;14/08/2020;2313,092126
CDI;17/08/2020;2313,264897
CDI;18/08/2020;2313,43768
CDI;19/08/2020;2313,610476
CDI;20/08/2020;2313,783284
CDI;21/08/2020;2313,956106
CDI;24/08/2020;2314,128941
CDI;25/08/2020;2314,301788
CDI;26/08/2020;2314,474649
CDI;27/08/2020;2314,647522
CDI;28/08/2020;2314,820409
CDI;31/08/2020;2314,993308
CDI;01/09/2020;2315,16622
CDI;02/09/2020;2315,339145
CDI;03/09/2020;2315,512083
CDI;04/09/2020;2315,685034
CDI;08/09/2020;2315,857998
CDI;09/09/2020;2316,030975
CDI;10/09/2020;2316,203964
CDI;11/09/2020;2316,376967
CDI;14/09/2020;2316,549982
CDI;15/09/2020;2316,723011
CDI;16/09/2020;2316,896052
CDI;17/09/2020;2317,069106
CDI;18/09/2020;2317,242174
CDI;21/09/2020;2317,415254
CDI;22/09/2020;2317,588347
CDI;23/09/2020;2317,761453
CDI;24/09/2020;2317,934572
CDI;25/09/2020;2318,107704
CDI;28/09/2020;2318,280848
CDI;29/09/2020;2318,454006
CDI;30/09/2020;2318,627177
CDI;01/10/2020;2318,80036
CDI;02/10/2020;2318,973557
CDI;05/10/2020;2319,146766
CDI;06/10/2020;2319,319989
CDI;07/10/2020;2319,493224
CDI;08/10/2020;2319,666472
CDI;09/10/2020;2319,839733
CDI;13/10/2020;2320,013007
CDI;14/10/2020;2320,186295
CDI;15/10/2020;2320,359595
CDI;16/10/2020;2320,532908
CDI;19/10/2020;2320,706233
CDI;20/10/2020;2320,879572
CDI;21/10/2020;2321,052924
CDI;22/10/2020;2321,226289
CDI;23/10/2020;2321,399667
CDI;26/10/2020;2321,573057
CDI;27/10/2020;2321,746461
CDI;28/10/2020;2321,919877
CDI;29/10/2020;2322,093307
CDI;30/10/2020;2322,266749
CDI;03/11/2020;2322,440205
CDI;04/11/2020;2322,613673
CDI;05/11/2020;2322,787155
CDI;06/11/2020;2322,960649
CDI;09/11/2020;2323,134156
CDI;10/11/2020;2323,307676
CDI;11/11/2020;2323,481209
CDI;12/11/2020;2323,654756
CDI;13/11/2020;2323,828315
CDI;16/11/2020;2324,001887
CDI;17/11/2020;2324,175472
CDI;18/11/2020;2324,34907
CDI;19/11/2020;2324,522681
CDI;20/11/2020;2324,696305
CDI;23/11/2020;2324,869942
CDI;24/11/2020;2325,043591
CDI;25/11/2020;2325,217254
CDI;26/11/2020;2325,39093
CDI;27/11/2020;2325,564619
CDI;30/11/2020;2325,738321
CDI;01/12/2020;2325,912035
CDI;02/12/2020;2326,085763
CDI;03/12/2020;2326,259504
CDI;04/12/2020;2326,433257
CDI;07/12/2020;2326,607024
CDI;08/12/2020;2326,780804
CDI;09/12/2020;2326,954596
CDI;10/12/2020;2327,128402
CDI;11/12/2020;2327,30222
CDI;14/12/2020;2327,476052
CDI;15/12/2020;2327,649896
CDI;16/12/2020;2327,823754
CDI;17/12/2020;2327,997624
CDI;18/12/2020;2328,171508
CDI;21/12/2020;2328,345404
CDI;22/12/2020;2328,519314
CDI;23/12/2020;2328,693236
CDI;24/12/2020;2328,867172
CDI;28/12/2020;2329,04112
CDI;29/12/2020;2329,215081
CDI;30/12/2020;2329,389056
CDI;31/12/2020;2329,563043
CDI;04/01/2021;2329,737044
CDI;05/01/2021;2329,911057
CDI;06/01/2021;2330,085083
CDI;07/01/2021;2330,259123
CDI;08/01/2021;2330,433175
CDI;11/01/2021;2330,607241
CDI;12/01/2021;2330,781319
CDI;13/01/2021;2330,95541
CDI;14/01/2021;2331,129515
CDI;15/01/2021;2331,303632
CDI;18/01/2021;2331,477763
CDI;19/01/2021;2331,651906
CDI;20/01/2021;2331,826062
CDI;21/01/2021;2332,000232
CDI;22/01/2021;2332,174414
CDI;25/01/2021;2332,34861
CDI;26/01/2021;2332,522818
CDI;27/01/2021;2332,69704
CDI;28/01/2021;2332,871274
CDI;29/01/2021;2333,045522
CDI;01/02/2021;2333,219782
CDI;02/02/2021;2333,394056
CDI;03/02/2021;2333,568342
CDI;04/02/2021;2333,742642
CDI;05/02/2021;2333,916954
CDI;08/02/2021;2334,09128
CDI;09/02/2021;2334,265619
CDI;10/02/2021;2334,43997
CDI;11/02/2021;2334,614335
CDI;12/02/2021;2334,788713
CDI;17/02/2021;2334,963103
CDI;18/02/2021;2335,137507
CDI;19/02/2021;2335,311924
CDI;22/02/2021;2335,486354
CDI;23/02/2021;2335,660796
CDI;24/02/2021;2335,835252
CDI;25/02/2021;2336,009721
CDI;26/02/2021;2336,184203
CDI;01/03/2021;2336,358698
CDI;02/03/2021;2336,533206
CDI;03/03/2021;2336,707727
CDI;04/03/2021;2336,882261
CDI;05/03/2021;2337,056808
CDI;08/03/2021;2337,231368
CDI;09/03/2021;2337,405941
CDI;10/03/2021;2337,580528
CDI;11/03/2021;2337,755127
CDI;12/03/2021;2337,929739
CDI;15/03/2021;2338,104365
CDI;16/03/2021;2338,279003
CDI;17/03/2021;2338,453654
CDI;18/03/2021;2338,628319
CDI;19/03/2021;2338,871056
CDI;22/03/2021;2339,113819
CDI;23/03/2021;2339,356607
CDI;24/03/2021;2339,599421
CDI;25/03/2021;2339,842259
CDI;26/03/2021;2340,085123
CDI;29/03/2021;2340,328012
CDI;30/03/2021;2340,570926
CDI;31/03/2021;2340,813865
CDI;01/04/2021;2341,05683
CDI;05/04/2021;2341,29982
CDI;06/04/2021;2341,542835
CDI;07/04/2021;2341,785875
CDI;08/04/2021;2342,02894
CDI;09/04/2021;2342,272031
CDI;12/04/2021;2342,515147
CDI;13/04/2021;2342,758288
CDI;14/04/2021;2343,001454
CDI;15/04/2021;2343,244646
CDI;16/04/2021;2343,487863
CDI;19/04/2021;2343,731105
CDI;20/04/2021;2343,974372
CDI;22/04/2021;2344,217665
CDI;23/04/2021;2344,460983
CDI;26/04/2021;2344,704326
CDI;27/04/2021;2344,947694
CDI;28/04/2021;2345,191088
CDI;29/04/2021;2345,434506
CDI;30/04/2021;2345,677951
CDI;03/05/2021;2345,92142
CDI;04/05/2021;2346,164915
CDI;05/05/2021;2346,408435
CDI;06/05/2021;2346,65198
CDI;07/05/2021;2346,963349
CDI;10/05/2021;2347,274759
CDI;11/05/2021;2347,586211
CDI;12/05/2021;2347,897704
CDI;13/05/2021;2348,209238
CDI;14/05/2021;2348,520814
CDI;17/05/2021;2348,832431
CDI;18/05/2021;2349,144089
CDI;19/05/2021;2349,455789
CDI;20/05/2021;2349,76753
CDI;21/05/2021;2350,079312
CDI;24/05/2021;2350,391136
CDI;25/05/2021;2350,703001
CDI;26/05/2021;2351,014907
CDI;27/05/2021;2351,326855
CDI;28/05/2021;2351,638845
CDI;31/05/2021;2351,950875
CDI;01/06/2021;2352,262947
CDI;02/06/2021;2352,575061
CDI;04/06/2021;2352,887216
CDI;07/06/2021;2353,199412
CDI;08/06/2021;2353,51165
CDI;09/06/2021;2353,823929
CDI;10/06/2021;2354,13625
CDI;11/06/2021;2354,448612
CDI;14/06/2021;2354,761015
CDI;15/06/2021;2355,07346
CDI;16/06/2021;2355,385947
CDI;17/06/2021;2355,698475
CDI;18/06/2021;2356,078614
CDI;21/06/2021;2356,458815
CDI;22/06/2021;2356,839076
CDI;23/06/2021;2357,2194
CDI;24/06/2021;2357,599785
CDI;25/06/2021;2357,980231
CDI;28/06/2021;2358,360738
CDI;29/06/2021;2358,741307
CDI;30/06/2021;2359,121937
CDI;01/07/2021;2359,502629
CDI;02/07/2021;2359,883382
CDI;05/07/2021;2360,264197
CDI;06/07/2021;2360,645073
CDI;07/07/2021;2361,02601
CDI;08/07/2021;2361,407009
CDI;09/07/2021;2361,78807
CDI;12/07/2021;2362,169192
CDI;13/07/2021;2362,550375
CDI;14/07/2021;2362,93162
CDI;15/07/2021;2363,312927
CDI;16/07/2021;2363,694295
CDI;19/07/2021;2364,075724
CDI;20/07/2021;2364,457215
CDI;21/07/2021;2364,838768
CDI;22/07/2021;2365,220382
CDI;23/07/2021;2365,602058
CDI;26/07/2021;2365,983795
CDI;27/07/2021;2366,365594
CDI;28/07/2021;2366,747455
CDI;29/07/2021;2367,129377
CDI;30/07/2021;2367,511361
CDI;02/08/2021;2367,893407
CDI;03/08/2021;2368,275514
CDI;04/08/2021;2368,657683
CDI;05/08/2021;2369,039913
CDI;06/08/2021;2369,512055
CDI;09/08/2021;2369,98429
CDI;10/08/2021;2370,45662
CDI;11/08/2021;2370,929043
CDI;12/08/2021;2371,401561
CDI;13/08/2021;2371,874173
CDI;16/08/2021;2372,34688
CDI;17/08/2021;2372,81968
CDI;18/08/2021;2373,292575
CDI;19/08/2021;2373,765564
CDI;20/08/2021;2374,238647
CDI;23/08/2021;2374,711824
CDI;24/08/2021;2375,185096
CDI;25/08/2021;2375,658462
CDI;26/08/2021;2376,131923
CDI;27/08/2021;2376,605477
CDI;30/08/2021;2377,079127
CDI;31/08/2021;2377,55287
CDI;01/09/2021;2378,026708
CDI;02/09/2021;2378,500641
CDI;03/09/2021;2378,974667
CDI;06/09/2021;2379,448789
CDI;08/09/2021;2379,923005
CDI;09/09/2021;2380,397315
CDI;10/09/2021;2380,87172
CDI;13/09/2021;2381,346219
CDI;14/09/2021;2381,820813
CDI;15/09/2021;2382,295502
CDI;16/09/2021;2382,770285
CDI;17/09/2021;2383,245163
CDI;20/09/2021;2383,720135
CDI;21/09/2021;2384,195202
CDI;22/09/2021;2384,670364
CDI;23/09/2021;2385,145621
CDI;24/09/2021;2385,710579
CDI;27/09/2021;2386,275671
CDI;28/09/2021;2386,840897
CDI;29/09/2021;2387,406257
CDI;30/09/2021;2387,971751
CDI;01/10/2021;2388,537379
CDI;04/10/2021;2389,10314
CDI;05/10/2021;2389,669036
CDI;06/10/2021;2390,235066
CDI;07/10/2021;2390,80123
CDI;08/10/2021;2391,367528
CDI;11/10/2021;2391,93396
CDI;13/10/2021;2392,500526
CDI;14/10/2021;2393,067227
CDI;15/10/2021;2393,634062
CDI;18/10/2021;2394,201031
CDI;19/10/2021;2394,768134
CDI;20/10/2021;2395,335371
CDI;21/10/2021;2395,902743
CDI;22/10/2021;2396,47025
CDI;25/10/2021;2397,037891
CDI;26/10/2021;2397,605666
CDI;27/10/2021;2398,173576
CDI;28/10/2021;2398,74162
CDI;29/10/2021;2399,443402
CDI;01/11/2021;2400,14539
CDI;03/11/2021;2400,847583
CDI;04/11/2021;2401,549982
CDI;05/11/2021;2402,252586
CDI;08/11/2021;2402,955396
CDI;09/11/2021;2403,658411
CDI;10/11/2021;2404,361632
CDI;11/11/2021;2405,065059
CDI;12/11/2021;2405,768691
CDI;16/11/2021;2406,47253
CDI;17/11/2021;2407,176574
CDI;18/11/2021;2407,880824
CDI;19/11/2021;2408,585281
CDI;22/11/2021;2409,289943
CDI;23/11/2021;2409,994812
CDI;24/11/2021;2410,699886
CDI;25/11/2021;2411,405167
CDI;26/11/2021;2412,110655
CDI;29/11/2021;2412,816349
CDI;30/11/2021;2413,522249
CDI;01/12/2021;2414,228356
CDI;02/12/2021;2414,934669
CDI;03/12/2021;2415,641189
CDI;06/12/2021;2416,347916
CDI;07/12/2021;2417,054849
CDI;08/12/2021;2417,761989
CDI;09/12/2021;2418,469337
CDI;10/12/2021;2419,309737
CDI;13/12/2021;2420,150428
CDI;14/12/2021;2420,991413
CDI;15/12/2021;2421,832689
CDI;16/12/2021;2422,674258
CDI;17/12/2021;2423,516119
CDI;20/12/2021;2424,358272
CDI;21/12/2021;2425,200719
CDI;22/12/2021;2426,043458
CDI;23/12/2021;2426,88649
CDI;24/12/2021;2427,729814
CDI;27/12/2021;2428,573432
CDI;28/12/2021;2429,417343
CDI;29/12/2021;2430,261548
CDI;30/12/2021;2431,106045
CDI;31/12/2021;2431,950836
CDI;03/01/2022;2432,795921
CDI;04/01/2022;2433,641299
CDI;05/01/2022;2434,486971
CDI;06/01/2022;2435,332937
CDI;07/01/2022;2436,179197
CDI;10/01/2022;2437,025751
CDI;11/01/2022;2437,872599
CDI;12/01/2022;2438,719742
CDI;13/01/2022;2439,567179
CDI;14/01/2022;2440,41491
CDI;17/01/2022;2441,262936
CDI;18/01/2022;2442,111256
CDI;19/01/2022;2442,959872
CDI;20/01/2022;2443,808782
CDI;21/01/2022;2444,657987
CDI;24/01/2022;2445,507487
CDI;25/01/2022;2446,357283
CDI;26/01/2022;2447,207374
CDI;27/01/2022;2448,05776
CDI;28/01/2022;2448,908442
CDI;31/01/2022;2449,759419
CDI;01/02/2022;2450,610692
CDI;02/02/2022;2451,462261
CDI;03/02/2022;2452,314125
CDI;04/02/2022;2453,29916
CDI;07/02/2022;2454,28459
CDI;08/02/2022;2455,270415
CDI;09/02/2022;2456,256637
CDI;10/02/2022;2457,243255
CDI;11/02/2022;2458,230269
CDI;14/02/2022;2459,21768
CDI;15/02/2022;2460,205487
CDI;16/02/2022;2461,193691
CDI;17/02/2022;2462,182292
CDI;18/02/2022;2463,17129
CDI;21/02/2022;2464,160686
CDI;22/02/2022;2465,150479
CDI;23/02/2022;2466,140669
CDI;24/02/2022;2467,131257
CDI;25/02/2022;2468,122243
CDI;02/03/2022;2469,113627
CDI;03/03/2022;2470,105409
CDI;04/03/2022;2471,09759
CDI;07/03/2022;2472,090169
CDI;08/03/2022;2473,083147
CDI;09/03/2022;2474,076523
CDI;10/03/2022;2475,070299
CDI;11/03/2022;2476,064474
CDI;14/03/2022;2477,059048
CDI;15/03/2022;2478,054022
CDI;16/03/2022;2479,049395
CDI;17/03/2022;2480,045169
CDI;18/03/2022;2481,129922
CDI;21/03/2022;2482,215149
CDI;22/03/2022;2483,300851
CDI;23/03/2022;2484,387028
CDI;24/03/2022;2485,47368
CDI;25/03/2022;2486,560807
CDI;28/03/2022;2487,64841
CDI;29/03/2022;2488,736489
CDI;30/03/2022;2489,825043
CDI;31/03/2022;2490,914074
CDI;01/04/2022;2492,003581
CDI;04/04/2022;2493,093564
CDI;05/04/2022;2494,184025
CDI;06/04/2022;2495,274962
CDI;07/04/2022;2496,366376
CDI;08/04/2022;2497,458268
CDI;11/04/2022;2498,550637
CDI;12/04/2022;2499,643484
CDI;13/04/2022;2500,736809
CDI;14/04/2022;2501,830613
CDI;18/04/2022;2502,924895
CDI;19/04/2022;2504,019655
CDI;20/04/2022;2505,114894
CDI;22/04/2022;2506,210612
CDI;25/04/2022;2507,30681
CDI;26/04/2022;2508,403487
CDI;27/04/2022;2509,500644
CDI;28/04/2022;2510,59828
CDI;29/04/2022;2511,696397
CDI;02/05/2022;2512,794994
CDI;03/05/2022;2513,894071
CDI;04/05/2022;2514,99363
CDI;05/05/2022;2516,093669
CDI;06/05/2022;2517,283258
CDI;09/05/2022;2518,47341
CDI;10/05/2022;2519,664125
CDI;11/05/2022;2520,855402
CDI;12/05/2022;2522,047243
CDI;13/05/2022;2523,239647
CDI;16/05/2022;2524,432615
CDI;17/05/2022;2525,626148
CDI;18/05/2022;2526,820244
CDI;19/05/2022;2528,014905
CDI;20/05/2022;2529,210131
CDI;23/05/2022;2530,405921
CDI;24/05/2022;2531,602278
CDI;25/05/2022;2532,799199
CDI;26/05/2022;2533,996687
CDI;27/05/2022;2535,194741
CDI;30/05/2022;2536,393361
CDI;31/05/2022;2537,592548
CDI;01/06/2022;2538,792302
CDI;02/06/2022;2539,992624
CDI;03/06/2022;2541,193512
CDI;06/06/2022;2542,394969
CDI;07/06/2022;2543,596993
CDI;08/06/2022;2544,799586
CDI;09/06/2022;2546,002748
CDI;10/06/2022;2547,206478
CDI;13/06/2022;2548,410777
CDI;14/06/2022;2549,615646
CDI;15/06/2022;2550,821085
CDI;17/06/2022;2552,027093
CDI;20/06/2022;2553,278543
CDI;21/06/2022;2554,530607
CDI;22/06/2022;2555,783284
CDI;23/06/2022;2557,036576
CDI;24/06/2022;2558,290483
CDI;27/06/2022;2559,545004
CDI;28/06/2022;2560,800141
CDI;29/06/2022;2562,055893
CDI;30/06/2022;2563,312261
CDI;01/07/2022;2564,569245
CDI;04/07/2022;2565,826845
CDI;05/07/2022;2567,085062
CDI;06/07/2022;2568,343897
CDI;07/07/2022;2569,603348
CDI;08/07/2022;2570,863417
CDI;11/07/2022;2572,124104
CDI;12/07/2022;2573,385409
CDI;13/07/2022;2574,647332
CDI;14/07/2022;2575,909875
CDI;15/07/2022;2577,173036
CDI;18/07/2022;2578,436817
CDI;19/07/2022;2579,701218
CDI;20/07/2022;2580,966239
CDI;21/07/2022;2582,23188
CDI;22/07/2022;2583,498142
CDI;25/07/2022;2584,765024
CDI;26/07/2022;2586,032528
CDI;27/07/2022;2587,300654
CDI;28/07/2022;2588,569401
CDI;29/07/2022;2589,83877
CDI;01/08/2022;2591,108762
CDI;02/08/2022;2592,379377
CDI;03/08/2022;2593,650615
CDI;04/08/2022;2594,922476
CDI;05/08/2022;2596,240386
CDI;08/08/2022;2597,558966
CDI;09/08/2022;2598,878215
CDI;10/08/2022;2600,198134
CDI;11/08/2022;2601,518724
CDI;12/08/2022;2602,839984
CDI;15/08/2022;2604,161915
CDI;16/08/2022;2605,484518
CDI;17/08/2022;2606,807793
CDI;18/08/2022;2608,131739
CDI;19/08/2022;2609,456358
CDI;22/08/2022;2610,78165
CDI;23/08/2022;2612,107614
CDI;24/08/2022;2613,434253
CDI;25/08/2022;2614,761565
CDI;26/08/2022;2616,089551
CDI;29/08/2022;2617,418211
CDI;30/08/2022;2618,747547
CDI;31/08/2022;2620,077557
CDI;01/09/2022;2621,408243
CDI;02/09/2022;2622,739605
CDI;05/09/2022;2624,071643
CDI;06/09/2022;2625,404357
CDI;08/09/2022;2626,737749
CDI;09/09/2022;2628,071817
CDI;12/09/2022;2629,406563
CDI;13/09/2022;2630,741987
CDI;14/09/2022;2632,078089
CDI;15/09/2022;2633,41487
CDI;16/09/2022;2634,75233
CDI;19/09/2022;2636,090469
CDI;20/09/2022;2637,429288
CDI;21/09/2022;2638,768786
CDI;22/09/2022;2640,108965
CDI;23/09/2022;2641,449825
CDI;26/09/2022;2642,791365
CDI;27/09/2022;2644,133587
CDI;28/09/2022;2645,476491
CDI;29/09/2022;2646,820076
CDI;30/09/2022;2648,164344
CDI;03/10/2022;2649,509295
CDI;04/10/2022;2650,854929
CDI;05/10/2022;2652,201246
CDI;06/10/2022;2653,548247
CDI;07/10/2022;2654,895932
CDI;10/10/2022;2656,244301
CDI;11/10/2022;2657,593356
CDI;13/10/2022;2658,943095
CDI;14/10/2022;2660,29352
CDI;17/10/2022;2661,644631
CDI;18/10/2022;2662,996428
CDI;19/10/2022;2664,348912
CDI;20/10/2022;2665,702082
CDI;21/10/2022;2667,05594
CDI;24/10/2022;2668,410485
CDI;25/10/2022;2669,765719
CDI;26/10/2022;2671,12164
CDI;27/10/2022;2672,478251
CDI;28/10/2022;2673,83555
CDI;31/10/2022;2675,193538
CDI;01/11/2022;2676,552217
CDI;03/11/2022;2677,911585
CDI;04/11/2022;2679,271644
CDI;07/11/2022;2680,632393
CDI;08/11/2022;2681,993834
CDI;09/11/2022;2683,355966
CDI;10/11/2022;2684,71879
CDI;11/11/2022;2686,082306
CDI;14/11/2022;2687,446514
CDI;16/11/2022;2688,811415
CDI;17/11/2022;2690,17701
CDI;18/11/2022;2691,543298
CDI;21/11/2022;2692,91028
CDI;22/11/2022;2694,277956
CDI;23/11/2022;2695,646327
CDI;24/11/2022;2697,015393
CDI;25/11/2022;2698,385154
CDI;28/11/2022;2699,755611
CDI;29/11/2022;2701,126764
CDI;30/11/2022;2702,498613
CDI;01/12/2022;2703,871159
CDI;02/12/2022;2705,244402
CDI;05/12/2022;2706,618343
CDI;06/12/2022;2707,992981
CDI;07/12/2022;2709,368318
CDI;08/12/2022;2710,744353
CDI;09/12/2022;2712,121087
CDI;12/12/2022;2713,49852
CDI;13/12/2022;2714,876652
CDI;14/12/2022;2716,255485
CDI;15/12/2022;2717,635018
CDI;16/12/2022;2719,015251
CDI;19/12/2022;2720,396186
CDI;20/12/2022;2721,777822
CDI;21/12/2022;2723,160159
CDI;22/12/2022;2724,543199
CDI;23/12/2022;2725,926941
CDI;26/12/2022;2727,311386
CDI;27/12/2022;2728,696533
CDI;28/12/2022;2730,082385
CDI;29/12/2022;2731,46894
CDI;30/12/2022;2732,8562
CDI;02/01/2023;2734,244164
CDI;03/01/2023;2735,632833
CDI;04/01/2023;2737,022207
CDI;05/01/2023;2738,412287
CDI;06/01/2023;2739,803073
CDI;09/01/2023;2741,194565
CDI;10/01/2023;2742,586764
CDI;11/01/2023;2743,97967
CDI;12/01/2023;2745,373283
CDI;13/01/2023;2746,767604
CDI;16/01/2023;2748,162634
CDI;17/01/2023;2749,558371
CDI;18/01/2023;2750,954818
CDI;19/01/2023;2752,351974
CDI;20/01/2023;2753,74984
CDI;23/01/2023;2755,148415
CDI;24/01/2023;2756,547701
CDI;25/01/2023;2757,947698
CDI;26/01/2023;2759,348405
CDI;27/01/2023;2760,749824
CDI;30/01/2023;2762,151955
CDI;31/01/2023;2763,554797
CDI;01/02/2023;2764,958353
CDI;02/02/2023;2766,362621
CDI;03/02/2023;2767,767602
CDI;06/02/2023;2769,173297
CDI;07/02/2023;2770,579706
CDI;08/02/2023;2771,986829
CDI;09/02/2023;2773,394666
CDI;10/02/2023;2774,803219
CDI;13/02/2023;2776,212487
CDI;14/02/2023;2777,622471
CDI;15/02/2023;2779,033171
CDI;16/02/2023;2780,444587
CDI;17/02/2023;2781,856721
CDI;22/02/2023;2783,269571
CDI;23/02/2023;2784,683139
CDI;24/02/2023;2786,097425
CDI;27/02/2023;2787,512429
CDI;28/02/2023;2788,928152
CDI;01/03/2023;2790,344594
CDI;02/03/2023;2791,761755
CDI;03/03/2023;2793,179636
CDI;06/03/2023;2794,598237
CDI;07/03/2023;2796,017559
CDI;08/03/2023;2797,437601
CDI;09/03/2023;2798,858365
CDI;10/03/2023;2800,27985
CDI;13/03/2023;2801,702057
CDI;14/03/2023;2803,124987
CDI;15/03/2023;2804,548639
CDI;16/03/2023;2805,973014
CDI;17/03/2023;2807,398113
CDI;20/03/2023;2808,823935
CDI;21/03/2023;2810,250482
CDI;22/03/2023;2811,677753
CDI;23/03/2023;2813,105749
CDI;24/03/2023;2814,53447
CDI;27/03/2023;2815,963917
CDI;28/03/2023;2817,39409
CDI;29/03/2023;2818,824989
CDI;30/03/2023;2820,256615
CDI;31/03/2023;2821,688968
CDI;03/04/2023;2823,122048
CDI;04/04/2023;2824,555856
CDI;05/04/2023;2825,990393
CDI;06/04/2023;2827,425658
CDI;10/04/2023;2828,861652
CDI;11/04/2023;2830,298375
CDI;12/04/2023;2831,735828
CDI;13/04/2023;2833,174011
CDI;14/04/2023;2834,612925
CDI;17/04/2023;2836,052569
CDI;18/04/2023;2837,492944
CDI;19/04/2023;2838,934051
CDI;20/04/2023;2840,37589
CDI;24/04/2023;2841,818461
CDI;25/04/2023;2843,261765
CDI;26/04/2023;2844,705802
CDI;27/04/2023;2846,150572
CDI;28/04/2023;2847,596076
CDI;02/05/2023;2849,042314
CDI;03/05/2023;2850,489287
CDI;04/05/2023;2851,936995
CDI;05/05/2023;2853,385438
CDI;08/05/2023;2854,834616
CDI;09/05/2023;2856,28453
CDI;10/05/2023;2857,735181
CDI;11/05/2023;2859,186569
CDI;12/05/2023;2860,638694
CDI;15/05/2023;2862,091556
CDI;16/05/2023;2863,545156
CDI;17/05/2023;2864,999494
CDI;18/05/2023;2866,454571
CDI;19/05/2023;2867,910387
CDI;22/05/2023;2869,366943
CDI;23/05/2023;2870,824238
CDI;24/05/2023;2872,282273
CDI;25/05/2023;2873,741049
CDI;26/05/2023;2875,200566
CDI;29/05/2023;2876,660824
CDI;30/05/2023;2878,121823
CDI;31/05/2023;2879,583565
CDI;01/06/2023;2881,046049
CDI;02/06/2023;2882,509276
CDI;05/06/2023;2883,973245
CDI;06/06/2023;2885,437959
CDI;07/06/2023;2886,903416
CDI;09/06/2023;2888,369618
CDI;12/06/2023;2889,836564
CDI;13/06/2023;2891,304255
CDI;14/06/2023;2892,772692
CDI;15/06/2023;2894,241874
CDI;16/06/2023;2895,711803
CDI;19/06/2023;2897,182478
CDI;20/06/2023;2898,6539
CDI;21/06/2023;2900,12607
CDI;22/06/2023;2901,598987
CDI;23/06/2023;2903,072652
CDI;26/06/2023;2904,547066
CDI;27/06/2023;2906,022228
CDI;28/06/2023;2907,49814
CDI;29/06/2023;2908,974801
CDI;30/06/2023;2910,452212
CDI;03/07/2023;2911,930374
CDI;04/07/2023;2913,409286
CDI;05/07/2023;2914,888949
CDI;06/07/2023;2916,369364
CDI;07/07/2023;2917,850531
CDI;10/07/2023;2919,33245
CDI;11/07/2023;2920,815122
CDI;12/07/2023;2922,298546
CDI;13/07/2023;2923,782725
CDI;14/07/2023;2925,267656
CDI;17/07/2023;2926,753342
CDI;18/07/2023;2928,239783
CDI;19/07/2023;2929,726979
CDI;20/07/2023;2931,214929
CDI;21/07/2023;2932,703636
CDI;24/07/2023;2934,193099
CDI;25/07/2023;2935,683318
CDI;26/07/2023;2937,174294
CDI;27/07/2023;2938,666027
CDI;28/07/2023;2940,158518
CDI;31/07/2023;2941,651766
CDI;01/08/2023;2943,145774
CDI;02/08/2023;2944,64054
CDI;03/08/2023;2946,136065
CDI;04/08/2023;2947,580776
CDI;07/08/2023;2949,026195
CDI;08/08/2023;2950,472324
CDI;09/08/2023;2951,919161
CDI;10/08/2023;2953,366709
CDI;11/08/2023;2954,814965
CDI;14/08/2023;2956,263933
CDI;15/08/2023;2957,71361
CDI;16/08/2023;2959,163999
CDI;17/08/2023;2960,615098
CDI;18/08/2023;2962,06691
CDI;21/08/2023;2963,519433
CDI;22/08/2023;2964,972669
CDI;23/08/2023;2966,426617
CDI;24/08/2023;2967,881278
CDI;25/08/2023;2969,336652
CDI;28/08/2023;2970,792741
CDI;29/08/2023;2972,249543
CDI;30/08/2023;2973,707059
CDI;31/08/2023;2975,165291
CDI;01/09/2023;2976,624237
CDI;04/09/2023;2978,083899
CDI;05/09/2023;2979,544276
CDI;06/09/2023;2981,00537
CDI;08/09/2023;2982,46718
CDI;11/09/2023;2983,929707
CDI;12/09/2023;2985,392952
CDI;13/09/2023;2986,856913
CDI;14/09/2023;2988,321593
CDI;15/09/2023;2989,786991
CDI;18/09/2023;2991,253108
CDI;19/09/2023;2992,719943
CDI;20/09/2023;2994,187498
CDI;21/09/2023;2995,655772
CDI;22/09/2023;2997,072095
CDI;25/09/2023;2998,489087
CDI;26/09/2023;2999,906749
CDI;27/09/2023;3001,325082
CDI;28/09/2023;3002,744085
CDI;29/09/2023;3004,163759
CDI;02/10/2023;3005,584104
CDI;03/10/2023;3007,005121
CDI;04/10/2023;3008,42681
CDI;05/10/2023;3009,84917
CDI;06/10/2023;3011,272204
CDI;09/10/2023;3012,69591
CDI;10/10/2023;3014,120289
CDI;11/10/2023;3015,545342
CDI;13/10/2023;3016,971068
CDI;16/10/2023;3018,397468
CDI;17/10/2023;3019,824543
CDI;18/10/2023;3021,252293
CDI;19/10/2023;3022,680717
CDI;20/10/2023;3024,109817
CDI;23/10/2023;3025,539593
CDI;24/10/2023;3026,970044
CDI;25/10/2023;3028,401172
CDI;26/10/2023;3029,832977
CDI;27/10/2023;3031,265458
CDI;30/10/2023;3032,698617
CDI;31/10/2023;3034,132453
CDI;01/11/2023;3035,566967
CDI;03/11/2023;3037,00216
CDI;06/11/2023;3038,384395
CDI;07/11/2023;3039,76726
CDI;08/11/2023;3041,150754
CDI;09/11/2023;3042,534878
CDI;10/11/2023;3043,919632
CDI;13/11/2023;3045,305016
CDI;14/11/2023;3046,691031
CDI;16/11/2023;3048,077676
CDI;17/11/2023;3049,464953
CDI;20/11/2023;3050,85286
CDI;21/11/2023;3052,2414
CDI;22/11/2023;3053,630572
CDI;23/11/2023;3055,020375
CDI;24/11/2023;3056,410812
CDI;27/11/2023;3057,801881
CDI;28/11/2023;3059,193583
CDI;29/11/2023;3060,585919
CDI;30/11/2023;3061,978888
CDI;01/12/2023;3063,372492
CDI;04/12/2023;3064,766729
CDI;05/12/2023;3066,161602
CDI;06/12/2023;3067,557109
CDI;07/12/2023;3068,953251
CDI;08/12/2023;3070,350029
CDI;11/12/2023;3071,747442
CDI;12/12/2023;3073,145491
CDI;13/12/2023;3074,544177
CDI;14/12/2023;3075,943499
CDI;15/12/2023;3077,288894
CDI;18/12/2023;3078,634877
CDI;19/12/2023;3079,981448
CDI;20/12/2023;3081,328609
CDI;21/12/2023;3082,676358
CDI;22/12/2023;3084,024698
CDI;26/12/2023;3085,373627
CDI;27/12/2023;3086,723146
CDI;28/12/2023;3088,073255
CDI;29/12/2023;3089,423955
CDI;02/01/2024;3090,775246
CDI;03/01/2024;3092,127127
CDI;04/01/2024;3093,4796
CDI;05/01/2024;3094,832665
CDI;08/01/2024;3096,186321
CDI;09/01/2024;3097,54057
CDI;10/01/2024;3098,89541
CDI;11/01/2024;3100,250844
CDI;12/01/2024;3101,60687
CDI;15/01/2024;3102,963489
CDI;16/01/2024;3104,320702
CDI;17/01/2024;3105,678508
CDI;18/01/2024;3107,036909
CDI;19/01/2024;3108,395903
CDI;22/01/2024;3109,755492
CDI;23/01/2024;3111,115675
CDI;24/01/2024;3112,476454
CDI;25/01/2024;3113,837827
CDI;26/01/2024;3115,199796
CDI;29/01/2024;3116,562361
CDI;30/01/2024;3117,925522
CDI;31/01/2024;3119,289279
CDI;01/02/2024;3120,653633
CDI;02/02/2024;3121,962977
CDI;05/02/2024;3123,272872
CDI;06/02/2024;3124,583316
CDI;07/02/2024;3125,894309
CDI;08/02/2024;3127,205853
CDI;09/02/2024;3128,517947
CDI;14/02/2024;3129,830592
CDI;15/02/2024;3131,143787
CDI;16/02/2024;3132,457533
CDI;19/02/2024;3133,771831
CDI;20/02/2024;3135,08668
CDI;21/02/2024;3136,40208
CDI;22/02/2024;3137,718033
CDI;23/02/2024;3139,034538
CDI;26/02/2024;3140,351595
CDI;27/02/2024;3141,669204
CDI;28/02/2024;3142,987367
CDI;29/02/2024;3144,306082
CDI;01/03/2024;3145,625351
CDI;04/03/2024;3146,945173
CDI;05/03/2024;3148,26555
CDI;06/03/2024;3149,58648
CDI;07/03/2024;3150,907964
CDI;08/03/2024;3152,230003
CDI;11/03/2024;3153,552596
CDI;12/03/2024;3154,875745
CDI;13/03/2024;3156,199449
CDI;14/03/2024;3157,523708
CDI;15/03/2024;3158,848522
CDI;18/03/2024;3160,173893
CDI;19/03/2024;3161,499819
CDI;20/03/2024;3162,826302
CDI;21/03/2024;3164,153342
CDI;22/03/2024;3165,424304
CDI;25/03/2024;3166,695777
CDI;26/03/2024;3167,967761
CDI;27/03/2024;3169,240256
CDI;28/03/2024;3170,513262
CDI;01/04/2024;3171,786779
CDI;02/04/2024;3173,060808
CDI;03/04/2024;3174,335348
CDI;04/04/2024;3175,610401
CDI;05/04/2024;3176,885965
CDI;08/04/2024;3178,162042
CDI;09/04/2024;3179,438632
CDI;10/04/2024;3180,715734
CDI;11/04/2024;3181,99335
CDI;12/04/2024;3183,271478
CDI;15/04/2024;3184,55012
CDI;16/04/2024;3185,829275
CDI;17/04/2024;3187,108945
CDI;18/04/2024;3188,389128
CDI;19/04/2024;3189,669825
CDI;22/04/2024;3190,951037
CDI;23/04/2024;3192,232764
CDI;24/04/2024;3193,515005
CDI;25/04/2024;3194,797762
CDI;26/04/2024;3196,081034
CDI;29/04/2024;3197,364821
CDI;30/04/2024;3198,649124
CDI;02/05/2024;3199,933942
CDI;03/05/2024;3201,219277
CDI;06/05/2024;3202,505128
CDI;07/05/2024;3203,791496
CDI;08/05/2024;3205,07838
CDI;09/05/2024;3206,365781
CDI;10/05/2024;3207,624908
CDI;13/05/2024;3208,884529
CDI;14/05/2024;3210,144645
CDI;15/05/2024;3211,405256
CDI;16/05/2024;3212,666362
CDI;17/05/2024;3213,927963
CDI;20/05/2024;3215,190059
CDI;21/05/2024;3216,452651
CDI;22/05/2024;3217,715739
CDI;23/05/2024;3218,979323
CDI;24/05/2024;3220,243403
CDI;27/05/2024;3221,507979
CDI;28/05/2024;3222,773052
CDI;29/05/2024;3224,038622
CDI;31/05/2024;3225,304689
CDI;03/06/2024;3226,571253
CDI;04/06/2024;3227,838314
CDI;05/06/2024;3229,105873
CDI;06/06/2024;3230,37393
CDI;07/06/2024;3231,642485
CDI;10/06/2024;3232,911538
CDI;11/06/2024;3234,181089
CDI;12/06/2024;3235,451139
CDI;13/06/2024;3236,721687
CDI;14/06/2024;3237,992734
CDI;17/06/2024;3239,264281
CDI;18/06/2024;3240,536327
CDI;19/06/2024;3241,808872
CDI;20/06/2024;3243,081917
CDI;21/06/2024;3244,355462
CDI;24/06/2024;3245,629508
CDI;25/06/2024;3246,904053
CDI;26/06/2024;3248,179099
CDI;27/06/2024;3249,454646
CDI;28/06/2024;3250,730693
CDI;01/07/2024;3252,007242
CDI;02/07/2024;3253,284292
CDI;03/07/2024;3254,561844
CDI;04/07/2024;3255,839897
CDI;05/07/2024;3257,118452
CDI;08/07/2024;3258,397509
CDI;09/07/2024;3259,677068
CDI;10/07/2024;3260,95713
CDI;11/07/2024;3262,237695
CDI;12/07/2024;3263,518762
CDI;15/07/2024;3264,800333
CDI;16/07/2024;3266,082407
CDI;17/07/2024;3267,364984
CDI;18/07/2024;3268,648065
CDI;19/07/2024;3269,93165
CDI;22/07/2024;3271,215738
CDI;23/07/2024;3272,500332
CDI;24/07/2024;3273,785429
CDI;25/07/2024;3275,071031
CDI;26/07/2024;3276,357138
CDI;29/07/2024;3277,64375
CDI;30/07/2024;3278,930868
CDI;31/07/2024;3280,218491
CDI;01/08/2024;3281,506619
CDI;02/08/2024;3282,795253
CDI;05/08/2024;3284,084394
CDI;06/08/2024;3285,37404
CDI;07/08/2024;3286,664193
CDI;08/08/2024;3287,954853
CDI;09/08/2024;3289,246019
CDI;12/08/2024;3290,537693
CDI;13/08/2024;3291,829874
CDI;14/08/2024;3293,122562
CDI;15/08/2024;3294,415758
CDI;16/08/2024;3295,709461
CDI;19/08/2024;3297,003673
CDI;20/08/2024;3298,298393
CDI;21/08/2024;3299,593621
CDI;22/08/2024;3300,889358
CDI;23/08/2024;3302,185604
CDI;26/08/2024;3303,482359
CDI;27/08/2024;3304,779623
CDI;28/08/2024;3306,077396
CDI;29/08/2024;3307,375679
CDI;30/08/2024;3308,674472
CDI;02/09/2024;3309,973775
CDI;03/09/2024;3311,273589
CDI;04/09/2024;3312,573912
CDI;05/09/2024;3313,874746
CDI;06/09/2024;3315,176092
CDI;09/09/2024;3316,477948
CDI;10/09/2024;3317,780315
CDI;11/09/2024;3319,083194
CDI;12/09/2024;3320,386584
CDI;13/09/2024;3321,690487
CDI;16/09/2024;3322,994901
CDI;17/09/2024;3324,299827
CDI;18/09/2024;3325,605266
CDI;19/09/2024;3326,911218
CDI;20/09/2024;3328,247557
CDI;23/09/2024;3329,584432
CDI;24/09/2024;3330,921844
CDI;25/09/2024;3332,259793
CDI;26/09/2024;3333,59828
CDI;27/09/2024;3334,937305
CDI;30/09/2024;3336,276867
CDI;01/10/2024;3337,616967
CDI;02/10/2024;3338,957606
CDI;03/10/2024;3340,298783
CDI;04/10/2024;3341,640499
CDI;07/10/2024;3342,982754
CDI;08/10/2024;3344,325548
CDI;09/10/2024;3345,668881
CDI;10/10/2024;3347,012754
CDI;11/10/2024;3348,357167
CDI;14/10/2024;3349,70212
CDI;15/10/2024;3351,047613
CDI;16/10/2024;3352,393646
CDI;17/10/2024;3353,74022
CDI;18/10/2024;3355,087335
CDI;21/10/2024;3356,434991
CDI;22/10/2024;3357,783189
CDI;23/10/2024;3359,131928
CDI;24/10/2024;3360,481208
CDI;25/10/2024;3361,831031
CDI;28/10/2024;3363,181396
CDI;29/10/2024;3364,532303
CDI;30/10/2024;3365,883753
CDI;31/10/2024;3367,235746
CDI;01/11/2024;3368,588282
CDI;04/11/2024;3369,941361
CDI;05/11/2024;3371,294983
CDI;06/11/2024;3372,64915
CDI;07/11/2024;3374,00386
CDI;08/11/2024;3375,419504
CDI;11/11/2024;3376,835742
CDI;12/11/2024;3378,252574
CDI;13/11/2024;3379,670001
CDI;14/11/2024;3381,088022
CDI;18/11/2024;3382,506639
CDI;19/11/2024;3383,92585
CDI;21/11/2024;3385,345657
CDI;22/11/2024;3386,76606
CDI;25/11/2024;3388,187059
CDI;26/11/2024;3389,608654
CDI;27/11/2024;3391,030845
CDI;28/11/2024;3392,453633
CDI;29/11/2024;3393,877018
CDI;02/12/2024;3395,301001
CDI;03/12/2024;3396,725581
CDI;04/12/2024;3398,150758
CDI;05/12/2024;3399,576534
CDI;06/12/2024;3401,002907
CDI;09/12/2024;3402,429879
CDI;10/12/2024;3403,85745
CDI;11/12/2024;3405,28562
CDI;12/12/2024;3406,714389
CDI;13/12/2024;3408,264893
CDI;16/12/2024;3409,816102
CDI;17/12/2024;3411,368017
CDI;18/12/2024;3412,920638
CDI;19/12/2024;3414,473966
CDI;20/12/2024;3416,028001
CDI;23/12/2024;3417,582744
CDI;24/12/2024;3419,138194
CDI;26/12/2024;3420,694352
CDI;27/12/2024;3422,251218
CDI;30/12/2024;3423,808792
CDI;31/12/2024;3425,367076
CDI;02/01/2025;3426,926069
CDI;03/01/2025;3428,485771
CDI;06/01/2025;3430,046184
CDI;07/01/2025;3431,607306
CDI;08/01/2025;3433,169139
CDI;09/01/2025;3434,731683
CDI;10/01/2025;3436,294938
CDI;13/01/2025;3437,858904
CDI;14/01/2025;3439,423583
CDI;15/01/2025;3440,988973
CDI;16/01/2025;3442,555076
CDI;17/01/2025;3444,121891
CDI;20/01/2025;3445,68942
CDI;21/01/2025;3447,257662
CDI;22/01/2025;3448,826618
CDI;23/01/2025;3450,396288
CDI;24/01/2025;3451,966673
CDI;27/01/2025;3453,537772
CDI;28/01/2025;3455,109586
CDI;29/01/2025;3456,682116
CDI;30/01/2025;3458,255361
CDI;31/01/2025;3459,951203
CDI;03/02/2025;3461,647876
CDI;04/02/2025;3463,345381
CDI;05/02/2025;3465,043719
CDI;06/02/2025;3466,742889
CDI;07/02/2025;3468,442893
CDI;10/02/2025;3470,14373
CDI;11/02/2025;3471,845402
CDI;12/02/2025;3473,547908
CDI;13/02/2025;3475,251248
CDI;14/02/2025;3476,955424
CDI;17/02/2025;3478,660436
CDI;18/02/2025;3480,366284
CDI;19/02/2025;3482,072968
CDI;20/02/2025;3483,780489
CDI;21/02/2025;3485,488848
CDI;24/02/2025;3487,198044
CDI;25/02/2025;3488,908078
CDI;26/02/2025;3490,618951
CDI;27/02/2025;3492,330663
CDI;28/02/2025;3494,043215
CDI;05/03/2025;3495,756606
CDI;06/03/2025;3497,470837
CDI;07/03/2025;3499,185909
CDI;10/03/2025;3500,901822
CDI;11/03/2025;3502,618576
CDI;12/03/2025;3504,336173
CDI;13/03/2025;3506,054611
CDI;14/03/2025;3507,773892
CDI;17/03/2025;3509,494016
CDI;18/03/2025;3511,214984
CDI;19/03/2025;3512,936796
CDI;20/03/2025;3514,659452
CDI;21/03/2025;3516,505735
CDI;24/03/2025;3518,352988
CDI;25/03/2025;3520,201212
CDI;26/03/2025;3522,050406
CDI;27/03/2025;3523,900572
CDI;28/03/2025;3525,75171
CDI;31/03/2025;3527,60382
CDI;01/04/2025;3529,456903
CDI;02/04/2025;3531,31096
CDI;03/04/2025;3533,16599
CDI;04/04/2025;3535,021995
CDI;07/04/2025;3536,878975
CDI;08/04/2025;3538,736931
CDI;09/04/2025;3540,595862
CDI;10/04/2025;3542,45577
CDI;11/04/2025;3544,316655
CDI;14/04/2025;3546,178518
CDI;15/04/2025;3548,041358
CDI;16/04/2025;3549,905177
CDI;17/04/2025;3551,769976
CDI;22/04/2025;3553,635753
CDI;23/04/2025;3555,502511
CDI;24/04/2025;3557,37025
CDI;25/04/2025;3559,23897
CDI;28/04/2025;3561,108671
CDI;29/04/2025;3562,979354
CDI;30/04/2025;3564,851021
CDI;02/05/2025;3566,72367
CDI;05/05/2025;3568,597303
CDI;06/05/2025;3570,47192
CDI;07/05/2025;3572,347523
CDI;08/05/2025;3574,22411
CDI;09/05/2025;3576,163707
CDI;12/05/2025;3578,104356
CDI;13/05/2025;3580,046059
CDI;14/05/2025;3581,988815
CDI;15/05/2025;3583,932626
CDI;16/05/2025;3585,877491
CDI;19/05/2025;3587,823412
CDI;20/05/2025;3589,770388
CDI;21/05/2025;3591,718422
CDI;22/05/2025;3593,667512
CDI;23/05/2025;3595,61766
CDI;26/05/2025;3597,568867
CDI;27/05/2025;3599,521132
CDI;28/05/2025;3601,474456
CDI;29/05/2025;3603,428841
CDI;30/05/2025;3605,384286
CDI;02/06/2025;3607,340793
CDI;03/06/2025;3609,298361
CDI;04/06/2025;3611,256991
CDI;05/06/2025;3613,216684
CDI;06/06/2025;3615,177441
CDI;09/06/2025;3617,139262
CDI;10/06/2025;3619,102147
CDI;11/06/2025;3621,066097
CDI;12/06/2025;3623,031114
CDI;13/06/2025;3624,997196
CDI;16/06/2025;3626,964346
CDI;17/06/2025;3628,932563
CDI;18/06/2025;3630,901848
CDI;20/06/2025;3632,872202
CDI;23/06/2025;3634,875043
CDI;24/06/2025;3636,878988
CDI;25/06/2025;3638,884038
CDI;26/06/2025;3640,890194
CDI;27/06/2025;3642,897455
CDI;30/06/2025;3644,905823
CDI;01/07/2025;3646,915299
CDI;02/07/2025;3648,925882
CDI;03/07/2025;3650,937574
CDI;04/07/2025;3652,950374
CDI;07/07/2025;3654,964285
CDI;08/07/2025;3656,979306
CDI;09/07/2025;3658,995437
CDI;10/07/2025;3661,01268
CDI;11/07/2025;3663,031036
CDI;14/07/2025;3665,050503
CDI;15/07/2025;3667,071085
CDI;16/07/2025;3669,09278
CDI;17/07/2025;3671,11559
CDI;18/07/2025;3673,139515
CDI;21/07/2025;3675,164556
CDI;22/07/2025;3677,190713
CDI;23/07/2025;3679,217988
CDI;24/07/2025;3681,24638
CDI;25/07/2025;3683,27589
CDI;28/07/2025;3685,306519
CDI;29/07/2025;3687,338268
CDI;30/07/2025;3689,371137
CDI;31/07/2025;3691,405126
CDI;01/08/2025;3693,440237
CDI;04/08/2025;3695,47647
CDI;05/08/2025;3697,513826
CDI;06/08/2025;3699,552304
CDI;07/08/2025;3701,591907
CDI;08/08/2025;3703,632634
CDI;11/08/2025;3705,674486
CDI;12/08/2025;3707,717464
CDI;13/08/2025;3709,761568
CDI;14/08/2025;3711,806799
CDI;15/08/2025;3713,853158
CDI;18/08/2025;3715,900644
CDI;19/08/2025;3717,94926
CDI;20/08/2025;3719,999005
CDI;21/08/2025;3722,04988
CDI;22/08/2025;3724,101886
CDI;25/08/2025;3726,155023
CDI;26/08/2025;3728,209292
CDI;27/08/2025;3730,264693
CDI;28/08/2025;3732,321228
CDI;29/08/2025;3734,378896
CDI;01/09/2025;3736,437699
CDI;02/09/2025;3738,497637
CDI;03/09/2025;3740,55871
CDI;04/09/2025;3742,62092
CDI;05/09/2025;3744,684267
CDI;08/09/2025;3746,748751
CDI;09/09/2025;3748,814374
CDI;10/09/2025;3750,881135
CDI;11/09/2025;3752,949035
CDI;12/09/2025;3755,018076
CDI;15/09/2025;3757,088258
CDI;16/09/2025;3759,15958
CDI;17/09/2025;3761,232045
CDI;18/09/2025;3763,305652
CDI;19/09/2025;3765,380403
CDI;22/09/2025;3767,456297
CDI;23/09/2025;3769,533336
CDI;24/09/2025;3771,61152
CDI;25/09/2025;3773,690849
CDI;26/09/2025;3775,771325
CDI;29/09/2025;3777,852948
CDI;30/09/2025;3779,935719
CDI;01/10/2025;3782,019637
CDI;02/10/2025;3784,104705
CDI;03/10/2025;3786,190922
CDI;06/10/2025;3788,27829
CDI;07/10/2025;3790,366808
CDI;08/10/2025;3792,456477
CDI;09/10/2025;3794,547299
CDI;10/10/2025;3796,639273
CDI;13/10/2025;3798,732401
CDI;14/10/2025;3800,826682
CDI;15/10/2025;3802,922119
CDI;16/10/2025;3805,01871
CDI;17/10/2025;3807,116457
CDI;20/10/2025;3809,215361
CDI;21/10/2025;3811,315422
CDI;22/10/2025;3813,416641
CDI;23/10/2025;3815,519018
CDI;24/10/2025;3817,622554
CDI;27/10/2025;3819,72725
CDI;28/10/2025;3821,833107
CDI;29/10/2025;3823,940124
CDI;30/10/2025;3826,048303
CDI;31/10/2025;3828,157644
CDI;03/11/2025;3830,268148
CDI;04/11/2025;3832,379815
CDI;05/11/2025;3834,492647
CDI;06/11/2025;3836,606644
CDI;07/11/2025;3838,721806
CDI;10/11/2025;3840,838134
CDI;11/11/2025;3842,955629
CDI;12/11/2025;3845,074291
CDI;13/11/2025;3847,194122
CDI;14/11/2025;3849,315121
CDI;17/11/2025;3851,437289
CDI;18/11/2025;3853,560628
CDI;19/11/2025;3855,685137
CDI;21/11/2025;3857,810817
CDI;24/11/2025;3859,937669
CDI;25/11/2025;3862,065694
CDI;26/11/2025;3864,194892
CDI;27/11/2025;3866,325263
CDI;28/11/2025;3868,45681
CDI;01/12/2025;3870,589531
CDI;02/12/2025;3872,723428
CDI;03/12/2025;3874,858502
CDI;04/12/2025;3876,994753
CDI;05/12/2025;3879,132181
CDI;08/12/2025;3881,270788
CDI;09/12/2025;3883,410574
CDI;10/12/2025;3885,551539
CDI;11/12/2025;3887,693685
CDI;12/12/2025;3889,837012
CDI;15/12/2025;3891,981521
CDI;16/12/2025;3894,127212
CDI;17/12/2025;3896,274085
CDI;18/12/2025;3898,422143
CDI;19/12/2025;3900,571384
CDI;22/12/2025;3902,721811
CDI;23/12/2025;3904,873423
CDI;24/12/2025;3907,026221
CDI;26/12/2025;3909,180206
CDI;29/12/2025;3911,335379
CDI;30/12/2025;3913,49174
CDI;31/12/2025;3915,649289
CDI;02/01/2026;3917,808028
CDI;05/01/2026;3919,967958
CDI;06/01/2026;3922,129078
CDI;07/01/2026;3924,291389
CDI;08/01/2026;3926,454893
CDI;09/01/2026;3928,619589
CDI;12/01/2026;3930,785479
CDI;13/01/2026;3932,952563
CDI;14/01/2026;3935,120841
CDI;15/01/2026;3937,290315
CDI;16/01/2026;3939,460986
CDI;19/01/2026;3941,632852
CDI;20/01/2026;3943,805916
CDI;21/01/2026;3945,980179
CDI;22/01/2026;3948,155639
CDI;23/01/2026;3950,3323
CDI;26/01/2026;3952,51016
CDI;27/01/2026;3954,689221
CDI;28/01/2026;3956,869483
CDI;29/01/2026;3959,050947
CDI;30/01/2026;3961,233614
CDI;02/02/2026;3963,417484
CDI;03/02/2026;3965,602559
CDI;04/02/2026;3967,788838
CDI;05/02/2026;3969,976322
CDI;06/02/2026;3972,165012
CDI;09/02/2026;3974,354909
CDI;10/02/2026;3976,546013
CDI;11/02/2026;3978,738325
CDI;12/02/2026;3980,931846
CDI;13/02/2026;3983,126576
CDI;18/02/2026;3985,322516
CDI;19/02/2026;3987,519667
CDI;20/02/2026;3989,718029
CDI;23/02/2026;3991,917603
CDI;24/02/2026;3994,118389
CDI;25/02/2026;3996,320389
CDI;26/02/2026;3998,523603
CDI;27/02/2026;4000,728032
CDI;02/03/2026;4002,933676
CDI;03/03/2026;4005,140536
CDI;04/03/2026;4007,348613
CDI;05/03/2026;4009,557906
CDI;06/03/2026;4011,768418
CDI;09/03/2026;4013,980149
CDI;10/03/2026;4016,193099
CDI;11/03/2026;4018,407269
CDI;12/03/2026;4020,62266
CDI;13/03/2026;4022,839272
CDI;16/03/2026;4025,057106
CDI;17/03/2026;4027,276163
CDI;18/03/2026;4029,496443
CDI;19/03/2026;4031,717947
CDI;20/03/2026;4033,905809
CDI;23/03/2026;4036,094858
CDI;24/03/2026;4038,285094
CDI;25/03/2026;4040,47652
CDI;26/03/2026;4042,669134
CDI;27/03/2026;4044,862938
CDI;30/03/2026;4047,057933
CDI;31/03/2026;4049,254119
CDI;01/04/2026;4051,451497
CDI;02/04/2026;4053,650067
CDI;06/04/2026;4055,849831
CDI;07/04/2026;4058,050788
CDI;08/04/2026;4060,252939
CDI;09/04/2026;4062,456286
CDI;10/04/2026;4064,660828
CDI;13/04/2026;4066,866566
CDI;14/04/2026;4069,073502
CDI;15/04/2026;4071,281635
CDI;16/04/2026;4073,490966
CDI;17/04/2026;4075,701496
CDI;20/04/2026;4077,913226
CDI;22/04/2026;4080,126156
CDI;23/04/2026;4082,340287
CDI;24/04/2026;4084,555619
CDI;27/04/2026;4086,772154
CDI;28/04/2026;4088,989891
CDI;29/04/2026;4091,208832
CDI;30/04/2026;4093,428977
CDI;04/05/2026;4095,614849
CDI;05/05/2026;4097,801888
CDI;06/05/2026;4099,990095
CDI;07/05/2026;4102,17947
CDI;08/05/2026;4104,370015
CDI;11/05/2026;4106,561729
CDI;12/05/2026;4108,754613
CDI;13/05/2026;4110,948669
CDI;14/05/2026;4113,143896
CDI;15/05/2026;4115,340295
CDI;18/05/2026;4117,537868
CDI;19/05/2026;4119,736613
CDI;20/05/2026;4121,936533
CDI;21/05/2026;4124,137628
CDI;22/05/2026;4126,339898
CDI;25/05/2026;4128,543344
CDI;26/05/2026;4130,747967
CDI;27/05/2026;4132,953766
CDI;28/05/2026;4135,160744
CDI;29/05/2026;4137,368901
CDI;01/06/2026;4139,578236
CDI;02/06/2026;4141,788751
CDI;03/06/2026;4144,000447
CDI;05/06/2026;4146,213323
CDI;08/06/2026;4148,427382
CDI;09/06/2026;4150,642622
CDI;10/06/2026;4152,859046
CDI;11/06/2026;4155,076653
CDI;12/06/2026;4157,295444
CDI;15/06/2026;4159,515421
CDI;16/06/2026;4161,736582
CDI;17/06/2026;4163,95893
CDI;18/06/2026;4166,182464
CDI;19/06/2026;4168,370999
CDI;22/06/2026;4170,560683
CDI;23/06/2026;4172,751517
CDI;24/06/2026;4174,943502
CDI;25/06/2026;4177,136639
CDI;26/06/2026;4179,330928
CDI;29/06/2026;4181,526369
CDI;30/06/2026;4183,722964
IDA LIQ-DI;02/01/2018;1000
IDA LIQ-DI;03/01/2018;1000,267192
IDA LIQ-DI;04/01/2018;1000,570937
IDA LIQ-DI;05/01/2018;1000,89446
IDA LIQ-DI;08/01/2018;1001,105684
IDA LIQ-DI;09/01/2018;1001,463997
IDA LIQ-DI;10/01/2018;1001,811565
IDA LIQ-DI;11/01/2018;1002,152469
IDA LIQ-DI;12/01/2018;1002,462562
IDA LIQ-DI;15/01/2018;1002,787495
IDA LIQ-DI;16/01/2018;1003,110055
IDA LIQ-DI;17/01/2018;1003,478614
IDA LIQ-DI;18/01/2018;1003,818427
IDA LIQ-DI;19/01/2018;1004,102958
IDA LIQ-DI;22/01/2018;1004,385008
IDA LIQ-DI;23/01/2018;1004,701864
IDA LIQ-DI;24/01/2018;1004,962732
IDA LIQ-DI;25/01/2018;1005,251901
IDA LIQ-DI;26/01/2018;1005,534144
IDA LIQ-DI;29/01/2018;1005,840003
IDA LIQ-DI;30/01/2018;1006,104775
IDA LIQ-DI;31/01/2018;1006,346373
IDA LIQ-DI;01/02/2018;1006,707247
IDA LIQ-DI;02/02/2018;1007,079377
IDA LIQ-DI;05/02/2018;1007,426307
IDA LIQ-DI;06/02/2018;1007,718204
IDA LIQ-DI;07/02/2018;1008,043256
IDA LIQ-DI;08/02/2018;1008,318105
IDA LIQ-DI;09/02/2018;1008,640908
IDA LIQ-DI;14/02/2018;1008,810705
IDA LIQ-DI;15/02/2018;1009,123717
IDA LIQ-DI;16/02/2018;1009,405939
IDA LIQ-DI;19/02/2018;1009,761506
IDA LIQ-DI;20/02/2018;1010,025969
IDA LIQ-DI;21/02/2018;1010,299994
IDA LIQ-DI;22/02/2018;1010,67655
IDA LIQ-DI;23/02/2018;1010,951096
IDA LIQ-DI;26/02/2018;1011,213246
IDA LIQ-DI;27/02/2018;1011,486122
IDA LIQ-DI;28/02/2018;1011,76587
IDA LIQ-DI;01/03/2018;1012,081447
IDA LIQ-DI;02/03/2018;1012,34494
IDA LIQ-DI;05/03/2018;1012,605299
IDA LIQ-DI;06/03/2018;1012,901563
IDA LIQ-DI;07/03/2018;1013,237894
IDA LIQ-DI;08/03/2018;1013,636119
IDA LIQ-DI;09/03/2018;1013,858013
IDA LIQ-DI;12/03/2018;1014,090275
IDA LIQ-DI;13/03/2018;1014,391837
IDA LIQ-DI;14/03/2018;1014,708218
IDA LIQ-DI;15/03/2018;1015,106757
IDA LIQ-DI;16/03/2018;1015,464273
IDA LIQ-DI;19/03/2018;1015,881452
IDA LIQ-DI;20/03/2018;1016,221134
IDA LIQ-DI;21/03/2018;1016,560343
IDA LIQ-DI;22/03/2018;1016,794498
IDA LIQ-DI;23/03/2018;1017,091479
IDA LIQ-DI;26/03/2018;1017,356057
IDA LIQ-DI;27/03/2018;1017,669185
IDA LIQ-DI;28/03/2018;1017,960939
IDA LIQ-DI;29/03/2018;1018,196437
IDA LIQ-DI;02/04/2018;1018,490678
IDA LIQ-DI;03/04/2018;1018,784474
IDA LIQ-DI;04/04/2018;1019,113237
IDA LIQ-DI;05/04/2018;1019,436452
IDA LIQ-DI;06/04/2018;1019,676898
IDA LIQ-DI;09/04/2018;1019,925787
IDA LIQ-DI;10/04/2018;1020,197072
IDA LIQ-DI;11/04/2018;1020,467404
IDA LIQ-DI;12/04/2018;1020,727321
IDA LIQ-DI;13/04/2018;1021,017415
IDA LIQ-DI;16/04/2018;1021,346837
IDA LIQ-DI;17/04/2018;1021,633396
IDA LIQ-DI;18/04/2018;1021,873313
IDA LIQ-DI;19/04/2018;1022,209946
IDA LIQ-DI;20/04/2018;1022,508022
IDA LIQ-DI;23/04/2018;1022,88502
IDA LIQ-DI;24/04/2018;1023,223264
IDA LIQ-DI;25/04/2018;1023,616105
IDA LIQ-DI;26/04/2018;1023,896395
IDA LIQ-DI;27/04/2018;1024,185697
IDA LIQ-DI;30/04/2018;1024,545076
IDA LIQ-DI;02/05/2018;1024,897739
IDA LIQ-DI;03/05/2018;1025,223137
IDA LIQ-DI;04/05/2018;1025,452437
IDA LIQ-DI;07/05/2018;1025,774235
IDA LIQ-DI;08/05/2018;1026,033634
IDA LIQ-DI;09/05/2018;1026,377763
IDA LIQ-DI;10/05/2018;1026,591062
IDA LIQ-DI;11/05/2018;1026,925905
IDA LIQ-DI;14/05/2018;1027,28414
IDA LIQ-DI;15/05/2018;1027,577391
IDA LIQ-DI;16/05/2018;1027,884644
IDA LIQ-DI;17/05/2018;1028,261162
IDA LIQ-DI;18/05/2018;1028,616826
IDA LIQ-DI;21/05/2018;1028,842209
IDA LIQ-DI;22/05/2018;1029,091905
IDA LIQ-DI;23/05/2018;1029,40385
IDA LIQ-DI;24/05/2018;1029,720324
IDA LIQ-DI;25/05/2018;1030,019698
IDA LIQ-DI;28/05/2018;1030,317079
IDA LIQ-DI;29/05/2018;1030,60055
IDA LIQ-DI;30/05/2018;1030,877402
IDA LIQ-DI;01/06/2018;1031,080189
IDA LIQ-DI;04/06/2018;1031,38763
IDA LIQ-DI;05/06/2018;1031,687031
IDA LIQ-DI;06/06/2018;1031,943477
IDA LIQ-DI;07/06/2018;1032,478226
IDA LIQ-DI;08/06/2018;1032,694106
IDA LIQ-DI;11/06/2018;1033,010226
IDA LIQ-DI;12/06/2018;1033,31997
IDA LIQ-DI;13/06/2018;1033,665498
IDA LIQ-DI;14/06/2018;1034,07695
IDA LIQ-DI;15/06/2018;1034,266476
IDA LIQ-DI;18/06/2018;1034,460461
IDA LIQ-DI;19/06/2018;1034,591339
IDA LIQ-DI;20/06/2018;1034,89385
IDA LIQ-DI;21/06/2018;1035,214071
IDA LIQ-DI;22/06/2018;1035,510487
IDA LIQ-DI;25/06/2018;1035,719797
IDA LIQ-DI;26/06/2018;1035,98389
IDA LIQ-DI;27/06/2018;1036,326671
IDA LIQ-DI;28/06/2018;1036,546205
IDA LIQ-DI;29/06/2018;1036,853753
IDA LIQ-DI;02/07/2018;1037,136422
IDA LIQ-DI;03/07/2018;1037,474928
IDA LIQ-DI;04/07/2018;1037,767687
IDA LIQ-DI;05/07/2018;1038,137063
IDA LIQ-DI;06/07/2018;1038,36122
IDA LIQ-DI;09/07/2018;1038,644033
IDA LIQ-DI;10/07/2018;1038,865273
IDA LIQ-DI;11/07/2018;1039,154486
IDA LIQ-DI;12/07/2018;1039,513756
IDA LIQ-DI;13/07/2018;1039,733505
IDA LIQ-DI;16/07/2018;1040,045049
IDA LIQ-DI;17/07/2018;1040,313995
IDA LIQ-DI;18/07/2018;1040,614857
IDA LIQ-DI;19/07/2018;1040,891546
IDA LIQ-DI;20/07/2018;1041,149727
IDA LIQ-DI;23/07/2018;1041,476943
IDA LIQ-DI;24/07/2018;1041,724926
IDA LIQ-DI;25/07/2018;1041,979406
IDA LIQ-DI;26/07/2018;1042,258572
IDA LIQ-DI;27/07/2018;1042,546219
IDA LIQ-DI;30/07/2018;1042,853336
IDA LIQ-DI;31/07/2018;1043,161308
IDA LIQ-DI;01/08/2018;1043,440933
IDA LIQ-DI;02/08/2018;1043,726172
IDA LIQ-DI;03/08/2018;1043,998057
IDA LIQ-DI;06/08/2018;1044,32274
IDA LIQ-DI;07/08/2018;1044,672185
IDA LIQ-DI;08/08/2018;1044,925833
IDA LIQ-DI;09/08/2018;1045,304807
IDA LIQ-DI;10/08/2018;1045,772083
IDA LIQ-DI;13/08/2018;1046,085696
IDA LIQ-DI;14/08/2018;1046,274819
IDA LIQ-DI;15/08/2018;1046,597396
IDA LIQ-DI;16/08/2018;1046,934638
IDA LIQ-DI;17/08/2018;1047,250469
IDA LIQ-DI;20/08/2018;1047,58373
IDA LIQ-DI;21/08/2018;1047,987186
IDA LIQ-DI;22/08/2018;1048,279953
IDA LIQ-DI;23/08/2018;1048,659401
IDA LIQ-DI;24/08/2018;1048,913072
IDA LIQ-DI;27/08/2018;1049,164168
IDA LIQ-DI;28/08/2018;1049,440732
IDA LIQ-DI;29/08/2018;1049,668577
IDA LIQ-DI;30/08/2018;1050,057452
IDA LIQ-DI;31/08/2018;1050,328424
IDA LIQ-DI;03/09/2018;1050,692139
IDA LIQ-DI;04/09/2018;1051,017784
IDA LIQ-DI;05/09/2018;1051,316567
IDA LIQ-DI;06/09/2018;1051,619463
IDA LIQ-DI;10/09/2018;1051,869811
IDA LIQ-DI;11/09/2018;1052,210597
IDA LIQ-DI;12/09/2018;1052,500313
IDA LIQ-DI;13/09/2018;1052,914999
IDA LIQ-DI;14/09/2018;1053,109705
IDA LIQ-DI;17/09/2018;1053,47213
IDA LIQ-DI;18/09/2018;1053,779596
IDA LIQ-DI;19/09/2018;1054,16793
IDA LIQ-DI;20/09/2018;1054,513403
IDA LIQ-DI;21/09/2018;1054,818915
IDA LIQ-DI;24/09/2018;1055,116075
IDA LIQ-DI;25/09/2018;1055,414156
IDA LIQ-DI;26/09/2018;1055,67884
IDA LIQ-DI;27/09/2018;1055,925701
IDA LIQ-DI;28/09/2018;1056,240212
IDA LIQ-DI;01/10/2018;1056,502573
IDA LIQ-DI;02/10/2018;1056,762775
IDA LIQ-DI;03/10/2018;1056,987729
IDA LIQ-DI;04/10/2018;1057,245458
IDA LIQ-DI;05/10/2018;1057,485763
IDA LIQ-DI;08/10/2018;1057,666399
IDA LIQ-DI;09/10/2018;1057,919794
IDA LIQ-DI;10/10/2018;1058,257349
IDA LIQ-DI;11/10/2018;1058,54872
IDA LIQ-DI;15/10/2018;1058,795503
IDA LIQ-DI;16/10/2018;1059,085101
IDA LIQ-DI;17/10/2018;1059,39794
IDA LIQ-DI;18/10/2018;1059,863262
IDA LIQ-DI;19/10/2018;1060,202105
IDA LIQ-DI;22/10/2018;1060,541019
IDA LIQ-DI;23/10/2018;1060,839651
IDA LIQ-DI;24/10/2018;1061,204092
IDA LIQ-DI;25/10/2018;1061,545636
IDA LIQ-DI;26/10/2018;1061,872866
IDA LIQ-DI;29/10/2018;1062,250662
IDA LIQ-DI;30/10/2018;1062,014749
IDA LIQ-DI;31/10/2018;1062,327927
IDA LIQ-DI;01/11/2018;1062,632189
IDA LIQ-DI;05/11/2018;1062,94538
IDA LIQ-DI;06/11/2018;1063,315493
IDA LIQ-DI;07/11/2018;1063,611186
IDA LIQ-DI;08/11/2018;1063,92938
IDA LIQ-DI;09/11/2018;1064,26543
IDA LIQ-DI;12/11/2018;1064,568832
IDA LIQ-DI;13/11/2018;1064,888469
IDA LIQ-DI;14/11/2018;1065,14574
IDA LIQ-DI;16/11/2018;1065,412375
IDA LIQ-DI;19/11/2018;1065,72481
IDA LIQ-DI;20/11/2018;1066,011539
IDA LIQ-DI;21/11/2018;1066,293395
IDA LIQ-DI;22/11/2018;1066,554711
IDA LIQ-DI;23/11/2018;1066,819806
IDA LIQ-DI;26/11/2018;1067,142181
IDA LIQ-DI;27/11/2018;1067,471391
IDA LIQ-DI;28/11/2018;1067,749083
IDA LIQ-DI;29/11/2018;1068,120467
IDA LIQ-DI;30/11/2018;1068,417731
IDA LIQ-DI;03/12/2018;1068,733041
IDA LIQ-DI;04/12/2018;1069,10681
IDA LIQ-DI;05/12/2018;1069,581764
IDA LIQ-DI;06/12/2018;1069,911624
IDA LIQ-DI;07/12/2018;1070,291326
IDA LIQ-DI;10/12/2018;1070,65113
IDA LIQ-DI;11/12/2018;1071,035344
IDA LIQ-DI;12/12/2018;1071,379457
IDA LIQ-DI;13/12/2018;1071,683612
IDA LIQ-DI;14/12/2018;1071,884217
IDA LIQ-DI;17/12/2018;1072,144909
IDA LIQ-DI;18/12/2018;1072,460086
IDA LIQ-DI;19/12/2018;1072,803796
IDA LIQ-DI;20/12/2018;1073,007293
IDA LIQ-DI;21/12/2018;1073,327927
IDA LIQ-DI;24/12/2018;1073,615638
IDA LIQ-DI;26/12/2018;1073,996712
IDA LIQ-DI;27/12/2018;1074,276029
IDA LIQ-DI;28/12/2018;1074,669497
IDA LIQ-DI;31/12/2018;1074,958438
IDA LIQ-DI;02/01/2019;1075,219207
IDA LIQ-DI;03/01/2019;1075,493448
IDA LIQ-DI;04/01/2019;1075,808826
IDA LIQ-DI;07/01/2019;1076,132474
IDA LIQ-DI;08/01/2019;1076,51757
IDA LIQ-DI;09/01/2019;1076,761965
IDA LIQ-DI;10/01/2019;1077,111841
IDA LIQ-DI;11/01/2019;1077,4371
IDA LIQ-DI;14/01/2019;1077,704835
IDA LIQ-DI;15/01/2019;1077,951152
IDA LIQ-DI;16/01/2019;1078,218616
IDA LIQ-DI;17/01/2019;1078,469771
IDA LIQ-DI;18/01/2019;1078,785295
IDA LIQ-DI;21/01/2019;1079,111664
IDA LIQ-DI;22/01/2019;1079,475211
IDA LIQ-DI;23/01/2019;1079,754358
IDA LIQ-DI;24/01/2019;1080,092205
IDA LIQ-DI;25/01/2019;1080,382951
IDA LIQ-DI;28/01/2019;1080,675097
IDA LIQ-DI;29/01/2019;1080,967934
IDA LIQ-DI;30/01/2019;1081,330239
IDA LIQ-DI;31/01/2019;1081,651145
IDA LIQ-DI;01/02/2019;1082,083303
IDA LIQ-DI;04/02/2019;1082,514409
IDA LIQ-DI;05/02/2019;1082,774426
IDA LIQ-DI;06/02/2019;1083,086609
IDA LIQ-DI;07/02/2019;1083,51038
IDA LIQ-DI;08/02/2019;1083,876497
IDA LIQ-DI;11/02/2019;1084,167423
IDA LIQ-DI;12/02/2019;1084,511565
IDA LIQ-DI;13/02/2019;1084,944649
IDA LIQ-DI;14/02/2019;1085,292066
IDA LIQ-DI;15/02/2019;1085,599844
IDA LIQ-DI;18/02/2019;1086,008059
IDA LIQ-DI;19/02/2019;1086,318978
IDA LIQ-DI;20/02/2019;1086,65213
IDA LIQ-DI;21/02/2019;1086,974276
IDA LIQ-DI;22/02/2019;1087,294399
IDA LIQ-DI;25/02/2019;1087,694059
IDA LIQ-DI;26/02/2019;1088,033172
IDA LIQ-DI;27/02/2019;1088,348871
IDA LIQ-DI;28/02/2019;1088,691409
IDA LIQ-DI;01/03/2019;1089,049754
IDA LIQ-DI;06/03/2019;1089,400556
IDA LIQ-DI;07/03/2019;1089,700381
IDA LIQ-DI;08/03/2019;1089,998083
IDA LIQ-DI;11/03/2019;1090,263549
IDA LIQ-DI;12/03/2019;1090,557736
IDA LIQ-DI;13/03/2019;1090,807187
IDA LIQ-DI;14/03/2019;1091,187588
IDA LIQ-DI;15/03/2019;1091,525499
IDA LIQ-DI;18/03/2019;1091,836852
IDA LIQ-DI;19/03/2019;1092,118226
IDA LIQ-DI;20/03/2019;1092,419315
IDA LIQ-DI;21/03/2019;1092,731654
IDA LIQ-DI;22/03/2019;1093,165297
IDA LIQ-DI;25/03/2019;1093,434718
IDA LIQ-DI;26/03/2019;1093,766569
IDA LIQ-DI;27/03/2019;1094,143453
IDA LIQ-DI;28/03/2019;1094,380965
IDA LIQ-DI;29/03/2019;1094,678736
IDA LIQ-DI;01/04/2019;1094,946812
IDA LIQ-DI;02/04/2019;1095,223058
IDA LIQ-DI;03/04/2019;1095,559878
IDA LIQ-DI;04/04/2019;1095,885016
IDA LIQ-DI;05/04/2019;1096,184385
IDA LIQ-DI;08/04/2019;1096,510074
IDA LIQ-DI;09/04/2019;1096,873731
IDA LIQ-DI;10/04/2019;1097,113992
IDA LIQ-DI;11/04/2019;1097,441356
IDA LIQ-DI;12/04/2019;1097,803354
IDA LIQ-DI;15/04/2019;1098,087305
IDA LIQ-DI;16/04/2019;1098,409791
IDA LIQ-DI;17/04/2019;1098,72296
IDA LIQ-DI;18/04/2019;1098,967323
IDA LIQ-DI;22/04/2019;1099,257422
IDA LIQ-DI;23/04/2019;1099,561068
IDA LIQ-DI;24/04/2019;1099,995765
IDA LIQ-DI;25/04/2019;1100,341427
IDA LIQ-DI;26/04/2019;1100,653292
IDA LIQ-DI;29/04/2019;1101,032677
IDA LIQ-DI;30/04/2019;1101,381765
IDA LIQ-DI;02/05/2019;1101,733371
IDA LIQ-DI;03/05/2019;1101,999123
IDA LIQ-DI;06/05/2019;1102,301345
IDA LIQ-DI;07/05/2019;1102,617209
IDA LIQ-DI;08/05/2019;1102,875161
IDA LIQ-DI;09/05/2019;1103,13732
IDA LIQ-DI;10/05/2019;1103,415322
IDA LIQ-DI;13/05/2019;1103,745537
IDA LIQ-DI;14/05/2019;1103,983924
IDA LIQ-DI;15/05/2019;1104,291086
IDA LIQ-DI;16/05/2019;1104,622476
IDA LIQ-DI;17/05/2019;1104,990472
IDA LIQ-DI;20/05/2019;1105,22581
IDA LIQ-DI;21/05/2019;1105,430462
IDA LIQ-DI;22/05/2019;1105,698665
IDA LIQ-DI;23/05/2019;1105,990474
IDA LIQ-DI;24/05/2019;1106,277355
IDA LIQ-DI;27/05/2019;1106,553725
IDA LIQ-DI;28/05/2019;1106,78528
IDA LIQ-DI;29/05/2019;1107,085154
IDA LIQ-DI;30/05/2019;1107,387626
IDA LIQ-DI;31/05/2019;1107,640737
IDA LIQ-DI;03/06/2019;1107,860025
IDA LIQ-DI;04/06/2019;1108,104361
IDA LIQ-DI;05/06/2019;1108,409768
IDA LIQ-DI;06/06/2019;1108,654536
IDA LIQ-DI;07/06/2019;1108,886358
IDA LIQ-DI;10/06/2019;1109,187114
IDA LIQ-DI;11/06/2019;1109,497888
IDA LIQ-DI;12/06/2019;1109,813232
IDA LIQ-DI;13/06/2019;1110,076247
IDA LIQ-DI;14/06/2019;1110,327926
IDA LIQ-DI;17/06/2019;1110,618216
IDA LIQ-DI;18/06/2019;1110,911333
IDA LIQ-DI;19/06/2019;1111,199215
IDA LIQ-DI;21/06/2019;1111,382448
IDA LIQ-DI;24/06/2019;1111,69421
IDA LIQ-DI;25/06/2019;1112,032479
IDA LIQ-DI;26/06/2019;1112,322996
IDA LIQ-DI;27/06/2019;1112,618101
IDA LIQ-DI;28/06/2019;1112,888784
IDA LIQ-DI;01/07/2019;1113,173161
IDA LIQ-DI;02/07/2019;1113,499391
IDA LIQ-DI;03/07/2019;1113,793878
IDA LIQ-DI;04/07/2019;1114,055173
IDA LIQ-DI;05/07/2019;1114,35801
IDA LIQ-DI;08/07/2019;1114,638948
IDA LIQ-DI;09/07/2019;1114,938716
IDA LIQ-DI;10/07/2019;1115,221879
IDA LIQ-DI;11/07/2019;1115,533548
IDA LIQ-DI;12/07/2019;1115,828539
IDA LIQ-DI;15/07/2019;1116,132349
IDA LIQ-DI;16/07/2019;1116,457534
IDA LIQ-DI;17/07/2019;1116,766878
IDA LIQ-DI;18/07/2019;1117,013263
IDA LIQ-DI;19/07/2019;1117,335719
IDA LIQ-DI;22/07/2019;1117,630797
IDA LIQ-DI;23/07/2019;1117,810047
IDA LIQ-DI;24/07/2019;1118,150727
IDA LIQ-DI;25/07/2019;1118,410042
IDA LIQ-DI;26/07/2019;1118,711886
IDA LIQ-DI;29/07/2019;1118,973078
IDA LIQ-DI;30/07/2019;1119,199688
IDA LIQ-DI;31/07/2019;1119,532882
IDA LIQ-DI;01/08/2019;1119,810327
IDA LIQ-DI;02/08/2019;1120,076876
IDA LIQ-DI;05/08/2019;1120,39753
IDA LIQ-DI;06/08/2019;1120,593804
IDA LIQ-DI;07/08/2019;1120,789556
IDA LIQ-DI;08/08/2019;1121,02643
IDA LIQ-DI;09/08/2019;1121,29329
IDA LIQ-DI;12/08/2019;1121,580646
IDA LIQ-DI;13/08/2019;1121,815264
IDA LIQ-DI;14/08/2019;1122,159216
IDA LIQ-DI;15/08/2019;1122,390172
IDA LIQ-DI;16/08/2019;1122,60853
IDA LIQ-DI;19/08/2019;1122,89404
IDA LIQ-DI;20/08/2019;1123,142587
IDA LIQ-DI;21/08/2019;1123,393471
IDA LIQ-DI;22/08/2019;1123,64225
IDA LIQ-DI;23/08/2019;1123,889066
IDA LIQ-DI;26/08/2019;1124,142512
IDA LIQ-DI;27/08/2019;1124,400118
IDA LIQ-DI;28/08/2019;1124,644672
IDA LIQ-DI;29/08/2019;1124,650116
IDA LIQ-DI;30/08/2019;1124,882101
IDA LIQ-DI;02/09/2019;1125,161055
IDA LIQ-DI;03/09/2019;1125,304587
IDA LIQ-DI;04/09/2019;1125,529582
IDA LIQ-DI;05/09/2019;1125,793741
IDA LIQ-DI;06/09/2019;1126,05524
IDA LIQ-DI;09/09/2019;1126,30262
IDA LIQ-DI;10/09/2019;1126,53826
IDA LIQ-DI;11/09/2019;1126,754471
IDA LIQ-DI;12/09/2019;1127,011868
IDA LIQ-DI;13/09/2019;1127,321988
IDA LIQ-DI;16/09/2019;1127,58548
IDA LIQ-DI;17/09/2019;1127,810634
IDA LIQ-DI;18/09/2019;1128,070432
IDA LIQ-DI;19/09/2019;1128,235742
IDA LIQ-DI;20/09/2019;1128,458429
IDA LIQ-DI;23/09/2019;1128,67261
IDA LIQ-DI;24/09/2019;1128,939324
IDA LIQ-DI;25/09/2019;1129,138183
IDA LIQ-DI;26/09/2019;1129,403398
IDA LIQ-DI;27/09/2019;1129,04404
IDA LIQ-DI;30/09/2019;1129,257381
IDA LIQ-DI;01/10/2019;1129,401979
IDA LIQ-DI;02/10/2019;1129,548788
IDA LIQ-DI;03/10/2019;1129,746271
IDA LIQ-DI;04/10/2019;1129,989776
IDA LIQ-DI;07/10/2019;1130,083943
IDA LIQ-DI;08/10/2019;1130,139797
IDA LIQ-DI;09/10/2019;1130,22268
IDA LIQ-DI;10/10/2019;1130,320276
IDA LIQ-DI;11/10/2019;1130,455283
IDA LIQ-DI;14/10/2019;1130,445904
IDA LIQ-DI;15/10/2019;1130,464184
IDA LIQ-DI;16/10/2019;1130,584022
IDA LIQ-DI;17/10/2019;1130,728494
IDA LIQ-DI;18/10/2019;1130,824229
IDA LIQ-DI;21/10/2019;1130,862222
IDA LIQ-DI;22/10/2019;1130,927848
IDA LIQ-DI;23/10/2019;1130,996072
IDA LIQ-DI;24/10/2019;1130,754463
IDA LIQ-DI;25/10/2019;1130,48597
IDA LIQ-DI;28/10/2019;1129,978288
IDA LIQ-DI;29/10/2019;1129,852717
IDA LIQ-DI;30/10/2019;1129,475282
IDA LIQ-DI;31/10/2019;1129,170496
IDA LIQ-DI;01/11/2019;1128,999278
IDA LIQ-DI;04/11/2019;1128,985944
IDA LIQ-DI;05/11/2019;1128,740571
IDA LIQ-DI;06/11/2019;1128,485983
IDA LIQ-DI;07/11/2019;1128,447363
IDA LIQ-DI;08/11/2019;1127,8203
IDA LIQ-DI;11/11/2019;1127,547553
IDA LIQ-DI;12/11/2019;1126,911033
IDA LIQ-DI;13/11/2019;1126,919388
IDA LIQ-DI;14/11/2019;1126,607694
IDA LIQ-DI;18/11/2019;1126,444921
IDA LIQ-DI;19/11/2019;1126,132332
IDA LIQ-DI;20/11/2019;1126,392119
IDA LIQ-DI;21/11/2019;1126,477352
IDA LIQ-DI;22/11/2019;1126,893894
IDA LIQ-DI;25/11/2019;1127,014462
IDA LIQ-DI;26/11/2019;1126,79884
IDA LIQ-DI;27/11/2019;1126,780727
IDA LIQ-DI;28/11/2019;1126,906393
IDA LIQ-DI;29/11/2019;1126,81724
IDA LIQ-DI;02/12/2019;1126,918809
IDA LIQ-DI;03/12/2019;1127,210182
IDA LIQ-DI;04/12/2019;1127,731744
IDA LIQ-DI;05/12/2019;1127,808805
IDA LIQ-DI;06/12/2019;1128,253312
IDA LIQ-DI;09/12/2019;1128,583767
IDA LIQ-DI;10/12/2019;1128,962068
IDA LIQ-DI;11/12/2019;1129,329139
IDA LIQ-DI;12/12/2019;1129,741217
IDA LIQ-DI;13/12/2019;1130,017703
IDA LIQ-DI;16/12/2019;1130,213277
IDA LIQ-DI;17/12/2019;1130,293048
IDA LIQ-DI;18/12/2019;1130,654189
IDA LIQ-DI;19/12/2019;1130,75874
IDA LIQ-DI;20/12/2019;1131,181216
IDA LIQ-DI;23/12/2019;1131,499916
IDA LIQ-DI;24/12/2019;1131,740317
IDA LIQ-DI;26/12/2019;1132,118874
IDA LIQ-DI;27/12/2019;1132,448081
IDA LIQ-DI;30/12/2019;1132,846047
IDA LIQ-DI;31/12/2019;1133,08643
IDA LIQ-DI;02/01/2020;1133,173423
IDA LIQ-DI;03/01/2020;1133,375612
IDA LIQ-DI;06/01/2020;1133,587117
IDA LIQ-DI;07/01/2020;1134,092599
IDA LIQ-DI;08/01/2020;1134,568321
IDA LIQ-DI;09/01/2020;1134,992515
IDA LIQ-DI;10/01/2020;1135,346393
IDA LIQ-DI;13/01/2020;1135,582663
IDA LIQ-DI;14/01/2020;1136,050973
IDA LIQ-DI;15/01/2020;1136,471366
IDA LIQ-DI;16/01/2020;1136,635556
IDA LIQ-DI;17/01/2020;1136,975614
IDA LIQ-DI;20/01/2020;1137,260025
IDA LIQ-DI;21/01/2020;1137,579549
IDA LIQ-DI;22/01/2020;1137,909778
IDA LIQ-DI;23/01/2020;1138,058349
IDA LIQ-DI;24/01/2020;1138,316313
IDA LIQ-DI;27/01/2020;1138,728519
IDA LIQ-DI;28/01/2020;1139,059695
IDA LIQ-DI;29/01/2020;1139,329116
IDA LIQ-DI;30/01/2020;1139,539574
IDA LIQ-DI;31/01/2020;1139,750495
IDA LIQ-DI;03/02/2020;1140,02617
IDA LIQ-DI;04/02/2020;1140,220665
IDA LIQ-DI;05/02/2020;1140,546172
IDA LIQ-DI;06/02/2020;1140,681581
IDA LIQ-DI;07/02/2020;1140,826517
IDA LIQ-DI;10/02/2020;1141,083694
IDA LIQ-DI;11/02/2020;1141,336063
IDA LIQ-DI;12/02/2020;1141,527953
IDA LIQ-DI;13/02/2020;1141,710667
IDA LIQ-DI;14/02/2020;1142,079147
IDA LIQ-DI;17/02/2020;1142,185858
IDA LIQ-DI;18/02/2020;1142,372176
IDA LIQ-DI;19/02/2020;1142,517585
IDA LIQ-DI;20/02/2020;1142,721739
IDA LIQ-DI;21/02/2020;1142,879912
IDA LIQ-DI;26/02/2020;1142,96659
IDA LIQ-DI;27/02/2020;1143,26124
IDA LIQ-DI;28/02/2020;1143,32758
IDA LIQ-DI;02/03/2020;1143,682487
IDA LIQ-DI;03/03/2020;1143,790164
IDA LIQ-DI;04/03/2020;1143,909781
IDA LIQ-DI;05/03/2020;1143,595712
IDA LIQ-DI;06/03/2020;1143,596288
IDA LIQ-DI;09/03/2020;1143,124781
IDA LIQ-DI;10/03/2020;1143,052564
IDA LIQ-DI;11/03/2020;1140,945442
IDA LIQ-DI;12/03/2020;1138,758324
IDA LIQ-DI;13/03/2020;1139,973478
IDA LIQ-DI;16/03/2020;1139,791718
IDA LIQ-DI;17/03/2020;1140,317196
IDA LIQ-DI;18/03/2020;1135,948709
IDA LIQ-DI;19/03/2020;1132,690988
IDA LIQ-DI;20/03/2020;1125,430006
IDA LIQ-DI;23/03/2020;1117,939377
IDA LIQ-DI;24/03/2020;1105,612178
IDA LIQ-DI;25/03/2020;1098,775917
IDA LIQ-DI;26/03/2020;1091,294765
IDA LIQ-DI;27/03/2020;1083,365588
IDA LIQ-DI;30/03/2020;1079,144982
IDA LIQ-DI;31/03/2020;1074,462151
IDA LIQ-DI;01/04/2020;1069,840168
IDA LIQ-DI;02/04/2020;1068,396239
IDA LIQ-DI;03/04/2020;1064,99281
IDA LIQ-DI;06/04/2020;1062,826944
IDA LIQ-DI;07/04/2020;1060,13733
IDA LIQ-DI;08/04/2020;1057,703554
IDA LIQ-DI;09/04/2020;1055,538043
IDA LIQ-DI;13/04/2020;1055,151039
IDA LIQ-DI;14/04/2020;1056,012154
IDA LIQ-DI;15/04/2020;1058,982979
IDA LIQ-DI;16/04/2020;1063,776561
IDA LIQ-DI;17/04/2020;1069,028695
IDA LIQ-DI;20/04/2020;1075,547946
IDA LIQ-DI;22/04/2020;1080,451744
IDA LIQ-DI;23/04/2020;1083,340219
IDA LIQ-DI;24/04/2020;1080,487937
IDA LIQ-DI;27/04/2020;1081,782106
IDA LIQ-DI;28/04/2020;1087,04907
IDA LIQ-DI;29/04/2020;1089,19445
IDA LIQ-DI;30/04/2020;1091,172062
IDA LIQ-DI;04/05/2020;1091,557387
IDA LIQ-DI;05/05/2020;1093,147914
IDA LIQ-DI;06/05/2020;1094,651836
IDA LIQ-DI;07/05/2020;1094,749565
IDA LIQ-DI;08/05/2020;1096,130631
IDA LIQ-DI;11/05/2020;1096,386282
IDA LIQ-DI;12/05/2020;1095,741294
IDA LIQ-DI;13/05/2020;1095,239166
IDA LIQ-DI;14/05/2020;1095,830353
IDA LIQ-DI;15/05/2020;1095,736066
IDA LIQ-DI;18/05/2020;1096,17894
IDA LIQ-DI;19/05/2020;1096,235867
IDA LIQ-DI;20/05/2020;1096,188462
IDA LIQ-DI;21/05/2020;1096,488198
IDA LIQ-DI;22/05/2020;1096,343887
IDA LIQ-DI;25/05/2020;1097,770168
IDA LIQ-DI;26/05/2020;1098,023664
IDA LIQ-DI;27/05/2020;1098,443075
IDA LIQ-DI;28/05/2020;1098,541051
IDA LIQ-DI;29/05/2020;1099,081525
IDA LIQ-DI;01/06/2020;1099,335269
IDA LIQ-DI;02/06/2020;1100,348331
IDA LIQ-DI;03/06/2020;1100,800577
IDA LIQ-DI;04/06/2020;1100,699257
IDA LIQ-DI;05/06/2020;1100,431707
IDA LIQ-DI;08/06/2020;1101,009981
IDA LIQ-DI;09/06/2020;1101,601074
IDA LIQ-DI;10/06/2020;1102,642965
IDA LIQ-DI;12/06/2020;1103,08514
IDA LIQ-DI;15/06/2020;1103,331654
IDA LIQ-DI;16/06/2020;1103,455199
IDA LIQ-DI;17/06/2020;1104,319047
IDA LIQ-DI;18/06/2020;1104,016362
IDA LIQ-DI;19/06/2020;1105,282188
IDA LIQ-DI;22/06/2020;1105,406695
IDA LIQ-DI;23/06/2020;1106,539724
IDA LIQ-DI;24/06/2020;1107,000966
IDA LIQ-DI;25/06/2020;1108,762478
IDA LIQ-DI;26/06/2020;1110,127907
IDA LIQ-DI;29/06/2020;1111,504186
IDA LIQ-DI;30/06/2020;1113,132721
IDA LIQ-DI;01/07/2020;1114,13416
IDA LIQ-DI;02/07/2020;1114,812658
IDA LIQ-DI;03/07/2020;1115,819807
IDA LIQ-DI;06/07/2020;1116,585901
IDA LIQ-DI;07/07/2020;1117,338057
IDA LIQ-DI;08/07/2020;1118,142427
IDA LIQ-DI;09/07/2020;1119,184819
IDA LIQ-DI;10/07/2020;1120,189038
IDA LIQ-DI;13/07/2020;1121,099058
IDA LIQ-DI;14/07/2020;1121,896671
IDA LIQ-DI;15/07/2020;1122,81855
IDA LIQ-DI;16/07/2020;1123,358295
IDA LIQ-DI;17/07/2020;1124,565123
IDA LIQ-DI;20/07/2020;1125,233497
IDA LIQ-DI;21/07/2020;1125,599865
IDA LIQ-DI;22/07/2020;1126,054813
IDA LIQ-DI;23/07/2020;1126,824763
IDA LIQ-DI;24/07/2020;1127,884138
IDA LIQ-DI;27/07/2020;1128,974966
IDA LIQ-DI;28/07/2020;1129,752163
IDA LIQ-DI;29/07/2020;1130,643618
IDA LIQ-DI;30/07/2020;1132,072564
IDA LIQ-DI;31/07/2020;1133,05682
IDA LIQ-DI;03/08/2020;1133,835869
IDA LIQ-DI;04/08/2020;1133,914439
IDA LIQ-DI;05/08/2020;1134,037674
IDA LIQ-DI;06/08/2020;1135,295455
IDA LIQ-DI;07/08/2020;1135,852061
IDA LIQ-DI;10/08/2020;1136,615988
IDA LIQ-DI;11/08/2020;1137,135778
IDA LIQ-DI;12/08/2020;1137,299622
IDA LIQ-DI;13/08/2020;1137,417579
IDA LIQ-DI;14/08/2020;1137,718506
IDA LIQ-DI;17/08/2020;1138,026832
IDA LIQ-DI;18/08/2020;1139,317746
IDA LIQ-DI;19/08/2020;1139,85791
IDA LIQ-DI;20/08/2020;1140,54239
IDA LIQ-DI;21/08/2020;1141,347277
IDA LIQ-DI;24/08/2020;1142,220903
IDA LIQ-DI;25/08/2020;1142,826331
IDA LIQ-DI;26/08/2020;1142,859382
IDA LIQ-DI;27/08/2020;1143,519303
IDA LIQ-DI;28/08/2020;1144,215871
IDA LIQ-DI;31/08/2020;1144,724624
IDA LIQ-DI;01/09/2020;1145,713904
IDA LIQ-DI;02/09/2020;1146,025339
IDA LIQ-DI;03/09/2020;1146,576658
IDA LIQ-DI;04/09/2020;1147,215953
IDA LIQ-DI;08/09/2020;1147,339303
IDA LIQ-DI;09/09/2020;1148,165096
IDA LIQ-DI;10/09/2020;1148,363175
IDA LIQ-DI;11/09/2020;1148,853601
IDA LIQ-DI;14/09/2020;1149,317375
IDA LIQ-DI;15/09/2020;1149,374631
IDA LIQ-DI;16/09/2020;1149,523496
IDA LIQ-DI;17/09/2020;1150,059325
IDA LIQ-DI;18/09/2020;1149,892459
IDA LIQ-DI;21/09/2020;1149,96969
IDA LIQ-DI;22/09/2020;1150,550053
IDA LIQ-DI;23/09/2020;1150,601479
IDA LIQ-DI;24/09/2020;1151,348329
IDA LIQ-DI;25/09/2020;1151,650297
IDA LIQ-DI;28/09/2020;1151,346768
IDA LIQ-DI;29/09/2020;1151,368786
IDA LIQ-DI;30/09/2020;1151,673291
IDA LIQ-DI;01/10/2020;1151,571636
IDA LIQ-DI;02/10/2020;1151,310798
IDA LIQ-DI;05/10/2020;1151,815238
IDA LIQ-DI;06/10/2020;1151,778983
IDA LIQ-DI;07/10/2020;1151,769787
IDA LIQ-DI;08/10/2020;1152,156105
IDA LIQ-DI;09/10/2020;1152,123316
IDA LIQ-DI;13/10/2020;1152,530215
IDA LIQ-DI;14/10/2020;1152,683315
IDA LIQ-DI;15/10/2020;1152,59702
IDA LIQ-DI;16/10/2020;1152,654641
IDA LIQ-DI;19/10/2020;1153,012873
IDA LIQ-DI;20/10/2020;1153,278111
IDA LIQ-DI;21/10/2020;1153,320223
IDA LIQ-DI;22/10/2020;1153,389144
IDA LIQ-DI;23/10/2020;1153,068371
IDA LIQ-DI;26/10/2020;1153,282678
IDA LIQ-DI;27/10/2020;1153,516357
IDA LIQ-DI;28/10/2020;1153,709298
IDA LIQ-DI;29/10/2020;1153,853921
IDA LIQ-DI;30/10/2020;1153,990765
IDA LIQ-DI;03/11/2020;1154,129038
IDA LIQ-DI;04/11/2020;1154,301693
IDA LIQ-DI;05/11/2020;1154,435279
IDA LIQ-DI;06/11/2020;1154,610371
IDA LIQ-DI;09/11/2020;1154,913801
IDA LIQ-DI;10/11/2020;1155,059651
IDA LIQ-DI;11/11/2020;1155,189432
IDA LIQ-DI;12/11/2020;1155,527528
IDA LIQ-DI;13/11/2020;1155,775969
IDA LIQ-DI;16/11/2020;1156,052042
IDA LIQ-DI;17/11/2020;1156,194515
IDA LIQ-DI;18/11/2020;1156,315489
IDA LIQ-DI;19/11/2020;1156,326375
IDA LIQ-DI;20/11/2020;1156,30802
IDA LIQ-DI;23/11/2020;1156,427098
IDA LIQ-DI;24/11/2020;1156,726735
IDA LIQ-DI;25/11/2020;1156,966955
IDA LIQ-DI;26/11/2020;1157,25752
IDA LIQ-DI;27/11/2020;1157,400276
IDA LIQ-DI;30/11/2020;1157,470658
IDA LIQ-DI;01/12/2020;1157,727153
IDA LIQ-DI;02/12/2020;1158,104248
IDA LIQ-DI;03/12/2020;1158,431277
IDA LIQ-DI;04/12/2020;1158,591727
IDA LIQ-DI;07/12/2020;1158,783248
IDA LIQ-DI;08/12/2020;1159,071285
IDA LIQ-DI;09/12/2020;1159,231341
IDA LIQ-DI;10/12/2020;1159,469493
IDA LIQ-DI;11/12/2020;1159,951249
IDA LIQ-DI;14/12/2020;1160,128114
IDA LIQ-DI;15/12/2020;1160,208739
IDA LIQ-DI;16/12/2020;1160,116499
IDA LIQ-DI;17/12/2020;1160,14793
IDA LIQ-DI;18/12/2020;1160,223217
IDA LIQ-DI;21/12/2020;1160,599269
IDA LIQ-DI;22/12/2020;1160,918517
IDA LIQ-DI;23/12/2020;1161,391469
IDA LIQ-DI;24/12/2020;1161,555696
IDA LIQ-DI;28/12/2020;1161,860654
IDA LIQ-DI;29/12/2020;1162,157826
IDA LIQ-DI;30/12/2020;1162,441419
IDA LIQ-DI;31/12/2020;1162,60605
IDA LIQ-DI;04/01/2021;1162,853541
IDA LIQ-DI;05/01/2021;1163,009399
IDA LIQ-DI;06/01/2021;1163,196876
IDA LIQ-DI;07/01/2021;1163,479569
IDA LIQ-DI;08/01/2021;1163,92673
IDA LIQ-DI;11/01/2021;1164,13171
IDA LIQ-DI;12/01/2021;1164,601442
IDA LIQ-DI;13/01/2021;1164,637672
IDA LIQ-DI;14/01/2021;1165,053178
IDA LIQ-DI;15/01/2021;1165,351456
IDA LIQ-DI;18/01/2021;1165,634198
IDA LIQ-DI;19/01/2021;1165,935129
IDA LIQ-DI;20/01/2021;1166,228677
IDA LIQ-DI;21/01/2021;1166,44607
IDA LIQ-DI;22/01/2021;1166,598132
IDA LIQ-DI;25/01/2021;1166,76471
IDA LIQ-DI;26/01/2021;1167,143974
IDA LIQ-DI;27/01/2021;1167,439865
IDA LIQ-DI;28/01/2021;1167,810421
IDA LIQ-DI;29/01/2021;1168,179648
IDA LIQ-DI;01/02/2021;1168,670984
IDA LIQ-DI;02/02/2021;1169,121686
IDA LIQ-DI;03/02/2021;1169,69537
IDA LIQ-DI;04/02/2021;1170,400971
IDA LIQ-DI;05/02/2021;1170,857582
IDA LIQ-DI;08/02/2021;1171,350668
IDA LIQ-DI;09/02/2021;1171,846665
IDA LIQ-DI;10/02/2021;1172,326886
IDA LIQ-DI;11/02/2021;1172,897004
IDA LIQ-DI;12/02/2021;1173,524738
IDA LIQ-DI;17/02/2021;1173,758691
IDA LIQ-DI;18/02/2021;1174,15161
IDA LIQ-DI;19/02/2021;1174,344005
IDA LIQ-DI;22/02/2021;1174,641074
IDA LIQ-DI;23/02/2021;1175,077608
IDA LIQ-DI;24/02/2021;1175,337775
IDA LIQ-DI;25/02/2021;1175,614846
IDA LIQ-DI;26/02/2021;1176,459631
IDA LIQ-DI;01/03/2021;1176,844779
IDA LIQ-DI;02/03/2021;1177,253411
IDA LIQ-DI;03/03/2021;1177,792427
IDA LIQ-DI;04/03/2021;1178,504452
IDA LIQ-DI;05/03/2021;1179,077421
IDA LIQ-DI;08/03/2021;1179,136051
IDA LIQ-DI;09/03/2021;1179,19698
IDA LIQ-DI;10/03/2021;1179,406149
IDA LIQ-DI;11/03/2021;1179,496072
IDA LIQ-DI;12/03/2021;1179,62194
IDA LIQ-DI;15/03/2021;1179,921379
IDA LIQ-DI;16/03/2021;1180,174558
IDA LIQ-DI;17/03/2021;1180,426335
IDA LIQ-DI;18/03/2021;1180,477441
IDA LIQ-DI;19/03/2021;1180,513889
IDA LIQ-DI;22/03/2021;1180,69191
IDA LIQ-DI;23/03/2021;1180,800954
IDA LIQ-DI;24/03/2021;1181,006965
IDA LIQ-DI;25/03/2021;1181,385299
IDA LIQ-DI;26/03/2021;1181,677239
IDA LIQ-DI;29/03/2021;1181,916564
IDA LIQ-DI;30/03/2021;1182,397658
IDA LIQ-DI;31/03/2021;1182,620163
IDA LIQ-DI;01/04/2021;1182,790618
IDA LIQ-DI;05/04/2021;1183,09691
IDA LIQ-DI;06/04/2021;1183,306113
IDA LIQ-DI;07/04/2021;1183,402862
IDA LIQ-DI;08/04/2021;1183,684189
IDA LIQ-DI;09/04/2021;1183,919593
IDA LIQ-DI;12/04/2021;1184,23592
IDA LIQ-DI;13/04/2021;1184,479498
IDA LIQ-DI;14/04/2021;1184,804151
IDA LIQ-DI;15/04/2021;1184,937599
IDA LIQ-DI;16/04/2021;1185,151797
IDA LIQ-DI;19/04/2021;1185,421663
IDA LIQ-DI;20/04/2021;1185,63898
IDA LIQ-DI;22/04/2021;1185,99462
IDA LIQ-DI;23/04/2021;1186,256892
IDA LIQ-DI;26/04/2021;1186,525329
IDA LIQ-DI;27/04/2021;1186,770206
IDA LIQ-DI;28/04/2021;1187,061996
IDA LIQ-DI;29/04/2021;1186,822671
IDA LIQ-DI;30/04/2021;1187,054448
IDA LIQ-DI;03/05/2021;1187,252562
IDA LIQ-DI;04/05/2021;1187,405557
IDA LIQ-DI;05/05/2021;1187,731142
IDA LIQ-DI;06/05/2021;1187,900179
IDA LIQ-DI;07/05/2021;1188,137734
IDA LIQ-DI;10/05/2021;1188,366447
IDA LIQ-DI;11/05/2021;1188,648904
IDA LIQ-DI;12/05/2021;1188,817264
IDA LIQ-DI;13/05/2021;1189,010682
IDA LIQ-DI;14/05/2021;1189,16028
IDA LIQ-DI;17/05/2021;1189,365201
IDA LIQ-DI;18/05/2021;1189,609378
IDA LIQ-DI;19/05/2021;1189,880162
IDA LIQ-DI;20/05/2021;1190,283246
IDA LIQ-DI;21/05/2021;1190,493278
IDA LIQ-DI;24/05/2021;1190,770214
IDA LIQ-DI;25/05/2021;1191,155718
IDA LIQ-DI;26/05/2021;1191,294308
IDA LIQ-DI;27/05/2021;1191,595647
IDA LIQ-DI;28/05/2021;1191,87566
IDA LIQ-DI;31/05/2021;1192,092184
IDA LIQ-DI;01/06/2021;1192,263691
IDA LIQ-DI;02/06/2021;1192,614281
IDA LIQ-DI;04/06/2021;1192,905923
IDA LIQ-DI;07/06/2021;1193,198468
IDA LIQ-DI;08/06/2021;1193,494071
IDA LIQ-DI;09/06/2021;1193,749456
IDA LIQ-DI;10/06/2021;1193,947492
IDA LIQ-DI;11/06/2021;1194,074815
IDA LIQ-DI;14/06/2021;1194,411295
IDA LIQ-DI;15/06/2021;1194,683951
IDA LIQ-DI;16/06/2021;1195,026807
IDA LIQ-DI;17/06/2021;1195,289779
IDA LIQ-DI;18/06/2021;1195,4987
IDA LIQ-DI;21/06/2021;1195,826955
IDA LIQ-DI;22/06/2021;1196,154389
IDA LIQ-DI;23/06/2021;1196,547876
IDA LIQ-DI;24/06/2021;1196,879165
IDA LIQ-DI;25/06/2021;1197,23336
IDA LIQ-DI;28/06/2021;1197,611891
IDA LIQ-DI;29/06/2021;1197,964235
IDA LIQ-DI;30/06/2021;1198,238266
IDA LIQ-DI;01/07/2021;1198,446733
IDA LIQ-DI;02/07/2021;1198,861575
IDA LIQ-DI;05/07/2021;1199,15217
IDA LIQ-DI;06/07/2021;1199,58794
IDA LIQ-DI;07/07/2021;1200,09563
IDA LIQ-DI;08/07/2021;1200,728749
IDA LIQ-DI;09/07/2021;1200,988567
IDA LIQ-DI;12/07/2021;1201,37908
IDA LIQ-DI;13/07/2021;1201,651738
IDA LIQ-DI;14/07/2021;1202,053004
IDA LIQ-DI;15/07/2021;1202,340276
IDA LIQ-DI;16/07/2021;1202,660559
IDA LIQ-DI;19/07/2021;1203,099717
IDA LIQ-DI;20/07/2021;1203,429789
IDA LIQ-DI;21/07/2021;1203,866722
IDA LIQ-DI;22/07/2021;1204,241822
IDA LIQ-DI;23/07/2021;1204,539392
IDA LIQ-DI;26/07/2021;1204,854964
IDA LIQ-DI;27/07/2021;1205,145017
IDA LIQ-DI;28/07/2021;1205,501289
IDA LIQ-DI;29/07/2021;1205,799824
IDA LIQ-DI;30/07/2021;1206,015834
IDA LIQ-DI;02/08/2021;1206,361444
IDA LIQ-DI;03/08/2021;1206,693326
IDA LIQ-DI;04/08/2021;1207,038973
IDA LIQ-DI;05/08/2021;1207,352042
IDA LIQ-DI;06/08/2021;1207,86488
IDA LIQ-DI;09/08/2021;1208,333463
IDA LIQ-DI;10/08/2021;1208,825109
IDA LIQ-DI;11/08/2021;1209,287291
IDA LIQ-DI;12/08/2021;1209,583706
IDA LIQ-DI;13/08/2021;1209,918298
IDA LIQ-DI;16/08/2021;1210,591125
IDA LIQ-DI;17/08/2021;1211,009874
IDA LIQ-DI;18/08/2021;1211,418598
IDA LIQ-DI;19/08/2021;1211,811838
IDA LIQ-DI;20/08/2021;1212,21379
IDA LIQ-DI;23/08/2021;1212,542636
IDA LIQ-DI;24/08/2021;1213,078594
IDA LIQ-DI;25/08/2021;1213,46042
IDA LIQ-DI;26/08/2021;1213,869038
IDA LIQ-DI;27/08/2021;1214,363376
IDA LIQ-DI;30/08/2021;1214,819408
IDA LIQ-DI;31/08/2021;1215,42773
IDA LIQ-DI;01/09/2021;1215,968464
IDA LIQ-DI;02/09/2021;1216,428076
IDA LIQ-DI;03/09/2021;1216,68379
IDA LIQ-DI;06/09/2021;1217,04133
IDA LIQ-DI;08/09/2021;1217,394555
IDA LIQ-DI;09/09/2021;1217,755859
IDA LIQ-DI;10/09/2021;1218,249382
IDA LIQ-DI;13/09/2021;1218,530435
IDA LIQ-DI;14/09/2021;1219,011195
IDA LIQ-DI;15/09/2021;1219,400624
IDA LIQ-DI;16/09/2021;1219,891316
IDA LIQ-DI;17/09/2021;1220,343197
IDA LIQ-DI;20/09/2021;1220,695673
IDA LIQ-DI;21/09/2021;1221,129019
IDA LIQ-DI;22/09/2021;1221,516926
IDA LIQ-DI;23/09/2021;1221,823203
IDA LIQ-DI;24/09/2021;1222,263075
IDA LIQ-DI;27/09/2021;1222,645086
IDA LIQ-DI;28/09/2021;1223,153949
IDA LIQ-DI;29/09/2021;1222,596443
IDA LIQ-DI;30/09/2021;1222,993598
IDA LIQ-DI;01/10/2021;1223,4251
IDA LIQ-DI;04/10/2021;1223,815908
IDA LIQ-DI;05/10/2021;1224,32496
IDA LIQ-DI;06/10/2021;1224,868799
IDA LIQ-DI;07/10/2021;1225,398373
IDA LIQ-DI;08/10/2021;1225,917091
IDA LIQ-DI;11/10/2021;1226,324973
IDA LIQ-DI;13/10/2021;1226,806399
IDA LIQ-DI;14/10/2021;1227,255992
IDA LIQ-DI;15/10/2021;1227,738744
IDA LIQ-DI;18/10/2021;1228,154674
IDA LIQ-DI;19/10/2021;1228,457115
IDA LIQ-DI;20/10/2021;1228,91872
IDA LIQ-DI;21/10/2021;1229,230563
IDA LIQ-DI;22/10/2021;1229,345543
IDA LIQ-DI;25/10/2021;1229,582576
IDA LIQ-DI;26/10/2021;1229,611601
IDA LIQ-DI;27/10/2021;1229,908867
IDA LIQ-DI;28/10/2021;1230,115725
IDA LIQ-DI;29/10/2021;1230,520553
IDA LIQ-DI;01/11/2021;1230,894305
IDA LIQ-DI;03/11/2021;1231,166182
IDA LIQ-DI;04/11/2021;1231,584265
IDA LIQ-DI;05/11/2021;1231,974114
IDA LIQ-DI;08/11/2021;1232,374901
IDA LIQ-DI;09/11/2021;1232,752206
IDA LIQ-DI;10/11/2021;1233,190811
IDA LIQ-DI;11/11/2021;1233,568952
IDA LIQ-DI;12/11/2021;1233,965492
IDA LIQ-DI;16/11/2021;1234,219299
IDA LIQ-DI;17/11/2021;1234,720837
IDA LIQ-DI;18/11/2021;1235,133935
IDA LIQ-DI;19/11/2021;1235,400499
IDA LIQ-DI;22/11/2021;1235,917489
IDA LIQ-DI;23/11/2021;1236,157913
IDA LIQ-DI;24/11/2021;1236,364137
IDA LIQ-DI;25/11/2021;1236,669299
IDA LIQ-DI;26/11/2021;1236,925108
IDA LIQ-DI;29/11/2021;1237,203306
IDA LIQ-DI;30/11/2021;1237,595249
IDA LIQ-DI;01/12/2021;1238,01543
IDA LIQ-DI;02/12/2021;1238,558032
IDA LIQ-DI;03/12/2021;1238,935364
IDA LIQ-DI;06/12/2021;1239,394023
IDA LIQ-DI;07/12/2021;1239,802904
IDA LIQ-DI;08/12/2021;1240,040909
IDA LIQ-DI;09/12/2021;1240,31027
IDA LIQ-DI;10/12/2021;1240,626015
IDA LIQ-DI;13/12/2021;1240,670439
IDA LIQ-DI;14/12/2021;1241,038449
IDA LIQ-DI;15/12/2021;1241,564807
IDA LIQ-DI;16/12/2021;1241,968326
IDA LIQ-DI;17/12/2021;1242,381883
IDA LIQ-DI;20/12/2021;1242,945623
IDA LIQ-DI;21/12/2021;1243,440909
IDA LIQ-DI;22/12/2021;1243,817116
IDA LIQ-DI;23/12/2021;1244,2029
IDA LIQ-DI;24/12/2021;1244,720719
IDA LIQ-DI;27/12/2021;1245,116746
IDA LIQ-DI;28/12/2021;1245,53581
IDA LIQ-DI;29/12/2021;1246,071975
IDA LIQ-DI;30/12/2021;1246,673697
IDA LIQ-DI;31/12/2021;1247,192688
IDA LIQ-DI;03/01/2022;1247,815852
IDA LIQ-DI;04/01/2022;1248,315156
IDA LIQ-DI;05/01/2022;1248,722288
IDA LIQ-DI;06/01/2022;1249,253856
IDA LIQ-DI;07/01/2022;1249,786581
IDA LIQ-DI;10/01/2022;1250,381293
IDA LIQ-DI;11/01/2022;1250,892389
IDA LIQ-DI;12/01/2022;1251,385977
IDA LIQ-DI;13/01/2022;1251,855529
IDA LIQ-DI;14/01/2022;1252,188467
IDA LIQ-DI;17/01/2022;1252,78083
IDA LIQ-DI;18/01/2022;1253,102358
IDA LIQ-DI;19/01/2022;1253,585666
IDA LIQ-DI;20/01/2022;1254,167469
IDA LIQ-DI;21/01/2022;1254,614074
IDA LIQ-DI;24/01/2022;1255,184749
IDA LIQ-DI;25/01/2022;1255,620429
IDA LIQ-DI;26/01/2022;1256,285972
IDA LIQ-DI;27/01/2022;1256,881257
IDA LIQ-DI;28/01/2022;1257,461017
IDA LIQ-DI;31/01/2022;1257,9893
IDA LIQ-DI;01/02/2022;1258,536199
IDA LIQ-DI;02/02/2022;1259,184101
IDA LIQ-DI;03/02/2022;1259,61467
IDA LIQ-DI;04/02/2022;1260,174595
IDA LIQ-DI;07/02/2022;1260,793715
IDA LIQ-DI;08/02/2022;1261,417248
IDA LIQ-DI;09/02/2022;1262,150597
IDA LIQ-DI;10/02/2022;1262,767061
IDA LIQ-DI;11/02/2022;1263,259892
IDA LIQ-DI;14/02/2022;1263,929443
IDA LIQ-DI;15/02/2022;1264,747159
IDA LIQ-DI;16/02/2022;1265,344018
IDA LIQ-DI;17/02/2022;1266,16104
IDA LIQ-DI;18/02/2022;1266,96527
IDA LIQ-DI;21/02/2022;1267,657805
IDA LIQ-DI;22/02/2022;1268,620597
IDA LIQ-DI;23/02/2022;1269,506624
IDA LIQ-DI;24/02/2022;1270,429044
IDA LIQ-DI;25/02/2022;1270,922821
IDA LIQ-DI;02/03/2022;1271,489189
IDA LIQ-DI;03/03/2022;1272,091325
IDA LIQ-DI;04/03/2022;1272,924872
IDA LIQ-DI;07/03/2022;1273,381086
IDA LIQ-DI;08/03/2022;1274,079398
IDA LIQ-DI;09/03/2022;1274,806183
IDA LIQ-DI;10/03/2022;1275,688182
IDA LIQ-DI;11/03/2022;1276,324048
IDA LIQ-DI;14/03/2022;1277,158431
IDA LIQ-DI;15/03/2022;1278,039564
IDA LIQ-DI;16/03/2022;1278,762725
IDA LIQ-DI;17/03/2022;1279,393967
IDA LIQ-DI;18/03/2022;1280,170812
IDA LIQ-DI;21/03/2022;1280,787983
IDA LIQ-DI;22/03/2022;1281,56241
IDA LIQ-DI;23/03/2022;1282,210226
IDA LIQ-DI;24/03/2022;1283,085358
IDA LIQ-DI;25/03/2022;1284,049577
IDA LIQ-DI;28/03/2022;1284,841174
IDA LIQ-DI;29/03/2022;1285,538372
IDA LIQ-DI;30/03/2022;1286,238861
IDA LIQ-DI;31/03/2022;1287,17603
IDA LIQ-DI;01/04/2022;1287,866862
IDA LIQ-DI;04/04/2022;1288,548363
IDA LIQ-DI;05/04/2022;1289,18047
IDA LIQ-DI;06/04/2022;1289,737977
IDA LIQ-DI;07/04/2022;1290,516551
IDA LIQ-DI;08/04/2022;1291,269633
IDA LIQ-DI;11/04/2022;1291,976911
IDA LIQ-DI;12/04/2022;1292,73301
IDA LIQ-DI;13/04/2022;1293,594644
IDA LIQ-DI;14/04/2022;1294,197676
IDA LIQ-DI;18/04/2022;1295,036157
IDA LIQ-DI;19/04/2022;1295,94509
IDA LIQ-DI;20/04/2022;1296,830251
IDA LIQ-DI;22/04/2022;1297,713307
IDA LIQ-DI;25/04/2022;1298,397995
IDA LIQ-DI;26/04/2022;1299,116635
IDA LIQ-DI;27/04/2022;1299,775775
IDA LIQ-DI;28/04/2022;1300,526532
IDA LIQ-DI;29/04/2022;1301,130158
IDA LIQ-DI;02/05/2022;1301,8526
IDA LIQ-DI;03/05/2022;1302,629173
IDA LIQ-DI;04/05/2022;1303,44256
IDA LIQ-DI;05/05/2022;1304,231691
IDA LIQ-DI;06/05/2022;1305,055344
IDA LIQ-DI;09/05/2022;1305,914482
IDA LIQ-DI;10/05/2022;1306,579191
IDA LIQ-DI;11/05/2022;1307,405138
IDA LIQ-DI;12/05/2022;1308,06744
IDA LIQ-DI;13/05/2022;1309,51948
IDA LIQ-DI;16/05/2022;1309,846909
IDA LIQ-DI;17/05/2022;1310,446651
IDA LIQ-DI;18/05/2022;1310,878111
IDA LIQ-DI;19/05/2022;1311,599568
IDA LIQ-DI;20/05/2022;1312,41611
IDA LIQ-DI;23/05/2022;1313,150834
IDA LIQ-DI;24/05/2022;1313,884899
IDA LIQ-DI;25/05/2022;1314,701345
IDA LIQ-DI;26/05/2022;1315,511845
IDA LIQ-DI;27/05/2022;1316,260612
IDA LIQ-DI;30/05/2022;1316,969157
IDA LIQ-DI;31/05/2022;1317,587796
IDA LIQ-DI;01/06/2022;1318,216091
IDA LIQ-DI;02/06/2022;1318,951731
IDA LIQ-DI;03/06/2022;1319,696089
IDA LIQ-DI;06/06/2022;1320,387233
IDA LIQ-DI;07/06/2022;1321,088157
IDA LIQ-DI;08/06/2022;1321,728042
IDA LIQ-DI;09/06/2022;1322,376096
IDA LIQ-DI;10/06/2022;1323,146986
IDA LIQ-DI;13/06/2022;1324,272938
IDA LIQ-DI;14/06/2022;1325,077009
IDA LIQ-DI;15/06/2022;1325,844406
IDA LIQ-DI;17/06/2022;1326,743502
IDA LIQ-DI;20/06/2022;1327,42193
IDA LIQ-DI;21/06/2022;1328,01262
IDA LIQ-DI;22/06/2022;1328,81951
IDA LIQ-DI;23/06/2022;1329,615928
IDA LIQ-DI;24/06/2022;1330,452026
IDA LIQ-DI;27/06/2022;1331,354325
IDA LIQ-DI;28/06/2022;1332,164641
IDA LIQ-DI;29/06/2022;1332,856936
IDA LIQ-DI;30/06/2022;1333,417668
IDA LIQ-DI;01/07/2022;1334,147706
IDA LIQ-DI;04/07/2022;1334,853973
IDA LIQ-DI;05/07/2022;1335,618075
IDA LIQ-DI;06/07/2022;1336,32924
IDA LIQ-DI;07/07/2022;1337,032978
IDA LIQ-DI;08/07/2022;1337,850692
IDA LIQ-DI;11/07/2022;1338,812293
IDA LIQ-DI;12/07/2022;1339,613532
IDA LIQ-DI;13/07/2022;1340,439983
IDA LIQ-DI;14/07/2022;1341,213705
IDA LIQ-DI;15/07/2022;1342,024677
IDA LIQ-DI;18/07/2022;1342,765184
IDA LIQ-DI;19/07/2022;1343,461976
IDA LIQ-DI;20/07/2022;1343,934839
IDA LIQ-DI;21/07/2022;1344,680069
IDA LIQ-DI;22/07/2022;1345,89113
IDA LIQ-DI;25/07/2022;1346,352232
IDA LIQ-DI;26/07/2022;1347,049647
IDA LIQ-DI;27/07/2022;1347,748768
IDA LIQ-DI;28/07/2022;1348,599069
IDA LIQ-DI;29/07/2022;1349,326975
IDA LIQ-DI;01/08/2022;1350,10288
IDA LIQ-DI;02/08/2022;1350,932528
IDA LIQ-DI;03/08/2022;1351,748397
IDA LIQ-DI;04/08/2022;1352,620408
IDA LIQ-DI;05/08/2022;1353,418161
IDA LIQ-DI;08/08/2022;1354,061196
IDA LIQ-DI;09/08/2022;1354,804094
IDA LIQ-DI;10/08/2022;1355,729287
IDA LIQ-DI;11/08/2022;1356,65649
IDA LIQ-DI;12/08/2022;1357,188115
IDA LIQ-DI;15/08/2022;1357,737586
IDA LIQ-DI;16/08/2022;1358,211782
IDA LIQ-DI;17/08/2022;1359,041808
IDA LIQ-DI;18/08/2022;1359,793224
IDA LIQ-DI;19/08/2022;1360,381619
IDA LIQ-DI;22/08/2022;1361,36455
IDA LIQ-DI;23/08/2022;1362,134231
IDA LIQ-DI;24/08/2022;1362,994572
IDA LIQ-DI;25/08/2022;1363,923257
IDA LIQ-DI;26/08/2022;1364,498631
IDA LIQ-DI;29/08/2022;1365,198029
IDA LIQ-DI;30/08/2022;1365,995269
IDA LIQ-DI;31/08/2022;1366,842042
IDA LIQ-DI;01/09/2022;1367,949997
IDA LIQ-DI;02/09/2022;1368,746597
IDA LIQ-DI;05/09/2022;1370,008306
IDA LIQ-DI;06/09/2022;1371,124487
IDA LIQ-DI;08/09/2022;1372,026551
IDA LIQ-DI;09/09/2022;1372,961121
IDA LIQ-DI;12/09/2022;1373,726389
IDA LIQ-DI;13/09/2022;1374,550735
IDA LIQ-DI;14/09/2022;1375,527584
IDA LIQ-DI;15/09/2022;1376,448104
IDA LIQ-DI;16/09/2022;1377,100171
IDA LIQ-DI;19/09/2022;1377,891851
IDA LIQ-DI;20/09/2022;1378,777027
IDA LIQ-DI;21/09/2022;1380,231337
IDA LIQ-DI;22/09/2022;1380,882135
IDA LIQ-DI;23/09/2022;1382,028368
IDA LIQ-DI;26/09/2022;1382,629548
IDA LIQ-DI;27/09/2022;1383,392139
IDA LIQ-DI;28/09/2022;1384,897806
IDA LIQ-DI;29/09/2022;1385,536545
IDA LIQ-DI;30/09/2022;1386,212186
IDA LIQ-DI;03/10/2022;1387,399128
IDA LIQ-DI;04/10/2022;1388,323739
IDA LIQ-DI;05/10/2022;1389,343063
IDA LIQ-DI;06/10/2022;1390,393704
IDA LIQ-DI;07/10/2022;1391,333492
IDA LIQ-DI;10/10/2022;1392,413563
IDA LIQ-DI;11/10/2022;1393,106987
IDA LIQ-DI;13/10/2022;1394,115106
IDA LIQ-DI;14/10/2022;1394,960856
IDA LIQ-DI;17/10/2022;1396,106856
IDA LIQ-DI;18/10/2022;1397,195762
IDA LIQ-DI;19/10/2022;1398,118873
IDA LIQ-DI;20/10/2022;1399,102316
IDA LIQ-DI;21/10/2022;1400,021607
IDA LIQ-DI;24/10/2022;1400,971008
IDA LIQ-DI;25/10/2022;1401,775959
IDA LIQ-DI;26/10/2022;1402,521476
IDA LIQ-DI;27/10/2022;1403,337599
IDA LIQ-DI;28/10/2022;1404,217527
IDA LIQ-DI;31/10/2022;1405,080622
IDA LIQ-DI;01/11/2022;1405,780805
IDA LIQ-DI;03/11/2022;1406,658225
IDA LIQ-DI;04/11/2022;1407,603755
IDA LIQ-DI;07/11/2022;1408,419677
IDA LIQ-DI;08/11/2022;1409,254613
IDA LIQ-DI;09/11/2022;1409,941066
IDA LIQ-DI;10/11/2022;1410,076491
IDA LIQ-DI;11/11/2022;1410,703262
IDA LIQ-DI;14/11/2022;1411,712504
IDA LIQ-DI;16/11/2022;1412,30582
IDA LIQ-DI;17/11/2022;1413,348646
IDA LIQ-DI;18/11/2022;1413,90981
IDA LIQ-DI;21/11/2022;1414,642003
IDA LIQ-DI;22/11/2022;1415,213047
IDA LIQ-DI;23/11/2022;1416,001354
IDA LIQ-DI;24/11/2022;1416,681249
IDA LIQ-DI;25/11/2022;1418,092676
IDA LIQ-DI;28/11/2022;1418,447492
IDA LIQ-DI;29/11/2022;1419,116402
IDA LIQ-DI;30/11/2022;1419,969017
IDA LIQ-DI;01/12/2022;1420,844935
IDA LIQ-DI;02/12/2022;1421,698786
IDA LIQ-DI;05/12/2022;1422,509435
IDA LIQ-DI;06/12/2022;1423,226736
IDA LIQ-DI;07/12/2022;1423,980566
IDA LIQ-DI;08/12/2022;1424,781825
IDA LIQ-DI;09/12/2022;1425,782625
IDA LIQ-DI;12/12/2022;1426,354146
IDA LIQ-DI;13/12/2022;1427,125042
IDA LIQ-DI;14/12/2022;1427,893712
IDA LIQ-DI;15/12/2022;1428,694964
IDA LIQ-DI;16/12/2022;1429,212921
IDA LIQ-DI;19/12/2022;1429,808254
IDA LIQ-DI;20/12/2022;1430,306793
IDA LIQ-DI;21/12/2022;1431,090776
IDA LIQ-DI;22/12/2022;1431,813468
IDA LIQ-DI;23/12/2022;1432,460033
IDA LIQ-DI;26/12/2022;1432,849675
IDA LIQ-DI;27/12/2022;1433,780765
IDA LIQ-DI;28/12/2022;1434,646329
IDA LIQ-DI;29/12/2022;1435,808033
IDA LIQ-DI;30/12/2022;1436,677219
IDA LIQ-DI;02/01/2023;1437,328983
IDA LIQ-DI;03/01/2023;1438,163919
IDA LIQ-DI;04/01/2023;1439,022195
IDA LIQ-DI;05/01/2023;1439,707141
IDA LIQ-DI;06/01/2023;1440,656808
IDA LIQ-DI;09/01/2023;1441,520885
IDA LIQ-DI;10/01/2023;1442,382049
IDA LIQ-DI;11/01/2023;1443,249095
IDA LIQ-DI;12/01/2023;1386,944123
IDA LIQ-DI;13/01/2023;1387,214355
IDA LIQ-DI;16/01/2023;1375,144205
IDA LIQ-DI;17/01/2023;1356,754728
IDA LIQ-DI;18/01/2023;1354,70665
IDA LIQ-DI;19/01/2023;1347,671563
IDA LIQ-DI;20/01/2023;1347,837265
IDA LIQ-DI;23/01/2023;1348,272832
IDA LIQ-DI;24/01/2023;1349,022679
IDA LIQ-DI;25/01/2023;1349,539377
IDA LIQ-DI;26/01/2023;1350,3746
IDA LIQ-DI;27/01/2023;1351,393022
IDA LIQ-DI;30/01/2023;1351,981805
IDA LIQ-DI;31/01/2023;1352,54748
IDA LIQ-DI;01/02/2023;1351,937327
IDA LIQ-DI;02/02/2023;1335,680103
IDA LIQ-DI;03/02/2023;1327,382981
IDA LIQ-DI;06/02/2023;1327,02053
IDA LIQ-DI;07/02/2023;1323,690182
IDA LIQ-DI;08/02/2023;1322,907273
IDA LIQ-DI;09/02/2023;1321,914445
IDA LIQ-DI;10/02/2023;1320,931745
IDA LIQ-DI;13/02/2023;1319,297893
IDA LIQ-DI;14/02/2023;1318,367619
IDA LIQ-DI;15/02/2023;1317,641272
IDA LIQ-DI;16/02/2023;1318,579378
IDA LIQ-DI;17/02/2023;1318,942932
IDA LIQ-DI;22/02/2023;1320,761515
IDA LIQ-DI;23/02/2023;1320,639205
IDA LIQ-DI;24/02/2023;1320,556516
IDA LIQ-DI;27/02/2023;1319,911444
IDA LIQ-DI;28/02/2023;1319,979124
IDA LIQ-DI;01/03/2023;1321,497715
IDA LIQ-DI;02/03/2023;1321,825379
IDA LIQ-DI;03/03/2023;1321,447599
IDA LIQ-DI;06/03/2023;1320,898696
IDA LIQ-DI;07/03/2023;1321,050095
IDA LIQ-DI;08/03/2023;1321,234713
IDA LIQ-DI;09/03/2023;1322,006801
IDA LIQ-DI;10/03/2023;1322,848617
IDA LIQ-DI;13/03/2023;1323,479823
IDA LIQ-DI;14/03/2023;1324,934125
IDA LIQ-DI;15/03/2023;1325,269784
IDA LIQ-DI;16/03/2023;1326,199042
IDA LIQ-DI;17/03/2023;1326,597403
IDA LIQ-DI;20/03/2023;1326,978574
IDA LIQ-DI;21/03/2023;1327,681382
IDA LIQ-DI;22/03/2023;1328,116483
IDA LIQ-DI;23/03/2023;1328,441245
IDA LIQ-DI;24/03/2023;1328,371682
IDA LIQ-DI;27/03/2023;1327,924848
IDA LIQ-DI;28/03/2023;1328,623154
IDA LIQ-DI;29/03/2023;1329,08186
IDA LIQ-DI;30/03/2023;1329,908003
IDA LIQ-DI;31/03/2023;1330,585799
IDA LIQ-DI;03/04/2023;1331,896958
IDA LIQ-DI;04/04/2023;1332,967485
IDA LIQ-DI;05/04/2023;1334,386453
IDA LIQ-DI;06/04/2023;1335,330928
IDA LIQ-DI;10/04/2023;1335,910932
IDA LIQ-DI;11/04/2023;1336,312423
IDA LIQ-DI;12/04/2023;1337,055468
IDA LIQ-DI;13/04/2023;1337,206136
IDA LIQ-DI;14/04/2023;1337,730735
IDA LIQ-DI;17/04/2023;1337,58937
IDA LIQ-DI;18/04/2023;1338,485222
IDA LIQ-DI;19/04/2023;1338,849437
IDA LIQ-DI;20/04/2023;1339,107064
IDA LIQ-DI;24/04/2023;1339,41714
IDA LIQ-DI;25/04/2023;1340,100654
IDA LIQ-DI;26/04/2023;1340,765808
IDA LIQ-DI;27/04/2023;1341,538809
IDA LIQ-DI;28/04/2023;1342,048367
IDA LIQ-DI;02/05/2023;1342,635097
IDA LIQ-DI;03/05/2023;1343,417342
IDA LIQ-DI;04/05/2023;1343,798788
IDA LIQ-DI;05/05/2023;1345,115071
IDA LIQ-DI;08/05/2023;1345,837766
IDA LIQ-DI;09/05/2023;1346,761803
IDA LIQ-DI;10/05/2023;1347,241818
IDA LIQ-DI;11/05/2023;1347,723266
IDA LIQ-DI;12/05/2023;1348,529163
IDA LIQ-DI;15/05/2023;1349,75599
IDA LIQ-DI;16/05/2023;1350,703512
IDA LIQ-DI;17/05/2023;1352,022136
IDA LIQ-DI;18/05/2023;1353,305051
IDA LIQ-DI;19/05/2023;1354,858655
IDA LIQ-DI;22/05/2023;1356,242037
IDA LIQ-DI;23/05/2023;1357,717833
IDA LIQ-DI;24/05/2023;1359,543644
IDA LIQ-DI;25/05/2023;1360,348023
IDA LIQ-DI;26/05/2023;1361,664608
IDA LIQ-DI;29/05/2023;1362,913531
IDA LIQ-DI;30/05/2023;1363,978289
IDA LIQ-DI;31/05/2023;1365,092335
IDA LIQ-DI;01/06/2023;1366,248085
IDA LIQ-DI;02/06/2023;1367,349965
IDA LIQ-DI;05/06/2023;1368,453215
IDA LIQ-DI;06/06/2023;1369,452197
IDA LIQ-DI;07/06/2023;1370,511762
IDA LIQ-DI;09/06/2023;1371,323279
IDA LIQ-DI;12/06/2023;1372,312441
IDA LIQ-DI;13/06/2023;1373,351849
IDA LIQ-DI;14/06/2023;1374,521342
IDA LIQ-DI;15/06/2023;1375,383763
IDA LIQ-DI;16/06/2023;1376,441141
IDA LIQ-DI;19/06/2023;1377,363911
IDA LIQ-DI;20/06/2023;1378,313505
IDA LIQ-DI;21/06/2023;1379,286265
IDA LIQ-DI;22/06/2023;1380,176076
IDA LIQ-DI;23/06/2023;1380,951002
IDA LIQ-DI;26/06/2023;1381,780938
IDA LIQ-DI;27/06/2023;1382,714181
IDA LIQ-DI;28/06/2023;1383,633054
IDA LIQ-DI;29/06/2023;1384,264664
IDA LIQ-DI;30/06/2023;1384,754828
IDA LIQ-DI;03/07/2023;1385,408194
IDA LIQ-DI;04/07/2023;1386,255476
IDA LIQ-DI;05/07/2023;1387,052178
IDA LIQ-DI;06/07/2023;1387,975613
IDA LIQ-DI;07/07/2023;1388,75087
IDA LIQ-DI;10/07/2023;1389,693964
IDA LIQ-DI;11/07/2023;1390,753393
IDA LIQ-DI;12/07/2023;1391,752151
IDA LIQ-DI;13/07/2023;1393,039112
IDA LIQ-DI;14/07/2023;1394,108727
IDA LIQ-DI;17/07/2023;1395,250268
IDA LIQ-DI;18/07/2023;1396,527422
IDA LIQ-DI;19/07/2023;1397,877178
IDA LIQ-DI;20/07/2023;1399,19598
IDA LIQ-DI;21/07/2023;1400,33694
IDA LIQ-DI;24/07/2023;1401,724714
IDA LIQ-DI;25/07/2023;1402,930431
IDA LIQ-DI;26/07/2023;1404,321645
IDA LIQ-DI;27/07/2023;1405,315122
IDA LIQ-DI;28/07/2023;1406,455884
IDA LIQ-DI;31/07/2023;1407,627734
IDA LIQ-DI;01/08/2023;1408,761498
IDA LIQ-DI;02/08/2023;1410,088491
IDA LIQ-DI;03/08/2023;1411,349293
IDA LIQ-DI;04/08/2023;1412,530244
IDA LIQ-DI;07/08/2023;1413,860417
IDA LIQ-DI;08/08/2023;1415,247821
IDA LIQ-DI;09/08/2023;1416,133895
IDA LIQ-DI;10/08/2023;1417,409447
IDA LIQ-DI;11/08/2023;1418,615532
IDA LIQ-DI;14/08/2023;1419,709164
IDA LIQ-DI;15/08/2023;1420,876598
IDA LIQ-DI;16/08/2023;1422,480226
IDA LIQ-DI;17/08/2023;1423,812682
IDA LIQ-DI;18/08/2023;1425,09852
IDA LIQ-DI;21/08/2023;1426,23437
IDA LIQ-DI;22/08/2023;1427,080093
IDA LIQ-DI;23/08/2023;1428,19175
IDA LIQ-DI;24/08/2023;1429,717392
IDA LIQ-DI;25/08/2023;1431,196599
IDA LIQ-DI;28/08/2023;1432,360819
IDA LIQ-DI;29/08/2023;1433,498478
IDA LIQ-DI;30/08/2023;1434,236314
IDA LIQ-DI;31/08/2023;1435,238885
IDA LIQ-DI;01/09/2023;1436,172398
IDA LIQ-DI;04/09/2023;1437,234929
IDA LIQ-DI;05/09/2023;1438,265498
IDA LIQ-DI;06/09/2023;1439,232097
IDA LIQ-DI;08/09/2023;1440,479397
IDA LIQ-DI;11/09/2023;1441,173485
IDA LIQ-DI;12/09/2023;1442,120893
IDA LIQ-DI;13/09/2023;1442,57609
IDA LIQ-DI;14/09/2023;1443,700288
IDA LIQ-DI;15/09/2023;1444,675746
IDA LIQ-DI;18/09/2023;1445,605669
IDA LIQ-DI;19/09/2023;1446,776026
IDA LIQ-DI;20/09/2023;1447,909334
IDA LIQ-DI;21/09/2023;1449,021773
IDA LIQ-DI;22/09/2023;1449,968224
IDA LIQ-DI;25/09/2023;1450,918936
IDA LIQ-DI;26/09/2023;1451,754438
IDA LIQ-DI;27/09/2023;1452,662351
IDA LIQ-DI;28/09/2023;1453,665399
IDA LIQ-DI;29/09/2023;1454,601082
IDA LIQ-DI;02/10/2023;1454,980593
IDA LIQ-DI;03/10/2023;1455,924304
IDA LIQ-DI;04/10/2023;1456,474936
IDA LIQ-DI;05/10/2023;1457,147042
IDA LIQ-DI;06/10/2023;1457,600142
IDA LIQ-DI;09/10/2023;1457,977152
IDA LIQ-DI;10/10/2023;1458,493474
IDA LIQ-DI;11/10/2023;1459,460429
IDA LIQ-DI;13/10/2023;1460,700367
IDA LIQ-DI;16/10/2023;1461,581691
IDA LIQ-DI;17/10/2023;1462,652221
IDA LIQ-DI;18/10/2023;1463,37033
IDA LIQ-DI;19/10/2023;1464,476659
IDA LIQ-DI;20/10/2023;1465,889405
IDA LIQ-DI;23/10/2023;1466,872056
IDA LIQ-DI;24/10/2023;1468,010724
IDA LIQ-DI;25/10/2023;1469,048135
IDA LIQ-DI;26/10/2023;1469,898129
IDA LIQ-DI;27/10/2023;1470,384972
IDA LIQ-DI;30/10/2023;1471,378047
IDA LIQ-DI;31/10/2023;1472,311963
IDA LIQ-DI;01/11/2023;1473,458255
IDA LIQ-DI;03/11/2023;1474,235467
IDA LIQ-DI;06/11/2023;1475,115449
IDA LIQ-DI;07/11/2023;1476,192277
IDA LIQ-DI;08/11/2023;1477,056235
IDA LIQ-DI;09/11/2023;1478,299928
IDA LIQ-DI;10/11/2023;1479,236465
IDA LIQ-DI;13/11/2023;1480,160873
IDA LIQ-DI;14/11/2023;1480,950434
IDA LIQ-DI;16/11/2023;1481,945777
IDA LIQ-DI;17/11/2023;1481,962851
IDA LIQ-DI;20/11/2023;1483,199478
IDA LIQ-DI;21/11/2023;1484,183644
IDA LIQ-DI;22/11/2023;1484,855261
IDA LIQ-DI;23/11/2023;1485,76098
IDA LIQ-DI;24/11/2023;1486,596025
IDA LIQ-DI;27/11/2023;1487,495386
IDA LIQ-DI;28/11/2023;1488,708132
IDA LIQ-DI;29/11/2023;1489,689234
IDA LIQ-DI;30/11/2023;1490,879065
IDA LIQ-DI;01/12/2023;1491,576685
IDA LIQ-DI;04/12/2023;1491,87258
IDA LIQ-DI;05/12/2023;1492,512516
IDA LIQ-DI;06/12/2023;1493,256015
IDA LIQ-DI;07/12/2023;1493,963224
IDA LIQ-DI;08/12/2023;1494,725733
IDA LIQ-DI;11/12/2023;1495,624113
IDA LIQ-DI;12/12/2023;1496,740579
IDA LIQ-DI;13/12/2023;1497,72741
IDA LIQ-DI;14/12/2023;1498,808533
IDA LIQ-DI;15/12/2023;1498,921754
IDA LIQ-DI;18/12/2023;1500,580967
IDA LIQ-DI;19/12/2023;1501,223325
IDA LIQ-DI;20/12/2023;1501,831805
IDA LIQ-DI;21/12/2023;1502,489488
IDA LIQ-DI;22/12/2023;1503,19195
IDA LIQ-DI;26/12/2023;1503,725956
IDA LIQ-DI;27/12/2023;1504,486708
IDA LIQ-DI;28/12/2023;1505,479261
IDA LIQ-DI;29/12/2023;1506,254172
IDA LIQ-DI;02/01/2024;1506,691574
IDA LIQ-DI;03/01/2024;1508,328278
IDA LIQ-DI;04/01/2024;1508,461069
IDA LIQ-DI;05/01/2024;1509,062088
IDA LIQ-DI;08/01/2024;1509,746829
IDA LIQ-DI;09/01/2024;1510,581981
IDA LIQ-DI;10/01/2024;1511,412924
IDA LIQ-DI;11/01/2024;1511,940556
IDA LIQ-DI;12/01/2024;1512,912373
IDA LIQ-DI;15/01/2024;1513,726193
IDA LIQ-DI;16/01/2024;1514,457564
IDA LIQ-DI;17/01/2024;1515,279305
IDA LIQ-DI;18/01/2024;1516,180838
IDA LIQ-DI;19/01/2024;1517,176555
IDA LIQ-DI;22/01/2024;1518,241445
IDA LIQ-DI;23/01/2024;1518,981181
IDA LIQ-DI;24/01/2024;1520,180105
IDA LIQ-DI;25/01/2024;1521,529496
IDA LIQ-DI;26/01/2024;1522,438843
IDA LIQ-DI;29/01/2024;1523,740238
IDA LIQ-DI;30/01/2024;1525,296449
IDA LIQ-DI;31/01/2024;1526,75137
IDA LIQ-DI;01/02/2024;1527,907957
IDA LIQ-DI;02/02/2024;1528,624456
IDA LIQ-DI;05/02/2024;1529,950119
IDA LIQ-DI;06/02/2024;1531,800732
IDA LIQ-DI;07/02/2024;1533,473362
IDA LIQ-DI;08/02/2024;1534,523952
IDA LIQ-DI;09/02/2024;1535,764326
IDA LIQ-DI;14/02/2024;1536,576054
IDA LIQ-DI;15/02/2024;1537,763935
IDA LIQ-DI;16/02/2024;1538,885735
IDA LIQ-DI;19/02/2024;1540,580169
IDA LIQ-DI;20/02/2024;1541,710982
IDA LIQ-DI;21/02/2024;1543,194565
IDA LIQ-DI;22/02/2024;1542,789212
IDA LIQ-DI;23/02/2024;1544,633126
IDA LIQ-DI;26/02/2024;1546,000957
IDA LIQ-DI;27/02/2024;1547,287367
IDA LIQ-DI;28/02/2024;1548,634798
IDA LIQ-DI;29/02/2024;1549,868422
IDA LIQ-DI;01/03/2024;1550,975895
IDA LIQ-DI;04/03/2024;1552,340678
IDA LIQ-DI;05/03/2024;1553,142764
IDA LIQ-DI;06/03/2024;1555,109314
IDA LIQ-DI;07/03/2024;1556,308697
IDA LIQ-DI;08/03/2024;1557,414136
IDA LIQ-DI;11/03/2024;1558,562933
IDA LIQ-DI;12/03/2024;1559,593466
IDA LIQ-DI;13/03/2024;1560,86933
IDA LIQ-DI;14/03/2024;1561,618719
IDA LIQ-DI;15/03/2024;1562,941285
IDA LIQ-DI;18/03/2024;1563,75835
IDA LIQ-DI;19/03/2024;1564,957679
IDA LIQ-DI;20/03/2024;1566,049572
IDA LIQ-DI;21/03/2024;1567,246909
IDA LIQ-DI;22/03/2024;1568,233615
IDA LIQ-DI;25/03/2024;1570,347397
IDA LIQ-DI;26/03/2024;1571,828947
IDA LIQ-DI;27/03/2024;1571,600237
IDA LIQ-DI;28/03/2024;1572,136535
IDA LIQ-DI;01/04/2024;1572,980723
IDA LIQ-DI;02/04/2024;1575,120607
IDA LIQ-DI;03/04/2024;1575,782338
IDA LIQ-DI;04/04/2024;1576,559437
IDA LIQ-DI;05/04/2024;1577,486364
IDA LIQ-DI;08/04/2024;1577,909444
IDA LIQ-DI;09/04/2024;1579,073202
IDA LIQ-DI;10/04/2024;1579,938539
IDA LIQ-DI;11/04/2024;1580,705272
IDA LIQ-DI;12/04/2024;1581,058747
IDA LIQ-DI;15/04/2024;1581,511663
IDA LIQ-DI;16/04/2024;1582,218611
IDA LIQ-DI;17/04/2024;1583,781307
IDA LIQ-DI;18/04/2024;1584,447231
IDA LIQ-DI;19/04/2024;1584,825558
IDA LIQ-DI;22/04/2024;1586,430803
IDA LIQ-DI;23/04/2024;1587,228808
IDA LIQ-DI;24/04/2024;1587,260361
IDA LIQ-DI;25/04/2024;1588,080561
IDA LIQ-DI;26/04/2024;1589,332401
IDA LIQ-DI;29/04/2024;1590,980062
IDA LIQ-DI;30/04/2024;1590,824912
IDA LIQ-DI;02/05/2024;1590,817545
IDA LIQ-DI;03/05/2024;1591,33712
IDA LIQ-DI;06/05/2024;1592,321016
IDA LIQ-DI;07/05/2024;1592,804927
IDA LIQ-DI;08/05/2024;1593,746309
IDA LIQ-DI;09/05/2024;1594,121771
IDA LIQ-DI;10/05/2024;1593,434704
IDA LIQ-DI;13/05/2024;1594,363789
IDA LIQ-DI;14/05/2024;1595,111772
IDA LIQ-DI;15/05/2024;1596,319867
IDA LIQ-DI;16/05/2024;1599,476743
IDA LIQ-DI;17/05/2024;1600,686675
IDA LIQ-DI;20/05/2024;1601,309682
IDA LIQ-DI;21/05/2024;1603,011386
IDA LIQ-DI;22/05/2024;1604,200054
IDA LIQ-DI;23/05/2024;1604,658318
IDA LIQ-DI;24/05/2024;1605,787857
IDA LIQ-DI;27/05/2024;1606,358471
IDA LIQ-DI;28/05/2024;1607,259735
IDA LIQ-DI;29/05/2024;1607,535787
IDA LIQ-DI;31/05/2024;1608,443549
IDA LIQ-DI;03/06/2024;1609,96289
IDA LIQ-DI;04/06/2024;1611,112504
IDA LIQ-DI;05/06/2024;1611,67751
IDA LIQ-DI;06/06/2024;1612,542514
IDA LIQ-DI;07/06/2024;1613,341366
IDA LIQ-DI;10/06/2024;1613,931055
IDA LIQ-DI;11/06/2024;1615,033244
IDA LIQ-DI;12/06/2024;1615,241247
IDA LIQ-DI;13/06/2024;1615,962384
IDA LIQ-DI;14/06/2024;1617,472717
IDA LIQ-DI;17/06/2024;1618,212494
IDA LIQ-DI;18/06/2024;1618,249431
IDA LIQ-DI;19/06/2024;1619,576797
IDA LIQ-DI;20/06/2024;1620,09621
IDA LIQ-DI;21/06/2024;1621,11438
IDA LIQ-DI;24/06/2024;1621,703214
IDA LIQ-DI;25/06/2024;1622,225742
IDA LIQ-DI;26/06/2024;1623,250732
IDA LIQ-DI;27/06/2024;1623,900829
IDA LIQ-DI;28/06/2024;1625,329608
IDA LIQ-DI;01/07/2024;1626,184266
IDA LIQ-DI;02/07/2024;1626,991481
IDA LIQ-DI;03/07/2024;1628,426525
IDA LIQ-DI;04/07/2024;1630,07629
IDA LIQ-DI;05/07/2024;1630,985968
IDA LIQ-DI;08/07/2024;1631,694578
IDA LIQ-DI;09/07/2024;1633,048694
IDA LIQ-DI;10/07/2024;1634,175671
IDA LIQ-DI;11/07/2024;1635,722467
IDA LIQ-DI;12/07/2024;1636,53661
IDA LIQ-DI;15/07/2024;1637,279659
IDA LIQ-DI;16/07/2024;1638,048212
IDA LIQ-DI;17/07/2024;1638,914204
IDA LIQ-DI;18/07/2024;1640,231222
IDA LIQ-DI;19/07/2024;1641,060954
IDA LIQ-DI;22/07/2024;1641,300688
IDA LIQ-DI;23/07/2024;1642,552493
IDA LIQ-DI;24/07/2024;1644,154988
IDA LIQ-DI;25/07/2024;1645,162837
IDA LIQ-DI;26/07/2024;1646,688744
IDA LIQ-DI;29/07/2024;1647,187118
IDA LIQ-DI;30/07/2024;1648,411349
IDA LIQ-DI;31/07/2024;1649,009159
IDA LIQ-DI;01/08/2024;1650,284904
IDA LIQ-DI;02/08/2024;1650,884351
IDA LIQ-DI;05/08/2024;1651,559094
IDA LIQ-DI;06/08/2024;1651,270501
IDA LIQ-DI;07/08/2024;1652,641381
IDA LIQ-DI;08/08/2024;1653,511348
IDA LIQ-DI;09/08/2024;1654,793876
IDA LIQ-DI;12/08/2024;1655,684611
IDA LIQ-DI;13/08/2024;1656,994574
IDA LIQ-DI;14/08/2024;1658,160744
IDA LIQ-DI;15/08/2024;1659,142383
IDA LIQ-DI;16/08/2024;1659,901652
IDA LIQ-DI;19/08/2024;1661,305273
IDA LIQ-DI;20/08/2024;1662,328021
IDA LIQ-DI;21/08/2024;1663,083013
IDA LIQ-DI;22/08/2024;1663,956087
IDA LIQ-DI;23/08/2024;1665,304033
IDA LIQ-DI;26/08/2024;1666,154055
IDA LIQ-DI;27/08/2024;1667,334811
IDA LIQ-DI;28/08/2024;1667,798171
IDA LIQ-DI;29/08/2024;1668,643789
IDA LIQ-DI;30/08/2024;1669,560458
IDA LIQ-DI;02/09/2024;1670,499632
IDA LIQ-DI;03/09/2024;1671,404821
IDA LIQ-DI;04/09/2024;1672,959172
IDA LIQ-DI;05/09/2024;1674,224622
IDA LIQ-DI;06/09/2024;1674,669865
IDA LIQ-DI;09/09/2024;1675,538173
IDA LIQ-DI;10/09/2024;1676,925982
IDA LIQ-DI;11/09/2024;1678,262216
IDA LIQ-DI;12/09/2024;1678,807896
IDA LIQ-DI;13/09/2024;1679,768111
IDA LIQ-DI;16/09/2024;1680,606832
IDA LIQ-DI;17/09/2024;1680,621482
IDA LIQ-DI;18/09/2024;1681,60494
IDA LIQ-DI;19/09/2024;1682,358198
IDA LIQ-DI;20/09/2024;1683,037653
IDA LIQ-DI;23/09/2024;1683,939179
IDA LIQ-DI;24/09/2024;1684,989254
IDA LIQ-DI;25/09/2024;1685,310241
IDA LIQ-DI;26/09/2024;1686,098286
IDA LIQ-DI;27/09/2024;1687,033973
IDA LIQ-DI;30/09/2024;1688,011579
IDA LIQ-DI;01/10/2024;1688,690616
IDA LIQ-DI;02/10/2024;1688,970595
IDA LIQ-DI;03/10/2024;1689,68889
IDA LIQ-DI;04/10/2024;1690,580008
IDA LIQ-DI;07/10/2024;1691,0038
IDA LIQ-DI;08/10/2024;1691,557295
IDA LIQ-DI;09/10/2024;1692,030437
IDA LIQ-DI;10/10/2024;1692,301812
IDA LIQ-DI;11/10/2024;1692,566704
IDA LIQ-DI;14/10/2024;1693,057001
IDA LIQ-DI;15/10/2024;1693,55703
IDA LIQ-DI;16/10/2024;1693,98962
IDA LIQ-DI;17/10/2024;1694,921444
IDA LIQ-DI;18/10/2024;1695,785727
IDA LIQ-DI;21/10/2024;1696,667396
IDA LIQ-DI;22/10/2024;1696,806134
IDA LIQ-DI;23/10/2024;1697,588846
IDA LIQ-DI;24/10/2024;1698,377093
IDA LIQ-DI;25/10/2024;1698,928386
IDA LIQ-DI;28/10/2024;1699,628764
IDA LIQ-DI;29/10/2024;1700,224694
IDA LIQ-DI;30/10/2024;1701,1099
IDA LIQ-DI;31/10/2024;1702,21328
IDA LIQ-DI;01/11/2024;1702,497209
IDA LIQ-DI;04/11/2024;1703,969862
IDA LIQ-DI;05/11/2024;1704,362526
IDA LIQ-DI;06/11/2024;1705,004677
IDA LIQ-DI;07/11/2024;1705,055343
IDA LIQ-DI;08/11/2024;1705,712301
IDA LIQ-DI;11/11/2024;1706,836927
IDA LIQ-DI;12/11/2024;1707,631043
IDA LIQ-DI;13/11/2024;1708,161506
IDA LIQ-DI;14/11/2024;1709,936731
IDA LIQ-DI;18/11/2024;1710,863888
IDA LIQ-DI;19/11/2024;1712,055989
IDA LIQ-DI;21/11/2024;1713,128055
IDA LIQ-DI;22/11/2024;1714,032931
IDA LIQ-DI;25/11/2024;1714,420747
IDA LIQ-DI;26/11/2024;1715,490949
IDA LIQ-DI;27/11/2024;1715,695521
IDA LIQ-DI;28/11/2024;1715,958998
IDA LIQ-DI;29/11/2024;1716,801333
IDA LIQ-DI;02/12/2024;1717,318839
IDA LIQ-DI;03/12/2024;1718,957435
IDA LIQ-DI;04/12/2024;1718,676189
IDA LIQ-DI;05/12/2024;1719,478091
IDA LIQ-DI;06/12/2024;1719,792599
IDA LIQ-DI;09/12/2024;1720,530338
IDA LIQ-DI;10/12/2024;1721,258322
IDA LIQ-DI;11/12/2024;1722,416636
IDA LIQ-DI;12/12/2024;1722,6256
IDA LIQ-DI;13/12/2024;1723,330355
IDA LIQ-DI;16/12/2024;1723,299428
IDA LIQ-DI;17/12/2024;1724,470859
IDA LIQ-DI;18/12/2024;1723,622432
IDA LIQ-DI;19/12/2024;1721,708206
IDA LIQ-DI;20/12/2024;1717,73179
IDA LIQ-DI;23/12/2024;1713,984467
IDA LIQ-DI;24/12/2024;1714,908615
IDA LIQ-DI;26/12/2024;1712,561154
IDA LIQ-DI;27/12/2024;1711,453318
IDA LIQ-DI;30/12/2024;1712,155475
IDA LIQ-DI;31/12/2024;1713,086108
IDA LIQ-DI;02/01/2025;1715,468138
IDA LIQ-DI;03/01/2025;1715,792902
IDA LIQ-DI;06/01/2025;1716,806378
IDA LIQ-DI;07/01/2025;1717,998905
IDA LIQ-DI;08/01/2025;1718,99881
IDA LIQ-DI;09/01/2025;1720,438769
IDA LIQ-DI;10/01/2025;1720,538138
IDA LIQ-DI;13/01/2025;1721,976922
IDA LIQ-DI;14/01/2025;1723,005022
IDA LIQ-DI;15/01/2025;1724,536112
IDA LIQ-DI;16/01/2025;1726,0532
IDA LIQ-DI;17/01/2025;1727,489845
IDA LIQ-DI;20/01/2025;1728,902414
IDA LIQ-DI;21/01/2025;1730,214672
IDA LIQ-DI;22/01/2025;1732,478134
IDA LIQ-DI;23/01/2025;1733,458021
IDA LIQ-DI;24/01/2025;1735,240303
IDA LIQ-DI;27/01/2025;1736,347759
IDA LIQ-DI;28/01/2025;1737,490127
IDA LIQ-DI;29/01/2025;1738,886278
IDA LIQ-DI;30/01/2025;1739,863189
IDA LIQ-DI;31/01/2025;1741,372896
IDA LIQ-DI;03/02/2025;1742,572424
IDA LIQ-DI;04/02/2025;1743,369749
IDA LIQ-DI;05/02/2025;1745,347837
IDA LIQ-DI;06/02/2025;1745,910709
IDA LIQ-DI;07/02/2025;1746,660982
IDA LIQ-DI;10/02/2025;1746,915096
IDA LIQ-DI;11/02/2025;1749,235172
IDA LIQ-DI;12/02/2025;1749,937275
IDA LIQ-DI;13/02/2025;1751,264475
IDA LIQ-DI;14/02/2025;1752,079842
IDA LIQ-DI;17/02/2025;1753,626835
IDA LIQ-DI;18/02/2025;1754,568612
IDA LIQ-DI;19/02/2025;1755,382464
IDA LIQ-DI;20/02/2025;1756,524909
IDA LIQ-DI;21/02/2025;1757,795373
IDA LIQ-DI;24/02/2025;1758,960466
IDA LIQ-DI;25/02/2025;1760,36809
IDA LIQ-DI;26/02/2025;1761,834829
IDA LIQ-DI;27/02/2025;1762,611804
IDA LIQ-DI;28/02/2025;1763,439077
IDA LIQ-DI;05/03/2025;1764,439213
IDA LIQ-DI;06/03/2025;1764,505453
IDA LIQ-DI;07/03/2025;1765,243292
IDA LIQ-DI;10/03/2025;1766,133637
IDA LIQ-DI;11/03/2025;1767,640422
IDA LIQ-DI;12/03/2025;1768,892475
IDA LIQ-DI;13/03/2025;1769,761511
IDA LIQ-DI;14/03/2025;1770,149417
IDA LIQ-DI;17/03/2025;1771,872934
IDA LIQ-DI;18/03/2025;1773,165642
IDA LIQ-DI;19/03/2025;1775,354742
IDA LIQ-DI;20/03/2025;1775,991557
IDA LIQ-DI;21/03/2025;1777,882469
IDA LIQ-DI;24/03/2025;1779,101932
IDA LIQ-DI;25/03/2025;1779,939594
IDA LIQ-DI;26/03/2025;1781,242864
IDA LIQ-DI;27/03/2025;1782,13425
IDA LIQ-DI;28/03/2025;1783,363854
IDA LIQ-DI;31/03/2025;1784,948601
IDA LIQ-DI;01/04/2025;1785,835883
IDA LIQ-DI;02/04/2025;1786,1951
IDA LIQ-DI;03/04/2025;1786,907106
IDA LIQ-DI;04/04/2025;1789,052978
IDA LIQ-DI;07/04/2025;1789,311533
IDA LIQ-DI;08/04/2025;1790,093645
IDA LIQ-DI;09/04/2025;1790,231892
IDA LIQ-DI;10/04/2025;1790,690305
IDA LIQ-DI;11/04/2025;1791,766095
IDA LIQ-DI;14/04/2025;1792,929429
IDA LIQ-DI;15/04/2025;1793,801912
IDA LIQ-DI;16/04/2025;1795,075201
IDA LIQ-DI;17/04/2025;1797,206863
IDA LIQ-DI;22/04/2025;1797,116289
IDA LIQ-DI;23/04/2025;1797,138932
IDA LIQ-DI;24/04/2025;1798,724381
IDA LIQ-DI;25/04/2025;1798,763437
IDA LIQ-DI;28/04/2025;1800,23265
IDA LIQ-DI;29/04/2025;1801,709514
IDA LIQ-DI;30/04/2025;1802,833326
IDA LIQ-DI;02/05/2025;1804,101241
IDA LIQ-DI;05/05/2025;1804,730368
IDA LIQ-DI;06/05/2025;1806,108064
IDA LIQ-DI;07/05/2025;1808,133965
IDA LIQ-DI;08/05/2025;1808,656234
IDA LIQ-DI;09/05/2025;1810,565125
IDA LIQ-DI;12/05/2025;1812,146354
IDA LIQ-DI;13/05/2025;1784,803705
IDA LIQ-DI;14/05/2025;1785,865643
IDA LIQ-DI;15/05/2025;1787,601738
IDA LIQ-DI;16/05/2025;1786,965814
IDA LIQ-DI;19/05/2025;1787,883126
IDA LIQ-DI;20/05/2025;1788,515023
IDA LIQ-DI;21/05/2025;1816,714315
IDA LIQ-DI;22/05/2025;1818,172461
IDA LIQ-DI;23/05/2025;1820,407148
IDA LIQ-DI;26/05/2025;1821,040071
IDA LIQ-DI;27/05/2025;1819,584427
IDA LIQ-DI;28/05/2025;1820,042614
IDA LIQ-DI;29/05/2025;1821,507109
IDA LIQ-DI;30/05/2025;1819,076934
IDA LIQ-DI;02/06/2025;1820,087903
IDA LIQ-DI;03/06/2025;1820,178891
IDA LIQ-DI;04/06/2025;1821,624504
IDA LIQ-DI;05/06/2025;1823,438109
IDA LIQ-DI;06/06/2025;1824,444983
IDA LIQ-DI;09/06/2025;1825,261298
IDA LIQ-DI;10/06/2025;1826,37415
IDA LIQ-DI;11/06/2025;1828,544559
IDA LIQ-DI;12/06/2025;1829,206576
IDA LIQ-DI;13/06/2025;1829,334398
IDA LIQ-DI;16/06/2025;1828,970334
IDA LIQ-DI;17/06/2025;1828,563742
IDA LIQ-DI;18/06/2025;1822,655357
IDA LIQ-DI;20/06/2025;1823,914789
IDA LIQ-DI;23/06/2025;1826,525146
IDA LIQ-DI;24/06/2025;1828,723555
IDA LIQ-DI;25/06/2025;1830,790887
IDA LIQ-DI;26/06/2025;1832,61831
IDA LIQ-DI;27/06/2025;1833,473388
IDA LIQ-DI;30/06/2025;1835,565106
IDA LIQ-DI;01/07/2025;1836,943434
IDA LIQ-DI;02/07/2025;1837,851515
IDA LIQ-DI;03/07/2025;1839,141294
IDA LIQ-DI;04/07/2025;1840,702839
IDA LIQ-DI;07/07/2025;1842,401085
IDA LIQ-DI;08/07/2025;1843,892513
IDA LIQ-DI;09/07/2025;1845,079475
IDA LIQ-DI;10/07/2025;1845,760097
IDA LIQ-DI;11/07/2025;1846,556133
IDA LIQ-DI;14/07/2025;1848,179033
IDA LIQ-DI;15/07/2025;1848,79384
IDA LIQ-DI;16/07/2025;1849,445876
IDA LIQ-DI;17/07/2025;1850,41844
IDA LIQ-DI;18/07/2025;1851,975436
IDA LIQ-DI;21/07/2025;1852,761359
IDA LIQ-DI;22/07/2025;1853,933892
IDA LIQ-DI;23/07/2025;1854,423552
IDA LIQ-DI;24/07/2025;1856,045937
IDA LIQ-DI;25/07/2025;1857,608497
IDA LIQ-DI;28/07/2025;1858,608321
IDA LIQ-DI;29/07/2025;1859,325234
IDA LIQ-DI;30/07/2025;1858,897132
IDA LIQ-DI;31/07/2025;1858,969975
IDA LIQ-DI;01/08/2025;1858,817
IDA LIQ-DI;04/08/2025;1859,137238
IDA LIQ-DI;05/08/2025;1860,073836
IDA LIQ-DI;06/08/2025;1858,624119
IDA LIQ-DI;07/08/2025;1860,442454
IDA LIQ-DI;08/08/2025;1860,899586
IDA LIQ-DI;11/08/2025;1861,19334
IDA LIQ-DI;12/08/2025;1862,835197
IDA LIQ-DI;13/08/2025;1863,316695
IDA LIQ-DI;14/08/2025;1862,797391
IDA LIQ-DI;15/08/2025;1865,388866
IDA LIQ-DI;18/08/2025;1864,858406
IDA LIQ-DI;19/08/2025;1865,082616
IDA LIQ-DI;20/08/2025;1869,065527
IDA LIQ-DI;21/08/2025;1869,832992
IDA LIQ-DI;22/08/2025;1871,224053
IDA LIQ-DI;25/08/2025;1872,877269
IDA LIQ-DI;26/08/2025;1876,315474
IDA LIQ-DI;27/08/2025;1877,968897
IDA LIQ-DI;28/08/2025;1879,835839
IDA LIQ-DI;29/08/2025;1882,464155
IDA LIQ-DI;01/09/2025;1884,957071
IDA LIQ-DI;02/09/2025;1879,144775
IDA LIQ-DI;03/09/2025;1880,555543
IDA LIQ-DI;04/09/2025;1878,922357
IDA LIQ-DI;05/09/2025;1881,23546
IDA LIQ-DI;08/09/2025;1872,475933
IDA LIQ-DI;09/09/2025;1872,876616
IDA LIQ-DI;10/09/2025;1875,194499
IDA LIQ-DI;11/09/2025;1875,00673
IDA LIQ-DI;12/09/2025;1876,569768
IDA LIQ-DI;15/09/2025;1876,808704
IDA LIQ-DI;16/09/2025;1879,218675
IDA LIQ-DI;17/09/2025;1880,242522
IDA LIQ-DI;18/09/2025;1882,675387
IDA LIQ-DI;19/09/2025;1885,54837
IDA LIQ-DI;22/09/2025;1892,931097
IDA LIQ-DI;23/09/2025;1895,845882
IDA LIQ-DI;24/09/2025;1891,784836
IDA LIQ-DI;25/09/2025;1843,527041
IDA LIQ-DI;26/09/2025;1826,134494
IDA LIQ-DI;29/09/2025;1822,628233
IDA LIQ-DI;30/09/2025;1828,721548
IDA LIQ-DI;01/10/2025;1831,854916
IDA LIQ-DI;02/10/2025;1832,60684
IDA LIQ-DI;03/10/2025;1833,768705
IDA LIQ-DI;06/10/2025;1834,809911
IDA LIQ-DI;07/10/2025;1835,06455
IDA LIQ-DI;08/10/2025;1835,580006
IDA LIQ-DI;09/10/2025;1835,54553
IDA LIQ-DI;10/10/2025;1836,206433
IDA LIQ-DI;13/10/2025;1834,331383
IDA LIQ-DI;14/10/2025;1836,17696
IDA LIQ-DI;15/10/2025;1836,743858
IDA LIQ-DI;16/10/2025;1837,133748
IDA LIQ-DI;17/10/2025;1837,200932
IDA LIQ-DI;20/10/2025;1834,625048
IDA LIQ-DI;21/10/2025;1834,297221
IDA LIQ-DI;22/10/2025;1832,455948
IDA LIQ-DI;23/10/2025;1829,852549
IDA LIQ-DI;24/10/2025;1831,985318
IDA LIQ-DI;27/10/2025;1832,24817
IDA LIQ-DI;28/10/2025;1831,763661
IDA LIQ-DI;29/10/2025;1832,30927
IDA LIQ-DI;30/10/2025;1832,858558
IDA LIQ-DI;31/10/2025;1834,899784
IDA LIQ-DI;03/11/2025;1836,032056
IDA LIQ-DI;04/11/2025;1836,349081
IDA LIQ-DI;05/11/2025;1839,156694
IDA LIQ-DI;06/11/2025;1839,852451
IDA LIQ-DI;07/11/2025;1842,288926
IDA LIQ-DI;10/11/2025;1843,27361
IDA LIQ-DI;11/11/2025;1844,08804
IDA LIQ-DI;12/11/2025;1845,682581
IDA LIQ-DI;13/11/2025;1845,785387
IDA LIQ-DI;14/11/2025;1847,497217
IDA LIQ-DI;17/11/2025;1848,563317
IDA LIQ-DI;18/11/2025;1850,379056
IDA LIQ-DI;19/11/2025;1850,264922
IDA LIQ-DI;21/11/2025;1852,135247
IDA LIQ-DI;24/11/2025;1853,338271
IDA LIQ-DI;25/11/2025;1854,593635
IDA LIQ-DI;26/11/2025;1854,990483
IDA LIQ-DI;27/11/2025;1856,280746
IDA LIQ-DI;28/11/2025;1857,295855
IDA LIQ-DI;01/12/2025;1858,921276
IDA LIQ-DI;02/12/2025;1860,594123
IDA LIQ-DI;03/12/2025;1861,243744
IDA LIQ-DI;04/12/2025;1861,806095
IDA LIQ-DI;05/12/2025;1861,681185
IDA LIQ-DI;08/12/2025;1862,748141
IDA LIQ-DI;09/12/2025;1863,591238
IDA LIQ-DI;10/12/2025;1865,04239
IDA LIQ-DI;11/12/2025;1866,336089
IDA LIQ-DI;12/12/2025;1866,533087
IDA LIQ-DI;15/12/2025;1868,201375
IDA LIQ-DI;16/12/2025;1869,300988
IDA LIQ-DI;17/12/2025;1870,208324
IDA LIQ-DI;18/12/2025;1871,513565
IDA LIQ-DI;19/12/2025;1872,409632
IDA LIQ-DI;22/12/2025;1873,82295
IDA LIQ-DI;23/12/2025;1874,939735
IDA LIQ-DI;24/12/2025;1876,102189
IDA LIQ-DI;26/12/2025;1877,128948
IDA LIQ-DI;29/12/2025;1878,782964
IDA LIQ-DI;30/12/2025;1880,441016
IDA LIQ-DI;31/12/2025;1881,605654
IDA LIQ-DI;02/01/2026;1882,249056
IDA LIQ-DI;05/01/2026;1883,249011
IDA LIQ-DI;06/01/2026;1884,345218
IDA LIQ-DI;07/01/2026;1885,558146
IDA LIQ-DI;08/01/2026;1886,731588
IDA LIQ-DI;09/01/2026;1887,84479
IDA LIQ-DI;12/01/2026;1888,990922
IDA LIQ-DI;13/01/2026;1890,235432
IDA LIQ-DI;14/01/2026;1892,023564
IDA LIQ-DI;15/01/2026;1897,79015
IDA LIQ-DI;16/01/2026;1899,538422
IDA LIQ-DI;19/01/2026;1900,966241
IDA LIQ-DI;20/01/2026;1902,154584
IDA LIQ-DI;21/01/2026;1903,424909
IDA LIQ-DI;22/01/2026;1904,619156
IDA LIQ-DI;23/01/2026;1905,93934
IDA LIQ-DI;26/01/2026;1907,091678
IDA LIQ-DI;27/01/2026;1908,625826
IDA LIQ-DI;28/01/2026;1910,316999
IDA LIQ-DI;29/01/2026;1911,30192
IDA LIQ-DI;30/01/2026;1912,900257
IDA LIQ-DI;02/02/2026;1913,871375
IDA LIQ-DI;03/02/2026;1915,283234
IDA LIQ-DI;04/02/2026;1916,514298
IDA LIQ-DI;05/02/2026;1917,599828
IDA LIQ-DI;06/02/2026;1918,559398
IDA LIQ-DI;09/02/2026;1919,79695
IDA LIQ-DI;10/02/2026;1914,9902
IDA LIQ-DI;11/02/2026;1913,670213
IDA LIQ-DI;12/02/2026;1913,759566
IDA LIQ-DI;13/02/2026;1913,727501
IDA LIQ-DI;18/02/2026;1914,118131
IDA LIQ-DI;19/02/2026;1914,852521
IDA LIQ-DI;20/02/2026;1916,226849
IDA LIQ-DI;23/02/2026;1916,829513
IDA LIQ-DI;24/02/2026;1918,292386
IDA LIQ-DI;25/02/2026;1919,46791
IDA LIQ-DI;26/02/2026;1920,345155
IDA LIQ-DI;27/02/2026;1921,453686
IDA LIQ-DI;02/03/2026;1922,140137
IDA LIQ-DI;03/03/2026;1923,190469
IDA LIQ-DI;04/03/2026;1924,267798
IDA LIQ-DI;05/03/2026;1925,000025
IDA LIQ-DI;06/03/2026;1926,055424
IDA LIQ-DI;09/03/2026;1927,496353
IDA LIQ-DI;10/03/2026;1928,682216
IDA LIQ-DI;11/03/2026;1929,310519
IDA LIQ-DI;12/03/2026;1929,979855
IDA LIQ-DI;13/03/2026;1926,456424
IDA LIQ-DI;16/03/2026;1925,532217
IDA LIQ-DI;17/03/2026;1925,746944
IDA LIQ-DI;18/03/2026;1924,271726
IDA LIQ-DI;19/03/2026;1923,732463
IDA LIQ-DI;20/03/2026;1924,57464
IDA LIQ-DI;23/03/2026;1924,092469
IDA LIQ-DI;24/03/2026;1924,869646
IDA LIQ-DI;25/03/2026;1925,130722
IDA LIQ-DI;26/03/2026;1925,601979
IDA LIQ-DI;27/03/2026;1925,782591
IDA LIQ-DI;30/03/2026;1927,554695
IDA LIQ-DI;31/03/2026;1928,304926
IDA LIQ-DI;01/04/2026;1926,71065
IDA LIQ-DI;02/04/2026;1922,842802
IDA LIQ-DI;06/04/2026;1920,608932
IDA LIQ-DI;07/04/2026;1918,969749
IDA LIQ-DI;08/04/2026;1917,622391
IDA LIQ-DI;09/04/2026;1919,392765
IDA LIQ-DI;10/04/2026;1908,506629
IDA LIQ-DI;13/04/2026;1912,346306
IDA LIQ-DI;14/04/2026;1915,03252
IDA LIQ-DI;15/04/2026;1914,927758
IDA LIQ-DI;16/04/2026;1916,925602
IDA LIQ-DI;17/04/2026;1918,964591
IDA LIQ-DI;20/04/2026;1923,436419
IDA LIQ-DI;22/04/2026;1926,708021
IDA LIQ-DI;23/04/2026;1930,905344
IDA LIQ-DI;24/04/2026;1932,370055
IDA LIQ-DI;27/04/2026;1934,022074
IDA LIQ-DI;28/04/2026;1937,827904
IDA LIQ-DI;29/04/2026;1941,428472
IDA LIQ-DI;30/04/2026;1942,976892
IDA LIQ-DI;04/05/2026;1944,003017
IDA LIQ-DI;05/05/2026;1945,947144
IDA LIQ-DI;06/05/2026;1948,055905
IDA LIQ-DI;07/05/2026;1949,731286
IDA LIQ-DI;08/05/2026;1951,914465
IDA LIQ-DI;11/05/2026;1954,39755
IDA LIQ-DI;12/05/2026;1955,758633
IDA LIQ-DI;13/05/2026;1956,962379
IDA LIQ-DI;14/05/2026;1958,868857
IDA LIQ-DI;15/05/2026;1960,11029
IDA LIQ-DI;18/05/2026;1963,614787
IDA LIQ-DI;19/05/2026;1966,305243
IDA LIQ-DI;20/05/2026;1968,623423
IDA LIQ-DI;21/05/2026;1970,043008
IDA LIQ-DI;22/05/2026;1971,6429
IDA LIQ-DI;25/05/2026;1973,229468
IDA LIQ-DI;26/05/2026;1974,950198
IDA LIQ-DI;27/05/2026;1975,424195
IDA LIQ-DI;28/05/2026;1977,022064
IDA LIQ-DI;29/05/2026;1979,016109
IDA LIQ-DI;01/06/2026;1980,288311
IDA LIQ-DI;02/06/2026;1981,421649
IDA LIQ-DI;03/06/2026;1983,536353
IDA LIQ-DI;05/06/2026;1983,777592
IDA LIQ-DI;08/06/2026;1984,8189
IDA LIQ-DI;09/06/2026;1985,601215
IDA LIQ-DI;10/06/2026;1985,040521
IDA LIQ-DI;11/06/2026;1985,383818
IDA LIQ-DI;12/06/2026;1986,517951
IDA LIQ-DI;15/06/2026;1988,592932
IDA LIQ-DI;16/06/2026;1990,354377
IDA LIQ-DI;17/06/2026;1991,814158
IDA LIQ-DI;18/06/2026;1992,14868
IDA LIQ-DI;19/06/2026;1993,976861
IDA LIQ-DI;22/06/2026;1995,632804
IDA LIQ-DI;23/06/2026;1997,237809
IDA LIQ-DI;24/06/2026;1998,397311
IDA LIQ-DI;25/06/2026;1999,450942
IDA LIQ-DI;26/06/2026;2000,27194
IDA LIQ-DI;29/06/2026;2001,457194
IDA LIQ-DI;30/06/2026;2003,019402
IDA-DI;05/01/2009;755,572589
IDA-DI;06/01/2009;755,177562
IDA-DI;07/01/2009;754,855004
IDA-DI;08/01/2009;755,035562
IDA-DI;09/01/2009;755,350404
IDA-DI;12/01/2009;755,635095
IDA-DI;13/01/2009;755,952964
IDA-DI;14/01/2009;756,276811
IDA-DI;15/01/2009;756,674694
IDA-DI;16/01/2009;757,055306
IDA-DI;19/01/2009;757,521378
IDA-DI;20/01/2009;757,913439
IDA-DI;21/01/2009;758,409693
IDA-DI;22/01/2009;758,894057
IDA-DI;23/01/2009;759,200081
IDA-DI;26/01/2009;759,466591
IDA-DI;27/01/2009;759,963382
IDA-DI;28/01/2009;760,296939
IDA-DI;29/01/2009;760,330018
IDA-DI;30/01/2009;760,748161
IDA-DI;02/02/2009;761,193374
IDA-DI;03/02/2009;761,634295
IDA-DI;04/02/2009;761,77955
IDA-DI;05/02/2009;762,185958
IDA-DI;06/02/2009;762,73508
IDA-DI;09/02/2009;763,136657
IDA-DI;10/02/2009;763,37554
IDA-DI;11/02/2009;763,855077
IDA-DI;12/02/2009;764,04264
IDA-DI;13/02/2009;764,609338
IDA-DI;16/02/2009;765,048644
IDA-DI;17/02/2009;765,579226
IDA-DI;18/02/2009;766,027571
IDA-DI;19/02/2009;766,663404
IDA-DI;20/02/2009;767,049688
IDA-DI;25/02/2009;767,475248
IDA-DI;26/02/2009;768,102566
IDA-DI;27/02/2009;768,754398
IDA-DI;02/03/2009;769,245317
IDA-DI;03/03/2009;769,740826
IDA-DI;04/03/2009;770,200483
IDA-DI;05/03/2009;770,829284
IDA-DI;06/03/2009;771,521174
IDA-DI;09/03/2009;772,295939
IDA-DI;10/03/2009;772,622013
IDA-DI;11/03/2009;773,015624
IDA-DI;12/03/2009;773,443704
IDA-DI;13/03/2009;773,864219
IDA-DI;16/03/2009;774,203227
IDA-DI;17/03/2009;774,702172
IDA-DI;18/03/2009;775,212146
IDA-DI;19/03/2009;775,594665
IDA-DI;20/03/2009;776,173755
IDA-DI;23/03/2009;776,374935
IDA-DI;24/03/2009;776,624002
IDA-DI;25/03/2009;777,043539
IDA-DI;26/03/2009;777,522103
IDA-DI;27/03/2009;777,747357
IDA-DI;30/03/2009;778,371375
IDA-DI;31/03/2009;778,834169
IDA-DI;01/04/2009;779,112074
IDA-DI;02/04/2009;779,448672
IDA-DI;03/04/2009;779,792148
IDA-DI;06/04/2009;780,146121
IDA-DI;07/04/2009;780,369023
IDA-DI;08/04/2009;780,698111
IDA-DI;09/04/2009;780,956961
IDA-DI;13/04/2009;781,36752
IDA-DI;14/04/2009;782,054301
IDA-DI;15/04/2009;782,472131
IDA-DI;16/04/2009;782,933266
IDA-DI;17/04/2009;783,28821
IDA-DI;20/04/2009;783,754934
IDA-DI;22/04/2009;784,217407
IDA-DI;23/04/2009;784,582595
IDA-DI;24/04/2009;784,917459
IDA-DI;27/04/2009;785,248273
IDA-DI;28/04/2009;785,778756
IDA-DI;29/04/2009;786,21251
IDA-DI;30/04/2009;786,631743
IDA-DI;04/05/2009;787,226862
IDA-DI;05/05/2009;787,587962
IDA-DI;06/05/2009;787,858111
IDA-DI;07/05/2009;788,230857
IDA-DI;08/05/2009;788,62273
IDA-DI;11/05/2009;789,058291
IDA-DI;12/05/2009;789,374263
IDA-DI;13/05/2009;789,804946
IDA-DI;14/05/2009;790,226063
IDA-DI;15/05/2009;790,654761
IDA-DI;18/05/2009;790,928558
IDA-DI;19/05/2009;791,375619
IDA-DI;20/05/2009;791,744448
IDA-DI;21/05/2009;791,978242
IDA-DI;22/05/2009;792,39273
IDA-DI;25/05/2009;792,813262
IDA-DI;26/05/2009;793,296525
IDA-DI;27/05/2009;793,624493
IDA-DI;28/05/2009;794,135759
IDA-DI;29/05/2009;794,716617
IDA-DI;01/06/2009;795,313715
IDA-DI;02/06/2009;795,780505
IDA-DI;03/06/2009;796,278668
IDA-DI;04/06/2009;796,833246
IDA-DI;05/06/2009;797,232506
IDA-DI;08/06/2009;797,613562
IDA-DI;09/06/2009;797,862925
IDA-DI;10/06/2009;798,201475
IDA-DI;12/06/2009;798,640792
IDA-DI;15/06/2009;799,016898
IDA-DI;16/06/2009;799,37968
IDA-DI;17/06/2009;799,753405
IDA-DI;18/06/2009;799,822215
IDA-DI;19/06/2009;800,11483
IDA-DI;22/06/2009;800,467239
IDA-DI;23/06/2009;800,882142
IDA-DI;24/06/2009;801,356401
IDA-DI;25/06/2009;801,647406
IDA-DI;26/06/2009;802,011165
IDA-DI;29/06/2009;802,193628
IDA-DI;30/06/2009;802,503855
IDA-DI;01/07/2009;802,882597
IDA-DI;02/07/2009;803,383203
IDA-DI;03/07/2009;803,854569
IDA-DI;06/07/2009;804,458208
IDA-DI;07/07/2009;805,052372
IDA-DI;08/07/2009;805,878414
IDA-DI;09/07/2009;806,212576
IDA-DI;10/07/2009;807,502194
IDA-DI;13/07/2009;807,914153
IDA-DI;14/07/2009;808,479438
IDA-DI;15/07/2009;809,114115
IDA-DI;16/07/2009;809,488062
IDA-DI;17/07/2009;809,993129
IDA-DI;20/07/2009;810,084309
IDA-DI;21/07/2009;810,914701
IDA-DI;22/07/2009;811,401836
IDA-DI;23/07/2009;811,973429
IDA-DI;24/07/2009;812,326042
IDA-DI;27/07/2009;812,681808
IDA-DI;28/07/2009;813,153313
IDA-DI;29/07/2009;813,484935
IDA-DI;30/07/2009;813,906342
IDA-DI;31/07/2009;814,724382
IDA-DI;03/08/2009;815,109682
IDA-DI;04/08/2009;815,606833
IDA-DI;05/08/2009;815,659301
IDA-DI;06/08/2009;816,017642
IDA-DI;07/08/2009;816,302676
IDA-DI;10/08/2009;816,568474
IDA-DI;11/08/2009;816,906953
IDA-DI;12/08/2009;817,244113
IDA-DI;13/08/2009;817,701241
IDA-DI;14/08/2009;818,273368
IDA-DI;17/08/2009;818,477181
IDA-DI;18/08/2009;818,573495
IDA-DI;19/08/2009;818,923619
IDA-DI;20/08/2009;819,425613
IDA-DI;21/08/2009;819,742022
IDA-DI;24/08/2009;820,135916
IDA-DI;25/08/2009;820,441472
IDA-DI;26/08/2009;820,684858
IDA-DI;27/08/2009;821,117958
IDA-DI;28/08/2009;821,618797
IDA-DI;31/08/2009;822,047208
IDA-DI;01/09/2009;822,498282
IDA-DI;02/09/2009;822,809978
IDA-DI;03/09/2009;823,198158
IDA-DI;04/09/2009;823,534316
IDA-DI;08/09/2009;823,910972
IDA-DI;09/09/2009;824,319997
IDA-DI;10/09/2009;824,565117
IDA-DI;11/09/2009;824,90218
IDA-DI;14/09/2009;825,299752
IDA-DI;15/09/2009;825,672579
IDA-DI;16/09/2009;825,875893
IDA-DI;17/09/2009;826,208227
IDA-DI;18/09/2009;826,570247
IDA-DI;21/09/2009;827,064717
IDA-DI;22/09/2009;827,472707
IDA-DI;23/09/2009;827,881518
IDA-DI;24/09/2009;828,246616
IDA-DI;25/09/2009;828,426416
IDA-DI;28/09/2009;828,790424
IDA-DI;29/09/2009;829,226376
IDA-DI;30/09/2009;829,657727
IDA-DI;01/10/2009;830,048277
IDA-DI;02/10/2009;830,402202
IDA-DI;05/10/2009;830,759659
IDA-DI;06/10/2009;830,974559
IDA-DI;07/10/2009;831,350056
IDA-DI;08/10/2009;831,686041
IDA-DI;09/10/2009;832,203593
IDA-DI;13/10/2009;832,552433
IDA-DI;14/10/2009;832,954035
IDA-DI;15/10/2009;833,144107
IDA-DI;16/10/2009;833,516591
IDA-DI;19/10/2009;833,805816
IDA-DI;20/10/2009;834,294873
IDA-DI;21/10/2009;834,598593
IDA-DI;22/10/2009;834,905565
IDA-DI;23/10/2009;835,224843
IDA-DI;26/10/2009;835,480374
IDA-DI;27/10/2009;835,876792
IDA-DI;28/10/2009;836,775973
IDA-DI;29/10/2009;837,543882
IDA-DI;30/10/2009;838,044616
IDA-DI;03/11/2009;838,606609
IDA-DI;04/11/2009;839,134845
IDA-DI;05/11/2009;839,395298
IDA-DI;06/11/2009;839,627607
IDA-DI;09/11/2009;839,963318
IDA-DI;10/11/2009;840,171913
IDA-DI;11/11/2009;840,527597
IDA-DI;12/11/2009;840,698369
IDA-DI;13/11/2009;840,904841
IDA-DI;16/11/2009;841,415229
IDA-DI;17/11/2009;841,879507
IDA-DI;18/11/2009;842,202082
IDA-DI;19/11/2009;842,4025
IDA-DI;20/11/2009;842,724054
IDA-DI;23/11/2009;843,075574
IDA-DI;24/11/2009;843,423702
IDA-DI;25/11/2009;843,805043
IDA-DI;26/11/2009;844,274049
IDA-DI;27/11/2009;844,626388
IDA-DI;30/11/2009;845,147997
IDA-DI;01/12/2009;845,514266
IDA-DI;02/12/2009;845,873589
IDA-DI;03/12/2009;846,335535
IDA-DI;04/12/2009;846,883078
IDA-DI;07/12/2009;847,275001
IDA-DI;08/12/2009;847,765562
IDA-DI;09/12/2009;848,12732
IDA-DI;10/12/2009;848,581529
IDA-DI;11/12/2009;849,032209
IDA-DI;14/12/2009;849,485125
IDA-DI;15/12/2009;849,791777
IDA-DI;16/12/2009;850,118944
IDA-DI;17/12/2009;850,55583
IDA-DI;18/12/2009;850,993484
IDA-DI;21/12/2009;851,381251
IDA-DI;22/12/2009;851,782362
IDA-DI;23/12/2009;852,18938
IDA-DI;24/12/2009;852,509343
IDA-DI;28/12/2009;852,9727
IDA-DI;29/12/2009;853,273644
IDA-DI;30/12/2009;853,594343
IDA-DI;31/12/2009;853,912749
IDA-DI;04/01/2010;854,23698
IDA-DI;05/01/2010;854,524193
IDA-DI;06/01/2010;854,917926
IDA-DI;07/01/2010;855,196424
IDA-DI;08/01/2010;855,54903
IDA-DI;11/01/2010;855,896754
IDA-DI;12/01/2010;856,271081
IDA-DI;13/01/2010;856,673254
IDA-DI;14/01/2010;856,988186
IDA-DI;15/01/2010;857,369593
IDA-DI;18/01/2010;857,680672
IDA-DI;19/01/2010;858,101958
IDA-DI;20/01/2010;858,430709
IDA-DI;21/01/2010;858,761719
IDA-DI;22/01/2010;859,120041
IDA-DI;25/01/2010;859,44167
IDA-DI;26/01/2010;859,893359
IDA-DI;27/01/2010;860,214014
IDA-DI;28/01/2010;860,55246
IDA-DI;29/01/2010;860,857001
IDA-DI;01/02/2010;861,20564
IDA-DI;02/02/2010;861,545989
IDA-DI;03/02/2010;861,859793
IDA-DI;04/02/2010;862,084043
IDA-DI;05/02/2010;862,402453
IDA-DI;08/02/2010;862,816224
IDA-DI;09/02/2010;863,198208
IDA-DI;10/02/2010;863,493819
IDA-DI;11/02/2010;863,831202
IDA-DI;12/02/2010;864,234977
IDA-DI;17/02/2010;864,603069
IDA-DI;18/02/2010;864,921362
IDA-DI;19/02/2010;865,273745
IDA-DI;22/02/2010;865,661493
IDA-DI;23/02/2010;866,008394
IDA-DI;24/02/2010;866,477752
IDA-DI;25/02/2010;866,779891
IDA-DI;26/02/2010;867,123495
IDA-DI;01/03/2010;867,503217
IDA-DI;02/03/2010;867,940211
IDA-DI;03/03/2010;868,297641
IDA-DI;04/03/2010;868,640147
IDA-DI;05/03/2010;869,007091
IDA-DI;08/03/2010;869,373602
IDA-DI;09/03/2010;869,692064
IDA-DI;10/03/2010;869,963245
IDA-DI;11/03/2010;870,217652
IDA-DI;12/03/2010;870,758925
IDA-DI;15/03/2010;871,195266
IDA-DI;16/03/2010;871,609101
IDA-DI;17/03/2010;871,979537
IDA-DI;18/03/2010;872,31144
IDA-DI;19/03/2010;872,592663
IDA-DI;22/03/2010;872,894308
IDA-DI;23/03/2010;873,207942
IDA-DI;24/03/2010;873,657948
IDA-DI;25/03/2010;873,934225
IDA-DI;26/03/2010;874,330712
IDA-DI;29/03/2010;874,499479
IDA-DI;30/03/2010;874,901221
IDA-DI;31/03/2010;875,276695
IDA-DI;01/04/2010;875,606644
IDA-DI;05/04/2010;875,918836
IDA-DI;06/04/2010;876,209427
IDA-DI;07/04/2010;876,528251
IDA-DI;08/04/2010;876,843226
IDA-DI;09/04/2010;877,187278
IDA-DI;12/04/2010;877,422134
IDA-DI;13/04/2010;877,66587
IDA-DI;14/04/2010;877,905009
IDA-DI;15/04/2010;878,238565
IDA-DI;16/04/2010;878,587142
IDA-DI;19/04/2010;878,836603
IDA-DI;20/04/2010;879,071281
IDA-DI;22/04/2010;879,449305
IDA-DI;23/04/2010;879,827389
IDA-DI;26/04/2010;880,21803
IDA-DI;27/04/2010;880,51626
IDA-DI;28/04/2010;880,878535
IDA-DI;29/04/2010;881,218881
IDA-DI;30/04/2010;881,504728
IDA-DI;03/05/2010;881,799533
IDA-DI;04/05/2010;882,238599
IDA-DI;05/05/2010;882,77913
IDA-DI;06/05/2010;883,252406
IDA-DI;07/05/2010;883,604458
IDA-DI;10/05/2010;883,952253
IDA-DI;11/05/2010;884,237961
IDA-DI;12/05/2010;884,587347
IDA-DI;13/05/2010;884,857677
IDA-DI;14/05/2010;885,130446
IDA-DI;17/05/2010;885,531843
IDA-DI;18/05/2010;885,993838
IDA-DI;19/05/2010;886,370951
IDA-DI;20/05/2010;886,746982
IDA-DI;21/05/2010;887,097389
IDA-DI;24/05/2010;887,474034
IDA-DI;25/05/2010;887,873516
IDA-DI;26/05/2010;888,227273
IDA-DI;27/05/2010;888,625794
IDA-DI;28/05/2010;888,945316
IDA-DI;31/05/2010;889,352726
IDA-DI;01/06/2010;889,652052
IDA-DI;02/06/2010;890,037433
IDA-DI;04/06/2010;890,380837
IDA-DI;07/06/2010;890,773764
IDA-DI;08/06/2010;891,127309
IDA-DI;09/06/2010;891,466345
IDA-DI;10/06/2010;891,782383
IDA-DI;11/06/2010;892,20427
IDA-DI;14/06/2010;892,556152
IDA-DI;15/06/2010;892,937054
IDA-DI;16/06/2010;893,283475
IDA-DI;17/06/2010;893,698983
IDA-DI;18/06/2010;894,105414
IDA-DI;21/06/2010;894,463423
IDA-DI;22/06/2010;894,885397
IDA-DI;23/06/2010;895,264179
IDA-DI;24/06/2010;895,68061
IDA-DI;25/06/2010;896,07793
IDA-DI;28/06/2010;896,440823
IDA-DI;29/06/2010;896,864326
IDA-DI;30/06/2010;897,280174
IDA-DI;01/07/2010;897,735663
IDA-DI;02/07/2010;898,105707
IDA-DI;05/07/2010;898,528269
IDA-DI;06/07/2010;898,939781
IDA-DI;07/07/2010;899,391448
IDA-DI;08/07/2010;899,84496
IDA-DI;09/07/2010;900,230559
IDA-DI;12/07/2010;900,66261
IDA-DI;13/07/2010;901,026441
IDA-DI;14/07/2010;901,386916
IDA-DI;15/07/2010;901,805454
IDA-DI;16/07/2010;902,252932
IDA-DI;19/07/2010;902,636785
IDA-DI;20/07/2010;903,035007
IDA-DI;21/07/2010;903,435231
IDA-DI;22/07/2010;903,826663
IDA-DI;23/07/2010;904,225837
IDA-DI;26/07/2010;904,626393
IDA-DI;27/07/2010;905,058516
IDA-DI;28/07/2010;905,496598
IDA-DI;29/07/2010;905,916666
IDA-DI;30/07/2010;906,363883
IDA-DI;02/08/2010;906,853275
IDA-DI;03/08/2010;907,27527
IDA-DI;04/08/2010;907,647645
IDA-DI;05/08/2010;908,07815
IDA-DI;06/08/2010;908,496816
IDA-DI;09/08/2010;908,937301
IDA-DI;10/08/2010;909,318765
IDA-DI;11/08/2010;909,770183
IDA-DI;12/08/2010;910,175681
IDA-DI;13/08/2010;910,608127
IDA-DI;16/08/2010;911,048583
IDA-DI;17/08/2010;911,511584
IDA-DI;18/08/2010;911,947576
IDA-DI;19/08/2010;912,373495
IDA-DI;20/08/2010;912,794996
IDA-DI;23/08/2010;913,20438
IDA-DI;24/08/2010;913,616832
IDA-DI;25/08/2010;914,064345
IDA-DI;26/08/2010;914,438616
IDA-DI;27/08/2010;914,818988
IDA-DI;30/08/2010;915,279008
IDA-DI;31/08/2010;915,722941
IDA-DI;01/09/2010;916,258881
IDA-DI;02/09/2010;916,643478
IDA-DI;03/09/2010;917,091819
IDA-DI;06/09/2010;917,479809
IDA-DI;08/09/2010;917,912211
IDA-DI;09/09/2010;918,345364
IDA-DI;10/09/2010;918,745806
IDA-DI;13/09/2010;919,145068
IDA-DI;14/09/2010;919,56651
IDA-DI;15/09/2010;920,086789
IDA-DI;16/09/2010;920,613193
IDA-DI;17/09/2010;921,045425
IDA-DI;20/09/2010;921,463467
IDA-DI;21/09/2010;921,85774
IDA-DI;22/09/2010;922,305831
IDA-DI;23/09/2010;922,701368
IDA-DI;24/09/2010;923,109803
IDA-DI;27/09/2010;923,483853
IDA-DI;28/09/2010;923,918592
IDA-DI;29/09/2010;924,336275
IDA-DI;30/09/2010;924,808851
IDA-DI;01/10/2010;925,195894
IDA-DI;04/10/2010;925,641446
IDA-DI;05/10/2010;926,098044
IDA-DI;06/10/2010;926,497244
IDA-DI;07/10/2010;926,922666
IDA-DI;08/10/2010;927,32602
IDA-DI;11/10/2010;927,779663
IDA-DI;13/10/2010;928,192498
IDA-DI;14/10/2010;928,652601
IDA-DI;15/10/2010;929,118188
IDA-DI;18/10/2010;929,547492
IDA-DI;19/10/2010;929,961739
IDA-DI;20/10/2010;930,406821
IDA-DI;21/10/2010;930,79823
IDA-DI;22/10/2010;931,191687
IDA-DI;25/10/2010;931,616624
IDA-DI;26/10/2010;932,032225
IDA-DI;27/10/2010;932,486456
IDA-DI;28/10/2010;932,883505
IDA-DI;29/10/2010;933,307091
IDA-DI;01/11/2010;933,732567
IDA-DI;03/11/2010;934,022623
IDA-DI;04/11/2010;934,460771
IDA-DI;05/11/2010;934,928349
IDA-DI;08/11/2010;935,325888
IDA-DI;09/11/2010;935,712134
IDA-DI;10/11/2010;936,128441
IDA-DI;11/11/2010;936,534482
IDA-DI;12/11/2010;936,956797
IDA-DI;16/11/2010;937,378271
IDA-DI;17/11/2010;937,760803
IDA-DI;18/11/2010;938,181917
IDA-DI;19/11/2010;938,628074
IDA-DI;22/11/2010;939,024662
IDA-DI;23/11/2010;939,496964
IDA-DI;24/11/2010;939,889787
IDA-DI;25/11/2010;940,302679
IDA-DI;26/11/2010;940,711967
IDA-DI;29/11/2010;941,140382
IDA-DI;30/11/2010;941,57961
IDA-DI;01/12/2010;942,027587
IDA-DI;02/12/2010;942,474814
IDA-DI;03/12/2010;942,892652
IDA-DI;06/12/2010;943,301127
IDA-DI;07/12/2010;943,711936
IDA-DI;08/12/2010;944,119112
IDA-DI;09/12/2010;944,54053
IDA-DI;10/12/2010;944,983862
IDA-DI;13/12/2010;945,413714
IDA-DI;14/12/2010;945,839252
IDA-DI;15/12/2010;946,265427
IDA-DI;16/12/2010;946,660281
IDA-DI;17/12/2010;947,096736
IDA-DI;20/12/2010;947,519122
IDA-DI;21/12/2010;947,99032
IDA-DI;22/12/2010;948,403216
IDA-DI;23/12/2010;948,840137
IDA-DI;24/12/2010;949,259976
IDA-DI;27/12/2010;949,671456
IDA-DI;28/12/2010;950,079067
IDA-DI;29/12/2010;950,492494
IDA-DI;30/12/2010;950,930011
IDA-DI;31/12/2010;951,350767
IDA-DI;03/01/2011;951,874054
IDA-DI;04/01/2011;952,294415
IDA-DI;05/01/2011;952,671596
IDA-DI;06/01/2011;953,081156
IDA-DI;07/01/2011;953,508602
IDA-DI;10/01/2011;953,906554
IDA-DI;11/01/2011;954,350844
IDA-DI;12/01/2011;954,761244
IDA-DI;13/01/2011;955,192371
IDA-DI;14/01/2011;955,601295
IDA-DI;17/01/2011;956,03216
IDA-DI;18/01/2011;956,460783
IDA-DI;19/01/2011;956,884656
IDA-DI;20/01/2011;957,309567
IDA-DI;21/01/2011;957,753913
IDA-DI;24/01/2011;958,244442
IDA-DI;25/01/2011;958,686272
IDA-DI;26/01/2011;959,114379
IDA-DI;27/01/2011;959,530321
IDA-DI;28/01/2011;959,965289
IDA-DI;31/01/2011;960,400595
IDA-DI;01/02/2011;960,867393
IDA-DI;02/02/2011;961,323847
IDA-DI;03/02/2011;961,759159
IDA-DI;04/02/2011;962,184913
IDA-DI;07/02/2011;962,647307
IDA-DI;08/02/2011;963,090309
IDA-DI;09/02/2011;963,530744
IDA-DI;10/02/2011;963,966419
IDA-DI;11/02/2011;964,418667
IDA-DI;14/02/2011;964,885944
IDA-DI;15/02/2011;965,372008
IDA-DI;16/02/2011;965,875049
IDA-DI;17/02/2011;966,385763
IDA-DI;18/02/2011;966,896278
IDA-DI;21/02/2011;967,320591
IDA-DI;22/02/2011;967,761813
IDA-DI;23/02/2011;968,200767
IDA-DI;24/02/2011;968,645863
IDA-DI;25/02/2011;969,074998
IDA-DI;28/02/2011;969,534529
IDA-DI;01/03/2011;970,135862
IDA-DI;02/03/2011;970,596753
IDA-DI;03/03/2011;971,040257
IDA-DI;04/03/2011;971,506368
IDA-DI;09/03/2011;971,991437
IDA-DI;10/03/2011;972,452473
IDA-DI;11/03/2011;972,936856
IDA-DI;14/03/2011;973,46127
IDA-DI;15/03/2011;973,939108
IDA-DI;16/03/2011;974,404677
IDA-DI;17/03/2011;974,896487
IDA-DI;18/03/2011;975,371529
IDA-DI;21/03/2011;975,861272
IDA-DI;22/03/2011;976,344082
IDA-DI;23/03/2011;976,830812
IDA-DI;24/03/2011;977,287997
IDA-DI;25/03/2011;977,743814
IDA-DI;28/03/2011;978,201654
IDA-DI;29/03/2011;978,677513
IDA-DI;30/03/2011;979,170582
IDA-DI;31/03/2011;979,661587
IDA-DI;01/04/2011;980,162222
IDA-DI;04/04/2011;980,63319
IDA-DI;05/04/2011;981,100084
IDA-DI;06/04/2011;981,576717
IDA-DI;07/04/2011;982,039155
IDA-DI;08/04/2011;982,530423
IDA-DI;11/04/2011;982,987421
IDA-DI;12/04/2011;983,476718
IDA-DI;13/04/2011;983,952575
IDA-DI;14/04/2011;984,44085
IDA-DI;15/04/2011;984,915771
IDA-DI;18/04/2011;985,389329
IDA-DI;19/04/2011;985,893685
IDA-DI;20/04/2011;986,350312
IDA-DI;25/04/2011;986,806989
IDA-DI;26/04/2011;987,26634
IDA-DI;27/04/2011;987,749027
IDA-DI;28/04/2011;988,243179
IDA-DI;29/04/2011;988,694139
IDA-DI;02/05/2011;989,201503
IDA-DI;03/05/2011;989,758235
IDA-DI;04/05/2011;990,25526
IDA-DI;05/05/2011;990,725843
IDA-DI;06/05/2011;991,204298
IDA-DI;09/05/2011;991,686736
IDA-DI;10/05/2011;992,160346
IDA-DI;11/05/2011;992,617147
IDA-DI;12/05/2011;993,099947
IDA-DI;13/05/2011;993,572162
IDA-DI;16/05/2011;994,065717
IDA-DI;17/05/2011;994,545507
IDA-DI;18/05/2011;995,03607
IDA-DI;19/05/2011;995,514751
IDA-DI;20/05/2011;996,014096
IDA-DI;23/05/2011;996,523541
IDA-DI;24/05/2011;997,024018
IDA-DI;25/05/2011;997,528315
IDA-DI;26/05/2011;998,030043
IDA-DI;27/05/2011;998,527721
IDA-DI;30/05/2011;999,041655
IDA-DI;31/05/2011;999,511844
IDA-DI;01/06/2011;1000
IDA-DI;02/06/2011;1000,492679
IDA-DI;03/06/2011;1001,009629
IDA-DI;06/06/2011;1001,474663
IDA-DI;07/06/2011;1001,976791
IDA-DI;08/06/2011;1002,47436
IDA-DI;09/06/2011;1002,959067
IDA-DI;10/06/2011;1003,459575
IDA-DI;13/06/2011;1003,96407
IDA-DI;14/06/2011;1004,479244
IDA-DI;15/06/2011;1005,012313
IDA-DI;16/06/2011;1005,515839
IDA-DI;17/06/2011;1006,027867
IDA-DI;20/06/2011;1006,51569
IDA-DI;21/06/2011;1007,036019
IDA-DI;22/06/2011;1007,551321
IDA-DI;24/06/2011;1008,052107
IDA-DI;27/06/2011;1008,547534
IDA-DI;28/06/2011;1009,044915
IDA-DI;29/06/2011;1009,568791
IDA-DI;30/06/2011;1010,052679
IDA-DI;01/07/2011;1010,571472
IDA-DI;04/07/2011;1011,108696
IDA-DI;05/07/2011;1011,637979
IDA-DI;06/07/2011;1012,188489
IDA-DI;07/07/2011;1012,705409
IDA-DI;08/07/2011;1013,299518
IDA-DI;11/07/2011;1013,845406
IDA-DI;12/07/2011;1014,424246
IDA-DI;13/07/2011;1014,951576
IDA-DI;14/07/2011;1015,478941
IDA-DI;15/07/2011;1015,995141
IDA-DI;18/07/2011;1016,556471
IDA-DI;19/07/2011;1017,145442
IDA-DI;20/07/2011;1017,668527
IDA-DI;21/07/2011;1018,183112
IDA-DI;22/07/2011;1018,668388
IDA-DI;25/07/2011;1019,204332
IDA-DI;26/07/2011;1019,75023
IDA-DI;27/07/2011;1020,300025
IDA-DI;28/07/2011;1020,818093
IDA-DI;29/07/2011;1021,326017
IDA-DI;01/08/2011;1021,881461
IDA-DI;02/08/2011;1022,396444
IDA-DI;03/08/2011;1022,917868
IDA-DI;04/08/2011;1023,447519
IDA-DI;05/08/2011;1023,999372
IDA-DI;08/08/2011;1024,621271
IDA-DI;09/08/2011;1025,183315
IDA-DI;10/08/2011;1025,745776
IDA-DI;11/08/2011;1026,303108
IDA-DI;12/08/2011;1026,827239
IDA-DI;15/08/2011;1027,355449
IDA-DI;16/08/2011;1027,887998
IDA-DI;17/08/2011;1028,431701
IDA-DI;18/08/2011;1028,967073
IDA-DI;19/08/2011;1029,49328
IDA-DI;22/08/2011;1030,033989
IDA-DI;23/08/2011;1030,561617
IDA-DI;24/08/2011;1031,085729
IDA-DI;25/08/2011;1031,613209
IDA-DI;26/08/2011;1032,168039
IDA-DI;29/08/2011;1032,692116
IDA-DI;30/08/2011;1033,234855
IDA-DI;31/08/2011;1033,744136
IDA-DI;01/09/2011;1034,296073
IDA-DI;02/09/2011;1034,800752
IDA-DI;05/09/2011;1035,329089
IDA-DI;06/09/2011;1035,051495
IDA-DI;08/09/2011;1035,646523
IDA-DI;09/09/2011;1036,305397
IDA-DI;12/09/2011;1036,850273
IDA-DI;13/09/2011;1037,367266
IDA-DI;14/09/2011;1037,897438
IDA-DI;15/09/2011;1038,468534
IDA-DI;16/09/2011;1038,983947
IDA-DI;19/09/2011;1039,508095
IDA-DI;20/09/2011;1040,019898
IDA-DI;21/09/2011;1040,564723
IDA-DI;22/09/2011;1041,130133
IDA-DI;23/09/2011;1041,635153
IDA-DI;26/09/2011;1042,190663
IDA-DI;27/09/2011;1042,735722
IDA-DI;28/09/2011;1043,3117
IDA-DI;29/09/2011;1043,88859
IDA-DI;30/09/2011;1044,431465
IDA-DI;03/10/2011;1044,952011
IDA-DI;04/10/2011;1045,499048
IDA-DI;05/10/2011;1046,008322
IDA-DI;06/10/2011;1046,515386
IDA-DI;07/10/2011;1047,017966
IDA-DI;10/10/2011;1047,556194
IDA-DI;11/10/2011;1048,074342
IDA-DI;13/10/2011;1048,555666
IDA-DI;14/10/2011;1049,078559
IDA-DI;17/10/2011;1049,562586
IDA-DI;18/10/2011;1050,089804
IDA-DI;19/10/2011;1050,575934
IDA-DI;20/10/2011;1051,102006
IDA-DI;21/10/2011;1051,575191
IDA-DI;24/10/2011;1052,101055
IDA-DI;25/10/2011;1052,625469
IDA-DI;26/10/2011;1053,144234
IDA-DI;27/10/2011;1053,706567
IDA-DI;28/10/2011;1054,205671
IDA-DI;31/10/2011;1054,716428
IDA-DI;01/11/2011;1055,233712
IDA-DI;03/11/2011;1055,740843
IDA-DI;04/11/2011;1056,245291
IDA-DI;07/11/2011;1056,746602
IDA-DI;08/11/2011;1057,245642
IDA-DI;09/11/2011;1057,754971
IDA-DI;10/11/2011;1058,270272
IDA-DI;11/11/2011;1058,781484
IDA-DI;14/11/2011;1059,271751
IDA-DI;16/11/2011;1059,811763
IDA-DI;17/11/2011;1060,307567
IDA-DI;18/11/2011;1060,785154
IDA-DI;21/11/2011;1061,31973
IDA-DI;22/11/2011;1061,897776
IDA-DI;23/11/2011;1062,43501
IDA-DI;24/11/2011;1062,963382
IDA-DI;25/11/2011;1063,482857
IDA-DI;28/11/2011;1063,988955
IDA-DI;29/11/2011;1064,475436
IDA-DI;30/11/2011;1064,965507
IDA-DI;01/12/2011;1065,41679
IDA-DI;02/12/2011;1065,956519
IDA-DI;05/12/2011;1066,433088
IDA-DI;06/12/2011;1066,938852
IDA-DI;07/12/2011;1067,41587
IDA-DI;08/12/2011;1067,926605
IDA-DI;09/12/2011;1068,39403
IDA-DI;12/12/2011;1068,862909
IDA-DI;13/12/2011;1069,329006
IDA-DI;14/12/2011;1069,806547
IDA-DI;15/12/2011;1070,326806
IDA-DI;16/12/2011;1070,806493
IDA-DI;19/12/2011;1071,312091
IDA-DI;20/12/2011;1071,806314
IDA-DI;21/12/2011;1072,257449
IDA-DI;22/12/2011;1072,78663
IDA-DI;23/12/2011;1073,310866
IDA-DI;26/12/2011;1073,79503
IDA-DI;27/12/2011;1074,274309
IDA-DI;28/12/2011;1074,74263
IDA-DI;29/12/2011;1075,247414
IDA-DI;30/12/2011;1075,729774
IDA-DI;02/01/2012;1076,204564
IDA-DI;03/01/2012;1076,705055
IDA-DI;04/01/2012;1077,184634
IDA-DI;05/01/2012;1077,688693
IDA-DI;06/01/2012;1078,162235
IDA-DI;09/01/2012;1078,635905
IDA-DI;10/01/2012;1079,16699
IDA-DI;11/01/2012;1079,64078
IDA-DI;12/01/2012;1080,126439
IDA-DI;13/01/2012;1080,609757
IDA-DI;16/01/2012;1081,096994
IDA-DI;17/01/2012;1081,602273
IDA-DI;18/01/2012;1082,09429
IDA-DI;19/01/2012;1082,586244
IDA-DI;20/01/2012;1083,075953
IDA-DI;23/01/2012;1083,561196
IDA-DI;24/01/2012;1083,750579
IDA-DI;25/01/2012;1084,21719
IDA-DI;26/01/2012;1084,415852
IDA-DI;27/01/2012;1084,891683
IDA-DI;30/01/2012;1085,361918
IDA-DI;31/01/2012;1085,805217
IDA-DI;01/02/2012;1086,30828
IDA-DI;02/02/2012;1086,690236
IDA-DI;03/02/2012;1087,123305
IDA-DI;06/02/2012;1087,635817
IDA-DI;07/02/2012;1088,070829
IDA-DI;08/02/2012;1088,554287
IDA-DI;09/02/2012;1089,043741
IDA-DI;10/02/2012;1089,546685
IDA-DI;13/02/2012;1090,023019
IDA-DI;14/02/2012;1090,513815
IDA-DI;15/02/2012;1090,997353
IDA-DI;16/02/2012;1091,635724
IDA-DI;17/02/2012;1092,141
IDA-DI;22/02/2012;1092,583354
IDA-DI;23/02/2012;1093,05031
IDA-DI;24/02/2012;1093,532051
IDA-DI;27/02/2012;1094,001774
IDA-DI;28/02/2012;1094,486769
IDA-DI;29/02/2012;1094,973163
IDA-DI;01/03/2012;1095,441085
IDA-DI;02/03/2012;1095,911837
IDA-DI;05/03/2012;1096,396217
IDA-DI;06/03/2012;1096,892152
IDA-DI;07/03/2012;1097,394029
IDA-DI;08/03/2012;1097,900454
IDA-DI;09/03/2012;1098,339311
IDA-DI;12/03/2012;1098,801941
IDA-DI;13/03/2012;1099,260443
IDA-DI;14/03/2012;1099,709792
IDA-DI;15/03/2012;1100,187734
IDA-DI;16/03/2012;1100,633337
IDA-DI;19/03/2012;1101,084803
IDA-DI;20/03/2012;1101,51513
IDA-DI;21/03/2012;1101,953198
IDA-DI;22/03/2012;1102,410845
IDA-DI;23/03/2012;1102,862091
IDA-DI;26/03/2012;1103,327196
IDA-DI;27/03/2012;1103,777211
IDA-DI;28/03/2012;1104,2341
IDA-DI;29/03/2012;1104,698813
IDA-DI;30/03/2012;1105,180622
IDA-DI;02/04/2012;1105,611857
IDA-DI;03/04/2012;1106,082997
IDA-DI;04/04/2012;1106,538835
IDA-DI;05/04/2012;1106,986871
IDA-DI;09/04/2012;1107,431061
IDA-DI;10/04/2012;1107,899268
IDA-DI;11/04/2012;1108,368527
IDA-DI;12/04/2012;1108,802668
IDA-DI;13/04/2012;1109,333957
IDA-DI;16/04/2012;1109,751169
IDA-DI;17/04/2012;1110,255258
IDA-DI;18/04/2012;1110,698649
IDA-DI;19/04/2012;1111,146467
IDA-DI;20/04/2012;1111,572759
IDA-DI;23/04/2012;1112,005515
IDA-DI;24/04/2012;1112,529247
IDA-DI;25/04/2012;1112,956726
IDA-DI;26/04/2012;1113,427603
IDA-DI;27/04/2012;1113,830137
IDA-DI;30/04/2012;1114,254291
IDA-DI;02/05/2012;1114,665803
IDA-DI;03/05/2012;1115,078098
IDA-DI;04/05/2012;1115,510147
IDA-DI;07/05/2012;1115,926524
IDA-DI;08/05/2012;1116,362657
IDA-DI;09/05/2012;1116,842744
IDA-DI;10/05/2012;1117,283405
IDA-DI;11/05/2012;1117,697634
IDA-DI;14/05/2012;1118,10701
IDA-DI;15/05/2012;1118,527902
IDA-DI;16/05/2012;1118,96119
IDA-DI;17/05/2012;1119,387591
IDA-DI;18/05/2012;1119,846861
IDA-DI;21/05/2012;1120,265903
IDA-DI;22/05/2012;1120,682959
IDA-DI;23/05/2012;1121,070788
IDA-DI;24/05/2012;1121,489104
IDA-DI;25/05/2012;1121,895923
IDA-DI;28/05/2012;1122,302325
IDA-DI;29/05/2012;1122,713062
IDA-DI;30/05/2012;1123,142709
IDA-DI;31/05/2012;1123,564198
IDA-DI;01/06/2012;1123,982947
IDA-DI;04/06/2012;1124,392846
IDA-DI;05/06/2012;1124,798777
IDA-DI;06/06/2012;1125,194381
IDA-DI;08/06/2012;1125,600849
IDA-DI;11/06/2012;1125,985699
IDA-DI;12/06/2012;1126,39881
IDA-DI;13/06/2012;1126,806337
IDA-DI;14/06/2012;1127,229688
IDA-DI;15/06/2012;1127,62556
IDA-DI;18/06/2012;1128,032804
IDA-DI;19/06/2012;1128,486019
IDA-DI;20/06/2012;1128,877725
IDA-DI;21/06/2012;1129,279986
IDA-DI;22/06/2012;1129,694682
IDA-DI;25/06/2012;1130,109733
IDA-DI;26/06/2012;1130,523772
IDA-DI;27/06/2012;1130,953457
IDA-DI;28/06/2012;1131,353955
IDA-DI;29/06/2012;1131,776683
IDA-DI;02/07/2012;1132,178085
IDA-DI;03/07/2012;1132,603028
IDA-DI;04/07/2012;1133,004263
IDA-DI;05/07/2012;1133,407737
IDA-DI;06/07/2012;1133,821369
IDA-DI;09/07/2012;1134,227478
IDA-DI;10/07/2012;1134,639324
IDA-DI;11/07/2012;1135,040601
IDA-DI;12/07/2012;1135,445568
IDA-DI;13/07/2012;1135,846084
IDA-DI;16/07/2012;1136,231325
IDA-DI;17/07/2012;1136,628843
IDA-DI;18/07/2012;1137,02294
IDA-DI;19/07/2012;1137,418678
IDA-DI;20/07/2012;1137,826909
IDA-DI;23/07/2012;1138,220749
IDA-DI;24/07/2012;1138,641928
IDA-DI;25/07/2012;1139,064483
IDA-DI;26/07/2012;1139,477774
IDA-DI;27/07/2012;1139,876559
IDA-DI;30/07/2012;1140,255001
IDA-DI;31/07/2012;1140,647024
IDA-DI;01/08/2012;1141,072087
IDA-DI;02/08/2012;1141,461391
IDA-DI;03/08/2012;1141,863044
IDA-DI;06/08/2012;1142,259451
IDA-DI;07/08/2012;1142,693551
IDA-DI;08/08/2012;1143,125412
IDA-DI;09/08/2012;1143,535528
IDA-DI;10/08/2012;1143,950324
IDA-DI;13/08/2012;1144,373385
IDA-DI;14/08/2012;1144,808465
IDA-DI;15/08/2012;1145,224659
IDA-DI;16/08/2012;1145,656113
IDA-DI;17/08/2012;1146,069011
IDA-DI;20/08/2012;1146,478856
IDA-DI;21/08/2012;1146,892579
IDA-DI;22/08/2012;1147,308524
IDA-DI;23/08/2012;1147,719187
IDA-DI;24/08/2012;1148,105036
IDA-DI;27/08/2012;1148,509909
IDA-DI;28/08/2012;1148,905649
IDA-DI;29/08/2012;1149,29625
IDA-DI;30/08/2012;1149,67326
IDA-DI;31/08/2012;1150,064173
IDA-DI;03/09/2012;1150,45485
IDA-DI;04/09/2012;1150,867257
IDA-DI;05/09/2012;1151,275001
IDA-DI;06/09/2012;1151,667264
IDA-DI;10/09/2012;1152,052684
IDA-DI;11/09/2012;1152,418075
IDA-DI;12/09/2012;1152,88906
IDA-DI;13/09/2012;1153,271984
IDA-DI;14/09/2012;1153,659888
IDA-DI;17/09/2012;1154,012864
IDA-DI;18/09/2012;1154,374537
IDA-DI;19/09/2012;1154,725673
IDA-DI;20/09/2012;1155,106235
IDA-DI;21/09/2012;1155,453834
IDA-DI;24/09/2012;1155,839456
IDA-DI;25/09/2012;1156,191171
IDA-DI;26/09/2012;1156,569513
IDA-DI;27/09/2012;1156,943428
IDA-DI;28/09/2012;1157,30309
IDA-DI;01/10/2012;1157,675845
IDA-DI;02/10/2012;1158,080478
IDA-DI;03/10/2012;1158,534127
IDA-DI;04/10/2012;1158,994464
IDA-DI;05/10/2012;1159,360306
IDA-DI;08/10/2012;1159,731813
IDA-DI;09/10/2012;1160,097887
IDA-DI;10/10/2012;1160,475819
IDA-DI;11/10/2012;1160,840103
IDA-DI;15/10/2012;1161,162092
IDA-DI;16/10/2012;1161,498874
IDA-DI;17/10/2012;1161,846139
IDA-DI;18/10/2012;1162,19534
IDA-DI;19/10/2012;1162,555702
IDA-DI;22/10/2012;1162,914033
IDA-DI;23/10/2012;1163,314346
IDA-DI;24/10/2012;1163,665311
IDA-DI;25/10/2012;1164,038757
IDA-DI;26/10/2012;1164,421999
IDA-DI;29/10/2012;1164,784388
IDA-DI;30/10/2012;1165,158526
IDA-DI;31/10/2012;1165,54051
IDA-DI;01/11/2012;1165,88349
IDA-DI;05/11/2012;1166,271906
IDA-DI;06/11/2012;1166,669923
IDA-DI;07/11/2012;1167,062013
IDA-DI;08/11/2012;1167,445299
IDA-DI;09/11/2012;1167,852682
IDA-DI;12/11/2012;1168,239469
IDA-DI;13/11/2012;1168,607587
IDA-DI;14/11/2012;1168,975905
IDA-DI;16/11/2012;1169,354709
IDA-DI;19/11/2012;1169,702852
IDA-DI;20/11/2012;1170,060167
IDA-DI;21/11/2012;1170,431292
IDA-DI;22/11/2012;1170,765312
IDA-DI;23/11/2012;1171,129645
IDA-DI;26/11/2012;1171,470584
IDA-DI;27/11/2012;1171,850845
IDA-DI;28/11/2012;1172,213795
IDA-DI;29/11/2012;1172,57859
IDA-DI;30/11/2012;1172,916384
IDA-DI;03/12/2012;1173,298938
IDA-DI;04/12/2012;1173,62758
IDA-DI;05/12/2012;1174,031017
IDA-DI;06/12/2012;1174,380697
IDA-DI;07/12/2012;1174,748051
IDA-DI;10/12/2012;1175,178668
IDA-DI;11/12/2012;1175,561366
IDA-DI;12/12/2012;1175,970787
IDA-DI;13/12/2012;1176,331046
IDA-DI;14/12/2012;1176,707208
IDA-DI;17/12/2012;1177,062058
IDA-DI;18/12/2012;1177,432186
IDA-DI;19/12/2012;1177,79377
IDA-DI;20/12/2012;1178,163806
IDA-DI;21/12/2012;1178,508091
IDA-DI;24/12/2012;1178,860998
IDA-DI;26/12/2012;1179,245299
IDA-DI;27/12/2012;1179,604401
IDA-DI;28/12/2012;1179,975556
IDA-DI;31/12/2012;1180,330118
IDA-DI;02/01/2013;1180,637126
IDA-DI;03/01/2013;1181,00651
IDA-DI;04/01/2013;1181,406918
IDA-DI;07/01/2013;1181,735429
IDA-DI;08/01/2013;1182,12771
IDA-DI;09/01/2013;1182,498023
IDA-DI;10/01/2013;1182,846237
IDA-DI;11/01/2013;1183,214702
IDA-DI;14/01/2013;1183,549434
IDA-DI;15/01/2013;1183,968501
IDA-DI;16/01/2013;1184,330129
IDA-DI;17/01/2013;1184,737739
IDA-DI;18/01/2013;1185,114075
IDA-DI;21/01/2013;1185,45836
IDA-DI;22/01/2013;1185,803949
IDA-DI;23/01/2013;1186,176996
IDA-DI;24/01/2013;1186,525569
IDA-DI;25/01/2013;1186,883001
IDA-DI;28/01/2013;1187,263673
IDA-DI;29/01/2013;1187,63761
IDA-DI;30/01/2013;1187,976981
IDA-DI;31/01/2013;1188,341839
IDA-DI;01/02/2013;1188,709118
IDA-DI;04/02/2013;1189,061645
IDA-DI;05/02/2013;1189,416287
IDA-DI;06/02/2013;1189,796071
IDA-DI;07/02/2013;1190,159136
IDA-DI;08/02/2013;1190,517858
IDA-DI;13/02/2013;1190,828983
IDA-DI;14/02/2013;1191,224654
IDA-DI;15/02/2013;1191,589926
IDA-DI;18/02/2013;1191,955593
IDA-DI;19/02/2013;1192,31153
IDA-DI;20/02/2013;1192,67742
IDA-DI;21/02/2013;1193,034714
IDA-DI;22/02/2013;1193,412148
IDA-DI;25/02/2013;1193,772831
IDA-DI;26/02/2013;1194,131618
IDA-DI;27/02/2013;1194,502715
IDA-DI;28/02/2013;1194,848889
IDA-DI;01/03/2013;1195,247089
IDA-DI;04/03/2013;1195,621627
IDA-DI;05/03/2013;1196,026586
IDA-DI;06/03/2013;1196,421745
IDA-DI;07/03/2013;1196,781759
IDA-DI;08/03/2013;1197,123522
IDA-DI;11/03/2013;1197,496439
IDA-DI;12/03/2013;1197,876299
IDA-DI;13/03/2013;1198,274395
IDA-DI;14/03/2013;1198,628518
IDA-DI;15/03/2013;1198,987341
IDA-DI;18/03/2013;1199,327034
IDA-DI;19/03/2013;1199,693794
IDA-DI;20/03/2013;1200,049311
IDA-DI;21/03/2013;1200,427294
IDA-DI;22/03/2013;1200,795994
IDA-DI;25/03/2013;1201,160961
IDA-DI;26/03/2013;1201,601213
IDA-DI;27/03/2013;1201,945491
IDA-DI;28/03/2013;1202,324415
IDA-DI;01/04/2013;1202,693469
IDA-DI;02/04/2013;1203,076938
IDA-DI;03/04/2013;1203,457453
IDA-DI;04/04/2013;1203,79953
IDA-DI;05/04/2013;1204,17511
IDA-DI;08/04/2013;1204,552175
IDA-DI;09/04/2013;1204,945196
IDA-DI;10/04/2013;1205,297062
IDA-DI;11/04/2013;1205,657574
IDA-DI;12/04/2013;1206,032744
IDA-DI;15/04/2013;1206,481437
IDA-DI;16/04/2013;1206,851107
IDA-DI;17/04/2013;1207,226459
IDA-DI;18/04/2013;1207,598476
IDA-DI;19/04/2013;1207,978692
IDA-DI;22/04/2013;1208,386642
IDA-DI;23/04/2013;1208,785824
IDA-DI;24/04/2013;1209,163963
IDA-DI;25/04/2013;1209,561774
IDA-DI;26/04/2013;1209,961335
IDA-DI;29/04/2013;1210,366503
IDA-DI;30/04/2013;1210,735603
IDA-DI;02/05/2013;1211,104995
IDA-DI;03/05/2013;1211,48367
IDA-DI;06/05/2013;1211,849416
IDA-DI;07/05/2013;1212,253691
IDA-DI;08/05/2013;1212,641211
IDA-DI;09/05/2013;1212,874786
IDA-DI;10/05/2013;1213,225622
IDA-DI;13/05/2013;1213,653733
IDA-DI;14/05/2013;1214,0471
IDA-DI;15/05/2013;1214,41567
IDA-DI;16/05/2013;1214,916835
IDA-DI;17/05/2013;1215,304087
IDA-DI;20/05/2013;1215,69544
IDA-DI;21/05/2013;1216,092113
IDA-DI;22/05/2013;1216,494487
IDA-DI;23/05/2013;1216,882136
IDA-DI;24/05/2013;1217,283866
IDA-DI;27/05/2013;1217,671528
IDA-DI;28/05/2013;1218,057563
IDA-DI;29/05/2013;1218,44696
IDA-DI;31/05/2013;1218,836582
IDA-DI;03/06/2013;1219,217082
IDA-DI;04/06/2013;1219,614561
IDA-DI;05/06/2013;1219,992086
IDA-DI;06/06/2013;1220,345189
IDA-DI;07/06/2013;1220,750869
IDA-DI;10/06/2013;1221,156499
IDA-DI;11/06/2013;1221,565946
IDA-DI;12/06/2013;1221,983146
IDA-DI;13/06/2013;1222,396694
IDA-DI;14/06/2013;1222,78431
IDA-DI;17/06/2013;1223,159714
IDA-DI;18/06/2013;1223,577571
IDA-DI;19/06/2013;1223,966658
IDA-DI;20/06/2013;1224,377309
IDA-DI;21/06/2013;1224,734604
IDA-DI;24/06/2013;1225,148066
IDA-DI;25/06/2013;1225,518745
IDA-DI;26/06/2013;1225,929545
IDA-DI;27/06/2013;1226,275343
IDA-DI;28/06/2013;1226,645918
IDA-DI;01/07/2013;1227,042254
IDA-DI;02/07/2013;1227,461178
IDA-DI;03/07/2013;1227,849582
IDA-DI;04/07/2013;1228,220091
IDA-DI;05/07/2013;1228,579148
IDA-DI;08/07/2013;1228,958713
IDA-DI;09/07/2013;1229,365793
IDA-DI;10/07/2013;1229,68927
IDA-DI;11/07/2013;1230,078967
IDA-DI;12/07/2013;1230,486111
IDA-DI;15/07/2013;1230,917079
IDA-DI;16/07/2013;1231,347358
IDA-DI;17/07/2013;1231,755834
IDA-DI;18/07/2013;1232,11991
IDA-DI;19/07/2013;1232,517597
IDA-DI;22/07/2013;1232,94453
IDA-DI;23/07/2013;1233,374934
IDA-DI;24/07/2013;1233,792532
IDA-DI;25/07/2013;1234,220851
IDA-DI;26/07/2013;1234,619428
IDA-DI;29/07/2013;1235,059036
IDA-DI;30/07/2013;1235,465177
IDA-DI;31/07/2013;1235,862418
IDA-DI;01/08/2013;1236,264365
IDA-DI;02/08/2013;1236,742097
IDA-DI;05/08/2013;1237,202133
IDA-DI;06/08/2013;1237,630406
IDA-DI;07/08/2013;1238,041417
IDA-DI;08/08/2013;1238,460224
IDA-DI;09/08/2013;1238,91815
IDA-DI;12/08/2013;1239,36204
IDA-DI;13/08/2013;1239,791476
IDA-DI;14/08/2013;1240,260545
IDA-DI;15/08/2013;1240,705716
IDA-DI;16/08/2013;1241,148441
IDA-DI;19/08/2013;1241,597684
IDA-DI;20/08/2013;1242,011355
IDA-DI;21/08/2013;1242,367925
IDA-DI;22/08/2013;1242,772293
IDA-DI;23/08/2013;1243,189863
IDA-DI;26/08/2013;1243,643733
IDA-DI;27/08/2013;1244,071089
IDA-DI;28/08/2013;1244,499803
IDA-DI;29/08/2013;1244,946792
IDA-DI;30/08/2013;1245,404539
IDA-DI;02/09/2013;1245,851337
IDA-DI;03/09/2013;1246,300022
IDA-DI;04/09/2013;1246,74403
IDA-DI;05/09/2013;1247,210477
IDA-DI;06/09/2013;1247,660312
IDA-DI;09/09/2013;1248,124598
IDA-DI;10/09/2013;1248,593188
IDA-DI;11/09/2013;1249,071765
IDA-DI;12/09/2013;1249,514249
IDA-DI;13/09/2013;1249,979262
IDA-DI;16/09/2013;1250,442048
IDA-DI;17/09/2013;1250,914569
IDA-DI;18/09/2013;1251,396985
IDA-DI;19/09/2013;1251,815981
IDA-DI;20/09/2013;1252,274953
IDA-DI;23/09/2013;1252,737456
IDA-DI;24/09/2013;1253,187261
IDA-DI;25/09/2013;1253,641895
IDA-DI;26/09/2013;1254,154686
IDA-DI;27/09/2013;1254,601543
IDA-DI;30/09/2013;1255,010622
IDA-DI;01/10/2013;1255,495469
IDA-DI;02/10/2013;1255,933905
IDA-DI;03/10/2013;1256,384118
IDA-DI;04/10/2013;1256,843397
IDA-DI;07/10/2013;1257,315018
IDA-DI;08/10/2013;1257,792087
IDA-DI;09/10/2013;1258,254999
IDA-DI;10/10/2013;1258,722795
IDA-DI;11/10/2013;1259,208357
IDA-DI;14/10/2013;1259,742193
IDA-DI;15/10/2013;1260,291316
IDA-DI;16/10/2013;1260,789016
IDA-DI;17/10/2013;1261,294261
IDA-DI;18/10/2013;1261,781411
IDA-DI;21/10/2013;1262,278137
IDA-DI;22/10/2013;1262,762186
IDA-DI;23/10/2013;1263,261645
IDA-DI;24/10/2013;1263,756697
IDA-DI;25/10/2013;1264,259567
IDA-DI;28/10/2013;1264,748549
IDA-DI;29/10/2013;1265,246954
IDA-DI;30/10/2013;1265,774612
IDA-DI;31/10/2013;1266,254318
IDA-DI;01/11/2013;1266,725475
IDA-DI;04/11/2013;1267,225084
IDA-DI;05/11/2013;1267,744352
IDA-DI;06/11/2013;1268,18896
IDA-DI;07/11/2013;1268,664172
IDA-DI;08/11/2013;1269,147319
IDA-DI;11/11/2013;1269,656605
IDA-DI;12/11/2013;1270,181302
IDA-DI;13/11/2013;1270,683994
IDA-DI;14/11/2013;1271,197375
IDA-DI;18/11/2013;1271,69806
IDA-DI;19/11/2013;1272,212608
IDA-DI;20/11/2013;1272,713046
IDA-DI;21/11/2013;1273,169041
IDA-DI;22/11/2013;1273,684953
IDA-DI;25/11/2013;1274,23272
IDA-DI;26/11/2013;1274,713488
IDA-DI;27/11/2013;1275,215191
IDA-DI;28/11/2013;1275,866753
IDA-DI;29/11/2013;1276,392026
IDA-DI;02/12/2013;1276,905184
IDA-DI;03/12/2013;1277,419977
IDA-DI;04/12/2013;1277,929681
IDA-DI;05/12/2013;1278,465619
IDA-DI;06/12/2013;1279,002369
IDA-DI;09/12/2013;1279,528865
IDA-DI;10/12/2013;1280,064213
IDA-DI;11/12/2013;1280,587846
IDA-DI;12/12/2013;1281,159772
IDA-DI;13/12/2013;1281,691754
IDA-DI;16/12/2013;1282,208741
IDA-DI;17/12/2013;1282,683824
IDA-DI;18/12/2013;1283,198956
IDA-DI;19/12/2013;1283,67228
IDA-DI;20/12/2013;1284,186533
IDA-DI;23/12/2013;1284,73352
IDA-DI;24/12/2013;1285,261812
IDA-DI;26/12/2013;1285,793883
IDA-DI;27/12/2013;1286,302573
IDA-DI;30/12/2013;1286,776386
IDA-DI;31/12/2013;1287,305648
IDA-DI;02/01/2014;1287,780038
IDA-DI;03/01/2014;1288,363171
IDA-DI;06/01/2014;1288,891027
IDA-DI;07/01/2014;1289,382018
IDA-DI;08/01/2014;1289,925115
IDA-DI;09/01/2014;1290,491666
IDA-DI;10/01/2014;1291,011571
IDA-DI;13/01/2014;1291,533959
IDA-DI;14/01/2014;1292,052744
IDA-DI;15/01/2014;1292,593328
IDA-DI;16/01/2014;1293,109319
IDA-DI;17/01/2014;1293,66837
IDA-DI;20/01/2014;1294,226258
IDA-DI;21/01/2014;1294,79696
IDA-DI;22/01/2014;1295,372965
IDA-DI;23/01/2014;1295,949765
IDA-DI;24/01/2014;1296,439523
IDA-DI;27/01/2014;1296,944112
IDA-DI;28/01/2014;1297,44563
IDA-DI;29/01/2014;1298,011229
IDA-DI;30/01/2014;1298,537239
IDA-DI;31/01/2014;1299,109551
IDA-DI;03/02/2014;1299,649839
IDA-DI;04/02/2014;1300,181766
IDA-DI;05/02/2014;1300,67666
IDA-DI;06/02/2014;1301,214253
IDA-DI;07/02/2014;1301,773768
IDA-DI;10/02/2014;1302,344317
IDA-DI;11/02/2014;1302,85624
IDA-DI;12/02/2014;1303,412129
IDA-DI;13/02/2014;1303,913869
IDA-DI;14/02/2014;1304,479846
IDA-DI;17/02/2014;1305,014407
IDA-DI;18/02/2014;1305,566671
IDA-DI;19/02/2014;1306,134531
IDA-DI;20/02/2014;1306,657424
IDA-DI;21/02/2014;1307,223011
IDA-DI;24/02/2014;1307,792426
IDA-DI;25/02/2014;1308,337156
IDA-DI;26/02/2014;1308,920696
IDA-DI;27/02/2014;1309,496212
IDA-DI;28/02/2014;1310,083418
IDA-DI;05/03/2014;1310,670751
IDA-DI;06/03/2014;1311,248323
IDA-DI;07/03/2014;1311,832757
IDA-DI;10/03/2014;1312,424811
IDA-DI;11/03/2014;1313,00619
IDA-DI;12/03/2014;1313,598941
IDA-DI;13/03/2014;1314,16728
IDA-DI;14/03/2014;1314,752131
IDA-DI;17/03/2014;1315,332331
IDA-DI;18/03/2014;1315,922765
IDA-DI;19/03/2014;1316,506302
IDA-DI;20/03/2014;1317,09233
IDA-DI;21/03/2014;1317,673447
IDA-DI;24/03/2014;1318,256522
IDA-DI;25/03/2014;1318,836137
IDA-DI;26/03/2014;1319,419069
IDA-DI;27/03/2014;1320,001334
IDA-DI;28/03/2014;1320,596182
IDA-DI;31/03/2014;1321,186979
IDA-DI;01/04/2014;1321,796291
IDA-DI;02/04/2014;1322,384065
IDA-DI;03/04/2014;1322,964215
IDA-DI;04/04/2014;1323,583457
IDA-DI;07/04/2014;1324,16573
IDA-DI;08/04/2014;1324,755
IDA-DI;09/04/2014;1325,363352
IDA-DI;10/04/2014;1325,978835
IDA-DI;11/04/2014;1326,579666
IDA-DI;14/04/2014;1327,176066
IDA-DI;15/04/2014;1327,771098
IDA-DI;16/04/2014;1328,36345
IDA-DI;17/04/2014;1328,940474
IDA-DI;22/04/2014;1329,539474
IDA-DI;23/04/2014;1330,138163
IDA-DI;24/04/2014;1330,74625
IDA-DI;25/04/2014;1331,355679
IDA-DI;28/04/2014;1331,963338
IDA-DI;29/04/2014;1332,578517
IDA-DI;30/04/2014;1333,17925
IDA-DI;02/05/2014;1333,777135
IDA-DI;05/05/2014;1334,381024
IDA-DI;06/05/2014;1334,975743
IDA-DI;07/05/2014;1335,589524
IDA-DI;08/05/2014;1336,19929
IDA-DI;09/05/2014;1336,796744
IDA-DI;12/05/2014;1337,408188
IDA-DI;13/05/2014;1338,072818
IDA-DI;14/05/2014;1338,641103
IDA-DI;15/05/2014;1339,251744
IDA-DI;16/05/2014;1339,894617
IDA-DI;19/05/2014;1340,500701
IDA-DI;20/05/2014;1341,104633
IDA-DI;21/05/2014;1341,709565
IDA-DI;22/05/2014;1342,317084
IDA-DI;23/05/2014;1342,954973
IDA-DI;26/05/2014;1343,555935
IDA-DI;27/05/2014;1344,149978
IDA-DI;28/05/2014;1344,739211
IDA-DI;29/05/2014;1345,338915
IDA-DI;30/05/2014;1345,952817
IDA-DI;02/06/2014;1346,5688
IDA-DI;03/06/2014;1347,174108
IDA-DI;04/06/2014;1347,751368
IDA-DI;05/06/2014;1348,377159
IDA-DI;06/06/2014;1348,980657
IDA-DI;09/06/2014;1349,528254
IDA-DI;10/06/2014;1350,119806
IDA-DI;11/06/2014;1350,717667
IDA-DI;12/06/2014;1351,328581
IDA-DI;13/06/2014;1351,932471
IDA-DI;16/06/2014;1352,563298
IDA-DI;17/06/2014;1353,18446
IDA-DI;18/06/2014;1353,796046
IDA-DI;20/06/2014;1354,411173
IDA-DI;23/06/2014;1355,029482
IDA-DI;24/06/2014;1355,642502
IDA-DI;25/06/2014;1356,285411
IDA-DI;26/06/2014;1356,886328
IDA-DI;27/06/2014;1357,530343
IDA-DI;30/06/2014;1358,140408
IDA-DI;01/07/2014;1358,775244
IDA-DI;02/07/2014;1359,395368
IDA-DI;03/07/2014;1359,979012
IDA-DI;04/07/2014;1360,608347
IDA-DI;07/07/2014;1361,242878
IDA-DI;08/07/2014;1361,874383
IDA-DI;09/07/2014;1362,489748
IDA-DI;10/07/2014;1363,103665
IDA-DI;11/07/2014;1363,795519
IDA-DI;14/07/2014;1364,413614
IDA-DI;15/07/2014;1365,048741
IDA-DI;16/07/2014;1365,641379
IDA-DI;17/07/2014;1365,784038
IDA-DI;18/07/2014;1366,336589
IDA-DI;21/07/2014;1367,011558
IDA-DI;22/07/2014;1367,573915
IDA-DI;23/07/2014;1368,184666
IDA-DI;24/07/2014;1368,88739
IDA-DI;25/07/2014;1369,5841
IDA-DI;28/07/2014;1370,241784
IDA-DI;29/07/2014;1370,883178
IDA-DI;30/07/2014;1371,539503
IDA-DI;31/07/2014;1372,18846
IDA-DI;01/08/2014;1372,826104
IDA-DI;04/08/2014;1373,462536
IDA-DI;05/08/2014;1374,101786
IDA-DI;06/08/2014;1374,738851
IDA-DI;07/08/2014;1375,369642
IDA-DI;08/08/2014;1375,98011
IDA-DI;11/08/2014;1376,612838
IDA-DI;12/08/2014;1377,248391
IDA-DI;13/08/2014;1377,865944
IDA-DI;14/08/2014;1378,495099
IDA-DI;15/08/2014;1379,109178
IDA-DI;18/08/2014;1379,745761
IDA-DI;19/08/2014;1380,37891
IDA-DI;20/08/2014;1380,951281
IDA-DI;21/08/2014;1381,524597
IDA-DI;22/08/2014;1382,117424
IDA-DI;25/08/2014;1382,821527
IDA-DI;26/08/2014;1383,488449
IDA-DI;27/08/2014;1384,148421
IDA-DI;28/08/2014;1384,755887
IDA-DI;29/08/2014;1385,40478
IDA-DI;01/09/2014;1386,018148
IDA-DI;02/09/2014;1386,637576
IDA-DI;03/09/2014;1387,244395
IDA-DI;04/09/2014;1387,897925
IDA-DI;05/09/2014;1388,531383
IDA-DI;08/09/2014;1389,164659
IDA-DI;09/09/2014;1389,811117
IDA-DI;10/09/2014;1390,426132
IDA-DI;11/09/2014;1391,070291
IDA-DI;12/09/2014;1391,7147
IDA-DI;15/09/2014;1392,353535
IDA-DI;16/09/2014;1392,977811
IDA-DI;17/09/2014;1393,619405
IDA-DI;18/09/2014;1394,249553
IDA-DI;19/09/2014;1394,892183
IDA-DI;22/09/2014;1395,531835
IDA-DI;23/09/2014;1396,182277
IDA-DI;24/09/2014;1396,845854
IDA-DI;25/09/2014;1397,504868
IDA-DI;26/09/2014;1398,12511
IDA-DI;29/09/2014;1398,791825
IDA-DI;30/09/2014;1399,426896
IDA-DI;01/10/2014;1400,054228
IDA-DI;02/10/2014;1400,694278
IDA-DI;03/10/2014;1401,322366
IDA-DI;06/10/2014;1401,968948
IDA-DI;07/10/2014;1402,670779
IDA-DI;08/10/2014;1403,301116
IDA-DI;09/10/2014;1403,96294
IDA-DI;10/10/2014;1404,618937
IDA-DI;13/10/2014;1405,260539
IDA-DI;14/10/2014;1405,883076
IDA-DI;15/10/2014;1406,518408
IDA-DI;16/10/2014;1407,140329
IDA-DI;17/10/2014;1407,793067
IDA-DI;20/10/2014;1408,433562
IDA-DI;21/10/2014;1409,052489
IDA-DI;22/10/2014;1409,693512
IDA-DI;23/10/2014;1410,331939
IDA-DI;24/10/2014;1410,996945
IDA-DI;27/10/2014;1411,617582
IDA-DI;28/10/2014;1412,250443
IDA-DI;29/10/2014;1412,862447
IDA-DI;30/10/2014;1413,517307
IDA-DI;31/10/2014;1414,154425
IDA-DI;03/11/2014;1414,815281
IDA-DI;04/11/2014;1415,46009
IDA-DI;05/11/2014;1416,090217
IDA-DI;06/11/2014;1416,751558
IDA-DI;07/11/2014;1417,395005
IDA-DI;10/11/2014;1418,022181
IDA-DI;11/11/2014;1418,660782
IDA-DI;12/11/2014;1419,30627
IDA-DI;13/11/2014;1419,950088
IDA-DI;14/11/2014;1420,633129
IDA-DI;17/11/2014;1421,278386
IDA-DI;18/11/2014;1421,971791
IDA-DI;19/11/2014;1422,582378
IDA-DI;20/11/2014;1423,238095
IDA-DI;21/11/2014;1423,870621
IDA-DI;24/11/2014;1424,525495
IDA-DI;25/11/2014;1425,172666
IDA-DI;26/11/2014;1425,827953
IDA-DI;27/11/2014;1426,595846
IDA-DI;28/11/2014;1427,144264
IDA-DI;01/12/2014;1427,934259
IDA-DI;02/12/2014;1428,396118
IDA-DI;03/12/2014;1429,033034
IDA-DI;04/12/2014;1429,654603
IDA-DI;05/12/2014;1430,351512
IDA-DI;08/12/2014;1431,019156
IDA-DI;09/12/2014;1431,800845
IDA-DI;10/12/2014;1432,507998
IDA-DI;11/12/2014;1433,121921
IDA-DI;12/12/2014;1433,860675
IDA-DI;15/12/2014;1434,543611
IDA-DI;16/12/2014;1435,263576
IDA-DI;17/12/2014;1435,896467
IDA-DI;18/12/2014;1436,605022
IDA-DI;19/12/2014;1437,302345
IDA-DI;22/12/2014;1437,975026
IDA-DI;23/12/2014;1438,666476
IDA-DI;24/12/2014;1439,355474
IDA-DI;26/12/2014;1439,999535
IDA-DI;29/12/2014;1440,714194
IDA-DI;30/12/2014;1441,404998
IDA-DI;31/12/2014;1442,095321
IDA-DI;02/01/2015;1442,836659
IDA-DI;05/01/2015;1443,524158
IDA-DI;06/01/2015;1444,238564
IDA-DI;07/01/2015;1444,950265
IDA-DI;08/01/2015;1445,670348
IDA-DI;09/01/2015;1446,342918
IDA-DI;12/01/2015;1447,04464
IDA-DI;13/01/2015;1447,731752
IDA-DI;14/01/2015;1448,414229
IDA-DI;15/01/2015;1449,116652
IDA-DI;16/01/2015;1449,806511
IDA-DI;19/01/2015;1450,546655
IDA-DI;20/01/2015;1451,200239
IDA-DI;21/01/2015;1451,889963
IDA-DI;22/01/2015;1452,569063
IDA-DI;23/01/2015;1453,291571
IDA-DI;26/01/2015;1453,932755
IDA-DI;27/01/2015;1454,537689
IDA-DI;28/01/2015;1455,209814
IDA-DI;29/01/2015;1455,820566
IDA-DI;30/01/2015;1456,529003
IDA-DI;02/02/2015;1457,261136
IDA-DI;03/02/2015;1457,974548
IDA-DI;04/02/2015;1458,625835
IDA-DI;05/02/2015;1459,298984
IDA-DI;06/02/2015;1459,975423
IDA-DI;09/02/2015;1460,710813
IDA-DI;10/02/2015;1461,398207
IDA-DI;11/02/2015;1462,099862
IDA-DI;12/02/2015;1462,811635
IDA-DI;13/02/2015;1463,449724
IDA-DI;18/02/2015;1464,116605
IDA-DI;19/02/2015;1464,876449
IDA-DI;20/02/2015;1465,589786
IDA-DI;23/02/2015;1466,311979
IDA-DI;24/02/2015;1467,029399
IDA-DI;25/02/2015;1467,980619
IDA-DI;26/02/2015;1468,723755
IDA-DI;27/02/2015;1469,441012
IDA-DI;02/03/2015;1470,171712
IDA-DI;03/03/2015;1470,895923
IDA-DI;04/03/2015;1471,616768
IDA-DI;05/03/2015;1472,254054
IDA-DI;06/03/2015;1473,012845
IDA-DI;09/03/2015;1473,718877
IDA-DI;10/03/2015;1474,463882
IDA-DI;11/03/2015;1475,260877
IDA-DI;12/03/2015;1476,086487
IDA-DI;13/03/2015;1476,807166
IDA-DI;16/03/2015;1477,614356
IDA-DI;17/03/2015;1478,330516
IDA-DI;18/03/2015;1479,083838
IDA-DI;19/03/2015;1479,786386
IDA-DI;20/03/2015;1480,420431
IDA-DI;23/03/2015;1481,167831
IDA-DI;24/03/2015;1481,90787
IDA-DI;25/03/2015;1482,619573
IDA-DI;26/03/2015;1483,396388
IDA-DI;27/03/2015;1484,101432
IDA-DI;30/03/2015;1484,821718
IDA-DI;31/03/2015;1485,517056
IDA-DI;01/04/2015;1486,109658
IDA-DI;02/04/2015;1486,858546
IDA-DI;06/04/2015;1487,646758
IDA-DI;07/04/2015;1488,358017
IDA-DI;08/04/2015;1489,155713
IDA-DI;09/04/2015;1489,916449
IDA-DI;10/04/2015;1490,600141
IDA-DI;13/04/2015;1491,335299
IDA-DI;14/04/2015;1492,062068
IDA-DI;15/04/2015;1492,867148
IDA-DI;16/04/2015;1493,562004
IDA-DI;17/04/2015;1494,305409
IDA-DI;20/04/2015;1495,079391
IDA-DI;22/04/2015;1495,855119
IDA-DI;23/04/2015;1496,629895
IDA-DI;24/04/2015;1497,363237
IDA-DI;27/04/2015;1498,10046
IDA-DI;28/04/2015;1498,814895
IDA-DI;29/04/2015;1499,658383
IDA-DI;30/04/2015;1500,415157
IDA-DI;04/05/2015;1501,271873
IDA-DI;05/05/2015;1502,041377
IDA-DI;06/05/2015;1502,868929
IDA-DI;07/05/2015;1503,700561
IDA-DI;08/05/2015;1504,495893
IDA-DI;11/05/2015;1505,307565
IDA-DI;12/05/2015;1506,118258
IDA-DI;13/05/2015;1506,916001
IDA-DI;14/05/2015;1507,726831
IDA-DI;15/05/2015;1508,526609
IDA-DI;18/05/2015;1509,337499
IDA-DI;19/05/2015;1510,15128
IDA-DI;20/05/2015;1510,964087
IDA-DI;21/05/2015;1511,752957
IDA-DI;22/05/2015;1512,555841
IDA-DI;25/05/2015;1513,350619
IDA-DI;26/05/2015;1514,123715
IDA-DI;27/05/2015;1514,906267
IDA-DI;28/05/2015;1515,743875
IDA-DI;29/05/2015;1516,538217
IDA-DI;01/06/2015;1517,343474
IDA-DI;02/06/2015;1518,181287
IDA-DI;03/06/2015;1518,986075
IDA-DI;05/06/2015;1519,801068
IDA-DI;08/06/2015;1520,616072
IDA-DI;09/06/2015;1521,463936
IDA-DI;10/06/2015;1522,314493
IDA-DI;11/06/2015;1523,161979
IDA-DI;12/06/2015;1523,988262
IDA-DI;15/06/2015;1524,860058
IDA-DI;16/06/2015;1525,697144
IDA-DI;17/06/2015;1526,562516
IDA-DI;18/06/2015;1527,390879
IDA-DI;19/06/2015;1528,257234
IDA-DI;22/06/2015;1529,087874
IDA-DI;23/06/2015;1530,011761
IDA-DI;24/06/2015;1530,862339
IDA-DI;25/06/2015;1531,746995
IDA-DI;26/06/2015;1532,569563
IDA-DI;29/06/2015;1533,377213
IDA-DI;30/06/2015;1534,172471
IDA-DI;01/07/2015;1535,030604
IDA-DI;02/07/2015;1535,862243
IDA-DI;03/07/2015;1536,70487
IDA-DI;06/07/2015;1537,559189
IDA-DI;07/07/2015;1538,414041
IDA-DI;08/07/2015;1539,233664
IDA-DI;09/07/2015;1540,089214
IDA-DI;10/07/2015;1540,925005
IDA-DI;13/07/2015;1541,807185
IDA-DI;14/07/2015;1542,661953
IDA-DI;15/07/2015;1543,542096
IDA-DI;16/07/2015;1544,419241
IDA-DI;17/07/2015;1545,285865
IDA-DI;20/07/2015;1546,190623
IDA-DI;21/07/2015;1547,05952
IDA-DI;22/07/2015;1547,89274
IDA-DI;23/07/2015;1548,784368
IDA-DI;24/07/2015;1549,623348
IDA-DI;27/07/2015;1550,480458
IDA-DI;28/07/2015;1551,328909
IDA-DI;29/07/2015;1552,329169
IDA-DI;30/07/2015;1553,121235
IDA-DI;31/07/2015;1554,032872
IDA-DI;03/08/2015;1554,911331
IDA-DI;04/08/2015;1555,751864
IDA-DI;05/08/2015;1556,608218
IDA-DI;06/08/2015;1557,509435
IDA-DI;07/08/2015;1558,419357
IDA-DI;10/08/2015;1559,30273
IDA-DI;11/08/2015;1560,249448
IDA-DI;12/08/2015;1561,102363
IDA-DI;13/08/2015;1562,003199
IDA-DI;14/08/2015;1562,882468
IDA-DI;17/08/2015;1563,788984
IDA-DI;18/08/2015;1564,588915
IDA-DI;19/08/2015;1565,498087
IDA-DI;20/08/2015;1566,348976
IDA-DI;21/08/2015;1567,269571
IDA-DI;24/08/2015;1568,144899
IDA-DI;25/08/2015;1569,014833
IDA-DI;26/08/2015;1569,94899
IDA-DI;27/08/2015;1570,876487
IDA-DI;28/08/2015;1571,763399
IDA-DI;31/08/2015;1572,701152
IDA-DI;01/09/2015;1573,634139
IDA-DI;02/09/2015;1574,547965
IDA-DI;03/09/2015;1575,454879
IDA-DI;04/09/2015;1576,386227
IDA-DI;08/09/2015;1577,285735
IDA-DI;09/09/2015;1578,186534
IDA-DI;10/09/2015;1579,095865
IDA-DI;11/09/2015;1580,014713
IDA-DI;14/09/2015;1580,919605
IDA-DI;15/09/2015;1581,802398
IDA-DI;16/09/2015;1582,684272
IDA-DI;17/09/2015;1583,576978
IDA-DI;18/09/2015;1584,475316
IDA-DI;21/09/2015;1585,260329
IDA-DI;22/09/2015;1586,154161
IDA-DI;23/09/2015;1587,057803
IDA-DI;24/09/2015;1587,920861
IDA-DI;25/09/2015;1588,796297
IDA-DI;28/09/2015;1589,721297
IDA-DI;29/09/2015;1590,568411
IDA-DI;30/09/2015;1591,429254
IDA-DI;01/10/2015;1592,347969
IDA-DI;02/10/2015;1593,241542
IDA-DI;05/10/2015;1594,155109
IDA-DI;06/10/2015;1595,083326
IDA-DI;07/10/2015;1595,978746
IDA-DI;08/10/2015;1596,885668
IDA-DI;09/10/2015;1597,815583
IDA-DI;13/10/2015;1598,738442
IDA-DI;14/10/2015;1599,652708
IDA-DI;15/10/2015;1600,55675
IDA-DI;16/10/2015;1601,422204
IDA-DI;19/10/2015;1602,281036
IDA-DI;20/10/2015;1603,18974
IDA-DI;21/10/2015;1604,101303
IDA-DI;22/10/2015;1604,973202
IDA-DI;23/10/2015;1605,81706
IDA-DI;26/10/2015;1606,740396
IDA-DI;27/10/2015;1607,598409
IDA-DI;28/10/2015;1608,416872
IDA-DI;29/10/2015;1609,283139
IDA-DI;30/10/2015;1610,114511
IDA-DI;03/11/2015;1610,82175
IDA-DI;04/11/2015;1611,676254
IDA-DI;05/11/2015;1612,098824
IDA-DI;06/11/2015;1612,741674
IDA-DI;09/11/2015;1613,49447
IDA-DI;10/11/2015;1614,24639
IDA-DI;11/11/2015;1615,04911
IDA-DI;12/11/2015;1615,790654
IDA-DI;13/11/2015;1616,323931
IDA-DI;16/11/2015;1617,049224
IDA-DI;17/11/2015;1617,934094
IDA-DI;18/11/2015;1618,9017
IDA-DI;19/11/2015;1619,827726
IDA-DI;20/11/2015;1620,775247
IDA-DI;23/11/2015;1621,722262
IDA-DI;24/11/2015;1622,63454
IDA-DI;25/11/2015;1623,521104
IDA-DI;26/11/2015;1624,41858
IDA-DI;27/11/2015;1625,282994
IDA-DI;30/11/2015;1626,120647
IDA-DI;01/12/2015;1626,919582
IDA-DI;02/12/2015;1627,782625
IDA-DI;03/12/2015;1628,695555
IDA-DI;04/12/2015;1629,605941
IDA-DI;07/12/2015;1630,41673
IDA-DI;08/12/2015;1631,194858
IDA-DI;09/12/2015;1632,016143
IDA-DI;10/12/2015;1632,953046
IDA-DI;11/12/2015;1633,871753
IDA-DI;14/12/2015;1634,680025
IDA-DI;15/12/2015;1635,475502
IDA-DI;16/12/2015;1636,394348
IDA-DI;17/12/2015;1637,280829
IDA-DI;18/12/2015;1638,222158
IDA-DI;21/12/2015;1639,178151
IDA-DI;22/12/2015;1639,937346
IDA-DI;23/12/2015;1640,892429
IDA-DI;24/12/2015;1641,857959
IDA-DI;28/12/2015;1642,770581
IDA-DI;29/12/2015;1643,716853
IDA-DI;30/12/2015;1644,66011
IDA-DI;31/12/2015;1645,628638
IDA-DI;04/01/2016;1646,332082
IDA-DI;05/01/2016;1647,281135
IDA-DI;06/01/2016;1648,133732
IDA-DI;07/01/2016;1649,021039
IDA-DI;08/01/2016;1649,924636
IDA-DI;11/01/2016;1650,847737
IDA-DI;12/01/2016;1651,596443
IDA-DI;13/01/2016;1652,244906
IDA-DI;14/01/2016;1653,086661
IDA-DI;15/01/2016;1653,982341
IDA-DI;18/01/2016;1654,531265
IDA-DI;19/01/2016;1654,712229
IDA-DI;20/01/2016;1655,389967
IDA-DI;21/01/2016;1655,170268
IDA-DI;22/01/2016;1655,422645
IDA-DI;25/01/2016;1656,389316
IDA-DI;26/01/2016;1656,576816
IDA-DI;27/01/2016;1657,122119
IDA-DI;28/01/2016;1657,072173
IDA-DI;29/01/2016;1657,076855
IDA-DI;01/02/2016;1655,668391
IDA-DI;02/02/2016;1655,910979
IDA-DI;03/02/2016;1656,389788
IDA-DI;04/02/2016;1656,968309
IDA-DI;05/02/2016;1657,47355
IDA-DI;10/02/2016;1658,432215
IDA-DI;11/02/2016;1659,263325
IDA-DI;12/02/2016;1660,241765
IDA-DI;15/02/2016;1660,763943
IDA-DI;16/02/2016;1661,612632
IDA-DI;17/02/2016;1662,465757
IDA-DI;18/02/2016;1663,275003
IDA-DI;19/02/2016;1664,205509
IDA-DI;22/02/2016;1665,020315
IDA-DI;23/02/2016;1665,866075
IDA-DI;24/02/2016;1666,67367
IDA-DI;25/02/2016;1667,404385
IDA-DI;26/02/2016;1668,161123
IDA-DI;29/02/2016;1668,948894
IDA-DI;01/03/2016;1669,850524
IDA-DI;02/03/2016;1670,884607
IDA-DI;03/03/2016;1671,868522
IDA-DI;04/03/2016;1673,043721
IDA-DI;07/03/2016;1673,828329
IDA-DI;08/03/2016;1674,978244
IDA-DI;09/03/2016;1676,070787
IDA-DI;10/03/2016;1677,174673
IDA-DI;11/03/2016;1678,255834
IDA-DI;14/03/2016;1679,42294
IDA-DI;15/03/2016;1680,510913
IDA-DI;16/03/2016;1681,439319
IDA-DI;17/03/2016;1682,581981
IDA-DI;18/03/2016;1683,629468
IDA-DI;21/03/2016;1684,638775
IDA-DI;22/03/2016;1685,804721
IDA-DI;23/03/2016;1686,862359
IDA-DI;24/03/2016;1687,982196
IDA-DI;28/03/2016;1688,723955
IDA-DI;29/03/2016;1689,652626
IDA-DI;30/03/2016;1690,603442
IDA-DI;31/03/2016;1691,323661
IDA-DI;01/04/2016;1692,436103
IDA-DI;04/04/2016;1693,240153
IDA-DI;05/04/2016;1694,700672
IDA-DI;06/04/2016;1695,652246
IDA-DI;07/04/2016;1696,35031
IDA-DI;08/04/2016;1697,435623
IDA-DI;11/04/2016;1698,479391
IDA-DI;12/04/2016;1700,432076
IDA-DI;13/04/2016;1701,391698
IDA-DI;14/04/2016;1702,55262
IDA-DI;15/04/2016;1703,620595
IDA-DI;18/04/2016;1705,058601
IDA-DI;19/04/2016;1706,257012
IDA-DI;20/04/2016;1707,054937
IDA-DI;22/04/2016;1708,16492
IDA-DI;25/04/2016;1709,131597
IDA-DI;26/04/2016;1709,883078
IDA-DI;27/04/2016;1710,708682
IDA-DI;28/04/2016;1711,905171
IDA-DI;29/04/2016;1712,990717
IDA-DI;02/05/2016;1714,432582
IDA-DI;03/05/2016;1715,514112
IDA-DI;04/05/2016;1716,666542
IDA-DI;05/05/2016;1717,501511
IDA-DI;06/05/2016;1718,765108
IDA-DI;09/05/2016;1719,709915
IDA-DI;10/05/2016;1720,744099
IDA-DI;11/05/2016;1721,877193
IDA-DI;12/05/2016;1723,008082
IDA-DI;13/05/2016;1724,094115
IDA-DI;16/05/2016;1725,033352
IDA-DI;17/05/2016;1726,068014
IDA-DI;18/05/2016;1727,265429
IDA-DI;19/05/2016;1728,64479
IDA-DI;20/05/2016;1729,613661
IDA-DI;23/05/2016;1730,793247
IDA-DI;24/05/2016;1731,943219
IDA-DI;25/05/2016;1733,111163
IDA-DI;27/05/2016;1734,268826
IDA-DI;30/05/2016;1735,350021
IDA-DI;31/05/2016;1736,405268
IDA-DI;01/06/2016;1737,433385
IDA-DI;02/06/2016;1738,601453
IDA-DI;03/06/2016;1739,78501
IDA-DI;06/06/2016;1740,891113
IDA-DI;07/06/2016;1741,831628
IDA-DI;08/06/2016;1743,072401
IDA-DI;09/06/2016;1744,021119
IDA-DI;10/06/2016;1745,005388
IDA-DI;13/06/2016;1745,90381
IDA-DI;14/06/2016;1747,001371
IDA-DI;15/06/2016;1748,112667
IDA-DI;16/06/2016;1749,464786
IDA-DI;17/06/2016;1751,035208
IDA-DI;20/06/2016;1752,399277
IDA-DI;21/06/2016;1753,694868
IDA-DI;22/06/2016;1754,789238
IDA-DI;23/06/2016;1755,89615
IDA-DI;24/06/2016;1756,916658
IDA-DI;27/06/2016;1758,029389
IDA-DI;28/06/2016;1759,017999
IDA-DI;29/06/2016;1760,002167
IDA-DI;30/06/2016;1760,942452
IDA-DI;01/07/2016;1762,049191
IDA-DI;04/07/2016;1763,170176
IDA-DI;05/07/2016;1764,233396
IDA-DI;06/07/2016;1765,324065
IDA-DI;07/07/2016;1766,437954
IDA-DI;08/07/2016;1767,324212
IDA-DI;11/07/2016;1768,470883
IDA-DI;12/07/2016;1769,694945
IDA-DI;13/07/2016;1770,692484
IDA-DI;14/07/2016;1771,826055
IDA-DI;15/07/2016;1772,891876
IDA-DI;18/07/2016;1773,923616
IDA-DI;19/07/2016;1775,060977
IDA-DI;20/07/2016;1776,16716
IDA-DI;21/07/2016;1777,344142
IDA-DI;22/07/2016;1778,429735
IDA-DI;25/07/2016;1779,45588
IDA-DI;26/07/2016;1780,607046
IDA-DI;27/07/2016;1781,864875
IDA-DI;28/07/2016;1783,013179
IDA-DI;29/07/2016;1784,100188
IDA-DI;01/08/2016;1785,153276
IDA-DI;02/08/2016;1786,434017
IDA-DI;03/08/2016;1787,494143
IDA-DI;04/08/2016;1788,716026
IDA-DI;05/08/2016;1789,900543
IDA-DI;08/08/2016;1791,005474
IDA-DI;09/08/2016;1792,134425
IDA-DI;10/08/2016;1793,184322
IDA-DI;11/08/2016;1794,264814
IDA-DI;12/08/2016;1796,106716
IDA-DI;15/08/2016;1797,26372
IDA-DI;16/08/2016;1798,308034
IDA-DI;17/08/2016;1799,343129
IDA-DI;18/08/2016;1800,445123
IDA-DI;19/08/2016;1801,570612
IDA-DI;22/08/2016;1802,759185
IDA-DI;23/08/2016;1803,923753
IDA-DI;24/08/2016;1805,048643
IDA-DI;25/08/2016;1806,252745
IDA-DI;26/08/2016;1807,538463
IDA-DI;29/08/2016;1808,647372
IDA-DI;30/08/2016;1809,904903
IDA-DI;31/08/2016;1811,075845
IDA-DI;01/09/2016;1812,347718
IDA-DI;02/09/2016;1813,467686
IDA-DI;05/09/2016;1814,623945
IDA-DI;06/09/2016;1815,79773
IDA-DI;08/09/2016;1817,013457
IDA-DI;09/09/2016;1818,153325
IDA-DI;12/09/2016;1819,509195
IDA-DI;13/09/2016;1820,647833
IDA-DI;14/09/2016;1821,806425
IDA-DI;15/09/2016;1822,725517
IDA-DI;16/09/2016;1823,864213
IDA-DI;19/09/2016;1824,96313
IDA-DI;20/09/2016;1825,784396
IDA-DI;21/09/2016;1826,908572
IDA-DI;22/09/2016;1828,084034
IDA-DI;23/09/2016;1829,196055
IDA-DI;26/09/2016;1830,331756
IDA-DI;27/09/2016;1831,520889
IDA-DI;28/09/2016;1832,588873
IDA-DI;29/09/2016;1833,638115
IDA-DI;30/09/2016;1834,759771
IDA-DI;03/10/2016;1835,879498
IDA-DI;04/10/2016;1837,087435
IDA-DI;05/10/2016;1838,186868
IDA-DI;06/10/2016;1839,388663
IDA-DI;07/10/2016;1840,45959
IDA-DI;10/10/2016;1841,487568
IDA-DI;11/10/2016;1842,608762
IDA-DI;13/10/2016;1843,73464
IDA-DI;14/10/2016;1844,835079
IDA-DI;17/10/2016;1845,944302
IDA-DI;18/10/2016;1847,112831
IDA-DI;19/10/2016;1848,325794
IDA-DI;20/10/2016;1849,542382
IDA-DI;21/10/2016;1850,754857
IDA-DI;24/10/2016;1851,967622
IDA-DI;25/10/2016;1853,104799
IDA-DI;26/10/2016;1854,331355
IDA-DI;27/10/2016;1855,546187
IDA-DI;28/10/2016;1856,777678
IDA-DI;31/10/2016;1858,039134
IDA-DI;01/11/2016;1859,106395
IDA-DI;03/11/2016;1860,241563
IDA-DI;04/11/2016;1861,403969
IDA-DI;07/11/2016;1862,59674
IDA-DI;08/11/2016;1863,7339
IDA-DI;09/11/2016;1864,77833
IDA-DI;10/11/2016;1865,677674
IDA-DI;11/11/2016;1866,697497
IDA-DI;14/11/2016;1867,753709
IDA-DI;16/11/2016;1868,953002
IDA-DI;17/11/2016;1870,074399
IDA-DI;18/11/2016;1871,257459
IDA-DI;21/11/2016;1872,407748
IDA-DI;22/11/2016;1873,555737
IDA-DI;23/11/2016;1874,759881
IDA-DI;24/11/2016;1876,036681
IDA-DI;25/11/2016;1877,089262
IDA-DI;28/11/2016;1878,200375
IDA-DI;29/11/2016;1879,477745
IDA-DI;30/11/2016;1880,649183
IDA-DI;01/12/2016;1881,837381
IDA-DI;02/12/2016;1882,819983
IDA-DI;05/12/2016;1883,935955
IDA-DI;06/12/2016;1885,070604
IDA-DI;07/12/2016;1886,118006
IDA-DI;08/12/2016;1887,229294
IDA-DI;09/12/2016;1888,29216
IDA-DI;12/12/2016;1889,308297
IDA-DI;13/12/2016;1890,43806
IDA-DI;14/12/2016;1891,515673
IDA-DI;15/12/2016;1892,703819
IDA-DI;16/12/2016;1893,703582
IDA-DI;19/12/2016;1894,876565
IDA-DI;20/12/2016;1895,999891
IDA-DI;21/12/2016;1897,152171
IDA-DI;22/12/2016;1898,329864
IDA-DI;23/12/2016;1899,45642
IDA-DI;26/12/2016;1900,643026
IDA-DI;27/12/2016;1901,560958
IDA-DI;28/12/2016;1902,794027
IDA-DI;29/12/2016;1903,75461
IDA-DI;30/12/2016;1904,833821
IDA-DI;02/01/2017;1906,158384
IDA-DI;03/01/2017;1907,144583
IDA-DI;04/01/2017;1908,860412
IDA-DI;05/01/2017;1910,015972
IDA-DI;06/01/2017;1911,168102
IDA-DI;09/01/2017;1912,236574
IDA-DI;10/01/2017;1913,320519
IDA-DI;11/01/2017;1915,033402
IDA-DI;12/01/2017;1916,148495
IDA-DI;13/01/2017;1917,224408
IDA-DI;16/01/2017;1918,388813
IDA-DI;17/01/2017;1919,616794
IDA-DI;18/01/2017;1920,762968
IDA-DI;19/01/2017;1921,843434
IDA-DI;20/01/2017;1922,920217
IDA-DI;23/01/2017;1923,96815
IDA-DI;24/01/2017;1925,055646
IDA-DI;25/01/2017;1926,093788
IDA-DI;26/01/2017;1927,232798
IDA-DI;27/01/2017;1928,280221
IDA-DI;30/01/2017;1929,43519
IDA-DI;31/01/2017;1930,573652
IDA-DI;01/02/2017;1931,685792
IDA-DI;02/02/2017;1932,861625
IDA-DI;03/02/2017;1933,977693
IDA-DI;06/02/2017;1935,149312
IDA-DI;07/02/2017;1936,393378
IDA-DI;08/02/2017;1937,625605
IDA-DI;09/02/2017;1938,637399
IDA-DI;10/02/2017;1939,698334
IDA-DI;13/02/2017;1940,746451
IDA-DI;14/02/2017;1941,835104
IDA-DI;15/02/2017;1942,92813
IDA-DI;16/02/2017;1944,04643
IDA-DI;17/02/2017;1945,177157
IDA-DI;20/02/2017;1946,336721
IDA-DI;21/02/2017;1947,415282
IDA-DI;22/02/2017;1948,468345
IDA-DI;23/02/2017;1949,666622
IDA-DI;24/02/2017;1950,608623
IDA-DI;01/03/2017;1951,639287
IDA-DI;02/03/2017;1952,77181
IDA-DI;03/03/2017;1953,729223
IDA-DI;06/03/2017;1954,908546
IDA-DI;07/03/2017;1955,940028
IDA-DI;08/03/2017;1957,045024
IDA-DI;09/03/2017;1958,314038
IDA-DI;10/03/2017;1959,438233
IDA-DI;13/03/2017;1960,658415
IDA-DI;14/03/2017;1961,744014
IDA-DI;15/03/2017;1962,835187
IDA-DI;16/03/2017;1963,863261
IDA-DI;17/03/2017;1964,972864
IDA-DI;20/03/2017;1966,059342
IDA-DI;21/03/2017;1967,164648
IDA-DI;22/03/2017;1968,157161
IDA-DI;23/03/2017;1969,286813
IDA-DI;24/03/2017;1970,262013
IDA-DI;27/03/2017;1971,33255
IDA-DI;28/03/2017;1972,335546
IDA-DI;29/03/2017;1973,421268
IDA-DI;30/03/2017;1974,6536
IDA-DI;31/03/2017;1975,688327
IDA-DI;03/04/2017;1976,631828
IDA-DI;04/04/2017;1978,284842
IDA-DI;05/04/2017;1979,286225
IDA-DI;06/04/2017;1980,314719
IDA-DI;07/04/2017;1981,358101
IDA-DI;10/04/2017;1982,323355
IDA-DI;11/04/2017;1983,304586
IDA-DI;12/04/2017;1984,284548
IDA-DI;13/04/2017;1985,388223
IDA-DI;17/04/2017;1986,105939
IDA-DI;18/04/2017;1986,900544
IDA-DI;19/04/2017;1987,605181
IDA-DI;20/04/2017;1988,733332
IDA-DI;24/04/2017;1989,587507
IDA-DI;25/04/2017;1990,664672
IDA-DI;26/04/2017;1991,52297
IDA-DI;27/04/2017;1992,422195
IDA-DI;28/04/2017;1993,2749
IDA-DI;02/05/2017;1994,198728
IDA-DI;03/05/2017;1995,30702
IDA-DI;04/05/2017;1996,322902
IDA-DI;05/05/2017;1997,348616
IDA-DI;08/05/2017;1998,263215
IDA-DI;09/05/2017;1999,23362
IDA-DI;10/05/2017;2000,222462
IDA-DI;11/05/2017;2001,157372
IDA-DI;12/05/2017;2002,092564
IDA-DI;15/05/2017;2003,042906
IDA-DI;16/05/2017;2003,942544
IDA-DI;17/05/2017;2005,025316
IDA-DI;18/05/2017;2007,169707
IDA-DI;19/05/2017;2007,860008
IDA-DI;22/05/2017;2008,959051
IDA-DI;23/05/2017;2009,487914
IDA-DI;24/05/2017;2010,248827
IDA-DI;25/05/2017;2011,197479
IDA-DI;26/05/2017;2012,04901
IDA-DI;29/05/2017;2012,926214
IDA-DI;30/05/2017;2013,9252
IDA-DI;31/05/2017;2014,747848
IDA-DI;01/06/2017;2015,733989
IDA-DI;02/06/2017;2016,648761
IDA-DI;05/06/2017;2017,567929
IDA-DI;06/06/2017;2018,262287
IDA-DI;07/06/2017;2019,152471
IDA-DI;08/06/2017;2020,02746
IDA-DI;09/06/2017;2020,828482
IDA-DI;12/06/2017;2021,81545
IDA-DI;13/06/2017;2022,824523
IDA-DI;14/06/2017;2023,782956
IDA-DI;16/06/2017;2024,502399
IDA-DI;19/06/2017;2025,30751
IDA-DI;20/06/2017;2026,364034
IDA-DI;21/06/2017;2027,338181
IDA-DI;22/06/2017;2028,45907
IDA-DI;23/06/2017;2029,461491
IDA-DI;26/06/2017;2030,36001
IDA-DI;27/06/2017;2031,281813
IDA-DI;28/06/2017;2031,232709
IDA-DI;29/06/2017;2031,82977
IDA-DI;30/06/2017;2032,628337
IDA-DI;03/07/2017;2033,313085
IDA-DI;04/07/2017;2034,317613
IDA-DI;05/07/2017;2035,270298
IDA-DI;06/07/2017;2036,160765
IDA-DI;07/07/2017;2037,105284
IDA-DI;10/07/2017;2037,974033
IDA-DI;11/07/2017;2038,963744
IDA-DI;12/07/2017;2039,836499
IDA-DI;13/07/2017;2040,742156
IDA-DI;14/07/2017;2041,562643
IDA-DI;17/07/2017;2042,386239
IDA-DI;18/07/2017;2043,342278
IDA-DI;19/07/2017;2044,330884
IDA-DI;20/07/2017;2045,302501
IDA-DI;21/07/2017;2046,256148
IDA-DI;24/07/2017;2047,170404
IDA-DI;25/07/2017;2048,217362
IDA-DI;26/07/2017;2049,121118
IDA-DI;27/07/2017;2049,947604
IDA-DI;28/07/2017;2050,836773
IDA-DI;31/07/2017;2051,831722
IDA-DI;01/08/2017;2052,804142
IDA-DI;02/08/2017;2053,611696
IDA-DI;03/08/2017;2054,328319
IDA-DI;04/08/2017;2055,164879
IDA-DI;07/08/2017;2056,026126
IDA-DI;08/08/2017;2056,806044
IDA-DI;09/08/2017;2057,719715
IDA-DI;10/08/2017;2058,595618
IDA-DI;11/08/2017;2059,439582
IDA-DI;14/08/2017;2060,244451
IDA-DI;15/08/2017;2060,983322
IDA-DI;16/08/2017;2061,690746
IDA-DI;17/08/2017;2062,468676
IDA-DI;18/08/2017;2063,157386
IDA-DI;21/08/2017;2064,176215
IDA-DI;22/08/2017;2065,047647
IDA-DI;23/08/2017;2065,756032
IDA-DI;24/08/2017;2066,46712
IDA-DI;25/08/2017;2067,27485
IDA-DI;28/08/2017;2068,161904
IDA-DI;29/08/2017;2068,945892
IDA-DI;30/08/2017;2069,902396
IDA-DI;31/08/2017;2070,624774
IDA-DI;01/09/2017;2071,539104
IDA-DI;04/09/2017;2072,412425
IDA-DI;05/09/2017;2073,112877
IDA-DI;06/09/2017;2073,785908
IDA-DI;08/09/2017;2074,382342
IDA-DI;11/09/2017;2075,117315
IDA-DI;12/09/2017;2075,853251
IDA-DI;13/09/2017;2076,667387
IDA-DI;14/09/2017;2077,32062
IDA-DI;15/09/2017;2078,203848
IDA-DI;18/09/2017;2078,945473
IDA-DI;19/09/2017;2079,752321
IDA-DI;20/09/2017;2080,355712
IDA-DI;21/09/2017;2081,082958
IDA-DI;22/09/2017;2081,843913
IDA-DI;25/09/2017;2082,695132
IDA-DI;26/09/2017;2083,307747
IDA-DI;27/09/2017;2084,085964
IDA-DI;28/09/2017;2084,791636
IDA-DI;29/09/2017;2085,453774
IDA-DI;02/10/2017;2086,153169
IDA-DI;03/10/2017;2086,897705
IDA-DI;04/10/2017;2087,641419
IDA-DI;05/10/2017;2088,399333
IDA-DI;06/10/2017;2089,099032
IDA-DI;09/10/2017;2089,872336
IDA-DI;10/10/2017;2090,542584
IDA-DI;11/10/2017;2091,205997
IDA-DI;13/10/2017;2091,888321
IDA-DI;16/10/2017;2092,658628
IDA-DI;17/10/2017;2093,311997
IDA-DI;18/10/2017;2093,947474
IDA-DI;19/10/2017;2094,513498
IDA-DI;20/10/2017;2095,290508
IDA-DI;23/10/2017;2095,995039
IDA-DI;24/10/2017;2096,743015
IDA-DI;25/10/2017;2097,360175
IDA-DI;26/10/2017;2098,260784
IDA-DI;27/10/2017;2098,888978
IDA-DI;30/10/2017;2099,601201
IDA-DI;31/10/2017;2100,241211
IDA-DI;01/11/2017;2100,960063
IDA-DI;03/11/2017;2101,693341
IDA-DI;06/11/2017;2102,232
IDA-DI;07/11/2017;2102,868802
IDA-DI;08/11/2017;2103,263665
IDA-DI;09/11/2017;2104,009923
IDA-DI;10/11/2017;2104,834369
IDA-DI;13/11/2017;2105,518675
IDA-DI;14/11/2017;2106,179625
IDA-DI;16/11/2017;2106,699618
IDA-DI;17/11/2017;2107,272316
IDA-DI;20/11/2017;2107,924247
IDA-DI;21/11/2017;2108,584279
IDA-DI;22/11/2017;2109,202756
IDA-DI;23/11/2017;2109,80352
IDA-DI;24/11/2017;2110,426646
IDA-DI;27/11/2017;2111,080887
IDA-DI;28/11/2017;2111,662904
IDA-DI;29/11/2017;2112,382398
IDA-DI;30/11/2017;2113,072485
IDA-DI;01/12/2017;2113,61629
IDA-DI;04/12/2017;2114,190607
IDA-DI;05/12/2017;2114,787532
IDA-DI;06/12/2017;2115,421527
IDA-DI;07/12/2017;2116,111374
IDA-DI;08/12/2017;2116,698561
IDA-DI;11/12/2017;2117,273854
IDA-DI;12/12/2017;2117,926554
IDA-DI;13/12/2017;2118,382654
IDA-DI;14/12/2017;2119,085235
IDA-DI;15/12/2017;2119,60422
IDA-DI;18/12/2017;2120,219555
IDA-DI;19/12/2017;2120,843779
IDA-DI;20/12/2017;2121,242985
IDA-DI;21/12/2017;2122,214326
IDA-DI;22/12/2017;2122,759107
IDA-DI;26/12/2017;2123,401293
IDA-DI;27/12/2017;2123,981659
IDA-DI;28/12/2017;2124,497417
IDA-DI;29/12/2017;2125,11466
IDA-DI;02/01/2018;2125,436155
IDA-DI;03/01/2018;2126,20424
IDA-DI;04/01/2018;2126,973026
IDA-DI;05/01/2018;2127,728965
IDA-DI;08/01/2018;2128,302366
IDA-DI;09/01/2018;2128,97529
IDA-DI;10/01/2018;2129,714288
IDA-DI;11/01/2018;2130,430545
IDA-DI;12/01/2018;2131,174377
IDA-DI;15/01/2018;2131,82754
IDA-DI;16/01/2018;2132,594638
IDA-DI;17/01/2018;2133,466029
IDA-DI;18/01/2018;2134,147097
IDA-DI;19/01/2018;2134,801491
IDA-DI;22/01/2018;2135,561655
IDA-DI;23/01/2018;2136,253328
IDA-DI;24/01/2018;2136,984144
IDA-DI;25/01/2018;2137,609515
IDA-DI;26/01/2018;2138,223017
IDA-DI;29/01/2018;2138,784141
IDA-DI;30/01/2018;2139,392162
IDA-DI;31/01/2018;2140,079127
IDA-DI;01/02/2018;2140,903226
IDA-DI;02/02/2018;2141,646396
IDA-DI;05/02/2018;2142,333662
IDA-DI;06/02/2018;2142,955745
IDA-DI;07/02/2018;2143,621961
IDA-DI;08/02/2018;2144,217602
IDA-DI;09/02/2018;2144,857061
IDA-DI;14/02/2018;2145,288242
IDA-DI;15/02/2018;2145,9178
IDA-DI;16/02/2018;2146,51815
IDA-DI;19/02/2018;2147,218126
IDA-DI;20/02/2018;2147,788542
IDA-DI;21/02/2018;2148,421004
IDA-DI;22/02/2018;2149,165755
IDA-DI;23/02/2018;2149,79127
IDA-DI;26/02/2018;2150,355317
IDA-DI;27/02/2018;2150,957165
IDA-DI;28/02/2018;2151,546902
IDA-DI;01/03/2018;2152,195943
IDA-DI;02/03/2018;2152,764123
IDA-DI;05/03/2018;2153,355594
IDA-DI;06/03/2018;2154,000439
IDA-DI;07/03/2018;2154,706953
IDA-DI;08/03/2018;2155,475029
IDA-DI;09/03/2018;2155,985727
IDA-DI;12/03/2018;2156,540446
IDA-DI;13/03/2018;2157,205127
IDA-DI;14/03/2018;2157,885182
IDA-DI;15/03/2018;2158,663628
IDA-DI;16/03/2018;2159,377543
IDA-DI;19/03/2018;2160,189743
IDA-DI;20/03/2018;2160,890442
IDA-DI;21/03/2018;2161,606851
IDA-DI;22/03/2018;2162,143273
IDA-DI;23/03/2018;2162,761311
IDA-DI;26/03/2018;2163,336042
IDA-DI;27/03/2018;2163,985596
IDA-DI;28/03/2018;2164,608962
IDA-DI;29/03/2018;2165,133559
IDA-DI;02/04/2018;2165,748307
IDA-DI;03/04/2018;2166,356038
IDA-DI;04/04/2018;2167,017726
IDA-DI;05/04/2018;2167,667502
IDA-DI;06/04/2018;2168,215248
IDA-DI;09/04/2018;2168,738121
IDA-DI;10/04/2018;2169,325117
IDA-DI;11/04/2018;2169,895713
IDA-DI;12/04/2018;2170,495611
IDA-DI;13/04/2018;2171,136892
IDA-DI;16/04/2018;2171,871944
IDA-DI;17/04/2018;2172,499084
IDA-DI;18/04/2018;2173,052688
IDA-DI;19/04/2018;2173,750211
IDA-DI;20/04/2018;2174,380959
IDA-DI;23/04/2018;2175,105338
IDA-DI;24/04/2018;2175,783553
IDA-DI;25/04/2018;2176,534284
IDA-DI;26/04/2018;2177,126357
IDA-DI;27/04/2018;2177,743817
IDA-DI;30/04/2018;2178,477005
IDA-DI;02/05/2018;2179,20097
IDA-DI;03/05/2018;2179,822714
IDA-DI;04/05/2018;2180,380466
IDA-DI;07/05/2018;2180,985979
IDA-DI;08/05/2018;2181,584584
IDA-DI;09/05/2018;2182,261057
IDA-DI;10/05/2018;2182,81292
IDA-DI;11/05/2018;2183,465932
IDA-DI;14/05/2018;2184,17879
IDA-DI;15/05/2018;2184,82407
IDA-DI;16/05/2018;2185,46318
IDA-DI;17/05/2018;2186,204885
IDA-DI;18/05/2018;2186,908051
IDA-DI;21/05/2018;2187,397233
IDA-DI;22/05/2018;2187,843014
IDA-DI;23/05/2018;2188,491599
IDA-DI;24/05/2018;2189,145201
IDA-DI;25/05/2018;2189,759143
IDA-DI;28/05/2018;2190,385146
IDA-DI;29/05/2018;2190,984063
IDA-DI;30/05/2018;2191,618283
IDA-DI;01/06/2018;2192,131713
IDA-DI;04/06/2018;2192,77992
IDA-DI;05/06/2018;2193,334937
IDA-DI;06/06/2018;2187,874421
IDA-DI;07/06/2018;2188,825512
IDA-DI;08/06/2018;2189,336298
IDA-DI;11/06/2018;2190,018315
IDA-DI;12/06/2018;2190,662829
IDA-DI;13/06/2018;2191,373212
IDA-DI;14/06/2018;2192,145876
IDA-DI;15/06/2018;2192,611003
IDA-DI;18/06/2018;2193,097884
IDA-DI;19/06/2018;2193,477963
IDA-DI;20/06/2018;2194,105202
IDA-DI;21/06/2018;2194,77774
IDA-DI;22/06/2018;2195,404733
IDA-DI;25/06/2018;2196,820523
IDA-DI;26/06/2018;2197,391298
IDA-DI;27/06/2018;2198,060973
IDA-DI;28/06/2018;2198,57261
IDA-DI;29/06/2018;2199,207679
IDA-DI;02/07/2018;2199,825686
IDA-DI;03/07/2018;2200,489836
IDA-DI;04/07/2018;2202,648026
IDA-DI;05/07/2018;2203,306102
IDA-DI;06/07/2018;2203,834619
IDA-DI;09/07/2018;2204,436964
IDA-DI;10/07/2018;2204,991759
IDA-DI;11/07/2018;2205,619585
IDA-DI;12/07/2018;2206,371232
IDA-DI;13/07/2018;2206,908659
IDA-DI;16/07/2018;2207,567521
IDA-DI;17/07/2018;2208,09618
IDA-DI;18/07/2018;2208,556029
IDA-DI;19/07/2018;2209,164229
IDA-DI;20/07/2018;2209,777151
IDA-DI;23/07/2018;2210,524275
IDA-DI;24/07/2018;2211,136298
IDA-DI;25/07/2018;2211,722887
IDA-DI;26/07/2018;2212,328923
IDA-DI;27/07/2018;2212,957276
IDA-DI;30/07/2018;2213,63845
IDA-DI;31/07/2018;2214,317137
IDA-DI;01/08/2018;2214,923947
IDA-DI;02/08/2018;2215,523413
IDA-DI;03/08/2018;2216,120533
IDA-DI;06/08/2018;2216,778236
IDA-DI;07/08/2018;2217,45425
IDA-DI;08/08/2018;2217,998918
IDA-DI;09/08/2018;2218,742943
IDA-DI;10/08/2018;2219,567194
IDA-DI;13/08/2018;2220,225243
IDA-DI;14/08/2018;2220,600924
IDA-DI;15/08/2018;2221,311811
IDA-DI;16/08/2018;2221,964132
IDA-DI;17/08/2018;2222,675642
IDA-DI;20/08/2018;2223,342125
IDA-DI;21/08/2018;2224,119071
IDA-DI;22/08/2018;2224,691968
IDA-DI;23/08/2018;2225,374032
IDA-DI;24/08/2018;2225,93749
IDA-DI;27/08/2018;2226,506402
IDA-DI;28/08/2018;2227,093092
IDA-DI;29/08/2018;2227,602128
IDA-DI;30/08/2018;2228,330297
IDA-DI;31/08/2018;2228,884323
IDA-DI;03/09/2018;2229,566627
IDA-DI;04/09/2018;2230,221049
IDA-DI;05/09/2018;2230,860529
IDA-DI;06/09/2018;2231,516672
IDA-DI;10/09/2018;2232,068697
IDA-DI;11/09/2018;2232,732042
IDA-DI;12/09/2018;2233,418459
IDA-DI;13/09/2018;2234,193547
IDA-DI;14/09/2018;2234,723834
IDA-DI;17/09/2018;2235,447282
IDA-DI;18/09/2018;2236,075429
IDA-DI;19/09/2018;2236,840194
IDA-DI;20/09/2018;2237,548019
IDA-DI;21/09/2018;2238,181986
IDA-DI;24/09/2018;2238,78501
IDA-DI;25/09/2018;2239,372071
IDA-DI;26/09/2018;2239,939982
IDA-DI;27/09/2018;2240,481676
IDA-DI;28/09/2018;2241,148751
IDA-DI;01/10/2018;2241,741056
IDA-DI;02/10/2018;2242,391613
IDA-DI;03/10/2018;2242,943468
IDA-DI;04/10/2018;2243,464407
IDA-DI;05/10/2018;2244,002478
IDA-DI;08/10/2018;2244,414565
IDA-DI;09/10/2018;2244,966855
IDA-DI;10/10/2018;2245,658927
IDA-DI;11/10/2018;2246,263214
IDA-DI;15/10/2018;2246,732585
IDA-DI;16/10/2018;2247,385643
IDA-DI;17/10/2018;2248,077771
IDA-DI;18/10/2018;2248,954917
IDA-DI;19/10/2018;2249,750312
IDA-DI;22/10/2018;2250,426351
IDA-DI;23/10/2018;2251,093154
IDA-DI;24/10/2018;2251,851436
IDA-DI;25/10/2018;2252,586933
IDA-DI;26/10/2018;2253,302256
IDA-DI;29/10/2018;2254,096193
IDA-DI;30/10/2018;2254,827149
IDA-DI;31/10/2018;2255,543414
IDA-DI;01/11/2018;2256,225945
IDA-DI;05/11/2018;2256,876981
IDA-DI;06/11/2018;2257,572412
IDA-DI;07/11/2018;2258,234748
IDA-DI;08/11/2018;2258,939252
IDA-DI;09/11/2018;2259,702683
IDA-DI;12/11/2018;2260,369644
IDA-DI;13/11/2018;2261,035908
IDA-DI;14/11/2018;2261,593567
IDA-DI;16/11/2018;2262,189541
IDA-DI;19/11/2018;2262,874243
IDA-DI;20/11/2018;2263,490596
IDA-DI;21/11/2018;2264,051126
IDA-DI;22/11/2018;2264,599672
IDA-DI;23/11/2018;2265,152024
IDA-DI;26/11/2018;2265,822168
IDA-DI;27/11/2018;2266,492357
IDA-DI;28/11/2018;2267,071654
IDA-DI;29/11/2018;2267,811194
IDA-DI;30/11/2018;2268,428962
IDA-DI;03/12/2018;2269,09029
IDA-DI;04/12/2018;2269,838514
IDA-DI;05/12/2018;2270,748076
IDA-DI;06/12/2018;2271,427675
IDA-DI;07/12/2018;2272,226735
IDA-DI;10/12/2018;2272,982626
IDA-DI;11/12/2018;2273,825434
IDA-DI;12/12/2018;2274,575334
IDA-DI;13/12/2018;2275,224657
IDA-DI;14/12/2018;2275,717836
IDA-DI;17/12/2018;2276,294543
IDA-DI;18/12/2018;2276,953283
IDA-DI;19/12/2018;2277,671364
IDA-DI;20/12/2018;2278,10888
IDA-DI;21/12/2018;2278,795548
IDA-DI;24/12/2018;2279,412226
IDA-DI;26/12/2018;2280,136784
IDA-DI;27/12/2018;2280,722742
IDA-DI;28/12/2018;2281,504541
IDA-DI;31/12/2018;2282,123404
IDA-DI;02/01/2019;2282,685499
IDA-DI;03/01/2019;2283,292868
IDA-DI;04/01/2019;2283,959144
IDA-DI;07/01/2019;2284,717532
IDA-DI;08/01/2019;2285,497893
IDA-DI;09/01/2019;2286,147639
IDA-DI;10/01/2019;2286,862498
IDA-DI;11/01/2019;2287,565722
IDA-DI;14/01/2019;2288,177218
IDA-DI;15/01/2019;2288,784863
IDA-DI;16/01/2019;2289,448177
IDA-DI;17/01/2019;2290,49112
IDA-DI;18/01/2019;2291,192726
IDA-DI;21/01/2019;2291,910177
IDA-DI;22/01/2019;2292,672082
IDA-DI;23/01/2019;2293,098555
IDA-DI;24/01/2019;2293,773475
IDA-DI;25/01/2019;2294,394155
IDA-DI;28/01/2019;2295,022744
IDA-DI;29/01/2019;2295,661093
IDA-DI;30/01/2019;2296,391863
IDA-DI;31/01/2019;2297,060495
IDA-DI;01/02/2019;2297,886032
IDA-DI;04/02/2019;2298,740624
IDA-DI;05/02/2019;2299,336501
IDA-DI;06/02/2019;2299,976742
IDA-DI;07/02/2019;2300,82772
IDA-DI;08/02/2019;2301,55783
IDA-DI;11/02/2019;2302,173482
IDA-DI;12/02/2019;2302,88699
IDA-DI;13/02/2019;2303,797605
IDA-DI;14/02/2019;2304,48113
IDA-DI;15/02/2019;2305,109914
IDA-DI;18/02/2019;2305,880624
IDA-DI;19/02/2019;2306,484334
IDA-DI;20/02/2019;2307,151579
IDA-DI;21/02/2019;2307,801258
IDA-DI;22/02/2019;2308,479421
IDA-DI;25/02/2019;2309,447812
IDA-DI;26/02/2019;2310,153608
IDA-DI;27/02/2019;2310,790295
IDA-DI;28/02/2019;2310,583002
IDA-DI;01/03/2019;2310,92096
IDA-DI;06/03/2019;2311,629354
IDA-DI;07/03/2019;2312,261795
IDA-DI;08/03/2019;2312,934523
IDA-DI;11/03/2019;2313,497137
IDA-DI;12/03/2019;2314,102934
IDA-DI;13/03/2019;2314,668995
IDA-DI;14/03/2019;2315,509218
IDA-DI;15/03/2019;2316,136964
IDA-DI;18/03/2019;2316,817547
IDA-DI;19/03/2019;2317,432762
IDA-DI;20/03/2019;2318,077947
IDA-DI;21/03/2019;2318,754534
IDA-DI;22/03/2019;2319,612839
IDA-DI;25/03/2019;2320,192943
IDA-DI;26/03/2019;2320,877418
IDA-DI;27/03/2019;2321,642014
IDA-DI;28/03/2019;2322,16958
IDA-DI;29/03/2019;2322,815049
IDA-DI;01/04/2019;2323,399837
IDA-DI;02/04/2019;2324,011098
IDA-DI;03/04/2019;2324,74163
IDA-DI;04/04/2019;2325,474474
IDA-DI;05/04/2019;2326,104343
IDA-DI;08/04/2019;2326,803557
IDA-DI;09/04/2019;2327,507985
IDA-DI;10/04/2019;2328,046777
IDA-DI;11/04/2019;2328,734906
IDA-DI;12/04/2019;2329,476411
IDA-DI;15/04/2019;2330,093199
IDA-DI;16/04/2019;2330,750979
IDA-DI;17/04/2019;2331,418212
IDA-DI;18/04/2019;2331,982612
IDA-DI;22/04/2019;2332,615899
IDA-DI;23/04/2019;2333,264863
IDA-DI;24/04/2019;2334,099251
IDA-DI;25/04/2019;2334,818199
IDA-DI;26/04/2019;2335,471753
IDA-DI;29/04/2019;2336,226264
IDA-DI;30/04/2019;2336,935709
IDA-DI;02/05/2019;2337,637902
IDA-DI;03/05/2019;2338,197866
IDA-DI;06/05/2019;2338,83499
IDA-DI;07/05/2019;2339,442605
IDA-DI;08/05/2019;2340,044038
IDA-DI;09/05/2019;2340,651656
IDA-DI;10/05/2019;2341,271618
IDA-DI;13/05/2019;2341,966496
IDA-DI;14/05/2019;2342,512288
IDA-DI;15/05/2019;2343,145637
IDA-DI;16/05/2019;2343,84167
IDA-DI;17/05/2019;2344,588883
IDA-DI;20/05/2019;2345,124236
IDA-DI;21/05/2019;2345,603092
IDA-DI;22/05/2019;2346,18498
IDA-DI;23/05/2019;2346,807741
IDA-DI;24/05/2019;2347,417013
IDA-DI;27/05/2019;2348,010169
IDA-DI;28/05/2019;2348,53919
IDA-DI;29/05/2019;2349,199154
IDA-DI;30/05/2019;2349,848298
IDA-DI;31/05/2019;2350,416751
IDA-DI;03/06/2019;2350,88966
IDA-DI;04/06/2019;2351,439194
IDA-DI;05/06/2019;2352,107239
IDA-DI;06/06/2019;2352,65604
IDA-DI;07/06/2019;2353,18849
IDA-DI;10/06/2019;2353,82261
IDA-DI;11/06/2019;2354,48277
IDA-DI;12/06/2019;2355,190496
IDA-DI;13/06/2019;2355,771304
IDA-DI;14/06/2019;2356,332701
IDA-DI;17/06/2019;2356,971345
IDA-DI;18/06/2019;2357,601132
IDA-DI;19/06/2019;2358,22435
IDA-DI;21/06/2019;2358,665003
IDA-DI;24/06/2019;2359,326539
IDA-DI;25/06/2019;2360,030589
IDA-DI;26/06/2019;2360,655402
IDA-DI;27/06/2019;2361,284728
IDA-DI;28/06/2019;2361,871548
IDA-DI;01/07/2019;2362,487547
IDA-DI;02/07/2019;2363,170791
IDA-DI;03/07/2019;2363,795167
IDA-DI;04/07/2019;2364,36453
IDA-DI;05/07/2019;2365,000876
IDA-DI;08/07/2019;2365,592466
IDA-DI;09/07/2019;2366,229237
IDA-DI;10/07/2019;2366,794074
IDA-DI;11/07/2019;2367,439893
IDA-DI;12/07/2019;2368,08195
IDA-DI;15/07/2019;2368,733177
IDA-DI;16/07/2019;2369,426285
IDA-DI;17/07/2019;2370,078834
IDA-DI;18/07/2019;2370,660368
IDA-DI;19/07/2019;2371,335642
IDA-DI;22/07/2019;2371,983341
IDA-DI;23/07/2019;2372,457692
IDA-DI;24/07/2019;2373,204001
IDA-DI;25/07/2019;2373,781994
IDA-DI;26/07/2019;2374,407505
IDA-DI;29/07/2019;2374,94877
IDA-DI;30/07/2019;2375,462487
IDA-DI;31/07/2019;2376,171137
IDA-DI;01/08/2019;2376,757456
IDA-DI;02/08/2019;2377,343025
IDA-DI;05/08/2019;2378,022494
IDA-DI;06/08/2019;2378,492302
IDA-DI;07/08/2019;2378,959091
IDA-DI;08/08/2019;2379,497555
IDA-DI;09/08/2019;2380,064816
IDA-DI;12/08/2019;2380,686731
IDA-DI;13/08/2019;2381,241933
IDA-DI;14/08/2019;2381,920267
IDA-DI;15/08/2019;2382,415262
IDA-DI;16/08/2019;2382,897606
IDA-DI;19/08/2019;2383,494914
IDA-DI;20/08/2019;2384,057911
IDA-DI;21/08/2019;2384,599865
IDA-DI;22/08/2019;2385,143347
IDA-DI;23/08/2019;2385,683792
IDA-DI;26/08/2019;2386,238366
IDA-DI;27/08/2019;2386,761275
IDA-DI;28/08/2019;2387,286807
IDA-DI;29/08/2019;2387,79474
IDA-DI;30/08/2019;2388,314039
IDA-DI;02/09/2019;2388,916464
IDA-DI;03/09/2019;2389,382686
IDA-DI;04/09/2019;2389,912466
IDA-DI;05/09/2019;2390,337396
IDA-DI;06/09/2019;2390,874538
IDA-DI;09/09/2019;2391,372307
IDA-DI;10/09/2019;2391,837091
IDA-DI;11/09/2019;2392,333216
IDA-DI;12/09/2019;2392,928615
IDA-DI;13/09/2019;2393,565201
IDA-DI;16/09/2019;2394,172266
IDA-DI;17/09/2019;2394,71043
IDA-DI;18/09/2019;2395,283798
IDA-DI;19/09/2019;2395,780367
IDA-DI;20/09/2019;2396,302238
IDA-DI;23/09/2019;2396,752597
IDA-DI;24/09/2019;2397,333224
IDA-DI;25/09/2019;2397,861104
IDA-DI;26/09/2019;2398,525951
IDA-DI;27/09/2019;2399,000328
IDA-DI;30/09/2019;2399,512065
IDA-DI;01/10/2019;2399,946523
IDA-DI;02/10/2019;2400,332381
IDA-DI;03/10/2019;2400,746831
IDA-DI;04/10/2019;2401,246701
IDA-DI;07/10/2019;2401,589294
IDA-DI;08/10/2019;2401,760513
IDA-DI;09/10/2019;2402,080759
IDA-DI;10/10/2019;2402,374132
IDA-DI;11/10/2019;2402,71748
IDA-DI;14/10/2019;2402,889652
IDA-DI;15/10/2019;2403,054986
IDA-DI;16/10/2019;2403,413363
IDA-DI;17/10/2019;2403,56831
IDA-DI;18/10/2019;2403,762865
IDA-DI;21/10/2019;2403,888418
IDA-DI;22/10/2019;2403,871003
IDA-DI;23/10/2019;2404,007501
IDA-DI;24/10/2019;2403,657919
IDA-DI;25/10/2019;2403,03148
IDA-DI;28/10/2019;2402,382475
IDA-DI;29/10/2019;2402,125632
IDA-DI;30/10/2019;2401,482298
IDA-DI;31/10/2019;2401,019079
IDA-DI;01/11/2019;2400,621177
IDA-DI;04/11/2019;2400,831301
IDA-DI;05/11/2019;2400,531107
IDA-DI;06/11/2019;2400,15584
IDA-DI;07/11/2019;2400,086289
IDA-DI;08/11/2019;2399,420993
IDA-DI;11/11/2019;2399,105284
IDA-DI;12/11/2019;2398,282421
IDA-DI;13/11/2019;2398,255102
IDA-DI;14/11/2019;2397,996551
IDA-DI;18/11/2019;2397,719066
IDA-DI;19/11/2019;2397,427958
IDA-DI;20/11/2019;2397,969572
IDA-DI;21/11/2019;2398,086838
IDA-DI;22/11/2019;2398,565643
IDA-DI;25/11/2019;2398,784192
IDA-DI;26/11/2019;2398,856714
IDA-DI;27/11/2019;2399,08954
IDA-DI;28/11/2019;2399,348751
IDA-DI;29/11/2019;2399,375137
IDA-DI;02/12/2019;2399,144058
IDA-DI;03/12/2019;2399,202836
IDA-DI;04/12/2019;2399,774316
IDA-DI;05/12/2019;2399,810294
IDA-DI;06/12/2019;2400,699627
IDA-DI;09/12/2019;2401,276095
IDA-DI;10/12/2019;2402,096538
IDA-DI;11/12/2019;2402,629488
IDA-DI;12/12/2019;2403,42074
IDA-DI;13/12/2019;2403,860905
IDA-DI;16/12/2019;2404,185417
IDA-DI;17/12/2019;2404,307533
IDA-DI;18/12/2019;2404,986805
IDA-DI;19/12/2019;2405,192911
IDA-DI;20/12/2019;2405,924379
IDA-DI;23/12/2019;2406,567595
IDA-DI;24/12/2019;2407,069764
IDA-DI;26/12/2019;2407,896943
IDA-DI;27/12/2019;2408,511268
IDA-DI;30/12/2019;2409,260776
IDA-DI;31/12/2019;2409,762672
IDA-DI;02/01/2020;2410,148638
IDA-DI;03/01/2020;2410,559463
IDA-DI;06/01/2020;2410,973359
IDA-DI;07/01/2020;2411,778888
IDA-DI;08/01/2020;2412,573322
IDA-DI;09/01/2020;2413,255815
IDA-DI;10/01/2020;2413,833071
IDA-DI;13/01/2020;2414,29556
IDA-DI;14/01/2020;2415,01979
IDA-DI;15/01/2020;2415,711741
IDA-DI;16/01/2020;2416,053875
IDA-DI;17/01/2020;2416,603727
IDA-DI;20/01/2020;2417,094706
IDA-DI;21/01/2020;2417,671215
IDA-DI;22/01/2020;2418,294009
IDA-DI;23/01/2020;2418,657736
IDA-DI;24/01/2020;2419,220254
IDA-DI;27/01/2020;2419,933617
IDA-DI;28/01/2020;2420,553874
IDA-DI;29/01/2020;2421,053042
IDA-DI;30/01/2020;2421,499056
IDA-DI;31/01/2020;2421,874776
IDA-DI;03/02/2020;2422,365631
IDA-DI;04/02/2020;2422,785056
IDA-DI;05/02/2020;2423,366261
IDA-DI;06/02/2020;2423,712763
IDA-DI;07/02/2020;2423,974175
IDA-DI;10/02/2020;2424,447052
IDA-DI;11/02/2020;2424,962526
IDA-DI;12/02/2020;2425,427528
IDA-DI;13/02/2020;2425,758291
IDA-DI;14/02/2020;2426,445483
IDA-DI;17/02/2020;2426,758745
IDA-DI;18/02/2020;2427,125351
IDA-DI;19/02/2020;2427,475323
IDA-DI;20/02/2020;2427,835262
IDA-DI;21/02/2020;2428,196228
IDA-DI;26/02/2020;2428,455813
IDA-DI;27/02/2020;2429,094355
IDA-DI;28/02/2020;2429,339393
IDA-DI;02/03/2020;2430,013017
IDA-DI;03/03/2020;2430,343537
IDA-DI;04/03/2020;2430,663765
IDA-DI;05/03/2020;2430,329512
IDA-DI;06/03/2020;2430,54644
IDA-DI;09/03/2020;2430,029782
IDA-DI;10/03/2020;2429,997213
IDA-DI;11/03/2020;2427,376861
IDA-DI;12/03/2020;2424,005
IDA-DI;13/03/2020;2425,904757
IDA-DI;16/03/2020;2425,691398
IDA-DI;17/03/2020;2426,678989
IDA-DI;18/03/2020;2419,763286
IDA-DI;19/03/2020;2413,656604
IDA-DI;20/03/2020;2403,606535
IDA-DI;23/03/2020;2390,578359
IDA-DI;24/03/2020;2374,487265
IDA-DI;25/03/2020;2357,524044
IDA-DI;26/03/2020;2343,574107
IDA-DI;27/03/2020;2330,002861
IDA-DI;30/03/2020;2320,958636
IDA-DI;31/03/2020;2311,090805
IDA-DI;01/04/2020;2302,603672
IDA-DI;02/04/2020;2298,217775
IDA-DI;03/04/2020;2290,598361
IDA-DI;06/04/2020;2286,156974
IDA-DI;07/04/2020;2280,732036
IDA-DI;08/04/2020;2276,397265
IDA-DI;09/04/2020;2272,831058
IDA-DI;13/04/2020;2271,719241
IDA-DI;14/04/2020;2272,608494
IDA-DI;15/04/2020;2276,565751
IDA-DI;16/04/2020;2283,634092
IDA-DI;17/04/2020;2291,750504
IDA-DI;20/04/2020;2300,859878
IDA-DI;22/04/2020;2308,516931
IDA-DI;23/04/2020;2312,281435
IDA-DI;24/04/2020;2306,208075
IDA-DI;27/04/2020;2307,532886
IDA-DI;28/04/2020;2316,563036
IDA-DI;29/04/2020;2320,011911
IDA-DI;30/04/2020;2322,376798
IDA-DI;04/05/2020;2323,054701
IDA-DI;05/05/2020;2326,110919
IDA-DI;06/05/2020;2328,210816
IDA-DI;07/05/2020;2329,060976
IDA-DI;08/05/2020;2331,754331
IDA-DI;11/05/2020;2332,239426
IDA-DI;12/05/2020;2330,442578
IDA-DI;13/05/2020;2329,343237
IDA-DI;14/05/2020;2330,533529
IDA-DI;15/05/2020;2331,115225
IDA-DI;18/05/2020;2332,386474
IDA-DI;19/05/2020;2332,738234
IDA-DI;20/05/2020;2332,938403
IDA-DI;21/05/2020;2334,086362
IDA-DI;22/05/2020;2333,977885
IDA-DI;25/05/2020;2337,331796
IDA-DI;26/05/2020;2337,889023
IDA-DI;27/05/2020;2338,667578
IDA-DI;28/05/2020;2339,316518
IDA-DI;29/05/2020;2340,455269
IDA-DI;01/06/2020;2341,54525
IDA-DI;02/06/2020;2343,262789
IDA-DI;03/06/2020;2344,167571
IDA-DI;04/06/2020;2343,886735
IDA-DI;05/06/2020;2343,23492
IDA-DI;08/06/2020;2343,892847
IDA-DI;09/06/2020;2344,604031
IDA-DI;10/06/2020;2346,488045
IDA-DI;12/06/2020;2347,304944
IDA-DI;15/06/2020;2347,809477
IDA-DI;16/06/2020;2348,112093
IDA-DI;17/06/2020;2349,528135
IDA-DI;18/06/2020;2348,871736
IDA-DI;19/06/2020;2350,953675
IDA-DI;22/06/2020;2351,235305
IDA-DI;23/06/2020;2353,244177
IDA-DI;24/06/2020;2353,65776
IDA-DI;25/06/2020;2356,882453
IDA-DI;26/06/2020;2358,99328
IDA-DI;29/06/2020;2361,527266
IDA-DI;30/06/2020;2364,23725
IDA-DI;01/07/2020;2366,144336
IDA-DI;02/07/2020;2367,186646
IDA-DI;03/07/2020;2369,207292
IDA-DI;06/07/2020;2370,534607
IDA-DI;07/07/2020;2371,329914
IDA-DI;08/07/2020;2372,248861
IDA-DI;09/07/2020;2373,883815
IDA-DI;10/07/2020;2376,010054
IDA-DI;13/07/2020;2377,254896
IDA-DI;14/07/2020;2378,732259
IDA-DI;15/07/2020;2380,041333
IDA-DI;16/07/2020;2381,24776
IDA-DI;17/07/2020;2383,641027
IDA-DI;20/07/2020;2384,76449
IDA-DI;21/07/2020;2385,035068
IDA-DI;22/07/2020;2385,918201
IDA-DI;23/07/2020;2387,018739
IDA-DI;24/07/2020;2389,718016
IDA-DI;27/07/2020;2391,703637
IDA-DI;28/07/2020;2392,798423
IDA-DI;29/07/2020;2394,087128
IDA-DI;30/07/2020;2397,152046
IDA-DI;31/07/2020;2398,902851
IDA-DI;03/08/2020;2400,093058
IDA-DI;04/08/2020;2400,124512
IDA-DI;05/08/2020;2400,26754
IDA-DI;06/08/2020;2402,983964
IDA-DI;07/08/2020;2403,641032
IDA-DI;10/08/2020;2404,716946
IDA-DI;11/08/2020;2405,485581
IDA-DI;12/08/2020;2405,436895
IDA-DI;13/08/2020;2405,670376
IDA-DI;14/08/2020;2406,534367
IDA-DI;17/08/2020;2407,073814
IDA-DI;18/08/2020;2409,873742
IDA-DI;19/08/2020;2410,208096
IDA-DI;20/08/2020;2411,531557
IDA-DI;21/08/2020;2413,055133
IDA-DI;24/08/2020;2414,738032
IDA-DI;25/08/2020;2415,843981
IDA-DI;26/08/2020;2415,631613
IDA-DI;27/08/2020;2416,748584
IDA-DI;28/08/2020;2418,593513
IDA-DI;31/08/2020;2419,397979
IDA-DI;01/09/2020;2421,435209
IDA-DI;02/09/2020;2422,02354
IDA-DI;03/09/2020;2423,397995
IDA-DI;04/09/2020;2424,697203
IDA-DI;08/09/2020;2424,67974
IDA-DI;09/09/2020;2425,930592
IDA-DI;10/09/2020;2426,034132
IDA-DI;11/09/2020;2427,00459
IDA-DI;14/09/2020;2428,17801
IDA-DI;15/09/2020;2428,193192
IDA-DI;16/09/2020;2428,205779
IDA-DI;17/09/2020;2429,441722
IDA-DI;18/09/2020;2428,591027
IDA-DI;21/09/2020;2428,687066
IDA-DI;22/09/2020;2429,907672
IDA-DI;23/09/2020;2429,855149
IDA-DI;24/09/2020;2431,933504
IDA-DI;25/09/2020;2432,465692
IDA-DI;28/09/2020;2431,112164
IDA-DI;29/09/2020;2430,910398
IDA-DI;30/09/2020;2432,1269
IDA-DI;01/10/2020;2432,060244
IDA-DI;02/10/2020;2431,122341
IDA-DI;05/10/2020;2433,025485
IDA-DI;06/10/2020;2432,783864
IDA-DI;07/10/2020;2433,43925
IDA-DI;08/10/2020;2434,569958
IDA-DI;09/10/2020;2434,877737
IDA-DI;13/10/2020;2435,871873
IDA-DI;14/10/2020;2436,428121
IDA-DI;15/10/2020;2435,801413
IDA-DI;16/10/2020;2435,75912
IDA-DI;19/10/2020;2437,106973
IDA-DI;20/10/2020;2438,242902
IDA-DI;21/10/2020;2438,349118
IDA-DI;22/10/2020;2438,422656
IDA-DI;23/10/2020;2437,566626
IDA-DI;26/10/2020;2438,154979
IDA-DI;27/10/2020;2438,593232
IDA-DI;28/10/2020;2438,622238
IDA-DI;29/10/2020;2439,551778
IDA-DI;30/10/2020;2439,699593
IDA-DI;03/11/2020;2439,702402
IDA-DI;04/11/2020;2440,719152
IDA-DI;05/11/2020;2441,460889
IDA-DI;06/11/2020;2442,491341
IDA-DI;09/11/2020;2443,427701
IDA-DI;10/11/2020;2443,674862
IDA-DI;11/11/2020;2443,383869
IDA-DI;12/11/2020;2443,860768
IDA-DI;13/11/2020;2444,722705
IDA-DI;16/11/2020;2445,720458
IDA-DI;17/11/2020;2446,427405
IDA-DI;18/11/2020;2446,46918
IDA-DI;19/11/2020;2446,699223
IDA-DI;20/11/2020;2446,400213
IDA-DI;23/11/2020;2446,395402
IDA-DI;24/11/2020;2447,388569
IDA-DI;25/11/2020;2448,165273
IDA-DI;26/11/2020;2443,753988
IDA-DI;27/11/2020;2444,518949
IDA-DI;30/11/2020;2449,690497
IDA-DI;01/12/2020;2451,027347
IDA-DI;02/12/2020;2452,277052
IDA-DI;03/12/2020;2453,726822
IDA-DI;04/12/2020;2453,908731
IDA-DI;07/12/2020;2454,457992
IDA-DI;08/12/2020;2454,821235
IDA-DI;09/12/2020;2454,984468
IDA-DI;10/12/2020;2455,583529
IDA-DI;11/12/2020;2456,278274
IDA-DI;14/12/2020;2456,666098
IDA-DI;15/12/2020;2457,157876
IDA-DI;16/12/2020;2456,921538
IDA-DI;17/12/2020;2456,944074
IDA-DI;18/12/2020;2457,294064
IDA-DI;21/12/2020;2457,744913
IDA-DI;22/12/2020;2458,572797
IDA-DI;23/12/2020;2459,467445
IDA-DI;24/12/2020;2459,810199
IDA-DI;28/12/2020;2459,714515
IDA-DI;29/12/2020;2460,571902
IDA-DI;30/12/2020;2461,088475
IDA-DI;31/12/2020;2461,431628
IDA-DI;04/01/2021;2461,849754
IDA-DI;05/01/2021;2461,665222
IDA-DI;06/01/2021;2461,642774
IDA-DI;07/01/2021;2461,214155
IDA-DI;08/01/2021;2461,608729
IDA-DI;11/01/2021;2461,277073
IDA-DI;12/01/2021;2462,643138
IDA-DI;13/01/2021;2462,235018
IDA-DI;14/01/2021;2463,348413
IDA-DI;15/01/2021;2463,930357
IDA-DI;18/01/2021;2464,879985
IDA-DI;19/01/2021;2465,560689
IDA-DI;20/01/2021;2466,113782
IDA-DI;21/01/2021;2466,146528
IDA-DI;22/01/2021;2466,148878
IDA-DI;25/01/2021;2466,495667
IDA-DI;26/01/2021;2467,686521
IDA-DI;27/01/2021;2468,311516
IDA-DI;28/01/2021;2469,446772
IDA-DI;29/01/2021;2470,624161
IDA-DI;01/02/2021;2471,425925
IDA-DI;02/02/2021;2472,434436
IDA-DI;03/02/2021;2473,167458
IDA-DI;04/02/2021;2473,697334
IDA-DI;05/02/2021;2474,217373
IDA-DI;08/02/2021;2475,150454
IDA-DI;09/02/2021;2475,71277
IDA-DI;10/02/2021;2477,126617
IDA-DI;11/02/2021;2478,365675
IDA-DI;12/02/2021;2479,304716
IDA-DI;17/02/2021;2479,378902
IDA-DI;18/02/2021;2480,332323
IDA-DI;19/02/2021;2480,598614
IDA-DI;22/02/2021;2481,008291
IDA-DI;23/02/2021;2482,064636
IDA-DI;24/02/2021;2482,258268
IDA-DI;25/02/2021;2482,32326
IDA-DI;26/02/2021;2483,210184
IDA-DI;01/03/2021;2483,714878
IDA-DI;02/03/2021;2484,299053
IDA-DI;03/03/2021;2484,979863
IDA-DI;04/03/2021;2487,735675
IDA-DI;05/03/2021;2489,063628
IDA-DI;08/03/2021;2488,213796
IDA-DI;09/03/2021;2487,93358
IDA-DI;10/03/2021;2488,023436
IDA-DI;11/03/2021;2488,182123
IDA-DI;12/03/2021;2488,286612
IDA-DI;15/03/2021;2488,597064
IDA-DI;16/03/2021;2489,446555
IDA-DI;17/03/2021;2490,054402
IDA-DI;18/03/2021;2490,65531
IDA-DI;19/03/2021;2491,556634
IDA-DI;22/03/2021;2492,461365
IDA-DI;23/03/2021;2493,093345
IDA-DI;24/03/2021;2493,491155
IDA-DI;25/03/2021;2494,796229
IDA-DI;26/03/2021;2495,475104
IDA-DI;29/03/2021;2496,006552
IDA-DI;30/03/2021;2497,689348
IDA-DI;31/03/2021;2498,873394
IDA-DI;01/04/2021;2499,307904
IDA-DI;05/04/2021;2499,921571
IDA-DI;06/04/2021;2500,35935
IDA-DI;07/04/2021;2500,551411
IDA-DI;08/04/2021;2501,816358
IDA-DI;09/04/2021;2502,183971
IDA-DI;12/04/2021;2503,15311
IDA-DI;13/04/2021;2503,434233
IDA-DI;14/04/2021;2504,374028
IDA-DI;15/04/2021;2505,186482
IDA-DI;16/04/2021;2505,986471
IDA-DI;19/04/2021;2506,811139
IDA-DI;20/04/2021;2507,303546
IDA-DI;22/04/2021;2508,709097
IDA-DI;23/04/2021;2509,57374
IDA-DI;26/04/2021;2510,43904
IDA-DI;27/04/2021;2511,177336
IDA-DI;28/04/2021;2511,873195
IDA-DI;29/04/2021;2512,434601
IDA-DI;30/04/2021;2512,792722
IDA-DI;03/05/2021;2512,940172
IDA-DI;04/05/2021;2513,088396
IDA-DI;05/05/2021;2513,80689
IDA-DI;06/05/2021;2514,304015
IDA-DI;07/05/2021;2514,726365
IDA-DI;10/05/2021;2515,731732
IDA-DI;11/05/2021;2516,514035
IDA-DI;12/05/2021;2516,655292
IDA-DI;13/05/2021;2517,284281
IDA-DI;14/05/2021;2517,601502
IDA-DI;17/05/2021;2518,223915
IDA-DI;18/05/2021;2518,70395
IDA-DI;19/05/2021;2519,213199
IDA-DI;20/05/2021;2520,045872
IDA-DI;21/05/2021;2520,627561
IDA-DI;24/05/2021;2520,946568
IDA-DI;25/05/2021;2521,635993
IDA-DI;26/05/2021;2522,389482
IDA-DI;27/05/2021;2523,042868
IDA-DI;28/05/2021;2523,626741
IDA-DI;31/05/2021;2523,888348
IDA-DI;01/06/2021;2524,28766
IDA-DI;02/06/2021;2525,135449
IDA-DI;04/06/2021;2525,83502
IDA-DI;07/06/2021;2526,190718
IDA-DI;08/06/2021;2526,831278
IDA-DI;09/06/2021;2527,182062
IDA-DI;10/06/2021;2527,690191
IDA-DI;11/06/2021;2528,045807
IDA-DI;14/06/2021;2528,812815
IDA-DI;15/06/2021;2529,672538
IDA-DI;16/06/2021;2530,588492
IDA-DI;17/06/2021;2530,998152
IDA-DI;18/06/2021;2531,320601
IDA-DI;21/06/2021;2532,235061
IDA-DI;22/06/2021;2532,670864
IDA-DI;23/06/2021;2533,41013
IDA-DI;24/06/2021;2534,281296
IDA-DI;25/06/2021;2535,047154
IDA-DI;28/06/2021;2536,154137
IDA-DI;29/06/2021;2537,048344
IDA-DI;30/06/2021;2537,670241
IDA-DI;01/07/2021;2538,207566
IDA-DI;02/07/2021;2538,872081
IDA-DI;05/07/2021;2539,433015
IDA-DI;06/07/2021;2539,989179
IDA-DI;07/07/2021;2540,917594
IDA-DI;08/07/2021;2541,711894
IDA-DI;09/07/2021;2542,271306
IDA-DI;12/07/2021;2543,069181
IDA-DI;13/07/2021;2543,711447
IDA-DI;14/07/2021;2544,797602
IDA-DI;15/07/2021;2545,677637
IDA-DI;16/07/2021;2546,572565
IDA-DI;19/07/2021;2547,317033
IDA-DI;20/07/2021;2548,153127
IDA-DI;21/07/2021;2549,015953
IDA-DI;22/07/2021;2549,713282
IDA-DI;23/07/2021;2550,180305
IDA-DI;26/07/2021;2550,980507
IDA-DI;27/07/2021;2551,614121
IDA-DI;28/07/2021;2552,439141
IDA-DI;29/07/2021;2553,305056
IDA-DI;30/07/2021;2554,34988
IDA-DI;02/08/2021;2555,059032
IDA-DI;03/08/2021;2555,787818
IDA-DI;04/08/2021;2556,530343
IDA-DI;05/08/2021;2556,96396
IDA-DI;06/08/2021;2557,842992
IDA-DI;09/08/2021;2558,595059
IDA-DI;10/08/2021;2559,675801
IDA-DI;11/08/2021;2560,713072
IDA-DI;12/08/2021;2561,575022
IDA-DI;13/08/2021;2562,357898
IDA-DI;16/08/2021;2563,345106
IDA-DI;17/08/2021;2564,311108
IDA-DI;18/08/2021;2565,000183
IDA-DI;19/08/2021;2565,86389
IDA-DI;20/08/2021;2566,74515
IDA-DI;23/08/2021;2567,365066
IDA-DI;24/08/2021;2568,388205
IDA-DI;25/08/2021;2569,355379
IDA-DI;26/08/2021;2570,070704
IDA-DI;27/08/2021;2571,021569
IDA-DI;30/08/2021;2571,929808
IDA-DI;31/08/2021;2572,951685
IDA-DI;01/09/2021;2573,898627
IDA-DI;02/09/2021;2574,796401
IDA-DI;03/09/2021;2575,583468
IDA-DI;06/09/2021;2576,407812
IDA-DI;08/09/2021;2577,064439
IDA-DI;09/09/2021;2577,625226
IDA-DI;10/09/2021;2578,561193
IDA-DI;13/09/2021;2579,603669
IDA-DI;14/09/2021;2580,578371
IDA-DI;15/09/2021;2581,362766
IDA-DI;16/09/2021;2582,165709
IDA-DI;17/09/2021;2583,02165
IDA-DI;20/09/2021;2583,979761
IDA-DI;21/09/2021;2585,131397
IDA-DI;22/09/2021;2586,06227
IDA-DI;23/09/2021;2586,826919
IDA-DI;24/09/2021;2587,855922
IDA-DI;27/09/2021;2588,711982
IDA-DI;28/09/2021;2589,758965
IDA-DI;29/09/2021;2590,747592
IDA-DI;30/09/2021;2591,702601
IDA-DI;01/10/2021;2592,760216
IDA-DI;04/10/2021;2593,689727
IDA-DI;05/10/2021;2594,677956
IDA-DI;06/10/2021;2595,81098
IDA-DI;07/10/2021;2597,013786
IDA-DI;08/10/2021;2598,104905
IDA-DI;11/10/2021;2598,898324
IDA-DI;13/10/2021;2599,859091
IDA-DI;14/10/2021;2600,865379
IDA-DI;15/10/2021;2601,889681
IDA-DI;18/10/2021;2602,818932
IDA-DI;19/10/2021;2603,536254
IDA-DI;20/10/2021;2604,514766
IDA-DI;21/10/2021;2605,33503
IDA-DI;22/10/2021;2606,150298
IDA-DI;25/10/2021;2606,851582
IDA-DI;26/10/2021;2607,432455
IDA-DI;27/10/2021;2608,201658
IDA-DI;28/10/2021;2608,483947
IDA-DI;29/10/2021;2609,406957
IDA-DI;01/11/2021;2610,21416
IDA-DI;03/11/2021;2611,171301
IDA-DI;04/11/2021;2611,804599
IDA-DI;05/11/2021;2612,622587
IDA-DI;08/11/2021;2613,429967
IDA-DI;09/11/2021;2614,374325
IDA-DI;10/11/2021;2615,272229
IDA-DI;11/11/2021;2616,374376
IDA-DI;12/11/2021;2617,370092
IDA-DI;16/11/2021;2618,202389
IDA-DI;17/11/2021;2619,028305
IDA-DI;18/11/2021;2619,913419
IDA-DI;19/11/2021;2620,595033
IDA-DI;22/11/2021;2621,214573
IDA-DI;23/11/2021;2621,915032
IDA-DI;24/11/2021;2622,706617
IDA-DI;25/11/2021;2623,541861
IDA-DI;26/11/2021;2624,238219
IDA-DI;29/11/2021;2625,367561
IDA-DI;30/11/2021;2626,280237
IDA-DI;01/12/2021;2627,142005
IDA-DI;02/12/2021;2628,141257
IDA-DI;03/12/2021;2629,129877
IDA-DI;06/12/2021;2630,081929
IDA-DI;07/12/2021;2631,018937
IDA-DI;08/12/2021;2631,921784
IDA-DI;09/12/2021;2632,650655
IDA-DI;10/12/2021;2633,650001
IDA-DI;13/12/2021;2634,439017
IDA-DI;14/12/2021;2635,33633
IDA-DI;15/12/2021;2636,408142
IDA-DI;16/12/2021;2637,311331
IDA-DI;17/12/2021;2638,096551
IDA-DI;20/12/2021;2639,186473
IDA-DI;21/12/2021;2640,193193
IDA-DI;22/12/2021;2641,133517
IDA-DI;23/12/2021;2641,928914
IDA-DI;24/12/2021;2643,002066
IDA-DI;27/12/2021;2643,893182
IDA-DI;28/12/2021;2644,883408
IDA-DI;29/12/2021;2645,919892
IDA-DI;30/12/2021;2646,968342
IDA-DI;31/12/2021;2648,043758
IDA-DI;03/01/2022;2649,117773
IDA-DI;04/01/2022;2650,058853
IDA-DI;05/01/2022;2651,17047
IDA-DI;06/01/2022;2652,434298
IDA-DI;07/01/2022;2653,698774
IDA-DI;10/01/2022;2654,913343
IDA-DI;11/01/2022;2656,108878
IDA-DI;12/01/2022;2657,316513
IDA-DI;13/01/2022;2658,413031
IDA-DI;14/01/2022;2659,452991
IDA-DI;17/01/2022;2660,47747
IDA-DI;18/01/2022;2661,455366
IDA-DI;19/01/2022;2662,447959
IDA-DI;20/01/2022;2663,456915
IDA-DI;21/01/2022;2664,429953
IDA-DI;24/01/2022;2665,556302
IDA-DI;25/01/2022;2666,680091
IDA-DI;26/01/2022;2667,783215
IDA-DI;27/01/2022;2668,772022
IDA-DI;28/01/2022;2669,804035
IDA-DI;31/01/2022;2670,810931
IDA-DI;01/02/2022;2671,867233
IDA-DI;02/02/2022;2672,967439
IDA-DI;03/02/2022;2674,045542
IDA-DI;04/02/2022;2675,273025
IDA-DI;07/02/2022;2676,613237
IDA-DI;08/02/2022;2677,894445
IDA-DI;09/02/2022;2679,284335
IDA-DI;10/02/2022;2680,605991
IDA-DI;11/02/2022;2681,89468
IDA-DI;14/02/2022;2683,273948
IDA-DI;15/02/2022;2684,699335
IDA-DI;16/02/2022;2686,108907
IDA-DI;17/02/2022;2687,464113
IDA-DI;18/02/2022;2688,990125
IDA-DI;21/02/2022;2690,153694
IDA-DI;22/02/2022;2691,580845
IDA-DI;23/02/2022;2693,052561
IDA-DI;24/02/2022;2694,481907
IDA-DI;25/02/2022;2695,856591
IDA-DI;02/03/2022;2697,091483
IDA-DI;03/03/2022;2698,30612
IDA-DI;04/03/2022;2699,714247
IDA-DI;07/03/2022;2701,058733
IDA-DI;08/03/2022;2702,329036
IDA-DI;09/03/2022;2703,566557
IDA-DI;10/03/2022;2704,881414
IDA-DI;11/03/2022;2706,154081
IDA-DI;14/03/2022;2707,420224
IDA-DI;15/03/2022;2708,755044
IDA-DI;16/03/2022;2710,153334
IDA-DI;17/03/2022;2711,559262
IDA-DI;18/03/2022;2713,065177
IDA-DI;21/03/2022;2714,361214
IDA-DI;22/03/2022;2715,838299
IDA-DI;23/03/2022;2717,282512
IDA-DI;24/03/2022;2718,851237
IDA-DI;25/03/2022;2720,372754
IDA-DI;28/03/2022;2721,771957
IDA-DI;29/03/2022;2723,105127
IDA-DI;30/03/2022;2724,543262
IDA-DI;31/03/2022;2726,062433
IDA-DI;01/04/2022;2727,627232
IDA-DI;04/04/2022;2729,065665
IDA-DI;05/04/2022;2730,50635
IDA-DI;06/04/2022;2731,79285
IDA-DI;07/04/2022;2733,167145
IDA-DI;08/04/2022;2734,461058
IDA-DI;11/04/2022;2735,951094
IDA-DI;12/04/2022;2737,398235
IDA-DI;13/04/2022;2738,846456
IDA-DI;14/04/2022;2740,189668
IDA-DI;18/04/2022;2741,750178
IDA-DI;19/04/2022;2743,208066
IDA-DI;20/04/2022;2744,808082
IDA-DI;22/04/2022;2746,262831
IDA-DI;25/04/2022;2748,262855
IDA-DI;26/04/2022;2749,678816
IDA-DI;27/04/2022;2751,082312
IDA-DI;28/04/2022;2752,4557
IDA-DI;29/04/2022;2753,946188
IDA-DI;02/05/2022;2755,409208
IDA-DI;03/05/2022;2756,923464
IDA-DI;04/05/2022;2758,399495
IDA-DI;05/05/2022;2759,85421
IDA-DI;06/05/2022;2761,384444
IDA-DI;09/05/2022;2763,021008
IDA-DI;10/05/2022;2764,808905
IDA-DI;11/05/2022;2766,398054
IDA-DI;12/05/2022;2767,987302
IDA-DI;13/05/2022;2769,65431
IDA-DI;16/05/2022;2771,06999
IDA-DI;17/05/2022;2772,654024
IDA-DI;18/05/2022;2774,111263
IDA-DI;19/05/2022;2775,673202
IDA-DI;20/05/2022;2777,215269
IDA-DI;23/05/2022;2778,786717
IDA-DI;24/05/2022;2768,782847
IDA-DI;25/05/2022;2770,349308
IDA-DI;26/05/2022;2771,967514
IDA-DI;27/05/2022;2773,45563
IDA-DI;30/05/2022;2786,448096
IDA-DI;31/05/2022;2787,880527
IDA-DI;01/06/2022;2789,237467
IDA-DI;02/06/2022;2790,673579
IDA-DI;03/06/2022;2792,221324
IDA-DI;06/06/2022;2793,803785
IDA-DI;07/06/2022;2795,253341
IDA-DI;08/06/2022;2796,757964
IDA-DI;09/06/2022;2798,268097
IDA-DI;10/06/2022;2799,86589
IDA-DI;13/06/2022;2801,532666
IDA-DI;14/06/2022;2802,873283
IDA-DI;15/06/2022;2804,266658
IDA-DI;17/06/2022;2805,760756
IDA-DI;20/06/2022;2807,321191
IDA-DI;21/06/2022;2808,913106
IDA-DI;22/06/2022;2810,525277
IDA-DI;23/06/2022;2812,178516
IDA-DI;24/06/2022;2813,73349
IDA-DI;27/06/2022;2815,534975
IDA-DI;28/06/2022;2817,031093
IDA-DI;29/06/2022;2818,4987
IDA-DI;30/06/2022;2819,996039
IDA-DI;01/07/2022;2821,401427
IDA-DI;04/07/2022;2822,838755
IDA-DI;05/07/2022;2824,389728
IDA-DI;06/07/2022;2825,916313
IDA-DI;07/07/2022;2827,496046
IDA-DI;08/07/2022;2829,008783
IDA-DI;11/07/2022;2830,544536
IDA-DI;12/07/2022;2831,959467
IDA-DI;13/07/2022;2833,507562
IDA-DI;14/07/2022;2835,158076
IDA-DI;15/07/2022;2836,796705
IDA-DI;18/07/2022;2838,338759
IDA-DI;19/07/2022;2839,82049
IDA-DI;20/07/2022;2841,237172
IDA-DI;21/07/2022;2842,731467
IDA-DI;22/07/2022;2844,333316
IDA-DI;25/07/2022;2845,851368
IDA-DI;26/07/2022;2847,360148
IDA-DI;27/07/2022;2848,804712
IDA-DI;28/07/2022;2850,387237
IDA-DI;29/07/2022;2851,962986
IDA-DI;01/08/2022;2853,561431
IDA-DI;02/08/2022;2855,010842
IDA-DI;03/08/2022;2856,758031
IDA-DI;04/08/2022;2858,482142
IDA-DI;05/08/2022;2860,220204
IDA-DI;08/08/2022;2861,913053
IDA-DI;09/08/2022;2863,548831
IDA-DI;10/08/2022;2865,025054
IDA-DI;11/08/2022;2866,645795
IDA-DI;12/08/2022;2868,220388
IDA-DI;15/08/2022;2869,775744
IDA-DI;16/08/2022;2871,315262
IDA-DI;17/08/2022;2872,928557
IDA-DI;18/08/2022;2874,586085
IDA-DI;19/08/2022;2876,194687
IDA-DI;22/08/2022;2877,967395
IDA-DI;23/08/2022;2879,660665
IDA-DI;24/08/2022;2881,395705
IDA-DI;25/08/2022;2883,041541
IDA-DI;26/08/2022;2884,827276
IDA-DI;29/08/2022;2886,423193
IDA-DI;30/08/2022;2888,138125
IDA-DI;31/08/2022;2889,857377
IDA-DI;01/09/2022;2891,634923
IDA-DI;02/09/2022;2893,358419
IDA-DI;05/09/2022;2895,270431
IDA-DI;06/09/2022;2897,085353
IDA-DI;08/09/2022;2898,895871
IDA-DI;09/09/2022;2900,687391
IDA-DI;12/09/2022;2902,401684
IDA-DI;13/09/2022;2904,145972
IDA-DI;14/09/2022;2905,964714
IDA-DI;15/09/2022;2907,719585
IDA-DI;16/09/2022;2909,388972
IDA-DI;19/09/2022;2911,136543
IDA-DI;20/09/2022;2912,962608
IDA-DI;21/09/2022;2914,929336
IDA-DI;22/09/2022;2916,743416
IDA-DI;23/09/2022;2918,472294
IDA-DI;26/09/2022;2920,13029
IDA-DI;27/09/2022;2922,001899
IDA-DI;28/09/2022;2923,976374
IDA-DI;29/09/2022;2925,704397
IDA-DI;30/09/2022;2927,457192
IDA-DI;03/10/2022;2929,279218
IDA-DI;04/10/2022;2931,026856
IDA-DI;05/10/2022;2932,946504
IDA-DI;06/10/2022;2934,746169
IDA-DI;07/10/2022;2936,493944
IDA-DI;10/10/2022;2938,203702
IDA-DI;11/10/2022;2939,645145
IDA-DI;13/10/2022;2941,314205
IDA-DI;14/10/2022;2943,075274
IDA-DI;17/10/2022;2945,033579
IDA-DI;18/10/2022;2946,901729
IDA-DI;19/10/2022;2948,719853
IDA-DI;20/10/2022;2950,42664
IDA-DI;21/10/2022;2952,156528
IDA-DI;24/10/2022;2953,87341
IDA-DI;25/10/2022;2955,537657
IDA-DI;26/10/2022;2957,267464
IDA-DI;27/10/2022;2959,020131
IDA-DI;28/10/2022;2960,871827
IDA-DI;31/10/2022;2962,58473
IDA-DI;01/11/2022;2964,320663
IDA-DI;03/11/2022;2966,069871
IDA-DI;04/11/2022;2967,878425
IDA-DI;07/11/2022;2969,554841
IDA-DI;08/11/2022;2971,328142
IDA-DI;09/11/2022;2973,0127
IDA-DI;10/11/2022;2974,234674
IDA-DI;11/11/2022;2975,713048
IDA-DI;14/11/2022;2977,411412
IDA-DI;16/11/2022;2979,001815
IDA-DI;17/11/2022;2980,796333
IDA-DI;18/11/2022;2982,5334
IDA-DI;21/11/2022;2984,343099
IDA-DI;22/11/2022;2985,872042
IDA-DI;23/11/2022;2987,550003
IDA-DI;24/11/2022;2989,270923
IDA-DI;25/11/2022;2991,124143
IDA-DI;28/11/2022;2992,715679
IDA-DI;29/11/2022;2994,480488
IDA-DI;30/11/2022;2996,277756
IDA-DI;01/12/2022;2997,855231
IDA-DI;02/12/2022;2999,65632
IDA-DI;05/12/2022;3001,327758
IDA-DI;06/12/2022;3003,013465
IDA-DI;07/12/2022;3004,74924
IDA-DI;08/12/2022;3006,497023
IDA-DI;09/12/2022;3008,226612
IDA-DI;12/12/2022;3009,820562
IDA-DI;13/12/2022;3011,456985
IDA-DI;14/12/2022;3013,159279
IDA-DI;15/12/2022;3014,828878
IDA-DI;16/12/2022;3016,355093
IDA-DI;19/12/2022;3017,926803
IDA-DI;20/12/2022;3019,647862
IDA-DI;21/12/2022;3021,534617
IDA-DI;22/12/2022;3023,280053
IDA-DI;23/12/2022;3025,003558
IDA-DI;26/12/2022;3026,576408
IDA-DI;27/12/2022;3028,336226
IDA-DI;28/12/2022;3030,136846
IDA-DI;29/12/2022;3031,92877
IDA-DI;30/12/2022;3033,672912
IDA-DI;02/01/2023;3035,295565
IDA-DI;03/01/2023;3037,241732
IDA-DI;04/01/2023;3039,061084
IDA-DI;05/01/2023;3040,745699
IDA-DI;06/01/2023;3042,603957
IDA-DI;09/01/2023;3044,435423
IDA-DI;10/01/2023;3046,358739
IDA-DI;11/01/2023;3048,183791
IDA-DI;12/01/2023;3027,334094
IDA-DI;13/01/2023;3028,364152
IDA-DI;16/01/2023;3022,988799
IDA-DI;17/01/2023;3016,537131
IDA-DI;18/01/2023;3015,68202
IDA-DI;19/01/2023;3014,620251
IDA-DI;20/01/2023;3015,857548
IDA-DI;23/01/2023;3017,034521
IDA-DI;24/01/2023;3018,497201
IDA-DI;25/01/2023;3019,956603
IDA-DI;26/01/2023;3021,750421
IDA-DI;27/01/2023;3023,282436
IDA-DI;30/01/2023;3024,971391
IDA-DI;31/01/2023;3026,402249
IDA-DI;01/02/2023;3027,529919
IDA-DI;02/02/2023;3022,071225
IDA-DI;03/02/2023;3019,077236
IDA-DI;06/02/2023;3019,562027
IDA-DI;07/02/2023;3019,313016
IDA-DI;08/02/2023;3019,563503
IDA-DI;09/02/2023;3019,079056
IDA-DI;10/02/2023;3018,459311
IDA-DI;13/02/2023;3015,618098
IDA-DI;14/02/2023;3013,128425
IDA-DI;15/02/2023;3011,299235
IDA-DI;16/02/2023;3011,686522
IDA-DI;17/02/2023;3013,212147
IDA-DI;22/02/2023;3014,488525
IDA-DI;23/02/2023;3015,646776
IDA-DI;24/02/2023;3016,491449
IDA-DI;27/02/2023;3016,607002
IDA-DI;28/02/2023;3017,17366
IDA-DI;01/03/2023;3018,486617
IDA-DI;02/03/2023;3019,237818
IDA-DI;03/03/2023;3018,691178
IDA-DI;06/03/2023;3017,82202
IDA-DI;07/03/2023;3018,073639
IDA-DI;08/03/2023;3018,742741
IDA-DI;09/03/2023;3020,618926
IDA-DI;10/03/2023;3021,671505
IDA-DI;13/03/2023;3022,557736
IDA-DI;14/03/2023;3024,267403
IDA-DI;15/03/2023;3025,753223
IDA-DI;16/03/2023;3027,196479
IDA-DI;17/03/2023;3028,185485
IDA-DI;20/03/2023;3028,63895
IDA-DI;21/03/2023;3029,349732
IDA-DI;22/03/2023;3029,548833
IDA-DI;23/03/2023;3030,226232
IDA-DI;24/03/2023;3030,669544
IDA-DI;27/03/2023;3030,613622
IDA-DI;28/03/2023;3032,716953
IDA-DI;29/03/2023;3035,310901
IDA-DI;30/03/2023;3037,815517
IDA-DI;31/03/2023;3040,125328
IDA-DI;03/04/2023;3042,4864
IDA-DI;04/04/2023;3044,827438
IDA-DI;05/04/2023;3046,870516
IDA-DI;06/04/2023;3048,616326
IDA-DI;10/04/2023;3049,973498
IDA-DI;11/04/2023;3051,352269
IDA-DI;12/04/2023;3052,83176
IDA-DI;13/04/2023;3053,839335
IDA-DI;14/04/2023;3054,738258
IDA-DI;17/04/2023;3055,57682
IDA-DI;18/04/2023;3056,681821
IDA-DI;19/04/2023;3057,933739
IDA-DI;20/04/2023;3058,772831
IDA-DI;24/04/2023;3059,810712
IDA-DI;25/04/2023;3061,018106
IDA-DI;26/04/2023;3062,26758
IDA-DI;27/04/2023;3063,50959
IDA-DI;28/04/2023;3064,999578
IDA-DI;02/05/2023;3066,326518
IDA-DI;03/05/2023;3067,702701
IDA-DI;04/05/2023;3069,032756
IDA-DI;05/05/2023;3070,644271
IDA-DI;08/05/2023;3071,852469
IDA-DI;09/05/2023;3073,167696
IDA-DI;10/05/2023;3074,517181
IDA-DI;11/05/2023;3076,065632
IDA-DI;12/05/2023;3077,88081
IDA-DI;15/05/2023;3080,132122
IDA-DI;16/05/2023;3082,329846
IDA-DI;17/05/2023;3084,745047
IDA-DI;18/05/2023;3087,16884
IDA-DI;19/05/2023;3090,376677
IDA-DI;22/05/2023;3093,64828
IDA-DI;23/05/2023;3096,478597
IDA-DI;24/05/2023;3099,59592
IDA-DI;25/05/2023;3101,054437
IDA-DI;26/05/2023;3103,71097
IDA-DI;29/05/2023;3106,380043
IDA-DI;30/05/2023;3109,428966
IDA-DI;31/05/2023;3112,048445
IDA-DI;01/06/2023;3114,565798
IDA-DI;02/06/2023;3116,739775
IDA-DI;05/06/2023;3119,071578
IDA-DI;06/06/2023;3121,446904
IDA-DI;07/06/2023;3123,328882
IDA-DI;09/06/2023;3125,28811
IDA-DI;12/06/2023;3127,507119
IDA-DI;13/06/2023;3129,592048
IDA-DI;14/06/2023;3131,678551
IDA-DI;15/06/2023;3133,425428
IDA-DI;16/06/2023;3135,518678
IDA-DI;19/06/2023;3137,481456
IDA-DI;20/06/2023;3139,452564
IDA-DI;21/06/2023;3141,584753
IDA-DI;22/06/2023;3143,529256
IDA-DI;23/06/2023;3145,248196
IDA-DI;26/06/2023;3146,364686
IDA-DI;27/06/2023;3148,854374
IDA-DI;28/06/2023;3150,746706
IDA-DI;29/06/2023;3152,528633
IDA-DI;30/06/2023;3153,913452
IDA-DI;03/07/2023;3155,127506
IDA-DI;04/07/2023;3156,709204
IDA-DI;05/07/2023;3158,186272
IDA-DI;06/07/2023;3159,544213
IDA-DI;07/07/2023;3160,42079
IDA-DI;10/07/2023;3162,064007
IDA-DI;11/07/2023;3164,092381
IDA-DI;12/07/2023;3166,606973
IDA-DI;13/07/2023;3169,11583
IDA-DI;14/07/2023;3171,57825
IDA-DI;17/07/2023;3174,08659
IDA-DI;18/07/2023;3176,690875
IDA-DI;19/07/2023;3179,317499
IDA-DI;20/07/2023;3181,672275
IDA-DI;21/07/2023;3183,909722
IDA-DI;24/07/2023;3186,387254
IDA-DI;25/07/2023;3188,648692
IDA-DI;26/07/2023;3191,532365
IDA-DI;27/07/2023;3194,038192
IDA-DI;28/07/2023;3196,719341
IDA-DI;31/07/2023;3199,183465
IDA-DI;01/08/2023;3201,485171
IDA-DI;02/08/2023;3204,357649
IDA-DI;03/08/2023;3206,984035
IDA-DI;04/08/2023;3209,811233
IDA-DI;07/08/2023;3212,689599
IDA-DI;08/08/2023;3215,437962
IDA-DI;09/08/2023;3218,127557
IDA-DI;10/08/2023;3221,270778
IDA-DI;11/08/2023;3224,008738
IDA-DI;14/08/2023;3226,371649
IDA-DI;15/08/2023;3228,701417
IDA-DI;16/08/2023;3232,168309
IDA-DI;17/08/2023;3235,206744
IDA-DI;18/08/2023;3238,08117
IDA-DI;21/08/2023;3240,639874
IDA-DI;22/08/2023;3242,320886
IDA-DI;23/08/2023;3244,902048
IDA-DI;24/08/2023;3248,07593
IDA-DI;25/08/2023;3251,050313
IDA-DI;28/08/2023;3253,467867
IDA-DI;29/08/2023;3255,75938
IDA-DI;30/08/2023;3257,747171
IDA-DI;31/08/2023;3259,829308
IDA-DI;01/09/2023;3261,52488
IDA-DI;04/09/2023;3263,665027
IDA-DI;05/09/2023;3265,939154
IDA-DI;06/09/2023;3268,002979
IDA-DI;08/09/2023;3270,765951
IDA-DI;11/09/2023;3272,408792
IDA-DI;12/09/2023;3274,874913
IDA-DI;13/09/2023;3276,105894
IDA-DI;14/09/2023;3278,718947
IDA-DI;15/09/2023;3280,927792
IDA-DI;18/09/2023;3283,141959
IDA-DI;19/09/2023;3285,963512
IDA-DI;20/09/2023;3288,188099
IDA-DI;21/09/2023;3290,761643
IDA-DI;22/09/2023;3292,679167
IDA-DI;25/09/2023;3295,255896
IDA-DI;26/09/2023;3297,044595
IDA-DI;27/09/2023;3299,348785
IDA-DI;28/09/2023;3301,531929
IDA-DI;29/09/2023;3303,31614
IDA-DI;02/10/2023;3304,691268
IDA-DI;03/10/2023;3306,745757
IDA-DI;04/10/2023;3308,197653
IDA-DI;05/10/2023;3309,790605
IDA-DI;06/10/2023;3311,029884
IDA-DI;09/10/2023;3312,125854
IDA-DI;10/10/2023;3313,705952
IDA-DI;11/10/2023;3315,906963
IDA-DI;13/10/2023;3318,431834
IDA-DI;16/10/2023;3320,377547
IDA-DI;17/10/2023;3322,908095
IDA-DI;18/10/2023;3324,503596
IDA-DI;19/10/2023;3326,827752
IDA-DI;20/10/2023;3329,912442
IDA-DI;23/10/2023;3332,368098
IDA-DI;24/10/2023;3334,799075
IDA-DI;25/10/2023;3336,819421
IDA-DI;26/10/2023;3338,794738
IDA-DI;27/10/2023;3340,271337
IDA-DI;30/10/2023;3342,455826
IDA-DI;31/10/2023;3344,799123
IDA-DI;01/11/2023;3347,034227
IDA-DI;03/11/2023;3348,603631
IDA-DI;06/11/2023;3350,623264
IDA-DI;07/11/2023;3353,201246
IDA-DI;08/11/2023;3355,078887
IDA-DI;09/11/2023;3357,881553
IDA-DI;10/11/2023;3360,295646
IDA-DI;13/11/2023;3362,252325
IDA-DI;14/11/2023;3364,426498
IDA-DI;16/11/2023;3366,888344
IDA-DI;17/11/2023;3367,751646
IDA-DI;20/11/2023;3370,01104
IDA-DI;21/11/2023;3372,022759
IDA-DI;22/11/2023;3373,760507
IDA-DI;23/11/2023;3375,659849
IDA-DI;24/11/2023;3377,846998
IDA-DI;27/11/2023;3379,925732
IDA-DI;28/11/2023;3381,967836
IDA-DI;29/11/2023;3383,898877
IDA-DI;30/11/2023;3386,074621
IDA-DI;01/12/2023;3387,566557
IDA-DI;04/12/2023;3388,332742
IDA-DI;05/12/2023;3389,658062
IDA-DI;06/12/2023;3391,409086
IDA-DI;07/12/2023;3393,042216
IDA-DI;08/12/2023;3394,961936
IDA-DI;11/12/2023;3397,148829
IDA-DI;12/12/2023;3399,147854
IDA-DI;13/12/2023;3401,193474
IDA-DI;14/12/2023;3402,863451
IDA-DI;15/12/2023;3403,018606
IDA-DI;18/12/2023;3405,723538
IDA-DI;19/12/2023;3407,505229
IDA-DI;20/12/2023;3409,163401
IDA-DI;21/12/2023;3410,847844
IDA-DI;22/12/2023;3412,799601
IDA-DI;26/12/2023;3414,119766
IDA-DI;27/12/2023;3415,857936
IDA-DI;28/12/2023;3417,530098
IDA-DI;29/12/2023;3419,285308
IDA-DI;02/01/2024;3420,544706
IDA-DI;03/01/2024;3424,029071
IDA-DI;04/01/2024;3425,518569
IDA-DI;05/01/2024;3427,117382
IDA-DI;08/01/2024;3428,443435
IDA-DI;09/01/2024;3430,218642
IDA-DI;10/01/2024;3432,289251
IDA-DI;11/01/2024;3434,094901
IDA-DI;12/01/2024;3436,377651
IDA-DI;15/01/2024;3438,499556
IDA-DI;16/01/2024;3440,555495
IDA-DI;17/01/2024;3442,800224
IDA-DI;18/01/2024;3444,694337
IDA-DI;19/01/2024;3446,768791
IDA-DI;22/01/2024;3448,781173
IDA-DI;23/01/2024;3450,980005
IDA-DI;24/01/2024;3453,636038
IDA-DI;25/01/2024;3456,140925
IDA-DI;26/01/2024;3458,006644
IDA-DI;29/01/2024;3460,607027
IDA-DI;30/01/2024;3463,384304
IDA-DI;31/01/2024;3466,738838
IDA-DI;01/02/2024;3469,283716
IDA-DI;02/02/2024;3470,232159
IDA-DI;05/02/2024;3472,362799
IDA-DI;06/02/2024;3474,95507
IDA-DI;07/02/2024;3477,033629
IDA-DI;08/02/2024;3478,909626
IDA-DI;09/02/2024;3480,968022
IDA-DI;14/02/2024;3482,408707
IDA-DI;15/02/2024;3484,334751
IDA-DI;16/02/2024;3486,526822
IDA-DI;19/02/2024;3489,022593
IDA-DI;20/02/2024;3491,402768
IDA-DI;21/02/2024;3493,807864
IDA-DI;22/02/2024;3494,180398
IDA-DI;23/02/2024;3497,478528
IDA-DI;26/02/2024;3500,14886
IDA-DI;27/02/2024;3502,052016
IDA-DI;28/02/2024;3504,338574
IDA-DI;29/02/2024;3506,939689
IDA-DI;01/03/2024;3509,373846
IDA-DI;04/03/2024;3511,883388
IDA-DI;05/03/2024;3514,224474
IDA-DI;06/03/2024;3517,138843
IDA-DI;07/03/2024;3519,86165
IDA-DI;08/03/2024;3521,581083
IDA-DI;11/03/2024;3523,770241
IDA-DI;12/03/2024;3526,115422
IDA-DI;13/03/2024;3528,18646
IDA-DI;14/03/2024;3530,089248
IDA-DI;15/03/2024;3532,63582
IDA-DI;18/03/2024;3534,193313
IDA-DI;19/03/2024;3536,148657
IDA-DI;20/03/2024;3538,402187
IDA-DI;21/03/2024;3540,72818
IDA-DI;22/03/2024;3542,477572
IDA-DI;25/03/2024;3544,610723
IDA-DI;26/03/2024;3546,189538
IDA-DI;27/03/2024;3547,353137
IDA-DI;28/03/2024;3547,875665
IDA-DI;01/04/2024;3548,57886
IDA-DI;02/04/2024;3550,864221
IDA-DI;03/04/2024;3553,08285
IDA-DI;04/04/2024;3554,786309
IDA-DI;05/04/2024;3556,021467
IDA-DI;08/04/2024;3557,460775
IDA-DI;09/04/2024;3558,868028
IDA-DI;10/04/2024;3560,538606
IDA-DI;11/04/2024;3561,494999
IDA-DI;12/04/2024;3563,819015
IDA-DI;15/04/2024;3565,161595
IDA-DI;16/04/2024;3566,499809
IDA-DI;17/04/2024;3568,875461
IDA-DI;18/04/2024;3570,560334
IDA-DI;19/04/2024;3570,95927
IDA-DI;22/04/2024;3573,47815
IDA-DI;23/04/2024;3575,343939
IDA-DI;24/04/2024;3576,746267
IDA-DI;25/04/2024;3578,528895
IDA-DI;26/04/2024;3580,166217
IDA-DI;29/04/2024;3582,474033
IDA-DI;30/04/2024;3583,856029
IDA-DI;02/05/2024;3585,801555
IDA-DI;03/05/2024;3587,465835
IDA-DI;06/05/2024;3588,928363
IDA-DI;07/05/2024;3590,26466
IDA-DI;08/05/2024;3591,497461
IDA-DI;09/05/2024;3592,235028
IDA-DI;10/05/2024;3590,255259
IDA-DI;13/05/2024;3592,585579
IDA-DI;14/05/2024;3594,157665
IDA-DI;15/05/2024;3595,859813
IDA-DI;16/05/2024;3599,845334
IDA-DI;17/05/2024;3601,691592
IDA-DI;20/05/2024;3603,626558
IDA-DI;21/05/2024;3605,906264
IDA-DI;22/05/2024;3607,772701
IDA-DI;23/05/2024;3609,365063
IDA-DI;24/05/2024;3611,459205
IDA-DI;27/05/2024;3613,031632
IDA-DI;28/05/2024;3615,111894
IDA-DI;29/05/2024;3616,619817
IDA-DI;31/05/2024;3618,227111
IDA-DI;03/06/2024;3620,935066
IDA-DI;04/06/2024;3623,436771
IDA-DI;05/06/2024;3624,829267
IDA-DI;06/06/2024;3626,659646
IDA-DI;07/06/2024;3628,385679
IDA-DI;10/06/2024;3630,466528
IDA-DI;11/06/2024;3633,028369
IDA-DI;12/06/2024;3633,664653
IDA-DI;13/06/2024;3635,971179
IDA-DI;14/06/2024;3638,356257
IDA-DI;17/06/2024;3640,428994
IDA-DI;18/06/2024;3642,171396
IDA-DI;19/06/2024;3644,542066
IDA-DI;20/06/2024;3645,809201
IDA-DI;21/06/2024;3648,057215
IDA-DI;24/06/2024;3649,638713
IDA-DI;25/06/2024;3651,058671
IDA-DI;26/06/2024;3653,278664
IDA-DI;27/06/2024;3654,732586
IDA-DI;28/06/2024;3656,797334
IDA-DI;01/07/2024;3658,534132
IDA-DI;02/07/2024;3660,32989
IDA-DI;03/07/2024;3662,769633
IDA-DI;04/07/2024;3665,384348
IDA-DI;05/07/2024;3667,072963
IDA-DI;08/07/2024;3668,643671
IDA-DI;09/07/2024;3670,929098
IDA-DI;10/07/2024;3673,234368
IDA-DI;11/07/2024;3676,286177
IDA-DI;12/07/2024;3677,779664
IDA-DI;15/07/2024;3679,300972
IDA-DI;16/07/2024;3681,015198
IDA-DI;17/07/2024;3682,890239
IDA-DI;18/07/2024;3685,616918
IDA-DI;19/07/2024;3687,200091
IDA-DI;22/07/2024;3688,656091
IDA-DI;23/07/2024;3690,60752
IDA-DI;24/07/2024;3693,775876
IDA-DI;25/07/2024;3695,227968
IDA-DI;26/07/2024;3698,023407
IDA-DI;29/07/2024;3699,210091
IDA-DI;30/07/2024;3701,206866
IDA-DI;31/07/2024;3702,545548
IDA-DI;01/08/2024;3704,083714
IDA-DI;02/08/2024;3706,151735
IDA-DI;05/08/2024;3707,71679
IDA-DI;06/08/2024;3707,184927
IDA-DI;07/08/2024;3710,315186
IDA-DI;08/08/2024;3712,104756
IDA-DI;09/08/2024;3714,735187
IDA-DI;12/08/2024;3716,677563
IDA-DI;13/08/2024;3718,806929
IDA-DI;14/08/2024;3720,722168
IDA-DI;15/08/2024;3722,741779
IDA-DI;16/08/2024;3724,5058
IDA-DI;19/08/2024;3727,422852
IDA-DI;20/08/2024;3729,44653
IDA-DI;21/08/2024;3731,149916
IDA-DI;22/08/2024;3733,115073
IDA-DI;23/08/2024;3735,635297
IDA-DI;26/08/2024;3737,414993
IDA-DI;27/08/2024;3739,783486
IDA-DI;28/08/2024;3741,218672
IDA-DI;29/08/2024;3742,622451
IDA-DI;30/08/2024;3744,489075
IDA-DI;02/09/2024;3746,430407
IDA-DI;03/09/2024;3748,582841
IDA-DI;04/09/2024;3751,445095
IDA-DI;05/09/2024;3753,759096
IDA-DI;06/09/2024;3754,715026
IDA-DI;09/09/2024;3756,392427
IDA-DI;10/09/2024;3759,348976
IDA-DI;11/09/2024;3761,122767
IDA-DI;12/09/2024;3762,434256
IDA-DI;13/09/2024;3763,957868
IDA-DI;16/09/2024;3765,721351
IDA-DI;17/09/2024;3767,142535
IDA-DI;18/09/2024;3769,077362
IDA-DI;19/09/2024;3770,715415
IDA-DI;20/09/2024;3771,532921
IDA-DI;23/09/2024;3772,918115
IDA-DI;24/09/2024;3775,148843
IDA-DI;25/09/2024;3776,170436
IDA-DI;26/09/2024;3777,849788
IDA-DI;27/09/2024;3780,35014
IDA-DI;30/09/2024;3782,40962
IDA-DI;01/10/2024;3783,775187
IDA-DI;02/10/2024;3785,46554
IDA-DI;03/10/2024;3787,016738
IDA-DI;04/10/2024;3788,474538
IDA-DI;07/10/2024;3790,091333
IDA-DI;08/10/2024;3791,267338
IDA-DI;09/10/2024;3792,487522
IDA-DI;10/10/2024;3793,30534
IDA-DI;11/10/2024;3793,857156
IDA-DI;14/10/2024;3795,225673
IDA-DI;15/10/2024;3796,549543
IDA-DI;16/10/2024;3797,320345
IDA-DI;17/10/2024;3799,71624
IDA-DI;18/10/2024;3801,333504
IDA-DI;21/10/2024;3803,386512
IDA-DI;22/10/2024;3804,626266
IDA-DI;23/10/2024;3806,233282
IDA-DI;24/10/2024;3808,164975
IDA-DI;25/10/2024;3809,425398
IDA-DI;28/10/2024;3811,052392
IDA-DI;29/10/2024;3813,060299
IDA-DI;30/10/2024;3815,126405
IDA-DI;31/10/2024;3816,894907
IDA-DI;01/11/2024;3817,68154
IDA-DI;04/11/2024;3820,541948
IDA-DI;05/11/2024;3822,042281
IDA-DI;06/11/2024;3823,968976
IDA-DI;07/11/2024;3825,270352
IDA-DI;08/11/2024;3826,17969
IDA-DI;11/11/2024;3828,392955
IDA-DI;12/11/2024;3830,435044
IDA-DI;13/11/2024;3831,796114
IDA-DI;14/11/2024;3834,730745
IDA-DI;18/11/2024;3836,155278
IDA-DI;19/11/2024;3838,554673
IDA-DI;21/11/2024;3840,884151
IDA-DI;22/11/2024;3842,726791
IDA-DI;25/11/2024;3843,660723
IDA-DI;26/11/2024;3845,376261
IDA-DI;27/11/2024;3847,063797
IDA-DI;28/11/2024;3848,16075
IDA-DI;29/11/2024;3849,940507
IDA-DI;02/12/2024;3850,17559
IDA-DI;03/12/2024;3852,384526
IDA-DI;04/12/2024;3853,022313
IDA-DI;05/12/2024;3853,950221
IDA-DI;06/12/2024;3853,978085
IDA-DI;09/12/2024;3854,660239
IDA-DI;10/12/2024;3855,828009
IDA-DI;11/12/2024;3858,553097
IDA-DI;12/12/2024;3859,464005
IDA-DI;13/12/2024;3860,353587
IDA-DI;16/12/2024;3860,81219
IDA-DI;17/12/2024;3863,736005
IDA-DI;18/12/2024;3860,656957
IDA-DI;19/12/2024;3858,829509
IDA-DI;20/12/2024;3852,58874
IDA-DI;23/12/2024;3847,268533
IDA-DI;24/12/2024;3849,27182
IDA-DI;26/12/2024;3846,350366
IDA-DI;27/12/2024;3843,616047
IDA-DI;30/12/2024;3844,202502
IDA-DI;31/12/2024;3846,219408
IDA-DI;02/01/2025;3849,634055
IDA-DI;03/01/2025;3850,709635
IDA-DI;06/01/2025;3852,284424
IDA-DI;07/01/2025;3854,105934
IDA-DI;08/01/2025;3857,164447
IDA-DI;09/01/2025;3861,075299
IDA-DI;10/01/2025;3863,106016
IDA-DI;13/01/2025;3865,064016
IDA-DI;14/01/2025;3868,017629
IDA-DI;15/01/2025;3871,165592
IDA-DI;16/01/2025;3873,985086
IDA-DI;17/01/2025;3876,476129
IDA-DI;20/01/2025;3879,505702
IDA-DI;21/01/2025;3882,94686
IDA-DI;22/01/2025;3886,954486
IDA-DI;23/01/2025;3889,404134
IDA-DI;24/01/2025;3893,216311
IDA-DI;27/01/2025;3895,482788
IDA-DI;28/01/2025;3898,419221
IDA-DI;29/01/2025;3901,470916
IDA-DI;30/01/2025;3904,332014
IDA-DI;31/01/2025;3906,982721
IDA-DI;03/02/2025;3908,917776
IDA-DI;04/02/2025;3911,055094
IDA-DI;05/02/2025;3913,757032
IDA-DI;06/02/2025;3915,539279
IDA-DI;07/02/2025;3918,174467
IDA-DI;10/02/2025;3920,135539
IDA-DI;11/02/2025;3924,628079
IDA-DI;12/02/2025;3927,429967
IDA-DI;13/02/2025;3929,474386
IDA-DI;14/02/2025;3931,925124
IDA-DI;17/02/2025;3934,844421
IDA-DI;18/02/2025;3936,950703
IDA-DI;19/02/2025;3939,126483
IDA-DI;20/02/2025;3941,71624
IDA-DI;21/02/2025;3944,824289
IDA-DI;24/02/2025;3947,756429
IDA-DI;25/02/2025;3950,640921
IDA-DI;26/02/2025;3952,483624
IDA-DI;27/02/2025;3954,708709
IDA-DI;28/02/2025;3957,471306
IDA-DI;05/03/2025;3960,549709
IDA-DI;06/03/2025;3961,863387
IDA-DI;07/03/2025;3964,150826
IDA-DI;10/03/2025;3966,820298
IDA-DI;11/03/2025;3970,294965
IDA-DI;12/03/2025;3973,177797
IDA-DI;13/03/2025;3975,768942
IDA-DI;14/03/2025;3977,284243
IDA-DI;17/03/2025;3981,068629
IDA-DI;18/03/2025;3983,275987
IDA-DI;19/03/2025;3986,558386
IDA-DI;20/03/2025;3988,117916
IDA-DI;21/03/2025;3990,872844
IDA-DI;24/03/2025;3994,339441
IDA-DI;25/03/2025;3996,605344
IDA-DI;26/03/2025;3999,596976
IDA-DI;27/03/2025;4002,525456
IDA-DI;28/03/2025;4004,02558
IDA-DI;31/03/2025;4007,411672
IDA-DI;01/04/2025;4009,021968
IDA-DI;02/04/2025;4011,818276
IDA-DI;03/04/2025;4014,427119
IDA-DI;04/04/2025;4016,950889
IDA-DI;07/04/2025;4019,430536
IDA-DI;08/04/2025;4020,892415
IDA-DI;09/04/2025;4022,50473
IDA-DI;10/04/2025;4024,894393
IDA-DI;11/04/2025;4026,947193
IDA-DI;14/04/2025;4029,466726
IDA-DI;15/04/2025;4031,436737
IDA-DI;16/04/2025;4034,438054
IDA-DI;17/04/2025;4037,820365
IDA-DI;22/04/2025;4039,112571
IDA-DI;23/04/2025;4042,007273
IDA-DI;24/04/2025;4045,02146
IDA-DI;25/04/2025;4046,92523
IDA-DI;28/04/2025;4049,791599
IDA-DI;29/04/2025;4051,699301
IDA-DI;30/04/2025;4054,547119
IDA-DI;02/05/2025;4056,61109
IDA-DI;05/05/2025;4058,655056
IDA-DI;06/05/2025;4061,657862
IDA-DI;07/05/2025;4065,270249
IDA-DI;08/05/2025;4067,113468
IDA-DI;09/05/2025;4069,818393
IDA-DI;12/05/2025;4072,558806
IDA-DI;13/05/2025;4075,401619
IDA-DI;14/05/2025;4077,550471
IDA-DI;15/05/2025;4080,686766
IDA-DI;16/05/2025;4083,00778
IDA-DI;19/05/2025;4085,091757
IDA-DI;20/05/2025;4088,263835
IDA-DI;21/05/2025;4090,575161
IDA-DI;22/05/2025;4093,389022
IDA-DI;23/05/2025;4096,376965
IDA-DI;26/05/2025;4099,091
IDA-DI;27/05/2025;4102,199984
IDA-DI;28/05/2025;4105,130436
IDA-DI;29/05/2025;4108,887518
IDA-DI;30/05/2025;4110,497044
IDA-DI;02/06/2025;4109,833481
IDA-DI;03/06/2025;4112,253036
IDA-DI;04/06/2025;4114,491256
IDA-DI;05/06/2025;4117,385725
IDA-DI;06/06/2025;4120,865551
IDA-DI;09/06/2025;4123,608466
IDA-DI;10/06/2025;4126,522864
IDA-DI;11/06/2025;4130,068913
IDA-DI;12/06/2025;4132,128601
IDA-DI;13/06/2025;4133,757996
IDA-DI;16/06/2025;4136,614725
IDA-DI;17/06/2025;4138,199926
IDA-DI;18/06/2025;4137,688183
IDA-DI;20/06/2025;4141,799349
IDA-DI;23/06/2025;4144,438522
IDA-DI;24/06/2025;4147,588706
IDA-DI;25/06/2025;4150,658503
IDA-DI;26/06/2025;4154,076118
IDA-DI;27/06/2025;4156,254703
IDA-DI;30/06/2025;4159,450825
IDA-DI;01/07/2025;4161,829027
IDA-DI;02/07/2025;4164,616136
IDA-DI;03/07/2025;4166,490715
IDA-DI;04/07/2025;4169,960415
IDA-DI;07/07/2025;4173,102575
IDA-DI;08/07/2025;4176,111815
IDA-DI;09/07/2025;4178,796728
IDA-DI;10/07/2025;4181,077011
IDA-DI;11/07/2025;4183,186379
IDA-DI;14/07/2025;4186,064854
IDA-DI;15/07/2025;4188,67787
IDA-DI;16/07/2025;4190,178334
IDA-DI;17/07/2025;4193,366448
IDA-DI;18/07/2025;4195,608126
IDA-DI;21/07/2025;4198,411554
IDA-DI;22/07/2025;4201,953687
IDA-DI;23/07/2025;4204,407796
IDA-DI;24/07/2025;4206,108972
IDA-DI;25/07/2025;4209,493695
IDA-DI;28/07/2025;4212,719823
IDA-DI;29/07/2025;4214,373291
IDA-DI;30/07/2025;4216,853589
IDA-DI;31/07/2025;4218,510544
IDA-DI;01/08/2025;4220,099274
IDA-DI;04/08/2025;4224,055314
IDA-DI;05/08/2025;4226,057428
IDA-DI;06/08/2025;4228,099896
IDA-DI;07/08/2025;4231,228199
IDA-DI;08/08/2025;4233,024092
IDA-DI;11/08/2025;4235,237156
IDA-DI;12/08/2025;4238,213065
IDA-DI;13/08/2025;4240,198952
IDA-DI;14/08/2025;4241,85517
IDA-DI;15/08/2025;4243,750023
IDA-DI;18/08/2025;4244,780544
IDA-DI;19/08/2025;4246,896091
IDA-DI;20/08/2025;4249,46858
IDA-DI;21/08/2025;4251,081446
IDA-DI;22/08/2025;4252,676213
IDA-DI;25/08/2025;4253,953077
IDA-DI;26/08/2025;4254,985345
IDA-DI;27/08/2025;4257,004657
IDA-DI;28/08/2025;4260,977639
IDA-DI;29/08/2025;4265,030282
IDA-DI;01/09/2025;4269,64216
IDA-DI;02/09/2025;4270,048477
IDA-DI;03/09/2025;4272,830829
IDA-DI;04/09/2025;4275,454809
IDA-DI;05/09/2025;4279,092357
IDA-DI;08/09/2025;4280,223346
IDA-DI;09/09/2025;4282,939684
IDA-DI;10/09/2025;4286,851927
IDA-DI;11/09/2025;4288,73429
IDA-DI;12/09/2025;4291,173586
IDA-DI;15/09/2025;4306,990445
IDA-DI;16/09/2025;4298,169741
IDA-DI;17/09/2025;4300,913959
IDA-DI;18/09/2025;4303,763339
IDA-DI;19/09/2025;4307,237821
IDA-DI;22/09/2025;4313,129674
IDA-DI;23/09/2025;4316,599214
IDA-DI;24/09/2025;4318,855204
IDA-DI;25/09/2025;4311,729163
IDA-DI;26/09/2025;4311,761985
IDA-DI;29/09/2025;4312,444621
IDA-DI;30/09/2025;4315,77565
IDA-DI;01/10/2025;4318,304022
IDA-DI;02/10/2025;4320,667792
IDA-DI;03/10/2025;4323,998396
IDA-DI;06/10/2025;4326,02591
IDA-DI;07/10/2025;4328,433272
IDA-DI;08/10/2025;4330,567922
IDA-DI;09/10/2025;4333,306386
IDA-DI;10/10/2025;4333,775309
IDA-DI;13/10/2025;4335,529546
IDA-DI;14/10/2025;4338,009349
IDA-DI;15/10/2025;4340,428411
IDA-DI;16/10/2025;4342,065043
IDA-DI;17/10/2025;4343,491034
IDA-DI;20/10/2025;4347,059662
IDA-DI;21/10/2025;4348,093631
IDA-DI;22/10/2025;4348,569404
IDA-DI;23/10/2025;4348,116741
IDA-DI;24/10/2025;4351,115911
IDA-DI;27/10/2025;4352,749561
IDA-DI;28/10/2025;4354,638015
IDA-DI;29/10/2025;4355,650877
IDA-DI;30/10/2025;4359,246244
IDA-DI;31/10/2025;4362,291241
IDA-DI;03/11/2025;4364,47884
IDA-DI;04/11/2025;4366,693287
IDA-DI;05/11/2025;4368,486881
IDA-DI;06/11/2025;4370,688778
IDA-DI;07/11/2025;4374,409299
IDA-DI;10/11/2025;4376,225849
IDA-DI;11/11/2025;4379,153289
IDA-DI;12/11/2025;4382,209364
IDA-DI;13/11/2025;4383,244639
IDA-DI;14/11/2025;4386,352194
IDA-DI;17/11/2025;4388,77615
IDA-DI;18/11/2025;4391,925579
IDA-DI;19/11/2025;4393,049143
IDA-DI;21/11/2025;4396,794291
IDA-DI;24/11/2025;4399,452721
IDA-DI;25/11/2025;4401,832754
IDA-DI;26/11/2025;4404,124032
IDA-DI;27/11/2025;4407,752359
IDA-DI;28/11/2025;4410,29991
IDA-DI;01/12/2025;4412,180145
IDA-DI;02/12/2025;4414,478014
IDA-DI;03/12/2025;4415,28711
IDA-DI;04/12/2025;4417,165558
IDA-DI;05/12/2025;4417,419576
IDA-DI;08/12/2025;4420,348565
IDA-DI;09/12/2025;4422,359938
IDA-DI;10/12/2025;4426,059928
IDA-DI;11/12/2025;4429,277156
IDA-DI;12/12/2025;4430,617379
IDA-DI;15/12/2025;4434,78769
IDA-DI;16/12/2025;4437,015846
IDA-DI;17/12/2025;4438,96426
IDA-DI;18/12/2025;4441,991864
IDA-DI;19/12/2025;4445,351833
IDA-DI;22/12/2025;4448,052026
IDA-DI;23/12/2025;4450,189412
IDA-DI;24/12/2025;4452,866109
IDA-DI;26/12/2025;4453,777022
IDA-DI;29/12/2025;4456,963646
IDA-DI;30/12/2025;4460,95284
IDA-DI;31/12/2025;4463,635243
IDA-DI;02/01/2026;4465,738272
IDA-DI;05/01/2026;4468,58494
IDA-DI;06/01/2026;4471,370112
IDA-DI;07/01/2026;4473,7667
IDA-DI;08/01/2026;4476,914319
IDA-DI;09/01/2026;4479,281598
IDA-DI;12/01/2026;4481,888464
IDA-DI;13/01/2026;4485,053964
IDA-DI;14/01/2026;4488,286443
IDA-DI;15/01/2026;4492,873458
IDA-DI;16/01/2026;4495,811246
IDA-DI;19/01/2026;4499,581241
IDA-DI;20/01/2026;4502,04026
IDA-DI;21/01/2026;4505,107252
IDA-DI;22/01/2026;4507,925128
IDA-DI;23/01/2026;4510,681254
IDA-DI;26/01/2026;4513,207156
IDA-DI;27/01/2026;4515,692577
IDA-DI;28/01/2026;4518,958997
IDA-DI;29/01/2026;4521,264581
IDA-DI;30/01/2026;4524,275723
IDA-DI;02/02/2026;4526,903898
IDA-DI;03/02/2026;4530,368077
IDA-DI;04/02/2026;4532,995334
IDA-DI;05/02/2026;4535,377024
IDA-DI;06/02/2026;4537,734483
IDA-DI;09/02/2026;4540,497006
IDA-DI;10/02/2026;4541,441306
IDA-DI;11/02/2026;4542,966485
IDA-DI;12/02/2026;4544,497765
IDA-DI;13/02/2026;4545,493303
IDA-DI;18/02/2026;4547,656486
IDA-DI;19/02/2026;4549,616567
IDA-DI;20/02/2026;4553,493553
IDA-DI;23/02/2026;4556,077126
IDA-DI;24/02/2026;4557,921822
IDA-DI;25/02/2026;4556,329943
IDA-DI;26/02/2026;4557,095767
IDA-DI;27/02/2026;4560,057566
IDA-DI;02/03/2026;4561,824626
IDA-DI;03/03/2026;4564,105947
IDA-DI;04/03/2026;4567,354732
IDA-DI;05/03/2026;4569,80581
IDA-DI;06/03/2026;4573,132431
IDA-DI;09/03/2026;4576,425069
IDA-DI;10/03/2026;4579,546663
IDA-DI;11/03/2026;4581,737928
IDA-DI;12/03/2026;4583,841711
IDA-DI;13/03/2026;4584,34487
IDA-DI;16/03/2026;4585,932874
IDA-DI;17/03/2026;4583,029752
IDA-DI;18/03/2026;4577,663197
IDA-DI;19/03/2026;4573,8177
IDA-DI;20/03/2026;4571,899644
IDA-DI;23/03/2026;4572,317766
IDA-DI;24/03/2026;4573,465414
IDA-DI;25/03/2026;4574,03647
IDA-DI;26/03/2026;4575,850771
IDA-DI;27/03/2026;4577,131264
IDA-DI;30/03/2026;4580,592967
IDA-DI;31/03/2026;4581,020379
IDA-DI;01/04/2026;4582,016529
IDA-DI;02/04/2026;4580,594092
IDA-DI;06/04/2026;4578,070034
IDA-DI;07/04/2026;4578,991428
IDA-DI;08/04/2026;4582,249368
IDA-DI;09/04/2026;4588,886012
IDA-DI;10/04/2026;4584,194293
IDA-DI;13/04/2026;4588,299585
IDA-DI;14/04/2026;4590,12537
IDA-DI;15/04/2026;4592,453955
IDA-DI;16/04/2026;4597,778328
IDA-DI;17/04/2026;4599,960486
IDA-DI;20/04/2026;4605,608771
IDA-DI;22/04/2026;4608,611983
IDA-DI;23/04/2026;4615,338409
IDA-DI;24/04/2026;4618,432374
IDA-DI;27/04/2026;4621,931331
IDA-DI;28/04/2026;4627,276092
IDA-DI;29/04/2026;4631,727247
IDA-DI;30/04/2026;4637,445671
IDA-DI;04/05/2026;4641,573984
IDA-DI;05/05/2026;4647,241411
IDA-DI;06/05/2026;4650,81973
IDA-DI;07/05/2026;4654,052809
IDA-DI;08/05/2026;4658,47947
IDA-DI;11/05/2026;4663,794386
IDA-DI;12/05/2026;4673,527969
IDA-DI;13/05/2026;4676,87471
IDA-DI;14/05/2026;4682,223102
IDA-DI;15/05/2026;4685,041554
IDA-DI;18/05/2026;4689,588824
IDA-DI;19/05/2026;4694,608287
IDA-DI;20/05/2026;4698,333658
IDA-DI;21/05/2026;4701,387468
IDA-DI;22/05/2026;4706,19562
IDA-DI;25/05/2026;4709,278242
IDA-DI;26/05/2026;4712,368622
IDA-DI;27/05/2026;4714,782986
IDA-DI;28/05/2026;4718,089274
IDA-DI;29/05/2026;4722,06636
IDA-DI;01/06/2026;4724,958062
IDA-DI;02/06/2026;4726,699783
IDA-DI;03/06/2026;4732,393716
IDA-DI;05/06/2026;4733,648065
IDA-DI;08/06/2026;4737,95017
IDA-DI;09/06/2026;4740,335435
IDA-DI;10/06/2026;4740,165006
IDA-DI;11/06/2026;4742,289806
IDA-DI;12/06/2026;4744,688244
IDA-DI;15/06/2026;4747,088317
IDA-DI;16/06/2026;4751,352088
IDA-DI;17/06/2026;4753,97806
IDA-DI;18/06/2026;4756,511126
IDA-DI;19/06/2026;4759,915777
IDA-DI;22/06/2026;4762,982982
IDA-DI;23/06/2026;4765,899061
IDA-DI;24/06/2026;4769,022421
IDA-DI;25/06/2026;4771,877377
IDA-DI;26/06/2026;4774,648584
IDA-DI;29/06/2026;4776,641198
IDA-DI;30/06/2026;4779,968478
IRF-M 1;01/12/2000;1000
IRF-M 1;04/12/2000;1000,627565
IRF-M 1;05/12/2000;1002,332823
IRF-M 1;06/12/2000;1003,550214
IRF-M 1;07/12/2000;1004,860026
IRF-M 1;08/12/2000;1006,199461
IRF-M 1;11/12/2000;1006,696458
IRF-M 1;12/12/2000;1007,361657
IRF-M 1;13/12/2000;1008,970345
IRF-M 1;14/12/2000;1009,718371
IRF-M 1;15/12/2000;1010,389131
IRF-M 1;18/12/2000;1011,422485
IRF-M 1;19/12/2000;1012,261599
IRF-M 1;20/12/2000;1012,249724
IRF-M 1;21/12/2000;1014,118105
IRF-M 1;22/12/2000;1014,577239
IRF-M 1;26/12/2000;1015,187059
IRF-M 1;27/12/2000;1016,131303
IRF-M 1;28/12/2000;1017,206525
IRF-M 1;29/12/2000;1017,749134
IRF-M 1;02/01/2001;1018,255666
IRF-M 1;03/01/2001;1019,965347
IRF-M 1;04/01/2001;1020,66989
IRF-M 1;05/01/2001;1021,274563
IRF-M 1;08/01/2001;1021,881492
IRF-M 1;09/01/2001;1023,277394
IRF-M 1;10/01/2001;1023,646546
IRF-M 1;11/01/2001;1024,293967
IRF-M 1;12/01/2001;1024,982056
IRF-M 1;15/01/2001;1025,639089
IRF-M 1;16/01/2001;1026,274671
IRF-M 1;17/01/2001;1027,189872
IRF-M 1;18/01/2001;1028,16134
IRF-M 1;19/01/2001;1028,895697
IRF-M 1;22/01/2001;1029,515615
IRF-M 1;23/01/2001;1030,527385
IRF-M 1;24/01/2001;1031,277355
IRF-M 1;25/01/2001;1031,901517
IRF-M 1;26/01/2001;1032,971433
IRF-M 1;29/01/2001;1033,745213
IRF-M 1;30/01/2001;1034,387209
IRF-M 1;31/01/2001;1034,978647
IRF-M 1;01/02/2001;1034,909113
IRF-M 1;02/02/2001;1035,422403
IRF-M 1;05/02/2001;1035,620638
IRF-M 1;06/02/2001;1036,064324
IRF-M 1;07/02/2001;1036,368023
IRF-M 1;08/02/2001;1037,615653
IRF-M 1;09/02/2001;1038,538683
IRF-M 1;12/02/2001;1038,973651
IRF-M 1;13/02/2001;1039,557689
IRF-M 1;14/02/2001;1040,232576
IRF-M 1;15/02/2001;1040,251743
IRF-M 1;16/02/2001;1040,411752
IRF-M 1;19/02/2001;1040,369156
IRF-M 1;20/02/2001;1040,825985
IRF-M 1;21/02/2001;1040,535727
IRF-M 1;22/02/2001;1041,86332
IRF-M 1;23/02/2001;1042,721862
IRF-M 1;28/02/2001;1042,792235
IRF-M 1;01/03/2001;1043,982808
IRF-M 1;02/03/2001;1045,062771
IRF-M 1;05/03/2001;1045,566394
IRF-M 1;06/03/2001;1046,127253
IRF-M 1;07/03/2001;1046,763722
IRF-M 1;08/03/2001;1046,819961
IRF-M 1;09/03/2001;1047,741008
IRF-M 1;12/03/2001;1047,581881
IRF-M 1;13/03/2001;1047,748948
IRF-M 1;14/03/2001;1047,634789
IRF-M 1;15/03/2001;1044,912318
IRF-M 1;16/03/2001;1044,39318
IRF-M 1;19/03/2001;1042,242643
IRF-M 1;20/03/2001;1046,290443
IRF-M 1;21/03/2001;1044,897822
IRF-M 1;22/03/2001;1035,004779
IRF-M 1;23/03/2001;1035,127326
IRF-M 1;26/03/2001;1042,47687
IRF-M 1;27/03/2001;1045,315976
IRF-M 1;28/03/2001;1045,854997
IRF-M 1;29/03/2001;1042,04202
IRF-M 1;30/03/2001;1044,110614
IRF-M 1;02/04/2001;1046,045728
IRF-M 1;03/04/2001;1045,871286
IRF-M 1;04/04/2001;1046,694312
IRF-M 1;05/04/2001;1049,451278
IRF-M 1;06/04/2001;1049,939558
IRF-M 1;09/04/2001;1051,911413
IRF-M 1;10/04/2001;1053,749083
IRF-M 1;11/04/2001;1052,573175
IRF-M 1;12/04/2001;1051,690142
IRF-M 1;16/04/2001;1045,923614
IRF-M 1;17/04/2001;1049,139425
IRF-M 1;18/04/2001;1050,321476
IRF-M 1;19/04/2001;1048,546835
IRF-M 1;20/04/2001;1042,807326
IRF-M 1;23/04/2001;1045,482014
IRF-M 1;24/04/2001;1046,151982
IRF-M 1;25/04/2001;1045,757686
IRF-M 1;26/04/2001;1052,051212
IRF-M 1;27/04/2001;1055,342151
IRF-M 1;30/04/2001;1054,226862
IRF-M 1;02/05/2001;1053,033536
IRF-M 1;03/05/2001;1057,825261
IRF-M 1;04/05/2001;1059,59108
IRF-M 1;07/05/2001;1058,847381
IRF-M 1;08/05/2001;1058,997018
IRF-M 1;09/05/2001;1058,781326
IRF-M 1;10/05/2001;1061,941696
IRF-M 1;11/05/2001;1058,865171
IRF-M 1;14/05/2001;1057,615439
IRF-M 1;15/05/2001;1059,825424
IRF-M 1;16/05/2001;1062,3618
IRF-M 1;17/05/2001;1062,928158
IRF-M 1;18/05/2001;1064,076719
IRF-M 1;21/05/2001;1065,829012
IRF-M 1;22/05/2001;1064,886265
IRF-M 1;23/05/2001;1063,940206
IRF-M 1;24/05/2001;1066,769646
IRF-M 1;25/05/2001;1068,431505
IRF-M 1;28/05/2001;1069,761136
IRF-M 1;29/05/2001;1070,507154
IRF-M 1;30/05/2001;1071,662964
IRF-M 1;31/05/2001;1071,093931
IRF-M 1;01/06/2001;1071,599831
IRF-M 1;04/06/2001;1075,113739
IRF-M 1;05/06/2001;1077,207917
IRF-M 1;06/06/2001;1079,179229
IRF-M 1;07/06/2001;1080,818352
IRF-M 1;08/06/2001;1081,823172
IRF-M 1;11/06/2001;1081,756695
IRF-M 1;12/06/2001;1082,186789
IRF-M 1;13/06/2001;1082,642878
IRF-M 1;15/06/2001;1081,318608
IRF-M 1;18/06/2001;1076,813321
IRF-M 1;19/06/2001;1077,898172
IRF-M 1;20/06/2001;1080,427324
IRF-M 1;21/06/2001;1082,937129
IRF-M 1;22/06/2001;1085,600974
IRF-M 1;25/06/2001;1085,864449
IRF-M 1;26/06/2001;1084,415149
IRF-M 1;27/06/2001;1082,936087
IRF-M 1;28/06/2001;1083,133864
IRF-M 1;29/06/2001;1083,573465
IRF-M 1;02/07/2001;1085,277844
IRF-M 1;03/07/2001;1083,411537
IRF-M 1;04/07/2001;1081,28534
IRF-M 1;05/07/2001;1076,804997
IRF-M 1;06/07/2001;1081,767214
IRF-M 1;09/07/2001;1082,545907
IRF-M 1;10/07/2001;1077,272159
IRF-M 1;11/07/2001;1077,764004
IRF-M 1;12/07/2001;1077,527058
IRF-M 1;13/07/2001;1079,588266
IRF-M 1;16/07/2001;1084,020237
IRF-M 1;17/07/2001;1087,06819
IRF-M 1;18/07/2001;1086,610739
IRF-M 1;19/07/2001;1088,412353
IRF-M 1;20/07/2001;1091,058679
IRF-M 1;23/07/2001;1094,877749
IRF-M 1;24/07/2001;1093,4599
IRF-M 1;25/07/2001;1095,764244
IRF-M 1;26/07/2001;1096,146444
IRF-M 1;27/07/2001;1096,754594
IRF-M 1;30/07/2001;1098,554643
IRF-M 1;31/07/2001;1097,949905
IRF-M 1;01/08/2001;1098,372741
IRF-M 1;02/08/2001;1099,778863
IRF-M 1;03/08/2001;1100,008225
IRF-M 1;06/08/2001;1104,903665
IRF-M 1;07/08/2001;1105,58935
IRF-M 1;08/08/2001;1109,269074
IRF-M 1;09/08/2001;1108,972696
IRF-M 1;10/08/2001;1110,088047
IRF-M 1;13/08/2001;1109,936553
IRF-M 1;14/08/2001;1109,07412
IRF-M 1;15/08/2001;1111,822617
IRF-M 1;16/08/2001;1113,900451
IRF-M 1;17/08/2001;1113,699329
IRF-M 1;20/08/2001;1115,370528
IRF-M 1;21/08/2001;1114,866308
IRF-M 1;22/08/2001;1118,607483
IRF-M 1;23/08/2001;1118,86125
IRF-M 1;24/08/2001;1120,17186
IRF-M 1;27/08/2001;1120,754998
IRF-M 1;28/08/2001;1122,704865
IRF-M 1;29/08/2001;1124,594216
IRF-M 1;30/08/2001;1125,021714
IRF-M 1;31/08/2001;1126,031063
IRF-M 1;03/09/2001;1127,531507
IRF-M 1;04/09/2001;1129,914495
IRF-M 1;05/09/2001;1130,420204
IRF-M 1;06/09/2001;1130,642109
IRF-M 1;10/09/2001;1131,088764
IRF-M 1;11/09/2001;1130,118365
IRF-M 1;12/09/2001;1131,0209
IRF-M 1;13/09/2001;1129,142332
IRF-M 1;14/09/2001;1129,2344
IRF-M 1;17/09/2001;1132,986226
IRF-M 1;18/09/2001;1134,849286
IRF-M 1;19/09/2001;1135,536657
IRF-M 1;20/09/2001;1135,758146
IRF-M 1;21/09/2001;1134,425962
IRF-M 1;24/09/2001;1135,461492
IRF-M 1;25/09/2001;1136,5244
IRF-M 1;26/09/2001;1137,256199
IRF-M 1;27/09/2001;1140,27905
IRF-M 1;28/09/2001;1141,924937
IRF-M 1;01/10/2001;1142,100314
IRF-M 1;02/10/2001;1142,787507
IRF-M 1;03/10/2001;1142,9019
IRF-M 1;04/10/2001;1143,181286
IRF-M 1;05/10/2001;1144,405811
IRF-M 1;08/10/2001;1145,439388
IRF-M 1;09/10/2001;1147,012025
IRF-M 1;10/10/2001;1148,855327
IRF-M 1;11/10/2001;1149,593285
IRF-M 1;15/10/2001;1151,944458
IRF-M 1;16/10/2001;1154,070043
IRF-M 1;17/10/2001;1155,903905
IRF-M 1;18/10/2001;1155,732839
IRF-M 1;19/10/2001;1157,587599
IRF-M 1;22/10/2001;1158,890598
IRF-M 1;23/10/2001;1159,853687
IRF-M 1;24/10/2001;1160,138135
IRF-M 1;25/10/2001;1161,499732
IRF-M 1;26/10/2001;1162,039505
IRF-M 1;29/10/2001;1162,671429
IRF-M 1;30/10/2001;1164,206078
IRF-M 1;31/10/2001;1165,315944
IRF-M 1;01/11/2001;1166,818299
IRF-M 1;05/11/2001;1169,654785
IRF-M 1;06/11/2001;1171,316646
IRF-M 1;07/11/2001;1173,739616
IRF-M 1;08/11/2001;1174,56667
IRF-M 1;09/11/2001;1175,06473
IRF-M 1;12/11/2001;1175,568557
IRF-M 1;13/11/2001;1176,863361
IRF-M 1;14/11/2001;1177,719327
IRF-M 1;16/11/2001;1179,136491
IRF-M 1;19/11/2001;1181,059246
IRF-M 1;20/11/2001;1180,967802
IRF-M 1;21/11/2001;1182,41373
IRF-M 1;22/11/2001;1183,041579
IRF-M 1;23/11/2001;1184,557566
IRF-M 1;26/11/2001;1184,647966
IRF-M 1;27/11/2001;1184,912628
IRF-M 1;28/11/2001;1184,791899
IRF-M 1;29/11/2001;1184,072101
IRF-M 1;30/11/2001;1185,605556
IRF-M 1;03/12/2001;1187,029897
IRF-M 1;04/12/2001;1188,033093
IRF-M 1;05/12/2001;1189,085575
IRF-M 1;06/12/2001;1190,25454
IRF-M 1;07/12/2001;1191,574615
IRF-M 1;10/12/2001;1193,301387
IRF-M 1;11/12/2001;1194,104385
IRF-M 1;12/12/2001;1194,972686
IRF-M 1;13/12/2001;1195,940522
IRF-M 1;14/12/2001;1196,497572
IRF-M 1;17/12/2001;1197,447897
IRF-M 1;18/12/2001;1199,04742
IRF-M 1;19/12/2001;1200,377871
IRF-M 1;20/12/2001;1200,171787
IRF-M 1;21/12/2001;1201,7433
IRF-M 1;24/12/2001;1202,680391
IRF-M 1;26/12/2001;1204,422566
IRF-M 1;27/12/2001;1205,213104
IRF-M 1;28/12/2001;1206,294213
IRF-M 1;31/12/2001;1207,141628
IRF-M 1;02/01/2002;1208,638305
IRF-M 1;03/01/2002;1210,10607
IRF-M 1;04/01/2002;1210,535795
IRF-M 1;07/01/2002;1211,656522
IRF-M 1;08/01/2002;1212,117921
IRF-M 1;09/01/2002;1212,774628
IRF-M 1;10/01/2002;1213,188578
IRF-M 1;11/01/2002;1213,914342
IRF-M 1;14/01/2002;1214,297031
IRF-M 1;15/01/2002;1215,035266
IRF-M 1;16/01/2002;1215,950982
IRF-M 1;17/01/2002;1217,40494
IRF-M 1;18/01/2002;1218,694704
IRF-M 1;21/01/2002;1219,736851
IRF-M 1;22/01/2002;1220,500715
IRF-M 1;23/01/2002;1221,646862
IRF-M 1;24/01/2002;1221,958229
IRF-M 1;25/01/2002;1222,777586
IRF-M 1;28/01/2002;1223,509285
IRF-M 1;29/01/2002;1224,236825
IRF-M 1;30/01/2002;1224,948931
IRF-M 1;31/01/2002;1225,849218
IRF-M 1;01/02/2002;1226,800959
IRF-M 1;04/02/2002;1227,429448
IRF-M 1;05/02/2002;1228,499918
IRF-M 1;06/02/2002;1229,802124
IRF-M 1;07/02/2002;1230,484623
IRF-M 1;08/02/2002;1231,429819
IRF-M 1;13/02/2002;1232,948286
IRF-M 1;14/02/2002;1233,613095
IRF-M 1;15/02/2002;1234,631903
IRF-M 1;18/02/2002;1235,633874
IRF-M 1;19/02/2002;1236,353611
IRF-M 1;20/02/2002;1237,614995
IRF-M 1;21/02/2002;1239,17092
IRF-M 1;22/02/2002;1240,290919
IRF-M 1;25/02/2002;1241,320256
IRF-M 1;26/02/2002;1242,051366
IRF-M 1;27/02/2002;1243,496132
IRF-M 1;28/02/2002;1244,151141
IRF-M 1;01/03/2002;1244,942051
IRF-M 1;04/03/2002;1245,670032
IRF-M 1;05/03/2002;1246,853199
IRF-M 1;06/03/2002;1247,533861
IRF-M 1;07/03/2002;1248,288922
IRF-M 1;08/03/2002;1249,447384
IRF-M 1;11/03/2002;1250,525992
IRF-M 1;12/03/2002;1251,769867
IRF-M 1;13/03/2002;1252,69529
IRF-M 1;14/03/2002;1253,366715
IRF-M 1;15/03/2002;1254,555291
IRF-M 1;18/03/2002;1255,313003
IRF-M 1;19/03/2002;1256,203538
IRF-M 1;20/03/2002;1257,480721
IRF-M 1;21/03/2002;1257,491135
IRF-M 1;22/03/2002;1258,011962
IRF-M 1;25/03/2002;1258,877263
IRF-M 1;26/03/2002;1259,710278
IRF-M 1;27/03/2002;1260,752222
IRF-M 1;28/03/2002;1261,643836
IRF-M 1;01/04/2002;1262,453388
IRF-M 1;02/04/2002;1263,3283
IRF-M 1;03/04/2002;1264,106205
IRF-M 1;04/04/2002;1264,927921
IRF-M 1;05/04/2002;1265,797917
IRF-M 1;08/04/2002;1266,417345
IRF-M 1;09/04/2002;1267,351947
IRF-M 1;10/04/2002;1268,22348
IRF-M 1;11/04/2002;1269,235839
IRF-M 1;12/04/2002;1270,39991
IRF-M 1;15/04/2002;1270,798403
IRF-M 1;16/04/2002;1271,620807
IRF-M 1;17/04/2002;1272,471563
IRF-M 1;18/04/2002;1271,931022
IRF-M 1;19/04/2002;1272,852186
IRF-M 1;22/04/2002;1272,775527
IRF-M 1;23/04/2002;1273,01479
IRF-M 1;24/04/2002;1274,378173
IRF-M 1;25/04/2002;1274,930917
IRF-M 1;26/04/2002;1274,978363
IRF-M 1;29/04/2002;1275,667742
IRF-M 1;30/04/2002;1277,223903
IRF-M 1;02/05/2002;1277,638258
IRF-M 1;03/05/2002;1278,675092
IRF-M 1;06/05/2002;1279,910541
IRF-M 1;07/05/2002;1281,014174
IRF-M 1;08/05/2002;1282,109081
IRF-M 1;09/05/2002;1282,6491
IRF-M 1;10/05/2002;1283,410454
IRF-M 1;13/05/2002;1283,494033
IRF-M 1;14/05/2002;1284,690099
IRF-M 1;15/05/2002;1286,212317
IRF-M 1;16/05/2002;1288,204726
IRF-M 1;17/05/2002;1288,996843
IRF-M 1;20/05/2002;1289,860872
IRF-M 1;21/05/2002;1290,52027
IRF-M 1;22/05/2002;1290,503998
IRF-M 1;23/05/2002;1291,451371
IRF-M 1;24/05/2002;1292,80603
IRF-M 1;27/05/2002;1293,758491
IRF-M 1;28/05/2002;1294,828098
IRF-M 1;29/05/2002;1296,0177
IRF-M 1;31/05/2002;1297,134597
IRF-M 1;03/06/2002;1297,875246
IRF-M 1;04/06/2002;1297,444355
IRF-M 1;05/06/2002;1298,554636
IRF-M 1;06/06/2002;1295,792243
IRF-M 1;07/06/2002;1296,966501
IRF-M 1;10/06/2002;1299,653574
IRF-M 1;11/06/2002;1295,210208
IRF-M 1;12/06/2002;1286,77835
IRF-M 1;13/06/2002;1287,096046
IRF-M 1;14/06/2002;1286,113114
IRF-M 1;17/06/2002;1292,566866
IRF-M 1;18/06/2002;1289,488157
IRF-M 1;19/06/2002;1287,324669
IRF-M 1;20/06/2002;1286,209723
IRF-M 1;21/06/2002;1278,29419
IRF-M 1;24/06/2002;1282,858378
IRF-M 1;25/06/2002;1286,03358
IRF-M 1;26/06/2002;1288,304153
IRF-M 1;27/06/2002;1295,472624
IRF-M 1;28/06/2002;1298,60411
IRF-M 1;01/07/2002;1293,254263
IRF-M 1;02/07/2002;1294,553079
IRF-M 1;03/07/2002;1298,43194
IRF-M 1;04/07/2002;1298,835605
IRF-M 1;05/07/2002;1298,696086
IRF-M 1;08/07/2002;1302,348694
IRF-M 1;09/07/2002;1303,561232
IRF-M 1;10/07/2002;1305,66351
IRF-M 1;11/07/2002;1309,258894
IRF-M 1;12/07/2002;1312,131217
IRF-M 1;15/07/2002;1311,476083
IRF-M 1;16/07/2002;1311,521312
IRF-M 1;17/07/2002;1316,160699
IRF-M 1;18/07/2002;1319,807491
IRF-M 1;19/07/2002;1321,324509
IRF-M 1;22/07/2002;1319,512909
IRF-M 1;23/07/2002;1318,488043
IRF-M 1;24/07/2002;1320,053179
IRF-M 1;25/07/2002;1320,740643
IRF-M 1;26/07/2002;1318,346921
IRF-M 1;29/07/2002;1311,49586
IRF-M 1;30/07/2002;1311,831159
IRF-M 1;31/07/2002;1315,008736
IRF-M 1;01/08/2002;1315,85341
IRF-M 1;02/08/2002;1319,651346
IRF-M 1;05/08/2002;1319,54098
IRF-M 1;06/08/2002;1321,326262
IRF-M 1;07/08/2002;1325,009662
IRF-M 1;08/08/2002;1331,521487
IRF-M 1;09/08/2002;1328,488113
IRF-M 1;12/08/2002;1328,569588
IRF-M 1;13/08/2002;1331,753908
IRF-M 1;14/08/2002;1334,604178
IRF-M 1;15/08/2002;1334,82612
IRF-M 1;16/08/2002;1337,30875
IRF-M 1;19/08/2002;1339,066518
IRF-M 1;20/08/2002;1341,029538
IRF-M 1;21/08/2002;1342,132312
IRF-M 1;22/08/2002;1342,155498
IRF-M 1;23/08/2002;1344,179978
IRF-M 1;26/08/2002;1347,511384
IRF-M 1;27/08/2002;1348,235666
IRF-M 1;28/08/2002;1351,110441
IRF-M 1;29/08/2002;1353,020873
IRF-M 1;30/08/2002;1354,644966
IRF-M 1;02/09/2002;1355,003212
IRF-M 1;03/09/2002;1355,216786
IRF-M 1;04/09/2002;1356,411639
IRF-M 1;05/09/2002;1355,766657
IRF-M 1;06/09/2002;1356,655634
IRF-M 1;09/09/2002;1360,665098
IRF-M 1;10/09/2002;1360,782295
IRF-M 1;11/09/2002;1362,248945
IRF-M 1;12/09/2002;1363,053334
IRF-M 1;13/09/2002;1363,370545
IRF-M 1;16/09/2002;1362,830485
IRF-M 1;17/09/2002;1363,689657
IRF-M 1;18/09/2002;1363,855136
IRF-M 1;19/09/2002;1362,886244
IRF-M 1;20/09/2002;1365,451276
IRF-M 1;23/09/2002;1364,614436
IRF-M 1;24/09/2002;1365,180536
IRF-M 1;25/09/2002;1367,349161
IRF-M 1;26/09/2002;1368,896799
IRF-M 1;27/09/2002;1368,509817
IRF-M 1;30/09/2002;1369,344301
IRF-M 1;01/10/2002;1373,395157
IRF-M 1;02/10/2002;1374,29574
IRF-M 1;03/10/2002;1374,894125
IRF-M 1;04/10/2002;1377,533855
IRF-M 1;07/10/2002;1378,633216
IRF-M 1;08/10/2002;1379,964302
IRF-M 1;09/10/2002;1379,852628
IRF-M 1;10/10/2002;1380,290556
IRF-M 1;11/10/2002;1380,166993
IRF-M 1;14/10/2002;1375,238659
IRF-M 1;15/10/2002;1372,703279
IRF-M 1;16/10/2002;1377,657612
IRF-M 1;17/10/2002;1378,96279
IRF-M 1;18/10/2002;1381,339997
IRF-M 1;21/10/2002;1383,439921
IRF-M 1;22/10/2002;1384,781866
IRF-M 1;23/10/2002;1386,518779
IRF-M 1;24/10/2002;1387,90456
IRF-M 1;25/10/2002;1389,181144
IRF-M 1;28/10/2002;1389,785761
IRF-M 1;29/10/2002;1390,477406
IRF-M 1;30/10/2002;1391,604428
IRF-M 1;31/10/2002;1393,083862
IRF-M 1;01/11/2002;1394,698396
IRF-M 1;04/11/2002;1396,019635
IRF-M 1;05/11/2002;1397,184863
IRF-M 1;06/11/2002;1397,482035
IRF-M 1;07/11/2002;1399,10897
IRF-M 1;08/11/2002;1400,522197
IRF-M 1;11/11/2002;1402,388361
IRF-M 1;12/11/2002;1402,093098
IRF-M 1;13/11/2002;1402,310327
IRF-M 1;14/11/2002;1403,555981
IRF-M 1;18/11/2002;1405,3271
IRF-M 1;19/11/2002;1407,71867
IRF-M 1;20/11/2002;1409,703578
IRF-M 1;21/11/2002;1410,472062
IRF-M 1;22/11/2002;1411,460775
IRF-M 1;25/11/2002;1412,997821
IRF-M 1;26/11/2002;1414,278415
IRF-M 1;27/11/2002;1415,330464
IRF-M 1;28/11/2002;1416,051752
IRF-M 1;29/11/2002;1417,401438
IRF-M 1;02/12/2002;1418,134208
IRF-M 1;03/12/2002;1418,880879
IRF-M 1;04/12/2002;1420,296443
IRF-M 1;05/12/2002;1421,315334
IRF-M 1;06/12/2002;1423,452689
IRF-M 1;09/12/2002;1424,14831
IRF-M 1;10/12/2002;1425,651378
IRF-M 1;11/12/2002;1428,170071
IRF-M 1;12/12/2002;1429,408843
IRF-M 1;13/12/2002;1430,917755
IRF-M 1;16/12/2002;1433,409906
IRF-M 1;17/12/2002;1436,278365
IRF-M 1;18/12/2002;1436,879898
IRF-M 1;19/12/2002;1437,591378
IRF-M 1;20/12/2002;1438,824652
IRF-M 1;23/12/2002;1439,739865
IRF-M 1;24/12/2002;1441,040371
IRF-M 1;26/12/2002;1442,177857
IRF-M 1;27/12/2002;1444,096459
IRF-M 1;30/12/2002;1444,933831
IRF-M 1;31/12/2002;1446,311661
IRF-M 1;02/01/2003;1448,966989
IRF-M 1;03/01/2003;1450,570502
IRF-M 1;06/01/2003;1453,06332
IRF-M 1;07/01/2003;1454,858553
IRF-M 1;08/01/2003;1457,031806
IRF-M 1;09/01/2003;1458,831783
IRF-M 1;10/01/2003;1461,393587
IRF-M 1;13/01/2003;1462,635303
IRF-M 1;14/01/2003;1464,084808
IRF-M 1;15/01/2003;1464,928603
IRF-M 1;16/01/2003;1466,45282
IRF-M 1;17/01/2003;1467,422699
IRF-M 1;20/01/2003;1468,533286
IRF-M 1;21/01/2003;1469,716842
IRF-M 1;22/01/2003;1470,547719
IRF-M 1;23/01/2003;1471,178438
IRF-M 1;24/01/2003;1470,757603
IRF-M 1;27/01/2003;1471,256366
IRF-M 1;28/01/2003;1473,292709
IRF-M 1;29/01/2003;1475,221143
IRF-M 1;30/01/2003;1476,529767
IRF-M 1;31/01/2003;1477,76363
IRF-M 1;03/02/2003;1479,240695
IRF-M 1;04/02/2003;1480,342143
IRF-M 1;05/02/2003;1481,831072
IRF-M 1;06/02/2003;1482,913808
IRF-M 1;07/02/2003;1484,283136
IRF-M 1;10/02/2003;1485,7552
IRF-M 1;11/02/2003;1487,268255
IRF-M 1;12/02/2003;1488,67818
IRF-M 1;13/02/2003;1489,348039
IRF-M 1;14/02/2003;1490,685883
IRF-M 1;17/02/2003;1492,382882
IRF-M 1;18/02/2003;1493,866048
IRF-M 1;19/02/2003;1495,093203
IRF-M 1;20/02/2003;1496,672026
IRF-M 1;21/02/2003;1498,176385
IRF-M 1;24/02/2003;1499,608194
IRF-M 1;25/02/2003;1501,138784
IRF-M 1;26/02/2003;1502,600288
IRF-M 1;27/02/2003;1504,091869
IRF-M 1;28/02/2003;1505,579944
IRF-M 1;05/03/2003;1507,132719
IRF-M 1;06/03/2003;1508,813558
IRF-M 1;07/03/2003;1510,288803
IRF-M 1;10/03/2003;1511,788883
IRF-M 1;11/03/2003;1513,389063
IRF-M 1;12/03/2003;1514,948962
IRF-M 1;13/03/2003;1516,981811
IRF-M 1;14/03/2003;1518,555682
IRF-M 1;17/03/2003;1519,693487
IRF-M 1;18/03/2003;1521,601396
IRF-M 1;19/03/2003;1522,456402
IRF-M 1;20/03/2003;1523,792241
IRF-M 1;21/03/2003;1525,734919
IRF-M 1;24/03/2003;1527,193173
IRF-M 1;25/03/2003;1528,661664
IRF-M 1;26/03/2003;1530,327236
IRF-M 1;27/03/2003;1531,501452
IRF-M 1;28/03/2003;1533,128728
IRF-M 1;31/03/2003;1534,462707
IRF-M 1;01/04/2003;1536,312113
IRF-M 1;02/04/2003;1538,326767
IRF-M 1;03/04/2003;1543,746104
IRF-M 1;04/04/2003;1545,8215
IRF-M 1;07/04/2003;1549,950901
IRF-M 1;08/04/2003;1549,515432
IRF-M 1;09/04/2003;1550,088325
IRF-M 1;10/04/2003;1547,832634
IRF-M 1;11/04/2003;1550,616716
IRF-M 1;14/04/2003;1552,519226
IRF-M 1;15/04/2003;1555,79763
IRF-M 1;16/04/2003;1557,800591
IRF-M 1;17/04/2003;1562,356555
IRF-M 1;22/04/2003;1564,76913
IRF-M 1;23/04/2003;1566,116414
IRF-M 1;24/04/2003;1566,710152
IRF-M 1;25/04/2003;1571,173022
IRF-M 1;28/04/2003;1574,518643
IRF-M 1;29/04/2003;1577,074273
IRF-M 1;30/04/2003;1577,188552
IRF-M 1;02/05/2003;1577,024834
IRF-M 1;05/05/2003;1577,324772
IRF-M 1;06/05/2003;1579,370615
IRF-M 1;07/05/2003;1584,062462
IRF-M 1;08/05/2003;1586,063251
IRF-M 1;09/05/2003;1585,331759
IRF-M 1;12/05/2003;1585,979294
IRF-M 1;13/05/2003;1589,58243
IRF-M 1;14/05/2003;1591,813607
IRF-M 1;15/05/2003;1590,863493
IRF-M 1;16/05/2003;1592,180006
IRF-M 1;19/05/2003;1594,385201
IRF-M 1;20/05/2003;1592,354385
IRF-M 1;21/05/2003;1595,24245
IRF-M 1;22/05/2003;1597,799636
IRF-M 1;23/05/2003;1597,499995
IRF-M 1;26/05/2003;1597,762266
IRF-M 1;27/05/2003;1598,931725
IRF-M 1;28/05/2003;1601,180657
IRF-M 1;29/05/2003;1602,960939
IRF-M 1;30/05/2003;1603,243349
IRF-M 1;02/06/2003;1603,384138
IRF-M 1;03/06/2003;1605,618525
IRF-M 1;04/06/2003;1609,697027
IRF-M 1;05/06/2003;1610,975895
IRF-M 1;06/06/2003;1613,149919
IRF-M 1;09/06/2003;1615,543083
IRF-M 1;10/06/2003;1616,451974
IRF-M 1;11/06/2003;1618,336485
IRF-M 1;12/06/2003;1621,015926
IRF-M 1;13/06/2003;1624,026771
IRF-M 1;16/06/2003;1626,023097
IRF-M 1;17/06/2003;1626,996328
IRF-M 1;18/06/2003;1627,545738
IRF-M 1;20/06/2003;1628,953294
IRF-M 1;23/06/2003;1631,473497
IRF-M 1;24/06/2003;1633,33413
IRF-M 1;25/06/2003;1634,076096
IRF-M 1;26/06/2003;1635,410568
IRF-M 1;27/06/2003;1637,076575
IRF-M 1;30/06/2003;1638,841369
IRF-M 1;01/07/2003;1641,284597
IRF-M 1;02/07/2003;1643,178779
IRF-M 1;03/07/2003;1646,677441
IRF-M 1;04/07/2003;1649,737873
IRF-M 1;07/07/2003;1650,32332
IRF-M 1;08/07/2003;1653,139488
IRF-M 1;09/07/2003;1654,490116
IRF-M 1;10/07/2003;1653,731817
IRF-M 1;11/07/2003;1654,782743
IRF-M 1;14/07/2003;1658,297214
IRF-M 1;15/07/2003;1659,363534
IRF-M 1;16/07/2003;1662,265074
IRF-M 1;17/07/2003;1663,704553
IRF-M 1;18/07/2003;1667,032824
IRF-M 1;21/07/2003;1669,191759
IRF-M 1;22/07/2003;1671,323687
IRF-M 1;23/07/2003;1669,831835
IRF-M 1;24/07/2003;1671,482133
IRF-M 1;25/07/2003;1672,067983
IRF-M 1;28/07/2003;1672,991851
IRF-M 1;29/07/2003;1673,579931
IRF-M 1;30/07/2003;1674,125443
IRF-M 1;31/07/2003;1675,238563
IRF-M 1;01/08/2003;1674,785138
IRF-M 1;04/08/2003;1666,69821
IRF-M 1;05/08/2003;1674,55737
IRF-M 1;06/08/2003;1675,107117
IRF-M 1;07/08/2003;1680,747883
IRF-M 1;08/08/2003;1684,275844
IRF-M 1;11/08/2003;1686,875646
IRF-M 1;12/08/2003;1686,995359
IRF-M 1;13/08/2003;1689,236488
IRF-M 1;14/08/2003;1691,099491
IRF-M 1;15/08/2003;1692,934522
IRF-M 1;18/08/2003;1695,025204
IRF-M 1;19/08/2003;1696,948808
IRF-M 1;20/08/2003;1703,807931
IRF-M 1;21/08/2003;1704,858792
IRF-M 1;22/08/2003;1708,146736
IRF-M 1;25/08/2003;1709,290905
IRF-M 1;26/08/2003;1712,238241
IRF-M 1;27/08/2003;1715,175594
IRF-M 1;28/08/2003;1716,321018
IRF-M 1;29/08/2003;1718,074168
IRF-M 1;01/09/2003;1720,187326
IRF-M 1;02/09/2003;1721,404325
IRF-M 1;03/09/2003;1722,256156
IRF-M 1;04/09/2003;1725,570439
IRF-M 1;05/09/2003;1728,300133
IRF-M 1;08/09/2003;1729,27434
IRF-M 1;09/09/2003;1729,760169
IRF-M 1;10/09/2003;1732,521974
IRF-M 1;11/09/2003;1733,876327
IRF-M 1;12/09/2003;1736,289734
IRF-M 1;15/09/2003;1738,773013
IRF-M 1;16/09/2003;1738,798016
IRF-M 1;17/09/2003;1740,372381
IRF-M 1;18/09/2003;1742,690464
IRF-M 1;19/09/2003;1744,516202
IRF-M 1;22/09/2003;1745,939213
IRF-M 1;23/09/2003;1746,004359
IRF-M 1;24/09/2003;1747,535723
IRF-M 1;25/09/2003;1747,415135
IRF-M 1;26/09/2003;1748,476915
IRF-M 1;29/09/2003;1749,583786
IRF-M 1;30/09/2003;1752,683077
IRF-M 1;01/10/2003;1754,295084
IRF-M 1;02/10/2003;1756,195646
IRF-M 1;03/10/2003;1758,067757
IRF-M 1;06/10/2003;1759,271596
IRF-M 1;07/10/2003;1760,36786
IRF-M 1;08/10/2003;1762,130238
IRF-M 1;09/10/2003;1763,985969
IRF-M 1;10/10/2003;1765,169457
IRF-M 1;13/10/2003;1766,924965
IRF-M 1;14/10/2003;1769,095295
IRF-M 1;15/10/2003;1770,394714
IRF-M 1;16/10/2003;1771,398241
IRF-M 1;17/10/2003;1771,699006
IRF-M 1;20/10/2003;1773,803969
IRF-M 1;21/10/2003;1775,451854
IRF-M 1;22/10/2003;1776,349683
IRF-M 1;23/10/2003;1777,171253
IRF-M 1;24/10/2003;1777,979149
IRF-M 1;27/10/2003;1779,046625
IRF-M 1;28/10/2003;1780,825314
IRF-M 1;29/10/2003;1781,07175
IRF-M 1;30/10/2003;1781,996419
IRF-M 1;31/10/2003;1783,804801
IRF-M 1;03/11/2003;1785,788403
IRF-M 1;04/11/2003;1786,750369
IRF-M 1;05/11/2003;1787,767754
IRF-M 1;06/11/2003;1789,414662
IRF-M 1;07/11/2003;1791,268208
IRF-M 1;10/11/2003;1793,180568
IRF-M 1;11/11/2003;1793,798926
IRF-M 1;12/11/2003;1795,759725
IRF-M 1;13/11/2003;1796,710544
IRF-M 1;14/11/2003;1798,195228
IRF-M 1;17/11/2003;1800,090495
IRF-M 1;18/11/2003;1801,722009
IRF-M 1;19/11/2003;1804,03756
IRF-M 1;20/11/2003;1809,479585
IRF-M 1;21/11/2003;1811,106342
IRF-M 1;24/11/2003;1812,80213
IRF-M 1;25/11/2003;1814,308211
IRF-M 1;26/11/2003;1816,173377
IRF-M 1;27/11/2003;1818,022855
IRF-M 1;28/11/2003;1819,387525
IRF-M 1;01/12/2003;1821,09355
IRF-M 1;02/12/2003;1822,674047
IRF-M 1;03/12/2003;1824,401202
IRF-M 1;04/12/2003;1825,620361
IRF-M 1;05/12/2003;1826,59381
IRF-M 1;08/12/2003;1828,535629
IRF-M 1;09/12/2003;1830,426183
IRF-M 1;10/12/2003;1830,297805
IRF-M 1;11/12/2003;1831,898647
IRF-M 1;12/12/2003;1833,128691
IRF-M 1;15/12/2003;1833,870437
IRF-M 1;16/12/2003;1835,385361
IRF-M 1;17/12/2003;1836,36168
IRF-M 1;18/12/2003;1837,640277
IRF-M 1;19/12/2003;1838,250024
IRF-M 1;22/12/2003;1838,676776
IRF-M 1;23/12/2003;1839,915872
IRF-M 1;24/12/2003;1840,96783
IRF-M 1;26/12/2003;1841,315997
IRF-M 1;29/12/2003;1842,514049
IRF-M 1;30/12/2003;1843,670001
IRF-M 1;31/12/2003;1844,753389
IRF-M 1;02/01/2004;1846,176481
IRF-M 1;05/01/2004;1847,805364
IRF-M 1;06/01/2004;1849,536016
IRF-M 1;07/01/2004;1851,723755
IRF-M 1;08/01/2004;1854,327749
IRF-M 1;09/01/2004;1856,629756
IRF-M 1;12/01/2004;1857,925546
IRF-M 1;13/01/2004;1859,483139
IRF-M 1;14/01/2004;1859,261117
IRF-M 1;15/01/2004;1860,081339
IRF-M 1;16/01/2004;1861,591114
IRF-M 1;19/01/2004;1862,311976
IRF-M 1;20/01/2004;1863,302953
IRF-M 1;21/01/2004;1863,90589
IRF-M 1;22/01/2004;1861,705782
IRF-M 1;23/01/2004;1862,960985
IRF-M 1;26/01/2004;1864,622897
IRF-M 1;27/01/2004;1865,040013
IRF-M 1;28/01/2004;1865,584722
IRF-M 1;29/01/2004;1864,718174
IRF-M 1;30/01/2004;1865,542634
IRF-M 1;02/02/2004;1866,457468
IRF-M 1;03/02/2004;1868,517927
IRF-M 1;04/02/2004;1870,499756
IRF-M 1;05/02/2004;1871,477013
IRF-M 1;06/02/2004;1872,318704
IRF-M 1;09/02/2004;1874,535986
IRF-M 1;10/02/2004;1875,728423
IRF-M 1;11/02/2004;1877,411726
IRF-M 1;12/02/2004;1878,997923
IRF-M 1;13/02/2004;1879,365642
IRF-M 1;16/02/2004;1881,260851
IRF-M 1;17/02/2004;1882,432085
IRF-M 1;18/02/2004;1882,529871
IRF-M 1;19/02/2004;1881,448522
IRF-M 1;20/02/2004;1881,407369
IRF-M 1;25/02/2004;1883,665709
IRF-M 1;26/02/2004;1883,87104
IRF-M 1;27/02/2004;1885,59533
IRF-M 1;01/03/2004;1888,09678
IRF-M 1;02/03/2004;1889,337371
IRF-M 1;03/03/2004;1890,249979
IRF-M 1;04/03/2004;1891,045261
IRF-M 1;05/03/2004;1893,049957
IRF-M 1;08/03/2004;1895,209523
IRF-M 1;09/03/2004;1895,361722
IRF-M 1;10/03/2004;1894,745718
IRF-M 1;11/03/2004;1896,678962
IRF-M 1;12/03/2004;1898,540246
IRF-M 1;15/03/2004;1900,114788
IRF-M 1;16/03/2004;1901,778687
IRF-M 1;17/03/2004;1903,12308
IRF-M 1;18/03/2004;1905,546503
IRF-M 1;19/03/2004;1906,889513
IRF-M 1;22/03/2004;1907,688359
IRF-M 1;23/03/2004;1908,787825
IRF-M 1;24/03/2004;1908,298252
IRF-M 1;25/03/2004;1909,444887
IRF-M 1;26/03/2004;1910,83809
IRF-M 1;29/03/2004;1912,562875
IRF-M 1;30/03/2004;1914,079057
IRF-M 1;31/03/2004;1915,278799
IRF-M 1;01/04/2004;1916,493765
IRF-M 1;02/04/2004;1917,331483
IRF-M 1;05/04/2004;1919,207137
IRF-M 1;06/04/2004;1920,109638
IRF-M 1;07/04/2004;1920,096944
IRF-M 1;08/04/2004;1920,228977
IRF-M 1;12/04/2004;1921,095948
IRF-M 1;13/04/2004;1922,882041
IRF-M 1;14/04/2004;1923,69396
IRF-M 1;15/04/2004;1923,76678
IRF-M 1;16/04/2004;1925,200346
IRF-M 1;19/04/2004;1926,522637
IRF-M 1;20/04/2004;1926,459088
IRF-M 1;22/04/2004;1926,790581
IRF-M 1;23/04/2004;1928,875075
IRF-M 1;26/04/2004;1929,839128
IRF-M 1;27/04/2004;1931,536677
IRF-M 1;28/04/2004;1931,406378
IRF-M 1;29/04/2004;1930,020755
IRF-M 1;30/04/2004;1932,780961
IRF-M 1;03/05/2004;1932,206743
IRF-M 1;04/05/2004;1933,711657
IRF-M 1;05/05/2004;1935,530861
IRF-M 1;06/05/2004;1935,450831
IRF-M 1;07/05/2004;1935,649327
IRF-M 1;10/05/2004;1926,486449
IRF-M 1;11/05/2004;1931,713913
IRF-M 1;12/05/2004;1928,448367
IRF-M 1;13/05/2004;1924,70309
IRF-M 1;14/05/2004;1932,813305
IRF-M 1;17/05/2004;1931,561982
IRF-M 1;18/05/2004;1935,276832
IRF-M 1;19/05/2004;1935,247536
IRF-M 1;20/05/2004;1930,167393
IRF-M 1;21/05/2004;1930,352906
IRF-M 1;24/05/2004;1933,430274
IRF-M 1;25/05/2004;1936,864217
IRF-M 1;26/05/2004;1936,173222
IRF-M 1;27/05/2004;1939,431131
IRF-M 1;28/05/2004;1940,734076
IRF-M 1;31/05/2004;1939,574832
IRF-M 1;01/06/2004;1941,329273
IRF-M 1;02/06/2004;1944,570645
IRF-M 1;03/06/2004;1944,714216
IRF-M 1;04/06/2004;1947,967002
IRF-M 1;07/06/2004;1951,433508
IRF-M 1;08/06/2004;1953,715423
IRF-M 1;09/06/2004;1953,491656
IRF-M 1;11/06/2004;1954,215961
IRF-M 1;14/06/2004;1953,636222
IRF-M 1;15/06/2004;1958,368769
IRF-M 1;16/06/2004;1959,589045
IRF-M 1;17/06/2004;1960,883771
IRF-M 1;18/06/2004;1961,989678
IRF-M 1;21/06/2004;1964,098772
IRF-M 1;22/06/2004;1965,314488
IRF-M 1;23/06/2004;1966,938546
IRF-M 1;24/06/2004;1969,657783
IRF-M 1;25/06/2004;1970,296125
IRF-M 1;28/06/2004;1970,883408
IRF-M 1;29/06/2004;1972,799774
IRF-M 1;30/06/2004;1975,383017
IRF-M 1;01/07/2004;1998,908658
IRF-M 1;02/07/2004;2002,004096
IRF-M 1;05/07/2004;2004,276189
IRF-M 1;06/07/2004;2003,817133
IRF-M 1;07/07/2004;2004,638161
IRF-M 1;08/07/2004;2004,044463
IRF-M 1;09/07/2004;2005,24871
IRF-M 1;12/07/2004;2007,630262
IRF-M 1;13/07/2004;2008,854683
IRF-M 1;14/07/2004;2009,979008
IRF-M 1;15/07/2004;2011,688558
IRF-M 1;16/07/2004;2013,625371
IRF-M 1;19/07/2004;2014,456919
IRF-M 1;20/07/2004;2015,581198
IRF-M 1;21/07/2004;2015,690397
IRF-M 1;22/07/2004;2016,244652
IRF-M 1;23/07/2004;2016,328526
IRF-M 1;26/07/2004;2017,118946
IRF-M 1;27/07/2004;2019,043974
IRF-M 1;28/07/2004;2021,415053
IRF-M 1;29/07/2004;2021,094419
IRF-M 1;30/07/2004;2021,334555
IRF-M 1;02/08/2004;2022,605516
IRF-M 1;03/08/2004;2024,018989
IRF-M 1;04/08/2004;2023,582639
IRF-M 1;05/08/2004;2023,195137
IRF-M 1;06/08/2004;2026,952483
IRF-M 1;09/08/2004;2027,979579
IRF-M 1;10/08/2004;2028,78837
IRF-M 1;11/08/2004;2031,09843
IRF-M 1;12/08/2004;2031,67422
IRF-M 1;13/08/2004;2032,91901
IRF-M 1;16/08/2004;2035,107964
IRF-M 1;17/08/2004;2036,298875
IRF-M 1;18/08/2004;2038,432734
IRF-M 1;19/08/2004;2039,799061
IRF-M 1;20/08/2004;2041,834537
IRF-M 1;23/08/2004;2042,865166
IRF-M 1;24/08/2004;2043,80427
IRF-M 1;25/08/2004;2044,938252
IRF-M 1;26/08/2004;2045,300477
IRF-M 1;27/08/2004;2045,045277
IRF-M 1;30/08/2004;2046,657896
IRF-M 1;31/08/2004;2047,984384
IRF-M 1;01/09/2004;2049,069006
IRF-M 1;02/09/2004;2050,395002
IRF-M 1;03/09/2004;2052,14245
IRF-M 1;06/09/2004;2053,028985
IRF-M 1;08/09/2004;2053,857996
IRF-M 1;09/09/2004;2055,149552
IRF-M 1;10/09/2004;2055,888737
IRF-M 1;13/09/2004;2057,472642
IRF-M 1;14/09/2004;2059,576935
IRF-M 1;15/09/2004;2061,261649
IRF-M 1;16/09/2004;2062,714523
IRF-M 1;17/09/2004;2064,24795
IRF-M 1;20/09/2004;2065,323737
IRF-M 1;21/09/2004;2066,768518
IRF-M 1;22/09/2004;2067,678243
IRF-M 1;23/09/2004;2069,42892
IRF-M 1;24/09/2004;2070,992169
IRF-M 1;27/09/2004;2072,397175
IRF-M 1;28/09/2004;2073,818351
IRF-M 1;29/09/2004;2075,650837
IRF-M 1;30/09/2004;2076,738812
IRF-M 1;01/10/2004;2077,991857
IRF-M 1;04/10/2004;2079,837651
IRF-M 1;05/10/2004;2081,038992
IRF-M 1;06/10/2004;2082,046747
IRF-M 1;07/10/2004;2083,430049
IRF-M 1;08/10/2004;2084,924185
IRF-M 1;11/10/2004;2085,737955
IRF-M 1;13/10/2004;2086,575838
IRF-M 1;14/10/2004;2087,368839
IRF-M 1;15/10/2004;2089,11279
IRF-M 1;18/10/2004;2090,052101
IRF-M 1;19/10/2004;2091,575841
IRF-M 1;20/10/2004;2093,140873
IRF-M 1;21/10/2004;2092,665787
IRF-M 1;22/10/2004;2093,419751
IRF-M 1;25/10/2004;2094,222422
IRF-M 1;26/10/2004;2095,471536
IRF-M 1;27/10/2004;2096,961776
IRF-M 1;28/10/2004;2097,667182
IRF-M 1;29/10/2004;2099,271624
IRF-M 1;01/11/2004;2100,560676
IRF-M 1;03/11/2004;2102,080695
IRF-M 1;04/11/2004;2103,368643
IRF-M 1;05/11/2004;2103,782722
IRF-M 1;08/11/2004;2104,629528
IRF-M 1;09/11/2004;2106,609987
IRF-M 1;10/11/2004;2107,891951
IRF-M 1;11/11/2004;2109,349174
IRF-M 1;12/11/2004;2111,044123
IRF-M 1;16/11/2004;2112,849452
IRF-M 1;17/11/2004;2114,988077
IRF-M 1;18/11/2004;2114,646962
IRF-M 1;19/11/2004;2115,464973
IRF-M 1;22/11/2004;2116,56479
IRF-M 1;23/11/2004;2117,754259
IRF-M 1;24/11/2004;2119,01756
IRF-M 1;25/11/2004;2121,442123
IRF-M 1;26/11/2004;2123,367615
IRF-M 1;29/11/2004;2124,219514
IRF-M 1;30/11/2004;2125,9035
IRF-M 1;01/12/2004;2127,557906
IRF-M 1;02/12/2004;2129,005499
IRF-M 1;03/12/2004;2130,673329
IRF-M 1;06/12/2004;2132,017734
IRF-M 1;07/12/2004;2132,944574
IRF-M 1;08/12/2004;2134,697406
IRF-M 1;09/12/2004;2136,356057
IRF-M 1;10/12/2004;2138,223288
IRF-M 1;13/12/2004;2139,753926
IRF-M 1;14/12/2004;2140,976453
IRF-M 1;15/12/2004;2142,510528
IRF-M 1;16/12/2004;2142,63902
IRF-M 1;17/12/2004;2144,867884
IRF-M 1;20/12/2004;2146,304613
IRF-M 1;21/12/2004;2146,696498
IRF-M 1;22/12/2004;2147,623521
IRF-M 1;23/12/2004;2147,707224
IRF-M 1;24/12/2004;2149,144661
IRF-M 1;27/12/2004;2150,397183
IRF-M 1;28/12/2004;2151,866683
IRF-M 1;29/12/2004;2153,343662
IRF-M 1;30/12/2004;2155,098729
IRF-M 1;31/12/2004;2156,539722
IRF-M 1;03/01/2005;2157,595592
IRF-M 1;04/01/2005;2159,127386
IRF-M 1;05/01/2005;2160,248769
IRF-M 1;06/01/2005;2160,667042
IRF-M 1;07/01/2005;2162,561023
IRF-M 1;10/01/2005;2163,74942
IRF-M 1;11/01/2005;2164,881595
IRF-M 1;12/01/2005;2166,574312
IRF-M 1;13/01/2005;2167,956044
IRF-M 1;14/01/2005;2168,991719
IRF-M 1;17/01/2005;2169,458467
IRF-M 1;18/01/2005;2170,452831
IRF-M 1;19/01/2005;2172,330094
IRF-M 1;20/01/2005;2172,466787
IRF-M 1;21/01/2005;2173,27667
IRF-M 1;24/01/2005;2175,004084
IRF-M 1;25/01/2005;2176,473557
IRF-M 1;26/01/2005;2178,767921
IRF-M 1;27/01/2005;2177,93781
IRF-M 1;28/01/2005;2178,150402
IRF-M 1;31/01/2005;2179,8544
IRF-M 1;01/02/2005;2181,235656
IRF-M 1;02/02/2005;2182,912728
IRF-M 1;03/02/2005;2185,291109
IRF-M 1;04/02/2005;2187,034839
IRF-M 1;09/02/2005;2188,566919
IRF-M 1;10/02/2005;2190,420435
IRF-M 1;11/02/2005;2192,340273
IRF-M 1;14/02/2005;2192,298585
IRF-M 1;15/02/2005;2193,785183
IRF-M 1;16/02/2005;2195,412942
IRF-M 1;17/02/2005;2197,442604
IRF-M 1;18/02/2005;2198,782028
IRF-M 1;21/02/2005;2200,151505
IRF-M 1;22/02/2005;2201,296856
IRF-M 1;23/02/2005;2202,724606
IRF-M 1;24/02/2005;2205,859633
IRF-M 1;25/02/2005;2207,271227
IRF-M 1;28/02/2005;2208,851448
IRF-M 1;01/03/2005;2210,165122
IRF-M 1;02/03/2005;2211,407035
IRF-M 1;03/03/2005;2213,595952
IRF-M 1;04/03/2005;2215,377968
IRF-M 1;07/03/2005;2217,009196
IRF-M 1;08/03/2005;2218,512661
IRF-M 1;09/03/2005;2219,90793
IRF-M 1;10/03/2005;2221,182976
IRF-M 1;11/03/2005;2223,00558
IRF-M 1;14/03/2005;2224,161992
IRF-M 1;15/03/2005;2225,495487
IRF-M 1;16/03/2005;2227,2063
IRF-M 1;17/03/2005;2226,329322
IRF-M 1;18/03/2005;2227,184332
IRF-M 1;21/03/2005;2227,846813
IRF-M 1;22/03/2005;2229,948262
IRF-M 1;23/03/2005;2231,107574
IRF-M 1;24/03/2005;2233,916605
IRF-M 1;28/03/2005;2235,555742
IRF-M 1;29/03/2005;2237,11035
IRF-M 1;30/03/2005;2238,745439
IRF-M 1;31/03/2005;2240,142958
IRF-M 1;01/04/2005;2241,437934
IRF-M 1;04/04/2005;2242,739518
IRF-M 1;05/04/2005;2243,562305
IRF-M 1;06/04/2005;2246,451763
IRF-M 1;07/04/2005;2248,751087
IRF-M 1;08/04/2005;2248,856553
IRF-M 1;11/04/2005;2250,307568
IRF-M 1;12/04/2005;2252,143829
IRF-M 1;13/04/2005;2254,545238
IRF-M 1;14/04/2005;2256,379118
IRF-M 1;15/04/2005;2257,72484
IRF-M 1;18/04/2005;2259,964274
IRF-M 1;19/04/2005;2261,43431
IRF-M 1;20/04/2005;2262,578685
IRF-M 1;22/04/2005;2263,246442
IRF-M 1;25/04/2005;2264,853395
IRF-M 1;26/04/2005;2266,142672
IRF-M 1;27/04/2005;2268,790993
IRF-M 1;28/04/2005;2269,972659
IRF-M 1;29/04/2005;2271,599642
IRF-M 1;02/05/2005;2273,164163
IRF-M 1;03/05/2005;2275,070999
IRF-M 1;04/05/2005;2277,083703
IRF-M 1;05/05/2005;2278,534329
IRF-M 1;06/05/2005;2280,358112
IRF-M 1;09/05/2005;2282,537651
IRF-M 1;10/05/2005;2283,617554
IRF-M 1;11/05/2005;2285,342211
IRF-M 1;12/05/2005;2286,435469
IRF-M 1;13/05/2005;2287,77524
IRF-M 1;16/05/2005;2289,642546
IRF-M 1;17/05/2005;2291,805995
IRF-M 1;18/05/2005;2293,788002
IRF-M 1;19/05/2005;2294,054844
IRF-M 1;20/05/2005;2295,808787
IRF-M 1;23/05/2005;2297,176852
IRF-M 1;24/05/2005;2298,636005
IRF-M 1;25/05/2005;2301,12827
IRF-M 1;27/05/2005;2303,10268
IRF-M 1;30/05/2005;2304,852327
IRF-M 1;31/05/2005;2306,683318
IRF-M 1;01/06/2005;2308,747139
IRF-M 1;02/06/2005;2310,412551
IRF-M 1;03/06/2005;2311,883056
IRF-M 1;06/06/2005;2313,020072
IRF-M 1;07/06/2005;2314,635385
IRF-M 1;08/06/2005;2316,506883
IRF-M 1;09/06/2005;2317,827701
IRF-M 1;10/06/2005;2320,591485
IRF-M 1;13/06/2005;2322,983058
IRF-M 1;14/06/2005;2324,761144
IRF-M 1;15/06/2005;2326,198781
IRF-M 1;16/06/2005;2328,163164
IRF-M 1;17/06/2005;2329,842562
IRF-M 1;20/06/2005;2331,395047
IRF-M 1;21/06/2005;2333,15434
IRF-M 1;22/06/2005;2334,761957
IRF-M 1;23/06/2005;2336,428703
IRF-M 1;24/06/2005;2338,080037
IRF-M 1;27/06/2005;2339,832831
IRF-M 1;28/06/2005;2341,585681
IRF-M 1;29/06/2005;2343,394111
IRF-M 1;30/06/2005;2345,35888
IRF-M 1;01/07/2005;2347,169393
IRF-M 1;04/07/2005;2348,754417
IRF-M 1;05/07/2005;2349,948063
IRF-M 1;06/07/2005;2351,346583
IRF-M 1;07/07/2005;2353,48373
IRF-M 1;08/07/2005;2354,931125
IRF-M 1;11/07/2005;2356,787134
IRF-M 1;12/07/2005;2358,637204
IRF-M 1;13/07/2005;2360,259916
IRF-M 1;14/07/2005;2362,022761
IRF-M 1;15/07/2005;2363,518448
IRF-M 1;18/07/2005;2365,334699
IRF-M 1;19/07/2005;2367,173073
IRF-M 1;20/07/2005;2369,084704
IRF-M 1;21/07/2005;2370,575621
IRF-M 1;22/07/2005;2371,640393
IRF-M 1;25/07/2005;2371,873974
IRF-M 1;26/07/2005;2373,936944
IRF-M 1;27/07/2005;2376,071221
IRF-M 1;28/07/2005;2377,541143
IRF-M 1;29/07/2005;2378,953264
IRF-M 1;01/08/2005;2380,403617
IRF-M 1;02/08/2005;2382,516688
IRF-M 1;03/08/2005;2384,582931
IRF-M 1;04/08/2005;2386,080858
IRF-M 1;05/08/2005;2387,995624
IRF-M 1;08/08/2005;2389,851264
IRF-M 1;09/08/2005;2391,622991
IRF-M 1;10/08/2005;2394,030758
IRF-M 1;11/08/2005;2394,579386
IRF-M 1;12/08/2005;2395,90997
IRF-M 1;15/08/2005;2398,619541
IRF-M 1;16/08/2005;2400,649607
IRF-M 1;17/08/2005;2402,542997
IRF-M 1;18/08/2005;2403,039868
IRF-M 1;19/08/2005;2402,538602
IRF-M 1;22/08/2005;2404,867604
IRF-M 1;23/08/2005;2406,143428
IRF-M 1;24/08/2005;2408,063054
IRF-M 1;25/08/2005;2410,572529
IRF-M 1;26/08/2005;2412,106525
IRF-M 1;29/08/2005;2414,175629
IRF-M 1;30/08/2005;2415,533654
IRF-M 1;31/08/2005;2417,095775
IRF-M 1;01/09/2005;2418,405114
IRF-M 1;02/09/2005;2420,727623
IRF-M 1;05/09/2005;2422,626508
IRF-M 1;06/09/2005;2424,775958
IRF-M 1;08/09/2005;2427,147266
IRF-M 1;09/09/2005;2428,914254
IRF-M 1;12/09/2005;2430,545782
IRF-M 1;13/09/2005;2432,375266
IRF-M 1;14/09/2005;2433,847047
IRF-M 1;15/09/2005;2435,011859
IRF-M 1;16/09/2005;2436,643283
IRF-M 1;19/09/2005;2438,391784
IRF-M 1;20/09/2005;2440,22571
IRF-M 1;21/09/2005;2442,424474
IRF-M 1;22/09/2005;2444,191578
IRF-M 1;23/09/2005;2445,934125
IRF-M 1;26/09/2005;2447,728915
IRF-M 1;27/09/2005;2449,297171
IRF-M 1;28/09/2005;2451,112036
IRF-M 1;29/09/2005;2453,001141
IRF-M 1;30/09/2005;2454,684324
IRF-M 1;03/10/2005;2456,520177
IRF-M 1;04/10/2005;2458,138363
IRF-M 1;05/10/2005;2460,488611
IRF-M 1;06/10/2005;2461,155764
IRF-M 1;07/10/2005;2463,369674
IRF-M 1;10/10/2005;2464,990564
IRF-M 1;11/10/2005;2466,985435
IRF-M 1;13/10/2005;2467,476462
IRF-M 1;14/10/2005;2469,769506
IRF-M 1;17/10/2005;2471,937583
IRF-M 1;18/10/2005;2473,605663
IRF-M 1;19/10/2005;2475,013085
IRF-M 1;20/10/2005;2479,191684
IRF-M 1;21/10/2005;2480,817479
IRF-M 1;24/10/2005;2482,558214
IRF-M 1;25/10/2005;2484,696706
IRF-M 1;26/10/2005;2486,705368
IRF-M 1;27/10/2005;2488,039382
IRF-M 1;28/10/2005;2489,912711
IRF-M 1;31/10/2005;2491,661212
IRF-M 1;01/11/2005;2493,774854
IRF-M 1;03/11/2005;2495,864711
IRF-M 1;04/11/2005;2497,754339
IRF-M 1;07/11/2005;2499,937408
IRF-M 1;08/11/2005;2502,12903
IRF-M 1;09/11/2005;2504,581258
IRF-M 1;10/11/2005;2506,401269
IRF-M 1;11/11/2005;2508,092916
IRF-M 1;14/11/2005;2508,993021
IRF-M 1;16/11/2005;2511,241627
IRF-M 1;17/11/2005;2513,348964
IRF-M 1;18/11/2005;2515,447274
IRF-M 1;21/11/2005;2517,651633
IRF-M 1;22/11/2005;2519,578011
IRF-M 1;23/11/2005;2521,527629
IRF-M 1;24/11/2005;2523,134249
IRF-M 1;25/11/2005;2524,633603
IRF-M 1;28/11/2005;2526,290952
IRF-M 1;29/11/2005;2528,09716
IRF-M 1;30/11/2005;2531,106335
IRF-M 1;01/12/2005;2532,91266
IRF-M 1;02/12/2005;2534,787529
IRF-M 1;05/12/2005;2536,571189
IRF-M 1;06/12/2005;2537,901267
IRF-M 1;07/12/2005;2539,655526
IRF-M 1;08/12/2005;2541,285443
IRF-M 1;09/12/2005;2543,447673
IRF-M 1;12/12/2005;2544,948162
IRF-M 1;13/12/2005;2546,770795
IRF-M 1;14/12/2005;2548,645644
IRF-M 1;15/12/2005;2550,639354
IRF-M 1;16/12/2005;2552,003027
IRF-M 1;19/12/2005;2553,531892
IRF-M 1;20/12/2005;2555,432929
IRF-M 1;21/12/2005;2557,234989
IRF-M 1;22/12/2005;2558,6414
IRF-M 1;23/12/2005;2560,405252
IRF-M 1;26/12/2005;2562,081824
IRF-M 1;27/12/2005;2563,76037
IRF-M 1;28/12/2005;2565,193698
IRF-M 1;29/12/2005;2567,010835
IRF-M 1;30/12/2005;2568,64741
IRF-M 1;02/01/2006;2570,425465
IRF-M 1;03/01/2006;2572,30793
IRF-M 1;04/01/2006;2574,306073
IRF-M 1;05/01/2006;2575,879857
IRF-M 1;06/01/2006;2577,799519
IRF-M 1;09/01/2006;2579,843248
IRF-M 1;10/01/2006;2582,924557
IRF-M 1;11/01/2006;2584,622713
IRF-M 1;12/01/2006;2586,582031
IRF-M 1;13/01/2006;2588,80181
IRF-M 1;16/01/2006;2591,111643
IRF-M 1;17/01/2006;2593,077868
IRF-M 1;18/01/2006;2594,312509
IRF-M 1;19/01/2006;2597,907451
IRF-M 1;20/01/2006;2599,902169
IRF-M 1;23/01/2006;2601,085707
IRF-M 1;24/01/2006;2602,358856
IRF-M 1;25/01/2006;2603,984144
IRF-M 1;26/01/2006;2605,672754
IRF-M 1;27/01/2006;2607,563359
IRF-M 1;30/01/2006;2609,041397
IRF-M 1;31/01/2006;2610,863416
IRF-M 1;01/02/2006;2612,566476
IRF-M 1;02/02/2006;2614,539222
IRF-M 1;03/02/2006;2616,975358
IRF-M 1;06/02/2006;2619,252343
IRF-M 1;07/02/2006;2620,440617
IRF-M 1;08/02/2006;2622,422426
IRF-M 1;09/02/2006;2623,941409
IRF-M 1;10/02/2006;2625,847012
IRF-M 1;13/02/2006;2627,938496
IRF-M 1;14/02/2006;2629,713354
IRF-M 1;15/02/2006;2631,522114
IRF-M 1;16/02/2006;2633,63623
IRF-M 1;17/02/2006;2636,225929
IRF-M 1;20/02/2006;2638,371031
IRF-M 1;21/02/2006;2639,619421
IRF-M 1;22/02/2006;2641,732873
IRF-M 1;23/02/2006;2643,682655
IRF-M 1;24/02/2006;2645,273589
IRF-M 1;01/03/2006;2647,505466
IRF-M 1;02/03/2006;2649,461515
IRF-M 1;03/03/2006;2651,316882
IRF-M 1;06/03/2006;2652,926421
IRF-M 1;07/03/2006;2654,05843
IRF-M 1;08/03/2006;2655,141193
IRF-M 1;09/03/2006;2657,75988
IRF-M 1;10/03/2006;2660,099734
IRF-M 1;13/03/2006;2662,30652
IRF-M 1;14/03/2006;2664,084974
IRF-M 1;15/03/2006;2666,144416
IRF-M 1;16/03/2006;2667,374948
IRF-M 1;17/03/2006;2668,597907
IRF-M 1;20/03/2006;2669,910507
IRF-M 1;21/03/2006;2670,874354
IRF-M 1;22/03/2006;2672,861878
IRF-M 1;23/03/2006;2674,271784
IRF-M 1;24/03/2006;2675,837444
IRF-M 1;27/03/2006;2677,087894
IRF-M 1;28/03/2006;2678,850362
IRF-M 1;29/03/2006;2680,679735
IRF-M 1;30/03/2006;2682,837367
IRF-M 1;31/03/2006;2684,677915
IRF-M 1;03/04/2006;2687,014531
IRF-M 1;04/04/2006;2688,85342
IRF-M 1;05/04/2006;2690,862127
IRF-M 1;06/04/2006;2692,414096
IRF-M 1;07/04/2006;2692,807327
IRF-M 1;10/04/2006;2693,554666
IRF-M 1;11/04/2006;2695,979065
IRF-M 1;12/04/2006;2698,54971
IRF-M 1;13/04/2006;2700,476605
IRF-M 1;17/04/2006;2702,143429
IRF-M 1;18/04/2006;2704,462427
IRF-M 1;19/04/2006;2706,486193
IRF-M 1;20/04/2006;2707,338856
IRF-M 1;24/04/2006;2708,318136
IRF-M 1;25/04/2006;2709,925143
IRF-M 1;26/04/2006;2711,947644
IRF-M 1;27/04/2006;2712,451744
IRF-M 1;28/04/2006;2714,351365
IRF-M 1;02/05/2006;2716,394452
IRF-M 1;03/05/2006;2717,682643
IRF-M 1;04/05/2006;2719,14033
IRF-M 1;05/05/2006;2720,45203
IRF-M 1;08/05/2006;2722,059634
IRF-M 1;09/05/2006;2723,91658
IRF-M 1;10/05/2006;2725,486049
IRF-M 1;11/05/2006;2726,610456
IRF-M 1;12/05/2006;2727,687435
IRF-M 1;15/05/2006;2728,943687
IRF-M 1;16/05/2006;2730,9092
IRF-M 1;17/05/2006;2731,775034
IRF-M 1;18/05/2006;2733,607919
IRF-M 1;19/05/2006;2734,692154
IRF-M 1;22/05/2006;2734,468229
IRF-M 1;23/05/2006;2735,216279
IRF-M 1;24/05/2006;2730,586538
IRF-M 1;25/05/2006;2736,221792
IRF-M 1;26/05/2006;2739,764187
IRF-M 1;29/05/2006;2739,998981
IRF-M 1;30/05/2006;2740,142737
IRF-M 1;31/05/2006;2743,465616
IRF-M 1;01/06/2006;2746,467151
IRF-M 1;02/06/2006;2747,789143
IRF-M 1;05/06/2006;2749,607207
IRF-M 1;06/06/2006;2751,044813
IRF-M 1;07/06/2006;2752,882489
IRF-M 1;08/06/2006;2754,951403
IRF-M 1;09/06/2006;2756,964793
IRF-M 1;12/06/2006;2758,317628
IRF-M 1;13/06/2006;2759,749259
IRF-M 1;14/06/2006;2761,698221
IRF-M 1;16/06/2006;2763,946297
IRF-M 1;19/06/2006;2765,399469
IRF-M 1;20/06/2006;2767,131536
IRF-M 1;21/06/2006;2769,035435
IRF-M 1;22/06/2006;2770,45876
IRF-M 1;23/06/2006;2772,12964
IRF-M 1;26/06/2006;2774,020944
IRF-M 1;27/06/2006;2775,605022
IRF-M 1;28/06/2006;2777,470133
IRF-M 1;29/06/2006;2779,830894
IRF-M 1;30/06/2006;2781,368485
IRF-M 1;03/07/2006;2783,217911
IRF-M 1;04/07/2006;2785,147019
IRF-M 1;05/07/2006;2785,6403
IRF-M 1;06/07/2006;2787,920582
IRF-M 1;07/07/2006;2790,05212
IRF-M 1;10/07/2006;2792,185648
IRF-M 1;11/07/2006;2793,530139
IRF-M 1;12/07/2006;2794,948281
IRF-M 1;13/07/2006;2796,218645
IRF-M 1;14/07/2006;2798,143008
IRF-M 1;17/07/2006;2800,595538
IRF-M 1;18/07/2006;2802,325628
IRF-M 1;19/07/2006;2804,425253
IRF-M 1;20/07/2006;2806,408573
IRF-M 1;21/07/2006;2807,719135
IRF-M 1;24/07/2006;2809,568676
IRF-M 1;25/07/2006;2811,060967
IRF-M 1;26/07/2006;2812,695204
IRF-M 1;27/07/2006;2813,565737
IRF-M 1;28/07/2006;2815,276611
IRF-M 1;31/07/2006;2816,698531
IRF-M 1;01/08/2006;2818,018087
IRF-M 1;02/08/2006;2819,622248
IRF-M 1;03/08/2006;2821,323243
IRF-M 1;04/08/2006;2823,125842
IRF-M 1;07/08/2006;2824,93604
IRF-M 1;08/08/2006;2826,718586
IRF-M 1;09/08/2006;2828,105766
IRF-M 1;10/08/2006;2829,646725
IRF-M 1;11/08/2006;2831,168935
IRF-M 1;14/08/2006;2832,631686
IRF-M 1;15/08/2006;2834,235996
IRF-M 1;16/08/2006;2836,044862
IRF-M 1;17/08/2006;2837,775066
IRF-M 1;18/08/2006;2839,274681
IRF-M 1;21/08/2006;2841,110532
IRF-M 1;22/08/2006;2842,775092
IRF-M 1;23/08/2006;2844,031595
IRF-M 1;24/08/2006;2845,505483
IRF-M 1;25/08/2006;2847,476256
IRF-M 1;28/08/2006;2849,292966
IRF-M 1;29/08/2006;2851,193046
IRF-M 1;30/08/2006;2852,839705
IRF-M 1;31/08/2006;2856,560635
IRF-M 1;01/09/2006;2858,453335
IRF-M 1;04/09/2006;2860,384001
IRF-M 1;05/09/2006;2861,856027
IRF-M 1;06/09/2006;2864,015435
IRF-M 1;08/09/2006;2866,162339
IRF-M 1;11/09/2006;2867,454529
IRF-M 1;12/09/2006;2869,187078
IRF-M 1;13/09/2006;2870,789654
IRF-M 1;14/09/2006;2872,346089
IRF-M 1;15/09/2006;2874,262173
IRF-M 1;18/09/2006;2876,038757
IRF-M 1;19/09/2006;2877,470408
IRF-M 1;20/09/2006;2878,625295
IRF-M 1;21/09/2006;2879,37876
IRF-M 1;22/09/2006;2881,620027
IRF-M 1;25/09/2006;2883,338651
IRF-M 1;26/09/2006;2885,090826
IRF-M 1;27/09/2006;2886,68401
IRF-M 1;28/09/2006;2888,269854
IRF-M 1;29/09/2006;2889,854015
IRF-M 1;02/10/2006;2891,885668
IRF-M 1;03/10/2006;2893,454357
IRF-M 1;04/10/2006;2895,316411
IRF-M 1;05/10/2006;2896,866351
IRF-M 1;06/10/2006;2898,318188
IRF-M 1;09/10/2006;2900,540274
IRF-M 1;10/10/2006;2902,214215
IRF-M 1;11/10/2006;2903,604875
IRF-M 1;13/10/2006;2905,651529
IRF-M 1;16/10/2006;2906,959385
IRF-M 1;17/10/2006;2908,184673
IRF-M 1;18/10/2006;2909,580028
IRF-M 1;19/10/2006;2911,804642
IRF-M 1;20/10/2006;2913,324795
IRF-M 1;23/10/2006;2915,153267
IRF-M 1;24/10/2006;2916,640278
IRF-M 1;25/10/2006;2918,974983
IRF-M 1;26/10/2006;2920,383426
IRF-M 1;27/10/2006;2922,162013
IRF-M 1;30/10/2006;2923,916166
IRF-M 1;31/10/2006;2925,495338
IRF-M 1;01/11/2006;2927,245128
IRF-M 1;03/11/2006;2928,693206
IRF-M 1;06/11/2006;2930,079544
IRF-M 1;07/11/2006;2931,601093
IRF-M 1;08/11/2006;2932,779383
IRF-M 1;09/11/2006;2934,024821
IRF-M 1;10/11/2006;2935,386378
IRF-M 1;13/11/2006;2936,866855
IRF-M 1;14/11/2006;2938,937668
IRF-M 1;16/11/2006;2940,389937
IRF-M 1;17/11/2006;2941,384735
IRF-M 1;20/11/2006;2942,838798
IRF-M 1;21/11/2006;2944,499525
IRF-M 1;22/11/2006;2946,171643
IRF-M 1;23/11/2006;2947,649137
IRF-M 1;24/11/2006;2949,330806
IRF-M 1;27/11/2006;2950,824894
IRF-M 1;28/11/2006;2952,683692
IRF-M 1;29/11/2006;2954,205553
IRF-M 1;30/11/2006;2956,824284
IRF-M 1;01/12/2006;2958,481629
IRF-M 1;04/12/2006;2959,796574
IRF-M 1;05/12/2006;2961,839944
IRF-M 1;06/12/2006;2963,389504
IRF-M 1;07/12/2006;2965,284981
IRF-M 1;08/12/2006;2966,973643
IRF-M 1;11/12/2006;2968,506727
IRF-M 1;12/12/2006;2969,709668
IRF-M 1;13/12/2006;2971,257242
IRF-M 1;14/12/2006;2972,808829
IRF-M 1;15/12/2006;2974,405234
IRF-M 1;18/12/2006;2976,073366
IRF-M 1;19/12/2006;2977,318084
IRF-M 1;20/12/2006;2978,786366
IRF-M 1;21/12/2006;2980,158736
IRF-M 1;22/12/2006;2981,57636
IRF-M 1;26/12/2006;2983,412171
IRF-M 1;27/12/2006;2985,054456
IRF-M 1;28/12/2006;2986,707049
IRF-M 1;29/12/2006;2988,13612
IRF-M 1;02/01/2007;2989,820561
IRF-M 1;03/01/2007;2991,403987
IRF-M 1;04/01/2007;2992,018999
IRF-M 1;05/01/2007;2992,624663
IRF-M 1;08/01/2007;2993,621541
IRF-M 1;09/01/2007;2995,227419
IRF-M 1;10/01/2007;2996,793466
IRF-M 1;11/01/2007;2998,422096
IRF-M 1;12/01/2007;2999,706648
IRF-M 1;15/01/2007;3000,631243
IRF-M 1;16/01/2007;3002,727862
IRF-M 1;17/01/2007;3004,528665
IRF-M 1;18/01/2007;3006,28372
IRF-M 1;19/01/2007;3007,588696
IRF-M 1;22/01/2007;3009,285984
IRF-M 1;23/01/2007;3010,551909
IRF-M 1;24/01/2007;3011,387705
IRF-M 1;25/01/2007;3012,807564
IRF-M 1;26/01/2007;3013,674444
IRF-M 1;29/01/2007;3015,330939
IRF-M 1;30/01/2007;3016,989641
IRF-M 1;31/01/2007;3018,863049
IRF-M 1;01/02/2007;3020,263973
IRF-M 1;02/02/2007;3021,667565
IRF-M 1;05/02/2007;3023,42949
IRF-M 1;06/02/2007;3025,331212
IRF-M 1;07/02/2007;3027,094428
IRF-M 1;08/02/2007;3028,665442
IRF-M 1;09/02/2007;3030,447828
IRF-M 1;12/02/2007;3032,139561
IRF-M 1;13/02/2007;3033,688777
IRF-M 1;14/02/2007;3035,6373
IRF-M 1;15/02/2007;3037,433565
IRF-M 1;16/02/2007;3038,888687
IRF-M 1;21/02/2007;3040,76813
IRF-M 1;22/02/2007;3041,97736
IRF-M 1;23/02/2007;3043,139224
IRF-M 1;26/02/2007;3044,749775
IRF-M 1;27/02/2007;3045,421087
IRF-M 1;28/02/2007;3046,575551
IRF-M 1;01/03/2007;3047,808685
IRF-M 1;02/03/2007;3049,856549
IRF-M 1;05/03/2007;3051,073318
IRF-M 1;06/03/2007;3053,215711
IRF-M 1;07/03/2007;3055,203796
IRF-M 1;08/03/2007;3055,935143
IRF-M 1;09/03/2007;3057,543928
IRF-M 1;12/03/2007;3059,370328
IRF-M 1;13/03/2007;3060,629802
IRF-M 1;14/03/2007;3062,205919
IRF-M 1;15/03/2007;3063,536814
IRF-M 1;16/03/2007;3064,870454
IRF-M 1;19/03/2007;3066,316227
IRF-M 1;20/03/2007;3067,736291
IRF-M 1;21/03/2007;3069,34876
IRF-M 1;22/03/2007;3070,755433
IRF-M 1;23/03/2007;3072,187213
IRF-M 1;26/03/2007;3073,622864
IRF-M 1;27/03/2007;3075,016989
IRF-M 1;28/03/2007;3076,483201
IRF-M 1;29/03/2007;3077,991058
IRF-M 1;30/03/2007;3080,028837
IRF-M 1;02/04/2007;3081,500322
IRF-M 1;03/04/2007;3083,272191
IRF-M 1;04/04/2007;3084,623389
IRF-M 1;05/04/2007;3086,318013
IRF-M 1;09/04/2007;3088,06834
IRF-M 1;10/04/2007;3089,674341
IRF-M 1;11/04/2007;3090,737115
IRF-M 1;12/04/2007;3091,727811
IRF-M 1;13/04/2007;3093,578222
IRF-M 1;16/04/2007;3095,38648
IRF-M 1;17/04/2007;3097,043235
IRF-M 1;18/04/2007;3098,964406
IRF-M 1;19/04/2007;3103,268337
IRF-M 1;20/04/2007;3105,312099
IRF-M 1;23/04/2007;3106,580271
IRF-M 1;24/04/2007;3107,537541
IRF-M 1;25/04/2007;3109,672066
IRF-M 1;26/04/2007;3110,600955
IRF-M 1;27/04/2007;3112,040897
IRF-M 1;30/04/2007;3113,438653
IRF-M 1;02/05/2007;3115,43859
IRF-M 1;03/05/2007;3117,15307
IRF-M 1;04/05/2007;3119,152558
IRF-M 1;07/05/2007;3120,415273
IRF-M 1;08/05/2007;3121,680477
IRF-M 1;09/05/2007;3123,332621
IRF-M 1;10/05/2007;3124,690769
IRF-M 1;11/05/2007;3126,275617
IRF-M 1;14/05/2007;3127,751579
IRF-M 1;15/05/2007;3129,738054
IRF-M 1;16/05/2007;3132,109264
IRF-M 1;17/05/2007;3133,813784
IRF-M 1;18/05/2007;3135,241972
IRF-M 1;21/05/2007;3136,78262
IRF-M 1;22/05/2007;3138,360128
IRF-M 1;23/05/2007;3139,410214
IRF-M 1;24/05/2007;3139,687846
IRF-M 1;25/05/2007;3141,615372
IRF-M 1;28/05/2007;3143,240845
IRF-M 1;29/05/2007;3144,411245
IRF-M 1;30/05/2007;3145,737865
IRF-M 1;31/05/2007;3147,440776
IRF-M 1;01/06/2007;3149,608419
IRF-M 1;04/06/2007;3150,057737
IRF-M 1;05/06/2007;3151,133806
IRF-M 1;06/06/2007;3152,113844
IRF-M 1;08/06/2007;3155,914873
IRF-M 1;11/06/2007;3157,357876
IRF-M 1;12/06/2007;3158,463425
IRF-M 1;13/06/2007;3159,93081
IRF-M 1;14/06/2007;3161,696983
IRF-M 1;15/06/2007;3163,140722
IRF-M 1;18/06/2007;3164,52267
IRF-M 1;19/06/2007;3165,935928
IRF-M 1;20/06/2007;3167,002634
IRF-M 1;21/06/2007;3168,526029
IRF-M 1;22/06/2007;3169,549782
IRF-M 1;25/06/2007;3170,392753
IRF-M 1;26/06/2007;3172,53082
IRF-M 1;27/06/2007;3174,258161
IRF-M 1;28/06/2007;3175,952914
IRF-M 1;29/06/2007;3177,360433
IRF-M 1;02/07/2007;3178,717976
IRF-M 1;03/07/2007;3179,7396
IRF-M 1;04/07/2007;3179,716218
IRF-M 1;05/07/2007;3181,433084
IRF-M 1;06/07/2007;3183,930911
IRF-M 1;09/07/2007;3185,260504
IRF-M 1;10/07/2007;3186,43917
IRF-M 1;11/07/2007;3188,322163
IRF-M 1;12/07/2007;3190,59997
IRF-M 1;13/07/2007;3191,944821
IRF-M 1;16/07/2007;3193,14354
IRF-M 1;17/07/2007;3194,868349
IRF-M 1;18/07/2007;3196,471853
IRF-M 1;19/07/2007;3196,99523
IRF-M 1;20/07/2007;3197,874228
IRF-M 1;23/07/2007;3199,248474
IRF-M 1;24/07/2007;3200,250929
IRF-M 1;25/07/2007;3201,548884
IRF-M 1;26/07/2007;3200,627561
IRF-M 1;27/07/2007;3202,725082
IRF-M 1;30/07/2007;3204,353029
IRF-M 1;31/07/2007;3205,626678
IRF-M 1;01/08/2007;3206,384955
IRF-M 1;02/08/2007;3208,184561
IRF-M 1;03/08/2007;3208,566698
IRF-M 1;06/08/2007;3209,782395
IRF-M 1;07/08/2007;3211,464032
IRF-M 1;08/08/2007;3213,472171
IRF-M 1;09/08/2007;3214,004655
IRF-M 1;10/08/2007;3214,920041
IRF-M 1;13/08/2007;3216,700658
IRF-M 1;14/08/2007;3216,960393
IRF-M 1;15/08/2007;3216,948531
IRF-M 1;16/08/2007;3212,352868
IRF-M 1;17/08/2007;3216,916109
IRF-M 1;20/08/2007;3217,578248
IRF-M 1;21/08/2007;3219,054082
IRF-M 1;22/08/2007;3221,340089
IRF-M 1;23/08/2007;3222,225703
IRF-M 1;24/08/2007;3224,717779
IRF-M 1;27/08/2007;3226,784768
IRF-M 1;28/08/2007;3228,182492
IRF-M 1;29/08/2007;3230,017559
IRF-M 1;30/08/2007;3231,755956
IRF-M 1;31/08/2007;3233,401165
IRF-M 1;03/09/2007;3235,463753
IRF-M 1;04/09/2007;3236,918456
IRF-M 1;05/09/2007;3237,676611
IRF-M 1;06/09/2007;3239,623531
IRF-M 1;10/09/2007;3240,601532
IRF-M 1;11/09/2007;3242,420819
IRF-M 1;12/09/2007;3244,222278
IRF-M 1;13/09/2007;3245,049677
IRF-M 1;14/09/2007;3246,637008
IRF-M 1;17/09/2007;3247,915345
IRF-M 1;18/09/2007;3249,957696
IRF-M 1;19/09/2007;3251,894059
IRF-M 1;20/09/2007;3253,237108
IRF-M 1;21/09/2007;3254,881025
IRF-M 1;24/09/2007;3256,093174
IRF-M 1;25/09/2007;3257,87058
IRF-M 1;26/09/2007;3259,005397
IRF-M 1;27/09/2007;3260,110115
IRF-M 1;28/09/2007;3261,620759
IRF-M 1;01/10/2007;3263,176849
IRF-M 1;02/10/2007;3264,622081
IRF-M 1;03/10/2007;3265,671658
IRF-M 1;04/10/2007;3266,506653
IRF-M 1;05/10/2007;3268,000528
IRF-M 1;08/10/2007;3269,176889
IRF-M 1;09/10/2007;3271,201252
IRF-M 1;10/10/2007;3272,279088
IRF-M 1;11/10/2007;3273,542746
IRF-M 1;15/10/2007;3275,037812
IRF-M 1;16/10/2007;3276,358615
IRF-M 1;17/10/2007;3277,651514
IRF-M 1;18/10/2007;3277,849578
IRF-M 1;19/10/2007;3278,674831
IRF-M 1;22/10/2007;3279,509184
IRF-M 1;23/10/2007;3281,356503
IRF-M 1;24/10/2007;3282,453366
IRF-M 1;25/10/2007;3283,741621
IRF-M 1;26/10/2007;3285,531083
IRF-M 1;29/10/2007;3287,414556
IRF-M 1;30/10/2007;3288,701815
IRF-M 1;31/10/2007;3290,21556
IRF-M 1;01/11/2007;3291,469496
IRF-M 1;05/11/2007;3292,780497
IRF-M 1;06/11/2007;3294,469611
IRF-M 1;07/11/2007;3295,474123
IRF-M 1;08/11/2007;3296,428884
IRF-M 1;09/11/2007;3298,09845
IRF-M 1;12/11/2007;3299,143898
IRF-M 1;13/11/2007;3300,529381
IRF-M 1;14/11/2007;3302,277845
IRF-M 1;16/11/2007;3303,704113
IRF-M 1;19/11/2007;3305,13405
IRF-M 1;20/11/2007;3306,530786
IRF-M 1;21/11/2007;3308,078879
IRF-M 1;22/11/2007;3309,502763
IRF-M 1;23/11/2007;3310,85155
IRF-M 1;26/11/2007;3312,191647
IRF-M 1;27/11/2007;3313,201571
IRF-M 1;28/11/2007;3314,773373
IRF-M 1;29/11/2007;3315,595381
IRF-M 1;30/11/2007;3316,958831
IRF-M 1;03/12/2007;3318,370965
IRF-M 1;04/12/2007;3319,691605
IRF-M 1;05/12/2007;3321,000042
IRF-M 1;06/12/2007;3322,584642
IRF-M 1;07/12/2007;3323,946117
IRF-M 1;10/12/2007;3324,986871
IRF-M 1;11/12/2007;3326,544225
IRF-M 1;12/12/2007;3327,646961
IRF-M 1;13/12/2007;3328,502444
IRF-M 1;14/12/2007;3330,182053
IRF-M 1;17/12/2007;3331,537485
IRF-M 1;18/12/2007;3333,14367
IRF-M 1;19/12/2007;3334,905928
IRF-M 1;20/12/2007;3335,764953
IRF-M 1;21/12/2007;3337,09891
IRF-M 1;24/12/2007;3338,521569
IRF-M 1;26/12/2007;3339,705541
IRF-M 1;27/12/2007;3341,560448
IRF-M 1;28/12/2007;3343,104621
IRF-M 1;31/12/2007;3344,526772
IRF-M 1;02/01/2008;3346,261543
IRF-M 1;03/01/2008;3348,622288
IRF-M 1;04/01/2008;3348,864892
IRF-M 1;07/01/2008;3350,21703
IRF-M 1;08/01/2008;3352,172362
IRF-M 1;09/01/2008;3353,169204
IRF-M 1;10/01/2008;3353,92177
IRF-M 1;11/01/2008;3356,382872
IRF-M 1;14/01/2008;3357,9065
IRF-M 1;15/01/2008;3359,831299
IRF-M 1;16/01/2008;3360,982308
IRF-M 1;17/01/2008;3362,626343
IRF-M 1;18/01/2008;3364,678524
IRF-M 1;21/01/2008;3364,486906
IRF-M 1;22/01/2008;3366,713435
IRF-M 1;23/01/2008;3368,298401
IRF-M 1;24/01/2008;3370,563697
IRF-M 1;25/01/2008;3372,025554
IRF-M 1;28/01/2008;3373,532459
IRF-M 1;29/01/2008;3374,691925
IRF-M 1;30/01/2008;3375,962389
IRF-M 1;31/01/2008;3376,757854
IRF-M 1;01/02/2008;3377,729701
IRF-M 1;06/02/2008;3378,762894
IRF-M 1;07/02/2008;3381,129979
IRF-M 1;08/02/2008;3383,414238
IRF-M 1;11/02/2008;3385,409099
IRF-M 1;12/02/2008;3387,642374
IRF-M 1;13/02/2008;3390,581251
IRF-M 1;14/02/2008;3392,068277
IRF-M 1;15/02/2008;3392,752848
IRF-M 1;18/02/2008;3395,335992
IRF-M 1;19/02/2008;3396,008148
IRF-M 1;20/02/2008;3397,973008
IRF-M 1;21/02/2008;3399,609758
IRF-M 1;22/02/2008;3400,633098
IRF-M 1;25/02/2008;3401,565732
IRF-M 1;26/02/2008;3403,340312
IRF-M 1;27/02/2008;3404,820849
IRF-M 1;28/02/2008;3405,868216
IRF-M 1;29/02/2008;3407,45037
IRF-M 1;03/03/2008;3409,538416
IRF-M 1;04/03/2008;3410,700636
IRF-M 1;05/03/2008;3412,415505
IRF-M 1;06/03/2008;3413,264518
IRF-M 1;07/03/2008;3413,481045
IRF-M 1;10/03/2008;3414,089837
IRF-M 1;11/03/2008;3415,993491
IRF-M 1;12/03/2008;3416,818976
IRF-M 1;13/03/2008;3416,938797
IRF-M 1;14/03/2008;3417,373102
IRF-M 1;17/03/2008;3418,510993
IRF-M 1;18/03/2008;3420,685315
IRF-M 1;19/03/2008;3421,929277
IRF-M 1;20/03/2008;3423,89051
IRF-M 1;24/03/2008;3425,492042
IRF-M 1;25/03/2008;3426,937693
IRF-M 1;26/03/2008;3428,258887
IRF-M 1;27/03/2008;3428,970565
IRF-M 1;28/03/2008;3430,37723
IRF-M 1;31/03/2008;3431,094254
IRF-M 1;01/04/2008;3432,897497
IRF-M 1;02/04/2008;3434,823716
IRF-M 1;03/04/2008;3436,822621
IRF-M 1;04/04/2008;3438,227194
IRF-M 1;07/04/2008;3438,713697
IRF-M 1;08/04/2008;3440,293865
IRF-M 1;09/04/2008;3440,370228
IRF-M 1;10/04/2008;3441,985683
IRF-M 1;11/04/2008;3443,39474
IRF-M 1;14/04/2008;3445,078254
IRF-M 1;15/04/2008;3446,150328
IRF-M 1;16/04/2008;3447,117547
IRF-M 1;17/04/2008;3446,848246
IRF-M 1;18/04/2008;3448,329018
IRF-M 1;22/04/2008;3449,305468
IRF-M 1;23/04/2008;3451,309642
IRF-M 1;24/04/2008;3452,771558
IRF-M 1;25/04/2008;3453,907386
IRF-M 1;28/04/2008;3454,5284
IRF-M 1;29/04/2008;3455,705236
IRF-M 1;30/04/2008;3457,991891
IRF-M 1;02/05/2008;3459,274714
IRF-M 1;05/05/2008;3460,731777
IRF-M 1;06/05/2008;3461,160156
IRF-M 1;07/05/2008;3461,671904
IRF-M 1;08/05/2008;3462,840408
IRF-M 1;09/05/2008;3463,511639
IRF-M 1;12/05/2008;3466,189245
IRF-M 1;13/05/2008;3467,90364
IRF-M 1;14/05/2008;3468,307088
IRF-M 1;15/05/2008;3470,224611
IRF-M 1;16/05/2008;3472,384509
IRF-M 1;19/05/2008;3473,401455
IRF-M 1;20/05/2008;3474,863181
IRF-M 1;21/05/2008;3475,877101
IRF-M 1;23/05/2008;3477,334284
IRF-M 1;26/05/2008;3478,722143
IRF-M 1;27/05/2008;3480,075491
IRF-M 1;28/05/2008;3482,614224
IRF-M 1;29/05/2008;3484,976865
IRF-M 1;30/05/2008;3486,633195
IRF-M 1;02/06/2008;3487,649664
IRF-M 1;03/06/2008;3489,536213
IRF-M 1;04/06/2008;3491,004973
IRF-M 1;05/06/2008;3493,080983
IRF-M 1;06/06/2008;3494,360347
IRF-M 1;09/06/2008;3495,591049
IRF-M 1;10/06/2008;3497,133829
IRF-M 1;11/06/2008;3497,78374
IRF-M 1;12/06/2008;3500,173304
IRF-M 1;13/06/2008;3501,454422
IRF-M 1;16/06/2008;3503,185465
IRF-M 1;17/06/2008;3504,945446
IRF-M 1;18/06/2008;3507,0436
IRF-M 1;19/06/2008;3508,78872
IRF-M 1;20/06/2008;3510,172052
IRF-M 1;23/06/2008;3511,807402
IRF-M 1;24/06/2008;3513,809503
IRF-M 1;25/06/2008;3515,320872
IRF-M 1;26/06/2008;3516,158989
IRF-M 1;27/06/2008;3517,231311
IRF-M 1;30/06/2008;3518,658721
IRF-M 1;01/07/2008;3520,454693
IRF-M 1;02/07/2008;3520,692528
IRF-M 1;03/07/2008;3521,732728
IRF-M 1;04/07/2008;3522,948509
IRF-M 1;07/07/2008;3525,184348
IRF-M 1;08/07/2008;3529,218917
IRF-M 1;09/07/2008;3531,004744
IRF-M 1;10/07/2008;3533,35212
IRF-M 1;11/07/2008;3535,265922
IRF-M 1;14/07/2008;3536,421079
IRF-M 1;15/07/2008;3538,649353
IRF-M 1;16/07/2008;3540,195943
IRF-M 1;17/07/2008;3541,728427
IRF-M 1;18/07/2008;3543,192385
IRF-M 1;21/07/2008;3543,725984
IRF-M 1;22/07/2008;3546,483984
IRF-M 1;23/07/2008;3547,804649
IRF-M 1;24/07/2008;3547,264086
IRF-M 1;25/07/2008;3549,610628
IRF-M 1;28/07/2008;3551,121864
IRF-M 1;29/07/2008;3552,868491
IRF-M 1;30/07/2008;3554,719477
IRF-M 1;31/07/2008;3556,230206
IRF-M 1;01/08/2008;3558,29307
IRF-M 1;04/08/2008;3559,548642
IRF-M 1;05/08/2008;3561,524463
IRF-M 1;06/08/2008;3564,264948
IRF-M 1;07/08/2008;3566,145633
IRF-M 1;08/08/2008;3568,130403
IRF-M 1;11/08/2008;3569,814086
IRF-M 1;12/08/2008;3571,138351
IRF-M 1;13/08/2008;3572,744044
IRF-M 1;14/08/2008;3574,511527
IRF-M 1;15/08/2008;3576,305499
IRF-M 1;18/08/2008;3577,932989
IRF-M 1;19/08/2008;3579,891117
IRF-M 1;20/08/2008;3581,401262
IRF-M 1;21/08/2008;3582,956644
IRF-M 1;22/08/2008;3584,460037
IRF-M 1;25/08/2008;3585,790442
IRF-M 1;26/08/2008;3587,699788
IRF-M 1;27/08/2008;3589,498402
IRF-M 1;28/08/2008;3591,422761
IRF-M 1;29/08/2008;3593,595803
IRF-M 1;01/09/2008;3595,64474
IRF-M 1;02/09/2008;3597,635825
IRF-M 1;03/09/2008;3599,550425
IRF-M 1;04/09/2008;3600,393138
IRF-M 1;05/09/2008;3602,501845
IRF-M 1;08/09/2008;3604,302408
IRF-M 1;09/09/2008;3605,938184
IRF-M 1;10/09/2008;3607,996954
IRF-M 1;11/09/2008;3609,746538
IRF-M 1;12/09/2008;3611,715278
IRF-M 1;15/09/2008;3614,008653
IRF-M 1;16/09/2008;3615,860336
IRF-M 1;17/09/2008;3617,067113
IRF-M 1;18/09/2008;3617,143164
IRF-M 1;19/09/2008;3620,590873
IRF-M 1;22/09/2008;3622,577332
IRF-M 1;23/09/2008;3624,383794
IRF-M 1;24/09/2008;3626,472025
IRF-M 1;25/09/2008;3628,791595
IRF-M 1;26/09/2008;3630,998388
IRF-M 1;29/09/2008;3633,276814
IRF-M 1;30/09/2008;3635,681388
IRF-M 1;01/10/2008;3638,284921
IRF-M 1;02/10/2008;3639,172522
IRF-M 1;03/10/2008;3641,570942
IRF-M 1;06/10/2008;3642,245191
IRF-M 1;07/10/2008;3643,689864
IRF-M 1;08/10/2008;3645,846854
IRF-M 1;09/10/2008;3648,852627
IRF-M 1;10/10/2008;3649,489345
IRF-M 1;13/10/2008;3653,866407
IRF-M 1;14/10/2008;3654,81017
IRF-M 1;15/10/2008;3656,32075
IRF-M 1;16/10/2008;3657,885657
IRF-M 1;17/10/2008;3660,093646
IRF-M 1;20/10/2008;3662,470406
IRF-M 1;21/10/2008;3664,412891
IRF-M 1;22/10/2008;3655,06911
IRF-M 1;23/10/2008;3660,304342
IRF-M 1;24/10/2008;3652,031137
IRF-M 1;27/10/2008;3658,643396
IRF-M 1;28/10/2008;3665,566432
IRF-M 1;29/10/2008;3671,228087
IRF-M 1;30/10/2008;3671,597351
IRF-M 1;31/10/2008;3673,595125
IRF-M 1;03/11/2008;3676,148386
IRF-M 1;04/11/2008;3680,637703
IRF-M 1;05/11/2008;3681,87502
IRF-M 1;06/11/2008;3683,146938
IRF-M 1;07/11/2008;3686,918045
IRF-M 1;10/11/2008;3688,969098
IRF-M 1;11/11/2008;3690,962157
IRF-M 1;12/11/2008;3692,361421
IRF-M 1;13/11/2008;3692,699187
IRF-M 1;14/11/2008;3696,451522
IRF-M 1;17/11/2008;3698,815519
IRF-M 1;18/11/2008;3702,188667
IRF-M 1;19/11/2008;3704,244911
IRF-M 1;20/11/2008;3706,185564
IRF-M 1;21/11/2008;3707,279252
IRF-M 1;24/11/2008;3709,989451
IRF-M 1;25/11/2008;3711,986762
IRF-M 1;26/11/2008;3715,577961
IRF-M 1;27/11/2008;3717,496489
IRF-M 1;28/11/2008;3719,788157
IRF-M 1;01/12/2008;3723,158848
IRF-M 1;02/12/2008;3727,54893
IRF-M 1;03/12/2008;3730,581016
IRF-M 1;04/12/2008;3733,018156
IRF-M 1;05/12/2008;3737,20018
IRF-M 1;08/12/2008;3740,53053
IRF-M 1;09/12/2008;3742,565622
IRF-M 1;10/12/2008;3746,008657
IRF-M 1;11/12/2008;3748,380694
IRF-M 1;12/12/2008;3750,548319
IRF-M 1;15/12/2008;3752,813059
IRF-M 1;16/12/2008;3754,737223
IRF-M 1;17/12/2008;3758,16611
IRF-M 1;18/12/2008;3760,76614
IRF-M 1;19/12/2008;3762,027239
IRF-M 1;22/12/2008;3764,396177
IRF-M 1;23/12/2008;3766,761302
IRF-M 1;24/12/2008;3768,619926
IRF-M 1;26/12/2008;3770,848151
IRF-M 1;29/12/2008;3772,846427
IRF-M 1;30/12/2008;3775,279996
IRF-M 1;31/12/2008;3777,130203
IRF-M 1;02/01/2009;3778,668012
IRF-M 1;05/01/2009;3782,354423
IRF-M 1;06/01/2009;3785,932872
IRF-M 1;07/01/2009;3786,379472
IRF-M 1;08/01/2009;3792,493837
IRF-M 1;09/01/2009;3799,765051
IRF-M 1;12/01/2009;3802,134694
IRF-M 1;13/01/2009;3806,185277
IRF-M 1;14/01/2009;3805,88164
IRF-M 1;15/01/2009;3810,593602
IRF-M 1;16/01/2009;3812,397914
IRF-M 1;19/01/2009;3815,66564
IRF-M 1;20/01/2009;3819,623388
IRF-M 1;21/01/2009;3823,357934
IRF-M 1;22/01/2009;3827,750601
IRF-M 1;23/01/2009;3825,74798
IRF-M 1;26/01/2009;3824,918226
IRF-M 1;27/01/2009;3829,588309
IRF-M 1;28/01/2009;3831,752611
IRF-M 1;29/01/2009;3831,99965
IRF-M 1;30/01/2009;3836,070837
IRF-M 1;02/02/2009;3839,435311
IRF-M 1;03/02/2009;3843,412202
IRF-M 1;04/02/2009;3844,176429
IRF-M 1;05/02/2009;3845,072957
IRF-M 1;06/02/2009;3847,714712
IRF-M 1;09/02/2009;3846,738765
IRF-M 1;10/02/2009;3848,562355
IRF-M 1;11/02/2009;3850,450585
IRF-M 1;12/02/2009;3850,896805
IRF-M 1;13/02/2009;3855,379571
IRF-M 1;16/02/2009;3857,612836
IRF-M 1;17/02/2009;3860,131105
IRF-M 1;18/02/2009;3861,255956
IRF-M 1;19/02/2009;3864,435602
IRF-M 1;20/02/2009;3866,308563
IRF-M 1;25/02/2009;3869,302898
IRF-M 1;26/02/2009;3873,563343
IRF-M 1;27/02/2009;3877,104282
IRF-M 1;02/03/2009;3878,095654
IRF-M 1;03/03/2009;3879,206199
IRF-M 1;04/03/2009;3880,966546
IRF-M 1;05/03/2009;3883,673377
IRF-M 1;06/03/2009;3890,395636
IRF-M 1;09/03/2009;3895,906775
IRF-M 1;10/03/2009;3898,513997
IRF-M 1;11/03/2009;3902,717931
IRF-M 1;12/03/2009;3905,290773
IRF-M 1;13/03/2009;3905,198624
IRF-M 1;16/03/2009;3907,730028
IRF-M 1;17/03/2009;3909,523404
IRF-M 1;18/03/2009;3913,208633
IRF-M 1;19/03/2009;3916,413097
IRF-M 1;20/03/2009;3919,062575
IRF-M 1;23/03/2009;3919,95312
IRF-M 1;24/03/2009;3918,956101
IRF-M 1;25/03/2009;3921,862734
IRF-M 1;26/03/2009;3924,994231
IRF-M 1;27/03/2009;3924,648787
IRF-M 1;30/03/2009;3928,008593
IRF-M 1;31/03/2009;3930,381905
IRF-M 1;01/04/2009;3932,34114
IRF-M 1;02/04/2009;3931,300379
IRF-M 1;03/04/2009;3932,182224
IRF-M 1;06/04/2009;3934,786628
IRF-M 1;07/04/2009;3936,487019
IRF-M 1;08/04/2009;3938,602287
IRF-M 1;09/04/2009;3940,897838
IRF-M 1;13/04/2009;3942,230931
IRF-M 1;14/04/2009;3944,375427
IRF-M 1;15/04/2009;3947,339969
IRF-M 1;16/04/2009;3946,677566
IRF-M 1;17/04/2009;3945,408437
IRF-M 1;20/04/2009;3946,537979
IRF-M 1;22/04/2009;3949,988306
IRF-M 1;23/04/2009;3951,808298
IRF-M 1;24/04/2009;3951,261585
IRF-M 1;27/04/2009;3953,823928
IRF-M 1;28/04/2009;3956,669798
IRF-M 1;29/04/2009;3958,123489
IRF-M 1;30/04/2009;3960,650565
IRF-M 1;04/05/2009;3961,779589
IRF-M 1;05/05/2009;3963,653207
IRF-M 1;06/05/2009;3966,076416
IRF-M 1;07/05/2009;3968,95594
IRF-M 1;08/05/2009;3971,364808
IRF-M 1;11/05/2009;3973,824703
IRF-M 1;12/05/2009;3975,632401
IRF-M 1;13/05/2009;3977,526283
IRF-M 1;14/05/2009;3979,612873
IRF-M 1;15/05/2009;3980,957975
IRF-M 1;18/05/2009;3983,00925
IRF-M 1;19/05/2009;3984,855423
IRF-M 1;20/05/2009;3986,829712
IRF-M 1;21/05/2009;3987,040907
IRF-M 1;22/05/2009;3988,44963
IRF-M 1;25/05/2009;3990,66075
IRF-M 1;26/05/2009;3992,732024
IRF-M 1;27/05/2009;3994,380663
IRF-M 1;28/05/2009;3995,82169
IRF-M 1;29/05/2009;3997,835984
IRF-M 1;01/06/2009;4000,608197
IRF-M 1;02/06/2009;4002,507757
IRF-M 1;03/06/2009;4004,166539
IRF-M 1;04/06/2009;4005,838571
IRF-M 1;05/06/2009;4006,284885
IRF-M 1;08/06/2009;4007,21941
IRF-M 1;09/06/2009;4006,567178
IRF-M 1;10/06/2009;4008,657817
IRF-M 1;12/06/2009;4014,313015
IRF-M 1;15/06/2009;4015,977134
IRF-M 1;16/06/2009;4017,587202
IRF-M 1;17/06/2009;4019,486462
IRF-M 1;18/06/2009;4021,273139
IRF-M 1;19/06/2009;4022,62407
IRF-M 1;22/06/2009;4024,20308
IRF-M 1;23/06/2009;4026,107941
IRF-M 1;24/06/2009;4027,852748
IRF-M 1;25/06/2009;4029,067689
IRF-M 1;26/06/2009;4030,801895
IRF-M 1;29/06/2009;4031,755616
IRF-M 1;30/06/2009;4033,041267
IRF-M 1;01/07/2009;4034,569626
IRF-M 1;02/07/2009;4036,365509
IRF-M 1;03/07/2009;4038,057355
IRF-M 1;06/07/2009;4040,123419
IRF-M 1;07/07/2009;4042,082351
IRF-M 1;08/07/2009;4044,019654
IRF-M 1;09/07/2009;4045,379147
IRF-M 1;10/07/2009;4047,146263
IRF-M 1;13/07/2009;4047,168979
IRF-M 1;14/07/2009;4049,309218
IRF-M 1;15/07/2009;4050,776609
IRF-M 1;16/07/2009;4052,578207
IRF-M 1;17/07/2009;4054,814498
IRF-M 1;20/07/2009;4056,021702
IRF-M 1;21/07/2009;4057,718597
IRF-M 1;22/07/2009;4059,053502
IRF-M 1;23/07/2009;4058,897086
IRF-M 1;24/07/2009;4060,842207
IRF-M 1;27/07/2009;4062,448936
IRF-M 1;28/07/2009;4063,759836
IRF-M 1;29/07/2009;4065,523321
IRF-M 1;30/07/2009;4065,978114
IRF-M 1;31/07/2009;4067,311393
IRF-M 1;03/08/2009;4068,577866
IRF-M 1;04/08/2009;4069,964423
IRF-M 1;05/08/2009;4071,146278
IRF-M 1;06/08/2009;4072,809637
IRF-M 1;07/08/2009;4073,974888
IRF-M 1;10/08/2009;4075,663652
IRF-M 1;11/08/2009;4077,345699
IRF-M 1;12/08/2009;4078,820409
IRF-M 1;13/08/2009;4080,888425
IRF-M 1;14/08/2009;4082,830021
IRF-M 1;17/08/2009;4084,33164
IRF-M 1;18/08/2009;4085,525175
IRF-M 1;19/08/2009;4086,984907
IRF-M 1;20/08/2009;4088,087089
IRF-M 1;21/08/2009;4089,012371
IRF-M 1;24/08/2009;4090,46312
IRF-M 1;25/08/2009;4091,639108
IRF-M 1;26/08/2009;4093,032933
IRF-M 1;27/08/2009;4094,16996
IRF-M 1;28/08/2009;4095,261698
IRF-M 1;31/08/2009;4096,757238
IRF-M 1;01/09/2009;4098,697013
IRF-M 1;02/09/2009;4100,034299
IRF-M 1;03/09/2009;4101,063156
IRF-M 1;04/09/2009;4102,436866
IRF-M 1;08/09/2009;4103,743534
IRF-M 1;09/09/2009;4105,194054
IRF-M 1;10/09/2009;4106,787974
IRF-M 1;11/09/2009;4108,354653
IRF-M 1;14/09/2009;4109,653842
IRF-M 1;15/09/2009;4110,815296
IRF-M 1;16/09/2009;4111,710577
IRF-M 1;17/09/2009;4113,193489
IRF-M 1;18/09/2009;4114,413928
IRF-M 1;21/09/2009;4114,91794
IRF-M 1;22/09/2009;4116,920819
IRF-M 1;23/09/2009;4117,824076
IRF-M 1;24/09/2009;4119,130296
IRF-M 1;25/09/2009;4120,381417
IRF-M 1;28/09/2009;4121,92343
IRF-M 1;29/09/2009;4123,465639
IRF-M 1;30/09/2009;4124,802854
IRF-M 1;01/10/2009;4125,743591
IRF-M 1;02/10/2009;4127,642711
IRF-M 1;05/10/2009;4129,4547
IRF-M 1;06/10/2009;4130,137219
IRF-M 1;07/10/2009;4130,875838
IRF-M 1;08/10/2009;4131,817714
IRF-M 1;09/10/2009;4132,906173
IRF-M 1;13/10/2009;4134,489116
IRF-M 1;14/10/2009;4136,346735
IRF-M 1;15/10/2009;4137,489197
IRF-M 1;16/10/2009;4139,512608
IRF-M 1;19/10/2009;4140,68145
IRF-M 1;20/10/2009;4142,40343
IRF-M 1;21/10/2009;4144,097929
IRF-M 1;22/10/2009;4146,344206
IRF-M 1;23/10/2009;4148,152052
IRF-M 1;26/10/2009;4149,367547
IRF-M 1;27/10/2009;4151,067705
IRF-M 1;28/10/2009;4152,583788
IRF-M 1;29/10/2009;4153,695865
IRF-M 1;30/10/2009;4154,647995
IRF-M 1;03/11/2009;4156,6284
IRF-M 1;04/11/2009;4158,215538
IRF-M 1;05/11/2009;4159,976319
IRF-M 1;06/11/2009;4161,339136
IRF-M 1;09/11/2009;4162,554607
IRF-M 1;10/11/2009;4163,866948
IRF-M 1;11/11/2009;4165,173318
IRF-M 1;12/11/2009;4166,285626
IRF-M 1;13/11/2009;4167,489627
IRF-M 1;16/11/2009;4168,871233
IRF-M 1;17/11/2009;4170,590555
IRF-M 1;18/11/2009;4172,159939
IRF-M 1;19/11/2009;4173,64491
IRF-M 1;20/11/2009;4175,041187
IRF-M 1;23/11/2009;4176,485301
IRF-M 1;24/11/2009;4178,087117
IRF-M 1;25/11/2009;4179,36164
IRF-M 1;26/11/2009;4180,215894
IRF-M 1;27/11/2009;4181,55667
IRF-M 1;30/11/2009;4182,78995
IRF-M 1;01/12/2009;4184,357694
IRF-M 1;02/12/2009;4185,578066
IRF-M 1;03/12/2009;4186,878894
IRF-M 1;04/12/2009;4188,094458
IRF-M 1;07/12/2009;4189,751464
IRF-M 1;08/12/2009;4190,905226
IRF-M 1;09/12/2009;4192,221478
IRF-M 1;10/12/2009;4194,23829
IRF-M 1;11/12/2009;4195,795631
IRF-M 1;14/12/2009;4197,154979
IRF-M 1;15/12/2009;4198,264955
IRF-M 1;16/12/2009;4199,425662
IRF-M 1;17/12/2009;4201,363312
IRF-M 1;18/12/2009;4202,817741
IRF-M 1;21/12/2009;4204,278539
IRF-M 1;22/12/2009;4205,749304
IRF-M 1;23/12/2009;4206,922078
IRF-M 1;24/12/2009;4208,333576
IRF-M 1;28/12/2009;4209,66199
IRF-M 1;29/12/2009;4210,984885
IRF-M 1;30/12/2009;4212,164483
IRF-M 1;31/12/2009;4213,58281
IRF-M 1;04/01/2010;4215,296873
IRF-M 1;05/01/2010;4217,728175
IRF-M 1;06/01/2010;4221,67062
IRF-M 1;07/01/2010;4223,445846
IRF-M 1;08/01/2010;4225,736256
IRF-M 1;11/01/2010;4226,665814
IRF-M 1;12/01/2010;4227,491094
IRF-M 1;13/01/2010;4230,902602
IRF-M 1;14/01/2010;4231,709538
IRF-M 1;15/01/2010;4234,862043
IRF-M 1;18/01/2010;4236,172421
IRF-M 1;19/01/2010;4235,880359
IRF-M 1;20/01/2010;4237,596282
IRF-M 1;21/01/2010;4237,981638
IRF-M 1;22/01/2010;4239,383743
IRF-M 1;25/01/2010;4240,963614
IRF-M 1;26/01/2010;4242,101949
IRF-M 1;27/01/2010;4243,45243
IRF-M 1;28/01/2010;4246,822951
IRF-M 1;29/01/2010;4248,841047
IRF-M 1;01/02/2010;4250,522078
IRF-M 1;02/02/2010;4251,068463
IRF-M 1;03/02/2010;4252,595844
IRF-M 1;04/02/2010;4256,46078
IRF-M 1;05/02/2010;4258,484931
IRF-M 1;08/02/2010;4260,445426
IRF-M 1;09/02/2010;4260,898015
IRF-M 1;10/02/2010;4261,957625
IRF-M 1;11/02/2010;4263,672607
IRF-M 1;12/02/2010;4265,932202
IRF-M 1;17/02/2010;4267,577558
IRF-M 1;18/02/2010;4268,80849
IRF-M 1;19/02/2010;4269,772852
IRF-M 1;22/02/2010;4269,709726
IRF-M 1;23/02/2010;4270,836542
IRF-M 1;24/02/2010;4271,826383
IRF-M 1;25/02/2010;4272,678808
IRF-M 1;26/02/2010;4272,635571
IRF-M 1;01/03/2010;4274,747296
IRF-M 1;02/03/2010;4276,784675
IRF-M 1;03/03/2010;4277,826681
IRF-M 1;04/03/2010;4279,278333
IRF-M 1;05/03/2010;4282,58589
IRF-M 1;08/03/2010;4284,174543
IRF-M 1;09/03/2010;4285,541556
IRF-M 1;10/03/2010;4286,283248
IRF-M 1;11/03/2010;4286,485029
IRF-M 1;12/03/2010;4288,192597
IRF-M 1;15/03/2010;4289,789088
IRF-M 1;16/03/2010;4291,442433
IRF-M 1;17/03/2010;4294,552203
IRF-M 1;18/03/2010;4300,362298
IRF-M 1;19/03/2010;4301,216047
IRF-M 1;22/03/2010;4303,175463
IRF-M 1;23/03/2010;4305,019072
IRF-M 1;24/03/2010;4305,574523
IRF-M 1;25/03/2010;4306,356916
IRF-M 1;26/03/2010;4307,290184
IRF-M 1;29/03/2010;4309,480589
IRF-M 1;30/03/2010;4311,071133
IRF-M 1;31/03/2010;4312,078744
IRF-M 1;01/04/2010;4313,959142
IRF-M 1;05/04/2010;4315,786937
IRF-M 1;06/04/2010;4316,709495
IRF-M 1;07/04/2010;4317,612096
IRF-M 1;08/04/2010;4318,619378
IRF-M 1;09/04/2010;4318,962997
IRF-M 1;12/04/2010;4320,567105
IRF-M 1;13/04/2010;4321,112978
IRF-M 1;14/04/2010;4320,868679
IRF-M 1;15/04/2010;4321,480551
IRF-M 1;16/04/2010;4323,32862
IRF-M 1;19/04/2010;4324,225312
IRF-M 1;20/04/2010;4326,632717
IRF-M 1;22/04/2010;4328,795551
IRF-M 1;23/04/2010;4329,577157
IRF-M 1;26/04/2010;4328,784792
IRF-M 1;27/04/2010;4330,674093
IRF-M 1;28/04/2010;4331,239646
IRF-M 1;29/04/2010;4331,137605
IRF-M 1;30/04/2010;4330,645289
IRF-M 1;03/05/2010;4331,124201
IRF-M 1;04/05/2010;4332,97336
IRF-M 1;05/05/2010;4335,700081
IRF-M 1;06/05/2010;4338,963412
IRF-M 1;07/05/2010;4340,85591
IRF-M 1;10/05/2010;4341,643528
IRF-M 1;11/05/2010;4342,82973
IRF-M 1;12/05/2010;4344,575564
IRF-M 1;13/05/2010;4346,309791
IRF-M 1;14/05/2010;4348,618398
IRF-M 1;17/05/2010;4350,687745
IRF-M 1;18/05/2010;4352,870743
IRF-M 1;19/05/2010;4355,413249
IRF-M 1;20/05/2010;4356,948739
IRF-M 1;21/05/2010;4359,529182
IRF-M 1;24/05/2010;4361,407688
IRF-M 1;25/05/2010;4363,993045
IRF-M 1;26/05/2010;4365,006846
IRF-M 1;27/05/2010;4365,440936
IRF-M 1;28/05/2010;4367,190206
IRF-M 1;31/05/2010;4369,275153
IRF-M 1;01/06/2010;4371,025755
IRF-M 1;02/06/2010;4372,525877
IRF-M 1;04/06/2010;4374,902587
IRF-M 1;07/06/2010;4376,041808
IRF-M 1;08/06/2010;4377,352766
IRF-M 1;09/06/2010;4378,500725
IRF-M 1;10/06/2010;4379,316215
IRF-M 1;11/06/2010;4380,590467
IRF-M 1;14/06/2010;4382,026595
IRF-M 1;15/06/2010;4382,990423
IRF-M 1;16/06/2010;4385,18113
IRF-M 1;17/06/2010;4386,073693
IRF-M 1;18/06/2010;4387,441473
IRF-M 1;21/06/2010;4389,481722
IRF-M 1;22/06/2010;4391,435541
IRF-M 1;23/06/2010;4393,001195
IRF-M 1;24/06/2010;4394,924135
IRF-M 1;25/06/2010;4396,523948
IRF-M 1;28/06/2010;4398,179539
IRF-M 1;29/06/2010;4399,778492
IRF-M 1;30/06/2010;4401,353966
IRF-M 1;01/07/2010;4403,724241
IRF-M 1;02/07/2010;4405,911329
IRF-M 1;05/07/2010;4408,034753
IRF-M 1;06/07/2010;4409,444741
IRF-M 1;07/07/2010;4412,132183
IRF-M 1;08/07/2010;4413,300046
IRF-M 1;09/07/2010;4415,194626
IRF-M 1;12/07/2010;4417,490572
IRF-M 1;13/07/2010;4420,877476
IRF-M 1;14/07/2010;4423,33773
IRF-M 1;15/07/2010;4427,119636
IRF-M 1;16/07/2010;4430,808447
IRF-M 1;19/07/2010;4432,551215
IRF-M 1;20/07/2010;4436,728689
IRF-M 1;21/07/2010;4439,030277
IRF-M 1;22/07/2010;4442,661701
IRF-M 1;23/07/2010;4442,514505
IRF-M 1;26/07/2010;4446,114626
IRF-M 1;27/07/2010;4449,068898
IRF-M 1;28/07/2010;4451,183401
IRF-M 1;29/07/2010;4453,525121
IRF-M 1;30/07/2010;4456,767893
IRF-M 1;02/08/2010;4457,878806
IRF-M 1;03/08/2010;4459,05568
IRF-M 1;04/08/2010;4459,732992
IRF-M 1;05/08/2010;4462,784697
IRF-M 1;06/08/2010;4464,624794
IRF-M 1;09/08/2010;4467,107159
IRF-M 1;10/08/2010;4468,714369
IRF-M 1;11/08/2010;4469,902132
IRF-M 1;12/08/2010;4472,294041
IRF-M 1;13/08/2010;4474,394263
IRF-M 1;16/08/2010;4477,420476
IRF-M 1;17/08/2010;4479,445875
IRF-M 1;18/08/2010;4481,46366
IRF-M 1;19/08/2010;4483,8588
IRF-M 1;20/08/2010;4486,583013
IRF-M 1;23/08/2010;4488,351202
IRF-M 1;24/08/2010;4490,27613
IRF-M 1;25/08/2010;4491,578179
IRF-M 1;26/08/2010;4492,862944
IRF-M 1;27/08/2010;4494,542831
IRF-M 1;30/08/2010;4496,194817
IRF-M 1;31/08/2010;4499,053033
IRF-M 1;01/09/2010;4500,423415
IRF-M 1;02/09/2010;4503,333783
IRF-M 1;03/09/2010;4504,899817
IRF-M 1;06/09/2010;4507,047816
IRF-M 1;08/09/2010;4508,801275
IRF-M 1;09/09/2010;4511,235254
IRF-M 1;10/09/2010;4513,064316
IRF-M 1;13/09/2010;4514,638931
IRF-M 1;14/09/2010;4516,629527
IRF-M 1;15/09/2010;4518,668459
IRF-M 1;16/09/2010;4520,158159
IRF-M 1;17/09/2010;4521,766235
IRF-M 1;20/09/2010;4522,983032
IRF-M 1;21/09/2010;4524,686863
IRF-M 1;22/09/2010;4526,215995
IRF-M 1;23/09/2010;4527,980173
IRF-M 1;24/09/2010;4530,082044
IRF-M 1;27/09/2010;4531,612068
IRF-M 1;28/09/2010;4533,154181
IRF-M 1;29/09/2010;4535,615042
IRF-M 1;30/09/2010;4537,517579
IRF-M 1;01/10/2010;4539,935264
IRF-M 1;04/10/2010;4542,017104
IRF-M 1;05/10/2010;4544,237713
IRF-M 1;06/10/2010;4545,954965
IRF-M 1;07/10/2010;4548,253584
IRF-M 1;08/10/2010;4549,838785
IRF-M 1;11/10/2010;4551,667756
IRF-M 1;13/10/2010;4554,017897
IRF-M 1;14/10/2010;4556,486645
IRF-M 1;15/10/2010;4558,141443
IRF-M 1;18/10/2010;4559,830997
IRF-M 1;19/10/2010;4561,42703
IRF-M 1;20/10/2010;4563,493814
IRF-M 1;21/10/2010;4564,977327
IRF-M 1;22/10/2010;4566,562896
IRF-M 1;25/10/2010;4568,125311
IRF-M 1;26/10/2010;4570,301651
IRF-M 1;27/10/2010;4572,12983
IRF-M 1;28/10/2010;4573,864454
IRF-M 1;29/10/2010;4575,760818
IRF-M 1;01/11/2010;4577,7389
IRF-M 1;03/11/2010;4579,525816
IRF-M 1;04/11/2010;4580,978393
IRF-M 1;05/11/2010;4582,536419
IRF-M 1;08/11/2010;4585,249559
IRF-M 1;09/11/2010;4586,347467
IRF-M 1;10/11/2010;4587,834379
IRF-M 1;11/11/2010;4588,833168
IRF-M 1;12/11/2010;4591,097727
IRF-M 1;16/11/2010;4592,364749
IRF-M 1;17/11/2010;4594,365257
IRF-M 1;18/11/2010;4595,990277
IRF-M 1;19/11/2010;4597,555463
IRF-M 1;22/11/2010;4598,697611
IRF-M 1;23/11/2010;4599,288027
IRF-M 1;24/11/2010;4600,444995
IRF-M 1;25/11/2010;4601,84193
IRF-M 1;26/11/2010;4601,765624
IRF-M 1;29/11/2010;4603,929279
IRF-M 1;30/11/2010;4606,278985
IRF-M 1;01/12/2010;4606,779441
IRF-M 1;02/12/2010;4606,91559
IRF-M 1;03/12/2010;4612,100751
IRF-M 1;06/12/2010;4613,684257
IRF-M 1;07/12/2010;4615,635113
IRF-M 1;08/12/2010;4617,230368
IRF-M 1;09/12/2010;4620,768625
IRF-M 1;10/12/2010;4623,081444
IRF-M 1;13/12/2010;4625,427234
IRF-M 1;14/12/2010;4628,19736
IRF-M 1;15/12/2010;4630,007785
IRF-M 1;16/12/2010;4631,622332
IRF-M 1;17/12/2010;4633,334255
IRF-M 1;20/12/2010;4635,246621
IRF-M 1;21/12/2010;4636,236913
IRF-M 1;22/12/2010;4637,034465
IRF-M 1;23/12/2010;4638,470554
IRF-M 1;24/12/2010;4640,415822
IRF-M 1;27/12/2010;4642,365017
IRF-M 1;28/12/2010;4644,307029
IRF-M 1;29/12/2010;4646,359175
IRF-M 1;30/12/2010;4648,606684
IRF-M 1;31/12/2010;4650,553509
IRF-M 1;03/01/2011;4652,470813
IRF-M 1;04/01/2011;4654,371059
IRF-M 1;05/01/2011;4654,804288
IRF-M 1;06/01/2011;4656,750987
IRF-M 1;07/01/2011;4656,573402
IRF-M 1;10/01/2011;4656,460722
IRF-M 1;11/01/2011;4659,910656
IRF-M 1;12/01/2011;4661,009613
IRF-M 1;13/01/2011;4662,422628
IRF-M 1;14/01/2011;4662,55845
IRF-M 1;17/01/2011;4663,894392
IRF-M 1;18/01/2011;4665,801121
IRF-M 1;19/01/2011;4667,399643
IRF-M 1;20/01/2011;4670,777345
IRF-M 1;21/01/2011;4672,943531
IRF-M 1;24/01/2011;4673,98191
IRF-M 1;25/01/2011;4676,103791
IRF-M 1;26/01/2011;4677,315413
IRF-M 1;27/01/2011;4679,604794
IRF-M 1;28/01/2011;4682,975453
IRF-M 1;31/01/2011;4685,302863
IRF-M 1;01/02/2011;4687,281475
IRF-M 1;02/02/2011;4690,02184
IRF-M 1;03/02/2011;4691,726546
IRF-M 1;04/02/2011;4692,799858
IRF-M 1;07/02/2011;4696,056383
IRF-M 1;08/02/2011;4699,347331
IRF-M 1;09/02/2011;4701,266029
IRF-M 1;10/02/2011;4703,017169
IRF-M 1;11/02/2011;4705,154695
IRF-M 1;14/02/2011;4705,401535
IRF-M 1;15/02/2011;4708,114196
IRF-M 1;16/02/2011;4710,507207
IRF-M 1;17/02/2011;4712,5631
IRF-M 1;18/02/2011;4714,697186
IRF-M 1;21/02/2011;4715,788356
IRF-M 1;22/02/2011;4717,821645
IRF-M 1;23/02/2011;4718,944405
IRF-M 1;24/02/2011;4717,716179
IRF-M 1;25/02/2011;4720,249941
IRF-M 1;28/02/2011;4724,108174
IRF-M 1;01/03/2011;4727,077456
IRF-M 1;02/03/2011;4728,626502
IRF-M 1;03/03/2011;4730,665064
IRF-M 1;04/03/2011;4732,570434
IRF-M 1;09/03/2011;4735,071751
IRF-M 1;10/03/2011;4740,715746
IRF-M 1;11/03/2011;4742,803901
IRF-M 1;14/03/2011;4745,257087
IRF-M 1;15/03/2011;4747,742707
IRF-M 1;16/03/2011;4750,034778
IRF-M 1;17/03/2011;4752,007789
IRF-M 1;18/03/2011;4753,977059
IRF-M 1;21/03/2011;4755,638782
IRF-M 1;22/03/2011;4758,099133
IRF-M 1;23/03/2011;4761,38768
IRF-M 1;24/03/2011;4764,585479
IRF-M 1;25/03/2011;4766,280972
IRF-M 1;28/03/2011;4769,091758
IRF-M 1;29/03/2011;4770,637979
IRF-M 1;30/03/2011;4774,754544
IRF-M 1;31/03/2011;4777,133789
IRF-M 1;01/04/2011;4778,614537
IRF-M 1;04/04/2011;4780,486837
IRF-M 1;05/04/2011;4781,48233
IRF-M 1;06/04/2011;4783,384763
IRF-M 1;07/04/2011;4785,46344
IRF-M 1;08/04/2011;4787,612896
IRF-M 1;11/04/2011;4788,53044
IRF-M 1;12/04/2011;4791,323738
IRF-M 1;13/04/2011;4793,185736
IRF-M 1;14/04/2011;4796,092505
IRF-M 1;15/04/2011;4797,728272
IRF-M 1;18/04/2011;4799,959943
IRF-M 1;19/04/2011;4802,503975
IRF-M 1;20/04/2011;4804,900631
IRF-M 1;25/04/2011;4806,349842
IRF-M 1;26/04/2011;4808,361186
IRF-M 1;27/04/2011;4810,319073
IRF-M 1;28/04/2011;4812,25877
IRF-M 1;29/04/2011;4814,610306
IRF-M 1;02/05/2011;4816,661134
IRF-M 1;03/05/2011;4818,975295
IRF-M 1;04/05/2011;4820,89246
IRF-M 1;05/05/2011;4823,427954
IRF-M 1;06/05/2011;4826,107999
IRF-M 1;09/05/2011;4828,444325
IRF-M 1;10/05/2011;4830,500093
IRF-M 1;11/05/2011;4832,855683
IRF-M 1;12/05/2011;4834,923575
IRF-M 1;13/05/2011;4837,251122
IRF-M 1;16/05/2011;4839,383823
IRF-M 1;17/05/2011;4841,76676
IRF-M 1;18/05/2011;4843,780334
IRF-M 1;19/05/2011;4845,826784
IRF-M 1;20/05/2011;4847,886671
IRF-M 1;23/05/2011;4850,082961
IRF-M 1;24/05/2011;4851,908358
IRF-M 1;25/05/2011;4853,939181
IRF-M 1;26/05/2011;4856,26711
IRF-M 1;27/05/2011;4858,487562
IRF-M 1;30/05/2011;4860,536749
IRF-M 1;31/05/2011;4862,934093
IRF-M 1;01/06/2011;4865,372804
IRF-M 1;02/06/2011;4867,448426
IRF-M 1;03/06/2011;4869,50729
IRF-M 1;06/06/2011;4871,348826
IRF-M 1;07/06/2011;4873,381267
IRF-M 1;08/06/2011;4875,61717
IRF-M 1;09/06/2011;4877,711875
IRF-M 1;10/06/2011;4880,004201
IRF-M 1;13/06/2011;4882,402407
IRF-M 1;14/06/2011;4884,755113
IRF-M 1;15/06/2011;4887,053175
IRF-M 1;16/06/2011;4889,15119
IRF-M 1;17/06/2011;4891,190854
IRF-M 1;20/06/2011;4893,311608
IRF-M 1;21/06/2011;4895,234246
IRF-M 1;22/06/2011;4897,655214
IRF-M 1;24/06/2011;4900,162443
IRF-M 1;27/06/2011;4902,581125
IRF-M 1;28/06/2011;4904,735465
IRF-M 1;29/06/2011;4906,628659
IRF-M 1;30/06/2011;4908,619248
IRF-M 1;01/07/2011;4911,087244
IRF-M 1;04/07/2011;4913,864993
IRF-M 1;05/07/2011;4915,271917
IRF-M 1;06/07/2011;4918,082975
IRF-M 1;07/07/2011;4919,101414
IRF-M 1;08/07/2011;4921,328228
IRF-M 1;11/07/2011;4923,93067
IRF-M 1;12/07/2011;4926,811783
IRF-M 1;13/07/2011;4929,567335
IRF-M 1;14/07/2011;4932,23397
IRF-M 1;15/07/2011;4934,158574
IRF-M 1;18/07/2011;4937,239617
IRF-M 1;19/07/2011;4940,028874
IRF-M 1;20/07/2011;4941,57664
IRF-M 1;21/07/2011;4944,384983
IRF-M 1;22/07/2011;4946,526828
IRF-M 1;25/07/2011;4949,03287
IRF-M 1;26/07/2011;4951,369726
IRF-M 1;27/07/2011;4953,857602
IRF-M 1;28/07/2011;4956,16214
IRF-M 1;29/07/2011;4958,771116
IRF-M 1;01/08/2011;4961,938077
IRF-M 1;02/08/2011;4964,998892
IRF-M 1;03/08/2011;4967,236376
IRF-M 1;04/08/2011;4972,022998
IRF-M 1;05/08/2011;4976,210041
IRF-M 1;08/08/2011;4981,78891
IRF-M 1;09/08/2011;4986,080805
IRF-M 1;10/08/2011;4987,206359
IRF-M 1;11/08/2011;4988,860453
IRF-M 1;12/08/2011;4992,156165
IRF-M 1;15/08/2011;4994,134695
IRF-M 1;16/08/2011;4996,646006
IRF-M 1;17/08/2011;5000,725124
IRF-M 1;18/08/2011;5007,974666
IRF-M 1;19/08/2011;5011,463299
IRF-M 1;22/08/2011;5013,676906
IRF-M 1;23/08/2011;5016,160146
IRF-M 1;24/08/2011;5020,41599
IRF-M 1;25/08/2011;5022,670768
IRF-M 1;26/08/2011;5028,23144
IRF-M 1;29/08/2011;5031,991893
IRF-M 1;30/08/2011;5034,541533
IRF-M 1;31/08/2011;5037,22452
IRF-M 1;01/09/2011;5053,684158
IRF-M 1;02/09/2011;5053,292551
IRF-M 1;05/09/2011;5056,953376
IRF-M 1;06/09/2011;5058,075361
IRF-M 1;08/09/2011;5058,200906
IRF-M 1;09/09/2011;5061,141535
IRF-M 1;12/09/2011;5064,945305
IRF-M 1;13/09/2011;5065,583188
IRF-M 1;14/09/2011;5067,224177
IRF-M 1;15/09/2011;5070,169771
IRF-M 1;16/09/2011;5073,18247
IRF-M 1;19/09/2011;5075,441236
IRF-M 1;20/09/2011;5076,892978
IRF-M 1;21/09/2011;5077,961135
IRF-M 1;22/09/2011;5082,673224
IRF-M 1;23/09/2011;5087,901427
IRF-M 1;26/09/2011;5093,517015
IRF-M 1;27/09/2011;5092,444923
IRF-M 1;28/09/2011;5095,885729
IRF-M 1;29/09/2011;5097,88947
IRF-M 1;30/09/2011;5102,406054
IRF-M 1;03/10/2011;5107,40504
IRF-M 1;04/10/2011;5106,337853
IRF-M 1;05/10/2011;5109,512693
IRF-M 1;06/10/2011;5109,430545
IRF-M 1;07/10/2011;5110,309227
IRF-M 1;10/10/2011;5111,138434
IRF-M 1;11/10/2011;5114,038154
IRF-M 1;13/10/2011;5116,02925
IRF-M 1;14/10/2011;5117,001135
IRF-M 1;17/10/2011;5119,564603
IRF-M 1;18/10/2011;5123,138656
IRF-M 1;19/10/2011;5125,714714
IRF-M 1;20/10/2011;5126,825882
IRF-M 1;21/10/2011;5129,067545
IRF-M 1;24/10/2011;5131,925655
IRF-M 1;25/10/2011;5133,983327
IRF-M 1;26/10/2011;5137,468122
IRF-M 1;27/10/2011;5138,32261
IRF-M 1;28/10/2011;5141,122592
IRF-M 1;31/10/2011;5143,825693
IRF-M 1;01/11/2011;5146,237635
IRF-M 1;03/11/2011;5148,841002
IRF-M 1;04/11/2011;5151,196431
IRF-M 1;07/11/2011;5154,214152
IRF-M 1;08/11/2011;5157,050617
IRF-M 1;09/11/2011;5161,518715
IRF-M 1;10/11/2011;5162,756556
IRF-M 1;11/11/2011;5164,684732
IRF-M 1;14/11/2011;5167,137412
IRF-M 1;16/11/2011;5169,362519
IRF-M 1;17/11/2011;5171,637569
IRF-M 1;18/11/2011;5173,918318
IRF-M 1;21/11/2011;5175,412086
IRF-M 1;22/11/2011;5177,588747
IRF-M 1;23/11/2011;5181,371631
IRF-M 1;24/11/2011;5185,665324
IRF-M 1;25/11/2011;5186,318323
IRF-M 1;28/11/2011;5189,486745
IRF-M 1;29/11/2011;5191,483893
IRF-M 1;30/11/2011;5194,178116
IRF-M 1;01/12/2011;5195,02676
IRF-M 1;02/12/2011;5196,900595
IRF-M 1;05/12/2011;5198,794528
IRF-M 1;06/12/2011;5200,999562
IRF-M 1;07/12/2011;5203,363391
IRF-M 1;08/12/2011;5205,013458
IRF-M 1;09/12/2011;5206,806715
IRF-M 1;12/12/2011;5209,255082
IRF-M 1;13/12/2011;5210,875226
IRF-M 1;14/12/2011;5212,907299
IRF-M 1;15/12/2011;5215,241339
IRF-M 1;16/12/2011;5217,397355
IRF-M 1;19/12/2011;5219,495979
IRF-M 1;20/12/2011;5221,750094
IRF-M 1;21/12/2011;5224,10254
IRF-M 1;22/12/2011;5224,709938
IRF-M 1;23/12/2011;5226,248542
IRF-M 1;26/12/2011;5227,252419
IRF-M 1;27/12/2011;5230,033455
IRF-M 1;28/12/2011;5232,387067
IRF-M 1;29/12/2011;5234,84436
IRF-M 1;30/12/2011;5236,920489
IRF-M 1;02/01/2012;5239,234648
IRF-M 1;03/01/2012;5240,777114
IRF-M 1;04/01/2012;5240,334581
IRF-M 1;05/01/2012;5242,009729
IRF-M 1;06/01/2012;5246,152915
IRF-M 1;09/01/2012;5249,132467
IRF-M 1;10/01/2012;5252,308882
IRF-M 1;11/01/2012;5254,084852
IRF-M 1;12/01/2012;5255,023629
IRF-M 1;13/01/2012;5257,968973
IRF-M 1;16/01/2012;5259,63109
IRF-M 1;17/01/2012;5260,653774
IRF-M 1;18/01/2012;5264,739092
IRF-M 1;19/01/2012;5269,809733
IRF-M 1;20/01/2012;5273,475643
IRF-M 1;23/01/2012;5274,486183
IRF-M 1;24/01/2012;5276,887793
IRF-M 1;25/01/2012;5278,878945
IRF-M 1;26/01/2012;5285,284143
IRF-M 1;27/01/2012;5288,261213
IRF-M 1;30/01/2012;5292,869077
IRF-M 1;31/01/2012;5294,327411
IRF-M 1;01/02/2012;5296,653549
IRF-M 1;02/02/2012;5299,561856
IRF-M 1;03/02/2012;5300,502586
IRF-M 1;06/02/2012;5302,446527
IRF-M 1;07/02/2012;5305,396352
IRF-M 1;08/02/2012;5308,717077
IRF-M 1;09/02/2012;5311,942305
IRF-M 1;10/02/2012;5314,766742
IRF-M 1;13/02/2012;5315,951638
IRF-M 1;14/02/2012;5318,535
IRF-M 1;15/02/2012;5321,427796
IRF-M 1;16/02/2012;5324,626126
IRF-M 1;17/02/2012;5327,458786
IRF-M 1;22/02/2012;5329,000472
IRF-M 1;23/02/2012;5330,601413
IRF-M 1;24/02/2012;5331,54253
IRF-M 1;27/02/2012;5332,2535
IRF-M 1;28/02/2012;5335,260988
IRF-M 1;29/02/2012;5337,940458
IRF-M 1;01/03/2012;5341,454532
IRF-M 1;02/03/2012;5346,384528
IRF-M 1;05/03/2012;5348,5771
IRF-M 1;06/03/2012;5350,895056
IRF-M 1;07/03/2012;5355,142086
IRF-M 1;08/03/2012;5362,649719
IRF-M 1;09/03/2012;5364,676516
IRF-M 1;12/03/2012;5366,090457
IRF-M 1;13/03/2012;5367,815194
IRF-M 1;14/03/2012;5370,201848
IRF-M 1;15/03/2012;5367,157136
IRF-M 1;16/03/2012;5368,161336
IRF-M 1;19/03/2012;5369,600666
IRF-M 1;20/03/2012;5372,045918
IRF-M 1;21/03/2012;5374,757238
IRF-M 1;22/03/2012;5376,847468
IRF-M 1;23/03/2012;5378,757011
IRF-M 1;26/03/2012;5380,298226
IRF-M 1;27/03/2012;5382,840701
IRF-M 1;28/03/2012;5384,818835
IRF-M 1;29/03/2012;5386,571987
IRF-M 1;30/03/2012;5388,583984
IRF-M 1;02/04/2012;5391,232275
IRF-M 1;03/04/2012;5393,690877
IRF-M 1;04/04/2012;5397,922998
IRF-M 1;05/04/2012;5400,381414
IRF-M 1;09/04/2012;5402,981058
IRF-M 1;10/04/2012;5404,522403
IRF-M 1;11/04/2012;5406,522927
IRF-M 1;12/04/2012;5409,151249
IRF-M 1;13/04/2012;5410,665927
IRF-M 1;16/04/2012;5412,285346
IRF-M 1;17/04/2012;5415,190595
IRF-M 1;18/04/2012;5417,006344
IRF-M 1;19/04/2012;5424,532516
IRF-M 1;20/04/2012;5426,755442
IRF-M 1;23/04/2012;5427,126878
IRF-M 1;24/04/2012;5430,221013
IRF-M 1;25/04/2012;5431,849997
IRF-M 1;26/04/2012;5434,564289
IRF-M 1;27/04/2012;5438,185453
IRF-M 1;30/04/2012;5439,292601
IRF-M 1;02/05/2012;5444,115262
IRF-M 1;03/05/2012;5446,677447
IRF-M 1;04/05/2012;5451,547643
IRF-M 1;07/05/2012;5454,107328
IRF-M 1;08/05/2012;5454,590431
IRF-M 1;09/05/2012;5454,918689
IRF-M 1;10/05/2012;5457,267468
IRF-M 1;11/05/2012;5460,206288
IRF-M 1;14/05/2012;5462,784473
IRF-M 1;15/05/2012;5465,918109
IRF-M 1;16/05/2012;5468,506335
IRF-M 1;17/05/2012;5470,146881
IRF-M 1;18/05/2012;5472,781154
IRF-M 1;21/05/2012;5473,135536
IRF-M 1;22/05/2012;5473,638834
IRF-M 1;23/05/2012;5475,550587
IRF-M 1;24/05/2012;5473,379711
IRF-M 1;25/05/2012;5475,896174
IRF-M 1;28/05/2012;5476,908366
IRF-M 1;29/05/2012;5480,701117
IRF-M 1;30/05/2012;5482,59467
IRF-M 1;31/05/2012;5485,098462
IRF-M 1;01/06/2012;5487,598508
IRF-M 1;04/06/2012;5488,247687
IRF-M 1;05/06/2012;5490,588055
IRF-M 1;06/06/2012;5492,804001
IRF-M 1;08/06/2012;5496,249598
IRF-M 1;11/06/2012;5498,9767
IRF-M 1;12/06/2012;5501,247017
IRF-M 1;13/06/2012;5503,389241
IRF-M 1;14/06/2012;5505,202163
IRF-M 1;15/06/2012;5506,360229
IRF-M 1;18/06/2012;5508,440533
IRF-M 1;19/06/2012;5510,272395
IRF-M 1;20/06/2012;5511,599801
IRF-M 1;21/06/2012;5513,591303
IRF-M 1;22/06/2012;5515,19921
IRF-M 1;25/06/2012;5517,963646
IRF-M 1;26/06/2012;5519,969543
IRF-M 1;27/06/2012;5521,809635
IRF-M 1;28/06/2012;5524,05418
IRF-M 1;29/06/2012;5525,734668
IRF-M 1;02/07/2012;5527,840932
IRF-M 1;03/07/2012;5529,687212
IRF-M 1;04/07/2012;5530,417525
IRF-M 1;05/07/2012;5532,033122
IRF-M 1;06/07/2012;5536,397328
IRF-M 1;09/07/2012;5537,997214
IRF-M 1;10/07/2012;5541,097203
IRF-M 1;11/07/2012;5544,382031
IRF-M 1;12/07/2012;5545,750248
IRF-M 1;13/07/2012;5547,922621
IRF-M 1;16/07/2012;5549,969124
IRF-M 1;17/07/2012;5549,676861
IRF-M 1;18/07/2012;5551,853617
IRF-M 1;19/07/2012;5555,084561
IRF-M 1;20/07/2012;5555,656994
IRF-M 1;23/07/2012;5558,633668
IRF-M 1;24/07/2012;5560,024854
IRF-M 1;25/07/2012;5562,833477
IRF-M 1;26/07/2012;5563,23378
IRF-M 1;27/07/2012;5563,002738
IRF-M 1;30/07/2012;5565,462673
IRF-M 1;31/07/2012;5566,872922
IRF-M 1;01/08/2012;5569,470774
IRF-M 1;02/08/2012;5571,472334
IRF-M 1;03/08/2012;5572,587625
IRF-M 1;06/08/2012;5574,025112
IRF-M 1;07/08/2012;5576,499891
IRF-M 1;08/08/2012;5578,888405
IRF-M 1;09/08/2012;5580,561867
IRF-M 1;10/08/2012;5581,619178
IRF-M 1;13/08/2012;5584,399788
IRF-M 1;14/08/2012;5586,096835
IRF-M 1;15/08/2012;5587,41469
IRF-M 1;16/08/2012;5586,948838
IRF-M 1;17/08/2012;5589,215217
IRF-M 1;20/08/2012;5590,060059
IRF-M 1;21/08/2012;5591,793613
IRF-M 1;22/08/2012;5592,667286
IRF-M 1;23/08/2012;5593,631887
IRF-M 1;24/08/2012;5594,685157
IRF-M 1;27/08/2012;5597,669398
IRF-M 1;28/08/2012;5600,28003
IRF-M 1;29/08/2012;5603,26348
IRF-M 1;30/08/2012;5603,250897
IRF-M 1;31/08/2012;5604,576174
IRF-M 1;03/09/2012;5607,210304
IRF-M 1;04/09/2012;5608,168934
IRF-M 1;05/09/2012;5609,418132
IRF-M 1;06/09/2012;5610,722356
IRF-M 1;10/09/2012;5611,848078
IRF-M 1;11/09/2012;5613,473536
IRF-M 1;12/09/2012;5615,223804
IRF-M 1;13/09/2012;5617,381023
IRF-M 1;14/09/2012;5618,684542
IRF-M 1;17/09/2012;5619,661607
IRF-M 1;18/09/2012;5620,991871
IRF-M 1;19/09/2012;5622,732836
IRF-M 1;20/09/2012;5624,622834
IRF-M 1;21/09/2012;5626,657018
IRF-M 1;24/09/2012;5628,281411
IRF-M 1;25/09/2012;5630,413191
IRF-M 1;26/09/2012;5632,008281
IRF-M 1;27/09/2012;5633,244835
IRF-M 1;28/09/2012;5635,240218
IRF-M 1;01/10/2012;5637,185006
IRF-M 1;02/10/2012;5639,596469
IRF-M 1;03/10/2012;5641,679002
IRF-M 1;04/10/2012;5643,879062
IRF-M 1;05/10/2012;5648,359277
IRF-M 1;08/10/2012;5649,029148
IRF-M 1;09/10/2012;5651,15481
IRF-M 1;10/10/2012;5652,279085
IRF-M 1;11/10/2012;5653,973827
IRF-M 1;15/10/2012;5655,508292
IRF-M 1;16/10/2012;5657,511019
IRF-M 1;17/10/2012;5658,886764
IRF-M 1;18/10/2012;5660,158643
IRF-M 1;19/10/2012;5661,540894
IRF-M 1;22/10/2012;5663,279315
IRF-M 1;23/10/2012;5664,68116
IRF-M 1;24/10/2012;5666,306243
IRF-M 1;25/10/2012;5667,868474
IRF-M 1;26/10/2012;5669,430105
IRF-M 1;29/10/2012;5671,028371
IRF-M 1;30/10/2012;5672,516754
IRF-M 1;31/10/2012;5674,156906
IRF-M 1;01/11/2012;5675,84246
IRF-M 1;05/11/2012;5677,412996
IRF-M 1;06/11/2012;5678,769267
IRF-M 1;07/11/2012;5680,242323
IRF-M 1;08/11/2012;5681,879226
IRF-M 1;09/11/2012;5683,436378
IRF-M 1;12/11/2012;5684,955474
IRF-M 1;13/11/2012;5686,526116
IRF-M 1;14/11/2012;5688,142557
IRF-M 1;16/11/2012;5689,866593
IRF-M 1;19/11/2012;5691,624355
IRF-M 1;20/11/2012;5693,180217
IRF-M 1;21/11/2012;5694,943682
IRF-M 1;22/11/2012;5696,639854
IRF-M 1;23/11/2012;5697,861579
IRF-M 1;26/11/2012;5699,354035
IRF-M 1;27/11/2012;5700,862733
IRF-M 1;28/11/2012;5702,354054
IRF-M 1;29/11/2012;5703,750526
IRF-M 1;30/11/2012;5705,84621
IRF-M 1;03/12/2012;5707,47454
IRF-M 1;04/12/2012;5709,502888
IRF-M 1;05/12/2012;5711,096163
IRF-M 1;06/12/2012;5714,20103
IRF-M 1;07/12/2012;5714,580253
IRF-M 1;10/12/2012;5715,856653
IRF-M 1;11/12/2012;5717,289938
IRF-M 1;12/12/2012;5719,137137
IRF-M 1;13/12/2012;5720,7718
IRF-M 1;14/12/2012;5722,217866
IRF-M 1;17/12/2012;5723,953748
IRF-M 1;18/12/2012;5725,670898
IRF-M 1;19/12/2012;5727,213678
IRF-M 1;20/12/2012;5728,192642
IRF-M 1;21/12/2012;5729,601675
IRF-M 1;24/12/2012;5731,160442
IRF-M 1;26/12/2012;5732,797292
IRF-M 1;27/12/2012;5734,372733
IRF-M 1;28/12/2012;5735,893225
IRF-M 1;31/12/2012;5737,455948
IRF-M 1;02/01/2013;5738,991808
IRF-M 1;03/01/2013;5740,689605
IRF-M 1;04/01/2013;5741,67302
IRF-M 1;07/01/2013;5743,568446
IRF-M 1;08/01/2013;5743,9428
IRF-M 1;09/01/2013;5746,389214
IRF-M 1;10/01/2013;5748,714319
IRF-M 1;11/01/2013;5750,598708
IRF-M 1;14/01/2013;5752,4342
IRF-M 1;15/01/2013;5753,597153
IRF-M 1;16/01/2013;5753,46974
IRF-M 1;17/01/2013;5754,167469
IRF-M 1;18/01/2013;5756,07062
IRF-M 1;21/01/2013;5758,979275
IRF-M 1;22/01/2013;5759,480336
IRF-M 1;23/01/2013;5760,925435
IRF-M 1;24/01/2013;5760,572427
IRF-M 1;25/01/2013;5762,152364
IRF-M 1;28/01/2013;5764,031817
IRF-M 1;29/01/2013;5766,68841
IRF-M 1;30/01/2013;5767,89908
IRF-M 1;31/01/2013;5768,876087
IRF-M 1;01/02/2013;5769,17234
IRF-M 1;04/02/2013;5771,167358
IRF-M 1;05/02/2013;5771,735855
IRF-M 1;06/02/2013;5771,011848
IRF-M 1;07/02/2013;5770,167309
IRF-M 1;08/02/2013;5772,727769
IRF-M 1;13/02/2013;5775,000933
IRF-M 1;14/02/2013;5776,191372
IRF-M 1;15/02/2013;5772,114369
IRF-M 1;18/02/2013;5770,920211
IRF-M 1;19/02/2013;5772,20806
IRF-M 1;20/02/2013;5775,240152
IRF-M 1;21/02/2013;5777,320605
IRF-M 1;22/02/2013;5774,54525
IRF-M 1;25/02/2013;5776,988385
IRF-M 1;26/02/2013;5778,116383
IRF-M 1;27/02/2013;5781,282471
IRF-M 1;28/02/2013;5784,406591
IRF-M 1;01/03/2013;5787,72101
IRF-M 1;04/03/2013;5788,975931
IRF-M 1;05/03/2013;5789,828072
IRF-M 1;06/03/2013;5791,572002
IRF-M 1;07/03/2013;5790,610244
IRF-M 1;08/03/2013;5788,561805
IRF-M 1;11/03/2013;5792,9818
IRF-M 1;12/03/2013;5793,241006
IRF-M 1;13/03/2013;5793,870841
IRF-M 1;14/03/2013;5798,510479
IRF-M 1;15/03/2013;5800,248138
IRF-M 1;18/03/2013;5801,889071
IRF-M 1;19/03/2013;5804,452273
IRF-M 1;20/03/2013;5806,185605
IRF-M 1;21/03/2013;5807,258899
IRF-M 1;22/03/2013;5810,592819
IRF-M 1;25/03/2013;5812,212517
IRF-M 1;26/03/2013;5813,663977
IRF-M 1;27/03/2013;5816,549795
IRF-M 1;28/03/2013;5817,559475
IRF-M 1;01/04/2013;5818,936783
IRF-M 1;02/04/2013;5821,692651
IRF-M 1;03/04/2013;5819,699322
IRF-M 1;04/04/2013;5821,835682
IRF-M 1;05/04/2013;5826,325003
IRF-M 1;08/04/2013;5826,520547
IRF-M 1;09/04/2013;5825,844394
IRF-M 1;10/04/2013;5826,998614
IRF-M 1;11/04/2013;5827,942999
IRF-M 1;12/04/2013;5821,782774
IRF-M 1;15/04/2013;5822,275798
IRF-M 1;16/04/2013;5823,278499
IRF-M 1;17/04/2013;5825,380144
IRF-M 1;18/04/2013;5838,955724
IRF-M 1;19/04/2013;5839,522155
IRF-M 1;22/04/2013;5842,709051
IRF-M 1;23/04/2013;5844,603669
IRF-M 1;24/04/2013;5845,653815
IRF-M 1;25/04/2013;5844,471817
IRF-M 1;26/04/2013;5846,898824
IRF-M 1;29/04/2013;5848,724541
IRF-M 1;30/04/2013;5850,459544
IRF-M 1;02/05/2013;5853,111462
IRF-M 1;03/05/2013;5853,189804
IRF-M 1;06/05/2013;5855,795467
IRF-M 1;07/05/2013;5858,356559
IRF-M 1;08/05/2013;5859,899743
IRF-M 1;09/05/2013;5861,071469
IRF-M 1;10/05/2013;5860,496878
IRF-M 1;13/05/2013;5862,843775
IRF-M 1;14/05/2013;5863,91631
IRF-M 1;15/05/2013;5865,340787
IRF-M 1;16/05/2013;5864,985989
IRF-M 1;17/05/2013;5865,644976
IRF-M 1;20/05/2013;5866,593679
IRF-M 1;21/05/2013;5868,470499
IRF-M 1;22/05/2013;5870,103717
IRF-M 1;23/05/2013;5872,290251
IRF-M 1;24/05/2013;5873,049655
IRF-M 1;27/05/2013;5874,890764
IRF-M 1;28/05/2013;5877,078185
IRF-M 1;29/05/2013;5880,568404
IRF-M 1;31/05/2013;5872,883241
IRF-M 1;03/06/2013;5874,345246
IRF-M 1;04/06/2013;5876,277245
IRF-M 1;05/06/2013;5876,921357
IRF-M 1;06/06/2013;5876,772792
IRF-M 1;07/06/2013;5878,486125
IRF-M 1;10/06/2013;5878,79445
IRF-M 1;11/06/2013;5879,509161
IRF-M 1;12/06/2013;5879,290289
IRF-M 1;13/06/2013;5882,999449
IRF-M 1;14/06/2013;5884,011746
IRF-M 1;17/06/2013;5882,918
IRF-M 1;18/06/2013;5882,077164
IRF-M 1;19/06/2013;5882,967312
IRF-M 1;20/06/2013;5882,309769
IRF-M 1;21/06/2013;5883,515347
IRF-M 1;24/06/2013;5889,421113
IRF-M 1;25/06/2013;5893,293566
IRF-M 1;26/06/2013;5895,465156
IRF-M 1;27/06/2013;5899,097242
IRF-M 1;28/06/2013;5899,625837
IRF-M 1;01/07/2013;5901,230935
IRF-M 1;02/07/2013;5908,021995
IRF-M 1;03/07/2013;5910,551405
IRF-M 1;04/07/2013;5910,861488
IRF-M 1;05/07/2013;5914,861344
IRF-M 1;08/07/2013;5918,686071
IRF-M 1;09/07/2013;5920,703064
IRF-M 1;10/07/2013;5923,041631
IRF-M 1;11/07/2013;5924,26961
IRF-M 1;12/07/2013;5925,399653
IRF-M 1;15/07/2013;5928,830002
IRF-M 1;16/07/2013;5931,807007
IRF-M 1;17/07/2013;5934,952031
IRF-M 1;18/07/2013;5937,246084
IRF-M 1;19/07/2013;5939,288654
IRF-M 1;22/07/2013;5941,557945
IRF-M 1;23/07/2013;5944,212719
IRF-M 1;24/07/2013;5945,221901
IRF-M 1;25/07/2013;5947,260737
IRF-M 1;26/07/2013;5947,898665
IRF-M 1;29/07/2013;5948,744576
IRF-M 1;30/07/2013;5949,226001
IRF-M 1;31/07/2013;5950,781417
IRF-M 1;01/08/2013;5949,07792
IRF-M 1;02/08/2013;5952,281575
IRF-M 1;05/08/2013;5954,507395
IRF-M 1;06/08/2013;5955,800792
IRF-M 1;07/08/2013;5958,043655
IRF-M 1;08/08/2013;5960,728178
IRF-M 1;09/08/2013;5963,154924
IRF-M 1;12/08/2013;5963,195679
IRF-M 1;13/08/2013;5962,237617
IRF-M 1;14/08/2013;5962,381996
IRF-M 1;15/08/2013;5963,846612
IRF-M 1;16/08/2013;5959,806017
IRF-M 1;19/08/2013;5956,007302
IRF-M 1;20/08/2013;5964,801979
IRF-M 1;21/08/2013;5965,183141
IRF-M 1;22/08/2013;5964,557605
IRF-M 1;23/08/2013;5971,711624
IRF-M 1;26/08/2013;5972,109626
IRF-M 1;27/08/2013;5974,428833
IRF-M 1;28/08/2013;5978,28447
IRF-M 1;29/08/2013;5977,066483
IRF-M 1;30/08/2013;5977,825832
IRF-M 1;02/09/2013;5980,174902
IRF-M 1;03/09/2013;5981,607002
IRF-M 1;04/09/2013;5984,022936
IRF-M 1;05/09/2013;5987,080573
IRF-M 1;06/09/2013;5991,661016
IRF-M 1;09/09/2013;5993,79572
IRF-M 1;10/09/2013;5995,995918
IRF-M 1;11/09/2013;5997,807805
IRF-M 1;12/09/2013;5997,882612
IRF-M 1;13/09/2013;6000,320074
IRF-M 1;16/09/2013;6002,398735
IRF-M 1;17/09/2013;6005,125562
IRF-M 1;18/09/2013;6010,606602
IRF-M 1;19/09/2013;6012,611683
IRF-M 1;20/09/2013;6014,735368
IRF-M 1;23/09/2013;6017,248261
IRF-M 1;24/09/2013;6020,04617
IRF-M 1;25/09/2013;6022,045307
IRF-M 1;26/09/2013;6022,931903
IRF-M 1;27/09/2013;6025,384553
IRF-M 1;30/09/2013;6025,918892
IRF-M 1;01/10/2013;6027,43885
IRF-M 1;02/10/2013;6029,234709
IRF-M 1;03/10/2013;6033,034017
IRF-M 1;04/10/2013;6035,03081
IRF-M 1;07/10/2013;6037,85146
IRF-M 1;08/10/2013;6040,166748
IRF-M 1;09/10/2013;6042,134813
IRF-M 1;10/10/2013;6040,680642
IRF-M 1;11/10/2013;6041,835945
IRF-M 1;14/10/2013;6044,078991
IRF-M 1;15/10/2013;6046,658168
IRF-M 1;16/10/2013;6048,527741
IRF-M 1;17/10/2013;6049,622058
IRF-M 1;18/10/2013;6051,258094
IRF-M 1;21/10/2013;6052,727086
IRF-M 1;22/10/2013;6055,402852
IRF-M 1;23/10/2013;6058,011927
IRF-M 1;24/10/2013;6059,906605
IRF-M 1;25/10/2013;6062,432718
IRF-M 1;28/10/2013;6064,243811
IRF-M 1;29/10/2013;6066,230274
IRF-M 1;30/10/2013;6068,355711
IRF-M 1;31/10/2013;6069,862143
IRF-M 1;01/11/2013;6071,285627
IRF-M 1;04/11/2013;6073,795208
IRF-M 1;05/11/2013;6075,516773
IRF-M 1;06/11/2013;6076,748229
IRF-M 1;07/11/2013;6077,349116
IRF-M 1;08/11/2013;6079,307079
IRF-M 1;11/11/2013;6081,0908
IRF-M 1;12/11/2013;6084,420299
IRF-M 1;13/11/2013;6087,558457
IRF-M 1;14/11/2013;6090,403844
IRF-M 1;18/11/2013;6093,254291
IRF-M 1;19/11/2013;6095,351489
IRF-M 1;20/11/2013;6097,687207
IRF-M 1;21/11/2013;6098,751476
IRF-M 1;22/11/2013;6100,94485
IRF-M 1;25/11/2013;6103,081669
IRF-M 1;26/11/2013;6105,650554
IRF-M 1;27/11/2013;6108,095366
IRF-M 1;28/11/2013;6112,562424
IRF-M 1;29/11/2013;6114,559014
IRF-M 1;02/12/2013;6115,971586
IRF-M 1;03/12/2013;6118,502595
IRF-M 1;04/12/2013;6121,333178
IRF-M 1;05/12/2013;6123,402495
IRF-M 1;06/12/2013;6126,431604
IRF-M 1;09/12/2013;6129,044438
IRF-M 1;10/12/2013;6131,431605
IRF-M 1;11/12/2013;6134,461869
IRF-M 1;12/12/2013;6137,128088
IRF-M 1;13/12/2013;6139,171167
IRF-M 1;16/12/2013;6141,849794
IRF-M 1;17/12/2013;6144,21213
IRF-M 1;18/12/2013;6146,385709
IRF-M 1;19/12/2013;6148,154413
IRF-M 1;20/12/2013;6149,753929
IRF-M 1;23/12/2013;6152,336741
IRF-M 1;24/12/2013;6154,701598
IRF-M 1;26/12/2013;6156,953885
IRF-M 1;27/12/2013;6159,698257
IRF-M 1;30/12/2013;6162,14643
IRF-M 1;31/12/2013;6164,514038
IRF-M 1;02/01/2014;6167,021927
IRF-M 1;03/01/2014;6170,192499
IRF-M 1;06/01/2014;6172,071748
IRF-M 1;07/01/2014;6175,255223
IRF-M 1;08/01/2014;6176,68951
IRF-M 1;09/01/2014;6177,83774
IRF-M 1;10/01/2014;6179,164442
IRF-M 1;13/01/2014;6178,296475
IRF-M 1;14/01/2014;6179,071328
IRF-M 1;15/01/2014;6182,554036
IRF-M 1;16/01/2014;6178,917949
IRF-M 1;17/01/2014;6181,54314
IRF-M 1;20/01/2014;6181,541286
IRF-M 1;21/01/2014;6182,286621
IRF-M 1;22/01/2014;6185,243639
IRF-M 1;23/01/2014;6185,506089
IRF-M 1;24/01/2014;6188,790953
IRF-M 1;27/01/2014;6189,635724
IRF-M 1;28/01/2014;6191,420694
IRF-M 1;29/01/2014;6189,318041
IRF-M 1;30/01/2014;6187,09294
IRF-M 1;31/01/2014;6188,823542
IRF-M 1;03/02/2014;6190,162042
IRF-M 1;04/02/2014;6196,364561
IRF-M 1;05/02/2014;6201,364442
IRF-M 1;06/02/2014;6203,406195
IRF-M 1;07/02/2014;6208,870193
IRF-M 1;10/02/2014;6212,871739
IRF-M 1;11/02/2014;6215,050738
IRF-M 1;12/02/2014;6216,800041
IRF-M 1;13/02/2014;6219,104631
IRF-M 1;14/02/2014;6223,166472
IRF-M 1;17/02/2014;6227,971443
IRF-M 1;18/02/2014;6232,611859
IRF-M 1;19/02/2014;6235,013084
IRF-M 1;20/02/2014;6239,53219
IRF-M 1;21/02/2014;6241,620689
IRF-M 1;24/02/2014;6244,34441
IRF-M 1;25/02/2014;6247,524809
IRF-M 1;26/02/2014;6250,126406
IRF-M 1;27/02/2014;6253,938617
IRF-M 1;28/02/2014;6254,481802
IRF-M 1;05/03/2014;6257,288619
IRF-M 1;06/03/2014;6259,308071
IRF-M 1;07/03/2014;6260,877805
IRF-M 1;10/03/2014;6262,788322
IRF-M 1;11/03/2014;6266,201395
IRF-M 1;12/03/2014;6269,211324
IRF-M 1;13/03/2014;6270,967146
IRF-M 1;14/03/2014;6273,414645
IRF-M 1;17/03/2014;6276,194302
IRF-M 1;18/03/2014;6278,421069
IRF-M 1;19/03/2014;6279,694932
IRF-M 1;20/03/2014;6282,22655
IRF-M 1;21/03/2014;6285,543011
IRF-M 1;24/03/2014;6289,217179
IRF-M 1;25/03/2014;6292,010318
IRF-M 1;26/03/2014;6294,865888
IRF-M 1;27/03/2014;6297,638252
IRF-M 1;28/03/2014;6300,585484
IRF-M 1;31/03/2014;6303,282504
IRF-M 1;01/04/2014;6305,73842
IRF-M 1;02/04/2014;6308,707159
IRF-M 1;03/04/2014;6313,678737
IRF-M 1;04/04/2014;6315,494156
IRF-M 1;07/04/2014;6318,439585
IRF-M 1;08/04/2014;6320,705169
IRF-M 1;09/04/2014;6321,962473
IRF-M 1;10/04/2014;6325,83611
IRF-M 1;11/04/2014;6327,906452
IRF-M 1;14/04/2014;6330,06311
IRF-M 1;15/04/2014;6333,128046
IRF-M 1;16/04/2014;6336,061647
IRF-M 1;17/04/2014;6340,1048
IRF-M 1;22/04/2014;6342,717898
IRF-M 1;23/04/2014;6346,309124
IRF-M 1;24/04/2014;6348,734267
IRF-M 1;25/04/2014;6351,10536
IRF-M 1;28/04/2014;6353,710114
IRF-M 1;29/04/2014;6356,111537
IRF-M 1;30/04/2014;6359,098277
IRF-M 1;02/05/2014;6362,039494
IRF-M 1;05/05/2014;6364,302885
IRF-M 1;06/05/2014;6367,472098
IRF-M 1;07/05/2014;6369,802283
IRF-M 1;08/05/2014;6371,398138
IRF-M 1;09/05/2014;6375,284315
IRF-M 1;12/05/2014;6377,233708
IRF-M 1;13/05/2014;6380,047853
IRF-M 1;14/05/2014;6383,261635
IRF-M 1;15/05/2014;6385,866617
IRF-M 1;16/05/2014;6389,152194
IRF-M 1;19/05/2014;6392,2198
IRF-M 1;20/05/2014;6395,328424
IRF-M 1;21/05/2014;6398,733658
IRF-M 1;22/05/2014;6402,306804
IRF-M 1;23/05/2014;6404,897309
IRF-M 1;26/05/2014;6407,382285
IRF-M 1;27/05/2014;6409,406201
IRF-M 1;28/05/2014;6412,738482
IRF-M 1;29/05/2014;6416,352997
IRF-M 1;30/05/2014;6419,39244
IRF-M 1;02/06/2014;6422,122075
IRF-M 1;03/06/2014;6424,825614
IRF-M 1;04/06/2014;6427,657771
IRF-M 1;05/06/2014;6431,48818
IRF-M 1;06/06/2014;6434,808828
IRF-M 1;09/06/2014;6437,281817
IRF-M 1;10/06/2014;6439,441189
IRF-M 1;11/06/2014;6442,211082
IRF-M 1;12/06/2014;6444,863813
IRF-M 1;13/06/2014;6447,912516
IRF-M 1;16/06/2014;6450,473357
IRF-M 1;17/06/2014;6453,352988
IRF-M 1;18/06/2014;6456,408871
IRF-M 1;20/06/2014;6459,022123
IRF-M 1;23/06/2014;6461,809183
IRF-M 1;24/06/2014;6464,631045
IRF-M 1;25/06/2014;6467,339698
IRF-M 1;26/06/2014;6469,649359
IRF-M 1;27/06/2014;6472,370874
IRF-M 1;30/06/2014;6475,215758
IRF-M 1;01/07/2014;6478,43438
IRF-M 1;02/07/2014;6481,013266
IRF-M 1;03/07/2014;6483,688202
IRF-M 1;04/07/2014;6486,421106
IRF-M 1;07/07/2014;6489,110537
IRF-M 1;08/07/2014;6491,695378
IRF-M 1;09/07/2014;6494,357648
IRF-M 1;10/07/2014;6496,744346
IRF-M 1;11/07/2014;6498,989877
IRF-M 1;14/07/2014;6502,21631
IRF-M 1;15/07/2014;6504,798855
IRF-M 1;16/07/2014;6507,861421
IRF-M 1;17/07/2014;6512,164638
IRF-M 1;18/07/2014;6514,259539
IRF-M 1;21/07/2014;6516,370885
IRF-M 1;22/07/2014;6519,716115
IRF-M 1;23/07/2014;6521,880112
IRF-M 1;24/07/2014;6522,638878
IRF-M 1;25/07/2014;6526,215067
IRF-M 1;28/07/2014;6528,785534
IRF-M 1;29/07/2014;6531,468743
IRF-M 1;30/07/2014;6533,734227
IRF-M 1;31/07/2014;6536,207503
IRF-M 1;01/08/2014;6537,357088
IRF-M 1;04/08/2014;6539,156499
IRF-M 1;05/08/2014;6539,091176
IRF-M 1;06/08/2014;6543,032814
IRF-M 1;07/08/2014;6545,035266
IRF-M 1;08/08/2014;6548,794841
IRF-M 1;11/08/2014;6551,718458
IRF-M 1;12/08/2014;6554,568471
IRF-M 1;13/08/2014;6557,112091
IRF-M 1;14/08/2014;6560,103606
IRF-M 1;15/08/2014;6563,330663
IRF-M 1;18/08/2014;6566,434164
IRF-M 1;19/08/2014;6569,130837
IRF-M 1;20/08/2014;6572,074887
IRF-M 1;21/08/2014;6574,478636
IRF-M 1;22/08/2014;6577,290675
IRF-M 1;25/08/2014;6580,04793
IRF-M 1;26/08/2014;6582,477192
IRF-M 1;27/08/2014;6584,834267
IRF-M 1;28/08/2014;6588,797435
IRF-M 1;29/08/2014;6591,169282
IRF-M 1;01/09/2014;6593,337835
IRF-M 1;02/09/2014;6595,570149
IRF-M 1;03/09/2014;6598,563203
IRF-M 1;04/09/2014;6600,49924
IRF-M 1;05/09/2014;6603,11416
IRF-M 1;08/09/2014;6605,634618
IRF-M 1;09/09/2014;6607,973035
IRF-M 1;10/09/2014;6610,746202
IRF-M 1;11/09/2014;6614,175574
IRF-M 1;12/09/2014;6615,535111
IRF-M 1;15/09/2014;6618,590854
IRF-M 1;16/09/2014;6621,281849
IRF-M 1;17/09/2014;6623,900048
IRF-M 1;18/09/2014;6626,21722
IRF-M 1;19/09/2014;6628,355366
IRF-M 1;22/09/2014;6630,386459
IRF-M 1;23/09/2014;6633,406262
IRF-M 1;24/09/2014;6636,5947
IRF-M 1;25/09/2014;6638,819076
IRF-M 1;26/09/2014;6641,816377
IRF-M 1;29/09/2014;6641,99216
IRF-M 1;30/09/2014;6645,24642
IRF-M 1;01/10/2014;6647,43356
IRF-M 1;02/10/2014;6649,439043
IRF-M 1;03/10/2014;6653,209074
IRF-M 1;06/10/2014;6656,639543
IRF-M 1;07/10/2014;6660,128702
IRF-M 1;08/10/2014;6661,64928
IRF-M 1;09/10/2014;6663,942913
IRF-M 1;10/10/2014;6665,505165
IRF-M 1;13/10/2014;6669,197147
IRF-M 1;14/10/2014;6672,357002
IRF-M 1;15/10/2014;6674,334651
IRF-M 1;16/10/2014;6675,82884
IRF-M 1;17/10/2014;6679,687081
IRF-M 1;20/10/2014;6680,979521
IRF-M 1;21/10/2014;6683,550314
IRF-M 1;22/10/2014;6688,375531
IRF-M 1;23/10/2014;6690,899333
IRF-M 1;24/10/2014;6695,277093
IRF-M 1;27/10/2014;6700,032093
IRF-M 1;28/10/2014;6703,376586
IRF-M 1;29/10/2014;6705,385934
IRF-M 1;30/10/2014;6699,819734
IRF-M 1;31/10/2014;6702,125401
IRF-M 1;03/11/2014;6704,452144
IRF-M 1;04/11/2014;6706,601972
IRF-M 1;05/11/2014;6710,160896
IRF-M 1;06/11/2014;6712,019773
IRF-M 1;07/11/2014;6714,481395
IRF-M 1;10/11/2014;6717,608239
IRF-M 1;11/11/2014;6719,886035
IRF-M 1;12/11/2014;6722,475822
IRF-M 1;13/11/2014;6724,534148
IRF-M 1;14/11/2014;6727,768785
IRF-M 1;17/11/2014;6730,173985
IRF-M 1;18/11/2014;6733,573479
IRF-M 1;19/11/2014;6736,811571
IRF-M 1;20/11/2014;6739,787468
IRF-M 1;21/11/2014;6743,736972
IRF-M 1;24/11/2014;6746,899539
IRF-M 1;25/11/2014;6749,470147
IRF-M 1;26/11/2014;6750,99695
IRF-M 1;27/11/2014;6754,215396
IRF-M 1;28/11/2014;6755,372199
IRF-M 1;01/12/2014;6758,026584
IRF-M 1;02/12/2014;6760,379426
IRF-M 1;03/12/2014;6761,719225
IRF-M 1;04/12/2014;6767,367977
IRF-M 1;05/12/2014;6770,367425
IRF-M 1;08/12/2014;6773,004534
IRF-M 1;09/12/2014;6776,350402
IRF-M 1;10/12/2014;6778,739624
IRF-M 1;11/12/2014;6781,534353
IRF-M 1;12/12/2014;6784,143
IRF-M 1;15/12/2014;6786,160635
IRF-M 1;16/12/2014;6785,37237
IRF-M 1;17/12/2014;6788,437697
IRF-M 1;18/12/2014;6792,033516
IRF-M 1;19/12/2014;6795,032725
IRF-M 1;22/12/2014;6798,572578
IRF-M 1;23/12/2014;6801,404512
IRF-M 1;24/12/2014;6804,507398
IRF-M 1;26/12/2014;6807,277401
IRF-M 1;29/12/2014;6810,054859
IRF-M 1;30/12/2014;6813,388994
IRF-M 1;31/12/2014;6816,500849
IRF-M 1;02/01/2015;6819,430231
IRF-M 1;05/01/2015;6824,376221
IRF-M 1;06/01/2015;6830,368403
IRF-M 1;07/01/2015;6834,683441
IRF-M 1;08/01/2015;6838,664299
IRF-M 1;09/01/2015;6842,809633
IRF-M 1;12/01/2015;6844,300502
IRF-M 1;13/01/2015;6849,784362
IRF-M 1;14/01/2015;6853,282282
IRF-M 1;15/01/2015;6857,847125
IRF-M 1;16/01/2015;6862,943026
IRF-M 1;19/01/2015;6863,10687
IRF-M 1;20/01/2015;6867,127251
IRF-M 1;21/01/2015;6870,836667
IRF-M 1;22/01/2015;6872,246884
IRF-M 1;23/01/2015;6875,211852
IRF-M 1;26/01/2015;6878,069948
IRF-M 1;27/01/2015;6881,260133
IRF-M 1;28/01/2015;6884,807177
IRF-M 1;29/01/2015;6888,370689
IRF-M 1;30/01/2015;6889,34117
IRF-M 1;02/02/2015;6889,789129
IRF-M 1;03/02/2015;6895,483904
IRF-M 1;04/02/2015;6897,702325
IRF-M 1;05/02/2015;6900,288285
IRF-M 1;06/02/2015;6903,291031
IRF-M 1;09/02/2015;6905,569777
IRF-M 1;10/02/2015;6905,810728
IRF-M 1;11/02/2015;6902,669621
IRF-M 1;12/02/2015;6907,142427
IRF-M 1;13/02/2015;6910,788888
IRF-M 1;18/02/2015;6914,208756
IRF-M 1;19/02/2015;6916,699338
IRF-M 1;20/02/2015;6918,961328
IRF-M 1;23/02/2015;6922,820732
IRF-M 1;24/02/2015;6929,186348
IRF-M 1;25/02/2015;6932,211
IRF-M 1;26/02/2015;6935,215828
IRF-M 1;27/02/2015;6940,355985
IRF-M 1;02/03/2015;6941,806085
IRF-M 1;03/03/2015;6945,19626
IRF-M 1;04/03/2015;6946,122744
IRF-M 1;05/03/2015;6946,792948
IRF-M 1;06/03/2015;6945,86153
IRF-M 1;09/03/2015;6941,569292
IRF-M 1;10/03/2015;6947,492685
IRF-M 1;11/03/2015;6952,260479
IRF-M 1;12/03/2015;6953,511686
IRF-M 1;13/03/2015;6955,138533
IRF-M 1;16/03/2015;6958,705018
IRF-M 1;17/03/2015;6964,528797
IRF-M 1;18/03/2015;6970,506986
IRF-M 1;19/03/2015;6971,308612
IRF-M 1;20/03/2015;6976,790408
IRF-M 1;23/03/2015;6982,372471
IRF-M 1;24/03/2015;6986,594209
IRF-M 1;25/03/2015;6990,495677
IRF-M 1;26/03/2015;6993,585016
IRF-M 1;27/03/2015;6996,319206
IRF-M 1;30/03/2015;6999,787584
IRF-M 1;31/03/2015;7005,152807
IRF-M 1;01/04/2015;7011,472435
IRF-M 1;02/04/2015;7014,304845
IRF-M 1;06/04/2015;7018,509997
IRF-M 1;07/04/2015;7022,95886
IRF-M 1;08/04/2015;7028,916234
IRF-M 1;09/04/2015;7030,381745
IRF-M 1;10/04/2015;7033,613752
IRF-M 1;13/04/2015;7036,038079
IRF-M 1;14/04/2015;7039,680508
IRF-M 1;15/04/2015;7043,000909
IRF-M 1;16/04/2015;7044,151033
IRF-M 1;17/04/2015;7044,29992
IRF-M 1;20/04/2015;7044,480443
IRF-M 1;22/04/2015;7047,484393
IRF-M 1;23/04/2015;7050,894865
IRF-M 1;24/04/2015;7052,590915
IRF-M 1;27/04/2015;7059,244407
IRF-M 1;28/04/2015;7062,36163
IRF-M 1;29/04/2015;7066,808437
IRF-M 1;30/04/2015;7063,981479
IRF-M 1;04/05/2015;7067,102912
IRF-M 1;05/05/2015;7071,082552
IRF-M 1;06/05/2015;7074,151359
IRF-M 1;07/05/2015;7074,615023
IRF-M 1;08/05/2015;7079,413691
IRF-M 1;11/05/2015;7082,354705
IRF-M 1;12/05/2015;7085,381888
IRF-M 1;13/05/2015;7088,642894
IRF-M 1;14/05/2015;7093,635188
IRF-M 1;15/05/2015;7097,853856
IRF-M 1;18/05/2015;7099,819751
IRF-M 1;19/05/2015;7102,927532
IRF-M 1;20/05/2015;7108,357752
IRF-M 1;21/05/2015;7111,410333
IRF-M 1;22/05/2015;7115,535055
IRF-M 1;25/05/2015;7120,144086
IRF-M 1;26/05/2015;7124,098462
IRF-M 1;27/05/2015;7126,323326
IRF-M 1;28/05/2015;7129,443781
IRF-M 1;29/05/2015;7131,41977
IRF-M 1;01/06/2015;7133,500035
IRF-M 1;02/06/2015;7135,866819
IRF-M 1;03/06/2015;7138,796233
IRF-M 1;05/06/2015;7139,624986
IRF-M 1;08/06/2015;7143,846496
IRF-M 1;09/06/2015;7146,932762
IRF-M 1;10/06/2015;7148,555272
IRF-M 1;11/06/2015;7149,741596
IRF-M 1;12/06/2015;7153,535451
IRF-M 1;15/06/2015;7155,37731
IRF-M 1;16/06/2015;7160,121093
IRF-M 1;17/06/2015;7164,699273
IRF-M 1;18/06/2015;7168,211473
IRF-M 1;19/06/2015;7172,123589
IRF-M 1;22/06/2015;7176,806086
IRF-M 1;23/06/2015;7181,888257
IRF-M 1;24/06/2015;7183,499973
IRF-M 1;25/06/2015;7185,836978
IRF-M 1;26/06/2015;7189,20132
IRF-M 1;29/06/2015;7193,644411
IRF-M 1;30/06/2015;7198,092655
IRF-M 1;01/07/2015;7201,344588
IRF-M 1;02/07/2015;7208,704352
IRF-M 1;03/07/2015;7213,888811
IRF-M 1;06/07/2015;7216,738582
IRF-M 1;07/07/2015;7221,556081
IRF-M 1;08/07/2015;7227,439962
IRF-M 1;09/07/2015;7231,214392
IRF-M 1;10/07/2015;7236,697853
IRF-M 1;13/07/2015;7240,135152
IRF-M 1;14/07/2015;7243,867585
IRF-M 1;15/07/2015;7247,656208
IRF-M 1;16/07/2015;7251,226835
IRF-M 1;17/07/2015;7256,386101
IRF-M 1;20/07/2015;7261,390951
IRF-M 1;21/07/2015;7265,5004
IRF-M 1;22/07/2015;7269,308862
IRF-M 1;23/07/2015;7268,408062
IRF-M 1;24/07/2015;7265,869544
IRF-M 1;27/07/2015;7269,537234
IRF-M 1;28/07/2015;7272,872962
IRF-M 1;29/07/2015;7277,889551
IRF-M 1;30/07/2015;7286,255589
IRF-M 1;31/07/2015;7290,278389
IRF-M 1;03/08/2015;7292,230935
IRF-M 1;04/08/2015;7296,038137
IRF-M 1;05/08/2015;7298,542965
IRF-M 1;06/08/2015;7296,592451
IRF-M 1;07/08/2015;7298,130259
IRF-M 1;10/08/2015;7305,556949
IRF-M 1;11/08/2015;7312,415551
IRF-M 1;12/08/2015;7317,8405
IRF-M 1;13/08/2015;7321,005857
IRF-M 1;14/08/2015;7325,280467
IRF-M 1;17/08/2015;7329,07986
IRF-M 1;18/08/2015;7333,416964
IRF-M 1;19/08/2015;7337,786073
IRF-M 1;20/08/2015;7342,969655
IRF-M 1;21/08/2015;7346,460446
IRF-M 1;24/08/2015;7347,66777
IRF-M 1;25/08/2015;7351,504561
IRF-M 1;26/08/2015;7356,010257
IRF-M 1;27/08/2015;7361,118354
IRF-M 1;28/08/2015;7364,124421
IRF-M 1;31/08/2015;7364,985182
IRF-M 1;01/09/2015;7366,973006
IRF-M 1;02/09/2015;7366,900468
IRF-M 1;03/09/2015;7373,161775
IRF-M 1;04/09/2015;7371,310877
IRF-M 1;08/09/2015;7377,384291
IRF-M 1;09/09/2015;7381,952162
IRF-M 1;10/09/2015;7381,128084
IRF-M 1;11/09/2015;7386,841063
IRF-M 1;14/09/2015;7394,577914
IRF-M 1;15/09/2015;7397,849207
IRF-M 1;16/09/2015;7401,910109
IRF-M 1;17/09/2015;7405,016075
IRF-M 1;18/09/2015;7403,820114
IRF-M 1;21/09/2015;7407,692711
IRF-M 1;22/09/2015;7410,697198
IRF-M 1;23/09/2015;7406,341444
IRF-M 1;24/09/2015;7418,997484
IRF-M 1;25/09/2015;7423,142647
IRF-M 1;28/09/2015;7420,258378
IRF-M 1;29/09/2015;7428,208388
IRF-M 1;30/09/2015;7435,69656
IRF-M 1;01/10/2015;7436,954204
IRF-M 1;02/10/2015;7448,133188
IRF-M 1;05/10/2015;7453,750208
IRF-M 1;06/10/2015;7461,500168
IRF-M 1;07/10/2015;7462,211124
IRF-M 1;08/10/2015;7470,235487
IRF-M 1;09/10/2015;7470,761041
IRF-M 1;13/10/2015;7470,906695
IRF-M 1;14/10/2015;7477,76913
IRF-M 1;15/10/2015;7486,853678
IRF-M 1;16/10/2015;7490,283498
IRF-M 1;19/10/2015;7494,653966
IRF-M 1;20/10/2015;7500,548854
IRF-M 1;21/10/2015;7502,098206
IRF-M 1;22/10/2015;7511,259907
IRF-M 1;23/10/2015;7513,87859
IRF-M 1;26/10/2015;7518,575814
IRF-M 1;27/10/2015;7524,252788
IRF-M 1;28/10/2015;7525,331877
IRF-M 1;29/10/2015;7530,390399
IRF-M 1;30/10/2015;7532,8106
IRF-M 1;03/11/2015;7538,718948
IRF-M 1;04/11/2015;7542,884873
IRF-M 1;05/11/2015;7546,327479
IRF-M 1;06/11/2015;7551,4956
IRF-M 1;09/11/2015;7553,896155
IRF-M 1;10/11/2015;7557,324002
IRF-M 1;11/11/2015;7562,011643
IRF-M 1;12/11/2015;7565,496346
IRF-M 1;13/11/2015;7569,53286
IRF-M 1;16/11/2015;7574,362144
IRF-M 1;17/11/2015;7578,916475
IRF-M 1;18/11/2015;7583,970779
IRF-M 1;19/11/2015;7590,753388
IRF-M 1;20/11/2015;7594,832649
IRF-M 1;23/11/2015;7600,059055
IRF-M 1;24/11/2015;7602,30556
IRF-M 1;25/11/2015;7605,765853
IRF-M 1;26/11/2015;7607,494359
IRF-M 1;27/11/2015;7610,082892
IRF-M 1;30/11/2015;7613,208827
IRF-M 1;01/12/2015;7617,556657
IRF-M 1;02/12/2015;7622,678778
IRF-M 1;03/12/2015;7626,149041
IRF-M 1;04/12/2015;7630,106777
IRF-M 1;07/12/2015;7634,751391
IRF-M 1;08/12/2015;7638,591028
IRF-M 1;09/12/2015;7643,470466
IRF-M 1;10/12/2015;7645,445781
IRF-M 1;11/12/2015;7648,622834
IRF-M 1;14/12/2015;7652,367268
IRF-M 1;15/12/2015;7657,159994
IRF-M 1;16/12/2015;7660,817078
IRF-M 1;17/12/2015;7667,006278
IRF-M 1;18/12/2015;7671,028235
IRF-M 1;21/12/2015;7673,010909
IRF-M 1;22/12/2015;7678,250269
IRF-M 1;23/12/2015;7682,706884
IRF-M 1;24/12/2015;7686,901126
IRF-M 1;28/12/2015;7691,937506
IRF-M 1;29/12/2015;7695,425287
IRF-M 1;30/12/2015;7699,125728
IRF-M 1;31/12/2015;7703,331748
IRF-M 1;04/01/2016;7707,822701
IRF-M 1;05/01/2016;7717,845232
IRF-M 1;06/01/2016;7724,689795
IRF-M 1;07/01/2016;7728,583057
IRF-M 1;08/01/2016;7732,836972
IRF-M 1;11/01/2016;7734,804704
IRF-M 1;12/01/2016;7741,625673
IRF-M 1;13/01/2016;7747,433743
IRF-M 1;14/01/2016;7751,364542
IRF-M 1;15/01/2016;7754,049285
IRF-M 1;18/01/2016;7757,141117
IRF-M 1;19/01/2016;7768,41429
IRF-M 1;20/01/2016;7779,935788
IRF-M 1;21/01/2016;7794,58409
IRF-M 1;22/01/2016;7799,806379
IRF-M 1;25/01/2016;7803,987202
IRF-M 1;26/01/2016;7811,394975
IRF-M 1;27/01/2016;7816,823524
IRF-M 1;28/01/2016;7827,884493
IRF-M 1;29/01/2016;7829,950756
IRF-M 1;01/02/2016;7837,274466
IRF-M 1;02/02/2016;7839,776667
IRF-M 1;03/02/2016;7842,929397
IRF-M 1;04/02/2016;7845,325847
IRF-M 1;05/02/2016;7848,547969
IRF-M 1;10/02/2016;7856,808238
IRF-M 1;11/02/2016;7859,278916
IRF-M 1;12/02/2016;7864,952492
IRF-M 1;15/02/2016;7869,613474
IRF-M 1;16/02/2016;7876,755822
IRF-M 1;17/02/2016;7882,266574
IRF-M 1;18/02/2016;7884,057021
IRF-M 1;19/02/2016;7890,413671
IRF-M 1;22/02/2016;7896,129518
IRF-M 1;23/02/2016;7899,345122
IRF-M 1;24/02/2016;7904,39203
IRF-M 1;25/02/2016;7907,109819
IRF-M 1;26/02/2016;7909,998059
IRF-M 1;29/02/2016;7915,074305
IRF-M 1;01/03/2016;7923,493551
IRF-M 1;02/03/2016;7927,422387
IRF-M 1;03/03/2016;7932,027096
IRF-M 1;04/03/2016;7935,927448
IRF-M 1;07/03/2016;7938,353233
IRF-M 1;08/03/2016;7944,176441
IRF-M 1;09/03/2016;7952,054344
IRF-M 1;10/03/2016;7957,612643
IRF-M 1;11/03/2016;7963,809298
IRF-M 1;14/03/2016;7967,016071
IRF-M 1;15/03/2016;7969,551782
IRF-M 1;16/03/2016;7976,307803
IRF-M 1;17/03/2016;7980,859973
IRF-M 1;18/03/2016;7984,124359
IRF-M 1;21/03/2016;7987,765338
IRF-M 1;22/03/2016;7993,221802
IRF-M 1;23/03/2016;7997,001433
IRF-M 1;24/03/2016;7998,955778
IRF-M 1;28/03/2016;8004,880876
IRF-M 1;29/03/2016;8009,262501
IRF-M 1;30/03/2016;8012,719236
IRF-M 1;31/03/2016;8014,566888
IRF-M 1;01/04/2016;8020,800512
IRF-M 1;04/04/2016;8023,827683
IRF-M 1;05/04/2016;8028,285449
IRF-M 1;06/04/2016;8031,242702
IRF-M 1;07/04/2016;8034,16477
IRF-M 1;08/04/2016;8041,049171
IRF-M 1;11/04/2016;8046,694793
IRF-M 1;12/04/2016;8050,765232
IRF-M 1;13/04/2016;8057,849752
IRF-M 1;14/04/2016;8061,806643
IRF-M 1;15/04/2016;8067,265266
IRF-M 1;18/04/2016;8075,244609
IRF-M 1;19/04/2016;8077,054348
IRF-M 1;20/04/2016;8079,706921
IRF-M 1;22/04/2016;8082,416461
IRF-M 1;25/04/2016;8087,223388
IRF-M 1;26/04/2016;8089,586023
IRF-M 1;27/04/2016;8094,163088
IRF-M 1;28/04/2016;8094,807995
IRF-M 1;29/04/2016;8099,971819
IRF-M 1;02/05/2016;8102,343996
IRF-M 1;03/05/2016;8106,759248
IRF-M 1;04/05/2016;8110,431604
IRF-M 1;05/05/2016;8114,039225
IRF-M 1;06/05/2016;8118,195657
IRF-M 1;09/05/2016;8121,429437
IRF-M 1;10/05/2016;8127,639701
IRF-M 1;11/05/2016;8132,886606
IRF-M 1;12/05/2016;8137,951632
IRF-M 1;13/05/2016;8141,878047
IRF-M 1;16/05/2016;8145,321799
IRF-M 1;17/05/2016;8148,16216
IRF-M 1;18/05/2016;8151,43413
IRF-M 1;19/05/2016;8156,133267
IRF-M 1;20/05/2016;8160,13717
IRF-M 1;23/05/2016;8163,805521
IRF-M 1;24/05/2016;8168,357839
IRF-M 1;25/05/2016;8172,442595
IRF-M 1;27/05/2016;8176,734711
IRF-M 1;30/05/2016;8182,419156
IRF-M 1;31/05/2016;8186,37423
IRF-M 1;01/06/2016;8191,934279
IRF-M 1;02/06/2016;8196,140125
IRF-M 1;03/06/2016;8201,530411
IRF-M 1;06/06/2016;8205,904485
IRF-M 1;07/06/2016;8209,146718
IRF-M 1;08/06/2016;8213,845189
IRF-M 1;09/06/2016;8215,475888
IRF-M 1;10/06/2016;8218,916681
IRF-M 1;13/06/2016;8223,287229
IRF-M 1;14/06/2016;8226,604701
IRF-M 1;15/06/2016;8230,7644
IRF-M 1;16/06/2016;8234,329458
IRF-M 1;17/06/2016;8238,657394
IRF-M 1;20/06/2016;8242,97423
IRF-M 1;21/06/2016;8248,668279
IRF-M 1;22/06/2016;8253,732237
IRF-M 1;23/06/2016;8258,39462
IRF-M 1;24/06/2016;8263,509906
IRF-M 1;27/06/2016;8268,777833
IRF-M 1;28/06/2016;8268,846077
IRF-M 1;29/06/2016;8271,950081
IRF-M 1;30/06/2016;8274,9256
IRF-M 1;01/07/2016;8280,279395
IRF-M 1;04/07/2016;8284,667756
IRF-M 1;05/07/2016;8287,539415
IRF-M 1;06/07/2016;8291,169094
IRF-M 1;07/07/2016;8295,361083
IRF-M 1;08/07/2016;8300,582342
IRF-M 1;11/07/2016;8305,550419
IRF-M 1;12/07/2016;8309,480801
IRF-M 1;13/07/2016;8314,866413
IRF-M 1;14/07/2016;8319,102064
IRF-M 1;15/07/2016;8322,533327
IRF-M 1;18/07/2016;8327,024037
IRF-M 1;19/07/2016;8331,374772
IRF-M 1;20/07/2016;8336,670108
IRF-M 1;21/07/2016;8336,580247
IRF-M 1;22/07/2016;8340,658239
IRF-M 1;25/07/2016;8344,734745
IRF-M 1;26/07/2016;8347,982975
IRF-M 1;27/07/2016;8352,134182
IRF-M 1;28/07/2016;8355,589886
IRF-M 1;29/07/2016;8360,744877
IRF-M 1;01/08/2016;8365,23598
IRF-M 1;02/08/2016;8369,290141
IRF-M 1;03/08/2016;8373,430684
IRF-M 1;04/08/2016;8378,333395
IRF-M 1;05/08/2016;8383,631216
IRF-M 1;08/08/2016;8387,529955
IRF-M 1;09/08/2016;8393,513985
IRF-M 1;10/08/2016;8397,595779
IRF-M 1;11/08/2016;8401,50667
IRF-M 1;12/08/2016;8405,969431
IRF-M 1;15/08/2016;8410,227246
IRF-M 1;16/08/2016;8413,770122
IRF-M 1;17/08/2016;8418,125596
IRF-M 1;18/08/2016;8421,878281
IRF-M 1;19/08/2016;8426,830295
IRF-M 1;22/08/2016;8430,908111
IRF-M 1;23/08/2016;8435,437765
IRF-M 1;24/08/2016;8439,247975
IRF-M 1;25/08/2016;8443,6911
IRF-M 1;26/08/2016;8447,334233
IRF-M 1;29/08/2016;8451,244171
IRF-M 1;30/08/2016;8456,023962
IRF-M 1;31/08/2016;8460,434997
IRF-M 1;01/09/2016;8467,174469
IRF-M 1;02/09/2016;8471,947429
IRF-M 1;05/09/2016;8476,364766
IRF-M 1;06/09/2016;8480,89786
IRF-M 1;08/09/2016;8485,650607
IRF-M 1;09/09/2016;8489,00003
IRF-M 1;12/09/2016;8493,570346
IRF-M 1;13/09/2016;8496,662772
IRF-M 1;14/09/2016;8501,668218
IRF-M 1;15/09/2016;8506,808013
IRF-M 1;16/09/2016;8512,147789
IRF-M 1;19/09/2016;8516,63512
IRF-M 1;20/09/2016;8521,487269
IRF-M 1;21/09/2016;8527,301176
IRF-M 1;22/09/2016;8533,411356
IRF-M 1;23/09/2016;8538,209849
IRF-M 1;26/09/2016;8542,688973
IRF-M 1;27/09/2016;8548,336994
IRF-M 1;28/09/2016;8553,127811
IRF-M 1;29/09/2016;8556,954806
IRF-M 1;30/09/2016;8561,228179
IRF-M 1;03/10/2016;8567,140735
IRF-M 1;04/10/2016;8568,720887
IRF-M 1;05/10/2016;8574,266974
IRF-M 1;06/10/2016;8579,669076
IRF-M 1;07/10/2016;8585,746282
IRF-M 1;10/10/2016;8588,756054
IRF-M 1;11/10/2016;8593,470746
IRF-M 1;13/10/2016;8598,906036
IRF-M 1;14/10/2016;8603,409227
IRF-M 1;17/10/2016;8606,907361
IRF-M 1;18/10/2016;8610,833721
IRF-M 1;19/10/2016;8616,797415
IRF-M 1;20/10/2016;8614,621262
IRF-M 1;21/10/2016;8617,019198
IRF-M 1;24/10/2016;8621,593223
IRF-M 1;25/10/2016;8623,646903
IRF-M 1;26/10/2016;8627,607102
IRF-M 1;27/10/2016;8632,328195
IRF-M 1;28/10/2016;8637,491408
IRF-M 1;31/10/2016;8641,965787
IRF-M 1;01/11/2016;8646,032549
IRF-M 1;03/11/2016;8650,793901
IRF-M 1;04/11/2016;8655,263446
IRF-M 1;07/11/2016;8660,479694
IRF-M 1;08/11/2016;8665,816419
IRF-M 1;09/11/2016;8669,189189
IRF-M 1;10/11/2016;8671,564508
IRF-M 1;11/11/2016;8674,051533
IRF-M 1;14/11/2016;8675,412957
IRF-M 1;16/11/2016;8681,844698
IRF-M 1;17/11/2016;8686,332496
IRF-M 1;18/11/2016;8691,531618
IRF-M 1;21/11/2016;8699,36
IRF-M 1;22/11/2016;8705,2862
IRF-M 1;23/11/2016;8710,07433
IRF-M 1;24/11/2016;8714,704814
IRF-M 1;25/11/2016;8718,993803
IRF-M 1;28/11/2016;8723,42724
IRF-M 1;29/11/2016;8728,10025
IRF-M 1;30/11/2016;8732,665504
IRF-M 1;01/12/2016;8733,77028
IRF-M 1;02/12/2016;8738,507582
IRF-M 1;05/12/2016;8746,074372
IRF-M 1;06/12/2016;8751,928789
IRF-M 1;07/12/2016;8756,811103
IRF-M 1;08/12/2016;8761,354463
IRF-M 1;09/12/2016;8766,738795
IRF-M 1;12/12/2016;8772,271379
IRF-M 1;13/12/2016;8776,431695
IRF-M 1;14/12/2016;8781,406208
IRF-M 1;15/12/2016;8785,84135
IRF-M 1;16/12/2016;8790,907237
IRF-M 1;19/12/2016;8797,016185
IRF-M 1;20/12/2016;8801,223581
IRF-M 1;21/12/2016;8807,537511
IRF-M 1;22/12/2016;8811,578249
IRF-M 1;23/12/2016;8815,547235
IRF-M 1;26/12/2016;8820,323086
IRF-M 1;27/12/2016;8824,497636
IRF-M 1;28/12/2016;8828,429856
IRF-M 1;29/12/2016;8832,848909
IRF-M 1;30/12/2016;8837,114026
IRF-M 1;02/01/2017;8842,393924
IRF-M 1;03/01/2017;8846,737017
IRF-M 1;04/01/2017;8849,79939
IRF-M 1;05/01/2017;8859,271197
IRF-M 1;06/01/2017;8863,310433
IRF-M 1;09/01/2017;8868,184272
IRF-M 1;10/01/2017;8873,626409
IRF-M 1;11/01/2017;8877,374396
IRF-M 1;12/01/2017;8896,559448
IRF-M 1;13/01/2017;8898,222583
IRF-M 1;16/01/2017;8903,121229
IRF-M 1;17/01/2017;8906,326522
IRF-M 1;18/01/2017;8910,297164
IRF-M 1;19/01/2017;8917,057301
IRF-M 1;20/01/2017;8922,849523
IRF-M 1;23/01/2017;8926,316158
IRF-M 1;24/01/2017;8930,18
IRF-M 1;25/01/2017;8934,072788
IRF-M 1;26/01/2017;8937,315223
IRF-M 1;27/01/2017;8942,055935
IRF-M 1;30/01/2017;8945,806181
IRF-M 1;31/01/2017;8951,060245
IRF-M 1;01/02/2017;8955,626081
IRF-M 1;02/02/2017;8960,496297
IRF-M 1;03/02/2017;8965,969764
IRF-M 1;06/02/2017;8969,906121
IRF-M 1;07/02/2017;8975,14085
IRF-M 1;08/02/2017;8981,384492
IRF-M 1;09/02/2017;8985,78238
IRF-M 1;10/02/2017;8991,411047
IRF-M 1;13/02/2017;8995,65108
IRF-M 1;14/02/2017;8999,785248
IRF-M 1;15/02/2017;9005,196473
IRF-M 1;16/02/2017;9008,717468
IRF-M 1;17/02/2017;9014,621536
IRF-M 1;20/02/2017;9019,928224
IRF-M 1;21/02/2017;9025,548451
IRF-M 1;22/02/2017;9030,072057
IRF-M 1;23/02/2017;9037,552769
IRF-M 1;24/02/2017;9041,22398
IRF-M 1;01/03/2017;9046,475462
IRF-M 1;02/03/2017;9049,684756
IRF-M 1;03/03/2017;9055,839931
IRF-M 1;06/03/2017;9060,858281
IRF-M 1;07/03/2017;9064,615463
IRF-M 1;08/03/2017;9067,906128
IRF-M 1;09/03/2017;9071,550711
IRF-M 1;10/03/2017;9080,576998
IRF-M 1;13/03/2017;9085,874966
IRF-M 1;14/03/2017;9088,51574
IRF-M 1;15/03/2017;9094,386404
IRF-M 1;16/03/2017;9097,177122
IRF-M 1;17/03/2017;9100,715988
IRF-M 1;20/03/2017;9104,454372
IRF-M 1;21/03/2017;9109,563977
IRF-M 1;22/03/2017;9113,502893
IRF-M 1;23/03/2017;9116,864177
IRF-M 1;24/03/2017;9122,915875
IRF-M 1;27/03/2017;9128,546178
IRF-M 1;28/03/2017;9132,171765
IRF-M 1;29/03/2017;9136,456269
IRF-M 1;30/03/2017;9138,747574
IRF-M 1;31/03/2017;9142,858551
IRF-M 1;03/04/2017;9148,035975
IRF-M 1;04/04/2017;9153,060796
IRF-M 1;05/04/2017;9158,472084
IRF-M 1;06/04/2017;9159,96232
IRF-M 1;07/04/2017;9165,318922
IRF-M 1;10/04/2017;9173,958326
IRF-M 1;11/04/2017;9179,760121
IRF-M 1;12/04/2017;9181,994765
IRF-M 1;13/04/2017;9184,982304
IRF-M 1;17/04/2017;9189,348306
IRF-M 1;18/04/2017;9197,327046
IRF-M 1;19/04/2017;9200,382906
IRF-M 1;20/04/2017;9203,825302
IRF-M 1;24/04/2017;9209,213132
IRF-M 1;25/04/2017;9210,722088
IRF-M 1;26/04/2017;9214,662774
IRF-M 1;27/04/2017;9218,345812
IRF-M 1;28/04/2017;9222,726809
IRF-M 1;02/05/2017;9227,875089
IRF-M 1;03/05/2017;9232,771348
IRF-M 1;04/05/2017;9234,603113
IRF-M 1;05/05/2017;9239,995494
IRF-M 1;08/05/2017;9243,368187
IRF-M 1;09/05/2017;9249,067652
IRF-M 1;10/05/2017;9255,43549
IRF-M 1;11/05/2017;9262,910092
IRF-M 1;12/05/2017;9268,106808
IRF-M 1;15/05/2017;9276,995133
IRF-M 1;16/05/2017;9281,889745
IRF-M 1;17/05/2017;9285,029555
IRF-M 1;18/05/2017;9239,551757
IRF-M 1;19/05/2017;9261,371993
IRF-M 1;22/05/2017;9261,311959
IRF-M 1;23/05/2017;9271,536558
IRF-M 1;24/05/2017;9277,832553
IRF-M 1;25/05/2017;9281,984336
IRF-M 1;26/05/2017;9293,500427
IRF-M 1;29/05/2017;9299,974875
IRF-M 1;30/05/2017;9300,939799
IRF-M 1;31/05/2017;9306,693254
IRF-M 1;01/06/2017;9305,031725
IRF-M 1;02/06/2017;9307,529536
IRF-M 1;05/06/2017;9310,239642
IRF-M 1;06/06/2017;9317,762916
IRF-M 1;07/06/2017;9321,348977
IRF-M 1;08/06/2017;9324,798147
IRF-M 1;09/06/2017;9333,657956
IRF-M 1;12/06/2017;9337,738821
IRF-M 1;13/06/2017;9339,930065
IRF-M 1;14/06/2017;9344,094861
IRF-M 1;16/06/2017;9349,775909
IRF-M 1;19/06/2017;9355,958272
IRF-M 1;20/06/2017;9357,684564
IRF-M 1;21/06/2017;9362,971007
IRF-M 1;22/06/2017;9367,523749
IRF-M 1;23/06/2017;9370,486376
IRF-M 1;26/06/2017;9374,903251
IRF-M 1;27/06/2017;9377,492975
IRF-M 1;28/06/2017;9381,80136
IRF-M 1;29/06/2017;9384,183661
IRF-M 1;30/06/2017;9389,123633
IRF-M 1;03/07/2017;9395,837586
IRF-M 1;04/07/2017;9399,674499
IRF-M 1;05/07/2017;9404,324666
IRF-M 1;06/07/2017;9407,796051
IRF-M 1;07/07/2017;9411,136502
IRF-M 1;10/07/2017;9414,58589
IRF-M 1;11/07/2017;9419,022648
IRF-M 1;12/07/2017;9424,782763
IRF-M 1;13/07/2017;9428,276473
IRF-M 1;14/07/2017;9433,62237
IRF-M 1;17/07/2017;9437,112416
IRF-M 1;18/07/2017;9441,562629
IRF-M 1;19/07/2017;9447,030026
IRF-M 1;20/07/2017;9453,630414
IRF-M 1;21/07/2017;9455,738842
IRF-M 1;24/07/2017;9459,390688
IRF-M 1;25/07/2017;9462,591731
IRF-M 1;26/07/2017;9466,093624
IRF-M 1;27/07/2017;9480,33954
IRF-M 1;28/07/2017;9484,995879
IRF-M 1;31/07/2017;9487,656534
IRF-M 1;01/08/2017;9491,948427
IRF-M 1;02/08/2017;9495,716868
IRF-M 1;03/08/2017;9500,075702
IRF-M 1;04/08/2017;9502,89551
IRF-M 1;07/08/2017;9505,441269
IRF-M 1;08/08/2017;9509,035728
IRF-M 1;09/08/2017;9511,850808
IRF-M 1;10/08/2017;9514,41247
IRF-M 1;11/08/2017;9518,409969
IRF-M 1;14/08/2017;9521,421373
IRF-M 1;15/08/2017;9524,515073
IRF-M 1;16/08/2017;9528,433471
IRF-M 1;17/08/2017;9530,453926
IRF-M 1;18/08/2017;9536,234863
IRF-M 1;21/08/2017;9539,742885
IRF-M 1;22/08/2017;9543,190298
IRF-M 1;23/08/2017;9549,141888
IRF-M 1;24/08/2017;9554,186153
IRF-M 1;25/08/2017;9558,718574
IRF-M 1;28/08/2017;9562,480508
IRF-M 1;29/08/2017;9567,160968
IRF-M 1;30/08/2017;9570,562767
IRF-M 1;31/08/2017;9573,169082
IRF-M 1;01/09/2017;9575,895097
IRF-M 1;04/09/2017;9579,188477
IRF-M 1;05/09/2017;9582,577294
IRF-M 1;06/09/2017;9589,29876
IRF-M 1;08/09/2017;9593,575296
IRF-M 1;11/09/2017;9595,864053
IRF-M 1;12/09/2017;9599,96418
IRF-M 1;13/09/2017;9603,453895
IRF-M 1;14/09/2017;9607,783005
IRF-M 1;15/09/2017;9611,199427
IRF-M 1;18/09/2017;9615,457905
IRF-M 1;19/09/2017;9619,548686
IRF-M 1;20/09/2017;9622,648516
IRF-M 1;21/09/2017;9626,615816
IRF-M 1;22/09/2017;9629,729608
IRF-M 1;25/09/2017;9632,304983
IRF-M 1;26/09/2017;9635,698122
IRF-M 1;27/09/2017;9638,029203
IRF-M 1;28/09/2017;9640,986352
IRF-M 1;29/09/2017;9644,45464
IRF-M 1;02/10/2017;9647,86393
IRF-M 1;03/10/2017;9649,676496
IRF-M 1;04/10/2017;9652,378686
IRF-M 1;05/10/2017;9654,68675
IRF-M 1;06/10/2017;9657,553411
IRF-M 1;09/10/2017;9660,222032
IRF-M 1;10/10/2017;9663,69488
IRF-M 1;11/10/2017;9667,211953
IRF-M 1;13/10/2017;9670,729416
IRF-M 1;16/10/2017;9672,705556
IRF-M 1;17/10/2017;9676,139481
IRF-M 1;18/10/2017;9678,983497
IRF-M 1;19/10/2017;9682,651705
IRF-M 1;20/10/2017;9685,159449
IRF-M 1;23/10/2017;9687,975141
IRF-M 1;24/10/2017;9690,304379
IRF-M 1;25/10/2017;9694,103288
IRF-M 1;26/10/2017;9693,952995
IRF-M 1;27/10/2017;9697,840229
IRF-M 1;30/10/2017;9700,127622
IRF-M 1;31/10/2017;9704,267993
IRF-M 1;01/11/2017;9707,15316
IRF-M 1;03/11/2017;9709,266613
IRF-M 1;06/11/2017;9712,201559
IRF-M 1;07/11/2017;9714,759422
IRF-M 1;08/11/2017;9718,306907
IRF-M 1;09/11/2017;9720,778043
IRF-M 1;10/11/2017;9723,658691
IRF-M 1;13/11/2017;9727,041691
IRF-M 1;14/11/2017;9729,627179
IRF-M 1;16/11/2017;9732,476415
IRF-M 1;17/11/2017;9736,293447
IRF-M 1;20/11/2017;9738,906885
IRF-M 1;21/11/2017;9741,992462
IRF-M 1;22/11/2017;9745,212353
IRF-M 1;23/11/2017;9749,523798
IRF-M 1;24/11/2017;9752,245904
IRF-M 1;27/11/2017;9755,556253
IRF-M 1;28/11/2017;9759,043305
IRF-M 1;29/11/2017;9761,286807
IRF-M 1;30/11/2017;9764,510695
IRF-M 1;01/12/2017;9767,530061
IRF-M 1;04/12/2017;9771,456309
IRF-M 1;05/12/2017;9774,864981
IRF-M 1;06/12/2017;9777,721142
IRF-M 1;07/12/2017;9780,30284
IRF-M 1;08/12/2017;9783,73296
IRF-M 1;11/12/2017;9786,689861
IRF-M 1;12/12/2017;9788,702183
IRF-M 1;13/12/2017;9791,997398
IRF-M 1;14/12/2017;9794,392801
IRF-M 1;15/12/2017;9797,070444
IRF-M 1;18/12/2017;9799,790452
IRF-M 1;19/12/2017;9801,731655
IRF-M 1;20/12/2017;9804,123793
IRF-M 1;21/12/2017;9806,066664
IRF-M 1;22/12/2017;9808,923878
IRF-M 1;26/12/2017;9812,035942
IRF-M 1;27/12/2017;9814,594022
IRF-M 1;28/12/2017;9817,171673
IRF-M 1;29/12/2017;9819,729761
IRF-M 1;02/01/2018;9823,798028
IRF-M 1;03/01/2018;9828,843991
IRF-M 1;04/01/2018;9831,687023
IRF-M 1;05/01/2018;9832,587454
IRF-M 1;08/01/2018;9834,277786
IRF-M 1;09/01/2018;9836,522001
IRF-M 1;10/01/2018;9836,515764
IRF-M 1;11/01/2018;9837,707208
IRF-M 1;12/01/2018;9838,853478
IRF-M 1;15/01/2018;9842,944941
IRF-M 1;16/01/2018;9845,68645
IRF-M 1;17/01/2018;9848,67894
IRF-M 1;18/01/2018;9851,436376
IRF-M 1;19/01/2018;9853,976497
IRF-M 1;22/01/2018;9856,001232
IRF-M 1;23/01/2018;9859,253739
IRF-M 1;24/01/2018;9864,713137
IRF-M 1;25/01/2018;9867,245628
IRF-M 1;26/01/2018;9871,727608
IRF-M 1;29/01/2018;9873,683407
IRF-M 1;30/01/2018;9875,026292
IRF-M 1;31/01/2018;9877,901256
IRF-M 1;01/02/2018;9880,357449
IRF-M 1;02/02/2018;9882,046996
IRF-M 1;05/02/2018;9885,025272
IRF-M 1;06/02/2018;9887,361135
IRF-M 1;07/02/2018;9890,867643
IRF-M 1;08/02/2018;9895,869999
IRF-M 1;09/02/2018;9898,928367
IRF-M 1;14/02/2018;9902,773964
IRF-M 1;15/02/2018;9906,564388
IRF-M 1;16/02/2018;9910,265009
IRF-M 1;19/02/2018;9913,509959
IRF-M 1;20/02/2018;9916,633737
IRF-M 1;21/02/2018;9920,090837
IRF-M 1;22/02/2018;9921,082189
IRF-M 1;23/02/2018;9924,251897
IRF-M 1;26/02/2018;9926,019732
IRF-M 1;27/02/2018;9927,928417
IRF-M 1;28/02/2018;9931,340353
IRF-M 1;01/03/2018;9934,043007
IRF-M 1;02/03/2018;9938,306965
IRF-M 1;05/03/2018;9942,825006
IRF-M 1;06/03/2018;9945,451825
IRF-M 1;07/03/2018;9948,481432
IRF-M 1;08/03/2018;9950,815556
IRF-M 1;09/03/2018;9953,544826
IRF-M 1;12/03/2018;9956,071137
IRF-M 1;13/03/2018;9958,277911
IRF-M 1;14/03/2018;9960,296535
IRF-M 1;15/03/2018;9962,726898
IRF-M 1;16/03/2018;9965,865884
IRF-M 1;19/03/2018;9969,043864
IRF-M 1;20/03/2018;9971,560463
IRF-M 1;21/03/2018;9974,359291
IRF-M 1;22/03/2018;9983,99794
IRF-M 1;23/03/2018;9986,1736
IRF-M 1;26/03/2018;9989,332447
IRF-M 1;27/03/2018;9991,046325
IRF-M 1;28/03/2018;9993,62226
IRF-M 1;29/03/2018;9996,649246
IRF-M 1;02/04/2018;9999,075933
IRF-M 1;03/04/2018;10001,182772
IRF-M 1;04/04/2018;10002,914855
IRF-M 1;05/04/2018;10005,497907
IRF-M 1;06/04/2018;10006,849825
IRF-M 1;09/04/2018;10008,112955
IRF-M 1;10/04/2018;10010,266898
IRF-M 1;11/04/2018;10013,062204
IRF-M 1;12/04/2018;10017,366083
IRF-M 1;13/04/2018;10019,86711
IRF-M 1;16/04/2018;10022,16168
IRF-M 1;17/04/2018;10024,812115
IRF-M 1;18/04/2018;10028,156168
IRF-M 1;19/04/2018;10029,383042
IRF-M 1;20/04/2018;10032,904536
IRF-M 1;23/04/2018;10034,899859
IRF-M 1;24/04/2018;10036,992834
IRF-M 1;25/04/2018;10038,399038
IRF-M 1;26/04/2018;10041,257315
IRF-M 1;27/04/2018;10045,29448
IRF-M 1;30/04/2018;10047,185828
IRF-M 1;02/05/2018;10048,522836
IRF-M 1;03/05/2018;10049,715698
IRF-M 1;04/05/2018;10051,935145
IRF-M 1;07/05/2018;10052,789378
IRF-M 1;08/05/2018;10052,366775
IRF-M 1;09/05/2018;10056,517162
IRF-M 1;10/05/2018;10060,728778
IRF-M 1;11/05/2018;10060,486341
IRF-M 1;14/05/2018;10059,549342
IRF-M 1;15/05/2018;10062,542631
IRF-M 1;16/05/2018;10067,70173
IRF-M 1;17/05/2018;10055,283901
IRF-M 1;18/05/2018;10054,563955
IRF-M 1;21/05/2018;10059,375075
IRF-M 1;22/05/2018;10064,163178
IRF-M 1;23/05/2018;10065,915995
IRF-M 1;24/05/2018;10064,884313
IRF-M 1;25/05/2018;10065,638368
IRF-M 1;28/05/2018;10064,56742
IRF-M 1;29/05/2018;10066,077869
IRF-M 1;30/05/2018;10067,089261
IRF-M 1;01/06/2018;10072,708221
IRF-M 1;04/06/2018;10077,171188
IRF-M 1;05/06/2018;10070,870142
IRF-M 1;06/06/2018;10069,552031
IRF-M 1;07/06/2018;10043,65229
IRF-M 1;08/06/2018;10057,216613
IRF-M 1;11/06/2018;10065,464557
IRF-M 1;12/06/2018;10069,947544
IRF-M 1;13/06/2018;10069,213716
IRF-M 1;14/06/2018;10056,507453
IRF-M 1;15/06/2018;10071,88212
IRF-M 1;18/06/2018;10081,243427
IRF-M 1;19/06/2018;10090,494282
IRF-M 1;20/06/2018;10092,238086
IRF-M 1;21/06/2018;10094,656617
IRF-M 1;22/06/2018;10097,376389
IRF-M 1;25/06/2018;10101,871357
IRF-M 1;26/06/2018;10107,932133
IRF-M 1;27/06/2018;10108,570056
IRF-M 1;28/06/2018;10119,301255
IRF-M 1;29/06/2018;10121,956162
IRF-M 1;02/07/2018;10126,007578
IRF-M 1;03/07/2018;10124,958261
IRF-M 1;04/07/2018;10126,782926
IRF-M 1;05/07/2018;10125,496219
IRF-M 1;06/07/2018;10135,039315
IRF-M 1;09/07/2018;10137,707122
IRF-M 1;10/07/2018;10142,950709
IRF-M 1;11/07/2018;10142,473416
IRF-M 1;12/07/2018;10141,183074
IRF-M 1;13/07/2018;10147,147284
IRF-M 1;16/07/2018;10151,924531
IRF-M 1;17/07/2018;10157,998486
IRF-M 1;18/07/2018;10158,984979
IRF-M 1;19/07/2018;10161,776249
IRF-M 1;20/07/2018;10166,283577
IRF-M 1;23/07/2018;10167,516378
IRF-M 1;24/07/2018;10171,281969
IRF-M 1;25/07/2018;10177,723777
IRF-M 1;26/07/2018;10180,677941
IRF-M 1;27/07/2018;10183,339549
IRF-M 1;30/07/2018;10185,659961
IRF-M 1;31/07/2018;10188,777107
IRF-M 1;01/08/2018;10191,99863
IRF-M 1;02/08/2018;10193,90339
IRF-M 1;03/08/2018;10196,800081
IRF-M 1;06/08/2018;10198,734041
IRF-M 1;07/08/2018;10198,201855
IRF-M 1;08/08/2018;10201,395086
IRF-M 1;09/08/2018;10202,410563
IRF-M 1;10/08/2018;10197,757593
IRF-M 1;13/08/2018;10201,166571
IRF-M 1;14/08/2018;10209,887518
IRF-M 1;15/08/2018;10212,159556
IRF-M 1;16/08/2018;10215,591876
IRF-M 1;17/08/2018;10218,851907
IRF-M 1;20/08/2018;10219,113996
IRF-M 1;21/08/2018;10216,477273
IRF-M 1;22/08/2018;10221,353603
IRF-M 1;23/08/2018;10220,148831
IRF-M 1;24/08/2018;10224,280208
IRF-M 1;27/08/2018;10228,429742
IRF-M 1;28/08/2018;10228,518328
IRF-M 1;29/08/2018;10233,386527
IRF-M 1;30/08/2018;10228,160738
IRF-M 1;31/08/2018;10233,582058
IRF-M 1;03/09/2018;10234,337702
IRF-M 1;04/09/2018;10236,259808
IRF-M 1;05/09/2018;10239,362567
IRF-M 1;06/09/2018;10246,152186
IRF-M 1;10/09/2018;10252,805998
IRF-M 1;11/09/2018;10254,394462
IRF-M 1;12/09/2018;10259,555362
IRF-M 1;13/09/2018;10258,479124
IRF-M 1;14/09/2018;10261,101302
IRF-M 1;17/09/2018;10267,688316
IRF-M 1;18/09/2018;10270,668484
IRF-M 1;19/09/2018;10272,613652
IRF-M 1;20/09/2018;10276,89534
IRF-M 1;21/09/2018;10280,679462
IRF-M 1;24/09/2018;10282,80017
IRF-M 1;25/09/2018;10286,031551
IRF-M 1;26/09/2018;10290,383036
IRF-M 1;27/09/2018;10294,838071
IRF-M 1;28/09/2018;10295,568349
IRF-M 1;01/10/2018;10300,043859
IRF-M 1;02/10/2018;10304,03479
IRF-M 1;03/10/2018;10305,914372
IRF-M 1;04/10/2018;10308,727442
IRF-M 1;05/10/2018;10309,438108
IRF-M 1;08/10/2018;10326,143104
IRF-M 1;09/10/2018;10336,617126
IRF-M 1;10/10/2018;10336,328289
IRF-M 1;11/10/2018;10341,153803
IRF-M 1;15/10/2018;10345,893142
IRF-M 1;16/10/2018;10350,006693
IRF-M 1;17/10/2018;10352,990442
IRF-M 1;18/10/2018;10355,455374
IRF-M 1;19/10/2018;10358,312801
IRF-M 1;22/10/2018;10364,751584
IRF-M 1;23/10/2018;10369,929829
IRF-M 1;24/10/2018;10371,793603
IRF-M 1;25/10/2018;10372,518865
IRF-M 1;26/10/2018;10376,862864
IRF-M 1;29/10/2018;10382,829534
IRF-M 1;30/10/2018;10387,390984
IRF-M 1;31/10/2018;10389,869013
IRF-M 1;01/11/2018;10392,342243
IRF-M 1;05/11/2018;10395,567266
IRF-M 1;06/11/2018;10397,837767
IRF-M 1;07/11/2018;10401,829187
IRF-M 1;08/11/2018;10403,792866
IRF-M 1;09/11/2018;10407,303299
IRF-M 1;12/11/2018;10410,8033
IRF-M 1;13/11/2018;10413,760002
IRF-M 1;14/11/2018;10417,657897
IRF-M 1;16/11/2018;10422,098576
IRF-M 1;19/11/2018;10422,956525
IRF-M 1;20/11/2018;10425,569061
IRF-M 1;21/11/2018;10428,716547
IRF-M 1;22/11/2018;10430,507182
IRF-M 1;23/11/2018;10434,142146
IRF-M 1;26/11/2018;10436,187536
IRF-M 1;27/11/2018;10437,355332
IRF-M 1;28/11/2018;10441,689467
IRF-M 1;29/11/2018;10443,533373
IRF-M 1;30/11/2018;10446,363108
IRF-M 1;03/12/2018;10449,637649
IRF-M 1;04/12/2018;10451,808368
IRF-M 1;05/12/2018;10455,197705
IRF-M 1;06/12/2018;10459,265187
IRF-M 1;07/12/2018;10462,784039
IRF-M 1;10/12/2018;10466,089363
IRF-M 1;11/12/2018;10469,092132
IRF-M 1;12/12/2018;10472,231494
IRF-M 1;13/12/2018;10476,640387
IRF-M 1;14/12/2018;10479,307399
IRF-M 1;17/12/2018;10481,662358
IRF-M 1;18/12/2018;10483,397851
IRF-M 1;19/12/2018;10486,172646
IRF-M 1;20/12/2018;10488,669295
IRF-M 1;21/12/2018;10491,111733
IRF-M 1;24/12/2018;10493,716958
IRF-M 1;26/12/2018;10496,419552
IRF-M 1;27/12/2018;10499,103441
IRF-M 1;28/12/2018;10501,990554
IRF-M 1;31/12/2018;10504,605081
IRF-M 1;02/01/2019;10509,007009
IRF-M 1;03/01/2019;10509,692685
IRF-M 1;04/01/2019;10511,129656
IRF-M 1;07/01/2019;10511,085121
IRF-M 1;08/01/2019;10513,689495
IRF-M 1;09/01/2019;10516,435016
IRF-M 1;10/01/2019;10516,979832
IRF-M 1;11/01/2019;10520,046077
IRF-M 1;14/01/2019;10524,561177
IRF-M 1;15/01/2019;10526,378899
IRF-M 1;16/01/2019;10529,20189
IRF-M 1;17/01/2019;10533,491188
IRF-M 1;18/01/2019;10536,719723
IRF-M 1;21/01/2019;10539,149887
IRF-M 1;22/01/2019;10544,420288
IRF-M 1;23/01/2019;10548,188659
IRF-M 1;24/01/2019;10549,905984
IRF-M 1;25/01/2019;10552,506865
IRF-M 1;28/01/2019;10554,774775
IRF-M 1;29/01/2019;10558,466971
IRF-M 1;30/01/2019;10560,772435
IRF-M 1;31/01/2019;10565,518619
IRF-M 1;01/02/2019;10568,405657
IRF-M 1;04/02/2019;10570,707756
IRF-M 1;05/02/2019;10573,748739
IRF-M 1;06/02/2019;10576,690745
IRF-M 1;07/02/2019;10576,231599
IRF-M 1;08/02/2019;10576,659686
IRF-M 1;11/02/2019;10579,680376
IRF-M 1;12/02/2019;10583,384796
IRF-M 1;13/02/2019;10587,977984
IRF-M 1;14/02/2019;10590,837989
IRF-M 1;15/02/2019;10594,998916
IRF-M 1;18/02/2019;10596,685367
IRF-M 1;19/02/2019;10599,984804
IRF-M 1;20/02/2019;10601,430504
IRF-M 1;21/02/2019;10603,470535
IRF-M 1;22/02/2019;10605,696506
IRF-M 1;25/02/2019;10607,652716
IRF-M 1;26/02/2019;10609,778849
IRF-M 1;27/02/2019;10613,184999
IRF-M 1;28/02/2019;10614,799036
IRF-M 1;01/03/2019;10617,793182
IRF-M 1;06/03/2019;10620,016406
IRF-M 1;07/03/2019;10623,065131
IRF-M 1;08/03/2019;10626,054068
IRF-M 1;11/03/2019;10629,488374
IRF-M 1;12/03/2019;10632,982169
IRF-M 1;13/03/2019;10637,552103
IRF-M 1;14/03/2019;10639,164023
IRF-M 1;15/03/2019;10642,004325
IRF-M 1;18/03/2019;10645,425177
IRF-M 1;19/03/2019;10647,886507
IRF-M 1;20/03/2019;10651,607477
IRF-M 1;21/03/2019;10653,02848
IRF-M 1;22/03/2019;10652,29584
IRF-M 1;25/03/2019;10655,641395
IRF-M 1;26/03/2019;10658,524087
IRF-M 1;27/03/2019;10658,868036
IRF-M 1;28/03/2019;10663,18355
IRF-M 1;29/03/2019;10664,899033
IRF-M 1;01/04/2019;10668,218806
IRF-M 1;02/04/2019;10671,008046
IRF-M 1;03/04/2019;10671,757354
IRF-M 1;04/04/2019;10674,985816
IRF-M 1;05/04/2019;10679,209562
IRF-M 1;08/04/2019;10681,697315
IRF-M 1;09/04/2019;10682,99814
IRF-M 1;10/04/2019;10687,132264
IRF-M 1;11/04/2019;10688,519723
IRF-M 1;12/04/2019;10692,007972
IRF-M 1;15/04/2019;10695,726632
IRF-M 1;16/04/2019;10698,906791
IRF-M 1;17/04/2019;10701,672859
IRF-M 1;18/04/2019;10706,044086
IRF-M 1;22/04/2019;10708,576979
IRF-M 1;23/04/2019;10712,343407
IRF-M 1;24/04/2019;10712,593312
IRF-M 1;25/04/2019;10714,927006
IRF-M 1;26/04/2019;10716,029262
IRF-M 1;29/04/2019;10716,05964
IRF-M 1;30/04/2019;10718,341566
IRF-M 1;02/05/2019;10720,348785
IRF-M 1;03/05/2019;10725,492139
IRF-M 1;06/05/2019;10729,869765
IRF-M 1;07/05/2019;10732,689748
IRF-M 1;08/05/2019;10736,311847
IRF-M 1;09/05/2019;10740,493528
IRF-M 1;10/05/2019;10744,322264
IRF-M 1;13/05/2019;10746,208688
IRF-M 1;14/05/2019;10749,778668
IRF-M 1;15/05/2019;10752,759622
IRF-M 1;16/05/2019;10752,993555
IRF-M 1;17/05/2019;10752,959997
IRF-M 1;20/05/2019;10757,470724
IRF-M 1;21/05/2019;10761,678534
IRF-M 1;22/05/2019;10764,557553
IRF-M 1;23/05/2019;10768,531735
IRF-M 1;24/05/2019;10771,803579
IRF-M 1;27/05/2019;10775,604248
IRF-M 1;28/05/2019;10780,796196
IRF-M 1;29/05/2019;10783,27185
IRF-M 1;30/05/2019;10785,782349
IRF-M 1;31/05/2019;10790,825953
IRF-M 1;03/06/2019;10794,46557
IRF-M 1;04/06/2019;10798,828207
IRF-M 1;05/06/2019;10798,692006
IRF-M 1;06/06/2019;10801,906117
IRF-M 1;07/06/2019;10806,888987
IRF-M 1;10/06/2019;10811,150988
IRF-M 1;11/06/2019;10813,972132
IRF-M 1;12/06/2019;10816,731369
IRF-M 1;13/06/2019;10823,020546
IRF-M 1;14/06/2019;10827,822029
IRF-M 1;17/06/2019;10828,775076
IRF-M 1;18/06/2019;10831,760776
IRF-M 1;19/06/2019;10833,509741
IRF-M 1;21/06/2019;10841,754902
IRF-M 1;24/06/2019;10844,966882
IRF-M 1;25/06/2019;10844,174976
IRF-M 1;26/06/2019;10846,862631
IRF-M 1;27/06/2019;10849,09291
IRF-M 1;28/06/2019;10853,51572
IRF-M 1;01/07/2019;10856,429326
IRF-M 1;02/07/2019;10857,50996
IRF-M 1;03/07/2019;10861,680848
IRF-M 1;04/07/2019;10868,649145
IRF-M 1;05/07/2019;10874,380383
IRF-M 1;08/07/2019;10879,038989
IRF-M 1;09/07/2019;10881,46577
IRF-M 1;10/07/2019;10887,034492
IRF-M 1;11/07/2019;10889,926403
IRF-M 1;12/07/2019;10893,112651
IRF-M 1;15/07/2019;10896,744354
IRF-M 1;16/07/2019;10898,238086
IRF-M 1;17/07/2019;10900,846704
IRF-M 1;18/07/2019;10905,843344
IRF-M 1;19/07/2019;10909,350064
IRF-M 1;22/07/2019;10914,105007
IRF-M 1;23/07/2019;10919,464509
IRF-M 1;24/07/2019;10923,117556
IRF-M 1;25/07/2019;10923,897572
IRF-M 1;26/07/2019;10926,507609
IRF-M 1;29/07/2019;10929,278766
IRF-M 1;30/07/2019;10932,310082
IRF-M 1;31/07/2019;10931,346484
IRF-M 1;01/08/2019;10939,65496
IRF-M 1;02/08/2019;10941,50789
IRF-M 1;05/08/2019;10938,682197
IRF-M 1;06/08/2019;10944,549112
IRF-M 1;07/08/2019;10948,65918
IRF-M 1;08/08/2019;10953,039391
IRF-M 1;09/08/2019;10957,776911
IRF-M 1;12/08/2019;10959,551086
IRF-M 1;13/08/2019;10962,031356
IRF-M 1;14/08/2019;10961,568356
IRF-M 1;15/08/2019;10964,264503
IRF-M 1;16/08/2019;10969,650016
IRF-M 1;19/08/2019;10970,386371
IRF-M 1;20/08/2019;10973,723334
IRF-M 1;21/08/2019;10979,242614
IRF-M 1;22/08/2019;10981,597185
IRF-M 1;23/08/2019;10981,835838
IRF-M 1;26/08/2019;10981,513066
IRF-M 1;27/08/2019;10981,040688
IRF-M 1;28/08/2019;10982,526386
IRF-M 1;29/08/2019;10985,651445
IRF-M 1;30/08/2019;10991,144547
IRF-M 1;02/09/2019;10992,344627
IRF-M 1;03/09/2019;10996,743862
IRF-M 1;04/09/2019;11001,084061
IRF-M 1;05/09/2019;11004,503519
IRF-M 1;06/09/2019;11007,660344
IRF-M 1;09/09/2019;11011,875176
IRF-M 1;10/09/2019;11014,206417
IRF-M 1;11/09/2019;11016,466527
IRF-M 1;12/09/2019;11020,647592
IRF-M 1;13/09/2019;11022,755488
IRF-M 1;16/09/2019;11028,706534
IRF-M 1;17/09/2019;11032,565784
IRF-M 1;18/09/2019;11034,793847
IRF-M 1;19/09/2019;11043,385747
IRF-M 1;20/09/2019;11047,198141
IRF-M 1;23/09/2019;11048,132149
IRF-M 1;24/09/2019;11050,382487
IRF-M 1;25/09/2019;11052,887565
IRF-M 1;26/09/2019;11056,633107
IRF-M 1;27/09/2019;11059,415614
IRF-M 1;30/09/2019;11061,896548
IRF-M 1;01/10/2019;11065,027861
IRF-M 1;02/10/2019;11067,853387
IRF-M 1;03/10/2019;11073,247456
IRF-M 1;04/10/2019;11075,900906
IRF-M 1;07/10/2019;11077,503207
IRF-M 1;08/10/2019;11081,323365
IRF-M 1;09/10/2019;11088,213113
IRF-M 1;10/10/2019;11092,443608
IRF-M 1;11/10/2019;11096,093091
IRF-M 1;14/10/2019;11099,661013
IRF-M 1;15/10/2019;11100,56549
IRF-M 1;16/10/2019;11105,606241
IRF-M 1;17/10/2019;11111,065604
IRF-M 1;18/10/2019;11114,201622
IRF-M 1;21/10/2019;11116,02523
IRF-M 1;22/10/2019;11114,581194
IRF-M 1;23/10/2019;11117,13231
IRF-M 1;24/10/2019;11120,66257
IRF-M 1;25/10/2019;11124,961728
IRF-M 1;28/10/2019;11127,814916
IRF-M 1;29/10/2019;11131,037136
IRF-M 1;30/10/2019;11134,43908
IRF-M 1;31/10/2019;11130,975457
IRF-M 1;01/11/2019;11134,489328
IRF-M 1;04/11/2019;11135,42147
IRF-M 1;05/11/2019;11137,524446
IRF-M 1;06/11/2019;11139,279807
IRF-M 1;07/11/2019;11140,538924
IRF-M 1;08/11/2019;11142,164549
IRF-M 1;11/11/2019;11145,058267
IRF-M 1;12/11/2019;11146,066383
IRF-M 1;13/11/2019;11147,491329
IRF-M 1;14/11/2019;11149,450074
IRF-M 1;18/11/2019;11150,929033
IRF-M 1;19/11/2019;11152,753941
IRF-M 1;20/11/2019;11154,719019
IRF-M 1;21/11/2019;11154,95002
IRF-M 1;22/11/2019;11159,315807
IRF-M 1;25/11/2019;11161,045334
IRF-M 1;26/11/2019;11160,6733
IRF-M 1;27/11/2019;11162,108277
IRF-M 1;28/11/2019;11166,239422
IRF-M 1;29/11/2019;11167,860517
IRF-M 1;02/12/2019;11169,052147
IRF-M 1;03/12/2019;11172,339473
IRF-M 1;04/12/2019;11175,927155
IRF-M 1;05/12/2019;11177,242902
IRF-M 1;06/12/2019;11181,811199
IRF-M 1;09/12/2019;11183,677834
IRF-M 1;10/12/2019;11185,898035
IRF-M 1;11/12/2019;11188,038374
IRF-M 1;12/12/2019;11191,967904
IRF-M 1;13/12/2019;11193,789635
IRF-M 1;16/12/2019;11195,699398
IRF-M 1;17/12/2019;11196,003798
IRF-M 1;18/12/2019;11198,590526
IRF-M 1;19/12/2019;11199,297264
IRF-M 1;20/12/2019;11202,07199
IRF-M 1;23/12/2019;11203,809715
IRF-M 1;24/12/2019;11205,727053
IRF-M 1;26/12/2019;11208,843757
IRF-M 1;27/12/2019;11210,927441
IRF-M 1;30/12/2019;11212,704791
IRF-M 1;31/12/2019;11214,624615
IRF-M 1;02/01/2020;11217,482204
IRF-M 1;03/01/2020;11219,970806
IRF-M 1;06/01/2020;11221,580395
IRF-M 1;07/01/2020;11225,30942
IRF-M 1;08/01/2020;11228,578696
IRF-M 1;09/01/2020;11230,516018
IRF-M 1;10/01/2020;11231,473675
IRF-M 1;13/01/2020;11232,803054
IRF-M 1;14/01/2020;11236,844234
IRF-M 1;15/01/2020;11241,31744
IRF-M 1;16/01/2020;11240,610845
IRF-M 1;17/01/2020;11243,722694
IRF-M 1;20/01/2020;11245,660788
IRF-M 1;21/01/2020;11248,44083
IRF-M 1;22/01/2020;11252,757016
IRF-M 1;23/01/2020;11253,449686
IRF-M 1;24/01/2020;11256,302041
IRF-M 1;27/01/2020;11259,622349
IRF-M 1;28/01/2020;11260,715522
IRF-M 1;29/01/2020;11262,508312
IRF-M 1;30/01/2020;11263,12588
IRF-M 1;31/01/2020;11264,281517
IRF-M 1;03/02/2020;11268,16268
IRF-M 1;04/02/2020;11271,185206
IRF-M 1;05/02/2020;11273,519716
IRF-M 1;06/02/2020;11273,895465
IRF-M 1;07/02/2020;11277,720092
IRF-M 1;10/02/2020;11279,77702
IRF-M 1;11/02/2020;11282,096595
IRF-M 1;12/02/2020;11284,16645
IRF-M 1;13/02/2020;11284,94721
IRF-M 1;14/02/2020;11287,581928
IRF-M 1;17/02/2020;11289,696356
IRF-M 1;18/02/2020;11291,63756
IRF-M 1;19/02/2020;11294,074598
IRF-M 1;20/02/2020;11295,647631
IRF-M 1;21/02/2020;11297,633443
IRF-M 1;26/02/2020;11299,280637
IRF-M 1;27/02/2020;11302,794345
IRF-M 1;28/02/2020;11307,006556
IRF-M 1;02/03/2020;11313,544517
IRF-M 1;03/03/2020;11319,943807
IRF-M 1;04/03/2020;11325,131749
IRF-M 1;05/03/2020;11323,328873
IRF-M 1;06/03/2020;11326,915637
IRF-M 1;09/03/2020;11322,557758
IRF-M 1;10/03/2020;11327,592284
IRF-M 1;11/03/2020;11318,647365
IRF-M 1;12/03/2020;11299,551071
IRF-M 1;13/03/2020;11323,505496
IRF-M 1;16/03/2020;11340,991647
IRF-M 1;17/03/2020;11349,840592
IRF-M 1;18/03/2020;11337,261086
IRF-M 1;19/03/2020;11341,588279
IRF-M 1;20/03/2020;11342,607477
IRF-M 1;23/03/2020;11352,133284
IRF-M 1;24/03/2020;11355,556036
IRF-M 1;25/03/2020;11364,536899
IRF-M 1;26/03/2020;11364,297698
IRF-M 1;27/03/2020;11365,506028
IRF-M 1;30/03/2020;11369,735752
IRF-M 1;31/03/2020;11375,298345
IRF-M 1;01/04/2020;11376,143912
IRF-M 1;02/04/2020;11379,796114
IRF-M 1;03/04/2020;11383,191305
IRF-M 1;06/04/2020;11379,210886
IRF-M 1;07/04/2020;11384,163559
IRF-M 1;08/04/2020;11386,306698
IRF-M 1;09/04/2020;11390,094891
IRF-M 1;13/04/2020;11394,341066
IRF-M 1;14/04/2020;11398,153275
IRF-M 1;15/04/2020;11399,561524
IRF-M 1;16/04/2020;11400,393026
IRF-M 1;17/04/2020;11402,657023
IRF-M 1;20/04/2020;11414,211173
IRF-M 1;22/04/2020;11424,828123
IRF-M 1;23/04/2020;11422,132248
IRF-M 1;24/04/2020;11403,351931
IRF-M 1;27/04/2020;11399,983742
IRF-M 1;28/04/2020;11420,241826
IRF-M 1;29/04/2020;11421,642086
IRF-M 1;30/04/2020;11425,945477
IRF-M 1;04/05/2020;11427,65853
IRF-M 1;05/05/2020;11432,476828
IRF-M 1;06/05/2020;11432,635953
IRF-M 1;07/05/2020;11443,869659
IRF-M 1;08/05/2020;11448,058148
IRF-M 1;11/05/2020;11449,326967
IRF-M 1;12/05/2020;11444,654187
IRF-M 1;13/05/2020;11444,267146
IRF-M 1;14/05/2020;11445,979338
IRF-M 1;15/05/2020;11450,447553
IRF-M 1;18/05/2020;11452,865463
IRF-M 1;19/05/2020;11454,545099
IRF-M 1;20/05/2020;11455,324161
IRF-M 1;21/05/2020;11458,576022
IRF-M 1;22/05/2020;11459,140375
IRF-M 1;25/05/2020;11464,788501
IRF-M 1;26/05/2020;11465,898558
IRF-M 1;27/05/2020;11467,098772
IRF-M 1;28/05/2020;11469,540945
IRF-M 1;29/05/2020;11473,409134
IRF-M 1;01/06/2020;11475,054566
IRF-M 1;02/06/2020;11477,503572
IRF-M 1;03/06/2020;11480,759394
IRF-M 1;04/06/2020;11482,179112
IRF-M 1;05/06/2020;11483,019778
IRF-M 1;08/06/2020;11483,5656
IRF-M 1;09/06/2020;11485,143886
IRF-M 1;10/06/2020;11486,263283
IRF-M 1;12/06/2020;11487,607927
IRF-M 1;15/06/2020;11490,314997
IRF-M 1;16/06/2020;11492,130661
IRF-M 1;17/06/2020;11493,695422
IRF-M 1;18/06/2020;11496,38912
IRF-M 1;19/06/2020;11498,710798
IRF-M 1;22/06/2020;11499,270428
IRF-M 1;23/06/2020;11500,090762
IRF-M 1;24/06/2020;11500,832902
IRF-M 1;25/06/2020;11501,950926
IRF-M 1;26/06/2020;11502,680329
IRF-M 1;29/06/2020;11504,027536
IRF-M 1;30/06/2020;11505,822243
IRF-M 1;01/07/2020;11506,692233
IRF-M 1;02/07/2020;11504,596366
IRF-M 1;03/07/2020;11507,053705
IRF-M 1;06/07/2020;11505,540379
IRF-M 1;07/07/2020;11505,03254
IRF-M 1;08/07/2020;11501,929332
IRF-M 1;09/07/2020;11502,092924
IRF-M 1;10/07/2020;11507,537971
IRF-M 1;13/07/2020;11507,967336
IRF-M 1;14/07/2020;11510,094784
IRF-M 1;15/07/2020;11510,491048
IRF-M 1;16/07/2020;11512,345395
IRF-M 1;17/07/2020;11515,187611
IRF-M 1;20/07/2020;11516,447874
IRF-M 1;21/07/2020;11514,338721
IRF-M 1;22/07/2020;11517,110016
IRF-M 1;23/07/2020;11517,884921
IRF-M 1;24/07/2020;11524,764434
IRF-M 1;27/07/2020;11527,674152
IRF-M 1;28/07/2020;11528,050563
IRF-M 1;29/07/2020;11529,778244
IRF-M 1;30/07/2020;11532,43675
IRF-M 1;31/07/2020;11533,259783
IRF-M 1;03/08/2020;11534,843345
IRF-M 1;04/08/2020;11533,89562
IRF-M 1;05/08/2020;11533,015838
IRF-M 1;06/08/2020;11541,743647
IRF-M 1;07/08/2020;11541,065326
IRF-M 1;10/08/2020;11541,334678
IRF-M 1;11/08/2020;11542,871068
IRF-M 1;12/08/2020;11541,04459
IRF-M 1;13/08/2020;11539,872561
IRF-M 1;14/08/2020;11539,738592
IRF-M 1;17/08/2020;11540,031571
IRF-M 1;18/08/2020;11545,107811
IRF-M 1;19/08/2020;11544,943562
IRF-M 1;20/08/2020;11544,523375
IRF-M 1;21/08/2020;11545,057294
IRF-M 1;24/08/2020;11546,888095
IRF-M 1;25/08/2020;11547,082319
IRF-M 1;26/08/2020;11545,508136
IRF-M 1;27/08/2020;11544,458833
IRF-M 1;28/08/2020;11547,042457
IRF-M 1;31/08/2020;11546,944195
IRF-M 1;01/09/2020;11549,390412
IRF-M 1;02/09/2020;11549,627696
IRF-M 1;03/09/2020;11552,100837
IRF-M 1;04/09/2020;11554,476023
IRF-M 1;08/09/2020;11553,424271
IRF-M 1;09/09/2020;11555,441347
IRF-M 1;10/09/2020;11554,870361
IRF-M 1;11/09/2020;11556,306468
IRF-M 1;14/09/2020;11558,967266
IRF-M 1;15/09/2020;11558,932897
IRF-M 1;16/09/2020;11559,154213
IRF-M 1;17/09/2020;11561,752891
IRF-M 1;18/09/2020;11558,957688
IRF-M 1;21/09/2020;11560,75976
IRF-M 1;22/09/2020;11563,539344
IRF-M 1;23/09/2020;11563,18787
IRF-M 1;24/09/2020;11566,173248
IRF-M 1;25/09/2020;11566,708235
IRF-M 1;28/09/2020;11563,833118
IRF-M 1;29/09/2020;11561,560923
IRF-M 1;30/09/2020;11564,257609
IRF-M 1;01/10/2020;11563,452947
IRF-M 1;02/10/2020;11554,192687
IRF-M 1;05/10/2020;11560,963252
IRF-M 1;06/10/2020;11557,930929
IRF-M 1;07/10/2020;11559,530713
IRF-M 1;08/10/2020;11565,846535
IRF-M 1;09/10/2020;11567,955071
IRF-M 1;13/10/2020;11570,173284
IRF-M 1;14/10/2020;11571,769127
IRF-M 1;15/10/2020;11569,237008
IRF-M 1;16/10/2020;11567,084766
IRF-M 1;19/10/2020;11572,35098
IRF-M 1;20/10/2020;11575,479952
IRF-M 1;21/10/2020;11576,943281
IRF-M 1;22/10/2020;11578,408113
IRF-M 1;23/10/2020;11574,299313
IRF-M 1;26/10/2020;11577,526495
IRF-M 1;27/10/2020;11579,182598
IRF-M 1;28/10/2020;11578,658046
IRF-M 1;29/10/2020;11583,529135
IRF-M 1;30/10/2020;11583,208766
IRF-M 1;03/11/2020;11582,591398
IRF-M 1;04/11/2020;11584,60077
IRF-M 1;05/11/2020;11587,290639
IRF-M 1;06/11/2020;11592,262535
IRF-M 1;09/11/2020;11595,54753
IRF-M 1;10/11/2020;11596,356856
IRF-M 1;11/11/2020;11594,076622
IRF-M 1;12/11/2020;11594,734754
IRF-M 1;13/11/2020;11596,99371
IRF-M 1;16/11/2020;11599,549065
IRF-M 1;17/11/2020;11602,110183
IRF-M 1;18/11/2020;11602,751492
IRF-M 1;19/11/2020;11604,053679
IRF-M 1;20/11/2020;11602,995588
IRF-M 1;23/11/2020;11602,120063
IRF-M 1;24/11/2020;11602,64887
IRF-M 1;25/11/2020;11605,573432
IRF-M 1;26/11/2020;11606,921732
IRF-M 1;27/11/2020;11609,621545
IRF-M 1;30/11/2020;11609,45233
IRF-M 1;01/12/2020;11615,999696
IRF-M 1;02/12/2020;11619,492091
IRF-M 1;03/12/2020;11621,739221
IRF-M 1;04/12/2020;11621,530127
IRF-M 1;07/12/2020;11622,208459
IRF-M 1;08/12/2020;11622,422602
IRF-M 1;09/12/2020;11623,83598
IRF-M 1;10/12/2020;11624,612011
IRF-M 1;11/12/2020;11626,997941
IRF-M 1;14/12/2020;11627,624047
IRF-M 1;15/12/2020;11631,46493
IRF-M 1;16/12/2020;11632,262147
IRF-M 1;17/12/2020;11633,653273
IRF-M 1;18/12/2020;11635,206113
IRF-M 1;21/12/2020;11636,381248
IRF-M 1;22/12/2020;11638,834383
IRF-M 1;23/12/2020;11640,394629
IRF-M 1;24/12/2020;11641,403887
IRF-M 1;28/12/2020;11641,166501
IRF-M 1;29/12/2020;11643,117985
IRF-M 1;30/12/2020;11644,411716
IRF-M 1;31/12/2020;11645,428765
IRF-M 1;04/01/2021;11647,590378
IRF-M 1;05/01/2021;11646,534442
IRF-M 1;06/01/2021;11645,756328
IRF-M 1;07/01/2021;11644,400069
IRF-M 1;08/01/2021;11641,342634
IRF-M 1;11/01/2021;11638,173902
IRF-M 1;12/01/2021;11641,554307
IRF-M 1;13/01/2021;11638,25149
IRF-M 1;14/01/2021;11640,02512
IRF-M 1;15/01/2021;11639,297243
IRF-M 1;18/01/2021;11642,955093
IRF-M 1;19/01/2021;11645,44454
IRF-M 1;20/01/2021;11646,928895
IRF-M 1;21/01/2021;11643,000783
IRF-M 1;22/01/2021;11644,405497
IRF-M 1;25/01/2021;11645,552876
IRF-M 1;26/01/2021;11643,344094
IRF-M 1;27/01/2021;11644,14988
IRF-M 1;28/01/2021;11647,952396
IRF-M 1;29/01/2021;11650,494612
IRF-M 1;01/02/2021;11650,618324
IRF-M 1;02/02/2021;11651,853503
IRF-M 1;03/02/2021;11653,081767
IRF-M 1;04/02/2021;11653,409452
IRF-M 1;05/02/2021;11653,153208
IRF-M 1;08/02/2021;11653,831389
IRF-M 1;09/02/2021;11655,10868
IRF-M 1;10/02/2021;11657,80655
IRF-M 1;11/02/2021;11659,607776
IRF-M 1;12/02/2021;11659,623054
IRF-M 1;17/02/2021;11659,641071
IRF-M 1;18/02/2021;11661,042037
IRF-M 1;19/02/2021;11660,506369
IRF-M 1;22/02/2021;11658,411574
IRF-M 1;23/02/2021;11661,100434
IRF-M 1;24/02/2021;11660,268468
IRF-M 1;25/02/2021;11657,489682
IRF-M 1;26/02/2021;11655,088197
IRF-M 1;01/03/2021;11655,316933
IRF-M 1;02/03/2021;11654,504083
IRF-M 1;03/03/2021;11652,734803
IRF-M 1;04/03/2021;11657,570448
IRF-M 1;05/03/2021;11659,983146
IRF-M 1;08/03/2021;11656,205112
IRF-M 1;09/03/2021;11655,65164
IRF-M 1;10/03/2021;11656,920145
IRF-M 1;11/03/2021;11656,533345
IRF-M 1;12/03/2021;11654,732203
IRF-M 1;15/03/2021;11653,647791
IRF-M 1;16/03/2021;11655,845243
IRF-M 1;17/03/2021;11657,87854
IRF-M 1;18/03/2021;11647,217586
IRF-M 1;19/03/2021;11647,903123
IRF-M 1;22/03/2021;11649,567084
IRF-M 1;23/03/2021;11648,887215
IRF-M 1;24/03/2021;11648,281668
IRF-M 1;25/03/2021;11651,620493
IRF-M 1;26/03/2021;11651,629567
IRF-M 1;29/03/2021;11652,744501
IRF-M 1;30/03/2021;11657,371233
IRF-M 1;31/03/2021;11660,249715
IRF-M 1;01/04/2021;11662,050928
IRF-M 1;05/04/2021;11663,232866
IRF-M 1;06/04/2021;11662,310908
IRF-M 1;07/04/2021;11657,756418
IRF-M 1;08/04/2021;11663,522184
IRF-M 1;09/04/2021;11661,417098
IRF-M 1;12/04/2021;11663,637417
IRF-M 1;13/04/2021;11662,143458
IRF-M 1;14/04/2021;11666,29788
IRF-M 1;15/04/2021;11671,030017
IRF-M 1;16/04/2021;11675,257177
IRF-M 1;19/04/2021;11678,505282
IRF-M 1;20/04/2021;11677,560587
IRF-M 1;22/04/2021;11682,239117
IRF-M 1;23/04/2021;11685,091187
IRF-M 1;26/04/2021;11686,118665
IRF-M 1;27/04/2021;11687,721451
IRF-M 1;28/04/2021;11689,741138
IRF-M 1;29/04/2021;11692,197637
IRF-M 1;30/04/2021;11692,269991
IRF-M 1;03/05/2021;11689,632674
IRF-M 1;04/05/2021;11688,25663
IRF-M 1;05/05/2021;11690,316453
IRF-M 1;06/05/2021;11692,18405
IRF-M 1;07/05/2021;11691,634376
IRF-M 1;10/05/2021;11693,439357
IRF-M 1;11/05/2021;11698,32119
IRF-M 1;12/05/2021;11694,717984
IRF-M 1;13/05/2021;11697,721368
IRF-M 1;14/05/2021;11696,493294
IRF-M 1;17/05/2021;11699,280881
IRF-M 1;18/05/2021;11700,077657
IRF-M 1;19/05/2021;11700,264822
IRF-M 1;20/05/2021;11703,206173
IRF-M 1;21/05/2021;11705,071052
IRF-M 1;24/05/2021;11705,260565
IRF-M 1;25/05/2021;11709,599518
IRF-M 1;26/05/2021;11712,206374
IRF-M 1;27/05/2021;11714,253188
IRF-M 1;28/05/2021;11714,801379
IRF-M 1;31/05/2021;11715,245745
IRF-M 1;01/06/2021;11714,619822
IRF-M 1;02/06/2021;11717,283794
IRF-M 1;04/06/2021;11721,789206
IRF-M 1;07/06/2021;11721,258228
IRF-M 1;08/06/2021;11722,401009
IRF-M 1;09/06/2021;11720,956221
IRF-M 1;10/06/2021;11719,640768
IRF-M 1;11/06/2021;11722,471235
IRF-M 1;14/06/2021;11723,041811
IRF-M 1;15/06/2021;11723,145231
IRF-M 1;16/06/2021;11723,578496
IRF-M 1;17/06/2021;11720,776989
IRF-M 1;18/06/2021;11721,871261
IRF-M 1;21/06/2021;11725,845243
IRF-M 1;22/06/2021;11722,710189
IRF-M 1;23/06/2021;11724,237169
IRF-M 1;24/06/2021;11728,446511
IRF-M 1;25/06/2021;11731,404892
IRF-M 1;28/06/2021;11736,70888
IRF-M 1;29/06/2021;11740,658912
IRF-M 1;30/06/2021;11740,071506
IRF-M 1;01/07/2021;11740,927241
IRF-M 1;02/07/2021;11745,154534
IRF-M 1;05/07/2021;11743,815518
IRF-M 1;06/07/2021;11743,118888
IRF-M 1;07/07/2021;11746,489349
IRF-M 1;08/07/2021;11745,42421
IRF-M 1;09/07/2021;11748,019605
IRF-M 1;12/07/2021;11750,394603
IRF-M 1;13/07/2021;11750,796479
IRF-M 1;14/07/2021;11757,332791
IRF-M 1;15/07/2021;11757,698839
IRF-M 1;16/07/2021;11761,626805
IRF-M 1;19/07/2021;11766,554063
IRF-M 1;20/07/2021;11771,569345
IRF-M 1;21/07/2021;11773,08982
IRF-M 1;22/07/2021;11772,78911
IRF-M 1;23/07/2021;11763,600439
IRF-M 1;26/07/2021;11761,611125
IRF-M 1;27/07/2021;11760,190403
IRF-M 1;28/07/2021;11760,923661
IRF-M 1;29/07/2021;11766,378718
IRF-M 1;30/07/2021;11762,272181
IRF-M 1;02/08/2021;11764,991
IRF-M 1;03/08/2021;11765,652734
IRF-M 1;04/08/2021;11768,534117
IRF-M 1;05/08/2021;11763,498602
IRF-M 1;06/08/2021;11765,850431
IRF-M 1;09/08/2021;11765,966547
IRF-M 1;10/08/2021;11772,235824
IRF-M 1;11/08/2021;11774,126242
IRF-M 1;12/08/2021;11774,004565
IRF-M 1;13/08/2021;11774,243159
IRF-M 1;16/08/2021;11777,595863
IRF-M 1;17/08/2021;11779,472414
IRF-M 1;18/08/2021;11779,454739
IRF-M 1;19/08/2021;11780,866952
IRF-M 1;20/08/2021;11785,922646
IRF-M 1;23/08/2021;11788,112924
IRF-M 1;24/08/2021;11792,86329
IRF-M 1;25/08/2021;11794,059419
IRF-M 1;26/08/2021;11795,608287
IRF-M 1;27/08/2021;11798,710719
IRF-M 1;30/08/2021;11802,962348
IRF-M 1;31/08/2021;11805,242204
IRF-M 1;01/09/2021;11805,760725
IRF-M 1;02/09/2021;11805,929836
IRF-M 1;03/09/2021;11809,531873
IRF-M 1;06/09/2021;11812,595451
IRF-M 1;08/09/2021;11811,883196
IRF-M 1;09/09/2021;11798,217522
IRF-M 1;10/09/2021;11805,779378
IRF-M 1;13/09/2021;11808,109261
IRF-M 1;14/09/2021;11820,404392
IRF-M 1;15/09/2021;11821,963055
IRF-M 1;16/09/2021;11824,216211
IRF-M 1;17/09/2021;11826,426235
IRF-M 1;20/09/2021;11829,757462
IRF-M 1;21/09/2021;11834,575732
IRF-M 1;22/09/2021;11837,561472
IRF-M 1;23/09/2021;11840,50609
IRF-M 1;24/09/2021;11842,1555
IRF-M 1;27/09/2021;11843,969387
IRF-M 1;28/09/2021;11845,645189
IRF-M 1;29/09/2021;11849,833598
IRF-M 1;30/09/2021;11852,703276
IRF-M 1;01/10/2021;11857,584916
IRF-M 1;04/10/2021;11857,576338
IRF-M 1;05/10/2021;11858,950392
IRF-M 1;06/10/2021;11869,205699
IRF-M 1;07/10/2021;11864,720659
IRF-M 1;08/10/2021;11875,406134
IRF-M 1;11/10/2021;11876,748163
IRF-M 1;13/10/2021;11878,706137
IRF-M 1;14/10/2021;11878,163071
IRF-M 1;15/10/2021;11877,582082
IRF-M 1;18/10/2021;11878,030816
IRF-M 1;19/10/2021;11857,929514
IRF-M 1;20/10/2021;11861,710821
IRF-M 1;21/10/2021;11837,716604
IRF-M 1;22/10/2021;11822,112872
IRF-M 1;25/10/2021;11810,488691
IRF-M 1;26/10/2021;11796,606318
IRF-M 1;27/10/2021;11802,198129
IRF-M 1;28/10/2021;11776,802735
IRF-M 1;29/10/2021;11789,027195
IRF-M 1;01/11/2021;11788,244108
IRF-M 1;03/11/2021;11800,631417
IRF-M 1;04/11/2021;11804,779516
IRF-M 1;05/11/2021;11811,820532
IRF-M 1;08/11/2021;11808,98818
IRF-M 1;09/11/2021;11815,546184
IRF-M 1;10/11/2021;11816,770981
IRF-M 1;11/11/2021;11829,755917
IRF-M 1;12/11/2021;11833,841919
IRF-M 1;16/11/2021;11835,422126
IRF-M 1;17/11/2021;11838,714868
IRF-M 1;18/11/2021;11838,869776
IRF-M 1;19/11/2021;11845,787435
IRF-M 1;22/11/2021;11840,710041
IRF-M 1;23/11/2021;11846,520969
IRF-M 1;24/11/2021;11854,924543
IRF-M 1;25/11/2021;11861,145337
IRF-M 1;26/11/2021;11875,186192
IRF-M 1;29/11/2021;11879,699498
IRF-M 1;30/11/2021;11882,116478
IRF-M 1;01/12/2021;11889,07239
IRF-M 1;02/12/2021;11897,753646
IRF-M 1;03/12/2021;11907,932433
IRF-M 1;06/12/2021;11908,762924
IRF-M 1;07/12/2021;11911,907808
IRF-M 1;08/12/2021;11920,197566
IRF-M 1;09/12/2021;11918,263461
IRF-M 1;10/12/2021;11928,174154
IRF-M 1;13/12/2021;11932,496617
IRF-M 1;14/12/2021;11936,517613
IRF-M 1;15/12/2021;11938,6906
IRF-M 1;16/12/2021;11940,876548
IRF-M 1;17/12/2021;11943,372654
IRF-M 1;20/12/2021;11952,014103
IRF-M 1;21/12/2021;11958,597433
IRF-M 1;22/12/2021;11963,24676
IRF-M 1;23/12/2021;11963,999246
IRF-M 1;24/12/2021;11968,696403
IRF-M 1;27/12/2021;11971,129988
IRF-M 1;28/12/2021;11974,840109
IRF-M 1;29/12/2021;11976,587496
IRF-M 1;30/12/2021;11981,461105
IRF-M 1;31/12/2021;11986,2147
IRF-M 1;03/01/2022;11989,678043
IRF-M 1;04/01/2022;11980,130857
IRF-M 1;05/01/2022;11985,087097
IRF-M 1;06/01/2022;11995,622974
IRF-M 1;07/01/2022;11999,619076
IRF-M 1;10/01/2022;11998,749533
IRF-M 1;11/01/2022;12006,512427
IRF-M 1;12/01/2022;12021,075594
IRF-M 1;13/01/2022;12022,259581
IRF-M 1;14/01/2022;12025,303241
IRF-M 1;17/01/2022;12026,013021
IRF-M 1;18/01/2022;12027,396253
IRF-M 1;19/01/2022;12035,823096
IRF-M 1;20/01/2022;12048,072531
IRF-M 1;21/01/2022;12053,468848
IRF-M 1;24/01/2022;12061,815304
IRF-M 1;25/01/2022;12065,573918
IRF-M 1;26/01/2022;12060,118643
IRF-M 1;27/01/2022;12053,448457
IRF-M 1;28/01/2022;12057,720098
IRF-M 1;31/01/2022;12061,602437
IRF-M 1;01/02/2022;12071,800337
IRF-M 1;02/02/2022;12078,188279
IRF-M 1;03/02/2022;12096,503862
IRF-M 1;04/02/2022;12097,982911
IRF-M 1;07/02/2022;12104,731889
IRF-M 1;08/02/2022;12100,996607
IRF-M 1;09/02/2022;12098,9249
IRF-M 1;10/02/2022;12099,081799
IRF-M 1;11/02/2022;12098,420129
IRF-M 1;14/02/2022;12102,932402
IRF-M 1;15/02/2022;12113,251236
IRF-M 1;16/02/2022;12119,031251
IRF-M 1;17/02/2022;12123,118868
IRF-M 1;18/02/2022;12129,926562
IRF-M 1;21/02/2022;12135,231076
IRF-M 1;22/02/2022;12137,914768
IRF-M 1;23/02/2022;12146,112418
IRF-M 1;24/02/2022;12147,466527
IRF-M 1;25/02/2022;12151,382377
IRF-M 1;02/03/2022;12150,015894
IRF-M 1;03/03/2022;12147,377677
IRF-M 1;04/03/2022;12142,911535
IRF-M 1;07/03/2022;12142,759261
IRF-M 1;08/03/2022;12150,55642
IRF-M 1;09/03/2022;12162,996684
IRF-M 1;10/03/2022;12162,302062
IRF-M 1;11/03/2022;12162,888885
IRF-M 1;14/03/2022;12161,886365
IRF-M 1;15/03/2022;12175,0241
IRF-M 1;16/03/2022;12180,949369
IRF-M 1;17/03/2022;12194,991855
IRF-M 1;18/03/2022;12202,324028
IRF-M 1;21/03/2022;12206,160609
IRF-M 1;22/03/2022;12211,154094
IRF-M 1;23/03/2022;12215,106119
IRF-M 1;24/03/2022;12226,270564
IRF-M 1;25/03/2022;12235,736785
IRF-M 1;28/03/2022;12242,560363
IRF-M 1;29/03/2022;12249,682961
IRF-M 1;30/03/2022;12252,029612
IRF-M 1;31/03/2022;12259,401903
IRF-M 1;01/04/2022;12269,618159
IRF-M 1;04/04/2022;12275,042026
IRF-M 1;05/04/2022;12275,953106
IRF-M 1;06/04/2022;12279,347431
IRF-M 1;07/04/2022;12284,901613
IRF-M 1;08/04/2022;12279,199552
IRF-M 1;11/04/2022;12277,952705
IRF-M 1;12/04/2022;12283,437218
IRF-M 1;13/04/2022;12291,365264
IRF-M 1;14/04/2022;12295,597928
IRF-M 1;18/04/2022;12303,934017
IRF-M 1;19/04/2022;12310,230486
IRF-M 1;20/04/2022;12314,60928
IRF-M 1;22/04/2022;12321,742019
IRF-M 1;25/04/2022;12332,42035
IRF-M 1;26/04/2022;12334,354015
IRF-M 1;27/04/2022;12342,411031
IRF-M 1;28/04/2022;12345,430909
IRF-M 1;29/04/2022;12350,75815
IRF-M 1;02/05/2022;12354,05179
IRF-M 1;03/05/2022;12357,83977
IRF-M 1;04/05/2022;12367,832601
IRF-M 1;05/05/2022;12364,403682
IRF-M 1;06/05/2022;12365,39154
IRF-M 1;09/05/2022;12373,767252
IRF-M 1;10/05/2022;12380,871837
IRF-M 1;11/05/2022;12384,177175
IRF-M 1;12/05/2022;12387,158035
IRF-M 1;13/05/2022;12391,660332
IRF-M 1;16/05/2022;12400,577763
IRF-M 1;17/05/2022;12408,116478
IRF-M 1;18/05/2022;12415,431906
IRF-M 1;19/05/2022;12423,72955
IRF-M 1;20/05/2022;12430,187591
IRF-M 1;23/05/2022;12436,417179
IRF-M 1;24/05/2022;12436,265467
IRF-M 1;25/05/2022;12442,064773
IRF-M 1;26/05/2022;12451,133319
IRF-M 1;27/05/2022;12457,946082
IRF-M 1;30/05/2022;12460,740806
IRF-M 1;31/05/2022;12468,083212
IRF-M 1;01/06/2022;12473,084941
IRF-M 1;02/06/2022;12477,998609
IRF-M 1;03/06/2022;12484,69343
IRF-M 1;06/06/2022;12490,131411
IRF-M 1;07/06/2022;12494,43869
IRF-M 1;08/06/2022;12500,471207
IRF-M 1;09/06/2022;12510,962353
IRF-M 1;10/06/2022;12517,504492
IRF-M 1;13/06/2022;12516,907297
IRF-M 1;14/06/2022;12517,426077
IRF-M 1;15/06/2022;12527,152422
IRF-M 1;17/06/2022;12535,422899
IRF-M 1;20/06/2022;12540,540632
IRF-M 1;21/06/2022;12547,279252
IRF-M 1;22/06/2022;12554,142659
IRF-M 1;23/06/2022;12561,87023
IRF-M 1;24/06/2022;12563,52445
IRF-M 1;27/06/2022;12568,957024
IRF-M 1;28/06/2022;12571,088835
IRF-M 1;29/06/2022;12577,292976
IRF-M 1;30/06/2022;12584,107066
IRF-M 1;01/07/2022;12593,305668
IRF-M 1;04/07/2022;12596,858467
IRF-M 1;05/07/2022;12601,258078
IRF-M 1;06/07/2022;12604,975513
IRF-M 1;07/07/2022;12612,087048
IRF-M 1;08/07/2022;12615,154131
IRF-M 1;11/07/2022;12612,129174
IRF-M 1;12/07/2022;12623,100924
IRF-M 1;13/07/2022;12627,10368
IRF-M 1;14/07/2022;12630,520515
IRF-M 1;15/07/2022;12641,556984
IRF-M 1;18/07/2022;12642,692522
IRF-M 1;19/07/2022;12647,22697
IRF-M 1;20/07/2022;12658,170679
IRF-M 1;21/07/2022;12662,398886
IRF-M 1;22/07/2022;12674,313223
IRF-M 1;25/07/2022;12682,907577
IRF-M 1;26/07/2022;12685,562408
IRF-M 1;27/07/2022;12693,335743
IRF-M 1;28/07/2022;12705,505099
IRF-M 1;29/07/2022;12716,198488
IRF-M 1;01/08/2022;12724,200312
IRF-M 1;02/08/2022;12730,705888
IRF-M 1;03/08/2022;12736,400334
IRF-M 1;04/08/2022;12748,889194
IRF-M 1;05/08/2022;12752,94308
IRF-M 1;08/08/2022;12761,869037
IRF-M 1;09/08/2022;12768,23895
IRF-M 1;10/08/2022;12775,758219
IRF-M 1;11/08/2022;12782,460901
IRF-M 1;12/08/2022;12791,236112
IRF-M 1;15/08/2022;12797,424171
IRF-M 1;16/08/2022;12805,205342
IRF-M 1;17/08/2022;12809,405019
IRF-M 1;18/08/2022;12814,584342
IRF-M 1;19/08/2022;12818,551815
IRF-M 1;22/08/2022;12824,761671
IRF-M 1;23/08/2022;12832,565733
IRF-M 1;24/08/2022;12838,382461
IRF-M 1;25/08/2022;12844,057736
IRF-M 1;26/08/2022;12852,060609
IRF-M 1;29/08/2022;12857,346142
IRF-M 1;30/08/2022;12864,454608
IRF-M 1;31/08/2022;12872,869349
IRF-M 1;01/09/2022;12881,572394
IRF-M 1;02/09/2022;12889,020224
IRF-M 1;05/09/2022;12895,908706
IRF-M 1;06/09/2022;12897,200419
IRF-M 1;08/09/2022;12904,061668
IRF-M 1;09/09/2022;12912,810817
IRF-M 1;12/09/2022;12917,991755
IRF-M 1;13/09/2022;12922,317625
IRF-M 1;14/09/2022;12929,437817
IRF-M 1;15/09/2022;12934,015906
IRF-M 1;16/09/2022;12939,984139
IRF-M 1;19/09/2022;12947,509762
IRF-M 1;20/09/2022;12954,631397
IRF-M 1;21/09/2022;12964,729154
IRF-M 1;22/09/2022;12975,524761
IRF-M 1;23/09/2022;12982,290425
IRF-M 1;26/09/2022;12987,292387
IRF-M 1;27/09/2022;12997,084545
IRF-M 1;28/09/2022;13002,041573
IRF-M 1;29/09/2022;13009,001545
IRF-M 1;30/09/2022;13016,037741
IRF-M 1;03/10/2022;13023,439085
IRF-M 1;04/10/2022;13029,957388
IRF-M 1;05/10/2022;13036,265806
IRF-M 1;06/10/2022;13042,543891
IRF-M 1;07/10/2022;13048,112745
IRF-M 1;10/10/2022;13055,485941
IRF-M 1;11/10/2022;13061,461195
IRF-M 1;13/10/2022;13068,447123
IRF-M 1;14/10/2022;13073,868615
IRF-M 1;17/10/2022;13080,990592
IRF-M 1;18/10/2022;13087,976938
IRF-M 1;19/10/2022;13094,355726
IRF-M 1;20/10/2022;13100,873078
IRF-M 1;21/10/2022;13107,679725
IRF-M 1;24/10/2022;13114,378244
IRF-M 1;25/10/2022;13120,431059
IRF-M 1;26/10/2022;13126,089709
IRF-M 1;27/10/2022;13132,947051
IRF-M 1;28/10/2022;13139,139404
IRF-M 1;31/10/2022;13146,612304
IRF-M 1;01/11/2022;13152,634613
IRF-M 1;03/11/2022;13158,468003
IRF-M 1;04/11/2022;13165,680887
IRF-M 1;07/11/2022;13171,241408
IRF-M 1;08/11/2022;13177,373996
IRF-M 1;09/11/2022;13184,827897
IRF-M 1;10/11/2022;13183,334788
IRF-M 1;11/11/2022;13186,180211
IRF-M 1;14/11/2022;13197,233969
IRF-M 1;16/11/2022;13199,969151
IRF-M 1;17/11/2022;13204,44784
IRF-M 1;18/11/2022;13207,780138
IRF-M 1;21/11/2022;13216,772913
IRF-M 1;22/11/2022;13222,175174
IRF-M 1;23/11/2022;13225,151928
IRF-M 1;24/11/2022;13236,724211
IRF-M 1;25/11/2022;13241,847707
IRF-M 1;28/11/2022;13249,80279
IRF-M 1;29/11/2022;13262,528883
IRF-M 1;30/11/2022;13270,284682
IRF-M 1;01/12/2022;13276,340024
IRF-M 1;02/12/2022;13285,20217
IRF-M 1;05/12/2022;13289,281203
IRF-M 1;06/12/2022;13296,190978
IRF-M 1;07/12/2022;13305,374697
IRF-M 1;08/12/2022;13313,487442
IRF-M 1;09/12/2022;13321,879158
IRF-M 1;12/12/2022;13325,916794
IRF-M 1;13/12/2022;13332,702161
IRF-M 1;14/12/2022;13338,877047
IRF-M 1;15/12/2022;13348,287147
IRF-M 1;16/12/2022;13354,798362
IRF-M 1;19/12/2022;13361,340949
IRF-M 1;20/12/2022;13369,532706
IRF-M 1;21/12/2022;13376,80397
IRF-M 1;22/12/2022;13384,456558
IRF-M 1;23/12/2022;13391,565267
IRF-M 1;26/12/2022;13397,78874
IRF-M 1;27/12/2022;13404,779311
IRF-M 1;28/12/2022;13412,558208
IRF-M 1;29/12/2022;13419,86348
IRF-M 1;30/12/2022;13426,812777
IRF-M 1;02/01/2023;13433,894263
IRF-M 1;03/01/2023;13429,127944
IRF-M 1;04/01/2023;13428,224024
IRF-M 1;05/01/2023;13440,254562
IRF-M 1;06/01/2023;13453,349851
IRF-M 1;09/01/2023;13462,350009
IRF-M 1;10/01/2023;13467,812373
IRF-M 1;11/01/2023;13477,179383
IRF-M 1;12/01/2023;13489,273513
IRF-M 1;13/01/2023;13496,780451
IRF-M 1;16/01/2023;13496,498557
IRF-M 1;17/01/2023;13507,655374
IRF-M 1;18/01/2023;13516,378016
IRF-M 1;19/01/2023;13521,28484
IRF-M 1;20/01/2023;13527,466766
IRF-M 1;23/01/2023;13531,190335
IRF-M 1;24/01/2023;13540,360527
IRF-M 1;25/01/2023;13550,453577
IRF-M 1;26/01/2023;13555,840541
IRF-M 1;27/01/2023;13559,347997
IRF-M 1;30/01/2023;13565,920614
IRF-M 1;31/01/2023;13574,435863
IRF-M 1;01/02/2023;13577,181082
IRF-M 1;02/02/2023;13581,366032
IRF-M 1;03/02/2023;13579,841679
IRF-M 1;06/02/2023;13584,671588
IRF-M 1;07/02/2023;13600,569516
IRF-M 1;08/02/2023;13614,092364
IRF-M 1;09/02/2023;13628,466618
IRF-M 1;10/02/2023;13634,778138
IRF-M 1;13/02/2023;13637,047493
IRF-M 1;14/02/2023;13648,243925
IRF-M 1;15/02/2023;13665,622421
IRF-M 1;16/02/2023;13674,530385
IRF-M 1;17/02/2023;13680,899926
IRF-M 1;22/02/2023;13680,439852
IRF-M 1;23/02/2023;13686,257609
IRF-M 1;24/02/2023;13688,466378
IRF-M 1;27/02/2023;13702,590212
IRF-M 1;28/02/2023;13707,878509
IRF-M 1;01/03/2023;13718,02465
IRF-M 1;02/03/2023;13723,385064
IRF-M 1;03/03/2023;13729,063224
IRF-M 1;06/03/2023;13741,173866
IRF-M 1;07/03/2023;13752,536581
IRF-M 1;08/03/2023;13765,65177
IRF-M 1;09/03/2023;13776,227956
IRF-M 1;10/03/2023;13775,442361
IRF-M 1;13/03/2023;13790,69366
IRF-M 1;14/03/2023;13795,091604
IRF-M 1;15/03/2023;13806,925515
IRF-M 1;16/03/2023;13809,553678
IRF-M 1;17/03/2023;13819,751667
IRF-M 1;20/03/2023;13825,986872
IRF-M 1;21/03/2023;13831,165137
IRF-M 1;22/03/2023;13837,545625
IRF-M 1;23/03/2023;13835,506993
IRF-M 1;24/03/2023;13847,58918
IRF-M 1;27/03/2023;13855,953754
IRF-M 1;28/03/2023;13857,764653
IRF-M 1;29/03/2023;13860,654267
IRF-M 1;30/03/2023;13871,065235
IRF-M 1;31/03/2023;13875,969966
IRF-M 1;03/04/2023;13882,477096
IRF-M 1;04/04/2023;13887,108328
IRF-M 1;05/04/2023;13894,761055
IRF-M 1;06/04/2023;13899,62048
IRF-M 1;10/04/2023;13907,899838
IRF-M 1;11/04/2023;13921,601018
IRF-M 1;12/04/2023;13927,641029
IRF-M 1;13/04/2023;13933,04255
IRF-M 1;14/04/2023;13937,697318
IRF-M 1;17/04/2023;13943,289528
IRF-M 1;18/04/2023;13948,615508
IRF-M 1;19/04/2023;13953,820821
IRF-M 1;20/04/2023;13964,097318
IRF-M 1;24/04/2023;13972,451923
IRF-M 1;25/04/2023;13981,174231
IRF-M 1;26/04/2023;13985,763428
IRF-M 1;27/04/2023;13991,949831
IRF-M 1;28/04/2023;13994,672278
IRF-M 1;02/05/2023;14003,896076
IRF-M 1;03/05/2023;14011,94541
IRF-M 1;04/05/2023;14020,96607
IRF-M 1;05/05/2023;14028,811199
IRF-M 1;08/05/2023;14035,625699
IRF-M 1;09/05/2023;14040,32347
IRF-M 1;10/05/2023;14045,97443
IRF-M 1;11/05/2023;14053,951349
IRF-M 1;12/05/2023;14058,515217
IRF-M 1;15/05/2023;14064,893978
IRF-M 1;16/05/2023;14071,899634
IRF-M 1;17/05/2023;14077,599601
IRF-M 1;18/05/2023;14085,537475
IRF-M 1;19/05/2023;14093,327858
IRF-M 1;22/05/2023;14099,903934
IRF-M 1;23/05/2023;14107,982537
IRF-M 1;24/05/2023;14116,341854
IRF-M 1;25/05/2023;14128,221948
IRF-M 1;26/05/2023;14136,074103
IRF-M 1;29/05/2023;14140,953435
IRF-M 1;30/05/2023;14148,815377
IRF-M 1;31/05/2023;14154,825678
IRF-M 1;01/06/2023;14162,766106
IRF-M 1;02/06/2023;14169,339597
IRF-M 1;05/06/2023;14179,127952
IRF-M 1;06/06/2023;14187,697827
IRF-M 1;07/06/2023;14196,415489
IRF-M 1;09/06/2023;14207,483851
IRF-M 1;12/06/2023;14216,286945
IRF-M 1;13/06/2023;14219,607626
IRF-M 1;14/06/2023;14227,700983
IRF-M 1;15/06/2023;14236,89453
IRF-M 1;16/06/2023;14242,851012
IRF-M 1;19/06/2023;14249,830497
IRF-M 1;20/06/2023;14258,297393
IRF-M 1;21/06/2023;14265,463799
IRF-M 1;22/06/2023;14269,291724
IRF-M 1;23/06/2023;14279,115451
IRF-M 1;26/06/2023;14287,278028
IRF-M 1;27/06/2023;14295,765334
IRF-M 1;28/06/2023;14303,115609
IRF-M 1;29/06/2023;14312,18193
IRF-M 1;30/06/2023;14323,075119
IRF-M 1;03/07/2023;14332,64782
IRF-M 1;04/07/2023;14337,038454
IRF-M 1;05/07/2023;14340,910264
IRF-M 1;06/07/2023;14343,539382
IRF-M 1;07/07/2023;14356,192159
IRF-M 1;10/07/2023;14359,429017
IRF-M 1;11/07/2023;14364,247869
IRF-M 1;12/07/2023;14370,985597
IRF-M 1;13/07/2023;14376,56285
IRF-M 1;14/07/2023;14381,74118
IRF-M 1;17/07/2023;14392,784205
IRF-M 1;18/07/2023;14402,879276
IRF-M 1;19/07/2023;14409,083275
IRF-M 1;20/07/2023;14414,454273
IRF-M 1;21/07/2023;14426,245836
IRF-M 1;24/07/2023;14433,130863
IRF-M 1;25/07/2023;14444,696111
IRF-M 1;26/07/2023;14455,090164
IRF-M 1;27/07/2023;14461,668247
IRF-M 1;28/07/2023;14466,711676
IRF-M 1;31/07/2023;14476,101287
IRF-M 1;01/08/2023;14480,620972
IRF-M 1;02/08/2023;14484,644538
IRF-M 1;03/08/2023;14504,92238
IRF-M 1;04/08/2023;14510,828864
IRF-M 1;07/08/2023;14515,319085
IRF-M 1;08/08/2023;14525,268976
IRF-M 1;09/08/2023;14531,98334
IRF-M 1;10/08/2023;14540,884061
IRF-M 1;11/08/2023;14548,613937
IRF-M 1;14/08/2023;14551,684098
IRF-M 1;15/08/2023;14557,766107
IRF-M 1;16/08/2023;14565,807391
IRF-M 1;17/08/2023;14572,107275
IRF-M 1;18/08/2023;14579,222494
IRF-M 1;21/08/2023;14584,674323
IRF-M 1;22/08/2023;14593,430346
IRF-M 1;23/08/2023;14601,890019
IRF-M 1;24/08/2023;14609,30113
IRF-M 1;25/08/2023;14612,706816
IRF-M 1;28/08/2023;14619,649825
IRF-M 1;29/08/2023;14627,841163
IRF-M 1;30/08/2023;14636,883143
IRF-M 1;31/08/2023;14641,913246
IRF-M 1;01/09/2023;14647,76632
IRF-M 1;04/09/2023;14654,124988
IRF-M 1;05/09/2023;14659,528921
IRF-M 1;06/09/2023;14668,038039
IRF-M 1;08/09/2023;14676,604029
IRF-M 1;11/09/2023;14684,882556
IRF-M 1;12/09/2023;14693,913354
IRF-M 1;13/09/2023;14701,566406
IRF-M 1;14/09/2023;14707,926043
IRF-M 1;15/09/2023;14714,35298
IRF-M 1;18/09/2023;14720,799934
IRF-M 1;19/09/2023;14727,308067
IRF-M 1;20/09/2023;14734,635009
IRF-M 1;21/09/2023;14740,613247
IRF-M 1;22/09/2023;14747,954175
IRF-M 1;25/09/2023;14754,819429
IRF-M 1;26/09/2023;14760,890134
IRF-M 1;27/09/2023;14765,498511
IRF-M 1;28/09/2023;14770,495286
IRF-M 1;29/09/2023;14778,133194
IRF-M 1;02/10/2023;14782,407896
IRF-M 1;03/10/2023;14786,315547
IRF-M 1;04/10/2023;14797,436854
IRF-M 1;05/10/2023;14803,86786
IRF-M 1;06/10/2023;14810,950308
IRF-M 1;09/10/2023;14818,993019
IRF-M 1;10/10/2023;14827,49539
IRF-M 1;11/10/2023;14830,218144
IRF-M 1;13/10/2023;14834,789702
IRF-M 1;16/10/2023;14843,750767
IRF-M 1;17/10/2023;14848,674995
IRF-M 1;18/10/2023;14855,213075
IRF-M 1;19/10/2023;14861,242353
IRF-M 1;20/10/2023;14870,707372
IRF-M 1;23/10/2023;14877,05111
IRF-M 1;24/10/2023;14885,267115
IRF-M 1;25/10/2023;14892,490735
IRF-M 1;26/10/2023;14902,026025
IRF-M 1;27/10/2023;14906,075341
IRF-M 1;30/10/2023;14910,377712
IRF-M 1;31/10/2023;14919,298631
IRF-M 1;01/11/2023;14929,005298
IRF-M 1;03/11/2023;14937,638049
IRF-M 1;06/11/2023;14944,030661
IRF-M 1;07/11/2023;14952,260349
IRF-M 1;08/11/2023;14959,871442
IRF-M 1;09/11/2023;14966,591126
IRF-M 1;10/11/2023;14974,298641
IRF-M 1;13/11/2023;14980,87724
IRF-M 1;14/11/2023;14990,610256
IRF-M 1;16/11/2023;14997,836615
IRF-M 1;17/11/2023;15006,166723
IRF-M 1;20/11/2023;15012,078078
IRF-M 1;21/11/2023;15017,151616
IRF-M 1;22/11/2023;15024,628134
IRF-M 1;23/11/2023;15031,437219
IRF-M 1;24/11/2023;15038,878847
IRF-M 1;27/11/2023;15046,090762
IRF-M 1;28/11/2023;15052,827845
IRF-M 1;29/11/2023;15059,698886
IRF-M 1;30/11/2023;15068,143263
IRF-M 1;01/12/2023;15075,398644
IRF-M 1;04/12/2023;15081,48253
IRF-M 1;05/12/2023;15087,80034
IRF-M 1;06/12/2023;15095,467646
IRF-M 1;07/12/2023;15102,826424
IRF-M 1;08/12/2023;15108,981943
IRF-M 1;11/12/2023;15116,093544
IRF-M 1;12/12/2023;15123,735227
IRF-M 1;13/12/2023;15131,898861
IRF-M 1;14/12/2023;15139,710669
IRF-M 1;15/12/2023;15146,574433
IRF-M 1;18/12/2023;15153,973922
IRF-M 1;19/12/2023;15159,152732
IRF-M 1;20/12/2023;15163,856672
IRF-M 1;21/12/2023;15170,15467
IRF-M 1;22/12/2023;15176,859876
IRF-M 1;26/12/2023;15184,349349
IRF-M 1;27/12/2023;15191,997079
IRF-M 1;28/12/2023;15199,098341
IRF-M 1;29/12/2023;15205,608042
IRF-M 1;02/01/2024;15213,318809
IRF-M 1;03/01/2024;15216,625082
IRF-M 1;04/01/2024;15215,989281
IRF-M 1;05/01/2024;15216,275916
IRF-M 1;08/01/2024;15220,96672
IRF-M 1;09/01/2024;15224,726409
IRF-M 1;10/01/2024;15230,100841
IRF-M 1;11/01/2024;15238,892953
IRF-M 1;12/01/2024;15248,131797
IRF-M 1;15/01/2024;15255,472945
IRF-M 1;16/01/2024;15257,405578
IRF-M 1;17/01/2024;15265,519221
IRF-M 1;18/01/2024;15273,499065
IRF-M 1;19/01/2024;15277,418265
IRF-M 1;22/01/2024;15285,525716
IRF-M 1;23/01/2024;15291,301421
IRF-M 1;24/01/2024;15297,786306
IRF-M 1;25/01/2024;15305,311057
IRF-M 1;26/01/2024;15314,882116
IRF-M 1;29/01/2024;15319,592687
IRF-M 1;30/01/2024;15324,208617
IRF-M 1;31/01/2024;15332,470943
IRF-M 1;01/02/2024;15339,634698
IRF-M 1;02/02/2024;15342,964078
IRF-M 1;05/02/2024;15349,209082
IRF-M 1;06/02/2024;15357,756899
IRF-M 1;07/02/2024;15363,230833
IRF-M 1;08/02/2024;15366,996955
IRF-M 1;09/02/2024;15373,192045
IRF-M 1;14/02/2024;15377,892201
IRF-M 1;15/02/2024;15385,550058
IRF-M 1;16/02/2024;15389,263243
IRF-M 1;19/02/2024;15396,544069
IRF-M 1;20/02/2024;15404,773572
IRF-M 1;21/02/2024;15411,060219
IRF-M 1;22/02/2024;15415,638747
IRF-M 1;23/02/2024;15421,6565
IRF-M 1;26/02/2024;15426,848079
IRF-M 1;27/02/2024;15436,349449
IRF-M 1;28/02/2024;15441,203695
IRF-M 1;29/02/2024;15449,762628
IRF-M 1;01/03/2024;15456,848016
IRF-M 1;04/03/2024;15463,818099
IRF-M 1;05/03/2024;15473,056561
IRF-M 1;06/03/2024;15480,182667
IRF-M 1;07/03/2024;15486,434017
IRF-M 1;08/03/2024;15492,192927
IRF-M 1;11/03/2024;15500,613558
IRF-M 1;12/03/2024;15509,059035
IRF-M 1;13/03/2024;15515,308061
IRF-M 1;14/03/2024;15518,860365
IRF-M 1;15/03/2024;15521,462939
IRF-M 1;18/03/2024;15526,082181
IRF-M 1;19/03/2024;15534,307573
IRF-M 1;20/03/2024;15542,9423
IRF-M 1;21/03/2024;15547,658912
IRF-M 1;22/03/2024;15555,076038
IRF-M 1;25/03/2024;15562,83327
IRF-M 1;26/03/2024;15566,732532
IRF-M 1;27/03/2024;15573,919527
IRF-M 1;28/03/2024;15579,508967
IRF-M 1;01/04/2024;15583,718245
IRF-M 1;02/04/2024;15586,362276
IRF-M 1;03/04/2024;15590,82091
IRF-M 1;04/04/2024;15597,39295
IRF-M 1;05/04/2024;15599,308469
IRF-M 1;08/04/2024;15607,303157
IRF-M 1;09/04/2024;15616,422314
IRF-M 1;10/04/2024;15613,369111
IRF-M 1;11/04/2024;15615,612408
IRF-M 1;12/04/2024;15622,613049
IRF-M 1;15/04/2024;15620,370748
IRF-M 1;16/04/2024;15611,682182
IRF-M 1;17/04/2024;15604,619948
IRF-M 1;18/04/2024;15611,394539
IRF-M 1;19/04/2024;15624,757426
IRF-M 1;22/04/2024;15635,644962
IRF-M 1;23/04/2024;15641,397274
IRF-M 1;24/04/2024;15643,126325
IRF-M 1;25/04/2024;15650,431641
IRF-M 1;26/04/2024;15668,474078
IRF-M 1;29/04/2024;15677,69458
IRF-M 1;30/04/2024;15669,645602
IRF-M 1;02/05/2024;15685,93246
IRF-M 1;03/05/2024;15697,049976
IRF-M 1;06/05/2024;15696,745367
IRF-M 1;07/05/2024;15703,757326
IRF-M 1;08/05/2024;15708,792596
IRF-M 1;09/05/2024;15711,252343
IRF-M 1;10/05/2024;15713,787168
IRF-M 1;13/05/2024;15718,894277
IRF-M 1;14/05/2024;15723,660112
IRF-M 1;15/05/2024;15728,476806
IRF-M 1;16/05/2024;15734,339413
IRF-M 1;17/05/2024;15738,933459
IRF-M 1;20/05/2024;15743,757334
IRF-M 1;21/05/2024;15751,521965
IRF-M 1;22/05/2024;15753,566087
IRF-M 1;23/05/2024;15760,768177
IRF-M 1;24/05/2024;15765,032168
IRF-M 1;27/05/2024;15774,573532
IRF-M 1;28/05/2024;15781,304502
IRF-M 1;29/05/2024;15782,014514
IRF-M 1;31/05/2024;15791,111914
IRF-M 1;03/06/2024;15797,325391
IRF-M 1;04/06/2024;15802,55361
IRF-M 1;05/06/2024;15804,668276
IRF-M 1;06/06/2024;15813,568792
IRF-M 1;07/06/2024;15805,023997
IRF-M 1;10/06/2024;15808,494253
IRF-M 1;11/06/2024;15819,456029
IRF-M 1;12/06/2024;15820,640053
IRF-M 1;13/06/2024;15831,280824
IRF-M 1;14/06/2024;15839,075026
IRF-M 1;17/06/2024;15841,175888
IRF-M 1;18/06/2024;15849,106548
IRF-M 1;19/06/2024;15851,962661
IRF-M 1;20/06/2024;15865,569446
IRF-M 1;21/06/2024;15873,3245
IRF-M 1;24/06/2024;15881,405375
IRF-M 1;25/06/2024;15886,365254
IRF-M 1;26/06/2024;15888,033483
IRF-M 1;27/06/2024;15893,986504
IRF-M 1;28/06/2024;15891,333283
IRF-M 1;01/07/2024;15889,170465
IRF-M 1;02/07/2024;15900,18376
IRF-M 1;03/07/2024;15917,504939
IRF-M 1;04/07/2024;15935,795395
IRF-M 1;05/07/2024;15943,284352
IRF-M 1;08/07/2024;15948,676832
IRF-M 1;09/07/2024;15957,595985
IRF-M 1;10/07/2024;15970,316774
IRF-M 1;11/07/2024;15975,160607
IRF-M 1;12/07/2024;15977,355708
IRF-M 1;15/07/2024;15982,566987
IRF-M 1;16/07/2024;15992,220223
IRF-M 1;17/07/2024;15994,589287
IRF-M 1;18/07/2024;15990,273669
IRF-M 1;19/07/2024;15995,791394
IRF-M 1;22/07/2024;16004,950307
IRF-M 1;23/07/2024;16007,237963
IRF-M 1;24/07/2024;16011,13999
IRF-M 1;25/07/2024;16007,315312
IRF-M 1;26/07/2024;16016,335973
IRF-M 1;29/07/2024;16024,515773
IRF-M 1;30/07/2024;16033,391505
IRF-M 1;31/07/2024;16040,671401
IRF-M 1;01/08/2024;16050,863014
IRF-M 1;02/08/2024;16072,239706
IRF-M 1;05/08/2024;16080,091188
IRF-M 1;06/08/2024;16068,329516
IRF-M 1;07/08/2024;16077,05075
IRF-M 1;08/08/2024;16081,97079
IRF-M 1;09/08/2024;16084,75119
IRF-M 1;12/08/2024;16090,509533
IRF-M 1;13/08/2024;16098,624157
IRF-M 1;14/08/2024;16106,52953
IRF-M 1;15/08/2024;16107,254658
IRF-M 1;16/08/2024;16108,35286
IRF-M 1;19/08/2024;16116,065636
IRF-M 1;20/08/2024;16125,62603
IRF-M 1;21/08/2024;16137,656689
IRF-M 1;22/08/2024;16135,102069
IRF-M 1;23/08/2024;16146,517114
IRF-M 1;26/08/2024;16153,66722
IRF-M 1;27/08/2024;16154,638986
IRF-M 1;28/08/2024;16153,949065
IRF-M 1;29/08/2024;16156,321875
IRF-M 1;30/08/2024;16163,855822
IRF-M 1;02/09/2024;16170,163942
IRF-M 1;03/09/2024;16177,185643
IRF-M 1;04/09/2024;16189,601246
IRF-M 1;05/09/2024;16199,233083
IRF-M 1;06/09/2024;16204,202138
IRF-M 1;09/09/2024;16210,09691
IRF-M 1;10/09/2024;16218,462546
IRF-M 1;11/09/2024;16223,072715
IRF-M 1;12/09/2024;16225,872568
IRF-M 1;13/09/2024;16233,316916
IRF-M 1;16/09/2024;16239,586842
IRF-M 1;17/09/2024;16247,201943
IRF-M 1;18/09/2024;16256,003507
IRF-M 1;19/09/2024;16254,467795
IRF-M 1;20/09/2024;16257,010364
IRF-M 1;23/09/2024;16261,594352
IRF-M 1;24/09/2024;16272,981176
IRF-M 1;25/09/2024;16281,629638
IRF-M 1;26/09/2024;16285,891518
IRF-M 1;27/09/2024;16291,607273
IRF-M 1;30/09/2024;16296,829289
IRF-M 1;01/10/2024;16304,359627
IRF-M 1;02/10/2024;16312,537509
IRF-M 1;03/10/2024;16316,255887
IRF-M 1;04/10/2024;16316,849208
IRF-M 1;07/10/2024;16324,522749
IRF-M 1;08/10/2024;16333,094598
IRF-M 1;09/10/2024;16332,037828
IRF-M 1;10/10/2024;16336,626587
IRF-M 1;11/10/2024;16340,332612
IRF-M 1;14/10/2024;16351,564265
IRF-M 1;15/10/2024;16356,080462
IRF-M 1;16/10/2024;16361,672839
IRF-M 1;17/10/2024;16366,474709
IRF-M 1;18/10/2024;16372,874785
IRF-M 1;21/10/2024;16382,224739
IRF-M 1;22/10/2024;16388,139054
IRF-M 1;23/10/2024;16393,09687
IRF-M 1;24/10/2024;16406,021437
IRF-M 1;25/10/2024;16409,064389
IRF-M 1;28/10/2024;16415,615864
IRF-M 1;29/10/2024;16420,586031
IRF-M 1;30/10/2024;16428,21737
IRF-M 1;31/10/2024;16434,31666
IRF-M 1;01/11/2024;16428,8111
IRF-M 1;04/11/2024;16443,313506
IRF-M 1;05/11/2024;16451,224792
IRF-M 1;06/11/2024;16454,687357
IRF-M 1;07/11/2024;16458,96362
IRF-M 1;08/11/2024;16463,603583
IRF-M 1;11/11/2024;16468,326382
IRF-M 1;12/11/2024;16476,568034
IRF-M 1;13/11/2024;16481,873106
IRF-M 1;14/11/2024;16491,801469
IRF-M 1;18/11/2024;16494,642482
IRF-M 1;19/11/2024;16504,305655
IRF-M 1;21/11/2024;16512,232803
IRF-M 1;22/11/2024;16517,43434
IRF-M 1;25/11/2024;16522,689196
IRF-M 1;26/11/2024;16530,524961
IRF-M 1;27/11/2024;16527,835055
IRF-M 1;28/11/2024;16524,556628
IRF-M 1;29/11/2024;16527,863785
IRF-M 1;02/12/2024;16538,633965
IRF-M 1;03/12/2024;16541,200854
IRF-M 1;04/12/2024;16544,755333
IRF-M 1;05/12/2024;16551,536114
IRF-M 1;06/12/2024;16553,254972
IRF-M 1;09/12/2024;16555,702478
IRF-M 1;10/12/2024;16566,444522
IRF-M 1;11/12/2024;16575,317711
IRF-M 1;12/12/2024;16569,75451
IRF-M 1;13/12/2024;16570,922772
IRF-M 1;16/12/2024;16576,300451
IRF-M 1;17/12/2024;16581,03756
IRF-M 1;18/12/2024;16578,616372
IRF-M 1;19/12/2024;16592,806914
IRF-M 1;20/12/2024;16603,127294
IRF-M 1;23/12/2024;16604,757893
IRF-M 1;24/12/2024;16612,967175
IRF-M 1;26/12/2024;16616,848139
IRF-M 1;27/12/2024;16627,98827
IRF-M 1;30/12/2024;16635,589185
IRF-M 1;31/12/2024;16643,825385
IRF-M 1;02/01/2025;16658,153044
IRF-M 1;03/01/2025;16674,54715
IRF-M 1;06/01/2025;16687,649441
IRF-M 1;07/01/2025;16693,499906
IRF-M 1;08/01/2025;16705,172401
IRF-M 1;09/01/2025;16717,342028
IRF-M 1;10/01/2025;16717,991839
IRF-M 1;13/01/2025;16734,943417
IRF-M 1;14/01/2025;16746,604313
IRF-M 1;15/01/2025;16759,730808
IRF-M 1;16/01/2025;16763,717611
IRF-M 1;17/01/2025;16768,973884
IRF-M 1;20/01/2025;16778,938666
IRF-M 1;21/01/2025;16786,909441
IRF-M 1;22/01/2025;16797,927134
IRF-M 1;23/01/2025;16798,720454
IRF-M 1;24/01/2025;16801,531788
IRF-M 1;27/01/2025;16809,011325
IRF-M 1;28/01/2025;16818,186568
IRF-M 1;29/01/2025;16822,585915
IRF-M 1;30/01/2025;16851,301688
IRF-M 1;31/01/2025;16856,881747
IRF-M 1;03/02/2025;16865,697976
IRF-M 1;04/02/2025;16873,560765
IRF-M 1;05/02/2025;16879,672737
IRF-M 1;06/02/2025;16888,774936
IRF-M 1;07/02/2025;16892,524597
IRF-M 1;10/02/2025;16903,734262
IRF-M 1;11/02/2025;16915,688027
IRF-M 1;12/02/2025;16926,604401
IRF-M 1;13/02/2025;16938,327002
IRF-M 1;14/02/2025;16949,056607
IRF-M 1;17/02/2025;16964,694086
IRF-M 1;18/02/2025;16972,802126
IRF-M 1;19/02/2025;16980,939558
IRF-M 1;20/02/2025;16991,639576
IRF-M 1;21/02/2025;17009,008659
IRF-M 1;24/02/2025;17010,141714
IRF-M 1;25/02/2025;17020,883486
IRF-M 1;26/02/2025;17021,035163
IRF-M 1;27/02/2025;17027,206537
IRF-M 1;28/02/2025;17027,528158
IRF-M 1;05/03/2025;17045,333133
IRF-M 1;06/03/2025;17054,445673
IRF-M 1;07/03/2025;17067,334161
IRF-M 1;10/03/2025;17074,412269
IRF-M 1;11/03/2025;17087,571908
IRF-M 1;12/03/2025;17096,314927
IRF-M 1;13/03/2025;17104,87361
IRF-M 1;14/03/2025;17113,038861
IRF-M 1;17/03/2025;17121,294706
IRF-M 1;18/03/2025;17131,11165
IRF-M 1;19/03/2025;17140,367846
IRF-M 1;20/03/2025;17140,285782
IRF-M 1;21/03/2025;17145,64639
IRF-M 1;24/03/2025;17151,474255
IRF-M 1;25/03/2025;17156,140029
IRF-M 1;26/03/2025;17163,837459
IRF-M 1;27/03/2025;17178,80563
IRF-M 1;28/03/2025;17184,330577
IRF-M 1;31/03/2025;17198,793418
IRF-M 1;01/04/2025;17209,370534
IRF-M 1;02/04/2025;17216,022261
IRF-M 1;03/04/2025;17244,223632
IRF-M 1;04/04/2025;17260,317725
IRF-M 1;07/04/2025;17270,483018
IRF-M 1;08/04/2025;17272,450441
IRF-M 1;09/04/2025;17276,266086
IRF-M 1;10/04/2025;17288,206274
IRF-M 1;11/04/2025;17299,815196
IRF-M 1;14/04/2025;17315,028435
IRF-M 1;15/04/2025;17320,55197
IRF-M 1;16/04/2025;17330,452381
IRF-M 1;17/04/2025;17338,390077
IRF-M 1;22/04/2025;17348,561112
IRF-M 1;23/04/2025;17362,349559
IRF-M 1;24/04/2025;17379,927432
IRF-M 1;25/04/2025;17383,811373
IRF-M 1;28/04/2025;17391,612765
IRF-M 1;29/04/2025;17397,77652
IRF-M 1;30/04/2025;17409,86381
IRF-M 1;02/05/2025;17417,379114
IRF-M 1;05/05/2025;17423,768352
IRF-M 1;06/05/2025;17435,612944
IRF-M 1;07/05/2025;17441,999523
IRF-M 1;08/05/2025;17448,132507
IRF-M 1;09/05/2025;17456,925809
IRF-M 1;12/05/2025;17466,193433
IRF-M 1;13/05/2025;17476,092457
IRF-M 1;14/05/2025;17483,840684
IRF-M 1;15/05/2025;17493,066638
IRF-M 1;16/05/2025;17507,716687
IRF-M 1;19/05/2025;17519,365658
IRF-M 1;20/05/2025;17527,509273
IRF-M 1;21/05/2025;17535,570106
IRF-M 1;22/05/2025;17545,491142
IRF-M 1;23/05/2025;17555,188253
IRF-M 1;26/05/2025;17566,438239
IRF-M 1;27/05/2025;17578,071804
IRF-M 1;28/05/2025;17585,33837
IRF-M 1;29/05/2025;17593,569749
IRF-M 1;30/05/2025;17599,1968
IRF-M 1;02/06/2025;17608,95084
IRF-M 1;03/06/2025;17617,117907
IRF-M 1;04/06/2025;17625,860472
IRF-M 1;05/06/2025;17629,403406
IRF-M 1;06/06/2025;17638,884828
IRF-M 1;09/06/2025;17651,794747
IRF-M 1;10/06/2025;17663,916425
IRF-M 1;11/06/2025;17670,82372
IRF-M 1;12/06/2025;17681,428523
IRF-M 1;13/06/2025;17692,952701
IRF-M 1;16/06/2025;17701,221598
IRF-M 1;17/06/2025;17710,730498
IRF-M 1;18/06/2025;17720,380969
IRF-M 1;20/06/2025;17724,488072
IRF-M 1;23/06/2025;17734,422703
IRF-M 1;24/06/2025;17746,021991
IRF-M 1;25/06/2025;17755,925955
IRF-M 1;26/06/2025;17766,705962
IRF-M 1;27/06/2025;17776,349052
IRF-M 1;30/06/2025;17786,501561
IRF-M 1;01/07/2025;17796,384437
IRF-M 1;02/07/2025;17805,579132
IRF-M 1;03/07/2025;17814,314123
IRF-M 1;04/07/2025;17821,811823
IRF-M 1;07/07/2025;17830,640052
IRF-M 1;08/07/2025;17841,025016
IRF-M 1;09/07/2025;17851,423559
IRF-M 1;10/07/2025;17854,906359
IRF-M 1;11/07/2025;17863,070023
IRF-M 1;14/07/2025;17873,489738
IRF-M 1;15/07/2025;17882,68725
IRF-M 1;16/07/2025;17892,070372
IRF-M 1;17/07/2025;17903,033289
IRF-M 1;18/07/2025;17910,728287
IRF-M 1;21/07/2025;17922,573761
IRF-M 1;22/07/2025;17934,392521
IRF-M 1;23/07/2025;17945,403603
IRF-M 1;24/07/2025;17954,760228
IRF-M 1;25/07/2025;17965,862354
IRF-M 1;28/07/2025;17976,103922
IRF-M 1;29/07/2025;17988,657831
IRF-M 1;30/07/2025;17996,109371
IRF-M 1;31/07/2025;18002,229055
IRF-M 1;01/08/2025;18017,676434
IRF-M 1;04/08/2025;18028,302084
IRF-M 1;05/08/2025;18038,247432
IRF-M 1;06/08/2025;18049,099334
IRF-M 1;07/08/2025;18060,965875
IRF-M 1;08/08/2025;18069,24381
IRF-M 1;11/08/2025;18080,67455
IRF-M 1;12/08/2025;18094,663362
IRF-M 1;13/08/2025;18106,274028
IRF-M 1;14/08/2025;18115,639645
IRF-M 1;15/08/2025;18126,081429
IRF-M 1;18/08/2025;18135,259337
IRF-M 1;19/08/2025;18140,045117
IRF-M 1;20/08/2025;18152,933286
IRF-M 1;21/08/2025;18161,509511
IRF-M 1;22/08/2025;18175,96334
IRF-M 1;25/08/2025;18187,795504
IRF-M 1;26/08/2025;18195,72595
IRF-M 1;27/08/2025;18206,23887
IRF-M 1;28/08/2025;18216,964567
IRF-M 1;29/08/2025;18225,952371
IRF-M 1;01/09/2025;18236,396726
IRF-M 1;02/09/2025;18244,690544
IRF-M 1;03/09/2025;18255,028415
IRF-M 1;04/09/2025;18266,083004
IRF-M 1;05/09/2025;18277,00186
IRF-M 1;08/09/2025;18287,254791
IRF-M 1;09/09/2025;18295,725418
IRF-M 1;10/09/2025;18304,75307
IRF-M 1;11/09/2025;18314,396284
IRF-M 1;12/09/2025;18324,916859
IRF-M 1;15/09/2025;18335,730305
IRF-M 1;16/09/2025;18347,007677
IRF-M 1;17/09/2025;18357,773187
IRF-M 1;18/09/2025;18365,62088
IRF-M 1;19/09/2025;18375,819992
IRF-M 1;22/09/2025;18384,215253
IRF-M 1;23/09/2025;18395,614384
IRF-M 1;24/09/2025;18404,652279
IRF-M 1;25/09/2025;18413,677911
IRF-M 1;26/09/2025;18424,640295
IRF-M 1;29/09/2025;18434,030676
IRF-M 1;30/09/2025;18443,94203
IRF-M 1;01/10/2025;18453,360969
IRF-M 1;02/10/2025;18461,52053
IRF-M 1;03/10/2025;18469,869983
IRF-M 1;06/10/2025;18481,437964
IRF-M 1;07/10/2025;18489,618552
IRF-M 1;08/10/2025;18501,014988
IRF-M 1;09/10/2025;18513,839383
IRF-M 1;10/10/2025;18527,309458
IRF-M 1;13/10/2025;18537,61531
IRF-M 1;14/10/2025;18549,175432
IRF-M 1;15/10/2025;18557,094714
IRF-M 1;16/10/2025;18567,526787
IRF-M 1;17/10/2025;18577,576794
IRF-M 1;20/10/2025;18588,115585
IRF-M 1;21/10/2025;18599,576085
IRF-M 1;22/10/2025;18611,40357
IRF-M 1;23/10/2025;18621,785058
IRF-M 1;24/10/2025;18633,865783
IRF-M 1;27/10/2025;18643,473258
IRF-M 1;28/10/2025;18652,878142
IRF-M 1;29/10/2025;18663,323552
IRF-M 1;30/10/2025;18670,28052
IRF-M 1;31/10/2025;18682,245869
IRF-M 1;03/11/2025;18690,587113
IRF-M 1;04/11/2025;18701,280498
IRF-M 1;05/11/2025;18712,417671
IRF-M 1;06/11/2025;18719,730155
IRF-M 1;07/11/2025;18729,678416
IRF-M 1;10/11/2025;18740,898265
IRF-M 1;11/11/2025;18757,999389
IRF-M 1;12/11/2025;18767,921504
IRF-M 1;13/11/2025;18778,24826
IRF-M 1;14/11/2025;18790,130895
IRF-M 1;17/11/2025;18799,354587
IRF-M 1;18/11/2025;18809,845619
IRF-M 1;19/11/2025;18820,038172
IRF-M 1;21/11/2025;18829,790961
IRF-M 1;24/11/2025;18842,403453
IRF-M 1;25/11/2025;18854,083874
IRF-M 1;26/11/2025;18863,774472
IRF-M 1;27/11/2025;18873,245992
IRF-M 1;28/11/2025;18882,595547
IRF-M 1;01/12/2025;18891,680422
IRF-M 1;02/12/2025;18903,141581
IRF-M 1;03/12/2025;18913,389408
IRF-M 1;04/12/2025;18925,404149
IRF-M 1;05/12/2025;18928,058947
IRF-M 1;08/12/2025;18940,079865
IRF-M 1;09/12/2025;18950,8791
IRF-M 1;10/12/2025;18961,082478
IRF-M 1;11/12/2025;18971,279489
IRF-M 1;12/12/2025;18984,24547
IRF-M 1;15/12/2025;18995,582951
IRF-M 1;16/12/2025;19004,502764
IRF-M 1;17/12/2025;19010,341207
IRF-M 1;18/12/2025;19021,57234
IRF-M 1;19/12/2025;19032,958316
IRF-M 1;22/12/2025;19039,519858
IRF-M 1;23/12/2025;19048,608283
IRF-M 1;24/12/2025;19058,955748
IRF-M 1;26/12/2025;19071,434497
IRF-M 1;29/12/2025;19080,733594
IRF-M 1;30/12/2025;19090,407097
IRF-M 1;31/12/2025;19100,774808
IRF-M 1;02/01/2026;19113,452836
IRF-M 1;05/01/2026;19123,541624
IRF-M 1;06/01/2026;19133,013293
IRF-M 1;07/01/2026;19146,293111
IRF-M 1;08/01/2026;19155,206452
IRF-M 1;09/01/2026;19162,4958
IRF-M 1;12/01/2026;19174,404651
IRF-M 1;13/01/2026;19187,448786
IRF-M 1;14/01/2026;19195,671717
IRF-M 1;15/01/2026;19205,278253
IRF-M 1;16/01/2026;19212,527445
IRF-M 1;19/01/2026;19224,952281
IRF-M 1;20/01/2026;19232,888962
IRF-M 1;21/01/2026;19245,754659
IRF-M 1;22/01/2026;19259,253325
IRF-M 1;23/01/2026;19269,471547
IRF-M 1;26/01/2026;19280,291501
IRF-M 1;27/01/2026;19296,884654
IRF-M 1;28/01/2026;19309,351102
IRF-M 1;29/01/2026;19320,813149
IRF-M 1;30/01/2026;19330,769873
IRF-M 1;02/02/2026;19341,96431
IRF-M 1;03/02/2026;19354,970584
IRF-M 1;04/02/2026;19366,058048
IRF-M 1;05/02/2026;19377,22421
IRF-M 1;06/02/2026;19388,794764
IRF-M 1;09/02/2026;19399,170734
IRF-M 1;10/02/2026;19408,614786
IRF-M 1;11/02/2026;19422,24402
IRF-M 1;12/02/2026;19433,841409
IRF-M 1;13/02/2026;19444,170658
IRF-M 1;18/02/2026;19454,836092
IRF-M 1;19/02/2026;19465,33111
IRF-M 1;20/02/2026;19478,073782
IRF-M 1;23/02/2026;19489,159933
IRF-M 1;24/02/2026;19500,338944
IRF-M 1;25/02/2026;19510,420432
IRF-M 1;26/02/2026;19523,32567
IRF-M 1;27/02/2026;19528,676608
IRF-M 1;02/03/2026;19537,766461
IRF-M 1;03/03/2026;19540,126424
IRF-M 1;04/03/2026;19554,363041
IRF-M 1;05/03/2026;19558,944092
IRF-M 1;06/03/2026;19561,547566
IRF-M 1;09/03/2026;19567,790301
IRF-M 1;10/03/2026;19589,267376
IRF-M 1;11/03/2026;19594,305146
IRF-M 1;12/03/2026;19592,516135
IRF-M 1;13/03/2026;19586,644616
IRF-M 1;16/03/2026;19609,464414
IRF-M 1;17/03/2026;19615,510456
IRF-M 1;18/03/2026;19629,361525
IRF-M 1;19/03/2026;19647,685154
IRF-M 1;20/03/2026;19642,315577
IRF-M 1;23/03/2026;19663,526064
IRF-M 1;24/03/2026;19674,705231
IRF-M 1;25/03/2026;19688,722083
IRF-M 1;26/03/2026;19688,26259
IRF-M 1;27/03/2026;19695,117256
IRF-M 1;30/03/2026;19707,913964
IRF-M 1;31/03/2026;19728,096736
IRF-M 1;01/04/2026;19740,107381
IRF-M 1;02/04/2026;19749,821838
IRF-M 1;06/04/2026;19751,238256
IRF-M 1;07/04/2026;19754,828904
IRF-M 1;08/04/2026;19789,518341
IRF-M 1;09/04/2026;19799,010288
IRF-M 1;10/04/2026;19799,675816
IRF-M 1;13/04/2026;19808,22852
IRF-M 1;14/04/2026;19823,366815
IRF-M 1;15/04/2026;19836,387114
IRF-M 1;16/04/2026;19837,702131
IRF-M 1;17/04/2026;19859,76019
IRF-M 1;20/04/2026;19866,359938
IRF-M 1;22/04/2026;19872,930191
IRF-M 1;23/04/2026;19871,928546
IRF-M 1;24/04/2026;19884,626465
IRF-M 1;27/04/2026;19892,748523
IRF-M 1;28/04/2026;19904,242148
IRF-M 1;29/04/2026;19908,303443
IRF-M 1;30/04/2026;19924,316756
IRF-M 1;04/05/2026;19929,89581
IRF-M 1;05/05/2026;19946,922973
IRF-M 1;06/05/2026;19964,679816
IRF-M 1;07/05/2026;19972,817983
IRF-M 1;08/05/2026;19984,379876
IRF-M 1;11/05/2026;19990,553809
IRF-M 1;12/05/2026;20000,031515
IRF-M 1;13/05/2026;20003,999969
IRF-M 1;14/05/2026;20016,85584
IRF-M 1;15/05/2026;20024,11548
IRF-M 1;18/05/2026;20039,530269
IRF-M 1;19/05/2026;20050,660692
IRF-M 1;20/05/2026;20067,327455
IRF-M 1;21/05/2026;20078,485368
IRF-M 1;22/05/2026;20087,066439
IRF-M 1;25/05/2026;20102,408196
IRF-M 1;26/05/2026;20109,258518
IRF-M 1;27/05/2026;20119,235106
IRF-M 1;28/05/2026;20129,507831
IRF-M 1;29/05/2026;20138,20756
IRF-M 1;01/06/2026;20142,970033
IRF-M 1;02/06/2026;20154,432932
IRF-M 1;03/06/2026;20156,229376
IRF-M 1;05/06/2026;20159,633137
IRF-M 1;08/06/2026;20164,00343
IRF-M 1;09/06/2026;20171,4708
IRF-M 1;10/06/2026;20183,177132
IRF-M 1;11/06/2026;20204,754428
IRF-M 1;12/06/2026;20215,104853
IRF-M 1;15/06/2026;20232,841352
IRF-M 1;16/06/2026;20243,850299
IRF-M 1;17/06/2026;20250,715681
IRF-M 1;18/06/2026;20263,320894
IRF-M 1;19/06/2026;20272,758574
IRF-M 1;22/06/2026;20286,363715
IRF-M 1;23/06/2026;20299,099082
IRF-M 1;24/06/2026;20314,29171
IRF-M 1;25/06/2026;20326,164397
IRF-M 1;26/06/2026;20338,439777
IRF-M 1;29/06/2026;20350,852439
IRF-M 1;30/06/2026;20366,959311
