Nome do Ativo;Data;Cota
ABSOLUTE VERTEX FIC MULTIMERCADO;25/03/2015;1,00
ABSOLUTE VERTEX FIC MULTIMERCADO;26/03/2015;0,99814254
ABSOLUTE VERTEX FIC MULTIMERCADO;27/03/2015;0,99860948
ABSOLUTE VERTEX FIC MULTIMERCADO;30/03/2015;1,00159374
ABSOLUTE VERTEX FIC MULTIMERCADO;31/03/2015;0,99835241
ABSOLUTE VERTEX FIC MULTIMERCADO;01/04/2015;0,99701339
ABSOLUTE VERTEX FIC MULTIMERCADO;02/04/2015;0,9997024
ABSOLUTE VERTEX FIC MULTIMERCADO;06/04/2015;1,00022234
ABSOLUTE VERTEX FIC MULTIMERCADO;07/04/2015;1,00525866
ABSOLUTE VERTEX FIC MULTIMERCADO;08/04/2015;1,00264741
ABSOLUTE VERTEX FIC MULTIMERCADO;09/04/2015;1,00640146
ABSOLUTE VERTEX FIC MULTIMERCADO;10/04/2015;1,01119336
ABSOLUTE VERTEX FIC MULTIMERCADO;13/04/2015;1,01277299
ABSOLUTE VERTEX FIC MULTIMERCADO;14/04/2015;1,0080321
ABSOLUTE VERTEX FIC MULTIMERCADO;15/04/2015;1,00962902
ABSOLUTE VERTEX FIC MULTIMERCADO;16/04/2015;1,00472171
ABSOLUTE VERTEX FIC MULTIMERCADO;17/04/2015;0,99994078
ABSOLUTE VERTEX FIC MULTIMERCADO;20/04/2015;1,00157991
ABSOLUTE VERTEX FIC MULTIMERCADO;22/04/2015;1,00463365
ABSOLUTE VERTEX FIC MULTIMERCADO;23/04/2015;1,00687014
ABSOLUTE VERTEX FIC MULTIMERCADO;24/04/2015;1,00951477
ABSOLUTE VERTEX FIC MULTIMERCADO;27/04/2015;1,00986322
ABSOLUTE VERTEX FIC MULTIMERCADO;28/04/2015;1,00693852
ABSOLUTE VERTEX FIC MULTIMERCADO;29/04/2015;1,00440589
ABSOLUTE VERTEX FIC MULTIMERCADO;30/04/2015;1,00696073
ABSOLUTE VERTEX FIC MULTIMERCADO;04/05/2015;1,01482234
ABSOLUTE VERTEX FIC MULTIMERCADO;05/05/2015;1,01202649
ABSOLUTE VERTEX FIC MULTIMERCADO;06/05/2015;1,00843416
ABSOLUTE VERTEX FIC MULTIMERCADO;07/05/2015;1,00531711
ABSOLUTE VERTEX FIC MULTIMERCADO;08/05/2015;1,00399389
ABSOLUTE VERTEX FIC MULTIMERCADO;11/05/2015;1,00711735
ABSOLUTE VERTEX FIC MULTIMERCADO;12/05/2015;1,00570066
ABSOLUTE VERTEX FIC MULTIMERCADO;13/05/2015;1,00556789
ABSOLUTE VERTEX FIC MULTIMERCADO;14/05/2015;1,00449529
ABSOLUTE VERTEX FIC MULTIMERCADO;15/05/2015;1,00333068
ABSOLUTE VERTEX FIC MULTIMERCADO;18/05/2015;1,00724452
ABSOLUTE VERTEX FIC MULTIMERCADO;19/05/2015;1,01070894
ABSOLUTE VERTEX FIC MULTIMERCADO;20/05/2015;1,01011784
ABSOLUTE VERTEX FIC MULTIMERCADO;21/05/2015;1,01214971
ABSOLUTE VERTEX FIC MULTIMERCADO;22/05/2015;1,02417897
ABSOLUTE VERTEX FIC MULTIMERCADO;25/05/2015;1,02424935
ABSOLUTE VERTEX FIC MULTIMERCADO;26/05/2015;1,03012137
ABSOLUTE VERTEX FIC MULTIMERCADO;27/05/2015;1,0329337
ABSOLUTE VERTEX FIC MULTIMERCADO;28/05/2015;1,03313342
ABSOLUTE VERTEX FIC MULTIMERCADO;29/05/2015;1,03332299
ABSOLUTE VERTEX FIC MULTIMERCADO;01/06/2015;1,03749805
ABSOLUTE VERTEX FIC MULTIMERCADO;02/06/2015;1,03670774
ABSOLUTE VERTEX FIC MULTIMERCADO;03/06/2015;1,03785568
ABSOLUTE VERTEX FIC MULTIMERCADO;05/06/2015;1,04414635
ABSOLUTE VERTEX FIC MULTIMERCADO;08/06/2015;1,04076919
ABSOLUTE VERTEX FIC MULTIMERCADO;09/06/2015;1,03791717
ABSOLUTE VERTEX FIC MULTIMERCADO;10/06/2015;1,03829389
ABSOLUTE VERTEX FIC MULTIMERCADO;11/06/2015;1,03342361
ABSOLUTE VERTEX FIC MULTIMERCADO;12/06/2015;1,03471065
ABSOLUTE VERTEX FIC MULTIMERCADO;15/06/2015;1,03605134
ABSOLUTE VERTEX FIC MULTIMERCADO;16/06/2015;1,03104648
ABSOLUTE VERTEX FIC MULTIMERCADO;17/06/2015;1,02948474
ABSOLUTE VERTEX FIC MULTIMERCADO;18/06/2015;1,02836155
ABSOLUTE VERTEX FIC MULTIMERCADO;19/06/2015;1,02832732
ABSOLUTE VERTEX FIC MULTIMERCADO;22/06/2015;1,03277632
ABSOLUTE VERTEX FIC MULTIMERCADO;23/06/2015;1,03525364
ABSOLUTE VERTEX FIC MULTIMERCADO;24/06/2015;1,03662993
ABSOLUTE VERTEX FIC MULTIMERCADO;25/06/2015;1,03758085
ABSOLUTE VERTEX FIC MULTIMERCADO;26/06/2015;1,04108535
ABSOLUTE VERTEX FIC MULTIMERCADO;29/06/2015;1,0364517
ABSOLUTE VERTEX FIC MULTIMERCADO;30/06/2015;1,03491397
ABSOLUTE VERTEX FIC MULTIMERCADO;01/07/2015;1,03935289
ABSOLUTE VERTEX FIC MULTIMERCADO;02/07/2015;1,03335338
ABSOLUTE VERTEX FIC MULTIMERCADO;03/07/2015;1,03704744
ABSOLUTE VERTEX FIC MULTIMERCADO;06/07/2015;1,03794595
ABSOLUTE VERTEX FIC MULTIMERCADO;07/07/2015;1,04204129
ABSOLUTE VERTEX FIC MULTIMERCADO;08/07/2015;1,04333637
ABSOLUTE VERTEX FIC MULTIMERCADO;09/07/2015;1,04344473
ABSOLUTE VERTEX FIC MULTIMERCADO;10/07/2015;1,03512376
ABSOLUTE VERTEX FIC MULTIMERCADO;13/07/2015;1,03130258
ABSOLUTE VERTEX FIC MULTIMERCADO;14/07/2015;1,0304923
ABSOLUTE VERTEX FIC MULTIMERCADO;15/07/2015;1,02900714
ABSOLUTE VERTEX FIC MULTIMERCADO;16/07/2015;1,03211828
ABSOLUTE VERTEX FIC MULTIMERCADO;17/07/2015;1,03894834
ABSOLUTE VERTEX FIC MULTIMERCADO;20/07/2015;1,04047448
ABSOLUTE VERTEX FIC MULTIMERCADO;21/07/2015;1,03364489
ABSOLUTE VERTEX FIC MULTIMERCADO;22/07/2015;1,04674033
ABSOLUTE VERTEX FIC MULTIMERCADO;23/07/2015;1,06078393
ABSOLUTE VERTEX FIC MULTIMERCADO;24/07/2015;1,06937174
ABSOLUTE VERTEX FIC MULTIMERCADO;27/07/2015;1,06803856
ABSOLUTE VERTEX FIC MULTIMERCADO;28/07/2015;1,0708709
ABSOLUTE VERTEX FIC MULTIMERCADO;29/07/2015;1,06399898
ABSOLUTE VERTEX FIC MULTIMERCADO;30/07/2015;1,07001218
ABSOLUTE VERTEX FIC MULTIMERCADO;31/07/2015;1,07544706
ABSOLUTE VERTEX FIC MULTIMERCADO;03/08/2015;1,07947991
ABSOLUTE VERTEX FIC MULTIMERCADO;04/08/2015;1,08047943
ABSOLUTE VERTEX FIC MULTIMERCADO;05/08/2015;1,08638065
ABSOLUTE VERTEX FIC MULTIMERCADO;06/08/2015;1,09477014
ABSOLUTE VERTEX FIC MULTIMERCADO;07/08/2015;1,08957821
ABSOLUTE VERTEX FIC MULTIMERCADO;10/08/2015;1,08343518
ABSOLUTE VERTEX FIC MULTIMERCADO;11/08/2015;1,08576655
ABSOLUTE VERTEX FIC MULTIMERCADO;12/08/2015;1,0807341
ABSOLUTE VERTEX FIC MULTIMERCADO;13/08/2015;1,08540638
ABSOLUTE VERTEX FIC MULTIMERCADO;14/08/2015;1,08514257
ABSOLUTE VERTEX FIC MULTIMERCADO;17/08/2015;1,08833191
ABSOLUTE VERTEX FIC MULTIMERCADO;18/08/2015;1,08824864
ABSOLUTE VERTEX FIC MULTIMERCADO;19/08/2015;1,09192678
ABSOLUTE VERTEX FIC MULTIMERCADO;20/08/2015;1,09181691
ABSOLUTE VERTEX FIC MULTIMERCADO;21/08/2015;1,10103009
ABSOLUTE VERTEX FIC MULTIMERCADO;24/08/2015;1,11727385
ABSOLUTE VERTEX FIC MULTIMERCADO;25/08/2015;1,12075911
ABSOLUTE VERTEX FIC MULTIMERCADO;26/08/2015;1,11687622
ABSOLUTE VERTEX FIC MULTIMERCADO;27/08/2015;1,11103068
ABSOLUTE VERTEX FIC MULTIMERCADO;28/08/2015;1,11022618
ABSOLUTE VERTEX FIC MULTIMERCADO;31/08/2015;1,10947789
ABSOLUTE VERTEX FIC MULTIMERCADO;01/09/2015;1,11629702
ABSOLUTE VERTEX FIC MULTIMERCADO;02/09/2015;1,12342284
ABSOLUTE VERTEX FIC MULTIMERCADO;03/09/2015;1,12310036
ABSOLUTE VERTEX FIC MULTIMERCADO;04/09/2015;1,1388144
ABSOLUTE VERTEX FIC MULTIMERCADO;08/09/2015;1,13514149
ABSOLUTE VERTEX FIC MULTIMERCADO;09/09/2015;1,13379212
ABSOLUTE VERTEX FIC MULTIMERCADO;10/09/2015;1,13220484
ABSOLUTE VERTEX FIC MULTIMERCADO;11/09/2015;1,13152827
ABSOLUTE VERTEX FIC MULTIMERCADO;14/09/2015;1,13435539
ABSOLUTE VERTEX FIC MULTIMERCADO;15/09/2015;1,1333441
ABSOLUTE VERTEX FIC MULTIMERCADO;16/09/2015;1,13145578
ABSOLUTE VERTEX FIC MULTIMERCADO;17/09/2015;1,13150903
ABSOLUTE VERTEX FIC MULTIMERCADO;18/09/2015;1,13422761
ABSOLUTE VERTEX FIC MULTIMERCADO;21/09/2015;1,13216798
ABSOLUTE VERTEX FIC MULTIMERCADO;22/09/2015;1,13105196
ABSOLUTE VERTEX FIC MULTIMERCADO;23/09/2015;1,12469437
ABSOLUTE VERTEX FIC MULTIMERCADO;24/09/2015;1,12743522
ABSOLUTE VERTEX FIC MULTIMERCADO;25/09/2015;1,13386474
ABSOLUTE VERTEX FIC MULTIMERCADO;28/09/2015;1,14066389
ABSOLUTE VERTEX FIC MULTIMERCADO;29/09/2015;1,14227303
ABSOLUTE VERTEX FIC MULTIMERCADO;30/09/2015;1,1353643
ABSOLUTE VERTEX FIC MULTIMERCADO;01/10/2015;1,1276388
ABSOLUTE VERTEX FIC MULTIMERCADO;02/10/2015;1,12829142
ABSOLUTE VERTEX FIC MULTIMERCADO;05/10/2015;1,12664898
ABSOLUTE VERTEX FIC MULTIMERCADO;06/10/2015;1,13141481
ABSOLUTE VERTEX FIC MULTIMERCADO;07/10/2015;1,13190486
ABSOLUTE VERTEX FIC MULTIMERCADO;08/10/2015;1,12848879
ABSOLUTE VERTEX FIC MULTIMERCADO;09/10/2015;1,1236426
ABSOLUTE VERTEX FIC MULTIMERCADO;13/10/2015;1,12122011
ABSOLUTE VERTEX FIC MULTIMERCADO;14/10/2015;1,1110352
ABSOLUTE VERTEX FIC MULTIMERCADO;15/10/2015;1,11211922
ABSOLUTE VERTEX FIC MULTIMERCADO;16/10/2015;1,11535748
ABSOLUTE VERTEX FIC MULTIMERCADO;19/10/2015;1,11647185
ABSOLUTE VERTEX FIC MULTIMERCADO;20/10/2015;1,11986062
ABSOLUTE VERTEX FIC MULTIMERCADO;21/10/2015;1,1201701
ABSOLUTE VERTEX FIC MULTIMERCADO;22/10/2015;1,12594422
ABSOLUTE VERTEX FIC MULTIMERCADO;23/10/2015;1,12791345
ABSOLUTE VERTEX FIC MULTIMERCADO;26/10/2015;1,12961708
ABSOLUTE VERTEX FIC MULTIMERCADO;27/10/2015;1,13347289
ABSOLUTE VERTEX FIC MULTIMERCADO;28/10/2015;1,13591265
ABSOLUTE VERTEX FIC MULTIMERCADO;29/10/2015;1,1335794
ABSOLUTE VERTEX FIC MULTIMERCADO;30/10/2015;1,1331769
ABSOLUTE VERTEX FIC MULTIMERCADO;03/11/2015;1,12854714
ABSOLUTE VERTEX FIC MULTIMERCADO;04/11/2015;1,13622391
ABSOLUTE VERTEX FIC MULTIMERCADO;05/11/2015;1,13466649
ABSOLUTE VERTEX FIC MULTIMERCADO;06/11/2015;1,13918563
ABSOLUTE VERTEX FIC MULTIMERCADO;09/11/2015;1,14114862
ABSOLUTE VERTEX FIC MULTIMERCADO;10/11/2015;1,14194808
ABSOLUTE VERTEX FIC MULTIMERCADO;11/11/2015;1,14200469
ABSOLUTE VERTEX FIC MULTIMERCADO;12/11/2015;1,14088418
ABSOLUTE VERTEX FIC MULTIMERCADO;13/11/2015;1,14714236
ABSOLUTE VERTEX FIC MULTIMERCADO;16/11/2015;1,14867151
ABSOLUTE VERTEX FIC MULTIMERCADO;17/11/2015;1,14796432
ABSOLUTE VERTEX FIC MULTIMERCADO;18/11/2015;1,14817827
ABSOLUTE VERTEX FIC MULTIMERCADO;19/11/2015;1,14608548
ABSOLUTE VERTEX FIC MULTIMERCADO;20/11/2015;1,14838937
ABSOLUTE VERTEX FIC MULTIMERCADO;23/11/2015;1,14890197
ABSOLUTE VERTEX FIC MULTIMERCADO;24/11/2015;1,1482799
ABSOLUTE VERTEX FIC MULTIMERCADO;25/11/2015;1,14384964
ABSOLUTE VERTEX FIC MULTIMERCADO;26/11/2015;1,14239506
ABSOLUTE VERTEX FIC MULTIMERCADO;27/11/2015;1,13994759
ABSOLUTE VERTEX FIC MULTIMERCADO;30/11/2015;1,14811565
ABSOLUTE VERTEX FIC MULTIMERCADO;01/12/2015;1,14723311
ABSOLUTE VERTEX FIC MULTIMERCADO;02/12/2015;1,14750774
ABSOLUTE VERTEX FIC MULTIMERCADO;03/12/2015;1,14385623
ABSOLUTE VERTEX FIC MULTIMERCADO;04/12/2015;1,14199633
ABSOLUTE VERTEX FIC MULTIMERCADO;07/12/2015;1,14296489
ABSOLUTE VERTEX FIC MULTIMERCADO;08/12/2015;1,14287344
ABSOLUTE VERTEX FIC MULTIMERCADO;09/12/2015;1,14511488
ABSOLUTE VERTEX FIC MULTIMERCADO;10/12/2015;1,14438337
ABSOLUTE VERTEX FIC MULTIMERCADO;11/12/2015;1,1480806
ABSOLUTE VERTEX FIC MULTIMERCADO;14/12/2015;1,14739485
ABSOLUTE VERTEX FIC MULTIMERCADO;15/12/2015;1,14792168
ABSOLUTE VERTEX FIC MULTIMERCADO;16/12/2015;1,14612817
ABSOLUTE VERTEX FIC MULTIMERCADO;17/12/2015;1,15131536
ABSOLUTE VERTEX FIC MULTIMERCADO;18/12/2015;1,15025191
ABSOLUTE VERTEX FIC MULTIMERCADO;21/12/2015;1,14947686
ABSOLUTE VERTEX FIC MULTIMERCADO;22/12/2015;1,15074477
ABSOLUTE VERTEX FIC MULTIMERCADO;23/12/2015;1,1516933
ABSOLUTE VERTEX FIC MULTIMERCADO;24/12/2015;1,15185866
ABSOLUTE VERTEX FIC MULTIMERCADO;28/12/2015;1,1535573
ABSOLUTE VERTEX FIC MULTIMERCADO;29/12/2015;1,15085886
ABSOLUTE VERTEX FIC MULTIMERCADO;30/12/2015;1,15512066
ABSOLUTE VERTEX FIC MULTIMERCADO;31/12/2015;1,15624388
ABSOLUTE VERTEX FIC MULTIMERCADO;04/01/2016;1,16068868
ABSOLUTE VERTEX FIC MULTIMERCADO;05/01/2016;1,16434281
ABSOLUTE VERTEX FIC MULTIMERCADO;06/01/2016;1,16599883
ABSOLUTE VERTEX FIC MULTIMERCADO;07/01/2016;1,16788498
ABSOLUTE VERTEX FIC MULTIMERCADO;08/01/2016;1,16915454
ABSOLUTE VERTEX FIC MULTIMERCADO;11/01/2016;1,1701076
ABSOLUTE VERTEX FIC MULTIMERCADO;12/01/2016;1,17046493
ABSOLUTE VERTEX FIC MULTIMERCADO;13/01/2016;1,17326115
ABSOLUTE VERTEX FIC MULTIMERCADO;14/01/2016;1,17013144
ABSOLUTE VERTEX FIC MULTIMERCADO;15/01/2016;1,17423713
ABSOLUTE VERTEX FIC MULTIMERCADO;18/01/2016;1,17527643
ABSOLUTE VERTEX FIC MULTIMERCADO;19/01/2016;1,1729628
ABSOLUTE VERTEX FIC MULTIMERCADO;20/01/2016;1,17606885
ABSOLUTE VERTEX FIC MULTIMERCADO;21/01/2016;1,1800914
ABSOLUTE VERTEX FIC MULTIMERCADO;22/01/2016;1,17441033
ABSOLUTE VERTEX FIC MULTIMERCADO;25/01/2016;1,17647505
ABSOLUTE VERTEX FIC MULTIMERCADO;26/01/2016;1,17225853
ABSOLUTE VERTEX FIC MULTIMERCADO;27/01/2016;1,1740585
ABSOLUTE VERTEX FIC MULTIMERCADO;28/01/2016;1,17330929
ABSOLUTE VERTEX FIC MULTIMERCADO;29/01/2016;1,16718082
ABSOLUTE VERTEX FIC MULTIMERCADO;01/02/2016;1,16692032
ABSOLUTE VERTEX FIC MULTIMERCADO;02/02/2016;1,17508145
ABSOLUTE VERTEX FIC MULTIMERCADO;03/02/2016;1,15710099
ABSOLUTE VERTEX FIC MULTIMERCADO;04/02/2016;1,15120004
ABSOLUTE VERTEX FIC MULTIMERCADO;05/02/2016;1,1578965
ABSOLUTE VERTEX FIC MULTIMERCADO;10/02/2016;1,1675581
ABSOLUTE VERTEX FIC MULTIMERCADO;11/02/2016;1,1760325
ABSOLUTE VERTEX FIC MULTIMERCADO;12/02/2016;1,1697911
ABSOLUTE VERTEX FIC MULTIMERCADO;15/02/2016;1,16750176
ABSOLUTE VERTEX FIC MULTIMERCADO;16/02/2016;1,17074409
ABSOLUTE VERTEX FIC MULTIMERCADO;17/02/2016;1,16143873
ABSOLUTE VERTEX FIC MULTIMERCADO;18/02/2016;1,16742395
ABSOLUTE VERTEX FIC MULTIMERCADO;19/02/2016;1,16704828
ABSOLUTE VERTEX FIC MULTIMERCADO;22/02/2016;1,15793464
ABSOLUTE VERTEX FIC MULTIMERCADO;23/02/2016;1,16336483
ABSOLUTE VERTEX FIC MULTIMERCADO;24/02/2016;1,16340056
ABSOLUTE VERTEX FIC MULTIMERCADO;25/02/2016;1,16083765
ABSOLUTE VERTEX FIC MULTIMERCADO;26/02/2016;1,16234958
ABSOLUTE VERTEX FIC MULTIMERCADO;29/02/2016;1,16359214
ABSOLUTE VERTEX FIC MULTIMERCADO;01/03/2016;1,15063222
ABSOLUTE VERTEX FIC MULTIMERCADO;02/03/2016;1,14859668
ABSOLUTE VERTEX FIC MULTIMERCADO;03/03/2016;1,14722945
ABSOLUTE VERTEX FIC MULTIMERCADO;04/03/2016;1,14581605
ABSOLUTE VERTEX FIC MULTIMERCADO;07/03/2016;1,14466559
ABSOLUTE VERTEX FIC MULTIMERCADO;08/03/2016;1,14922047
ABSOLUTE VERTEX FIC MULTIMERCADO;09/03/2016;1,14816241
ABSOLUTE VERTEX FIC MULTIMERCADO;10/03/2016;1,14739145
ABSOLUTE VERTEX FIC MULTIMERCADO;11/03/2016;1,14156821
ABSOLUTE VERTEX FIC MULTIMERCADO;14/03/2016;1,14164313
ABSOLUTE VERTEX FIC MULTIMERCADO;15/03/2016;1,14157256
ABSOLUTE VERTEX FIC MULTIMERCADO;16/03/2016;1,13980846
ABSOLUTE VERTEX FIC MULTIMERCADO;17/03/2016;1,14091319
ABSOLUTE VERTEX FIC MULTIMERCADO;18/03/2016;1,14223684
ABSOLUTE VERTEX FIC MULTIMERCADO;21/03/2016;1,14290872
ABSOLUTE VERTEX FIC MULTIMERCADO;22/03/2016;1,1434325
ABSOLUTE VERTEX FIC MULTIMERCADO;23/03/2016;1,14303231
ABSOLUTE VERTEX FIC MULTIMERCADO;24/03/2016;1,14240338
ABSOLUTE VERTEX FIC MULTIMERCADO;28/03/2016;1,14366649
ABSOLUTE VERTEX FIC MULTIMERCADO;29/03/2016;1,14348961
ABSOLUTE VERTEX FIC MULTIMERCADO;30/03/2016;1,14387717
ABSOLUTE VERTEX FIC MULTIMERCADO;31/03/2016;1,14434349
ABSOLUTE VERTEX FIC MULTIMERCADO;01/04/2016;1,14457455
ABSOLUTE VERTEX FIC MULTIMERCADO;04/04/2016;1,14562209
ABSOLUTE VERTEX FIC MULTIMERCADO;05/04/2016;1,15010918
ABSOLUTE VERTEX FIC MULTIMERCADO;06/04/2016;1,14851726
ABSOLUTE VERTEX FIC MULTIMERCADO;07/04/2016;1,15124482
ABSOLUTE VERTEX FIC MULTIMERCADO;08/04/2016;1,1540593
ABSOLUTE VERTEX FIC MULTIMERCADO;11/04/2016;1,15307356
ABSOLUTE VERTEX FIC MULTIMERCADO;12/04/2016;1,15325983
ABSOLUTE VERTEX FIC MULTIMERCADO;13/04/2016;1,15903215
ABSOLUTE VERTEX FIC MULTIMERCADO;14/04/2016;1,16002757
ABSOLUTE VERTEX FIC MULTIMERCADO;15/04/2016;1,1627364
ABSOLUTE VERTEX FIC MULTIMERCADO;18/04/2016;1,16171794
ABSOLUTE VERTEX FIC MULTIMERCADO;19/04/2016;1,16426096
ABSOLUTE VERTEX FIC MULTIMERCADO;20/04/2016;1,16540994
ABSOLUTE VERTEX FIC MULTIMERCADO;22/04/2016;1,16214775
ABSOLUTE VERTEX FIC MULTIMERCADO;25/04/2016;1,16355374
ABSOLUTE VERTEX FIC MULTIMERCADO;26/04/2016;1,16486396
ABSOLUTE VERTEX FIC MULTIMERCADO;27/04/2016;1,16900418
ABSOLUTE VERTEX FIC MULTIMERCADO;28/04/2016;1,16925634
ABSOLUTE VERTEX FIC MULTIMERCADO;29/04/2016;1,17446223
ABSOLUTE VERTEX FIC MULTIMERCADO;02/05/2016;1,17332097
ABSOLUTE VERTEX FIC MULTIMERCADO;03/05/2016;1,17262448
ABSOLUTE VERTEX FIC MULTIMERCADO;04/05/2016;1,17384173
ABSOLUTE VERTEX FIC MULTIMERCADO;05/05/2016;1,17630911
ABSOLUTE VERTEX FIC MULTIMERCADO;06/05/2016;1,17716377
ABSOLUTE VERTEX FIC MULTIMERCADO;09/05/2016;1,17659837
ABSOLUTE VERTEX FIC MULTIMERCADO;10/05/2016;1,17900967
ABSOLUTE VERTEX FIC MULTIMERCADO;11/05/2016;1,18167624
ABSOLUTE VERTEX FIC MULTIMERCADO;12/05/2016;1,18701573
ABSOLUTE VERTEX FIC MULTIMERCADO;13/05/2016;1,18975766
ABSOLUTE VERTEX FIC MULTIMERCADO;16/05/2016;1,18824522
ABSOLUTE VERTEX FIC MULTIMERCADO;17/05/2016;1,18891303
ABSOLUTE VERTEX FIC MULTIMERCADO;18/05/2016;1,18499749
ABSOLUTE VERTEX FIC MULTIMERCADO;19/05/2016;1,18692741
ABSOLUTE VERTEX FIC MULTIMERCADO;20/05/2016;1,1882464
ABSOLUTE VERTEX FIC MULTIMERCADO;23/05/2016;1,1841196
ABSOLUTE VERTEX FIC MULTIMERCADO;24/05/2016;1,18201108
ABSOLUTE VERTEX FIC MULTIMERCADO;25/05/2016;1,17803507
ABSOLUTE VERTEX FIC MULTIMERCADO;27/05/2016;1,17628735
ABSOLUTE VERTEX FIC MULTIMERCADO;30/05/2016;1,1761832
ABSOLUTE VERTEX FIC MULTIMERCADO;31/05/2016;1,17849435
ABSOLUTE VERTEX FIC MULTIMERCADO;01/06/2016;1,17763128
ABSOLUTE VERTEX FIC MULTIMERCADO;02/06/2016;1,17860026
ABSOLUTE VERTEX FIC MULTIMERCADO;03/06/2016;1,17810475
ABSOLUTE VERTEX FIC MULTIMERCADO;06/06/2016;1,17765226
ABSOLUTE VERTEX FIC MULTIMERCADO;07/06/2016;1,17740438
ABSOLUTE VERTEX FIC MULTIMERCADO;08/06/2016;1,17755126
ABSOLUTE VERTEX FIC MULTIMERCADO;09/06/2016;1,17830237
ABSOLUTE VERTEX FIC MULTIMERCADO;10/06/2016;1,17944554
ABSOLUTE VERTEX FIC MULTIMERCADO;13/06/2016;1,18551607
ABSOLUTE VERTEX FIC MULTIMERCADO;14/06/2016;1,18831143
ABSOLUTE VERTEX FIC MULTIMERCADO;15/06/2016;1,18618016
ABSOLUTE VERTEX FIC MULTIMERCADO;16/06/2016;1,18751319
ABSOLUTE VERTEX FIC MULTIMERCADO;17/06/2016;1,18876201
ABSOLUTE VERTEX FIC MULTIMERCADO;20/06/2016;1,18736204
ABSOLUTE VERTEX FIC MULTIMERCADO;21/06/2016;1,18708388
ABSOLUTE VERTEX FIC MULTIMERCADO;22/06/2016;1,18656707
ABSOLUTE VERTEX FIC MULTIMERCADO;23/06/2016;1,18526111
ABSOLUTE VERTEX FIC MULTIMERCADO;24/06/2016;1,1979581
ABSOLUTE VERTEX FIC MULTIMERCADO;27/06/2016;1,20664961
ABSOLUTE VERTEX FIC MULTIMERCADO;28/06/2016;1,20420741
ABSOLUTE VERTEX FIC MULTIMERCADO;29/06/2016;1,19600805
ABSOLUTE VERTEX FIC MULTIMERCADO;30/06/2016;1,19545379
ABSOLUTE VERTEX FIC MULTIMERCADO;01/07/2016;1,20041712
ABSOLUTE VERTEX FIC MULTIMERCADO;04/07/2016;1,20068609
ABSOLUTE VERTEX FIC MULTIMERCADO;05/07/2016;1,19733908
ABSOLUTE VERTEX FIC MULTIMERCADO;06/07/2016;1,196464
ABSOLUTE VERTEX FIC MULTIMERCADO;07/07/2016;1,19438162
ABSOLUTE VERTEX FIC MULTIMERCADO;08/07/2016;1,2054397
ABSOLUTE VERTEX FIC MULTIMERCADO;11/07/2016;1,20654386
ABSOLUTE VERTEX FIC MULTIMERCADO;12/07/2016;1,20771877
ABSOLUTE VERTEX FIC MULTIMERCADO;13/07/2016;1,21309257
ABSOLUTE VERTEX FIC MULTIMERCADO;14/07/2016;1,22131191
ABSOLUTE VERTEX FIC MULTIMERCADO;15/07/2016;1,22513795
ABSOLUTE VERTEX FIC MULTIMERCADO;18/07/2016;1,22975715
ABSOLUTE VERTEX FIC MULTIMERCADO;19/07/2016;1,22895035
ABSOLUTE VERTEX FIC MULTIMERCADO;20/07/2016;1,22994779
ABSOLUTE VERTEX FIC MULTIMERCADO;21/07/2016;1,22251304
ABSOLUTE VERTEX FIC MULTIMERCADO;22/07/2016;1,2255548
ABSOLUTE VERTEX FIC MULTIMERCADO;25/07/2016;1,22263683
ABSOLUTE VERTEX FIC MULTIMERCADO;26/07/2016;1,22615763
ABSOLUTE VERTEX FIC MULTIMERCADO;27/07/2016;1,22803516
ABSOLUTE VERTEX FIC MULTIMERCADO;28/07/2016;1,22309402
ABSOLUTE VERTEX FIC MULTIMERCADO;29/07/2016;1,2354978
ABSOLUTE VERTEX FIC MULTIMERCADO;01/08/2016;1,2328345
ABSOLUTE VERTEX FIC MULTIMERCADO;02/08/2016;1,22991388
ABSOLUTE VERTEX FIC MULTIMERCADO;03/08/2016;1,23716334
ABSOLUTE VERTEX FIC MULTIMERCADO;04/08/2016;1,2444267
ABSOLUTE VERTEX FIC MULTIMERCADO;05/08/2016;1,2491199
ABSOLUTE VERTEX FIC MULTIMERCADO;08/08/2016;1,24708875
ABSOLUTE VERTEX FIC MULTIMERCADO;09/08/2016;1,25215975
ABSOLUTE VERTEX FIC MULTIMERCADO;10/08/2016;1,25123175
ABSOLUTE VERTEX FIC MULTIMERCADO;11/08/2016;1,25771148
ABSOLUTE VERTEX FIC MULTIMERCADO;12/08/2016;1,25699894
ABSOLUTE VERTEX FIC MULTIMERCADO;15/08/2016;1,25817163
ABSOLUTE VERTEX FIC MULTIMERCADO;16/08/2016;1,25646555
ABSOLUTE VERTEX FIC MULTIMERCADO;17/08/2016;1,25663092
ABSOLUTE VERTEX FIC MULTIMERCADO;18/08/2016;1,25568075
ABSOLUTE VERTEX FIC MULTIMERCADO;19/08/2016;1,25754682
ABSOLUTE VERTEX FIC MULTIMERCADO;22/08/2016;1,25241112
ABSOLUTE VERTEX FIC MULTIMERCADO;23/08/2016;1,2500975
ABSOLUTE VERTEX FIC MULTIMERCADO;24/08/2016;1,24885728
ABSOLUTE VERTEX FIC MULTIMERCADO;25/08/2016;1,24710186
ABSOLUTE VERTEX FIC MULTIMERCADO;26/08/2016;1,24065265
ABSOLUTE VERTEX FIC MULTIMERCADO;29/08/2016;1,24924122
ABSOLUTE VERTEX FIC MULTIMERCADO;30/08/2016;1,24469358
ABSOLUTE VERTEX FIC MULTIMERCADO;31/08/2016;1,24668272
ABSOLUTE VERTEX FIC MULTIMERCADO;01/09/2016;1,24900695
ABSOLUTE VERTEX FIC MULTIMERCADO;02/09/2016;1,25798357
ABSOLUTE VERTEX FIC MULTIMERCADO;05/09/2016;1,25588146
ABSOLUTE VERTEX FIC MULTIMERCADO;06/09/2016;1,26493435
ABSOLUTE VERTEX FIC MULTIMERCADO;08/09/2016;1,26549575
ABSOLUTE VERTEX FIC MULTIMERCADO;09/09/2016;1,24030868
ABSOLUTE VERTEX FIC MULTIMERCADO;12/09/2016;1,24737887
ABSOLUTE VERTEX FIC MULTIMERCADO;13/09/2016;1,22794912
ABSOLUTE VERTEX FIC MULTIMERCADO;14/09/2016;1,2262532
ABSOLUTE VERTEX FIC MULTIMERCADO;15/09/2016;1,23435445
ABSOLUTE VERTEX FIC MULTIMERCADO;16/09/2016;1,23639085
ABSOLUTE VERTEX FIC MULTIMERCADO;19/09/2016;1,23715439
ABSOLUTE VERTEX FIC MULTIMERCADO;20/09/2016;1,2403435
ABSOLUTE VERTEX FIC MULTIMERCADO;21/09/2016;1,24691575
ABSOLUTE VERTEX FIC MULTIMERCADO;22/09/2016;1,25269928
ABSOLUTE VERTEX FIC MULTIMERCADO;23/09/2016;1,25246058
ABSOLUTE VERTEX FIC MULTIMERCADO;26/09/2016;1,25023095
ABSOLUTE VERTEX FIC MULTIMERCADO;27/09/2016;1,25515969
ABSOLUTE VERTEX FIC MULTIMERCADO;28/09/2016;1,26054453
ABSOLUTE VERTEX FIC MULTIMERCADO;29/09/2016;1,25426708
ABSOLUTE VERTEX FIC MULTIMERCADO;30/09/2016;1,25625277
ABSOLUTE VERTEX FIC MULTIMERCADO;03/10/2016;1,26892576
ABSOLUTE VERTEX FIC MULTIMERCADO;04/10/2016;1,26425125
ABSOLUTE VERTEX FIC MULTIMERCADO;05/10/2016;1,27365874
ABSOLUTE VERTEX FIC MULTIMERCADO;06/10/2016;1,27568024
ABSOLUTE VERTEX FIC MULTIMERCADO;07/10/2016;1,27971303
ABSOLUTE VERTEX FIC MULTIMERCADO;10/10/2016;1,28250613
ABSOLUTE VERTEX FIC MULTIMERCADO;11/10/2016;1,28393452
ABSOLUTE VERTEX FIC MULTIMERCADO;13/10/2016;1,28709377
ABSOLUTE VERTEX FIC MULTIMERCADO;14/10/2016;1,28820699
ABSOLUTE VERTEX FIC MULTIMERCADO;17/10/2016;1,29273065
ABSOLUTE VERTEX FIC MULTIMERCADO;18/10/2016;1,29762734
ABSOLUTE VERTEX FIC MULTIMERCADO;19/10/2016;1,29808753
ABSOLUTE VERTEX FIC MULTIMERCADO;20/10/2016;1,30112668
ABSOLUTE VERTEX FIC MULTIMERCADO;21/10/2016;1,30157357
ABSOLUTE VERTEX FIC MULTIMERCADO;24/10/2016;1,30374751
ABSOLUTE VERTEX FIC MULTIMERCADO;25/10/2016;1,30110356
ABSOLUTE VERTEX FIC MULTIMERCADO;26/10/2016;1,30261471
ABSOLUTE VERTEX FIC MULTIMERCADO;27/10/2016;1,30471058
ABSOLUTE VERTEX FIC MULTIMERCADO;28/10/2016;1,30399078
ABSOLUTE VERTEX FIC MULTIMERCADO;31/10/2016;1,30390538
ABSOLUTE VERTEX FIC MULTIMERCADO;01/11/2016;1,2997791
ABSOLUTE VERTEX FIC MULTIMERCADO;03/11/2016;1,2999035
ABSOLUTE VERTEX FIC MULTIMERCADO;04/11/2016;1,30075964
ABSOLUTE VERTEX FIC MULTIMERCADO;07/11/2016;1,30342878
ABSOLUTE VERTEX FIC MULTIMERCADO;08/11/2016;1,30302944
ABSOLUTE VERTEX FIC MULTIMERCADO;09/11/2016;1,30029203
ABSOLUTE VERTEX FIC MULTIMERCADO;10/11/2016;1,29138424
ABSOLUTE VERTEX FIC MULTIMERCADO;11/11/2016;1,29128507
ABSOLUTE VERTEX FIC MULTIMERCADO;14/11/2016;1,28846591
ABSOLUTE VERTEX FIC MULTIMERCADO;16/11/2016;1,29035446
ABSOLUTE VERTEX FIC MULTIMERCADO;17/11/2016;1,29160372
ABSOLUTE VERTEX FIC MULTIMERCADO;18/11/2016;1,2923928
ABSOLUTE VERTEX FIC MULTIMERCADO;21/11/2016;1,292555
ABSOLUTE VERTEX FIC MULTIMERCADO;22/11/2016;1,29351174
ABSOLUTE VERTEX FIC MULTIMERCADO;23/11/2016;1,29370936
ABSOLUTE VERTEX FIC MULTIMERCADO;24/11/2016;1,29511789
ABSOLUTE VERTEX FIC MULTIMERCADO;25/11/2016;1,29358301
ABSOLUTE VERTEX FIC MULTIMERCADO;28/11/2016;1,29154426
ABSOLUTE VERTEX FIC MULTIMERCADO;29/11/2016;1,29263782
ABSOLUTE VERTEX FIC MULTIMERCADO;30/11/2016;1,29711255
ABSOLUTE VERTEX FIC MULTIMERCADO;01/12/2016;1,29335671
ABSOLUTE VERTEX FIC MULTIMERCADO;02/12/2016;1,29088485
ABSOLUTE VERTEX FIC MULTIMERCADO;05/12/2016;1,28966738
ABSOLUTE VERTEX FIC MULTIMERCADO;06/12/2016;1,28992639
ABSOLUTE VERTEX FIC MULTIMERCADO;07/12/2016;1,29256826
ABSOLUTE VERTEX FIC MULTIMERCADO;08/12/2016;1,29562787
ABSOLUTE VERTEX FIC MULTIMERCADO;09/12/2016;1,29788422
ABSOLUTE VERTEX FIC MULTIMERCADO;12/12/2016;1,29720051
ABSOLUTE VERTEX FIC MULTIMERCADO;13/12/2016;1,29844316
ABSOLUTE VERTEX FIC MULTIMERCADO;14/12/2016;1,3002804
ABSOLUTE VERTEX FIC MULTIMERCADO;15/12/2016;1,30354144
ABSOLUTE VERTEX FIC MULTIMERCADO;16/12/2016;1,30702232
ABSOLUTE VERTEX FIC MULTIMERCADO;19/12/2016;1,30798353
ABSOLUTE VERTEX FIC MULTIMERCADO;20/12/2016;1,30682642
ABSOLUTE VERTEX FIC MULTIMERCADO;21/12/2016;1,30776229
ABSOLUTE VERTEX FIC MULTIMERCADO;22/12/2016;1,30904761
ABSOLUTE VERTEX FIC MULTIMERCADO;23/12/2016;1,30964982
ABSOLUTE VERTEX FIC MULTIMERCADO;26/12/2016;1,31043456
ABSOLUTE VERTEX FIC MULTIMERCADO;27/12/2016;1,31063493
ABSOLUTE VERTEX FIC MULTIMERCADO;28/12/2016;1,31101318
ABSOLUTE VERTEX FIC MULTIMERCADO;29/12/2016;1,31006946
ABSOLUTE VERTEX FIC MULTIMERCADO;30/12/2016;1,31075358
ABSOLUTE VERTEX FIC MULTIMERCADO;02/01/2017;1,31269982
ABSOLUTE VERTEX FIC MULTIMERCADO;03/01/2017;1,31246677
ABSOLUTE VERTEX FIC MULTIMERCADO;04/01/2017;1,31042716
ABSOLUTE VERTEX FIC MULTIMERCADO;05/01/2017;1,31011919
ABSOLUTE VERTEX FIC MULTIMERCADO;06/01/2017;1,3101398
ABSOLUTE VERTEX FIC MULTIMERCADO;09/01/2017;1,30948758
ABSOLUTE VERTEX FIC MULTIMERCADO;10/01/2017;1,31201709
ABSOLUTE VERTEX FIC MULTIMERCADO;11/01/2017;1,3134045
ABSOLUTE VERTEX FIC MULTIMERCADO;12/01/2017;1,31840239
ABSOLUTE VERTEX FIC MULTIMERCADO;13/01/2017;1,31713803
ABSOLUTE VERTEX FIC MULTIMERCADO;16/01/2017;1,31879645
ABSOLUTE VERTEX FIC MULTIMERCADO;17/01/2017;1,31476426
ABSOLUTE VERTEX FIC MULTIMERCADO;18/01/2017;1,3186203
ABSOLUTE VERTEX FIC MULTIMERCADO;19/01/2017;1,32003974
ABSOLUTE VERTEX FIC MULTIMERCADO;20/01/2017;1,32303048
ABSOLUTE VERTEX FIC MULTIMERCADO;23/01/2017;1,32596767
ABSOLUTE VERTEX FIC MULTIMERCADO;24/01/2017;1,32686644
ABSOLUTE VERTEX FIC MULTIMERCADO;25/01/2017;1,32826235
ABSOLUTE VERTEX FIC MULTIMERCADO;26/01/2017;1,32939769
ABSOLUTE VERTEX FIC MULTIMERCADO;27/01/2017;1,33263709
ABSOLUTE VERTEX FIC MULTIMERCADO;30/01/2017;1,32089254
ABSOLUTE VERTEX FIC MULTIMERCADO;31/01/2017;1,32012324
ABSOLUTE VERTEX FIC MULTIMERCADO;01/02/2017;1,3231227
ABSOLUTE VERTEX FIC MULTIMERCADO;02/02/2017;1,32167053
ABSOLUTE VERTEX FIC MULTIMERCADO;03/02/2017;1,3256759
ABSOLUTE VERTEX FIC MULTIMERCADO;06/02/2017;1,32024371
ABSOLUTE VERTEX FIC MULTIMERCADO;07/02/2017;1,32598013
ABSOLUTE VERTEX FIC MULTIMERCADO;08/02/2017;1,33218852
ABSOLUTE VERTEX FIC MULTIMERCADO;09/02/2017;1,33547452
ABSOLUTE VERTEX FIC MULTIMERCADO;10/02/2017;1,34607928
ABSOLUTE VERTEX FIC MULTIMERCADO;13/02/2017;1,35169525
ABSOLUTE VERTEX FIC MULTIMERCADO;14/02/2017;1,35094414
ABSOLUTE VERTEX FIC MULTIMERCADO;15/02/2017;1,35924299
ABSOLUTE VERTEX FIC MULTIMERCADO;16/02/2017;1,35066211
ABSOLUTE VERTEX FIC MULTIMERCADO;17/02/2017;1,35452344
ABSOLUTE VERTEX FIC MULTIMERCADO;20/02/2017;1,36041902
ABSOLUTE VERTEX FIC MULTIMERCADO;21/02/2017;1,36952795
ABSOLUTE VERTEX FIC MULTIMERCADO;22/02/2017;1,36604879
ABSOLUTE VERTEX FIC MULTIMERCADO;23/02/2017;1,36493896
ABSOLUTE VERTEX FIC MULTIMERCADO;24/02/2017;1,35695575
ABSOLUTE VERTEX FIC MULTIMERCADO;01/03/2017;1,37019533
ABSOLUTE VERTEX FIC MULTIMERCADO;02/03/2017;1,36208562
ABSOLUTE VERTEX FIC MULTIMERCADO;03/03/2017;1,3741199
ABSOLUTE VERTEX FIC MULTIMERCADO;06/03/2017;1,37337139
ABSOLUTE VERTEX FIC MULTIMERCADO;07/03/2017;1,36881074
ABSOLUTE VERTEX FIC MULTIMERCADO;08/03/2017;1,36190568
ABSOLUTE VERTEX FIC MULTIMERCADO;09/03/2017;1,35610535
ABSOLUTE VERTEX FIC MULTIMERCADO;10/03/2017;1,36903248
ABSOLUTE VERTEX FIC MULTIMERCADO;13/03/2017;1,37634374
ABSOLUTE VERTEX FIC MULTIMERCADO;14/03/2017;1,36676246
ABSOLUTE VERTEX FIC MULTIMERCADO;15/03/2017;1,37590283
ABSOLUTE VERTEX FIC MULTIMERCADO;16/03/2017;1,37076889
ABSOLUTE VERTEX FIC MULTIMERCADO;17/03/2017;1,36364901
ABSOLUTE VERTEX FIC MULTIMERCADO;20/03/2017;1,36466938
ABSOLUTE VERTEX FIC MULTIMERCADO;21/03/2017;1,35768871
ABSOLUTE VERTEX FIC MULTIMERCADO;22/03/2017;1,35546497
ABSOLUTE VERTEX FIC MULTIMERCADO;23/03/2017;1,35437912
ABSOLUTE VERTEX FIC MULTIMERCADO;24/03/2017;1,36269507
ABSOLUTE VERTEX FIC MULTIMERCADO;27/03/2017;1,36618897
ABSOLUTE VERTEX FIC MULTIMERCADO;28/03/2017;1,36653432
ABSOLUTE VERTEX FIC MULTIMERCADO;29/03/2017;1,37078703
ABSOLUTE VERTEX FIC MULTIMERCADO;30/03/2017;1,36634114
ABSOLUTE VERTEX FIC MULTIMERCADO;31/03/2017;1,36933189
ABSOLUTE VERTEX FIC MULTIMERCADO;03/04/2017;1,37175583
ABSOLUTE VERTEX FIC MULTIMERCADO;04/04/2017;1,37615423
ABSOLUTE VERTEX FIC MULTIMERCADO;05/04/2017;1,37384341
ABSOLUTE VERTEX FIC MULTIMERCADO;06/04/2017;1,36293136
ABSOLUTE VERTEX FIC MULTIMERCADO;07/04/2017;1,36804435
ABSOLUTE VERTEX FIC MULTIMERCADO;10/04/2017;1,37719658
ABSOLUTE VERTEX FIC MULTIMERCADO;11/04/2017;1,37797099
ABSOLUTE VERTEX FIC MULTIMERCADO;12/04/2017;1,37199136
ABSOLUTE VERTEX FIC MULTIMERCADO;13/04/2017;1,36721537
ABSOLUTE VERTEX FIC MULTIMERCADO;17/04/2017;1,37198009
ABSOLUTE VERTEX FIC MULTIMERCADO;18/04/2017;1,37902661
ABSOLUTE VERTEX FIC MULTIMERCADO;19/04/2017;1,37456354
ABSOLUTE VERTEX FIC MULTIMERCADO;20/04/2017;1,37282117
ABSOLUTE VERTEX FIC MULTIMERCADO;24/04/2017;1,37453647
ABSOLUTE VERTEX FIC MULTIMERCADO;25/04/2017;1,37170089
ABSOLUTE VERTEX FIC MULTIMERCADO;26/04/2017;1,37260516
ABSOLUTE VERTEX FIC MULTIMERCADO;27/04/2017;1,37072142
ABSOLUTE VERTEX FIC MULTIMERCADO;28/04/2017;1,3748435
ABSOLUTE VERTEX FIC MULTIMERCADO;02/05/2017;1,381463
ABSOLUTE VERTEX FIC MULTIMERCADO;03/05/2017;1,38116694
ABSOLUTE VERTEX FIC MULTIMERCADO;04/05/2017;1,37557875
ABSOLUTE VERTEX FIC MULTIMERCADO;05/05/2017;1,38159168
ABSOLUTE VERTEX FIC MULTIMERCADO;08/05/2017;1,38175181
ABSOLUTE VERTEX FIC MULTIMERCADO;09/05/2017;1,38815683
ABSOLUTE VERTEX FIC MULTIMERCADO;10/05/2017;1,39468309
ABSOLUTE VERTEX FIC MULTIMERCADO;11/05/2017;1,40125698
ABSOLUTE VERTEX FIC MULTIMERCADO;12/05/2017;1,4031504
ABSOLUTE VERTEX FIC MULTIMERCADO;15/05/2017;1,41032368
ABSOLUTE VERTEX FIC MULTIMERCADO;16/05/2017;1,41430538
ABSOLUTE VERTEX FIC MULTIMERCADO;17/05/2017;1,41133143
ABSOLUTE VERTEX FIC MULTIMERCADO;18/05/2017;1,28771814
ABSOLUTE VERTEX FIC MULTIMERCADO;19/05/2017;1,32359915
ABSOLUTE VERTEX FIC MULTIMERCADO;22/05/2017;1,30989951
ABSOLUTE VERTEX FIC MULTIMERCADO;23/05/2017;1,3256221
ABSOLUTE VERTEX FIC MULTIMERCADO;24/05/2017;1,33391403
ABSOLUTE VERTEX FIC MULTIMERCADO;25/05/2017;1,33342623
ABSOLUTE VERTEX FIC MULTIMERCADO;26/05/2017;1,3519792
ABSOLUTE VERTEX FIC MULTIMERCADO;29/05/2017;1,35650427
ABSOLUTE VERTEX FIC MULTIMERCADO;30/05/2017;1,35176676
ABSOLUTE VERTEX FIC MULTIMERCADO;31/05/2017;1,355208
ABSOLUTE VERTEX FIC MULTIMERCADO;01/06/2017;1,34523529
ABSOLUTE VERTEX FIC MULTIMERCADO;02/06/2017;1,34512952
ABSOLUTE VERTEX FIC MULTIMERCADO;05/06/2017;1,34427944
ABSOLUTE VERTEX FIC MULTIMERCADO;06/06/2017;1,35309604
ABSOLUTE VERTEX FIC MULTIMERCADO;07/06/2017;1,35349902
ABSOLUTE VERTEX FIC MULTIMERCADO;08/06/2017;1,35348846
ABSOLUTE VERTEX FIC MULTIMERCADO;09/06/2017;1,3643942
ABSOLUTE VERTEX FIC MULTIMERCADO;12/06/2017;1,36530157
ABSOLUTE VERTEX FIC MULTIMERCADO;13/06/2017;1,3621339
ABSOLUTE VERTEX FIC MULTIMERCADO;14/06/2017;1,36236957
ABSOLUTE VERTEX FIC MULTIMERCADO;16/06/2017;1,36916445
ABSOLUTE VERTEX FIC MULTIMERCADO;19/06/2017;1,3752305
ABSOLUTE VERTEX FIC MULTIMERCADO;20/06/2017;1,37053497
ABSOLUTE VERTEX FIC MULTIMERCADO;21/06/2017;1,37529366
ABSOLUTE VERTEX FIC MULTIMERCADO;22/06/2017;1,37718776
ABSOLUTE VERTEX FIC MULTIMERCADO;23/06/2017;1,37605992
ABSOLUTE VERTEX FIC MULTIMERCADO;26/06/2017;1,37733143
ABSOLUTE VERTEX FIC MULTIMERCADO;27/06/2017;1,37500893
ABSOLUTE VERTEX FIC MULTIMERCADO;28/06/2017;1,37811726
ABSOLUTE VERTEX FIC MULTIMERCADO;29/06/2017;1,3746338
ABSOLUTE VERTEX FIC MULTIMERCADO;30/06/2017;1,37878507
ABSOLUTE VERTEX FIC MULTIMERCADO;03/07/2017;1,38561672
ABSOLUTE VERTEX FIC MULTIMERCADO;04/07/2017;1,38721749
ABSOLUTE VERTEX FIC MULTIMERCADO;05/07/2017;1,38785459
ABSOLUTE VERTEX FIC MULTIMERCADO;06/07/2017;1,3881338
ABSOLUTE VERTEX FIC MULTIMERCADO;07/07/2017;1,38617885
ABSOLUTE VERTEX FIC MULTIMERCADO;10/07/2017;1,38533521
ABSOLUTE VERTEX FIC MULTIMERCADO;11/07/2017;1,38586742
ABSOLUTE VERTEX FIC MULTIMERCADO;12/07/2017;1,38897731
ABSOLUTE VERTEX FIC MULTIMERCADO;13/07/2017;1,38886434
ABSOLUTE VERTEX FIC MULTIMERCADO;14/07/2017;1,39133234
ABSOLUTE VERTEX FIC MULTIMERCADO;17/07/2017;1,39147157
ABSOLUTE VERTEX FIC MULTIMERCADO;18/07/2017;1,39234025
ABSOLUTE VERTEX FIC MULTIMERCADO;19/07/2017;1,39795258
ABSOLUTE VERTEX FIC MULTIMERCADO;20/07/2017;1,40328244
ABSOLUTE VERTEX FIC MULTIMERCADO;21/07/2017;1,39655451
ABSOLUTE VERTEX FIC MULTIMERCADO;24/07/2017;1,39708247
ABSOLUTE VERTEX FIC MULTIMERCADO;25/07/2017;1,39647406
ABSOLUTE VERTEX FIC MULTIMERCADO;26/07/2017;1,39654804
ABSOLUTE VERTEX FIC MULTIMERCADO;27/07/2017;1,41768503
ABSOLUTE VERTEX FIC MULTIMERCADO;28/07/2017;1,42007093
ABSOLUTE VERTEX FIC MULTIMERCADO;31/07/2017;1,41921258
ABSOLUTE VERTEX FIC MULTIMERCADO;01/08/2017;1,42309766
ABSOLUTE VERTEX FIC MULTIMERCADO;02/08/2017;1,42720213
ABSOLUTE VERTEX FIC MULTIMERCADO;03/08/2017;1,42923162
ABSOLUTE VERTEX FIC MULTIMERCADO;04/08/2017;1,42837358
ABSOLUTE VERTEX FIC MULTIMERCADO;07/08/2017;1,43013006
ABSOLUTE VERTEX FIC MULTIMERCADO;08/08/2017;1,42983122
ABSOLUTE VERTEX FIC MULTIMERCADO;09/08/2017;1,42638646
ABSOLUTE VERTEX FIC MULTIMERCADO;10/08/2017;1,42261812
ABSOLUTE VERTEX FIC MULTIMERCADO;11/08/2017;1,42630764
ABSOLUTE VERTEX FIC MULTIMERCADO;14/08/2017;1,42910164
ABSOLUTE VERTEX FIC MULTIMERCADO;15/08/2017;1,43017305
ABSOLUTE VERTEX FIC MULTIMERCADO;16/08/2017;1,42811527
ABSOLUTE VERTEX FIC MULTIMERCADO;17/08/2017;1,42483667
ABSOLUTE VERTEX FIC MULTIMERCADO;18/08/2017;1,43109444
ABSOLUTE VERTEX FIC MULTIMERCADO;21/08/2017;1,43148448
ABSOLUTE VERTEX FIC MULTIMERCADO;22/08/2017;1,43373242
ABSOLUTE VERTEX FIC MULTIMERCADO;23/08/2017;1,44429512
ABSOLUTE VERTEX FIC MULTIMERCADO;24/08/2017;1,45056346
ABSOLUTE VERTEX FIC MULTIMERCADO;25/08/2017;1,45483354
ABSOLUTE VERTEX FIC MULTIMERCADO;28/08/2017;1,45609633
ABSOLUTE VERTEX FIC MULTIMERCADO;29/08/2017;1,46192435
ABSOLUTE VERTEX FIC MULTIMERCADO;30/08/2017;1,46126153
ABSOLUTE VERTEX FIC MULTIMERCADO;31/08/2017;1,45888912
ABSOLUTE VERTEX FIC MULTIMERCADO;01/09/2017;1,45894198
ABSOLUTE VERTEX FIC MULTIMERCADO;04/09/2017;1,45895558
ABSOLUTE VERTEX FIC MULTIMERCADO;05/09/2017;1,46042924
ABSOLUTE VERTEX FIC MULTIMERCADO;06/09/2017;1,47691628
ABSOLUTE VERTEX FIC MULTIMERCADO;08/09/2017;1,47843011
ABSOLUTE VERTEX FIC MULTIMERCADO;11/09/2017;1,47624858
ABSOLUTE VERTEX FIC MULTIMERCADO;12/09/2017;1,48046919
ABSOLUTE VERTEX FIC MULTIMERCADO;13/09/2017;1,48447065
ABSOLUTE VERTEX FIC MULTIMERCADO;14/09/2017;1,48945533
ABSOLUTE VERTEX FIC MULTIMERCADO;15/09/2017;1,4977576
ABSOLUTE VERTEX FIC MULTIMERCADO;18/09/2017;1,50457621
ABSOLUTE VERTEX FIC MULTIMERCADO;19/09/2017;1,51102976
ABSOLUTE VERTEX FIC MULTIMERCADO;20/09/2017;1,5132408
ABSOLUTE VERTEX FIC MULTIMERCADO;21/09/2017;1,52119099
ABSOLUTE VERTEX FIC MULTIMERCADO;22/09/2017;1,51978555
ABSOLUTE VERTEX FIC MULTIMERCADO;25/09/2017;1,51377916
ABSOLUTE VERTEX FIC MULTIMERCADO;26/09/2017;1,51564826
ABSOLUTE VERTEX FIC MULTIMERCADO;27/09/2017;1,51378113
ABSOLUTE VERTEX FIC MULTIMERCADO;28/09/2017;1,51271587
ABSOLUTE VERTEX FIC MULTIMERCADO;29/09/2017;1,51836258
ABSOLUTE VERTEX FIC MULTIMERCADO;02/10/2017;1,51837687
ABSOLUTE VERTEX FIC MULTIMERCADO;03/10/2017;1,52017925
ABSOLUTE VERTEX FIC MULTIMERCADO;04/10/2017;1,51940434
ABSOLUTE VERTEX FIC MULTIMERCADO;05/10/2017;1,51964445
ABSOLUTE VERTEX FIC MULTIMERCADO;06/10/2017;1,51711767
ABSOLUTE VERTEX FIC MULTIMERCADO;09/10/2017;1,51590634
ABSOLUTE VERTEX FIC MULTIMERCADO;10/10/2017;1,52206937
ABSOLUTE VERTEX FIC MULTIMERCADO;11/10/2017;1,52445367
ABSOLUTE VERTEX FIC MULTIMERCADO;13/10/2017;1,52633133
ABSOLUTE VERTEX FIC MULTIMERCADO;16/10/2017;1,52385473
ABSOLUTE VERTEX FIC MULTIMERCADO;17/10/2017;1,52267013
ABSOLUTE VERTEX FIC MULTIMERCADO;18/10/2017;1,52405679
ABSOLUTE VERTEX FIC MULTIMERCADO;19/10/2017;1,52385727
ABSOLUTE VERTEX FIC MULTIMERCADO;20/10/2017;1,52557349
ABSOLUTE VERTEX FIC MULTIMERCADO;23/10/2017;1,52292364
ABSOLUTE VERTEX FIC MULTIMERCADO;24/10/2017;1,52674342
ABSOLUTE VERTEX FIC MULTIMERCADO;25/10/2017;1,52824008
ABSOLUTE VERTEX FIC MULTIMERCADO;26/10/2017;1,52067806
ABSOLUTE VERTEX FIC MULTIMERCADO;27/10/2017;1,52448938
ABSOLUTE VERTEX FIC MULTIMERCADO;30/10/2017;1,52019874
ABSOLUTE VERTEX FIC MULTIMERCADO;31/10/2017;1,5265571
ABSOLUTE VERTEX FIC MULTIMERCADO;01/11/2017;1,52554739
ABSOLUTE VERTEX FIC MULTIMERCADO;03/11/2017;1,52506973
ABSOLUTE VERTEX FIC MULTIMERCADO;06/11/2017;1,5213873
ABSOLUTE VERTEX FIC MULTIMERCADO;07/11/2017;1,52101172
ABSOLUTE VERTEX FIC MULTIMERCADO;08/11/2017;1,52361698
ABSOLUTE VERTEX FIC MULTIMERCADO;09/11/2017;1,52070267
ABSOLUTE VERTEX FIC MULTIMERCADO;10/11/2017;1,52191795
ABSOLUTE VERTEX FIC MULTIMERCADO;13/11/2017;1,52615733
ABSOLUTE VERTEX FIC MULTIMERCADO;14/11/2017;1,52317601
ABSOLUTE VERTEX FIC MULTIMERCADO;16/11/2017;1,52271537
ABSOLUTE VERTEX FIC MULTIMERCADO;17/11/2017;1,52855477
ABSOLUTE VERTEX FIC MULTIMERCADO;20/11/2017;1,52978138
ABSOLUTE VERTEX FIC MULTIMERCADO;21/11/2017;1,5331683
ABSOLUTE VERTEX FIC MULTIMERCADO;22/11/2017;1,53442685
ABSOLUTE VERTEX FIC MULTIMERCADO;23/11/2017;1,53752261
ABSOLUTE VERTEX FIC MULTIMERCADO;24/11/2017;1,53531998
ABSOLUTE VERTEX FIC MULTIMERCADO;27/11/2017;1,53292865
ABSOLUTE VERTEX FIC MULTIMERCADO;28/11/2017;1,53583266
ABSOLUTE VERTEX FIC MULTIMERCADO;29/11/2017;1,52863141
ABSOLUTE VERTEX FIC MULTIMERCADO;30/11/2017;1,53158595
ABSOLUTE VERTEX FIC MULTIMERCADO;01/12/2017;1,52922212
ABSOLUTE VERTEX FIC MULTIMERCADO;04/12/2017;1,52979527
ABSOLUTE VERTEX FIC MULTIMERCADO;05/12/2017;1,52953553
ABSOLUTE VERTEX FIC MULTIMERCADO;06/12/2017;1,52881908
ABSOLUTE VERTEX FIC MULTIMERCADO;07/12/2017;1,53115293
ABSOLUTE VERTEX FIC MULTIMERCADO;08/12/2017;1,53868616
ABSOLUTE VERTEX FIC MULTIMERCADO;11/12/2017;1,54207113
ABSOLUTE VERTEX FIC MULTIMERCADO;12/12/2017;1,54477226
ABSOLUTE VERTEX FIC MULTIMERCADO;13/12/2017;1,54781797
ABSOLUTE VERTEX FIC MULTIMERCADO;14/12/2017;1,54767051
ABSOLUTE VERTEX FIC MULTIMERCADO;15/12/2017;1,55225784
ABSOLUTE VERTEX FIC MULTIMERCADO;18/12/2017;1,55402809
ABSOLUTE VERTEX FIC MULTIMERCADO;19/12/2017;1,55072539
ABSOLUTE VERTEX FIC MULTIMERCADO;20/12/2017;1,55278896
ABSOLUTE VERTEX FIC MULTIMERCADO;21/12/2017;1,55183018
ABSOLUTE VERTEX FIC MULTIMERCADO;22/12/2017;1,5570709
ABSOLUTE VERTEX FIC MULTIMERCADO;26/12/2017;1,55949212
ABSOLUTE VERTEX FIC MULTIMERCADO;27/12/2017;1,55960399
ABSOLUTE VERTEX FIC MULTIMERCADO;28/12/2017;1,56510317
ABSOLUTE VERTEX FIC MULTIMERCADO;29/12/2017;1,5661726
ABSOLUTE VERTEX FIC MULTIMERCADO;02/01/2018;1,57848999
ABSOLUTE VERTEX FIC MULTIMERCADO;03/01/2018;1,5841782
ABSOLUTE VERTEX FIC MULTIMERCADO;04/01/2018;1,58690334
ABSOLUTE VERTEX FIC MULTIMERCADO;05/01/2018;1,58439705
ABSOLUTE VERTEX FIC MULTIMERCADO;08/01/2018;1,58044424
ABSOLUTE VERTEX FIC MULTIMERCADO;09/01/2018;1,57297004
ABSOLUTE VERTEX FIC MULTIMERCADO;10/01/2018;1,5539444
ABSOLUTE VERTEX FIC MULTIMERCADO;11/01/2018;1,55721017
ABSOLUTE VERTEX FIC MULTIMERCADO;12/01/2018;1,56206282
ABSOLUTE VERTEX FIC MULTIMERCADO;15/01/2018;1,56930943
ABSOLUTE VERTEX FIC MULTIMERCADO;16/01/2018;1,56587284
ABSOLUTE VERTEX FIC MULTIMERCADO;17/01/2018;1,5697741
ABSOLUTE VERTEX FIC MULTIMERCADO;18/01/2018;1,5729694
ABSOLUTE VERTEX FIC MULTIMERCADO;19/01/2018;1,57645631
ABSOLUTE VERTEX FIC MULTIMERCADO;22/01/2018;1,57876739
ABSOLUTE VERTEX FIC MULTIMERCADO;23/01/2018;1,58032784
ABSOLUTE VERTEX FIC MULTIMERCADO;24/01/2018;1,60523987
ABSOLUTE VERTEX FIC MULTIMERCADO;25/01/2018;1,60593108
ABSOLUTE VERTEX FIC MULTIMERCADO;26/01/2018;1,61443175
ABSOLUTE VERTEX FIC MULTIMERCADO;29/01/2018;1,60118972
ABSOLUTE VERTEX FIC MULTIMERCADO;30/01/2018;1,59505091
ABSOLUTE VERTEX FIC MULTIMERCADO;31/01/2018;1,6029108
ABSOLUTE VERTEX FIC MULTIMERCADO;01/02/2018;1,60516478
ABSOLUTE VERTEX FIC MULTIMERCADO;02/02/2018;1,59147393
ABSOLUTE VERTEX FIC MULTIMERCADO;05/02/2018;1,57907994
ABSOLUTE VERTEX FIC MULTIMERCADO;06/02/2018;1,59258379
ABSOLUTE VERTEX FIC MULTIMERCADO;07/02/2018;1,58128529
ABSOLUTE VERTEX FIC MULTIMERCADO;08/02/2018;1,56710894
ABSOLUTE VERTEX FIC MULTIMERCADO;09/02/2018;1,56481346
ABSOLUTE VERTEX FIC MULTIMERCADO;14/02/2018;1,59569705
ABSOLUTE VERTEX FIC MULTIMERCADO;15/02/2018;1,60830937
ABSOLUTE VERTEX FIC MULTIMERCADO;16/02/2018;1,6126155
ABSOLUTE VERTEX FIC MULTIMERCADO;19/02/2018;1,61220553
ABSOLUTE VERTEX FIC MULTIMERCADO;20/02/2018;1,61337351
ABSOLUTE VERTEX FIC MULTIMERCADO;21/02/2018;1,6205916
ABSOLUTE VERTEX FIC MULTIMERCADO;22/02/2018;1,62368447
ABSOLUTE VERTEX FIC MULTIMERCADO;23/02/2018;1,63038021
ABSOLUTE VERTEX FIC MULTIMERCADO;26/02/2018;1,62980859
ABSOLUTE VERTEX FIC MULTIMERCADO;27/02/2018;1,61778106
ABSOLUTE VERTEX FIC MULTIMERCADO;28/02/2018;1,61552551
ABSOLUTE VERTEX FIC MULTIMERCADO;01/03/2018;1,61673949
ABSOLUTE VERTEX FIC MULTIMERCADO;02/03/2018;1,62289392
ABSOLUTE VERTEX FIC MULTIMERCADO;05/03/2018;1,62739575
ABSOLUTE VERTEX FIC MULTIMERCADO;06/03/2018;1,62981112
ABSOLUTE VERTEX FIC MULTIMERCADO;07/03/2018;1,62992204
ABSOLUTE VERTEX FIC MULTIMERCADO;08/03/2018;1,621963
ABSOLUTE VERTEX FIC MULTIMERCADO;09/03/2018;1,63395572
ABSOLUTE VERTEX FIC MULTIMERCADO;12/03/2018;1,63975512
ABSOLUTE VERTEX FIC MULTIMERCADO;13/03/2018;1,63367309
ABSOLUTE VERTEX FIC MULTIMERCADO;14/03/2018;1,62864772
ABSOLUTE VERTEX FIC MULTIMERCADO;15/03/2018;1,61440627
ABSOLUTE VERTEX FIC MULTIMERCADO;16/03/2018;1,62075353
ABSOLUTE VERTEX FIC MULTIMERCADO;19/03/2018;1,62066685
ABSOLUTE VERTEX FIC MULTIMERCADO;20/03/2018;1,62121435
ABSOLUTE VERTEX FIC MULTIMERCADO;21/03/2018;1,63336876
ABSOLUTE VERTEX FIC MULTIMERCADO;22/03/2018;1,66476981
ABSOLUTE VERTEX FIC MULTIMERCADO;23/03/2018;1,66926496
ABSOLUTE VERTEX FIC MULTIMERCADO;26/03/2018;1,67363425
ABSOLUTE VERTEX FIC MULTIMERCADO;27/03/2018;1,66732351
ABSOLUTE VERTEX FIC MULTIMERCADO;28/03/2018;1,66685967
ABSOLUTE VERTEX FIC MULTIMERCADO;29/03/2018;1,6745411
ABSOLUTE VERTEX FIC MULTIMERCADO;02/04/2018;1,67431939
ABSOLUTE VERTEX FIC MULTIMERCADO;03/04/2018;1,67064524
ABSOLUTE VERTEX FIC MULTIMERCADO;04/04/2018;1,66567395
ABSOLUTE VERTEX FIC MULTIMERCADO;05/04/2018;1,66839448
ABSOLUTE VERTEX FIC MULTIMERCADO;06/04/2018;1,66838696
ABSOLUTE VERTEX FIC MULTIMERCADO;09/04/2018;1,65672649
ABSOLUTE VERTEX FIC MULTIMERCADO;10/04/2018;1,65431954
ABSOLUTE VERTEX FIC MULTIMERCADO;11/04/2018;1,65814665
ABSOLUTE VERTEX FIC MULTIMERCADO;12/04/2018;1,65708067
ABSOLUTE VERTEX FIC MULTIMERCADO;13/04/2018;1,655198
ABSOLUTE VERTEX FIC MULTIMERCADO;16/04/2018;1,65450673
ABSOLUTE VERTEX FIC MULTIMERCADO;17/04/2018;1,65469176
ABSOLUTE VERTEX FIC MULTIMERCADO;18/04/2018;1,65784014
ABSOLUTE VERTEX FIC MULTIMERCADO;19/04/2018;1,65560669
ABSOLUTE VERTEX FIC MULTIMERCADO;20/04/2018;1,65438134
ABSOLUTE VERTEX FIC MULTIMERCADO;23/04/2018;1,65298471
ABSOLUTE VERTEX FIC MULTIMERCADO;24/04/2018;1,65259632
ABSOLUTE VERTEX FIC MULTIMERCADO;25/04/2018;1,65083274
ABSOLUTE VERTEX FIC MULTIMERCADO;26/04/2018;1,6514048
ABSOLUTE VERTEX FIC MULTIMERCADO;27/04/2018;1,64927393
ABSOLUTE VERTEX FIC MULTIMERCADO;30/04/2018;1,65078632
ABSOLUTE VERTEX FIC MULTIMERCADO;02/05/2018;1,65186371
ABSOLUTE VERTEX FIC MULTIMERCADO;03/05/2018;1,6489929
ABSOLUTE VERTEX FIC MULTIMERCADO;04/05/2018;1,6453781
ABSOLUTE VERTEX FIC MULTIMERCADO;07/05/2018;1,64783311
ABSOLUTE VERTEX FIC MULTIMERCADO;08/05/2018;1,65406423
ABSOLUTE VERTEX FIC MULTIMERCADO;09/05/2018;1,65471909
ABSOLUTE VERTEX FIC MULTIMERCADO;10/05/2018;1,65314257
ABSOLUTE VERTEX FIC MULTIMERCADO;11/05/2018;1,65546112
ABSOLUTE VERTEX FIC MULTIMERCADO;14/05/2018;1,65748082
ABSOLUTE VERTEX FIC MULTIMERCADO;15/05/2018;1,65856255
ABSOLUTE VERTEX FIC MULTIMERCADO;16/05/2018;1,66340926
ABSOLUTE VERTEX FIC MULTIMERCADO;17/05/2018;1,66814733
ABSOLUTE VERTEX FIC MULTIMERCADO;18/05/2018;1,6669982
ABSOLUTE VERTEX FIC MULTIMERCADO;21/05/2018;1,66539505
ABSOLUTE VERTEX FIC MULTIMERCADO;22/05/2018;1,6679209
ABSOLUTE VERTEX FIC MULTIMERCADO;23/05/2018;1,66358596
ABSOLUTE VERTEX FIC MULTIMERCADO;24/05/2018;1,66172506
ABSOLUTE VERTEX FIC MULTIMERCADO;25/05/2018;1,66576437
ABSOLUTE VERTEX FIC MULTIMERCADO;28/05/2018;1,67289858
ABSOLUTE VERTEX FIC MULTIMERCADO;29/05/2018;1,67243679
ABSOLUTE VERTEX FIC MULTIMERCADO;30/05/2018;1,67593518
ABSOLUTE VERTEX FIC MULTIMERCADO;01/06/2018;1,6790041
ABSOLUTE VERTEX FIC MULTIMERCADO;04/06/2018;1,68274294
ABSOLUTE VERTEX FIC MULTIMERCADO;05/06/2018;1,68009082
ABSOLUTE VERTEX FIC MULTIMERCADO;06/06/2018;1,68002741
ABSOLUTE VERTEX FIC MULTIMERCADO;07/06/2018;1,67292792
ABSOLUTE VERTEX FIC MULTIMERCADO;08/06/2018;1,67910519
ABSOLUTE VERTEX FIC MULTIMERCADO;11/06/2018;1,68313435
ABSOLUTE VERTEX FIC MULTIMERCADO;12/06/2018;1,68689358
ABSOLUTE VERTEX FIC MULTIMERCADO;13/06/2018;1,69171772
ABSOLUTE VERTEX FIC MULTIMERCADO;14/06/2018;1,69016416
ABSOLUTE VERTEX FIC MULTIMERCADO;15/06/2018;1,68435261
ABSOLUTE VERTEX FIC MULTIMERCADO;18/06/2018;1,68701231
ABSOLUTE VERTEX FIC MULTIMERCADO;19/06/2018;1,68814107
ABSOLUTE VERTEX FIC MULTIMERCADO;20/06/2018;1,69341657
ABSOLUTE VERTEX FIC MULTIMERCADO;21/06/2018;1,69610512
ABSOLUTE VERTEX FIC MULTIMERCADO;22/06/2018;1,69737724
ABSOLUTE VERTEX FIC MULTIMERCADO;25/06/2018;1,69885607
ABSOLUTE VERTEX FIC MULTIMERCADO;26/06/2018;1,69919229
ABSOLUTE VERTEX FIC MULTIMERCADO;27/06/2018;1,70628577
ABSOLUTE VERTEX FIC MULTIMERCADO;28/06/2018;1,70260208
ABSOLUTE VERTEX FIC MULTIMERCADO;29/06/2018;1,69787981
ABSOLUTE VERTEX FIC MULTIMERCADO;02/07/2018;1,70014526
ABSOLUTE VERTEX FIC MULTIMERCADO;03/07/2018;1,70090869
ABSOLUTE VERTEX FIC MULTIMERCADO;04/07/2018;1,70389229
ABSOLUTE VERTEX FIC MULTIMERCADO;05/07/2018;1,70328158
ABSOLUTE VERTEX FIC MULTIMERCADO;06/07/2018;1,70701054
ABSOLUTE VERTEX FIC MULTIMERCADO;09/07/2018;1,70860307
ABSOLUTE VERTEX FIC MULTIMERCADO;10/07/2018;1,70596082
ABSOLUTE VERTEX FIC MULTIMERCADO;11/07/2018;1,69948325
ABSOLUTE VERTEX FIC MULTIMERCADO;12/07/2018;1,70463267
ABSOLUTE VERTEX FIC MULTIMERCADO;13/07/2018;1,70610807
ABSOLUTE VERTEX FIC MULTIMERCADO;16/07/2018;1,70694842
ABSOLUTE VERTEX FIC MULTIMERCADO;17/07/2018;1,71204355
ABSOLUTE VERTEX FIC MULTIMERCADO;18/07/2018;1,7103183
ABSOLUTE VERTEX FIC MULTIMERCADO;19/07/2018;1,70883121
ABSOLUTE VERTEX FIC MULTIMERCADO;20/07/2018;1,71803198
ABSOLUTE VERTEX FIC MULTIMERCADO;23/07/2018;1,71542381
ABSOLUTE VERTEX FIC MULTIMERCADO;24/07/2018;1,72291245
ABSOLUTE VERTEX FIC MULTIMERCADO;25/07/2018;1,72771203
ABSOLUTE VERTEX FIC MULTIMERCADO;26/07/2018;1,72181222
ABSOLUTE VERTEX FIC MULTIMERCADO;27/07/2018;1,72272475
ABSOLUTE VERTEX FIC MULTIMERCADO;30/07/2018;1,72533096
ABSOLUTE VERTEX FIC MULTIMERCADO;31/07/2018;1,72516785
ABSOLUTE VERTEX FIC MULTIMERCADO;01/08/2018;1,72460696
ABSOLUTE VERTEX FIC MULTIMERCADO;02/08/2018;1,7252349
ABSOLUTE VERTEX FIC MULTIMERCADO;03/08/2018;1,73001965
ABSOLUTE VERTEX FIC MULTIMERCADO;06/08/2018;1,73020595
ABSOLUTE VERTEX FIC MULTIMERCADO;07/08/2018;1,72356516
ABSOLUTE VERTEX FIC MULTIMERCADO;08/08/2018;1,72059945
ABSOLUTE VERTEX FIC MULTIMERCADO;09/08/2018;1,71570247
ABSOLUTE VERTEX FIC MULTIMERCADO;10/08/2018;1,69453336
ABSOLUTE VERTEX FIC MULTIMERCADO;13/08/2018;1,69879613
ABSOLUTE VERTEX FIC MULTIMERCADO;14/08/2018;1,709312
ABSOLUTE VERTEX FIC MULTIMERCADO;15/08/2018;1,70442395
ABSOLUTE VERTEX FIC MULTIMERCADO;16/08/2018;1,70356954
ABSOLUTE VERTEX FIC MULTIMERCADO;17/08/2018;1,70317625
ABSOLUTE VERTEX FIC MULTIMERCADO;20/08/2018;1,70593908
ABSOLUTE VERTEX FIC MULTIMERCADO;21/08/2018;1,69754498
ABSOLUTE VERTEX FIC MULTIMERCADO;22/08/2018;1,70734249
ABSOLUTE VERTEX FIC MULTIMERCADO;23/08/2018;1,70466845
ABSOLUTE VERTEX FIC MULTIMERCADO;24/08/2018;1,70552614
ABSOLUTE VERTEX FIC MULTIMERCADO;27/08/2018;1,71292477
ABSOLUTE VERTEX FIC MULTIMERCADO;28/08/2018;1,71193497
ABSOLUTE VERTEX FIC MULTIMERCADO;29/08/2018;1,71873295
ABSOLUTE VERTEX FIC MULTIMERCADO;30/08/2018;1,70420968
ABSOLUTE VERTEX FIC MULTIMERCADO;31/08/2018;1,7058642
ABSOLUTE VERTEX FIC MULTIMERCADO;03/09/2018;1,70650691
ABSOLUTE VERTEX FIC MULTIMERCADO;04/09/2018;1,70476432
ABSOLUTE VERTEX FIC MULTIMERCADO;05/09/2018;1,70598718
ABSOLUTE VERTEX FIC MULTIMERCADO;06/09/2018;1,71478205
ABSOLUTE VERTEX FIC MULTIMERCADO;10/09/2018;1,71645337
ABSOLUTE VERTEX FIC MULTIMERCADO;11/09/2018;1,71155821
ABSOLUTE VERTEX FIC MULTIMERCADO;12/09/2018;1,71303326
ABSOLUTE VERTEX FIC MULTIMERCADO;13/09/2018;1,70990594
ABSOLUTE VERTEX FIC MULTIMERCADO;14/09/2018;1,71026667
ABSOLUTE VERTEX FIC MULTIMERCADO;17/09/2018;1,71689536
ABSOLUTE VERTEX FIC MULTIMERCADO;18/09/2018;1,72005831
ABSOLUTE VERTEX FIC MULTIMERCADO;19/09/2018;1,71782493
ABSOLUTE VERTEX FIC MULTIMERCADO;20/09/2018;1,72044531
ABSOLUTE VERTEX FIC MULTIMERCADO;21/09/2018;1,72589297
ABSOLUTE VERTEX FIC MULTIMERCADO;24/09/2018;1,71928812
ABSOLUTE VERTEX FIC MULTIMERCADO;25/09/2018;1,72136597
ABSOLUTE VERTEX FIC MULTIMERCADO;26/09/2018;1,7222296
ABSOLUTE VERTEX FIC MULTIMERCADO;27/09/2018;1,7275678
ABSOLUTE VERTEX FIC MULTIMERCADO;28/09/2018;1,72513525
ABSOLUTE VERTEX FIC MULTIMERCADO;01/10/2018;1,72265939
ABSOLUTE VERTEX FIC MULTIMERCADO;02/10/2018;1,72832872
ABSOLUTE VERTEX FIC MULTIMERCADO;03/10/2018;1,73106555
ABSOLUTE VERTEX FIC MULTIMERCADO;04/10/2018;1,72930604
ABSOLUTE VERTEX FIC MULTIMERCADO;05/10/2018;1,72676718
ABSOLUTE VERTEX FIC MULTIMERCADO;08/10/2018;1,74120021
ABSOLUTE VERTEX FIC MULTIMERCADO;09/10/2018;1,74285564
ABSOLUTE VERTEX FIC MULTIMERCADO;10/10/2018;1,73625465
ABSOLUTE VERTEX FIC MULTIMERCADO;11/10/2018;1,73338332
ABSOLUTE VERTEX FIC MULTIMERCADO;15/10/2018;1,73448179
ABSOLUTE VERTEX FIC MULTIMERCADO;16/10/2018;1,74195617
ABSOLUTE VERTEX FIC MULTIMERCADO;17/10/2018;1,74392376
ABSOLUTE VERTEX FIC MULTIMERCADO;18/10/2018;1,73867215
ABSOLUTE VERTEX FIC MULTIMERCADO;19/10/2018;1,74081364
ABSOLUTE VERTEX FIC MULTIMERCADO;22/10/2018;1,74842878
ABSOLUTE VERTEX FIC MULTIMERCADO;23/10/2018;1,74822255
ABSOLUTE VERTEX FIC MULTIMERCADO;24/10/2018;1,74156099
ABSOLUTE VERTEX FIC MULTIMERCADO;25/10/2018;1,74572019
ABSOLUTE VERTEX FIC MULTIMERCADO;26/10/2018;1,75609346
ABSOLUTE VERTEX FIC MULTIMERCADO;29/10/2018;1,74157585
ABSOLUTE VERTEX FIC MULTIMERCADO;30/10/2018;1,75317586
ABSOLUTE VERTEX FIC MULTIMERCADO;31/10/2018;1,75361457
ABSOLUTE VERTEX FIC MULTIMERCADO;01/11/2018;1,75746653
ABSOLUTE VERTEX FIC MULTIMERCADO;05/11/2018;1,76160461
ABSOLUTE VERTEX FIC MULTIMERCADO;06/11/2018;1,7550737
ABSOLUTE VERTEX FIC MULTIMERCADO;07/11/2018;1,74800733
ABSOLUTE VERTEX FIC MULTIMERCADO;08/11/2018;1,73715861
ABSOLUTE VERTEX FIC MULTIMERCADO;09/11/2018;1,73751395
ABSOLUTE VERTEX FIC MULTIMERCADO;12/11/2018;1,73813636
ABSOLUTE VERTEX FIC MULTIMERCADO;13/11/2018;1,73530086
ABSOLUTE VERTEX FIC MULTIMERCADO;14/11/2018;1,74150166
ABSOLUTE VERTEX FIC MULTIMERCADO;16/11/2018;1,75276812
ABSOLUTE VERTEX FIC MULTIMERCADO;19/11/2018;1,75051511
ABSOLUTE VERTEX FIC MULTIMERCADO;20/11/2018;1,75120518
ABSOLUTE VERTEX FIC MULTIMERCADO;21/11/2018;1,74929418
ABSOLUTE VERTEX FIC MULTIMERCADO;22/11/2018;1,75062807
ABSOLUTE VERTEX FIC MULTIMERCADO;23/11/2018;1,74745999
ABSOLUTE VERTEX FIC MULTIMERCADO;26/11/2018;1,74062261
ABSOLUTE VERTEX FIC MULTIMERCADO;27/11/2018;1,74761776
ABSOLUTE VERTEX FIC MULTIMERCADO;28/11/2018;1,75427581
ABSOLUTE VERTEX FIC MULTIMERCADO;29/11/2018;1,75709218
ABSOLUTE VERTEX FIC MULTIMERCADO;30/11/2018;1,75741707
ABSOLUTE VERTEX FIC MULTIMERCADO;03/12/2018;1,76078395
ABSOLUTE VERTEX FIC MULTIMERCADO;04/12/2018;1,7551466
ABSOLUTE VERTEX FIC MULTIMERCADO;05/12/2018;1,7560622
ABSOLUTE VERTEX FIC MULTIMERCADO;06/12/2018;1,75233226
ABSOLUTE VERTEX FIC MULTIMERCADO;07/12/2018;1,75054132
ABSOLUTE VERTEX FIC MULTIMERCADO;10/12/2018;1,74275668
ABSOLUTE VERTEX FIC MULTIMERCADO;11/12/2018;1,74375883
ABSOLUTE VERTEX FIC MULTIMERCADO;12/12/2018;1,74721387
ABSOLUTE VERTEX FIC MULTIMERCADO;13/12/2018;1,75125569
ABSOLUTE VERTEX FIC MULTIMERCADO;14/12/2018;1,75046393
ABSOLUTE VERTEX FIC MULTIMERCADO;17/12/2018;1,75063965
ABSOLUTE VERTEX FIC MULTIMERCADO;18/12/2018;1,75371534
ABSOLUTE VERTEX FIC MULTIMERCADO;19/12/2018;1,75212609
ABSOLUTE VERTEX FIC MULTIMERCADO;20/12/2018;1,75440707
ABSOLUTE VERTEX FIC MULTIMERCADO;21/12/2018;1,75550595
ABSOLUTE VERTEX FIC MULTIMERCADO;24/12/2018;1,75803799
ABSOLUTE VERTEX FIC MULTIMERCADO;26/12/2018;1,75544831
ABSOLUTE VERTEX FIC MULTIMERCADO;27/12/2018;1,7584885
ABSOLUTE VERTEX FIC MULTIMERCADO;28/12/2018;1,76813369
ABSOLUTE VERTEX FIC MULTIMERCADO;31/12/2018;1,76969295
ABSOLUTE VERTEX FIC MULTIMERCADO;02/01/2019;1,78747092
ABSOLUTE VERTEX FIC MULTIMERCADO;03/01/2019;1,79755074
ABSOLUTE VERTEX FIC MULTIMERCADO;04/01/2019;1,80477211
ABSOLUTE VERTEX FIC MULTIMERCADO;07/01/2019;1,80161728
ABSOLUTE VERTEX FIC MULTIMERCADO;08/01/2019;1,806337
ABSOLUTE VERTEX FIC MULTIMERCADO;09/01/2019;1,81659312
ABSOLUTE VERTEX FIC MULTIMERCADO;10/01/2019;1,81724456
ABSOLUTE VERTEX FIC MULTIMERCADO;11/01/2019;1,81812847
ABSOLUTE VERTEX FIC MULTIMERCADO;14/01/2019;1,82357949
ABSOLUTE VERTEX FIC MULTIMERCADO;15/01/2019;1,82165256
ABSOLUTE VERTEX FIC MULTIMERCADO;16/01/2019;1,82200127
ABSOLUTE VERTEX FIC MULTIMERCADO;17/01/2019;1,82745427
ABSOLUTE VERTEX FIC MULTIMERCADO;18/01/2019;1,82816181
ABSOLUTE VERTEX FIC MULTIMERCADO;21/01/2019;1,82917367
ABSOLUTE VERTEX FIC MULTIMERCADO;22/01/2019;1,82946498
ABSOLUTE VERTEX FIC MULTIMERCADO;23/01/2019;1,83583872
ABSOLUTE VERTEX FIC MULTIMERCADO;24/01/2019;1,83875549
ABSOLUTE VERTEX FIC MULTIMERCADO;25/01/2019;1,83884633
ABSOLUTE VERTEX FIC MULTIMERCADO;28/01/2019;1,83328337
ABSOLUTE VERTEX FIC MULTIMERCADO;29/01/2019;1,83771237
ABSOLUTE VERTEX FIC MULTIMERCADO;30/01/2019;1,8404116
ABSOLUTE VERTEX FIC MULTIMERCADO;31/01/2019;1,84895327
ABSOLUTE VERTEX FIC MULTIMERCADO;01/02/2019;1,85175219
ABSOLUTE VERTEX FIC MULTIMERCADO;04/02/2019;1,84970073
ABSOLUTE VERTEX FIC MULTIMERCADO;05/02/2019;1,84619985
ABSOLUTE VERTEX FIC MULTIMERCADO;06/02/2019;1,83358599
ABSOLUTE VERTEX FIC MULTIMERCADO;07/02/2019;1,82546273
ABSOLUTE VERTEX FIC MULTIMERCADO;08/02/2019;1,82502156
ABSOLUTE VERTEX FIC MULTIMERCADO;11/02/2019;1,81880831
ABSOLUTE VERTEX FIC MULTIMERCADO;12/02/2019;1,82524848
ABSOLUTE VERTEX FIC MULTIMERCADO;13/02/2019;1,82333794
ABSOLUTE VERTEX FIC MULTIMERCADO;14/02/2019;1,83060531
ABSOLUTE VERTEX FIC MULTIMERCADO;15/02/2019;1,83153294
ABSOLUTE VERTEX FIC MULTIMERCADO;18/02/2019;1,82838607
ABSOLUTE VERTEX FIC MULTIMERCADO;19/02/2019;1,8302191
ABSOLUTE VERTEX FIC MULTIMERCADO;20/02/2019;1,82738452
ABSOLUTE VERTEX FIC MULTIMERCADO;21/02/2019;1,82670871
ABSOLUTE VERTEX FIC MULTIMERCADO;22/02/2019;1,82762437
ABSOLUTE VERTEX FIC MULTIMERCADO;25/02/2019;1,82551968
ABSOLUTE VERTEX FIC MULTIMERCADO;26/02/2019;1,82628377
ABSOLUTE VERTEX FIC MULTIMERCADO;27/02/2019;1,82803541
ABSOLUTE VERTEX FIC MULTIMERCADO;28/02/2019;1,82327598
ABSOLUTE VERTEX FIC MULTIMERCADO;01/03/2019;1,81925414
ABSOLUTE VERTEX FIC MULTIMERCADO;06/03/2019;1,82030415
ABSOLUTE VERTEX FIC MULTIMERCADO;07/03/2019;1,81763483
ABSOLUTE VERTEX FIC MULTIMERCADO;08/03/2019;1,81729437
ABSOLUTE VERTEX FIC MULTIMERCADO;11/03/2019;1,82007446
ABSOLUTE VERTEX FIC MULTIMERCADO;12/03/2019;1,82009064
ABSOLUTE VERTEX FIC MULTIMERCADO;13/03/2019;1,82317711
ABSOLUTE VERTEX FIC MULTIMERCADO;14/03/2019;1,8232972
ABSOLUTE VERTEX FIC MULTIMERCADO;15/03/2019;1,82502833
ABSOLUTE VERTEX FIC MULTIMERCADO;18/03/2019;1,82806175
ABSOLUTE VERTEX FIC MULTIMERCADO;19/03/2019;1,82784418
ABSOLUTE VERTEX FIC MULTIMERCADO;20/03/2019;1,82588952
ABSOLUTE VERTEX FIC MULTIMERCADO;21/03/2019;1,82163489
ABSOLUTE VERTEX FIC MULTIMERCADO;22/03/2019;1,80380984
ABSOLUTE VERTEX FIC MULTIMERCADO;25/03/2019;1,80657092
ABSOLUTE VERTEX FIC MULTIMERCADO;26/03/2019;1,80795998
ABSOLUTE VERTEX FIC MULTIMERCADO;27/03/2019;1,79560262
ABSOLUTE VERTEX FIC MULTIMERCADO;28/03/2019;1,79757381
ABSOLUTE VERTEX FIC MULTIMERCADO;29/03/2019;1,80072507
ABSOLUTE VERTEX FIC MULTIMERCADO;01/04/2019;1,80572339
ABSOLUTE VERTEX FIC MULTIMERCADO;02/04/2019;1,80530162
ABSOLUTE VERTEX FIC MULTIMERCADO;03/04/2019;1,80766755
ABSOLUTE VERTEX FIC MULTIMERCADO;04/04/2019;1,80865648
ABSOLUTE VERTEX FIC MULTIMERCADO;05/04/2019;1,81172237
ABSOLUTE VERTEX FIC MULTIMERCADO;08/04/2019;1,81163545
ABSOLUTE VERTEX FIC MULTIMERCADO;09/04/2019;1,80957143
ABSOLUTE VERTEX FIC MULTIMERCADO;10/04/2019;1,8107865
ABSOLUTE VERTEX FIC MULTIMERCADO;11/04/2019;1,80940773
ABSOLUTE VERTEX FIC MULTIMERCADO;12/04/2019;1,81216116
ABSOLUTE VERTEX FIC MULTIMERCADO;15/04/2019;1,81197205
ABSOLUTE VERTEX FIC MULTIMERCADO;16/04/2019;1,81568317
ABSOLUTE VERTEX FIC MULTIMERCADO;17/04/2019;1,81691414
ABSOLUTE VERTEX FIC MULTIMERCADO;18/04/2019;1,82118767
ABSOLUTE VERTEX FIC MULTIMERCADO;22/04/2019;1,82300115
ABSOLUTE VERTEX FIC MULTIMERCADO;23/04/2019;1,8271907
ABSOLUTE VERTEX FIC MULTIMERCADO;24/04/2019;1,82625491
ABSOLUTE VERTEX FIC MULTIMERCADO;25/04/2019;1,82368874
ABSOLUTE VERTEX FIC MULTIMERCADO;26/04/2019;1,82262956
ABSOLUTE VERTEX FIC MULTIMERCADO;29/04/2019;1,82183385
ABSOLUTE VERTEX FIC MULTIMERCADO;30/04/2019;1,822893
ABSOLUTE VERTEX FIC MULTIMERCADO;02/05/2019;1,82246509
ABSOLUTE VERTEX FIC MULTIMERCADO;03/05/2019;1,82846582
ABSOLUTE VERTEX FIC MULTIMERCADO;06/05/2019;1,8302407
ABSOLUTE VERTEX FIC MULTIMERCADO;07/05/2019;1,82950379
ABSOLUTE VERTEX FIC MULTIMERCADO;08/05/2019;1,82609955
ABSOLUTE VERTEX FIC MULTIMERCADO;09/05/2019;1,83032683
ABSOLUTE VERTEX FIC MULTIMERCADO;10/05/2019;1,83575886
ABSOLUTE VERTEX FIC MULTIMERCADO;13/05/2019;1,82964555
ABSOLUTE VERTEX FIC MULTIMERCADO;14/05/2019;1,83473321
ABSOLUTE VERTEX FIC MULTIMERCADO;15/05/2019;1,83744027
ABSOLUTE VERTEX FIC MULTIMERCADO;16/05/2019;1,83733227
ABSOLUTE VERTEX FIC MULTIMERCADO;17/05/2019;1,83451391
ABSOLUTE VERTEX FIC MULTIMERCADO;20/05/2019;1,83946945
ABSOLUTE VERTEX FIC MULTIMERCADO;21/05/2019;1,84377889
ABSOLUTE VERTEX FIC MULTIMERCADO;22/05/2019;1,84478986
ABSOLUTE VERTEX FIC MULTIMERCADO;23/05/2019;1,84926827
ABSOLUTE VERTEX FIC MULTIMERCADO;24/05/2019;1,84775913
ABSOLUTE VERTEX FIC MULTIMERCADO;27/05/2019;1,85194379
ABSOLUTE VERTEX FIC MULTIMERCADO;28/05/2019;1,86071488
ABSOLUTE VERTEX FIC MULTIMERCADO;29/05/2019;1,86073576
ABSOLUTE VERTEX FIC MULTIMERCADO;30/05/2019;1,86240226
ABSOLUTE VERTEX FIC MULTIMERCADO;31/05/2019;1,86249409
ABSOLUTE VERTEX FIC MULTIMERCADO;03/06/2019;1,86255882
ABSOLUTE VERTEX FIC MULTIMERCADO;04/06/2019;1,85903329
ABSOLUTE VERTEX FIC MULTIMERCADO;05/06/2019;1,85750927
ABSOLUTE VERTEX FIC MULTIMERCADO;06/06/2019;1,85986988
ABSOLUTE VERTEX FIC MULTIMERCADO;07/06/2019;1,86366071
ABSOLUTE VERTEX FIC MULTIMERCADO;10/06/2019;1,86546832
ABSOLUTE VERTEX FIC MULTIMERCADO;11/06/2019;1,86597475
ABSOLUTE VERTEX FIC MULTIMERCADO;12/06/2019;1,86645806
ABSOLUTE VERTEX FIC MULTIMERCADO;13/06/2019;1,87129619
ABSOLUTE VERTEX FIC MULTIMERCADO;14/06/2019;1,8756406
ABSOLUTE VERTEX FIC MULTIMERCADO;17/06/2019;1,87488953
ABSOLUTE VERTEX FIC MULTIMERCADO;18/06/2019;1,87219406
ABSOLUTE VERTEX FIC MULTIMERCADO;19/06/2019;1,87154837
ABSOLUTE VERTEX FIC MULTIMERCADO;21/06/2019;1,87683949
ABSOLUTE VERTEX FIC MULTIMERCADO;24/06/2019;1,87685772
ABSOLUTE VERTEX FIC MULTIMERCADO;25/06/2019;1,87565702
ABSOLUTE VERTEX FIC MULTIMERCADO;26/06/2019;1,87668614
ABSOLUTE VERTEX FIC MULTIMERCADO;27/06/2019;1,87554562
ABSOLUTE VERTEX FIC MULTIMERCADO;28/06/2019;1,87682508
ABSOLUTE VERTEX FIC MULTIMERCADO;01/07/2019;1,87632138
ABSOLUTE VERTEX FIC MULTIMERCADO;02/07/2019;1,87620452
ABSOLUTE VERTEX FIC MULTIMERCADO;03/07/2019;1,87812348
ABSOLUTE VERTEX FIC MULTIMERCADO;04/07/2019;1,87839963
ABSOLUTE VERTEX FIC MULTIMERCADO;05/07/2019;1,87809794
ABSOLUTE VERTEX FIC MULTIMERCADO;08/07/2019;1,8804255
ABSOLUTE VERTEX FIC MULTIMERCADO;09/07/2019;1,88036233
ABSOLUTE VERTEX FIC MULTIMERCADO;10/07/2019;1,8832214
ABSOLUTE VERTEX FIC MULTIMERCADO;11/07/2019;1,88377913
ABSOLUTE VERTEX FIC MULTIMERCADO;12/07/2019;1,88198693
ABSOLUTE VERTEX FIC MULTIMERCADO;15/07/2019;1,88248373
ABSOLUTE VERTEX FIC MULTIMERCADO;16/07/2019;1,88097881
ABSOLUTE VERTEX FIC MULTIMERCADO;17/07/2019;1,87960625
ABSOLUTE VERTEX FIC MULTIMERCADO;18/07/2019;1,88363353
ABSOLUTE VERTEX FIC MULTIMERCADO;19/07/2019;1,87927395
ABSOLUTE VERTEX FIC MULTIMERCADO;22/07/2019;1,8785837
ABSOLUTE VERTEX FIC MULTIMERCADO;23/07/2019;1,87688471
ABSOLUTE VERTEX FIC MULTIMERCADO;24/07/2019;1,8784819
ABSOLUTE VERTEX FIC MULTIMERCADO;25/07/2019;1,87176836
ABSOLUTE VERTEX FIC MULTIMERCADO;26/07/2019;1,87182093
ABSOLUTE VERTEX FIC MULTIMERCADO;29/07/2019;1,87386932
ABSOLUTE VERTEX FIC MULTIMERCADO;30/07/2019;1,8714334
ABSOLUTE VERTEX FIC MULTIMERCADO;31/07/2019;1,86276563
ABSOLUTE VERTEX FIC MULTIMERCADO;01/08/2019;1,86425206
ABSOLUTE VERTEX FIC MULTIMERCADO;02/08/2019;1,86679397
ABSOLUTE VERTEX FIC MULTIMERCADO;05/08/2019;1,85436276
ABSOLUTE VERTEX FIC MULTIMERCADO;06/08/2019;1,86452807
ABSOLUTE VERTEX FIC MULTIMERCADO;07/08/2019;1,86931589
ABSOLUTE VERTEX FIC MULTIMERCADO;08/08/2019;1,8763726
ABSOLUTE VERTEX FIC MULTIMERCADO;09/08/2019;1,87685002
ABSOLUTE VERTEX FIC MULTIMERCADO;12/08/2019;1,86710363
ABSOLUTE VERTEX FIC MULTIMERCADO;13/08/2019;1,87178446
ABSOLUTE VERTEX FIC MULTIMERCADO;14/08/2019;1,86023319
ABSOLUTE VERTEX FIC MULTIMERCADO;15/08/2019;1,8599396
ABSOLUTE VERTEX FIC MULTIMERCADO;16/08/2019;1,86243033
ABSOLUTE VERTEX FIC MULTIMERCADO;19/08/2019;1,86127994
ABSOLUTE VERTEX FIC MULTIMERCADO;20/08/2019;1,86133171
ABSOLUTE VERTEX FIC MULTIMERCADO;21/08/2019;1,8681153
ABSOLUTE VERTEX FIC MULTIMERCADO;22/08/2019;1,86744151
ABSOLUTE VERTEX FIC MULTIMERCADO;23/08/2019;1,86392283
ABSOLUTE VERTEX FIC MULTIMERCADO;26/08/2019;1,85712537
ABSOLUTE VERTEX FIC MULTIMERCADO;27/08/2019;1,85746314
ABSOLUTE VERTEX FIC MULTIMERCADO;28/08/2019;1,8582424
ABSOLUTE VERTEX FIC MULTIMERCADO;29/08/2019;1,86392823
ABSOLUTE VERTEX FIC MULTIMERCADO;30/08/2019;1,86930258
ABSOLUTE VERTEX FIC MULTIMERCADO;02/09/2019;1,8671402
ABSOLUTE VERTEX FIC MULTIMERCADO;03/09/2019;1,86643969
ABSOLUTE VERTEX FIC MULTIMERCADO;04/09/2019;1,87196109
ABSOLUTE VERTEX FIC MULTIMERCADO;05/09/2019;1,87326247
ABSOLUTE VERTEX FIC MULTIMERCADO;06/09/2019;1,87413638
ABSOLUTE VERTEX FIC MULTIMERCADO;09/09/2019;1,87355574
ABSOLUTE VERTEX FIC MULTIMERCADO;10/09/2019;1,86963747
ABSOLUTE VERTEX FIC MULTIMERCADO;11/09/2019;1,87081966
ABSOLUTE VERTEX FIC MULTIMERCADO;12/09/2019;1,87460241
ABSOLUTE VERTEX FIC MULTIMERCADO;13/09/2019;1,86521072
ABSOLUTE VERTEX FIC MULTIMERCADO;16/09/2019;1,86223637
ABSOLUTE VERTEX FIC MULTIMERCADO;17/09/2019;1,86818095
ABSOLUTE VERTEX FIC MULTIMERCADO;18/09/2019;1,8694696
ABSOLUTE VERTEX FIC MULTIMERCADO;19/09/2019;1,87564925
ABSOLUTE VERTEX FIC MULTIMERCADO;20/09/2019;1,87853981
ABSOLUTE VERTEX FIC MULTIMERCADO;23/09/2019;1,87725767
ABSOLUTE VERTEX FIC MULTIMERCADO;24/09/2019;1,87312958
ABSOLUTE VERTEX FIC MULTIMERCADO;25/09/2019;1,87463742
ABSOLUTE VERTEX FIC MULTIMERCADO;26/09/2019;1,88138536
ABSOLUTE VERTEX FIC MULTIMERCADO;27/09/2019;1,88071324
ABSOLUTE VERTEX FIC MULTIMERCADO;30/09/2019;1,8821343
ABSOLUTE VERTEX FIC MULTIMERCADO;01/10/2019;1,88023867
ABSOLUTE VERTEX FIC MULTIMERCADO;02/10/2019;1,87339658
ABSOLUTE VERTEX FIC MULTIMERCADO;03/10/2019;1,8825683
ABSOLUTE VERTEX FIC MULTIMERCADO;04/10/2019;1,8881919
ABSOLUTE VERTEX FIC MULTIMERCADO;07/10/2019;1,87944866
ABSOLUTE VERTEX FIC MULTIMERCADO;08/10/2019;1,87936324
ABSOLUTE VERTEX FIC MULTIMERCADO;09/10/2019;1,89044328
ABSOLUTE VERTEX FIC MULTIMERCADO;10/10/2019;1,89518907
ABSOLUTE VERTEX FIC MULTIMERCADO;11/10/2019;1,90127037
ABSOLUTE VERTEX FIC MULTIMERCADO;14/10/2019;1,90383745
ABSOLUTE VERTEX FIC MULTIMERCADO;15/10/2019;1,90231498
ABSOLUTE VERTEX FIC MULTIMERCADO;16/10/2019;1,91137668
ABSOLUTE VERTEX FIC MULTIMERCADO;17/10/2019;1,91395396
ABSOLUTE VERTEX FIC MULTIMERCADO;18/10/2019;1,91369472
ABSOLUTE VERTEX FIC MULTIMERCADO;21/10/2019;1,91845111
ABSOLUTE VERTEX FIC MULTIMERCADO;22/10/2019;1,91343534
ABSOLUTE VERTEX FIC MULTIMERCADO;23/10/2019;1,91561295
ABSOLUTE VERTEX FIC MULTIMERCADO;24/10/2019;1,91544315
ABSOLUTE VERTEX FIC MULTIMERCADO;25/10/2019;1,91943049
ABSOLUTE VERTEX FIC MULTIMERCADO;28/10/2019;1,92189273
ABSOLUTE VERTEX FIC MULTIMERCADO;29/10/2019;1,92316467
ABSOLUTE VERTEX FIC MULTIMERCADO;30/10/2019;1,93081696
ABSOLUTE VERTEX FIC MULTIMERCADO;31/10/2019;1,92006871
ABSOLUTE VERTEX FIC MULTIMERCADO;01/11/2019;1,92527339
ABSOLUTE VERTEX FIC MULTIMERCADO;04/11/2019;1,92513794
ABSOLUTE VERTEX FIC MULTIMERCADO;05/11/2019;1,92236643
ABSOLUTE VERTEX FIC MULTIMERCADO;06/11/2019;1,92667439
ABSOLUTE VERTEX FIC MULTIMERCADO;07/11/2019;1,92950133
ABSOLUTE VERTEX FIC MULTIMERCADO;08/11/2019;1,92575619
ABSOLUTE VERTEX FIC MULTIMERCADO;11/11/2019;1,9273684
ABSOLUTE VERTEX FIC MULTIMERCADO;12/11/2019;1,92249114
ABSOLUTE VERTEX FIC MULTIMERCADO;13/11/2019;1,92007979
ABSOLUTE VERTEX FIC MULTIMERCADO;14/11/2019;1,91865371
ABSOLUTE VERTEX FIC MULTIMERCADO;18/11/2019;1,92096694
ABSOLUTE VERTEX FIC MULTIMERCADO;19/11/2019;1,91825819
ABSOLUTE VERTEX FIC MULTIMERCADO;20/11/2019;1,91757451
ABSOLUTE VERTEX FIC MULTIMERCADO;21/11/2019;1,92094441
ABSOLUTE VERTEX FIC MULTIMERCADO;22/11/2019;1,92557028
ABSOLUTE VERTEX FIC MULTIMERCADO;25/11/2019;1,92740779
ABSOLUTE VERTEX FIC MULTIMERCADO;26/11/2019;1,92492819
ABSOLUTE VERTEX FIC MULTIMERCADO;27/11/2019;1,92517973
ABSOLUTE VERTEX FIC MULTIMERCADO;28/11/2019;1,92524045
ABSOLUTE VERTEX FIC MULTIMERCADO;29/11/2019;1,92636683
ABSOLUTE VERTEX FIC MULTIMERCADO;02/12/2019;1,92689351
ABSOLUTE VERTEX FIC MULTIMERCADO;03/12/2019;1,9254644
ABSOLUTE VERTEX FIC MULTIMERCADO;04/12/2019;1,93040563
ABSOLUTE VERTEX FIC MULTIMERCADO;05/12/2019;1,93055243
ABSOLUTE VERTEX FIC MULTIMERCADO;06/12/2019;1,93377037
ABSOLUTE VERTEX FIC MULTIMERCADO;09/12/2019;1,93294658
ABSOLUTE VERTEX FIC MULTIMERCADO;10/12/2019;1,9316816
ABSOLUTE VERTEX FIC MULTIMERCADO;11/12/2019;1,93417956
ABSOLUTE VERTEX FIC MULTIMERCADO;12/12/2019;1,93755117
ABSOLUTE VERTEX FIC MULTIMERCADO;13/12/2019;1,94011063
ABSOLUTE VERTEX FIC MULTIMERCADO;16/12/2019;1,93726067
ABSOLUTE VERTEX FIC MULTIMERCADO;17/12/2019;1,93808055
ABSOLUTE VERTEX FIC MULTIMERCADO;18/12/2019;1,94341722
ABSOLUTE VERTEX FIC MULTIMERCADO;19/12/2019;1,94670036
ABSOLUTE VERTEX FIC MULTIMERCADO;20/12/2019;1,94840168
ABSOLUTE VERTEX FIC MULTIMERCADO;23/12/2019;1,95126527
ABSOLUTE VERTEX FIC MULTIMERCADO;24/12/2019;1,95176755
ABSOLUTE VERTEX FIC MULTIMERCADO;26/12/2019;1,95923692
ABSOLUTE VERTEX FIC MULTIMERCADO;27/12/2019;1,95656195
ABSOLUTE VERTEX FIC MULTIMERCADO;30/12/2019;1,95336186
ABSOLUTE VERTEX FIC MULTIMERCADO;31/12/2019;1,95371211
ABSOLUTE VERTEX FIC MULTIMERCADO;02/01/2020;1,96350068
ABSOLUTE VERTEX FIC MULTIMERCADO;03/01/2020;1,96100585
ABSOLUTE VERTEX FIC MULTIMERCADO;06/01/2020;1,95644113
ABSOLUTE VERTEX FIC MULTIMERCADO;07/01/2020;1,95684587
ABSOLUTE VERTEX FIC MULTIMERCADO;08/01/2020;1,9555758
ABSOLUTE VERTEX FIC MULTIMERCADO;09/01/2020;1,9585643
ABSOLUTE VERTEX FIC MULTIMERCADO;10/01/2020;1,95763175
ABSOLUTE VERTEX FIC MULTIMERCADO;13/01/2020;1,96526018
ABSOLUTE VERTEX FIC MULTIMERCADO;14/01/2020;1,96675642
ABSOLUTE VERTEX FIC MULTIMERCADO;15/01/2020;1,96893494
ABSOLUTE VERTEX FIC MULTIMERCADO;16/01/2020;1,9702835
ABSOLUTE VERTEX FIC MULTIMERCADO;17/01/2020;1,97199647
ABSOLUTE VERTEX FIC MULTIMERCADO;20/01/2020;1,97374375
ABSOLUTE VERTEX FIC MULTIMERCADO;21/01/2020;1,97351311
ABSOLUTE VERTEX FIC MULTIMERCADO;22/01/2020;1,974355
ABSOLUTE VERTEX FIC MULTIMERCADO;23/01/2020;1,97500877
ABSOLUTE VERTEX FIC MULTIMERCADO;24/01/2020;1,97407075
ABSOLUTE VERTEX FIC MULTIMERCADO;27/01/2020;1,97133002
ABSOLUTE VERTEX FIC MULTIMERCADO;28/01/2020;1,97550081
ABSOLUTE VERTEX FIC MULTIMERCADO;29/01/2020;1,97563324
ABSOLUTE VERTEX FIC MULTIMERCADO;30/01/2020;1,97717831
ABSOLUTE VERTEX FIC MULTIMERCADO;31/01/2020;1,97290142
ABSOLUTE VERTEX FIC MULTIMERCADO;03/02/2020;1,97515075
ABSOLUTE VERTEX FIC MULTIMERCADO;04/02/2020;1,97748435
ABSOLUTE VERTEX FIC MULTIMERCADO;05/02/2020;1,98000811
ABSOLUTE VERTEX FIC MULTIMERCADO;06/02/2020;1,98050596
ABSOLUTE VERTEX FIC MULTIMERCADO;07/02/2020;1,98228753
ABSOLUTE VERTEX FIC MULTIMERCADO;10/02/2020;1,9823288
ABSOLUTE VERTEX FIC MULTIMERCADO;11/02/2020;1,98182357
ABSOLUTE VERTEX FIC MULTIMERCADO;12/02/2020;1,98349075
ABSOLUTE VERTEX FIC MULTIMERCADO;13/02/2020;1,98246111
ABSOLUTE VERTEX FIC MULTIMERCADO;14/02/2020;1,98672271
ABSOLUTE VERTEX FIC MULTIMERCADO;17/02/2020;1,9866461
ABSOLUTE VERTEX FIC MULTIMERCADO;18/02/2020;1,9863105
ABSOLUTE VERTEX FIC MULTIMERCADO;19/02/2020;1,98725791
ABSOLUTE VERTEX FIC MULTIMERCADO;20/02/2020;1,98474722
ABSOLUTE VERTEX FIC MULTIMERCADO;21/02/2020;1,98198594
ABSOLUTE VERTEX FIC MULTIMERCADO;26/02/2020;1,9563253
ABSOLUTE VERTEX FIC MULTIMERCADO;27/02/2020;1,94163637
ABSOLUTE VERTEX FIC MULTIMERCADO;28/02/2020;1,94651313
ABSOLUTE VERTEX FIC MULTIMERCADO;02/03/2020;1,96172488
ABSOLUTE VERTEX FIC MULTIMERCADO;03/03/2020;1,96619421
ABSOLUTE VERTEX FIC MULTIMERCADO;04/03/2020;1,97973763
ABSOLUTE VERTEX FIC MULTIMERCADO;05/03/2020;1,96143887
ABSOLUTE VERTEX FIC MULTIMERCADO;06/03/2020;1,95404305
ABSOLUTE VERTEX FIC MULTIMERCADO;09/03/2020;1,91168306
ABSOLUTE VERTEX FIC MULTIMERCADO;10/03/2020;1,92802548
ABSOLUTE VERTEX FIC MULTIMERCADO;11/03/2020;1,90231576
ABSOLUTE VERTEX FIC MULTIMERCADO;12/03/2020;1,88283752
ABSOLUTE VERTEX FIC MULTIMERCADO;13/03/2020;1,90602877
ABSOLUTE VERTEX FIC MULTIMERCADO;16/03/2020;1,90731107
ABSOLUTE VERTEX FIC MULTIMERCADO;17/03/2020;1,91302352
ABSOLUTE VERTEX FIC MULTIMERCADO;18/03/2020;1,90134328
ABSOLUTE VERTEX FIC MULTIMERCADO;19/03/2020;1,90539254
ABSOLUTE VERTEX FIC MULTIMERCADO;20/03/2020;1,9076015
ABSOLUTE VERTEX FIC MULTIMERCADO;23/03/2020;1,91617725
ABSOLUTE VERTEX FIC MULTIMERCADO;24/03/2020;1,91566705
ABSOLUTE VERTEX FIC MULTIMERCADO;25/03/2020;1,91439911
ABSOLUTE VERTEX FIC MULTIMERCADO;26/03/2020;1,91632607
ABSOLUTE VERTEX FIC MULTIMERCADO;27/03/2020;1,91380715
ABSOLUTE VERTEX FIC MULTIMERCADO;30/03/2020;1,91830437
ABSOLUTE VERTEX FIC MULTIMERCADO;31/03/2020;1,91785332
ABSOLUTE VERTEX FIC MULTIMERCADO;01/04/2020;1,91141187
ABSOLUTE VERTEX FIC MULTIMERCADO;02/04/2020;1,91388699
ABSOLUTE VERTEX FIC MULTIMERCADO;03/04/2020;1,91359536
ABSOLUTE VERTEX FIC MULTIMERCADO;06/04/2020;1,92050755
ABSOLUTE VERTEX FIC MULTIMERCADO;07/04/2020;1,92255397
ABSOLUTE VERTEX FIC MULTIMERCADO;08/04/2020;1,92619233
ABSOLUTE VERTEX FIC MULTIMERCADO;09/04/2020;1,92878711
ABSOLUTE VERTEX FIC MULTIMERCADO;13/04/2020;1,92925244
ABSOLUTE VERTEX FIC MULTIMERCADO;14/04/2020;1,93393318
ABSOLUTE VERTEX FIC MULTIMERCADO;15/04/2020;1,93231923
ABSOLUTE VERTEX FIC MULTIMERCADO;16/04/2020;1,93280089
ABSOLUTE VERTEX FIC MULTIMERCADO;17/04/2020;1,93747077
ABSOLUTE VERTEX FIC MULTIMERCADO;20/04/2020;1,9419003
ABSOLUTE VERTEX FIC MULTIMERCADO;22/04/2020;1,94962876
ABSOLUTE VERTEX FIC MULTIMERCADO;23/04/2020;1,94860754
ABSOLUTE VERTEX FIC MULTIMERCADO;24/04/2020;1,9430136
ABSOLUTE VERTEX FIC MULTIMERCADO;27/04/2020;1,94203252
ABSOLUTE VERTEX FIC MULTIMERCADO;28/04/2020;1,94839811
ABSOLUTE VERTEX FIC MULTIMERCADO;29/04/2020;1,95016861
ABSOLUTE VERTEX FIC MULTIMERCADO;30/04/2020;1,95083154
ABSOLUTE VERTEX FIC MULTIMERCADO;04/05/2020;1,94918682
ABSOLUTE VERTEX FIC MULTIMERCADO;05/05/2020;1,95169322
ABSOLUTE VERTEX FIC MULTIMERCADO;06/05/2020;1,9534771
ABSOLUTE VERTEX FIC MULTIMERCADO;07/05/2020;1,97174559
ABSOLUTE VERTEX FIC MULTIMERCADO;08/05/2020;1,97026766
ABSOLUTE VERTEX FIC MULTIMERCADO;11/05/2020;1,97352828
ABSOLUTE VERTEX FIC MULTIMERCADO;12/05/2020;1,97036113
ABSOLUTE VERTEX FIC MULTIMERCADO;13/05/2020;1,97239222
ABSOLUTE VERTEX FIC MULTIMERCADO;14/05/2020;1,97474515
ABSOLUTE VERTEX FIC MULTIMERCADO;15/05/2020;1,97037892
ABSOLUTE VERTEX FIC MULTIMERCADO;18/05/2020;1,96295073
ABSOLUTE VERTEX FIC MULTIMERCADO;19/05/2020;1,96135771
ABSOLUTE VERTEX FIC MULTIMERCADO;20/05/2020;1,9612097
ABSOLUTE VERTEX FIC MULTIMERCADO;21/05/2020;1,95202759
ABSOLUTE VERTEX FIC MULTIMERCADO;22/05/2020;1,95464151
ABSOLUTE VERTEX FIC MULTIMERCADO;25/05/2020;1,95256687
ABSOLUTE VERTEX FIC MULTIMERCADO;26/05/2020;1,94869977
ABSOLUTE VERTEX FIC MULTIMERCADO;27/05/2020;1,95027322
ABSOLUTE VERTEX FIC MULTIMERCADO;28/05/2020;1,95213208
ABSOLUTE VERTEX FIC MULTIMERCADO;29/05/2020;1,95334223
ABSOLUTE VERTEX FIC MULTIMERCADO;01/06/2020;1,95648991
ABSOLUTE VERTEX FIC MULTIMERCADO;02/06/2020;1,95542748
ABSOLUTE VERTEX FIC MULTIMERCADO;03/06/2020;1,95885929
ABSOLUTE VERTEX FIC MULTIMERCADO;04/06/2020;1,9601971
ABSOLUTE VERTEX FIC MULTIMERCADO;05/06/2020;1,96350178
ABSOLUTE VERTEX FIC MULTIMERCADO;08/06/2020;1,96932524
ABSOLUTE VERTEX FIC MULTIMERCADO;09/06/2020;1,9689576
ABSOLUTE VERTEX FIC MULTIMERCADO;10/06/2020;1,96531181
ABSOLUTE VERTEX FIC MULTIMERCADO;12/06/2020;1,9564839
ABSOLUTE VERTEX FIC MULTIMERCADO;15/06/2020;1,95641255
ABSOLUTE VERTEX FIC MULTIMERCADO;16/06/2020;1,96068668
ABSOLUTE VERTEX FIC MULTIMERCADO;17/06/2020;1,96472589
ABSOLUTE VERTEX FIC MULTIMERCADO;18/06/2020;1,96957335
ABSOLUTE VERTEX FIC MULTIMERCADO;19/06/2020;1,96939313
ABSOLUTE VERTEX FIC MULTIMERCADO;22/06/2020;1,97043359
ABSOLUTE VERTEX FIC MULTIMERCADO;23/06/2020;1,96950808
ABSOLUTE VERTEX FIC MULTIMERCADO;24/06/2020;1,96337433
ABSOLUTE VERTEX FIC MULTIMERCADO;25/06/2020;1,96590727
ABSOLUTE VERTEX FIC MULTIMERCADO;26/06/2020;1,95714125
ABSOLUTE VERTEX FIC MULTIMERCADO;29/06/2020;1,95912418
ABSOLUTE VERTEX FIC MULTIMERCADO;30/06/2020;1,9586958
ABSOLUTE VERTEX FIC MULTIMERCADO;01/07/2020;1,96418975
ABSOLUTE VERTEX FIC MULTIMERCADO;02/07/2020;1,96541058
ABSOLUTE VERTEX FIC MULTIMERCADO;03/07/2020;1,96765815
ABSOLUTE VERTEX FIC MULTIMERCADO;06/07/2020;1,97565943
ABSOLUTE VERTEX FIC MULTIMERCADO;07/07/2020;1,97399647
ABSOLUTE VERTEX FIC MULTIMERCADO;08/07/2020;1,97801619
ABSOLUTE VERTEX FIC MULTIMERCADO;09/07/2020;1,97942826
ABSOLUTE VERTEX FIC MULTIMERCADO;10/07/2020;1,98162998
ABSOLUTE VERTEX FIC MULTIMERCADO;13/07/2020;1,97671049
ABSOLUTE VERTEX FIC MULTIMERCADO;14/07/2020;1,97907766
ABSOLUTE VERTEX FIC MULTIMERCADO;15/07/2020;1,9850161
ABSOLUTE VERTEX FIC MULTIMERCADO;16/07/2020;1,97891041
ABSOLUTE VERTEX FIC MULTIMERCADO;17/07/2020;1,99086429
ABSOLUTE VERTEX FIC MULTIMERCADO;20/07/2020;1,99655548
ABSOLUTE VERTEX FIC MULTIMERCADO;21/07/2020;1,99596958
ABSOLUTE VERTEX FIC MULTIMERCADO;22/07/2020;1,99482993
ABSOLUTE VERTEX FIC MULTIMERCADO;23/07/2020;1,99176893
ABSOLUTE VERTEX FIC MULTIMERCADO;24/07/2020;1,9912807
ABSOLUTE VERTEX FIC MULTIMERCADO;27/07/2020;1,99582253
ABSOLUTE VERTEX FIC MULTIMERCADO;28/07/2020;1,99471835
ABSOLUTE VERTEX FIC MULTIMERCADO;29/07/2020;1,99873433
ABSOLUTE VERTEX FIC MULTIMERCADO;30/07/2020;1,9999176
ABSOLUTE VERTEX FIC MULTIMERCADO;31/07/2020;1,99661447
ABSOLUTE VERTEX FIC MULTIMERCADO;03/08/2020;1,99614484
ABSOLUTE VERTEX FIC MULTIMERCADO;04/08/2020;1,9953858
ABSOLUTE VERTEX FIC MULTIMERCADO;05/08/2020;1,99796451
ABSOLUTE VERTEX FIC MULTIMERCADO;06/08/2020;2,00159418
ABSOLUTE VERTEX FIC MULTIMERCADO;07/08/2020;1,99499485
ABSOLUTE VERTEX FIC MULTIMERCADO;10/08/2020;1,99316392
ABSOLUTE VERTEX FIC MULTIMERCADO;11/08/2020;1,98939697
ABSOLUTE VERTEX FIC MULTIMERCADO;12/08/2020;1,98908925
ABSOLUTE VERTEX FIC MULTIMERCADO;13/08/2020;1,98757242
ABSOLUTE VERTEX FIC MULTIMERCADO;14/08/2020;1,99147962
ABSOLUTE VERTEX FIC MULTIMERCADO;17/08/2020;1,99189729
ABSOLUTE VERTEX FIC MULTIMERCADO;18/08/2020;1,99557321
ABSOLUTE VERTEX FIC MULTIMERCADO;19/08/2020;1,99050973
ABSOLUTE VERTEX FIC MULTIMERCADO;20/08/2020;1,99026236
ABSOLUTE VERTEX FIC MULTIMERCADO;21/08/2020;1,9913871
ABSOLUTE VERTEX FIC MULTIMERCADO;24/08/2020;1,99264236
ABSOLUTE VERTEX FIC MULTIMERCADO;25/08/2020;1,99550899
ABSOLUTE VERTEX FIC MULTIMERCADO;26/08/2020;1,99561922
ABSOLUTE VERTEX FIC MULTIMERCADO;27/08/2020;1,99267148
ABSOLUTE VERTEX FIC MULTIMERCADO;28/08/2020;1,99917401
ABSOLUTE VERTEX FIC MULTIMERCADO;31/08/2020;1,9958611
ABSOLUTE VERTEX FIC MULTIMERCADO;01/09/2020;1,99776317
ABSOLUTE VERTEX FIC MULTIMERCADO;02/09/2020;1,998345
ABSOLUTE VERTEX FIC MULTIMERCADO;03/09/2020;1,99246575
ABSOLUTE VERTEX FIC MULTIMERCADO;04/09/2020;1,99093525
ABSOLUTE VERTEX FIC MULTIMERCADO;08/09/2020;1,98458909
ABSOLUTE VERTEX FIC MULTIMERCADO;09/09/2020;1,9899327
ABSOLUTE VERTEX FIC MULTIMERCADO;10/09/2020;1,98480652
ABSOLUTE VERTEX FIC MULTIMERCADO;11/09/2020;1,98524488
ABSOLUTE VERTEX FIC MULTIMERCADO;14/09/2020;1,98879919
ABSOLUTE VERTEX FIC MULTIMERCADO;15/09/2020;1,99063326
ABSOLUTE VERTEX FIC MULTIMERCADO;16/09/2020;1,98473121
ABSOLUTE VERTEX FIC MULTIMERCADO;17/09/2020;1,98201498
ABSOLUTE VERTEX FIC MULTIMERCADO;18/09/2020;1,97529328
ABSOLUTE VERTEX FIC MULTIMERCADO;21/09/2020;1,96436814
ABSOLUTE VERTEX FIC MULTIMERCADO;22/09/2020;1,96621727
ABSOLUTE VERTEX FIC MULTIMERCADO;23/09/2020;1,95836707
ABSOLUTE VERTEX FIC MULTIMERCADO;24/09/2020;1,95748767
ABSOLUTE VERTEX FIC MULTIMERCADO;25/09/2020;1,95907175
ABSOLUTE VERTEX FIC MULTIMERCADO;28/09/2020;1,96351581
ABSOLUTE VERTEX FIC MULTIMERCADO;29/09/2020;1,96385444
ABSOLUTE VERTEX FIC MULTIMERCADO;30/09/2020;1,96441059
ABSOLUTE VERTEX FIC MULTIMERCADO;01/10/2020;1,96796927
ABSOLUTE VERTEX FIC MULTIMERCADO;02/10/2020;1,96079172
ABSOLUTE VERTEX FIC MULTIMERCADO;05/10/2020;1,96589477
ABSOLUTE VERTEX FIC MULTIMERCADO;06/10/2020;1,95992393
ABSOLUTE VERTEX FIC MULTIMERCADO;07/10/2020;1,96568984
ABSOLUTE VERTEX FIC MULTIMERCADO;08/10/2020;1,96905275
ABSOLUTE VERTEX FIC MULTIMERCADO;09/10/2020;1,97789892
ABSOLUTE VERTEX FIC MULTIMERCADO;13/10/2020;1,97951774
ABSOLUTE VERTEX FIC MULTIMERCADO;14/10/2020;1,97905373
ABSOLUTE VERTEX FIC MULTIMERCADO;15/10/2020;1,97745951
ABSOLUTE VERTEX FIC MULTIMERCADO;16/10/2020;1,98082973
ABSOLUTE VERTEX FIC MULTIMERCADO;19/10/2020;1,97684275
ABSOLUTE VERTEX FIC MULTIMERCADO;20/10/2020;1,97761599
ABSOLUTE VERTEX FIC MULTIMERCADO;21/10/2020;1,98521213
ABSOLUTE VERTEX FIC MULTIMERCADO;22/10/2020;1,98413768
ABSOLUTE VERTEX FIC MULTIMERCADO;23/10/2020;1,98890007
ABSOLUTE VERTEX FIC MULTIMERCADO;26/10/2020;1,98393202
ABSOLUTE VERTEX FIC MULTIMERCADO;27/10/2020;1,98608106
ABSOLUTE VERTEX FIC MULTIMERCADO;28/10/2020;1,97309109
ABSOLUTE VERTEX FIC MULTIMERCADO;29/10/2020;1,97653251
ABSOLUTE VERTEX FIC MULTIMERCADO;30/10/2020;1,96970835
ABSOLUTE VERTEX FIC MULTIMERCADO;03/11/2020;1,97670269
ABSOLUTE VERTEX FIC MULTIMERCADO;04/11/2020;1,98447911
ABSOLUTE VERTEX FIC MULTIMERCADO;05/11/2020;1,99602755
ABSOLUTE VERTEX FIC MULTIMERCADO;06/11/2020;1,99076561
ABSOLUTE VERTEX FIC MULTIMERCADO;09/11/2020;1,99305525
ABSOLUTE VERTEX FIC MULTIMERCADO;10/11/2020;1,98783284
ABSOLUTE VERTEX FIC MULTIMERCADO;11/11/2020;1,98991037
ABSOLUTE VERTEX FIC MULTIMERCADO;12/11/2020;1,98275933
ABSOLUTE VERTEX FIC MULTIMERCADO;13/11/2020;1,98591847
ABSOLUTE VERTEX FIC MULTIMERCADO;16/11/2020;1,98831713
ABSOLUTE VERTEX FIC MULTIMERCADO;17/11/2020;1,98549954
ABSOLUTE VERTEX FIC MULTIMERCADO;18/11/2020;1,98267529
ABSOLUTE VERTEX FIC MULTIMERCADO;19/11/2020;1,98524408
ABSOLUTE VERTEX FIC MULTIMERCADO;20/11/2020;1,98507355
ABSOLUTE VERTEX FIC MULTIMERCADO;23/11/2020;1,98765549
ABSOLUTE VERTEX FIC MULTIMERCADO;24/11/2020;1,99847185
ABSOLUTE VERTEX FIC MULTIMERCADO;25/11/2020;1,99904143
ABSOLUTE VERTEX FIC MULTIMERCADO;26/11/2020;1,99952485
ABSOLUTE VERTEX FIC MULTIMERCADO;27/11/2020;2,00422872
ABSOLUTE VERTEX FIC MULTIMERCADO;30/11/2020;1,99920549
ABSOLUTE VERTEX FIC MULTIMERCADO;01/12/2020;2,00911051
ABSOLUTE VERTEX FIC MULTIMERCADO;02/12/2020;2,01156313
ABSOLUTE VERTEX FIC MULTIMERCADO;03/12/2020;2,01038232
ABSOLUTE VERTEX FIC MULTIMERCADO;04/12/2020;2,01410987
ABSOLUTE VERTEX FIC MULTIMERCADO;07/12/2020;2,01090076
ABSOLUTE VERTEX FIC MULTIMERCADO;08/12/2020;2,01263563
ABSOLUTE VERTEX FIC MULTIMERCADO;09/12/2020;2,01170306
ABSOLUTE VERTEX FIC MULTIMERCADO;10/12/2020;2,01078765
ABSOLUTE VERTEX FIC MULTIMERCADO;11/12/2020;2,00826716
ABSOLUTE VERTEX FIC MULTIMERCADO;14/12/2020;2,00893965
ABSOLUTE VERTEX FIC MULTIMERCADO;15/12/2020;2,01622136
ABSOLUTE VERTEX FIC MULTIMERCADO;16/12/2020;2,01960667
ABSOLUTE VERTEX FIC MULTIMERCADO;17/12/2020;2,02436787
ABSOLUTE VERTEX FIC MULTIMERCADO;18/12/2020;2,02474344
ABSOLUTE VERTEX FIC MULTIMERCADO;21/12/2020;2,01724536
ABSOLUTE VERTEX FIC MULTIMERCADO;22/12/2020;2,01417376
ABSOLUTE VERTEX FIC MULTIMERCADO;23/12/2020;2,01892464
ABSOLUTE VERTEX FIC MULTIMERCADO;24/12/2020;2,02005578
ABSOLUTE VERTEX FIC MULTIMERCADO;28/12/2020;2,02474019
ABSOLUTE VERTEX FIC MULTIMERCADO;29/12/2020;2,0249033
ABSOLUTE VERTEX FIC MULTIMERCADO;30/12/2020;2,02950422
ABSOLUTE VERTEX FIC MULTIMERCADO;31/12/2020;2,02824669
ABSOLUTE VERTEX FIC MULTIMERCADO;04/01/2021;2,02394664
ABSOLUTE VERTEX FIC MULTIMERCADO;05/01/2021;2,03072477
ABSOLUTE VERTEX FIC MULTIMERCADO;06/01/2021;2,03583053
ABSOLUTE VERTEX FIC MULTIMERCADO;07/01/2021;2,04005716
ABSOLUTE VERTEX FIC MULTIMERCADO;08/01/2021;2,04997854
ABSOLUTE VERTEX FIC MULTIMERCADO;11/01/2021;2,04509499
ABSOLUTE VERTEX FIC MULTIMERCADO;12/01/2021;2,04652433
ABSOLUTE VERTEX FIC MULTIMERCADO;13/01/2021;2,0462446
ABSOLUTE VERTEX FIC MULTIMERCADO;14/01/2021;2,04870775
ABSOLUTE VERTEX FIC MULTIMERCADO;15/01/2021;2,04215054
ABSOLUTE VERTEX FIC MULTIMERCADO;18/01/2021;2,04081565
ABSOLUTE VERTEX FIC MULTIMERCADO;19/01/2021;2,04574625
ABSOLUTE VERTEX FIC MULTIMERCADO;20/01/2021;2,05171325
ABSOLUTE VERTEX FIC MULTIMERCADO;21/01/2021;2,05021257
ABSOLUTE VERTEX FIC MULTIMERCADO;22/01/2021;2,04577297
ABSOLUTE VERTEX FIC MULTIMERCADO;25/01/2021;2,04566485
ABSOLUTE VERTEX FIC MULTIMERCADO;26/01/2021;2,04156711
ABSOLUTE VERTEX FIC MULTIMERCADO;27/01/2021;2,02397184
ABSOLUTE VERTEX FIC MULTIMERCADO;28/01/2021;2,03321986
ABSOLUTE VERTEX FIC MULTIMERCADO;29/01/2021;2,02017093
ABSOLUTE VERTEX FIC MULTIMERCADO;01/02/2021;2,0331861
ABSOLUTE VERTEX FIC MULTIMERCADO;02/02/2021;2,04065772
ABSOLUTE VERTEX FIC MULTIMERCADO;03/02/2021;2,04327129
ABSOLUTE VERTEX FIC MULTIMERCADO;04/02/2021;2,04852167
ABSOLUTE VERTEX FIC MULTIMERCADO;05/02/2021;2,05364989
ABSOLUTE VERTEX FIC MULTIMERCADO;08/02/2021;2,05708043
ABSOLUTE VERTEX FIC MULTIMERCADO;09/02/2021;2,0579067
ABSOLUTE VERTEX FIC MULTIMERCADO;10/02/2021;2,05868149
ABSOLUTE VERTEX FIC MULTIMERCADO;11/02/2021;2,06766151
ABSOLUTE VERTEX FIC MULTIMERCADO;12/02/2021;2,07193254
ABSOLUTE VERTEX FIC MULTIMERCADO;17/02/2021;2,07229083
ABSOLUTE VERTEX FIC MULTIMERCADO;18/02/2021;2,0680677
ABSOLUTE VERTEX FIC MULTIMERCADO;19/02/2021;2,06378648
ABSOLUTE VERTEX FIC MULTIMERCADO;22/02/2021;2,04967667
ABSOLUTE VERTEX FIC MULTIMERCADO;23/02/2021;2,05378817
ABSOLUTE VERTEX FIC MULTIMERCADO;24/02/2021;2,05886561
ABSOLUTE VERTEX FIC MULTIMERCADO;25/02/2021;2,02793145
ABSOLUTE VERTEX FIC MULTIMERCADO;26/02/2021;2,00929712
ABSOLUTE VERTEX FIC MULTIMERCADO;01/03/2021;2,02499703
ABSOLUTE VERTEX FIC MULTIMERCADO;02/03/2021;2,01852548
ABSOLUTE VERTEX FIC MULTIMERCADO;03/03/2021;2,00941947
ABSOLUTE VERTEX FIC MULTIMERCADO;04/03/2021;2,00245176
ABSOLUTE VERTEX FIC MULTIMERCADO;05/03/2021;2,01328165
ABSOLUTE VERTEX FIC MULTIMERCADO;08/03/2021;2,01029254
ABSOLUTE VERTEX FIC MULTIMERCADO;09/03/2021;2,0159301
ABSOLUTE VERTEX FIC MULTIMERCADO;10/03/2021;2,02102547
ABSOLUTE VERTEX FIC MULTIMERCADO;11/03/2021;2,03111316
ABSOLUTE VERTEX FIC MULTIMERCADO;12/03/2021;2,03078368
ABSOLUTE VERTEX FIC MULTIMERCADO;15/03/2021;2,03308297
ABSOLUTE VERTEX FIC MULTIMERCADO;16/03/2021;2,0327286
ABSOLUTE VERTEX FIC MULTIMERCADO;17/03/2021;2,03820821
ABSOLUTE VERTEX FIC MULTIMERCADO;18/03/2021;2,0145503
ABSOLUTE VERTEX FIC MULTIMERCADO;19/03/2021;2,01468994
ABSOLUTE VERTEX FIC MULTIMERCADO;22/03/2021;2,02208462
ABSOLUTE VERTEX FIC MULTIMERCADO;23/03/2021;2,01807732
ABSOLUTE VERTEX FIC MULTIMERCADO;24/03/2021;2,01636127
ABSOLUTE VERTEX FIC MULTIMERCADO;25/03/2021;2,01925555
ABSOLUTE VERTEX FIC MULTIMERCADO;26/03/2021;2,03332228
ABSOLUTE VERTEX FIC MULTIMERCADO;29/03/2021;2,03324835
ABSOLUTE VERTEX FIC MULTIMERCADO;30/03/2021;2,03011854
ABSOLUTE VERTEX FIC MULTIMERCADO;31/03/2021;2,03743023
ABSOLUTE VERTEX FIC MULTIMERCADO;01/04/2021;2,0486972
ABSOLUTE VERTEX FIC MULTIMERCADO;05/04/2021;2,05897238
ABSOLUTE VERTEX FIC MULTIMERCADO;06/04/2021;2,0568805
ABSOLUTE VERTEX FIC MULTIMERCADO;07/04/2021;2,05787271
ABSOLUTE VERTEX FIC MULTIMERCADO;08/04/2021;2,05986206
ABSOLUTE VERTEX FIC MULTIMERCADO;09/04/2021;2,06474604
ABSOLUTE VERTEX FIC MULTIMERCADO;12/04/2021;2,06605718
ABSOLUTE VERTEX FIC MULTIMERCADO;13/04/2021;2,06785556
ABSOLUTE VERTEX FIC MULTIMERCADO;14/04/2021;2,06301461
ABSOLUTE VERTEX FIC MULTIMERCADO;15/04/2021;2,06779009
ABSOLUTE VERTEX FIC MULTIMERCADO;16/04/2021;2,07254593
ABSOLUTE VERTEX FIC MULTIMERCADO;19/04/2021;2,07065461
ABSOLUTE VERTEX FIC MULTIMERCADO;20/04/2021;2,06844768
ABSOLUTE VERTEX FIC MULTIMERCADO;22/04/2021;2,06623197
ABSOLUTE VERTEX FIC MULTIMERCADO;23/04/2021;2,07238434
ABSOLUTE VERTEX FIC MULTIMERCADO;26/04/2021;2,072945
ABSOLUTE VERTEX FIC MULTIMERCADO;27/04/2021;2,07057091
ABSOLUTE VERTEX FIC MULTIMERCADO;28/04/2021;2,07079802
ABSOLUTE VERTEX FIC MULTIMERCADO;29/04/2021;2,07454547
ABSOLUTE VERTEX FIC MULTIMERCADO;30/04/2021;2,07128336
ABSOLUTE VERTEX FIC MULTIMERCADO;03/05/2021;2,07140841
ABSOLUTE VERTEX FIC MULTIMERCADO;04/05/2021;2,06644921
ABSOLUTE VERTEX FIC MULTIMERCADO;05/05/2021;2,06633713
ABSOLUTE VERTEX FIC MULTIMERCADO;06/05/2021;2,06889596
ABSOLUTE VERTEX FIC MULTIMERCADO;07/05/2021;2,0732749
ABSOLUTE VERTEX FIC MULTIMERCADO;10/05/2021;2,06838508
ABSOLUTE VERTEX FIC MULTIMERCADO;11/05/2021;2,0657082
ABSOLUTE VERTEX FIC MULTIMERCADO;12/05/2021;2,05940307
ABSOLUTE VERTEX FIC MULTIMERCADO;13/05/2021;2,06343715
ABSOLUTE VERTEX FIC MULTIMERCADO;14/05/2021;2,06900491
ABSOLUTE VERTEX FIC MULTIMERCADO;17/05/2021;2,06854493
ABSOLUTE VERTEX FIC MULTIMERCADO;18/05/2021;2,06576386
ABSOLUTE VERTEX FIC MULTIMERCADO;19/05/2021;2,06543816
ABSOLUTE VERTEX FIC MULTIMERCADO;20/05/2021;2,06926092
ABSOLUTE VERTEX FIC MULTIMERCADO;21/05/2021;2,06935521
ABSOLUTE VERTEX FIC MULTIMERCADO;24/05/2021;2,0761745
ABSOLUTE VERTEX FIC MULTIMERCADO;25/05/2021;2,07303363
ABSOLUTE VERTEX FIC MULTIMERCADO;26/05/2021;2,07235189
ABSOLUTE VERTEX FIC MULTIMERCADO;27/05/2021;2,07305336
ABSOLUTE VERTEX FIC MULTIMERCADO;28/05/2021;2,07639944
ABSOLUTE VERTEX FIC MULTIMERCADO;31/05/2021;2,07884814
ABSOLUTE VERTEX FIC MULTIMERCADO;01/06/2021;2,08138154
ABSOLUTE VERTEX FIC MULTIMERCADO;02/06/2021;2,08042647
ABSOLUTE VERTEX FIC MULTIMERCADO;04/06/2021;2,08299947
ABSOLUTE VERTEX FIC MULTIMERCADO;07/06/2021;2,08334493
ABSOLUTE VERTEX FIC MULTIMERCADO;08/06/2021;2,08280966
ABSOLUTE VERTEX FIC MULTIMERCADO;09/06/2021;2,08242625
ABSOLUTE VERTEX FIC MULTIMERCADO;10/06/2021;2,08630751
ABSOLUTE VERTEX FIC MULTIMERCADO;11/06/2021;2,08547432
ABSOLUTE VERTEX FIC MULTIMERCADO;14/06/2021;2,08909372
ABSOLUTE VERTEX FIC MULTIMERCADO;15/06/2021;2,08942406
ABSOLUTE VERTEX FIC MULTIMERCADO;16/06/2021;2,08792173
ABSOLUTE VERTEX FIC MULTIMERCADO;17/06/2021;2,08636249
ABSOLUTE VERTEX FIC MULTIMERCADO;18/06/2021;2,08292403
ABSOLUTE VERTEX FIC MULTIMERCADO;21/06/2021;2,08755027
ABSOLUTE VERTEX FIC MULTIMERCADO;22/06/2021;2,09007297
ABSOLUTE VERTEX FIC MULTIMERCADO;23/06/2021;2,09097648
ABSOLUTE VERTEX FIC MULTIMERCADO;24/06/2021;2,09527203
ABSOLUTE VERTEX FIC MULTIMERCADO;25/06/2021;2,09613814
ABSOLUTE VERTEX FIC MULTIMERCADO;28/06/2021;2,09804626
ABSOLUTE VERTEX FIC MULTIMERCADO;29/06/2021;2,09767905
ABSOLUTE VERTEX FIC MULTIMERCADO;30/06/2021;2,09714906
ABSOLUTE VERTEX FIC MULTIMERCADO;01/07/2021;2,09776719
ABSOLUTE VERTEX FIC MULTIMERCADO;02/07/2021;2,10112588
ABSOLUTE VERTEX FIC MULTIMERCADO;05/07/2021;2,10060873
ABSOLUTE VERTEX FIC MULTIMERCADO;06/07/2021;2,09433376
ABSOLUTE VERTEX FIC MULTIMERCADO;07/07/2021;2,09444782
ABSOLUTE VERTEX FIC MULTIMERCADO;08/07/2021;2,08739252
ABSOLUTE VERTEX FIC MULTIMERCADO;09/07/2021;2,09424345
ABSOLUTE VERTEX FIC MULTIMERCADO;12/07/2021;2,09697095
ABSOLUTE VERTEX FIC MULTIMERCADO;13/07/2021;2,09812895
ABSOLUTE VERTEX FIC MULTIMERCADO;14/07/2021;2,10051927
ABSOLUTE VERTEX FIC MULTIMERCADO;15/07/2021;2,0977981
ABSOLUTE VERTEX FIC MULTIMERCADO;16/07/2021;2,09475669
ABSOLUTE VERTEX FIC MULTIMERCADO;19/07/2021;2,08005805
ABSOLUTE VERTEX FIC MULTIMERCADO;20/07/2021;2,08846527
ABSOLUTE VERTEX FIC MULTIMERCADO;21/07/2021;2,09312176
ABSOLUTE VERTEX FIC MULTIMERCADO;22/07/2021;2,09672649
ABSOLUTE VERTEX FIC MULTIMERCADO;23/07/2021;2,10939908
ABSOLUTE VERTEX FIC MULTIMERCADO;26/07/2021;2,11063685
ABSOLUTE VERTEX FIC MULTIMERCADO;27/07/2021;2,10748946
ABSOLUTE VERTEX FIC MULTIMERCADO;28/07/2021;2,1079915
ABSOLUTE VERTEX FIC MULTIMERCADO;29/07/2021;2,10863156
ABSOLUTE VERTEX FIC MULTIMERCADO;30/07/2021;2,10645503
ABSOLUTE VERTEX FIC MULTIMERCADO;02/08/2021;2,10761399
ABSOLUTE VERTEX FIC MULTIMERCADO;03/08/2021;2,11066115
ABSOLUTE VERTEX FIC MULTIMERCADO;04/08/2021;2,10645462
ABSOLUTE VERTEX FIC MULTIMERCADO;05/08/2021;2,11275594
ABSOLUTE VERTEX FIC MULTIMERCADO;06/08/2021;2,11350003
ABSOLUTE VERTEX FIC MULTIMERCADO;09/08/2021;2,11344076
ABSOLUTE VERTEX FIC MULTIMERCADO;10/08/2021;2,11413894
ABSOLUTE VERTEX FIC MULTIMERCADO;11/08/2021;2,11438764
ABSOLUTE VERTEX FIC MULTIMERCADO;12/08/2021;2,1161026
ABSOLUTE VERTEX FIC MULTIMERCADO;13/08/2021;2,11710976
ABSOLUTE VERTEX FIC MULTIMERCADO;16/08/2021;2,11566716
ABSOLUTE VERTEX FIC MULTIMERCADO;17/08/2021;2,11076198
ABSOLUTE VERTEX FIC MULTIMERCADO;18/08/2021;2,10210491
ABSOLUTE VERTEX FIC MULTIMERCADO;19/08/2021;2,10349702
ABSOLUTE VERTEX FIC MULTIMERCADO;20/08/2021;2,11078282
ABSOLUTE VERTEX FIC MULTIMERCADO;23/08/2021;2,11549171
ABSOLUTE VERTEX FIC MULTIMERCADO;24/08/2021;2,11935113
ABSOLUTE VERTEX FIC MULTIMERCADO;25/08/2021;2,12355696
ABSOLUTE VERTEX FIC MULTIMERCADO;26/08/2021;2,1181413
ABSOLUTE VERTEX FIC MULTIMERCADO;27/08/2021;2,12460091
ABSOLUTE VERTEX FIC MULTIMERCADO;30/08/2021;2,12715376
ABSOLUTE VERTEX FIC MULTIMERCADO;31/08/2021;2,12772816
ABSOLUTE VERTEX FIC MULTIMERCADO;01/09/2021;2,12900714
ABSOLUTE VERTEX FIC MULTIMERCADO;02/09/2021;2,13132129
ABSOLUTE VERTEX FIC MULTIMERCADO;03/09/2021;2,13115496
ABSOLUTE VERTEX FIC MULTIMERCADO;06/09/2021;2,13370212
ABSOLUTE VERTEX FIC MULTIMERCADO;08/09/2021;2,12653219
ABSOLUTE VERTEX FIC MULTIMERCADO;09/09/2021;2,13037301
ABSOLUTE VERTEX FIC MULTIMERCADO;10/09/2021;2,12637585
ABSOLUTE VERTEX FIC MULTIMERCADO;13/09/2021;2,12852955
ABSOLUTE VERTEX FIC MULTIMERCADO;14/09/2021;2,11936927
ABSOLUTE VERTEX FIC MULTIMERCADO;15/09/2021;2,12416971
ABSOLUTE VERTEX FIC MULTIMERCADO;16/09/2021;2,1225766
ABSOLUTE VERTEX FIC MULTIMERCADO;17/09/2021;2,1148042
ABSOLUTE VERTEX FIC MULTIMERCADO;20/09/2021;2,09953248
ABSOLUTE VERTEX FIC MULTIMERCADO;21/09/2021;2,09988069
ABSOLUTE VERTEX FIC MULTIMERCADO;22/09/2021;2,1028149
ABSOLUTE VERTEX FIC MULTIMERCADO;23/09/2021;2,11444607
ABSOLUTE VERTEX FIC MULTIMERCADO;24/09/2021;2,1175148
ABSOLUTE VERTEX FIC MULTIMERCADO;27/09/2021;2,11528552
ABSOLUTE VERTEX FIC MULTIMERCADO;28/09/2021;2,09684457
ABSOLUTE VERTEX FIC MULTIMERCADO;29/09/2021;2,09837689
ABSOLUTE VERTEX FIC MULTIMERCADO;30/09/2021;2,09138414
ABSOLUTE VERTEX FIC MULTIMERCADO;01/10/2021;2,09686069
ABSOLUTE VERTEX FIC MULTIMERCADO;04/10/2021;2,08791556
ABSOLUTE VERTEX FIC MULTIMERCADO;05/10/2021;2,0954955
ABSOLUTE VERTEX FIC MULTIMERCADO;06/10/2021;2,09823371
ABSOLUTE VERTEX FIC MULTIMERCADO;07/10/2021;2,1063301
ABSOLUTE VERTEX FIC MULTIMERCADO;08/10/2021;2,10509649
ABSOLUTE VERTEX FIC MULTIMERCADO;11/10/2021;2,10109149
ABSOLUTE VERTEX FIC MULTIMERCADO;13/10/2021;2,09795102
ABSOLUTE VERTEX FIC MULTIMERCADO;14/10/2021;2,1123668
ABSOLUTE VERTEX FIC MULTIMERCADO;15/10/2021;2,12288275
ABSOLUTE VERTEX FIC MULTIMERCADO;18/10/2021;2,12799306
ABSOLUTE VERTEX FIC MULTIMERCADO;19/10/2021;2,14054916
ABSOLUTE VERTEX FIC MULTIMERCADO;20/10/2021;2,14461262
ABSOLUTE VERTEX FIC MULTIMERCADO;21/10/2021;2,14860942
ABSOLUTE VERTEX FIC MULTIMERCADO;22/10/2021;2,14639311
ABSOLUTE VERTEX FIC MULTIMERCADO;25/10/2021;2,15184327
ABSOLUTE VERTEX FIC MULTIMERCADO;26/10/2021;2,15286863
ABSOLUTE VERTEX FIC MULTIMERCADO;27/10/2021;2,15018578
ABSOLUTE VERTEX FIC MULTIMERCADO;28/10/2021;2,15917256
ABSOLUTE VERTEX FIC MULTIMERCADO;29/10/2021;2,16163766
ABSOLUTE VERTEX FIC MULTIMERCADO;01/11/2021;2,16531139
ABSOLUTE VERTEX FIC MULTIMERCADO;03/11/2021;2,17840347
ABSOLUTE VERTEX FIC MULTIMERCADO;04/11/2021;2,18329954
ABSOLUTE VERTEX FIC MULTIMERCADO;05/11/2021;2,19205475
ABSOLUTE VERTEX FIC MULTIMERCADO;08/11/2021;2,19243409
ABSOLUTE VERTEX FIC MULTIMERCADO;09/11/2021;2,18937875
ABSOLUTE VERTEX FIC MULTIMERCADO;10/11/2021;2,18352636
ABSOLUTE VERTEX FIC MULTIMERCADO;11/11/2021;2,18707123
ABSOLUTE VERTEX FIC MULTIMERCADO;12/11/2021;2,19203453
ABSOLUTE VERTEX FIC MULTIMERCADO;16/11/2021;2,19437355
ABSOLUTE VERTEX FIC MULTIMERCADO;17/11/2021;2,19141915
ABSOLUTE VERTEX FIC MULTIMERCADO;18/11/2021;2,19626971
ABSOLUTE VERTEX FIC MULTIMERCADO;19/11/2021;2,1962648
ABSOLUTE VERTEX FIC MULTIMERCADO;22/11/2021;2,19180649
ABSOLUTE VERTEX FIC MULTIMERCADO;23/11/2021;2,19531383
ABSOLUTE VERTEX FIC MULTIMERCADO;24/11/2021;2,1976934
ABSOLUTE VERTEX FIC MULTIMERCADO;25/11/2021;2,20136183
ABSOLUTE VERTEX FIC MULTIMERCADO;26/11/2021;2,18379463
ABSOLUTE VERTEX FIC MULTIMERCADO;29/11/2021;2,190716
ABSOLUTE VERTEX FIC MULTIMERCADO;30/11/2021;2,17709462
ABSOLUTE VERTEX FIC MULTIMERCADO;01/12/2021;2,16848817
ABSOLUTE VERTEX FIC MULTIMERCADO;02/12/2021;2,17736296
ABSOLUTE VERTEX FIC MULTIMERCADO;03/12/2021;2,1743862
ABSOLUTE VERTEX FIC MULTIMERCADO;06/12/2021;2,18023297
ABSOLUTE VERTEX FIC MULTIMERCADO;07/12/2021;2,19466193
ABSOLUTE VERTEX FIC MULTIMERCADO;08/12/2021;2,19788638
ABSOLUTE VERTEX FIC MULTIMERCADO;09/12/2021;2,1910373
ABSOLUTE VERTEX FIC MULTIMERCADO;10/12/2021;2,19970591
ABSOLUTE VERTEX FIC MULTIMERCADO;13/12/2021;2,19276622
ABSOLUTE VERTEX FIC MULTIMERCADO;14/12/2021;2,18599075
ABSOLUTE VERTEX FIC MULTIMERCADO;15/12/2021;2,1960922
ABSOLUTE VERTEX FIC MULTIMERCADO;16/12/2021;2,18796568
ABSOLUTE VERTEX FIC MULTIMERCADO;17/12/2021;2,18444775
ABSOLUTE VERTEX FIC MULTIMERCADO;20/12/2021;2,17709962
ABSOLUTE VERTEX FIC MULTIMERCADO;21/12/2021;2,1835837
ABSOLUTE VERTEX FIC MULTIMERCADO;22/12/2021;2,18881641
ABSOLUTE VERTEX FIC MULTIMERCADO;23/12/2021;2,19084956
ABSOLUTE VERTEX FIC MULTIMERCADO;24/12/2021;2,19088439
ABSOLUTE VERTEX FIC MULTIMERCADO;27/12/2021;2,20042039
ABSOLUTE VERTEX FIC MULTIMERCADO;28/12/2021;2,20079537
ABSOLUTE VERTEX FIC MULTIMERCADO;29/12/2021;2,20056932
ABSOLUTE VERTEX FIC MULTIMERCADO;30/12/2021;2,20002052
ABSOLUTE VERTEX FIC MULTIMERCADO;31/12/2021;2,19866285
ABSOLUTE VERTEX FIC MULTIMERCADO;03/01/2022;2,20296753
ABSOLUTE VERTEX FIC MULTIMERCADO;04/01/2022;2,20151838
ABSOLUTE VERTEX FIC MULTIMERCADO;05/01/2022;2,18581951
ABSOLUTE VERTEX FIC MULTIMERCADO;06/01/2022;2,18701826
ABSOLUTE VERTEX FIC MULTIMERCADO;07/01/2022;2,18407724
ABSOLUTE VERTEX FIC MULTIMERCADO;10/01/2022;2,18118449
ABSOLUTE VERTEX FIC MULTIMERCADO;11/01/2022;2,18424003
ABSOLUTE VERTEX FIC MULTIMERCADO;12/01/2022;2,18892349
ABSOLUTE VERTEX FIC MULTIMERCADO;13/01/2022;2,18557076
ABSOLUTE VERTEX FIC MULTIMERCADO;14/01/2022;2,18751742
ABSOLUTE VERTEX FIC MULTIMERCADO;17/01/2022;2,18886533
ABSOLUTE VERTEX FIC MULTIMERCADO;18/01/2022;2,18508811
ABSOLUTE VERTEX FIC MULTIMERCADO;19/01/2022;2,1906448
ABSOLUTE VERTEX FIC MULTIMERCADO;20/01/2022;2,19742556
ABSOLUTE VERTEX FIC MULTIMERCADO;21/01/2022;2,19536797
ABSOLUTE VERTEX FIC MULTIMERCADO;24/01/2022;2,19250893
ABSOLUTE VERTEX FIC MULTIMERCADO;25/01/2022;2,19620868
ABSOLUTE VERTEX FIC MULTIMERCADO;26/01/2022;2,19912599
ABSOLUTE VERTEX FIC MULTIMERCADO;27/01/2022;2,20527422
ABSOLUTE VERTEX FIC MULTIMERCADO;28/01/2022;2,20528178
ABSOLUTE VERTEX FIC MULTIMERCADO;31/01/2022;2,20949799
ABSOLUTE VERTEX FIC MULTIMERCADO;01/02/2022;2,21260198
ABSOLUTE VERTEX FIC MULTIMERCADO;02/02/2022;2,21418539
ABSOLUTE VERTEX FIC MULTIMERCADO;03/02/2022;2,21045377
ABSOLUTE VERTEX FIC MULTIMERCADO;04/02/2022;2,21934538
ABSOLUTE VERTEX FIC MULTIMERCADO;07/02/2022;2,21629574
ABSOLUTE VERTEX FIC MULTIMERCADO;08/02/2022;2,22001434
ABSOLUTE VERTEX FIC MULTIMERCADO;09/02/2022;2,22254364
ABSOLUTE VERTEX FIC MULTIMERCADO;10/02/2022;2,23365306
ABSOLUTE VERTEX FIC MULTIMERCADO;11/02/2022;2,23319068
ABSOLUTE VERTEX FIC MULTIMERCADO;14/02/2022;2,2377591
ABSOLUTE VERTEX FIC MULTIMERCADO;15/02/2022;2,23877402
ABSOLUTE VERTEX FIC MULTIMERCADO;16/02/2022;2,23887448
ABSOLUTE VERTEX FIC MULTIMERCADO;17/02/2022;2,23715121
ABSOLUTE VERTEX FIC MULTIMERCADO;18/02/2022;2,23698265
ABSOLUTE VERTEX FIC MULTIMERCADO;21/02/2022;2,23693917
ABSOLUTE VERTEX FIC MULTIMERCADO;22/02/2022;2,24506765
ABSOLUTE VERTEX FIC MULTIMERCADO;23/02/2022;2,24801967
ABSOLUTE VERTEX FIC MULTIMERCADO;24/02/2022;2,23978471
ABSOLUTE VERTEX FIC MULTIMERCADO;25/02/2022;2,2416169
ABSOLUTE VERTEX FIC MULTIMERCADO;02/03/2022;2,24178676
ABSOLUTE VERTEX FIC MULTIMERCADO;03/03/2022;2,25366929
ABSOLUTE VERTEX FIC MULTIMERCADO;04/03/2022;2,2521047
ABSOLUTE VERTEX FIC MULTIMERCADO;07/03/2022;2,26100805
ABSOLUTE VERTEX FIC MULTIMERCADO;08/03/2022;2,27182342
ABSOLUTE VERTEX FIC MULTIMERCADO;09/03/2022;2,27498526
ABSOLUTE VERTEX FIC MULTIMERCADO;10/03/2022;2,28393946
ABSOLUTE VERTEX FIC MULTIMERCADO;11/03/2022;2,28932804
ABSOLUTE VERTEX FIC MULTIMERCADO;14/03/2022;2,30426005
ABSOLUTE VERTEX FIC MULTIMERCADO;15/03/2022;2,29841104
ABSOLUTE VERTEX FIC MULTIMERCADO;16/03/2022;2,30952157
ABSOLUTE VERTEX FIC MULTIMERCADO;17/03/2022;2,30769779
ABSOLUTE VERTEX FIC MULTIMERCADO;18/03/2022;2,31071321
ABSOLUTE VERTEX FIC MULTIMERCADO;21/03/2022;2,332974
ABSOLUTE VERTEX FIC MULTIMERCADO;22/03/2022;2,33779352
ABSOLUTE VERTEX FIC MULTIMERCADO;23/03/2022;2,33805671
ABSOLUTE VERTEX FIC MULTIMERCADO;24/03/2022;2,34290746
ABSOLUTE VERTEX FIC MULTIMERCADO;25/03/2022;2,36222076
ABSOLUTE VERTEX FIC MULTIMERCADO;28/03/2022;2,36473316
ABSOLUTE VERTEX FIC MULTIMERCADO;29/03/2022;2,36519113
ABSOLUTE VERTEX FIC MULTIMERCADO;30/03/2022;2,36182216
ABSOLUTE VERTEX FIC MULTIMERCADO;31/03/2022;2,36082695
ABSOLUTE VERTEX FIC MULTIMERCADO;01/04/2022;2,37562322
ABSOLUTE VERTEX FIC MULTIMERCADO;04/04/2022;2,38133395
ABSOLUTE VERTEX FIC MULTIMERCADO;05/04/2022;2,38537071
ABSOLUTE VERTEX FIC MULTIMERCADO;06/04/2022;2,38128847
ABSOLUTE VERTEX FIC MULTIMERCADO;07/04/2022;2,37983976
ABSOLUTE VERTEX FIC MULTIMERCADO;08/04/2022;2,38838386
ABSOLUTE VERTEX FIC MULTIMERCADO;11/04/2022;2,39047937
ABSOLUTE VERTEX FIC MULTIMERCADO;12/04/2022;2,38463019
ABSOLUTE VERTEX FIC MULTIMERCADO;13/04/2022;2,38096674
ABSOLUTE VERTEX FIC MULTIMERCADO;14/04/2022;2,38812513
ABSOLUTE VERTEX FIC MULTIMERCADO;18/04/2022;2,39025339
ABSOLUTE VERTEX FIC MULTIMERCADO;19/04/2022;2,39452384
ABSOLUTE VERTEX FIC MULTIMERCADO;20/04/2022;2,39894344
ABSOLUTE VERTEX FIC MULTIMERCADO;22/04/2022;2,4108952
ABSOLUTE VERTEX FIC MULTIMERCADO;25/04/2022;2,40328762
ABSOLUTE VERTEX FIC MULTIMERCADO;26/04/2022;2,40975174
ABSOLUTE VERTEX FIC MULTIMERCADO;27/04/2022;2,40850647
ABSOLUTE VERTEX FIC MULTIMERCADO;28/04/2022;2,41131266
ABSOLUTE VERTEX FIC MULTIMERCADO;29/04/2022;2,42439614
ABSOLUTE VERTEX FIC MULTIMERCADO;02/05/2022;2,42408408
ABSOLUTE VERTEX FIC MULTIMERCADO;03/05/2022;2,42698128
ABSOLUTE VERTEX FIC MULTIMERCADO;04/05/2022;2,41765539
ABSOLUTE VERTEX FIC MULTIMERCADO;05/05/2022;2,42847984
ABSOLUTE VERTEX FIC MULTIMERCADO;06/05/2022;2,42887262
ABSOLUTE VERTEX FIC MULTIMERCADO;09/05/2022;2,43081085
ABSOLUTE VERTEX FIC MULTIMERCADO;10/05/2022;2,43104878
ABSOLUTE VERTEX FIC MULTIMERCADO;11/05/2022;2,43874658
ABSOLUTE VERTEX FIC MULTIMERCADO;12/05/2022;2,44185168
ABSOLUTE VERTEX FIC MULTIMERCADO;13/05/2022;2,44158606
ABSOLUTE VERTEX FIC MULTIMERCADO;16/05/2022;2,44148572
ABSOLUTE VERTEX FIC MULTIMERCADO;17/05/2022;2,44340022
ABSOLUTE VERTEX FIC MULTIMERCADO;18/05/2022;2,44526764
ABSOLUTE VERTEX FIC MULTIMERCADO;19/05/2022;2,45106739
ABSOLUTE VERTEX FIC MULTIMERCADO;20/05/2022;2,45307291
ABSOLUTE VERTEX FIC MULTIMERCADO;23/05/2022;2,4543824
ABSOLUTE VERTEX FIC MULTIMERCADO;24/05/2022;2,45546698
ABSOLUTE VERTEX FIC MULTIMERCADO;25/05/2022;2,45726872
ABSOLUTE VERTEX FIC MULTIMERCADO;26/05/2022;2,45669555
ABSOLUTE VERTEX FIC MULTIMERCADO;27/05/2022;2,45714607
ABSOLUTE VERTEX FIC MULTIMERCADO;30/05/2022;2,45809251
ABSOLUTE VERTEX FIC MULTIMERCADO;31/05/2022;2,4586541
ABSOLUTE VERTEX FIC MULTIMERCADO;01/06/2022;2,45952589
ABSOLUTE VERTEX FIC MULTIMERCADO;02/06/2022;2,46173298
ABSOLUTE VERTEX FIC MULTIMERCADO;03/06/2022;2,46147506
ABSOLUTE VERTEX FIC MULTIMERCADO;06/06/2022;2,46256135
ABSOLUTE VERTEX FIC MULTIMERCADO;07/06/2022;2,46529958
ABSOLUTE VERTEX FIC MULTIMERCADO;08/06/2022;2,46724784
ABSOLUTE VERTEX FIC MULTIMERCADO;09/06/2022;2,46494109
ABSOLUTE VERTEX FIC MULTIMERCADO;10/06/2022;2,47320555
ABSOLUTE VERTEX FIC MULTIMERCADO;13/06/2022;2,49617682
ABSOLUTE VERTEX FIC MULTIMERCADO;14/06/2022;2,51079218
ABSOLUTE VERTEX FIC MULTIMERCADO;15/06/2022;2,51094678
ABSOLUTE VERTEX FIC MULTIMERCADO;17/06/2022;2,50172479
ABSOLUTE VERTEX FIC MULTIMERCADO;20/06/2022;2,50131052
ABSOLUTE VERTEX FIC MULTIMERCADO;21/06/2022;2,50074625
ABSOLUTE VERTEX FIC MULTIMERCADO;22/06/2022;2,50084701
ABSOLUTE VERTEX FIC MULTIMERCADO;23/06/2022;2,50142745
ABSOLUTE VERTEX FIC MULTIMERCADO;24/06/2022;2,50375201
ABSOLUTE VERTEX FIC MULTIMERCADO;27/06/2022;2,50594299
ABSOLUTE VERTEX FIC MULTIMERCADO;28/06/2022;2,5071101
ABSOLUTE VERTEX FIC MULTIMERCADO;29/06/2022;2,50640158
ABSOLUTE VERTEX FIC MULTIMERCADO;30/06/2022;2,50613404
ABSOLUTE VERTEX FIC MULTIMERCADO;01/07/2022;2,50785103
ABSOLUTE VERTEX FIC MULTIMERCADO;04/07/2022;2,50843933
ABSOLUTE VERTEX FIC MULTIMERCADO;05/07/2022;2,50702652
ABSOLUTE VERTEX FIC MULTIMERCADO;06/07/2022;2,50884756
ABSOLUTE VERTEX FIC MULTIMERCADO;07/07/2022;2,51550939
ABSOLUTE VERTEX FIC MULTIMERCADO;08/07/2022;2,5185073
ABSOLUTE VERTEX FIC MULTIMERCADO;11/07/2022;2,51211695
ABSOLUTE VERTEX FIC MULTIMERCADO;12/07/2022;2,51007946
ABSOLUTE VERTEX FIC MULTIMERCADO;13/07/2022;2,51466642
ABSOLUTE VERTEX FIC MULTIMERCADO;14/07/2022;2,51307307
ABSOLUTE VERTEX FIC MULTIMERCADO;15/07/2022;2,51026215
ABSOLUTE VERTEX FIC MULTIMERCADO;18/07/2022;2,5119174
ABSOLUTE VERTEX FIC MULTIMERCADO;19/07/2022;2,51347844
ABSOLUTE VERTEX FIC MULTIMERCADO;20/07/2022;2,51619935
ABSOLUTE VERTEX FIC MULTIMERCADO;21/07/2022;2,50353799
ABSOLUTE VERTEX FIC MULTIMERCADO;22/07/2022;2,49589715
ABSOLUTE VERTEX FIC MULTIMERCADO;25/07/2022;2,49938983
ABSOLUTE VERTEX FIC MULTIMERCADO;26/07/2022;2,50442921
ABSOLUTE VERTEX FIC MULTIMERCADO;27/07/2022;2,50062878
ABSOLUTE VERTEX FIC MULTIMERCADO;28/07/2022;2,49658348
ABSOLUTE VERTEX FIC MULTIMERCADO;29/07/2022;2,49549254
ABSOLUTE VERTEX FIC MULTIMERCADO;01/08/2022;2,49828604
ABSOLUTE VERTEX FIC MULTIMERCADO;02/08/2022;2,504886
ABSOLUTE VERTEX FIC MULTIMERCADO;03/08/2022;2,51607356
ABSOLUTE VERTEX FIC MULTIMERCADO;04/08/2022;2,5100023
ABSOLUTE VERTEX FIC MULTIMERCADO;05/08/2022;2,5166192
ABSOLUTE VERTEX FIC MULTIMERCADO;08/08/2022;2,51951303
ABSOLUTE VERTEX FIC MULTIMERCADO;09/08/2022;2,52255023
ABSOLUTE VERTEX FIC MULTIMERCADO;10/08/2022;2,51743712
ABSOLUTE VERTEX FIC MULTIMERCADO;11/08/2022;2,51875007
ABSOLUTE VERTEX FIC MULTIMERCADO;12/08/2022;2,52501639
ABSOLUTE VERTEX FIC MULTIMERCADO;15/08/2022;2,53060618
ABSOLUTE VERTEX FIC MULTIMERCADO;16/08/2022;2,53339986
ABSOLUTE VERTEX FIC MULTIMERCADO;17/08/2022;2,53778108
ABSOLUTE VERTEX FIC MULTIMERCADO;18/08/2022;2,53674175
ABSOLUTE VERTEX FIC MULTIMERCADO;19/08/2022;2,54108702
ABSOLUTE VERTEX FIC MULTIMERCADO;22/08/2022;2,55925692
ABSOLUTE VERTEX FIC MULTIMERCADO;23/08/2022;2,56065849
ABSOLUTE VERTEX FIC MULTIMERCADO;24/08/2022;2,56416783
ABSOLUTE VERTEX FIC MULTIMERCADO;25/08/2022;2,5585042
ABSOLUTE VERTEX FIC MULTIMERCADO;26/08/2022;2,57204623
ABSOLUTE VERTEX FIC MULTIMERCADO;29/08/2022;2,5820351
ABSOLUTE VERTEX FIC MULTIMERCADO;30/08/2022;2,58825406
ABSOLUTE VERTEX FIC MULTIMERCADO;31/08/2022;2,58971099
ABSOLUTE VERTEX FIC MULTIMERCADO;01/09/2022;2,5938723
ABSOLUTE VERTEX FIC MULTIMERCADO;02/09/2022;2,59598355
ABSOLUTE VERTEX FIC MULTIMERCADO;05/09/2022;2,60237144
ABSOLUTE VERTEX FIC MULTIMERCADO;06/09/2022;2,60875927
ABSOLUTE VERTEX FIC MULTIMERCADO;08/09/2022;2,59634591
ABSOLUTE VERTEX FIC MULTIMERCADO;09/09/2022;2,59774513
ABSOLUTE VERTEX FIC MULTIMERCADO;12/09/2022;2,59962551
ABSOLUTE VERTEX FIC MULTIMERCADO;13/09/2022;2,61127641
ABSOLUTE VERTEX FIC MULTIMERCADO;14/09/2022;2,6085604
ABSOLUTE VERTEX FIC MULTIMERCADO;15/09/2022;2,62312566
ABSOLUTE VERTEX FIC MULTIMERCADO;16/09/2022;2,61812297
ABSOLUTE VERTEX FIC MULTIMERCADO;19/09/2022;2,62600309
ABSOLUTE VERTEX FIC MULTIMERCADO;20/09/2022;2,63878898
ABSOLUTE VERTEX FIC MULTIMERCADO;21/09/2022;2,64836569
ABSOLUTE VERTEX FIC MULTIMERCADO;22/09/2022;2,66941722
ABSOLUTE VERTEX FIC MULTIMERCADO;23/09/2022;2,68713455
ABSOLUTE VERTEX FIC MULTIMERCADO;26/09/2022;2,69544686
ABSOLUTE VERTEX FIC MULTIMERCADO;27/09/2022;2,6924447
ABSOLUTE VERTEX FIC MULTIMERCADO;28/09/2022;2,67871464
ABSOLUTE VERTEX FIC MULTIMERCADO;29/09/2022;2,67947031
ABSOLUTE VERTEX FIC MULTIMERCADO;30/09/2022;2,68815635
ABSOLUTE VERTEX FIC MULTIMERCADO;03/10/2022;2,68929933
ABSOLUTE VERTEX FIC MULTIMERCADO;04/10/2022;2,6852524
ABSOLUTE VERTEX FIC MULTIMERCADO;05/10/2022;2,684128
ABSOLUTE VERTEX FIC MULTIMERCADO;06/10/2022;2,68797021
ABSOLUTE VERTEX FIC MULTIMERCADO;07/10/2022;2,69496103
ABSOLUTE VERTEX FIC MULTIMERCADO;10/10/2022;2,70228457
ABSOLUTE VERTEX FIC MULTIMERCADO;11/10/2022;2,69729442
ABSOLUTE VERTEX FIC MULTIMERCADO;13/10/2022;2,69911988
ABSOLUTE VERTEX FIC MULTIMERCADO;14/10/2022;2,70502311
ABSOLUTE VERTEX FIC MULTIMERCADO;17/10/2022;2,6999329
ABSOLUTE VERTEX FIC MULTIMERCADO;18/10/2022;2,698287
ABSOLUTE VERTEX FIC MULTIMERCADO;19/10/2022;2,70466708
ABSOLUTE VERTEX FIC MULTIMERCADO;20/10/2022;2,71150431
ABSOLUTE VERTEX FIC MULTIMERCADO;21/10/2022;2,70203136
ABSOLUTE VERTEX FIC MULTIMERCADO;24/10/2022;2,69948679
ABSOLUTE VERTEX FIC MULTIMERCADO;25/10/2022;2,69380793
ABSOLUTE VERTEX FIC MULTIMERCADO;26/10/2022;2,68210467
ABSOLUTE VERTEX FIC MULTIMERCADO;27/10/2022;2,679403
ABSOLUTE VERTEX FIC MULTIMERCADO;28/10/2022;2,68766731
ABSOLUTE VERTEX FIC MULTIMERCADO;31/10/2022;2,69278333
ABSOLUTE VERTEX FIC MULTIMERCADO;01/11/2022;2,69704415
ABSOLUTE VERTEX FIC MULTIMERCADO;03/11/2022;2,71133594
ABSOLUTE VERTEX FIC MULTIMERCADO;04/11/2022;2,70358091
ABSOLUTE VERTEX FIC MULTIMERCADO;07/11/2022;2,70427401
ABSOLUTE VERTEX FIC MULTIMERCADO;08/11/2022;2,69674691
ABSOLUTE VERTEX FIC MULTIMERCADO;09/11/2022;2,69486109
ABSOLUTE VERTEX FIC MULTIMERCADO;10/11/2022;2,6775256
ABSOLUTE VERTEX FIC MULTIMERCADO;11/11/2022;2,6794173
ABSOLUTE VERTEX FIC MULTIMERCADO;14/11/2022;2,67963856
ABSOLUTE VERTEX FIC MULTIMERCADO;16/11/2022;2,67601912
ABSOLUTE VERTEX FIC MULTIMERCADO;17/11/2022;2,67521243
ABSOLUTE VERTEX FIC MULTIMERCADO;18/11/2022;2,67593588
ABSOLUTE VERTEX FIC MULTIMERCADO;21/11/2022;2,67878747
ABSOLUTE VERTEX FIC MULTIMERCADO;22/11/2022;2,68013142
ABSOLUTE VERTEX FIC MULTIMERCADO;23/11/2022;2,67991709
ABSOLUTE VERTEX FIC MULTIMERCADO;24/11/2022;2,68296399
ABSOLUTE VERTEX FIC MULTIMERCADO;25/11/2022;2,68280603
ABSOLUTE VERTEX FIC MULTIMERCADO;28/11/2022;2,68128026
ABSOLUTE VERTEX FIC MULTIMERCADO;29/11/2022;2,68352665
ABSOLUTE VERTEX FIC MULTIMERCADO;30/11/2022;2,68599186
ABSOLUTE VERTEX FIC MULTIMERCADO;01/12/2022;2,68585715
ABSOLUTE VERTEX FIC MULTIMERCADO;02/12/2022;2,68598192
ABSOLUTE VERTEX FIC MULTIMERCADO;05/12/2022;2,68437762
ABSOLUTE VERTEX FIC MULTIMERCADO;06/12/2022;2,68491152
ABSOLUTE VERTEX FIC MULTIMERCADO;07/12/2022;2,68655457
ABSOLUTE VERTEX FIC MULTIMERCADO;08/12/2022;2,68640104
ABSOLUTE VERTEX FIC MULTIMERCADO;09/12/2022;2,6868408
ABSOLUTE VERTEX FIC MULTIMERCADO;12/12/2022;2,68825035
ABSOLUTE VERTEX FIC MULTIMERCADO;13/12/2022;2,68498556
ABSOLUTE VERTEX FIC MULTIMERCADO;14/12/2022;2,68604628
ABSOLUTE VERTEX FIC MULTIMERCADO;15/12/2022;2,68430017
ABSOLUTE VERTEX FIC MULTIMERCADO;16/12/2022;2,68531088
ABSOLUTE VERTEX FIC MULTIMERCADO;19/12/2022;2,68734026
ABSOLUTE VERTEX FIC MULTIMERCADO;20/12/2022;2,69019554
ABSOLUTE VERTEX FIC MULTIMERCADO;21/12/2022;2,69083403
ABSOLUTE VERTEX FIC MULTIMERCADO;22/12/2022;2,69437521
ABSOLUTE VERTEX FIC MULTIMERCADO;23/12/2022;2,69781171
ABSOLUTE VERTEX FIC MULTIMERCADO;26/12/2022;2,69871453
ABSOLUTE VERTEX FIC MULTIMERCADO;27/12/2022;2,69933009
ABSOLUTE VERTEX FIC MULTIMERCADO;28/12/2022;2,70263043
ABSOLUTE VERTEX FIC MULTIMERCADO;29/12/2022;2,70171609
ABSOLUTE VERTEX FIC MULTIMERCADO;30/12/2022;2,70389634
ABSOLUTE VERTEX FIC MULTIMERCADO;02/01/2023;2,70292499
ABSOLUTE VERTEX FIC MULTIMERCADO;03/01/2023;2,70322235
ABSOLUTE VERTEX FIC MULTIMERCADO;04/01/2023;2,70242509
ABSOLUTE VERTEX FIC MULTIMERCADO;05/01/2023;2,70542554
ABSOLUTE VERTEX FIC MULTIMERCADO;06/01/2023;2,70636198
ABSOLUTE VERTEX FIC MULTIMERCADO;09/01/2023;2,70800589
ABSOLUTE VERTEX FIC MULTIMERCADO;10/01/2023;2,70916172
ABSOLUTE VERTEX FIC MULTIMERCADO;11/01/2023;2,71468584
ABSOLUTE VERTEX FIC MULTIMERCADO;12/01/2023;2,72018389
ABSOLUTE VERTEX FIC MULTIMERCADO;13/01/2023;2,72368663
ABSOLUTE VERTEX FIC MULTIMERCADO;16/01/2023;2,7222169
ABSOLUTE VERTEX FIC MULTIMERCADO;17/01/2023;2,72371213
ABSOLUTE VERTEX FIC MULTIMERCADO;18/01/2023;2,71691144
ABSOLUTE VERTEX FIC MULTIMERCADO;19/01/2023;2,71568335
ABSOLUTE VERTEX FIC MULTIMERCADO;20/01/2023;2,72117752
ABSOLUTE VERTEX FIC MULTIMERCADO;23/01/2023;2,72560384
ABSOLUTE VERTEX FIC MULTIMERCADO;24/01/2023;2,72561192
ABSOLUTE VERTEX FIC MULTIMERCADO;25/01/2023;2,72808182
ABSOLUTE VERTEX FIC MULTIMERCADO;26/01/2023;2,73333993
ABSOLUTE VERTEX FIC MULTIMERCADO;27/01/2023;2,73708055
ABSOLUTE VERTEX FIC MULTIMERCADO;30/01/2023;2,7292952
ABSOLUTE VERTEX FIC MULTIMERCADO;31/01/2023;2,73520188
ABSOLUTE VERTEX FIC MULTIMERCADO;01/02/2023;2,74556746
ABSOLUTE VERTEX FIC MULTIMERCADO;02/02/2023;2,76171581
ABSOLUTE VERTEX FIC MULTIMERCADO;03/02/2023;2,75632674
ABSOLUTE VERTEX FIC MULTIMERCADO;06/02/2023;2,75281974
ABSOLUTE VERTEX FIC MULTIMERCADO;07/02/2023;2,75209543
ABSOLUTE VERTEX FIC MULTIMERCADO;08/02/2023;2,72938822
ABSOLUTE VERTEX FIC MULTIMERCADO;09/02/2023;2,7248734
ABSOLUTE VERTEX FIC MULTIMERCADO;10/02/2023;2,72973253
ABSOLUTE VERTEX FIC MULTIMERCADO;13/02/2023;2,73820597
ABSOLUTE VERTEX FIC MULTIMERCADO;14/02/2023;2,7289634
ABSOLUTE VERTEX FIC MULTIMERCADO;15/02/2023;2,71283723
ABSOLUTE VERTEX FIC MULTIMERCADO;16/02/2023;2,71095999
ABSOLUTE VERTEX FIC MULTIMERCADO;17/02/2023;2,71109122
ABSOLUTE VERTEX FIC MULTIMERCADO;22/02/2023;2,71737808
ABSOLUTE VERTEX FIC MULTIMERCADO;23/02/2023;2,71693591
ABSOLUTE VERTEX FIC MULTIMERCADO;24/02/2023;2,7232408
ABSOLUTE VERTEX FIC MULTIMERCADO;27/02/2023;2,71662083
ABSOLUTE VERTEX FIC MULTIMERCADO;28/02/2023;2,72050887
ABSOLUTE VERTEX FIC MULTIMERCADO;01/03/2023;2,71812611
ABSOLUTE VERTEX FIC MULTIMERCADO;02/03/2023;2,7250407
ABSOLUTE VERTEX FIC MULTIMERCADO;03/03/2023;2,72988472
ABSOLUTE VERTEX FIC MULTIMERCADO;06/03/2023;2,72534677
ABSOLUTE VERTEX FIC MULTIMERCADO;07/03/2023;2,71946967
ABSOLUTE VERTEX FIC MULTIMERCADO;08/03/2023;2,71459414
ABSOLUTE VERTEX FIC MULTIMERCADO;09/03/2023;2,7128701
ABSOLUTE VERTEX FIC MULTIMERCADO;10/03/2023;2,71048845
ABSOLUTE VERTEX FIC MULTIMERCADO;13/03/2023;2,71259326
ABSOLUTE VERTEX FIC MULTIMERCADO;14/03/2023;2,71261602
ABSOLUTE VERTEX FIC MULTIMERCADO;15/03/2023;2,71463304
ABSOLUTE VERTEX FIC MULTIMERCADO;16/03/2023;2,71620198
ABSOLUTE VERTEX FIC MULTIMERCADO;17/03/2023;2,71620223
ABSOLUTE VERTEX FIC MULTIMERCADO;20/03/2023;2,71510526
ABSOLUTE VERTEX FIC MULTIMERCADO;21/03/2023;2,71789122
ABSOLUTE VERTEX FIC MULTIMERCADO;22/03/2023;2,71607208
ABSOLUTE VERTEX FIC MULTIMERCADO;23/03/2023;2,72166702
ABSOLUTE VERTEX FIC MULTIMERCADO;24/03/2023;2,72548646
ABSOLUTE VERTEX FIC MULTIMERCADO;27/03/2023;2,72049789
ABSOLUTE VERTEX FIC MULTIMERCADO;28/03/2023;2,71966435
ABSOLUTE VERTEX FIC MULTIMERCADO;29/03/2023;2,72422615
ABSOLUTE VERTEX FIC MULTIMERCADO;30/03/2023;2,73135414
ABSOLUTE VERTEX FIC MULTIMERCADO;31/03/2023;2,73936383
ABSOLUTE VERTEX FIC MULTIMERCADO;03/04/2023;2,74544184
ABSOLUTE VERTEX FIC MULTIMERCADO;04/04/2023;2,75132429
ABSOLUTE VERTEX FIC MULTIMERCADO;05/04/2023;2,75162752
ABSOLUTE VERTEX FIC MULTIMERCADO;06/04/2023;2,75030315
ABSOLUTE VERTEX FIC MULTIMERCADO;10/04/2023;2,74055303
ABSOLUTE VERTEX FIC MULTIMERCADO;11/04/2023;2,73843128
ABSOLUTE VERTEX FIC MULTIMERCADO;12/04/2023;2,73860654
ABSOLUTE VERTEX FIC MULTIMERCADO;13/04/2023;2,74705754
ABSOLUTE VERTEX FIC MULTIMERCADO;14/04/2023;2,74471931
ABSOLUTE VERTEX FIC MULTIMERCADO;17/04/2023;2,74463135
ABSOLUTE VERTEX FIC MULTIMERCADO;18/04/2023;2,74613584
ABSOLUTE VERTEX FIC MULTIMERCADO;19/04/2023;2,74639098
ABSOLUTE VERTEX FIC MULTIMERCADO;20/04/2023;2,74432217
ABSOLUTE VERTEX FIC MULTIMERCADO;24/04/2023;2,74628316
ABSOLUTE VERTEX FIC MULTIMERCADO;25/04/2023;2,74169092
ABSOLUTE VERTEX FIC MULTIMERCADO;26/04/2023;2,736959
ABSOLUTE VERTEX FIC MULTIMERCADO;27/04/2023;2,73994091
ABSOLUTE VERTEX FIC MULTIMERCADO;28/04/2023;2,74668812
ABSOLUTE VERTEX FIC MULTIMERCADO;02/05/2023;2,73773414
ABSOLUTE VERTEX FIC MULTIMERCADO;03/05/2023;2,73530606
ABSOLUTE VERTEX FIC MULTIMERCADO;04/05/2023;2,73107065
ABSOLUTE VERTEX FIC MULTIMERCADO;05/05/2023;2,74037697
ABSOLUTE VERTEX FIC MULTIMERCADO;08/05/2023;2,73928151
ABSOLUTE VERTEX FIC MULTIMERCADO;09/05/2023;2,73883429
ABSOLUTE VERTEX FIC MULTIMERCADO;10/05/2023;2,74481229
ABSOLUTE VERTEX FIC MULTIMERCADO;11/05/2023;2,74720078
ABSOLUTE VERTEX FIC MULTIMERCADO;12/05/2023;2,74668794
ABSOLUTE VERTEX FIC MULTIMERCADO;15/05/2023;2,74988041
ABSOLUTE VERTEX FIC MULTIMERCADO;16/05/2023;2,74242401
ABSOLUTE VERTEX FIC MULTIMERCADO;17/05/2023;2,75393126
ABSOLUTE VERTEX FIC MULTIMERCADO;18/05/2023;2,76783257
ABSOLUTE VERTEX FIC MULTIMERCADO;19/05/2023;2,76354395
ABSOLUTE VERTEX FIC MULTIMERCADO;22/05/2023;2,76653962
ABSOLUTE VERTEX FIC MULTIMERCADO;23/05/2023;2,75352533
ABSOLUTE VERTEX FIC MULTIMERCADO;24/05/2023;2,74593417
ABSOLUTE VERTEX FIC MULTIMERCADO;25/05/2023;2,76085951
ABSOLUTE VERTEX FIC MULTIMERCADO;26/05/2023;2,78785098
ABSOLUTE VERTEX FIC MULTIMERCADO;29/05/2023;2,79249714
ABSOLUTE VERTEX FIC MULTIMERCADO;30/05/2023;2,79239522
ABSOLUTE VERTEX FIC MULTIMERCADO;31/05/2023;2,78612462
ABSOLUTE VERTEX FIC MULTIMERCADO;01/06/2023;2,80011071
ABSOLUTE VERTEX FIC MULTIMERCADO;02/06/2023;2,81635822
ABSOLUTE VERTEX FIC MULTIMERCADO;05/06/2023;2,81716309
ABSOLUTE VERTEX FIC MULTIMERCADO;06/06/2023;2,82192302
ABSOLUTE VERTEX FIC MULTIMERCADO;07/06/2023;2,81121931
ABSOLUTE VERTEX FIC MULTIMERCADO;09/06/2023;2,82958498
ABSOLUTE VERTEX FIC MULTIMERCADO;12/06/2023;2,84960471
ABSOLUTE VERTEX FIC MULTIMERCADO;13/06/2023;2,86090368
ABSOLUTE VERTEX FIC MULTIMERCADO;14/06/2023;2,87211866
ABSOLUTE VERTEX FIC MULTIMERCADO;15/06/2023;2,88291762
ABSOLUTE VERTEX FIC MULTIMERCADO;16/06/2023;2,88096781
ABSOLUTE VERTEX FIC MULTIMERCADO;19/06/2023;2,88427895
ABSOLUTE VERTEX FIC MULTIMERCADO;20/06/2023;2,8864914
ABSOLUTE VERTEX FIC MULTIMERCADO;21/06/2023;2,88247532
ABSOLUTE VERTEX FIC MULTIMERCADO;22/06/2023;2,88358413
ABSOLUTE VERTEX FIC MULTIMERCADO;23/06/2023;2,88193527
ABSOLUTE VERTEX FIC MULTIMERCADO;26/06/2023;2,88019034
ABSOLUTE VERTEX FIC MULTIMERCADO;27/06/2023;2,88125324
ABSOLUTE VERTEX FIC MULTIMERCADO;28/06/2023;2,88100703
ABSOLUTE VERTEX FIC MULTIMERCADO;29/06/2023;2,88422142
ABSOLUTE VERTEX FIC MULTIMERCADO;30/06/2023;2,89619445
ABSOLUTE VERTEX FIC MULTIMERCADO;03/07/2023;2,89972221
ABSOLUTE VERTEX FIC MULTIMERCADO;04/07/2023;2,89981089
ABSOLUTE VERTEX FIC MULTIMERCADO;05/07/2023;2,90001139
ABSOLUTE VERTEX FIC MULTIMERCADO;06/07/2023;2,88314711
ABSOLUTE VERTEX FIC MULTIMERCADO;07/07/2023;2,88436317
ABSOLUTE VERTEX FIC MULTIMERCADO;10/07/2023;2,88350938
ABSOLUTE VERTEX FIC MULTIMERCADO;11/07/2023;2,89593644
ABSOLUTE VERTEX FIC MULTIMERCADO;12/07/2023;2,90898786
ABSOLUTE VERTEX FIC MULTIMERCADO;13/07/2023;2,92975331
ABSOLUTE VERTEX FIC MULTIMERCADO;14/07/2023;2,92190448
ABSOLUTE VERTEX FIC MULTIMERCADO;17/07/2023;2,93378786
ABSOLUTE VERTEX FIC MULTIMERCADO;18/07/2023;2,94967831
ABSOLUTE VERTEX FIC MULTIMERCADO;19/07/2023;2,95388987
ABSOLUTE VERTEX FIC MULTIMERCADO;20/07/2023;2,93758919
ABSOLUTE VERTEX FIC MULTIMERCADO;21/07/2023;2,93899625
ABSOLUTE VERTEX FIC MULTIMERCADO;24/07/2023;2,94891271
ABSOLUTE VERTEX FIC MULTIMERCADO;25/07/2023;2,95200177
ABSOLUTE VERTEX FIC MULTIMERCADO;26/07/2023;2,95486354
ABSOLUTE VERTEX FIC MULTIMERCADO;27/07/2023;2,94322504
ABSOLUTE VERTEX FIC MULTIMERCADO;28/07/2023;2,95641879
ABSOLUTE VERTEX FIC MULTIMERCADO;31/07/2023;2,96635421
ABSOLUTE VERTEX FIC MULTIMERCADO;01/08/2023;2,96003665
ABSOLUTE VERTEX FIC MULTIMERCADO;02/08/2023;2,94157757
ABSOLUTE VERTEX FIC MULTIMERCADO;03/08/2023;2,94353424
ABSOLUTE VERTEX FIC MULTIMERCADO;04/08/2023;2,9394215
ABSOLUTE VERTEX FIC MULTIMERCADO;07/08/2023;2,94282431
ABSOLUTE VERTEX FIC MULTIMERCADO;08/08/2023;2,94531211
ABSOLUTE VERTEX FIC MULTIMERCADO;09/08/2023;2,94131945
ABSOLUTE VERTEX FIC MULTIMERCADO;10/08/2023;2,94381961
ABSOLUTE VERTEX FIC MULTIMERCADO;11/08/2023;2,94402141
ABSOLUTE VERTEX FIC MULTIMERCADO;14/08/2023;2,94298543
ABSOLUTE VERTEX FIC MULTIMERCADO;15/08/2023;2,94501553
ABSOLUTE VERTEX FIC MULTIMERCADO;16/08/2023;2,9440152
ABSOLUTE VERTEX FIC MULTIMERCADO;17/08/2023;2,93763817
ABSOLUTE VERTEX FIC MULTIMERCADO;18/08/2023;2,93918238
ABSOLUTE VERTEX FIC MULTIMERCADO;21/08/2023;2,93534729
ABSOLUTE VERTEX FIC MULTIMERCADO;22/08/2023;2,94023467
ABSOLUTE VERTEX FIC MULTIMERCADO;23/08/2023;2,94846873
ABSOLUTE VERTEX FIC MULTIMERCADO;24/08/2023;2,93625752
ABSOLUTE VERTEX FIC MULTIMERCADO;25/08/2023;2,93505649
ABSOLUTE VERTEX FIC MULTIMERCADO;28/08/2023;2,93506668
ABSOLUTE VERTEX FIC MULTIMERCADO;29/08/2023;2,95206201
ABSOLUTE VERTEX FIC MULTIMERCADO;30/08/2023;2,95761152
ABSOLUTE VERTEX FIC MULTIMERCADO;31/08/2023;2,95060687
ABSOLUTE VERTEX FIC MULTIMERCADO;01/09/2023;2,95029094
ABSOLUTE VERTEX FIC MULTIMERCADO;04/09/2023;2,94694216
ABSOLUTE VERTEX FIC MULTIMERCADO;05/09/2023;2,94339951
ABSOLUTE VERTEX FIC MULTIMERCADO;06/09/2023;2,93501763
ABSOLUTE VERTEX FIC MULTIMERCADO;08/09/2023;2,94127382
ABSOLUTE VERTEX FIC MULTIMERCADO;11/09/2023;2,93636662
ABSOLUTE VERTEX FIC MULTIMERCADO;12/09/2023;2,93556903
ABSOLUTE VERTEX FIC MULTIMERCADO;13/09/2023;2,93668658
ABSOLUTE VERTEX FIC MULTIMERCADO;14/09/2023;2,95021152
ABSOLUTE VERTEX FIC MULTIMERCADO;15/09/2023;2,93705743
ABSOLUTE VERTEX FIC MULTIMERCADO;18/09/2023;2,93362102
ABSOLUTE VERTEX FIC MULTIMERCADO;19/09/2023;2,9311505
ABSOLUTE VERTEX FIC MULTIMERCADO;20/09/2023;2,9262952
ABSOLUTE VERTEX FIC MULTIMERCADO;21/09/2023;2,91828066
ABSOLUTE VERTEX FIC MULTIMERCADO;22/09/2023;2,91825069
ABSOLUTE VERTEX FIC MULTIMERCADO;25/09/2023;2,9254751
ABSOLUTE VERTEX FIC MULTIMERCADO;26/09/2023;2,92028785
ABSOLUTE VERTEX FIC MULTIMERCADO;27/09/2023;2,92324681
ABSOLUTE VERTEX FIC MULTIMERCADO;28/09/2023;2,92259054
ABSOLUTE VERTEX FIC MULTIMERCADO;29/09/2023;2,92206528
ABSOLUTE VERTEX FIC MULTIMERCADO;02/10/2023;2,92385913
ABSOLUTE VERTEX FIC MULTIMERCADO;03/10/2023;2,91102203
ABSOLUTE VERTEX FIC MULTIMERCADO;04/10/2023;2,91506833
ABSOLUTE VERTEX FIC MULTIMERCADO;05/10/2023;2,91204354
ABSOLUTE VERTEX FIC MULTIMERCADO;06/10/2023;2,91847759
ABSOLUTE VERTEX FIC MULTIMERCADO;09/10/2023;2,92418253
ABSOLUTE VERTEX FIC MULTIMERCADO;10/10/2023;2,93182342
ABSOLUTE VERTEX FIC MULTIMERCADO;11/10/2023;2,93591965
ABSOLUTE VERTEX FIC MULTIMERCADO;13/10/2023;2,91934417
ABSOLUTE VERTEX FIC MULTIMERCADO;16/10/2023;2,92686638
ABSOLUTE VERTEX FIC MULTIMERCADO;17/10/2023;2,92216386
ABSOLUTE VERTEX FIC MULTIMERCADO;18/10/2023;2,9080825
ABSOLUTE VERTEX FIC MULTIMERCADO;19/10/2023;2,90621959
ABSOLUTE VERTEX FIC MULTIMERCADO;20/10/2023;2,90436362
ABSOLUTE VERTEX FIC MULTIMERCADO;23/10/2023;2,90460717
ABSOLUTE VERTEX FIC MULTIMERCADO;24/10/2023;2,90686003
ABSOLUTE VERTEX FIC MULTIMERCADO;25/10/2023;2,90109514
ABSOLUTE VERTEX FIC MULTIMERCADO;26/10/2023;2,90395371
ABSOLUTE VERTEX FIC MULTIMERCADO;27/10/2023;2,9011002
ABSOLUTE VERTEX FIC MULTIMERCADO;30/10/2023;2,89518134
ABSOLUTE VERTEX FIC MULTIMERCADO;31/10/2023;2,8998418
ABSOLUTE VERTEX FIC MULTIMERCADO;01/11/2023;2,90850651
ABSOLUTE VERTEX FIC MULTIMERCADO;03/11/2023;2,93119616
ABSOLUTE VERTEX FIC MULTIMERCADO;06/11/2023;2,93118691
ABSOLUTE VERTEX FIC MULTIMERCADO;07/11/2023;2,93610648
ABSOLUTE VERTEX FIC MULTIMERCADO;08/11/2023;2,9334015
ABSOLUTE VERTEX FIC MULTIMERCADO;09/11/2023;2,92104694
ABSOLUTE VERTEX FIC MULTIMERCADO;10/11/2023;2,94134019
ABSOLUTE VERTEX FIC MULTIMERCADO;13/11/2023;2,93814209
ABSOLUTE VERTEX FIC MULTIMERCADO;14/11/2023;2,97815562
ABSOLUTE VERTEX FIC MULTIMERCADO;16/11/2023;2,98064862
ABSOLUTE VERTEX FIC MULTIMERCADO;17/11/2023;2,97668052
ABSOLUTE VERTEX FIC MULTIMERCADO;20/11/2023;2,99262791
ABSOLUTE VERTEX FIC MULTIMERCADO;21/11/2023;2,98168315
ABSOLUTE VERTEX FIC MULTIMERCADO;22/11/2023;2,98631942
JGP STRATEGY FIC MULTIMERCADO;31/08/2011;100,00
JGP STRATEGY FIC MULTIMERCADO;01/09/2011;100,3135435
JGP STRATEGY FIC MULTIMERCADO;02/09/2011;100,1901157
JGP STRATEGY FIC MULTIMERCADO;05/09/2011;100,2208442
JGP STRATEGY FIC MULTIMERCADO;06/09/2011;100,3048232
JGP STRATEGY FIC MULTIMERCADO;08/09/2011;100,2656602
JGP STRATEGY FIC MULTIMERCADO;09/09/2011;99,9564774
JGP STRATEGY FIC MULTIMERCADO;12/09/2011;99,92306176
JGP STRATEGY FIC MULTIMERCADO;13/09/2011;100,1283053
JGP STRATEGY FIC MULTIMERCADO;14/09/2011;99,99303121
JGP STRATEGY FIC MULTIMERCADO;15/09/2011;100,05227004
JGP STRATEGY FIC MULTIMERCADO;16/09/2011;100,083105
JGP STRATEGY FIC MULTIMERCADO;19/09/2011;99,98804014
JGP STRATEGY FIC MULTIMERCADO;20/09/2011;100,06950872
JGP STRATEGY FIC MULTIMERCADO;21/09/2011;99,81576863
JGP STRATEGY FIC MULTIMERCADO;22/09/2011;99,41790528
JGP STRATEGY FIC MULTIMERCADO;23/09/2011;99,57411368
JGP STRATEGY FIC MULTIMERCADO;26/09/2011;100,01205116
JGP STRATEGY FIC MULTIMERCADO;27/09/2011;100,21021289
JGP STRATEGY FIC MULTIMERCADO;28/09/2011;100,30501794
JGP STRATEGY FIC MULTIMERCADO;29/09/2011;100,33336585
JGP STRATEGY FIC MULTIMERCADO;30/09/2011;100,33647026
JGP STRATEGY FIC MULTIMERCADO;03/10/2011;100,4867155
JGP STRATEGY FIC MULTIMERCADO;04/10/2011;100,44154086
JGP STRATEGY FIC MULTIMERCADO;05/10/2011;100,50080633
JGP STRATEGY FIC MULTIMERCADO;06/10/2011;100,50695285
JGP STRATEGY FIC MULTIMERCADO;07/10/2011;100,54674469
JGP STRATEGY FIC MULTIMERCADO;10/10/2011;100,76571772
JGP STRATEGY FIC MULTIMERCADO;11/10/2011;100,7192976
JGP STRATEGY FIC MULTIMERCADO;13/10/2011;100,57511703
JGP STRATEGY FIC MULTIMERCADO;14/10/2011;100,58965456
JGP STRATEGY FIC MULTIMERCADO;17/10/2011;100,79782698
JGP STRATEGY FIC MULTIMERCADO;18/10/2011;100,9048896
JGP STRATEGY FIC MULTIMERCADO;19/10/2011;100,97969309
JGP STRATEGY FIC MULTIMERCADO;20/10/2011;100,79015857
JGP STRATEGY FIC MULTIMERCADO;21/10/2011;100,91475972
JGP STRATEGY FIC MULTIMERCADO;24/10/2011;100,76091564
JGP STRATEGY FIC MULTIMERCADO;25/10/2011;100,76668078
JGP STRATEGY FIC MULTIMERCADO;26/10/2011;100,93003144
JGP STRATEGY FIC MULTIMERCADO;27/10/2011;100,72318709
JGP STRATEGY FIC MULTIMERCADO;28/10/2011;100,68447562
JGP STRATEGY FIC MULTIMERCADO;31/10/2011;100,81479067
JGP STRATEGY FIC MULTIMERCADO;01/11/2011;100,99952989
JGP STRATEGY FIC MULTIMERCADO;03/11/2011;100,94709654
JGP STRATEGY FIC MULTIMERCADO;04/11/2011;101,1348804
JGP STRATEGY FIC MULTIMERCADO;07/11/2011;101,2134739
JGP STRATEGY FIC MULTIMERCADO;08/11/2011;101,29029224
JGP STRATEGY FIC MULTIMERCADO;09/11/2011;101,51592385
JGP STRATEGY FIC MULTIMERCADO;10/11/2011;101,47757565
JGP STRATEGY FIC MULTIMERCADO;11/11/2011;101,63040372
JGP STRATEGY FIC MULTIMERCADO;14/11/2011;101,75723616
JGP STRATEGY FIC MULTIMERCADO;16/11/2011;101,84770604
JGP STRATEGY FIC MULTIMERCADO;17/11/2011;101,84106214
JGP STRATEGY FIC MULTIMERCADO;18/11/2011;101,94835146
JGP STRATEGY FIC MULTIMERCADO;21/11/2011;101,90075404
JGP STRATEGY FIC MULTIMERCADO;22/11/2011;101,83164963
JGP STRATEGY FIC MULTIMERCADO;23/11/2011;101,99901531
JGP STRATEGY FIC MULTIMERCADO;24/11/2011;102,1914983
JGP STRATEGY FIC MULTIMERCADO;25/11/2011;102,32917376
JGP STRATEGY FIC MULTIMERCADO;28/11/2011;102,27203666
JGP STRATEGY FIC MULTIMERCADO;29/11/2011;102,32048462
JGP STRATEGY FIC MULTIMERCADO;30/11/2011;102,36667047
JGP STRATEGY FIC MULTIMERCADO;01/12/2011;102,63183675
JGP STRATEGY FIC MULTIMERCADO;02/12/2011;102,49154719
JGP STRATEGY FIC MULTIMERCADO;05/12/2011;102,78828223
JGP STRATEGY FIC MULTIMERCADO;06/12/2011;102,96065934
JGP STRATEGY FIC MULTIMERCADO;07/12/2011;102,93302808
JGP STRATEGY FIC MULTIMERCADO;08/12/2011;102,63404305
JGP STRATEGY FIC MULTIMERCADO;09/12/2011;102,94046103
JGP STRATEGY FIC MULTIMERCADO;12/12/2011;102,79006516
JGP STRATEGY FIC MULTIMERCADO;13/12/2011;102,8165625
JGP STRATEGY FIC MULTIMERCADO;14/12/2011;102,75039841
JGP STRATEGY FIC MULTIMERCADO;15/12/2011;102,9203955
JGP STRATEGY FIC MULTIMERCADO;16/12/2011;103,1249394
JGP STRATEGY FIC MULTIMERCADO;19/12/2011;103,06226198
JGP STRATEGY FIC MULTIMERCADO;20/12/2011;103,36194686
JGP STRATEGY FIC MULTIMERCADO;21/12/2011;103,40896029
JGP STRATEGY FIC MULTIMERCADO;22/12/2011;103,34833089
JGP STRATEGY FIC MULTIMERCADO;23/12/2011;103,44013823
JGP STRATEGY FIC MULTIMERCADO;26/12/2011;103,481329
JGP STRATEGY FIC MULTIMERCADO;27/12/2011;103,39921124
JGP STRATEGY FIC MULTIMERCADO;28/12/2011;103,40567119
JGP STRATEGY FIC MULTIMERCADO;29/12/2011;103,26329415
JGP STRATEGY FIC MULTIMERCADO;30/12/2011;103,31934674
JGP STRATEGY FIC MULTIMERCADO;02/01/2012;103,64581427
JGP STRATEGY FIC MULTIMERCADO;03/01/2012;103,78424316
JGP STRATEGY FIC MULTIMERCADO;04/01/2012;103,69448688
JGP STRATEGY FIC MULTIMERCADO;05/01/2012;103,66825527
JGP STRATEGY FIC MULTIMERCADO;06/01/2012;103,78926561
JGP STRATEGY FIC MULTIMERCADO;09/01/2012;103,90399063
JGP STRATEGY FIC MULTIMERCADO;10/01/2012;104,02370872
JGP STRATEGY FIC MULTIMERCADO;11/01/2012;104,1399448
JGP STRATEGY FIC MULTIMERCADO;12/01/2012;104,0307504
JGP STRATEGY FIC MULTIMERCADO;13/01/2012;104,0905781
JGP STRATEGY FIC MULTIMERCADO;16/01/2012;104,24575306
JGP STRATEGY FIC MULTIMERCADO;17/01/2012;104,19154846
JGP STRATEGY FIC MULTIMERCADO;18/01/2012;104,36407741
JGP STRATEGY FIC MULTIMERCADO;19/01/2012;104,39878181
JGP STRATEGY FIC MULTIMERCADO;20/01/2012;104,69825446
JGP STRATEGY FIC MULTIMERCADO;23/01/2012;104,66003758
JGP STRATEGY FIC MULTIMERCADO;24/01/2012;104,63619676
JGP STRATEGY FIC MULTIMERCADO;25/01/2012;104,72344243
JGP STRATEGY FIC MULTIMERCADO;26/01/2012;105,04091048
JGP STRATEGY FIC MULTIMERCADO;27/01/2012;105,32153181
JGP STRATEGY FIC MULTIMERCADO;30/01/2012;105,49037762
JGP STRATEGY FIC MULTIMERCADO;31/01/2012;105,56744917
JGP STRATEGY FIC MULTIMERCADO;01/02/2012;105,35064133
JGP STRATEGY FIC MULTIMERCADO;02/02/2012;105,46182727
JGP STRATEGY FIC MULTIMERCADO;03/02/2012;105,33944771
JGP STRATEGY FIC MULTIMERCADO;06/02/2012;105,39535133
JGP STRATEGY FIC MULTIMERCADO;07/02/2012;105,60254631
JGP STRATEGY FIC MULTIMERCADO;08/02/2012;105,48430693
JGP STRATEGY FIC MULTIMERCADO;09/02/2012;105,73773284
JGP STRATEGY FIC MULTIMERCADO;10/02/2012;106,1907974
JGP STRATEGY FIC MULTIMERCADO;13/02/2012;105,92686095
JGP STRATEGY FIC MULTIMERCADO;14/02/2012;105,75920884
JGP STRATEGY FIC MULTIMERCADO;15/02/2012;105,68944506
JGP STRATEGY FIC MULTIMERCADO;16/02/2012;106,14950751
JGP STRATEGY FIC MULTIMERCADO;17/02/2012;106,11641996
JGP STRATEGY FIC MULTIMERCADO;22/02/2012;106,20479701
JGP STRATEGY FIC MULTIMERCADO;23/02/2012;106,25668728
JGP STRATEGY FIC MULTIMERCADO;24/02/2012;106,26970426
JGP STRATEGY FIC MULTIMERCADO;27/02/2012;106,32374547
JGP STRATEGY FIC MULTIMERCADO;28/02/2012;106,53392878
JGP STRATEGY FIC MULTIMERCADO;29/02/2012;106,35173655
JGP STRATEGY FIC MULTIMERCADO;01/03/2012;106,71061089
JGP STRATEGY FIC MULTIMERCADO;02/03/2012;106,97238304
JGP STRATEGY FIC MULTIMERCADO;05/03/2012;107,03447169
JGP STRATEGY FIC MULTIMERCADO;06/03/2012;107,28889488
JGP STRATEGY FIC MULTIMERCADO;07/03/2012;107,56900294
JGP STRATEGY FIC MULTIMERCADO;08/03/2012;107,72258493
JGP STRATEGY FIC MULTIMERCADO;09/03/2012;107,66650017
JGP STRATEGY FIC MULTIMERCADO;12/03/2012;107,96729948
JGP STRATEGY FIC MULTIMERCADO;13/03/2012;107,81931604
JGP STRATEGY FIC MULTIMERCADO;14/03/2012;107,65968515
JGP STRATEGY FIC MULTIMERCADO;15/03/2012;107,3251825
JGP STRATEGY FIC MULTIMERCADO;16/03/2012;107,40577531
JGP STRATEGY FIC MULTIMERCADO;19/03/2012;107,47681219
JGP STRATEGY FIC MULTIMERCADO;20/03/2012;107,52621965
JGP STRATEGY FIC MULTIMERCADO;21/03/2012;107,53051889
JGP STRATEGY FIC MULTIMERCADO;22/03/2012;107,39563934
JGP STRATEGY FIC MULTIMERCADO;23/03/2012;107,33966407
JGP STRATEGY FIC MULTIMERCADO;26/03/2012;107,62899841
JGP STRATEGY FIC MULTIMERCADO;27/03/2012;107,1688326
JGP STRATEGY FIC MULTIMERCADO;28/03/2012;107,28713076
JGP STRATEGY FIC MULTIMERCADO;29/03/2012;107,37983256
JGP STRATEGY FIC MULTIMERCADO;30/03/2012;107,20090561
JGP STRATEGY FIC MULTIMERCADO;02/04/2012;107,42871227
JGP STRATEGY FIC MULTIMERCADO;03/04/2012;107,51810446
JGP STRATEGY FIC MULTIMERCADO;04/04/2012;107,39940055
JGP STRATEGY FIC MULTIMERCADO;05/04/2012;107,38032098
JGP STRATEGY FIC MULTIMERCADO;09/04/2012;107,025466
JGP STRATEGY FIC MULTIMERCADO;10/04/2012;106,92555161
JGP STRATEGY FIC MULTIMERCADO;11/04/2012;106,98876855
JGP STRATEGY FIC MULTIMERCADO;12/04/2012;106,89444307
JGP STRATEGY FIC MULTIMERCADO;13/04/2012;106,89930456
JGP STRATEGY FIC MULTIMERCADO;16/04/2012;106,86159585
JGP STRATEGY FIC MULTIMERCADO;17/04/2012;106,89568419
JGP STRATEGY FIC MULTIMERCADO;18/04/2012;107,28357689
JGP STRATEGY FIC MULTIMERCADO;19/04/2012;107,3358647
JGP STRATEGY FIC MULTIMERCADO;20/04/2012;107,23239808
JGP STRATEGY FIC MULTIMERCADO;23/04/2012;107,1279894
JGP STRATEGY FIC MULTIMERCADO;24/04/2012;107,21645738
JGP STRATEGY FIC MULTIMERCADO;25/04/2012;107,46324149
JGP STRATEGY FIC MULTIMERCADO;26/04/2012;107,5502012
JGP STRATEGY FIC MULTIMERCADO;27/04/2012;107,69843817
JGP STRATEGY FIC MULTIMERCADO;30/04/2012;107,7181545
JGP STRATEGY FIC MULTIMERCADO;02/05/2012;107,54960632
JGP STRATEGY FIC MULTIMERCADO;03/05/2012;107,59945458
JGP STRATEGY FIC MULTIMERCADO;04/05/2012;107,8495771
JGP STRATEGY FIC MULTIMERCADO;07/05/2012;108,03098737
JGP STRATEGY FIC MULTIMERCADO;08/05/2012;108,27494917
JGP STRATEGY FIC MULTIMERCADO;09/05/2012;108,59803927
JGP STRATEGY FIC MULTIMERCADO;10/05/2012;108,76215559
JGP STRATEGY FIC MULTIMERCADO;11/05/2012;109,04753546
JGP STRATEGY FIC MULTIMERCADO;14/05/2012;109,38874677
JGP STRATEGY FIC MULTIMERCADO;15/05/2012;109,44086389
JGP STRATEGY FIC MULTIMERCADO;16/05/2012;109,33194372
JGP STRATEGY FIC MULTIMERCADO;17/05/2012;109,4576267
JGP STRATEGY FIC MULTIMERCADO;18/05/2012;109,26167576
JGP STRATEGY FIC MULTIMERCADO;21/05/2012;109,05391777
JGP STRATEGY FIC MULTIMERCADO;22/05/2012;109,12930807
JGP STRATEGY FIC MULTIMERCADO;23/05/2012;109,41838368
JGP STRATEGY FIC MULTIMERCADO;24/05/2012;109,63289351
JGP STRATEGY FIC MULTIMERCADO;25/05/2012;109,67595712
JGP STRATEGY FIC MULTIMERCADO;28/05/2012;109,11118454
JGP STRATEGY FIC MULTIMERCADO;29/05/2012;109,526755
JGP STRATEGY FIC MULTIMERCADO;30/05/2012;109,69291377
JGP STRATEGY FIC MULTIMERCADO;31/05/2012;109,70914858
JGP STRATEGY FIC MULTIMERCADO;01/06/2012;109,66826316
JGP STRATEGY FIC MULTIMERCADO;04/06/2012;109,41645938
JGP STRATEGY FIC MULTIMERCADO;05/06/2012;109,67500162
JGP STRATEGY FIC MULTIMERCADO;06/06/2012;109,35492478
JGP STRATEGY FIC MULTIMERCADO;08/06/2012;109,39632031
JGP STRATEGY FIC MULTIMERCADO;11/06/2012;109,26672561
JGP STRATEGY FIC MULTIMERCADO;12/06/2012;109,20877486
JGP STRATEGY FIC MULTIMERCADO;13/06/2012;109,14254158
JGP STRATEGY FIC MULTIMERCADO;14/06/2012;109,24916861
JGP STRATEGY FIC MULTIMERCADO;15/06/2012;109,1324961
JGP STRATEGY FIC MULTIMERCADO;18/06/2012;109,26543946
JGP STRATEGY FIC MULTIMERCADO;19/06/2012;109,42613845
JGP STRATEGY FIC MULTIMERCADO;20/06/2012;109,76196177
JGP STRATEGY FIC MULTIMERCADO;21/06/2012;109,49242685
JGP STRATEGY FIC MULTIMERCADO;22/06/2012;109,53870872
JGP STRATEGY FIC MULTIMERCADO;25/06/2012;109,50991868
JGP STRATEGY FIC MULTIMERCADO;26/06/2012;109,45746387
JGP STRATEGY FIC MULTIMERCADO;27/06/2012;109,83309958
JGP STRATEGY FIC MULTIMERCADO;28/06/2012;109,71473717
JGP STRATEGY FIC MULTIMERCADO;29/06/2012;110,2964864
JGP STRATEGY FIC MULTIMERCADO;02/07/2012;110,63108787
JGP STRATEGY FIC MULTIMERCADO;03/07/2012;110,63768093
JGP STRATEGY FIC MULTIMERCADO;04/07/2012;110,87150097
JGP STRATEGY FIC MULTIMERCADO;05/07/2012;110,774533
JGP STRATEGY FIC MULTIMERCADO;06/07/2012;110,93518781
JGP STRATEGY FIC MULTIMERCADO;09/07/2012;110,9085745
JGP STRATEGY FIC MULTIMERCADO;10/07/2012;110,79868859
JGP STRATEGY FIC MULTIMERCADO;11/07/2012;110,94298936
JGP STRATEGY FIC MULTIMERCADO;12/07/2012;111,05210831
JGP STRATEGY FIC MULTIMERCADO;13/07/2012;111,30590234
JGP STRATEGY FIC MULTIMERCADO;16/07/2012;111,59328874
JGP STRATEGY FIC MULTIMERCADO;17/07/2012;111,73234778
JGP STRATEGY FIC MULTIMERCADO;18/07/2012;111,67508902
JGP STRATEGY FIC MULTIMERCADO;19/07/2012;111,71220676
JGP STRATEGY FIC MULTIMERCADO;20/07/2012;112,08411322
JGP STRATEGY FIC MULTIMERCADO;23/07/2012;112,32256525
JGP STRATEGY FIC MULTIMERCADO;24/07/2012;112,5196522
JGP STRATEGY FIC MULTIMERCADO;25/07/2012;112,46633099
JGP STRATEGY FIC MULTIMERCADO;26/07/2012;112,27377758
JGP STRATEGY FIC MULTIMERCADO;27/07/2012;112,28465401
JGP STRATEGY FIC MULTIMERCADO;30/07/2012;112,26940028
JGP STRATEGY FIC MULTIMERCADO;31/07/2012;112,48948113
JGP STRATEGY FIC MULTIMERCADO;01/08/2012;112,43259453
JGP STRATEGY FIC MULTIMERCADO;02/08/2012;112,35459274
JGP STRATEGY FIC MULTIMERCADO;03/08/2012;112,51917902
JGP STRATEGY FIC MULTIMERCADO;06/08/2012;112,70400374
JGP STRATEGY FIC MULTIMERCADO;07/08/2012;112,85194623
JGP STRATEGY FIC MULTIMERCADO;08/08/2012;113,256124
JGP STRATEGY FIC MULTIMERCADO;09/08/2012;113,28701864
JGP STRATEGY FIC MULTIMERCADO;10/08/2012;113,45760934
JGP STRATEGY FIC MULTIMERCADO;13/08/2012;113,26987667
JGP STRATEGY FIC MULTIMERCADO;14/08/2012;113,20158747
JGP STRATEGY FIC MULTIMERCADO;15/08/2012;113,2051734
JGP STRATEGY FIC MULTIMERCADO;16/08/2012;113,23910592
JGP STRATEGY FIC MULTIMERCADO;17/08/2012;113,10642736
JGP STRATEGY FIC MULTIMERCADO;20/08/2012;113,18227411
JGP STRATEGY FIC MULTIMERCADO;21/08/2012;113,25273168
JGP STRATEGY FIC MULTIMERCADO;22/08/2012;113,26528426
JGP STRATEGY FIC MULTIMERCADO;23/08/2012;113,39184823
JGP STRATEGY FIC MULTIMERCADO;24/08/2012;113,34815755
JGP STRATEGY FIC MULTIMERCADO;27/08/2012;113,32705145
JGP STRATEGY FIC MULTIMERCADO;28/08/2012;113,3804803
JGP STRATEGY FIC MULTIMERCADO;29/08/2012;113,39547079
JGP STRATEGY FIC MULTIMERCADO;30/08/2012;113,36729609
JGP STRATEGY FIC MULTIMERCADO;31/08/2012;113,4721903
JGP STRATEGY FIC MULTIMERCADO;03/09/2012;113,55757514
JGP STRATEGY FIC MULTIMERCADO;04/09/2012;113,88462834
JGP STRATEGY FIC MULTIMERCADO;05/09/2012;113,95961748
JGP STRATEGY FIC MULTIMERCADO;06/09/2012;114,16902539
JGP STRATEGY FIC MULTIMERCADO;10/09/2012;114,25329444
JGP STRATEGY FIC MULTIMERCADO;11/09/2012;114,20270365
JGP STRATEGY FIC MULTIMERCADO;12/09/2012;114,32026733
JGP STRATEGY FIC MULTIMERCADO;13/09/2012;114,32364146
JGP STRATEGY FIC MULTIMERCADO;14/09/2012;114,40105605
JGP STRATEGY FIC MULTIMERCADO;17/09/2012;114,35338662
JGP STRATEGY FIC MULTIMERCADO;18/09/2012;114,3539198
JGP STRATEGY FIC MULTIMERCADO;19/09/2012;114,17429763
JGP STRATEGY FIC MULTIMERCADO;20/09/2012;114,30604773
JGP STRATEGY FIC MULTIMERCADO;21/09/2012;114,5415322
JGP STRATEGY FIC MULTIMERCADO;24/09/2012;114,68978205
JGP STRATEGY FIC MULTIMERCADO;25/09/2012;114,79751392
JGP STRATEGY FIC MULTIMERCADO;26/09/2012;114,79602741
JGP STRATEGY FIC MULTIMERCADO;27/09/2012;114,96079594
JGP STRATEGY FIC MULTIMERCADO;28/09/2012;114,89744528
JGP STRATEGY FIC MULTIMERCADO;01/10/2012;114,97621811
JGP STRATEGY FIC MULTIMERCADO;02/10/2012;115,25608694
JGP STRATEGY FIC MULTIMERCADO;03/10/2012;115,39579845
JGP STRATEGY FIC MULTIMERCADO;04/10/2012;115,57944083
JGP STRATEGY FIC MULTIMERCADO;05/10/2012;115,92601656
JGP STRATEGY FIC MULTIMERCADO;08/10/2012;115,73255854
JGP STRATEGY FIC MULTIMERCADO;09/10/2012;115,62469832
JGP STRATEGY FIC MULTIMERCADO;10/10/2012;115,78719223
JGP STRATEGY FIC MULTIMERCADO;11/10/2012;116,05598473
JGP STRATEGY FIC MULTIMERCADO;15/10/2012;115,88848433
JGP STRATEGY FIC MULTIMERCADO;16/10/2012;116,07493649
JGP STRATEGY FIC MULTIMERCADO;17/10/2012;116,00322858
JGP STRATEGY FIC MULTIMERCADO;18/10/2012;116,06782149
JGP STRATEGY FIC MULTIMERCADO;19/10/2012;116,15990624
JGP STRATEGY FIC MULTIMERCADO;22/10/2012;116,2559846
JGP STRATEGY FIC MULTIMERCADO;23/10/2012;116,19758971
JGP STRATEGY FIC MULTIMERCADO;24/10/2012;116,45035993
JGP STRATEGY FIC MULTIMERCADO;25/10/2012;116,29182818
JGP STRATEGY FIC MULTIMERCADO;26/10/2012;116,54354499
JGP STRATEGY FIC MULTIMERCADO;29/10/2012;116,67435097
JGP STRATEGY FIC MULTIMERCADO;30/10/2012;116,63013961
JGP STRATEGY FIC MULTIMERCADO;31/10/2012;116,94167641
JGP STRATEGY FIC MULTIMERCADO;01/11/2012;116,91714341
JGP STRATEGY FIC MULTIMERCADO;05/11/2012;116,79443088
JGP STRATEGY FIC MULTIMERCADO;06/11/2012;116,63886765
JGP STRATEGY FIC MULTIMERCADO;07/11/2012;116,57288109
JGP STRATEGY FIC MULTIMERCADO;08/11/2012;116,57024491
JGP STRATEGY FIC MULTIMERCADO;09/11/2012;116,62405997
JGP STRATEGY FIC MULTIMERCADO;12/11/2012;116,63808965
JGP STRATEGY FIC MULTIMERCADO;13/11/2012;116,64434284
JGP STRATEGY FIC MULTIMERCADO;14/11/2012;116,4904636
JGP STRATEGY FIC MULTIMERCADO;16/11/2012;116,80151399
JGP STRATEGY FIC MULTIMERCADO;19/11/2012;116,90504085
JGP STRATEGY FIC MULTIMERCADO;20/11/2012;116,9022649
JGP STRATEGY FIC MULTIMERCADO;21/11/2012;116,78837794
JGP STRATEGY FIC MULTIMERCADO;22/11/2012;116,97346022
JGP STRATEGY FIC MULTIMERCADO;23/11/2012;117,00873965
JGP STRATEGY FIC MULTIMERCADO;26/11/2012;116,92281886
JGP STRATEGY FIC MULTIMERCADO;27/11/2012;116,91392664
JGP STRATEGY FIC MULTIMERCADO;28/11/2012;116,85953819
JGP STRATEGY FIC MULTIMERCADO;29/11/2012;117,03685153
JGP STRATEGY FIC MULTIMERCADO;30/11/2012;117,35220041
JGP STRATEGY FIC MULTIMERCADO;03/12/2012;117,36559472
JGP STRATEGY FIC MULTIMERCADO;04/12/2012;117,48209299
JGP STRATEGY FIC MULTIMERCADO;05/12/2012;117,58860465
JGP STRATEGY FIC MULTIMERCADO;06/12/2012;117,9251951
JGP STRATEGY FIC MULTIMERCADO;07/12/2012;117,90378589
JGP STRATEGY FIC MULTIMERCADO;10/12/2012;117,81664922
JGP STRATEGY FIC MULTIMERCADO;11/12/2012;117,74440421
JGP STRATEGY FIC MULTIMERCADO;12/12/2012;117,87035932
JGP STRATEGY FIC MULTIMERCADO;13/12/2012;117,83020641
JGP STRATEGY FIC MULTIMERCADO;14/12/2012;117,79588054
JGP STRATEGY FIC MULTIMERCADO;17/12/2012;117,89007665
JGP STRATEGY FIC MULTIMERCADO;18/12/2012;117,9481008
JGP STRATEGY FIC MULTIMERCADO;19/12/2012;117,97306467
JGP STRATEGY FIC MULTIMERCADO;20/12/2012;117,9557125
JGP STRATEGY FIC MULTIMERCADO;21/12/2012;118,10685854
JGP STRATEGY FIC MULTIMERCADO;24/12/2012;118,12037045
JGP STRATEGY FIC MULTIMERCADO;26/12/2012;118,30647619
JGP STRATEGY FIC MULTIMERCADO;27/12/2012;118,47963794
JGP STRATEGY FIC MULTIMERCADO;28/12/2012;118,44291515
JGP STRATEGY FIC MULTIMERCADO;31/12/2012;118,42082922
JGP STRATEGY FIC MULTIMERCADO;02/01/2013;118,55960745
JGP STRATEGY FIC MULTIMERCADO;03/01/2013;118,57459379
JGP STRATEGY FIC MULTIMERCADO;04/01/2013;118,79014008
JGP STRATEGY FIC MULTIMERCADO;07/01/2013;118,84007616
JGP STRATEGY FIC MULTIMERCADO;08/01/2013;118,73305118
JGP STRATEGY FIC MULTIMERCADO;09/01/2013;118,80382506
JGP STRATEGY FIC MULTIMERCADO;10/01/2013;119,00466371
JGP STRATEGY FIC MULTIMERCADO;11/01/2013;118,9545212
JGP STRATEGY FIC MULTIMERCADO;14/01/2013;119,02306276
JGP STRATEGY FIC MULTIMERCADO;15/01/2013;118,9252274
JGP STRATEGY FIC MULTIMERCADO;16/01/2013;119,06835778
JGP STRATEGY FIC MULTIMERCADO;17/01/2013;118,97480429
JGP STRATEGY FIC MULTIMERCADO;18/01/2013;119,09321187
JGP STRATEGY FIC MULTIMERCADO;21/01/2013;119,11237935
JGP STRATEGY FIC MULTIMERCADO;22/01/2013;119,19979399
JGP STRATEGY FIC MULTIMERCADO;23/01/2013;119,10415302
JGP STRATEGY FIC MULTIMERCADO;24/01/2013;119,21423207
JGP STRATEGY FIC MULTIMERCADO;25/01/2013;119,25283108
JGP STRATEGY FIC MULTIMERCADO;28/01/2013;119,37375109
JGP STRATEGY FIC MULTIMERCADO;29/01/2013;119,32664903
JGP STRATEGY FIC MULTIMERCADO;30/01/2013;119,18485663
JGP STRATEGY FIC MULTIMERCADO;31/01/2013;119,18151015
JGP STRATEGY FIC MULTIMERCADO;01/02/2013;119,50335323
JGP STRATEGY FIC MULTIMERCADO;04/02/2013;119,46986574
JGP STRATEGY FIC MULTIMERCADO;05/02/2013;119,55948322
JGP STRATEGY FIC MULTIMERCADO;06/02/2013;119,5100051
JGP STRATEGY FIC MULTIMERCADO;07/02/2013;119,70984447
JGP STRATEGY FIC MULTIMERCADO;08/02/2013;119,87893816
JGP STRATEGY FIC MULTIMERCADO;13/02/2013;119,8945973
JGP STRATEGY FIC MULTIMERCADO;14/02/2013;119,85325043
JGP STRATEGY FIC MULTIMERCADO;15/02/2013;119,9761047
JGP STRATEGY FIC MULTIMERCADO;18/02/2013;120,06809208
JGP STRATEGY FIC MULTIMERCADO;19/02/2013;120,08800629
JGP STRATEGY FIC MULTIMERCADO;20/02/2013;120,10795458
JGP STRATEGY FIC MULTIMERCADO;21/02/2013;120,30575062
JGP STRATEGY FIC MULTIMERCADO;22/02/2013;120,2862776
JGP STRATEGY FIC MULTIMERCADO;25/02/2013;120,43438426
JGP STRATEGY FIC MULTIMERCADO;26/02/2013;120,59038466
JGP STRATEGY FIC MULTIMERCADO;27/02/2013;120,44714935
JGP STRATEGY FIC MULTIMERCADO;28/02/2013;120,34599994
JGP STRATEGY FIC MULTIMERCADO;01/03/2013;120,4368501
JGP STRATEGY FIC MULTIMERCADO;04/03/2013;120,42315028
JGP STRATEGY FIC MULTIMERCADO;05/03/2013;120,55547895
JGP STRATEGY FIC MULTIMERCADO;06/03/2013;120,60860668
JGP STRATEGY FIC MULTIMERCADO;07/03/2013;120,36893633
JGP STRATEGY FIC MULTIMERCADO;08/03/2013;120,65961139
JGP STRATEGY FIC MULTIMERCADO;11/03/2013;120,53838974
JGP STRATEGY FIC MULTIMERCADO;12/03/2013;120,49251259
JGP STRATEGY FIC MULTIMERCADO;13/03/2013;120,65378008
JGP STRATEGY FIC MULTIMERCADO;14/03/2013;120,73700939
JGP STRATEGY FIC MULTIMERCADO;15/03/2013;120,76515479
JGP STRATEGY FIC MULTIMERCADO;18/03/2013;120,8458781
JGP STRATEGY FIC MULTIMERCADO;19/03/2013;120,99831409
JGP STRATEGY FIC MULTIMERCADO;20/03/2013;121,07162694
JGP STRATEGY FIC MULTIMERCADO;21/03/2013;121,17816387
JGP STRATEGY FIC MULTIMERCADO;22/03/2013;121,21678291
JGP STRATEGY FIC MULTIMERCADO;25/03/2013;121,29261547
JGP STRATEGY FIC MULTIMERCADO;26/03/2013;121,16597403
JGP STRATEGY FIC MULTIMERCADO;27/03/2013;121,19946445
JGP STRATEGY FIC MULTIMERCADO;28/03/2013;121,25958366
JGP STRATEGY FIC MULTIMERCADO;01/04/2013;121,12357662
JGP STRATEGY FIC MULTIMERCADO;02/04/2013;121,14463752
JGP STRATEGY FIC MULTIMERCADO;03/04/2013;121,31326044
JGP STRATEGY FIC MULTIMERCADO;04/04/2013;121,137324
JGP STRATEGY FIC MULTIMERCADO;05/04/2013;121,22172529
JGP STRATEGY FIC MULTIMERCADO;08/04/2013;121,38413187
JGP STRATEGY FIC MULTIMERCADO;09/04/2013;121,25252029
JGP STRATEGY FIC MULTIMERCADO;10/04/2013;121,2410567
JGP STRATEGY FIC MULTIMERCADO;11/04/2013;121,28739762
JGP STRATEGY FIC MULTIMERCADO;12/04/2013;121,02767427
JGP STRATEGY FIC MULTIMERCADO;15/04/2013;121,08238486
JGP STRATEGY FIC MULTIMERCADO;16/04/2013;121,12309636
JGP STRATEGY FIC MULTIMERCADO;17/04/2013;121,35208745
JGP STRATEGY FIC MULTIMERCADO;18/04/2013;121,96051503
JGP STRATEGY FIC MULTIMERCADO;19/04/2013;121,99955409
JGP STRATEGY FIC MULTIMERCADO;22/04/2013;121,93411835
JGP STRATEGY FIC MULTIMERCADO;23/04/2013;121,91155021
JGP STRATEGY FIC MULTIMERCADO;24/04/2013;122,06693462
JGP STRATEGY FIC MULTIMERCADO;25/04/2013;121,99162134
JGP STRATEGY FIC MULTIMERCADO;26/04/2013;121,92558278
JGP STRATEGY FIC MULTIMERCADO;29/04/2013;121,93889883
JGP STRATEGY FIC MULTIMERCADO;30/04/2013;122,22836149
JGP STRATEGY FIC MULTIMERCADO;02/05/2013;122,2769428
JGP STRATEGY FIC MULTIMERCADO;03/05/2013;122,34455119
JGP STRATEGY FIC MULTIMERCADO;06/05/2013;122,38660067
JGP STRATEGY FIC MULTIMERCADO;07/05/2013;122,4773308
JGP STRATEGY FIC MULTIMERCADO;08/05/2013;122,72164683
JGP STRATEGY FIC MULTIMERCADO;09/05/2013;123,05066089
JGP STRATEGY FIC MULTIMERCADO;10/05/2013;123,41968224
JGP STRATEGY FIC MULTIMERCADO;13/05/2013;123,3386508
JGP STRATEGY FIC MULTIMERCADO;14/05/2013;123,46659406
JGP STRATEGY FIC MULTIMERCADO;15/05/2013;123,73576918
JGP STRATEGY FIC MULTIMERCADO;16/05/2013;123,67290427
JGP STRATEGY FIC MULTIMERCADO;17/05/2013;123,64304067
JGP STRATEGY FIC MULTIMERCADO;20/05/2013;123,63796297
JGP STRATEGY FIC MULTIMERCADO;21/05/2013;123,58991263
JGP STRATEGY FIC MULTIMERCADO;22/05/2013;123,66617638
JGP STRATEGY FIC MULTIMERCADO;23/05/2013;123,46015518
JGP STRATEGY FIC MULTIMERCADO;24/05/2013;123,54964894
JGP STRATEGY FIC MULTIMERCADO;27/05/2013;123,51268751
JGP STRATEGY FIC MULTIMERCADO;28/05/2013;123,8427737
JGP STRATEGY FIC MULTIMERCADO;29/05/2013;124,28433547
JGP STRATEGY FIC MULTIMERCADO;31/05/2013;124,85429952
JGP STRATEGY FIC MULTIMERCADO;03/06/2013;124,47122693
JGP STRATEGY FIC MULTIMERCADO;04/06/2013;124,44308852
JGP STRATEGY FIC MULTIMERCADO;05/06/2013;124,55163042
JGP STRATEGY FIC MULTIMERCADO;06/06/2013;124,47182477
JGP STRATEGY FIC MULTIMERCADO;07/06/2013;124,59757363
JGP STRATEGY FIC MULTIMERCADO;10/06/2013;124,53668711
JGP STRATEGY FIC MULTIMERCADO;11/06/2013;124,7183041
JGP STRATEGY FIC MULTIMERCADO;12/06/2013;124,83250588
JGP STRATEGY FIC MULTIMERCADO;13/06/2013;124,87300847
JGP STRATEGY FIC MULTIMERCADO;14/06/2013;124,76054427
JGP STRATEGY FIC MULTIMERCADO;17/06/2013;124,73051005
JGP STRATEGY FIC MULTIMERCADO;18/06/2013;124,20619262
JGP STRATEGY FIC MULTIMERCADO;19/06/2013;124,39942329
JGP STRATEGY FIC MULTIMERCADO;20/06/2013;124,07194511
JGP STRATEGY FIC MULTIMERCADO;21/06/2013;124,39732066
JGP STRATEGY FIC MULTIMERCADO;24/06/2013;124,31281202
JGP STRATEGY FIC MULTIMERCADO;25/06/2013;124,25746822
JGP STRATEGY FIC MULTIMERCADO;26/06/2013;124,30306378
JGP STRATEGY FIC MULTIMERCADO;27/06/2013;124,32815601
JGP STRATEGY FIC MULTIMERCADO;28/06/2013;124,59223095
JGP STRATEGY FIC MULTIMERCADO;01/07/2013;124,53819535
JGP STRATEGY FIC MULTIMERCADO;02/07/2013;124,7253252
JGP STRATEGY FIC MULTIMERCADO;03/07/2013;124,76622443
JGP STRATEGY FIC MULTIMERCADO;04/07/2013;124,73044274
JGP STRATEGY FIC MULTIMERCADO;05/07/2013;124,57219831
JGP STRATEGY FIC MULTIMERCADO;08/07/2013;124,7133785
JGP STRATEGY FIC MULTIMERCADO;09/07/2013;124,76968403
JGP STRATEGY FIC MULTIMERCADO;10/07/2013;124,56946904
JGP STRATEGY FIC MULTIMERCADO;11/07/2013;124,40510752
JGP STRATEGY FIC MULTIMERCADO;12/07/2013;124,68476395
JGP STRATEGY FIC MULTIMERCADO;15/07/2013;124,1337513
JGP STRATEGY FIC MULTIMERCADO;16/07/2013;124,19652323
JGP STRATEGY FIC MULTIMERCADO;17/07/2013;124,15754782
JGP STRATEGY FIC MULTIMERCADO;18/07/2013;124,17449686
JGP STRATEGY FIC MULTIMERCADO;19/07/2013;124,3578952
JGP STRATEGY FIC MULTIMERCADO;22/07/2013;124,31307135
JGP STRATEGY FIC MULTIMERCADO;23/07/2013;124,28493354
JGP STRATEGY FIC MULTIMERCADO;24/07/2013;124,58573547
JGP STRATEGY FIC MULTIMERCADO;25/07/2013;124,57448638
JGP STRATEGY FIC MULTIMERCADO;26/07/2013;124,52937655
JGP STRATEGY FIC MULTIMERCADO;29/07/2013;124,76184693
JGP STRATEGY FIC MULTIMERCADO;30/07/2013;125,0767968
JGP STRATEGY FIC MULTIMERCADO;31/07/2013;125,31852081
JGP STRATEGY FIC MULTIMERCADO;01/08/2013;125,31700051
JGP STRATEGY FIC MULTIMERCADO;02/08/2013;125,31997927
JGP STRATEGY FIC MULTIMERCADO;05/08/2013;125,55908226
JGP STRATEGY FIC MULTIMERCADO;06/08/2013;125,82815368
JGP STRATEGY FIC MULTIMERCADO;07/08/2013;125,86418365
JGP STRATEGY FIC MULTIMERCADO;08/08/2013;125,60519941
JGP STRATEGY FIC MULTIMERCADO;09/08/2013;125,40643064
JGP STRATEGY FIC MULTIMERCADO;12/08/2013;125,13033602
JGP STRATEGY FIC MULTIMERCADO;13/08/2013;125,34580693
JGP STRATEGY FIC MULTIMERCADO;14/08/2013;125,34109427
JGP STRATEGY FIC MULTIMERCADO;15/08/2013;125,45492981
JGP STRATEGY FIC MULTIMERCADO;16/08/2013;125,62399905
JGP STRATEGY FIC MULTIMERCADO;19/08/2013;125,72183329
JGP STRATEGY FIC MULTIMERCADO;20/08/2013;125,63638799
JGP STRATEGY FIC MULTIMERCADO;21/08/2013;126,12574641
JGP STRATEGY FIC MULTIMERCADO;22/08/2013;126,07607463
JGP STRATEGY FIC MULTIMERCADO;23/08/2013;125,83315377
JGP STRATEGY FIC MULTIMERCADO;26/08/2013;125,97117902
JGP STRATEGY FIC MULTIMERCADO;27/08/2013;126,23700359
JGP STRATEGY FIC MULTIMERCADO;28/08/2013;126,30057356
JGP STRATEGY FIC MULTIMERCADO;29/08/2013;126,32356123
JGP STRATEGY FIC MULTIMERCADO;30/08/2013;126,45459884
JGP STRATEGY FIC MULTIMERCADO;02/09/2013;126,07651919
JGP STRATEGY FIC MULTIMERCADO;03/09/2013;126,07427899
JGP STRATEGY FIC MULTIMERCADO;04/09/2013;126,12723936
JGP STRATEGY FIC MULTIMERCADO;05/09/2013;126,12714443
JGP STRATEGY FIC MULTIMERCADO;06/09/2013;125,7740328
JGP STRATEGY FIC MULTIMERCADO;09/09/2013;125,77969939
JGP STRATEGY FIC MULTIMERCADO;10/09/2013;125,76502102
JGP STRATEGY FIC MULTIMERCADO;11/09/2013;125,73472881
JGP STRATEGY FIC MULTIMERCADO;12/09/2013;125,74976247
JGP STRATEGY FIC MULTIMERCADO;13/09/2013;125,80499338
JGP STRATEGY FIC MULTIMERCADO;16/09/2013;125,75357605
JGP STRATEGY FIC MULTIMERCADO;17/09/2013;125,7694865
JGP STRATEGY FIC MULTIMERCADO;18/09/2013;125,84127732
JGP STRATEGY FIC MULTIMERCADO;19/09/2013;126,13223078
JGP STRATEGY FIC MULTIMERCADO;20/09/2013;126,11182294
JGP STRATEGY FIC MULTIMERCADO;23/09/2013;126,27669114
JGP STRATEGY FIC MULTIMERCADO;24/09/2013;126,37126109
JGP STRATEGY FIC MULTIMERCADO;25/09/2013;126,47245926
JGP STRATEGY FIC MULTIMERCADO;26/09/2013;126,40146271
JGP STRATEGY FIC MULTIMERCADO;27/09/2013;126,42348934
JGP STRATEGY FIC MULTIMERCADO;30/09/2013;126,38527943
JGP STRATEGY FIC MULTIMERCADO;01/10/2013;126,4066424
JGP STRATEGY FIC MULTIMERCADO;02/10/2013;126,37270113
JGP STRATEGY FIC MULTIMERCADO;03/10/2013;126,42424195
JGP STRATEGY FIC MULTIMERCADO;04/10/2013;126,45371479
JGP STRATEGY FIC MULTIMERCADO;07/10/2013;126,35634123
JGP STRATEGY FIC MULTIMERCADO;08/10/2013;126,40086193
JGP STRATEGY FIC MULTIMERCADO;09/10/2013;126,57720431
JGP STRATEGY FIC MULTIMERCADO;10/10/2013;126,53273369
JGP STRATEGY FIC MULTIMERCADO;11/10/2013;126,635335
JGP STRATEGY FIC MULTIMERCADO;14/10/2013;126,69801037
JGP STRATEGY FIC MULTIMERCADO;15/10/2013;126,68226822
JGP STRATEGY FIC MULTIMERCADO;16/10/2013;126,82397898
JGP STRATEGY FIC MULTIMERCADO;17/10/2013;126,86468302
JGP STRATEGY FIC MULTIMERCADO;18/10/2013;126,93901418
JGP STRATEGY FIC MULTIMERCADO;21/10/2013;126,9837387
JGP STRATEGY FIC MULTIMERCADO;22/10/2013;126,95982968
JGP STRATEGY FIC MULTIMERCADO;23/10/2013;127,028616
JGP STRATEGY FIC MULTIMERCADO;24/10/2013;127,08983443
JGP STRATEGY FIC MULTIMERCADO;25/10/2013;127,01191494
JGP STRATEGY FIC MULTIMERCADO;28/10/2013;127,01314573
JGP STRATEGY FIC MULTIMERCADO;29/10/2013;127,16436012
JGP STRATEGY FIC MULTIMERCADO;30/10/2013;127,20548833
JGP STRATEGY FIC MULTIMERCADO;31/10/2013;127,31710973
JGP STRATEGY FIC MULTIMERCADO;01/11/2013;127,44924252
JGP STRATEGY FIC MULTIMERCADO;04/11/2013;127,46650461
JGP STRATEGY FIC MULTIMERCADO;05/11/2013;127,73923577
JGP STRATEGY FIC MULTIMERCADO;06/11/2013;127,68019128
JGP STRATEGY FIC MULTIMERCADO;07/11/2013;127,77482937
JGP STRATEGY FIC MULTIMERCADO;08/11/2013;127,77801432
JGP STRATEGY FIC MULTIMERCADO;11/11/2013;127,9072711
JGP STRATEGY FIC MULTIMERCADO;12/11/2013;128,03801449
JGP STRATEGY FIC MULTIMERCADO;13/11/2013;127,98829328
JGP STRATEGY FIC MULTIMERCADO;14/11/2013;128,02278887
JGP STRATEGY FIC MULTIMERCADO;18/11/2013;127,95211944
JGP STRATEGY FIC MULTIMERCADO;19/11/2013;127,93182642
JGP STRATEGY FIC MULTIMERCADO;20/11/2013;127,94282697
JGP STRATEGY FIC MULTIMERCADO;21/11/2013;128,01617404
JGP STRATEGY FIC MULTIMERCADO;22/11/2013;127,98720661
JGP STRATEGY FIC MULTIMERCADO;25/11/2013;128,05924064
JGP STRATEGY FIC MULTIMERCADO;26/11/2013;127,95822739
JGP STRATEGY FIC MULTIMERCADO;27/11/2013;128,25328601
JGP STRATEGY FIC MULTIMERCADO;28/11/2013;128,13873888
JGP STRATEGY FIC MULTIMERCADO;29/11/2013;128,35655378
JGP STRATEGY FIC MULTIMERCADO;02/12/2013;128,43231673
JGP STRATEGY FIC MULTIMERCADO;03/12/2013;128,42404031
JGP STRATEGY FIC MULTIMERCADO;04/12/2013;128,73938801
JGP STRATEGY FIC MULTIMERCADO;05/12/2013;128,50794767
JGP STRATEGY FIC MULTIMERCADO;06/12/2013;128,57275902
JGP STRATEGY FIC MULTIMERCADO;09/12/2013;128,69183323
JGP STRATEGY FIC MULTIMERCADO;10/12/2013;128,66389478
JGP STRATEGY FIC MULTIMERCADO;11/12/2013;128,79109115
JGP STRATEGY FIC MULTIMERCADO;12/12/2013;128,89421929
JGP STRATEGY FIC MULTIMERCADO;13/12/2013;128,92083553
JGP STRATEGY FIC MULTIMERCADO;16/12/2013;128,89466656
JGP STRATEGY FIC MULTIMERCADO;17/12/2013;128,92202113
JGP STRATEGY FIC MULTIMERCADO;18/12/2013;129,01966968
JGP STRATEGY FIC MULTIMERCADO;19/12/2013;129,27700155
JGP STRATEGY FIC MULTIMERCADO;20/12/2013;129,56307009
JGP STRATEGY FIC MULTIMERCADO;23/12/2013;129,36438132
JGP STRATEGY FIC MULTIMERCADO;24/12/2013;129,36260923
JGP STRATEGY FIC MULTIMERCADO;26/12/2013;129,73535677
JGP STRATEGY FIC MULTIMERCADO;27/12/2013;129,86429039
JGP STRATEGY FIC MULTIMERCADO;30/12/2013;129,879376
JGP STRATEGY FIC MULTIMERCADO;31/12/2013;130,08612217
JGP STRATEGY FIC MULTIMERCADO;02/01/2014;130,2367264
JGP STRATEGY FIC MULTIMERCADO;03/01/2014;130,24386279
JGP STRATEGY FIC MULTIMERCADO;06/01/2014;130,26079674
JGP STRATEGY FIC MULTIMERCADO;07/01/2014;130,25506445
JGP STRATEGY FIC MULTIMERCADO;08/01/2014;130,37767802
JGP STRATEGY FIC MULTIMERCADO;09/01/2014;130,4294684
JGP STRATEGY FIC MULTIMERCADO;10/01/2014;130,29157663
JGP STRATEGY FIC MULTIMERCADO;13/01/2014;130,24263809
JGP STRATEGY FIC MULTIMERCADO;14/01/2014;130,28770137
JGP STRATEGY FIC MULTIMERCADO;15/01/2014;130,39185814
JGP STRATEGY FIC MULTIMERCADO;16/01/2014;130,38218945
JGP STRATEGY FIC MULTIMERCADO;17/01/2014;130,30156064
JGP STRATEGY FIC MULTIMERCADO;20/01/2014;130,30913544
JGP STRATEGY FIC MULTIMERCADO;21/01/2014;130,41324565
JGP STRATEGY FIC MULTIMERCADO;22/01/2014;130,49141466
JGP STRATEGY FIC MULTIMERCADO;23/01/2014;130,5980842
JGP STRATEGY FIC MULTIMERCADO;24/01/2014;130,6636468
JGP STRATEGY FIC MULTIMERCADO;27/01/2014;130,84769847
JGP STRATEGY FIC MULTIMERCADO;28/01/2014;130,87442961
JGP STRATEGY FIC MULTIMERCADO;29/01/2014;130,94062435
JGP STRATEGY FIC MULTIMERCADO;30/01/2014;130,82986456
JGP STRATEGY FIC MULTIMERCADO;31/01/2014;130,91408071
JGP STRATEGY FIC MULTIMERCADO;03/02/2014;130,99355212
JGP STRATEGY FIC MULTIMERCADO;04/02/2014;131,0174603
JGP STRATEGY FIC MULTIMERCADO;05/02/2014;131,13978175
JGP STRATEGY FIC MULTIMERCADO;06/02/2014;131,20105488
JGP STRATEGY FIC MULTIMERCADO;07/02/2014;131,36029358
JGP STRATEGY FIC MULTIMERCADO;10/02/2014;131,47531741
JGP STRATEGY FIC MULTIMERCADO;11/02/2014;131,48018084
JGP STRATEGY FIC MULTIMERCADO;12/02/2014;131,521723
JGP STRATEGY FIC MULTIMERCADO;13/02/2014;131,5049213
JGP STRATEGY FIC MULTIMERCADO;14/02/2014;131,62262322
JGP STRATEGY FIC MULTIMERCADO;17/02/2014;131,79428419
JGP STRATEGY FIC MULTIMERCADO;18/02/2014;131,96763269
JGP STRATEGY FIC MULTIMERCADO;19/02/2014;131,99963678
JGP STRATEGY FIC MULTIMERCADO;20/02/2014;132,05681996
JGP STRATEGY FIC MULTIMERCADO;21/02/2014;132,016527
JGP STRATEGY FIC MULTIMERCADO;24/02/2014;131,99974692
JGP STRATEGY FIC MULTIMERCADO;25/02/2014;131,98469192
JGP STRATEGY FIC MULTIMERCADO;26/02/2014;132,1139201
JGP STRATEGY FIC MULTIMERCADO;27/02/2014;132,12715216
JGP STRATEGY FIC MULTIMERCADO;28/02/2014;132,16770758
JGP STRATEGY FIC MULTIMERCADO;05/03/2014;132,18312532
JGP STRATEGY FIC MULTIMERCADO;06/03/2014;132,28161269
JGP STRATEGY FIC MULTIMERCADO;07/03/2014;132,43793379
JGP STRATEGY FIC MULTIMERCADO;10/03/2014;132,47522688
JGP STRATEGY FIC MULTIMERCADO;11/03/2014;132,52783468
JGP STRATEGY FIC MULTIMERCADO;12/03/2014;132,49701511
JGP STRATEGY FIC MULTIMERCADO;13/03/2014;132,52324715
JGP STRATEGY FIC MULTIMERCADO;14/03/2014;132,47166379
JGP STRATEGY FIC MULTIMERCADO;17/03/2014;132,4809362
JGP STRATEGY FIC MULTIMERCADO;18/03/2014;132,46719338
JGP STRATEGY FIC MULTIMERCADO;19/03/2014;132,61792122
JGP STRATEGY FIC MULTIMERCADO;20/03/2014;132,64951499
JGP STRATEGY FIC MULTIMERCADO;21/03/2014;132,6363948
JGP STRATEGY FIC MULTIMERCADO;24/03/2014;132,5785359
JGP STRATEGY FIC MULTIMERCADO;25/03/2014;132,49489196
JGP STRATEGY FIC MULTIMERCADO;26/03/2014;132,42915802
JGP STRATEGY FIC MULTIMERCADO;27/03/2014;132,45135564
JGP STRATEGY FIC MULTIMERCADO;28/03/2014;132,65055826
JGP STRATEGY FIC MULTIMERCADO;31/03/2014;132,70818073
JGP STRATEGY FIC MULTIMERCADO;01/04/2014;132,79197853
JGP STRATEGY FIC MULTIMERCADO;02/04/2014;132,86057148
JGP STRATEGY FIC MULTIMERCADO;03/04/2014;132,95793736
JGP STRATEGY FIC MULTIMERCADO;04/04/2014;132,89301422
JGP STRATEGY FIC MULTIMERCADO;07/04/2014;132,79905725
JGP STRATEGY FIC MULTIMERCADO;08/04/2014;132,72301114
JGP STRATEGY FIC MULTIMERCADO;09/04/2014;132,82457073
JGP STRATEGY FIC MULTIMERCADO;10/04/2014;132,86213192
JGP STRATEGY FIC MULTIMERCADO;11/04/2014;132,9308581
JGP STRATEGY FIC MULTIMERCADO;14/04/2014;133,11507822
JGP STRATEGY FIC MULTIMERCADO;15/04/2014;133,26121271
JGP STRATEGY FIC MULTIMERCADO;16/04/2014;133,27205307
JGP STRATEGY FIC MULTIMERCADO;17/04/2014;133,16994944
JGP STRATEGY FIC MULTIMERCADO;22/04/2014;133,15167122
JGP STRATEGY FIC MULTIMERCADO;23/04/2014;133,24247119
JGP STRATEGY FIC MULTIMERCADO;24/04/2014;133,29468154
JGP STRATEGY FIC MULTIMERCADO;25/04/2014;133,31048344
JGP STRATEGY FIC MULTIMERCADO;28/04/2014;133,3506943
JGP STRATEGY FIC MULTIMERCADO;29/04/2014;133,55503538
JGP STRATEGY FIC MULTIMERCADO;30/04/2014;133,69100823
JGP STRATEGY FIC MULTIMERCADO;02/05/2014;133,90320641
JGP STRATEGY FIC MULTIMERCADO;05/05/2014;133,99551775
JGP STRATEGY FIC MULTIMERCADO;06/05/2014;134,0391722
JGP STRATEGY FIC MULTIMERCADO;07/05/2014;134,1229931
JGP STRATEGY FIC MULTIMERCADO;08/05/2014;134,04142218
JGP STRATEGY FIC MULTIMERCADO;09/05/2014;133,98588381
JGP STRATEGY FIC MULTIMERCADO;12/05/2014;134,03498448
JGP STRATEGY FIC MULTIMERCADO;13/05/2014;134,07490656
JGP STRATEGY FIC MULTIMERCADO;14/05/2014;134,29183657
JGP STRATEGY FIC MULTIMERCADO;15/05/2014;134,34250101
JGP STRATEGY FIC MULTIMERCADO;16/05/2014;134,36104473
JGP STRATEGY FIC MULTIMERCADO;19/05/2014;134,42966976
JGP STRATEGY FIC MULTIMERCADO;20/05/2014;134,5793294
JGP STRATEGY FIC MULTIMERCADO;21/05/2014;134,66919435
JGP STRATEGY FIC MULTIMERCADO;22/05/2014;134,7445253
JGP STRATEGY FIC MULTIMERCADO;23/05/2014;134,77064834
JGP STRATEGY FIC MULTIMERCADO;26/05/2014;134,78415005
JGP STRATEGY FIC MULTIMERCADO;27/05/2014;134,90101993
JGP STRATEGY FIC MULTIMERCADO;28/05/2014;134,94362617
JGP STRATEGY FIC MULTIMERCADO;29/05/2014;134,99562467
JGP STRATEGY FIC MULTIMERCADO;30/05/2014;135,15132524
JGP STRATEGY FIC MULTIMERCADO;02/06/2014;135,0630204
JGP STRATEGY FIC MULTIMERCADO;03/06/2014;135,02754343
JGP STRATEGY FIC MULTIMERCADO;04/06/2014;135,18574415
JGP STRATEGY FIC MULTIMERCADO;05/06/2014;135,19288841
JGP STRATEGY FIC MULTIMERCADO;06/06/2014;135,37962152
JGP STRATEGY FIC MULTIMERCADO;09/06/2014;135,34782785
JGP STRATEGY FIC MULTIMERCADO;10/06/2014;135,37237824
JGP STRATEGY FIC MULTIMERCADO;11/06/2014;135,50000078
JGP STRATEGY FIC MULTIMERCADO;12/06/2014;135,51415785
JGP STRATEGY FIC MULTIMERCADO;13/06/2014;135,88813124
JGP STRATEGY FIC MULTIMERCADO;16/06/2014;135,6617285
JGP STRATEGY FIC MULTIMERCADO;17/06/2014;135,50431284
JGP STRATEGY FIC MULTIMERCADO;18/06/2014;135,6814208
JGP STRATEGY FIC MULTIMERCADO;20/06/2014;135,65251667
JGP STRATEGY FIC MULTIMERCADO;23/06/2014;135,79347859
JGP STRATEGY FIC MULTIMERCADO;24/06/2014;135,8358462
JGP STRATEGY FIC MULTIMERCADO;25/06/2014;135,95315068
JGP STRATEGY FIC MULTIMERCADO;26/06/2014;136,21714381
JGP STRATEGY FIC MULTIMERCADO;27/06/2014;136,01633797
JGP STRATEGY FIC MULTIMERCADO;30/06/2014;135,57895826
JGP STRATEGY FIC MULTIMERCADO;01/07/2014;135,95762367
JGP STRATEGY FIC MULTIMERCADO;02/07/2014;135,79399928
JGP STRATEGY FIC MULTIMERCADO;03/07/2014;135,95983489
JGP STRATEGY FIC MULTIMERCADO;04/07/2014;135,96577604
JGP STRATEGY FIC MULTIMERCADO;07/07/2014;135,999806
JGP STRATEGY FIC MULTIMERCADO;08/07/2014;136,07113351
JGP STRATEGY FIC MULTIMERCADO;09/07/2014;136,00735771
JGP STRATEGY FIC MULTIMERCADO;10/07/2014;135,86993868
JGP STRATEGY FIC MULTIMERCADO;11/07/2014;135,83301188
JGP STRATEGY FIC MULTIMERCADO;14/07/2014;135,77826834
JGP STRATEGY FIC MULTIMERCADO;15/07/2014;135,75761186
JGP STRATEGY FIC MULTIMERCADO;16/07/2014;135,85725314
JGP STRATEGY FIC MULTIMERCADO;17/07/2014;135,7657894
JGP STRATEGY FIC MULTIMERCADO;18/07/2014;136,15019724
JGP STRATEGY FIC MULTIMERCADO;21/07/2014;136,39312065
JGP STRATEGY FIC MULTIMERCADO;22/07/2014;136,71663394
JGP STRATEGY FIC MULTIMERCADO;23/07/2014;136,55140159
JGP STRATEGY FIC MULTIMERCADO;24/07/2014;136,47525494
JGP STRATEGY FIC MULTIMERCADO;25/07/2014;136,63011196
JGP STRATEGY FIC MULTIMERCADO;28/07/2014;136,59899039
JGP STRATEGY FIC MULTIMERCADO;29/07/2014;136,60446987
JGP STRATEGY FIC MULTIMERCADO;30/07/2014;136,67903103
JGP STRATEGY FIC MULTIMERCADO;31/07/2014;136,68689438
JGP STRATEGY FIC MULTIMERCADO;01/08/2014;136,13034098
JGP STRATEGY FIC MULTIMERCADO;04/08/2014;136,42938596
JGP STRATEGY FIC MULTIMERCADO;05/08/2014;136,49523966
JGP STRATEGY FIC MULTIMERCADO;06/08/2014;136,90287292
JGP STRATEGY FIC MULTIMERCADO;07/08/2014;136,78654285
JGP STRATEGY FIC MULTIMERCADO;08/08/2014;136,74159733
JGP STRATEGY FIC MULTIMERCADO;11/08/2014;136,87208782
JGP STRATEGY FIC MULTIMERCADO;12/08/2014;136,84034962
JGP STRATEGY FIC MULTIMERCADO;13/08/2014;136,64330492
JGP STRATEGY FIC MULTIMERCADO;14/08/2014;136,60879551
JGP STRATEGY FIC MULTIMERCADO;15/08/2014;136,7807626
JGP STRATEGY FIC MULTIMERCADO;18/08/2014;136,88562008
JGP STRATEGY FIC MULTIMERCADO;19/08/2014;137,00317667
JGP STRATEGY FIC MULTIMERCADO;20/08/2014;137,11218876
JGP STRATEGY FIC MULTIMERCADO;21/08/2014;136,90934011
JGP STRATEGY FIC MULTIMERCADO;22/08/2014;137,25899899
JGP STRATEGY FIC MULTIMERCADO;25/08/2014;137,49208357
JGP STRATEGY FIC MULTIMERCADO;26/08/2014;137,73880848
JGP STRATEGY FIC MULTIMERCADO;27/08/2014;138,04596156
JGP STRATEGY FIC MULTIMERCADO;28/08/2014;138,15714006
JGP STRATEGY FIC MULTIMERCADO;29/08/2014;138,30241765
JGP STRATEGY FIC MULTIMERCADO;01/09/2014;138,57483976
JGP STRATEGY FIC MULTIMERCADO;02/09/2014;138,87130029
JGP STRATEGY FIC MULTIMERCADO;03/09/2014;138,88438876
JGP STRATEGY FIC MULTIMERCADO;04/09/2014;138,8915881
JGP STRATEGY FIC MULTIMERCADO;05/09/2014;138,91797017
JGP STRATEGY FIC MULTIMERCADO;08/09/2014;138,93409686
JGP STRATEGY FIC MULTIMERCADO;09/09/2014;138,87066929
JGP STRATEGY FIC MULTIMERCADO;10/09/2014;138,91169756
JGP STRATEGY FIC MULTIMERCADO;11/09/2014;138,94204911
JGP STRATEGY FIC MULTIMERCADO;12/09/2014;139,11559723
JGP STRATEGY FIC MULTIMERCADO;15/09/2014;139,16954363
JGP STRATEGY FIC MULTIMERCADO;16/09/2014;139,12015449
JGP STRATEGY FIC MULTIMERCADO;17/09/2014;139,39801654
JGP STRATEGY FIC MULTIMERCADO;18/09/2014;139,39454531
JGP STRATEGY FIC MULTIMERCADO;19/09/2014;139,55677915
JGP STRATEGY FIC MULTIMERCADO;22/09/2014;139,4248315
JGP STRATEGY FIC MULTIMERCADO;23/09/2014;139,48922139
JGP STRATEGY FIC MULTIMERCADO;24/09/2014;139,55908027
JGP STRATEGY FIC MULTIMERCADO;25/09/2014;139,65115311
JGP STRATEGY FIC MULTIMERCADO;26/09/2014;139,8292809
JGP STRATEGY FIC MULTIMERCADO;29/09/2014;139,66000241
JGP STRATEGY FIC MULTIMERCADO;30/09/2014;139,62587488
JGP STRATEGY FIC MULTIMERCADO;01/10/2014;139,75023586
JGP STRATEGY FIC MULTIMERCADO;02/10/2014;139,75554077
JGP STRATEGY FIC MULTIMERCADO;03/10/2014;139,9492633
JGP STRATEGY FIC MULTIMERCADO;06/10/2014;139,64669652
JGP STRATEGY FIC MULTIMERCADO;07/10/2014;139,87643245
JGP STRATEGY FIC MULTIMERCADO;08/10/2014;139,8440191
JGP STRATEGY FIC MULTIMERCADO;09/10/2014;139,99481917
JGP STRATEGY FIC MULTIMERCADO;10/10/2014;139,40349264
JGP STRATEGY FIC MULTIMERCADO;13/10/2014;140,26481383
JGP STRATEGY FIC MULTIMERCADO;14/10/2014;140,14651729
JGP STRATEGY FIC MULTIMERCADO;15/10/2014;139,28694366
JGP STRATEGY FIC MULTIMERCADO;16/10/2014;138,85558191
JGP STRATEGY FIC MULTIMERCADO;17/10/2014;139,29924923
JGP STRATEGY FIC MULTIMERCADO;20/10/2014;138,5693731
JGP STRATEGY FIC MULTIMERCADO;21/10/2014;137,7328161
JGP STRATEGY FIC MULTIMERCADO;22/10/2014;137,67814707
JGP STRATEGY FIC MULTIMERCADO;23/10/2014;137,60627692
JGP STRATEGY FIC MULTIMERCADO;24/10/2014;137,72790116
JGP STRATEGY FIC MULTIMERCADO;27/10/2014;137,74495387
JGP STRATEGY FIC MULTIMERCADO;28/10/2014;137,74857841
JGP STRATEGY FIC MULTIMERCADO;29/10/2014;137,968877
JGP STRATEGY FIC MULTIMERCADO;30/10/2014;137,81959612
JGP STRATEGY FIC MULTIMERCADO;31/10/2014;137,97097135
JGP STRATEGY FIC MULTIMERCADO;03/11/2014;138,23970029
JGP STRATEGY FIC MULTIMERCADO;04/11/2014;138,05006852
JGP STRATEGY FIC MULTIMERCADO;05/11/2014;138,17374112
JGP STRATEGY FIC MULTIMERCADO;06/11/2014;138,42423624
JGP STRATEGY FIC MULTIMERCADO;07/11/2014;138,20040299
JGP STRATEGY FIC MULTIMERCADO;10/11/2014;138,20581918
JGP STRATEGY FIC MULTIMERCADO;11/11/2014;138,2890962
JGP STRATEGY FIC MULTIMERCADO;12/11/2014;138,33325905
JGP STRATEGY FIC MULTIMERCADO;13/11/2014;138,67897715
JGP STRATEGY FIC MULTIMERCADO;14/11/2014;138,76408796
JGP STRATEGY FIC MULTIMERCADO;17/11/2014;138,82834428
JGP STRATEGY FIC MULTIMERCADO;18/11/2014;138,6587119
JGP STRATEGY FIC MULTIMERCADO;19/11/2014;138,57919743
JGP STRATEGY FIC MULTIMERCADO;20/11/2014;138,62041548
JGP STRATEGY FIC MULTIMERCADO;21/11/2014;138,7017251
JGP STRATEGY FIC MULTIMERCADO;24/11/2014;138,89136324
JGP STRATEGY FIC MULTIMERCADO;25/11/2014;138,86717956
JGP STRATEGY FIC MULTIMERCADO;26/11/2014;138,87184939
JGP STRATEGY FIC MULTIMERCADO;27/11/2014;138,94667621
JGP STRATEGY FIC MULTIMERCADO;28/11/2014;139,11051664
JGP STRATEGY FIC MULTIMERCADO;01/12/2014;139,12604519
JGP STRATEGY FIC MULTIMERCADO;02/12/2014;139,3785845
JGP STRATEGY FIC MULTIMERCADO;03/12/2014;139,27717784
JGP STRATEGY FIC MULTIMERCADO;04/12/2014;139,67975319
JGP STRATEGY FIC MULTIMERCADO;05/12/2014;139,84459169
JGP STRATEGY FIC MULTIMERCADO;08/12/2014;140,09860487
JGP STRATEGY FIC MULTIMERCADO;09/12/2014;139,93123089
JGP STRATEGY FIC MULTIMERCADO;10/12/2014;139,97976736
JGP STRATEGY FIC MULTIMERCADO;11/12/2014;140,3991864
JGP STRATEGY FIC MULTIMERCADO;12/12/2014;140,26941772
JGP STRATEGY FIC MULTIMERCADO;15/12/2014;140,49512196
JGP STRATEGY FIC MULTIMERCADO;16/12/2014;140,94666763
JGP STRATEGY FIC MULTIMERCADO;17/12/2014;141,0108444
JGP STRATEGY FIC MULTIMERCADO;18/12/2014;141,01650828
JGP STRATEGY FIC MULTIMERCADO;19/12/2014;140,91308284
JGP STRATEGY FIC MULTIMERCADO;22/12/2014;141,08730025
JGP STRATEGY FIC MULTIMERCADO;23/12/2014;141,38289983
JGP STRATEGY FIC MULTIMERCADO;24/12/2014;141,43190599
JGP STRATEGY FIC MULTIMERCADO;26/12/2014;141,450347
JGP STRATEGY FIC MULTIMERCADO;29/12/2014;141,6436279
JGP STRATEGY FIC MULTIMERCADO;30/12/2014;141,47596117
JGP STRATEGY FIC MULTIMERCADO;31/12/2014;141,52439671
JGP STRATEGY FIC MULTIMERCADO;02/01/2015;141,76745279
JGP STRATEGY FIC MULTIMERCADO;05/01/2015;141,78257624
JGP STRATEGY FIC MULTIMERCADO;06/01/2015;141,65014464
JGP STRATEGY FIC MULTIMERCADO;07/01/2015;141,72378328
JGP STRATEGY FIC MULTIMERCADO;08/01/2015;141,85288177
JGP STRATEGY FIC MULTIMERCADO;09/01/2015;141,57724832
JGP STRATEGY FIC MULTIMERCADO;12/01/2015;141,69691425
JGP STRATEGY FIC MULTIMERCADO;13/01/2015;141,69007158
JGP STRATEGY FIC MULTIMERCADO;14/01/2015;141,53742127
JGP STRATEGY FIC MULTIMERCADO;15/01/2015;141,49864533
JGP STRATEGY FIC MULTIMERCADO;16/01/2015;141,83448516
JGP STRATEGY FIC MULTIMERCADO;19/01/2015;142,03940928
JGP STRATEGY FIC MULTIMERCADO;20/01/2015;141,98114819
JGP STRATEGY FIC MULTIMERCADO;21/01/2015;141,98273168
JGP STRATEGY FIC MULTIMERCADO;22/01/2015;141,81056927
JGP STRATEGY FIC MULTIMERCADO;23/01/2015;142,04005367
JGP STRATEGY FIC MULTIMERCADO;26/01/2015;141,96747799
JGP STRATEGY FIC MULTIMERCADO;27/01/2015;141,94995358
JGP STRATEGY FIC MULTIMERCADO;28/01/2015;141,94115744
JGP STRATEGY FIC MULTIMERCADO;29/01/2015;142,07128253
JGP STRATEGY FIC MULTIMERCADO;30/01/2015;142,04581336
JGP STRATEGY FIC MULTIMERCADO;02/02/2015;142,12984004
JGP STRATEGY FIC MULTIMERCADO;03/02/2015;142,28512132
JGP STRATEGY FIC MULTIMERCADO;04/02/2015;142,59762284
JGP STRATEGY FIC MULTIMERCADO;05/02/2015;142,53923838
JGP STRATEGY FIC MULTIMERCADO;06/02/2015;142,82183539
JGP STRATEGY FIC MULTIMERCADO;09/02/2015;142,76820853
JGP STRATEGY FIC MULTIMERCADO;10/02/2015;143,30392771
JGP STRATEGY FIC MULTIMERCADO;11/02/2015;143,90134248
JGP STRATEGY FIC MULTIMERCADO;12/02/2015;143,5479416
JGP STRATEGY FIC MULTIMERCADO;13/02/2015;143,68674802
JGP STRATEGY FIC MULTIMERCADO;18/02/2015;143,80881438
JGP STRATEGY FIC MULTIMERCADO;19/02/2015;143,99993306
JGP STRATEGY FIC MULTIMERCADO;20/02/2015;144,10951626
JGP STRATEGY FIC MULTIMERCADO;23/02/2015;144,10734885
JGP STRATEGY FIC MULTIMERCADO;24/02/2015;143,97139355
JGP STRATEGY FIC MULTIMERCADO;25/02/2015;143,91007635
JGP STRATEGY FIC MULTIMERCADO;26/02/2015;144,04976178
JGP STRATEGY FIC MULTIMERCADO;27/02/2015;144,11086654
JGP STRATEGY FIC MULTIMERCADO;02/03/2015;144,38439874
JGP STRATEGY FIC MULTIMERCADO;03/03/2015;144,67228817
JGP STRATEGY FIC MULTIMERCADO;04/03/2015;144,91569954
JGP STRATEGY FIC MULTIMERCADO;05/03/2015;145,20989359
JGP STRATEGY FIC MULTIMERCADO;06/03/2015;145,61220185
JGP STRATEGY FIC MULTIMERCADO;09/03/2015;145,74132015
JGP STRATEGY FIC MULTIMERCADO;10/03/2015;145,78964646
JGP STRATEGY FIC MULTIMERCADO;11/03/2015;146,12510671
JGP STRATEGY FIC MULTIMERCADO;12/03/2015;146,09708567
JGP STRATEGY FIC MULTIMERCADO;13/03/2015;146,34123176
JGP STRATEGY FIC MULTIMERCADO;16/03/2015;146,11543445
JGP STRATEGY FIC MULTIMERCADO;17/03/2015;146,17347405
JGP STRATEGY FIC MULTIMERCADO;18/03/2015;146,35040557
JGP STRATEGY FIC MULTIMERCADO;19/03/2015;146,65701035
JGP STRATEGY FIC MULTIMERCADO;20/03/2015;146,5937563
JGP STRATEGY FIC MULTIMERCADO;23/03/2015;146,62797079
JGP STRATEGY FIC MULTIMERCADO;24/03/2015;146,69316752
JGP STRATEGY FIC MULTIMERCADO;25/03/2015;147,10481675
JGP STRATEGY FIC MULTIMERCADO;26/03/2015;147,17129606
JGP STRATEGY FIC MULTIMERCADO;27/03/2015;147,51599372
JGP STRATEGY FIC MULTIMERCADO;30/03/2015;147,46754505
JGP STRATEGY FIC MULTIMERCADO;31/03/2015;147,70296389
JGP STRATEGY FIC MULTIMERCADO;01/04/2015;148,12250656
JGP STRATEGY FIC MULTIMERCADO;02/04/2015;148,03640656
JGP STRATEGY FIC MULTIMERCADO;06/04/2015;148,1322006
JGP STRATEGY FIC MULTIMERCADO;07/04/2015;148,30732409
JGP STRATEGY FIC MULTIMERCADO;08/04/2015;148,05608112
JGP STRATEGY FIC MULTIMERCADO;09/04/2015;148,56221827
JGP STRATEGY FIC MULTIMERCADO;10/04/2015;148,79820545
JGP STRATEGY FIC MULTIMERCADO;13/04/2015;149,18824753
JGP STRATEGY FIC MULTIMERCADO;14/04/2015;149,13990052
JGP STRATEGY FIC MULTIMERCADO;15/04/2015;148,9933431
JGP STRATEGY FIC MULTIMERCADO;16/04/2015;148,83947726
JGP STRATEGY FIC MULTIMERCADO;17/04/2015;148,71802385
JGP STRATEGY FIC MULTIMERCADO;20/04/2015;148,51092426
JGP STRATEGY FIC MULTIMERCADO;22/04/2015;148,46307329
JGP STRATEGY FIC MULTIMERCADO;23/04/2015;148,44963608
JGP STRATEGY FIC MULTIMERCADO;24/04/2015;148,31285848
JGP STRATEGY FIC MULTIMERCADO;27/04/2015;148,63374539
JGP STRATEGY FIC MULTIMERCADO;28/04/2015;148,68664066
JGP STRATEGY FIC MULTIMERCADO;29/04/2015;148,99083226
JGP STRATEGY FIC MULTIMERCADO;30/04/2015;148,59411791
JGP STRATEGY FIC MULTIMERCADO;04/05/2015;148,49125409
JGP STRATEGY FIC MULTIMERCADO;05/05/2015;148,4090792
JGP STRATEGY FIC MULTIMERCADO;06/05/2015;148,4717756
JGP STRATEGY FIC MULTIMERCADO;07/05/2015;148,25031246
JGP STRATEGY FIC MULTIMERCADO;08/05/2015;148,61971351
JGP STRATEGY FIC MULTIMERCADO;11/05/2015;148,68684739
JGP STRATEGY FIC MULTIMERCADO;12/05/2015;148,64292325
JGP STRATEGY FIC MULTIMERCADO;13/05/2015;148,77087226
JGP STRATEGY FIC MULTIMERCADO;14/05/2015;149,0641028
JGP STRATEGY FIC MULTIMERCADO;15/05/2015;149,2419704
JGP STRATEGY FIC MULTIMERCADO;18/05/2015;149,32652471
JGP STRATEGY FIC MULTIMERCADO;19/05/2015;149,57952803
JGP STRATEGY FIC MULTIMERCADO;20/05/2015;150,01725176
JGP STRATEGY FIC MULTIMERCADO;21/05/2015;150,11123586
JGP STRATEGY FIC MULTIMERCADO;22/05/2015;150,70380858
JGP STRATEGY FIC MULTIMERCADO;25/05/2015;150,75619657
JGP STRATEGY FIC MULTIMERCADO;26/05/2015;151,09350804
JGP STRATEGY FIC MULTIMERCADO;27/05/2015;151,08609522
JGP STRATEGY FIC MULTIMERCADO;28/05/2015;151,35443131
JGP STRATEGY FIC MULTIMERCADO;29/05/2015;151,23455029
JGP STRATEGY FIC MULTIMERCADO;01/06/2015;151,00854504
JGP STRATEGY FIC MULTIMERCADO;02/06/2015;150,74801835
JGP STRATEGY FIC MULTIMERCADO;03/06/2015;150,63705821
JGP STRATEGY FIC MULTIMERCADO;05/06/2015;150,26499573
JGP STRATEGY FIC MULTIMERCADO;08/06/2015;150,41082133
JGP STRATEGY FIC MULTIMERCADO;09/06/2015;150,35951964
JGP STRATEGY FIC MULTIMERCADO;10/06/2015;150,05467595
JGP STRATEGY FIC MULTIMERCADO;11/06/2015;149,69510448
JGP STRATEGY FIC MULTIMERCADO;12/06/2015;149,77937564
JGP STRATEGY FIC MULTIMERCADO;15/06/2015;149,57761378
JGP STRATEGY FIC MULTIMERCADO;16/06/2015;149,74941337
JGP STRATEGY FIC MULTIMERCADO;17/06/2015;149,86287007
JGP STRATEGY FIC MULTIMERCADO;18/06/2015;149,92105122
JGP STRATEGY FIC MULTIMERCADO;19/06/2015;149,90286609
JGP STRATEGY FIC MULTIMERCADO;22/06/2015;150,09921784
JGP STRATEGY FIC MULTIMERCADO;23/06/2015;150,36107235
JGP STRATEGY FIC MULTIMERCADO;24/06/2015;150,17302382
JGP STRATEGY FIC MULTIMERCADO;25/06/2015;150,18567636
JGP STRATEGY FIC MULTIMERCADO;26/06/2015;150,33137012
JGP STRATEGY FIC MULTIMERCADO;29/06/2015;150,32160481
JGP STRATEGY FIC MULTIMERCADO;30/06/2015;150,47693196
JGP STRATEGY FIC MULTIMERCADO;01/07/2015;150,61458366
JGP STRATEGY FIC MULTIMERCADO;02/07/2015;150,84599434
JGP STRATEGY FIC MULTIMERCADO;03/07/2015;151,18793133
JGP STRATEGY FIC MULTIMERCADO;06/07/2015;151,33386204
JGP STRATEGY FIC MULTIMERCADO;07/07/2015;151,68190447
JGP STRATEGY FIC MULTIMERCADO;08/07/2015;152,08451915
JGP STRATEGY FIC MULTIMERCADO;09/07/2015;152,13050965
JGP STRATEGY FIC MULTIMERCADO;10/07/2015;152,03957746
JGP STRATEGY FIC MULTIMERCADO;13/07/2015;151,91705969
JGP STRATEGY FIC MULTIMERCADO;14/07/2015;152,02729965
JGP STRATEGY FIC MULTIMERCADO;15/07/2015;151,99068033
JGP STRATEGY FIC MULTIMERCADO;16/07/2015;152,17818856
JGP STRATEGY FIC MULTIMERCADO;17/07/2015;152,5587782
JGP STRATEGY FIC MULTIMERCADO;20/07/2015;152,86585462
JGP STRATEGY FIC MULTIMERCADO;21/07/2015;152,69252185
JGP STRATEGY FIC MULTIMERCADO;22/07/2015;153,08236157
JGP STRATEGY FIC MULTIMERCADO;23/07/2015;153,20948994
JGP STRATEGY FIC MULTIMERCADO;24/07/2015;153,73650181
JGP STRATEGY FIC MULTIMERCADO;27/07/2015;153,89856033
JGP STRATEGY FIC MULTIMERCADO;28/07/2015;154,01570474
JGP STRATEGY FIC MULTIMERCADO;29/07/2015;153,47287296
JGP STRATEGY FIC MULTIMERCADO;30/07/2015;154,32600799
JGP STRATEGY FIC MULTIMERCADO;31/07/2015;154,64952965
JGP STRATEGY FIC MULTIMERCADO;03/08/2015;154,73038024
JGP STRATEGY FIC MULTIMERCADO;04/08/2015;154,77103179
JGP STRATEGY FIC MULTIMERCADO;05/08/2015;154,95267365
JGP STRATEGY FIC MULTIMERCADO;06/08/2015;155,03174171
JGP STRATEGY FIC MULTIMERCADO;07/08/2015;154,87740388
JGP STRATEGY FIC MULTIMERCADO;10/08/2015;154,55946576
JGP STRATEGY FIC MULTIMERCADO;11/08/2015;154,85769089
JGP STRATEGY FIC MULTIMERCADO;12/08/2015;154,90814758
JGP STRATEGY FIC MULTIMERCADO;13/08/2015;155,13507079
JGP STRATEGY FIC MULTIMERCADO;14/08/2015;155,03228036
JGP STRATEGY FIC MULTIMERCADO;17/08/2015;155,01620153
JGP STRATEGY FIC MULTIMERCADO;18/08/2015;155,16158409
JGP STRATEGY FIC MULTIMERCADO;19/08/2015;155,27468782
JGP STRATEGY FIC MULTIMERCADO;20/08/2015;155,39639841
JGP STRATEGY FIC MULTIMERCADO;21/08/2015;155,30493134
JGP STRATEGY FIC MULTIMERCADO;24/08/2015;155,5068536
JGP STRATEGY FIC MULTIMERCADO;25/08/2015;155,77828781
JGP STRATEGY FIC MULTIMERCADO;26/08/2015;155,8577542
JGP STRATEGY FIC MULTIMERCADO;27/08/2015;155,99374569
JGP STRATEGY FIC MULTIMERCADO;28/08/2015;155,85183105
JGP STRATEGY FIC MULTIMERCADO;31/08/2015;155,72391567
JGP STRATEGY FIC MULTIMERCADO;01/09/2015;156,00478291
JGP STRATEGY FIC MULTIMERCADO;02/09/2015;156,23698165
JGP STRATEGY FIC MULTIMERCADO;03/09/2015;156,16279117
JGP STRATEGY FIC MULTIMERCADO;04/09/2015;156,39418866
JGP STRATEGY FIC MULTIMERCADO;08/09/2015;156,40778459
JGP STRATEGY FIC MULTIMERCADO;09/09/2015;156,40007438
JGP STRATEGY FIC MULTIMERCADO;10/09/2015;156,40268892
JGP STRATEGY FIC MULTIMERCADO;11/09/2015;156,51015265
JGP STRATEGY FIC MULTIMERCADO;14/09/2015;156,46648936
JGP STRATEGY FIC MULTIMERCADO;15/09/2015;156,65634289
JGP STRATEGY FIC MULTIMERCADO;16/09/2015;156,77955894
JGP STRATEGY FIC MULTIMERCADO;17/09/2015;156,91930466
JGP STRATEGY FIC MULTIMERCADO;18/09/2015;157,03327788
JGP STRATEGY FIC MULTIMERCADO;21/09/2015;157,11975044
JGP STRATEGY FIC MULTIMERCADO;22/09/2015;157,07189871
JGP STRATEGY FIC MULTIMERCADO;23/09/2015;157,12875184
JGP STRATEGY FIC MULTIMERCADO;24/09/2015;156,99326815
JGP STRATEGY FIC MULTIMERCADO;25/09/2015;156,98576772
JGP STRATEGY FIC MULTIMERCADO;28/09/2015;156,97395045
JGP STRATEGY FIC MULTIMERCADO;29/09/2015;157,02636352
JGP STRATEGY FIC MULTIMERCADO;30/09/2015;157,27551857
JGP STRATEGY FIC MULTIMERCADO;01/10/2015;157,39384997
JGP STRATEGY FIC MULTIMERCADO;02/10/2015;157,53834568
JGP STRATEGY FIC MULTIMERCADO;05/10/2015;157,58286668
JGP STRATEGY FIC MULTIMERCADO;06/10/2015;157,70183114
JGP STRATEGY FIC MULTIMERCADO;07/10/2015;157,79414988
JGP STRATEGY FIC MULTIMERCADO;08/10/2015;157,83190078
JGP STRATEGY FIC MULTIMERCADO;09/10/2015;157,674555
JGP STRATEGY FIC MULTIMERCADO;13/10/2015;158,07007258
JGP STRATEGY FIC MULTIMERCADO;14/10/2015;158,14380236
JGP STRATEGY FIC MULTIMERCADO;15/10/2015;158,12111269
JGP STRATEGY FIC MULTIMERCADO;16/10/2015;157,9122288
JGP STRATEGY FIC MULTIMERCADO;19/10/2015;158,58535555
JGP STRATEGY FIC MULTIMERCADO;20/10/2015;158,68068035
JGP STRATEGY FIC MULTIMERCADO;21/10/2015;158,87627046
JGP STRATEGY FIC MULTIMERCADO;22/10/2015;159,14033485
JGP STRATEGY FIC MULTIMERCADO;23/10/2015;159,10267676
JGP STRATEGY FIC MULTIMERCADO;26/10/2015;159,12004537
JGP STRATEGY FIC MULTIMERCADO;27/10/2015;159,3848403
JGP STRATEGY FIC MULTIMERCADO;28/10/2015;159,32026468
JGP STRATEGY FIC MULTIMERCADO;29/10/2015;159,4292502
JGP STRATEGY FIC MULTIMERCADO;30/10/2015;159,42867362
JGP STRATEGY FIC MULTIMERCADO;03/11/2015;159,17416079
JGP STRATEGY FIC MULTIMERCADO;04/11/2015;159,39683025
JGP STRATEGY FIC MULTIMERCADO;05/11/2015;159,323828
JGP STRATEGY FIC MULTIMERCADO;06/11/2015;159,50385663
JGP STRATEGY FIC MULTIMERCADO;09/11/2015;159,47011269
JGP STRATEGY FIC MULTIMERCADO;10/11/2015;159,63281586
JGP STRATEGY FIC MULTIMERCADO;11/11/2015;159,67069261
JGP STRATEGY FIC MULTIMERCADO;12/11/2015;159,69122906
JGP STRATEGY FIC MULTIMERCADO;13/11/2015;159,90848161
JGP STRATEGY FIC MULTIMERCADO;16/11/2015;159,89237124
JGP STRATEGY FIC MULTIMERCADO;17/11/2015;159,97365162
JGP STRATEGY FIC MULTIMERCADO;18/11/2015;160,25556677
JGP STRATEGY FIC MULTIMERCADO;19/11/2015;160,1455862
JGP STRATEGY FIC MULTIMERCADO;20/11/2015;160,47392374
JGP STRATEGY FIC MULTIMERCADO;23/11/2015;160,4104316
JGP STRATEGY FIC MULTIMERCADO;24/11/2015;160,40442114
JGP STRATEGY FIC MULTIMERCADO;25/11/2015;160,71781201
JGP STRATEGY FIC MULTIMERCADO;26/11/2015;160,7272549
JGP STRATEGY FIC MULTIMERCADO;27/11/2015;160,92842893
JGP STRATEGY FIC MULTIMERCADO;30/11/2015;161,54133592
JGP STRATEGY FIC MULTIMERCADO;01/12/2015;161,39402484
JGP STRATEGY FIC MULTIMERCADO;02/12/2015;161,37637659
JGP STRATEGY FIC MULTIMERCADO;03/12/2015;160,47738425
JGP STRATEGY FIC MULTIMERCADO;04/12/2015;160,72355907
JGP STRATEGY FIC MULTIMERCADO;07/12/2015;160,85778136
JGP STRATEGY FIC MULTIMERCADO;08/12/2015;161,16139663
JGP STRATEGY FIC MULTIMERCADO;09/12/2015;161,4703089
JGP STRATEGY FIC MULTIMERCADO;10/12/2015;161,20567448
JGP STRATEGY FIC MULTIMERCADO;11/12/2015;161,71742712
JGP STRATEGY FIC MULTIMERCADO;14/12/2015;161,61558707
JGP STRATEGY FIC MULTIMERCADO;15/12/2015;161,72610878
JGP STRATEGY FIC MULTIMERCADO;16/12/2015;161,91040839
JGP STRATEGY FIC MULTIMERCADO;17/12/2015;162,15269899
JGP STRATEGY FIC MULTIMERCADO;18/12/2015;162,33688409
JGP STRATEGY FIC MULTIMERCADO;21/12/2015;163,00009412
JGP STRATEGY FIC MULTIMERCADO;22/12/2015;163,00649892
JGP STRATEGY FIC MULTIMERCADO;23/12/2015;162,9512153
JGP STRATEGY FIC MULTIMERCADO;24/12/2015;163,01128862
JGP STRATEGY FIC MULTIMERCADO;28/12/2015;162,37119567
JGP STRATEGY FIC MULTIMERCADO;29/12/2015;162,73652966
JGP STRATEGY FIC MULTIMERCADO;30/12/2015;163,30339606
JGP STRATEGY FIC MULTIMERCADO;31/12/2015;163,39031718
JGP STRATEGY FIC MULTIMERCADO;04/01/2016;164,07330853
JGP STRATEGY FIC MULTIMERCADO;05/01/2016;164,1657155
JGP STRATEGY FIC MULTIMERCADO;06/01/2016;164,33836059
JGP STRATEGY FIC MULTIMERCADO;07/01/2016;164,50501328
JGP STRATEGY FIC MULTIMERCADO;08/01/2016;164,49399279
JGP STRATEGY FIC MULTIMERCADO;11/01/2016;164,46172927
JGP STRATEGY FIC MULTIMERCADO;12/01/2016;164,42336758
JGP STRATEGY FIC MULTIMERCADO;13/01/2016;164,11929285
JGP STRATEGY FIC MULTIMERCADO;14/01/2016;164,21244419
JGP STRATEGY FIC MULTIMERCADO;15/01/2016;164,50064334
JGP STRATEGY FIC MULTIMERCADO;18/01/2016;164,48092313
JGP STRATEGY FIC MULTIMERCADO;19/01/2016;164,50398155
JGP STRATEGY FIC MULTIMERCADO;20/01/2016;165,00145437
JGP STRATEGY FIC MULTIMERCADO;21/01/2016;165,64488634
JGP STRATEGY FIC MULTIMERCADO;22/01/2016;165,63303737
JGP STRATEGY FIC MULTIMERCADO;25/01/2016;165,65692953
JGP STRATEGY FIC MULTIMERCADO;26/01/2016;165,61901205
JGP STRATEGY FIC MULTIMERCADO;27/01/2016;165,71171137
JGP STRATEGY FIC MULTIMERCADO;28/01/2016;166,00968023
JGP STRATEGY FIC MULTIMERCADO;29/01/2016;165,86091172
JGP STRATEGY FIC MULTIMERCADO;01/02/2016;166,02370329
JGP STRATEGY FIC MULTIMERCADO;02/02/2016;166,08244982
JGP STRATEGY FIC MULTIMERCADO;03/02/2016;165,70483262
JGP STRATEGY FIC MULTIMERCADO;04/02/2016;165,12811526
JGP STRATEGY FIC MULTIMERCADO;05/02/2016;165,53948855
JGP STRATEGY FIC MULTIMERCADO;10/02/2016;165,90729806
JGP STRATEGY FIC MULTIMERCADO;11/02/2016;166,17486565
JGP STRATEGY FIC MULTIMERCADO;12/02/2016;166,4439579
JGP STRATEGY FIC MULTIMERCADO;15/02/2016;166,71353105
JGP STRATEGY FIC MULTIMERCADO;16/02/2016;167,23216534
JGP STRATEGY FIC MULTIMERCADO;17/02/2016;167,0840243
JGP STRATEGY FIC MULTIMERCADO;18/02/2016;167,26645738
JGP STRATEGY FIC MULTIMERCADO;19/02/2016;167,48966725
JGP STRATEGY FIC MULTIMERCADO;22/02/2016;167,18591434
JGP STRATEGY FIC MULTIMERCADO;23/02/2016;167,27707523
JGP STRATEGY FIC MULTIMERCADO;24/02/2016;167,50821976
JGP STRATEGY FIC MULTIMERCADO;25/02/2016;167,4288017
JGP STRATEGY FIC MULTIMERCADO;26/02/2016;167,49680126
JGP STRATEGY FIC MULTIMERCADO;29/02/2016;167,66543957
JGP STRATEGY FIC MULTIMERCADO;01/03/2016;167,81413843
JGP STRATEGY FIC MULTIMERCADO;02/03/2016;167,8358899
JGP STRATEGY FIC MULTIMERCADO;03/03/2016;167,96710398
JGP STRATEGY FIC MULTIMERCADO;04/03/2016;168,54345265
JGP STRATEGY FIC MULTIMERCADO;07/03/2016;168,34165043
JGP STRATEGY FIC MULTIMERCADO;08/03/2016;168,60916642
JGP STRATEGY FIC MULTIMERCADO;09/03/2016;168,87263984
JGP STRATEGY FIC MULTIMERCADO;10/03/2016;169,11956301
JGP STRATEGY FIC MULTIMERCADO;11/03/2016;169,31240921
JGP STRATEGY FIC MULTIMERCADO;14/03/2016;169,07264674
JGP STRATEGY FIC MULTIMERCADO;15/03/2016;169,26859118
JGP STRATEGY FIC MULTIMERCADO;16/03/2016;169,31938608
JGP STRATEGY FIC MULTIMERCADO;17/03/2016;169,34028646
JGP STRATEGY FIC MULTIMERCADO;18/03/2016;169,43319144
JGP STRATEGY FIC MULTIMERCADO;21/03/2016;169,62791102
JGP STRATEGY FIC MULTIMERCADO;22/03/2016;169,95201287
JGP STRATEGY FIC MULTIMERCADO;23/03/2016;169,85406937
JGP STRATEGY FIC MULTIMERCADO;24/03/2016;169,76269702
JGP STRATEGY FIC MULTIMERCADO;28/03/2016;170,02204235
JGP STRATEGY FIC MULTIMERCADO;29/03/2016;170,24729424
JGP STRATEGY FIC MULTIMERCADO;30/03/2016;170,04290188
JGP STRATEGY FIC MULTIMERCADO;31/03/2016;169,8021129
JGP STRATEGY FIC MULTIMERCADO;01/04/2016;169,94961084
JGP STRATEGY FIC MULTIMERCADO;04/04/2016;170,01746199
JGP STRATEGY FIC MULTIMERCADO;05/04/2016;170,26497773
JGP STRATEGY FIC MULTIMERCADO;06/04/2016;170,12941106
JGP STRATEGY FIC MULTIMERCADO;07/04/2016;170,23647597
JGP STRATEGY FIC MULTIMERCADO;08/04/2016;170,47028238
JGP STRATEGY FIC MULTIMERCADO;11/04/2016;170,52504892
JGP STRATEGY FIC MULTIMERCADO;12/04/2016;170,64188574
JGP STRATEGY FIC MULTIMERCADO;13/04/2016;171,23414971
JGP STRATEGY FIC MULTIMERCADO;14/04/2016;171,40328188
JGP STRATEGY FIC MULTIMERCADO;15/04/2016;171,3751916
JGP STRATEGY FIC MULTIMERCADO;18/04/2016;171,35371273
JGP STRATEGY FIC MULTIMERCADO;19/04/2016;171,42062258
JGP STRATEGY FIC MULTIMERCADO;20/04/2016;171,43799482
JGP STRATEGY FIC MULTIMERCADO;22/04/2016;171,30641158
JGP STRATEGY FIC MULTIMERCADO;25/04/2016;171,39613918
JGP STRATEGY FIC MULTIMERCADO;26/04/2016;171,75997935
JGP STRATEGY FIC MULTIMERCADO;27/04/2016;172,22259798
JGP STRATEGY FIC MULTIMERCADO;28/04/2016;172,36201921
JGP STRATEGY FIC MULTIMERCADO;29/04/2016;172,9123477
JGP STRATEGY FIC MULTIMERCADO;02/05/2016;172,55848528
JGP STRATEGY FIC MULTIMERCADO;03/05/2016;171,90039241
JGP STRATEGY FIC MULTIMERCADO;04/05/2016;172,18878108
JGP STRATEGY FIC MULTIMERCADO;05/05/2016;172,23011134
JGP STRATEGY FIC MULTIMERCADO;06/05/2016;172,45094525
JGP STRATEGY FIC MULTIMERCADO;09/05/2016;172,18712836
JGP STRATEGY FIC MULTIMERCADO;10/05/2016;172,58867068
JGP STRATEGY FIC MULTIMERCADO;11/05/2016;172,8967354
JGP STRATEGY FIC MULTIMERCADO;12/05/2016;173,15339309
JGP STRATEGY FIC MULTIMERCADO;13/05/2016;173,03824437
JGP STRATEGY FIC MULTIMERCADO;16/05/2016;173,20407472
JGP STRATEGY FIC MULTIMERCADO;17/05/2016;173,10283813
JGP STRATEGY FIC MULTIMERCADO;18/05/2016;173,00845219
JGP STRATEGY FIC MULTIMERCADO;19/05/2016;173,00061985
JGP STRATEGY FIC MULTIMERCADO;20/05/2016;173,22453015
JGP STRATEGY FIC MULTIMERCADO;23/05/2016;173,07354422
JGP STRATEGY FIC MULTIMERCADO;24/05/2016;173,04425656
JGP STRATEGY FIC MULTIMERCADO;25/05/2016;173,10018094
JGP STRATEGY FIC MULTIMERCADO;27/05/2016;173,13895408
JGP STRATEGY FIC MULTIMERCADO;30/05/2016;173,23306107
JGP STRATEGY FIC MULTIMERCADO;31/05/2016;173,29996573
JGP STRATEGY FIC MULTIMERCADO;01/06/2016;173,4755951
JGP STRATEGY FIC MULTIMERCADO;02/06/2016;173,62582034
JGP STRATEGY FIC MULTIMERCADO;03/06/2016;173,79304217
JGP STRATEGY FIC MULTIMERCADO;06/06/2016;173,9968666
JGP STRATEGY FIC MULTIMERCADO;07/06/2016;174,05698599
JGP STRATEGY FIC MULTIMERCADO;08/06/2016;174,4254918
JGP STRATEGY FIC MULTIMERCADO;09/06/2016;174,38629698
JGP STRATEGY FIC MULTIMERCADO;10/06/2016;174,3139605
JGP STRATEGY FIC MULTIMERCADO;13/06/2016;174,38002971
JGP STRATEGY FIC MULTIMERCADO;14/06/2016;174,42714761
JGP STRATEGY FIC MULTIMERCADO;15/06/2016;174,52443894
JGP STRATEGY FIC MULTIMERCADO;16/06/2016;174,58823067
JGP STRATEGY FIC MULTIMERCADO;17/06/2016;174,79302406
JGP STRATEGY FIC MULTIMERCADO;20/06/2016;174,98086978
JGP STRATEGY FIC MULTIMERCADO;21/06/2016;175,05299983
JGP STRATEGY FIC MULTIMERCADO;22/06/2016;175,20911554
JGP STRATEGY FIC MULTIMERCADO;23/06/2016;175,36214338
JGP STRATEGY FIC MULTIMERCADO;24/06/2016;175,37227617
JGP STRATEGY FIC MULTIMERCADO;27/06/2016;175,46000339
JGP STRATEGY FIC MULTIMERCADO;28/06/2016;175,33933443
JGP STRATEGY FIC MULTIMERCADO;29/06/2016;175,18701716
JGP STRATEGY FIC MULTIMERCADO;30/06/2016;175,4527096
JGP STRATEGY FIC MULTIMERCADO;01/07/2016;175,79093396
JGP STRATEGY FIC MULTIMERCADO;04/07/2016;175,9497938
JGP STRATEGY FIC MULTIMERCADO;05/07/2016;176,03655831
JGP STRATEGY FIC MULTIMERCADO;06/07/2016;176,00322595
JGP STRATEGY FIC MULTIMERCADO;07/07/2016;176,06045422
JGP STRATEGY FIC MULTIMERCADO;08/07/2016;176,21502473
JGP STRATEGY FIC MULTIMERCADO;11/07/2016;176,45135219
JGP STRATEGY FIC MULTIMERCADO;12/07/2016;176,56376851
JGP STRATEGY FIC MULTIMERCADO;13/07/2016;176,65243382
JGP STRATEGY FIC MULTIMERCADO;14/07/2016;176,97623257
JGP STRATEGY FIC MULTIMERCADO;15/07/2016;177,20001628
JGP STRATEGY FIC MULTIMERCADO;18/07/2016;177,40676546
JGP STRATEGY FIC MULTIMERCADO;19/07/2016;177,41194548
JGP STRATEGY FIC MULTIMERCADO;20/07/2016;177,5967369
JGP STRATEGY FIC MULTIMERCADO;21/07/2016;177,32314563
JGP STRATEGY FIC MULTIMERCADO;22/07/2016;177,4236071
JGP STRATEGY FIC MULTIMERCADO;25/07/2016;177,51834833
JGP STRATEGY FIC MULTIMERCADO;26/07/2016;177,37078557
JGP STRATEGY FIC MULTIMERCADO;27/07/2016;177,56915863
JGP STRATEGY FIC MULTIMERCADO;28/07/2016;177,43956226
JGP STRATEGY FIC MULTIMERCADO;29/07/2016;177,62272914
JGP STRATEGY FIC MULTIMERCADO;01/08/2016;177,78184979
JGP STRATEGY FIC MULTIMERCADO;02/08/2016;177,66610008
JGP STRATEGY FIC MULTIMERCADO;03/08/2016;177,9826173
JGP STRATEGY FIC MULTIMERCADO;04/08/2016;178,46580956
JGP STRATEGY FIC MULTIMERCADO;05/08/2016;178,84800797
JGP STRATEGY FIC MULTIMERCADO;08/08/2016;178,77879794
JGP STRATEGY FIC MULTIMERCADO;09/08/2016;179,16821139
JGP STRATEGY FIC MULTIMERCADO;10/08/2016;179,48565913
JGP STRATEGY FIC MULTIMERCADO;11/08/2016;179,82077543
JGP STRATEGY FIC MULTIMERCADO;12/08/2016;179,65133649
JGP STRATEGY FIC MULTIMERCADO;15/08/2016;180,01989559
JGP STRATEGY FIC MULTIMERCADO;16/08/2016;179,91450292
JGP STRATEGY FIC MULTIMERCADO;17/08/2016;179,97548491
JGP STRATEGY FIC MULTIMERCADO;18/08/2016;179,90332676
JGP STRATEGY FIC MULTIMERCADO;19/08/2016;180,07733771
JGP STRATEGY FIC MULTIMERCADO;22/08/2016;179,80076787
JGP STRATEGY FIC MULTIMERCADO;23/08/2016;179,73878276
JGP STRATEGY FIC MULTIMERCADO;24/08/2016;179,67391697
JGP STRATEGY FIC MULTIMERCADO;25/08/2016;179,59161648
JGP STRATEGY FIC MULTIMERCADO;26/08/2016;179,19208274
JGP STRATEGY FIC MULTIMERCADO;29/08/2016;179,55863057
JGP STRATEGY FIC MULTIMERCADO;30/08/2016;179,55362129
JGP STRATEGY FIC MULTIMERCADO;31/08/2016;179,81939543
JGP STRATEGY FIC MULTIMERCADO;01/09/2016;180,08042657
JGP STRATEGY FIC MULTIMERCADO;02/09/2016;180,4641907
JGP STRATEGY FIC MULTIMERCADO;05/09/2016;180,2194122
JGP STRATEGY FIC MULTIMERCADO;06/09/2016;180,99248738
JGP STRATEGY FIC MULTIMERCADO;08/09/2016;181,3098695
JGP STRATEGY FIC MULTIMERCADO;09/09/2016;180,16234623
JGP STRATEGY FIC MULTIMERCADO;12/09/2016;180,51715951
JGP STRATEGY FIC MULTIMERCADO;13/09/2016;179,60927877
JGP STRATEGY FIC MULTIMERCADO;14/09/2016;179,54818861
JGP STRATEGY FIC MULTIMERCADO;15/09/2016;180,12976135
JGP STRATEGY FIC MULTIMERCADO;16/09/2016;180,35742701
JGP STRATEGY FIC MULTIMERCADO;19/09/2016;180,54561746
JGP STRATEGY FIC MULTIMERCADO;20/09/2016;180,93222109
JGP STRATEGY FIC MULTIMERCADO;21/09/2016;181,48817377
JGP STRATEGY FIC MULTIMERCADO;22/09/2016;181,88472258
JGP STRATEGY FIC MULTIMERCADO;23/09/2016;181,69464862
JGP STRATEGY FIC MULTIMERCADO;26/09/2016;181,46668956
JGP STRATEGY FIC MULTIMERCADO;27/09/2016;181,76674749
JGP STRATEGY FIC MULTIMERCADO;28/09/2016;182,24209303
JGP STRATEGY FIC MULTIMERCADO;29/09/2016;181,76763668
JGP STRATEGY FIC MULTIMERCADO;30/09/2016;181,91626619
JGP STRATEGY FIC MULTIMERCADO;03/10/2016;182,64821217
JGP STRATEGY FIC MULTIMERCADO;04/10/2016;182,24087133
JGP STRATEGY FIC MULTIMERCADO;05/10/2016;182,93008516
JGP STRATEGY FIC MULTIMERCADO;06/10/2016;183,12445546
JGP STRATEGY FIC MULTIMERCADO;07/10/2016;183,34139531
JGP STRATEGY FIC MULTIMERCADO;10/10/2016;183,65023208
JGP STRATEGY FIC MULTIMERCADO;11/10/2016;183,54532997
JGP STRATEGY FIC MULTIMERCADO;13/10/2016;184,20237397
JGP STRATEGY FIC MULTIMERCADO;14/10/2016;184,35663336
JGP STRATEGY FIC MULTIMERCADO;17/10/2016;184,60423209
JGP STRATEGY FIC MULTIMERCADO;18/10/2016;185,26684278
JGP STRATEGY FIC MULTIMERCADO;19/10/2016;185,61591801
JGP STRATEGY FIC MULTIMERCADO;20/10/2016;185,79685734
JGP STRATEGY FIC MULTIMERCADO;21/10/2016;185,38134012
JGP STRATEGY FIC MULTIMERCADO;24/10/2016;185,80962004
JGP STRATEGY FIC MULTIMERCADO;25/10/2016;185,76338461
JGP STRATEGY FIC MULTIMERCADO;26/10/2016;185,54050634
JGP STRATEGY FIC MULTIMERCADO;27/10/2016;185,58629298
JGP STRATEGY FIC MULTIMERCADO;28/10/2016;185,38118436
JGP STRATEGY FIC MULTIMERCADO;31/10/2016;185,59638541
JGP STRATEGY FIC MULTIMERCADO;01/11/2016;185,19605791
JGP STRATEGY FIC MULTIMERCADO;03/11/2016;185,23662694
JGP STRATEGY FIC MULTIMERCADO;04/11/2016;185,37161407
JGP STRATEGY FIC MULTIMERCADO;07/11/2016;186,04671748
JGP STRATEGY FIC MULTIMERCADO;08/11/2016;186,38549165
JGP STRATEGY FIC MULTIMERCADO;09/11/2016;185,56699234
JGP STRATEGY FIC MULTIMERCADO;10/11/2016;184,73920749
JGP STRATEGY FIC MULTIMERCADO;11/11/2016;184,71817549
JGP STRATEGY FIC MULTIMERCADO;14/11/2016;184,48577494
JGP STRATEGY FIC MULTIMERCADO;16/11/2016;184,90842418
JGP STRATEGY FIC MULTIMERCADO;17/11/2016;185,01859046
JGP STRATEGY FIC MULTIMERCADO;18/11/2016;185,0323009
JGP STRATEGY FIC MULTIMERCADO;21/11/2016;185,34100389
JGP STRATEGY FIC MULTIMERCADO;22/11/2016;185,62002682
JGP STRATEGY FIC MULTIMERCADO;23/11/2016;185,72845608
JGP STRATEGY FIC MULTIMERCADO;24/11/2016;185,88845603
JGP STRATEGY FIC MULTIMERCADO;25/11/2016;185,76992104
JGP STRATEGY FIC MULTIMERCADO;28/11/2016;185,63968496
JGP STRATEGY FIC MULTIMERCADO;29/11/2016;185,54091261
JGP STRATEGY FIC MULTIMERCADO;30/11/2016;186,05535406
JGP STRATEGY FIC MULTIMERCADO;01/12/2016;185,23412524
JGP STRATEGY FIC MULTIMERCADO;02/12/2016;185,23758565
JGP STRATEGY FIC MULTIMERCADO;05/12/2016;185,93513308
JGP STRATEGY FIC MULTIMERCADO;06/12/2016;185,81828535
JGP STRATEGY FIC MULTIMERCADO;07/12/2016;185,9984254
JGP STRATEGY FIC MULTIMERCADO;08/12/2016;186,33702196
JGP STRATEGY FIC MULTIMERCADO;09/12/2016;186,40898107
JGP STRATEGY FIC MULTIMERCADO;12/12/2016;186,17458072
JGP STRATEGY FIC MULTIMERCADO;13/12/2016;186,03293431
JGP STRATEGY FIC MULTIMERCADO;14/12/2016;186,3561219
JGP STRATEGY FIC MULTIMERCADO;15/12/2016;186,84748038
JGP STRATEGY FIC MULTIMERCADO;16/12/2016;187,20094241
JGP STRATEGY FIC MULTIMERCADO;19/12/2016;187,52381823
JGP STRATEGY FIC MULTIMERCADO;20/12/2016;187,4468497
JGP STRATEGY FIC MULTIMERCADO;21/12/2016;187,78893669
JGP STRATEGY FIC MULTIMERCADO;22/12/2016;187,93459985
JGP STRATEGY FIC MULTIMERCADO;23/12/2016;188,1463499
JGP STRATEGY FIC MULTIMERCADO;26/12/2016;188,31519836
JGP STRATEGY FIC MULTIMERCADO;27/12/2016;188,41908385
JGP STRATEGY FIC MULTIMERCADO;28/12/2016;188,50842693
JGP STRATEGY FIC MULTIMERCADO;29/12/2016;188,64367756
JGP STRATEGY FIC MULTIMERCADO;30/12/2016;188,72702642
JGP STRATEGY FIC MULTIMERCADO;02/01/2017;189,07711236
JGP STRATEGY FIC MULTIMERCADO;03/01/2017;188,95991221
JGP STRATEGY FIC MULTIMERCADO;04/01/2017;188,79703397
JGP STRATEGY FIC MULTIMERCADO;05/01/2017;189,20405882
JGP STRATEGY FIC MULTIMERCADO;06/01/2017;189,54180233
JGP STRATEGY FIC MULTIMERCADO;09/01/2017;189,95009146
JGP STRATEGY FIC MULTIMERCADO;10/01/2017;190,04340937
JGP STRATEGY FIC MULTIMERCADO;11/01/2017;190,24219449
JGP STRATEGY FIC MULTIMERCADO;12/01/2017;191,14314007
JGP STRATEGY FIC MULTIMERCADO;13/01/2017;191,47482304
JGP STRATEGY FIC MULTIMERCADO;16/01/2017;191,90796407
JGP STRATEGY FIC MULTIMERCADO;17/01/2017;192,23655003
JGP STRATEGY FIC MULTIMERCADO;18/01/2017;192,36404618
JGP STRATEGY FIC MULTIMERCADO;19/01/2017;192,31771326
JGP STRATEGY FIC MULTIMERCADO;20/01/2017;192,70393789
JGP STRATEGY FIC MULTIMERCADO;23/01/2017;192,8333831
JGP STRATEGY FIC MULTIMERCADO;24/01/2017;192,84707022
JGP STRATEGY FIC MULTIMERCADO;25/01/2017;192,97800993
JGP STRATEGY FIC MULTIMERCADO;26/01/2017;193,16019647
JGP STRATEGY FIC MULTIMERCADO;27/01/2017;193,13473903
JGP STRATEGY FIC MULTIMERCADO;30/01/2017;192,84427191
JGP STRATEGY FIC MULTIMERCADO;31/01/2017;193,24594936
JGP STRATEGY FIC MULTIMERCADO;01/02/2017;193,61511766
JGP STRATEGY FIC MULTIMERCADO;02/02/2017;193,46315932
JGP STRATEGY FIC MULTIMERCADO;03/02/2017;193,86483543
JGP STRATEGY FIC MULTIMERCADO;06/02/2017;193,65224383
JGP STRATEGY FIC MULTIMERCADO;07/02/2017;194,11252324
JGP STRATEGY FIC MULTIMERCADO;08/02/2017;194,68142364
JGP STRATEGY FIC MULTIMERCADO;09/02/2017;195,26773081
JGP STRATEGY FIC MULTIMERCADO;10/02/2017;195,82990512
JGP STRATEGY FIC MULTIMERCADO;13/02/2017;195,91384323
JGP STRATEGY FIC MULTIMERCADO;14/02/2017;196,18306854
JGP STRATEGY FIC MULTIMERCADO;15/02/2017;196,33782162
JGP STRATEGY FIC MULTIMERCADO;16/02/2017;195,92094694
JGP STRATEGY FIC MULTIMERCADO;17/02/2017;195,96426388
JGP STRATEGY FIC MULTIMERCADO;20/02/2017;197,20515513
JGP STRATEGY FIC MULTIMERCADO;21/02/2017;197,50084474
JGP STRATEGY FIC MULTIMERCADO;22/02/2017;197,02024299
JGP STRATEGY FIC MULTIMERCADO;23/02/2017;197,22857402
JGP STRATEGY FIC MULTIMERCADO;24/02/2017;197,27199054
JGP STRATEGY FIC MULTIMERCADO;01/03/2017;197,84870461
JGP STRATEGY FIC MULTIMERCADO;02/03/2017;197,26137345
JGP STRATEGY FIC MULTIMERCADO;03/03/2017;197,67051869
JGP STRATEGY FIC MULTIMERCADO;06/03/2017;197,85886595
JGP STRATEGY FIC MULTIMERCADO;07/03/2017;198,15094851
JGP STRATEGY FIC MULTIMERCADO;08/03/2017;198,12754296
JGP STRATEGY FIC MULTIMERCADO;09/03/2017;197,89324683
JGP STRATEGY FIC MULTIMERCADO;10/03/2017;198,25536408
JGP STRATEGY FIC MULTIMERCADO;13/03/2017;198,44972973
JGP STRATEGY FIC MULTIMERCADO;14/03/2017;198,06422678
JGP STRATEGY FIC MULTIMERCADO;15/03/2017;198,28953196
JGP STRATEGY FIC MULTIMERCADO;16/03/2017;198,52096368
JGP STRATEGY FIC MULTIMERCADO;17/03/2017;198,45989976
JGP STRATEGY FIC MULTIMERCADO;20/03/2017;198,63549668
JGP STRATEGY FIC MULTIMERCADO;21/03/2017;198,73372519
JGP STRATEGY FIC MULTIMERCADO;22/03/2017;199,01263688
JGP STRATEGY FIC MULTIMERCADO;23/03/2017;199,48681208
JGP STRATEGY FIC MULTIMERCADO;24/03/2017;199,62226831
JGP STRATEGY FIC MULTIMERCADO;27/03/2017;199,95118243
JGP STRATEGY FIC MULTIMERCADO;28/03/2017;200,02081744
JGP STRATEGY FIC MULTIMERCADO;29/03/2017;199,90309265
JGP STRATEGY FIC MULTIMERCADO;30/03/2017;200,08077655
JGP STRATEGY FIC MULTIMERCADO;31/03/2017;200,55425926
JGP STRATEGY FIC MULTIMERCADO;03/04/2017;200,37922734
JGP STRATEGY FIC MULTIMERCADO;04/04/2017;200,75601615
JGP STRATEGY FIC MULTIMERCADO;05/04/2017;200,75900701
JGP STRATEGY FIC MULTIMERCADO;06/04/2017;200,65223927
JGP STRATEGY FIC MULTIMERCADO;07/04/2017;200,63545291
JGP STRATEGY FIC MULTIMERCADO;10/04/2017;200,65485425
JGP STRATEGY FIC MULTIMERCADO;11/04/2017;200,72217879
JGP STRATEGY FIC MULTIMERCADO;12/04/2017;200,38119838
JGP STRATEGY FIC MULTIMERCADO;13/04/2017;200,23200009
JGP STRATEGY FIC MULTIMERCADO;17/04/2017;200,60186704
JGP STRATEGY FIC MULTIMERCADO;18/04/2017;200,65785703
JGP STRATEGY FIC MULTIMERCADO;19/04/2017;200,35930602
JGP STRATEGY FIC MULTIMERCADO;20/04/2017;200,2512201
JGP STRATEGY FIC MULTIMERCADO;24/04/2017;200,41925844
JGP STRATEGY FIC MULTIMERCADO;25/04/2017;200,31331712
JGP STRATEGY FIC MULTIMERCADO;26/04/2017;200,18107636
JGP STRATEGY FIC MULTIMERCADO;27/04/2017;200,21536318
JGP STRATEGY FIC MULTIMERCADO;28/04/2017;200,7325828
JGP STRATEGY FIC MULTIMERCADO;02/05/2017;201,18137067
JGP STRATEGY FIC MULTIMERCADO;03/05/2017;201,2225482
JGP STRATEGY FIC MULTIMERCADO;04/05/2017;200,64084285
JGP STRATEGY FIC MULTIMERCADO;05/05/2017;200,80345976
JGP STRATEGY FIC MULTIMERCADO;08/05/2017;200,44001612
JGP STRATEGY FIC MULTIMERCADO;09/05/2017;200,73914145
JGP STRATEGY FIC MULTIMERCADO;10/05/2017;201,08569798
JGP STRATEGY FIC MULTIMERCADO;11/05/2017;201,4957032
JGP STRATEGY FIC MULTIMERCADO;12/05/2017;201,8328224
JGP STRATEGY FIC MULTIMERCADO;15/05/2017;202,19772489
JGP STRATEGY FIC MULTIMERCADO;16/05/2017;202,44791479
JGP STRATEGY FIC MULTIMERCADO;17/05/2017;202,63427146
JGP STRATEGY FIC MULTIMERCADO;18/05/2017;209,35323832
JGP STRATEGY FIC MULTIMERCADO;19/05/2017;209,4388347
JGP STRATEGY FIC MULTIMERCADO;22/05/2017;209,17477389
JGP STRATEGY FIC MULTIMERCADO;23/05/2017;209,14817934
JGP STRATEGY FIC MULTIMERCADO;24/05/2017;209,09601168
JGP STRATEGY FIC MULTIMERCADO;25/05/2017;209,40249995
JGP STRATEGY FIC MULTIMERCADO;26/05/2017;209,36571447
JGP STRATEGY FIC MULTIMERCADO;29/05/2017;209,74190401
JGP STRATEGY FIC MULTIMERCADO;30/05/2017;209,83740196
JGP STRATEGY FIC MULTIMERCADO;31/05/2017;209,86291433
JGP STRATEGY FIC MULTIMERCADO;01/06/2017;209,71343565
JGP STRATEGY FIC MULTIMERCADO;02/06/2017;209,76676004
JGP STRATEGY FIC MULTIMERCADO;05/06/2017;210,10724486
JGP STRATEGY FIC MULTIMERCADO;06/06/2017;210,34737322
JGP STRATEGY FIC MULTIMERCADO;07/06/2017;210,29645395
JGP STRATEGY FIC MULTIMERCADO;08/06/2017;210,20565263
JGP STRATEGY FIC MULTIMERCADO;09/06/2017;210,60862126
JGP STRATEGY FIC MULTIMERCADO;12/06/2017;210,9944623
JGP STRATEGY FIC MULTIMERCADO;13/06/2017;210,62595424
JGP STRATEGY FIC MULTIMERCADO;14/06/2017;210,85367961
JGP STRATEGY FIC MULTIMERCADO;16/06/2017;211,0708007
JGP STRATEGY FIC MULTIMERCADO;19/06/2017;211,14226774
JGP STRATEGY FIC MULTIMERCADO;20/06/2017;211,59992964
JGP STRATEGY FIC MULTIMERCADO;21/06/2017;211,71675234
JGP STRATEGY FIC MULTIMERCADO;22/06/2017;211,62799296
JGP STRATEGY FIC MULTIMERCADO;23/06/2017;211,70558244
JGP STRATEGY FIC MULTIMERCADO;26/06/2017;211,4618588
JGP STRATEGY FIC MULTIMERCADO;27/06/2017;211,80407449
JGP STRATEGY FIC MULTIMERCADO;28/06/2017;211,57098078
JGP STRATEGY FIC MULTIMERCADO;29/06/2017;211,76619231
JGP STRATEGY FIC MULTIMERCADO;30/06/2017;211,76188288
JGP STRATEGY FIC MULTIMERCADO;03/07/2017;211,95416516
JGP STRATEGY FIC MULTIMERCADO;04/07/2017;211,96093681
JGP STRATEGY FIC MULTIMERCADO;05/07/2017;212,01360902
JGP STRATEGY FIC MULTIMERCADO;06/07/2017;212,10454618
JGP STRATEGY FIC MULTIMERCADO;07/07/2017;212,03620393
JGP STRATEGY FIC MULTIMERCADO;10/07/2017;212,13271977
JGP STRATEGY FIC MULTIMERCADO;11/07/2017;212,1455477
JGP STRATEGY FIC MULTIMERCADO;12/07/2017;212,20549077
JGP STRATEGY FIC MULTIMERCADO;13/07/2017;212,30215873
JGP STRATEGY FIC MULTIMERCADO;14/07/2017;212,29329816
JGP STRATEGY FIC MULTIMERCADO;17/07/2017;212,31166162
JGP STRATEGY FIC MULTIMERCADO;18/07/2017;212,46386173
JGP STRATEGY FIC MULTIMERCADO;19/07/2017;212,66621714
JGP STRATEGY FIC MULTIMERCADO;20/07/2017;212,69153607
JGP STRATEGY FIC MULTIMERCADO;21/07/2017;212,84560339
JGP STRATEGY FIC MULTIMERCADO;24/07/2017;212,76584001
JGP STRATEGY FIC MULTIMERCADO;25/07/2017;212,86043331
JGP STRATEGY FIC MULTIMERCADO;26/07/2017;212,74218498
JGP STRATEGY FIC MULTIMERCADO;27/07/2017;213,39720192
JGP STRATEGY FIC MULTIMERCADO;28/07/2017;213,66135938
JGP STRATEGY FIC MULTIMERCADO;31/07/2017;213,96763873
JGP STRATEGY FIC MULTIMERCADO;01/08/2017;214,10301713
JGP STRATEGY FIC MULTIMERCADO;02/08/2017;214,20783825
JGP STRATEGY FIC MULTIMERCADO;03/08/2017;214,45790608
JGP STRATEGY FIC MULTIMERCADO;04/08/2017;214,61206056
JGP STRATEGY FIC MULTIMERCADO;07/08/2017;214,69915168
JGP STRATEGY FIC MULTIMERCADO;08/08/2017;214,83420948
JGP STRATEGY FIC MULTIMERCADO;09/08/2017;214,87058335
JGP STRATEGY FIC MULTIMERCADO;10/08/2017;215,02115912
JGP STRATEGY FIC MULTIMERCADO;11/08/2017;214,96748772
JGP STRATEGY FIC MULTIMERCADO;14/08/2017;215,00966335
JGP STRATEGY FIC MULTIMERCADO;15/08/2017;215,0401143
JGP STRATEGY FIC MULTIMERCADO;16/08/2017;214,93517998
JGP STRATEGY FIC MULTIMERCADO;17/08/2017;214,97872033
JGP STRATEGY FIC MULTIMERCADO;18/08/2017;215,18771881
JGP STRATEGY FIC MULTIMERCADO;21/08/2017;215,10133364
JGP STRATEGY FIC MULTIMERCADO;22/08/2017;215,1493091
JGP STRATEGY FIC MULTIMERCADO;23/08/2017;215,68974194
JGP STRATEGY FIC MULTIMERCADO;24/08/2017;216,05236507
JGP STRATEGY FIC MULTIMERCADO;25/08/2017;216,43120963
JGP STRATEGY FIC MULTIMERCADO;28/08/2017;216,42539219
JGP STRATEGY FIC MULTIMERCADO;29/08/2017;216,52720647
JGP STRATEGY FIC MULTIMERCADO;30/08/2017;216,64750305
JGP STRATEGY FIC MULTIMERCADO;31/08/2017;216,51752896
JGP STRATEGY FIC MULTIMERCADO;01/09/2017;216,68908276
JGP STRATEGY FIC MULTIMERCADO;04/09/2017;216,92563789
JGP STRATEGY FIC MULTIMERCADO;05/09/2017;217,14832896
JGP STRATEGY FIC MULTIMERCADO;06/09/2017;218,02642543
JGP STRATEGY FIC MULTIMERCADO;08/09/2017;218,36523822
JGP STRATEGY FIC MULTIMERCADO;11/09/2017;218,16977051
JGP STRATEGY FIC MULTIMERCADO;12/09/2017;217,79595758
JGP STRATEGY FIC MULTIMERCADO;13/09/2017;218,02781235
JGP STRATEGY FIC MULTIMERCADO;14/09/2017;218,20856945
JGP STRATEGY FIC MULTIMERCADO;15/09/2017;218,38408191
JGP STRATEGY FIC MULTIMERCADO;18/09/2017;218,62042943
JGP STRATEGY FIC MULTIMERCADO;19/09/2017;218,53760244
JGP STRATEGY FIC MULTIMERCADO;20/09/2017;218,9738253
JGP STRATEGY FIC MULTIMERCADO;21/09/2017;219,10957627
JGP STRATEGY FIC MULTIMERCADO;22/09/2017;219,1918107
JGP STRATEGY FIC MULTIMERCADO;25/09/2017;218,94680144
JGP STRATEGY FIC MULTIMERCADO;26/09/2017;219,08298767
JGP STRATEGY FIC MULTIMERCADO;27/09/2017;218,64626709
JGP STRATEGY FIC MULTIMERCADO;28/09/2017;218,78640499
JGP STRATEGY FIC MULTIMERCADO;29/09/2017;219,09382172
JGP STRATEGY FIC MULTIMERCADO;02/10/2017;219,30199256
JGP STRATEGY FIC MULTIMERCADO;03/10/2017;219,53406421
JGP STRATEGY FIC MULTIMERCADO;04/10/2017;219,64993183
JGP STRATEGY FIC MULTIMERCADO;05/10/2017;219,31971695
JGP STRATEGY FIC MULTIMERCADO;06/10/2017;219,41805946
JGP STRATEGY FIC MULTIMERCADO;09/10/2017;219,20515747
JGP STRATEGY FIC MULTIMERCADO;10/10/2017;219,47781531
JGP STRATEGY FIC MULTIMERCADO;11/10/2017;219,53198653
JGP STRATEGY FIC MULTIMERCADO;13/10/2017;219,64117692
JGP STRATEGY FIC MULTIMERCADO;16/10/2017;219,33726263
JGP STRATEGY FIC MULTIMERCADO;17/10/2017;219,3737523
JGP STRATEGY FIC MULTIMERCADO;18/10/2017;219,56343784
JGP STRATEGY FIC MULTIMERCADO;19/10/2017;219,78466196
JGP STRATEGY FIC MULTIMERCADO;20/10/2017;219,76057292
JGP STRATEGY FIC MULTIMERCADO;23/10/2017;219,82085409
JGP STRATEGY FIC MULTIMERCADO;24/10/2017;219,98758394
JGP STRATEGY FIC MULTIMERCADO;25/10/2017;220,28352096
JGP STRATEGY FIC MULTIMERCADO;26/10/2017;219,52465743
JGP STRATEGY FIC MULTIMERCADO;27/10/2017;219,70303711
JGP STRATEGY FIC MULTIMERCADO;30/10/2017;219,40206036
JGP STRATEGY FIC MULTIMERCADO;31/10/2017;219,6854969
JGP STRATEGY FIC MULTIMERCADO;01/11/2017;219,3948487
JGP STRATEGY FIC MULTIMERCADO;03/11/2017;219,16638077
JGP STRATEGY FIC MULTIMERCADO;06/11/2017;219,19954497
JGP STRATEGY FIC MULTIMERCADO;07/11/2017;219,18045408
JGP STRATEGY FIC MULTIMERCADO;08/11/2017;219,38729818
JGP STRATEGY FIC MULTIMERCADO;09/11/2017;219,14137755
JGP STRATEGY FIC MULTIMERCADO;10/11/2017;219,10534815
JGP STRATEGY FIC MULTIMERCADO;13/11/2017;219,23094663
JGP STRATEGY FIC MULTIMERCADO;14/11/2017;219,08212107
JGP STRATEGY FIC MULTIMERCADO;16/11/2017;218,96979159
JGP STRATEGY FIC MULTIMERCADO;17/11/2017;219,51082759
JGP STRATEGY FIC MULTIMERCADO;20/11/2017;219,50640791
JGP STRATEGY FIC MULTIMERCADO;21/11/2017;219,60284824
JGP STRATEGY FIC MULTIMERCADO;22/11/2017;219,67190312
JGP STRATEGY FIC MULTIMERCADO;23/11/2017;219,85282614
JGP STRATEGY FIC MULTIMERCADO;24/11/2017;219,75625839
JGP STRATEGY FIC MULTIMERCADO;27/11/2017;219,85387808
JGP STRATEGY FIC MULTIMERCADO;28/11/2017;219,88553348
JGP STRATEGY FIC MULTIMERCADO;29/11/2017;219,6472705
JGP STRATEGY FIC MULTIMERCADO;30/11/2017;219,74799885
JGP STRATEGY FIC MULTIMERCADO;01/12/2017;219,93712617
JGP STRATEGY FIC MULTIMERCADO;04/12/2017;220,02551604
JGP STRATEGY FIC MULTIMERCADO;05/12/2017;219,89227373
JGP STRATEGY FIC MULTIMERCADO;06/12/2017;219,95156029
JGP STRATEGY FIC MULTIMERCADO;07/12/2017;219,68828072
JGP STRATEGY FIC MULTIMERCADO;08/12/2017;219,95155704
JGP STRATEGY FIC MULTIMERCADO;11/12/2017;220,00507753
JGP STRATEGY FIC MULTIMERCADO;12/12/2017;220,17647149
JGP STRATEGY FIC MULTIMERCADO;13/12/2017;220,14678903
JGP STRATEGY FIC MULTIMERCADO;14/12/2017;220,14768131
JGP STRATEGY FIC MULTIMERCADO;15/12/2017;220,4702644
JGP STRATEGY FIC MULTIMERCADO;18/12/2017;220,43922647
JGP STRATEGY FIC MULTIMERCADO;19/12/2017;220,62319791
JGP STRATEGY FIC MULTIMERCADO;20/12/2017;220,73683723
JGP STRATEGY FIC MULTIMERCADO;21/12/2017;220,73912599
JGP STRATEGY FIC MULTIMERCADO;22/12/2017;220,96557344
JGP STRATEGY FIC MULTIMERCADO;26/12/2017;221,17552789
JGP STRATEGY FIC MULTIMERCADO;27/12/2017;221,22717759
JGP STRATEGY FIC MULTIMERCADO;28/12/2017;221,20138228
JGP STRATEGY FIC MULTIMERCADO;29/12/2017;221,19018063
JGP STRATEGY FIC MULTIMERCADO;02/01/2018;221,59608703
JGP STRATEGY FIC MULTIMERCADO;03/01/2018;221,86751563
JGP STRATEGY FIC MULTIMERCADO;04/01/2018;222,47490528
JGP STRATEGY FIC MULTIMERCADO;05/01/2018;222,57385523
JGP STRATEGY FIC MULTIMERCADO;08/01/2018;222,61373481
JGP STRATEGY FIC MULTIMERCADO;09/01/2018;222,63737128
JGP STRATEGY FIC MULTIMERCADO;10/01/2018;222,59116327
JGP STRATEGY FIC MULTIMERCADO;11/01/2018;222,98614062
JGP STRATEGY FIC MULTIMERCADO;12/01/2018;223,09497885
JGP STRATEGY FIC MULTIMERCADO;15/01/2018;223,24202283
JGP STRATEGY FIC MULTIMERCADO;16/01/2018;223,37343832
JGP STRATEGY FIC MULTIMERCADO;17/01/2018;223,80827458
JGP STRATEGY FIC MULTIMERCADO;18/01/2018;223,81475241
JGP STRATEGY FIC MULTIMERCADO;19/01/2018;223,92675589
JGP STRATEGY FIC MULTIMERCADO;22/01/2018;224,15053134
JGP STRATEGY FIC MULTIMERCADO;23/01/2018;223,87866849
JGP STRATEGY FIC MULTIMERCADO;24/01/2018;224,83784329
JGP STRATEGY FIC MULTIMERCADO;25/01/2018;224,90394977
JGP STRATEGY FIC MULTIMERCADO;26/01/2018;225,6173805
JGP STRATEGY FIC MULTIMERCADO;29/01/2018;225,34377592
JGP STRATEGY FIC MULTIMERCADO;30/01/2018;225,38978308
JGP STRATEGY FIC MULTIMERCADO;31/01/2018;225,3354093
JGP STRATEGY FIC MULTIMERCADO;01/02/2018;225,59311287
JGP STRATEGY FIC MULTIMERCADO;02/02/2018;225,38551415
JGP STRATEGY FIC MULTIMERCADO;05/02/2018;225,29664525
JGP STRATEGY FIC MULTIMERCADO;06/02/2018;224,96765033
JGP STRATEGY FIC MULTIMERCADO;07/02/2018;225,143714
JGP STRATEGY FIC MULTIMERCADO;08/02/2018;224,96954821
JGP STRATEGY FIC MULTIMERCADO;09/02/2018;224,68825639
JGP STRATEGY FIC MULTIMERCADO;14/02/2018;225,01143496
JGP STRATEGY FIC MULTIMERCADO;15/02/2018;225,4321716
JGP STRATEGY FIC MULTIMERCADO;16/02/2018;225,80360793
JGP STRATEGY FIC MULTIMERCADO;19/02/2018;225,86249456
JGP STRATEGY FIC MULTIMERCADO;20/02/2018;226,00703958
JGP STRATEGY FIC MULTIMERCADO;21/02/2018;226,3769084
JGP STRATEGY FIC MULTIMERCADO;22/02/2018;226,19478213
JGP STRATEGY FIC MULTIMERCADO;23/02/2018;226,2382663
JGP STRATEGY FIC MULTIMERCADO;26/02/2018;226,46249991
JGP STRATEGY FIC MULTIMERCADO;27/02/2018;226,36934164
JGP STRATEGY FIC MULTIMERCADO;28/02/2018;226,72366708
JGP STRATEGY FIC MULTIMERCADO;01/03/2018;226,35974214
JGP STRATEGY FIC MULTIMERCADO;02/03/2018;226,66933741
JGP STRATEGY FIC MULTIMERCADO;05/03/2018;226,705264
JGP STRATEGY FIC MULTIMERCADO;06/03/2018;226,8105388
JGP STRATEGY FIC MULTIMERCADO;07/03/2018;226,80911531
JGP STRATEGY FIC MULTIMERCADO;08/03/2018;227,04431062
JGP STRATEGY FIC MULTIMERCADO;09/03/2018;227,31015282
JGP STRATEGY FIC MULTIMERCADO;12/03/2018;227,40717091
JGP STRATEGY FIC MULTIMERCADO;13/03/2018;227,46030885
JGP STRATEGY FIC MULTIMERCADO;14/03/2018;227,29662054
JGP STRATEGY FIC MULTIMERCADO;15/03/2018;227,50273816
JGP STRATEGY FIC MULTIMERCADO;16/03/2018;227,7780422
JGP STRATEGY FIC MULTIMERCADO;19/03/2018;227,7738708
JGP STRATEGY FIC MULTIMERCADO;20/03/2018;227,68244786
JGP STRATEGY FIC MULTIMERCADO;21/03/2018;227,55612821
JGP STRATEGY FIC MULTIMERCADO;22/03/2018;228,14570861
JGP STRATEGY FIC MULTIMERCADO;23/03/2018;228,2023747
JGP STRATEGY FIC MULTIMERCADO;26/03/2018;228,27969301
JGP STRATEGY FIC MULTIMERCADO;27/03/2018;228,3599848
JGP STRATEGY FIC MULTIMERCADO;28/03/2018;228,35195908
JGP STRATEGY FIC MULTIMERCADO;29/03/2018;228,2571027
JGP STRATEGY FIC MULTIMERCADO;02/04/2018;228,29320424
JGP STRATEGY FIC MULTIMERCADO;03/04/2018;228,3907408
JGP STRATEGY FIC MULTIMERCADO;04/04/2018;228,40126443
JGP STRATEGY FIC MULTIMERCADO;05/04/2018;228,54256069
JGP STRATEGY FIC MULTIMERCADO;06/04/2018;228,8518756
JGP STRATEGY FIC MULTIMERCADO;09/04/2018;229,35040509
JGP STRATEGY FIC MULTIMERCADO;10/04/2018;229,2390468
JGP STRATEGY FIC MULTIMERCADO;11/04/2018;229,21581784
JGP STRATEGY FIC MULTIMERCADO;12/04/2018;229,25745877
JGP STRATEGY FIC MULTIMERCADO;13/04/2018;229,55635343
JGP STRATEGY FIC MULTIMERCADO;16/04/2018;229,62339653
JGP STRATEGY FIC MULTIMERCADO;17/04/2018;229,2532614
JGP STRATEGY FIC MULTIMERCADO;18/04/2018;229,30497779
JGP STRATEGY FIC MULTIMERCADO;19/04/2018;229,48280266
JGP STRATEGY FIC MULTIMERCADO;20/04/2018;229,46938913
JGP STRATEGY FIC MULTIMERCADO;23/04/2018;229,9216903
JGP STRATEGY FIC MULTIMERCADO;24/04/2018;230,09553406
JGP STRATEGY FIC MULTIMERCADO;25/04/2018;230,21558089
JGP STRATEGY FIC MULTIMERCADO;26/04/2018;230,24078669
JGP STRATEGY FIC MULTIMERCADO;27/04/2018;230,25383495
JGP STRATEGY FIC MULTIMERCADO;30/04/2018;230,6170416
JGP STRATEGY FIC MULTIMERCADO;02/05/2018;231,16241878
JGP STRATEGY FIC MULTIMERCADO;03/05/2018;231,19845333
JGP STRATEGY FIC MULTIMERCADO;04/05/2018;231,16089866
JGP STRATEGY FIC MULTIMERCADO;07/05/2018;231,42979389
JGP STRATEGY FIC MULTIMERCADO;08/05/2018;231,57719387
JGP STRATEGY FIC MULTIMERCADO;09/05/2018;232,32602764
JGP STRATEGY FIC MULTIMERCADO;10/05/2018;231,99279
JGP STRATEGY FIC MULTIMERCADO;11/05/2018;232,14935713
JGP STRATEGY FIC MULTIMERCADO;14/05/2018;232,09820491
JGP STRATEGY FIC MULTIMERCADO;15/05/2018;232,1853732
JGP STRATEGY FIC MULTIMERCADO;16/05/2018;232,65221205
JGP STRATEGY FIC MULTIMERCADO;17/05/2018;232,12994685
JGP STRATEGY FIC MULTIMERCADO;18/05/2018;231,73608338
JGP STRATEGY FIC MULTIMERCADO;21/05/2018;232,23050762
JGP STRATEGY FIC MULTIMERCADO;22/05/2018;232,88638467
JGP STRATEGY FIC MULTIMERCADO;23/05/2018;232,39368953
JGP STRATEGY FIC MULTIMERCADO;24/05/2018;232,10367148
JGP STRATEGY FIC MULTIMERCADO;25/05/2018;231,72004733
JGP STRATEGY FIC MULTIMERCADO;28/05/2018;231,65998817
JGP STRATEGY FIC MULTIMERCADO;29/05/2018;231,49032892
JGP STRATEGY FIC MULTIMERCADO;30/05/2018;231,86679488
JGP STRATEGY FIC MULTIMERCADO;01/06/2018;232,60495257
JGP STRATEGY FIC MULTIMERCADO;04/06/2018;232,76260909
JGP STRATEGY FIC MULTIMERCADO;05/06/2018;232,14294938
JGP STRATEGY FIC MULTIMERCADO;06/06/2018;232,24009865
JGP STRATEGY FIC MULTIMERCADO;07/06/2018;231,4245902
JGP STRATEGY FIC MULTIMERCADO;08/06/2018;231,68092029
JGP STRATEGY FIC MULTIMERCADO;11/06/2018;232,00059116
JGP STRATEGY FIC MULTIMERCADO;12/06/2018;231,89861444
JGP STRATEGY FIC MULTIMERCADO;13/06/2018;231,60328042
JGP STRATEGY FIC MULTIMERCADO;14/06/2018;231,266485
JGP STRATEGY FIC MULTIMERCADO;15/06/2018;231,4917409
JGP STRATEGY FIC MULTIMERCADO;18/06/2018;231,86370216
JGP STRATEGY FIC MULTIMERCADO;19/06/2018;232,41362995
JGP STRATEGY FIC MULTIMERCADO;20/06/2018;232,60025481
JGP STRATEGY FIC MULTIMERCADO;21/06/2018;232,2106419
JGP STRATEGY FIC MULTIMERCADO;22/06/2018;232,25870446
JGP STRATEGY FIC MULTIMERCADO;25/06/2018;232,69685751
JGP STRATEGY FIC MULTIMERCADO;26/06/2018;233,09330985
JGP STRATEGY FIC MULTIMERCADO;27/06/2018;233,45280151
JGP STRATEGY FIC MULTIMERCADO;28/06/2018;233,81704816
JGP STRATEGY FIC MULTIMERCADO;29/06/2018;234,07442564
JGP STRATEGY FIC MULTIMERCADO;02/07/2018;234,32311114
JGP STRATEGY FIC MULTIMERCADO;03/07/2018;234,37299593
JGP STRATEGY FIC MULTIMERCADO;04/07/2018;234,7242223
JGP STRATEGY FIC MULTIMERCADO;05/07/2018;234,76552053
JGP STRATEGY FIC MULTIMERCADO;06/07/2018;234,47145667
JGP STRATEGY FIC MULTIMERCADO;09/07/2018;234,5637752
JGP STRATEGY FIC MULTIMERCADO;10/07/2018;234,29091042
JGP STRATEGY FIC MULTIMERCADO;11/07/2018;234,68007197
JGP STRATEGY FIC MULTIMERCADO;12/07/2018;234,93056948
JGP STRATEGY FIC MULTIMERCADO;13/07/2018;234,92215779
JGP STRATEGY FIC MULTIMERCADO;16/07/2018;234,82683635
JGP STRATEGY FIC MULTIMERCADO;17/07/2018;234,98216448
JGP STRATEGY FIC MULTIMERCADO;18/07/2018;235,04588409
JGP STRATEGY FIC MULTIMERCADO;19/07/2018;235,23543851
JGP STRATEGY FIC MULTIMERCADO;20/07/2018;235,67234656
JGP STRATEGY FIC MULTIMERCADO;23/07/2018;235,65046414
JGP STRATEGY FIC MULTIMERCADO;24/07/2018;236,04004755
JGP STRATEGY FIC MULTIMERCADO;25/07/2018;236,03729506
JGP STRATEGY FIC MULTIMERCADO;26/07/2018;235,96676082
JGP STRATEGY FIC MULTIMERCADO;27/07/2018;236,07897753
JGP STRATEGY FIC MULTIMERCADO;30/07/2018;235,9998517
JGP STRATEGY FIC MULTIMERCADO;31/07/2018;235,69548642
JGP STRATEGY FIC MULTIMERCADO;01/08/2018;235,93765844
JGP STRATEGY FIC MULTIMERCADO;02/08/2018;236,14880109
JGP STRATEGY FIC MULTIMERCADO;03/08/2018;236,5388426
JGP STRATEGY FIC MULTIMERCADO;06/08/2018;236,45296192
JGP STRATEGY FIC MULTIMERCADO;07/08/2018;235,77818236
JGP STRATEGY FIC MULTIMERCADO;08/08/2018;235,71979903
JGP STRATEGY FIC MULTIMERCADO;09/08/2018;235,73798702
JGP STRATEGY FIC MULTIMERCADO;10/08/2018;235,79433469
JGP STRATEGY FIC MULTIMERCADO;13/08/2018;235,83417682
JGP STRATEGY FIC MULTIMERCADO;14/08/2018;236,15668328
JGP STRATEGY FIC MULTIMERCADO;15/08/2018;236,01642807
JGP STRATEGY FIC MULTIMERCADO;16/08/2018;236,19202333
JGP STRATEGY FIC MULTIMERCADO;17/08/2018;236,31070061
JGP STRATEGY FIC MULTIMERCADO;20/08/2018;236,82012726
JGP STRATEGY FIC MULTIMERCADO;21/08/2018;237,37046067
JGP STRATEGY FIC MULTIMERCADO;22/08/2018;237,7204138
JGP STRATEGY FIC MULTIMERCADO;23/08/2018;238,35131749
JGP STRATEGY FIC MULTIMERCADO;24/08/2018;238,12051178
JGP STRATEGY FIC MULTIMERCADO;27/08/2018;238,14349013
JGP STRATEGY FIC MULTIMERCADO;28/08/2018;238,31603313
JGP STRATEGY FIC MULTIMERCADO;29/08/2018;238,26625802
JGP STRATEGY FIC MULTIMERCADO;30/08/2018;238,75168636
JGP STRATEGY FIC MULTIMERCADO;31/08/2018;237,99859837
JGP STRATEGY FIC MULTIMERCADO;03/09/2018;238,74197794
JGP STRATEGY FIC MULTIMERCADO;04/09/2018;238,69117337
JGP STRATEGY FIC MULTIMERCADO;05/09/2018;237,87644224
JGP STRATEGY FIC MULTIMERCADO;06/09/2018;237,65227789
JGP STRATEGY FIC MULTIMERCADO;10/09/2018;237,67329213
JGP STRATEGY FIC MULTIMERCADO;11/09/2018;237,90601273
JGP STRATEGY FIC MULTIMERCADO;12/09/2018;237,61549323
JGP STRATEGY FIC MULTIMERCADO;13/09/2018;237,894771
JGP STRATEGY FIC MULTIMERCADO;14/09/2018;237,84365243
JGP STRATEGY FIC MULTIMERCADO;17/09/2018;237,75879101
JGP STRATEGY FIC MULTIMERCADO;18/09/2018;237,89957452
JGP STRATEGY FIC MULTIMERCADO;19/09/2018;237,67960424
JGP STRATEGY FIC MULTIMERCADO;20/09/2018;237,45356625
JGP STRATEGY FIC MULTIMERCADO;21/09/2018;237,58321185
JGP STRATEGY FIC MULTIMERCADO;24/09/2018;237,67334328
JGP STRATEGY FIC MULTIMERCADO;25/09/2018;237,90875375
JGP STRATEGY FIC MULTIMERCADO;26/09/2018;238,0044959
JGP STRATEGY FIC MULTIMERCADO;27/09/2018;237,85008213
JGP STRATEGY FIC MULTIMERCADO;28/09/2018;237,99898719
JGP STRATEGY FIC MULTIMERCADO;01/10/2018;238,08914344
JGP STRATEGY FIC MULTIMERCADO;02/10/2018;237,6197997
JGP STRATEGY FIC MULTIMERCADO;03/10/2018;237,75258414
JGP STRATEGY FIC MULTIMERCADO;04/10/2018;238,21231669
JGP STRATEGY FIC MULTIMERCADO;05/10/2018;237,88606965
JGP STRATEGY FIC MULTIMERCADO;08/10/2018;239,82364543
JGP STRATEGY FIC MULTIMERCADO;09/10/2018;239,71215597
JGP STRATEGY FIC MULTIMERCADO;10/10/2018;239,09529865
JGP STRATEGY FIC MULTIMERCADO;11/10/2018;238,7807725
JGP STRATEGY FIC MULTIMERCADO;15/10/2018;239,03411323
JGP STRATEGY FIC MULTIMERCADO;16/10/2018;239,44690692
JGP STRATEGY FIC MULTIMERCADO;17/10/2018;239,56526928
JGP STRATEGY FIC MULTIMERCADO;18/10/2018;239,30948349
JGP STRATEGY FIC MULTIMERCADO;19/10/2018;239,3954044
JGP STRATEGY FIC MULTIMERCADO;22/10/2018;239,8103548
JGP STRATEGY FIC MULTIMERCADO;23/10/2018;240,03175801
JGP STRATEGY FIC MULTIMERCADO;24/10/2018;239,53103533
JGP STRATEGY FIC MULTIMERCADO;25/10/2018;239,87151334
JGP STRATEGY FIC MULTIMERCADO;26/10/2018;240,92651824
JGP STRATEGY FIC MULTIMERCADO;29/10/2018;240,65540895
JGP STRATEGY FIC MULTIMERCADO;30/10/2018;241,01267073
JGP STRATEGY FIC MULTIMERCADO;31/10/2018;240,98257826
JGP STRATEGY FIC MULTIMERCADO;01/11/2018;240,99437603
JGP STRATEGY FIC MULTIMERCADO;05/11/2018;240,93080093
JGP STRATEGY FIC MULTIMERCADO;06/11/2018;240,55206001
JGP STRATEGY FIC MULTIMERCADO;07/11/2018;240,2153105
JGP STRATEGY FIC MULTIMERCADO;08/11/2018;239,8609269
JGP STRATEGY FIC MULTIMERCADO;09/11/2018;239,89481821
JGP STRATEGY FIC MULTIMERCADO;12/11/2018;239,79142805
JGP STRATEGY FIC MULTIMERCADO;13/11/2018;239,20853275
JGP STRATEGY FIC MULTIMERCADO;14/11/2018;239,4080042
JGP STRATEGY FIC MULTIMERCADO;16/11/2018;240,31641633
JGP STRATEGY FIC MULTIMERCADO;19/11/2018;240,19607169
JGP STRATEGY FIC MULTIMERCADO;20/11/2018;240,14947741
JGP STRATEGY FIC MULTIMERCADO;21/11/2018;240,27374071
JGP STRATEGY FIC MULTIMERCADO;22/11/2018;240,02774638
JGP STRATEGY FIC MULTIMERCADO;23/11/2018;240,12975666
JGP STRATEGY FIC MULTIMERCADO;26/11/2018;239,18085628
JGP STRATEGY FIC MULTIMERCADO;27/11/2018;239,24930376
JGP STRATEGY FIC MULTIMERCADO;28/11/2018;239,82550959
JGP STRATEGY FIC MULTIMERCADO;29/11/2018;239,61655377
JGP STRATEGY FIC MULTIMERCADO;30/11/2018;239,43149279
JGP STRATEGY FIC MULTIMERCADO;03/12/2018;239,72264755
JGP STRATEGY FIC MULTIMERCADO;04/12/2018;239,40172086
JGP STRATEGY FIC MULTIMERCADO;05/12/2018;239,45124335
JGP STRATEGY FIC MULTIMERCADO;06/12/2018;239,6441433
JGP STRATEGY FIC MULTIMERCADO;07/12/2018;239,55016369
JGP STRATEGY FIC MULTIMERCADO;10/12/2018;239,42823956
JGP STRATEGY FIC MULTIMERCADO;11/12/2018;239,37496112
JGP STRATEGY FIC MULTIMERCADO;12/12/2018;239,42141858
JGP STRATEGY FIC MULTIMERCADO;13/12/2018;239,2879837
JGP STRATEGY FIC MULTIMERCADO;14/12/2018;239,13055511
JGP STRATEGY FIC MULTIMERCADO;17/12/2018;239,19961642
JGP STRATEGY FIC MULTIMERCADO;18/12/2018;239,30345335
JGP STRATEGY FIC MULTIMERCADO;19/12/2018;239,43842634
JGP STRATEGY FIC MULTIMERCADO;20/12/2018;239,61273162
JGP STRATEGY FIC MULTIMERCADO;21/12/2018;239,23934908
JGP STRATEGY FIC MULTIMERCADO;24/12/2018;239,35292635
JGP STRATEGY FIC MULTIMERCADO;26/12/2018;239,32289687
JGP STRATEGY FIC MULTIMERCADO;27/12/2018;239,57079889
JGP STRATEGY FIC MULTIMERCADO;28/12/2018;239,7880768
JGP STRATEGY FIC MULTIMERCADO;31/12/2018;239,84510394
JGP STRATEGY FIC MULTIMERCADO;02/01/2019;240,70284775
JGP STRATEGY FIC MULTIMERCADO;03/01/2019;241,38917044
JGP STRATEGY FIC MULTIMERCADO;04/01/2019;241,78076133
JGP STRATEGY FIC MULTIMERCADO;07/01/2019;241,79746448
JGP STRATEGY FIC MULTIMERCADO;08/01/2019;241,65810976
JGP STRATEGY FIC MULTIMERCADO;09/01/2019;242,08144297
JGP STRATEGY FIC MULTIMERCADO;10/01/2019;241,97686249
JGP STRATEGY FIC MULTIMERCADO;11/01/2019;241,96145011
JGP STRATEGY FIC MULTIMERCADO;14/01/2019;241,9464155
JGP STRATEGY FIC MULTIMERCADO;15/01/2019;241,8440579
JGP STRATEGY FIC MULTIMERCADO;16/01/2019;241,6613858
JGP STRATEGY FIC MULTIMERCADO;17/01/2019;241,77462004
JGP STRATEGY FIC MULTIMERCADO;18/01/2019;241,68502396
JGP STRATEGY FIC MULTIMERCADO;21/01/2019;241,69442038
JGP STRATEGY FIC MULTIMERCADO;22/01/2019;241,66384776
JGP STRATEGY FIC MULTIMERCADO;23/01/2019;242,04703546
JGP STRATEGY FIC MULTIMERCADO;24/01/2019;242,13793331
JGP STRATEGY FIC MULTIMERCADO;25/01/2019;242,05903521
JGP STRATEGY FIC MULTIMERCADO;28/01/2019;241,37810639
JGP STRATEGY FIC MULTIMERCADO;29/01/2019;241,80651593
JGP STRATEGY FIC MULTIMERCADO;30/01/2019;242,22702971
JGP STRATEGY FIC MULTIMERCADO;31/01/2019;243,34672836
JGP STRATEGY FIC MULTIMERCADO;01/02/2019;243,44463319
JGP STRATEGY FIC MULTIMERCADO;04/02/2019;243,56482268
JGP STRATEGY FIC MULTIMERCADO;05/02/2019;243,8352712
JGP STRATEGY FIC MULTIMERCADO;06/02/2019;243,06376094
JGP STRATEGY FIC MULTIMERCADO;07/02/2019;242,91271773
JGP STRATEGY FIC MULTIMERCADO;08/02/2019;242,87898908
JGP STRATEGY FIC MULTIMERCADO;11/02/2019;242,59274142
JGP STRATEGY FIC MULTIMERCADO;12/02/2019;242,96539508
JGP STRATEGY FIC MULTIMERCADO;13/02/2019;242,66088752
JGP STRATEGY FIC MULTIMERCADO;14/02/2019;242,76837998
JGP STRATEGY FIC MULTIMERCADO;15/02/2019;242,97772439
JGP STRATEGY FIC MULTIMERCADO;18/02/2019;242,65819617
JGP STRATEGY FIC MULTIMERCADO;19/02/2019;243,01524841
JGP STRATEGY FIC MULTIMERCADO;20/02/2019;243,13545769
JGP STRATEGY FIC MULTIMERCADO;21/02/2019;243,06874406
JGP STRATEGY FIC MULTIMERCADO;22/02/2019;243,29721905
JGP STRATEGY FIC MULTIMERCADO;25/02/2019;243,50525582
JGP STRATEGY FIC MULTIMERCADO;26/02/2019;243,65703237
JGP STRATEGY FIC MULTIMERCADO;27/02/2019;243,62077293
JGP STRATEGY FIC MULTIMERCADO;28/02/2019;243,80935471
JGP STRATEGY FIC MULTIMERCADO;01/03/2019;243,88357287
JGP STRATEGY FIC MULTIMERCADO;06/03/2019;244,10824183
JGP STRATEGY FIC MULTIMERCADO;07/03/2019;244,32180621
JGP STRATEGY FIC MULTIMERCADO;08/03/2019;244,17813155
JGP STRATEGY FIC MULTIMERCADO;11/03/2019;244,15313552
JGP STRATEGY FIC MULTIMERCADO;12/03/2019;244,20532561
JGP STRATEGY FIC MULTIMERCADO;13/03/2019;244,23356177
JGP STRATEGY FIC MULTIMERCADO;14/03/2019;244,12695294
JGP STRATEGY FIC MULTIMERCADO;15/03/2019;244,19149613
JGP STRATEGY FIC MULTIMERCADO;18/03/2019;244,53761468
JGP STRATEGY FIC MULTIMERCADO;19/03/2019;244,56536253
JGP STRATEGY FIC MULTIMERCADO;20/03/2019;244,35428473
JGP STRATEGY FIC MULTIMERCADO;21/03/2019;244,40345224
JGP STRATEGY FIC MULTIMERCADO;22/03/2019;245,11682258
JGP STRATEGY FIC MULTIMERCADO;25/03/2019;244,87750053
JGP STRATEGY FIC MULTIMERCADO;26/03/2019;244,95873847
JGP STRATEGY FIC MULTIMERCADO;27/03/2019;245,32576446
JGP STRATEGY FIC MULTIMERCADO;28/03/2019;245,07630826
JGP STRATEGY FIC MULTIMERCADO;29/03/2019;244,87528652
JGP STRATEGY FIC MULTIMERCADO;01/04/2019;244,81863837
JGP STRATEGY FIC MULTIMERCADO;02/04/2019;244,99209901
JGP STRATEGY FIC MULTIMERCADO;03/04/2019;244,85540709
JGP STRATEGY FIC MULTIMERCADO;04/04/2019;244,96964674
JGP STRATEGY FIC MULTIMERCADO;05/04/2019;245,06398389
JGP STRATEGY FIC MULTIMERCADO;08/04/2019;245,09483651
JGP STRATEGY FIC MULTIMERCADO;09/04/2019;245,06929359
JGP STRATEGY FIC MULTIMERCADO;10/04/2019;245,22665416
JGP STRATEGY FIC MULTIMERCADO;11/04/2019;245,34181527
JGP STRATEGY FIC MULTIMERCADO;12/04/2019;245,20437538
JGP STRATEGY FIC MULTIMERCADO;15/04/2019;245,14151415
JGP STRATEGY FIC MULTIMERCADO;16/04/2019;245,47511417
JGP STRATEGY FIC MULTIMERCADO;17/04/2019;245,64440006
JGP STRATEGY FIC MULTIMERCADO;18/04/2019;245,57010046
JGP STRATEGY FIC MULTIMERCADO;22/04/2019;245,71257607
JGP STRATEGY FIC MULTIMERCADO;23/04/2019;245,79767253
JGP STRATEGY FIC MULTIMERCADO;24/04/2019;246,25859948
JGP STRATEGY FIC MULTIMERCADO;25/04/2019;246,23841505
JGP STRATEGY FIC MULTIMERCADO;26/04/2019;246,03629887
JGP STRATEGY FIC MULTIMERCADO;29/04/2019;246,08308217
JGP STRATEGY FIC MULTIMERCADO;30/04/2019;246,13479936
JGP STRATEGY FIC MULTIMERCADO;02/05/2019;246,35004838
JGP STRATEGY FIC MULTIMERCADO;03/05/2019;246,19515412
JGP STRATEGY FIC MULTIMERCADO;06/05/2019;246,11937305
JGP STRATEGY FIC MULTIMERCADO;07/05/2019;246,19409475
JGP STRATEGY FIC MULTIMERCADO;08/05/2019;246,03906561
JGP STRATEGY FIC MULTIMERCADO;09/05/2019;246,01085272
JGP STRATEGY FIC MULTIMERCADO;10/05/2019;245,85788619
JGP STRATEGY FIC MULTIMERCADO;13/05/2019;245,98062461
JGP STRATEGY FIC MULTIMERCADO;14/05/2019;245,89978153
JGP STRATEGY FIC MULTIMERCADO;15/05/2019;246,07524995
JGP STRATEGY FIC MULTIMERCADO;16/05/2019;246,4008344
JGP STRATEGY FIC MULTIMERCADO;17/05/2019;246,95868431
JGP STRATEGY FIC MULTIMERCADO;20/05/2019;246,9445348
JGP STRATEGY FIC MULTIMERCADO;21/05/2019;246,67485349
JGP STRATEGY FIC MULTIMERCADO;22/05/2019;246,57602342
JGP STRATEGY FIC MULTIMERCADO;23/05/2019;246,71389162
JGP STRATEGY FIC MULTIMERCADO;24/05/2019;246,73348603
JGP STRATEGY FIC MULTIMERCADO;27/05/2019;246,92104212
JGP STRATEGY FIC MULTIMERCADO;28/05/2019;247,23024587
JGP STRATEGY FIC MULTIMERCADO;29/05/2019;247,55049309
JGP STRATEGY FIC MULTIMERCADO;30/05/2019;247,74579883
JGP STRATEGY FIC MULTIMERCADO;31/05/2019;248,03065073
JGP STRATEGY FIC MULTIMERCADO;03/06/2019;248,12364663
JGP STRATEGY FIC MULTIMERCADO;04/06/2019;248,41975363
JGP STRATEGY FIC MULTIMERCADO;05/06/2019;248,05305686
JGP STRATEGY FIC MULTIMERCADO;06/06/2019;248,41108056
JGP STRATEGY FIC MULTIMERCADO;07/06/2019;248,53653292
JGP STRATEGY FIC MULTIMERCADO;10/06/2019;248,55760131
JGP STRATEGY FIC MULTIMERCADO;11/06/2019;248,94230544
JGP STRATEGY FIC MULTIMERCADO;12/06/2019;248,83302403
JGP STRATEGY FIC MULTIMERCADO;13/06/2019;248,77419148
JGP STRATEGY FIC MULTIMERCADO;14/06/2019;248,46912171
JGP STRATEGY FIC MULTIMERCADO;17/06/2019;248,46106772
JGP STRATEGY FIC MULTIMERCADO;18/06/2019;248,60278475
JGP STRATEGY FIC MULTIMERCADO;19/06/2019;248,84464719
JGP STRATEGY FIC MULTIMERCADO;21/06/2019;249,54070221
JGP STRATEGY FIC MULTIMERCADO;24/06/2019;249,72094931
JGP STRATEGY FIC MULTIMERCADO;25/06/2019;249,29274871
JGP STRATEGY FIC MULTIMERCADO;26/06/2019;249,34819558
JGP STRATEGY FIC MULTIMERCADO;27/06/2019;249,42231005
JGP STRATEGY FIC MULTIMERCADO;28/06/2019;249,88294879
JGP STRATEGY FIC MULTIMERCADO;01/07/2019;249,96612206
JGP STRATEGY FIC MULTIMERCADO;02/07/2019;249,74167366
JGP STRATEGY FIC MULTIMERCADO;03/07/2019;250,336318
JGP STRATEGY FIC MULTIMERCADO;04/07/2019;250,91617417
JGP STRATEGY FIC MULTIMERCADO;05/07/2019;251,08295832
JGP STRATEGY FIC MULTIMERCADO;08/07/2019;251,41833928
JGP STRATEGY FIC MULTIMERCADO;09/07/2019;251,27813359
JGP STRATEGY FIC MULTIMERCADO;10/07/2019;251,52992024
JGP STRATEGY FIC MULTIMERCADO;11/07/2019;251,73471686
JGP STRATEGY FIC MULTIMERCADO;12/07/2019;251,7064301
JGP STRATEGY FIC MULTIMERCADO;15/07/2019;251,89734366
JGP STRATEGY FIC MULTIMERCADO;16/07/2019;251,84191539
JGP STRATEGY FIC MULTIMERCADO;17/07/2019;251,98391613
JGP STRATEGY FIC MULTIMERCADO;18/07/2019;252,23686243
JGP STRATEGY FIC MULTIMERCADO;19/07/2019;251,98356509
JGP STRATEGY FIC MULTIMERCADO;22/07/2019;251,92892149
JGP STRATEGY FIC MULTIMERCADO;23/07/2019;251,74604976
JGP STRATEGY FIC MULTIMERCADO;24/07/2019;252,23552732
JGP STRATEGY FIC MULTIMERCADO;25/07/2019;251,73727737
JGP STRATEGY FIC MULTIMERCADO;26/07/2019;252,27205164
JGP STRATEGY FIC MULTIMERCADO;29/07/2019;252,27235584
JGP STRATEGY FIC MULTIMERCADO;30/07/2019;252,20485389
JGP STRATEGY FIC MULTIMERCADO;31/07/2019;252,26879394
JGP STRATEGY FIC MULTIMERCADO;01/08/2019;252,76293579
JGP STRATEGY FIC MULTIMERCADO;02/08/2019;253,24998369
JGP STRATEGY FIC MULTIMERCADO;05/08/2019;253,02112681
JGP STRATEGY FIC MULTIMERCADO;06/08/2019;253,48636873
JGP STRATEGY FIC MULTIMERCADO;07/08/2019;253,81401224
JGP STRATEGY FIC MULTIMERCADO;08/08/2019;254,06765289
JGP STRATEGY FIC MULTIMERCADO;09/08/2019;254,10952783
JGP STRATEGY FIC MULTIMERCADO;12/08/2019;253,39963378
JGP STRATEGY FIC MULTIMERCADO;13/08/2019;253,22876044
JGP STRATEGY FIC MULTIMERCADO;14/08/2019;253,60119187
JGP STRATEGY FIC MULTIMERCADO;15/08/2019;252,61979338
JGP STRATEGY FIC MULTIMERCADO;16/08/2019;252,60102046
JGP STRATEGY FIC MULTIMERCADO;19/08/2019;252,606633
JGP STRATEGY FIC MULTIMERCADO;20/08/2019;252,53595553
JGP STRATEGY FIC MULTIMERCADO;21/08/2019;252,48466479
JGP STRATEGY FIC MULTIMERCADO;22/08/2019;252,51485898
JGP STRATEGY FIC MULTIMERCADO;23/08/2019;253,06817342
JGP STRATEGY FIC MULTIMERCADO;26/08/2019;252,81288934
JGP STRATEGY FIC MULTIMERCADO;27/08/2019;253,05272689
JGP STRATEGY FIC MULTIMERCADO;28/08/2019;252,9460935
JGP STRATEGY FIC MULTIMERCADO;29/08/2019;252,87295112
JGP STRATEGY FIC MULTIMERCADO;30/08/2019;253,10691038
JGP STRATEGY FIC MULTIMERCADO;02/09/2019;253,27578954
JGP STRATEGY FIC MULTIMERCADO;03/09/2019;253,47834463
JGP STRATEGY FIC MULTIMERCADO;04/09/2019;253,29470524
JGP STRATEGY FIC MULTIMERCADO;05/09/2019;253,03519229
JGP STRATEGY FIC MULTIMERCADO;06/09/2019;253,09099483
JGP STRATEGY FIC MULTIMERCADO;09/09/2019;253,11397625
JGP STRATEGY FIC MULTIMERCADO;10/09/2019;253,06928997
JGP STRATEGY FIC MULTIMERCADO;11/09/2019;253,15681221
JGP STRATEGY FIC MULTIMERCADO;12/09/2019;253,19602566
JGP STRATEGY FIC MULTIMERCADO;13/09/2019;253,10286219
JGP STRATEGY FIC MULTIMERCADO;16/09/2019;253,1904336
JGP STRATEGY FIC MULTIMERCADO;17/09/2019;253,14977767
JGP STRATEGY FIC MULTIMERCADO;18/09/2019;253,19344515
JGP STRATEGY FIC MULTIMERCADO;19/09/2019;253,65071786
JGP STRATEGY FIC MULTIMERCADO;20/09/2019;253,78417315
JGP STRATEGY FIC MULTIMERCADO;23/09/2019;253,82765616
JGP STRATEGY FIC MULTIMERCADO;24/09/2019;253,7990509
JGP STRATEGY FIC MULTIMERCADO;25/09/2019;253,70839762
JGP STRATEGY FIC MULTIMERCADO;26/09/2019;253,86166765
JGP STRATEGY FIC MULTIMERCADO;27/09/2019;253,72774417
JGP STRATEGY FIC MULTIMERCADO;30/09/2019;253,84062584
JGP STRATEGY FIC MULTIMERCADO;01/10/2019;253,67852663
JGP STRATEGY FIC MULTIMERCADO;02/10/2019;253,44956273
JGP STRATEGY FIC MULTIMERCADO;03/10/2019;253,16885782
JGP STRATEGY FIC MULTIMERCADO;04/10/2019;253,11220973
JGP STRATEGY FIC MULTIMERCADO;07/10/2019;253,2067505
JGP STRATEGY FIC MULTIMERCADO;08/10/2019;253,06493255
JGP STRATEGY FIC MULTIMERCADO;09/10/2019;253,0153167
JGP STRATEGY FIC MULTIMERCADO;10/10/2019;252,95836508
JGP STRATEGY FIC MULTIMERCADO;11/10/2019;253,26372645
JGP STRATEGY FIC MULTIMERCADO;14/10/2019;253,25418246
JGP STRATEGY FIC MULTIMERCADO;15/10/2019;253,21934579
JGP STRATEGY FIC MULTIMERCADO;16/10/2019;253,32711957
JGP STRATEGY FIC MULTIMERCADO;17/10/2019;253,25319499
JGP STRATEGY FIC MULTIMERCADO;18/10/2019;253,52785477
JGP STRATEGY FIC MULTIMERCADO;21/10/2019;253,71584186
JGP STRATEGY FIC MULTIMERCADO;22/10/2019;254,48855111
JGP STRATEGY FIC MULTIMERCADO;23/10/2019;254,89838061
JGP STRATEGY FIC MULTIMERCADO;24/10/2019;254,80981203
JGP STRATEGY FIC MULTIMERCADO;25/10/2019;255,15873002
JGP STRATEGY FIC MULTIMERCADO;28/10/2019;255,60741354
JGP STRATEGY FIC MULTIMERCADO;29/10/2019;255,41795511
JGP STRATEGY FIC MULTIMERCADO;30/10/2019;255,79313533
JGP STRATEGY FIC MULTIMERCADO;31/10/2019;255,27263668
JGP STRATEGY FIC MULTIMERCADO;01/11/2019;255,541586
JGP STRATEGY FIC MULTIMERCADO;04/11/2019;255,34801665
JGP STRATEGY FIC MULTIMERCADO;05/11/2019;255,46433891
JGP STRATEGY FIC MULTIMERCADO;06/11/2019;255,05060285
JGP STRATEGY FIC MULTIMERCADO;07/11/2019;255,35753662
JGP STRATEGY FIC MULTIMERCADO;08/11/2019;255,40516716
JGP STRATEGY FIC MULTIMERCADO;11/11/2019;255,27096668
JGP STRATEGY FIC MULTIMERCADO;12/11/2019;255,76596513
JGP STRATEGY FIC MULTIMERCADO;13/11/2019;255,782049
JGP STRATEGY FIC MULTIMERCADO;14/11/2019;256,0606977
JGP STRATEGY FIC MULTIMERCADO;18/11/2019;256,20817978
JGP STRATEGY FIC MULTIMERCADO;19/11/2019;256,20538811
JGP STRATEGY FIC MULTIMERCADO;20/11/2019;256,29328603
JGP STRATEGY FIC MULTIMERCADO;21/11/2019;256,4786863
JGP STRATEGY FIC MULTIMERCADO;22/11/2019;256,35114473
JGP STRATEGY FIC MULTIMERCADO;25/11/2019;256,60452074
JGP STRATEGY FIC MULTIMERCADO;26/11/2019;256,78811512
JGP STRATEGY FIC MULTIMERCADO;27/11/2019;256,80293655
JGP STRATEGY FIC MULTIMERCADO;28/11/2019;256,73906461
JGP STRATEGY FIC MULTIMERCADO;29/11/2019;256,75129335
JGP STRATEGY FIC MULTIMERCADO;02/12/2019;256,88081606
JGP STRATEGY FIC MULTIMERCADO;03/12/2019;257,00999827
JGP STRATEGY FIC MULTIMERCADO;04/12/2019;257,16446426
JGP STRATEGY FIC MULTIMERCADO;05/12/2019;257,25699889
JGP STRATEGY FIC MULTIMERCADO;06/12/2019;257,38817217
JGP STRATEGY FIC MULTIMERCADO;09/12/2019;257,33287028
JGP STRATEGY FIC MULTIMERCADO;10/12/2019;257,34489354
JGP STRATEGY FIC MULTIMERCADO;11/12/2019;257,75596799
JGP STRATEGY FIC MULTIMERCADO;12/12/2019;258,12885192
JGP STRATEGY FIC MULTIMERCADO;13/12/2019;258,4318075
JGP STRATEGY FIC MULTIMERCADO;16/12/2019;258,51595299
JGP STRATEGY FIC MULTIMERCADO;17/12/2019;258,20504004
JGP STRATEGY FIC MULTIMERCADO;18/12/2019;258,46144737
JGP STRATEGY FIC MULTIMERCADO;19/12/2019;258,38596021
JGP STRATEGY FIC MULTIMERCADO;20/12/2019;258,64475007
JGP STRATEGY FIC MULTIMERCADO;23/12/2019;258,82953158
JGP STRATEGY FIC MULTIMERCADO;24/12/2019;259,01332592
JGP STRATEGY FIC MULTIMERCADO;26/12/2019;259,2822982
JGP STRATEGY FIC MULTIMERCADO;27/12/2019;259,3461925
JGP STRATEGY FIC MULTIMERCADO;30/12/2019;259,62460069
JGP STRATEGY FIC MULTIMERCADO;31/12/2019;259,73369627
JGP STRATEGY FIC MULTIMERCADO;02/01/2020;259,91318581
JGP STRATEGY FIC MULTIMERCADO;03/01/2020;259,68539868
JGP STRATEGY FIC MULTIMERCADO;06/01/2020;259,68913583
JGP STRATEGY FIC MULTIMERCADO;07/01/2020;259,60440848
JGP STRATEGY FIC MULTIMERCADO;08/01/2020;259,90672246
JGP STRATEGY FIC MULTIMERCADO;09/01/2020;259,63923371
JGP STRATEGY FIC MULTIMERCADO;10/01/2020;259,63309904
JGP STRATEGY FIC MULTIMERCADO;13/01/2020;259,77054026
JGP STRATEGY FIC MULTIMERCADO;14/01/2020;259,96762693
JGP STRATEGY FIC MULTIMERCADO;15/01/2020;259,96073784
JGP STRATEGY FIC MULTIMERCADO;16/01/2020;259,88441497
JGP STRATEGY FIC MULTIMERCADO;17/01/2020;260,19269966
JGP STRATEGY FIC MULTIMERCADO;20/01/2020;260,23992685
JGP STRATEGY FIC MULTIMERCADO;21/01/2020;259,99634873
JGP STRATEGY FIC MULTIMERCADO;22/01/2020;260,36980229
JGP STRATEGY FIC MULTIMERCADO;23/01/2020;260,59293967
JGP STRATEGY FIC MULTIMERCADO;24/01/2020;260,34204388
JGP STRATEGY FIC MULTIMERCADO;27/01/2020;260,1565577
JGP STRATEGY FIC MULTIMERCADO;28/01/2020;260,0899412
JGP STRATEGY FIC MULTIMERCADO;29/01/2020;260,09527709
JGP STRATEGY FIC MULTIMERCADO;30/01/2020;259,78225668
JGP STRATEGY FIC MULTIMERCADO;31/01/2020;259,49415744
JGP STRATEGY FIC MULTIMERCADO;03/02/2020;259,8984253
JGP STRATEGY FIC MULTIMERCADO;04/02/2020;260,25555413
JGP STRATEGY FIC MULTIMERCADO;05/02/2020;260,30876339
JGP STRATEGY FIC MULTIMERCADO;06/02/2020;260,20712602
JGP STRATEGY FIC MULTIMERCADO;07/02/2020;260,81341097
JGP STRATEGY FIC MULTIMERCADO;10/02/2020;260,70722217
JGP STRATEGY FIC MULTIMERCADO;11/02/2020;261,27734489
JGP STRATEGY FIC MULTIMERCADO;12/02/2020;261,71234829
JGP STRATEGY FIC MULTIMERCADO;13/02/2020;261,51656338
JGP STRATEGY FIC MULTIMERCADO;14/02/2020;261,519675
JGP STRATEGY FIC MULTIMERCADO;17/02/2020;261,71850614
JGP STRATEGY FIC MULTIMERCADO;18/02/2020;262,03318978
JGP STRATEGY FIC MULTIMERCADO;19/02/2020;262,62281399
JGP STRATEGY FIC MULTIMERCADO;20/02/2020;262,75741818
JGP STRATEGY FIC MULTIMERCADO;21/02/2020;262,84336611
JGP STRATEGY FIC MULTIMERCADO;26/02/2020;263,33287339
JGP STRATEGY FIC MULTIMERCADO;27/02/2020;263,47604459
JGP STRATEGY FIC MULTIMERCADO;28/02/2020;263,93951233
JGP STRATEGY FIC MULTIMERCADO;02/03/2020;263,86484572
JGP STRATEGY FIC MULTIMERCADO;03/03/2020;263,58211125
JGP STRATEGY FIC MULTIMERCADO;04/03/2020;263,99512371
JGP STRATEGY FIC MULTIMERCADO;05/03/2020;264,43566679
JGP STRATEGY FIC MULTIMERCADO;06/03/2020;264,25028724
JGP STRATEGY FIC MULTIMERCADO;09/03/2020;265,00382125
JGP STRATEGY FIC MULTIMERCADO;10/03/2020;265,11678543
JGP STRATEGY FIC MULTIMERCADO;11/03/2020;265,21406234
JGP STRATEGY FIC MULTIMERCADO;12/03/2020;264,06617162
JGP STRATEGY FIC MULTIMERCADO;13/03/2020;266,06040773
JGP STRATEGY FIC MULTIMERCADO;16/03/2020;265,66526661
JGP STRATEGY FIC MULTIMERCADO;17/03/2020;266,53856138
JGP STRATEGY FIC MULTIMERCADO;18/03/2020;265,80951422
JGP STRATEGY FIC MULTIMERCADO;19/03/2020;265,92722882
JGP STRATEGY FIC MULTIMERCADO;20/03/2020;265,91961507
JGP STRATEGY FIC MULTIMERCADO;23/03/2020;265,71067452
JGP STRATEGY FIC MULTIMERCADO;24/03/2020;266,52609635
JGP STRATEGY FIC MULTIMERCADO;25/03/2020;267,15119432
JGP STRATEGY FIC MULTIMERCADO;26/03/2020;267,28861825
JGP STRATEGY FIC MULTIMERCADO;27/03/2020;267,13050756
JGP STRATEGY FIC MULTIMERCADO;30/03/2020;267,39144576
JGP STRATEGY FIC MULTIMERCADO;31/03/2020;267,57669343
JGP STRATEGY FIC MULTIMERCADO;01/04/2020;268,02991127
JGP STRATEGY FIC MULTIMERCADO;02/04/2020;267,98556139
JGP STRATEGY FIC MULTIMERCADO;03/04/2020;268,25360709
JGP STRATEGY FIC MULTIMERCADO;06/04/2020;268,01364368
JGP STRATEGY FIC MULTIMERCADO;07/04/2020;267,92781245
JGP STRATEGY FIC MULTIMERCADO;08/04/2020;267,63191592
JGP STRATEGY FIC MULTIMERCADO;09/04/2020;268,05091431
JGP STRATEGY FIC MULTIMERCADO;13/04/2020;268,82937388
JGP STRATEGY FIC MULTIMERCADO;14/04/2020;268,87631282
JGP STRATEGY FIC MULTIMERCADO;15/04/2020;269,43170594
JGP STRATEGY FIC MULTIMERCADO;16/04/2020;269,75127704
JGP STRATEGY FIC MULTIMERCADO;17/04/2020;269,51603702
JGP STRATEGY FIC MULTIMERCADO;20/04/2020;270,04047822
JGP STRATEGY FIC MULTIMERCADO;22/04/2020;270,51960975
JGP STRATEGY FIC MULTIMERCADO;23/04/2020;270,88250315
JGP STRATEGY FIC MULTIMERCADO;24/04/2020;271,16374343
JGP STRATEGY FIC MULTIMERCADO;27/04/2020;271,16113213
JGP STRATEGY FIC MULTIMERCADO;28/04/2020;271,68656119
JGP STRATEGY FIC MULTIMERCADO;29/04/2020;271,34570307
JGP STRATEGY FIC MULTIMERCADO;30/04/2020;271,760207
JGP STRATEGY FIC MULTIMERCADO;04/05/2020;272,11638256
JGP STRATEGY FIC MULTIMERCADO;05/05/2020;272,23948854
JGP STRATEGY FIC MULTIMERCADO;06/05/2020;272,61127701
JGP STRATEGY FIC MULTIMERCADO;07/05/2020;272,64723514
JGP STRATEGY FIC MULTIMERCADO;08/05/2020;272,50222368
JGP STRATEGY FIC MULTIMERCADO;11/05/2020;272,67003611
JGP STRATEGY FIC MULTIMERCADO;12/05/2020;272,64288791
JGP STRATEGY FIC MULTIMERCADO;13/05/2020;272,66815569
JGP STRATEGY FIC MULTIMERCADO;14/05/2020;272,62685115
JGP STRATEGY FIC MULTIMERCADO;15/05/2020;272,96339785
JGP STRATEGY FIC MULTIMERCADO;18/05/2020;273,0981303
JGP STRATEGY FIC MULTIMERCADO;19/05/2020;272,99966463
JGP STRATEGY FIC MULTIMERCADO;20/05/2020;273,28025529
JGP STRATEGY FIC MULTIMERCADO;21/05/2020;274,05341968
JGP STRATEGY FIC MULTIMERCADO;22/05/2020;273,84865586
JGP STRATEGY FIC MULTIMERCADO;25/05/2020;274,65560618
JGP STRATEGY FIC MULTIMERCADO;26/05/2020;274,6742215
JGP STRATEGY FIC MULTIMERCADO;27/05/2020;274,85655151
JGP STRATEGY FIC MULTIMERCADO;28/05/2020;274,84037224
JGP STRATEGY FIC MULTIMERCADO;29/05/2020;274,94486142
JGP STRATEGY FIC MULTIMERCADO;01/06/2020;275,16143161
JGP STRATEGY FIC MULTIMERCADO;02/06/2020;274,96229454
JGP STRATEGY FIC MULTIMERCADO;03/06/2020;274,62379808
JGP STRATEGY FIC MULTIMERCADO;04/06/2020;274,76951875
JGP STRATEGY FIC MULTIMERCADO;05/06/2020;274,64356686
JGP STRATEGY FIC MULTIMERCADO;08/06/2020;274,25976258
JGP STRATEGY FIC MULTIMERCADO;09/06/2020;274,35244817
JGP STRATEGY FIC MULTIMERCADO;10/06/2020;273,98560162
JGP STRATEGY FIC MULTIMERCADO;12/06/2020;274,43170327
JGP STRATEGY FIC MULTIMERCADO;15/06/2020;274,65165889
JGP STRATEGY FIC MULTIMERCADO;16/06/2020;274,99919927
JGP STRATEGY FIC MULTIMERCADO;17/06/2020;275,07541696
JGP STRATEGY FIC MULTIMERCADO;18/06/2020;275,89017073
JGP STRATEGY FIC MULTIMERCADO;19/06/2020;275,54508766
JGP STRATEGY FIC MULTIMERCADO;22/06/2020;275,57890723
JGP STRATEGY FIC MULTIMERCADO;23/06/2020;274,98114239
JGP STRATEGY FIC MULTIMERCADO;24/06/2020;275,66778515
JGP STRATEGY FIC MULTIMERCADO;25/06/2020;275,91754839
JGP STRATEGY FIC MULTIMERCADO;26/06/2020;276,10292033
JGP STRATEGY FIC MULTIMERCADO;29/06/2020;276,22124404
JGP STRATEGY FIC MULTIMERCADO;30/06/2020;276,10098144
JGP STRATEGY FIC MULTIMERCADO;01/07/2020;275,9064703
JGP STRATEGY FIC MULTIMERCADO;02/07/2020;276,37723478
JGP STRATEGY FIC MULTIMERCADO;03/07/2020;276,4012944
JGP STRATEGY FIC MULTIMERCADO;06/07/2020;276,75895268
JGP STRATEGY FIC MULTIMERCADO;07/07/2020;276,69629713
JGP STRATEGY FIC MULTIMERCADO;08/07/2020;276,93303743
JGP STRATEGY FIC MULTIMERCADO;09/07/2020;276,52002517
JGP STRATEGY FIC MULTIMERCADO;10/07/2020;276,48371716
JGP STRATEGY FIC MULTIMERCADO;13/07/2020;276,23223008
JGP STRATEGY FIC MULTIMERCADO;14/07/2020;276,28360224
JGP STRATEGY FIC MULTIMERCADO;15/07/2020;276,75562609
JGP STRATEGY FIC MULTIMERCADO;16/07/2020;276,10718971
JGP STRATEGY FIC MULTIMERCADO;17/07/2020;276,56323108
JGP STRATEGY FIC MULTIMERCADO;20/07/2020;276,99648739
JGP STRATEGY FIC MULTIMERCADO;21/07/2020;277,04979782
JGP STRATEGY FIC MULTIMERCADO;22/07/2020;277,01030014
JGP STRATEGY FIC MULTIMERCADO;23/07/2020;277,83422632
JGP STRATEGY FIC MULTIMERCADO;24/07/2020;277,57421356
JGP STRATEGY FIC MULTIMERCADO;27/07/2020;277,88301218
JGP STRATEGY FIC MULTIMERCADO;28/07/2020;278,54732782
JGP STRATEGY FIC MULTIMERCADO;29/07/2020;278,32275135
JGP STRATEGY FIC MULTIMERCADO;30/07/2020;278,28671036
JGP STRATEGY FIC MULTIMERCADO;31/07/2020;278,23333006
JGP STRATEGY FIC MULTIMERCADO;03/08/2020;278,39493642
JGP STRATEGY FIC MULTIMERCADO;04/08/2020;278,3167626
JGP STRATEGY FIC MULTIMERCADO;05/08/2020;278,60909985
JGP STRATEGY FIC MULTIMERCADO;06/08/2020;278,68954983
JGP STRATEGY FIC MULTIMERCADO;07/08/2020;279,14671548
JGP STRATEGY FIC MULTIMERCADO;10/08/2020;279,42068955
JGP STRATEGY FIC MULTIMERCADO;11/08/2020;279,33544335
JGP STRATEGY FIC MULTIMERCADO;12/08/2020;279,59050388
JGP STRATEGY FIC MULTIMERCADO;13/08/2020;279,40271782
JGP STRATEGY FIC MULTIMERCADO;14/08/2020;279,61979093
JGP STRATEGY FIC MULTIMERCADO;17/08/2020;280,04256197
JGP STRATEGY FIC MULTIMERCADO;18/08/2020;279,84302214
JGP STRATEGY FIC MULTIMERCADO;19/08/2020;280,09209179
JGP STRATEGY FIC MULTIMERCADO;20/08/2020;280,75000984
JGP STRATEGY FIC MULTIMERCADO;21/08/2020;281,00064799
JGP STRATEGY FIC MULTIMERCADO;24/08/2020;280,8710177
JGP STRATEGY FIC MULTIMERCADO;25/08/2020;280,39478322
JGP STRATEGY FIC MULTIMERCADO;26/08/2020;280,84561929
JGP STRATEGY FIC MULTIMERCADO;27/08/2020;280,40349319
JGP STRATEGY FIC MULTIMERCADO;28/08/2020;279,94703228
JGP STRATEGY FIC MULTIMERCADO;31/08/2020;280,08420519
JGP STRATEGY FIC MULTIMERCADO;01/09/2020;279,62177888
JGP STRATEGY FIC MULTIMERCADO;02/09/2020;279,66712522
JGP STRATEGY FIC MULTIMERCADO;03/09/2020;279,28550123
JGP STRATEGY FIC MULTIMERCADO;04/09/2020;279,37443241
JGP STRATEGY FIC MULTIMERCADO;08/09/2020;279,40237779
JGP STRATEGY FIC MULTIMERCADO;09/09/2020;279,25507285
JGP STRATEGY FIC MULTIMERCADO;10/09/2020;279,11313659
JGP STRATEGY FIC MULTIMERCADO;11/09/2020;279,24238826
JGP STRATEGY FIC MULTIMERCADO;14/09/2020;279,36354323
JGP STRATEGY FIC MULTIMERCADO;15/09/2020;279,40362328
JGP STRATEGY FIC MULTIMERCADO;16/09/2020;279,25291314
JGP STRATEGY FIC MULTIMERCADO;17/09/2020;279,36674846
JGP STRATEGY FIC MULTIMERCADO;18/09/2020;279,68071473
JGP STRATEGY FIC MULTIMERCADO;21/09/2020;280,01116616
JGP STRATEGY FIC MULTIMERCADO;22/09/2020;280,33676257
JGP STRATEGY FIC MULTIMERCADO;23/09/2020;280,76413769
JGP STRATEGY FIC MULTIMERCADO;24/09/2020;280,74383435
JGP STRATEGY FIC MULTIMERCADO;25/09/2020;280,89873337
JGP STRATEGY FIC MULTIMERCADO;28/09/2020;280,72365788
JGP STRATEGY FIC MULTIMERCADO;29/09/2020;280,65349937
JGP STRATEGY FIC MULTIMERCADO;30/09/2020;280,86394097
JGP STRATEGY FIC MULTIMERCADO;01/10/2020;281,00999608
JGP STRATEGY FIC MULTIMERCADO;02/10/2020;280,84791105
JGP STRATEGY FIC MULTIMERCADO;05/10/2020;280,67181385
JGP STRATEGY FIC MULTIMERCADO;06/10/2020;280,79864456
JGP STRATEGY FIC MULTIMERCADO;07/10/2020;280,81417314
JGP STRATEGY FIC MULTIMERCADO;08/10/2020;280,76711166
JGP STRATEGY FIC MULTIMERCADO;09/10/2020;280,75658906
JGP STRATEGY FIC MULTIMERCADO;13/10/2020;280,99049884
JGP STRATEGY FIC MULTIMERCADO;14/10/2020;281,0604628
JGP STRATEGY FIC MULTIMERCADO;15/10/2020;281,09146304
JGP STRATEGY FIC MULTIMERCADO;16/10/2020;281,20295026
JGP STRATEGY FIC MULTIMERCADO;19/10/2020;280,91610846
JGP STRATEGY FIC MULTIMERCADO;20/10/2020;280,99940779
JGP STRATEGY FIC MULTIMERCADO;21/10/2020;281,1971259
JGP STRATEGY FIC MULTIMERCADO;22/10/2020;281,24652845
JGP STRATEGY FIC MULTIMERCADO;23/10/2020;281,44516792
JGP STRATEGY FIC MULTIMERCADO;26/10/2020;281,33853469
JGP STRATEGY FIC MULTIMERCADO;27/10/2020;281,43501108
JGP STRATEGY FIC MULTIMERCADO;28/10/2020;281,20514448
JGP STRATEGY FIC MULTIMERCADO;29/10/2020;281,46011538
JGP STRATEGY FIC MULTIMERCADO;30/10/2020;281,0462032
JGP STRATEGY FIC MULTIMERCADO;03/11/2020;280,99213389
JGP STRATEGY FIC MULTIMERCADO;04/11/2020;281,02763382
JGP STRATEGY FIC MULTIMERCADO;05/11/2020;280,9637692
JGP STRATEGY FIC MULTIMERCADO;06/11/2020;280,22764299
JGP STRATEGY FIC MULTIMERCADO;09/11/2020;280,63896023
JGP STRATEGY FIC MULTIMERCADO;10/11/2020;280,5706086
JGP STRATEGY FIC MULTIMERCADO;11/11/2020;280,52946579
JGP STRATEGY FIC MULTIMERCADO;12/11/2020;280,52572012
JGP STRATEGY FIC MULTIMERCADO;13/11/2020;280,82026671
JGP STRATEGY FIC MULTIMERCADO;16/11/2020;280,77750835
JGP STRATEGY FIC MULTIMERCADO;17/11/2020;280,69321357
JGP STRATEGY FIC MULTIMERCADO;18/11/2020;280,60794005
JGP STRATEGY FIC MULTIMERCADO;19/11/2020;280,60433115
JGP STRATEGY FIC MULTIMERCADO;20/11/2020;280,82308203
JGP STRATEGY FIC MULTIMERCADO;23/11/2020;281,18228944
JGP STRATEGY FIC MULTIMERCADO;24/11/2020;281,23748354
JGP STRATEGY FIC MULTIMERCADO;25/11/2020;281,24266637
JGP STRATEGY FIC MULTIMERCADO;26/11/2020;281,38047557
JGP STRATEGY FIC MULTIMERCADO;27/11/2020;281,45056031
JGP STRATEGY FIC MULTIMERCADO;30/11/2020;281,45557159
JGP STRATEGY FIC MULTIMERCADO;01/12/2020;281,53384777
JGP STRATEGY FIC MULTIMERCADO;02/12/2020;281,84330385
JGP STRATEGY FIC MULTIMERCADO;03/12/2020;281,9159523
JGP STRATEGY FIC MULTIMERCADO;04/12/2020;282,12954614
JGP STRATEGY FIC MULTIMERCADO;07/12/2020;282,14979332
JGP STRATEGY FIC MULTIMERCADO;08/12/2020;282,17978902
JGP STRATEGY FIC MULTIMERCADO;09/12/2020;282,0195794
JGP STRATEGY FIC MULTIMERCADO;10/12/2020;282,6156872
JGP STRATEGY FIC MULTIMERCADO;11/12/2020;282,57924435
JGP STRATEGY FIC MULTIMERCADO;14/12/2020;282,3780103
JGP STRATEGY FIC MULTIMERCADO;15/12/2020;282,68983979
JGP STRATEGY FIC MULTIMERCADO;16/12/2020;282,76622828
JGP STRATEGY FIC MULTIMERCADO;17/12/2020;282,95698417
JGP STRATEGY FIC MULTIMERCADO;18/12/2020;282,78988211
JGP STRATEGY FIC MULTIMERCADO;21/12/2020;282,57210354
JGP STRATEGY FIC MULTIMERCADO;22/12/2020;282,21749629
JGP STRATEGY FIC MULTIMERCADO;23/12/2020;282,28449615
JGP STRATEGY FIC MULTIMERCADO;24/12/2020;282,39338881
JGP STRATEGY FIC MULTIMERCADO;28/12/2020;282,09390946
JGP STRATEGY FIC MULTIMERCADO;29/12/2020;282,29667203
JGP STRATEGY FIC MULTIMERCADO;30/12/2020;282,55555008
JGP STRATEGY FIC MULTIMERCADO;31/12/2020;282,59494873
JGP STRATEGY FIC MULTIMERCADO;04/01/2021;282,21883164
JGP STRATEGY FIC MULTIMERCADO;05/01/2021;281,9777274
JGP STRATEGY FIC MULTIMERCADO;06/01/2021;281,80786141
JGP STRATEGY FIC MULTIMERCADO;07/01/2021;280,61312543
JGP STRATEGY FIC MULTIMERCADO;08/01/2021;280,04617718
JGP STRATEGY FIC MULTIMERCADO;11/01/2021;278,91650123
JGP STRATEGY FIC MULTIMERCADO;12/01/2021;280,06429925
JGP STRATEGY FIC MULTIMERCADO;13/01/2021;279,55811207
JGP STRATEGY FIC MULTIMERCADO;14/01/2021;280,25071609
JGP STRATEGY FIC MULTIMERCADO;15/01/2021;279,84674979
JGP STRATEGY FIC MULTIMERCADO;18/01/2021;279,70812534
JGP STRATEGY FIC MULTIMERCADO;19/01/2021;279,62269595
JGP STRATEGY FIC MULTIMERCADO;20/01/2021;279,656244
JGP STRATEGY FIC MULTIMERCADO;21/01/2021;279,03223024
JGP STRATEGY FIC MULTIMERCADO;22/01/2021;278,7461957
JGP STRATEGY FIC MULTIMERCADO;25/01/2021;278,52804545
JGP STRATEGY FIC MULTIMERCADO;26/01/2021;278,66147783
JGP STRATEGY FIC MULTIMERCADO;27/01/2021;278,54931209
JGP STRATEGY FIC MULTIMERCADO;28/01/2021;279,14767389
JGP STRATEGY FIC MULTIMERCADO;29/01/2021;279,47471801
JGP STRATEGY FIC MULTIMERCADO;01/02/2021;279,82594338
JGP STRATEGY FIC MULTIMERCADO;02/02/2021;280,00353379
JGP STRATEGY FIC MULTIMERCADO;03/02/2021;280,1392508
JGP STRATEGY FIC MULTIMERCADO;04/02/2021;280,14985266
JGP STRATEGY FIC MULTIMERCADO;05/02/2021;279,90670579
JGP STRATEGY FIC MULTIMERCADO;08/02/2021;279,90202514
JGP STRATEGY FIC MULTIMERCADO;09/02/2021;279,74675583
JGP STRATEGY FIC MULTIMERCADO;10/02/2021;279,7711466
JGP STRATEGY FIC MULTIMERCADO;11/02/2021;279,64702349
JGP STRATEGY FIC MULTIMERCADO;12/02/2021;279,69682599
JGP STRATEGY FIC MULTIMERCADO;17/02/2021;279,93576549
JGP STRATEGY FIC MULTIMERCADO;18/02/2021;279,81286705
JGP STRATEGY FIC MULTIMERCADO;19/02/2021;280,12086738
JGP STRATEGY FIC MULTIMERCADO;22/02/2021;280,05771531
JGP STRATEGY FIC MULTIMERCADO;23/02/2021;280,21615552
JGP STRATEGY FIC MULTIMERCADO;24/02/2021;280,29656859
JGP STRATEGY FIC MULTIMERCADO;25/02/2021;280,4083171
JGP STRATEGY FIC MULTIMERCADO;26/02/2021;280,53506234
JGP STRATEGY FIC MULTIMERCADO;01/03/2021;280,23742715
JGP STRATEGY FIC MULTIMERCADO;02/03/2021;280,32564027
JGP STRATEGY FIC MULTIMERCADO;03/03/2021;280,01110019
JGP STRATEGY FIC MULTIMERCADO;04/03/2021;280,7008653
JGP STRATEGY FIC MULTIMERCADO;05/03/2021;281,33740963
JGP STRATEGY FIC MULTIMERCADO;08/03/2021;280,4911652
JGP STRATEGY FIC MULTIMERCADO;09/03/2021;280,18054342
JGP STRATEGY FIC MULTIMERCADO;10/03/2021;280,09614056
JGP STRATEGY FIC MULTIMERCADO;11/03/2021;279,69416291
JGP STRATEGY FIC MULTIMERCADO;12/03/2021;279,59283438
JGP STRATEGY FIC MULTIMERCADO;15/03/2021;279,71604288
JGP STRATEGY FIC MULTIMERCADO;16/03/2021;279,71210369
JGP STRATEGY FIC MULTIMERCADO;17/03/2021;279,71521895
JGP STRATEGY FIC MULTIMERCADO;18/03/2021;279,00218307
JGP STRATEGY FIC MULTIMERCADO;19/03/2021;278,51901424
JGP STRATEGY FIC MULTIMERCADO;22/03/2021;278,0181659
JGP STRATEGY FIC MULTIMERCADO;23/03/2021;277,60463296
JGP STRATEGY FIC MULTIMERCADO;24/03/2021;277,29496483
JGP STRATEGY FIC MULTIMERCADO;25/03/2021;277,71766984
JGP STRATEGY FIC MULTIMERCADO;26/03/2021;277,75709189
JGP STRATEGY FIC MULTIMERCADO;29/03/2021;277,65273267
JGP STRATEGY FIC MULTIMERCADO;30/03/2021;278,16231724
JGP STRATEGY FIC MULTIMERCADO;31/03/2021;277,99622604
JGP STRATEGY FIC MULTIMERCADO;01/04/2021;277,9369202
JGP STRATEGY FIC MULTIMERCADO;05/04/2021;277,85941858
JGP STRATEGY FIC MULTIMERCADO;06/04/2021;277,37738613
JGP STRATEGY FIC MULTIMERCADO;07/04/2021;277,39572401
JGP STRATEGY FIC MULTIMERCADO;08/04/2021;277,47010231
JGP STRATEGY FIC MULTIMERCADO;09/04/2021;277,57203616
JGP STRATEGY FIC MULTIMERCADO;12/04/2021;277,54869084
JGP STRATEGY FIC MULTIMERCADO;13/04/2021;277,25514664
JGP STRATEGY FIC MULTIMERCADO;14/04/2021;277,34964575
JGP STRATEGY FIC MULTIMERCADO;15/04/2021;277,25947175
JGP STRATEGY FIC MULTIMERCADO;16/04/2021;277,57071016
JGP STRATEGY FIC MULTIMERCADO;19/04/2021;277,56941459
JGP STRATEGY FIC MULTIMERCADO;20/04/2021;277,02594193
JGP STRATEGY FIC MULTIMERCADO;22/04/2021;277,40019138
JGP STRATEGY FIC MULTIMERCADO;23/04/2021;277,70420135
JGP STRATEGY FIC MULTIMERCADO;26/04/2021;277,79444781
JGP STRATEGY FIC MULTIMERCADO;27/04/2021;277,78382633
JGP STRATEGY FIC MULTIMERCADO;28/04/2021;278,0689989
JGP STRATEGY FIC MULTIMERCADO;29/04/2021;278,17216179
JGP STRATEGY FIC MULTIMERCADO;30/04/2021;277,83139364
JGP STRATEGY FIC MULTIMERCADO;03/05/2021;277,68049224
JGP STRATEGY FIC MULTIMERCADO;04/05/2021;277,33144135
JGP STRATEGY FIC MULTIMERCADO;05/05/2021;277,6590372
JGP STRATEGY FIC MULTIMERCADO;06/05/2021;277,72458764
JGP STRATEGY FIC MULTIMERCADO;07/05/2021;277,92176022
JGP STRATEGY FIC MULTIMERCADO;10/05/2021;277,92689296
JGP STRATEGY FIC MULTIMERCADO;11/05/2021;278,53115425
JGP STRATEGY FIC MULTIMERCADO;12/05/2021;278,08104962
JGP STRATEGY FIC MULTIMERCADO;13/05/2021;277,83319984
JGP STRATEGY FIC MULTIMERCADO;14/05/2021;277,75960205
JGP STRATEGY FIC MULTIMERCADO;17/05/2021;278,09405422
JGP STRATEGY FIC MULTIMERCADO;18/05/2021;277,93094208
JGP STRATEGY FIC MULTIMERCADO;19/05/2021;277,64757506
JGP STRATEGY FIC MULTIMERCADO;20/05/2021;277,95647666
JGP STRATEGY FIC MULTIMERCADO;21/05/2021;277,50445355
JGP STRATEGY FIC MULTIMERCADO;24/05/2021;277,55995332
JGP STRATEGY FIC MULTIMERCADO;25/05/2021;277,44625081
JGP STRATEGY FIC MULTIMERCADO;26/05/2021;277,78689683
JGP STRATEGY FIC MULTIMERCADO;27/05/2021;279,06983876
JGP STRATEGY FIC MULTIMERCADO;28/05/2021;279,45752048
JGP STRATEGY FIC MULTIMERCADO;31/05/2021;279,1982454
JGP STRATEGY FIC MULTIMERCADO;01/06/2021;279,97968663
JGP STRATEGY FIC MULTIMERCADO;02/06/2021;280,99948884
JGP STRATEGY FIC MULTIMERCADO;04/06/2021;281,40141064
JGP STRATEGY FIC MULTIMERCADO;07/06/2021;281,4563461
JGP STRATEGY FIC MULTIMERCADO;08/06/2021;281,25067331
JGP STRATEGY FIC MULTIMERCADO;09/06/2021;280,60057955
JGP STRATEGY FIC MULTIMERCADO;10/06/2021;280,23814358
JGP STRATEGY FIC MULTIMERCADO;11/06/2021;279,63411679
JGP STRATEGY FIC MULTIMERCADO;14/06/2021;280,45574357
JGP STRATEGY FIC MULTIMERCADO;15/06/2021;280,83757618
JGP STRATEGY FIC MULTIMERCADO;16/06/2021;280,89758791
JGP STRATEGY FIC MULTIMERCADO;17/06/2021;281,04124501
JGP STRATEGY FIC MULTIMERCADO;18/06/2021;280,68574368
JGP STRATEGY FIC MULTIMERCADO;21/06/2021;281,05720226
JGP STRATEGY FIC MULTIMERCADO;22/06/2021;281,2242774
JGP STRATEGY FIC MULTIMERCADO;23/06/2021;281,44014878
JGP STRATEGY FIC MULTIMERCADO;24/06/2021;282,46056731
JGP STRATEGY FIC MULTIMERCADO;25/06/2021;282,15493643
JGP STRATEGY FIC MULTIMERCADO;28/06/2021;282,90351259
JGP STRATEGY FIC MULTIMERCADO;29/06/2021;282,96558949
JGP STRATEGY FIC MULTIMERCADO;30/06/2021;282,03271196
JGP STRATEGY FIC MULTIMERCADO;01/07/2021;281,71607577
JGP STRATEGY FIC MULTIMERCADO;02/07/2021;281,64346825
JGP STRATEGY FIC MULTIMERCADO;05/07/2021;281,11678279
JGP STRATEGY FIC MULTIMERCADO;06/07/2021;279,43737474
JGP STRATEGY FIC MULTIMERCADO;07/07/2021;278,91510102
JGP STRATEGY FIC MULTIMERCADO;08/07/2021;278,29057737
JGP STRATEGY FIC MULTIMERCADO;09/07/2021;278,42024578
JGP STRATEGY FIC MULTIMERCADO;12/07/2021;279,45355416
JGP STRATEGY FIC MULTIMERCADO;13/07/2021;279,93520766
JGP STRATEGY FIC MULTIMERCADO;14/07/2021;280,70610604
JGP STRATEGY FIC MULTIMERCADO;15/07/2021;279,82429343
JGP STRATEGY FIC MULTIMERCADO;16/07/2021;279,91323493
JGP STRATEGY FIC MULTIMERCADO;19/07/2021;278,1252492
JGP STRATEGY FIC MULTIMERCADO;20/07/2021;278,77091095
JGP STRATEGY FIC MULTIMERCADO;21/07/2021;279,20946013
JGP STRATEGY FIC MULTIMERCADO;22/07/2021;279,17876816
JGP STRATEGY FIC MULTIMERCADO;23/07/2021;278,76246518
JGP STRATEGY FIC MULTIMERCADO;26/07/2021;278,93850014
JGP STRATEGY FIC MULTIMERCADO;27/07/2021;278,55248096
JGP STRATEGY FIC MULTIMERCADO;28/07/2021;279,23797611
JGP STRATEGY FIC MULTIMERCADO;29/07/2021;280,12443552
JGP STRATEGY FIC MULTIMERCADO;30/07/2021;278,26369292
JGP STRATEGY FIC MULTIMERCADO;02/08/2021;278,33480645
JGP STRATEGY FIC MULTIMERCADO;03/08/2021;278,59530594
JGP STRATEGY FIC MULTIMERCADO;04/08/2021;278,54396796
JGP STRATEGY FIC MULTIMERCADO;05/08/2021;278,42529558
JGP STRATEGY FIC MULTIMERCADO;06/08/2021;278,5380914
JGP STRATEGY FIC MULTIMERCADO;09/08/2021;278,29469426
JGP STRATEGY FIC MULTIMERCADO;10/08/2021;278,37795931
JGP STRATEGY FIC MULTIMERCADO;11/08/2021;278,49479212
JGP STRATEGY FIC MULTIMERCADO;12/08/2021;278,53754983
JGP STRATEGY FIC MULTIMERCADO;13/08/2021;278,46186437
JGP STRATEGY FIC MULTIMERCADO;16/08/2021;278,5220635
JGP STRATEGY FIC MULTIMERCADO;17/08/2021;278,3823863
JGP STRATEGY FIC MULTIMERCADO;18/08/2021;278,93363029
JGP STRATEGY FIC MULTIMERCADO;19/08/2021;279,46651847
JGP STRATEGY FIC MULTIMERCADO;20/08/2021;279,66127024
JGP STRATEGY FIC MULTIMERCADO;23/08/2021;279,54944528
JGP STRATEGY FIC MULTIMERCADO;24/08/2021;279,14520814
JGP STRATEGY FIC MULTIMERCADO;25/08/2021;279,12779559
JGP STRATEGY FIC MULTIMERCADO;26/08/2021;279,28864341
JGP STRATEGY FIC MULTIMERCADO;27/08/2021;278,96819325
JGP STRATEGY FIC MULTIMERCADO;30/08/2021;278,93484887
JGP STRATEGY FIC MULTIMERCADO;31/08/2021;278,86965655
JGP STRATEGY FIC MULTIMERCADO;01/09/2021;278,93951181
JGP STRATEGY FIC MULTIMERCADO;02/09/2021;278,94009468
JGP STRATEGY FIC MULTIMERCADO;03/09/2021;278,99875758
JGP STRATEGY FIC MULTIMERCADO;06/09/2021;279,03080525
JGP STRATEGY FIC MULTIMERCADO;08/09/2021;279,3409981
JGP STRATEGY FIC MULTIMERCADO;09/09/2021;278,66863718
JGP STRATEGY FIC MULTIMERCADO;10/09/2021;279,12349334
JGP STRATEGY FIC MULTIMERCADO;13/09/2021;279,24107236
JGP STRATEGY FIC MULTIMERCADO;14/09/2021;279,6964777
JGP STRATEGY FIC MULTIMERCADO;15/09/2021;279,49584842
JGP STRATEGY FIC MULTIMERCADO;16/09/2021;279,50823105
JGP STRATEGY FIC MULTIMERCADO;17/09/2021;279,59960649
JGP STRATEGY FIC MULTIMERCADO;20/09/2021;280,13084005
JGP STRATEGY FIC MULTIMERCADO;21/09/2021;280,58353851
JGP STRATEGY FIC MULTIMERCADO;22/09/2021;280,69488555
JGP STRATEGY FIC MULTIMERCADO;23/09/2021;280,46157027
JGP STRATEGY FIC MULTIMERCADO;24/09/2021;280,47413414
JGP STRATEGY FIC MULTIMERCADO;27/09/2021;280,72483438
JGP STRATEGY FIC MULTIMERCADO;28/09/2021;280,88440919
JGP STRATEGY FIC MULTIMERCADO;29/09/2021;280,94648832
JGP STRATEGY FIC MULTIMERCADO;30/09/2021;280,87640035
JGP STRATEGY FIC MULTIMERCADO;01/10/2021;280,73613694
JGP STRATEGY FIC MULTIMERCADO;04/10/2021;281,17260598
JGP STRATEGY FIC MULTIMERCADO;05/10/2021;281,27380354
JGP STRATEGY FIC MULTIMERCADO;06/10/2021;281,38715905
JGP STRATEGY FIC MULTIMERCADO;07/10/2021;281,57680073
JGP STRATEGY FIC MULTIMERCADO;08/10/2021;281,81087981
JGP STRATEGY FIC MULTIMERCADO;11/10/2021;281,83583159
JGP STRATEGY FIC MULTIMERCADO;13/10/2021;281,60121924
JGP STRATEGY FIC MULTIMERCADO;14/10/2021;281,71050517
JGP STRATEGY FIC MULTIMERCADO;15/10/2021;281,7961576
JGP STRATEGY FIC MULTIMERCADO;18/10/2021;281,84965492
JGP STRATEGY FIC MULTIMERCADO;19/10/2021;281,59131204
JGP STRATEGY FIC MULTIMERCADO;20/10/2021;281,30369831
JGP STRATEGY FIC MULTIMERCADO;21/10/2021;281,55640926
JGP STRATEGY FIC MULTIMERCADO;22/10/2021;281,62387942
JGP STRATEGY FIC MULTIMERCADO;25/10/2021;281,40010925
JGP STRATEGY FIC MULTIMERCADO;26/10/2021;280,84085575
JGP STRATEGY FIC MULTIMERCADO;27/10/2021;280,53192234
JGP STRATEGY FIC MULTIMERCADO;28/10/2021;279,12128654
JGP STRATEGY FIC MULTIMERCADO;29/10/2021;279,39630794
JGP STRATEGY FIC MULTIMERCADO;01/11/2021;279,81032737
JGP STRATEGY FIC MULTIMERCADO;03/11/2021;280,08740885
JGP STRATEGY FIC MULTIMERCADO;04/11/2021;279,93377187
JGP STRATEGY FIC MULTIMERCADO;05/11/2021;279,91194736
JGP STRATEGY FIC MULTIMERCADO;08/11/2021;279,96952964
JGP STRATEGY FIC MULTIMERCADO;09/11/2021;280,26162345
JGP STRATEGY FIC MULTIMERCADO;10/11/2021;280,43688806
JGP STRATEGY FIC MULTIMERCADO;11/11/2021;280,56283291
JGP STRATEGY FIC MULTIMERCADO;12/11/2021;280,49533062
JGP STRATEGY FIC MULTIMERCADO;16/11/2021;280,5602964
JGP STRATEGY FIC MULTIMERCADO;17/11/2021;280,37633927
JGP STRATEGY FIC MULTIMERCADO;18/11/2021;280,42955931
JGP STRATEGY FIC MULTIMERCADO;19/11/2021;280,67224946
JGP STRATEGY FIC MULTIMERCADO;22/11/2021;280,60026098
JGP STRATEGY FIC MULTIMERCADO;23/11/2021;281,01688891
JGP STRATEGY FIC MULTIMERCADO;24/11/2021;281,49661727
JGP STRATEGY FIC MULTIMERCADO;25/11/2021;281,8358286
JGP STRATEGY FIC MULTIMERCADO;26/11/2021;282,14036172
JGP STRATEGY FIC MULTIMERCADO;29/11/2021;282,12070571
JGP STRATEGY FIC MULTIMERCADO;30/11/2021;281,5568192
JGP STRATEGY FIC MULTIMERCADO;01/12/2021;281,91096484
JGP STRATEGY FIC MULTIMERCADO;02/12/2021;282,45453934
JGP STRATEGY FIC MULTIMERCADO;03/12/2021;283,35412324
JGP STRATEGY FIC MULTIMERCADO;06/12/2021;283,08238606
JGP STRATEGY FIC MULTIMERCADO;07/12/2021;283,29280707
JGP STRATEGY FIC MULTIMERCADO;08/12/2021;284,31803162
JGP STRATEGY FIC MULTIMERCADO;09/12/2021;283,61160083
JGP STRATEGY FIC MULTIMERCADO;10/12/2021;283,80173041
JGP STRATEGY FIC MULTIMERCADO;13/12/2021;283,48246839
JGP STRATEGY FIC MULTIMERCADO;14/12/2021;283,49232191
JGP STRATEGY FIC MULTIMERCADO;15/12/2021;283,34920963
JGP STRATEGY FIC MULTIMERCADO;16/12/2021;283,68651693
JGP STRATEGY FIC MULTIMERCADO;17/12/2021;283,42239931
JGP STRATEGY FIC MULTIMERCADO;20/12/2021;283,41922854
JGP STRATEGY FIC MULTIMERCADO;21/12/2021;283,99258601
JGP STRATEGY FIC MULTIMERCADO;22/12/2021;284,68867318
JGP STRATEGY FIC MULTIMERCADO;23/12/2021;284,64543034
JGP STRATEGY FIC MULTIMERCADO;24/12/2021;284,68962686
JGP STRATEGY FIC MULTIMERCADO;27/12/2021;285,03364463
JGP STRATEGY FIC MULTIMERCADO;28/12/2021;285,04890632
JGP STRATEGY FIC MULTIMERCADO;29/12/2021;284,78704593
JGP STRATEGY FIC MULTIMERCADO;30/12/2021;285,31054648
JGP STRATEGY FIC MULTIMERCADO;31/12/2021;285,35553956
JGP STRATEGY FIC MULTIMERCADO;03/01/2022;285,55504102
JGP STRATEGY FIC MULTIMERCADO;04/01/2022;285,42774865
JGP STRATEGY FIC MULTIMERCADO;05/01/2022;285,8376458
JGP STRATEGY FIC MULTIMERCADO;06/01/2022;286,05493947
JGP STRATEGY FIC MULTIMERCADO;07/01/2022;286,02796419
JGP STRATEGY FIC MULTIMERCADO;10/01/2022;286,32255574
JGP STRATEGY FIC MULTIMERCADO;11/01/2022;286,28466318
JGP STRATEGY FIC MULTIMERCADO;12/01/2022;286,67002351
JGP STRATEGY FIC MULTIMERCADO;13/01/2022;286,77890237
JGP STRATEGY FIC MULTIMERCADO;14/01/2022;286,93743895
JGP STRATEGY FIC MULTIMERCADO;17/01/2022;286,9831599
JGP STRATEGY FIC MULTIMERCADO;18/01/2022;287,40878242
JGP STRATEGY FIC MULTIMERCADO;19/01/2022;287,36905868
JGP STRATEGY FIC MULTIMERCADO;20/01/2022;287,44440946
JGP STRATEGY FIC MULTIMERCADO;21/01/2022;287,5815712
JGP STRATEGY FIC MULTIMERCADO;24/01/2022;287,41575243
JGP STRATEGY FIC MULTIMERCADO;25/01/2022;287,47559415
JGP STRATEGY FIC MULTIMERCADO;26/01/2022;287,65675688
JGP STRATEGY FIC MULTIMERCADO;27/01/2022;288,06954753
JGP STRATEGY FIC MULTIMERCADO;28/01/2022;287,97117924
JGP STRATEGY FIC MULTIMERCADO;31/01/2022;287,73816148
JGP STRATEGY FIC MULTIMERCADO;01/02/2022;287,62578216
JGP STRATEGY FIC MULTIMERCADO;02/02/2022;287,54088986
JGP STRATEGY FIC MULTIMERCADO;03/02/2022;287,84385994
JGP STRATEGY FIC MULTIMERCADO;04/02/2022;288,20641372
JGP STRATEGY FIC MULTIMERCADO;07/02/2022;288,05011809
JGP STRATEGY FIC MULTIMERCADO;08/02/2022;288,2152655
JGP STRATEGY FIC MULTIMERCADO;09/02/2022;288,15518354
JGP STRATEGY FIC MULTIMERCADO;10/02/2022;288,74495635
JGP STRATEGY FIC MULTIMERCADO;11/02/2022;289,1392526
JGP STRATEGY FIC MULTIMERCADO;14/02/2022;289,10942674
JGP STRATEGY FIC MULTIMERCADO;15/02/2022;288,98409841
JGP STRATEGY FIC MULTIMERCADO;16/02/2022;288,82376132
JGP STRATEGY FIC MULTIMERCADO;17/02/2022;289,15165567
JGP STRATEGY FIC MULTIMERCADO;18/02/2022;289,0786379
JGP STRATEGY FIC MULTIMERCADO;21/02/2022;289,16711261
JGP STRATEGY FIC MULTIMERCADO;22/02/2022;289,06009514
JGP STRATEGY FIC MULTIMERCADO;23/02/2022;289,16644279
JGP STRATEGY FIC MULTIMERCADO;24/02/2022;289,6117714
JGP STRATEGY FIC MULTIMERCADO;25/02/2022;289,90700761
JGP STRATEGY FIC MULTIMERCADO;02/03/2022;289,5501048
JGP STRATEGY FIC MULTIMERCADO;03/03/2022;289,74104426
JGP STRATEGY FIC MULTIMERCADO;04/03/2022;290,06885492
JGP STRATEGY FIC MULTIMERCADO;07/03/2022;290,58141501
JGP STRATEGY FIC MULTIMERCADO;08/03/2022;290,99687696
JGP STRATEGY FIC MULTIMERCADO;09/03/2022;290,79402948
JGP STRATEGY FIC MULTIMERCADO;10/03/2022;291,51174991
JGP STRATEGY FIC MULTIMERCADO;11/03/2022;291,99447476
JGP STRATEGY FIC MULTIMERCADO;14/03/2022;292,33008281
JGP STRATEGY FIC MULTIMERCADO;15/03/2022;292,46410702
JGP STRATEGY FIC MULTIMERCADO;16/03/2022;292,43918901
JGP STRATEGY FIC MULTIMERCADO;17/03/2022;292,89221744
JGP STRATEGY FIC MULTIMERCADO;18/03/2022;293,06868988
JGP STRATEGY FIC MULTIMERCADO;21/03/2022;294,01945582
JGP STRATEGY FIC MULTIMERCADO;22/03/2022;294,43015954
JGP STRATEGY FIC MULTIMERCADO;23/03/2022;294,70277098
JGP STRATEGY FIC MULTIMERCADO;24/03/2022;294,97843509
JGP STRATEGY FIC MULTIMERCADO;25/03/2022;296,17236041
JGP STRATEGY FIC MULTIMERCADO;28/03/2022;295,55319302
JGP STRATEGY FIC MULTIMERCADO;29/03/2022;294,83966445
JGP STRATEGY FIC MULTIMERCADO;30/03/2022;294,45682689
JGP STRATEGY FIC MULTIMERCADO;31/03/2022;294,46788291
JGP STRATEGY FIC MULTIMERCADO;01/04/2022;295,85852331
JGP STRATEGY FIC MULTIMERCADO;04/04/2022;296,0540995
JGP STRATEGY FIC MULTIMERCADO;05/04/2022;295,93556955
JGP STRATEGY FIC MULTIMERCADO;06/04/2022;296,20545717
JGP STRATEGY FIC MULTIMERCADO;07/04/2022;296,12738167
JGP STRATEGY FIC MULTIMERCADO;08/04/2022;295,44538809
JGP STRATEGY FIC MULTIMERCADO;11/04/2022;295,37062202
JGP STRATEGY FIC MULTIMERCADO;12/04/2022;294,97809806
JGP STRATEGY FIC MULTIMERCADO;13/04/2022;295,16511992
JGP STRATEGY FIC MULTIMERCADO;14/04/2022;295,6351983
JGP STRATEGY FIC MULTIMERCADO;18/04/2022;295,90467161
JGP STRATEGY FIC MULTIMERCADO;19/04/2022;296,30425227
JGP STRATEGY FIC MULTIMERCADO;20/04/2022;296,17888421
JGP STRATEGY FIC MULTIMERCADO;22/04/2022;296,72632887
JGP STRATEGY FIC MULTIMERCADO;25/04/2022;297,3256446
JGP STRATEGY FIC MULTIMERCADO;26/04/2022;296,46159855
JGP STRATEGY FIC MULTIMERCADO;27/04/2022;296,13581404
JGP STRATEGY FIC MULTIMERCADO;28/04/2022;296,60728569
JGP STRATEGY FIC MULTIMERCADO;29/04/2022;296,454259
JGP STRATEGY FIC MULTIMERCADO;02/05/2022;296,52974269
JGP STRATEGY FIC MULTIMERCADO;03/05/2022;297,0703496
JGP STRATEGY FIC MULTIMERCADO;04/05/2022;297,31858856
JGP STRATEGY FIC MULTIMERCADO;05/05/2022;297,46909622
JGP STRATEGY FIC MULTIMERCADO;06/05/2022;297,61714946
JGP STRATEGY FIC MULTIMERCADO;09/05/2022;297,43870502
JGP STRATEGY FIC MULTIMERCADO;10/05/2022;297,43047438
JGP STRATEGY FIC MULTIMERCADO;11/05/2022;297,56109013
JGP STRATEGY FIC MULTIMERCADO;12/05/2022;297,50078652
JGP STRATEGY FIC MULTIMERCADO;13/05/2022;298,82306168
JGP STRATEGY FIC MULTIMERCADO;16/05/2022;299,02649837
JGP STRATEGY FIC MULTIMERCADO;17/05/2022;300,15181144
JGP STRATEGY FIC MULTIMERCADO;18/05/2022;299,31742112
JGP STRATEGY FIC MULTIMERCADO;19/05/2022;299,99026237
JGP STRATEGY FIC MULTIMERCADO;20/05/2022;300,19741321
JGP STRATEGY FIC MULTIMERCADO;23/05/2022;301,07097496
JGP STRATEGY FIC MULTIMERCADO;24/05/2022;300,171927
JGP STRATEGY FIC MULTIMERCADO;25/05/2022;300,34124225
JGP STRATEGY FIC MULTIMERCADO;26/05/2022;301,2531435
JGP STRATEGY FIC MULTIMERCADO;27/05/2022;301,5832279
JGP STRATEGY FIC MULTIMERCADO;30/05/2022;302,05826053
JGP STRATEGY FIC MULTIMERCADO;31/05/2022;302,10314399
JGP STRATEGY FIC MULTIMERCADO;01/06/2022;302,98022423
JGP STRATEGY FIC MULTIMERCADO;02/06/2022;302,86464233
JGP STRATEGY FIC MULTIMERCADO;03/06/2022;303,35360607
JGP STRATEGY FIC MULTIMERCADO;06/06/2022;303,93819218
JGP STRATEGY FIC MULTIMERCADO;07/06/2022;303,82180254
JGP STRATEGY FIC MULTIMERCADO;08/06/2022;304,73280318
JGP STRATEGY FIC MULTIMERCADO;09/06/2022;305,44326574
JGP STRATEGY FIC MULTIMERCADO;10/06/2022;306,36101993
JGP STRATEGY FIC MULTIMERCADO;13/06/2022;307,79473733
JGP STRATEGY FIC MULTIMERCADO;14/06/2022;308,06309821
JGP STRATEGY FIC MULTIMERCADO;15/06/2022;307,44363338
JGP STRATEGY FIC MULTIMERCADO;17/06/2022;307,66633982
JGP STRATEGY FIC MULTIMERCADO;20/06/2022;308,07172016
JGP STRATEGY FIC MULTIMERCADO;21/06/2022;308,02293388
JGP STRATEGY FIC MULTIMERCADO;22/06/2022;308,00548234
JGP STRATEGY FIC MULTIMERCADO;23/06/2022;308,42292661
JGP STRATEGY FIC MULTIMERCADO;24/06/2022;308,8166474
JGP STRATEGY FIC MULTIMERCADO;27/06/2022;308,89547428
JGP STRATEGY FIC MULTIMERCADO;28/06/2022;309,97146136
JGP STRATEGY FIC MULTIMERCADO;29/06/2022;309,36992033
JGP STRATEGY FIC MULTIMERCADO;30/06/2022;309,42829489
JGP STRATEGY FIC MULTIMERCADO;01/07/2022;309,59440513
JGP STRATEGY FIC MULTIMERCADO;04/07/2022;309,76622596
JGP STRATEGY FIC MULTIMERCADO;05/07/2022;309,28794446
JGP STRATEGY FIC MULTIMERCADO;06/07/2022;310,07130651
JGP STRATEGY FIC MULTIMERCADO;07/07/2022;311,03856705
JGP STRATEGY FIC MULTIMERCADO;08/07/2022;311,24894827
JGP STRATEGY FIC MULTIMERCADO;11/07/2022;311,58668835
JGP STRATEGY FIC MULTIMERCADO;12/07/2022;311,89982375
JGP STRATEGY FIC MULTIMERCADO;13/07/2022;311,69333413
JGP STRATEGY FIC MULTIMERCADO;14/07/2022;312,63995047
JGP STRATEGY FIC MULTIMERCADO;15/07/2022;312,64918491
JGP STRATEGY FIC MULTIMERCADO;18/07/2022;312,79939847
JGP STRATEGY FIC MULTIMERCADO;19/07/2022;312,31070514
JGP STRATEGY FIC MULTIMERCADO;20/07/2022;312,74743631
JGP STRATEGY FIC MULTIMERCADO;21/07/2022;311,95844934
JGP STRATEGY FIC MULTIMERCADO;22/07/2022;311,63753379
JGP STRATEGY FIC MULTIMERCADO;25/07/2022;311,57764339
JGP STRATEGY FIC MULTIMERCADO;26/07/2022;312,04757052
JGP STRATEGY FIC MULTIMERCADO;27/07/2022;310,90541414
JGP STRATEGY FIC MULTIMERCADO;28/07/2022;310,77962871
JGP STRATEGY FIC MULTIMERCADO;29/07/2022;311,30092836
JGP STRATEGY FIC MULTIMERCADO;01/08/2022;311,42836998
JGP STRATEGY FIC MULTIMERCADO;02/08/2022;311,86372533
JGP STRATEGY FIC MULTIMERCADO;03/08/2022;311,86932982
JGP STRATEGY FIC MULTIMERCADO;04/08/2022;312,53177721
JGP STRATEGY FIC MULTIMERCADO;05/08/2022;313,2653
JGP STRATEGY FIC MULTIMERCADO;08/08/2022;313,06019444
JGP STRATEGY FIC MULTIMERCADO;09/08/2022;313,75403133
JGP STRATEGY FIC MULTIMERCADO;10/08/2022;313,48353116
JGP STRATEGY FIC MULTIMERCADO;11/08/2022;313,63304151
JGP STRATEGY FIC MULTIMERCADO;12/08/2022;314,1668009
JGP STRATEGY FIC MULTIMERCADO;15/08/2022;313,89110531
JGP STRATEGY FIC MULTIMERCADO;16/08/2022;313,50208799
JGP STRATEGY FIC MULTIMERCADO;17/08/2022;313,99766654
JGP STRATEGY FIC MULTIMERCADO;18/08/2022;314,59997364
JGP STRATEGY FIC MULTIMERCADO;19/08/2022;314,99303643
JGP STRATEGY FIC MULTIMERCADO;22/08/2022;316,11075711
JGP STRATEGY FIC MULTIMERCADO;23/08/2022;316,1212728
JGP STRATEGY FIC MULTIMERCADO;24/08/2022;316,45787795
JGP STRATEGY FIC MULTIMERCADO;25/08/2022;315,99442483
JGP STRATEGY FIC MULTIMERCADO;26/08/2022;316,58461023
JGP STRATEGY FIC MULTIMERCADO;29/08/2022;316,8359963
JGP STRATEGY FIC MULTIMERCADO;30/08/2022;317,40244123
JGP STRATEGY FIC MULTIMERCADO;31/08/2022;317,74147498
JGP STRATEGY FIC MULTIMERCADO;01/09/2022;318,25111963
JGP STRATEGY FIC MULTIMERCADO;02/09/2022;318,23909073
JGP STRATEGY FIC MULTIMERCADO;05/09/2022;318,39846028
JGP STRATEGY FIC MULTIMERCADO;06/09/2022;318,70399794
JGP STRATEGY FIC MULTIMERCADO;08/09/2022;318,2634224
JGP STRATEGY FIC MULTIMERCADO;09/09/2022;318,0396916
JGP STRATEGY FIC MULTIMERCADO;12/09/2022;317,91099621
JGP STRATEGY FIC MULTIMERCADO;13/09/2022;319,83124146
JGP STRATEGY FIC MULTIMERCADO;14/09/2022;319,94251976
JGP STRATEGY FIC MULTIMERCADO;15/09/2022;320,5832155
JGP STRATEGY FIC MULTIMERCADO;16/09/2022;320,95647087
JGP STRATEGY FIC MULTIMERCADO;19/09/2022;320,92734191
JGP STRATEGY FIC MULTIMERCADO;20/09/2022;321,219625
JGP STRATEGY FIC MULTIMERCADO;21/09/2022;321,70653594
JGP STRATEGY FIC MULTIMERCADO;22/09/2022;322,25496139
JGP STRATEGY FIC MULTIMERCADO;23/09/2022;321,97271491
JGP STRATEGY FIC MULTIMERCADO;26/09/2022;322,26881684
JGP STRATEGY FIC MULTIMERCADO;27/09/2022;322,42803687
JGP STRATEGY FIC MULTIMERCADO;28/09/2022;322,93834155
JGP STRATEGY FIC MULTIMERCADO;29/09/2022;322,89943127
JGP STRATEGY FIC MULTIMERCADO;30/09/2022;322,63218871
JGP STRATEGY FIC MULTIMERCADO;03/10/2022;322,86952879
JGP STRATEGY FIC MULTIMERCADO;04/10/2022;323,36536572
JGP STRATEGY FIC MULTIMERCADO;05/10/2022;323,7468102
JGP STRATEGY FIC MULTIMERCADO;06/10/2022;324,30372456
JGP STRATEGY FIC MULTIMERCADO;07/10/2022;324,47231679
JGP STRATEGY FIC MULTIMERCADO;10/10/2022;324,61284295
JGP STRATEGY FIC MULTIMERCADO;11/10/2022;324,54646566
JGP STRATEGY FIC MULTIMERCADO;13/10/2022;324,62670852
JGP STRATEGY FIC MULTIMERCADO;14/10/2022;324,88721411
JGP STRATEGY FIC MULTIMERCADO;17/10/2022;324,76399994
JGP STRATEGY FIC MULTIMERCADO;18/10/2022;324,89795485
JGP STRATEGY FIC MULTIMERCADO;19/10/2022;325,77163533
JGP STRATEGY FIC MULTIMERCADO;20/10/2022;326,05038938
JGP STRATEGY FIC MULTIMERCADO;21/10/2022;325,92430227
JGP STRATEGY FIC MULTIMERCADO;24/10/2022;325,49115874
JGP STRATEGY FIC MULTIMERCADO;25/10/2022;325,44016343
JGP STRATEGY FIC MULTIMERCADO;26/10/2022;325,58530749
JGP STRATEGY FIC MULTIMERCADO;27/10/2022;326,19292551
JGP STRATEGY FIC MULTIMERCADO;28/10/2022;326,22758497
JGP STRATEGY FIC MULTIMERCADO;31/10/2022;326,75473902
JGP STRATEGY FIC MULTIMERCADO;01/11/2022;327,23750694
JGP STRATEGY FIC MULTIMERCADO;03/11/2022;326,38204082
JGP STRATEGY FIC MULTIMERCADO;04/11/2022;326,46409236
JGP STRATEGY FIC MULTIMERCADO;07/11/2022;326,61048358
JGP STRATEGY FIC MULTIMERCADO;08/11/2022;327,24564987
JGP STRATEGY FIC MULTIMERCADO;09/11/2022;327,41068495
JGP STRATEGY FIC MULTIMERCADO;10/11/2022;329,56345887
JGP STRATEGY FIC MULTIMERCADO;11/11/2022;329,67576178
JGP STRATEGY FIC MULTIMERCADO;14/11/2022;329,91382205
JGP STRATEGY FIC MULTIMERCADO;16/11/2022;330,13471314
JGP STRATEGY FIC MULTIMERCADO;17/11/2022;331,0480847
JGP STRATEGY FIC MULTIMERCADO;18/11/2022;330,87431635
JGP STRATEGY FIC MULTIMERCADO;21/11/2022;330,89157876
JGP STRATEGY FIC MULTIMERCADO;22/11/2022;331,00354833
JGP STRATEGY FIC MULTIMERCADO;23/11/2022;330,87150902
JGP STRATEGY FIC MULTIMERCADO;24/11/2022;330,53917896
JGP STRATEGY FIC MULTIMERCADO;25/11/2022;331,12896116
JGP STRATEGY FIC MULTIMERCADO;28/11/2022;331,65736826
JGP STRATEGY FIC MULTIMERCADO;29/11/2022;331,40439338
JGP STRATEGY FIC MULTIMERCADO;30/11/2022;330,78936918
JGP STRATEGY FIC MULTIMERCADO;01/12/2022;330,79944859
JGP STRATEGY FIC MULTIMERCADO;02/12/2022;330,6560962
JGP STRATEGY FIC MULTIMERCADO;05/12/2022;331,11205422
JGP STRATEGY FIC MULTIMERCADO;06/12/2022;331,14758913
JGP STRATEGY FIC MULTIMERCADO;07/12/2022;330,6878405
JGP STRATEGY FIC MULTIMERCADO;08/12/2022;330,90190498
JGP STRATEGY FIC MULTIMERCADO;09/12/2022;331,29139687
JGP STRATEGY FIC MULTIMERCADO;12/12/2022;332,8836104
JGP STRATEGY FIC MULTIMERCADO;13/12/2022;333,30620961
JGP STRATEGY FIC MULTIMERCADO;14/12/2022;333,98343614
JGP STRATEGY FIC MULTIMERCADO;15/12/2022;333,98112574
JGP STRATEGY FIC MULTIMERCADO;16/12/2022;333,98965196
JGP STRATEGY FIC MULTIMERCADO;19/12/2022;334,1888871
JGP STRATEGY FIC MULTIMERCADO;20/12/2022;333,62927509
JGP STRATEGY FIC MULTIMERCADO;21/12/2022;333,63434139
JGP STRATEGY FIC MULTIMERCADO;22/12/2022;333,81917434
JGP STRATEGY FIC MULTIMERCADO;23/12/2022;333,97635783
JGP STRATEGY FIC MULTIMERCADO;26/12/2022;334,25338366
JGP STRATEGY FIC MULTIMERCADO;27/12/2022;334,43227579
JGP STRATEGY FIC MULTIMERCADO;28/12/2022;334,21207231
JGP STRATEGY FIC MULTIMERCADO;29/12/2022;334,06443701
JGP STRATEGY FIC MULTIMERCADO;30/12/2022;334,42988774
JGP STRATEGY FIC MULTIMERCADO;02/01/2023;335,07192428
JGP STRATEGY FIC MULTIMERCADO;03/01/2023;336,04388042
JGP STRATEGY FIC MULTIMERCADO;04/01/2023;336,0359557
JGP STRATEGY FIC MULTIMERCADO;05/01/2023;335,86764783
JGP STRATEGY FIC MULTIMERCADO;06/01/2023;333,86881336
JGP STRATEGY FIC MULTIMERCADO;09/01/2023;333,8445781
JGP STRATEGY FIC MULTIMERCADO;10/01/2023;333,40103621
JGP STRATEGY FIC MULTIMERCADO;11/01/2023;332,93029017
JGP STRATEGY FIC MULTIMERCADO;12/01/2023;329,79123692
JGP STRATEGY FIC MULTIMERCADO;13/01/2023;328,96527689
JGP STRATEGY FIC MULTIMERCADO;16/01/2023;329,99083492
JGP STRATEGY FIC MULTIMERCADO;17/01/2023;329,64189334
JGP STRATEGY FIC MULTIMERCADO;18/01/2023;329,38036725
JGP STRATEGY FIC MULTIMERCADO;19/01/2023;329,16933566
JGP STRATEGY FIC MULTIMERCADO;20/01/2023;330,03723434
JGP STRATEGY FIC MULTIMERCADO;23/01/2023;330,89974845
JGP STRATEGY FIC MULTIMERCADO;24/01/2023;330,6705889
JGP STRATEGY FIC MULTIMERCADO;25/01/2023;330,3818452
JGP STRATEGY FIC MULTIMERCADO;26/01/2023;330,61361045
JGP STRATEGY FIC MULTIMERCADO;27/01/2023;331,34575242
JGP STRATEGY FIC MULTIMERCADO;30/01/2023;331,63651078
JGP STRATEGY FIC MULTIMERCADO;31/01/2023;331,19095495
JGP STRATEGY FIC MULTIMERCADO;01/02/2023;331,15269209
JGP STRATEGY FIC MULTIMERCADO;02/02/2023;331,48263951
JGP STRATEGY FIC MULTIMERCADO;03/02/2023;331,32478822
JGP STRATEGY FIC MULTIMERCADO;06/02/2023;332,05074669
JGP STRATEGY FIC MULTIMERCADO;07/02/2023;332,46699366
JGP STRATEGY FIC MULTIMERCADO;08/02/2023;333,05170274
JGP STRATEGY FIC MULTIMERCADO;09/02/2023;334,77362515
JGP STRATEGY FIC MULTIMERCADO;10/02/2023;335,42507344
JGP STRATEGY FIC MULTIMERCADO;13/02/2023;334,62076859
JGP STRATEGY FIC MULTIMERCADO;14/02/2023;334,69743984
JGP STRATEGY FIC MULTIMERCADO;15/02/2023;335,81253841
JGP STRATEGY FIC MULTIMERCADO;16/02/2023;335,92588643
JGP STRATEGY FIC MULTIMERCADO;17/02/2023;336,07162833
JGP STRATEGY FIC MULTIMERCADO;22/02/2023;336,34532258
JGP STRATEGY FIC MULTIMERCADO;23/02/2023;336,01987264
JGP STRATEGY FIC MULTIMERCADO;24/02/2023;336,51093271
JGP STRATEGY FIC MULTIMERCADO;27/02/2023;336,2928837
JGP STRATEGY FIC MULTIMERCADO;28/02/2023;336,57445022
JGP STRATEGY FIC MULTIMERCADO;01/03/2023;336,37577768
JGP STRATEGY FIC MULTIMERCADO;02/03/2023;336,75312466
JGP STRATEGY FIC MULTIMERCADO;03/03/2023;336,12479999
JGP STRATEGY FIC MULTIMERCADO;06/03/2023;335,98471607
JGP STRATEGY FIC MULTIMERCADO;07/03/2023;337,04987538
JGP STRATEGY FIC MULTIMERCADO;08/03/2023;335,94091111
JGP STRATEGY FIC MULTIMERCADO;09/03/2023;336,88773525
JGP STRATEGY FIC MULTIMERCADO;10/03/2023;337,31148185
JGP STRATEGY FIC MULTIMERCADO;13/03/2023;337,02278525
JGP STRATEGY FIC MULTIMERCADO;14/03/2023;336,70347409
JGP STRATEGY FIC MULTIMERCADO;15/03/2023;337,47994258
JGP STRATEGY FIC MULTIMERCADO;16/03/2023;337,41111535
JGP STRATEGY FIC MULTIMERCADO;17/03/2023;338,00723113
JGP STRATEGY FIC MULTIMERCADO;20/03/2023;337,96711068
JGP STRATEGY FIC MULTIMERCADO;21/03/2023;337,90732158
JGP STRATEGY FIC MULTIMERCADO;22/03/2023;337,69098409
JGP STRATEGY FIC MULTIMERCADO;23/03/2023;337,84250934
JGP STRATEGY FIC MULTIMERCADO;24/03/2023;337,91141316
JGP STRATEGY FIC MULTIMERCADO;27/03/2023;338,07396701
JGP STRATEGY FIC MULTIMERCADO;28/03/2023;338,29216108
JGP STRATEGY FIC MULTIMERCADO;29/03/2023;337,83256242
JGP STRATEGY FIC MULTIMERCADO;30/03/2023;338,19667647
JGP STRATEGY FIC MULTIMERCADO;31/03/2023;338,24969793
JGP STRATEGY FIC MULTIMERCADO;03/04/2023;338,19491001
JGP STRATEGY FIC MULTIMERCADO;04/04/2023;338,49268357
JGP STRATEGY FIC MULTIMERCADO;05/04/2023;338,56473118
JGP STRATEGY FIC MULTIMERCADO;06/04/2023;338,63692028
JGP STRATEGY FIC MULTIMERCADO;10/04/2023;338,54804882
JGP STRATEGY FIC MULTIMERCADO;11/04/2023;338,92704905
JGP STRATEGY FIC MULTIMERCADO;12/04/2023;338,35652842
JGP STRATEGY FIC MULTIMERCADO;13/04/2023;338,54797831
JGP STRATEGY FIC MULTIMERCADO;14/04/2023;338,55925627
JGP STRATEGY FIC MULTIMERCADO;17/04/2023;338,60919651
JGP STRATEGY FIC MULTIMERCADO;18/04/2023;338,86546745
JGP STRATEGY FIC MULTIMERCADO;19/04/2023;338,55870337
JGP STRATEGY FIC MULTIMERCADO;20/04/2023;339,06218148
JGP STRATEGY FIC MULTIMERCADO;24/04/2023;339,18131917
JGP STRATEGY FIC MULTIMERCADO;25/04/2023;339,9598363
JGP STRATEGY FIC MULTIMERCADO;26/04/2023;340,11457726
JGP STRATEGY FIC MULTIMERCADO;27/04/2023;339,57196025
JGP STRATEGY FIC MULTIMERCADO;28/04/2023;339,12274884
JGP STRATEGY FIC MULTIMERCADO;02/05/2023;339,37896431
JGP STRATEGY FIC MULTIMERCADO;03/05/2023;338,99365336
JGP STRATEGY FIC MULTIMERCADO;04/05/2023;339,5760021
JGP STRATEGY FIC MULTIMERCADO;05/05/2023;338,80047308
JGP STRATEGY FIC MULTIMERCADO;08/05/2023;339,01008044
JGP STRATEGY FIC MULTIMERCADO;09/05/2023;339,26774677
JGP STRATEGY FIC MULTIMERCADO;10/05/2023;339,38066607
JGP STRATEGY FIC MULTIMERCADO;11/05/2023;339,85619131
JGP STRATEGY FIC MULTIMERCADO;12/05/2023;339,72979563
JGP STRATEGY FIC MULTIMERCADO;15/05/2023;339,66714712
JGP STRATEGY FIC MULTIMERCADO;16/05/2023;339,77995568
JGP STRATEGY FIC MULTIMERCADO;17/05/2023;339,55637072
JGP STRATEGY FIC MULTIMERCADO;18/05/2023;339,45473874
JGP STRATEGY FIC MULTIMERCADO;19/05/2023;339,02131133
JGP STRATEGY FIC MULTIMERCADO;22/05/2023;339,24470986
JGP STRATEGY FIC MULTIMERCADO;23/05/2023;339,09048647
JGP STRATEGY FIC MULTIMERCADO;24/05/2023;338,80625936
JGP STRATEGY FIC MULTIMERCADO;25/05/2023;339,7049046
JGP STRATEGY FIC MULTIMERCADO;26/05/2023;339,40937263
JGP STRATEGY FIC MULTIMERCADO;29/05/2023;339,6005395
JGP STRATEGY FIC MULTIMERCADO;30/05/2023;339,66848029
JGP STRATEGY FIC MULTIMERCADO;31/05/2023;339,70642474
JGP STRATEGY FIC MULTIMERCADO;01/06/2023;340,24629366
JGP STRATEGY FIC MULTIMERCADO;02/06/2023;340,85821999
JGP STRATEGY FIC MULTIMERCADO;05/06/2023;341,22042942
JGP STRATEGY FIC MULTIMERCADO;06/06/2023;341,69696729
JGP STRATEGY FIC MULTIMERCADO;07/06/2023;342,08960004
JGP STRATEGY FIC MULTIMERCADO;09/06/2023;342,52934831
JGP STRATEGY FIC MULTIMERCADO;12/06/2023;343,07927128
JGP STRATEGY FIC MULTIMERCADO;13/06/2023;342,6716504
JGP STRATEGY FIC MULTIMERCADO;14/06/2023;343,57867955
JGP STRATEGY FIC MULTIMERCADO;15/06/2023;343,81715748
JGP STRATEGY FIC MULTIMERCADO;16/06/2023;343,77558068
JGP STRATEGY FIC MULTIMERCADO;19/06/2023;343,85373944
JGP STRATEGY FIC MULTIMERCADO;20/06/2023;344,50560389
JGP STRATEGY FIC MULTIMERCADO;21/06/2023;345,08066874
JGP STRATEGY FIC MULTIMERCADO;22/06/2023;344,78844016
JGP STRATEGY FIC MULTIMERCADO;23/06/2023;345,16067102
JGP STRATEGY FIC MULTIMERCADO;26/06/2023;344,55451434
JGP STRATEGY FIC MULTIMERCADO;27/06/2023;343,53744084
JGP STRATEGY FIC MULTIMERCADO;28/06/2023;343,84936452
JGP STRATEGY FIC MULTIMERCADO;29/06/2023;344,18490096
JGP STRATEGY FIC MULTIMERCADO;30/06/2023;344,04028824
JGP STRATEGY FIC MULTIMERCADO;03/07/2023;344,08028178
JGP STRATEGY FIC MULTIMERCADO;04/07/2023;344,24183141
JGP STRATEGY FIC MULTIMERCADO;05/07/2023;345,02368792
JGP STRATEGY FIC MULTIMERCADO;06/07/2023;344,2687496
JGP STRATEGY FIC MULTIMERCADO;07/07/2023;344,71546785
JGP STRATEGY FIC MULTIMERCADO;10/07/2023;344,20775604
JGP STRATEGY FIC MULTIMERCADO;11/07/2023;344,67362093
JGP STRATEGY FIC MULTIMERCADO;12/07/2023;345,29082643
JGP STRATEGY FIC MULTIMERCADO;13/07/2023;345,82193441
JGP STRATEGY FIC MULTIMERCADO;14/07/2023;345,58028667
JGP STRATEGY FIC MULTIMERCADO;17/07/2023;345,76886392
JGP STRATEGY FIC MULTIMERCADO;18/07/2023;346,00802518
JGP STRATEGY FIC MULTIMERCADO;19/07/2023;346,17800995
JGP STRATEGY FIC MULTIMERCADO;20/07/2023;346,2200153
JGP STRATEGY FIC MULTIMERCADO;21/07/2023;346,83233086
JGP STRATEGY FIC MULTIMERCADO;24/07/2023;347,24278736
JGP STRATEGY FIC MULTIMERCADO;25/07/2023;347,50538976
JGP STRATEGY FIC MULTIMERCADO;26/07/2023;347,39008675
JGP STRATEGY FIC MULTIMERCADO;27/07/2023;347,27262444
JGP STRATEGY FIC MULTIMERCADO;28/07/2023;347,50893326
JGP STRATEGY FIC MULTIMERCADO;31/07/2023;348,06118062
JGP STRATEGY FIC MULTIMERCADO;01/08/2023;347,75048517
JGP STRATEGY FIC MULTIMERCADO;02/08/2023;347,93287791
JGP STRATEGY FIC MULTIMERCADO;03/08/2023;349,17546781
JGP STRATEGY FIC MULTIMERCADO;04/08/2023;349,51198869
JGP STRATEGY FIC MULTIMERCADO;07/08/2023;349,06578008
JGP STRATEGY FIC MULTIMERCADO;08/08/2023;349,41237604
JGP STRATEGY FIC MULTIMERCADO;09/08/2023;349,2920121
JGP STRATEGY FIC MULTIMERCADO;10/08/2023;349,01450986
JGP STRATEGY FIC MULTIMERCADO;11/08/2023;349,31139427
JGP STRATEGY FIC MULTIMERCADO;14/08/2023;349,0726275
JGP STRATEGY FIC MULTIMERCADO;15/08/2023;349,81998278
JGP STRATEGY FIC MULTIMERCADO;16/08/2023;350,09175602
JGP STRATEGY FIC MULTIMERCADO;17/08/2023;350,50051333
JGP STRATEGY FIC MULTIMERCADO;18/08/2023;350,62114227
JGP STRATEGY FIC MULTIMERCADO;21/08/2023;350,15450186
JGP STRATEGY FIC MULTIMERCADO;22/08/2023;350,09247371
JGP STRATEGY FIC MULTIMERCADO;23/08/2023;349,76950412
JGP STRATEGY FIC MULTIMERCADO;24/08/2023;350,07718071
JGP STRATEGY FIC MULTIMERCADO;25/08/2023;349,27337685
JGP STRATEGY FIC MULTIMERCADO;28/08/2023;348,90121848
JGP STRATEGY FIC MULTIMERCADO;29/08/2023;348,92770493
JGP STRATEGY FIC MULTIMERCADO;30/08/2023;348,72557742
JGP STRATEGY FIC MULTIMERCADO;31/08/2023;348,7092838
JGP STRATEGY FIC MULTIMERCADO;01/09/2023;348,4555745
JGP STRATEGY FIC MULTIMERCADO;04/09/2023;348,44450641
JGP STRATEGY FIC MULTIMERCADO;05/09/2023;348,86294932
JGP STRATEGY FIC MULTIMERCADO;06/09/2023;348,86891151
JGP STRATEGY FIC MULTIMERCADO;08/09/2023;348,98049048
JGP STRATEGY FIC MULTIMERCADO;11/09/2023;348,78824819
JGP STRATEGY FIC MULTIMERCADO;12/09/2023;349,28458788
JGP STRATEGY FIC MULTIMERCADO;13/09/2023;349,59188272
JGP STRATEGY FIC MULTIMERCADO;14/09/2023;350,3127395
JGP STRATEGY FIC MULTIMERCADO;15/09/2023;350,70814379
JGP STRATEGY FIC MULTIMERCADO;18/09/2023;350,58228397
JGP STRATEGY FIC MULTIMERCADO;19/09/2023;350,2430782
JGP STRATEGY FIC MULTIMERCADO;20/09/2023;350,72687483
JGP STRATEGY FIC MULTIMERCADO;21/09/2023;352,20606467
JGP STRATEGY FIC MULTIMERCADO;22/09/2023;352,43220524
JGP STRATEGY FIC MULTIMERCADO;25/09/2023;352,69807128
JGP STRATEGY FIC MULTIMERCADO;26/09/2023;353,92428363
JGP STRATEGY FIC MULTIMERCADO;27/09/2023;353,8358281
JGP STRATEGY FIC MULTIMERCADO;28/09/2023;353,88883237
JGP STRATEGY FIC MULTIMERCADO;29/09/2023;353,95557745
JGP STRATEGY FIC MULTIMERCADO;02/10/2023;354,1919584
JGP STRATEGY FIC MULTIMERCADO;03/10/2023;355,84056005
JGP STRATEGY FIC MULTIMERCADO;04/10/2023;356,51068595
JGP STRATEGY FIC MULTIMERCADO;05/10/2023;356,90489349
JGP STRATEGY FIC MULTIMERCADO;06/10/2023;356,06579155
JGP STRATEGY FIC MULTIMERCADO;09/10/2023;356,83911464
JGP STRATEGY FIC MULTIMERCADO;10/10/2023;356,36547835
JGP STRATEGY FIC MULTIMERCADO;11/10/2023;355,64226665
JGP STRATEGY FIC MULTIMERCADO;13/10/2023;356,36220597
JGP STRATEGY FIC MULTIMERCADO;16/10/2023;355,82739725
JGP STRATEGY FIC MULTIMERCADO;17/10/2023;355,62730491
JGP STRATEGY FIC MULTIMERCADO;18/10/2023;356,6173452
JGP STRATEGY FIC MULTIMERCADO;19/10/2023;357,03357759
JGP STRATEGY FIC MULTIMERCADO;20/10/2023;358,5572185
JGP STRATEGY FIC MULTIMERCADO;23/10/2023;358,56639656
JGP STRATEGY FIC MULTIMERCADO;24/10/2023;357,91090591
JGP STRATEGY FIC MULTIMERCADO;25/10/2023;357,86275729
JGP STRATEGY FIC MULTIMERCADO;26/10/2023;358,75611023
JGP STRATEGY FIC MULTIMERCADO;27/10/2023;358,99991244
JGP STRATEGY FIC MULTIMERCADO;30/10/2023;358,56903925
JGP STRATEGY FIC MULTIMERCADO;31/10/2023;357,97624415
JGP STRATEGY FIC MULTIMERCADO;01/11/2023;358,85743874
JGP STRATEGY FIC MULTIMERCADO;03/11/2023;359,57207101
JGP STRATEGY FIC MULTIMERCADO;06/11/2023;358,6390505
JGP STRATEGY FIC MULTIMERCADO;07/11/2023;359,29344154
JGP STRATEGY FIC MULTIMERCADO;08/11/2023;358,88232382
JGP STRATEGY FIC MULTIMERCADO;09/11/2023;358,40800011
JGP STRATEGY FIC MULTIMERCADO;10/11/2023;358,16817784
JGP STRATEGY FIC MULTIMERCADO;13/11/2023;358,16302991
JGP STRATEGY FIC MULTIMERCADO;14/11/2023;360,48697636
JGP STRATEGY FIC MULTIMERCADO;16/11/2023;360,94414556
JGP STRATEGY FIC MULTIMERCADO;17/11/2023;360,61554138
JGP STRATEGY FIC MULTIMERCADO;20/11/2023;361,05324073
JGP STRATEGY FIC MULTIMERCADO;21/11/2023;360,59339593
JGP STRATEGY FIC MULTIMERCADO;22/11/2023;360,28108204
KAPITALO ZETA FIC MULTIMERCADO;01/09/2010;1,00
KAPITALO ZETA FIC MULTIMERCADO;02/09/2010;0,9987055
KAPITALO ZETA FIC MULTIMERCADO;03/09/2010;0,9993753
KAPITALO ZETA FIC MULTIMERCADO;06/09/2010;0,9995698
KAPITALO ZETA FIC MULTIMERCADO;08/09/2010;0,9961899
KAPITALO ZETA FIC MULTIMERCADO;09/09/2010;0,9895141
KAPITALO ZETA FIC MULTIMERCADO;10/09/2010;0,9905071
KAPITALO ZETA FIC MULTIMERCADO;13/09/2010;0,986672
KAPITALO ZETA FIC MULTIMERCADO;14/09/2010;0,981328
KAPITALO ZETA FIC MULTIMERCADO;15/09/2010;0,9852658
KAPITALO ZETA FIC MULTIMERCADO;16/09/2010;0,9798977
KAPITALO ZETA FIC MULTIMERCADO;17/09/2010;0,9872854
KAPITALO ZETA FIC MULTIMERCADO;20/09/2010;0,9913463
KAPITALO ZETA FIC MULTIMERCADO;21/09/2010;0,9891677
KAPITALO ZETA FIC MULTIMERCADO;22/09/2010;0,9927629
KAPITALO ZETA FIC MULTIMERCADO;23/09/2010;0,9925041
KAPITALO ZETA FIC MULTIMERCADO;24/09/2010;0,9967613
KAPITALO ZETA FIC MULTIMERCADO;27/09/2010;0,9961546
KAPITALO ZETA FIC MULTIMERCADO;28/09/2010;0,9883324
KAPITALO ZETA FIC MULTIMERCADO;29/09/2010;0,9843534
KAPITALO ZETA FIC MULTIMERCADO;30/09/2010;0,9909185
KAPITALO ZETA FIC MULTIMERCADO;01/10/2010;0,9938539
KAPITALO ZETA FIC MULTIMERCADO;04/10/2010;0,9958976
KAPITALO ZETA FIC MULTIMERCADO;05/10/2010;0,9983754
KAPITALO ZETA FIC MULTIMERCADO;06/10/2010;0,9956334
KAPITALO ZETA FIC MULTIMERCADO;07/10/2010;0,9974535
KAPITALO ZETA FIC MULTIMERCADO;08/10/2010;0,99683
KAPITALO ZETA FIC MULTIMERCADO;11/10/2010;0,9981996
KAPITALO ZETA FIC MULTIMERCADO;13/10/2010;0,9973263
KAPITALO ZETA FIC MULTIMERCADO;14/10/2010;0,9985237
KAPITALO ZETA FIC MULTIMERCADO;15/10/2010;0,9958759
KAPITALO ZETA FIC MULTIMERCADO;18/10/2010;0,99022
KAPITALO ZETA FIC MULTIMERCADO;19/10/2010;0,9923012
KAPITALO ZETA FIC MULTIMERCADO;20/10/2010;0,9950035
KAPITALO ZETA FIC MULTIMERCADO;21/10/2010;0,9944775
KAPITALO ZETA FIC MULTIMERCADO;22/10/2010;0,9912154
KAPITALO ZETA FIC MULTIMERCADO;25/10/2010;0,9922897
KAPITALO ZETA FIC MULTIMERCADO;26/10/2010;0,9926064
KAPITALO ZETA FIC MULTIMERCADO;27/10/2010;0,9998167
KAPITALO ZETA FIC MULTIMERCADO;28/10/2010;0,997617
KAPITALO ZETA FIC MULTIMERCADO;29/10/2010;0,9997386
KAPITALO ZETA FIC MULTIMERCADO;01/11/2010;1,0011751
KAPITALO ZETA FIC MULTIMERCADO;03/11/2010;1,0005685
KAPITALO ZETA FIC MULTIMERCADO;04/11/2010;1,0043898
KAPITALO ZETA FIC MULTIMERCADO;05/11/2010;1,0043071
KAPITALO ZETA FIC MULTIMERCADO;08/11/2010;1,005055
KAPITALO ZETA FIC MULTIMERCADO;09/11/2010;1,008963
KAPITALO ZETA FIC MULTIMERCADO;10/11/2010;1,0067937
KAPITALO ZETA FIC MULTIMERCADO;11/11/2010;1,0063284
KAPITALO ZETA FIC MULTIMERCADO;12/11/2010;1,004348
KAPITALO ZETA FIC MULTIMERCADO;16/11/2010;1,0058689
KAPITALO ZETA FIC MULTIMERCADO;17/11/2010;1,0043486
KAPITALO ZETA FIC MULTIMERCADO;18/11/2010;1,0102543
KAPITALO ZETA FIC MULTIMERCADO;19/11/2010;1,0127342
KAPITALO ZETA FIC MULTIMERCADO;22/11/2010;1,0139517
KAPITALO ZETA FIC MULTIMERCADO;23/11/2010;1,0133996
KAPITALO ZETA FIC MULTIMERCADO;24/11/2010;1,0182358
KAPITALO ZETA FIC MULTIMERCADO;25/11/2010;1,0197804
KAPITALO ZETA FIC MULTIMERCADO;26/11/2010;1,022019
KAPITALO ZETA FIC MULTIMERCADO;29/11/2010;1,0266743
KAPITALO ZETA FIC MULTIMERCADO;30/11/2010;1,0294614
KAPITALO ZETA FIC MULTIMERCADO;01/12/2010;1,0404628
KAPITALO ZETA FIC MULTIMERCADO;02/12/2010;1,0410725
KAPITALO ZETA FIC MULTIMERCADO;03/12/2010;1,0464528
KAPITALO ZETA FIC MULTIMERCADO;06/12/2010;1,0425635
KAPITALO ZETA FIC MULTIMERCADO;07/12/2010;1,0444696
KAPITALO ZETA FIC MULTIMERCADO;08/12/2010;1,0443722
KAPITALO ZETA FIC MULTIMERCADO;09/12/2010;1,0496415
KAPITALO ZETA FIC MULTIMERCADO;10/12/2010;1,0534104
KAPITALO ZETA FIC MULTIMERCADO;13/12/2010;1,054597
KAPITALO ZETA FIC MULTIMERCADO;14/12/2010;1,0531533
KAPITALO ZETA FIC MULTIMERCADO;15/12/2010;1,0529089
KAPITALO ZETA FIC MULTIMERCADO;16/12/2010;1,0508536
KAPITALO ZETA FIC MULTIMERCADO;17/12/2010;1,0563591
KAPITALO ZETA FIC MULTIMERCADO;20/12/2010;1,0626825
KAPITALO ZETA FIC MULTIMERCADO;21/12/2010;1,068929
KAPITALO ZETA FIC MULTIMERCADO;22/12/2010;1,0774202
KAPITALO ZETA FIC MULTIMERCADO;23/12/2010;1,0774582
KAPITALO ZETA FIC MULTIMERCADO;24/12/2010;1,0778188
KAPITALO ZETA FIC MULTIMERCADO;27/12/2010;1,0768919
KAPITALO ZETA FIC MULTIMERCADO;28/12/2010;1,0749844
KAPITALO ZETA FIC MULTIMERCADO;29/12/2010;1,0682853
KAPITALO ZETA FIC MULTIMERCADO;30/12/2010;1,0590169
KAPITALO ZETA FIC MULTIMERCADO;31/12/2010;1,0593167
KAPITALO ZETA FIC MULTIMERCADO;03/01/2011;1,0498848
KAPITALO ZETA FIC MULTIMERCADO;04/01/2011;1,0523908
KAPITALO ZETA FIC MULTIMERCADO;05/01/2011;1,0598651
KAPITALO ZETA FIC MULTIMERCADO;06/01/2011;1,0590049
KAPITALO ZETA FIC MULTIMERCADO;07/01/2011;1,0645704
KAPITALO ZETA FIC MULTIMERCADO;10/01/2011;1,0738222
KAPITALO ZETA FIC MULTIMERCADO;11/01/2011;1,0769021
KAPITALO ZETA FIC MULTIMERCADO;12/01/2011;1,0805076
KAPITALO ZETA FIC MULTIMERCADO;13/01/2011;1,0798969
KAPITALO ZETA FIC MULTIMERCADO;14/01/2011;1,0921381
KAPITALO ZETA FIC MULTIMERCADO;17/01/2011;1,0934141
KAPITALO ZETA FIC MULTIMERCADO;18/01/2011;1,0967494
KAPITALO ZETA FIC MULTIMERCADO;19/01/2011;1,0934238
KAPITALO ZETA FIC MULTIMERCADO;20/01/2011;1,090522
KAPITALO ZETA FIC MULTIMERCADO;21/01/2011;1,0913107
KAPITALO ZETA FIC MULTIMERCADO;24/01/2011;1,0951555
KAPITALO ZETA FIC MULTIMERCADO;25/01/2011;1,0955335
KAPITALO ZETA FIC MULTIMERCADO;26/01/2011;1,093474
KAPITALO ZETA FIC MULTIMERCADO;27/01/2011;1,0959735
KAPITALO ZETA FIC MULTIMERCADO;28/01/2011;1,087187
KAPITALO ZETA FIC MULTIMERCADO;31/01/2011;1,0834351
KAPITALO ZETA FIC MULTIMERCADO;01/02/2011;1,0832443
KAPITALO ZETA FIC MULTIMERCADO;02/02/2011;1,0808872
KAPITALO ZETA FIC MULTIMERCADO;03/02/2011;1,0817985
KAPITALO ZETA FIC MULTIMERCADO;04/02/2011;1,0873316
KAPITALO ZETA FIC MULTIMERCADO;07/02/2011;1,0824711
KAPITALO ZETA FIC MULTIMERCADO;08/02/2011;1,0795199
KAPITALO ZETA FIC MULTIMERCADO;09/02/2011;1,0785063
KAPITALO ZETA FIC MULTIMERCADO;10/02/2011;1,0809441
KAPITALO ZETA FIC MULTIMERCADO;11/02/2011;1,0804495
KAPITALO ZETA FIC MULTIMERCADO;14/02/2011;1,0890314
KAPITALO ZETA FIC MULTIMERCADO;15/02/2011;1,0837006
KAPITALO ZETA FIC MULTIMERCADO;16/02/2011;1,0850707
KAPITALO ZETA FIC MULTIMERCADO;17/02/2011;1,0836867
KAPITALO ZETA FIC MULTIMERCADO;18/02/2011;1,0830371
KAPITALO ZETA FIC MULTIMERCADO;21/02/2011;1,0837607
KAPITALO ZETA FIC MULTIMERCADO;22/02/2011;1,0829963
KAPITALO ZETA FIC MULTIMERCADO;23/02/2011;1,0867977
KAPITALO ZETA FIC MULTIMERCADO;24/02/2011;1,0924806
KAPITALO ZETA FIC MULTIMERCADO;25/02/2011;1,0936035
KAPITALO ZETA FIC MULTIMERCADO;28/02/2011;1,0816318
KAPITALO ZETA FIC MULTIMERCADO;01/03/2011;1,0720797
KAPITALO ZETA FIC MULTIMERCADO;02/03/2011;1,075158
KAPITALO ZETA FIC MULTIMERCADO;03/03/2011;1,0774731
KAPITALO ZETA FIC MULTIMERCADO;04/03/2011;1,0787651
KAPITALO ZETA FIC MULTIMERCADO;09/03/2011;1,0708167
KAPITALO ZETA FIC MULTIMERCADO;10/03/2011;1,0437028
KAPITALO ZETA FIC MULTIMERCADO;11/03/2011;1,0457817
KAPITALO ZETA FIC MULTIMERCADO;14/03/2011;1,0428692
KAPITALO ZETA FIC MULTIMERCADO;15/03/2011;1,0425722
KAPITALO ZETA FIC MULTIMERCADO;16/03/2011;1,0418565
KAPITALO ZETA FIC MULTIMERCADO;17/03/2011;1,0472439
KAPITALO ZETA FIC MULTIMERCADO;18/03/2011;1,0474893
KAPITALO ZETA FIC MULTIMERCADO;21/03/2011;1,0475689
KAPITALO ZETA FIC MULTIMERCADO;22/03/2011;1,0442699
KAPITALO ZETA FIC MULTIMERCADO;23/03/2011;1,044596
KAPITALO ZETA FIC MULTIMERCADO;24/03/2011;1,0402393
KAPITALO ZETA FIC MULTIMERCADO;25/03/2011;1,0437183
KAPITALO ZETA FIC MULTIMERCADO;28/03/2011;1,0395506
KAPITALO ZETA FIC MULTIMERCADO;29/03/2011;1,0451447
KAPITALO ZETA FIC MULTIMERCADO;30/03/2011;1,0424608
KAPITALO ZETA FIC MULTIMERCADO;31/03/2011;1,0375168
KAPITALO ZETA FIC MULTIMERCADO;01/04/2011;1,0352436
KAPITALO ZETA FIC MULTIMERCADO;04/04/2011;1,0348417
KAPITALO ZETA FIC MULTIMERCADO;05/04/2011;1,0354992
KAPITALO ZETA FIC MULTIMERCADO;06/04/2011;1,0357821
KAPITALO ZETA FIC MULTIMERCADO;07/04/2011;1,0328109
KAPITALO ZETA FIC MULTIMERCADO;08/04/2011;1,0339563
KAPITALO ZETA FIC MULTIMERCADO;11/04/2011;1,0298986
KAPITALO ZETA FIC MULTIMERCADO;12/04/2011;1,0247502
KAPITALO ZETA FIC MULTIMERCADO;13/04/2011;1,0301771
KAPITALO ZETA FIC MULTIMERCADO;14/04/2011;1,0282702
KAPITALO ZETA FIC MULTIMERCADO;15/04/2011;1,0303974
KAPITALO ZETA FIC MULTIMERCADO;18/04/2011;1,0277016
KAPITALO ZETA FIC MULTIMERCADO;19/04/2011;1,0295166
KAPITALO ZETA FIC MULTIMERCADO;20/04/2011;1,0305913
KAPITALO ZETA FIC MULTIMERCADO;25/04/2011;1,0337003
KAPITALO ZETA FIC MULTIMERCADO;26/04/2011;1,0411301
KAPITALO ZETA FIC MULTIMERCADO;27/04/2011;1,0436335
KAPITALO ZETA FIC MULTIMERCADO;28/04/2011;1,0444383
KAPITALO ZETA FIC MULTIMERCADO;29/04/2011;1,0460974
KAPITALO ZETA FIC MULTIMERCADO;02/05/2011;1,0452072
KAPITALO ZETA FIC MULTIMERCADO;03/05/2011;1,0410787
KAPITALO ZETA FIC MULTIMERCADO;04/05/2011;1,0413803
KAPITALO ZETA FIC MULTIMERCADO;05/05/2011;1,0411618
KAPITALO ZETA FIC MULTIMERCADO;06/05/2011;1,0421717
KAPITALO ZETA FIC MULTIMERCADO;09/05/2011;1,0423719
KAPITALO ZETA FIC MULTIMERCADO;10/05/2011;1,0456205
KAPITALO ZETA FIC MULTIMERCADO;11/05/2011;1,0411312
KAPITALO ZETA FIC MULTIMERCADO;12/05/2011;1,0411707
KAPITALO ZETA FIC MULTIMERCADO;13/05/2011;1,0412641
KAPITALO ZETA FIC MULTIMERCADO;16/05/2011;1,0412002
KAPITALO ZETA FIC MULTIMERCADO;17/05/2011;1,0433854
KAPITALO ZETA FIC MULTIMERCADO;18/05/2011;1,0416819
KAPITALO ZETA FIC MULTIMERCADO;19/05/2011;1,0438974
KAPITALO ZETA FIC MULTIMERCADO;20/05/2011;1,0433818
KAPITALO ZETA FIC MULTIMERCADO;23/05/2011;1,0383837
KAPITALO ZETA FIC MULTIMERCADO;24/05/2011;1,0383762
KAPITALO ZETA FIC MULTIMERCADO;25/05/2011;1,0397316
KAPITALO ZETA FIC MULTIMERCADO;26/05/2011;1,0433664
KAPITALO ZETA FIC MULTIMERCADO;27/05/2011;1,049915
KAPITALO ZETA FIC MULTIMERCADO;30/05/2011;1,0493528
KAPITALO ZETA FIC MULTIMERCADO;31/05/2011;1,0538861
KAPITALO ZETA FIC MULTIMERCADO;01/06/2011;1,0474288
KAPITALO ZETA FIC MULTIMERCADO;02/06/2011;1,0511074
KAPITALO ZETA FIC MULTIMERCADO;03/06/2011;1,0496401
KAPITALO ZETA FIC MULTIMERCADO;06/06/2011;1,0425447
KAPITALO ZETA FIC MULTIMERCADO;07/06/2011;1,0456708
KAPITALO ZETA FIC MULTIMERCADO;08/06/2011;1,0423025
KAPITALO ZETA FIC MULTIMERCADO;09/06/2011;1,0435845
KAPITALO ZETA FIC MULTIMERCADO;10/06/2011;1,0378881
KAPITALO ZETA FIC MULTIMERCADO;13/06/2011;1,0396928
KAPITALO ZETA FIC MULTIMERCADO;14/06/2011;1,0443741
KAPITALO ZETA FIC MULTIMERCADO;15/06/2011;1,0358309
KAPITALO ZETA FIC MULTIMERCADO;16/06/2011;1,0303495
KAPITALO ZETA FIC MULTIMERCADO;17/06/2011;1,0372341
KAPITALO ZETA FIC MULTIMERCADO;20/06/2011;1,0375211
KAPITALO ZETA FIC MULTIMERCADO;21/06/2011;1,0434661
KAPITALO ZETA FIC MULTIMERCADO;22/06/2011;1,0422592
KAPITALO ZETA FIC MULTIMERCADO;24/06/2011;1,0329838
KAPITALO ZETA FIC MULTIMERCADO;27/06/2011;1,0329237
KAPITALO ZETA FIC MULTIMERCADO;28/06/2011;1,0440716
KAPITALO ZETA FIC MULTIMERCADO;29/06/2011;1,0500717
KAPITALO ZETA FIC MULTIMERCADO;30/06/2011;1,0579827
KAPITALO ZETA FIC MULTIMERCADO;01/07/2011;1,0694323
KAPITALO ZETA FIC MULTIMERCADO;04/07/2011;1,0712801
KAPITALO ZETA FIC MULTIMERCADO;05/07/2011;1,0661224
KAPITALO ZETA FIC MULTIMERCADO;06/07/2011;1,0632989
KAPITALO ZETA FIC MULTIMERCADO;07/07/2011;1,0739149
KAPITALO ZETA FIC MULTIMERCADO;08/07/2011;1,0652974
KAPITALO ZETA FIC MULTIMERCADO;11/07/2011;1,0558618
KAPITALO ZETA FIC MULTIMERCADO;12/07/2011;1,0542
KAPITALO ZETA FIC MULTIMERCADO;13/07/2011;1,0551912
KAPITALO ZETA FIC MULTIMERCADO;14/07/2011;1,0519266
KAPITALO ZETA FIC MULTIMERCADO;15/07/2011;1,0496889
KAPITALO ZETA FIC MULTIMERCADO;18/07/2011;1,0497096
KAPITALO ZETA FIC MULTIMERCADO;19/07/2011;1,0554853
KAPITALO ZETA FIC MULTIMERCADO;20/07/2011;1,0573777
KAPITALO ZETA FIC MULTIMERCADO;21/07/2011;1,0575672
KAPITALO ZETA FIC MULTIMERCADO;22/07/2011;1,058522
KAPITALO ZETA FIC MULTIMERCADO;25/07/2011;1,0576476
KAPITALO ZETA FIC MULTIMERCADO;26/07/2011;1,0567517
KAPITALO ZETA FIC MULTIMERCADO;27/07/2011;1,0504948
KAPITALO ZETA FIC MULTIMERCADO;28/07/2011;1,0519833
KAPITALO ZETA FIC MULTIMERCADO;29/07/2011;1,0460427
KAPITALO ZETA FIC MULTIMERCADO;01/08/2011;1,0486448
KAPITALO ZETA FIC MULTIMERCADO;02/08/2011;1,0396763
KAPITALO ZETA FIC MULTIMERCADO;03/08/2011;1,0362191
KAPITALO ZETA FIC MULTIMERCADO;04/08/2011;1,0233195
KAPITALO ZETA FIC MULTIMERCADO;05/08/2011;1,0219492
KAPITALO ZETA FIC MULTIMERCADO;08/08/2011;1,0121179
KAPITALO ZETA FIC MULTIMERCADO;09/08/2011;1,0235938
KAPITALO ZETA FIC MULTIMERCADO;10/08/2011;1,0166314
KAPITALO ZETA FIC MULTIMERCADO;11/08/2011;1,0310521
KAPITALO ZETA FIC MULTIMERCADO;12/08/2011;1,0296575
KAPITALO ZETA FIC MULTIMERCADO;15/08/2011;1,0348469
KAPITALO ZETA FIC MULTIMERCADO;16/08/2011;1,0306569
KAPITALO ZETA FIC MULTIMERCADO;17/08/2011;1,0333157
KAPITALO ZETA FIC MULTIMERCADO;18/08/2011;1,0232265
KAPITALO ZETA FIC MULTIMERCADO;19/08/2011;1,0251159
KAPITALO ZETA FIC MULTIMERCADO;22/08/2011;1,0235308
KAPITALO ZETA FIC MULTIMERCADO;23/08/2011;1,025146
KAPITALO ZETA FIC MULTIMERCADO;24/08/2011;1,0243633
KAPITALO ZETA FIC MULTIMERCADO;25/08/2011;1,0243388
KAPITALO ZETA FIC MULTIMERCADO;26/08/2011;1,0256022
KAPITALO ZETA FIC MULTIMERCADO;29/08/2011;1,0314846
KAPITALO ZETA FIC MULTIMERCADO;30/08/2011;1,03225
KAPITALO ZETA FIC MULTIMERCADO;31/08/2011;1,0437363
KAPITALO ZETA FIC MULTIMERCADO;01/09/2011;1,0601624
KAPITALO ZETA FIC MULTIMERCADO;02/09/2011;1,0553566
KAPITALO ZETA FIC MULTIMERCADO;05/09/2011;1,0476737
KAPITALO ZETA FIC MULTIMERCADO;06/09/2011;1,0510099
KAPITALO ZETA FIC MULTIMERCADO;08/09/2011;1,0533952
KAPITALO ZETA FIC MULTIMERCADO;09/09/2011;1,0545535
KAPITALO ZETA FIC MULTIMERCADO;12/09/2011;1,0514499
KAPITALO ZETA FIC MULTIMERCADO;13/09/2011;1,0541272
KAPITALO ZETA FIC MULTIMERCADO;14/09/2011;1,0523139
KAPITALO ZETA FIC MULTIMERCADO;15/09/2011;1,0514089
KAPITALO ZETA FIC MULTIMERCADO;16/09/2011;1,0592149
KAPITALO ZETA FIC MULTIMERCADO;19/09/2011;1,0605355
KAPITALO ZETA FIC MULTIMERCADO;20/09/2011;1,0593024
KAPITALO ZETA FIC MULTIMERCADO;21/09/2011;1,0483153
KAPITALO ZETA FIC MULTIMERCADO;22/09/2011;1,0352272
KAPITALO ZETA FIC MULTIMERCADO;23/09/2011;1,0411041
KAPITALO ZETA FIC MULTIMERCADO;26/09/2011;1,0515243
KAPITALO ZETA FIC MULTIMERCADO;27/09/2011;1,0542709
KAPITALO ZETA FIC MULTIMERCADO;28/09/2011;1,0524917
KAPITALO ZETA FIC MULTIMERCADO;29/09/2011;1,0500295
KAPITALO ZETA FIC MULTIMERCADO;30/09/2011;1,0491119
KAPITALO ZETA FIC MULTIMERCADO;03/10/2011;1,0580602
KAPITALO ZETA FIC MULTIMERCADO;04/10/2011;1,0559287
KAPITALO ZETA FIC MULTIMERCADO;05/10/2011;1,0648441
KAPITALO ZETA FIC MULTIMERCADO;06/10/2011;1,0665601
KAPITALO ZETA FIC MULTIMERCADO;07/10/2011;1,0654709
KAPITALO ZETA FIC MULTIMERCADO;10/10/2011;1,0681378
KAPITALO ZETA FIC MULTIMERCADO;11/10/2011;1,0694664
KAPITALO ZETA FIC MULTIMERCADO;13/10/2011;1,0688486
KAPITALO ZETA FIC MULTIMERCADO;14/10/2011;1,071805
KAPITALO ZETA FIC MULTIMERCADO;17/10/2011;1,0631881
KAPITALO ZETA FIC MULTIMERCADO;18/10/2011;1,0722052
KAPITALO ZETA FIC MULTIMERCADO;19/10/2011;1,0700884
KAPITALO ZETA FIC MULTIMERCADO;20/10/2011;1,0563252
KAPITALO ZETA FIC MULTIMERCADO;21/10/2011;1,0592734
KAPITALO ZETA FIC MULTIMERCADO;24/10/2011;1,0711142
KAPITALO ZETA FIC MULTIMERCADO;25/10/2011;1,0590663
KAPITALO ZETA FIC MULTIMERCADO;26/10/2011;1,0699951
KAPITALO ZETA FIC MULTIMERCADO;27/10/2011;1,0858012
KAPITALO ZETA FIC MULTIMERCADO;28/10/2011;1,0856851
KAPITALO ZETA FIC MULTIMERCADO;31/10/2011;1,0759862
KAPITALO ZETA FIC MULTIMERCADO;01/11/2011;1,0596042
KAPITALO ZETA FIC MULTIMERCADO;03/11/2011;1,0667362
KAPITALO ZETA FIC MULTIMERCADO;04/11/2011;1,0669244
KAPITALO ZETA FIC MULTIMERCADO;07/11/2011;1,0708129
KAPITALO ZETA FIC MULTIMERCADO;08/11/2011;1,0740955
KAPITALO ZETA FIC MULTIMERCADO;09/11/2011;1,070722
KAPITALO ZETA FIC MULTIMERCADO;10/11/2011;1,071258
KAPITALO ZETA FIC MULTIMERCADO;11/11/2011;1,0755921
KAPITALO ZETA FIC MULTIMERCADO;14/11/2011;1,0748449
KAPITALO ZETA FIC MULTIMERCADO;16/11/2011;1,0726054
KAPITALO ZETA FIC MULTIMERCADO;17/11/2011;1,0645325
KAPITALO ZETA FIC MULTIMERCADO;18/11/2011;1,0616401
KAPITALO ZETA FIC MULTIMERCADO;21/11/2011;1,0517843
KAPITALO ZETA FIC MULTIMERCADO;22/11/2011;1,0508033
KAPITALO ZETA FIC MULTIMERCADO;23/11/2011;1,0516874
KAPITALO ZETA FIC MULTIMERCADO;24/11/2011;1,0592407
KAPITALO ZETA FIC MULTIMERCADO;25/11/2011;1,0582575
KAPITALO ZETA FIC MULTIMERCADO;28/11/2011;1,0617041
KAPITALO ZETA FIC MULTIMERCADO;29/11/2011;1,0656271
KAPITALO ZETA FIC MULTIMERCADO;30/11/2011;1,0836761
KAPITALO ZETA FIC MULTIMERCADO;01/12/2011;1,0825173
KAPITALO ZETA FIC MULTIMERCADO;02/12/2011;1,078941
KAPITALO ZETA FIC MULTIMERCADO;05/12/2011;1,0757421
KAPITALO ZETA FIC MULTIMERCADO;06/12/2011;1,0799201
KAPITALO ZETA FIC MULTIMERCADO;07/12/2011;1,0802378
KAPITALO ZETA FIC MULTIMERCADO;08/12/2011;1,0636399
KAPITALO ZETA FIC MULTIMERCADO;09/12/2011;1,0703868
KAPITALO ZETA FIC MULTIMERCADO;12/12/2011;1,062276
KAPITALO ZETA FIC MULTIMERCADO;13/12/2011;1,0625465
KAPITALO ZETA FIC MULTIMERCADO;14/12/2011;1,0585102
KAPITALO ZETA FIC MULTIMERCADO;15/12/2011;1,0542758
KAPITALO ZETA FIC MULTIMERCADO;16/12/2011;1,0513118
KAPITALO ZETA FIC MULTIMERCADO;19/12/2011;1,0462708
KAPITALO ZETA FIC MULTIMERCADO;20/12/2011;1,0577601
KAPITALO ZETA FIC MULTIMERCADO;21/12/2011;1,0603807
KAPITALO ZETA FIC MULTIMERCADO;22/12/2011;1,0517677
KAPITALO ZETA FIC MULTIMERCADO;23/12/2011;1,0487177
KAPITALO ZETA FIC MULTIMERCADO;26/12/2011;1,0429508
KAPITALO ZETA FIC MULTIMERCADO;27/12/2011;1,03791
KAPITALO ZETA FIC MULTIMERCADO;28/12/2011;1,0372705
KAPITALO ZETA FIC MULTIMERCADO;29/12/2011;1,0408169
KAPITALO ZETA FIC MULTIMERCADO;30/12/2011;1,041152
KAPITALO ZETA FIC MULTIMERCADO;02/01/2012;1,0491092
KAPITALO ZETA FIC MULTIMERCADO;03/01/2012;1,0592429
KAPITALO ZETA FIC MULTIMERCADO;04/01/2012;1,0558544
KAPITALO ZETA FIC MULTIMERCADO;05/01/2012;1,0500803
KAPITALO ZETA FIC MULTIMERCADO;06/01/2012;1,0523897
KAPITALO ZETA FIC MULTIMERCADO;09/01/2012;1,0541098
KAPITALO ZETA FIC MULTIMERCADO;10/01/2012;1,0646466
KAPITALO ZETA FIC MULTIMERCADO;11/01/2012;1,061099
KAPITALO ZETA FIC MULTIMERCADO;12/01/2012;1,0609047
KAPITALO ZETA FIC MULTIMERCADO;13/01/2012;1,0622407
KAPITALO ZETA FIC MULTIMERCADO;16/01/2012;1,0653785
KAPITALO ZETA FIC MULTIMERCADO;17/01/2012;1,0707557
KAPITALO ZETA FIC MULTIMERCADO;18/01/2012;1,0814162
KAPITALO ZETA FIC MULTIMERCADO;19/01/2012;1,0891557
KAPITALO ZETA FIC MULTIMERCADO;20/01/2012;1,1011673
KAPITALO ZETA FIC MULTIMERCADO;23/01/2012;1,100948
KAPITALO ZETA FIC MULTIMERCADO;24/01/2012;1,1000913
KAPITALO ZETA FIC MULTIMERCADO;25/01/2012;1,105345
KAPITALO ZETA FIC MULTIMERCADO;26/01/2012;1,118065
KAPITALO ZETA FIC MULTIMERCADO;27/01/2012;1,1283121
KAPITALO ZETA FIC MULTIMERCADO;30/01/2012;1,1328605
KAPITALO ZETA FIC MULTIMERCADO;31/01/2012;1,1319075
KAPITALO ZETA FIC MULTIMERCADO;01/02/2012;1,142994
KAPITALO ZETA FIC MULTIMERCADO;02/02/2012;1,152505
KAPITALO ZETA FIC MULTIMERCADO;03/02/2012;1,1695089
KAPITALO ZETA FIC MULTIMERCADO;06/02/2012;1,1646706
KAPITALO ZETA FIC MULTIMERCADO;07/02/2012;1,1651723
KAPITALO ZETA FIC MULTIMERCADO;08/02/2012;1,1701086
KAPITALO ZETA FIC MULTIMERCADO;09/02/2012;1,1713861
KAPITALO ZETA FIC MULTIMERCADO;10/02/2012;1,1592598
KAPITALO ZETA FIC MULTIMERCADO;13/02/2012;1,1737282
KAPITALO ZETA FIC MULTIMERCADO;14/02/2012;1,168052
KAPITALO ZETA FIC MULTIMERCADO;15/02/2012;1,1689646
KAPITALO ZETA FIC MULTIMERCADO;16/02/2012;1,1727045
KAPITALO ZETA FIC MULTIMERCADO;17/02/2012;1,1805596
KAPITALO ZETA FIC MULTIMERCADO;22/02/2012;1,1786394
KAPITALO ZETA FIC MULTIMERCADO;23/02/2012;1,1789487
KAPITALO ZETA FIC MULTIMERCADO;24/02/2012;1,1733176
KAPITALO ZETA FIC MULTIMERCADO;27/02/2012;1,1759434
KAPITALO ZETA FIC MULTIMERCADO;28/02/2012;1,1786452
KAPITALO ZETA FIC MULTIMERCADO;29/02/2012;1,1779789
KAPITALO ZETA FIC MULTIMERCADO;01/03/2012;1,1852829
KAPITALO ZETA FIC MULTIMERCADO;02/03/2012;1,1856424
KAPITALO ZETA FIC MULTIMERCADO;05/03/2012;1,1792849
KAPITALO ZETA FIC MULTIMERCADO;06/03/2012;1,1650133
KAPITALO ZETA FIC MULTIMERCADO;07/03/2012;1,1706148
KAPITALO ZETA FIC MULTIMERCADO;08/03/2012;1,1848181
KAPITALO ZETA FIC MULTIMERCADO;09/03/2012;1,1886258
KAPITALO ZETA FIC MULTIMERCADO;12/03/2012;1,1786923
KAPITALO ZETA FIC MULTIMERCADO;13/03/2012;1,1919234
KAPITALO ZETA FIC MULTIMERCADO;14/03/2012;1,18867
KAPITALO ZETA FIC MULTIMERCADO;15/03/2012;1,197723
KAPITALO ZETA FIC MULTIMERCADO;16/03/2012;1,197599
KAPITALO ZETA FIC MULTIMERCADO;19/03/2012;1,1987589
KAPITALO ZETA FIC MULTIMERCADO;20/03/2012;1,1973716
KAPITALO ZETA FIC MULTIMERCADO;21/03/2012;1,1881339
KAPITALO ZETA FIC MULTIMERCADO;22/03/2012;1,1733817
KAPITALO ZETA FIC MULTIMERCADO;23/03/2012;1,176773
KAPITALO ZETA FIC MULTIMERCADO;26/03/2012;1,1840782
KAPITALO ZETA FIC MULTIMERCADO;27/03/2012;1,1759881
KAPITALO ZETA FIC MULTIMERCADO;28/03/2012;1,1706072
KAPITALO ZETA FIC MULTIMERCADO;29/03/2012;1,1668373
KAPITALO ZETA FIC MULTIMERCADO;30/03/2012;1,1685154
KAPITALO ZETA FIC MULTIMERCADO;02/04/2012;1,1746348
KAPITALO ZETA FIC MULTIMERCADO;03/04/2012;1,1731708
KAPITALO ZETA FIC MULTIMERCADO;04/04/2012;1,1721203
KAPITALO ZETA FIC MULTIMERCADO;05/04/2012;1,1661383
KAPITALO ZETA FIC MULTIMERCADO;09/04/2012;1,155018
KAPITALO ZETA FIC MULTIMERCADO;10/04/2012;1,1396415
KAPITALO ZETA FIC MULTIMERCADO;11/04/2012;1,13905
KAPITALO ZETA FIC MULTIMERCADO;12/04/2012;1,144028
KAPITALO ZETA FIC MULTIMERCADO;13/04/2012;1,1379271
KAPITALO ZETA FIC MULTIMERCADO;16/04/2012;1,1352222
KAPITALO ZETA FIC MULTIMERCADO;17/04/2012;1,1486376
KAPITALO ZETA FIC MULTIMERCADO;18/04/2012;1,1468566
KAPITALO ZETA FIC MULTIMERCADO;19/04/2012;1,1451301
KAPITALO ZETA FIC MULTIMERCADO;20/04/2012;1,1473405
KAPITALO ZETA FIC MULTIMERCADO;23/04/2012;1,1445638
KAPITALO ZETA FIC MULTIMERCADO;24/04/2012;1,1465303
KAPITALO ZETA FIC MULTIMERCADO;25/04/2012;1,1455227
KAPITALO ZETA FIC MULTIMERCADO;26/04/2012;1,1486162
KAPITALO ZETA FIC MULTIMERCADO;27/04/2012;1,1534683
KAPITALO ZETA FIC MULTIMERCADO;30/04/2012;1,1505118
KAPITALO ZETA FIC MULTIMERCADO;02/05/2012;1,1593388
KAPITALO ZETA FIC MULTIMERCADO;03/05/2012;1,1567924
KAPITALO ZETA FIC MULTIMERCADO;04/05/2012;1,1543421
KAPITALO ZETA FIC MULTIMERCADO;07/05/2012;1,1579158
KAPITALO ZETA FIC MULTIMERCADO;08/05/2012;1,1471176
KAPITALO ZETA FIC MULTIMERCADO;09/05/2012;1,1367471
KAPITALO ZETA FIC MULTIMERCADO;10/05/2012;1,1439849
KAPITALO ZETA FIC MULTIMERCADO;11/05/2012;1,1415336
KAPITALO ZETA FIC MULTIMERCADO;14/05/2012;1,1307088
KAPITALO ZETA FIC MULTIMERCADO;15/05/2012;1,1284276
KAPITALO ZETA FIC MULTIMERCADO;16/05/2012;1,1329834
KAPITALO ZETA FIC MULTIMERCADO;17/05/2012;1,131882
KAPITALO ZETA FIC MULTIMERCADO;18/05/2012;1,1251263
KAPITALO ZETA FIC MULTIMERCADO;21/05/2012;1,1228638
KAPITALO ZETA FIC MULTIMERCADO;22/05/2012;1,0972964
KAPITALO ZETA FIC MULTIMERCADO;23/05/2012;1,103197
KAPITALO ZETA FIC MULTIMERCADO;24/05/2012;1,0862708
KAPITALO ZETA FIC MULTIMERCADO;25/05/2012;1,098197
KAPITALO ZETA FIC MULTIMERCADO;28/05/2012;1,0996675
KAPITALO ZETA FIC MULTIMERCADO;29/05/2012;1,1087492
KAPITALO ZETA FIC MULTIMERCADO;30/05/2012;1,0856836
KAPITALO ZETA FIC MULTIMERCADO;31/05/2012;1,0888747
KAPITALO ZETA FIC MULTIMERCADO;01/06/2012;1,0927625
KAPITALO ZETA FIC MULTIMERCADO;04/06/2012;1,0931116
KAPITALO ZETA FIC MULTIMERCADO;05/06/2012;1,0960387
KAPITALO ZETA FIC MULTIMERCADO;06/06/2012;1,1000711
KAPITALO ZETA FIC MULTIMERCADO;08/06/2012;1,1160566
KAPITALO ZETA FIC MULTIMERCADO;11/06/2012;1,113128
KAPITALO ZETA FIC MULTIMERCADO;12/06/2012;1,1159421
KAPITALO ZETA FIC MULTIMERCADO;13/06/2012;1,1121341
KAPITALO ZETA FIC MULTIMERCADO;14/06/2012;1,1199379
KAPITALO ZETA FIC MULTIMERCADO;15/06/2012;1,1158897
KAPITALO ZETA FIC MULTIMERCADO;18/06/2012;1,1227433
KAPITALO ZETA FIC MULTIMERCADO;19/06/2012;1,1304137
KAPITALO ZETA FIC MULTIMERCADO;20/06/2012;1,1295237
KAPITALO ZETA FIC MULTIMERCADO;21/06/2012;1,1252784
KAPITALO ZETA FIC MULTIMERCADO;22/06/2012;1,1255746
KAPITALO ZETA FIC MULTIMERCADO;25/06/2012;1,1251697
KAPITALO ZETA FIC MULTIMERCADO;26/06/2012;1,1327579
KAPITALO ZETA FIC MULTIMERCADO;27/06/2012;1,1386619
KAPITALO ZETA FIC MULTIMERCADO;28/06/2012;1,1414441
KAPITALO ZETA FIC MULTIMERCADO;29/06/2012;1,1719108
KAPITALO ZETA FIC MULTIMERCADO;02/07/2012;1,1800145
KAPITALO ZETA FIC MULTIMERCADO;03/07/2012;1,1777698
KAPITALO ZETA FIC MULTIMERCADO;04/07/2012;1,1749205
KAPITALO ZETA FIC MULTIMERCADO;05/07/2012;1,1753986
KAPITALO ZETA FIC MULTIMERCADO;06/07/2012;1,1732382
KAPITALO ZETA FIC MULTIMERCADO;09/07/2012;1,1760704
KAPITALO ZETA FIC MULTIMERCADO;10/07/2012;1,1867741
KAPITALO ZETA FIC MULTIMERCADO;11/07/2012;1,1884717
KAPITALO ZETA FIC MULTIMERCADO;12/07/2012;1,1774286
KAPITALO ZETA FIC MULTIMERCADO;13/07/2012;1,1933501
KAPITALO ZETA FIC MULTIMERCADO;16/07/2012;1,1907521
KAPITALO ZETA FIC MULTIMERCADO;17/07/2012;1,1895594
KAPITALO ZETA FIC MULTIMERCADO;18/07/2012;1,1932707
KAPITALO ZETA FIC MULTIMERCADO;19/07/2012;1,1995992
KAPITALO ZETA FIC MULTIMERCADO;20/07/2012;1,1849797
KAPITALO ZETA FIC MULTIMERCADO;23/07/2012;1,1877352
KAPITALO ZETA FIC MULTIMERCADO;24/07/2012;1,182202
KAPITALO ZETA FIC MULTIMERCADO;25/07/2012;1,1872918
KAPITALO ZETA FIC MULTIMERCADO;26/07/2012;1,1868765
KAPITALO ZETA FIC MULTIMERCADO;27/07/2012;1,1841002
KAPITALO ZETA FIC MULTIMERCADO;30/07/2012;1,168126
KAPITALO ZETA FIC MULTIMERCADO;31/07/2012;1,1664764
KAPITALO ZETA FIC MULTIMERCADO;01/08/2012;1,1876977
KAPITALO ZETA FIC MULTIMERCADO;02/08/2012;1,1889326
KAPITALO ZETA FIC MULTIMERCADO;03/08/2012;1,1949371
KAPITALO ZETA FIC MULTIMERCADO;06/08/2012;1,204172
KAPITALO ZETA FIC MULTIMERCADO;07/08/2012;1,1910307
KAPITALO ZETA FIC MULTIMERCADO;08/08/2012;1,1991824
KAPITALO ZETA FIC MULTIMERCADO;09/08/2012;1,2011764
KAPITALO ZETA FIC MULTIMERCADO;10/08/2012;1,199043
KAPITALO ZETA FIC MULTIMERCADO;13/08/2012;1,1983359
KAPITALO ZETA FIC MULTIMERCADO;14/08/2012;1,1992275
KAPITALO ZETA FIC MULTIMERCADO;15/08/2012;1,1986619
KAPITALO ZETA FIC MULTIMERCADO;16/08/2012;1,1928038
KAPITALO ZETA FIC MULTIMERCADO;17/08/2012;1,1877567
KAPITALO ZETA FIC MULTIMERCADO;20/08/2012;1,1760893
KAPITALO ZETA FIC MULTIMERCADO;21/08/2012;1,1825032
KAPITALO ZETA FIC MULTIMERCADO;22/08/2012;1,1822689
KAPITALO ZETA FIC MULTIMERCADO;23/08/2012;1,1817789
KAPITALO ZETA FIC MULTIMERCADO;24/08/2012;1,1810091
KAPITALO ZETA FIC MULTIMERCADO;27/08/2012;1,1844193
KAPITALO ZETA FIC MULTIMERCADO;28/08/2012;1,1886361
KAPITALO ZETA FIC MULTIMERCADO;29/08/2012;1,1932319
KAPITALO ZETA FIC MULTIMERCADO;30/08/2012;1,1765866
KAPITALO ZETA FIC MULTIMERCADO;31/08/2012;1,1952883
KAPITALO ZETA FIC MULTIMERCADO;03/09/2012;1,2009452
KAPITALO ZETA FIC MULTIMERCADO;04/09/2012;1,2063387
KAPITALO ZETA FIC MULTIMERCADO;05/09/2012;1,2110879
KAPITALO ZETA FIC MULTIMERCADO;06/09/2012;1,2053881
KAPITALO ZETA FIC MULTIMERCADO;10/09/2012;1,2226288
KAPITALO ZETA FIC MULTIMERCADO;11/09/2012;1,2254626
KAPITALO ZETA FIC MULTIMERCADO;12/09/2012;1,2242704
KAPITALO ZETA FIC MULTIMERCADO;13/09/2012;1,245341
KAPITALO ZETA FIC MULTIMERCADO;14/09/2012;1,2491665
KAPITALO ZETA FIC MULTIMERCADO;17/09/2012;1,2463649
KAPITALO ZETA FIC MULTIMERCADO;18/09/2012;1,241251
KAPITALO ZETA FIC MULTIMERCADO;19/09/2012;1,2377671
KAPITALO ZETA FIC MULTIMERCADO;20/09/2012;1,243062
KAPITALO ZETA FIC MULTIMERCADO;21/09/2012;1,2468347
KAPITALO ZETA FIC MULTIMERCADO;24/09/2012;1,2425611
KAPITALO ZETA FIC MULTIMERCADO;25/09/2012;1,2470965
KAPITALO ZETA FIC MULTIMERCADO;26/09/2012;1,2497081
KAPITALO ZETA FIC MULTIMERCADO;27/09/2012;1,2527807
KAPITALO ZETA FIC MULTIMERCADO;28/09/2012;1,2524739
KAPITALO ZETA FIC MULTIMERCADO;01/10/2012;1,2623901
KAPITALO ZETA FIC MULTIMERCADO;02/10/2012;1,2529811
KAPITALO ZETA FIC MULTIMERCADO;03/10/2012;1,2597174
KAPITALO ZETA FIC MULTIMERCADO;04/10/2012;1,2694346
KAPITALO ZETA FIC MULTIMERCADO;05/10/2012;1,2788223
KAPITALO ZETA FIC MULTIMERCADO;08/10/2012;1,2730094
KAPITALO ZETA FIC MULTIMERCADO;09/10/2012;1,2697825
KAPITALO ZETA FIC MULTIMERCADO;10/10/2012;1,268953
KAPITALO ZETA FIC MULTIMERCADO;11/10/2012;1,2706363
KAPITALO ZETA FIC MULTIMERCADO;15/10/2012;1,2786217
KAPITALO ZETA FIC MULTIMERCADO;16/10/2012;1,2764792
KAPITALO ZETA FIC MULTIMERCADO;17/10/2012;1,28851
KAPITALO ZETA FIC MULTIMERCADO;18/10/2012;1,2856632
KAPITALO ZETA FIC MULTIMERCADO;19/10/2012;1,2796475
KAPITALO ZETA FIC MULTIMERCADO;22/10/2012;1,2768067
KAPITALO ZETA FIC MULTIMERCADO;23/10/2012;1,2721711
KAPITALO ZETA FIC MULTIMERCADO;24/10/2012;1,2723442
KAPITALO ZETA FIC MULTIMERCADO;25/10/2012;1,2738817
KAPITALO ZETA FIC MULTIMERCADO;26/10/2012;1,275867
KAPITALO ZETA FIC MULTIMERCADO;29/10/2012;1,2693246
KAPITALO ZETA FIC MULTIMERCADO;30/10/2012;1,2723458
KAPITALO ZETA FIC MULTIMERCADO;31/10/2012;1,2727895
KAPITALO ZETA FIC MULTIMERCADO;01/11/2012;1,2760443
KAPITALO ZETA FIC MULTIMERCADO;05/11/2012;1,2757707
KAPITALO ZETA FIC MULTIMERCADO;06/11/2012;1,2909133
KAPITALO ZETA FIC MULTIMERCADO;07/11/2012;1,2766597
KAPITALO ZETA FIC MULTIMERCADO;08/11/2012;1,267492
KAPITALO ZETA FIC MULTIMERCADO;09/11/2012;1,2674394
KAPITALO ZETA FIC MULTIMERCADO;12/11/2012;1,2648822
KAPITALO ZETA FIC MULTIMERCADO;13/11/2012;1,2616984
KAPITALO ZETA FIC MULTIMERCADO;14/11/2012;1,2496396
KAPITALO ZETA FIC MULTIMERCADO;16/11/2012;1,2558703
KAPITALO ZETA FIC MULTIMERCADO;19/11/2012;1,2710494
KAPITALO ZETA FIC MULTIMERCADO;20/11/2012;1,2727379
KAPITALO ZETA FIC MULTIMERCADO;21/11/2012;1,2692818
KAPITALO ZETA FIC MULTIMERCADO;22/11/2012;1,2688881
KAPITALO ZETA FIC MULTIMERCADO;23/11/2012;1,27918
KAPITALO ZETA FIC MULTIMERCADO;26/11/2012;1,2691732
KAPITALO ZETA FIC MULTIMERCADO;27/11/2012;1,2706472
KAPITALO ZETA FIC MULTIMERCADO;28/11/2012;1,2698288
KAPITALO ZETA FIC MULTIMERCADO;29/11/2012;1,273016
KAPITALO ZETA FIC MULTIMERCADO;30/11/2012;1,277187
KAPITALO ZETA FIC MULTIMERCADO;03/12/2012;1,2715465
KAPITALO ZETA FIC MULTIMERCADO;04/12/2012;1,2728776
KAPITALO ZETA FIC MULTIMERCADO;05/12/2012;1,2745655
KAPITALO ZETA FIC MULTIMERCADO;06/12/2012;1,2835778
KAPITALO ZETA FIC MULTIMERCADO;07/12/2012;1,2908743
KAPITALO ZETA FIC MULTIMERCADO;10/12/2012;1,2908823
KAPITALO ZETA FIC MULTIMERCADO;11/12/2012;1,293593
KAPITALO ZETA FIC MULTIMERCADO;12/12/2012;1,2930103
KAPITALO ZETA FIC MULTIMERCADO;13/12/2012;1,2875375
KAPITALO ZETA FIC MULTIMERCADO;14/12/2012;1,2891131
KAPITALO ZETA FIC MULTIMERCADO;17/12/2012;1,3012071
KAPITALO ZETA FIC MULTIMERCADO;18/12/2012;1,3101424
KAPITALO ZETA FIC MULTIMERCADO;19/12/2012;1,3040946
KAPITALO ZETA FIC MULTIMERCADO;20/12/2012;1,3056612
KAPITALO ZETA FIC MULTIMERCADO;21/12/2012;1,2924821
KAPITALO ZETA FIC MULTIMERCADO;24/12/2012;1,2882784
KAPITALO ZETA FIC MULTIMERCADO;26/12/2012;1,2945642
KAPITALO ZETA FIC MULTIMERCADO;27/12/2012;1,2944437
KAPITALO ZETA FIC MULTIMERCADO;28/12/2012;1,2976567
KAPITALO ZETA FIC MULTIMERCADO;31/12/2012;1,3120642
KAPITALO ZETA FIC MULTIMERCADO;02/01/2013;1,3302305
KAPITALO ZETA FIC MULTIMERCADO;03/01/2013;1,3257946
KAPITALO ZETA FIC MULTIMERCADO;04/01/2013;1,336343
KAPITALO ZETA FIC MULTIMERCADO;07/01/2013;1,332815
KAPITALO ZETA FIC MULTIMERCADO;08/01/2013;1,322343
KAPITALO ZETA FIC MULTIMERCADO;09/01/2013;1,3260209
KAPITALO ZETA FIC MULTIMERCADO;10/01/2013;1,3452312
KAPITALO ZETA FIC MULTIMERCADO;11/01/2013;1,3318353
KAPITALO ZETA FIC MULTIMERCADO;14/01/2013;1,3448638
KAPITALO ZETA FIC MULTIMERCADO;15/01/2013;1,3359281
KAPITALO ZETA FIC MULTIMERCADO;16/01/2013;1,3352359
KAPITALO ZETA FIC MULTIMERCADO;17/01/2013;1,3491941
KAPITALO ZETA FIC MULTIMERCADO;18/01/2013;1,342563
KAPITALO ZETA FIC MULTIMERCADO;21/01/2013;1,3453436
KAPITALO ZETA FIC MULTIMERCADO;22/01/2013;1,3469584
KAPITALO ZETA FIC MULTIMERCADO;23/01/2013;1,347404
KAPITALO ZETA FIC MULTIMERCADO;24/01/2013;1,3472757
KAPITALO ZETA FIC MULTIMERCADO;25/01/2013;1,3425604
KAPITALO ZETA FIC MULTIMERCADO;28/01/2013;1,3501887
KAPITALO ZETA FIC MULTIMERCADO;29/01/2013;1,3637211
KAPITALO ZETA FIC MULTIMERCADO;30/01/2013;1,3570669
KAPITALO ZETA FIC MULTIMERCADO;31/01/2013;1,3649836
KAPITALO ZETA FIC MULTIMERCADO;01/02/2013;1,3789533
KAPITALO ZETA FIC MULTIMERCADO;04/02/2013;1,3675913
KAPITALO ZETA FIC MULTIMERCADO;05/02/2013;1,3719151
KAPITALO ZETA FIC MULTIMERCADO;06/02/2013;1,3663332
KAPITALO ZETA FIC MULTIMERCADO;07/02/2013;1,3579334
KAPITALO ZETA FIC MULTIMERCADO;08/02/2013;1,3670873
KAPITALO ZETA FIC MULTIMERCADO;13/02/2013;1,3728735
KAPITALO ZETA FIC MULTIMERCADO;14/02/2013;1,378332
KAPITALO ZETA FIC MULTIMERCADO;15/02/2013;1,3752164
KAPITALO ZETA FIC MULTIMERCADO;18/02/2013;1,3771737
KAPITALO ZETA FIC MULTIMERCADO;19/02/2013;1,3742234
KAPITALO ZETA FIC MULTIMERCADO;20/02/2013;1,3696328
KAPITALO ZETA FIC MULTIMERCADO;21/02/2013;1,3608189
KAPITALO ZETA FIC MULTIMERCADO;22/02/2013;1,3744625
KAPITALO ZETA FIC MULTIMERCADO;25/02/2013;1,3620689
KAPITALO ZETA FIC MULTIMERCADO;26/02/2013;1,3587088
KAPITALO ZETA FIC MULTIMERCADO;27/02/2013;1,364011
KAPITALO ZETA FIC MULTIMERCADO;28/02/2013;1,355582
KAPITALO ZETA FIC MULTIMERCADO;01/03/2013;1,3539139
KAPITALO ZETA FIC MULTIMERCADO;04/03/2013;1,3559028
KAPITALO ZETA FIC MULTIMERCADO;05/03/2013;1,3616852
KAPITALO ZETA FIC MULTIMERCADO;06/03/2013;1,3549368
KAPITALO ZETA FIC MULTIMERCADO;07/03/2013;1,3564882
KAPITALO ZETA FIC MULTIMERCADO;08/03/2013;1,375628
KAPITALO ZETA FIC MULTIMERCADO;11/03/2013;1,3881392
KAPITALO ZETA FIC MULTIMERCADO;12/03/2013;1,3924199
KAPITALO ZETA FIC MULTIMERCADO;13/03/2013;1,3986617
KAPITALO ZETA FIC MULTIMERCADO;14/03/2013;1,3957541
KAPITALO ZETA FIC MULTIMERCADO;15/03/2013;1,3972188
KAPITALO ZETA FIC MULTIMERCADO;18/03/2013;1,395371
KAPITALO ZETA FIC MULTIMERCADO;19/03/2013;1,3877068
KAPITALO ZETA FIC MULTIMERCADO;20/03/2013;1,3896999
KAPITALO ZETA FIC MULTIMERCADO;21/03/2013;1,3947589
KAPITALO ZETA FIC MULTIMERCADO;22/03/2013;1,3966693
KAPITALO ZETA FIC MULTIMERCADO;25/03/2013;1,3951118
KAPITALO ZETA FIC MULTIMERCADO;26/03/2013;1,4008526
KAPITALO ZETA FIC MULTIMERCADO;27/03/2013;1,3982352
KAPITALO ZETA FIC MULTIMERCADO;28/03/2013;1,3999143
KAPITALO ZETA FIC MULTIMERCADO;01/04/2013;1,394634
KAPITALO ZETA FIC MULTIMERCADO;02/04/2013;1,4040174
KAPITALO ZETA FIC MULTIMERCADO;03/04/2013;1,3880387
KAPITALO ZETA FIC MULTIMERCADO;04/04/2013;1,3833999
KAPITALO ZETA FIC MULTIMERCADO;05/04/2013;1,4035441
KAPITALO ZETA FIC MULTIMERCADO;08/04/2013;1,4055908
KAPITALO ZETA FIC MULTIMERCADO;09/04/2013;1,4060259
KAPITALO ZETA FIC MULTIMERCADO;10/04/2013;1,410932
KAPITALO ZETA FIC MULTIMERCADO;11/04/2013;1,4111034
KAPITALO ZETA FIC MULTIMERCADO;12/04/2013;1,4038454
KAPITALO ZETA FIC MULTIMERCADO;15/04/2013;1,3953995
KAPITALO ZETA FIC MULTIMERCADO;16/04/2013;1,4039097
KAPITALO ZETA FIC MULTIMERCADO;17/04/2013;1,3870887
KAPITALO ZETA FIC MULTIMERCADO;18/04/2013;1,3938916
KAPITALO ZETA FIC MULTIMERCADO;19/04/2013;1,4044606
KAPITALO ZETA FIC MULTIMERCADO;22/04/2013;1,4006834
KAPITALO ZETA FIC MULTIMERCADO;23/04/2013;1,4039867
KAPITALO ZETA FIC MULTIMERCADO;24/04/2013;1,4056492
KAPITALO ZETA FIC MULTIMERCADO;25/04/2013;1,4092504
KAPITALO ZETA FIC MULTIMERCADO;26/04/2013;1,4061146
KAPITALO ZETA FIC MULTIMERCADO;29/04/2013;1,4087007
KAPITALO ZETA FIC MULTIMERCADO;30/04/2013;1,4040979
KAPITALO ZETA FIC MULTIMERCADO;02/05/2013;1,4088105
KAPITALO ZETA FIC MULTIMERCADO;03/05/2013;1,4262169
KAPITALO ZETA FIC MULTIMERCADO;06/05/2013;1,4262045
KAPITALO ZETA FIC MULTIMERCADO;07/05/2013;1,4344702
KAPITALO ZETA FIC MULTIMERCADO;08/05/2013;1,4348334
KAPITALO ZETA FIC MULTIMERCADO;09/05/2013;1,4317393
KAPITALO ZETA FIC MULTIMERCADO;10/05/2013;1,4333475
KAPITALO ZETA FIC MULTIMERCADO;13/05/2013;1,4359377
KAPITALO ZETA FIC MULTIMERCADO;14/05/2013;1,4400675
KAPITALO ZETA FIC MULTIMERCADO;15/05/2013;1,4413431
KAPITALO ZETA FIC MULTIMERCADO;16/05/2013;1,4317613
KAPITALO ZETA FIC MULTIMERCADO;17/05/2013;1,4415473
KAPITALO ZETA FIC MULTIMERCADO;20/05/2013;1,4406474
KAPITALO ZETA FIC MULTIMERCADO;21/05/2013;1,441068
KAPITALO ZETA FIC MULTIMERCADO;22/05/2013;1,4490103
KAPITALO ZETA FIC MULTIMERCADO;23/05/2013;1,4403501
KAPITALO ZETA FIC MULTIMERCADO;24/05/2013;1,4338035
KAPITALO ZETA FIC MULTIMERCADO;27/05/2013;1,4340937
KAPITALO ZETA FIC MULTIMERCADO;28/05/2013;1,4371496
KAPITALO ZETA FIC MULTIMERCADO;29/05/2013;1,433393
KAPITALO ZETA FIC MULTIMERCADO;31/05/2013;1,4185394
KAPITALO ZETA FIC MULTIMERCADO;03/06/2013;1,4140524
KAPITALO ZETA FIC MULTIMERCADO;04/06/2013;1,4153316
KAPITALO ZETA FIC MULTIMERCADO;05/06/2013;1,3978127
KAPITALO ZETA FIC MULTIMERCADO;06/06/2013;1,4008769
KAPITALO ZETA FIC MULTIMERCADO;07/06/2013;1,4106558
KAPITALO ZETA FIC MULTIMERCADO;10/06/2013;1,3991919
KAPITALO ZETA FIC MULTIMERCADO;11/06/2013;1,3771296
KAPITALO ZETA FIC MULTIMERCADO;12/06/2013;1,3575157
KAPITALO ZETA FIC MULTIMERCADO;13/06/2013;1,3849597
KAPITALO ZETA FIC MULTIMERCADO;14/06/2013;1,3737901
KAPITALO ZETA FIC MULTIMERCADO;17/06/2013;1,3356284
KAPITALO ZETA FIC MULTIMERCADO;18/06/2013;1,3088298
KAPITALO ZETA FIC MULTIMERCADO;19/06/2013;1,3117208
KAPITALO ZETA FIC MULTIMERCADO;20/06/2013;1,3358924
KAPITALO ZETA FIC MULTIMERCADO;21/06/2013;1,3230503
KAPITALO ZETA FIC MULTIMERCADO;24/06/2013;1,3368081
KAPITALO ZETA FIC MULTIMERCADO;25/06/2013;1,3658098
KAPITALO ZETA FIC MULTIMERCADO;26/06/2013;1,3614366
KAPITALO ZETA FIC MULTIMERCADO;27/06/2013;1,3802254
KAPITALO ZETA FIC MULTIMERCADO;28/06/2013;1,3767585
KAPITALO ZETA FIC MULTIMERCADO;01/07/2013;1,3921329
KAPITALO ZETA FIC MULTIMERCADO;02/07/2013;1,3918315
KAPITALO ZETA FIC MULTIMERCADO;03/07/2013;1,3972639
KAPITALO ZETA FIC MULTIMERCADO;04/07/2013;1,3997029
KAPITALO ZETA FIC MULTIMERCADO;05/07/2013;1,4018052
KAPITALO ZETA FIC MULTIMERCADO;08/07/2013;1,4075495
KAPITALO ZETA FIC MULTIMERCADO;09/07/2013;1,4074956
KAPITALO ZETA FIC MULTIMERCADO;10/07/2013;1,4077186
KAPITALO ZETA FIC MULTIMERCADO;11/07/2013;1,4120537
KAPITALO ZETA FIC MULTIMERCADO;12/07/2013;1,4003952
KAPITALO ZETA FIC MULTIMERCADO;15/07/2013;1,4116485
KAPITALO ZETA FIC MULTIMERCADO;16/07/2013;1,4340389
KAPITALO ZETA FIC MULTIMERCADO;17/07/2013;1,4504737
KAPITALO ZETA FIC MULTIMERCADO;18/07/2013;1,4576662
KAPITALO ZETA FIC MULTIMERCADO;19/07/2013;1,4632886
KAPITALO ZETA FIC MULTIMERCADO;22/07/2013;1,4622666
KAPITALO ZETA FIC MULTIMERCADO;23/07/2013;1,4678843
KAPITALO ZETA FIC MULTIMERCADO;24/07/2013;1,4596837
KAPITALO ZETA FIC MULTIMERCADO;25/07/2013;1,4617863
KAPITALO ZETA FIC MULTIMERCADO;26/07/2013;1,4550381
KAPITALO ZETA FIC MULTIMERCADO;29/07/2013;1,448982
KAPITALO ZETA FIC MULTIMERCADO;30/07/2013;1,4349351
KAPITALO ZETA FIC MULTIMERCADO;31/07/2013;1,4328148
KAPITALO ZETA FIC MULTIMERCADO;01/08/2013;1,4188291
KAPITALO ZETA FIC MULTIMERCADO;02/08/2013;1,4317778
KAPITALO ZETA FIC MULTIMERCADO;05/08/2013;1,4354563
KAPITALO ZETA FIC MULTIMERCADO;06/08/2013;1,4275025
KAPITALO ZETA FIC MULTIMERCADO;07/08/2013;1,4373431
KAPITALO ZETA FIC MULTIMERCADO;08/08/2013;1,4419308
KAPITALO ZETA FIC MULTIMERCADO;09/08/2013;1,4476609
KAPITALO ZETA FIC MULTIMERCADO;12/08/2013;1,4380017
KAPITALO ZETA FIC MULTIMERCADO;13/08/2013;1,4307763
KAPITALO ZETA FIC MULTIMERCADO;14/08/2013;1,4100889
KAPITALO ZETA FIC MULTIMERCADO;15/08/2013;1,4053006
KAPITALO ZETA FIC MULTIMERCADO;16/08/2013;1,3932141
KAPITALO ZETA FIC MULTIMERCADO;19/08/2013;1,3622101
KAPITALO ZETA FIC MULTIMERCADO;20/08/2013;1,3858513
KAPITALO ZETA FIC MULTIMERCADO;21/08/2013;1,3727059
KAPITALO ZETA FIC MULTIMERCADO;22/08/2013;1,3794619
KAPITALO ZETA FIC MULTIMERCADO;23/08/2013;1,3938822
KAPITALO ZETA FIC MULTIMERCADO;26/08/2013;1,3953196
KAPITALO ZETA FIC MULTIMERCADO;27/08/2013;1,3873242
KAPITALO ZETA FIC MULTIMERCADO;28/08/2013;1,3964656
KAPITALO ZETA FIC MULTIMERCADO;29/08/2013;1,3738404
KAPITALO ZETA FIC MULTIMERCADO;30/08/2013;1,3555907
KAPITALO ZETA FIC MULTIMERCADO;02/09/2013;1,3679265
KAPITALO ZETA FIC MULTIMERCADO;03/09/2013;1,3593959
KAPITALO ZETA FIC MULTIMERCADO;04/09/2013;1,3659907
KAPITALO ZETA FIC MULTIMERCADO;05/09/2013;1,368019
KAPITALO ZETA FIC MULTIMERCADO;06/09/2013;1,390086
KAPITALO ZETA FIC MULTIMERCADO;09/09/2013;1,3896403
KAPITALO ZETA FIC MULTIMERCADO;10/09/2013;1,3860254
KAPITALO ZETA FIC MULTIMERCADO;11/09/2013;1,3774005
KAPITALO ZETA FIC MULTIMERCADO;12/09/2013;1,3722153
KAPITALO ZETA FIC MULTIMERCADO;13/09/2013;1,3736529
KAPITALO ZETA FIC MULTIMERCADO;16/09/2013;1,3756341
KAPITALO ZETA FIC MULTIMERCADO;17/09/2013;1,3829
KAPITALO ZETA FIC MULTIMERCADO;18/09/2013;1,4008174
KAPITALO ZETA FIC MULTIMERCADO;19/09/2013;1,4175571
KAPITALO ZETA FIC MULTIMERCADO;20/09/2013;1,414655
KAPITALO ZETA FIC MULTIMERCADO;23/09/2013;1,3987505
KAPITALO ZETA FIC MULTIMERCADO;24/09/2013;1,4082343
KAPITALO ZETA FIC MULTIMERCADO;25/09/2013;1,4185218
KAPITALO ZETA FIC MULTIMERCADO;26/09/2013;1,4093984
KAPITALO ZETA FIC MULTIMERCADO;27/09/2013;1,3997797
KAPITALO ZETA FIC MULTIMERCADO;30/09/2013;1,3965682
KAPITALO ZETA FIC MULTIMERCADO;01/10/2013;1,3728781
KAPITALO ZETA FIC MULTIMERCADO;02/10/2013;1,3775875
KAPITALO ZETA FIC MULTIMERCADO;03/10/2013;1,3835564
KAPITALO ZETA FIC MULTIMERCADO;04/10/2013;1,3950514
KAPITALO ZETA FIC MULTIMERCADO;07/10/2013;1,4082715
KAPITALO ZETA FIC MULTIMERCADO;08/10/2013;1,3955701
KAPITALO ZETA FIC MULTIMERCADO;09/10/2013;1,3996768
KAPITALO ZETA FIC MULTIMERCADO;10/10/2013;1,3991441
KAPITALO ZETA FIC MULTIMERCADO;11/10/2013;1,3912429
KAPITALO ZETA FIC MULTIMERCADO;14/10/2013;1,4016745
KAPITALO ZETA FIC MULTIMERCADO;15/10/2013;1,395821
KAPITALO ZETA FIC MULTIMERCADO;16/10/2013;1,404702
KAPITALO ZETA FIC MULTIMERCADO;17/10/2013;1,4064213
KAPITALO ZETA FIC MULTIMERCADO;18/10/2013;1,4034607
KAPITALO ZETA FIC MULTIMERCADO;21/10/2013;1,4043047
KAPITALO ZETA FIC MULTIMERCADO;22/10/2013;1,4037126
KAPITALO ZETA FIC MULTIMERCADO;23/10/2013;1,4001251
KAPITALO ZETA FIC MULTIMERCADO;24/10/2013;1,4021284
KAPITALO ZETA FIC MULTIMERCADO;25/10/2013;1,4128588
KAPITALO ZETA FIC MULTIMERCADO;28/10/2013;1,4103685
KAPITALO ZETA FIC MULTIMERCADO;29/10/2013;1,4100913
KAPITALO ZETA FIC MULTIMERCADO;30/10/2013;1,419732
KAPITALO ZETA FIC MULTIMERCADO;31/10/2013;1,4070482
KAPITALO ZETA FIC MULTIMERCADO;01/11/2013;1,4112916
KAPITALO ZETA FIC MULTIMERCADO;04/11/2013;1,4246376
KAPITALO ZETA FIC MULTIMERCADO;05/11/2013;1,4213382
KAPITALO ZETA FIC MULTIMERCADO;06/11/2013;1,4178224
KAPITALO ZETA FIC MULTIMERCADO;07/11/2013;1,4027656
KAPITALO ZETA FIC MULTIMERCADO;08/11/2013;1,3882696
KAPITALO ZETA FIC MULTIMERCADO;11/11/2013;1,404512
KAPITALO ZETA FIC MULTIMERCADO;12/11/2013;1,3960232
KAPITALO ZETA FIC MULTIMERCADO;13/11/2013;1,4160348
KAPITALO ZETA FIC MULTIMERCADO;14/11/2013;1,4216768
KAPITALO ZETA FIC MULTIMERCADO;18/11/2013;1,4117621
KAPITALO ZETA FIC MULTIMERCADO;19/11/2013;1,4217775
KAPITALO ZETA FIC MULTIMERCADO;20/11/2013;1,418859
KAPITALO ZETA FIC MULTIMERCADO;21/11/2013;1,416595
KAPITALO ZETA FIC MULTIMERCADO;22/11/2013;1,4152491
KAPITALO ZETA FIC MULTIMERCADO;25/11/2013;1,404618
KAPITALO ZETA FIC MULTIMERCADO;26/11/2013;1,4119106
KAPITALO ZETA FIC MULTIMERCADO;27/11/2013;1,4274597
KAPITALO ZETA FIC MULTIMERCADO;28/11/2013;1,4353207
KAPITALO ZETA FIC MULTIMERCADO;29/11/2013;1,4435245
KAPITALO ZETA FIC MULTIMERCADO;02/12/2013;1,4289716
KAPITALO ZETA FIC MULTIMERCADO;03/12/2013;1,433458
KAPITALO ZETA FIC MULTIMERCADO;04/12/2013;1,4403467
KAPITALO ZETA FIC MULTIMERCADO;05/12/2013;1,4431221
KAPITALO ZETA FIC MULTIMERCADO;06/12/2013;1,4638886
KAPITALO ZETA FIC MULTIMERCADO;09/12/2013;1,4521641
KAPITALO ZETA FIC MULTIMERCADO;10/12/2013;1,4524193
KAPITALO ZETA FIC MULTIMERCADO;11/12/2013;1,4512468
KAPITALO ZETA FIC MULTIMERCADO;12/12/2013;1,4606598
KAPITALO ZETA FIC MULTIMERCADO;13/12/2013;1,4574725
KAPITALO ZETA FIC MULTIMERCADO;16/12/2013;1,4643853
KAPITALO ZETA FIC MULTIMERCADO;17/12/2013;1,4715351
KAPITALO ZETA FIC MULTIMERCADO;18/12/2013;1,4654334
KAPITALO ZETA FIC MULTIMERCADO;19/12/2013;1,4849342
KAPITALO ZETA FIC MULTIMERCADO;20/12/2013;1,5028946
KAPITALO ZETA FIC MULTIMERCADO;23/12/2013;1,4964463
KAPITALO ZETA FIC MULTIMERCADO;24/12/2013;1,500424
KAPITALO ZETA FIC MULTIMERCADO;26/12/2013;1,5160199
KAPITALO ZETA FIC MULTIMERCADO;27/12/2013;1,5127593
KAPITALO ZETA FIC MULTIMERCADO;30/12/2013;1,5182564
KAPITALO ZETA FIC MULTIMERCADO;31/12/2013;1,5203483
KAPITALO ZETA FIC MULTIMERCADO;02/01/2014;1,5148265
KAPITALO ZETA FIC MULTIMERCADO;03/01/2014;1,5189751
KAPITALO ZETA FIC MULTIMERCADO;06/01/2014;1,5127484
KAPITALO ZETA FIC MULTIMERCADO;07/01/2014;1,5210393
KAPITALO ZETA FIC MULTIMERCADO;08/01/2014;1,5349912
KAPITALO ZETA FIC MULTIMERCADO;09/01/2014;1,5337834
KAPITALO ZETA FIC MULTIMERCADO;10/01/2014;1,532496
KAPITALO ZETA FIC MULTIMERCADO;13/01/2014;1,5221246
KAPITALO ZETA FIC MULTIMERCADO;14/01/2014;1,5302806
KAPITALO ZETA FIC MULTIMERCADO;15/01/2014;1,5394343
KAPITALO ZETA FIC MULTIMERCADO;16/01/2014;1,5463163
KAPITALO ZETA FIC MULTIMERCADO;17/01/2014;1,5436052
KAPITALO ZETA FIC MULTIMERCADO;20/01/2014;1,5463815
KAPITALO ZETA FIC MULTIMERCADO;21/01/2014;1,5459822
KAPITALO ZETA FIC MULTIMERCADO;22/01/2014;1,5502143
KAPITALO ZETA FIC MULTIMERCADO;23/01/2014;1,541344
KAPITALO ZETA FIC MULTIMERCADO;24/01/2014;1,524458
KAPITALO ZETA FIC MULTIMERCADO;27/01/2014;1,5325554
KAPITALO ZETA FIC MULTIMERCADO;28/01/2014;1,5352058
KAPITALO ZETA FIC MULTIMERCADO;29/01/2014;1,5367916
KAPITALO ZETA FIC MULTIMERCADO;30/01/2014;1,5398633
KAPITALO ZETA FIC MULTIMERCADO;31/01/2014;1,5376187
KAPITALO ZETA FIC MULTIMERCADO;03/02/2014;1,5072529
KAPITALO ZETA FIC MULTIMERCADO;04/02/2014;1,5283307
KAPITALO ZETA FIC MULTIMERCADO;05/02/2014;1,5383528
KAPITALO ZETA FIC MULTIMERCADO;06/02/2014;1,5544921
KAPITALO ZETA FIC MULTIMERCADO;07/02/2014;1,5574602
KAPITALO ZETA FIC MULTIMERCADO;10/02/2014;1,5591426
KAPITALO ZETA FIC MULTIMERCADO;11/02/2014;1,5736331
KAPITALO ZETA FIC MULTIMERCADO;12/02/2014;1,5718113
KAPITALO ZETA FIC MULTIMERCADO;13/02/2014;1,5727757
KAPITALO ZETA FIC MULTIMERCADO;14/02/2014;1,5813507
KAPITALO ZETA FIC MULTIMERCADO;17/02/2014;1,5821289
KAPITALO ZETA FIC MULTIMERCADO;18/02/2014;1,5863389
KAPITALO ZETA FIC MULTIMERCADO;19/02/2014;1,5877825
KAPITALO ZETA FIC MULTIMERCADO;20/02/2014;1,6052505
KAPITALO ZETA FIC MULTIMERCADO;21/02/2014;1,6121156
KAPITALO ZETA FIC MULTIMERCADO;24/02/2014;1,6109083
KAPITALO ZETA FIC MULTIMERCADO;25/02/2014;1,6059648
KAPITALO ZETA FIC MULTIMERCADO;26/02/2014;1,6091333
KAPITALO ZETA FIC MULTIMERCADO;27/02/2014;1,6035273
KAPITALO ZETA FIC MULTIMERCADO;28/02/2014;1,5868445
KAPITALO ZETA FIC MULTIMERCADO;05/03/2014;1,5857154
KAPITALO ZETA FIC MULTIMERCADO;06/03/2014;1,5861897
KAPITALO ZETA FIC MULTIMERCADO;07/03/2014;1,5749838
KAPITALO ZETA FIC MULTIMERCADO;10/03/2014;1,5611281
KAPITALO ZETA FIC MULTIMERCADO;11/03/2014;1,5643101
KAPITALO ZETA FIC MULTIMERCADO;12/03/2014;1,571309
KAPITALO ZETA FIC MULTIMERCADO;13/03/2014;1,5732104
KAPITALO ZETA FIC MULTIMERCADO;14/03/2014;1,5670517
KAPITALO ZETA FIC MULTIMERCADO;17/03/2014;1,568676
KAPITALO ZETA FIC MULTIMERCADO;18/03/2014;1,5643713
KAPITALO ZETA FIC MULTIMERCADO;19/03/2014;1,5735674
KAPITALO ZETA FIC MULTIMERCADO;20/03/2014;1,5741524
KAPITALO ZETA FIC MULTIMERCADO;21/03/2014;1,5803679
KAPITALO ZETA FIC MULTIMERCADO;24/03/2014;1,5878238
KAPITALO ZETA FIC MULTIMERCADO;25/03/2014;1,5981978
KAPITALO ZETA FIC MULTIMERCADO;26/03/2014;1,5917334
KAPITALO ZETA FIC MULTIMERCADO;27/03/2014;1,5905359
KAPITALO ZETA FIC MULTIMERCADO;28/03/2014;1,5806682
KAPITALO ZETA FIC MULTIMERCADO;31/03/2014;1,5855856
KAPITALO ZETA FIC MULTIMERCADO;01/04/2014;1,5912768
KAPITALO ZETA FIC MULTIMERCADO;02/04/2014;1,5963543
KAPITALO ZETA FIC MULTIMERCADO;03/04/2014;1,6033227
KAPITALO ZETA FIC MULTIMERCADO;04/04/2014;1,6062305
KAPITALO ZETA FIC MULTIMERCADO;07/04/2014;1,5986476
KAPITALO ZETA FIC MULTIMERCADO;08/04/2014;1,6060942
KAPITALO ZETA FIC MULTIMERCADO;09/04/2014;1,5952073
KAPITALO ZETA FIC MULTIMERCADO;10/04/2014;1,5895248
KAPITALO ZETA FIC MULTIMERCADO;11/04/2014;1,5795435
KAPITALO ZETA FIC MULTIMERCADO;14/04/2014;1,5776589
KAPITALO ZETA FIC MULTIMERCADO;15/04/2014;1,5831241
KAPITALO ZETA FIC MULTIMERCADO;16/04/2014;1,5900561
KAPITALO ZETA FIC MULTIMERCADO;17/04/2014;1,6019467
KAPITALO ZETA FIC MULTIMERCADO;22/04/2014;1,6066699
KAPITALO ZETA FIC MULTIMERCADO;23/04/2014;1,6030253
KAPITALO ZETA FIC MULTIMERCADO;24/04/2014;1,6059514
KAPITALO ZETA FIC MULTIMERCADO;25/04/2014;1,6099255
KAPITALO ZETA FIC MULTIMERCADO;28/04/2014;1,6075633
KAPITALO ZETA FIC MULTIMERCADO;29/04/2014;1,6103293
KAPITALO ZETA FIC MULTIMERCADO;30/04/2014;1,605486
KAPITALO ZETA FIC MULTIMERCADO;02/05/2014;1,6226538
KAPITALO ZETA FIC MULTIMERCADO;05/05/2014;1,6190768
KAPITALO ZETA FIC MULTIMERCADO;06/05/2014;1,6057218
KAPITALO ZETA FIC MULTIMERCADO;07/05/2014;1,6086046
KAPITALO ZETA FIC MULTIMERCADO;08/05/2014;1,6059231
KAPITALO ZETA FIC MULTIMERCADO;09/05/2014;1,6089748
KAPITALO ZETA FIC MULTIMERCADO;12/05/2014;1,6123298
KAPITALO ZETA FIC MULTIMERCADO;13/05/2014;1,6190985
KAPITALO ZETA FIC MULTIMERCADO;14/05/2014;1,619505
KAPITALO ZETA FIC MULTIMERCADO;15/05/2014;1,6145819
KAPITALO ZETA FIC MULTIMERCADO;16/05/2014;1,6230381
KAPITALO ZETA FIC MULTIMERCADO;19/05/2014;1,6237208
KAPITALO ZETA FIC MULTIMERCADO;20/05/2014;1,622163
KAPITALO ZETA FIC MULTIMERCADO;21/05/2014;1,6191922
KAPITALO ZETA FIC MULTIMERCADO;22/05/2014;1,6287394
KAPITALO ZETA FIC MULTIMERCADO;23/05/2014;1,6295431
KAPITALO ZETA FIC MULTIMERCADO;26/05/2014;1,6320109
KAPITALO ZETA FIC MULTIMERCADO;27/05/2014;1,6320263
KAPITALO ZETA FIC MULTIMERCADO;28/05/2014;1,6265909
KAPITALO ZETA FIC MULTIMERCADO;29/05/2014;1,6421976
KAPITALO ZETA FIC MULTIMERCADO;30/05/2014;1,6413154
KAPITALO ZETA FIC MULTIMERCADO;02/06/2014;1,6532574
KAPITALO ZETA FIC MULTIMERCADO;03/06/2014;1,6435888
KAPITALO ZETA FIC MULTIMERCADO;04/06/2014;1,6507909
KAPITALO ZETA FIC MULTIMERCADO;05/06/2014;1,6566913
KAPITALO ZETA FIC MULTIMERCADO;06/06/2014;1,6780853
KAPITALO ZETA FIC MULTIMERCADO;09/06/2014;1,6742285
KAPITALO ZETA FIC MULTIMERCADO;10/06/2014;1,6735293
KAPITALO ZETA FIC MULTIMERCADO;11/06/2014;1,6824837
KAPITALO ZETA FIC MULTIMERCADO;12/06/2014;1,6794605
KAPITALO ZETA FIC MULTIMERCADO;13/06/2014;1,6904234
KAPITALO ZETA FIC MULTIMERCADO;16/06/2014;1,6860206
KAPITALO ZETA FIC MULTIMERCADO;17/06/2014;1,6862723
KAPITALO ZETA FIC MULTIMERCADO;18/06/2014;1,6942131
KAPITALO ZETA FIC MULTIMERCADO;20/06/2014;1,6954647
KAPITALO ZETA FIC MULTIMERCADO;23/06/2014;1,691311
KAPITALO ZETA FIC MULTIMERCADO;24/06/2014;1,6927384
KAPITALO ZETA FIC MULTIMERCADO;25/06/2014;1,6960369
KAPITALO ZETA FIC MULTIMERCADO;26/06/2014;1,6941068
KAPITALO ZETA FIC MULTIMERCADO;27/06/2014;1,6800753
KAPITALO ZETA FIC MULTIMERCADO;30/06/2014;1,6707849
KAPITALO ZETA FIC MULTIMERCADO;01/07/2014;1,6837136
KAPITALO ZETA FIC MULTIMERCADO;02/07/2014;1,6814701
KAPITALO ZETA FIC MULTIMERCADO;03/07/2014;1,6934779
KAPITALO ZETA FIC MULTIMERCADO;04/07/2014;1,6943784
KAPITALO ZETA FIC MULTIMERCADO;07/07/2014;1,6995095
KAPITALO ZETA FIC MULTIMERCADO;08/07/2014;1,7004302
KAPITALO ZETA FIC MULTIMERCADO;09/07/2014;1,6981723
KAPITALO ZETA FIC MULTIMERCADO;10/07/2014;1,6878483
KAPITALO ZETA FIC MULTIMERCADO;11/07/2014;1,6879882
KAPITALO ZETA FIC MULTIMERCADO;14/07/2014;1,701669
KAPITALO ZETA FIC MULTIMERCADO;15/07/2014;1,6988889
KAPITALO ZETA FIC MULTIMERCADO;16/07/2014;1,7078287
KAPITALO ZETA FIC MULTIMERCADO;17/07/2014;1,7157677
KAPITALO ZETA FIC MULTIMERCADO;18/07/2014;1,7309574
KAPITALO ZETA FIC MULTIMERCADO;21/07/2014;1,7335413
KAPITALO ZETA FIC MULTIMERCADO;22/07/2014;1,7509655
KAPITALO ZETA FIC MULTIMERCADO;23/07/2014;1,7436892
KAPITALO ZETA FIC MULTIMERCADO;24/07/2014;1,7363253
KAPITALO ZETA FIC MULTIMERCADO;25/07/2014;1,7376588
KAPITALO ZETA FIC MULTIMERCADO;28/07/2014;1,7302118
KAPITALO ZETA FIC MULTIMERCADO;29/07/2014;1,7304529
KAPITALO ZETA FIC MULTIMERCADO;30/07/2014;1,7163176
KAPITALO ZETA FIC MULTIMERCADO;31/07/2014;1,7160681
KAPITALO ZETA FIC MULTIMERCADO;01/08/2014;1,6893272
KAPITALO ZETA FIC MULTIMERCADO;04/08/2014;1,6935865
KAPITALO ZETA FIC MULTIMERCADO;05/08/2014;1,672233
KAPITALO ZETA FIC MULTIMERCADO;06/08/2014;1,6896373
KAPITALO ZETA FIC MULTIMERCADO;07/08/2014;1,6776543
KAPITALO ZETA FIC MULTIMERCADO;08/08/2014;1,697649
KAPITALO ZETA FIC MULTIMERCADO;11/08/2014;1,7132
KAPITALO ZETA FIC MULTIMERCADO;12/08/2014;1,7115328
KAPITALO ZETA FIC MULTIMERCADO;13/08/2014;1,6937615
KAPITALO ZETA FIC MULTIMERCADO;14/08/2014;1,7036702
KAPITALO ZETA FIC MULTIMERCADO;15/08/2014;1,7259331
KAPITALO ZETA FIC MULTIMERCADO;18/08/2014;1,7442518
KAPITALO ZETA FIC MULTIMERCADO;19/08/2014;1,7472488
KAPITALO ZETA FIC MULTIMERCADO;20/08/2014;1,750181
KAPITALO ZETA FIC MULTIMERCADO;21/08/2014;1,7353582
KAPITALO ZETA FIC MULTIMERCADO;22/08/2014;1,7515681
KAPITALO ZETA FIC MULTIMERCADO;25/08/2014;1,7635333
KAPITALO ZETA FIC MULTIMERCADO;26/08/2014;1,7669024
KAPITALO ZETA FIC MULTIMERCADO;27/08/2014;1,7594265
KAPITALO ZETA FIC MULTIMERCADO;28/08/2014;1,7652038
KAPITALO ZETA FIC MULTIMERCADO;29/08/2014;1,7816921
KAPITALO ZETA FIC MULTIMERCADO;01/09/2014;1,7778788
KAPITALO ZETA FIC MULTIMERCADO;02/09/2014;1,8028092
KAPITALO ZETA FIC MULTIMERCADO;03/09/2014;1,7989567
KAPITALO ZETA FIC MULTIMERCADO;04/09/2014;1,7824512
KAPITALO ZETA FIC MULTIMERCADO;05/09/2014;1,7795587
KAPITALO ZETA FIC MULTIMERCADO;08/09/2014;1,7655993
KAPITALO ZETA FIC MULTIMERCADO;09/09/2014;1,7344456
KAPITALO ZETA FIC MULTIMERCADO;10/09/2014;1,728489
KAPITALO ZETA FIC MULTIMERCADO;11/09/2014;1,7488767
KAPITALO ZETA FIC MULTIMERCADO;12/09/2014;1,7194207
KAPITALO ZETA FIC MULTIMERCADO;15/09/2014;1,7431426
KAPITALO ZETA FIC MULTIMERCADO;16/09/2014;1,7525487
KAPITALO ZETA FIC MULTIMERCADO;17/09/2014;1,7588017
KAPITALO ZETA FIC MULTIMERCADO;18/09/2014;1,7439001
KAPITALO ZETA FIC MULTIMERCADO;19/09/2014;1,7387231
KAPITALO ZETA FIC MULTIMERCADO;22/09/2014;1,7109708
KAPITALO ZETA FIC MULTIMERCADO;23/09/2014;1,7053836
KAPITALO ZETA FIC MULTIMERCADO;24/09/2014;1,7390998
KAPITALO ZETA FIC MULTIMERCADO;25/09/2014;1,7167116
KAPITALO ZETA FIC MULTIMERCADO;26/09/2014;1,7356776
KAPITALO ZETA FIC MULTIMERCADO;29/09/2014;1,6638771
KAPITALO ZETA FIC MULTIMERCADO;30/09/2014;1,6761594
KAPITALO ZETA FIC MULTIMERCADO;01/10/2014;1,6795492
KAPITALO ZETA FIC MULTIMERCADO;02/10/2014;1,6760361
KAPITALO ZETA FIC MULTIMERCADO;03/10/2014;1,695392
KAPITALO ZETA FIC MULTIMERCADO;06/10/2014;1,7024858
KAPITALO ZETA FIC MULTIMERCADO;07/10/2014;1,7122466
KAPITALO ZETA FIC MULTIMERCADO;08/10/2014;1,7182601
KAPITALO ZETA FIC MULTIMERCADO;09/10/2014;1,7043928
KAPITALO ZETA FIC MULTIMERCADO;10/10/2014;1,6883656
KAPITALO ZETA FIC MULTIMERCADO;13/10/2014;1,6898579
KAPITALO ZETA FIC MULTIMERCADO;14/10/2014;1,6883548
KAPITALO ZETA FIC MULTIMERCADO;15/10/2014;1,6514461
KAPITALO ZETA FIC MULTIMERCADO;16/10/2014;1,6236684
KAPITALO ZETA FIC MULTIMERCADO;17/10/2014;1,641994
KAPITALO ZETA FIC MULTIMERCADO;20/10/2014;1,6180457
KAPITALO ZETA FIC MULTIMERCADO;21/10/2014;1,6240266
KAPITALO ZETA FIC MULTIMERCADO;22/10/2014;1,6208584
KAPITALO ZETA FIC MULTIMERCADO;23/10/2014;1,6084317
KAPITALO ZETA FIC MULTIMERCADO;24/10/2014;1,6293241
KAPITALO ZETA FIC MULTIMERCADO;27/10/2014;1,6466052
KAPITALO ZETA FIC MULTIMERCADO;28/10/2014;1,6568138
KAPITALO ZETA FIC MULTIMERCADO;29/10/2014;1,6734391
KAPITALO ZETA FIC MULTIMERCADO;30/10/2014;1,6566492
KAPITALO ZETA FIC MULTIMERCADO;31/10/2014;1,6659397
KAPITALO ZETA FIC MULTIMERCADO;03/11/2014;1,6490417
KAPITALO ZETA FIC MULTIMERCADO;04/11/2014;1,6569813
KAPITALO ZETA FIC MULTIMERCADO;05/11/2014;1,6574042
KAPITALO ZETA FIC MULTIMERCADO;06/11/2014;1,6644948
KAPITALO ZETA FIC MULTIMERCADO;07/11/2014;1,6575506
KAPITALO ZETA FIC MULTIMERCADO;10/11/2014;1,662643
KAPITALO ZETA FIC MULTIMERCADO;11/11/2014;1,6615797
KAPITALO ZETA FIC MULTIMERCADO;12/11/2014;1,6570596
KAPITALO ZETA FIC MULTIMERCADO;13/11/2014;1,647645
KAPITALO ZETA FIC MULTIMERCADO;14/11/2014;1,6519522
KAPITALO ZETA FIC MULTIMERCADO;17/11/2014;1,6573626
KAPITALO ZETA FIC MULTIMERCADO;18/11/2014;1,6666603
KAPITALO ZETA FIC MULTIMERCADO;19/11/2014;1,6602097
KAPITALO ZETA FIC MULTIMERCADO;20/11/2014;1,6580087
KAPITALO ZETA FIC MULTIMERCADO;21/11/2014;1,6578349
KAPITALO ZETA FIC MULTIMERCADO;24/11/2014;1,6745734
KAPITALO ZETA FIC MULTIMERCADO;25/11/2014;1,6555814
KAPITALO ZETA FIC MULTIMERCADO;26/11/2014;1,6550171
KAPITALO ZETA FIC MULTIMERCADO;27/11/2014;1,651363
KAPITALO ZETA FIC MULTIMERCADO;28/11/2014;1,6378499
KAPITALO ZETA FIC MULTIMERCADO;01/12/2014;1,6316874
KAPITALO ZETA FIC MULTIMERCADO;02/12/2014;1,6295354
KAPITALO ZETA FIC MULTIMERCADO;03/12/2014;1,6127824
KAPITALO ZETA FIC MULTIMERCADO;04/12/2014;1,6470741
KAPITALO ZETA FIC MULTIMERCADO;05/12/2014;1,6557246
KAPITALO ZETA FIC MULTIMERCADO;08/12/2014;1,6615203
KAPITALO ZETA FIC MULTIMERCADO;09/12/2014;1,6549458
KAPITALO ZETA FIC MULTIMERCADO;10/12/2014;1,6416618
KAPITALO ZETA FIC MULTIMERCADO;11/12/2014;1,6397737
KAPITALO ZETA FIC MULTIMERCADO;12/12/2014;1,6387751
KAPITALO ZETA FIC MULTIMERCADO;15/12/2014;1,646495
KAPITALO ZETA FIC MULTIMERCADO;16/12/2014;1,645129
KAPITALO ZETA FIC MULTIMERCADO;17/12/2014;1,6251599
KAPITALO ZETA FIC MULTIMERCADO;18/12/2014;1,6347139
KAPITALO ZETA FIC MULTIMERCADO;19/12/2014;1,6225818
KAPITALO ZETA FIC MULTIMERCADO;22/12/2014;1,6321887
KAPITALO ZETA FIC MULTIMERCADO;23/12/2014;1,6482391
KAPITALO ZETA FIC MULTIMERCADO;24/12/2014;1,6489297
KAPITALO ZETA FIC MULTIMERCADO;26/12/2014;1,6448345
KAPITALO ZETA FIC MULTIMERCADO;29/12/2014;1,6367306
KAPITALO ZETA FIC MULTIMERCADO;30/12/2014;1,637543
KAPITALO ZETA FIC MULTIMERCADO;31/12/2014;1,6405638
KAPITALO ZETA FIC MULTIMERCADO;02/01/2015;1,6590365
KAPITALO ZETA FIC MULTIMERCADO;05/01/2015;1,6517044
KAPITALO ZETA FIC MULTIMERCADO;06/01/2015;1,6650676
KAPITALO ZETA FIC MULTIMERCADO;07/01/2015;1,6735695
KAPITALO ZETA FIC MULTIMERCADO;08/01/2015;1,682878
KAPITALO ZETA FIC MULTIMERCADO;09/01/2015;1,6954272
KAPITALO ZETA FIC MULTIMERCADO;12/01/2015;1,6808506
KAPITALO ZETA FIC MULTIMERCADO;13/01/2015;1,6970759
KAPITALO ZETA FIC MULTIMERCADO;14/01/2015;1,6972076
KAPITALO ZETA FIC MULTIMERCADO;15/01/2015;1,6829125
KAPITALO ZETA FIC MULTIMERCADO;16/01/2015;1,7060592
KAPITALO ZETA FIC MULTIMERCADO;19/01/2015;1,6953442
KAPITALO ZETA FIC MULTIMERCADO;20/01/2015;1,6953433
KAPITALO ZETA FIC MULTIMERCADO;21/01/2015;1,6996044
KAPITALO ZETA FIC MULTIMERCADO;22/01/2015;1,7136584
KAPITALO ZETA FIC MULTIMERCADO;23/01/2015;1,710736
KAPITALO ZETA FIC MULTIMERCADO;26/01/2015;1,7141174
KAPITALO ZETA FIC MULTIMERCADO;27/01/2015;1,7140333
KAPITALO ZETA FIC MULTIMERCADO;28/01/2015;1,7040161
KAPITALO ZETA FIC MULTIMERCADO;29/01/2015;1,6947226
KAPITALO ZETA FIC MULTIMERCADO;30/01/2015;1,6933082
KAPITALO ZETA FIC MULTIMERCADO;02/02/2015;1,6736314
KAPITALO ZETA FIC MULTIMERCADO;03/02/2015;1,6942154
KAPITALO ZETA FIC MULTIMERCADO;04/02/2015;1,7082711
KAPITALO ZETA FIC MULTIMERCADO;05/02/2015;1,7085147
KAPITALO ZETA FIC MULTIMERCADO;06/02/2015;1,7183865
KAPITALO ZETA FIC MULTIMERCADO;09/02/2015;1,7052265
KAPITALO ZETA FIC MULTIMERCADO;10/02/2015;1,7136268
KAPITALO ZETA FIC MULTIMERCADO;11/02/2015;1,6837619
KAPITALO ZETA FIC MULTIMERCADO;12/02/2015;1,7060148
KAPITALO ZETA FIC MULTIMERCADO;13/02/2015;1,7071176
KAPITALO ZETA FIC MULTIMERCADO;18/02/2015;1,7082138
KAPITALO ZETA FIC MULTIMERCADO;19/02/2015;1,7109709
KAPITALO ZETA FIC MULTIMERCADO;20/02/2015;1,7058844
KAPITALO ZETA FIC MULTIMERCADO;23/02/2015;1,7214181
KAPITALO ZETA FIC MULTIMERCADO;24/02/2015;1,7200674
KAPITALO ZETA FIC MULTIMERCADO;25/02/2015;1,7260222
KAPITALO ZETA FIC MULTIMERCADO;26/02/2015;1,7427207
KAPITALO ZETA FIC MULTIMERCADO;27/02/2015;1,7565215
KAPITALO ZETA FIC MULTIMERCADO;02/03/2015;1,7582586
KAPITALO ZETA FIC MULTIMERCADO;03/03/2015;1,7771712
KAPITALO ZETA FIC MULTIMERCADO;04/03/2015;1,7544952
KAPITALO ZETA FIC MULTIMERCADO;05/03/2015;1,7332858
KAPITALO ZETA FIC MULTIMERCADO;06/03/2015;1,7159587
KAPITALO ZETA FIC MULTIMERCADO;09/03/2015;1,7241283
KAPITALO ZETA FIC MULTIMERCADO;10/03/2015;1,7339941
KAPITALO ZETA FIC MULTIMERCADO;11/03/2015;1,7309675
KAPITALO ZETA FIC MULTIMERCADO;12/03/2015;1,7123551
KAPITALO ZETA FIC MULTIMERCADO;13/03/2015;1,750746
KAPITALO ZETA FIC MULTIMERCADO;16/03/2015;1,7364274
KAPITALO ZETA FIC MULTIMERCADO;17/03/2015;1,7605059
KAPITALO ZETA FIC MULTIMERCADO;18/03/2015;1,7823569
KAPITALO ZETA FIC MULTIMERCADO;19/03/2015;1,7810472
KAPITALO ZETA FIC MULTIMERCADO;20/03/2015;1,7879668
KAPITALO ZETA FIC MULTIMERCADO;23/03/2015;1,7945792
KAPITALO ZETA FIC MULTIMERCADO;24/03/2015;1,7825016
KAPITALO ZETA FIC MULTIMERCADO;25/03/2015;1,7798003
KAPITALO ZETA FIC MULTIMERCADO;26/03/2015;1,7668144
KAPITALO ZETA FIC MULTIMERCADO;27/03/2015;1,762805
KAPITALO ZETA FIC MULTIMERCADO;30/03/2015;1,7709538
KAPITALO ZETA FIC MULTIMERCADO;31/03/2015;1,766979
KAPITALO ZETA FIC MULTIMERCADO;01/04/2015;1,7737215
KAPITALO ZETA FIC MULTIMERCADO;02/04/2015;1,7853065
KAPITALO ZETA FIC MULTIMERCADO;06/04/2015;1,8008709
KAPITALO ZETA FIC MULTIMERCADO;07/04/2015;1,7974229
KAPITALO ZETA FIC MULTIMERCADO;08/04/2015;1,8095117
KAPITALO ZETA FIC MULTIMERCADO;09/04/2015;1,7875414
KAPITALO ZETA FIC MULTIMERCADO;10/04/2015;1,8152526
KAPITALO ZETA FIC MULTIMERCADO;13/04/2015;1,8005246
KAPITALO ZETA FIC MULTIMERCADO;14/04/2015;1,8215395
KAPITALO ZETA FIC MULTIMERCADO;15/04/2015;1,825123
KAPITALO ZETA FIC MULTIMERCADO;16/04/2015;1,8209991
KAPITALO ZETA FIC MULTIMERCADO;17/04/2015;1,8064151
KAPITALO ZETA FIC MULTIMERCADO;20/04/2015;1,7883222
KAPITALO ZETA FIC MULTIMERCADO;22/04/2015;1,7822814
KAPITALO ZETA FIC MULTIMERCADO;23/04/2015;1,7639507
KAPITALO ZETA FIC MULTIMERCADO;24/04/2015;1,7265128
KAPITALO ZETA FIC MULTIMERCADO;27/04/2015;1,7360105
KAPITALO ZETA FIC MULTIMERCADO;28/04/2015;1,7463761
KAPITALO ZETA FIC MULTIMERCADO;29/04/2015;1,7593173
KAPITALO ZETA FIC MULTIMERCADO;30/04/2015;1,7419475
KAPITALO ZETA FIC MULTIMERCADO;04/05/2015;1,7356878
KAPITALO ZETA FIC MULTIMERCADO;05/05/2015;1,7296993
KAPITALO ZETA FIC MULTIMERCADO;06/05/2015;1,7273715
KAPITALO ZETA FIC MULTIMERCADO;07/05/2015;1,711715
KAPITALO ZETA FIC MULTIMERCADO;08/05/2015;1,7259166
KAPITALO ZETA FIC MULTIMERCADO;11/05/2015;1,7247206
KAPITALO ZETA FIC MULTIMERCADO;12/05/2015;1,7183538
KAPITALO ZETA FIC MULTIMERCADO;13/05/2015;1,7354795
KAPITALO ZETA FIC MULTIMERCADO;14/05/2015;1,7365153
KAPITALO ZETA FIC MULTIMERCADO;15/05/2015;1,7480854
KAPITALO ZETA FIC MULTIMERCADO;18/05/2015;1,7603028
KAPITALO ZETA FIC MULTIMERCADO;19/05/2015;1,76597
KAPITALO ZETA FIC MULTIMERCADO;20/05/2015;1,7809576
KAPITALO ZETA FIC MULTIMERCADO;21/05/2015;1,7903835
KAPITALO ZETA FIC MULTIMERCADO;22/05/2015;1,8248945
KAPITALO ZETA FIC MULTIMERCADO;25/05/2015;1,8043285
KAPITALO ZETA FIC MULTIMERCADO;26/05/2015;1,8176676
KAPITALO ZETA FIC MULTIMERCADO;27/05/2015;1,805029
KAPITALO ZETA FIC MULTIMERCADO;28/05/2015;1,8175572
KAPITALO ZETA FIC MULTIMERCADO;29/05/2015;1,8282528
KAPITALO ZETA FIC MULTIMERCADO;01/06/2015;1,8220452
KAPITALO ZETA FIC MULTIMERCADO;02/06/2015;1,8074197
KAPITALO ZETA FIC MULTIMERCADO;03/06/2015;1,7972738
KAPITALO ZETA FIC MULTIMERCADO;05/06/2015;1,8057387
KAPITALO ZETA FIC MULTIMERCADO;08/06/2015;1,8139212
KAPITALO ZETA FIC MULTIMERCADO;09/06/2015;1,8128422
KAPITALO ZETA FIC MULTIMERCADO;10/06/2015;1,7937083
KAPITALO ZETA FIC MULTIMERCADO;11/06/2015;1,7712103
KAPITALO ZETA FIC MULTIMERCADO;12/06/2015;1,7793033
KAPITALO ZETA FIC MULTIMERCADO;15/06/2015;1,7547291
KAPITALO ZETA FIC MULTIMERCADO;16/06/2015;1,745631
KAPITALO ZETA FIC MULTIMERCADO;17/06/2015;1,7400883
KAPITALO ZETA FIC MULTIMERCADO;18/06/2015;1,7347484
KAPITALO ZETA FIC MULTIMERCADO;19/06/2015;1,7223555
KAPITALO ZETA FIC MULTIMERCADO;22/06/2015;1,7445548
KAPITALO ZETA FIC MULTIMERCADO;23/06/2015;1,7507675
KAPITALO ZETA FIC MULTIMERCADO;24/06/2015;1,7518467
KAPITALO ZETA FIC MULTIMERCADO;25/06/2015;1,751943
KAPITALO ZETA FIC MULTIMERCADO;26/06/2015;1,7667355
KAPITALO ZETA FIC MULTIMERCADO;29/06/2015;1,7662362
KAPITALO ZETA FIC MULTIMERCADO;30/06/2015;1,7648515
KAPITALO ZETA FIC MULTIMERCADO;01/07/2015;1,7716804
KAPITALO ZETA FIC MULTIMERCADO;02/07/2015;1,7916122
KAPITALO ZETA FIC MULTIMERCADO;03/07/2015;1,8056354
KAPITALO ZETA FIC MULTIMERCADO;06/07/2015;1,7989699
KAPITALO ZETA FIC MULTIMERCADO;07/07/2015;1,7899717
KAPITALO ZETA FIC MULTIMERCADO;08/07/2015;1,799096
KAPITALO ZETA FIC MULTIMERCADO;09/07/2015;1,8011245
KAPITALO ZETA FIC MULTIMERCADO;10/07/2015;1,8091571
KAPITALO ZETA FIC MULTIMERCADO;13/07/2015;1,8044264
KAPITALO ZETA FIC MULTIMERCADO;14/07/2015;1,8175985
KAPITALO ZETA FIC MULTIMERCADO;15/07/2015;1,8141967
KAPITALO ZETA FIC MULTIMERCADO;16/07/2015;1,8147188
KAPITALO ZETA FIC MULTIMERCADO;17/07/2015;1,8297745
KAPITALO ZETA FIC MULTIMERCADO;20/07/2015;1,8442193
KAPITALO ZETA FIC MULTIMERCADO;21/07/2015;1,847796
KAPITALO ZETA FIC MULTIMERCADO;22/07/2015;1,8478999
KAPITALO ZETA FIC MULTIMERCADO;23/07/2015;1,8201069
KAPITALO ZETA FIC MULTIMERCADO;24/07/2015;1,8311754
KAPITALO ZETA FIC MULTIMERCADO;27/07/2015;1,8273465
KAPITALO ZETA FIC MULTIMERCADO;28/07/2015;1,8289823
KAPITALO ZETA FIC MULTIMERCADO;29/07/2015;1,8301037
KAPITALO ZETA FIC MULTIMERCADO;30/07/2015;1,8653748
KAPITALO ZETA FIC MULTIMERCADO;31/07/2015;1,8828012
KAPITALO ZETA FIC MULTIMERCADO;03/08/2015;1,8845431
KAPITALO ZETA FIC MULTIMERCADO;04/08/2015;1,8527523
KAPITALO ZETA FIC MULTIMERCADO;05/08/2015;1,8324343
KAPITALO ZETA FIC MULTIMERCADO;06/08/2015;1,8149647
KAPITALO ZETA FIC MULTIMERCADO;07/08/2015;1,8103627
KAPITALO ZETA FIC MULTIMERCADO;10/08/2015;1,8205668
KAPITALO ZETA FIC MULTIMERCADO;11/08/2015;1,8095479
KAPITALO ZETA FIC MULTIMERCADO;12/08/2015;1,8191661
KAPITALO ZETA FIC MULTIMERCADO;13/08/2015;1,8265307
KAPITALO ZETA FIC MULTIMERCADO;14/08/2015;1,8468728
KAPITALO ZETA FIC MULTIMERCADO;17/08/2015;1,8371466
KAPITALO ZETA FIC MULTIMERCADO;18/08/2015;1,8401398
KAPITALO ZETA FIC MULTIMERCADO;19/08/2015;1,8483396
KAPITALO ZETA FIC MULTIMERCADO;20/08/2015;1,8479816
KAPITALO ZETA FIC MULTIMERCADO;21/08/2015;1,8432936
KAPITALO ZETA FIC MULTIMERCADO;24/08/2015;1,8132144
KAPITALO ZETA FIC MULTIMERCADO;25/08/2015;1,8095772
KAPITALO ZETA FIC MULTIMERCADO;26/08/2015;1,8342592
KAPITALO ZETA FIC MULTIMERCADO;27/08/2015;1,8313608
KAPITALO ZETA FIC MULTIMERCADO;28/08/2015;1,8347506
KAPITALO ZETA FIC MULTIMERCADO;31/08/2015;1,8152936
KAPITALO ZETA FIC MULTIMERCADO;01/09/2015;1,8146838
KAPITALO ZETA FIC MULTIMERCADO;02/09/2015;1,8354404
KAPITALO ZETA FIC MULTIMERCADO;03/09/2015;1,8397654
KAPITALO ZETA FIC MULTIMERCADO;04/09/2015;1,8514321
KAPITALO ZETA FIC MULTIMERCADO;08/09/2015;1,8278453
KAPITALO ZETA FIC MULTIMERCADO;09/09/2015;1,8233956
KAPITALO ZETA FIC MULTIMERCADO;10/09/2015;1,8225712
KAPITALO ZETA FIC MULTIMERCADO;11/09/2015;1,8194698
KAPITALO ZETA FIC MULTIMERCADO;14/09/2015;1,8490627
KAPITALO ZETA FIC MULTIMERCADO;15/09/2015;1,8604185
KAPITALO ZETA FIC MULTIMERCADO;16/09/2015;1,8507813
KAPITALO ZETA FIC MULTIMERCADO;17/09/2015;1,8435499
KAPITALO ZETA FIC MULTIMERCADO;18/09/2015;1,8508339
KAPITALO ZETA FIC MULTIMERCADO;21/09/2015;1,8435038
KAPITALO ZETA FIC MULTIMERCADO;22/09/2015;1,8428082
KAPITALO ZETA FIC MULTIMERCADO;23/09/2015;1,8188669
KAPITALO ZETA FIC MULTIMERCADO;24/09/2015;1,8089133
KAPITALO ZETA FIC MULTIMERCADO;25/09/2015;1,8183595
KAPITALO ZETA FIC MULTIMERCADO;28/09/2015;1,81858
KAPITALO ZETA FIC MULTIMERCADO;29/09/2015;1,7915677
KAPITALO ZETA FIC MULTIMERCADO;30/09/2015;1,7533582
KAPITALO ZETA FIC MULTIMERCADO;01/10/2015;1,7207175
KAPITALO ZETA FIC MULTIMERCADO;02/10/2015;1,7266241
KAPITALO ZETA FIC MULTIMERCADO;05/10/2015;1,7482069
KAPITALO ZETA FIC MULTIMERCADO;06/10/2015;1,7738058
KAPITALO ZETA FIC MULTIMERCADO;07/10/2015;1,7630309
KAPITALO ZETA FIC MULTIMERCADO;08/10/2015;1,7477448
KAPITALO ZETA FIC MULTIMERCADO;09/10/2015;1,7363018
KAPITALO ZETA FIC MULTIMERCADO;13/10/2015;1,7020559
KAPITALO ZETA FIC MULTIMERCADO;14/10/2015;1,6969825
KAPITALO ZETA FIC MULTIMERCADO;15/10/2015;1,701992
KAPITALO ZETA FIC MULTIMERCADO;16/10/2015;1,7202816
KAPITALO ZETA FIC MULTIMERCADO;19/10/2015;1,7265992
KAPITALO ZETA FIC MULTIMERCADO;20/10/2015;1,7338099
KAPITALO ZETA FIC MULTIMERCADO;21/10/2015;1,7335089
KAPITALO ZETA FIC MULTIMERCADO;22/10/2015;1,7672342
KAPITALO ZETA FIC MULTIMERCADO;23/10/2015;1,7330064
KAPITALO ZETA FIC MULTIMERCADO;26/10/2015;1,7067854
KAPITALO ZETA FIC MULTIMERCADO;27/10/2015;1,7298105
KAPITALO ZETA FIC MULTIMERCADO;28/10/2015;1,7261219
KAPITALO ZETA FIC MULTIMERCADO;29/10/2015;1,7238614
KAPITALO ZETA FIC MULTIMERCADO;30/10/2015;1,7284701
KAPITALO ZETA FIC MULTIMERCADO;03/11/2015;1,7146539
KAPITALO ZETA FIC MULTIMERCADO;04/11/2015;1,7557614
KAPITALO ZETA FIC MULTIMERCADO;05/11/2015;1,7489394
KAPITALO ZETA FIC MULTIMERCADO;06/11/2015;1,7688344
KAPITALO ZETA FIC MULTIMERCADO;09/11/2015;1,7827952
KAPITALO ZETA FIC MULTIMERCADO;10/11/2015;1,7721092
KAPITALO ZETA FIC MULTIMERCADO;11/11/2015;1,7526923
KAPITALO ZETA FIC MULTIMERCADO;12/11/2015;1,7487953
KAPITALO ZETA FIC MULTIMERCADO;13/11/2015;1,7756766
KAPITALO ZETA FIC MULTIMERCADO;16/11/2015;1,7967536
KAPITALO ZETA FIC MULTIMERCADO;17/11/2015;1,8054747
KAPITALO ZETA FIC MULTIMERCADO;18/11/2015;1,8204915
KAPITALO ZETA FIC MULTIMERCADO;19/11/2015;1,8307133
KAPITALO ZETA FIC MULTIMERCADO;20/11/2015;1,83265
KAPITALO ZETA FIC MULTIMERCADO;23/11/2015;1,82786
KAPITALO ZETA FIC MULTIMERCADO;24/11/2015;1,8199152
KAPITALO ZETA FIC MULTIMERCADO;25/11/2015;1,8182568
KAPITALO ZETA FIC MULTIMERCADO;26/11/2015;1,8319318
KAPITALO ZETA FIC MULTIMERCADO;27/11/2015;1,8704101
KAPITALO ZETA FIC MULTIMERCADO;30/11/2015;1,8795614
KAPITALO ZETA FIC MULTIMERCADO;01/12/2015;1,8851993
KAPITALO ZETA FIC MULTIMERCADO;02/12/2015;1,8727686
KAPITALO ZETA FIC MULTIMERCADO;03/12/2015;1,8730285
KAPITALO ZETA FIC MULTIMERCADO;04/12/2015;1,8639075
KAPITALO ZETA FIC MULTIMERCADO;07/12/2015;1,8724024
KAPITALO ZETA FIC MULTIMERCADO;08/12/2015;1,8754491
KAPITALO ZETA FIC MULTIMERCADO;09/12/2015;1,8653658
KAPITALO ZETA FIC MULTIMERCADO;10/12/2015;1,8517141
KAPITALO ZETA FIC MULTIMERCADO;11/12/2015;1,8690805
KAPITALO ZETA FIC MULTIMERCADO;14/12/2015;1,8581291
KAPITALO ZETA FIC MULTIMERCADO;15/12/2015;1,8750329
KAPITALO ZETA FIC MULTIMERCADO;16/12/2015;1,8612095
KAPITALO ZETA FIC MULTIMERCADO;17/12/2015;1,8729883
KAPITALO ZETA FIC MULTIMERCADO;18/12/2015;1,9009074
KAPITALO ZETA FIC MULTIMERCADO;21/12/2015;1,9006098
KAPITALO ZETA FIC MULTIMERCADO;22/12/2015;1,9038581
KAPITALO ZETA FIC MULTIMERCADO;23/12/2015;1,9146824
KAPITALO ZETA FIC MULTIMERCADO;24/12/2015;1,9156198
KAPITALO ZETA FIC MULTIMERCADO;28/12/2015;1,8983508
KAPITALO ZETA FIC MULTIMERCADO;29/12/2015;1,9047888
KAPITALO ZETA FIC MULTIMERCADO;30/12/2015;1,9071685
KAPITALO ZETA FIC MULTIMERCADO;31/12/2015;1,9075499
KAPITALO ZETA FIC MULTIMERCADO;04/01/2016;1,9322422
KAPITALO ZETA FIC MULTIMERCADO;05/01/2016;1,9329008
KAPITALO ZETA FIC MULTIMERCADO;06/01/2016;1,9344954
KAPITALO ZETA FIC MULTIMERCADO;07/01/2016;1,9345136
KAPITALO ZETA FIC MULTIMERCADO;08/01/2016;1,9344348
KAPITALO ZETA FIC MULTIMERCADO;11/01/2016;1,9383426
KAPITALO ZETA FIC MULTIMERCADO;12/01/2016;1,9418226
KAPITALO ZETA FIC MULTIMERCADO;13/01/2016;1,9430273
KAPITALO ZETA FIC MULTIMERCADO;14/01/2016;1,9472551
KAPITALO ZETA FIC MULTIMERCADO;15/01/2016;1,9755387
KAPITALO ZETA FIC MULTIMERCADO;18/01/2016;1,9727596
KAPITALO ZETA FIC MULTIMERCADO;19/01/2016;1,9942062
KAPITALO ZETA FIC MULTIMERCADO;20/01/2016;1,9975601
KAPITALO ZETA FIC MULTIMERCADO;21/01/2016;2,011551
KAPITALO ZETA FIC MULTIMERCADO;22/01/2016;2,0128708
KAPITALO ZETA FIC MULTIMERCADO;25/01/2016;2,0137256
KAPITALO ZETA FIC MULTIMERCADO;26/01/2016;2,024908
KAPITALO ZETA FIC MULTIMERCADO;27/01/2016;2,0443377
KAPITALO ZETA FIC MULTIMERCADO;28/01/2016;2,0382701
KAPITALO ZETA FIC MULTIMERCADO;29/01/2016;2,0406194
KAPITALO ZETA FIC MULTIMERCADO;01/02/2016;2,0196256
KAPITALO ZETA FIC MULTIMERCADO;02/02/2016;1,9975462
KAPITALO ZETA FIC MULTIMERCADO;03/02/2016;1,999621
KAPITALO ZETA FIC MULTIMERCADO;04/02/2016;2,0065311
KAPITALO ZETA FIC MULTIMERCADO;05/02/2016;1,9906376
KAPITALO ZETA FIC MULTIMERCADO;10/02/2016;2,0030349
KAPITALO ZETA FIC MULTIMERCADO;11/02/2016;2,0047259
KAPITALO ZETA FIC MULTIMERCADO;12/02/2016;2,0143396
KAPITALO ZETA FIC MULTIMERCADO;15/02/2016;2,0190988
KAPITALO ZETA FIC MULTIMERCADO;16/02/2016;2,0283993
KAPITALO ZETA FIC MULTIMERCADO;17/02/2016;1,9997649
KAPITALO ZETA FIC MULTIMERCADO;18/02/2016;2,0103368
KAPITALO ZETA FIC MULTIMERCADO;19/02/2016;2,0124075
KAPITALO ZETA FIC MULTIMERCADO;22/02/2016;2,004956
KAPITALO ZETA FIC MULTIMERCADO;23/02/2016;2,0113376
KAPITALO ZETA FIC MULTIMERCADO;24/02/2016;2,0187536
KAPITALO ZETA FIC MULTIMERCADO;25/02/2016;2,0366983
KAPITALO ZETA FIC MULTIMERCADO;26/02/2016;2,0260991
KAPITALO ZETA FIC MULTIMERCADO;29/02/2016;2,0177947
KAPITALO ZETA FIC MULTIMERCADO;01/03/2016;2,0185622
KAPITALO ZETA FIC MULTIMERCADO;02/03/2016;2,0189664
KAPITALO ZETA FIC MULTIMERCADO;03/03/2016;2,0113342
KAPITALO ZETA FIC MULTIMERCADO;04/03/2016;2,0146793
KAPITALO ZETA FIC MULTIMERCADO;07/03/2016;2,0088207
KAPITALO ZETA FIC MULTIMERCADO;08/03/2016;2,0209287
KAPITALO ZETA FIC MULTIMERCADO;09/03/2016;2,034415
KAPITALO ZETA FIC MULTIMERCADO;10/03/2016;2,0348506
KAPITALO ZETA FIC MULTIMERCADO;11/03/2016;2,0374317
KAPITALO ZETA FIC MULTIMERCADO;14/03/2016;2,0589784
KAPITALO ZETA FIC MULTIMERCADO;15/03/2016;2,0194776
KAPITALO ZETA FIC MULTIMERCADO;16/03/2016;2,0315304
KAPITALO ZETA FIC MULTIMERCADO;17/03/2016;2,0271393
KAPITALO ZETA FIC MULTIMERCADO;18/03/2016;2,0084651
KAPITALO ZETA FIC MULTIMERCADO;21/03/2016;1,9913495
KAPITALO ZETA FIC MULTIMERCADO;22/03/2016;1,9835049
KAPITALO ZETA FIC MULTIMERCADO;23/03/2016;1,9930825
KAPITALO ZETA FIC MULTIMERCADO;24/03/2016;1,9914031
KAPITALO ZETA FIC MULTIMERCADO;28/03/2016;2,0033841
KAPITALO ZETA FIC MULTIMERCADO;29/03/2016;1,9952145
KAPITALO ZETA FIC MULTIMERCADO;30/03/2016;1,9905952
KAPITALO ZETA FIC MULTIMERCADO;31/03/2016;2,0010614
KAPITALO ZETA FIC MULTIMERCADO;01/04/2016;2,011679
KAPITALO ZETA FIC MULTIMERCADO;04/04/2016;2,0133543
KAPITALO ZETA FIC MULTIMERCADO;05/04/2016;2,0131451
KAPITALO ZETA FIC MULTIMERCADO;06/04/2016;2,011962
KAPITALO ZETA FIC MULTIMERCADO;07/04/2016;2,0102543
KAPITALO ZETA FIC MULTIMERCADO;08/04/2016;2,0274491
KAPITALO ZETA FIC MULTIMERCADO;11/04/2016;2,0340809
KAPITALO ZETA FIC MULTIMERCADO;12/04/2016;2,0577683
KAPITALO ZETA FIC MULTIMERCADO;13/04/2016;2,0801578
KAPITALO ZETA FIC MULTIMERCADO;14/04/2016;2,0881453
KAPITALO ZETA FIC MULTIMERCADO;15/04/2016;2,087914
KAPITALO ZETA FIC MULTIMERCADO;18/04/2016;2,1000015
KAPITALO ZETA FIC MULTIMERCADO;19/04/2016;2,1042846
KAPITALO ZETA FIC MULTIMERCADO;20/04/2016;2,095632
KAPITALO ZETA FIC MULTIMERCADO;22/04/2016;2,0915432
KAPITALO ZETA FIC MULTIMERCADO;25/04/2016;2,0784344
KAPITALO ZETA FIC MULTIMERCADO;26/04/2016;2,0847087
KAPITALO ZETA FIC MULTIMERCADO;27/04/2016;2,1003121
KAPITALO ZETA FIC MULTIMERCADO;28/04/2016;2,0999669
KAPITALO ZETA FIC MULTIMERCADO;29/04/2016;2,1068875
KAPITALO ZETA FIC MULTIMERCADO;02/05/2016;2,1077064
KAPITALO ZETA FIC MULTIMERCADO;03/05/2016;2,0898895
KAPITALO ZETA FIC MULTIMERCADO;04/05/2016;2,0913212
KAPITALO ZETA FIC MULTIMERCADO;05/05/2016;2,092903
KAPITALO ZETA FIC MULTIMERCADO;06/05/2016;2,0933414
KAPITALO ZETA FIC MULTIMERCADO;09/05/2016;2,0922368
KAPITALO ZETA FIC MULTIMERCADO;10/05/2016;2,1094087
KAPITALO ZETA FIC MULTIMERCADO;11/05/2016;2,1235814
KAPITALO ZETA FIC MULTIMERCADO;12/05/2016;2,1346103
KAPITALO ZETA FIC MULTIMERCADO;13/05/2016;2,1396507
KAPITALO ZETA FIC MULTIMERCADO;16/05/2016;2,1254986
KAPITALO ZETA FIC MULTIMERCADO;17/05/2016;2,1181248
KAPITALO ZETA FIC MULTIMERCADO;18/05/2016;2,1184418
KAPITALO ZETA FIC MULTIMERCADO;19/05/2016;2,1150851
KAPITALO ZETA FIC MULTIMERCADO;20/05/2016;2,122926
KAPITALO ZETA FIC MULTIMERCADO;23/05/2016;2,112555
KAPITALO ZETA FIC MULTIMERCADO;24/05/2016;2,1104578
KAPITALO ZETA FIC MULTIMERCADO;25/05/2016;2,100077
KAPITALO ZETA FIC MULTIMERCADO;27/05/2016;2,0853292
KAPITALO ZETA FIC MULTIMERCADO;30/05/2016;2,101758
KAPITALO ZETA FIC MULTIMERCADO;31/05/2016;2,1019764
KAPITALO ZETA FIC MULTIMERCADO;01/06/2016;2,0990667
KAPITALO ZETA FIC MULTIMERCADO;02/06/2016;2,0831099
KAPITALO ZETA FIC MULTIMERCADO;03/06/2016;2,0975083
KAPITALO ZETA FIC MULTIMERCADO;06/06/2016;2,1006365
KAPITALO ZETA FIC MULTIMERCADO;07/06/2016;2,122659
KAPITALO ZETA FIC MULTIMERCADO;08/06/2016;2,1431666
KAPITALO ZETA FIC MULTIMERCADO;09/06/2016;2,129698
KAPITALO ZETA FIC MULTIMERCADO;10/06/2016;2,1158874
KAPITALO ZETA FIC MULTIMERCADO;13/06/2016;2,109
KAPITALO ZETA FIC MULTIMERCADO;14/06/2016;2,0984109
KAPITALO ZETA FIC MULTIMERCADO;15/06/2016;2,1013971
KAPITALO ZETA FIC MULTIMERCADO;16/06/2016;2,0969855
KAPITALO ZETA FIC MULTIMERCADO;17/06/2016;2,1223984
KAPITALO ZETA FIC MULTIMERCADO;20/06/2016;2,1531237
KAPITALO ZETA FIC MULTIMERCADO;21/06/2016;2,1538661
KAPITALO ZETA FIC MULTIMERCADO;22/06/2016;2,1589377
KAPITALO ZETA FIC MULTIMERCADO;23/06/2016;2,1760121
KAPITALO ZETA FIC MULTIMERCADO;24/06/2016;2,1646248
KAPITALO ZETA FIC MULTIMERCADO;27/06/2016;2,1515858
KAPITALO ZETA FIC MULTIMERCADO;28/06/2016;2,174161
KAPITALO ZETA FIC MULTIMERCADO;29/06/2016;2,1773404
KAPITALO ZETA FIC MULTIMERCADO;30/06/2016;2,190079
KAPITALO ZETA FIC MULTIMERCADO;01/07/2016;2,1913864
KAPITALO ZETA FIC MULTIMERCADO;04/07/2016;2,1811323
KAPITALO ZETA FIC MULTIMERCADO;05/07/2016;2,1621234
KAPITALO ZETA FIC MULTIMERCADO;06/07/2016;2,1523019
KAPITALO ZETA FIC MULTIMERCADO;07/07/2016;2,1573526
KAPITALO ZETA FIC MULTIMERCADO;08/07/2016;2,1859596
KAPITALO ZETA FIC MULTIMERCADO;11/07/2016;2,1873006
KAPITALO ZETA FIC MULTIMERCADO;12/07/2016;2,1918672
KAPITALO ZETA FIC MULTIMERCADO;13/07/2016;2,2025621
KAPITALO ZETA FIC MULTIMERCADO;14/07/2016;2,2078909
KAPITALO ZETA FIC MULTIMERCADO;15/07/2016;2,211207
KAPITALO ZETA FIC MULTIMERCADO;18/07/2016;2,2205426
KAPITALO ZETA FIC MULTIMERCADO;19/07/2016;2,2299881
KAPITALO ZETA FIC MULTIMERCADO;20/07/2016;2,2452264
KAPITALO ZETA FIC MULTIMERCADO;21/07/2016;2,2209961
KAPITALO ZETA FIC MULTIMERCADO;22/07/2016;2,2213878
KAPITALO ZETA FIC MULTIMERCADO;25/07/2016;2,209496
KAPITALO ZETA FIC MULTIMERCADO;26/07/2016;2,210573
KAPITALO ZETA FIC MULTIMERCADO;27/07/2016;2,2107946
KAPITALO ZETA FIC MULTIMERCADO;28/07/2016;2,2149358
KAPITALO ZETA FIC MULTIMERCADO;29/07/2016;2,2254801
KAPITALO ZETA FIC MULTIMERCADO;01/08/2016;2,2294036
KAPITALO ZETA FIC MULTIMERCADO;02/08/2016;2,2370751
KAPITALO ZETA FIC MULTIMERCADO;03/08/2016;2,2399421
KAPITALO ZETA FIC MULTIMERCADO;04/08/2016;2,2576644
KAPITALO ZETA FIC MULTIMERCADO;05/08/2016;2,2686206
KAPITALO ZETA FIC MULTIMERCADO;08/08/2016;2,266802
KAPITALO ZETA FIC MULTIMERCADO;09/08/2016;2,280843
KAPITALO ZETA FIC MULTIMERCADO;10/08/2016;2,2795113
KAPITALO ZETA FIC MULTIMERCADO;11/08/2016;2,2994836
KAPITALO ZETA FIC MULTIMERCADO;12/08/2016;2,2987194
KAPITALO ZETA FIC MULTIMERCADO;15/08/2016;2,3069549
KAPITALO ZETA FIC MULTIMERCADO;16/08/2016;2,3125137
KAPITALO ZETA FIC MULTIMERCADO;17/08/2016;2,3178745
KAPITALO ZETA FIC MULTIMERCADO;18/08/2016;2,3079368
KAPITALO ZETA FIC MULTIMERCADO;19/08/2016;2,3142695
KAPITALO ZETA FIC MULTIMERCADO;22/08/2016;2,3059784
KAPITALO ZETA FIC MULTIMERCADO;23/08/2016;2,3108797
KAPITALO ZETA FIC MULTIMERCADO;24/08/2016;2,3033048
KAPITALO ZETA FIC MULTIMERCADO;25/08/2016;2,3069332
KAPITALO ZETA FIC MULTIMERCADO;26/08/2016;2,299236
KAPITALO ZETA FIC MULTIMERCADO;29/08/2016;2,3031145
KAPITALO ZETA FIC MULTIMERCADO;30/08/2016;2,3117864
KAPITALO ZETA FIC MULTIMERCADO;31/08/2016;2,311886
KAPITALO ZETA FIC MULTIMERCADO;01/09/2016;2,3399352
KAPITALO ZETA FIC MULTIMERCADO;02/09/2016;2,3533735
KAPITALO ZETA FIC MULTIMERCADO;05/09/2016;2,3507805
KAPITALO ZETA FIC MULTIMERCADO;06/09/2016;2,3612758
KAPITALO ZETA FIC MULTIMERCADO;08/09/2016;2,3590833
KAPITALO ZETA FIC MULTIMERCADO;09/09/2016;2,325347
KAPITALO ZETA FIC MULTIMERCADO;12/09/2016;2,3333274
KAPITALO ZETA FIC MULTIMERCADO;13/09/2016;2,3132772
KAPITALO ZETA FIC MULTIMERCADO;14/09/2016;2,2909873
KAPITALO ZETA FIC MULTIMERCADO;15/09/2016;2,3153551
KAPITALO ZETA FIC MULTIMERCADO;16/09/2016;2,3153035
KAPITALO ZETA FIC MULTIMERCADO;19/09/2016;2,3149468
KAPITALO ZETA FIC MULTIMERCADO;20/09/2016;2,3292541
KAPITALO ZETA FIC MULTIMERCADO;21/09/2016;2,3510139
KAPITALO ZETA FIC MULTIMERCADO;22/09/2016;2,3739035
KAPITALO ZETA FIC MULTIMERCADO;23/09/2016;2,369149
KAPITALO ZETA FIC MULTIMERCADO;26/09/2016;2,3506418
KAPITALO ZETA FIC MULTIMERCADO;27/09/2016;2,3543518
KAPITALO ZETA FIC MULTIMERCADO;28/09/2016;2,3679305
KAPITALO ZETA FIC MULTIMERCADO;29/09/2016;2,3531647
KAPITALO ZETA FIC MULTIMERCADO;30/09/2016;2,3567171
KAPITALO ZETA FIC MULTIMERCADO;03/10/2016;2,3683167
KAPITALO ZETA FIC MULTIMERCADO;04/10/2016;2,3550421
KAPITALO ZETA FIC MULTIMERCADO;05/10/2016;2,3693893
KAPITALO ZETA FIC MULTIMERCADO;06/10/2016;2,384701
KAPITALO ZETA FIC MULTIMERCADO;07/10/2016;2,3978152
KAPITALO ZETA FIC MULTIMERCADO;10/10/2016;2,407892
KAPITALO ZETA FIC MULTIMERCADO;11/10/2016;2,4004754
KAPITALO ZETA FIC MULTIMERCADO;13/10/2016;2,4180587
KAPITALO ZETA FIC MULTIMERCADO;14/10/2016;2,4248678
KAPITALO ZETA FIC MULTIMERCADO;17/10/2016;2,4382865
KAPITALO ZETA FIC MULTIMERCADO;18/10/2016;2,4462956
KAPITALO ZETA FIC MULTIMERCADO;19/10/2016;2,4488027
KAPITALO ZETA FIC MULTIMERCADO;20/10/2016;2,4523408
KAPITALO ZETA FIC MULTIMERCADO;21/10/2016;2,4704096
KAPITALO ZETA FIC MULTIMERCADO;24/10/2016;2,4840646
KAPITALO ZETA FIC MULTIMERCADO;25/10/2016;2,4940823
KAPITALO ZETA FIC MULTIMERCADO;26/10/2016;2,4903819
KAPITALO ZETA FIC MULTIMERCADO;27/10/2016;2,5066554
KAPITALO ZETA FIC MULTIMERCADO;28/10/2016;2,494089
KAPITALO ZETA FIC MULTIMERCADO;31/10/2016;2,5021671
KAPITALO ZETA FIC MULTIMERCADO;01/11/2016;2,482532
KAPITALO ZETA FIC MULTIMERCADO;03/11/2016;2,4723594
KAPITALO ZETA FIC MULTIMERCADO;04/11/2016;2,4771107
KAPITALO ZETA FIC MULTIMERCADO;07/11/2016;2,5100893
KAPITALO ZETA FIC MULTIMERCADO;08/11/2016;2,5141022
KAPITALO ZETA FIC MULTIMERCADO;09/11/2016;2,5082005
KAPITALO ZETA FIC MULTIMERCADO;10/11/2016;2,4537403
KAPITALO ZETA FIC MULTIMERCADO;11/11/2016;2,4392386
KAPITALO ZETA FIC MULTIMERCADO;14/11/2016;2,4146578
KAPITALO ZETA FIC MULTIMERCADO;16/11/2016;2,4221642
KAPITALO ZETA FIC MULTIMERCADO;17/11/2016;2,4375089
KAPITALO ZETA FIC MULTIMERCADO;18/11/2016;2,4448386
KAPITALO ZETA FIC MULTIMERCADO;21/11/2016;2,457616
KAPITALO ZETA FIC MULTIMERCADO;22/11/2016;2,4566407
KAPITALO ZETA FIC MULTIMERCADO;23/11/2016;2,4469341
KAPITALO ZETA FIC MULTIMERCADO;24/11/2016;2,449218
KAPITALO ZETA FIC MULTIMERCADO;25/11/2016;2,4484912
KAPITALO ZETA FIC MULTIMERCADO;28/11/2016;2,4622863
KAPITALO ZETA FIC MULTIMERCADO;29/11/2016;2,4715993
KAPITALO ZETA FIC MULTIMERCADO;30/11/2016;2,4952412
KAPITALO ZETA FIC MULTIMERCADO;01/12/2016;2,4789228
KAPITALO ZETA FIC MULTIMERCADO;02/12/2016;2,4845827
KAPITALO ZETA FIC MULTIMERCADO;05/12/2016;2,4930751
KAPITALO ZETA FIC MULTIMERCADO;06/12/2016;2,478994
KAPITALO ZETA FIC MULTIMERCADO;07/12/2016;2,4956496
KAPITALO ZETA FIC MULTIMERCADO;08/12/2016;2,5151326
KAPITALO ZETA FIC MULTIMERCADO;09/12/2016;2,5075988
KAPITALO ZETA FIC MULTIMERCADO;12/12/2016;2,5007681
KAPITALO ZETA FIC MULTIMERCADO;13/12/2016;2,4932117
KAPITALO ZETA FIC MULTIMERCADO;14/12/2016;2,4964716
KAPITALO ZETA FIC MULTIMERCADO;15/12/2016;2,4961361
KAPITALO ZETA FIC MULTIMERCADO;16/12/2016;2,4967781
KAPITALO ZETA FIC MULTIMERCADO;19/12/2016;2,5054731
KAPITALO ZETA FIC MULTIMERCADO;20/12/2016;2,5155884
KAPITALO ZETA FIC MULTIMERCADO;21/12/2016;2,5268632
KAPITALO ZETA FIC MULTIMERCADO;22/12/2016;2,5359268
KAPITALO ZETA FIC MULTIMERCADO;23/12/2016;2,5465224
KAPITALO ZETA FIC MULTIMERCADO;26/12/2016;2,5506346
KAPITALO ZETA FIC MULTIMERCADO;27/12/2016;2,5510916
KAPITALO ZETA FIC MULTIMERCADO;28/12/2016;2,5649192
KAPITALO ZETA FIC MULTIMERCADO;29/12/2016;2,5713624
KAPITALO ZETA FIC MULTIMERCADO;30/12/2016;2,5732858
KAPITALO ZETA FIC MULTIMERCADO;02/01/2017;2,5730749
KAPITALO ZETA FIC MULTIMERCADO;03/01/2017;2,571589
KAPITALO ZETA FIC MULTIMERCADO;04/01/2017;2,5829648
KAPITALO ZETA FIC MULTIMERCADO;05/01/2017;2,5825108
KAPITALO ZETA FIC MULTIMERCADO;06/01/2017;2,588405
KAPITALO ZETA FIC MULTIMERCADO;09/01/2017;2,5871823
KAPITALO ZETA FIC MULTIMERCADO;10/01/2017;2,5823522
KAPITALO ZETA FIC MULTIMERCADO;11/01/2017;2,5904212
KAPITALO ZETA FIC MULTIMERCADO;12/01/2017;2,614767
KAPITALO ZETA FIC MULTIMERCADO;13/01/2017;2,6159686
KAPITALO ZETA FIC MULTIMERCADO;16/01/2017;2,6220186
KAPITALO ZETA FIC MULTIMERCADO;17/01/2017;2,6223557
KAPITALO ZETA FIC MULTIMERCADO;18/01/2017;2,6251727
KAPITALO ZETA FIC MULTIMERCADO;19/01/2017;2,6235263
KAPITALO ZETA FIC MULTIMERCADO;20/01/2017;2,6392678
KAPITALO ZETA FIC MULTIMERCADO;23/01/2017;2,6497226
KAPITALO ZETA FIC MULTIMERCADO;24/01/2017;2,6547249
KAPITALO ZETA FIC MULTIMERCADO;25/01/2017;2,6603587
KAPITALO ZETA FIC MULTIMERCADO;26/01/2017;2,671699
KAPITALO ZETA FIC MULTIMERCADO;27/01/2017;2,6898538
KAPITALO ZETA FIC MULTIMERCADO;30/01/2017;2,6984229
KAPITALO ZETA FIC MULTIMERCADO;31/01/2017;2,705162
KAPITALO ZETA FIC MULTIMERCADO;01/02/2017;2,7103598
KAPITALO ZETA FIC MULTIMERCADO;02/02/2017;2,7151491
KAPITALO ZETA FIC MULTIMERCADO;03/02/2017;2,7295639
KAPITALO ZETA FIC MULTIMERCADO;06/02/2017;2,7366075
KAPITALO ZETA FIC MULTIMERCADO;07/02/2017;2,7441022
KAPITALO ZETA FIC MULTIMERCADO;08/02/2017;2,7592224
KAPITALO ZETA FIC MULTIMERCADO;09/02/2017;2,758191
KAPITALO ZETA FIC MULTIMERCADO;10/02/2017;2,7704765
KAPITALO ZETA FIC MULTIMERCADO;13/02/2017;2,777678
KAPITALO ZETA FIC MULTIMERCADO;14/02/2017;2,771397
KAPITALO ZETA FIC MULTIMERCADO;15/02/2017;2,7813601
KAPITALO ZETA FIC MULTIMERCADO;16/02/2017;2,7753153
KAPITALO ZETA FIC MULTIMERCADO;17/02/2017;2,7839161
KAPITALO ZETA FIC MULTIMERCADO;20/02/2017;2,7921829
KAPITALO ZETA FIC MULTIMERCADO;21/02/2017;2,8133199
KAPITALO ZETA FIC MULTIMERCADO;22/02/2017;2,8099097
KAPITALO ZETA FIC MULTIMERCADO;23/02/2017;2,8241069
KAPITALO ZETA FIC MULTIMERCADO;24/02/2017;2,8053709
KAPITALO ZETA FIC MULTIMERCADO;01/03/2017;2,8257709
KAPITALO ZETA FIC MULTIMERCADO;02/03/2017;2,826871
KAPITALO ZETA FIC MULTIMERCADO;03/03/2017;2,8354957
KAPITALO ZETA FIC MULTIMERCADO;06/03/2017;2,8438581
KAPITALO ZETA FIC MULTIMERCADO;07/03/2017;2,8484201
KAPITALO ZETA FIC MULTIMERCADO;08/03/2017;2,8430326
KAPITALO ZETA FIC MULTIMERCADO;09/03/2017;2,8306342
KAPITALO ZETA FIC MULTIMERCADO;10/03/2017;2,8512095
KAPITALO ZETA FIC MULTIMERCADO;13/03/2017;2,8576815
KAPITALO ZETA FIC MULTIMERCADO;14/03/2017;2,8373701
KAPITALO ZETA FIC MULTIMERCADO;15/03/2017;2,8545868
KAPITALO ZETA FIC MULTIMERCADO;16/03/2017;2,8352457
KAPITALO ZETA FIC MULTIMERCADO;17/03/2017;2,8373429
KAPITALO ZETA FIC MULTIMERCADO;20/03/2017;2,834733
KAPITALO ZETA FIC MULTIMERCADO;21/03/2017;2,8306272
KAPITALO ZETA FIC MULTIMERCADO;22/03/2017;2,8247762
KAPITALO ZETA FIC MULTIMERCADO;23/03/2017;2,8147396
KAPITALO ZETA FIC MULTIMERCADO;24/03/2017;2,8241886
KAPITALO ZETA FIC MULTIMERCADO;27/03/2017;2,829238
KAPITALO ZETA FIC MULTIMERCADO;28/03/2017;2,8293951
KAPITALO ZETA FIC MULTIMERCADO;29/03/2017;2,8419471
KAPITALO ZETA FIC MULTIMERCADO;30/03/2017;2,8327511
KAPITALO ZETA FIC MULTIMERCADO;31/03/2017;2,84007
KAPITALO ZETA FIC MULTIMERCADO;03/04/2017;2,8370653
KAPITALO ZETA FIC MULTIMERCADO;04/04/2017;2,8510496
KAPITALO ZETA FIC MULTIMERCADO;05/04/2017;2,8404143
KAPITALO ZETA FIC MULTIMERCADO;06/04/2017;2,8212925
KAPITALO ZETA FIC MULTIMERCADO;07/04/2017;2,8383254
KAPITALO ZETA FIC MULTIMERCADO;10/04/2017;2,8420425
KAPITALO ZETA FIC MULTIMERCADO;11/04/2017;2,8386655
KAPITALO ZETA FIC MULTIMERCADO;12/04/2017;2,8232358
KAPITALO ZETA FIC MULTIMERCADO;13/04/2017;2,8120144
KAPITALO ZETA FIC MULTIMERCADO;17/04/2017;2,8268732
KAPITALO ZETA FIC MULTIMERCADO;18/04/2017;2,8233513
KAPITALO ZETA FIC MULTIMERCADO;19/04/2017;2,8165298
KAPITALO ZETA FIC MULTIMERCADO;20/04/2017;2,8159915
KAPITALO ZETA FIC MULTIMERCADO;24/04/2017;2,8209756
KAPITALO ZETA FIC MULTIMERCADO;25/04/2017;2,8117896
KAPITALO ZETA FIC MULTIMERCADO;26/04/2017;2,8047654
KAPITALO ZETA FIC MULTIMERCADO;27/04/2017;2,7931869
KAPITALO ZETA FIC MULTIMERCADO;28/04/2017;2,8046997
KAPITALO ZETA FIC MULTIMERCADO;02/05/2017;2,8205617
KAPITALO ZETA FIC MULTIMERCADO;03/05/2017;2,8194454
KAPITALO ZETA FIC MULTIMERCADO;04/05/2017;2,7940441
KAPITALO ZETA FIC MULTIMERCADO;05/05/2017;2,8065497
KAPITALO ZETA FIC MULTIMERCADO;08/05/2017;2,8076602
KAPITALO ZETA FIC MULTIMERCADO;09/05/2017;2,8225754
KAPITALO ZETA FIC MULTIMERCADO;10/05/2017;2,8465568
KAPITALO ZETA FIC MULTIMERCADO;11/05/2017;2,8693075
KAPITALO ZETA FIC MULTIMERCADO;12/05/2017;2,8756245
KAPITALO ZETA FIC MULTIMERCADO;15/05/2017;2,8991412
KAPITALO ZETA FIC MULTIMERCADO;16/05/2017;2,9264315
KAPITALO ZETA FIC MULTIMERCADO;17/05/2017;2,9165288
KAPITALO ZETA FIC MULTIMERCADO;18/05/2017;2,6676617
KAPITALO ZETA FIC MULTIMERCADO;19/05/2017;2,7323097
KAPITALO ZETA FIC MULTIMERCADO;22/05/2017;2,7092775
KAPITALO ZETA FIC MULTIMERCADO;23/05/2017;2,7286298
KAPITALO ZETA FIC MULTIMERCADO;24/05/2017;2,7583221
KAPITALO ZETA FIC MULTIMERCADO;25/05/2017;2,7471629
KAPITALO ZETA FIC MULTIMERCADO;26/05/2017;2,7591065
KAPITALO ZETA FIC MULTIMERCADO;29/05/2017;2,7646535
KAPITALO ZETA FIC MULTIMERCADO;30/05/2017;2,7406396
KAPITALO ZETA FIC MULTIMERCADO;31/05/2017;2,741048
KAPITALO ZETA FIC MULTIMERCADO;01/06/2017;2,7391758
KAPITALO ZETA FIC MULTIMERCADO;02/06/2017;2,7497924
KAPITALO ZETA FIC MULTIMERCADO;05/06/2017;2,7474817
KAPITALO ZETA FIC MULTIMERCADO;06/06/2017;2,7587316
KAPITALO ZETA FIC MULTIMERCADO;07/06/2017;2,7585376
KAPITALO ZETA FIC MULTIMERCADO;08/06/2017;2,7615038
KAPITALO ZETA FIC MULTIMERCADO;09/06/2017;2,7787783
KAPITALO ZETA FIC MULTIMERCADO;12/06/2017;2,7744601
KAPITALO ZETA FIC MULTIMERCADO;13/06/2017;2,7838843
KAPITALO ZETA FIC MULTIMERCADO;14/06/2017;2,7757861
KAPITALO ZETA FIC MULTIMERCADO;16/06/2017;2,7873164
KAPITALO ZETA FIC MULTIMERCADO;19/06/2017;2,791904
KAPITALO ZETA FIC MULTIMERCADO;20/06/2017;2,7819882
KAPITALO ZETA FIC MULTIMERCADO;21/06/2017;2,7855734
KAPITALO ZETA FIC MULTIMERCADO;22/06/2017;2,7815946
KAPITALO ZETA FIC MULTIMERCADO;23/06/2017;2,7842715
KAPITALO ZETA FIC MULTIMERCADO;26/06/2017;2,7900057
KAPITALO ZETA FIC MULTIMERCADO;27/06/2017;2,796276
KAPITALO ZETA FIC MULTIMERCADO;28/06/2017;2,7984599
KAPITALO ZETA FIC MULTIMERCADO;29/06/2017;2,8033798
KAPITALO ZETA FIC MULTIMERCADO;30/06/2017;2,8191689
KAPITALO ZETA FIC MULTIMERCADO;03/07/2017;2,8244312
KAPITALO ZETA FIC MULTIMERCADO;04/07/2017;2,8279028
KAPITALO ZETA FIC MULTIMERCADO;05/07/2017;2,8300701
KAPITALO ZETA FIC MULTIMERCADO;06/07/2017;2,8391963
KAPITALO ZETA FIC MULTIMERCADO;07/07/2017;2,8398432
KAPITALO ZETA FIC MULTIMERCADO;10/07/2017;2,8430089
KAPITALO ZETA FIC MULTIMERCADO;11/07/2017;2,8518374
KAPITALO ZETA FIC MULTIMERCADO;12/07/2017;2,8676459
KAPITALO ZETA FIC MULTIMERCADO;13/07/2017;2,8707246
KAPITALO ZETA FIC MULTIMERCADO;14/07/2017;2,8808535
KAPITALO ZETA FIC MULTIMERCADO;17/07/2017;2,8848044
KAPITALO ZETA FIC MULTIMERCADO;18/07/2017;2,8929194
KAPITALO ZETA FIC MULTIMERCADO;19/07/2017;2,9001632
KAPITALO ZETA FIC MULTIMERCADO;20/07/2017;2,910588
KAPITALO ZETA FIC MULTIMERCADO;21/07/2017;2,9141394
KAPITALO ZETA FIC MULTIMERCADO;24/07/2017;2,9211337
KAPITALO ZETA FIC MULTIMERCADO;25/07/2017;2,9286996
KAPITALO ZETA FIC MULTIMERCADO;26/07/2017;2,9175856
KAPITALO ZETA FIC MULTIMERCADO;27/07/2017;2,9319204
KAPITALO ZETA FIC MULTIMERCADO;28/07/2017;2,9436572
KAPITALO ZETA FIC MULTIMERCADO;31/07/2017;2,9484591
KAPITALO ZETA FIC MULTIMERCADO;01/08/2017;2,9495032
KAPITALO ZETA FIC MULTIMERCADO;02/08/2017;2,9630677
KAPITALO ZETA FIC MULTIMERCADO;03/08/2017;2,9695685
KAPITALO ZETA FIC MULTIMERCADO;04/08/2017;2,9662003
KAPITALO ZETA FIC MULTIMERCADO;07/08/2017;2,9681689
KAPITALO ZETA FIC MULTIMERCADO;08/08/2017;2,9676504
KAPITALO ZETA FIC MULTIMERCADO;09/08/2017;2,9598371
KAPITALO ZETA FIC MULTIMERCADO;10/08/2017;2,9528887
KAPITALO ZETA FIC MULTIMERCADO;11/08/2017;2,9459571
KAPITALO ZETA FIC MULTIMERCADO;14/08/2017;2,9517998
KAPITALO ZETA FIC MULTIMERCADO;15/08/2017;2,9542237
KAPITALO ZETA FIC MULTIMERCADO;16/08/2017;2,9478087
KAPITALO ZETA FIC MULTIMERCADO;17/08/2017;2,9420645
KAPITALO ZETA FIC MULTIMERCADO;18/08/2017;2,9541569
KAPITALO ZETA FIC MULTIMERCADO;21/08/2017;2,9437229
KAPITALO ZETA FIC MULTIMERCADO;22/08/2017;2,9625406
KAPITALO ZETA FIC MULTIMERCADO;23/08/2017;2,9696833
KAPITALO ZETA FIC MULTIMERCADO;24/08/2017;2,9718514
KAPITALO ZETA FIC MULTIMERCADO;25/08/2017;2,9801753
KAPITALO ZETA FIC MULTIMERCADO;28/08/2017;2,9859316
KAPITALO ZETA FIC MULTIMERCADO;29/08/2017;2,9892704
KAPITALO ZETA FIC MULTIMERCADO;30/08/2017;2,9848776
KAPITALO ZETA FIC MULTIMERCADO;31/08/2017;2,9956785
KAPITALO ZETA FIC MULTIMERCADO;01/09/2017;3,0152041
KAPITALO ZETA FIC MULTIMERCADO;04/09/2017;3,0203261
KAPITALO ZETA FIC MULTIMERCADO;05/09/2017;3,0196893
KAPITALO ZETA FIC MULTIMERCADO;06/09/2017;3,0480568
KAPITALO ZETA FIC MULTIMERCADO;08/09/2017;3,04972
KAPITALO ZETA FIC MULTIMERCADO;11/09/2017;3,0517263
KAPITALO ZETA FIC MULTIMERCADO;12/09/2017;3,0517818
KAPITALO ZETA FIC MULTIMERCADO;13/09/2017;3,0558716
KAPITALO ZETA FIC MULTIMERCADO;14/09/2017;3,0603409
KAPITALO ZETA FIC MULTIMERCADO;15/09/2017;3,0702825
KAPITALO ZETA FIC MULTIMERCADO;18/09/2017;3,074478
KAPITALO ZETA FIC MULTIMERCADO;19/09/2017;3,0868635
KAPITALO ZETA FIC MULTIMERCADO;20/09/2017;3,1002359
KAPITALO ZETA FIC MULTIMERCADO;21/09/2017;3,1104871
KAPITALO ZETA FIC MULTIMERCADO;22/09/2017;3,1192213
KAPITALO ZETA FIC MULTIMERCADO;25/09/2017;3,1027189
KAPITALO ZETA FIC MULTIMERCADO;26/09/2017;3,1082572
KAPITALO ZETA FIC MULTIMERCADO;27/09/2017;3,1020557
KAPITALO ZETA FIC MULTIMERCADO;28/09/2017;3,1023944
KAPITALO ZETA FIC MULTIMERCADO;29/09/2017;3,1177747
KAPITALO ZETA FIC MULTIMERCADO;02/10/2017;3,1179822
KAPITALO ZETA FIC MULTIMERCADO;03/10/2017;3,1184466
KAPITALO ZETA FIC MULTIMERCADO;04/10/2017;3,1083939
KAPITALO ZETA FIC MULTIMERCADO;05/10/2017;3,1016134
KAPITALO ZETA FIC MULTIMERCADO;06/10/2017;3,1021784
KAPITALO ZETA FIC MULTIMERCADO;09/10/2017;3,0919176
KAPITALO ZETA FIC MULTIMERCADO;10/10/2017;3,1133506
KAPITALO ZETA FIC MULTIMERCADO;11/10/2017;3,1125299
KAPITALO ZETA FIC MULTIMERCADO;13/10/2017;3,1098575
KAPITALO ZETA FIC MULTIMERCADO;16/10/2017;3,0973077
KAPITALO ZETA FIC MULTIMERCADO;17/10/2017;3,0980505
KAPITALO ZETA FIC MULTIMERCADO;18/10/2017;3,1167656
KAPITALO ZETA FIC MULTIMERCADO;19/10/2017;3,1235681
KAPITALO ZETA FIC MULTIMERCADO;20/10/2017;3,1248549
KAPITALO ZETA FIC MULTIMERCADO;23/10/2017;3,1203173
KAPITALO ZETA FIC MULTIMERCADO;24/10/2017;3,1183753
KAPITALO ZETA FIC MULTIMERCADO;25/10/2017;3,122628
KAPITALO ZETA FIC MULTIMERCADO;26/10/2017;3,0766445
KAPITALO ZETA FIC MULTIMERCADO;27/10/2017;3,0935564
KAPITALO ZETA FIC MULTIMERCADO;30/10/2017;3,0784353
KAPITALO ZETA FIC MULTIMERCADO;31/10/2017;3,0837444
KAPITALO ZETA FIC MULTIMERCADO;01/11/2017;3,0731934
KAPITALO ZETA FIC MULTIMERCADO;03/11/2017;3,0526675
KAPITALO ZETA FIC MULTIMERCADO;06/11/2017;3,0790471
KAPITALO ZETA FIC MULTIMERCADO;07/11/2017;3,0535062
KAPITALO ZETA FIC MULTIMERCADO;08/11/2017;3,0813947
KAPITALO ZETA FIC MULTIMERCADO;09/11/2017;3,070024
KAPITALO ZETA FIC MULTIMERCADO;10/11/2017;3,0477152
KAPITALO ZETA FIC MULTIMERCADO;13/11/2017;3,0418479
KAPITALO ZETA FIC MULTIMERCADO;14/11/2017;3,0199953
KAPITALO ZETA FIC MULTIMERCADO;16/11/2017;3,0368418
KAPITALO ZETA FIC MULTIMERCADO;17/11/2017;3,0699889
KAPITALO ZETA FIC MULTIMERCADO;20/11/2017;3,0660574
KAPITALO ZETA FIC MULTIMERCADO;21/11/2017;3,084608
KAPITALO ZETA FIC MULTIMERCADO;22/11/2017;3,1007106
KAPITALO ZETA FIC MULTIMERCADO;23/11/2017;3,1146061
KAPITALO ZETA FIC MULTIMERCADO;24/11/2017;3,1121456
KAPITALO ZETA FIC MULTIMERCADO;27/11/2017;3,1214624
KAPITALO ZETA FIC MULTIMERCADO;28/11/2017;3,1193209
KAPITALO ZETA FIC MULTIMERCADO;29/11/2017;3,0864473
KAPITALO ZETA FIC MULTIMERCADO;30/11/2017;3,0720473
KAPITALO ZETA FIC MULTIMERCADO;01/12/2017;3,0824798
KAPITALO ZETA FIC MULTIMERCADO;04/12/2017;3,0879799
KAPITALO ZETA FIC MULTIMERCADO;05/12/2017;3,0759664
KAPITALO ZETA FIC MULTIMERCADO;06/12/2017;3,0681615
KAPITALO ZETA FIC MULTIMERCADO;07/12/2017;3,0552345
KAPITALO ZETA FIC MULTIMERCADO;08/12/2017;3,0666737
KAPITALO ZETA FIC MULTIMERCADO;11/12/2017;3,0597295
KAPITALO ZETA FIC MULTIMERCADO;12/12/2017;3,0463137
KAPITALO ZETA FIC MULTIMERCADO;13/12/2017;3,0452702
KAPITALO ZETA FIC MULTIMERCADO;14/12/2017;3,0276038
KAPITALO ZETA FIC MULTIMERCADO;15/12/2017;3,0257642
KAPITALO ZETA FIC MULTIMERCADO;18/12/2017;3,0383629
KAPITALO ZETA FIC MULTIMERCADO;19/12/2017;3,029928
KAPITALO ZETA FIC MULTIMERCADO;20/12/2017;3,0517643
KAPITALO ZETA FIC MULTIMERCADO;21/12/2017;3,039655
KAPITALO ZETA FIC MULTIMERCADO;22/12/2017;3,0373591
KAPITALO ZETA FIC MULTIMERCADO;26/12/2017;3,0437411
KAPITALO ZETA FIC MULTIMERCADO;27/12/2017;3,0555764
KAPITALO ZETA FIC MULTIMERCADO;28/12/2017;3,0737017
KAPITALO ZETA FIC MULTIMERCADO;29/12/2017;3,0853609
KAPITALO ZETA FIC MULTIMERCADO;02/01/2018;3,159762
KAPITALO ZETA FIC MULTIMERCADO;03/01/2018;3,1402481
KAPITALO ZETA FIC MULTIMERCADO;04/01/2018;3,1505399
KAPITALO ZETA FIC MULTIMERCADO;05/01/2018;3,1409575
KAPITALO ZETA FIC MULTIMERCADO;08/01/2018;3,1336614
KAPITALO ZETA FIC MULTIMERCADO;09/01/2018;3,1279175
KAPITALO ZETA FIC MULTIMERCADO;10/01/2018;3,1226828
KAPITALO ZETA FIC MULTIMERCADO;11/01/2018;3,1441741
KAPITALO ZETA FIC MULTIMERCADO;12/01/2018;3,1508067
KAPITALO ZETA FIC MULTIMERCADO;15/01/2018;3,1668469
KAPITALO ZETA FIC MULTIMERCADO;16/01/2018;3,1679955
KAPITALO ZETA FIC MULTIMERCADO;17/01/2018;3,1725584
KAPITALO ZETA FIC MULTIMERCADO;18/01/2018;3,1774742
KAPITALO ZETA FIC MULTIMERCADO;19/01/2018;3,1831887
KAPITALO ZETA FIC MULTIMERCADO;22/01/2018;3,1842285
KAPITALO ZETA FIC MULTIMERCADO;23/01/2018;3,1800444
KAPITALO ZETA FIC MULTIMERCADO;24/01/2018;3,2375731
KAPITALO ZETA FIC MULTIMERCADO;25/01/2018;3,2321058
KAPITALO ZETA FIC MULTIMERCADO;26/01/2018;3,258608
KAPITALO ZETA FIC MULTIMERCADO;29/01/2018;3,2444829
KAPITALO ZETA FIC MULTIMERCADO;30/01/2018;3,2311378
KAPITALO ZETA FIC MULTIMERCADO;31/01/2018;3,2462456
KAPITALO ZETA FIC MULTIMERCADO;01/02/2018;3,2668904
KAPITALO ZETA FIC MULTIMERCADO;02/02/2018;3,2591861
KAPITALO ZETA FIC MULTIMERCADO;05/02/2018;3,2399833
KAPITALO ZETA FIC MULTIMERCADO;06/02/2018;3,2594994
KAPITALO ZETA FIC MULTIMERCADO;07/02/2018;3,2535428
KAPITALO ZETA FIC MULTIMERCADO;08/02/2018;3,2420961
KAPITALO ZETA FIC MULTIMERCADO;09/02/2018;3,2301861
KAPITALO ZETA FIC MULTIMERCADO;14/02/2018;3,2664658
KAPITALO ZETA FIC MULTIMERCADO;15/02/2018;3,2769764
KAPITALO ZETA FIC MULTIMERCADO;16/02/2018;3,2859017
KAPITALO ZETA FIC MULTIMERCADO;19/02/2018;3,3131353
KAPITALO ZETA FIC MULTIMERCADO;20/02/2018;3,3175786
KAPITALO ZETA FIC MULTIMERCADO;21/02/2018;3,3360305
KAPITALO ZETA FIC MULTIMERCADO;22/02/2018;3,3360431
KAPITALO ZETA FIC MULTIMERCADO;23/02/2018;3,3420086
KAPITALO ZETA FIC MULTIMERCADO;26/02/2018;3,347279
KAPITALO ZETA FIC MULTIMERCADO;27/02/2018;3,3394339
KAPITALO ZETA FIC MULTIMERCADO;28/02/2018;3,3453839
KAPITALO ZETA FIC MULTIMERCADO;01/03/2018;3,3476581
KAPITALO ZETA FIC MULTIMERCADO;02/03/2018;3,3596814
KAPITALO ZETA FIC MULTIMERCADO;05/03/2018;3,3654435
KAPITALO ZETA FIC MULTIMERCADO;06/03/2018;3,3588558
KAPITALO ZETA FIC MULTIMERCADO;07/03/2018;3,3607785
KAPITALO ZETA FIC MULTIMERCADO;08/03/2018;3,357325
KAPITALO ZETA FIC MULTIMERCADO;09/03/2018;3,3748824
KAPITALO ZETA FIC MULTIMERCADO;12/03/2018;3,3730136
KAPITALO ZETA FIC MULTIMERCADO;13/03/2018;3,3732172
KAPITALO ZETA FIC MULTIMERCADO;14/03/2018;3,3654034
KAPITALO ZETA FIC MULTIMERCADO;15/03/2018;3,3508426
KAPITALO ZETA FIC MULTIMERCADO;16/03/2018;3,3903403
KAPITALO ZETA FIC MULTIMERCADO;19/03/2018;3,3899775
KAPITALO ZETA FIC MULTIMERCADO;20/03/2018;3,3898945
KAPITALO ZETA FIC MULTIMERCADO;21/03/2018;3,4154758
KAPITALO ZETA FIC MULTIMERCADO;22/03/2018;3,4637062
KAPITALO ZETA FIC MULTIMERCADO;23/03/2018;3,4710447
KAPITALO ZETA FIC MULTIMERCADO;26/03/2018;3,4897032
KAPITALO ZETA FIC MULTIMERCADO;27/03/2018;3,4618606
KAPITALO ZETA FIC MULTIMERCADO;28/03/2018;3,4492854
KAPITALO ZETA FIC MULTIMERCADO;29/03/2018;3,4690883
KAPITALO ZETA FIC MULTIMERCADO;02/04/2018;3,4481806
KAPITALO ZETA FIC MULTIMERCADO;03/04/2018;3,4571132
KAPITALO ZETA FIC MULTIMERCADO;04/04/2018;3,454237
KAPITALO ZETA FIC MULTIMERCADO;05/04/2018;3,4838383
KAPITALO ZETA FIC MULTIMERCADO;06/04/2018;3,4885847
KAPITALO ZETA FIC MULTIMERCADO;09/04/2018;3,476817
KAPITALO ZETA FIC MULTIMERCADO;10/04/2018;3,4856543
KAPITALO ZETA FIC MULTIMERCADO;11/04/2018;3,4780939
KAPITALO ZETA FIC MULTIMERCADO;12/04/2018;3,5043515
KAPITALO ZETA FIC MULTIMERCADO;13/04/2018;3,4932772
KAPITALO ZETA FIC MULTIMERCADO;16/04/2018;3,4964766
KAPITALO ZETA FIC MULTIMERCADO;17/04/2018;3,5271157
KAPITALO ZETA FIC MULTIMERCADO;18/04/2018;3,5431319
KAPITALO ZETA FIC MULTIMERCADO;19/04/2018;3,5448889
KAPITALO ZETA FIC MULTIMERCADO;20/04/2018;3,5592449
KAPITALO ZETA FIC MULTIMERCADO;23/04/2018;3,5690146
KAPITALO ZETA FIC MULTIMERCADO;24/04/2018;3,5539725
KAPITALO ZETA FIC MULTIMERCADO;25/04/2018;3,55705
KAPITALO ZETA FIC MULTIMERCADO;26/04/2018;3,5749973
KAPITALO ZETA FIC MULTIMERCADO;27/04/2018;3,575152
KAPITALO ZETA FIC MULTIMERCADO;30/04/2018;3,5684741
KAPITALO ZETA FIC MULTIMERCADO;02/05/2018;3,5536373
KAPITALO ZETA FIC MULTIMERCADO;03/05/2018;3,5406684
KAPITALO ZETA FIC MULTIMERCADO;04/05/2018;3,5327536
KAPITALO ZETA FIC MULTIMERCADO;07/05/2018;3,5260082
KAPITALO ZETA FIC MULTIMERCADO;08/05/2018;3,5227069
KAPITALO ZETA FIC MULTIMERCADO;09/05/2018;3,5498979
KAPITALO ZETA FIC MULTIMERCADO;10/05/2018;3,5791581
KAPITALO ZETA FIC MULTIMERCADO;11/05/2018;3,5714022
KAPITALO ZETA FIC MULTIMERCADO;14/05/2018;3,5598259
KAPITALO ZETA FIC MULTIMERCADO;15/05/2018;3,5498572
KAPITALO ZETA FIC MULTIMERCADO;16/05/2018;3,5586515
KAPITALO ZETA FIC MULTIMERCADO;17/05/2018;3,5236008
KAPITALO ZETA FIC MULTIMERCADO;18/05/2018;3,5021071
KAPITALO ZETA FIC MULTIMERCADO;21/05/2018;3,5258278
KAPITALO ZETA FIC MULTIMERCADO;22/05/2018;3,559727
KAPITALO ZETA FIC MULTIMERCADO;23/05/2018;3,5374524
KAPITALO ZETA FIC MULTIMERCADO;24/05/2018;3,5105222
KAPITALO ZETA FIC MULTIMERCADO;25/05/2018;3,4909224
KAPITALO ZETA FIC MULTIMERCADO;28/05/2018;3,480413
KAPITALO ZETA FIC MULTIMERCADO;29/05/2018;3,4433814
KAPITALO ZETA FIC MULTIMERCADO;30/05/2018;3,4647573
KAPITALO ZETA FIC MULTIMERCADO;01/06/2018;3,4946844
KAPITALO ZETA FIC MULTIMERCADO;04/06/2018;3,5314827
KAPITALO ZETA FIC MULTIMERCADO;05/06/2018;3,5133839
KAPITALO ZETA FIC MULTIMERCADO;06/06/2018;3,529998
KAPITALO ZETA FIC MULTIMERCADO;07/06/2018;3,487417
KAPITALO ZETA FIC MULTIMERCADO;08/06/2018;3,5034711
KAPITALO ZETA FIC MULTIMERCADO;11/06/2018;3,505156
KAPITALO ZETA FIC MULTIMERCADO;12/06/2018;3,5143342
KAPITALO ZETA FIC MULTIMERCADO;13/06/2018;3,5193547
KAPITALO ZETA FIC MULTIMERCADO;14/06/2018;3,503282
KAPITALO ZETA FIC MULTIMERCADO;15/06/2018;3,5015809
KAPITALO ZETA FIC MULTIMERCADO;18/06/2018;3,5008501
KAPITALO ZETA FIC MULTIMERCADO;19/06/2018;3,5015766
KAPITALO ZETA FIC MULTIMERCADO;20/06/2018;3,5173064
KAPITALO ZETA FIC MULTIMERCADO;21/06/2018;3,513011
KAPITALO ZETA FIC MULTIMERCADO;22/06/2018;3,5289068
KAPITALO ZETA FIC MULTIMERCADO;25/06/2018;3,5332845
KAPITALO ZETA FIC MULTIMERCADO;26/06/2018;3,5387492
KAPITALO ZETA FIC MULTIMERCADO;27/06/2018;3,5336078
KAPITALO ZETA FIC MULTIMERCADO;28/06/2018;3,5367679
KAPITALO ZETA FIC MULTIMERCADO;29/06/2018;3,5534469
KAPITALO ZETA FIC MULTIMERCADO;02/07/2018;3,5449296
KAPITALO ZETA FIC MULTIMERCADO;03/07/2018;3,546995
KAPITALO ZETA FIC MULTIMERCADO;04/07/2018;3,5621345
KAPITALO ZETA FIC MULTIMERCADO;05/07/2018;3,5723428
KAPITALO ZETA FIC MULTIMERCADO;06/07/2018;3,5693592
KAPITALO ZETA FIC MULTIMERCADO;09/07/2018;3,5795578
KAPITALO ZETA FIC MULTIMERCADO;10/07/2018;3,5724069
KAPITALO ZETA FIC MULTIMERCADO;11/07/2018;3,5746861
KAPITALO ZETA FIC MULTIMERCADO;12/07/2018;3,5911614
KAPITALO ZETA FIC MULTIMERCADO;13/07/2018;3,5867734
KAPITALO ZETA FIC MULTIMERCADO;16/07/2018;3,5832663
KAPITALO ZETA FIC MULTIMERCADO;17/07/2018;3,5900288
KAPITALO ZETA FIC MULTIMERCADO;18/07/2018;3,5788693
KAPITALO ZETA FIC MULTIMERCADO;19/07/2018;3,5705141
KAPITALO ZETA FIC MULTIMERCADO;20/07/2018;3,5899551
KAPITALO ZETA FIC MULTIMERCADO;23/07/2018;3,6091093
KAPITALO ZETA FIC MULTIMERCADO;24/07/2018;3,6121994
KAPITALO ZETA FIC MULTIMERCADO;25/07/2018;3,614686
KAPITALO ZETA FIC MULTIMERCADO;26/07/2018;3,597073
KAPITALO ZETA FIC MULTIMERCADO;27/07/2018;3,6030574
KAPITALO ZETA FIC MULTIMERCADO;30/07/2018;3,6075183
KAPITALO ZETA FIC MULTIMERCADO;31/07/2018;3,6113416
KAPITALO ZETA FIC MULTIMERCADO;01/08/2018;3,6080984
KAPITALO ZETA FIC MULTIMERCADO;02/08/2018;3,6132053
KAPITALO ZETA FIC MULTIMERCADO;03/08/2018;3,6202285
KAPITALO ZETA FIC MULTIMERCADO;06/08/2018;3,6090331
KAPITALO ZETA FIC MULTIMERCADO;07/08/2018;3,6049505
KAPITALO ZETA FIC MULTIMERCADO;08/08/2018;3,5947
KAPITALO ZETA FIC MULTIMERCADO;09/08/2018;3,5847787
KAPITALO ZETA FIC MULTIMERCADO;10/08/2018;3,5572785
KAPITALO ZETA FIC MULTIMERCADO;13/08/2018;3,5650022
KAPITALO ZETA FIC MULTIMERCADO;14/08/2018;3,5625913
KAPITALO ZETA FIC MULTIMERCADO;15/08/2018;3,5297229
KAPITALO ZETA FIC MULTIMERCADO;16/08/2018;3,5271135
KAPITALO ZETA FIC MULTIMERCADO;17/08/2018;3,5237822
KAPITALO ZETA FIC MULTIMERCADO;20/08/2018;3,544889
KAPITALO ZETA FIC MULTIMERCADO;21/08/2018;3,5625654
KAPITALO ZETA FIC MULTIMERCADO;22/08/2018;3,5733224
KAPITALO ZETA FIC MULTIMERCADO;23/08/2018;3,5656746
KAPITALO ZETA FIC MULTIMERCADO;24/08/2018;3,5847578
KAPITALO ZETA FIC MULTIMERCADO;27/08/2018;3,6055077
KAPITALO ZETA FIC MULTIMERCADO;28/08/2018;3,6091251
KAPITALO ZETA FIC MULTIMERCADO;29/08/2018;3,6188725
KAPITALO ZETA FIC MULTIMERCADO;30/08/2018;3,5963394
KAPITALO ZETA FIC MULTIMERCADO;31/08/2018;3,6005262
KAPITALO ZETA FIC MULTIMERCADO;03/09/2018;3,6030437
KAPITALO ZETA FIC MULTIMERCADO;04/09/2018;3,6026015
KAPITALO ZETA FIC MULTIMERCADO;05/09/2018;3,6268603
KAPITALO ZETA FIC MULTIMERCADO;06/09/2018;3,6368344
KAPITALO ZETA FIC MULTIMERCADO;10/09/2018;3,6394472
KAPITALO ZETA FIC MULTIMERCADO;11/09/2018;3,6444527
KAPITALO ZETA FIC MULTIMERCADO;12/09/2018;3,6475675
KAPITALO ZETA FIC MULTIMERCADO;13/09/2018;3,6513717
KAPITALO ZETA FIC MULTIMERCADO;14/09/2018;3,6544655
KAPITALO ZETA FIC MULTIMERCADO;17/09/2018;3,6554936
KAPITALO ZETA FIC MULTIMERCADO;18/09/2018;3,6572117
KAPITALO ZETA FIC MULTIMERCADO;19/09/2018;3,6532595
KAPITALO ZETA FIC MULTIMERCADO;20/09/2018;3,6671534
KAPITALO ZETA FIC MULTIMERCADO;21/09/2018;3,6747263
KAPITALO ZETA FIC MULTIMERCADO;24/09/2018;3,6655603
KAPITALO ZETA FIC MULTIMERCADO;25/09/2018;3,6831611
KAPITALO ZETA FIC MULTIMERCADO;26/09/2018;3,6713552
KAPITALO ZETA FIC MULTIMERCADO;27/09/2018;3,6869988
KAPITALO ZETA FIC MULTIMERCADO;28/09/2018;3,6864351
KAPITALO ZETA FIC MULTIMERCADO;01/10/2018;3,6845389
KAPITALO ZETA FIC MULTIMERCADO;02/10/2018;3,6864791
KAPITALO ZETA FIC MULTIMERCADO;03/10/2018;3,7142905
KAPITALO ZETA FIC MULTIMERCADO;04/10/2018;3,7115729
KAPITALO ZETA FIC MULTIMERCADO;05/10/2018;3,7175475
KAPITALO ZETA FIC MULTIMERCADO;08/10/2018;3,7606899
KAPITALO ZETA FIC MULTIMERCADO;09/10/2018;3,7736682
KAPITALO ZETA FIC MULTIMERCADO;10/10/2018;3,7439966
KAPITALO ZETA FIC MULTIMERCADO;11/10/2018;3,7144333
KAPITALO ZETA FIC MULTIMERCADO;15/10/2018;3,7268798
KAPITALO ZETA FIC MULTIMERCADO;16/10/2018;3,7684462
KAPITALO ZETA FIC MULTIMERCADO;17/10/2018;3,7709647
KAPITALO ZETA FIC MULTIMERCADO;18/10/2018;3,730651
KAPITALO ZETA FIC MULTIMERCADO;19/10/2018;3,7298469
KAPITALO ZETA FIC MULTIMERCADO;22/10/2018;3,7733395
KAPITALO ZETA FIC MULTIMERCADO;23/10/2018;3,7602896
KAPITALO ZETA FIC MULTIMERCADO;24/10/2018;3,7267141
KAPITALO ZETA FIC MULTIMERCADO;25/10/2018;3,7684575
KAPITALO ZETA FIC MULTIMERCADO;26/10/2018;3,8185821
KAPITALO ZETA FIC MULTIMERCADO;29/10/2018;3,7513186
KAPITALO ZETA FIC MULTIMERCADO;30/10/2018;3,8050458
KAPITALO ZETA FIC MULTIMERCADO;31/10/2018;3,8098059
KAPITALO ZETA FIC MULTIMERCADO;01/11/2018;3,8066865
KAPITALO ZETA FIC MULTIMERCADO;05/11/2018;3,816155
KAPITALO ZETA FIC MULTIMERCADO;06/11/2018;3,7851524
KAPITALO ZETA FIC MULTIMERCADO;07/11/2018;3,7723784
KAPITALO ZETA FIC MULTIMERCADO;08/11/2018;3,741365
KAPITALO ZETA FIC MULTIMERCADO;09/11/2018;3,7464769
KAPITALO ZETA FIC MULTIMERCADO;12/11/2018;3,7355033
KAPITALO ZETA FIC MULTIMERCADO;13/11/2018;3,7161029
KAPITALO ZETA FIC MULTIMERCADO;14/11/2018;3,7332874
KAPITALO ZETA FIC MULTIMERCADO;16/11/2018;3,7671833
KAPITALO ZETA FIC MULTIMERCADO;19/11/2018;3,742857
KAPITALO ZETA FIC MULTIMERCADO;20/11/2018;3,7286021
KAPITALO ZETA FIC MULTIMERCADO;21/11/2018;3,7125696
KAPITALO ZETA FIC MULTIMERCADO;22/11/2018;3,7274259
KAPITALO ZETA FIC MULTIMERCADO;23/11/2018;3,6976337
KAPITALO ZETA FIC MULTIMERCADO;26/11/2018;3,6501977
KAPITALO ZETA FIC MULTIMERCADO;27/11/2018;3,6881476
KAPITALO ZETA FIC MULTIMERCADO;28/11/2018;3,7089391
KAPITALO ZETA FIC MULTIMERCADO;29/11/2018;3,7085951
KAPITALO ZETA FIC MULTIMERCADO;30/11/2018;3,7097698
KAPITALO ZETA FIC MULTIMERCADO;03/12/2018;3,74185
KAPITALO ZETA FIC MULTIMERCADO;04/12/2018;3,6898121
KAPITALO ZETA FIC MULTIMERCADO;05/12/2018;3,7042672
KAPITALO ZETA FIC MULTIMERCADO;06/12/2018;3,6744363
KAPITALO ZETA FIC MULTIMERCADO;07/12/2018;3,6555733
KAPITALO ZETA FIC MULTIMERCADO;10/12/2018;3,6096041
KAPITALO ZETA FIC MULTIMERCADO;11/12/2018;3,6206437
KAPITALO ZETA FIC MULTIMERCADO;12/12/2018;3,6598056
KAPITALO ZETA FIC MULTIMERCADO;13/12/2018;3,6661426
KAPITALO ZETA FIC MULTIMERCADO;14/12/2018;3,6539581
KAPITALO ZETA FIC MULTIMERCADO;17/12/2018;3,6106572
KAPITALO ZETA FIC MULTIMERCADO;18/12/2018;3,6002359
KAPITALO ZETA FIC MULTIMERCADO;19/12/2018;3,61086
KAPITALO ZETA FIC MULTIMERCADO;20/12/2018;3,6138565
KAPITALO ZETA FIC MULTIMERCADO;21/12/2018;3,5941865
KAPITALO ZETA FIC MULTIMERCADO;24/12/2018;3,5941489
KAPITALO ZETA FIC MULTIMERCADO;26/12/2018;3,5908807
KAPITALO ZETA FIC MULTIMERCADO;27/12/2018;3,5985048
KAPITALO ZETA FIC MULTIMERCADO;28/12/2018;3,6364324
KAPITALO ZETA FIC MULTIMERCADO;31/12/2018;3,6363106
KAPITALO ZETA FIC MULTIMERCADO;02/01/2019;3,690487
KAPITALO ZETA FIC MULTIMERCADO;03/01/2019;3,6920091
KAPITALO ZETA FIC MULTIMERCADO;04/01/2019;3,7126578
KAPITALO ZETA FIC MULTIMERCADO;07/01/2019;3,7052845
KAPITALO ZETA FIC MULTIMERCADO;08/01/2019;3,7181771
KAPITALO ZETA FIC MULTIMERCADO;09/01/2019;3,7472029
KAPITALO ZETA FIC MULTIMERCADO;10/01/2019;3,7375703
KAPITALO ZETA FIC MULTIMERCADO;11/01/2019;3,7220746
KAPITALO ZETA FIC MULTIMERCADO;14/01/2019;3,7251991
KAPITALO ZETA FIC MULTIMERCADO;15/01/2019;3,725935
KAPITALO ZETA FIC MULTIMERCADO;16/01/2019;3,7334427
KAPITALO ZETA FIC MULTIMERCADO;17/01/2019;3,7422769
KAPITALO ZETA FIC MULTIMERCADO;18/01/2019;3,7606194
KAPITALO ZETA FIC MULTIMERCADO;21/01/2019;3,7687453
KAPITALO ZETA FIC MULTIMERCADO;22/01/2019;3,7372047
KAPITALO ZETA FIC MULTIMERCADO;23/01/2019;3,7627254
KAPITALO ZETA FIC MULTIMERCADO;24/01/2019;3,7696904
KAPITALO ZETA FIC MULTIMERCADO;25/01/2019;3,7699709
KAPITALO ZETA FIC MULTIMERCADO;28/01/2019;3,7500636
KAPITALO ZETA FIC MULTIMERCADO;29/01/2019;3,7689938
KAPITALO ZETA FIC MULTIMERCADO;30/01/2019;3,7788415
KAPITALO ZETA FIC MULTIMERCADO;31/01/2019;3,7966681
KAPITALO ZETA FIC MULTIMERCADO;01/02/2019;3,7966302
KAPITALO ZETA FIC MULTIMERCADO;04/02/2019;3,8041417
KAPITALO ZETA FIC MULTIMERCADO;05/02/2019;3,8081346
KAPITALO ZETA FIC MULTIMERCADO;06/02/2019;3,7894602
KAPITALO ZETA FIC MULTIMERCADO;07/02/2019;3,772529
KAPITALO ZETA FIC MULTIMERCADO;08/02/2019;3,772997
KAPITALO ZETA FIC MULTIMERCADO;11/02/2019;3,7517388
KAPITALO ZETA FIC MULTIMERCADO;12/02/2019;3,7836817
KAPITALO ZETA FIC MULTIMERCADO;13/02/2019;3,7871414
KAPITALO ZETA FIC MULTIMERCADO;14/02/2019;3,8049905
KAPITALO ZETA FIC MULTIMERCADO;15/02/2019;3,8160907
KAPITALO ZETA FIC MULTIMERCADO;18/02/2019;3,8157801
KAPITALO ZETA FIC MULTIMERCADO;19/02/2019;3,8195351
KAPITALO ZETA FIC MULTIMERCADO;20/02/2019;3,8133755
KAPITALO ZETA FIC MULTIMERCADO;21/02/2019;3,8083939
KAPITALO ZETA FIC MULTIMERCADO;22/02/2019;3,8204964
KAPITALO ZETA FIC MULTIMERCADO;25/02/2019;3,8145023
KAPITALO ZETA FIC MULTIMERCADO;26/02/2019;3,8223561
KAPITALO ZETA FIC MULTIMERCADO;27/02/2019;3,8293797
KAPITALO ZETA FIC MULTIMERCADO;28/02/2019;3,8259413
KAPITALO ZETA FIC MULTIMERCADO;01/03/2019;3,8189256
KAPITALO ZETA FIC MULTIMERCADO;06/03/2019;3,8102912
KAPITALO ZETA FIC MULTIMERCADO;07/03/2019;3,8040772
KAPITALO ZETA FIC MULTIMERCADO;08/03/2019;3,8074546
KAPITALO ZETA FIC MULTIMERCADO;11/03/2019;3,8444886
KAPITALO ZETA FIC MULTIMERCADO;12/03/2019;3,8451412
KAPITALO ZETA FIC MULTIMERCADO;13/03/2019;3,8708138
KAPITALO ZETA FIC MULTIMERCADO;14/03/2019;3,8598406
KAPITALO ZETA FIC MULTIMERCADO;15/03/2019;3,8735982
KAPITALO ZETA FIC MULTIMERCADO;18/03/2019;3,8887444
KAPITALO ZETA FIC MULTIMERCADO;19/03/2019;3,8802901
KAPITALO ZETA FIC MULTIMERCADO;20/03/2019;3,875125
KAPITALO ZETA FIC MULTIMERCADO;21/03/2019;3,8680699
KAPITALO ZETA FIC MULTIMERCADO;22/03/2019;3,8077848
KAPITALO ZETA FIC MULTIMERCADO;25/03/2019;3,8198452
KAPITALO ZETA FIC MULTIMERCADO;26/03/2019;3,8203452
KAPITALO ZETA FIC MULTIMERCADO;27/03/2019;3,7797604
KAPITALO ZETA FIC MULTIMERCADO;28/03/2019;3,802229
KAPITALO ZETA FIC MULTIMERCADO;29/03/2019;3,8175144
KAPITALO ZETA FIC MULTIMERCADO;01/04/2019;3,8443128
KAPITALO ZETA FIC MULTIMERCADO;02/04/2019;3,8444714
KAPITALO ZETA FIC MULTIMERCADO;03/04/2019;3,8368639
KAPITALO ZETA FIC MULTIMERCADO;04/04/2019;3,847314
KAPITALO ZETA FIC MULTIMERCADO;05/04/2019;3,8453907
KAPITALO ZETA FIC MULTIMERCADO;08/04/2019;3,8477199
KAPITALO ZETA FIC MULTIMERCADO;09/04/2019;3,8258052
KAPITALO ZETA FIC MULTIMERCADO;10/04/2019;3,8310019
KAPITALO ZETA FIC MULTIMERCADO;11/04/2019;3,8001394
KAPITALO ZETA FIC MULTIMERCADO;12/04/2019;3,7762321
KAPITALO ZETA FIC MULTIMERCADO;15/04/2019;3,7683933
KAPITALO ZETA FIC MULTIMERCADO;16/04/2019;3,7741384
KAPITALO ZETA FIC MULTIMERCADO;17/04/2019;3,7613762
KAPITALO ZETA FIC MULTIMERCADO;18/04/2019;3,7947624
KAPITALO ZETA FIC MULTIMERCADO;22/04/2019;3,7920985
KAPITALO ZETA FIC MULTIMERCADO;23/04/2019;3,8104324
KAPITALO ZETA FIC MULTIMERCADO;24/04/2019;3,7955074
KAPITALO ZETA FIC MULTIMERCADO;25/04/2019;3,8180229
KAPITALO ZETA FIC MULTIMERCADO;26/04/2019;3,8102819
KAPITALO ZETA FIC MULTIMERCADO;29/04/2019;3,8041869
KAPITALO ZETA FIC MULTIMERCADO;30/04/2019;3,8122227
KAPITALO ZETA FIC MULTIMERCADO;02/05/2019;3,8009492
KAPITALO ZETA FIC MULTIMERCADO;03/05/2019;3,8161581
KAPITALO ZETA FIC MULTIMERCADO;06/05/2019;3,8010749
KAPITALO ZETA FIC MULTIMERCADO;07/05/2019;3,7967507
KAPITALO ZETA FIC MULTIMERCADO;08/05/2019;3,8285876
KAPITALO ZETA FIC MULTIMERCADO;09/05/2019;3,8291444
KAPITALO ZETA FIC MULTIMERCADO;10/05/2019;3,8092648
KAPITALO ZETA FIC MULTIMERCADO;13/05/2019;3,78224
KAPITALO ZETA FIC MULTIMERCADO;14/05/2019;3,7773836
KAPITALO ZETA FIC MULTIMERCADO;15/05/2019;3,7718449
KAPITALO ZETA FIC MULTIMERCADO;16/05/2019;3,7560768
KAPITALO ZETA FIC MULTIMERCADO;17/05/2019;3,746119
KAPITALO ZETA FIC MULTIMERCADO;20/05/2019;3,7620572
KAPITALO ZETA FIC MULTIMERCADO;21/05/2019;3,787903
KAPITALO ZETA FIC MULTIMERCADO;22/05/2019;3,7803937
KAPITALO ZETA FIC MULTIMERCADO;23/05/2019;3,7700089
KAPITALO ZETA FIC MULTIMERCADO;24/05/2019;3,772875
KAPITALO ZETA FIC MULTIMERCADO;27/05/2019;3,7775683
KAPITALO ZETA FIC MULTIMERCADO;28/05/2019;3,8013222
KAPITALO ZETA FIC MULTIMERCADO;29/05/2019;3,8068535
KAPITALO ZETA FIC MULTIMERCADO;30/05/2019;3,8072336
KAPITALO ZETA FIC MULTIMERCADO;31/05/2019;3,7928256
KAPITALO ZETA FIC MULTIMERCADO;03/06/2019;3,8058782
KAPITALO ZETA FIC MULTIMERCADO;04/06/2019;3,8215204
KAPITALO ZETA FIC MULTIMERCADO;05/06/2019;3,8075399
KAPITALO ZETA FIC MULTIMERCADO;06/06/2019;3,8335936
KAPITALO ZETA FIC MULTIMERCADO;07/06/2019;3,8512165
KAPITALO ZETA FIC MULTIMERCADO;10/06/2019;3,8533177
KAPITALO ZETA FIC MULTIMERCADO;11/06/2019;3,8693994
KAPITALO ZETA FIC MULTIMERCADO;12/06/2019;3,8565512
KAPITALO ZETA FIC MULTIMERCADO;13/06/2019;3,8781221
KAPITALO ZETA FIC MULTIMERCADO;14/06/2019;3,8557955
KAPITALO ZETA FIC MULTIMERCADO;17/06/2019;3,8478616
KAPITALO ZETA FIC MULTIMERCADO;18/06/2019;3,8773203
KAPITALO ZETA FIC MULTIMERCADO;19/06/2019;3,8943894
KAPITALO ZETA FIC MULTIMERCADO;21/06/2019;3,9350147
KAPITALO ZETA FIC MULTIMERCADO;24/06/2019;3,9459082
KAPITALO ZETA FIC MULTIMERCADO;25/06/2019;3,9138477
KAPITALO ZETA FIC MULTIMERCADO;26/06/2019;3,9185112
KAPITALO ZETA FIC MULTIMERCADO;27/06/2019;3,9249512
KAPITALO ZETA FIC MULTIMERCADO;28/06/2019;3,9440007
KAPITALO ZETA FIC MULTIMERCADO;01/07/2019;3,9345333
KAPITALO ZETA FIC MULTIMERCADO;02/07/2019;3,9085138
KAPITALO ZETA FIC MULTIMERCADO;03/07/2019;3,9383302
KAPITALO ZETA FIC MULTIMERCADO;04/07/2019;3,971033
KAPITALO ZETA FIC MULTIMERCADO;05/07/2019;3,9768353
KAPITALO ZETA FIC MULTIMERCADO;08/07/2019;3,9852888
KAPITALO ZETA FIC MULTIMERCADO;09/07/2019;3,9853768
KAPITALO ZETA FIC MULTIMERCADO;10/07/2019;4,0164194
KAPITALO ZETA FIC MULTIMERCADO;11/07/2019;4,0177064
KAPITALO ZETA FIC MULTIMERCADO;12/07/2019;4,0247718
KAPITALO ZETA FIC MULTIMERCADO;15/07/2019;4,0158979
KAPITALO ZETA FIC MULTIMERCADO;16/07/2019;4,0061903
KAPITALO ZETA FIC MULTIMERCADO;17/07/2019;4,0179596
KAPITALO ZETA FIC MULTIMERCADO;18/07/2019;4,0336346
KAPITALO ZETA FIC MULTIMERCADO;19/07/2019;4,0087345
KAPITALO ZETA FIC MULTIMERCADO;22/07/2019;4,0090479
KAPITALO ZETA FIC MULTIMERCADO;23/07/2019;3,9927647
KAPITALO ZETA FIC MULTIMERCADO;24/07/2019;3,9838447
KAPITALO ZETA FIC MULTIMERCADO;25/07/2019;3,9414358
KAPITALO ZETA FIC MULTIMERCADO;26/07/2019;3,9558277
KAPITALO ZETA FIC MULTIMERCADO;29/07/2019;3,9442521
KAPITALO ZETA FIC MULTIMERCADO;30/07/2019;3,9309541
KAPITALO ZETA FIC MULTIMERCADO;31/07/2019;3,9125268
KAPITALO ZETA FIC MULTIMERCADO;01/08/2019;3,9144211
KAPITALO ZETA FIC MULTIMERCADO;02/08/2019;3,9094964
KAPITALO ZETA FIC MULTIMERCADO;05/08/2019;3,8635558
KAPITALO ZETA FIC MULTIMERCADO;06/08/2019;3,899697
KAPITALO ZETA FIC MULTIMERCADO;07/08/2019;3,901881
KAPITALO ZETA FIC MULTIMERCADO;08/08/2019;3,9666632
KAPITALO ZETA FIC MULTIMERCADO;09/08/2019;3,9805146
KAPITALO ZETA FIC MULTIMERCADO;12/08/2019;3,9448978
KAPITALO ZETA FIC MULTIMERCADO;13/08/2019;3,9798344
KAPITALO ZETA FIC MULTIMERCADO;14/08/2019;3,9259748
KAPITALO ZETA FIC MULTIMERCADO;15/08/2019;3,924044
KAPITALO ZETA FIC MULTIMERCADO;16/08/2019;3,9649074
KAPITALO ZETA FIC MULTIMERCADO;19/08/2019;3,9585728
KAPITALO ZETA FIC MULTIMERCADO;20/08/2019;3,9538004
KAPITALO ZETA FIC MULTIMERCADO;21/08/2019;3,9811414
KAPITALO ZETA FIC MULTIMERCADO;22/08/2019;3,9719418
KAPITALO ZETA FIC MULTIMERCADO;23/08/2019;3,9038401
KAPITALO ZETA FIC MULTIMERCADO;26/08/2019;3,8604353
KAPITALO ZETA FIC MULTIMERCADO;27/08/2019;3,8847859
KAPITALO ZETA FIC MULTIMERCADO;28/08/2019;3,8775487
KAPITALO ZETA FIC MULTIMERCADO;29/08/2019;3,8912945
KAPITALO ZETA FIC MULTIMERCADO;30/08/2019;3,9194342
KAPITALO ZETA FIC MULTIMERCADO;02/09/2019;3,9242149
KAPITALO ZETA FIC MULTIMERCADO;03/09/2019;3,9145798
KAPITALO ZETA FIC MULTIMERCADO;04/09/2019;3,9278857
KAPITALO ZETA FIC MULTIMERCADO;05/09/2019;3,9261451
KAPITALO ZETA FIC MULTIMERCADO;06/09/2019;3,926046
KAPITALO ZETA FIC MULTIMERCADO;09/09/2019;3,9275786
KAPITALO ZETA FIC MULTIMERCADO;10/09/2019;3,9340327
KAPITALO ZETA FIC MULTIMERCADO;11/09/2019;3,9615514
KAPITALO ZETA FIC MULTIMERCADO;12/09/2019;3,9718081
KAPITALO ZETA FIC MULTIMERCADO;13/09/2019;3,9527273
KAPITALO ZETA FIC MULTIMERCADO;16/09/2019;3,9375717
KAPITALO ZETA FIC MULTIMERCADO;17/09/2019;3,937857
KAPITALO ZETA FIC MULTIMERCADO;18/09/2019;3,9432125
KAPITALO ZETA FIC MULTIMERCADO;19/09/2019;3,9479961
KAPITALO ZETA FIC MULTIMERCADO;20/09/2019;3,9374824
KAPITALO ZETA FIC MULTIMERCADO;23/09/2019;3,9408093
KAPITALO ZETA FIC MULTIMERCADO;24/09/2019;3,9041157
KAPITALO ZETA FIC MULTIMERCADO;25/09/2019;3,9275097
KAPITALO ZETA FIC MULTIMERCADO;26/09/2019;3,9505839
KAPITALO ZETA FIC MULTIMERCADO;27/09/2019;3,9540339
KAPITALO ZETA FIC MULTIMERCADO;30/09/2019;3,966524
KAPITALO ZETA FIC MULTIMERCADO;01/10/2019;3,9484119
KAPITALO ZETA FIC MULTIMERCADO;02/10/2019;3,921674
KAPITALO ZETA FIC MULTIMERCADO;03/10/2019;3,9326375
KAPITALO ZETA FIC MULTIMERCADO;04/10/2019;3,9414713
KAPITALO ZETA FIC MULTIMERCADO;07/10/2019;3,9046092
KAPITALO ZETA FIC MULTIMERCADO;08/10/2019;3,9107036
KAPITALO ZETA FIC MULTIMERCADO;09/10/2019;3,9236727
KAPITALO ZETA FIC MULTIMERCADO;10/10/2019;3,9488249
KAPITALO ZETA FIC MULTIMERCADO;11/10/2019;3,990187
KAPITALO ZETA FIC MULTIMERCADO;14/10/2019;3,9871908
KAPITALO ZETA FIC MULTIMERCADO;15/10/2019;3,9829801
KAPITALO ZETA FIC MULTIMERCADO;16/10/2019;3,9986074
KAPITALO ZETA FIC MULTIMERCADO;17/10/2019;3,9898184
KAPITALO ZETA FIC MULTIMERCADO;18/10/2019;3,9962268
KAPITALO ZETA FIC MULTIMERCADO;21/10/2019;4,0165405
KAPITALO ZETA FIC MULTIMERCADO;22/10/2019;4,0309064
KAPITALO ZETA FIC MULTIMERCADO;23/10/2019;4,0528889
KAPITALO ZETA FIC MULTIMERCADO;24/10/2019;4,0489031
KAPITALO ZETA FIC MULTIMERCADO;25/10/2019;4,0746436
KAPITALO ZETA FIC MULTIMERCADO;28/10/2019;4,0872542
KAPITALO ZETA FIC MULTIMERCADO;29/10/2019;4,0863635
KAPITALO ZETA FIC MULTIMERCADO;30/10/2019;4,1072808
KAPITALO ZETA FIC MULTIMERCADO;31/10/2019;4,0843029
KAPITALO ZETA FIC MULTIMERCADO;01/11/2019;4,1019008
KAPITALO ZETA FIC MULTIMERCADO;04/11/2019;4,1235299
KAPITALO ZETA FIC MULTIMERCADO;05/11/2019;4,1314956
KAPITALO ZETA FIC MULTIMERCADO;06/11/2019;4,1214815
KAPITALO ZETA FIC MULTIMERCADO;07/11/2019;4,1446958
KAPITALO ZETA FIC MULTIMERCADO;08/11/2019;4,1183222
KAPITALO ZETA FIC MULTIMERCADO;11/11/2019;4,1277236
KAPITALO ZETA FIC MULTIMERCADO;12/11/2019;4,0979341
KAPITALO ZETA FIC MULTIMERCADO;13/11/2019;4,0786896
KAPITALO ZETA FIC MULTIMERCADO;14/11/2019;4,0828008
KAPITALO ZETA FIC MULTIMERCADO;18/11/2019;4,0764652
KAPITALO ZETA FIC MULTIMERCADO;19/11/2019;4,0645266
KAPITALO ZETA FIC MULTIMERCADO;20/11/2019;4,0646844
KAPITALO ZETA FIC MULTIMERCADO;21/11/2019;4,08428
KAPITALO ZETA FIC MULTIMERCADO;22/11/2019;4,104732
KAPITALO ZETA FIC MULTIMERCADO;25/11/2019;4,0970998
KAPITALO ZETA FIC MULTIMERCADO;26/11/2019;4,076351
KAPITALO ZETA FIC MULTIMERCADO;27/11/2019;4,0830593
KAPITALO ZETA FIC MULTIMERCADO;28/11/2019;4,0905593
KAPITALO ZETA FIC MULTIMERCADO;29/11/2019;4,078558
KAPITALO ZETA FIC MULTIMERCADO;02/12/2019;4,0634724
KAPITALO ZETA FIC MULTIMERCADO;03/12/2019;4,0354875
KAPITALO ZETA FIC MULTIMERCADO;04/12/2019;4,0622139
KAPITALO ZETA FIC MULTIMERCADO;05/12/2019;4,0652444
KAPITALO ZETA FIC MULTIMERCADO;06/12/2019;4,1097263
KAPITALO ZETA FIC MULTIMERCADO;09/12/2019;4,099881
KAPITALO ZETA FIC MULTIMERCADO;10/12/2019;4,0936731
KAPITALO ZETA FIC MULTIMERCADO;11/12/2019;4,1089795
KAPITALO ZETA FIC MULTIMERCADO;12/12/2019;4,1595436
KAPITALO ZETA FIC MULTIMERCADO;13/12/2019;4,1469194
KAPITALO ZETA FIC MULTIMERCADO;16/12/2019;4,1511276
KAPITALO ZETA FIC MULTIMERCADO;17/12/2019;4,1170546
KAPITALO ZETA FIC MULTIMERCADO;18/12/2019;4,1450696
KAPITALO ZETA FIC MULTIMERCADO;19/12/2019;4,1347906
KAPITALO ZETA FIC MULTIMERCADO;20/12/2019;4,1592037
KAPITALO ZETA FIC MULTIMERCADO;23/12/2019;4,1601972
KAPITALO ZETA FIC MULTIMERCADO;24/12/2019;4,1606657
KAPITALO ZETA FIC MULTIMERCADO;26/12/2019;4,1978092
KAPITALO ZETA FIC MULTIMERCADO;27/12/2019;4,2007869
KAPITALO ZETA FIC MULTIMERCADO;30/12/2019;4,2081148
KAPITALO ZETA FIC MULTIMERCADO;31/12/2019;4,2084946
KAPITALO ZETA FIC MULTIMERCADO;02/01/2020;4,245001
KAPITALO ZETA FIC MULTIMERCADO;03/01/2020;4,215192
KAPITALO ZETA FIC MULTIMERCADO;06/01/2020;4,1930743
KAPITALO ZETA FIC MULTIMERCADO;07/01/2020;4,1982719
KAPITALO ZETA FIC MULTIMERCADO;08/01/2020;4,2170044
KAPITALO ZETA FIC MULTIMERCADO;09/01/2020;4,2213356
KAPITALO ZETA FIC MULTIMERCADO;10/01/2020;4,2327425
KAPITALO ZETA FIC MULTIMERCADO;13/01/2020;4,2566274
KAPITALO ZETA FIC MULTIMERCADO;14/01/2020;4,2607121
KAPITALO ZETA FIC MULTIMERCADO;15/01/2020;4,254015
KAPITALO ZETA FIC MULTIMERCADO;16/01/2020;4,2503716
KAPITALO ZETA FIC MULTIMERCADO;17/01/2020;4,2780479
KAPITALO ZETA FIC MULTIMERCADO;20/01/2020;4,2826192
KAPITALO ZETA FIC MULTIMERCADO;21/01/2020;4,2537059
KAPITALO ZETA FIC MULTIMERCADO;22/01/2020;4,2766854
KAPITALO ZETA FIC MULTIMERCADO;23/01/2020;4,2714798
KAPITALO ZETA FIC MULTIMERCADO;24/01/2020;4,243216
KAPITALO ZETA FIC MULTIMERCADO;27/01/2020;4,1699551
KAPITALO ZETA FIC MULTIMERCADO;28/01/2020;4,1981136
KAPITALO ZETA FIC MULTIMERCADO;29/01/2020;4,1904041
KAPITALO ZETA FIC MULTIMERCADO;30/01/2020;4,157057
KAPITALO ZETA FIC MULTIMERCADO;31/01/2020;4,1208195
KAPITALO ZETA FIC MULTIMERCADO;03/02/2020;4,1443798
KAPITALO ZETA FIC MULTIMERCADO;04/02/2020;4,1750878
KAPITALO ZETA FIC MULTIMERCADO;05/02/2020;4,2113974
KAPITALO ZETA FIC MULTIMERCADO;06/02/2020;4,19566
KAPITALO ZETA FIC MULTIMERCADO;07/02/2020;4,1412136
KAPITALO ZETA FIC MULTIMERCADO;10/02/2020;4,1340384
KAPITALO ZETA FIC MULTIMERCADO;11/02/2020;4,1868186
KAPITALO ZETA FIC MULTIMERCADO;12/02/2020;4,2244823
KAPITALO ZETA FIC MULTIMERCADO;13/02/2020;4,2130603
KAPITALO ZETA FIC MULTIMERCADO;14/02/2020;4,1967242
KAPITALO ZETA FIC MULTIMERCADO;17/02/2020;4,2003074
KAPITALO ZETA FIC MULTIMERCADO;18/02/2020;4,2000735
KAPITALO ZETA FIC MULTIMERCADO;19/02/2020;4,2287868
KAPITALO ZETA FIC MULTIMERCADO;20/02/2020;4,1862446
KAPITALO ZETA FIC MULTIMERCADO;21/02/2020;4,1665829
KAPITALO ZETA FIC MULTIMERCADO;26/02/2020;4,0059204
KAPITALO ZETA FIC MULTIMERCADO;27/02/2020;3,9819139
KAPITALO ZETA FIC MULTIMERCADO;28/02/2020;3,9986372
KAPITALO ZETA FIC MULTIMERCADO;02/03/2020;4,0383518
KAPITALO ZETA FIC MULTIMERCADO;03/03/2020;3,9993282
KAPITALO ZETA FIC MULTIMERCADO;04/03/2020;4,06124
KAPITALO ZETA FIC MULTIMERCADO;05/03/2020;3,9850265
KAPITALO ZETA FIC MULTIMERCADO;06/03/2020;3,9002651
KAPITALO ZETA FIC MULTIMERCADO;09/03/2020;3,7008678
KAPITALO ZETA FIC MULTIMERCADO;10/03/2020;3,7465917
KAPITALO ZETA FIC MULTIMERCADO;11/03/2020;3,6208162
KAPITALO ZETA FIC MULTIMERCADO;12/03/2020;3,2275114
KAPITALO ZETA FIC MULTIMERCADO;13/03/2020;3,4678441
KAPITALO ZETA FIC MULTIMERCADO;16/03/2020;3,5132629
KAPITALO ZETA FIC MULTIMERCADO;17/03/2020;3,5360093
KAPITALO ZETA FIC MULTIMERCADO;18/03/2020;3,4192137
KAPITALO ZETA FIC MULTIMERCADO;19/03/2020;3,4866286
KAPITALO ZETA FIC MULTIMERCADO;20/03/2020;3,4898783
KAPITALO ZETA FIC MULTIMERCADO;23/03/2020;3,4827412
KAPITALO ZETA FIC MULTIMERCADO;24/03/2020;3,4999493
KAPITALO ZETA FIC MULTIMERCADO;25/03/2020;3,5103124
KAPITALO ZETA FIC MULTIMERCADO;26/03/2020;3,5212277
KAPITALO ZETA FIC MULTIMERCADO;27/03/2020;3,5316315
KAPITALO ZETA FIC MULTIMERCADO;30/03/2020;3,5398483
KAPITALO ZETA FIC MULTIMERCADO;31/03/2020;3,5659015
KAPITALO ZETA FIC MULTIMERCADO;01/04/2020;3,5756182
KAPITALO ZETA FIC MULTIMERCADO;02/04/2020;3,5886659
KAPITALO ZETA FIC MULTIMERCADO;03/04/2020;3,5763035
KAPITALO ZETA FIC MULTIMERCADO;06/04/2020;3,6128896
KAPITALO ZETA FIC MULTIMERCADO;07/04/2020;3,6041583
KAPITALO ZETA FIC MULTIMERCADO;08/04/2020;3,6139806
KAPITALO ZETA FIC MULTIMERCADO;09/04/2020;3,6190515
KAPITALO ZETA FIC MULTIMERCADO;13/04/2020;3,6217055
KAPITALO ZETA FIC MULTIMERCADO;14/04/2020;3,6414331
KAPITALO ZETA FIC MULTIMERCADO;15/04/2020;3,6335154
KAPITALO ZETA FIC MULTIMERCADO;16/04/2020;3,6337956
KAPITALO ZETA FIC MULTIMERCADO;17/04/2020;3,6385379
KAPITALO ZETA FIC MULTIMERCADO;20/04/2020;3,6313132
KAPITALO ZETA FIC MULTIMERCADO;22/04/2020;3,6534304
KAPITALO ZETA FIC MULTIMERCADO;23/04/2020;3,6563032
KAPITALO ZETA FIC MULTIMERCADO;24/04/2020;3,6481013
KAPITALO ZETA FIC MULTIMERCADO;27/04/2020;3,6526415
KAPITALO ZETA FIC MULTIMERCADO;28/04/2020;3,6476563
KAPITALO ZETA FIC MULTIMERCADO;29/04/2020;3,6473092
KAPITALO ZETA FIC MULTIMERCADO;30/04/2020;3,6389704
KAPITALO ZETA FIC MULTIMERCADO;04/05/2020;3,6238423
KAPITALO ZETA FIC MULTIMERCADO;05/05/2020;3,6332898
KAPITALO ZETA FIC MULTIMERCADO;06/05/2020;3,6394963
KAPITALO ZETA FIC MULTIMERCADO;07/05/2020;3,6561053
KAPITALO ZETA FIC MULTIMERCADO;08/05/2020;3,6706729
KAPITALO ZETA FIC MULTIMERCADO;11/05/2020;3,6864303
KAPITALO ZETA FIC MULTIMERCADO;12/05/2020;3,6925914
KAPITALO ZETA FIC MULTIMERCADO;13/05/2020;3,7176509
KAPITALO ZETA FIC MULTIMERCADO;14/05/2020;3,7139031
KAPITALO ZETA FIC MULTIMERCADO;15/05/2020;3,7023604
KAPITALO ZETA FIC MULTIMERCADO;18/05/2020;3,7019711
KAPITALO ZETA FIC MULTIMERCADO;19/05/2020;3,7109394
KAPITALO ZETA FIC MULTIMERCADO;20/05/2020;3,7230975
KAPITALO ZETA FIC MULTIMERCADO;21/05/2020;3,7137329
KAPITALO ZETA FIC MULTIMERCADO;22/05/2020;3,7024709
KAPITALO ZETA FIC MULTIMERCADO;25/05/2020;3,711471
KAPITALO ZETA FIC MULTIMERCADO;26/05/2020;3,7095708
KAPITALO ZETA FIC MULTIMERCADO;27/05/2020;3,7092664
KAPITALO ZETA FIC MULTIMERCADO;28/05/2020;3,7177203
KAPITALO ZETA FIC MULTIMERCADO;29/05/2020;3,7285453
KAPITALO ZETA FIC MULTIMERCADO;01/06/2020;3,7327773
KAPITALO ZETA FIC MULTIMERCADO;02/06/2020;3,7437702
KAPITALO ZETA FIC MULTIMERCADO;03/06/2020;3,7413406
KAPITALO ZETA FIC MULTIMERCADO;04/06/2020;3,7566636
KAPITALO ZETA FIC MULTIMERCADO;05/06/2020;3,7405545
KAPITALO ZETA FIC MULTIMERCADO;08/06/2020;3,7767387
KAPITALO ZETA FIC MULTIMERCADO;09/06/2020;3,7713998
KAPITALO ZETA FIC MULTIMERCADO;10/06/2020;3,7648353
KAPITALO ZETA FIC MULTIMERCADO;12/06/2020;3,7320398
KAPITALO ZETA FIC MULTIMERCADO;15/06/2020;3,7318279
KAPITALO ZETA FIC MULTIMERCADO;16/06/2020;3,7555637
KAPITALO ZETA FIC MULTIMERCADO;17/06/2020;3,7631459
KAPITALO ZETA FIC MULTIMERCADO;18/06/2020;3,7563403
KAPITALO ZETA FIC MULTIMERCADO;19/06/2020;3,7501996
KAPITALO ZETA FIC MULTIMERCADO;22/06/2020;3,7495104
KAPITALO ZETA FIC MULTIMERCADO;23/06/2020;3,7505575
KAPITALO ZETA FIC MULTIMERCADO;24/06/2020;3,734847
KAPITALO ZETA FIC MULTIMERCADO;25/06/2020;3,741335
KAPITALO ZETA FIC MULTIMERCADO;26/06/2020;3,714828
KAPITALO ZETA FIC MULTIMERCADO;29/06/2020;3,7131427
KAPITALO ZETA FIC MULTIMERCADO;30/06/2020;3,7182818
KAPITALO ZETA FIC MULTIMERCADO;01/07/2020;3,7218512
KAPITALO ZETA FIC MULTIMERCADO;02/07/2020;3,7239455
KAPITALO ZETA FIC MULTIMERCADO;03/07/2020;3,7220351
KAPITALO ZETA FIC MULTIMERCADO;06/07/2020;3,7552088
KAPITALO ZETA FIC MULTIMERCADO;07/07/2020;3,7281496
KAPITALO ZETA FIC MULTIMERCADO;08/07/2020;3,7456973
KAPITALO ZETA FIC MULTIMERCADO;09/07/2020;3,7293943
KAPITALO ZETA FIC MULTIMERCADO;10/07/2020;3,737641
KAPITALO ZETA FIC MULTIMERCADO;13/07/2020;3,7302177
KAPITALO ZETA FIC MULTIMERCADO;14/07/2020;3,7491717
KAPITALO ZETA FIC MULTIMERCADO;15/07/2020;3,773188
KAPITALO ZETA FIC MULTIMERCADO;16/07/2020;3,7500674
KAPITALO ZETA FIC MULTIMERCADO;17/07/2020;3,7822523
KAPITALO ZETA FIC MULTIMERCADO;20/07/2020;3,7966118
KAPITALO ZETA FIC MULTIMERCADO;21/07/2020;3,8176218
KAPITALO ZETA FIC MULTIMERCADO;22/07/2020;3,8297668
KAPITALO ZETA FIC MULTIMERCADO;23/07/2020;3,804446
KAPITALO ZETA FIC MULTIMERCADO;24/07/2020;3,8121907
KAPITALO ZETA FIC MULTIMERCADO;27/07/2020;3,8354565
KAPITALO ZETA FIC MULTIMERCADO;28/07/2020;3,8383741
KAPITALO ZETA FIC MULTIMERCADO;29/07/2020;3,8401806
KAPITALO ZETA FIC MULTIMERCADO;30/07/2020;3,8321271
KAPITALO ZETA FIC MULTIMERCADO;31/07/2020;3,8259809
KAPITALO ZETA FIC MULTIMERCADO;03/08/2020;3,8271734
KAPITALO ZETA FIC MULTIMERCADO;04/08/2020;3,8195291
KAPITALO ZETA FIC MULTIMERCADO;05/08/2020;3,865234
KAPITALO ZETA FIC MULTIMERCADO;06/08/2020;3,8954456
KAPITALO ZETA FIC MULTIMERCADO;07/08/2020;3,8788806
KAPITALO ZETA FIC MULTIMERCADO;10/08/2020;3,8919013
KAPITALO ZETA FIC MULTIMERCADO;11/08/2020;3,8702147
KAPITALO ZETA FIC MULTIMERCADO;12/08/2020;3,8792301
KAPITALO ZETA FIC MULTIMERCADO;13/08/2020;3,857426
KAPITALO ZETA FIC MULTIMERCADO;14/08/2020;3,855644
KAPITALO ZETA FIC MULTIMERCADO;17/08/2020;3,8482107
KAPITALO ZETA FIC MULTIMERCADO;18/08/2020;3,8835914
KAPITALO ZETA FIC MULTIMERCADO;19/08/2020;3,8615256
KAPITALO ZETA FIC MULTIMERCADO;20/08/2020;3,8558702
KAPITALO ZETA FIC MULTIMERCADO;21/08/2020;3,8393212
KAPITALO ZETA FIC MULTIMERCADO;24/08/2020;3,8533745
KAPITALO ZETA FIC MULTIMERCADO;25/08/2020;3,8651332
KAPITALO ZETA FIC MULTIMERCADO;26/08/2020;3,8474883
KAPITALO ZETA FIC MULTIMERCADO;27/08/2020;3,8463112
KAPITALO ZETA FIC MULTIMERCADO;28/08/2020;3,887872
KAPITALO ZETA FIC MULTIMERCADO;31/08/2020;3,859456
KAPITALO ZETA FIC MULTIMERCADO;01/09/2020;3,9052904
KAPITALO ZETA FIC MULTIMERCADO;02/09/2020;3,8927
KAPITALO ZETA FIC MULTIMERCADO;03/09/2020;3,8741905
KAPITALO ZETA FIC MULTIMERCADO;04/09/2020;3,8822152
KAPITALO ZETA FIC MULTIMERCADO;08/09/2020;3,8563841
KAPITALO ZETA FIC MULTIMERCADO;09/09/2020;3,8883941
KAPITALO ZETA FIC MULTIMERCADO;10/09/2020;3,8582133
KAPITALO ZETA FIC MULTIMERCADO;11/09/2020;3,8433516
KAPITALO ZETA FIC MULTIMERCADO;14/09/2020;3,8594808
KAPITALO ZETA FIC MULTIMERCADO;15/09/2020;3,8838026
KAPITALO ZETA FIC MULTIMERCADO;16/09/2020;3,8840364
KAPITALO ZETA FIC MULTIMERCADO;17/09/2020;3,8861858
KAPITALO ZETA FIC MULTIMERCADO;18/09/2020;3,8591615
KAPITALO ZETA FIC MULTIMERCADO;21/09/2020;3,8070883
KAPITALO ZETA FIC MULTIMERCADO;22/09/2020;3,802805
KAPITALO ZETA FIC MULTIMERCADO;23/09/2020;3,7589125
KAPITALO ZETA FIC MULTIMERCADO;24/09/2020;3,7675813
KAPITALO ZETA FIC MULTIMERCADO;25/09/2020;3,7593131
KAPITALO ZETA FIC MULTIMERCADO;28/09/2020;3,7323429
KAPITALO ZETA FIC MULTIMERCADO;29/09/2020;3,7191245
KAPITALO ZETA FIC MULTIMERCADO;30/09/2020;3,7356231
KAPITALO ZETA FIC MULTIMERCADO;01/10/2020;3,7554888
KAPITALO ZETA FIC MULTIMERCADO;02/10/2020;3,7299319
KAPITALO ZETA FIC MULTIMERCADO;05/10/2020;3,7657146
KAPITALO ZETA FIC MULTIMERCADO;06/10/2020;3,7409867
KAPITALO ZETA FIC MULTIMERCADO;07/10/2020;3,7420391
KAPITALO ZETA FIC MULTIMERCADO;08/10/2020;3,7620524
KAPITALO ZETA FIC MULTIMERCADO;09/10/2020;3,757091
KAPITALO ZETA FIC MULTIMERCADO;13/10/2020;3,7428401
KAPITALO ZETA FIC MULTIMERCADO;14/10/2020;3,7597419
KAPITALO ZETA FIC MULTIMERCADO;15/10/2020;3,748165
KAPITALO ZETA FIC MULTIMERCADO;16/10/2020;3,7554279
KAPITALO ZETA FIC MULTIMERCADO;19/10/2020;3,7499089
KAPITALO ZETA FIC MULTIMERCADO;20/10/2020;3,7676936
KAPITALO ZETA FIC MULTIMERCADO;21/10/2020;3,7732183
KAPITALO ZETA FIC MULTIMERCADO;22/10/2020;3,7841151
KAPITALO ZETA FIC MULTIMERCADO;23/10/2020;3,7724392
KAPITALO ZETA FIC MULTIMERCADO;26/10/2020;3,7566538
KAPITALO ZETA FIC MULTIMERCADO;27/10/2020;3,75222
KAPITALO ZETA FIC MULTIMERCADO;28/10/2020;3,6895279
KAPITALO ZETA FIC MULTIMERCADO;29/10/2020;3,707668
KAPITALO ZETA FIC MULTIMERCADO;30/10/2020;3,7052158
KAPITALO ZETA FIC MULTIMERCADO;03/11/2020;3,7543154
KAPITALO ZETA FIC MULTIMERCADO;04/11/2020;3,7552244
KAPITALO ZETA FIC MULTIMERCADO;05/11/2020;3,7952738
KAPITALO ZETA FIC MULTIMERCADO;06/11/2020;3,797269
KAPITALO ZETA FIC MULTIMERCADO;09/11/2020;3,8481505
KAPITALO ZETA FIC MULTIMERCADO;10/11/2020;3,8470884
KAPITALO ZETA FIC MULTIMERCADO;11/11/2020;3,8325166
KAPITALO ZETA FIC MULTIMERCADO;12/11/2020;3,7946413
KAPITALO ZETA FIC MULTIMERCADO;13/11/2020;3,8308979
KAPITALO ZETA FIC MULTIMERCADO;16/11/2020;3,8657796
KAPITALO ZETA FIC MULTIMERCADO;17/11/2020;3,8839272
KAPITALO ZETA FIC MULTIMERCADO;18/11/2020;3,8855794
KAPITALO ZETA FIC MULTIMERCADO;19/11/2020;3,8880073
KAPITALO ZETA FIC MULTIMERCADO;20/11/2020;3,8865401
KAPITALO ZETA FIC MULTIMERCADO;23/11/2020;3,9231413
KAPITALO ZETA FIC MULTIMERCADO;24/11/2020;3,9586352
KAPITALO ZETA FIC MULTIMERCADO;25/11/2020;3,9674835
KAPITALO ZETA FIC MULTIMERCADO;26/11/2020;3,9725145
KAPITALO ZETA FIC MULTIMERCADO;27/11/2020;3,9845036
KAPITALO ZETA FIC MULTIMERCADO;30/11/2020;3,9666056
KAPITALO ZETA FIC MULTIMERCADO;01/12/2020;3,9933258
KAPITALO ZETA FIC MULTIMERCADO;02/12/2020;4,0052128
KAPITALO ZETA FIC MULTIMERCADO;03/12/2020;4,0322209
KAPITALO ZETA FIC MULTIMERCADO;04/12/2020;4,0617412
KAPITALO ZETA FIC MULTIMERCADO;07/12/2020;4,0664245
KAPITALO ZETA FIC MULTIMERCADO;08/12/2020;4,0688278
KAPITALO ZETA FIC MULTIMERCADO;09/12/2020;4,0621133
KAPITALO ZETA FIC MULTIMERCADO;10/12/2020;4,0691395
KAPITALO ZETA FIC MULTIMERCADO;11/12/2020;4,0747471
KAPITALO ZETA FIC MULTIMERCADO;14/12/2020;4,0668301
KAPITALO ZETA FIC MULTIMERCADO;15/12/2020;4,1062288
KAPITALO ZETA FIC MULTIMERCADO;16/12/2020;4,1253879
KAPITALO ZETA FIC MULTIMERCADO;17/12/2020;4,1552181
KAPITALO ZETA FIC MULTIMERCADO;18/12/2020;4,1629087
KAPITALO ZETA FIC MULTIMERCADO;21/12/2020;4,1346818
KAPITALO ZETA FIC MULTIMERCADO;22/12/2020;4,1371901
KAPITALO ZETA FIC MULTIMERCADO;23/12/2020;4,1836586
KAPITALO ZETA FIC MULTIMERCADO;24/12/2020;4,1850749
KAPITALO ZETA FIC MULTIMERCADO;28/12/2020;4,1899356
KAPITALO ZETA FIC MULTIMERCADO;29/12/2020;4,2091429
KAPITALO ZETA FIC MULTIMERCADO;30/12/2020;4,230302
KAPITALO ZETA FIC MULTIMERCADO;31/12/2020;4,2316664
KAPITALO ZETA FIC MULTIMERCADO;04/01/2021;4,2396603
KAPITALO ZETA FIC MULTIMERCADO;05/01/2021;4,2689518
KAPITALO ZETA FIC MULTIMERCADO;06/01/2021;4,268135
KAPITALO ZETA FIC MULTIMERCADO;07/01/2021;4,285528
KAPITALO ZETA FIC MULTIMERCADO;08/01/2021;4,3107416
KAPITALO ZETA FIC MULTIMERCADO;11/01/2021;4,2756498
KAPITALO ZETA FIC MULTIMERCADO;12/01/2021;4,2973613
KAPITALO ZETA FIC MULTIMERCADO;13/01/2021;4,2658382
KAPITALO ZETA FIC MULTIMERCADO;14/01/2021;4,3119462
KAPITALO ZETA FIC MULTIMERCADO;15/01/2021;4,2733742
KAPITALO ZETA FIC MULTIMERCADO;18/01/2021;4,268702
KAPITALO ZETA FIC MULTIMERCADO;19/01/2021;4,2813681
KAPITALO ZETA FIC MULTIMERCADO;20/01/2021;4,2919437
KAPITALO ZETA FIC MULTIMERCADO;21/01/2021;4,2838248
KAPITALO ZETA FIC MULTIMERCADO;22/01/2021;4,2329636
KAPITALO ZETA FIC MULTIMERCADO;25/01/2021;4,2329672
KAPITALO ZETA FIC MULTIMERCADO;26/01/2021;4,2621082
KAPITALO ZETA FIC MULTIMERCADO;27/01/2021;4,1877341
KAPITALO ZETA FIC MULTIMERCADO;28/01/2021;4,2188417
KAPITALO ZETA FIC MULTIMERCADO;29/01/2021;4,145063
KAPITALO ZETA FIC MULTIMERCADO;01/02/2021;4,2028371
KAPITALO ZETA FIC MULTIMERCADO;02/02/2021;4,2457961
KAPITALO ZETA FIC MULTIMERCADO;03/02/2021;4,2675053
KAPITALO ZETA FIC MULTIMERCADO;04/02/2021;4,2519884
KAPITALO ZETA FIC MULTIMERCADO;05/02/2021;4,2891582
KAPITALO ZETA FIC MULTIMERCADO;08/02/2021;4,3022871
KAPITALO ZETA FIC MULTIMERCADO;09/02/2021;4,3064852
KAPITALO ZETA FIC MULTIMERCADO;10/02/2021;4,2817685
KAPITALO ZETA FIC MULTIMERCADO;11/02/2021;4,3034471
KAPITALO ZETA FIC MULTIMERCADO;12/02/2021;4,3111117
KAPITALO ZETA FIC MULTIMERCADO;17/02/2021;4,3392077
KAPITALO ZETA FIC MULTIMERCADO;18/02/2021;4,3200763
KAPITALO ZETA FIC MULTIMERCADO;19/02/2021;4,319365
KAPITALO ZETA FIC MULTIMERCADO;22/02/2021;4,2403118
KAPITALO ZETA FIC MULTIMERCADO;23/02/2021;4,2920254
KAPITALO ZETA FIC MULTIMERCADO;24/02/2021;4,3367866
KAPITALO ZETA FIC MULTIMERCADO;25/02/2021;4,2117069
KAPITALO ZETA FIC MULTIMERCADO;26/02/2021;4,1256122
KAPITALO ZETA FIC MULTIMERCADO;01/03/2021;4,1598228
KAPITALO ZETA FIC MULTIMERCADO;02/03/2021;4,1702935
KAPITALO ZETA FIC MULTIMERCADO;03/03/2021;4,1429556
KAPITALO ZETA FIC MULTIMERCADO;04/03/2021;4,142452
KAPITALO ZETA FIC MULTIMERCADO;05/03/2021;4,1748834
KAPITALO ZETA FIC MULTIMERCADO;08/03/2021;4,1195279
KAPITALO ZETA FIC MULTIMERCADO;09/03/2021;4,1539922
KAPITALO ZETA FIC MULTIMERCADO;10/03/2021;4,1548235
KAPITALO ZETA FIC MULTIMERCADO;11/03/2021;4,2449418
KAPITALO ZETA FIC MULTIMERCADO;12/03/2021;4,245935
KAPITALO ZETA FIC MULTIMERCADO;15/03/2021;4,2374772
KAPITALO ZETA FIC MULTIMERCADO;16/03/2021;4,2355696
KAPITALO ZETA FIC MULTIMERCADO;17/03/2021;4,2799509
KAPITALO ZETA FIC MULTIMERCADO;18/03/2021;4,2266569
KAPITALO ZETA FIC MULTIMERCADO;19/03/2021;4,2514848
KAPITALO ZETA FIC MULTIMERCADO;22/03/2021;4,2274913
KAPITALO ZETA FIC MULTIMERCADO;23/03/2021;4,1601007
KAPITALO ZETA FIC MULTIMERCADO;24/03/2021;4,1320985
KAPITALO ZETA FIC MULTIMERCADO;25/03/2021;4,155386
KAPITALO ZETA FIC MULTIMERCADO;26/03/2021;4,1832319
KAPITALO ZETA FIC MULTIMERCADO;29/03/2021;4,1889653
KAPITALO ZETA FIC MULTIMERCADO;30/03/2021;4,1986859
KAPITALO ZETA FIC MULTIMERCADO;31/03/2021;4,2276995
KAPITALO ZETA FIC MULTIMERCADO;01/04/2021;4,2254019
KAPITALO ZETA FIC MULTIMERCADO;05/04/2021;4,2258711
KAPITALO ZETA FIC MULTIMERCADO;06/04/2021;4,2544789
KAPITALO ZETA FIC MULTIMERCADO;07/04/2021;4,2559939
KAPITALO ZETA FIC MULTIMERCADO;08/04/2021;4,2648016
KAPITALO ZETA FIC MULTIMERCADO;09/04/2021;4,2412683
KAPITALO ZETA FIC MULTIMERCADO;12/04/2021;4,2408071
KAPITALO ZETA FIC MULTIMERCADO;13/04/2021;4,2661139
KAPITALO ZETA FIC MULTIMERCADO;14/04/2021;4,2890315
KAPITALO ZETA FIC MULTIMERCADO;15/04/2021;4,3069232
KAPITALO ZETA FIC MULTIMERCADO;16/04/2021;4,3162495
KAPITALO ZETA FIC MULTIMERCADO;19/04/2021;4,3508513
KAPITALO ZETA FIC MULTIMERCADO;20/04/2021;4,3413797
KAPITALO ZETA FIC MULTIMERCADO;22/04/2021;4,3241603
KAPITALO ZETA FIC MULTIMERCADO;23/04/2021;4,3437422
KAPITALO ZETA FIC MULTIMERCADO;26/04/2021;4,3645241
KAPITALO ZETA FIC MULTIMERCADO;27/04/2021;4,3395413
KAPITALO ZETA FIC MULTIMERCADO;28/04/2021;4,367284
KAPITALO ZETA FIC MULTIMERCADO;29/04/2021;4,3596937
KAPITALO ZETA FIC MULTIMERCADO;30/04/2021;4,3474977
KAPITALO ZETA FIC MULTIMERCADO;03/05/2021;4,3560884
KAPITALO ZETA FIC MULTIMERCADO;04/05/2021;4,3337969
KAPITALO ZETA FIC MULTIMERCADO;05/05/2021;4,3724799
KAPITALO ZETA FIC MULTIMERCADO;06/05/2021;4,3833189
KAPITALO ZETA FIC MULTIMERCADO;07/05/2021;4,420297
KAPITALO ZETA FIC MULTIMERCADO;10/05/2021;4,4298925
KAPITALO ZETA FIC MULTIMERCADO;11/05/2021;4,4299732
KAPITALO ZETA FIC MULTIMERCADO;12/05/2021;4,3816519
KAPITALO ZETA FIC MULTIMERCADO;13/05/2021;4,3705779
KAPITALO ZETA FIC MULTIMERCADO;14/05/2021;4,3867808
KAPITALO ZETA FIC MULTIMERCADO;17/05/2021;4,3994597
KAPITALO ZETA FIC MULTIMERCADO;18/05/2021;4,4014023
KAPITALO ZETA FIC MULTIMERCADO;19/05/2021;4,378933
KAPITALO ZETA FIC MULTIMERCADO;20/05/2021;4,3880246
KAPITALO ZETA FIC MULTIMERCADO;21/05/2021;4,4190193
KAPITALO ZETA FIC MULTIMERCADO;24/05/2021;4,4243616
KAPITALO ZETA FIC MULTIMERCADO;25/05/2021;4,4117347
KAPITALO ZETA FIC MULTIMERCADO;26/05/2021;4,4149531
KAPITALO ZETA FIC MULTIMERCADO;27/05/2021;4,4386208
KAPITALO ZETA FIC MULTIMERCADO;28/05/2021;4,4394518
KAPITALO ZETA FIC MULTIMERCADO;31/05/2021;4,440209
KAPITALO ZETA FIC MULTIMERCADO;01/06/2021;4,4779422
KAPITALO ZETA FIC MULTIMERCADO;02/06/2021;4,4888985
KAPITALO ZETA FIC MULTIMERCADO;04/06/2021;4,4678477
KAPITALO ZETA FIC MULTIMERCADO;07/06/2021;4,4633403
KAPITALO ZETA FIC MULTIMERCADO;08/06/2021;4,4584083
KAPITALO ZETA FIC MULTIMERCADO;09/06/2021;4,4558146
KAPITALO ZETA FIC MULTIMERCADO;10/06/2021;4,47097
KAPITALO ZETA FIC MULTIMERCADO;11/06/2021;4,4653365
KAPITALO ZETA FIC MULTIMERCADO;14/06/2021;4,4703375
KAPITALO ZETA FIC MULTIMERCADO;15/06/2021;4,4853397
KAPITALO ZETA FIC MULTIMERCADO;16/06/2021;4,4569478
KAPITALO ZETA FIC MULTIMERCADO;17/06/2021;4,4234347
KAPITALO ZETA FIC MULTIMERCADO;18/06/2021;4,4178285
KAPITALO ZETA FIC MULTIMERCADO;21/06/2021;4,4491556
KAPITALO ZETA FIC MULTIMERCADO;22/06/2021;4,4579587
KAPITALO ZETA FIC MULTIMERCADO;23/06/2021;4,4568471
KAPITALO ZETA FIC MULTIMERCADO;24/06/2021;4,466616
KAPITALO ZETA FIC MULTIMERCADO;25/06/2021;4,4579027
KAPITALO ZETA FIC MULTIMERCADO;28/06/2021;4,4537216
KAPITALO ZETA FIC MULTIMERCADO;29/06/2021;4,4426433
KAPITALO ZETA FIC MULTIMERCADO;30/06/2021;4,4427297
KAPITALO ZETA FIC MULTIMERCADO;01/07/2021;4,4389538
KAPITALO ZETA FIC MULTIMERCADO;02/07/2021;4,4441962
KAPITALO ZETA FIC MULTIMERCADO;05/07/2021;4,4335735
KAPITALO ZETA FIC MULTIMERCADO;06/07/2021;4,3854084
KAPITALO ZETA FIC MULTIMERCADO;07/07/2021;4,3996307
KAPITALO ZETA FIC MULTIMERCADO;08/07/2021;4,3581863
KAPITALO ZETA FIC MULTIMERCADO;09/07/2021;4,3584295
KAPITALO ZETA FIC MULTIMERCADO;12/07/2021;4,3924986
KAPITALO ZETA FIC MULTIMERCADO;13/07/2021;4,4076786
KAPITALO ZETA FIC MULTIMERCADO;14/07/2021;4,3872455
KAPITALO ZETA FIC MULTIMERCADO;15/07/2021;4,3727532
KAPITALO ZETA FIC MULTIMERCADO;16/07/2021;4,3558888
KAPITALO ZETA FIC MULTIMERCADO;19/07/2021;4,2879051
KAPITALO ZETA FIC MULTIMERCADO;20/07/2021;4,3151797
KAPITALO ZETA FIC MULTIMERCADO;21/07/2021;4,3371129
KAPITALO ZETA FIC MULTIMERCADO;22/07/2021;4,3467934
KAPITALO ZETA FIC MULTIMERCADO;23/07/2021;4,3552399
KAPITALO ZETA FIC MULTIMERCADO;26/07/2021;4,3740933
KAPITALO ZETA FIC MULTIMERCADO;27/07/2021;4,3607487
KAPITALO ZETA FIC MULTIMERCADO;28/07/2021;4,3770989
KAPITALO ZETA FIC MULTIMERCADO;29/07/2021;4,4023193
KAPITALO ZETA FIC MULTIMERCADO;30/07/2021;4,3511817
KAPITALO ZETA FIC MULTIMERCADO;02/08/2021;4,3476981
KAPITALO ZETA FIC MULTIMERCADO;03/08/2021;4,355808
KAPITALO ZETA FIC MULTIMERCADO;04/08/2021;4,3510832
KAPITALO ZETA FIC MULTIMERCADO;05/08/2021;4,3699633
KAPITALO ZETA FIC MULTIMERCADO;06/08/2021;4,3696076
KAPITALO ZETA FIC MULTIMERCADO;09/08/2021;4,380874
KAPITALO ZETA FIC MULTIMERCADO;10/08/2021;4,3913551
KAPITALO ZETA FIC MULTIMERCADO;11/08/2021;4,3999901
KAPITALO ZETA FIC MULTIMERCADO;12/08/2021;4,3972026
KAPITALO ZETA FIC MULTIMERCADO;13/08/2021;4,3961792
KAPITALO ZETA FIC MULTIMERCADO;16/08/2021;4,3592051
KAPITALO ZETA FIC MULTIMERCADO;17/08/2021;4,3316014
KAPITALO ZETA FIC MULTIMERCADO;18/08/2021;4,3232159
KAPITALO ZETA FIC MULTIMERCADO;19/08/2021;4,2937471
KAPITALO ZETA FIC MULTIMERCADO;20/08/2021;4,3113832
KAPITALO ZETA FIC MULTIMERCADO;23/08/2021;4,333362
KAPITALO ZETA FIC MULTIMERCADO;24/08/2021;4,3787537
KAPITALO ZETA FIC MULTIMERCADO;25/08/2021;4,3984658
KAPITALO ZETA FIC MULTIMERCADO;26/08/2021;4,3854707
KAPITALO ZETA FIC MULTIMERCADO;27/08/2021;4,423857
KAPITALO ZETA FIC MULTIMERCADO;30/08/2021;4,4321338
KAPITALO ZETA FIC MULTIMERCADO;31/08/2021;4,4231577
KAPITALO ZETA FIC MULTIMERCADO;01/09/2021;4,4359895
KAPITALO ZETA FIC MULTIMERCADO;02/09/2021;4,4317205
KAPITALO ZETA FIC MULTIMERCADO;03/09/2021;4,4417118
KAPITALO ZETA FIC MULTIMERCADO;06/09/2021;4,4378044
KAPITALO ZETA FIC MULTIMERCADO;08/09/2021;4,4222257
KAPITALO ZETA FIC MULTIMERCADO;09/09/2021;4,4328269
KAPITALO ZETA FIC MULTIMERCADO;10/09/2021;4,441261
KAPITALO ZETA FIC MULTIMERCADO;13/09/2021;4,4661833
KAPITALO ZETA FIC MULTIMERCADO;14/09/2021;4,4349976
KAPITALO ZETA FIC MULTIMERCADO;15/09/2021;4,4600161
KAPITALO ZETA FIC MULTIMERCADO;16/09/2021;4,4407822
KAPITALO ZETA FIC MULTIMERCADO;17/09/2021;4,3947414
KAPITALO ZETA FIC MULTIMERCADO;20/09/2021;4,3419403
KAPITALO ZETA FIC MULTIMERCADO;21/09/2021;4,3593604
KAPITALO ZETA FIC MULTIMERCADO;22/09/2021;4,4003272
KAPITALO ZETA FIC MULTIMERCADO;23/09/2021;4,4904612
KAPITALO ZETA FIC MULTIMERCADO;24/09/2021;4,5068153
KAPITALO ZETA FIC MULTIMERCADO;27/09/2021;4,5471769
KAPITALO ZETA FIC MULTIMERCADO;28/09/2021;4,531541
KAPITALO ZETA FIC MULTIMERCADO;29/09/2021;4,5452152
KAPITALO ZETA FIC MULTIMERCADO;30/09/2021;4,557566
KAPITALO ZETA FIC MULTIMERCADO;01/10/2021;4,5611681
KAPITALO ZETA FIC MULTIMERCADO;04/10/2021;4,5630794
KAPITALO ZETA FIC MULTIMERCADO;05/10/2021;4,5916023
KAPITALO ZETA FIC MULTIMERCADO;06/10/2021;4,5631911
KAPITALO ZETA FIC MULTIMERCADO;07/10/2021;4,5806104
KAPITALO ZETA FIC MULTIMERCADO;08/10/2021;4,5955717
KAPITALO ZETA FIC MULTIMERCADO;11/10/2021;4,6216331
KAPITALO ZETA FIC MULTIMERCADO;13/10/2021;4,6125572
KAPITALO ZETA FIC MULTIMERCADO;14/10/2021;4,6145625
KAPITALO ZETA FIC MULTIMERCADO;15/10/2021;4,641376
KAPITALO ZETA FIC MULTIMERCADO;18/10/2021;4,6308622
KAPITALO ZETA FIC MULTIMERCADO;19/10/2021;4,6067725
KAPITALO ZETA FIC MULTIMERCADO;20/10/2021;4,6080953
KAPITALO ZETA FIC MULTIMERCADO;21/10/2021;4,5704609
KAPITALO ZETA FIC MULTIMERCADO;22/10/2021;4,5481859
KAPITALO ZETA FIC MULTIMERCADO;25/10/2021;4,583764
KAPITALO ZETA FIC MULTIMERCADO;26/10/2021;4,555069
KAPITALO ZETA FIC MULTIMERCADO;27/10/2021;4,5319072
KAPITALO ZETA FIC MULTIMERCADO;28/10/2021;4,5311496
KAPITALO ZETA FIC MULTIMERCADO;29/10/2021;4,5187382
KAPITALO ZETA FIC MULTIMERCADO;01/11/2021;4,5448733
KAPITALO ZETA FIC MULTIMERCADO;03/11/2021;4,5714464
KAPITALO ZETA FIC MULTIMERCADO;04/11/2021;4,5404849
KAPITALO ZETA FIC MULTIMERCADO;05/11/2021;4,539317
KAPITALO ZETA FIC MULTIMERCADO;08/11/2021;4,5352361
KAPITALO ZETA FIC MULTIMERCADO;09/11/2021;4,5191675
KAPITALO ZETA FIC MULTIMERCADO;10/11/2021;4,5219454
KAPITALO ZETA FIC MULTIMERCADO;11/11/2021;4,5603056
KAPITALO ZETA FIC MULTIMERCADO;12/11/2021;4,5799625
KAPITALO ZETA FIC MULTIMERCADO;16/11/2021;4,5855154
KAPITALO ZETA FIC MULTIMERCADO;17/11/2021;4,5643304
KAPITALO ZETA FIC MULTIMERCADO;18/11/2021;4,5581362
KAPITALO ZETA FIC MULTIMERCADO;19/11/2021;4,5555197
KAPITALO ZETA FIC MULTIMERCADO;22/11/2021;4,5448718
KAPITALO ZETA FIC MULTIMERCADO;23/11/2021;4,5881913
KAPITALO ZETA FIC MULTIMERCADO;24/11/2021;4,5969044
KAPITALO ZETA FIC MULTIMERCADO;25/11/2021;4,6155938
KAPITALO ZETA FIC MULTIMERCADO;26/11/2021;4,5304215
KAPITALO ZETA FIC MULTIMERCADO;29/11/2021;4,5606947
KAPITALO ZETA FIC MULTIMERCADO;30/11/2021;4,5002617
KAPITALO ZETA FIC MULTIMERCADO;01/12/2021;4,490088
KAPITALO ZETA FIC MULTIMERCADO;02/12/2021;4,5278703
KAPITALO ZETA FIC MULTIMERCADO;03/12/2021;4,4996614
KAPITALO ZETA FIC MULTIMERCADO;06/12/2021;4,5398791
KAPITALO ZETA FIC MULTIMERCADO;07/12/2021;4,5490718
KAPITALO ZETA FIC MULTIMERCADO;08/12/2021;4,5708563
KAPITALO ZETA FIC MULTIMERCADO;09/12/2021;4,5546063
KAPITALO ZETA FIC MULTIMERCADO;10/12/2021;4,5675817
KAPITALO ZETA FIC MULTIMERCADO;13/12/2021;4,5523658
KAPITALO ZETA FIC MULTIMERCADO;14/12/2021;4,5677768
KAPITALO ZETA FIC MULTIMERCADO;15/12/2021;4,575003
KAPITALO ZETA FIC MULTIMERCADO;16/12/2021;4,5658649
KAPITALO ZETA FIC MULTIMERCADO;17/12/2021;4,57277
KAPITALO ZETA FIC MULTIMERCADO;20/12/2021;4,5380221
KAPITALO ZETA FIC MULTIMERCADO;21/12/2021;4,5793127
KAPITALO ZETA FIC MULTIMERCADO;22/12/2021;4,5884815
KAPITALO ZETA FIC MULTIMERCADO;23/12/2021;4,6045789
KAPITALO ZETA FIC MULTIMERCADO;24/12/2021;4,6046559
KAPITALO ZETA FIC MULTIMERCADO;27/12/2021;4,6130374
KAPITALO ZETA FIC MULTIMERCADO;28/12/2021;4,6112687
KAPITALO ZETA FIC MULTIMERCADO;29/12/2021;4,6078744
KAPITALO ZETA FIC MULTIMERCADO;30/12/2021;4,6162697
KAPITALO ZETA FIC MULTIMERCADO;31/12/2021;4,6167811
KAPITALO ZETA FIC MULTIMERCADO;03/01/2022;4,6318638
KAPITALO ZETA FIC MULTIMERCADO;04/01/2022;4,6589821
KAPITALO ZETA FIC MULTIMERCADO;05/01/2022;4,6254487
KAPITALO ZETA FIC MULTIMERCADO;06/01/2022;4,6511091
KAPITALO ZETA FIC MULTIMERCADO;07/01/2022;4,6815157
KAPITALO ZETA FIC MULTIMERCADO;10/01/2022;4,6797199
KAPITALO ZETA FIC MULTIMERCADO;11/01/2022;4,704264
KAPITALO ZETA FIC MULTIMERCADO;12/01/2022;4,7513803
KAPITALO ZETA FIC MULTIMERCADO;13/01/2022;4,7393872
KAPITALO ZETA FIC MULTIMERCADO;14/01/2022;4,7547033
KAPITALO ZETA FIC MULTIMERCADO;17/01/2022;4,7663384
KAPITALO ZETA FIC MULTIMERCADO;18/01/2022;4,7600041
KAPITALO ZETA FIC MULTIMERCADO;19/01/2022;4,7843922
KAPITALO ZETA FIC MULTIMERCADO;20/01/2022;4,79331
KAPITALO ZETA FIC MULTIMERCADO;21/01/2022;4,7585431
KAPITALO ZETA FIC MULTIMERCADO;24/01/2022;4,747743
KAPITALO ZETA FIC MULTIMERCADO;25/01/2022;4,7586935
KAPITALO ZETA FIC MULTIMERCADO;26/01/2022;4,7709239
KAPITALO ZETA FIC MULTIMERCADO;27/01/2022;4,7768382
KAPITALO ZETA FIC MULTIMERCADO;28/01/2022;4,7782964
KAPITALO ZETA FIC MULTIMERCADO;31/01/2022;4,7912931
KAPITALO ZETA FIC MULTIMERCADO;01/02/2022;4,7923919
KAPITALO ZETA FIC MULTIMERCADO;02/02/2022;4,780367
KAPITALO ZETA FIC MULTIMERCADO;03/02/2022;4,7737847
KAPITALO ZETA FIC MULTIMERCADO;04/02/2022;4,7893552
KAPITALO ZETA FIC MULTIMERCADO;07/02/2022;4,7598818
KAPITALO ZETA FIC MULTIMERCADO;08/02/2022;4,770985
KAPITALO ZETA FIC MULTIMERCADO;09/02/2022;4,7920566
KAPITALO ZETA FIC MULTIMERCADO;10/02/2022;4,8018846
KAPITALO ZETA FIC MULTIMERCADO;11/02/2022;4,8076095
KAPITALO ZETA FIC MULTIMERCADO;14/02/2022;4,8192496
KAPITALO ZETA FIC MULTIMERCADO;15/02/2022;4,8083049
KAPITALO ZETA FIC MULTIMERCADO;16/02/2022;4,8187024
KAPITALO ZETA FIC MULTIMERCADO;17/02/2022;4,805908
KAPITALO ZETA FIC MULTIMERCADO;18/02/2022;4,7781932
KAPITALO ZETA FIC MULTIMERCADO;21/02/2022;4,7756653
KAPITALO ZETA FIC MULTIMERCADO;22/02/2022;4,7920362
KAPITALO ZETA FIC MULTIMERCADO;23/02/2022;4,7700797
KAPITALO ZETA FIC MULTIMERCADO;24/02/2022;4,7451076
KAPITALO ZETA FIC MULTIMERCADO;25/02/2022;4,744341
KAPITALO ZETA FIC MULTIMERCADO;02/03/2022;4,7516498
KAPITALO ZETA FIC MULTIMERCADO;03/03/2022;4,7534757
KAPITALO ZETA FIC MULTIMERCADO;04/03/2022;4,7677434
KAPITALO ZETA FIC MULTIMERCADO;07/03/2022;4,7471878
KAPITALO ZETA FIC MULTIMERCADO;08/03/2022;4,7881606
KAPITALO ZETA FIC MULTIMERCADO;09/03/2022;4,8074522
KAPITALO ZETA FIC MULTIMERCADO;10/03/2022;4,8406745
KAPITALO ZETA FIC MULTIMERCADO;11/03/2022;4,8215165
KAPITALO ZETA FIC MULTIMERCADO;14/03/2022;4,8144006
KAPITALO ZETA FIC MULTIMERCADO;15/03/2022;4,7966747
KAPITALO ZETA FIC MULTIMERCADO;16/03/2022;4,8344859
KAPITALO ZETA FIC MULTIMERCADO;17/03/2022;4,8685492
KAPITALO ZETA FIC MULTIMERCADO;18/03/2022;4,8916662
KAPITALO ZETA FIC MULTIMERCADO;21/03/2022;4,9164036
KAPITALO ZETA FIC MULTIMERCADO;22/03/2022;4,9266483
KAPITALO ZETA FIC MULTIMERCADO;23/03/2022;4,9411131
KAPITALO ZETA FIC MULTIMERCADO;24/03/2022;4,9488513
KAPITALO ZETA FIC MULTIMERCADO;25/03/2022;4,9562898
KAPITALO ZETA FIC MULTIMERCADO;28/03/2022;4,9287837
KAPITALO ZETA FIC MULTIMERCADO;29/03/2022;4,9356122
KAPITALO ZETA FIC MULTIMERCADO;30/03/2022;4,9538
KAPITALO ZETA FIC MULTIMERCADO;31/03/2022;4,9312056
KAPITALO ZETA FIC MULTIMERCADO;01/04/2022;4,9516544
KAPITALO ZETA FIC MULTIMERCADO;04/04/2022;4,9495187
KAPITALO ZETA FIC MULTIMERCADO;05/04/2022;4,951382
KAPITALO ZETA FIC MULTIMERCADO;06/04/2022;4,9522059
KAPITALO ZETA FIC MULTIMERCADO;07/04/2022;4,9650528
KAPITALO ZETA FIC MULTIMERCADO;08/04/2022;4,9917997
KAPITALO ZETA FIC MULTIMERCADO;11/04/2022;4,9607356
KAPITALO ZETA FIC MULTIMERCADO;12/04/2022;4,9517278
KAPITALO ZETA FIC MULTIMERCADO;13/04/2022;4,9705761
KAPITALO ZETA FIC MULTIMERCADO;14/04/2022;4,980506
KAPITALO ZETA FIC MULTIMERCADO;18/04/2022;4,9705516
KAPITALO ZETA FIC MULTIMERCADO;19/04/2022;4,9854191
KAPITALO ZETA FIC MULTIMERCADO;20/04/2022;4,9850536
KAPITALO ZETA FIC MULTIMERCADO;22/04/2022;4,9866943
KAPITALO ZETA FIC MULTIMERCADO;25/04/2022;4,973497
KAPITALO ZETA FIC MULTIMERCADO;26/04/2022;4,9607592
KAPITALO ZETA FIC MULTIMERCADO;27/04/2022;4,9698783
KAPITALO ZETA FIC MULTIMERCADO;28/04/2022;4,993705
KAPITALO ZETA FIC MULTIMERCADO;29/04/2022;4,980226
KAPITALO ZETA FIC MULTIMERCADO;02/05/2022;4,9554633
KAPITALO ZETA FIC MULTIMERCADO;03/05/2022;4,9693772
KAPITALO ZETA FIC MULTIMERCADO;04/05/2022;5,0095051
KAPITALO ZETA FIC MULTIMERCADO;05/05/2022;5,0070114
KAPITALO ZETA FIC MULTIMERCADO;06/05/2022;5,0075943
KAPITALO ZETA FIC MULTIMERCADO;09/05/2022;4,9686324
KAPITALO ZETA FIC MULTIMERCADO;10/05/2022;4,9704638
KAPITALO ZETA FIC MULTIMERCADO;11/05/2022;4,9936322
KAPITALO ZETA FIC MULTIMERCADO;12/05/2022;4,98356
KAPITALO ZETA FIC MULTIMERCADO;13/05/2022;5,03391
KAPITALO ZETA FIC MULTIMERCADO;16/05/2022;5,0383095
KAPITALO ZETA FIC MULTIMERCADO;17/05/2022;5,0425345
KAPITALO ZETA FIC MULTIMERCADO;18/05/2022;5,0233215
KAPITALO ZETA FIC MULTIMERCADO;19/05/2022;5,0391226
KAPITALO ZETA FIC MULTIMERCADO;20/05/2022;5,0496999
KAPITALO ZETA FIC MULTIMERCADO;23/05/2022;5,0979264
KAPITALO ZETA FIC MULTIMERCADO;24/05/2022;5,1021898
KAPITALO ZETA FIC MULTIMERCADO;25/05/2022;5,1093346
KAPITALO ZETA FIC MULTIMERCADO;26/05/2022;5,1182841
KAPITALO ZETA FIC MULTIMERCADO;27/05/2022;5,1172222
KAPITALO ZETA FIC MULTIMERCADO;30/05/2022;5,0982128
KAPITALO ZETA FIC MULTIMERCADO;31/05/2022;5,1084443
KAPITALO ZETA FIC MULTIMERCADO;01/06/2022;5,1004633
KAPITALO ZETA FIC MULTIMERCADO;02/06/2022;5,1224232
KAPITALO ZETA FIC MULTIMERCADO;03/06/2022;5,1125595
KAPITALO ZETA FIC MULTIMERCADO;06/06/2022;5,1010633
KAPITALO ZETA FIC MULTIMERCADO;07/06/2022;5,1116623
KAPITALO ZETA FIC MULTIMERCADO;08/06/2022;5,1042396
KAPITALO ZETA FIC MULTIMERCADO;09/06/2022;5,0942267
KAPITALO ZETA FIC MULTIMERCADO;10/06/2022;5,0931176
KAPITALO ZETA FIC MULTIMERCADO;13/06/2022;5,0722471
KAPITALO ZETA FIC MULTIMERCADO;14/06/2022;5,0411123
KAPITALO ZETA FIC MULTIMERCADO;15/06/2022;5,0287855
KAPITALO ZETA FIC MULTIMERCADO;17/06/2022;4,9959709
KAPITALO ZETA FIC MULTIMERCADO;20/06/2022;5,0131565
KAPITALO ZETA FIC MULTIMERCADO;21/06/2022;5,0030375
KAPITALO ZETA FIC MULTIMERCADO;22/06/2022;5,0005807
KAPITALO ZETA FIC MULTIMERCADO;23/06/2022;5,0113346
KAPITALO ZETA FIC MULTIMERCADO;24/06/2022;5,0388422
KAPITALO ZETA FIC MULTIMERCADO;27/06/2022;5,0447815
KAPITALO ZETA FIC MULTIMERCADO;28/06/2022;5,0356115
KAPITALO ZETA FIC MULTIMERCADO;29/06/2022;5,0365164
KAPITALO ZETA FIC MULTIMERCADO;30/06/2022;5,0492134
KAPITALO ZETA FIC MULTIMERCADO;01/07/2022;5,0569101
KAPITALO ZETA FIC MULTIMERCADO;04/07/2022;5,0807867
KAPITALO ZETA FIC MULTIMERCADO;05/07/2022;5,0768564
KAPITALO ZETA FIC MULTIMERCADO;06/07/2022;5,0834939
KAPITALO ZETA FIC MULTIMERCADO;07/07/2022;5,1024314
KAPITALO ZETA FIC MULTIMERCADO;08/07/2022;5,1017027
KAPITALO ZETA FIC MULTIMERCADO;11/07/2022;5,1016417
KAPITALO ZETA FIC MULTIMERCADO;12/07/2022;5,1241418
KAPITALO ZETA FIC MULTIMERCADO;13/07/2022;5,1229966
KAPITALO ZETA FIC MULTIMERCADO;14/07/2022;5,1278788
KAPITALO ZETA FIC MULTIMERCADO;15/07/2022;5,1061279
KAPITALO ZETA FIC MULTIMERCADO;18/07/2022;5,0930126
KAPITALO ZETA FIC MULTIMERCADO;19/07/2022;5,1195485
KAPITALO ZETA FIC MULTIMERCADO;20/07/2022;5,1315495
KAPITALO ZETA FIC MULTIMERCADO;21/07/2022;5,1312529
KAPITALO ZETA FIC MULTIMERCADO;22/07/2022;5,156431
KAPITALO ZETA FIC MULTIMERCADO;25/07/2022;5,1638591
KAPITALO ZETA FIC MULTIMERCADO;26/07/2022;5,1580496
KAPITALO ZETA FIC MULTIMERCADO;27/07/2022;5,1750285
KAPITALO ZETA FIC MULTIMERCADO;28/07/2022;5,1978527
KAPITALO ZETA FIC MULTIMERCADO;29/07/2022;5,2122281
KAPITALO ZETA FIC MULTIMERCADO;01/08/2022;5,2169534
KAPITALO ZETA FIC MULTIMERCADO;02/08/2022;5,2119403
KAPITALO ZETA FIC MULTIMERCADO;03/08/2022;5,218471
KAPITALO ZETA FIC MULTIMERCADO;04/08/2022;5,2063672
KAPITALO ZETA FIC MULTIMERCADO;05/08/2022;5,219452
KAPITALO ZETA FIC MULTIMERCADO;08/08/2022;5,2433089
KAPITALO ZETA FIC MULTIMERCADO;09/08/2022;5,2301604
KAPITALO ZETA FIC MULTIMERCADO;10/08/2022;5,2456374
KAPITALO ZETA FIC MULTIMERCADO;11/08/2022;5,2235251
KAPITALO ZETA FIC MULTIMERCADO;12/08/2022;5,2479895
KAPITALO ZETA FIC MULTIMERCADO;15/08/2022;5,2521105
KAPITALO ZETA FIC MULTIMERCADO;16/08/2022;5,2575834
KAPITALO ZETA FIC MULTIMERCADO;17/08/2022;5,2748165
KAPITALO ZETA FIC MULTIMERCADO;18/08/2022;5,3081874
KAPITALO ZETA FIC MULTIMERCADO;19/08/2022;5,3336635
KAPITALO ZETA FIC MULTIMERCADO;22/08/2022;5,3329977
KAPITALO ZETA FIC MULTIMERCADO;23/08/2022;5,3060918
KAPITALO ZETA FIC MULTIMERCADO;24/08/2022;5,32287
KAPITALO ZETA FIC MULTIMERCADO;25/08/2022;5,3142164
KAPITALO ZETA FIC MULTIMERCADO;26/08/2022;5,3051141
KAPITALO ZETA FIC MULTIMERCADO;29/08/2022;5,3052297
KAPITALO ZETA FIC MULTIMERCADO;30/08/2022;5,3040583
KAPITALO ZETA FIC MULTIMERCADO;31/08/2022;5,3027767
KAPITALO ZETA FIC MULTIMERCADO;01/09/2022;5,2866247
KAPITALO ZETA FIC MULTIMERCADO;02/09/2022;5,2838403
KAPITALO ZETA FIC MULTIMERCADO;05/09/2022;5,292607
KAPITALO ZETA FIC MULTIMERCADO;06/09/2022;5,303553
KAPITALO ZETA FIC MULTIMERCADO;08/09/2022;5,277026
KAPITALO ZETA FIC MULTIMERCADO;09/09/2022;5,3131939
KAPITALO ZETA FIC MULTIMERCADO;12/09/2022;5,3165371
KAPITALO ZETA FIC MULTIMERCADO;13/09/2022;5,3073276
KAPITALO ZETA FIC MULTIMERCADO;14/09/2022;5,3215036
KAPITALO ZETA FIC MULTIMERCADO;15/09/2022;5,3201488
KAPITALO ZETA FIC MULTIMERCADO;16/09/2022;5,3238437
KAPITALO ZETA FIC MULTIMERCADO;19/09/2022;5,3307723
KAPITALO ZETA FIC MULTIMERCADO;20/09/2022;5,3289884
KAPITALO ZETA FIC MULTIMERCADO;21/09/2022;5,3327473
KAPITALO ZETA FIC MULTIMERCADO;22/09/2022;5,3447663
KAPITALO ZETA FIC MULTIMERCADO;23/09/2022;5,32175
KAPITALO ZETA FIC MULTIMERCADO;26/09/2022;5,303582
KAPITALO ZETA FIC MULTIMERCADO;27/09/2022;5,2934944
KAPITALO ZETA FIC MULTIMERCADO;28/09/2022;5,2749126
KAPITALO ZETA FIC MULTIMERCADO;29/09/2022;5,2864104
KAPITALO ZETA FIC MULTIMERCADO;30/09/2022;5,2808457
KAPITALO ZETA FIC MULTIMERCADO;03/10/2022;5,3286248
KAPITALO ZETA FIC MULTIMERCADO;04/10/2022;5,3495371
KAPITALO ZETA FIC MULTIMERCADO;05/10/2022;5,3518379
KAPITALO ZETA FIC MULTIMERCADO;06/10/2022;5,3748339
KAPITALO ZETA FIC MULTIMERCADO;07/10/2022;5,3770859
KAPITALO ZETA FIC MULTIMERCADO;10/10/2022;5,3906326
KAPITALO ZETA FIC MULTIMERCADO;11/10/2022;5,367879
KAPITALO ZETA FIC MULTIMERCADO;13/10/2022;5,3857162
KAPITALO ZETA FIC MULTIMERCADO;14/10/2022;5,3829904
KAPITALO ZETA FIC MULTIMERCADO;17/10/2022;5,4011697
KAPITALO ZETA FIC MULTIMERCADO;18/10/2022;5,4175321
KAPITALO ZETA FIC MULTIMERCADO;19/10/2022;5,4215112
KAPITALO ZETA FIC MULTIMERCADO;20/10/2022;5,4322915
KAPITALO ZETA FIC MULTIMERCADO;21/10/2022;5,4620059
KAPITALO ZETA FIC MULTIMERCADO;24/10/2022;5,4357106
KAPITALO ZETA FIC MULTIMERCADO;25/10/2022;5,3978321
KAPITALO ZETA FIC MULTIMERCADO;26/10/2022;5,3883743
KAPITALO ZETA FIC MULTIMERCADO;27/10/2022;5,4073753
KAPITALO ZETA FIC MULTIMERCADO;28/10/2022;5,3884347
KAPITALO ZETA FIC MULTIMERCADO;31/10/2022;5,3917843
KAPITALO ZETA FIC MULTIMERCADO;01/11/2022;5,42387
KAPITALO ZETA FIC MULTIMERCADO;03/11/2022;5,4529162
KAPITALO ZETA FIC MULTIMERCADO;04/11/2022;5,4744984
KAPITALO ZETA FIC MULTIMERCADO;07/11/2022;5,4615378
KAPITALO ZETA FIC MULTIMERCADO;08/11/2022;5,4424824
KAPITALO ZETA FIC MULTIMERCADO;09/11/2022;5,4594342
KAPITALO ZETA FIC MULTIMERCADO;10/11/2022;5,4549699
KAPITALO ZETA FIC MULTIMERCADO;11/11/2022;5,5049383
KAPITALO ZETA FIC MULTIMERCADO;14/11/2022;5,4997502
KAPITALO ZETA FIC MULTIMERCADO;16/11/2022;5,5085429
KAPITALO ZETA FIC MULTIMERCADO;17/11/2022;5,4917531
KAPITALO ZETA FIC MULTIMERCADO;18/11/2022;5,4738348
KAPITALO ZETA FIC MULTIMERCADO;21/11/2022;5,4538044
KAPITALO ZETA FIC MULTIMERCADO;22/11/2022;5,4473212
KAPITALO ZETA FIC MULTIMERCADO;23/11/2022;5,4341304
KAPITALO ZETA FIC MULTIMERCADO;24/11/2022;5,4627253
KAPITALO ZETA FIC MULTIMERCADO;25/11/2022;5,4788933
KAPITALO ZETA FIC MULTIMERCADO;28/11/2022;5,4631402
KAPITALO ZETA FIC MULTIMERCADO;29/11/2022;5,4848264
KAPITALO ZETA FIC MULTIMERCADO;30/11/2022;5,4969377
KAPITALO ZETA FIC MULTIMERCADO;01/12/2022;5,4753445
KAPITALO ZETA FIC MULTIMERCADO;02/12/2022;5,4892369
KAPITALO ZETA FIC MULTIMERCADO;05/12/2022;5,4676077
KAPITALO ZETA FIC MULTIMERCADO;06/12/2022;5,4613742
KAPITALO ZETA FIC MULTIMERCADO;07/12/2022;5,4629865
KAPITALO ZETA FIC MULTIMERCADO;08/12/2022;5,4442549
KAPITALO ZETA FIC MULTIMERCADO;09/12/2022;5,4594361
KAPITALO ZETA FIC MULTIMERCADO;12/12/2022;5,4622539
KAPITALO ZETA FIC MULTIMERCADO;13/12/2022;5,452249
KAPITALO ZETA FIC MULTIMERCADO;14/12/2022;5,4836434
KAPITALO ZETA FIC MULTIMERCADO;15/12/2022;5,4728477
KAPITALO ZETA FIC MULTIMERCADO;16/12/2022;5,4666164
KAPITALO ZETA FIC MULTIMERCADO;19/12/2022;5,4540441
KAPITALO ZETA FIC MULTIMERCADO;20/12/2022;5,453764
KAPITALO ZETA FIC MULTIMERCADO;21/12/2022;5,4785838
KAPITALO ZETA FIC MULTIMERCADO;22/12/2022;5,4785795
KAPITALO ZETA FIC MULTIMERCADO;23/12/2022;5,4816888
KAPITALO ZETA FIC MULTIMERCADO;26/12/2022;5,4801829
KAPITALO ZETA FIC MULTIMERCADO;27/12/2022;5,4875276
KAPITALO ZETA FIC MULTIMERCADO;28/12/2022;5,5021978
KAPITALO ZETA FIC MULTIMERCADO;29/12/2022;5,5219191
KAPITALO ZETA FIC MULTIMERCADO;30/12/2022;5,5251118
KAPITALO ZETA FIC MULTIMERCADO;02/01/2023;5,5366497
KAPITALO ZETA FIC MULTIMERCADO;03/01/2023;5,5462918
KAPITALO ZETA FIC MULTIMERCADO;04/01/2023;5,5495125
KAPITALO ZETA FIC MULTIMERCADO;05/01/2023;5,5600364
KAPITALO ZETA FIC MULTIMERCADO;06/01/2023;5,602257
KAPITALO ZETA FIC MULTIMERCADO;09/01/2023;5,6168087
KAPITALO ZETA FIC MULTIMERCADO;10/01/2023;5,6308054
KAPITALO ZETA FIC MULTIMERCADO;11/01/2023;5,6505648
KAPITALO ZETA FIC MULTIMERCADO;12/01/2023;5,682357
KAPITALO ZETA FIC MULTIMERCADO;13/01/2023;5,6835995
KAPITALO ZETA FIC MULTIMERCADO;16/01/2023;5,6801328
KAPITALO ZETA FIC MULTIMERCADO;17/01/2023;5,6780548
KAPITALO ZETA FIC MULTIMERCADO;18/01/2023;5,6854037
KAPITALO ZETA FIC MULTIMERCADO;19/01/2023;5,6758164
KAPITALO ZETA FIC MULTIMERCADO;20/01/2023;5,6720583
KAPITALO ZETA FIC MULTIMERCADO;23/01/2023;5,653817
KAPITALO ZETA FIC MULTIMERCADO;24/01/2023;5,6560384
KAPITALO ZETA FIC MULTIMERCADO;25/01/2023;5,6752666
KAPITALO ZETA FIC MULTIMERCADO;26/01/2023;5,6659811
KAPITALO ZETA FIC MULTIMERCADO;27/01/2023;5,6582086
KAPITALO ZETA FIC MULTIMERCADO;30/01/2023;5,6539001
KAPITALO ZETA FIC MULTIMERCADO;31/01/2023;5,6613133
KAPITALO ZETA FIC MULTIMERCADO;01/02/2023;5,6847615
KAPITALO ZETA FIC MULTIMERCADO;02/02/2023;5,6671097
KAPITALO ZETA FIC MULTIMERCADO;03/02/2023;5,6400121
KAPITALO ZETA FIC MULTIMERCADO;06/02/2023;5,6099332
KAPITALO ZETA FIC MULTIMERCADO;07/02/2023;5,6278416
KAPITALO ZETA FIC MULTIMERCADO;08/02/2023;5,6186142
KAPITALO ZETA FIC MULTIMERCADO;09/02/2023;5,6054228
KAPITALO ZETA FIC MULTIMERCADO;10/02/2023;5,6136277
KAPITALO ZETA FIC MULTIMERCADO;13/02/2023;5,5994185
KAPITALO ZETA FIC MULTIMERCADO;14/02/2023;5,5842884
KAPITALO ZETA FIC MULTIMERCADO;15/02/2023;5,6072143
KAPITALO ZETA FIC MULTIMERCADO;16/02/2023;5,6302238
KAPITALO ZETA FIC MULTIMERCADO;17/02/2023;5,6323065
KAPITALO ZETA FIC MULTIMERCADO;22/02/2023;5,6248558
KAPITALO ZETA FIC MULTIMERCADO;23/02/2023;5,6210349
KAPITALO ZETA FIC MULTIMERCADO;24/02/2023;5,604421
KAPITALO ZETA FIC MULTIMERCADO;27/02/2023;5,5995171
KAPITALO ZETA FIC MULTIMERCADO;28/02/2023;5,618519
KAPITALO ZETA FIC MULTIMERCADO;01/03/2023;5,5977207
KAPITALO ZETA FIC MULTIMERCADO;02/03/2023;5,598473
KAPITALO ZETA FIC MULTIMERCADO;03/03/2023;5,6034291
KAPITALO ZETA FIC MULTIMERCADO;06/03/2023;5,5865034
KAPITALO ZETA FIC MULTIMERCADO;07/03/2023;5,5812541
KAPITALO ZETA FIC MULTIMERCADO;08/03/2023;5,5980028
KAPITALO ZETA FIC MULTIMERCADO;09/03/2023;5,5989686
KAPITALO ZETA FIC MULTIMERCADO;10/03/2023;5,5789825
KAPITALO ZETA FIC MULTIMERCADO;13/03/2023;5,5231676
KAPITALO ZETA FIC MULTIMERCADO;14/03/2023;5,5103996
KAPITALO ZETA FIC MULTIMERCADO;15/03/2023;5,491481
KAPITALO ZETA FIC MULTIMERCADO;16/03/2023;5,4891991
KAPITALO ZETA FIC MULTIMERCADO;17/03/2023;5,5858789
KAPITALO ZETA FIC MULTIMERCADO;20/03/2023;5,5757252
KAPITALO ZETA FIC MULTIMERCADO;21/03/2023;5,5654254
KAPITALO ZETA FIC MULTIMERCADO;22/03/2023;5,6257216
KAPITALO ZETA FIC MULTIMERCADO;23/03/2023;5,6438344
KAPITALO ZETA FIC MULTIMERCADO;24/03/2023;5,6420674
KAPITALO ZETA FIC MULTIMERCADO;27/03/2023;5,6181814
KAPITALO ZETA FIC MULTIMERCADO;28/03/2023;5,6257293
KAPITALO ZETA FIC MULTIMERCADO;29/03/2023;5,6406117
KAPITALO ZETA FIC MULTIMERCADO;30/03/2023;5,65415
KAPITALO ZETA FIC MULTIMERCADO;31/03/2023;5,6819277
KAPITALO ZETA FIC MULTIMERCADO;03/04/2023;5,6975531
KAPITALO ZETA FIC MULTIMERCADO;04/04/2023;5,7063012
KAPITALO ZETA FIC MULTIMERCADO;05/04/2023;5,6843578
KAPITALO ZETA FIC MULTIMERCADO;06/04/2023;5,696216
KAPITALO ZETA FIC MULTIMERCADO;10/04/2023;5,6663941
KAPITALO ZETA FIC MULTIMERCADO;11/04/2023;5,6786086
KAPITALO ZETA FIC MULTIMERCADO;12/04/2023;5,6961419
KAPITALO ZETA FIC MULTIMERCADO;13/04/2023;5,6938798
KAPITALO ZETA FIC MULTIMERCADO;14/04/2023;5,6663114
KAPITALO ZETA FIC MULTIMERCADO;17/04/2023;5,6261144
KAPITALO ZETA FIC MULTIMERCADO;18/04/2023;5,6351395
KAPITALO ZETA FIC MULTIMERCADO;19/04/2023;5,6198814
KAPITALO ZETA FIC MULTIMERCADO;20/04/2023;5,6326303
KAPITALO ZETA FIC MULTIMERCADO;24/04/2023;5,6124335
KAPITALO ZETA FIC MULTIMERCADO;25/04/2023;5,6337917
KAPITALO ZETA FIC MULTIMERCADO;26/04/2023;5,6271652
KAPITALO ZETA FIC MULTIMERCADO;27/04/2023;5,6356872
KAPITALO ZETA FIC MULTIMERCADO;28/04/2023;5,6654247
KAPITALO ZETA FIC MULTIMERCADO;02/05/2023;5,6606401
KAPITALO ZETA FIC MULTIMERCADO;03/05/2023;5,6551354
KAPITALO ZETA FIC MULTIMERCADO;04/05/2023;5,6379075
KAPITALO ZETA FIC MULTIMERCADO;05/05/2023;5,6316661
KAPITALO ZETA FIC MULTIMERCADO;08/05/2023;5,636131
KAPITALO ZETA FIC MULTIMERCADO;09/05/2023;5,6339913
KAPITALO ZETA FIC MULTIMERCADO;10/05/2023;5,6469534
KAPITALO ZETA FIC MULTIMERCADO;11/05/2023;5,6417266
KAPITALO ZETA FIC MULTIMERCADO;12/05/2023;5,6492666
KAPITALO ZETA FIC MULTIMERCADO;15/05/2023;5,6592317
KAPITALO ZETA FIC MULTIMERCADO;16/05/2023;5,6585587
KAPITALO ZETA FIC MULTIMERCADO;17/05/2023;5,6626529
KAPITALO ZETA FIC MULTIMERCADO;18/05/2023;5,6589138
KAPITALO ZETA FIC MULTIMERCADO;19/05/2023;5,6483031
KAPITALO ZETA FIC MULTIMERCADO;22/05/2023;5,6394927
KAPITALO ZETA FIC MULTIMERCADO;23/05/2023;5,6091742
KAPITALO ZETA FIC MULTIMERCADO;24/05/2023;5,5786933
KAPITALO ZETA FIC MULTIMERCADO;25/05/2023;5,5546845
KAPITALO ZETA FIC MULTIMERCADO;26/05/2023;5,558796
KAPITALO ZETA FIC MULTIMERCADO;29/05/2023;5,5647877
KAPITALO ZETA FIC MULTIMERCADO;30/05/2023;5,5753079
KAPITALO ZETA FIC MULTIMERCADO;31/05/2023;5,6063654
KAPITALO ZETA FIC MULTIMERCADO;01/06/2023;5,625451
KAPITALO ZETA FIC MULTIMERCADO;02/06/2023;5,6292224
KAPITALO ZETA FIC MULTIMERCADO;05/06/2023;5,624312
KAPITALO ZETA FIC MULTIMERCADO;06/06/2023;5,6122696
KAPITALO ZETA FIC MULTIMERCADO;07/06/2023;5,6020367
KAPITALO ZETA FIC MULTIMERCADO;09/06/2023;5,6083015
KAPITALO ZETA FIC MULTIMERCADO;12/06/2023;5,6006823
KAPITALO ZETA FIC MULTIMERCADO;13/06/2023;5,5723235
KAPITALO ZETA FIC MULTIMERCADO;14/06/2023;5,5981329
KAPITALO ZETA FIC MULTIMERCADO;15/06/2023;5,6327841
KAPITALO ZETA FIC MULTIMERCADO;16/06/2023;5,6253918
KAPITALO ZETA FIC MULTIMERCADO;19/06/2023;5,6190869
KAPITALO ZETA FIC MULTIMERCADO;20/06/2023;5,6193338
KAPITALO ZETA FIC MULTIMERCADO;21/06/2023;5,5986677
KAPITALO ZETA FIC MULTIMERCADO;22/06/2023;5,5699272
KAPITALO ZETA FIC MULTIMERCADO;23/06/2023;5,5856013
KAPITALO ZETA FIC MULTIMERCADO;26/06/2023;5,5907023
KAPITALO ZETA FIC MULTIMERCADO;27/06/2023;5,5523888
KAPITALO ZETA FIC MULTIMERCADO;28/06/2023;5,5543964
KAPITALO ZETA FIC MULTIMERCADO;29/06/2023;5,5348121
KAPITALO ZETA FIC MULTIMERCADO;30/06/2023;5,5367985
KAPITALO ZETA FIC MULTIMERCADO;03/07/2023;5,5341588
KAPITALO ZETA FIC MULTIMERCADO;04/07/2023;5,5287703
KAPITALO ZETA FIC MULTIMERCADO;05/07/2023;5,5334981
KAPITALO ZETA FIC MULTIMERCADO;06/07/2023;5,5146552
KAPITALO ZETA FIC MULTIMERCADO;07/07/2023;5,5523343
KAPITALO ZETA FIC MULTIMERCADO;10/07/2023;5,5491879
KAPITALO ZETA FIC MULTIMERCADO;11/07/2023;5,5668483
KAPITALO ZETA FIC MULTIMERCADO;12/07/2023;5,606015
KAPITALO ZETA FIC MULTIMERCADO;13/07/2023;5,6376403
KAPITALO ZETA FIC MULTIMERCADO;14/07/2023;5,5956886
KAPITALO ZETA FIC MULTIMERCADO;17/07/2023;5,588953
KAPITALO ZETA FIC MULTIMERCADO;18/07/2023;5,6003283
KAPITALO ZETA FIC MULTIMERCADO;19/07/2023;5,5998399
KAPITALO ZETA FIC MULTIMERCADO;20/07/2023;5,5652195
KAPITALO ZETA FIC MULTIMERCADO;21/07/2023;5,5853257
KAPITALO ZETA FIC MULTIMERCADO;24/07/2023;5,6050054
KAPITALO ZETA FIC MULTIMERCADO;25/07/2023;5,6124946
KAPITALO ZETA FIC MULTIMERCADO;26/07/2023;5,6295836
KAPITALO ZETA FIC MULTIMERCADO;27/07/2023;5,6536728
KAPITALO ZETA FIC MULTIMERCADO;28/07/2023;5,671448
KAPITALO ZETA FIC MULTIMERCADO;31/07/2023;5,7197855
KAPITALO ZETA FIC MULTIMERCADO;01/08/2023;5,6977426
KAPITALO ZETA FIC MULTIMERCADO;02/08/2023;5,678181
KAPITALO ZETA FIC MULTIMERCADO;03/08/2023;5,7162087
KAPITALO ZETA FIC MULTIMERCADO;04/08/2023;5,7516448
KAPITALO ZETA FIC MULTIMERCADO;07/08/2023;5,736448
KAPITALO ZETA FIC MULTIMERCADO;08/08/2023;5,7593147
KAPITALO ZETA FIC MULTIMERCADO;09/08/2023;5,7429347
KAPITALO ZETA FIC MULTIMERCADO;10/08/2023;5,7551851
KAPITALO ZETA FIC MULTIMERCADO;11/08/2023;5,72703
KAPITALO ZETA FIC MULTIMERCADO;14/08/2023;5,6872243
KAPITALO ZETA FIC MULTIMERCADO;15/08/2023;5,6853536
KAPITALO ZETA FIC MULTIMERCADO;16/08/2023;5,6790978
KAPITALO ZETA FIC MULTIMERCADO;17/08/2023;5,6437195
KAPITALO ZETA FIC MULTIMERCADO;18/08/2023;5,6654971
KAPITALO ZETA FIC MULTIMERCADO;21/08/2023;5,6463935
KAPITALO ZETA FIC MULTIMERCADO;22/08/2023;5,6706761
KAPITALO ZETA FIC MULTIMERCADO;23/08/2023;5,7015687
KAPITALO ZETA FIC MULTIMERCADO;24/08/2023;5,6941492
KAPITALO ZETA FIC MULTIMERCADO;25/08/2023;5,6801437
KAPITALO ZETA FIC MULTIMERCADO;28/08/2023;5,6831686
KAPITALO ZETA FIC MULTIMERCADO;29/08/2023;5,742069
KAPITALO ZETA FIC MULTIMERCADO;30/08/2023;5,7366114
KAPITALO ZETA FIC MULTIMERCADO;31/08/2023;5,704357
KAPITALO ZETA FIC MULTIMERCADO;01/09/2023;5,7160575
KAPITALO ZETA FIC MULTIMERCADO;04/09/2023;5,7283543
KAPITALO ZETA FIC MULTIMERCADO;05/09/2023;5,6676825
KAPITALO ZETA FIC MULTIMERCADO;06/09/2023;5,628828
KAPITALO ZETA FIC MULTIMERCADO;08/09/2023;5,6257743
KAPITALO ZETA FIC MULTIMERCADO;11/09/2023;5,6499218
KAPITALO ZETA FIC MULTIMERCADO;12/09/2023;5,658163
KAPITALO ZETA FIC MULTIMERCADO;13/09/2023;5,6916647
KAPITALO ZETA FIC MULTIMERCADO;14/09/2023;5,7257371
KAPITALO ZETA FIC MULTIMERCADO;15/09/2023;5,7270652
KAPITALO ZETA FIC MULTIMERCADO;18/09/2023;5,7174452
KAPITALO ZETA FIC MULTIMERCADO;19/09/2023;5,7115688
KAPITALO ZETA FIC MULTIMERCADO;20/09/2023;5,727185
KAPITALO ZETA FIC MULTIMERCADO;21/09/2023;5,6988543
KAPITALO ZETA FIC MULTIMERCADO;22/09/2023;5,7219078
KAPITALO ZETA FIC MULTIMERCADO;25/09/2023;5,6952024
KAPITALO ZETA FIC MULTIMERCADO;26/09/2023;5,6672737
KAPITALO ZETA FIC MULTIMERCADO;27/09/2023;5,6189237
KAPITALO ZETA FIC MULTIMERCADO;28/09/2023;5,6399809
KAPITALO ZETA FIC MULTIMERCADO;29/09/2023;5,6931973
KAPITALO ZETA FIC MULTIMERCADO;02/10/2023;5,6543247
KAPITALO ZETA FIC MULTIMERCADO;03/10/2023;5,6199019
KAPITALO ZETA FIC MULTIMERCADO;04/10/2023;5,6519504
KAPITALO ZETA FIC MULTIMERCADO;05/10/2023;5,6578631
KAPITALO ZETA FIC MULTIMERCADO;06/10/2023;5,6656684
KAPITALO ZETA FIC MULTIMERCADO;09/10/2023;5,6934399
KAPITALO ZETA FIC MULTIMERCADO;10/10/2023;5,7205559
KAPITALO ZETA FIC MULTIMERCADO;11/10/2023;5,691174
KAPITALO ZETA FIC MULTIMERCADO;13/10/2023;5,6625511
KAPITALO ZETA FIC MULTIMERCADO;16/10/2023;5,659351
KAPITALO ZETA FIC MULTIMERCADO;17/10/2023;5,6022712
KAPITALO ZETA FIC MULTIMERCADO;18/10/2023;5,5647588
KAPITALO ZETA FIC MULTIMERCADO;19/10/2023;5,5493063
KAPITALO ZETA FIC MULTIMERCADO;20/10/2023;5,6064497
KAPITALO ZETA FIC MULTIMERCADO;23/10/2023;5,618596
KAPITALO ZETA FIC MULTIMERCADO;24/10/2023;5,6195597
KAPITALO ZETA FIC MULTIMERCADO;25/10/2023;5,6384371
KAPITALO ZETA FIC MULTIMERCADO;26/10/2023;5,6706931
KAPITALO ZETA FIC MULTIMERCADO;27/10/2023;5,653481
KAPITALO ZETA FIC MULTIMERCADO;30/10/2023;5,5915113
KAPITALO ZETA FIC MULTIMERCADO;31/10/2023;5,6206912
KAPITALO ZETA FIC MULTIMERCADO;01/11/2023;5,68083
KAPITALO ZETA FIC MULTIMERCADO;03/11/2023;5,7187619
KAPITALO ZETA FIC MULTIMERCADO;06/11/2023;5,74067
KAPITALO ZETA FIC MULTIMERCADO;07/11/2023;5,7605518
KAPITALO ZETA FIC MULTIMERCADO;08/11/2023;5,7275354
KAPITALO ZETA FIC MULTIMERCADO;09/11/2023;5,7019983
KAPITALO ZETA FIC MULTIMERCADO;10/11/2023;5,7306844
KAPITALO ZETA FIC MULTIMERCADO;13/11/2023;5,7226899
KAPITALO ZETA FIC MULTIMERCADO;14/11/2023;5,8251963
KAPITALO ZETA FIC MULTIMERCADO;16/11/2023;5,8934816
KAPITALO ZETA FIC MULTIMERCADO;17/11/2023;5,9074343
KAPITALO ZETA FIC MULTIMERCADO;20/11/2023;5,9175517
KAPITALO ZETA FIC MULTIMERCADO;21/11/2023;5,932211
KAPITALO ZETA FIC MULTIMERCADO;22/11/2023;5,9219486
KINEA ATLAS II FI MULTIMERCADO;06/04/2018;1,2508367
KINEA ATLAS II FI MULTIMERCADO;09/04/2018;1,2485502
KINEA ATLAS II FI MULTIMERCADO;10/04/2018;1,2515144
KINEA ATLAS II FI MULTIMERCADO;11/04/2018;1,2525597
KINEA ATLAS II FI MULTIMERCADO;12/04/2018;1,2592852
KINEA ATLAS II FI MULTIMERCADO;13/04/2018;1,2580734
KINEA ATLAS II FI MULTIMERCADO;16/04/2018;1,2582962
KINEA ATLAS II FI MULTIMERCADO;17/04/2018;1,2604227
KINEA ATLAS II FI MULTIMERCADO;18/04/2018;1,2623775
KINEA ATLAS II FI MULTIMERCADO;19/04/2018;1,2654916
KINEA ATLAS II FI MULTIMERCADO;20/04/2018;1,2702385
KINEA ATLAS II FI MULTIMERCADO;23/04/2018;1,2738845
KINEA ATLAS II FI MULTIMERCADO;24/04/2018;1,2705258
KINEA ATLAS II FI MULTIMERCADO;25/04/2018;1,2712573
KINEA ATLAS II FI MULTIMERCADO;26/04/2018;1,2734311
KINEA ATLAS II FI MULTIMERCADO;27/04/2018;1,2744807
KINEA ATLAS II FI MULTIMERCADO;30/04/2018;1,2772897
KINEA ATLAS II FI MULTIMERCADO;02/05/2018;1,2774612
KINEA ATLAS II FI MULTIMERCADO;03/05/2018;1,27643
KINEA ATLAS II FI MULTIMERCADO;04/05/2018;1,2788657
KINEA ATLAS II FI MULTIMERCADO;07/05/2018;1,2785166
KINEA ATLAS II FI MULTIMERCADO;08/05/2018;1,2781771
KINEA ATLAS II FI MULTIMERCADO;09/05/2018;1,2771666
KINEA ATLAS II FI MULTIMERCADO;10/05/2018;1,2786933
KINEA ATLAS II FI MULTIMERCADO;11/05/2018;1,2730786
KINEA ATLAS II FI MULTIMERCADO;14/05/2018;1,2680036
KINEA ATLAS II FI MULTIMERCADO;15/05/2018;1,266968
KINEA ATLAS II FI MULTIMERCADO;16/05/2018;1,2699691
KINEA ATLAS II FI MULTIMERCADO;17/05/2018;1,2637513
KINEA ATLAS II FI MULTIMERCADO;18/05/2018;1,259875
KINEA ATLAS II FI MULTIMERCADO;21/05/2018;1,2640864
KINEA ATLAS II FI MULTIMERCADO;22/05/2018;1,2687591
KINEA ATLAS II FI MULTIMERCADO;23/05/2018;1,2686522
KINEA ATLAS II FI MULTIMERCADO;24/05/2018;1,2663075
KINEA ATLAS II FI MULTIMERCADO;25/05/2018;1,2645474
KINEA ATLAS II FI MULTIMERCADO;28/05/2018;1,2593287
KINEA ATLAS II FI MULTIMERCADO;29/05/2018;1,2607214
KINEA ATLAS II FI MULTIMERCADO;30/05/2018;1,2596676
KINEA ATLAS II FI MULTIMERCADO;01/06/2018;1,261448
KINEA ATLAS II FI MULTIMERCADO;04/06/2018;1,2649744
KINEA ATLAS II FI MULTIMERCADO;05/06/2018;1,2589203
KINEA ATLAS II FI MULTIMERCADO;06/06/2018;1,2553915
KINEA ATLAS II FI MULTIMERCADO;07/06/2018;1,2450382
KINEA ATLAS II FI MULTIMERCADO;08/06/2018;1,250558
KINEA ATLAS II FI MULTIMERCADO;11/06/2018;1,2525572
KINEA ATLAS II FI MULTIMERCADO;12/06/2018;1,2538973
KINEA ATLAS II FI MULTIMERCADO;13/06/2018;1,2515572
KINEA ATLAS II FI MULTIMERCADO;14/06/2018;1,239725
KINEA ATLAS II FI MULTIMERCADO;15/06/2018;1,2522336
KINEA ATLAS II FI MULTIMERCADO;18/06/2018;1,2563925
KINEA ATLAS II FI MULTIMERCADO;19/06/2018;1,2673544
KINEA ATLAS II FI MULTIMERCADO;20/06/2018;1,265729
KINEA ATLAS II FI MULTIMERCADO;21/06/2018;1,2653073
KINEA ATLAS II FI MULTIMERCADO;22/06/2018;1,264556
KINEA ATLAS II FI MULTIMERCADO;25/06/2018;1,2680499
KINEA ATLAS II FI MULTIMERCADO;26/06/2018;1,2710137
KINEA ATLAS II FI MULTIMERCADO;27/06/2018;1,2652163
KINEA ATLAS II FI MULTIMERCADO;28/06/2018;1,2709819
KINEA ATLAS II FI MULTIMERCADO;29/06/2018;1,2726258
KINEA ATLAS II FI MULTIMERCADO;02/07/2018;1,2729619
KINEA ATLAS II FI MULTIMERCADO;03/07/2018;1,2744689
KINEA ATLAS II FI MULTIMERCADO;04/07/2018;1,277159
KINEA ATLAS II FI MULTIMERCADO;05/07/2018;1,2741031
KINEA ATLAS II FI MULTIMERCADO;06/07/2018;1,2768567
KINEA ATLAS II FI MULTIMERCADO;09/07/2018;1,2773118
KINEA ATLAS II FI MULTIMERCADO;10/07/2018;1,2807152
KINEA ATLAS II FI MULTIMERCADO;11/07/2018;1,2780118
KINEA ATLAS II FI MULTIMERCADO;12/07/2018;1,2783096
KINEA ATLAS II FI MULTIMERCADO;13/07/2018;1,2807145
KINEA ATLAS II FI MULTIMERCADO;16/07/2018;1,2827444
KINEA ATLAS II FI MULTIMERCADO;17/07/2018;1,2868895
KINEA ATLAS II FI MULTIMERCADO;18/07/2018;1,2860922
KINEA ATLAS II FI MULTIMERCADO;19/07/2018;1,2902507
KINEA ATLAS II FI MULTIMERCADO;20/07/2018;1,291555
KINEA ATLAS II FI MULTIMERCADO;23/07/2018;1,2890745
KINEA ATLAS II FI MULTIMERCADO;24/07/2018;1,2919667
KINEA ATLAS II FI MULTIMERCADO;25/07/2018;1,2936167
KINEA ATLAS II FI MULTIMERCADO;26/07/2018;1,2894733
KINEA ATLAS II FI MULTIMERCADO;27/07/2018;1,2907115
KINEA ATLAS II FI MULTIMERCADO;30/07/2018;1,2936353
KINEA ATLAS II FI MULTIMERCADO;31/07/2018;1,2942921
KINEA ATLAS II FI MULTIMERCADO;01/08/2018;1,2966736
KINEA ATLAS II FI MULTIMERCADO;02/08/2018;1,2973218
KINEA ATLAS II FI MULTIMERCADO;03/08/2018;1,2987158
KINEA ATLAS II FI MULTIMERCADO;06/08/2018;1,3018765
KINEA ATLAS II FI MULTIMERCADO;07/08/2018;1,3004204
KINEA ATLAS II FI MULTIMERCADO;08/08/2018;1,2976971
KINEA ATLAS II FI MULTIMERCADO;09/08/2018;1,2947951
KINEA ATLAS II FI MULTIMERCADO;10/08/2018;1,2890157
KINEA ATLAS II FI MULTIMERCADO;13/08/2018;1,2914809
KINEA ATLAS II FI MULTIMERCADO;14/08/2018;1,2942266
KINEA ATLAS II FI MULTIMERCADO;15/08/2018;1,2937663
KINEA ATLAS II FI MULTIMERCADO;16/08/2018;1,2913414
KINEA ATLAS II FI MULTIMERCADO;17/08/2018;1,2903638
KINEA ATLAS II FI MULTIMERCADO;20/08/2018;1,2912357
KINEA ATLAS II FI MULTIMERCADO;21/08/2018;1,2860498
KINEA ATLAS II FI MULTIMERCADO;22/08/2018;1,2900467
KINEA ATLAS II FI MULTIMERCADO;23/08/2018;1,2897382
KINEA ATLAS II FI MULTIMERCADO;24/08/2018;1,2883067
KINEA ATLAS II FI MULTIMERCADO;27/08/2018;1,2865769
KINEA ATLAS II FI MULTIMERCADO;28/08/2018;1,2835628
KINEA ATLAS II FI MULTIMERCADO;29/08/2018;1,2827516
KINEA ATLAS II FI MULTIMERCADO;30/08/2018;1,2790827
KINEA ATLAS II FI MULTIMERCADO;31/08/2018;1,2804513
KINEA ATLAS II FI MULTIMERCADO;03/09/2018;1,2776968
KINEA ATLAS II FI MULTIMERCADO;04/09/2018;1,2771265
KINEA ATLAS II FI MULTIMERCADO;05/09/2018;1,277952
KINEA ATLAS II FI MULTIMERCADO;06/09/2018;1,2781242
KINEA ATLAS II FI MULTIMERCADO;10/09/2018;1,281527
KINEA ATLAS II FI MULTIMERCADO;11/09/2018;1,2804437
KINEA ATLAS II FI MULTIMERCADO;12/09/2018;1,2809281
KINEA ATLAS II FI MULTIMERCADO;13/09/2018;1,2769866
KINEA ATLAS II FI MULTIMERCADO;14/09/2018;1,2784262
KINEA ATLAS II FI MULTIMERCADO;17/09/2018;1,2843753
KINEA ATLAS II FI MULTIMERCADO;18/09/2018;1,2842498
KINEA ATLAS II FI MULTIMERCADO;19/09/2018;1,2766073
KINEA ATLAS II FI MULTIMERCADO;20/09/2018;1,27407
KINEA ATLAS II FI MULTIMERCADO;21/09/2018;1,2770888
KINEA ATLAS II FI MULTIMERCADO;24/09/2018;1,2792063
KINEA ATLAS II FI MULTIMERCADO;25/09/2018;1,2809783
KINEA ATLAS II FI MULTIMERCADO;26/09/2018;1,2819273
KINEA ATLAS II FI MULTIMERCADO;27/09/2018;1,2846511
KINEA ATLAS II FI MULTIMERCADO;28/09/2018;1,2833112
KINEA ATLAS II FI MULTIMERCADO;01/10/2018;1,2822581
KINEA ATLAS II FI MULTIMERCADO;02/10/2018;1,2857621
KINEA ATLAS II FI MULTIMERCADO;03/10/2018;1,2931219
KINEA ATLAS II FI MULTIMERCADO;04/10/2018;1,2953769
KINEA ATLAS II FI MULTIMERCADO;05/10/2018;1,2957917
KINEA ATLAS II FI MULTIMERCADO;08/10/2018;1,3076734
KINEA ATLAS II FI MULTIMERCADO;09/10/2018;1,3132765
KINEA ATLAS II FI MULTIMERCADO;10/10/2018;1,3093628
KINEA ATLAS II FI MULTIMERCADO;11/10/2018;1,3118287
KINEA ATLAS II FI MULTIMERCADO;15/10/2018;1,3136933
KINEA ATLAS II FI MULTIMERCADO;16/10/2018;1,3180853
KINEA ATLAS II FI MULTIMERCADO;17/10/2018;1,3208821
KINEA ATLAS II FI MULTIMERCADO;18/10/2018;1,3171841
KINEA ATLAS II FI MULTIMERCADO;19/10/2018;1,3178049
KINEA ATLAS II FI MULTIMERCADO;22/10/2018;1,3227369
KINEA ATLAS II FI MULTIMERCADO;23/10/2018;1,3253032
KINEA ATLAS II FI MULTIMERCADO;24/10/2018;1,3210807
KINEA ATLAS II FI MULTIMERCADO;25/10/2018;1,3236311
KINEA ATLAS II FI MULTIMERCADO;26/10/2018;1,3298147
KINEA ATLAS II FI MULTIMERCADO;29/10/2018;1,3268453
KINEA ATLAS II FI MULTIMERCADO;30/10/2018;1,3289637
KINEA ATLAS II FI MULTIMERCADO;31/10/2018;1,3308717
KINEA ATLAS II FI MULTIMERCADO;01/11/2018;1,3346098
KINEA ATLAS II FI MULTIMERCADO;05/11/2018;1,3378281
KINEA ATLAS II FI MULTIMERCADO;06/11/2018;1,3349987
KINEA ATLAS II FI MULTIMERCADO;07/11/2018;1,3312748
KINEA ATLAS II FI MULTIMERCADO;08/11/2018;1,3268669
KINEA ATLAS II FI MULTIMERCADO;09/11/2018;1,3278239
KINEA ATLAS II FI MULTIMERCADO;12/11/2018;1,326857
KINEA ATLAS II FI MULTIMERCADO;13/11/2018;1,3247955
KINEA ATLAS II FI MULTIMERCADO;14/11/2018;1,3305833
KINEA ATLAS II FI MULTIMERCADO;16/11/2018;1,3396609
KINEA ATLAS II FI MULTIMERCADO;19/11/2018;1,3376984
KINEA ATLAS II FI MULTIMERCADO;20/11/2018;1,337813
KINEA ATLAS II FI MULTIMERCADO;21/11/2018;1,3387543
KINEA ATLAS II FI MULTIMERCADO;22/11/2018;1,3387736
KINEA ATLAS II FI MULTIMERCADO;23/11/2018;1,3382665
KINEA ATLAS II FI MULTIMERCADO;26/11/2018;1,3293161
KINEA ATLAS II FI MULTIMERCADO;27/11/2018;1,3309906
KINEA ATLAS II FI MULTIMERCADO;28/11/2018;1,3336771
KINEA ATLAS II FI MULTIMERCADO;29/11/2018;1,3343988
KINEA ATLAS II FI MULTIMERCADO;30/11/2018;1,3332302
KINEA ATLAS II FI MULTIMERCADO;03/12/2018;1,3340831
KINEA ATLAS II FI MULTIMERCADO;04/12/2018;1,3291776
KINEA ATLAS II FI MULTIMERCADO;05/12/2018;1,3321457
KINEA ATLAS II FI MULTIMERCADO;06/12/2018;1,3319231
KINEA ATLAS II FI MULTIMERCADO;07/12/2018;1,330178
KINEA ATLAS II FI MULTIMERCADO;10/12/2018;1,3251372
KINEA ATLAS II FI MULTIMERCADO;11/12/2018;1,328516
KINEA ATLAS II FI MULTIMERCADO;12/12/2018;1,3350287
KINEA ATLAS II FI MULTIMERCADO;13/12/2018;1,3381331
KINEA ATLAS II FI MULTIMERCADO;14/12/2018;1,3374341
KINEA ATLAS II FI MULTIMERCADO;17/12/2018;1,3364697
KINEA ATLAS II FI MULTIMERCADO;18/12/2018;1,3394609
KINEA ATLAS II FI MULTIMERCADO;19/12/2018;1,3415624
KINEA ATLAS II FI MULTIMERCADO;20/12/2018;1,3467903
KINEA ATLAS II FI MULTIMERCADO;21/12/2018;1,3464683
KINEA ATLAS II FI MULTIMERCADO;24/12/2018;1,3472898
KINEA ATLAS II FI MULTIMERCADO;26/12/2018;1,3459535
KINEA ATLAS II FI MULTIMERCADO;27/12/2018;1,3485348
KINEA ATLAS II FI MULTIMERCADO;28/12/2018;1,3531435
KINEA ATLAS II FI MULTIMERCADO;31/12/2018;1,354138
KINEA ATLAS II FI MULTIMERCADO;02/01/2019;1,3572466
KINEA ATLAS II FI MULTIMERCADO;03/01/2019;1,3641106
KINEA ATLAS II FI MULTIMERCADO;04/01/2019;1,3658082
KINEA ATLAS II FI MULTIMERCADO;07/01/2019;1,3640388
KINEA ATLAS II FI MULTIMERCADO;08/01/2019;1,3627357
KINEA ATLAS II FI MULTIMERCADO;09/01/2019;1,3690713
KINEA ATLAS II FI MULTIMERCADO;10/01/2019;1,3690198
KINEA ATLAS II FI MULTIMERCADO;11/01/2019;1,3704053
KINEA ATLAS II FI MULTIMERCADO;14/01/2019;1,3741747
KINEA ATLAS II FI MULTIMERCADO;15/01/2019;1,3701265
KINEA ATLAS II FI MULTIMERCADO;16/01/2019;1,3726445
KINEA ATLAS II FI MULTIMERCADO;17/01/2019;1,3778144
KINEA ATLAS II FI MULTIMERCADO;18/01/2019;1,3725237
KINEA ATLAS II FI MULTIMERCADO;21/01/2019;1,3735376
KINEA ATLAS II FI MULTIMERCADO;22/01/2019;1,3738196
KINEA ATLAS II FI MULTIMERCADO;23/01/2019;1,3824187
KINEA ATLAS II FI MULTIMERCADO;24/01/2019;1,3832057
KINEA ATLAS II FI MULTIMERCADO;25/01/2019;1,3834153
KINEA ATLAS II FI MULTIMERCADO;28/01/2019;1,3845256
KINEA ATLAS II FI MULTIMERCADO;29/01/2019;1,3870339
KINEA ATLAS II FI MULTIMERCADO;30/01/2019;1,3898729
KINEA ATLAS II FI MULTIMERCADO;31/01/2019;1,3990342
KINEA ATLAS II FI MULTIMERCADO;01/02/2019;1,3974109
KINEA ATLAS II FI MULTIMERCADO;04/02/2019;1,3950228
KINEA ATLAS II FI MULTIMERCADO;05/02/2019;1,393232
KINEA ATLAS II FI MULTIMERCADO;06/02/2019;1,3897489
KINEA ATLAS II FI MULTIMERCADO;07/02/2019;1,3882396
KINEA ATLAS II FI MULTIMERCADO;08/02/2019;1,3869969
KINEA ATLAS II FI MULTIMERCADO;11/02/2019;1,3836374
KINEA ATLAS II FI MULTIMERCADO;12/02/2019;1,3908028
KINEA ATLAS II FI MULTIMERCADO;13/02/2019;1,3886931
KINEA ATLAS II FI MULTIMERCADO;14/02/2019;1,3938862
KINEA ATLAS II FI MULTIMERCADO;15/02/2019;1,3966379
KINEA ATLAS II FI MULTIMERCADO;18/02/2019;1,39718
KINEA ATLAS II FI MULTIMERCADO;19/02/2019;1,3975441
KINEA ATLAS II FI MULTIMERCADO;20/02/2019;1,3919647
KINEA ATLAS II FI MULTIMERCADO;21/02/2019;1,389749
KINEA ATLAS II FI MULTIMERCADO;22/02/2019;1,3920501
KINEA ATLAS II FI MULTIMERCADO;25/02/2019;1,3902469
KINEA ATLAS II FI MULTIMERCADO;26/02/2019;1,3933781
KINEA ATLAS II FI MULTIMERCADO;27/02/2019;1,3918356
KINEA ATLAS II FI MULTIMERCADO;28/02/2019;1,392621
KINEA ATLAS II FI MULTIMERCADO;01/03/2019;1,390977
KINEA ATLAS II FI MULTIMERCADO;06/03/2019;1,3883034
KINEA ATLAS II FI MULTIMERCADO;07/03/2019;1,3841973
KINEA ATLAS II FI MULTIMERCADO;08/03/2019;1,3852546
KINEA ATLAS II FI MULTIMERCADO;11/03/2019;1,3925886
KINEA ATLAS II FI MULTIMERCADO;12/03/2019;1,3928562
KINEA ATLAS II FI MULTIMERCADO;13/03/2019;1,3961689
KINEA ATLAS II FI MULTIMERCADO;14/03/2019;1,3952369
KINEA ATLAS II FI MULTIMERCADO;15/03/2019;1,3954834
KINEA ATLAS II FI MULTIMERCADO;18/03/2019;1,3974252
KINEA ATLAS II FI MULTIMERCADO;19/03/2019;1,3956797
KINEA ATLAS II FI MULTIMERCADO;20/03/2019;1,3969969
KINEA ATLAS II FI MULTIMERCADO;21/03/2019;1,3919174
KINEA ATLAS II FI MULTIMERCADO;22/03/2019;1,3848792
KINEA ATLAS II FI MULTIMERCADO;25/03/2019;1,3871519
KINEA ATLAS II FI MULTIMERCADO;26/03/2019;1,3874057
KINEA ATLAS II FI MULTIMERCADO;27/03/2019;1,3776866
KINEA ATLAS II FI MULTIMERCADO;28/03/2019;1,3838736
KINEA ATLAS II FI MULTIMERCADO;29/03/2019;1,3869824
KINEA ATLAS II FI MULTIMERCADO;01/04/2019;1,3914602
KINEA ATLAS II FI MULTIMERCADO;02/04/2019;1,3926726
KINEA ATLAS II FI MULTIMERCADO;03/04/2019;1,3904869
KINEA ATLAS II FI MULTIMERCADO;04/04/2019;1,3897213
KINEA ATLAS II FI MULTIMERCADO;05/04/2019;1,3877971
KINEA ATLAS II FI MULTIMERCADO;08/04/2019;1,3868045
KINEA ATLAS II FI MULTIMERCADO;09/04/2019;1,3835232
KINEA ATLAS II FI MULTIMERCADO;10/04/2019;1,3881758
KINEA ATLAS II FI MULTIMERCADO;11/04/2019;1,3828729
KINEA ATLAS II FI MULTIMERCADO;12/04/2019;1,3789647
KINEA ATLAS II FI MULTIMERCADO;15/04/2019;1,3792557
KINEA ATLAS II FI MULTIMERCADO;16/04/2019;1,3753438
KINEA ATLAS II FI MULTIMERCADO;17/04/2019;1,3701228
KINEA ATLAS II FI MULTIMERCADO;18/04/2019;1,3774128
KINEA ATLAS II FI MULTIMERCADO;22/04/2019;1,378256
KINEA ATLAS II FI MULTIMERCADO;23/04/2019;1,3831188
KINEA ATLAS II FI MULTIMERCADO;24/04/2019;1,3785783
KINEA ATLAS II FI MULTIMERCADO;25/04/2019;1,384385
KINEA ATLAS II FI MULTIMERCADO;26/04/2019;1,3851147
KINEA ATLAS II FI MULTIMERCADO;29/04/2019;1,3847593
KINEA ATLAS II FI MULTIMERCADO;30/04/2019;1,3882883
KINEA ATLAS II FI MULTIMERCADO;02/05/2019;1,3869208
KINEA ATLAS II FI MULTIMERCADO;03/05/2019;1,3922491
KINEA ATLAS II FI MULTIMERCADO;06/05/2019;1,3893911
KINEA ATLAS II FI MULTIMERCADO;07/05/2019;1,3893209
KINEA ATLAS II FI MULTIMERCADO;08/05/2019;1,3936899
KINEA ATLAS II FI MULTIMERCADO;09/05/2019;1,393837
KINEA ATLAS II FI MULTIMERCADO;10/05/2019;1,3923906
KINEA ATLAS II FI MULTIMERCADO;13/05/2019;1,3860303
KINEA ATLAS II FI MULTIMERCADO;14/05/2019;1,3878967
KINEA ATLAS II FI MULTIMERCADO;15/05/2019;1,3875629
KINEA ATLAS II FI MULTIMERCADO;16/05/2019;1,3809319
KINEA ATLAS II FI MULTIMERCADO;17/05/2019;1,3738446
KINEA ATLAS II FI MULTIMERCADO;20/05/2019;1,3796035
KINEA ATLAS II FI MULTIMERCADO;21/05/2019;1,3898241
KINEA ATLAS II FI MULTIMERCADO;22/05/2019;1,3893738
KINEA ATLAS II FI MULTIMERCADO;23/05/2019;1,3888673
KINEA ATLAS II FI MULTIMERCADO;24/05/2019;1,3908234
KINEA ATLAS II FI MULTIMERCADO;27/05/2019;1,391934
KINEA ATLAS II FI MULTIMERCADO;28/05/2019;1,3971975
KINEA ATLAS II FI MULTIMERCADO;29/05/2019;1,4011535
KINEA ATLAS II FI MULTIMERCADO;30/05/2019;1,4054017
KINEA ATLAS II FI MULTIMERCADO;31/05/2019;1,407228
KINEA ATLAS II FI MULTIMERCADO;03/06/2019;1,4085941
KINEA ATLAS II FI MULTIMERCADO;04/06/2019;1,41053
KINEA ATLAS II FI MULTIMERCADO;05/06/2019;1,4078267
KINEA ATLAS II FI MULTIMERCADO;06/06/2019;1,4102153
KINEA ATLAS II FI MULTIMERCADO;07/06/2019;1,4139073
KINEA ATLAS II FI MULTIMERCADO;10/06/2019;1,415095
KINEA ATLAS II FI MULTIMERCADO;11/06/2019;1,4189724
KINEA ATLAS II FI MULTIMERCADO;12/06/2019;1,418085
KINEA ATLAS II FI MULTIMERCADO;13/06/2019;1,4235424
KINEA ATLAS II FI MULTIMERCADO;14/06/2019;1,4242151
KINEA ATLAS II FI MULTIMERCADO;17/06/2019;1,42193
KINEA ATLAS II FI MULTIMERCADO;18/06/2019;1,4230668
KINEA ATLAS II FI MULTIMERCADO;19/06/2019;1,4278316
KINEA ATLAS II FI MULTIMERCADO;21/06/2019;1,4342391
KINEA ATLAS II FI MULTIMERCADO;24/06/2019;1,4368963
KINEA ATLAS II FI MULTIMERCADO;25/06/2019;1,4329099
KINEA ATLAS II FI MULTIMERCADO;26/06/2019;1,4327847
KINEA ATLAS II FI MULTIMERCADO;27/06/2019;1,4351736
KINEA ATLAS II FI MULTIMERCADO;28/06/2019;1,4403622
KINEA ATLAS II FI MULTIMERCADO;01/07/2019;1,4407167
KINEA ATLAS II FI MULTIMERCADO;02/07/2019;1,4436866
KINEA ATLAS II FI MULTIMERCADO;03/07/2019;1,4489436
KINEA ATLAS II FI MULTIMERCADO;04/07/2019;1,4532313
KINEA ATLAS II FI MULTIMERCADO;05/07/2019;1,4560489
KINEA ATLAS II FI MULTIMERCADO;08/07/2019;1,4612853
KINEA ATLAS II FI MULTIMERCADO;09/07/2019;1,4614001
KINEA ATLAS II FI MULTIMERCADO;10/07/2019;1,4630455
KINEA ATLAS II FI MULTIMERCADO;11/07/2019;1,4644524
KINEA ATLAS II FI MULTIMERCADO;12/07/2019;1,4623179
KINEA ATLAS II FI MULTIMERCADO;15/07/2019;1,4637172
KINEA ATLAS II FI MULTIMERCADO;16/07/2019;1,4674201
KINEA ATLAS II FI MULTIMERCADO;17/07/2019;1,4681625
KINEA ATLAS II FI MULTIMERCADO;18/07/2019;1,4680587
KINEA ATLAS II FI MULTIMERCADO;19/07/2019;1,465097
KINEA ATLAS II FI MULTIMERCADO;22/07/2019;1,464996
KINEA ATLAS II FI MULTIMERCADO;23/07/2019;1,4651566
KINEA ATLAS II FI MULTIMERCADO;24/07/2019;1,4650455
KINEA ATLAS II FI MULTIMERCADO;25/07/2019;1,4618629
KINEA ATLAS II FI MULTIMERCADO;26/07/2019;1,4631309
KINEA ATLAS II FI MULTIMERCADO;29/07/2019;1,4664502
KINEA ATLAS II FI MULTIMERCADO;30/07/2019;1,4666743
KINEA ATLAS II FI MULTIMERCADO;31/07/2019;1,4637932
KINEA ATLAS II FI MULTIMERCADO;01/08/2019;1,4718878
KINEA ATLAS II FI MULTIMERCADO;02/08/2019;1,4724507
KINEA ATLAS II FI MULTIMERCADO;05/08/2019;1,463008
KINEA ATLAS II FI MULTIMERCADO;06/08/2019;1,4695904
KINEA ATLAS II FI MULTIMERCADO;07/08/2019;1,4704749
KINEA ATLAS II FI MULTIMERCADO;08/08/2019;1,475788
KINEA ATLAS II FI MULTIMERCADO;09/08/2019;1,4762661
KINEA ATLAS II FI MULTIMERCADO;12/08/2019;1,469726
KINEA ATLAS II FI MULTIMERCADO;13/08/2019;1,4718125
KINEA ATLAS II FI MULTIMERCADO;14/08/2019;1,4704625
KINEA ATLAS II FI MULTIMERCADO;15/08/2019;1,468347
KINEA ATLAS II FI MULTIMERCADO;16/08/2019;1,4711914
KINEA ATLAS II FI MULTIMERCADO;19/08/2019;1,4709901
KINEA ATLAS II FI MULTIMERCADO;20/08/2019;1,4714984
KINEA ATLAS II FI MULTIMERCADO;21/08/2019;1,4778487
KINEA ATLAS II FI MULTIMERCADO;22/08/2019;1,4767041
KINEA ATLAS II FI MULTIMERCADO;23/08/2019;1,4693647
KINEA ATLAS II FI MULTIMERCADO;26/08/2019;1,4629132
KINEA ATLAS II FI MULTIMERCADO;27/08/2019;1,463274
KINEA ATLAS II FI MULTIMERCADO;28/08/2019;1,4603572
KINEA ATLAS II FI MULTIMERCADO;29/08/2019;1,4650059
KINEA ATLAS II FI MULTIMERCADO;30/08/2019;1,4730618
KINEA ATLAS II FI MULTIMERCADO;02/09/2019;1,4707473
KINEA ATLAS II FI MULTIMERCADO;03/09/2019;1,4717521
KINEA ATLAS II FI MULTIMERCADO;04/09/2019;1,4773833
KINEA ATLAS II FI MULTIMERCADO;05/09/2019;1,4764258
KINEA ATLAS II FI MULTIMERCADO;06/09/2019;1,4761555
KINEA ATLAS II FI MULTIMERCADO;09/09/2019;1,4673361
KINEA ATLAS II FI MULTIMERCADO;10/09/2019;1,4629118
KINEA ATLAS II FI MULTIMERCADO;11/09/2019;1,4682734
KINEA ATLAS II FI MULTIMERCADO;12/09/2019;1,4688249
KINEA ATLAS II FI MULTIMERCADO;13/09/2019;1,4610039
KINEA ATLAS II FI MULTIMERCADO;16/09/2019;1,4632503
KINEA ATLAS II FI MULTIMERCADO;17/09/2019;1,4691288
KINEA ATLAS II FI MULTIMERCADO;18/09/2019;1,4722242
KINEA ATLAS II FI MULTIMERCADO;19/09/2019;1,4754828
KINEA ATLAS II FI MULTIMERCADO;20/09/2019;1,4769429
KINEA ATLAS II FI MULTIMERCADO;23/09/2019;1,4744561
KINEA ATLAS II FI MULTIMERCADO;24/09/2019;1,473655
KINEA ATLAS II FI MULTIMERCADO;25/09/2019;1,4761917
KINEA ATLAS II FI MULTIMERCADO;26/09/2019;1,4784927
KINEA ATLAS II FI MULTIMERCADO;27/09/2019;1,4749829
KINEA ATLAS II FI MULTIMERCADO;30/09/2019;1,479816
KINEA ATLAS II FI MULTIMERCADO;01/10/2019;1,4783227
KINEA ATLAS II FI MULTIMERCADO;02/10/2019;1,4739155
KINEA ATLAS II FI MULTIMERCADO;03/10/2019;1,482175
KINEA ATLAS II FI MULTIMERCADO;04/10/2019;1,4844173
KINEA ATLAS II FI MULTIMERCADO;07/10/2019;1,4813592
KINEA ATLAS II FI MULTIMERCADO;08/10/2019;1,4824263
KINEA ATLAS II FI MULTIMERCADO;09/10/2019;1,4856961
KINEA ATLAS II FI MULTIMERCADO;10/10/2019;1,4860718
KINEA ATLAS II FI MULTIMERCADO;11/10/2019;1,4965468
KINEA ATLAS II FI MULTIMERCADO;14/10/2019;1,4996127
KINEA ATLAS II FI MULTIMERCADO;15/10/2019;1,4979057
KINEA ATLAS II FI MULTIMERCADO;16/10/2019;1,5009598
KINEA ATLAS II FI MULTIMERCADO;17/10/2019;1,5010903
KINEA ATLAS II FI MULTIMERCADO;18/10/2019;1,505599
KINEA ATLAS II FI MULTIMERCADO;21/10/2019;1,5066066
KINEA ATLAS II FI MULTIMERCADO;22/10/2019;1,506826
KINEA ATLAS II FI MULTIMERCADO;23/10/2019;1,5109117
KINEA ATLAS II FI MULTIMERCADO;24/10/2019;1,5083499
KINEA ATLAS II FI MULTIMERCADO;25/10/2019;1,5121431
KINEA ATLAS II FI MULTIMERCADO;28/10/2019;1,5141633
KINEA ATLAS II FI MULTIMERCADO;29/10/2019;1,5145907
KINEA ATLAS II FI MULTIMERCADO;30/10/2019;1,5205552
KINEA ATLAS II FI MULTIMERCADO;31/10/2019;1,5200105
KINEA ATLAS II FI MULTIMERCADO;01/11/2019;1,5250161
KINEA ATLAS II FI MULTIMERCADO;04/11/2019;1,520667
KINEA ATLAS II FI MULTIMERCADO;05/11/2019;1,5163808
KINEA ATLAS II FI MULTIMERCADO;06/11/2019;1,513855
KINEA ATLAS II FI MULTIMERCADO;07/11/2019;1,5136662
KINEA ATLAS II FI MULTIMERCADO;08/11/2019;1,5058738
KINEA ATLAS II FI MULTIMERCADO;11/11/2019;1,5087046
KINEA ATLAS II FI MULTIMERCADO;12/11/2019;1,5015547
KINEA ATLAS II FI MULTIMERCADO;13/11/2019;1,4970138
KINEA ATLAS II FI MULTIMERCADO;14/11/2019;1,5057615
KINEA ATLAS II FI MULTIMERCADO;18/11/2019;1,5050796
KINEA ATLAS II FI MULTIMERCADO;19/11/2019;1,5038153
KINEA ATLAS II FI MULTIMERCADO;20/11/2019;1,5039698
KINEA ATLAS II FI MULTIMERCADO;21/11/2019;1,5038345
KINEA ATLAS II FI MULTIMERCADO;22/11/2019;1,5103271
KINEA ATLAS II FI MULTIMERCADO;25/11/2019;1,5067744
KINEA ATLAS II FI MULTIMERCADO;26/11/2019;1,5001211
KINEA ATLAS II FI MULTIMERCADO;27/11/2019;1,4996759
KINEA ATLAS II FI MULTIMERCADO;28/11/2019;1,5044468
KINEA ATLAS II FI MULTIMERCADO;29/11/2019;1,505814
KINEA ATLAS II FI MULTIMERCADO;02/12/2019;1,5044404
KINEA ATLAS II FI MULTIMERCADO;03/12/2019;1,5059456
KINEA ATLAS II FI MULTIMERCADO;04/12/2019;1,5101848
KINEA ATLAS II FI MULTIMERCADO;05/12/2019;1,5120739
KINEA ATLAS II FI MULTIMERCADO;06/12/2019;1,5189541
KINEA ATLAS II FI MULTIMERCADO;09/12/2019;1,5193706
KINEA ATLAS II FI MULTIMERCADO;10/12/2019;1,5190542
KINEA ATLAS II FI MULTIMERCADO;11/12/2019;1,5247334
KINEA ATLAS II FI MULTIMERCADO;12/12/2019;1,5296246
KINEA ATLAS II FI MULTIMERCADO;13/12/2019;1,5326998
KINEA ATLAS II FI MULTIMERCADO;16/12/2019;1,5358207
KINEA ATLAS II FI MULTIMERCADO;17/12/2019;1,5301798
KINEA ATLAS II FI MULTIMERCADO;18/12/2019;1,5347883
KINEA ATLAS II FI MULTIMERCADO;19/12/2019;1,5342321
KINEA ATLAS II FI MULTIMERCADO;20/12/2019;1,5350944
KINEA ATLAS II FI MULTIMERCADO;23/12/2019;1,5422822
KINEA ATLAS II FI MULTIMERCADO;24/12/2019;1,5430335
KINEA ATLAS II FI MULTIMERCADO;26/12/2019;1,5511793
KINEA ATLAS II FI MULTIMERCADO;27/12/2019;1,5526537
KINEA ATLAS II FI MULTIMERCADO;30/12/2019;1,5573169
KINEA ATLAS II FI MULTIMERCADO;31/12/2019;1,5582187
KINEA ATLAS II FI MULTIMERCADO;02/01/2020;1,5656055
KINEA ATLAS II FI MULTIMERCADO;03/01/2020;1,5644308
KINEA ATLAS II FI MULTIMERCADO;06/01/2020;1,5615997
KINEA ATLAS II FI MULTIMERCADO;07/01/2020;1,562861
KINEA ATLAS II FI MULTIMERCADO;08/01/2020;1,5641168
KINEA ATLAS II FI MULTIMERCADO;09/01/2020;1,5666105
KINEA ATLAS II FI MULTIMERCADO;10/01/2020;1,5685734
KINEA ATLAS II FI MULTIMERCADO;13/01/2020;1,5688435
KINEA ATLAS II FI MULTIMERCADO;14/01/2020;1,5722875
KINEA ATLAS II FI MULTIMERCADO;15/01/2020;1,5748062
KINEA ATLAS II FI MULTIMERCADO;16/01/2020;1,5715614
KINEA ATLAS II FI MULTIMERCADO;17/01/2020;1,5774749
KINEA ATLAS II FI MULTIMERCADO;20/01/2020;1,5783472
KINEA ATLAS II FI MULTIMERCADO;21/01/2020;1,5788529
KINEA ATLAS II FI MULTIMERCADO;22/01/2020;1,5818102
KINEA ATLAS II FI MULTIMERCADO;23/01/2020;1,5878663
KINEA ATLAS II FI MULTIMERCADO;24/01/2020;1,5808497
KINEA ATLAS II FI MULTIMERCADO;27/01/2020;1,5698431
KINEA ATLAS II FI MULTIMERCADO;28/01/2020;1,5795914
KINEA ATLAS II FI MULTIMERCADO;29/01/2020;1,5796824
KINEA ATLAS II FI MULTIMERCADO;30/01/2020;1,5757314
KINEA ATLAS II FI MULTIMERCADO;31/01/2020;1,570189
KINEA ATLAS II FI MULTIMERCADO;03/02/2020;1,5761349
KINEA ATLAS II FI MULTIMERCADO;04/02/2020;1,5789022
KINEA ATLAS II FI MULTIMERCADO;05/02/2020;1,5831641
KINEA ATLAS II FI MULTIMERCADO;06/02/2020;1,576003
KINEA ATLAS II FI MULTIMERCADO;07/02/2020;1,568907
KINEA ATLAS II FI MULTIMERCADO;10/02/2020;1,560795
KINEA ATLAS II FI MULTIMERCADO;11/02/2020;1,5737712
KINEA ATLAS II FI MULTIMERCADO;12/02/2020;1,5792337
KINEA ATLAS II FI MULTIMERCADO;13/02/2020;1,5776858
KINEA ATLAS II FI MULTIMERCADO;14/02/2020;1,5798892
KINEA ATLAS II FI MULTIMERCADO;17/02/2020;1,5825836
KINEA ATLAS II FI MULTIMERCADO;18/02/2020;1,5808029
KINEA ATLAS II FI MULTIMERCADO;19/02/2020;1,5838755
KINEA ATLAS II FI MULTIMERCADO;20/02/2020;1,5790512
KINEA ATLAS II FI MULTIMERCADO;21/02/2020;1,5764122
KINEA ATLAS II FI MULTIMERCADO;26/02/2020;1,5478748
KINEA ATLAS II FI MULTIMERCADO;27/02/2020;1,5334101
KINEA ATLAS II FI MULTIMERCADO;28/02/2020;1,5290853
KINEA ATLAS II FI MULTIMERCADO;02/03/2020;1,5469846
KINEA ATLAS II FI MULTIMERCADO;03/03/2020;1,544549
KINEA ATLAS II FI MULTIMERCADO;04/03/2020;1,5540899
KINEA ATLAS II FI MULTIMERCADO;05/03/2020;1,520271
KINEA ATLAS II FI MULTIMERCADO;06/03/2020;1,5004728
KINEA ATLAS II FI MULTIMERCADO;09/03/2020;1,4555485
KINEA ATLAS II FI MULTIMERCADO;10/03/2020;1,4620946
KINEA ATLAS II FI MULTIMERCADO;11/03/2020;1,4355259
KINEA ATLAS II FI MULTIMERCADO;12/03/2020;1,4105012
KINEA ATLAS II FI MULTIMERCADO;13/03/2020;1,4401579
KINEA ATLAS II FI MULTIMERCADO;16/03/2020;1,4324709
KINEA ATLAS II FI MULTIMERCADO;17/03/2020;1,4325159
KINEA ATLAS II FI MULTIMERCADO;18/03/2020;1,4144467
KINEA ATLAS II FI MULTIMERCADO;19/03/2020;1,4168132
KINEA ATLAS II FI MULTIMERCADO;20/03/2020;1,418204
KINEA ATLAS II FI MULTIMERCADO;23/03/2020;1,4050286
KINEA ATLAS II FI MULTIMERCADO;24/03/2020;1,414619
KINEA ATLAS II FI MULTIMERCADO;25/03/2020;1,4255351
KINEA ATLAS II FI MULTIMERCADO;26/03/2020;1,4385156
KINEA ATLAS II FI MULTIMERCADO;27/03/2020;1,4375561
KINEA ATLAS II FI MULTIMERCADO;30/03/2020;1,442966
KINEA ATLAS II FI MULTIMERCADO;31/03/2020;1,4435136
KINEA ATLAS II FI MULTIMERCADO;01/04/2020;1,4365812
KINEA ATLAS II FI MULTIMERCADO;02/04/2020;1,4422055
KINEA ATLAS II FI MULTIMERCADO;03/04/2020;1,4383591
KINEA ATLAS II FI MULTIMERCADO;06/04/2020;1,4469868
KINEA ATLAS II FI MULTIMERCADO;07/04/2020;1,4549754
KINEA ATLAS II FI MULTIMERCADO;08/04/2020;1,4589108
KINEA ATLAS II FI MULTIMERCADO;09/04/2020;1,4587506
KINEA ATLAS II FI MULTIMERCADO;13/04/2020;1,4611391
KINEA ATLAS II FI MULTIMERCADO;14/04/2020;1,4653452
KINEA ATLAS II FI MULTIMERCADO;15/04/2020;1,4653913
KINEA ATLAS II FI MULTIMERCADO;16/04/2020;1,4672475
KINEA ATLAS II FI MULTIMERCADO;17/04/2020;1,4668022
KINEA ATLAS II FI MULTIMERCADO;20/04/2020;1,467679
KINEA ATLAS II FI MULTIMERCADO;22/04/2020;1,4777275
KINEA ATLAS II FI MULTIMERCADO;23/04/2020;1,4746887
KINEA ATLAS II FI MULTIMERCADO;24/04/2020;1,455988
KINEA ATLAS II FI MULTIMERCADO;27/04/2020;1,4530842
KINEA ATLAS II FI MULTIMERCADO;28/04/2020;1,4677434
KINEA ATLAS II FI MULTIMERCADO;29/04/2020;1,4704886
KINEA ATLAS II FI MULTIMERCADO;30/04/2020;1,4696436
KINEA ATLAS II FI MULTIMERCADO;04/05/2020;1,469632
KINEA ATLAS II FI MULTIMERCADO;05/05/2020;1,4707946
KINEA ATLAS II FI MULTIMERCADO;06/05/2020;1,4713435
KINEA ATLAS II FI MULTIMERCADO;07/05/2020;1,4722293
KINEA ATLAS II FI MULTIMERCADO;08/05/2020;1,4760652
KINEA ATLAS II FI MULTIMERCADO;11/05/2020;1,4730843
KINEA ATLAS II FI MULTIMERCADO;12/05/2020;1,4714105
KINEA ATLAS II FI MULTIMERCADO;13/05/2020;1,4714834
KINEA ATLAS II FI MULTIMERCADO;14/05/2020;1,4716541
KINEA ATLAS II FI MULTIMERCADO;15/05/2020;1,47272
KINEA ATLAS II FI MULTIMERCADO;18/05/2020;1,4778644
KINEA ATLAS II FI MULTIMERCADO;19/05/2020;1,476909
KINEA ATLAS II FI MULTIMERCADO;20/05/2020;1,4793865
KINEA ATLAS II FI MULTIMERCADO;21/05/2020;1,4788206
KINEA ATLAS II FI MULTIMERCADO;22/05/2020;1,4759316
KINEA ATLAS II FI MULTIMERCADO;25/05/2020;1,4799306
KINEA ATLAS II FI MULTIMERCADO;26/05/2020;1,4810037
KINEA ATLAS II FI MULTIMERCADO;27/05/2020;1,481565
KINEA ATLAS II FI MULTIMERCADO;28/05/2020;1,4822906
KINEA ATLAS II FI MULTIMERCADO;29/05/2020;1,4853998
KINEA ATLAS II FI MULTIMERCADO;01/06/2020;1,4873034
KINEA ATLAS II FI MULTIMERCADO;02/06/2020;1,4892171
KINEA ATLAS II FI MULTIMERCADO;03/06/2020;1,4928301
KINEA ATLAS II FI MULTIMERCADO;04/06/2020;1,4944975
KINEA ATLAS II FI MULTIMERCADO;05/06/2020;1,494374
KINEA ATLAS II FI MULTIMERCADO;08/06/2020;1,4969419
KINEA ATLAS II FI MULTIMERCADO;09/06/2020;1,498296
KINEA ATLAS II FI MULTIMERCADO;10/06/2020;1,4999329
KINEA ATLAS II FI MULTIMERCADO;12/06/2020;1,4967288
KINEA ATLAS II FI MULTIMERCADO;15/06/2020;1,4958378
KINEA ATLAS II FI MULTIMERCADO;16/06/2020;1,4955767
KINEA ATLAS II FI MULTIMERCADO;17/06/2020;1,497663
KINEA ATLAS II FI MULTIMERCADO;18/06/2020;1,497393
KINEA ATLAS II FI MULTIMERCADO;19/06/2020;1,4988549
KINEA ATLAS II FI MULTIMERCADO;22/06/2020;1,4998153
KINEA ATLAS II FI MULTIMERCADO;23/06/2020;1,5040108
KINEA ATLAS II FI MULTIMERCADO;24/06/2020;1,4984283
KINEA ATLAS II FI MULTIMERCADO;25/06/2020;1,50301457
KINEA ATLAS II FI MULTIMERCADO;26/06/2020;1,5009205
KINEA ATLAS II FI MULTIMERCADO;29/06/2020;1,5040542
KINEA ATLAS II FI MULTIMERCADO;30/06/2020;1,504845
KINEA ATLAS II FI MULTIMERCADO;01/07/2020;1,5087925
KINEA ATLAS II FI MULTIMERCADO;02/07/2020;1,5087823
KINEA ATLAS II FI MULTIMERCADO;03/07/2020;1,5106805
KINEA ATLAS II FI MULTIMERCADO;06/07/2020;1,5151735
KINEA ATLAS II FI MULTIMERCADO;07/07/2020;1,5124023
KINEA ATLAS II FI MULTIMERCADO;08/07/2020;1,5147285
KINEA ATLAS II FI MULTIMERCADO;09/07/2020;1,5144773
KINEA ATLAS II FI MULTIMERCADO;10/07/2020;1,5180972
KINEA ATLAS II FI MULTIMERCADO;13/07/2020;1,5163061
KINEA ATLAS II FI MULTIMERCADO;14/07/2020;1,5195079
KINEA ATLAS II FI MULTIMERCADO;15/07/2020;1,5195075
KINEA ATLAS II FI MULTIMERCADO;16/07/2020;1,5145822
KINEA ATLAS II FI MULTIMERCADO;17/07/2020;1,5197758
KINEA ATLAS II FI MULTIMERCADO;20/07/2020;1,5213846
KINEA ATLAS II FI MULTIMERCADO;21/07/2020;1,5244788
KINEA ATLAS II FI MULTIMERCADO;22/07/2020;1,5273322
KINEA ATLAS II FI MULTIMERCADO;23/07/2020;1,5248408
KINEA ATLAS II FI MULTIMERCADO;24/07/2020;1,5281418
KINEA ATLAS II FI MULTIMERCADO;27/07/2020;1,5335584
KINEA ATLAS II FI MULTIMERCADO;28/07/2020;1,5356592
KINEA ATLAS II FI MULTIMERCADO;29/07/2020;1,5388247
KINEA ATLAS II FI MULTIMERCADO;30/07/2020;1,5402787
KINEA ATLAS II FI MULTIMERCADO;31/07/2020;1,5346469
KINEA ATLAS II FI MULTIMERCADO;03/08/2020;1,5350094
KINEA ATLAS II FI MULTIMERCADO;04/08/2020;1,5347991
KINEA ATLAS II FI MULTIMERCADO;05/08/2020;1,5389202
KINEA ATLAS II FI MULTIMERCADO;06/08/2020;1,544518
KINEA ATLAS II FI MULTIMERCADO;07/08/2020;1,5389861
KINEA ATLAS II FI MULTIMERCADO;10/08/2020;1,5396108
KINEA ATLAS II FI MULTIMERCADO;11/08/2020;1,5390286
KINEA ATLAS II FI MULTIMERCADO;12/08/2020;1,5361139
KINEA ATLAS II FI MULTIMERCADO;13/08/2020;1,5350333
KINEA ATLAS II FI MULTIMERCADO;14/08/2020;1,535987
KINEA ATLAS II FI MULTIMERCADO;17/08/2020;1,5330111
KINEA ATLAS II FI MULTIMERCADO;18/08/2020;1,5397999
KINEA ATLAS II FI MULTIMERCADO;19/08/2020;1,533787
KINEA ATLAS II FI MULTIMERCADO;20/08/2020;1,534483
KINEA ATLAS II FI MULTIMERCADO;21/08/2020;1,5342541
KINEA ATLAS II FI MULTIMERCADO;24/08/2020;1,5370049
KINEA ATLAS II FI MULTIMERCADO;25/08/2020;1,5366012
KINEA ATLAS II FI MULTIMERCADO;26/08/2020;1,5327025
KINEA ATLAS II FI MULTIMERCADO;27/08/2020;1,5327954
KINEA ATLAS II FI MULTIMERCADO;28/08/2020;1,5440663
KINEA ATLAS II FI MULTIMERCADO;31/08/2020;1,5375542
KINEA ATLAS II FI MULTIMERCADO;01/09/2020;1,5438466
KINEA ATLAS II FI MULTIMERCADO;02/09/2020;1,5447639
KINEA ATLAS II FI MULTIMERCADO;03/09/2020;1,5444932
KINEA ATLAS II FI MULTIMERCADO;04/09/2020;1,546929
KINEA ATLAS II FI MULTIMERCADO;08/09/2020;1,5422286
KINEA ATLAS II FI MULTIMERCADO;09/09/2020;1,5452127
KINEA ATLAS II FI MULTIMERCADO;10/09/2020;1,5413581
KINEA ATLAS II FI MULTIMERCADO;11/09/2020;1,541807
KINEA ATLAS II FI MULTIMERCADO;14/09/2020;1,5479226
KINEA ATLAS II FI MULTIMERCADO;15/09/2020;1,5466144
KINEA ATLAS II FI MULTIMERCADO;16/09/2020;1,5451547
KINEA ATLAS II FI MULTIMERCADO;17/09/2020;1,5475711
KINEA ATLAS II FI MULTIMERCADO;18/09/2020;1,5348941
KINEA ATLAS II FI MULTIMERCADO;21/09/2020;1,5261316
KINEA ATLAS II FI MULTIMERCADO;22/09/2020;1,5301103
KINEA ATLAS II FI MULTIMERCADO;23/09/2020;1,5186384
KINEA ATLAS II FI MULTIMERCADO;24/09/2020;1,526774
KINEA ATLAS II FI MULTIMERCADO;25/09/2020;1,5279499
KINEA ATLAS II FI MULTIMERCADO;28/09/2020;1,5180253
KINEA ATLAS II FI MULTIMERCADO;29/09/2020;1,5103448
KINEA ATLAS II FI MULTIMERCADO;30/09/2020;1,5170095
KINEA ATLAS II FI MULTIMERCADO;01/10/2020;1,5179885
KINEA ATLAS II FI MULTIMERCADO;02/10/2020;1,5074928
KINEA ATLAS II FI MULTIMERCADO;05/10/2020;1,5155446
KINEA ATLAS II FI MULTIMERCADO;06/10/2020;1,5090984
KINEA ATLAS II FI MULTIMERCADO;07/10/2020;1,5112052
KINEA ATLAS II FI MULTIMERCADO;08/10/2020;1,5183073
KINEA ATLAS II FI MULTIMERCADO;09/10/2020;1,5244691
KINEA ATLAS II FI MULTIMERCADO;13/10/2020;1,5244923
KINEA ATLAS II FI MULTIMERCADO;14/10/2020;1,5281814
KINEA ATLAS II FI MULTIMERCADO;15/10/2020;1,5247124
KINEA ATLAS II FI MULTIMERCADO;16/10/2020;1,5243651
KINEA ATLAS II FI MULTIMERCADO;19/10/2020;1,5244638
KINEA ATLAS II FI MULTIMERCADO;20/10/2020;1,5324261
KINEA ATLAS II FI MULTIMERCADO;21/10/2020;1,5363871
KINEA ATLAS II FI MULTIMERCADO;22/10/2020;1,5368083
KINEA ATLAS II FI MULTIMERCADO;23/10/2020;1,5328622
KINEA ATLAS II FI MULTIMERCADO;26/10/2020;1,5268854
KINEA ATLAS II FI MULTIMERCADO;27/10/2020;1,52470223
KINEA ATLAS II FI MULTIMERCADO;28/10/2020;1,5115686
KINEA ATLAS II FI MULTIMERCADO;29/10/2020;1,5152941
KINEA ATLAS II FI MULTIMERCADO;30/10/2020;1,5114624
KINEA ATLAS II FI MULTIMERCADO;03/11/2020;1,5148451
KINEA ATLAS II FI MULTIMERCADO;04/11/2020;1,5249101
KINEA ATLAS II FI MULTIMERCADO;05/11/2020;1,5366851
KINEA ATLAS II FI MULTIMERCADO;06/11/2020;1,5424739
KINEA ATLAS II FI MULTIMERCADO;09/11/2020;1,5544424
KINEA ATLAS II FI MULTIMERCADO;10/11/2020;1,5519856
KINEA ATLAS II FI MULTIMERCADO;11/11/2020;1,5488261
KINEA ATLAS II FI MULTIMERCADO;12/11/2020;1,5425412
KINEA ATLAS II FI MULTIMERCADO;13/11/2020;1,54692
KINEA ATLAS II FI MULTIMERCADO;16/11/2020;1,5511791
KINEA ATLAS II FI MULTIMERCADO;17/11/2020;1,5536234
KINEA ATLAS II FI MULTIMERCADO;18/11/2020;1,5506929
KINEA ATLAS II FI MULTIMERCADO;19/11/2020;1,5511384
KINEA ATLAS II FI MULTIMERCADO;20/11/2020;1,547989
KINEA ATLAS II FI MULTIMERCADO;23/11/2020;1,5431255
KINEA ATLAS II FI MULTIMERCADO;24/11/2020;1,5487685
KINEA ATLAS II FI MULTIMERCADO;25/11/2020;1,55103
KINEA ATLAS II FI MULTIMERCADO;26/11/2020;1,5542785
KINEA ATLAS II FI MULTIMERCADO;27/11/2020;1,5599006
KINEA ATLAS II FI MULTIMERCADO;30/11/2020;1,5555072
KINEA ATLAS II FI MULTIMERCADO;01/12/2020;1,5659922
KINEA ATLAS II FI MULTIMERCADO;02/12/2020;1,5697395
KINEA ATLAS II FI MULTIMERCADO;03/12/2020;1,5767759
KINEA ATLAS II FI MULTIMERCADO;04/12/2020;1,5765515
KINEA ATLAS II FI MULTIMERCADO;07/12/2020;1,5760805
KINEA ATLAS II FI MULTIMERCADO;08/12/2020;1,5772159
KINEA ATLAS II FI MULTIMERCADO;09/12/2020;1,5779191
KINEA ATLAS II FI MULTIMERCADO;10/12/2020;1,57874003
KINEA ATLAS II FI MULTIMERCADO;11/12/2020;1,5810255
KINEA ATLAS II FI MULTIMERCADO;14/12/2020;1,5813095
KINEA ATLAS II FI MULTIMERCADO;15/12/2020;1,5857128
KINEA ATLAS II FI MULTIMERCADO;16/12/2020;1,5854692
KINEA ATLAS II FI MULTIMERCADO;17/12/2020;1,5863504
KINEA ATLAS II FI MULTIMERCADO;18/12/2020;1,5847338
KINEA ATLAS II FI MULTIMERCADO;21/12/2020;1,5820014
KINEA ATLAS II FI MULTIMERCADO;22/12/2020;1,5811495
KINEA ATLAS II FI MULTIMERCADO;23/12/2020;1,5852599
KINEA ATLAS II FI MULTIMERCADO;24/12/2020;1,5845303
KINEA ATLAS II FI MULTIMERCADO;28/12/2020;1,5859622
KINEA ATLAS II FI MULTIMERCADO;29/12/2020;1,5898636
KINEA ATLAS II FI MULTIMERCADO;30/12/2020;1,5935927
KINEA ATLAS II FI MULTIMERCADO;31/12/2020;1,594467
KINEA ATLAS II FI MULTIMERCADO;04/01/2021;1,5912351
KINEA ATLAS II FI MULTIMERCADO;05/01/2021;1,5909126
KINEA ATLAS II FI MULTIMERCADO;06/01/2021;1,5859166
KINEA ATLAS II FI MULTIMERCADO;07/01/2021;1,5825805
KINEA ATLAS II FI MULTIMERCADO;08/01/2021;1,5837071
KINEA ATLAS II FI MULTIMERCADO;11/01/2021;1,573102
KINEA ATLAS II FI MULTIMERCADO;12/01/2021;1,5804098
KINEA ATLAS II FI MULTIMERCADO;13/01/2021;1,5763894
KINEA ATLAS II FI MULTIMERCADO;14/01/2021;1,5824334
KINEA ATLAS II FI MULTIMERCADO;15/01/2021;1,5766549
KINEA ATLAS II FI MULTIMERCADO;18/01/2021;1,5764392
KINEA ATLAS II FI MULTIMERCADO;19/01/2021;1,577241
KINEA ATLAS II FI MULTIMERCADO;20/01/2021;1,5801354
KINEA ATLAS II FI MULTIMERCADO;21/01/2021;1,5722177
KINEA ATLAS II FI MULTIMERCADO;22/01/2021;1,5658862
KINEA ATLAS II FI MULTIMERCADO;25/01/2021;1,5659433
KINEA ATLAS II FI MULTIMERCADO;26/01/2021;1,5665125
KINEA ATLAS II FI MULTIMERCADO;27/01/2021;1,5595605
KINEA ATLAS II FI MULTIMERCADO;28/01/2021;1,5685936
KINEA ATLAS II FI MULTIMERCADO;29/01/2021;1,5680062
KINEA ATLAS II FI MULTIMERCADO;01/02/2021;1,5752638
KINEA ATLAS II FI MULTIMERCADO;02/02/2021;1,5893292
KINEA ATLAS II FI MULTIMERCADO;03/02/2021;1,5963124
KINEA ATLAS II FI MULTIMERCADO;04/02/2021;1,5951917
KINEA ATLAS II FI MULTIMERCADO;05/02/2021;1,6001009
KINEA ATLAS II FI MULTIMERCADO;08/02/2021;1,6040863
KINEA ATLAS II FI MULTIMERCADO;09/02/2021;1,601619
KINEA ATLAS II FI MULTIMERCADO;10/02/2021;1,6042935
KINEA ATLAS II FI MULTIMERCADO;11/02/2021;1,6047305
KINEA ATLAS II FI MULTIMERCADO;12/02/2021;1,6046311
KINEA ATLAS II FI MULTIMERCADO;17/02/2021;1,6094682
KINEA ATLAS II FI MULTIMERCADO;18/02/2021;1,6118313
KINEA ATLAS II FI MULTIMERCADO;19/02/2021;1,6123731
KINEA ATLAS II FI MULTIMERCADO;22/02/2021;1,6082009
KINEA ATLAS II FI MULTIMERCADO;23/02/2021;1,6127987
KINEA ATLAS II FI MULTIMERCADO;24/02/2021;1,6132061
KINEA ATLAS II FI MULTIMERCADO;25/02/2021;1,6083552
KINEA ATLAS II FI MULTIMERCADO;26/02/2021;1,6070394
KINEA ATLAS II FI MULTIMERCADO;01/03/2021;1,6023263
KINEA ATLAS II FI MULTIMERCADO;02/03/2021;1,6006568
KINEA ATLAS II FI MULTIMERCADO;03/03/2021;1,5974278
KINEA ATLAS II FI MULTIMERCADO;04/03/2021;1,6064288
KINEA ATLAS II FI MULTIMERCADO;05/03/2021;1,6117099
KINEA ATLAS II FI MULTIMERCADO;08/03/2021;1,6061146
KINEA ATLAS II FI MULTIMERCADO;09/03/2021;1,6053724
KINEA ATLAS II FI MULTIMERCADO;10/03/2021;1,5997491
KINEA ATLAS II FI MULTIMERCADO;11/03/2021;1,6026404
KINEA ATLAS II FI MULTIMERCADO;12/03/2021;1,6023515
KINEA ATLAS II FI MULTIMERCADO;15/03/2021;1,6010744
KINEA ATLAS II FI MULTIMERCADO;16/03/2021;1,601325
KINEA ATLAS II FI MULTIMERCADO;17/03/2021;1,6003192
KINEA ATLAS II FI MULTIMERCADO;18/03/2021;1,5998711
KINEA ATLAS II FI MULTIMERCADO;19/03/2021;1,5992004
KINEA ATLAS II FI MULTIMERCADO;22/03/2021;1,5975306
KINEA ATLAS II FI MULTIMERCADO;23/03/2021;1,5916892
KINEA ATLAS II FI MULTIMERCADO;24/03/2021;1,5920417
KINEA ATLAS II FI MULTIMERCADO;25/03/2021;1,5898091
KINEA ATLAS II FI MULTIMERCADO;26/03/2021;1,5932822
KINEA ATLAS II FI MULTIMERCADO;29/03/2021;1,5921707
KINEA ATLAS II FI MULTIMERCADO;30/03/2021;1,5964211
KINEA ATLAS II FI MULTIMERCADO;31/03/2021;1,6012425
KINEA ATLAS II FI MULTIMERCADO;01/04/2021;1,6032254
KINEA ATLAS II FI MULTIMERCADO;05/04/2021;1,6061828
KINEA ATLAS II FI MULTIMERCADO;06/04/2021;1,6043521
KINEA ATLAS II FI MULTIMERCADO;07/04/2021;1,6021556
KINEA ATLAS II FI MULTIMERCADO;08/04/2021;1,6056835
KINEA ATLAS II FI MULTIMERCADO;09/04/2021;1,605334
KINEA ATLAS II FI MULTIMERCADO;12/04/2021;1,604193
KINEA ATLAS II FI MULTIMERCADO;13/04/2021;1,6000388
KINEA ATLAS II FI MULTIMERCADO;14/04/2021;1,6040338
KINEA ATLAS II FI MULTIMERCADO;15/04/2021;1,6040343
KINEA ATLAS II FI MULTIMERCADO;16/04/2021;1,6057318
KINEA ATLAS II FI MULTIMERCADO;19/04/2021;1,6078637
KINEA ATLAS II FI MULTIMERCADO;20/04/2021;1,6043404
KINEA ATLAS II FI MULTIMERCADO;22/04/2021;1,6065635
KINEA ATLAS II FI MULTIMERCADO;23/04/2021;1,6087476
KINEA ATLAS II FI MULTIMERCADO;26/04/2021;1,6109667
KINEA ATLAS II FI MULTIMERCADO;27/04/2021;1,6108063
KINEA ATLAS II FI MULTIMERCADO;28/04/2021;1,6148744
KINEA ATLAS II FI MULTIMERCADO;29/04/2021;1,6164871
KINEA ATLAS II FI MULTIMERCADO;30/04/2021;1,6132825
KINEA ATLAS II FI MULTIMERCADO;03/05/2021;1,6120436
KINEA ATLAS II FI MULTIMERCADO;04/05/2021;1,6117055
KINEA ATLAS II FI MULTIMERCADO;05/05/2021;1,6159566
KINEA ATLAS II FI MULTIMERCADO;06/05/2021;1,6173836
KINEA ATLAS II FI MULTIMERCADO;07/05/2021;1,6185306
KINEA ATLAS II FI MULTIMERCADO;10/05/2021;1,6171614
KINEA ATLAS II FI MULTIMERCADO;11/05/2021;1,6197384
KINEA ATLAS II FI MULTIMERCADO;12/05/2021;1,6229556
KINEA ATLAS II FI MULTIMERCADO;13/05/2021;1,6184501
KINEA ATLAS II FI MULTIMERCADO;14/05/2021;1,6197542
KINEA ATLAS II FI MULTIMERCADO;17/05/2021;1,6214563
KINEA ATLAS II FI MULTIMERCADO;18/05/2021;1,6206761
KINEA ATLAS II FI MULTIMERCADO;19/05/2021;1,6199556
KINEA ATLAS II FI MULTIMERCADO;20/05/2021;1,6172196
KINEA ATLAS II FI MULTIMERCADO;21/05/2021;1,6161542
KINEA ATLAS II FI MULTIMERCADO;24/05/2021;1,6175803
KINEA ATLAS II FI MULTIMERCADO;25/05/2021;1,6153296
KINEA ATLAS II FI MULTIMERCADO;26/05/2021;1,6168541
KINEA ATLAS II FI MULTIMERCADO;27/05/2021;1,6223801
KINEA ATLAS II FI MULTIMERCADO;28/05/2021;1,6236743
KINEA ATLAS II FI MULTIMERCADO;31/05/2021;1,6246204
KINEA ATLAS II FI MULTIMERCADO;01/06/2021;1,6261193
KINEA ATLAS II FI MULTIMERCADO;02/06/2021;1,626856
KINEA ATLAS II FI MULTIMERCADO;04/06/2021;1,625221
KINEA ATLAS II FI MULTIMERCADO;07/06/2021;1,6242538
KINEA ATLAS II FI MULTIMERCADO;08/06/2021;1,6216504
KINEA ATLAS II FI MULTIMERCADO;09/06/2021;1,6191406
KINEA ATLAS II FI MULTIMERCADO;10/06/2021;1,6180673
KINEA ATLAS II FI MULTIMERCADO;11/06/2021;1,618128
KINEA ATLAS II FI MULTIMERCADO;14/06/2021;1,6209274
KINEA ATLAS II FI MULTIMERCADO;15/06/2021;1,6225543
KINEA ATLAS II FI MULTIMERCADO;16/06/2021;1,6295645
KINEA ATLAS II FI MULTIMERCADO;17/06/2021;1,6283681
KINEA ATLAS II FI MULTIMERCADO;18/06/2021;1,6311973
KINEA ATLAS II FI MULTIMERCADO;21/06/2021;1,6318827
KINEA ATLAS II FI MULTIMERCADO;22/06/2021;1,6316574
KINEA ATLAS II FI MULTIMERCADO;23/06/2021;1,6344265
KINEA ATLAS II FI MULTIMERCADO;24/06/2021;1,6351418
KINEA ATLAS II FI MULTIMERCADO;25/06/2021;1,6360697
KINEA ATLAS II FI MULTIMERCADO;28/06/2021;1,6362323
KINEA ATLAS II FI MULTIMERCADO;29/06/2021;1,6364931
KINEA ATLAS II FI MULTIMERCADO;30/06/2021;1,6353583
KINEA ATLAS II FI MULTIMERCADO;01/07/2021;1,6362233
KINEA ATLAS II FI MULTIMERCADO;02/07/2021;1,6340489
KINEA ATLAS II FI MULTIMERCADO;05/07/2021;1,6325874
KINEA ATLAS II FI MULTIMERCADO;06/07/2021;1,6200956
KINEA ATLAS II FI MULTIMERCADO;07/07/2021;1,6190489
KINEA ATLAS II FI MULTIMERCADO;08/07/2021;1,6140342
KINEA ATLAS II FI MULTIMERCADO;09/07/2021;1,6142218
KINEA ATLAS II FI MULTIMERCADO;12/07/2021;1,621265
KINEA ATLAS II FI MULTIMERCADO;13/07/2021;1,6294953
KINEA ATLAS II FI MULTIMERCADO;14/07/2021;1,6271785
KINEA ATLAS II FI MULTIMERCADO;15/07/2021;1,620653
KINEA ATLAS II FI MULTIMERCADO;16/07/2021;1,6214307
KINEA ATLAS II FI MULTIMERCADO;19/07/2021;1,6025021
KINEA ATLAS II FI MULTIMERCADO;20/07/2021;1,6049166
KINEA ATLAS II FI MULTIMERCADO;21/07/2021;1,6145156
KINEA ATLAS II FI MULTIMERCADO;22/07/2021;1,6166152
KINEA ATLAS II FI MULTIMERCADO;23/07/2021;1,6159514
KINEA ATLAS II FI MULTIMERCADO;26/07/2021;1,6165954
KINEA ATLAS II FI MULTIMERCADO;27/07/2021;1,6123558
KINEA ATLAS II FI MULTIMERCADO;28/07/2021;1,6187954
KINEA ATLAS II FI MULTIMERCADO;29/07/2021;1,620979
KINEA ATLAS II FI MULTIMERCADO;30/07/2021;1,611036
KINEA ATLAS II FI MULTIMERCADO;02/08/2021;1,6040706
KINEA ATLAS II FI MULTIMERCADO;03/08/2021;1,6043301
KINEA ATLAS II FI MULTIMERCADO;04/08/2021;1,6061998
KINEA ATLAS II FI MULTIMERCADO;05/08/2021;1,6108713
KINEA ATLAS II FI MULTIMERCADO;06/08/2021;1,6189298
KINEA ATLAS II FI MULTIMERCADO;09/08/2021;1,6215081
KINEA ATLAS II FI MULTIMERCADO;10/08/2021;1,627589
KINEA ATLAS II FI MULTIMERCADO;11/08/2021;1,6271623
KINEA ATLAS II FI MULTIMERCADO;12/08/2021;1,6281704
KINEA ATLAS II FI MULTIMERCADO;13/08/2021;1,6187696
KINEA ATLAS II FI MULTIMERCADO;16/08/2021;1,6109633
KINEA ATLAS II FI MULTIMERCADO;17/08/2021;1,611414
KINEA ATLAS II FI MULTIMERCADO;18/08/2021;1,6115947
KINEA ATLAS II FI MULTIMERCADO;19/08/2021;1,6102347
KINEA ATLAS II FI MULTIMERCADO;20/08/2021;1,6122052
KINEA ATLAS II FI MULTIMERCADO;23/08/2021;1,6113345
KINEA ATLAS II FI MULTIMERCADO;24/08/2021;1,6182334
KINEA ATLAS II FI MULTIMERCADO;25/08/2021;1,6244956
KINEA ATLAS II FI MULTIMERCADO;26/08/2021;1,6233002
KINEA ATLAS II FI MULTIMERCADO;27/08/2021;1,6209333
KINEA ATLAS II FI MULTIMERCADO;30/08/2021;1,6168344
KINEA ATLAS II FI MULTIMERCADO;31/08/2021;1,6165826
KINEA ATLAS II FI MULTIMERCADO;01/09/2021;1,6174296
KINEA ATLAS II FI MULTIMERCADO;02/09/2021;1,61559
KINEA ATLAS II FI MULTIMERCADO;03/09/2021;1,6166412
KINEA ATLAS II FI MULTIMERCADO;06/09/2021;1,617906
KINEA ATLAS II FI MULTIMERCADO;08/09/2021;1,61877057
KINEA ATLAS II FI MULTIMERCADO;09/09/2021;1,6120278
KINEA ATLAS II FI MULTIMERCADO;10/09/2021;1,6184156
KINEA ATLAS II FI MULTIMERCADO;13/09/2021;1,6190294
KINEA ATLAS II FI MULTIMERCADO;14/09/2021;1,6236931
KINEA ATLAS II FI MULTIMERCADO;15/09/2021;1,627765
KINEA ATLAS II FI MULTIMERCADO;16/09/2021;1,6340948
KINEA ATLAS II FI MULTIMERCADO;17/09/2021;1,6389161
KINEA ATLAS II FI MULTIMERCADO;20/09/2021;1,6308066
KINEA ATLAS II FI MULTIMERCADO;21/09/2021;1,6367089
KINEA ATLAS II FI MULTIMERCADO;22/09/2021;1,6427111
KINEA ATLAS II FI MULTIMERCADO;23/09/2021;1,6535573
KINEA ATLAS II FI MULTIMERCADO;24/09/2021;1,6577933
KINEA ATLAS II FI MULTIMERCADO;27/09/2021;1,6621706
KINEA ATLAS II FI MULTIMERCADO;28/09/2021;1,6646133
KINEA ATLAS II FI MULTIMERCADO;29/09/2021;1,664512
KINEA ATLAS II FI MULTIMERCADO;30/09/2021;1,6634369
KINEA ATLAS II FI MULTIMERCADO;01/10/2021;1,6582025
KINEA ATLAS II FI MULTIMERCADO;04/10/2021;1,6586063
KINEA ATLAS II FI MULTIMERCADO;05/10/2021;1,6640432
KINEA ATLAS II FI MULTIMERCADO;06/10/2021;1,6643815
KINEA ATLAS II FI MULTIMERCADO;07/10/2021;1,6690883
KINEA ATLAS II FI MULTIMERCADO;08/10/2021;1,6759277
KINEA ATLAS II FI MULTIMERCADO;11/10/2021;1,6756899
KINEA ATLAS II FI MULTIMERCADO;13/10/2021;1,6718616
KINEA ATLAS II FI MULTIMERCADO;14/10/2021;1,6679488
KINEA ATLAS II FI MULTIMERCADO;15/10/2021;1,6747101
KINEA ATLAS II FI MULTIMERCADO;18/10/2021;1,6750762
KINEA ATLAS II FI MULTIMERCADO;19/10/2021;1,6682612
KINEA ATLAS II FI MULTIMERCADO;20/10/2021;1,6675201
KINEA ATLAS II FI MULTIMERCADO;21/10/2021;1,6682519
KINEA ATLAS II FI MULTIMERCADO;22/10/2021;1,6653905
KINEA ATLAS II FI MULTIMERCADO;25/10/2021;1,6650519
KINEA ATLAS II FI MULTIMERCADO;26/10/2021;1,6627912
KINEA ATLAS II FI MULTIMERCADO;27/10/2021;1,6492417
KINEA ATLAS II FI MULTIMERCADO;28/10/2021;1,6480558
KINEA ATLAS II FI MULTIMERCADO;29/10/2021;1,649037
KINEA ATLAS II FI MULTIMERCADO;01/11/2021;1,6509455
KINEA ATLAS II FI MULTIMERCADO;03/11/2021;1,657868
KINEA ATLAS II FI MULTIMERCADO;04/11/2021;1,6494344
KINEA ATLAS II FI MULTIMERCADO;05/11/2021;1,6451907
KINEA ATLAS II FI MULTIMERCADO;08/11/2021;1,6497265
KINEA ATLAS II FI MULTIMERCADO;09/11/2021;1,6460922
KINEA ATLAS II FI MULTIMERCADO;10/11/2021;1,6611963
KINEA ATLAS II FI MULTIMERCADO;11/11/2021;1,666491
KINEA ATLAS II FI MULTIMERCADO;12/11/2021;1,6667246
KINEA ATLAS II FI MULTIMERCADO;16/11/2021;1,6695158
KINEA ATLAS II FI MULTIMERCADO;17/11/2021;1,6640794
KINEA ATLAS II FI MULTIMERCADO;18/11/2021;1,6617126
KINEA ATLAS II FI MULTIMERCADO;19/11/2021;1,6602549
KINEA ATLAS II FI MULTIMERCADO;22/11/2021;1,6685607
KINEA ATLAS II FI MULTIMERCADO;23/11/2021;1,6726157
KINEA ATLAS II FI MULTIMERCADO;24/11/2021;1,6727208
KINEA ATLAS II FI MULTIMERCADO;25/11/2021;1,6745721
KINEA ATLAS II FI MULTIMERCADO;26/11/2021;1,6580325
KINEA ATLAS II FI MULTIMERCADO;29/11/2021;1,6632384
KINEA ATLAS II FI MULTIMERCADO;30/11/2021;1,651984
KINEA ATLAS II FI MULTIMERCADO;01/12/2021;1,6530125
KINEA ATLAS II FI MULTIMERCADO;02/12/2021;1,6583806
KINEA ATLAS II FI MULTIMERCADO;03/12/2021;1,6583388
KINEA ATLAS II FI MULTIMERCADO;06/12/2021;1,6637723
KINEA ATLAS II FI MULTIMERCADO;07/12/2021;1,6656363
KINEA ATLAS II FI MULTIMERCADO;08/12/2021;1,6675415
KINEA ATLAS II FI MULTIMERCADO;09/12/2021;1,6662964
KINEA ATLAS II FI MULTIMERCADO;10/12/2021;1,6664222
KINEA ATLAS II FI MULTIMERCADO;13/12/2021;1,6675373
KINEA ATLAS II FI MULTIMERCADO;14/12/2021;1,667917
KINEA ATLAS II FI MULTIMERCADO;15/12/2021;1,6670619
KINEA ATLAS II FI MULTIMERCADO;16/12/2021;1,665087
KINEA ATLAS II FI MULTIMERCADO;17/12/2021;1,6653426
KINEA ATLAS II FI MULTIMERCADO;20/12/2021;1,6629386
KINEA ATLAS II FI MULTIMERCADO;21/12/2021;1,6661066
KINEA ATLAS II FI MULTIMERCADO;22/12/2021;1,665399
KINEA ATLAS II FI MULTIMERCADO;23/12/2021;1,6651811
KINEA ATLAS II FI MULTIMERCADO;24/12/2021;1,6657213
KINEA ATLAS II FI MULTIMERCADO;27/12/2021;1,6666361
KINEA ATLAS II FI MULTIMERCADO;28/12/2021;1,6679732
KINEA ATLAS II FI MULTIMERCADO;29/12/2021;1,6681949
KINEA ATLAS II FI MULTIMERCADO;30/12/2021;1,669169
KINEA ATLAS II FI MULTIMERCADO;31/12/2021;1,6673176
KINEA ATLAS II FI MULTIMERCADO;03/01/2022;1,6702015
KINEA ATLAS II FI MULTIMERCADO;04/01/2022;1,6728317
KINEA ATLAS II FI MULTIMERCADO;05/01/2022;1,6756089
KINEA ATLAS II FI MULTIMERCADO;06/01/2022;1,6833694
KINEA ATLAS II FI MULTIMERCADO;07/01/2022;1,6852161
KINEA ATLAS II FI MULTIMERCADO;10/01/2022;1,6848728
KINEA ATLAS II FI MULTIMERCADO;11/01/2022;1,6873704
KINEA ATLAS II FI MULTIMERCADO;12/01/2022;1,6909729
KINEA ATLAS II FI MULTIMERCADO;13/01/2022;1,6910967
KINEA ATLAS II FI MULTIMERCADO;14/01/2022;1,6961786
KINEA ATLAS II FI MULTIMERCADO;17/01/2022;1,6965761
KINEA ATLAS II FI MULTIMERCADO;18/01/2022;1,700911
KINEA ATLAS II FI MULTIMERCADO;19/01/2022;1,7022646
KINEA ATLAS II FI MULTIMERCADO;20/01/2022;1,7044626
KINEA ATLAS II FI MULTIMERCADO;21/01/2022;1,7017089
KINEA ATLAS II FI MULTIMERCADO;24/01/2022;1,6991532
KINEA ATLAS II FI MULTIMERCADO;25/01/2022;1,7041594
KINEA ATLAS II FI MULTIMERCADO;26/01/2022;1,7115942
KINEA ATLAS II FI MULTIMERCADO;27/01/2022;1,7113939
KINEA ATLAS II FI MULTIMERCADO;28/01/2022;1,7106557
KINEA ATLAS II FI MULTIMERCADO;31/01/2022;1,7135859
KINEA ATLAS II FI MULTIMERCADO;01/02/2022;1,7143475
KINEA ATLAS II FI MULTIMERCADO;02/02/2022;1,7149163
KINEA ATLAS II FI MULTIMERCADO;03/02/2022;1,7174653
KINEA ATLAS II FI MULTIMERCADO;04/02/2022;1,7248303
KINEA ATLAS II FI MULTIMERCADO;07/02/2022;1,7238976
KINEA ATLAS II FI MULTIMERCADO;08/02/2022;1,7235829
KINEA ATLAS II FI MULTIMERCADO;09/02/2022;1,7281852
KINEA ATLAS II FI MULTIMERCADO;10/02/2022;1,7311048
KINEA ATLAS II FI MULTIMERCADO;11/02/2022;1,7262457
KINEA ATLAS II FI MULTIMERCADO;14/02/2022;1,7305704
KINEA ATLAS II FI MULTIMERCADO;15/02/2022;1,7336316
KINEA ATLAS II FI MULTIMERCADO;16/02/2022;1,7342197
KINEA ATLAS II FI MULTIMERCADO;17/02/2022;1,7303137
KINEA ATLAS II FI MULTIMERCADO;18/02/2022;1,7296559
KINEA ATLAS II FI MULTIMERCADO;21/02/2022;1,7295288
KINEA ATLAS II FI MULTIMERCADO;22/02/2022;1,730218
KINEA ATLAS II FI MULTIMERCADO;23/02/2022;1,7307468
KINEA ATLAS II FI MULTIMERCADO;24/02/2022;1,7292396
KINEA ATLAS II FI MULTIMERCADO;25/02/2022;1,7319229
KINEA ATLAS II FI MULTIMERCADO;02/03/2022;1,7230361
KINEA ATLAS II FI MULTIMERCADO;03/03/2022;1,7229187
KINEA ATLAS II FI MULTIMERCADO;04/03/2022;1,719175
KINEA ATLAS II FI MULTIMERCADO;07/03/2022;1,7178059
KINEA ATLAS II FI MULTIMERCADO;08/03/2022;1,7208359
KINEA ATLAS II FI MULTIMERCADO;09/03/2022;1,7265112
KINEA ATLAS II FI MULTIMERCADO;10/03/2022;1,7297932
KINEA ATLAS II FI MULTIMERCADO;11/03/2022;1,7273676
KINEA ATLAS II FI MULTIMERCADO;14/03/2022;1,7281993
KINEA ATLAS II FI MULTIMERCADO;15/03/2022;1,7301273
KINEA ATLAS II FI MULTIMERCADO;16/03/2022;1,7345299
KINEA ATLAS II FI MULTIMERCADO;17/03/2022;1,7367463
KINEA ATLAS II FI MULTIMERCADO;18/03/2022;1,7398389
KINEA ATLAS II FI MULTIMERCADO;21/03/2022;1,7476973
KINEA ATLAS II FI MULTIMERCADO;22/03/2022;1,7511276
KINEA ATLAS II FI MULTIMERCADO;23/03/2022;1,7524229
KINEA ATLAS II FI MULTIMERCADO;24/03/2022;1,7551212
KINEA ATLAS II FI MULTIMERCADO;25/03/2022;1,7637141
KINEA ATLAS II FI MULTIMERCADO;28/03/2022;1,7635533
KINEA ATLAS II FI MULTIMERCADO;29/03/2022;1,7657953
KINEA ATLAS II FI MULTIMERCADO;30/03/2022;1,7634198
KINEA ATLAS II FI MULTIMERCADO;31/03/2022;1,766341
KINEA ATLAS II FI MULTIMERCADO;01/04/2022;1,7761916
KINEA ATLAS II FI MULTIMERCADO;04/04/2022;1,7793741
KINEA ATLAS II FI MULTIMERCADO;05/04/2022;1,7783099
KINEA ATLAS II FI MULTIMERCADO;06/04/2022;1,776482
KINEA ATLAS II FI MULTIMERCADO;07/04/2022;1,775876
KINEA ATLAS II FI MULTIMERCADO;08/04/2022;1,7738882
KINEA ATLAS II FI MULTIMERCADO;11/04/2022;1,7718779
KINEA ATLAS II FI MULTIMERCADO;12/04/2022;1,7731639
KINEA ATLAS II FI MULTIMERCADO;13/04/2022;1,7758422
KINEA ATLAS II FI MULTIMERCADO;14/04/2022;1,7764369
KINEA ATLAS II FI MULTIMERCADO;18/04/2022;1,77781
KINEA ATLAS II FI MULTIMERCADO;19/04/2022;1,7752273
KINEA ATLAS II FI MULTIMERCADO;20/04/2022;1,7757101
KINEA ATLAS II FI MULTIMERCADO;22/04/2022;1,7752876
KINEA ATLAS II FI MULTIMERCADO;25/04/2022;1,7730399
KINEA ATLAS II FI MULTIMERCADO;26/04/2022;1,7775656
KINEA ATLAS II FI MULTIMERCADO;27/04/2022;1,780544
KINEA ATLAS II FI MULTIMERCADO;28/04/2022;1,7850473
KINEA ATLAS II FI MULTIMERCADO;29/04/2022;1,7868397
KINEA ATLAS II FI MULTIMERCADO;02/05/2022;1,7844264
KINEA ATLAS II FI MULTIMERCADO;03/05/2022;1,7849311
KINEA ATLAS II FI MULTIMERCADO;04/05/2022;1,7883937
KINEA ATLAS II FI MULTIMERCADO;05/05/2022;1,7873578
KINEA ATLAS II FI MULTIMERCADO;06/05/2022;1,7856806
KINEA ATLAS II FI MULTIMERCADO;09/05/2022;1,7814543
KINEA ATLAS II FI MULTIMERCADO;10/05/2022;1,7836604
KINEA ATLAS II FI MULTIMERCADO;11/05/2022;1,7888219
KINEA ATLAS II FI MULTIMERCADO;12/05/2022;1,7903973
KINEA ATLAS II FI MULTIMERCADO;13/05/2022;1,7917438
KINEA ATLAS II FI MULTIMERCADO;16/05/2022;1,7960506
KINEA ATLAS II FI MULTIMERCADO;17/05/2022;1,794635
KINEA ATLAS II FI MULTIMERCADO;18/05/2022;1,7965376
KINEA ATLAS II FI MULTIMERCADO;19/05/2022;1,7994063
KINEA ATLAS II FI MULTIMERCADO;20/05/2022;1,8015677
KINEA ATLAS II FI MULTIMERCADO;23/05/2022;1,8021476
KINEA ATLAS II FI MULTIMERCADO;24/05/2022;1,803985
KINEA ATLAS II FI MULTIMERCADO;25/05/2022;1,8062828
KINEA ATLAS II FI MULTIMERCADO;26/05/2022;1,8079299
KINEA ATLAS II FI MULTIMERCADO;27/05/2022;1,8093928
KINEA ATLAS II FI MULTIMERCADO;30/05/2022;1,8072329
KINEA ATLAS II FI MULTIMERCADO;31/05/2022;1,8037911
KINEA ATLAS II FI MULTIMERCADO;01/06/2022;1,8041772
KINEA ATLAS II FI MULTIMERCADO;02/06/2022;1,80146
KINEA ATLAS II FI MULTIMERCADO;03/06/2022;1,8028952
KINEA ATLAS II FI MULTIMERCADO;06/06/2022;1,8012695
KINEA ATLAS II FI MULTIMERCADO;07/06/2022;1,8015774
KINEA ATLAS II FI MULTIMERCADO;08/06/2022;1,8031057
KINEA ATLAS II FI MULTIMERCADO;09/06/2022;1,8062237
KINEA ATLAS II FI MULTIMERCADO;10/06/2022;1,8064933
KINEA ATLAS II FI MULTIMERCADO;13/06/2022;1,80667
KINEA ATLAS II FI MULTIMERCADO;14/06/2022;1,8062922
KINEA ATLAS II FI MULTIMERCADO;15/06/2022;1,803572
KINEA ATLAS II FI MULTIMERCADO;17/06/2022;1,8004696
KINEA ATLAS II FI MULTIMERCADO;20/06/2022;1,8009551
KINEA ATLAS II FI MULTIMERCADO;21/06/2022;1,8006451
KINEA ATLAS II FI MULTIMERCADO;22/06/2022;1,8007795
KINEA ATLAS II FI MULTIMERCADO;23/06/2022;1,803339
KINEA ATLAS II FI MULTIMERCADO;24/06/2022;1,8010991
KINEA ATLAS II FI MULTIMERCADO;27/06/2022;1,8024961
KINEA ATLAS II FI MULTIMERCADO;28/06/2022;1,8038849
KINEA ATLAS II FI MULTIMERCADO;29/06/2022;1,8068561
KINEA ATLAS II FI MULTIMERCADO;30/06/2022;1,8093189
KINEA ATLAS II FI MULTIMERCADO;01/07/2022;1,8150582
KINEA ATLAS II FI MULTIMERCADO;04/07/2022;1,8152877
KINEA ATLAS II FI MULTIMERCADO;05/07/2022;1,813949
KINEA ATLAS II FI MULTIMERCADO;06/07/2022;1,8156714
KINEA ATLAS II FI MULTIMERCADO;07/07/2022;1,8130958
KINEA ATLAS II FI MULTIMERCADO;08/07/2022;1,8134724
KINEA ATLAS II FI MULTIMERCADO;11/07/2022;1,8175925
KINEA ATLAS II FI MULTIMERCADO;12/07/2022;1,8174071
KINEA ATLAS II FI MULTIMERCADO;13/07/2022;1,8154971
KINEA ATLAS II FI MULTIMERCADO;14/07/2022;1,8148939
KINEA ATLAS II FI MULTIMERCADO;15/07/2022;1,8153831
KINEA ATLAS II FI MULTIMERCADO;18/07/2022;1,8165299
KINEA ATLAS II FI MULTIMERCADO;19/07/2022;1,812209
KINEA ATLAS II FI MULTIMERCADO;20/07/2022;1,814308
KINEA ATLAS II FI MULTIMERCADO;21/07/2022;1,8130416
KINEA ATLAS II FI MULTIMERCADO;22/07/2022;1,8212285
KINEA ATLAS II FI MULTIMERCADO;25/07/2022;1,8239747
KINEA ATLAS II FI MULTIMERCADO;26/07/2022;1,8300404
KINEA ATLAS II FI MULTIMERCADO;27/07/2022;1,8289502
KINEA ATLAS II FI MULTIMERCADO;28/07/2022;1,8348749
KINEA ATLAS II FI MULTIMERCADO;29/07/2022;1,8378002
KINEA ATLAS II FI MULTIMERCADO;01/08/2022;1,8383586
KINEA ATLAS II FI MULTIMERCADO;02/08/2022;1,8403655
KINEA ATLAS II FI MULTIMERCADO;03/08/2022;1,8349269
KINEA ATLAS II FI MULTIMERCADO;04/08/2022;1,8369842
KINEA ATLAS II FI MULTIMERCADO;05/08/2022;1,8346957
KINEA ATLAS II FI MULTIMERCADO;08/08/2022;1,837573
KINEA ATLAS II FI MULTIMERCADO;09/08/2022;1,839218
KINEA ATLAS II FI MULTIMERCADO;10/08/2022;1,8399884
KINEA ATLAS II FI MULTIMERCADO;11/08/2022;1,8389951
KINEA ATLAS II FI MULTIMERCADO;12/08/2022;1,8395991
KINEA ATLAS II FI MULTIMERCADO;15/08/2022;1,8465244
KINEA ATLAS II FI MULTIMERCADO;16/08/2022;1,8415804
KINEA ATLAS II FI MULTIMERCADO;17/08/2022;1,8443318
KINEA ATLAS II FI MULTIMERCADO;18/08/2022;1,8476861
KINEA ATLAS II FI MULTIMERCADO;19/08/2022;1,8506906
KINEA ATLAS II FI MULTIMERCADO;22/08/2022;1,8582456
KINEA ATLAS II FI MULTIMERCADO;23/08/2022;1,8597495
KINEA ATLAS II FI MULTIMERCADO;24/08/2022;1,8615251
KINEA ATLAS II FI MULTIMERCADO;25/08/2022;1,8583561
KINEA ATLAS II FI MULTIMERCADO;26/08/2022;1,8670791
KINEA ATLAS II FI MULTIMERCADO;29/08/2022;1,8727163
KINEA ATLAS II FI MULTIMERCADO;30/08/2022;1,8737785
KINEA ATLAS II FI MULTIMERCADO;31/08/2022;1,8741593
KINEA ATLAS II FI MULTIMERCADO;01/09/2022;1,8771427
KINEA ATLAS II FI MULTIMERCADO;02/09/2022;1,8759677
KINEA ATLAS II FI MULTIMERCADO;05/09/2022;1,8804824
KINEA ATLAS II FI MULTIMERCADO;06/09/2022;1,8810551
KINEA ATLAS II FI MULTIMERCADO;08/09/2022;1,8754458
KINEA ATLAS II FI MULTIMERCADO;09/09/2022;1,8776614
KINEA ATLAS II FI MULTIMERCADO;12/09/2022;1,8775894
KINEA ATLAS II FI MULTIMERCADO;13/09/2022;1,8779159
KINEA ATLAS II FI MULTIMERCADO;14/09/2022;1,8829933
KINEA ATLAS II FI MULTIMERCADO;15/09/2022;1,88089022
KINEA ATLAS II FI MULTIMERCADO;16/09/2022;1,8814489
KINEA ATLAS II FI MULTIMERCADO;19/09/2022;1,8843148
KINEA ATLAS II FI MULTIMERCADO;20/09/2022;1,8891619
KINEA ATLAS II FI MULTIMERCADO;21/09/2022;1,8926467
KINEA ATLAS II FI MULTIMERCADO;22/09/2022;1,8990133
KINEA ATLAS II FI MULTIMERCADO;23/09/2022;1,8990375
KINEA ATLAS II FI MULTIMERCADO;26/09/2022;1,8922363
KINEA ATLAS II FI MULTIMERCADO;27/09/2022;1,8942403
KINEA ATLAS II FI MULTIMERCADO;28/09/2022;1,8995541
KINEA ATLAS II FI MULTIMERCADO;29/09/2022;1,8945674
KINEA ATLAS II FI MULTIMERCADO;30/09/2022;1,8986979
KINEA ATLAS II FI MULTIMERCADO;03/10/2022;1,9131944
KINEA ATLAS II FI MULTIMERCADO;04/10/2022;1,9076472
KINEA ATLAS II FI MULTIMERCADO;05/10/2022;1,9133202
KINEA ATLAS II FI MULTIMERCADO;06/10/2022;1,9169727
KINEA ATLAS II FI MULTIMERCADO;07/10/2022;1,92399479
KINEA ATLAS II FI MULTIMERCADO;10/10/2022;1,9264746
KINEA ATLAS II FI MULTIMERCADO;11/10/2022;1,9217165
KINEA ATLAS II FI MULTIMERCADO;13/10/2022;1,9180418
KINEA ATLAS II FI MULTIMERCADO;14/10/2022;1,9158857
KINEA ATLAS II FI MULTIMERCADO;17/10/2022;1,9150999
KINEA ATLAS II FI MULTIMERCADO;18/10/2022;1,9158469
KINEA ATLAS II FI MULTIMERCADO;19/10/2022;1,9194934
KINEA ATLAS II FI MULTIMERCADO;20/10/2022;1,9219286
KINEA ATLAS II FI MULTIMERCADO;21/10/2022;1,9247858
KINEA ATLAS II FI MULTIMERCADO;24/10/2022;1,9204355
KINEA ATLAS II FI MULTIMERCADO;25/10/2022;1,9169359
KINEA ATLAS II FI MULTIMERCADO;26/10/2022;1,9134566
KINEA ATLAS II FI MULTIMERCADO;27/10/2022;1,9216824
KINEA ATLAS II FI MULTIMERCADO;28/10/2022;1,9191315
KINEA ATLAS II FI MULTIMERCADO;31/10/2022;1,9298466
KINEA ATLAS II FI MULTIMERCADO;01/11/2022;1,933637
KINEA ATLAS II FI MULTIMERCADO;03/11/2022;1,9379024
KINEA ATLAS II FI MULTIMERCADO;04/11/2022;1,9366264
KINEA ATLAS II FI MULTIMERCADO;07/11/2022;1,9331038
KINEA ATLAS II FI MULTIMERCADO;08/11/2022;1,9262207
KINEA ATLAS II FI MULTIMERCADO;09/11/2022;1,9230834
KINEA ATLAS II FI MULTIMERCADO;10/11/2022;1,9028755
KINEA ATLAS II FI MULTIMERCADO;11/11/2022;1,9023055
KINEA ATLAS II FI MULTIMERCADO;14/11/2022;1,9054338
KINEA ATLAS II FI MULTIMERCADO;16/11/2022;1,9053792
KINEA ATLAS II FI MULTIMERCADO;17/11/2022;1,9015864
KINEA ATLAS II FI MULTIMERCADO;18/11/2022;1,8980777
KINEA ATLAS II FI MULTIMERCADO;21/11/2022;1,902015
KINEA ATLAS II FI MULTIMERCADO;22/11/2022;1,9015875
KINEA ATLAS II FI MULTIMERCADO;23/11/2022;1,8950364
KINEA ATLAS II FI MULTIMERCADO;24/11/2022;1,8996644
KINEA ATLAS II FI MULTIMERCADO;25/11/2022;1,8966934
KINEA ATLAS II FI MULTIMERCADO;28/11/2022;1,8994672
KINEA ATLAS II FI MULTIMERCADO;29/11/2022;1,9058634
KINEA ATLAS II FI MULTIMERCADO;30/11/2022;1,9082954
KINEA ATLAS II FI MULTIMERCADO;01/12/2022;1,9042175
KINEA ATLAS II FI MULTIMERCADO;02/12/2022;1,9032108
KINEA ATLAS II FI MULTIMERCADO;05/12/2022;1,8963652
KINEA ATLAS II FI MULTIMERCADO;06/12/2022;1,8925487
KINEA ATLAS II FI MULTIMERCADO;07/12/2022;1,8917986
KINEA ATLAS II FI MULTIMERCADO;08/12/2022;1,888872
KINEA ATLAS II FI MULTIMERCADO;09/12/2022;1,8874379
KINEA ATLAS II FI MULTIMERCADO;12/12/2022;1,8906846
KINEA ATLAS II FI MULTIMERCADO;13/12/2022;1,8912831
KINEA ATLAS II FI MULTIMERCADO;14/12/2022;1,8941439
KINEA ATLAS II FI MULTIMERCADO;15/12/2022;1,90023
KINEA ATLAS II FI MULTIMERCADO;16/12/2022;1,8993995
KINEA ATLAS II FI MULTIMERCADO;19/12/2022;1,9023027
KINEA ATLAS II FI MULTIMERCADO;20/12/2022;1,9083626
KINEA ATLAS II FI MULTIMERCADO;21/12/2022;1,910712
KINEA ATLAS II FI MULTIMERCADO;22/12/2022;1,9145867
KINEA ATLAS II FI MULTIMERCADO;23/12/2022;1,9225669
KINEA ATLAS II FI MULTIMERCADO;26/12/2022;1,9233255
KINEA ATLAS II FI MULTIMERCADO;27/12/2022;1,9249353
KINEA ATLAS II FI MULTIMERCADO;28/12/2022;1,9274924
KINEA ATLAS II FI MULTIMERCADO;29/12/2022;1,924797
KINEA ATLAS II FI MULTIMERCADO;30/12/2022;1,9254229
KINEA ATLAS II FI MULTIMERCADO;02/01/2023;1,9232451
KINEA ATLAS II FI MULTIMERCADO;03/01/2023;1,9163992
KINEA ATLAS II FI MULTIMERCADO;04/01/2023;1,9013745
KINEA ATLAS II FI MULTIMERCADO;05/01/2023;1,9101513
KINEA ATLAS II FI MULTIMERCADO;06/01/2023;1,9081958
KINEA ATLAS II FI MULTIMERCADO;09/01/2023;1,91090156
KINEA ATLAS II FI MULTIMERCADO;10/01/2023;1,9131863
KINEA ATLAS II FI MULTIMERCADO;11/01/2023;1,9212046
KINEA ATLAS II FI MULTIMERCADO;12/01/2023;1,9282061
KINEA ATLAS II FI MULTIMERCADO;13/01/2023;1,9320323
KINEA ATLAS II FI MULTIMERCADO;16/01/2023;1,9307232
KINEA ATLAS II FI MULTIMERCADO;17/01/2023;1,9329049
KINEA ATLAS II FI MULTIMERCADO;18/01/2023;1,9313431
KINEA ATLAS II FI MULTIMERCADO;19/01/2023;1,9362527
KINEA ATLAS II FI MULTIMERCADO;20/01/2023;1,9335803
KINEA ATLAS II FI MULTIMERCADO;23/01/2023;1,9322194
KINEA ATLAS II FI MULTIMERCADO;24/01/2023;1,9273558
KINEA ATLAS II FI MULTIMERCADO;25/01/2023;1,9306248
KINEA ATLAS II FI MULTIMERCADO;26/01/2023;1,9306473
KINEA ATLAS II FI MULTIMERCADO;27/01/2023;1,9253535
KINEA ATLAS II FI MULTIMERCADO;30/01/2023;1,9217292
KINEA ATLAS II FI MULTIMERCADO;31/01/2023;1,9226892
KINEA ATLAS II FI MULTIMERCADO;01/02/2023;1,9132747
KINEA ATLAS II FI MULTIMERCADO;02/02/2023;1,9099774
KINEA ATLAS II FI MULTIMERCADO;03/02/2023;1,9163609
KINEA ATLAS II FI MULTIMERCADO;06/02/2023;1,9233042
KINEA ATLAS II FI MULTIMERCADO;07/02/2023;1,9295477
KINEA ATLAS II FI MULTIMERCADO;08/02/2023;1,9323743
KINEA ATLAS II FI MULTIMERCADO;09/02/2023;1,9287243
KINEA ATLAS II FI MULTIMERCADO;10/02/2023;1,941912
KINEA ATLAS II FI MULTIMERCADO;13/02/2023;1,9356521
KINEA ATLAS II FI MULTIMERCADO;14/02/2023;1,9393684
KINEA ATLAS II FI MULTIMERCADO;15/02/2023;1,9434516
KINEA ATLAS II FI MULTIMERCADO;16/02/2023;1,9480965
KINEA ATLAS II FI MULTIMERCADO;17/02/2023;1,9446337
KINEA ATLAS II FI MULTIMERCADO;22/02/2023;1,9533803
KINEA ATLAS II FI MULTIMERCADO;23/02/2023;1,9522211
KINEA ATLAS II FI MULTIMERCADO;24/02/2023;1,967479
KINEA ATLAS II FI MULTIMERCADO;27/02/2023;1,9631724
KINEA ATLAS II FI MULTIMERCADO;28/02/2023;1,9661749
KINEA ATLAS II FI MULTIMERCADO;01/03/2023;1,9648271
KINEA ATLAS II FI MULTIMERCADO;02/03/2023;1,9703348
KINEA ATLAS II FI MULTIMERCADO;03/03/2023;1,9641215
KINEA ATLAS II FI MULTIMERCADO;06/03/2023;1,9695322
KINEA ATLAS II FI MULTIMERCADO;07/03/2023;1,9717654
KINEA ATLAS II FI MULTIMERCADO;08/03/2023;1,9663521
KINEA ATLAS II FI MULTIMERCADO;09/03/2023;1,9734535
KINEA ATLAS II FI MULTIMERCADO;10/03/2023;1,9753032
KINEA ATLAS II FI MULTIMERCADO;13/03/2023;1,9696931
KINEA ATLAS II FI MULTIMERCADO;14/03/2023;1,9531815
KINEA ATLAS II FI MULTIMERCADO;15/03/2023;1,9594921
KINEA ATLAS II FI MULTIMERCADO;16/03/2023;1,9545795
KINEA ATLAS II FI MULTIMERCADO;17/03/2023;1,9572731
KINEA ATLAS II FI MULTIMERCADO;20/03/2023;1,9552999
KINEA ATLAS II FI MULTIMERCADO;21/03/2023;1,9515637
KINEA ATLAS II FI MULTIMERCADO;22/03/2023;1,9602078
KINEA ATLAS II FI MULTIMERCADO;23/03/2023;1,9604589
KINEA ATLAS II FI MULTIMERCADO;24/03/2023;1,9611656
KINEA ATLAS II FI MULTIMERCADO;27/03/2023;1,9641563
KINEA ATLAS II FI MULTIMERCADO;28/03/2023;1,9607721
KINEA ATLAS II FI MULTIMERCADO;29/03/2023;1,9520016
KINEA ATLAS II FI MULTIMERCADO;30/03/2023;1,9534305
KINEA ATLAS II FI MULTIMERCADO;31/03/2023;1,9480028
KINEA ATLAS II FI MULTIMERCADO;03/04/2023;1,9529419
KINEA ATLAS II FI MULTIMERCADO;04/04/2023;1,961283
KINEA ATLAS II FI MULTIMERCADO;05/04/2023;1,9635744
KINEA ATLAS II FI MULTIMERCADO;06/04/2023;1,9686258
KINEA ATLAS II FI MULTIMERCADO;10/04/2023;1,9660126
KINEA ATLAS II FI MULTIMERCADO;11/04/2023;1,9716902
KINEA ATLAS II FI MULTIMERCADO;12/04/2023;1,9745481
KINEA ATLAS II FI MULTIMERCADO;13/04/2023;1,9703171
KINEA ATLAS II FI MULTIMERCADO;14/04/2023;1,9722808
KINEA ATLAS II FI MULTIMERCADO;17/04/2023;1,9652793
KINEA ATLAS II FI MULTIMERCADO;18/04/2023;1,9613591
KINEA ATLAS II FI MULTIMERCADO;19/04/2023;1,9542045
KINEA ATLAS II FI MULTIMERCADO;20/04/2023;1,9586935
KINEA ATLAS II FI MULTIMERCADO;24/04/2023;1,9648204
KINEA ATLAS II FI MULTIMERCADO;25/04/2023;1,9688835
KINEA ATLAS II FI MULTIMERCADO;26/04/2023;1,9716109
KINEA ATLAS II FI MULTIMERCADO;27/04/2023;1,9684426
KINEA ATLAS II FI MULTIMERCADO;28/04/2023;1,9643063
KINEA ATLAS II FI MULTIMERCADO;02/05/2023;1,9621768
KINEA ATLAS II FI MULTIMERCADO;03/05/2023;1,9586484
KINEA ATLAS II FI MULTIMERCADO;04/05/2023;1,9576822
KINEA ATLAS II FI MULTIMERCADO;05/05/2023;1,9584243
KINEA ATLAS II FI MULTIMERCADO;08/05/2023;1,9617038
KINEA ATLAS II FI MULTIMERCADO;09/05/2023;1,9680705
KINEA ATLAS II FI MULTIMERCADO;10/05/2023;1,9656031
KINEA ATLAS II FI MULTIMERCADO;11/05/2023;1,972551
KINEA ATLAS II FI MULTIMERCADO;12/05/2023;1,9773732
KINEA ATLAS II FI MULTIMERCADO;15/05/2023;1,9776133
KINEA ATLAS II FI MULTIMERCADO;16/05/2023;1,9801381
KINEA ATLAS II FI MULTIMERCADO;17/05/2023;1,9814447
KINEA ATLAS II FI MULTIMERCADO;18/05/2023;1,9811744
KINEA ATLAS II FI MULTIMERCADO;19/05/2023;1,9838135
KINEA ATLAS II FI MULTIMERCADO;22/05/2023;1,9847303
KINEA ATLAS II FI MULTIMERCADO;23/05/2023;1,9881077
KINEA ATLAS II FI MULTIMERCADO;24/05/2023;1,9995864
KINEA ATLAS II FI MULTIMERCADO;25/05/2023;2,0072132
KINEA ATLAS II FI MULTIMERCADO;26/05/2023;2,0073287
KINEA ATLAS II FI MULTIMERCADO;29/05/2023;2,0068075
KINEA ATLAS II FI MULTIMERCADO;30/05/2023;2,0010869
KINEA ATLAS II FI MULTIMERCADO;31/05/2023;2,0040194
KINEA ATLAS II FI MULTIMERCADO;01/06/2023;2,0076194
KINEA ATLAS II FI MULTIMERCADO;02/06/2023;2,0056314
KINEA ATLAS II FI MULTIMERCADO;05/06/2023;2,0099764
KINEA ATLAS II FI MULTIMERCADO;06/06/2023;2,0123948
KINEA ATLAS II FI MULTIMERCADO;07/06/2023;2,0119638
KINEA ATLAS II FI MULTIMERCADO;09/06/2023;2,0133271
KINEA ATLAS II FI MULTIMERCADO;12/06/2023;2,0053419
KINEA ATLAS II FI MULTIMERCADO;13/06/2023;2,0042002
KINEA ATLAS II FI MULTIMERCADO;14/06/2023;2,0079554
KINEA ATLAS II FI MULTIMERCADO;15/06/2023;2,0129464
KINEA ATLAS II FI MULTIMERCADO;16/06/2023;2,0136387
KINEA ATLAS II FI MULTIMERCADO;19/06/2023;2,0143098
KINEA ATLAS II FI MULTIMERCADO;20/06/2023;2,010593
KINEA ATLAS II FI MULTIMERCADO;21/06/2023;2,0138322
KINEA ATLAS II FI MULTIMERCADO;22/06/2023;2,008296
KINEA ATLAS II FI MULTIMERCADO;23/06/2023;2,0083187
KINEA ATLAS II FI MULTIMERCADO;26/06/2023;2,0098583
KINEA ATLAS II FI MULTIMERCADO;27/06/2023;2,0070237
KINEA ATLAS II FI MULTIMERCADO;28/06/2023;2,0062639
KINEA ATLAS II FI MULTIMERCADO;29/06/2023;2,0036117
KINEA ATLAS II FI MULTIMERCADO;30/06/2023;2,0090085
KINEA ATLAS II FI MULTIMERCADO;03/07/2023;2,009398
KINEA ATLAS II FI MULTIMERCADO;04/07/2023;2,0095339
KINEA ATLAS II FI MULTIMERCADO;05/07/2023;2,0112297
KINEA ATLAS II FI MULTIMERCADO;06/07/2023;2,0115969
KINEA ATLAS II FI MULTIMERCADO;07/07/2023;2,0200399
KINEA ATLAS II FI MULTIMERCADO;10/07/2023;2,021208
KINEA ATLAS II FI MULTIMERCADO;11/07/2023;2,0225382
KINEA ATLAS II FI MULTIMERCADO;12/07/2023;2,0270021
KINEA ATLAS II FI MULTIMERCADO;13/07/2023;2,0326385
KINEA ATLAS II FI MULTIMERCADO;14/07/2023;2,0304438
KINEA ATLAS II FI MULTIMERCADO;17/07/2023;2,0299435
KINEA ATLAS II FI MULTIMERCADO;18/07/2023;2,0344455
KINEA ATLAS II FI MULTIMERCADO;19/07/2023;2,0320671
KINEA ATLAS II FI MULTIMERCADO;20/07/2023;2,0291169
KINEA ATLAS II FI MULTIMERCADO;21/07/2023;2,0322927
KINEA ATLAS II FI MULTIMERCADO;24/07/2023;2,0312136
KINEA ATLAS II FI MULTIMERCADO;25/07/2023;2,0312581
KINEA ATLAS II FI MULTIMERCADO;26/07/2023;2,0330436
KINEA ATLAS II FI MULTIMERCADO;27/07/2023;2,0293399
KINEA ATLAS II FI MULTIMERCADO;28/07/2023;2,033898
KINEA ATLAS II FI MULTIMERCADO;31/07/2023;2,0386586
KINEA ATLAS II FI MULTIMERCADO;01/08/2023;2,0366587
KINEA ATLAS II FI MULTIMERCADO;02/08/2023;2,03609
KINEA ATLAS II FI MULTIMERCADO;03/08/2023;2,0408916
KINEA ATLAS II FI MULTIMERCADO;04/08/2023;2,0431206
KINEA ATLAS II FI MULTIMERCADO;07/08/2023;2,0419687
KINEA ATLAS II FI MULTIMERCADO;08/08/2023;2,0446913
KINEA ATLAS II FI MULTIMERCADO;09/08/2023;2,0457905
KINEA ATLAS II FI MULTIMERCADO;10/08/2023;2,0452068
KINEA ATLAS II FI MULTIMERCADO;11/08/2023;2,0433515
KINEA ATLAS II FI MULTIMERCADO;14/08/2023;2,0399674
KINEA ATLAS II FI MULTIMERCADO;15/08/2023;2,0421622
KINEA ATLAS II FI MULTIMERCADO;16/08/2023;2,0462917
KINEA ATLAS II FI MULTIMERCADO;17/08/2023;2,0446276
KINEA ATLAS II FI MULTIMERCADO;18/08/2023;2,0474843
KINEA ATLAS II FI MULTIMERCADO;21/08/2023;2,0476684
KINEA ATLAS II FI MULTIMERCADO;22/08/2023;2,0520148
KINEA ATLAS II FI MULTIMERCADO;23/08/2023;2,0535317
KINEA ATLAS II FI MULTIMERCADO;24/08/2023;2,0586353
KINEA ATLAS II FI MULTIMERCADO;25/08/2023;2,05671
KINEA ATLAS II FI MULTIMERCADO;28/08/2023;2,0556756
KINEA ATLAS II FI MULTIMERCADO;29/08/2023;2,0479708
KINEA ATLAS II FI MULTIMERCADO;30/08/2023;2,0466627
KINEA ATLAS II FI MULTIMERCADO;31/08/2023;2,0498148
KINEA ATLAS II FI MULTIMERCADO;01/09/2023;2,0546382
KINEA ATLAS II FI MULTIMERCADO;04/09/2023;2,0559519
KINEA ATLAS II FI MULTIMERCADO;05/09/2023;2,0647745
KINEA ATLAS II FI MULTIMERCADO;06/09/2023;2,0658856
KINEA ATLAS II FI MULTIMERCADO;08/09/2023;2,0745432
KINEA ATLAS II FI MULTIMERCADO;11/09/2023;2,0698878
KINEA ATLAS II FI MULTIMERCADO;12/09/2023;2,0737026
KINEA ATLAS II FI MULTIMERCADO;13/09/2023;2,0751544
KINEA ATLAS II FI MULTIMERCADO;14/09/2023;2,0803858
KINEA ATLAS II FI MULTIMERCADO;15/09/2023;2,0801368
KINEA ATLAS II FI MULTIMERCADO;18/09/2023;2,0789118
KINEA ATLAS II FI MULTIMERCADO;19/09/2023;2,0774969
KINEA ATLAS II FI MULTIMERCADO;20/09/2023;2,0798197
KINEA ATLAS II FI MULTIMERCADO;21/09/2023;2,0844116
KINEA ATLAS II FI MULTIMERCADO;22/09/2023;2,0867903
KINEA ATLAS II FI MULTIMERCADO;25/09/2023;2,0923151
KINEA ATLAS II FI MULTIMERCADO;26/09/2023;2,0966788
KINEA ATLAS II FI MULTIMERCADO;27/09/2023;2,0995668
KINEA ATLAS II FI MULTIMERCADO;28/09/2023;2,0935622
KINEA ATLAS II FI MULTIMERCADO;29/09/2023;2,0950888
KINEA ATLAS II FI MULTIMERCADO;02/10/2023;2,1025078
KINEA ATLAS II FI MULTIMERCADO;03/10/2023;2,1046605
KINEA ATLAS II FI MULTIMERCADO;04/10/2023;2,0996517
KINEA ATLAS II FI MULTIMERCADO;05/10/2023;2,0978825
KINEA ATLAS II FI MULTIMERCADO;06/10/2023;2,0937287
KINEA ATLAS II FI MULTIMERCADO;09/10/2023;2,0971638
KINEA ATLAS II FI MULTIMERCADO;10/10/2023;2,098959
KINEA ATLAS II FI MULTIMERCADO;11/10/2023;2,0973139
KINEA ATLAS II FI MULTIMERCADO;13/10/2023;2,1109946
KINEA ATLAS II FI MULTIMERCADO;16/10/2023;2,1038226
KINEA ATLAS II FI MULTIMERCADO;17/10/2023;2,100811
KINEA ATLAS II FI MULTIMERCADO;18/10/2023;2,1053834
KINEA ATLAS II FI MULTIMERCADO;19/10/2023;2,1049598
KINEA ATLAS II FI MULTIMERCADO;20/10/2023;2,1120862
KINEA ATLAS II FI MULTIMERCADO;23/10/2023;2,1106422
KINEA ATLAS II FI MULTIMERCADO;24/10/2023;2,1182643
KINEA ATLAS II FI MULTIMERCADO;25/10/2023;2,1241812
KINEA ATLAS II FI MULTIMERCADO;26/10/2023;2,1250895
KINEA ATLAS II FI MULTIMERCADO;27/10/2023;2,1239377
KINEA ATLAS II FI MULTIMERCADO;30/10/2023;2,1152861
KINEA ATLAS II FI MULTIMERCADO;31/10/2023;2,120377
KINEA ATLAS II FI MULTIMERCADO;01/11/2023;2,128125
KINEA ATLAS II FI MULTIMERCADO;03/11/2023;2,1185179
KINEA ATLAS II FI MULTIMERCADO;06/11/2023;2,1168735
KINEA ATLAS II FI MULTIMERCADO;07/11/2023;2,1182918
KINEA ATLAS II FI MULTIMERCADO;08/11/2023;2,1182731
KINEA ATLAS II FI MULTIMERCADO;09/11/2023;2,1246045
KINEA ATLAS II FI MULTIMERCADO;10/11/2023;2,1264162
KINEA ATLAS II FI MULTIMERCADO;13/11/2023;2,1268474
KINEA ATLAS II FI MULTIMERCADO;14/11/2023;2,1180309
KINEA ATLAS II FI MULTIMERCADO;16/11/2023;2,1177859
KINEA ATLAS II FI MULTIMERCADO;17/11/2023;2,1182031
KINEA ATLAS II FI MULTIMERCADO;20/11/2023;2,1207171
KINEA ATLAS II FI MULTIMERCADO;21/11/2023;2,1135564
KINEA ATLAS II FI MULTIMERCADO;22/11/2023;2,1154289
LEGACY CAPITAL ADVISORY FIC MULTIMERCADO;29/06/2018;1,00
LEGACY CAPITAL ADVISORY FIC MULTIMERCADO;02/07/2018;1,00020062
LEGACY CAPITAL ADVISORY FIC MULTIMERCADO;03/07/2018;1,00088513
LEGACY CAPITAL ADVISORY FIC MULTIMERCADO;04/07/2018;1,00126295
LEGACY CAPITAL ADVISORY FIC MULTIMERCADO;05/07/2018;1,00113949
LEGACY CAPITAL ADVISORY FIC MULTIMERCADO;06/07/2018;1,0016338
LEGACY CAPITAL ADVISORY FIC MULTIMERCADO;09/07/2018;1,0020098
LEGACY CAPITAL ADVISORY FIC MULTIMERCADO;10/07/2018;1,00269361
LEGACY CAPITAL ADVISORY FIC MULTIMERCADO;11/07/2018;1,00419498
LEGACY CAPITAL ADVISORY FIC MULTIMERCADO;12/07/2018;1,00444225
LEGACY CAPITAL ADVISORY FIC MULTIMERCADO;13/07/2018;1,00432862
LEGACY CAPITAL ADVISORY FIC MULTIMERCADO;16/07/2018;1,00486895
LEGACY CAPITAL ADVISORY FIC MULTIMERCADO;17/07/2018;1,00494688
LEGACY CAPITAL ADVISORY FIC MULTIMERCADO;18/07/2018;1,00592426
LEGACY CAPITAL ADVISORY FIC MULTIMERCADO;19/07/2018;1,0052939
LEGACY CAPITAL ADVISORY FIC MULTIMERCADO;20/07/2018;1,00495946
LEGACY CAPITAL ADVISORY FIC MULTIMERCADO;23/07/2018;1,00606979
LEGACY CAPITAL ADVISORY FIC MULTIMERCADO;24/07/2018;1,00726596
LEGACY CAPITAL ADVISORY FIC MULTIMERCADO;25/07/2018;1,00767403
LEGACY CAPITAL ADVISORY FIC MULTIMERCADO;26/07/2018;1,00705685
LEGACY CAPITAL ADVISORY FIC MULTIMERCADO;27/07/2018;1,00709436
LEGACY CAPITAL ADVISORY FIC MULTIMERCADO;30/07/2018;1,00737259
LEGACY CAPITAL ADVISORY FIC MULTIMERCADO;31/07/2018;1,00805529
LEGACY CAPITAL ADVISORY FIC MULTIMERCADO;01/08/2018;1,00727789
LEGACY CAPITAL ADVISORY FIC MULTIMERCADO;02/08/2018;1,00736422
LEGACY CAPITAL ADVISORY FIC MULTIMERCADO;03/08/2018;1,00998426
LEGACY CAPITAL ADVISORY FIC MULTIMERCADO;06/08/2018;1,00931912
LEGACY CAPITAL ADVISORY FIC MULTIMERCADO;07/08/2018;1,00594394
LEGACY CAPITAL ADVISORY FIC MULTIMERCADO;08/08/2018;1,00575314
LEGACY CAPITAL ADVISORY FIC MULTIMERCADO;09/08/2018;1,00433457
LEGACY CAPITAL ADVISORY FIC MULTIMERCADO;10/08/2018;0,99887025
LEGACY CAPITAL ADVISORY FIC MULTIMERCADO;13/08/2018;0,99877172
LEGACY CAPITAL ADVISORY FIC MULTIMERCADO;14/08/2018;0,99975323
LEGACY CAPITAL ADVISORY FIC MULTIMERCADO;15/08/2018;0,99986467
LEGACY CAPITAL ADVISORY FIC MULTIMERCADO;16/08/2018;1,00095004
LEGACY CAPITAL ADVISORY FIC MULTIMERCADO;17/08/2018;1,00066619
LEGACY CAPITAL ADVISORY FIC MULTIMERCADO;20/08/2018;1,00079773
LEGACY CAPITAL ADVISORY FIC MULTIMERCADO;21/08/2018;1,00004593
LEGACY CAPITAL ADVISORY FIC MULTIMERCADO;22/08/2018;1,00150007
LEGACY CAPITAL ADVISORY FIC MULTIMERCADO;23/08/2018;1,00084518
LEGACY CAPITAL ADVISORY FIC MULTIMERCADO;24/08/2018;1,00188394
LEGACY CAPITAL ADVISORY FIC MULTIMERCADO;27/08/2018;1,00334997
LEGACY CAPITAL ADVISORY FIC MULTIMERCADO;28/08/2018;1,00280899
LEGACY CAPITAL ADVISORY FIC MULTIMERCADO;29/08/2018;1,00323494
LEGACY CAPITAL ADVISORY FIC MULTIMERCADO;30/08/2018;1,00333658
LEGACY CAPITAL ADVISORY FIC MULTIMERCADO;31/08/2018;1,00449452
LEGACY CAPITAL ADVISORY FIC MULTIMERCADO;03/09/2018;1,00402928
LEGACY CAPITAL ADVISORY FIC MULTIMERCADO;04/09/2018;1,00424135
LEGACY CAPITAL ADVISORY FIC MULTIMERCADO;05/09/2018;1,00379661
LEGACY CAPITAL ADVISORY FIC MULTIMERCADO;06/09/2018;1,00337409
LEGACY CAPITAL ADVISORY FIC MULTIMERCADO;10/09/2018;1,00557546
LEGACY CAPITAL ADVISORY FIC MULTIMERCADO;11/09/2018;1,00395324
LEGACY CAPITAL ADVISORY FIC MULTIMERCADO;12/09/2018;1,00451022
LEGACY CAPITAL ADVISORY FIC MULTIMERCADO;13/09/2018;1,00418463
LEGACY CAPITAL ADVISORY FIC MULTIMERCADO;14/09/2018;1,00616553
LEGACY CAPITAL ADVISORY FIC MULTIMERCADO;17/09/2018;1,00754346
LEGACY CAPITAL ADVISORY FIC MULTIMERCADO;18/09/2018;1,00889808
LEGACY CAPITAL ADVISORY FIC MULTIMERCADO;19/09/2018;1,00958607
LEGACY CAPITAL ADVISORY FIC MULTIMERCADO;20/09/2018;1,0101323
LEGACY CAPITAL ADVISORY FIC MULTIMERCADO;21/09/2018;1,01147384
LEGACY CAPITAL ADVISORY FIC MULTIMERCADO;24/09/2018;1,01038517
LEGACY CAPITAL ADVISORY FIC MULTIMERCADO;25/09/2018;1,01123482
LEGACY CAPITAL ADVISORY FIC MULTIMERCADO;26/09/2018;1,01123364
LEGACY CAPITAL ADVISORY FIC MULTIMERCADO;27/09/2018;1,01298655
LEGACY CAPITAL ADVISORY FIC MULTIMERCADO;28/09/2018;1,01079995
LEGACY CAPITAL ADVISORY FIC MULTIMERCADO;01/10/2018;1,0108663
LEGACY CAPITAL ADVISORY FIC MULTIMERCADO;02/10/2018;1,0155172
LEGACY CAPITAL ADVISORY FIC MULTIMERCADO;03/10/2018;1,01901718
LEGACY CAPITAL ADVISORY FIC MULTIMERCADO;04/10/2018;1,02159536
LEGACY CAPITAL ADVISORY FIC MULTIMERCADO;05/10/2018;1,02039966
LEGACY CAPITAL ADVISORY FIC MULTIMERCADO;08/10/2018;1,03299835
LEGACY CAPITAL ADVISORY FIC MULTIMERCADO;09/10/2018;1,03377291
LEGACY CAPITAL ADVISORY FIC MULTIMERCADO;10/10/2018;1,02948704
LEGACY CAPITAL ADVISORY FIC MULTIMERCADO;11/10/2018;1,02827257
LEGACY CAPITAL ADVISORY FIC MULTIMERCADO;15/10/2018;1,02878537
LEGACY CAPITAL ADVISORY FIC MULTIMERCADO;16/10/2018;1,03347008
LEGACY CAPITAL ADVISORY FIC MULTIMERCADO;17/10/2018;1,03385874
LEGACY CAPITAL ADVISORY FIC MULTIMERCADO;18/10/2018;1,03356344
LEGACY CAPITAL ADVISORY FIC MULTIMERCADO;19/10/2018;1,03431241
LEGACY CAPITAL ADVISORY FIC MULTIMERCADO;22/10/2018;1,03441491
LEGACY CAPITAL ADVISORY FIC MULTIMERCADO;23/10/2018;1,03293158
LEGACY CAPITAL ADVISORY FIC MULTIMERCADO;24/10/2018;1,03028269
LEGACY CAPITAL ADVISORY FIC MULTIMERCADO;25/10/2018;1,03328137
LEGACY CAPITAL ADVISORY FIC MULTIMERCADO;26/10/2018;1,03612663
LEGACY CAPITAL ADVISORY FIC MULTIMERCADO;29/10/2018;1,03484282
LEGACY CAPITAL ADVISORY FIC MULTIMERCADO;30/10/2018;1,0413916
LEGACY CAPITAL ADVISORY FIC MULTIMERCADO;31/10/2018;1,0436948
LEGACY CAPITAL ADVISORY FIC MULTIMERCADO;01/11/2018;1,04648877
LEGACY CAPITAL ADVISORY FIC MULTIMERCADO;05/11/2018;1,04745736
LEGACY CAPITAL ADVISORY FIC MULTIMERCADO;06/11/2018;1,04734128
LEGACY CAPITAL ADVISORY FIC MULTIMERCADO;07/11/2018;1,04977551
LEGACY CAPITAL ADVISORY FIC MULTIMERCADO;08/11/2018;1,04624455
LEGACY CAPITAL ADVISORY FIC MULTIMERCADO;09/11/2018;1,04661473
LEGACY CAPITAL ADVISORY FIC MULTIMERCADO;12/11/2018;1,04481136
LEGACY CAPITAL ADVISORY FIC MULTIMERCADO;13/11/2018;1,04201834
LEGACY CAPITAL ADVISORY FIC MULTIMERCADO;14/11/2018;1,04459173
LEGACY CAPITAL ADVISORY FIC MULTIMERCADO;16/11/2018;1,0520562
LEGACY CAPITAL ADVISORY FIC MULTIMERCADO;19/11/2018;1,04832161
LEGACY CAPITAL ADVISORY FIC MULTIMERCADO;20/11/2018;1,04598938
LEGACY CAPITAL ADVISORY FIC MULTIMERCADO;21/11/2018;1,0472559
LEGACY CAPITAL ADVISORY FIC MULTIMERCADO;22/11/2018;1,04844954
LEGACY CAPITAL ADVISORY FIC MULTIMERCADO;23/11/2018;1,04680088
LEGACY CAPITAL ADVISORY FIC MULTIMERCADO;26/11/2018;1,04221982
LEGACY CAPITAL ADVISORY FIC MULTIMERCADO;27/11/2018;1,0454653
LEGACY CAPITAL ADVISORY FIC MULTIMERCADO;28/11/2018;1,05024212
LEGACY CAPITAL ADVISORY FIC MULTIMERCADO;29/11/2018;1,05034803
LEGACY CAPITAL ADVISORY FIC MULTIMERCADO;30/11/2018;1,05165972
LEGACY CAPITAL ADVISORY FIC MULTIMERCADO;03/12/2018;1,05543135
LEGACY CAPITAL ADVISORY FIC MULTIMERCADO;04/12/2018;1,05203786
LEGACY CAPITAL ADVISORY FIC MULTIMERCADO;05/12/2018;1,05441679
LEGACY CAPITAL ADVISORY FIC MULTIMERCADO;06/12/2018;1,05793056
LEGACY CAPITAL ADVISORY FIC MULTIMERCADO;07/12/2018;1,05705657
LEGACY CAPITAL ADVISORY FIC MULTIMERCADO;10/12/2018;1,05447578
LEGACY CAPITAL ADVISORY FIC MULTIMERCADO;11/12/2018;1,05502645
LEGACY CAPITAL ADVISORY FIC MULTIMERCADO;12/12/2018;1,0583122
LEGACY CAPITAL ADVISORY FIC MULTIMERCADO;13/12/2018;1,06016809
LEGACY CAPITAL ADVISORY FIC MULTIMERCADO;14/12/2018;1,05899354
LEGACY CAPITAL ADVISORY FIC MULTIMERCADO;17/12/2018;1,05693857
LEGACY CAPITAL ADVISORY FIC MULTIMERCADO;18/12/2018;1,0567217
LEGACY CAPITAL ADVISORY FIC MULTIMERCADO;19/12/2018;1,05783453
LEGACY CAPITAL ADVISORY FIC MULTIMERCADO;20/12/2018;1,05884479
LEGACY CAPITAL ADVISORY FIC MULTIMERCADO;21/12/2018;1,05546318
LEGACY CAPITAL ADVISORY FIC MULTIMERCADO;24/12/2018;1,0536174
LEGACY CAPITAL ADVISORY FIC MULTIMERCADO;26/12/2018;1,05563506
LEGACY CAPITAL ADVISORY FIC MULTIMERCADO;27/12/2018;1,05560617
LEGACY CAPITAL ADVISORY FIC MULTIMERCADO;28/12/2018;1,05924552
LEGACY CAPITAL ADVISORY FIC MULTIMERCADO;31/12/2018;1,05999973
LEGACY CAPITAL ADVISORY FIC MULTIMERCADO;02/01/2019;1,06563608
LEGACY CAPITAL ADVISORY FIC MULTIMERCADO;03/01/2019;1,07321072
LEGACY CAPITAL ADVISORY FIC MULTIMERCADO;04/01/2019;1,0767682
LEGACY CAPITAL ADVISORY FIC MULTIMERCADO;07/01/2019;1,07560711
LEGACY CAPITAL ADVISORY FIC MULTIMERCADO;08/01/2019;1,07723135
LEGACY CAPITAL ADVISORY FIC MULTIMERCADO;09/01/2019;1,08362243
LEGACY CAPITAL ADVISORY FIC MULTIMERCADO;10/01/2019;1,08108522
LEGACY CAPITAL ADVISORY FIC MULTIMERCADO;11/01/2019;1,08212873
LEGACY CAPITAL ADVISORY FIC MULTIMERCADO;14/01/2019;1,0872328
LEGACY CAPITAL ADVISORY FIC MULTIMERCADO;15/01/2019;1,0834167
LEGACY CAPITAL ADVISORY FIC MULTIMERCADO;16/01/2019;1,08326811
LEGACY CAPITAL ADVISORY FIC MULTIMERCADO;17/01/2019;1,08584061
LEGACY CAPITAL ADVISORY FIC MULTIMERCADO;18/01/2019;1,08473852
LEGACY CAPITAL ADVISORY FIC MULTIMERCADO;21/01/2019;1,08505548
LEGACY CAPITAL ADVISORY FIC MULTIMERCADO;22/01/2019;1,08646624
LEGACY CAPITAL ADVISORY FIC MULTIMERCADO;23/01/2019;1,09167402
LEGACY CAPITAL ADVISORY FIC MULTIMERCADO;24/01/2019;1,09179374
LEGACY CAPITAL ADVISORY FIC MULTIMERCADO;25/01/2019;1,09220253
LEGACY CAPITAL ADVISORY FIC MULTIMERCADO;28/01/2019;1,08995704
LEGACY CAPITAL ADVISORY FIC MULTIMERCADO;29/01/2019;1,09562444
LEGACY CAPITAL ADVISORY FIC MULTIMERCADO;30/01/2019;1,1004513
LEGACY CAPITAL ADVISORY FIC MULTIMERCADO;31/01/2019;1,1089784
LEGACY CAPITAL ADVISORY FIC MULTIMERCADO;01/02/2019;1,11003369
LEGACY CAPITAL ADVISORY FIC MULTIMERCADO;04/02/2019;1,10998694
LEGACY CAPITAL ADVISORY FIC MULTIMERCADO;05/02/2019;1,1098369
LEGACY CAPITAL ADVISORY FIC MULTIMERCADO;06/02/2019;1,10253497
LEGACY CAPITAL ADVISORY FIC MULTIMERCADO;07/02/2019;1,09727485
LEGACY CAPITAL ADVISORY FIC MULTIMERCADO;08/02/2019;1,09341063
LEGACY CAPITAL ADVISORY FIC MULTIMERCADO;11/02/2019;1,09176932
LEGACY CAPITAL ADVISORY FIC MULTIMERCADO;12/02/2019;1,09899689
LEGACY CAPITAL ADVISORY FIC MULTIMERCADO;13/02/2019;1,10131295
LEGACY CAPITAL ADVISORY FIC MULTIMERCADO;14/02/2019;1,10513269
LEGACY CAPITAL ADVISORY FIC MULTIMERCADO;15/02/2019;1,10821059
LEGACY CAPITAL ADVISORY FIC MULTIMERCADO;18/02/2019;1,10643661
LEGACY CAPITAL ADVISORY FIC MULTIMERCADO;19/02/2019;1,10893305
LEGACY CAPITAL ADVISORY FIC MULTIMERCADO;20/02/2019;1,10642246
LEGACY CAPITAL ADVISORY FIC MULTIMERCADO;21/02/2019;1,10654259
LEGACY CAPITAL ADVISORY FIC MULTIMERCADO;22/02/2019;1,10918267
LEGACY CAPITAL ADVISORY FIC MULTIMERCADO;25/02/2019;1,10807438
LEGACY CAPITAL ADVISORY FIC MULTIMERCADO;26/02/2019;1,10860878
LEGACY CAPITAL ADVISORY FIC MULTIMERCADO;27/02/2019;1,11151722
LEGACY CAPITAL ADVISORY FIC MULTIMERCADO;28/02/2019;1,10829359
LEGACY CAPITAL ADVISORY FIC MULTIMERCADO;01/03/2019;1,10632122
LEGACY CAPITAL ADVISORY FIC MULTIMERCADO;06/03/2019;1,10275941
LEGACY CAPITAL ADVISORY FIC MULTIMERCADO;07/03/2019;1,09938553
LEGACY CAPITAL ADVISORY FIC MULTIMERCADO;08/03/2019;1,1026062
LEGACY CAPITAL ADVISORY FIC MULTIMERCADO;11/03/2019;1,11027901
LEGACY CAPITAL ADVISORY FIC MULTIMERCADO;12/03/2019;1,11375486
LEGACY CAPITAL ADVISORY FIC MULTIMERCADO;13/03/2019;1,11824813
LEGACY CAPITAL ADVISORY FIC MULTIMERCADO;14/03/2019;1,11702795
LEGACY CAPITAL ADVISORY FIC MULTIMERCADO;15/03/2019;1,11909125
LEGACY CAPITAL ADVISORY FIC MULTIMERCADO;18/03/2019;1,12101505
LEGACY CAPITAL ADVISORY FIC MULTIMERCADO;19/03/2019;1,12169223
LEGACY CAPITAL ADVISORY FIC MULTIMERCADO;20/03/2019;1,12347797
LEGACY CAPITAL ADVISORY FIC MULTIMERCADO;21/03/2019;1,11971197
LEGACY CAPITAL ADVISORY FIC MULTIMERCADO;22/03/2019;1,10739251
LEGACY CAPITAL ADVISORY FIC MULTIMERCADO;25/03/2019;1,10769751
LEGACY CAPITAL ADVISORY FIC MULTIMERCADO;26/03/2019;1,108057
LEGACY CAPITAL ADVISORY FIC MULTIMERCADO;27/03/2019;1,09704978
LEGACY CAPITAL ADVISORY FIC MULTIMERCADO;28/03/2019;1,10491872
LEGACY CAPITAL ADVISORY FIC MULTIMERCADO;29/03/2019;1,10573084
LEGACY CAPITAL ADVISORY FIC MULTIMERCADO;01/04/2019;1,11125214
LEGACY CAPITAL ADVISORY FIC MULTIMERCADO;02/04/2019;1,11215184
LEGACY CAPITAL ADVISORY FIC MULTIMERCADO;03/04/2019;1,11040907
LEGACY CAPITAL ADVISORY FIC MULTIMERCADO;04/04/2019;1,11293625
LEGACY CAPITAL ADVISORY FIC MULTIMERCADO;05/04/2019;1,11334296
LEGACY CAPITAL ADVISORY FIC MULTIMERCADO;08/04/2019;1,11351391
LEGACY CAPITAL ADVISORY FIC MULTIMERCADO;09/04/2019;1,11111963
LEGACY CAPITAL ADVISORY FIC MULTIMERCADO;10/04/2019;1,11628713
LEGACY CAPITAL ADVISORY FIC MULTIMERCADO;11/04/2019;1,11047588
LEGACY CAPITAL ADVISORY FIC MULTIMERCADO;12/04/2019;1,10686091
LEGACY CAPITAL ADVISORY FIC MULTIMERCADO;15/04/2019;1,10768449
LEGACY CAPITAL ADVISORY FIC MULTIMERCADO;16/04/2019;1,10679998
LEGACY CAPITAL ADVISORY FIC MULTIMERCADO;17/04/2019;1,10497261
LEGACY CAPITAL ADVISORY FIC MULTIMERCADO;18/04/2019;1,10819466
LEGACY CAPITAL ADVISORY FIC MULTIMERCADO;22/04/2019;1,1086334
LEGACY CAPITAL ADVISORY FIC MULTIMERCADO;23/04/2019;1,11444952
LEGACY CAPITAL ADVISORY FIC MULTIMERCADO;24/04/2019;1,11121659
LEGACY CAPITAL ADVISORY FIC MULTIMERCADO;25/04/2019;1,11420111
LEGACY CAPITAL ADVISORY FIC MULTIMERCADO;26/04/2019;1,11684525
LEGACY CAPITAL ADVISORY FIC MULTIMERCADO;29/04/2019;1,11759717
LEGACY CAPITAL ADVISORY FIC MULTIMERCADO;30/04/2019;1,11743061
LEGACY CAPITAL ADVISORY FIC MULTIMERCADO;02/05/2019;1,11418125
LEGACY CAPITAL ADVISORY FIC MULTIMERCADO;03/05/2019;1,11687698
LEGACY CAPITAL ADVISORY FIC MULTIMERCADO;06/05/2019;1,11677303
LEGACY CAPITAL ADVISORY FIC MULTIMERCADO;07/05/2019;1,11454301
LEGACY CAPITAL ADVISORY FIC MULTIMERCADO;08/05/2019;1,11759239
LEGACY CAPITAL ADVISORY FIC MULTIMERCADO;09/05/2019;1,11581904
LEGACY CAPITAL ADVISORY FIC MULTIMERCADO;10/05/2019;1,11560045
LEGACY CAPITAL ADVISORY FIC MULTIMERCADO;13/05/2019;1,11162694
LEGACY CAPITAL ADVISORY FIC MULTIMERCADO;14/05/2019;1,11116763
LEGACY CAPITAL ADVISORY FIC MULTIMERCADO;15/05/2019;1,11008808
LEGACY CAPITAL ADVISORY FIC MULTIMERCADO;16/05/2019;1,10844642
LEGACY CAPITAL ADVISORY FIC MULTIMERCADO;17/05/2019;1,10765783
LEGACY CAPITAL ADVISORY FIC MULTIMERCADO;20/05/2019;1,10808232
LEGACY CAPITAL ADVISORY FIC MULTIMERCADO;21/05/2019;1,10821742
LEGACY CAPITAL ADVISORY FIC MULTIMERCADO;22/05/2019;1,10861124
LEGACY CAPITAL ADVISORY FIC MULTIMERCADO;23/05/2019;1,1094581
LEGACY CAPITAL ADVISORY FIC MULTIMERCADO;24/05/2019;1,11055553
LEGACY CAPITAL ADVISORY FIC MULTIMERCADO;27/05/2019;1,1104811
LEGACY CAPITAL ADVISORY FIC MULTIMERCADO;28/05/2019;1,11502312
LEGACY CAPITAL ADVISORY FIC MULTIMERCADO;29/05/2019;1,11757198
LEGACY CAPITAL ADVISORY FIC MULTIMERCADO;30/05/2019;1,11934608
LEGACY CAPITAL ADVISORY FIC MULTIMERCADO;31/05/2019;1,12087704
LEGACY CAPITAL ADVISORY FIC MULTIMERCADO;03/06/2019;1,12212217
LEGACY CAPITAL ADVISORY FIC MULTIMERCADO;04/06/2019;1,12675785
LEGACY CAPITAL ADVISORY FIC MULTIMERCADO;05/06/2019;1,12232726
LEGACY CAPITAL ADVISORY FIC MULTIMERCADO;06/06/2019;1,12550167
LEGACY CAPITAL ADVISORY FIC MULTIMERCADO;07/06/2019;1,13041229
LEGACY CAPITAL ADVISORY FIC MULTIMERCADO;10/06/2019;1,13376369
LEGACY CAPITAL ADVISORY FIC MULTIMERCADO;11/06/2019;1,13763874
LEGACY CAPITAL ADVISORY FIC MULTIMERCADO;12/06/2019;1,13569909
LEGACY CAPITAL ADVISORY FIC MULTIMERCADO;13/06/2019;1,13897724
LEGACY CAPITAL ADVISORY FIC MULTIMERCADO;14/06/2019;1,13865061
LEGACY CAPITAL ADVISORY FIC MULTIMERCADO;17/06/2019;1,13691675
LEGACY CAPITAL ADVISORY FIC MULTIMERCADO;18/06/2019;1,14093012
LEGACY CAPITAL ADVISORY FIC MULTIMERCADO;19/06/2019;1,14383281
LEGACY CAPITAL ADVISORY FIC MULTIMERCADO;21/06/2019;1,1542713
LEGACY CAPITAL ADVISORY FIC MULTIMERCADO;24/06/2019;1,15630165
LEGACY CAPITAL ADVISORY FIC MULTIMERCADO;25/06/2019;1,14983354
LEGACY CAPITAL ADVISORY FIC MULTIMERCADO;26/06/2019;1,15125036
LEGACY CAPITAL ADVISORY FIC MULTIMERCADO;27/06/2019;1,15381167
LEGACY CAPITAL ADVISORY FIC MULTIMERCADO;28/06/2019;1,15822077
LEGACY CAPITAL ADVISORY FIC MULTIMERCADO;01/07/2019;1,15788899
LEGACY CAPITAL ADVISORY FIC MULTIMERCADO;02/07/2019;1,15725153
LEGACY CAPITAL ADVISORY FIC MULTIMERCADO;03/07/2019;1,16060064
LEGACY CAPITAL ADVISORY FIC MULTIMERCADO;04/07/2019;1,16865199
LEGACY CAPITAL ADVISORY FIC MULTIMERCADO;05/07/2019;1,16970722
LEGACY CAPITAL ADVISORY FIC MULTIMERCADO;08/07/2019;1,17185197
LEGACY CAPITAL ADVISORY FIC MULTIMERCADO;09/07/2019;1,17129513
LEGACY CAPITAL ADVISORY FIC MULTIMERCADO;10/07/2019;1,1772387
LEGACY CAPITAL ADVISORY FIC MULTIMERCADO;11/07/2019;1,17769946
LEGACY CAPITAL ADVISORY FIC MULTIMERCADO;12/07/2019;1,17722006
LEGACY CAPITAL ADVISORY FIC MULTIMERCADO;15/07/2019;1,17787792
LEGACY CAPITAL ADVISORY FIC MULTIMERCADO;16/07/2019;1,17809693
LEGACY CAPITAL ADVISORY FIC MULTIMERCADO;17/07/2019;1,17895077
LEGACY CAPITAL ADVISORY FIC MULTIMERCADO;18/07/2019;1,18441321
LEGACY CAPITAL ADVISORY FIC MULTIMERCADO;19/07/2019;1,18284402
LEGACY CAPITAL ADVISORY FIC MULTIMERCADO;22/07/2019;1,18509999
LEGACY CAPITAL ADVISORY FIC MULTIMERCADO;23/07/2019;1,18526267
LEGACY CAPITAL ADVISORY FIC MULTIMERCADO;24/07/2019;1,18642988
LEGACY CAPITAL ADVISORY FIC MULTIMERCADO;25/07/2019;1,18202052
LEGACY CAPITAL ADVISORY FIC MULTIMERCADO;26/07/2019;1,18095726
LEGACY CAPITAL ADVISORY FIC MULTIMERCADO;29/07/2019;1,18199366
LEGACY CAPITAL ADVISORY FIC MULTIMERCADO;30/07/2019;1,18231279
LEGACY CAPITAL ADVISORY FIC MULTIMERCADO;31/07/2019;1,17444719
LEGACY CAPITAL ADVISORY FIC MULTIMERCADO;01/08/2019;1,18399407
LEGACY CAPITAL ADVISORY FIC MULTIMERCADO;02/08/2019;1,18381261
LEGACY CAPITAL ADVISORY FIC MULTIMERCADO;05/08/2019;1,17042826
LEGACY CAPITAL ADVISORY FIC MULTIMERCADO;06/08/2019;1,17847152
LEGACY CAPITAL ADVISORY FIC MULTIMERCADO;07/08/2019;1,18481764
LEGACY CAPITAL ADVISORY FIC MULTIMERCADO;08/08/2019;1,18868925
LEGACY CAPITAL ADVISORY FIC MULTIMERCADO;09/08/2019;1,1904461
LEGACY CAPITAL ADVISORY FIC MULTIMERCADO;12/08/2019;1,18780562
LEGACY CAPITAL ADVISORY FIC MULTIMERCADO;13/08/2019;1,18738335
LEGACY CAPITAL ADVISORY FIC MULTIMERCADO;14/08/2019;1,18376507
LEGACY CAPITAL ADVISORY FIC MULTIMERCADO;15/08/2019;1,18554522
LEGACY CAPITAL ADVISORY FIC MULTIMERCADO;16/08/2019;1,18678556
LEGACY CAPITAL ADVISORY FIC MULTIMERCADO;19/08/2019;1,18201108
LEGACY CAPITAL ADVISORY FIC MULTIMERCADO;20/08/2019;1,18303594
LEGACY CAPITAL ADVISORY FIC MULTIMERCADO;21/08/2019;1,18470804
LEGACY CAPITAL ADVISORY FIC MULTIMERCADO;22/08/2019;1,18353166
LEGACY CAPITAL ADVISORY FIC MULTIMERCADO;23/08/2019;1,18298156
LEGACY CAPITAL ADVISORY FIC MULTIMERCADO;26/08/2019;1,17699289
LEGACY CAPITAL ADVISORY FIC MULTIMERCADO;27/08/2019;1,17751951
LEGACY CAPITAL ADVISORY FIC MULTIMERCADO;28/08/2019;1,17703693
LEGACY CAPITAL ADVISORY FIC MULTIMERCADO;29/08/2019;1,17659713
LEGACY CAPITAL ADVISORY FIC MULTIMERCADO;30/08/2019;1,18121731
LEGACY CAPITAL ADVISORY FIC MULTIMERCADO;02/09/2019;1,18020105
LEGACY CAPITAL ADVISORY FIC MULTIMERCADO;03/09/2019;1,18034881
LEGACY CAPITAL ADVISORY FIC MULTIMERCADO;04/09/2019;1,18185156
LEGACY CAPITAL ADVISORY FIC MULTIMERCADO;05/09/2019;1,18143298
LEGACY CAPITAL ADVISORY FIC MULTIMERCADO;06/09/2019;1,18215457
LEGACY CAPITAL ADVISORY FIC MULTIMERCADO;09/09/2019;1,18030232
LEGACY CAPITAL ADVISORY FIC MULTIMERCADO;10/09/2019;1,17829677
LEGACY CAPITAL ADVISORY FIC MULTIMERCADO;11/09/2019;1,18097707
LEGACY CAPITAL ADVISORY FIC MULTIMERCADO;12/09/2019;1,18280459
LEGACY CAPITAL ADVISORY FIC MULTIMERCADO;13/09/2019;1,1797639
LEGACY CAPITAL ADVISORY FIC MULTIMERCADO;16/09/2019;1,18149655
LEGACY CAPITAL ADVISORY FIC MULTIMERCADO;17/09/2019;1,18367387
LEGACY CAPITAL ADVISORY FIC MULTIMERCADO;18/09/2019;1,18419855
LEGACY CAPITAL ADVISORY FIC MULTIMERCADO;19/09/2019;1,18653429
LEGACY CAPITAL ADVISORY FIC MULTIMERCADO;20/09/2019;1,18620239
LEGACY CAPITAL ADVISORY FIC MULTIMERCADO;23/09/2019;1,18819869
LEGACY CAPITAL ADVISORY FIC MULTIMERCADO;24/09/2019;1,18730348
LEGACY CAPITAL ADVISORY FIC MULTIMERCADO;25/09/2019;1,18707863
LEGACY CAPITAL ADVISORY FIC MULTIMERCADO;26/09/2019;1,1908858
LEGACY CAPITAL ADVISORY FIC MULTIMERCADO;27/09/2019;1,19021995
LEGACY CAPITAL ADVISORY FIC MULTIMERCADO;30/09/2019;1,18932393
LEGACY CAPITAL ADVISORY FIC MULTIMERCADO;01/10/2019;1,18805868
LEGACY CAPITAL ADVISORY FIC MULTIMERCADO;02/10/2019;1,18508815
LEGACY CAPITAL ADVISORY FIC MULTIMERCADO;03/10/2019;1,18789421
LEGACY CAPITAL ADVISORY FIC MULTIMERCADO;04/10/2019;1,18867132
LEGACY CAPITAL ADVISORY FIC MULTIMERCADO;07/10/2019;1,18374734
LEGACY CAPITAL ADVISORY FIC MULTIMERCADO;08/10/2019;1,18119731
LEGACY CAPITAL ADVISORY FIC MULTIMERCADO;09/10/2019;1,18197301
LEGACY CAPITAL ADVISORY FIC MULTIMERCADO;10/10/2019;1,1816793
LEGACY CAPITAL ADVISORY FIC MULTIMERCADO;11/10/2019;1,18518528
LEGACY CAPITAL ADVISORY FIC MULTIMERCADO;14/10/2019;1,18660759
LEGACY CAPITAL ADVISORY FIC MULTIMERCADO;15/10/2019;1,18634229
LEGACY CAPITAL ADVISORY FIC MULTIMERCADO;16/10/2019;1,19024237
LEGACY CAPITAL ADVISORY FIC MULTIMERCADO;17/10/2019;1,19233003
LEGACY CAPITAL ADVISORY FIC MULTIMERCADO;18/10/2019;1,19424798
LEGACY CAPITAL ADVISORY FIC MULTIMERCADO;21/10/2019;1,19441485
LEGACY CAPITAL ADVISORY FIC MULTIMERCADO;22/10/2019;1,19592604
LEGACY CAPITAL ADVISORY FIC MULTIMERCADO;23/10/2019;1,1995603
LEGACY CAPITAL ADVISORY FIC MULTIMERCADO;24/10/2019;1,19912647
LEGACY CAPITAL ADVISORY FIC MULTIMERCADO;25/10/2019;1,20317473
LEGACY CAPITAL ADVISORY FIC MULTIMERCADO;28/10/2019;1,20422241
LEGACY CAPITAL ADVISORY FIC MULTIMERCADO;29/10/2019;1,20512689
LEGACY CAPITAL ADVISORY FIC MULTIMERCADO;30/10/2019;1,20911277
LEGACY CAPITAL ADVISORY FIC MULTIMERCADO;31/10/2019;1,2065902
LEGACY CAPITAL ADVISORY FIC MULTIMERCADO;01/11/2019;1,20871829
LEGACY CAPITAL ADVISORY FIC MULTIMERCADO;04/11/2019;1,20618969
LEGACY CAPITAL ADVISORY FIC MULTIMERCADO;05/11/2019;1,20497861
LEGACY CAPITAL ADVISORY FIC MULTIMERCADO;06/11/2019;1,20079249
LEGACY CAPITAL ADVISORY FIC MULTIMERCADO;07/11/2019;1,19862183
LEGACY CAPITAL ADVISORY FIC MULTIMERCADO;08/11/2019;1,19441691
LEGACY CAPITAL ADVISORY FIC MULTIMERCADO;11/11/2019;1,19778582
LEGACY CAPITAL ADVISORY FIC MULTIMERCADO;12/11/2019;1,19322481
LEGACY CAPITAL ADVISORY FIC MULTIMERCADO;13/11/2019;1,1906182
LEGACY CAPITAL ADVISORY FIC MULTIMERCADO;14/11/2019;1,19154087
LEGACY CAPITAL ADVISORY FIC MULTIMERCADO;18/11/2019;1,18916336
LEGACY CAPITAL ADVISORY FIC MULTIMERCADO;19/11/2019;1,1878622
LEGACY CAPITAL ADVISORY FIC MULTIMERCADO;20/11/2019;1,18695202
LEGACY CAPITAL ADVISORY FIC MULTIMERCADO;21/11/2019;1,1811241
LEGACY CAPITAL ADVISORY FIC MULTIMERCADO;22/11/2019;1,18707352
LEGACY CAPITAL ADVISORY FIC MULTIMERCADO;25/11/2019;1,18554422
LEGACY CAPITAL ADVISORY FIC MULTIMERCADO;26/11/2019;1,1751595
LEGACY CAPITAL ADVISORY FIC MULTIMERCADO;27/11/2019;1,17504347
LEGACY CAPITAL ADVISORY FIC MULTIMERCADO;28/11/2019;1,17916712
LEGACY CAPITAL ADVISORY FIC MULTIMERCADO;29/11/2019;1,17884696
LEGACY CAPITAL ADVISORY FIC MULTIMERCADO;02/12/2019;1,17774136
LEGACY CAPITAL ADVISORY FIC MULTIMERCADO;03/12/2019;1,1827764
LEGACY CAPITAL ADVISORY FIC MULTIMERCADO;04/12/2019;1,18853208
LEGACY CAPITAL ADVISORY FIC MULTIMERCADO;05/12/2019;1,19083139
LEGACY CAPITAL ADVISORY FIC MULTIMERCADO;06/12/2019;1,19771581
LEGACY CAPITAL ADVISORY FIC MULTIMERCADO;09/12/2019;1,19874045
LEGACY CAPITAL ADVISORY FIC MULTIMERCADO;10/12/2019;1,19881942
LEGACY CAPITAL ADVISORY FIC MULTIMERCADO;11/12/2019;1,20181861
LEGACY CAPITAL ADVISORY FIC MULTIMERCADO;12/12/2019;1,20713613
LEGACY CAPITAL ADVISORY FIC MULTIMERCADO;13/12/2019;1,21136067
LEGACY CAPITAL ADVISORY FIC MULTIMERCADO;16/12/2019;1,21187937
LEGACY CAPITAL ADVISORY FIC MULTIMERCADO;17/12/2019;1,20574803
LEGACY CAPITAL ADVISORY FIC MULTIMERCADO;18/12/2019;1,20713785
LEGACY CAPITAL ADVISORY FIC MULTIMERCADO;19/12/2019;1,20363957
LEGACY CAPITAL ADVISORY FIC MULTIMERCADO;20/12/2019;1,20460686
LEGACY CAPITAL ADVISORY FIC MULTIMERCADO;23/12/2019;1,20715073
LEGACY CAPITAL ADVISORY FIC MULTIMERCADO;24/12/2019;1,20866386
LEGACY CAPITAL ADVISORY FIC MULTIMERCADO;26/12/2019;1,21335621
LEGACY CAPITAL ADVISORY FIC MULTIMERCADO;27/12/2019;1,21508041
LEGACY CAPITAL ADVISORY FIC MULTIMERCADO;30/12/2019;1,21800361
LEGACY CAPITAL ADVISORY FIC MULTIMERCADO;31/12/2019;1,21880661
LEGACY CAPITAL ADVISORY FIC MULTIMERCADO;02/01/2020;1,22072042
LEGACY CAPITAL ADVISORY FIC MULTIMERCADO;03/01/2020;1,22165538
LEGACY CAPITAL ADVISORY FIC MULTIMERCADO;06/01/2020;1,21991325
LEGACY CAPITAL ADVISORY FIC MULTIMERCADO;07/01/2020;1,22089956
LEGACY CAPITAL ADVISORY FIC MULTIMERCADO;08/01/2020;1,21987218
LEGACY CAPITAL ADVISORY FIC MULTIMERCADO;09/01/2020;1,21883969
LEGACY CAPITAL ADVISORY FIC MULTIMERCADO;10/01/2020;1,22001245
LEGACY CAPITAL ADVISORY FIC MULTIMERCADO;13/01/2020;1,2195657
LEGACY CAPITAL ADVISORY FIC MULTIMERCADO;14/01/2020;1,22164106
LEGACY CAPITAL ADVISORY FIC MULTIMERCADO;15/01/2020;1,2212576
LEGACY CAPITAL ADVISORY FIC MULTIMERCADO;16/01/2020;1,22077867
LEGACY CAPITAL ADVISORY FIC MULTIMERCADO;17/01/2020;1,22267286
LEGACY CAPITAL ADVISORY FIC MULTIMERCADO;20/01/2020;1,22128186
LEGACY CAPITAL ADVISORY FIC MULTIMERCADO;21/01/2020;1,21644498
LEGACY CAPITAL ADVISORY FIC MULTIMERCADO;22/01/2020;1,22065786
LEGACY CAPITAL ADVISORY FIC MULTIMERCADO;23/01/2020;1,22408217
LEGACY CAPITAL ADVISORY FIC MULTIMERCADO;24/01/2020;1,22403074
LEGACY CAPITAL ADVISORY FIC MULTIMERCADO;27/01/2020;1,21853927
LEGACY CAPITAL ADVISORY FIC MULTIMERCADO;28/01/2020;1,22179582
LEGACY CAPITAL ADVISORY FIC MULTIMERCADO;29/01/2020;1,21862648
LEGACY CAPITAL ADVISORY FIC MULTIMERCADO;30/01/2020;1,21699818
LEGACY CAPITAL ADVISORY FIC MULTIMERCADO;31/01/2020;1,21407725
LEGACY CAPITAL ADVISORY FIC MULTIMERCADO;03/02/2020;1,2159822
LEGACY CAPITAL ADVISORY FIC MULTIMERCADO;04/02/2020;1,22140022
LEGACY CAPITAL ADVISORY FIC MULTIMERCADO;05/02/2020;1,22518356
LEGACY CAPITAL ADVISORY FIC MULTIMERCADO;06/02/2020;1,22598356
LEGACY CAPITAL ADVISORY FIC MULTIMERCADO;07/02/2020;1,22124828
LEGACY CAPITAL ADVISORY FIC MULTIMERCADO;10/02/2020;1,21663318
LEGACY CAPITAL ADVISORY FIC MULTIMERCADO;11/02/2020;1,22324915
LEGACY CAPITAL ADVISORY FIC MULTIMERCADO;12/02/2020;1,22674894
LEGACY CAPITAL ADVISORY FIC MULTIMERCADO;13/02/2020;1,22747767
LEGACY CAPITAL ADVISORY FIC MULTIMERCADO;14/02/2020;1,22547951
LEGACY CAPITAL ADVISORY FIC MULTIMERCADO;17/02/2020;1,22457888
LEGACY CAPITAL ADVISORY FIC MULTIMERCADO;18/02/2020;1,22410949
LEGACY CAPITAL ADVISORY FIC MULTIMERCADO;19/02/2020;1,22890142
LEGACY CAPITAL ADVISORY FIC MULTIMERCADO;20/02/2020;1,22501809
LEGACY CAPITAL ADVISORY FIC MULTIMERCADO;21/02/2020;1,22231884
LEGACY CAPITAL ADVISORY FIC MULTIMERCADO;26/02/2020;1,21078704
LEGACY CAPITAL ADVISORY FIC MULTIMERCADO;27/02/2020;1,206533
LEGACY CAPITAL ADVISORY FIC MULTIMERCADO;28/02/2020;1,20869497
LEGACY CAPITAL ADVISORY FIC MULTIMERCADO;02/03/2020;1,21673913
LEGACY CAPITAL ADVISORY FIC MULTIMERCADO;03/03/2020;1,22074179
LEGACY CAPITAL ADVISORY FIC MULTIMERCADO;04/03/2020;1,22070168
LEGACY CAPITAL ADVISORY FIC MULTIMERCADO;05/03/2020;1,20867471
LEGACY CAPITAL ADVISORY FIC MULTIMERCADO;06/03/2020;1,2024337
LEGACY CAPITAL ADVISORY FIC MULTIMERCADO;09/03/2020;1,17836732
LEGACY CAPITAL ADVISORY FIC MULTIMERCADO;10/03/2020;1,18256772
LEGACY CAPITAL ADVISORY FIC MULTIMERCADO;11/03/2020;1,13697274
LEGACY CAPITAL ADVISORY FIC MULTIMERCADO;12/03/2020;1,08489404
LEGACY CAPITAL ADVISORY FIC MULTIMERCADO;13/03/2020;1,11631322
LEGACY CAPITAL ADVISORY FIC MULTIMERCADO;16/03/2020;1,11597545
LEGACY CAPITAL ADVISORY FIC MULTIMERCADO;17/03/2020;1,12533473
LEGACY CAPITAL ADVISORY FIC MULTIMERCADO;18/03/2020;1,08392338
LEGACY CAPITAL ADVISORY FIC MULTIMERCADO;19/03/2020;1,0981099
LEGACY CAPITAL ADVISORY FIC MULTIMERCADO;20/03/2020;1,0984077
LEGACY CAPITAL ADVISORY FIC MULTIMERCADO;23/03/2020;1,09799811
LEGACY CAPITAL ADVISORY FIC MULTIMERCADO;24/03/2020;1,12300221
LEGACY CAPITAL ADVISORY FIC MULTIMERCADO;25/03/2020;1,14249239
LEGACY CAPITAL ADVISORY FIC MULTIMERCADO;26/03/2020;1,15311645
LEGACY CAPITAL ADVISORY FIC MULTIMERCADO;27/03/2020;1,15393451
LEGACY CAPITAL ADVISORY FIC MULTIMERCADO;30/03/2020;1,15823557
LEGACY CAPITAL ADVISORY FIC MULTIMERCADO;31/03/2020;1,16074533
LEGACY CAPITAL ADVISORY FIC MULTIMERCADO;01/04/2020;1,15526415
LEGACY CAPITAL ADVISORY FIC MULTIMERCADO;02/04/2020;1,16156905
LEGACY CAPITAL ADVISORY FIC MULTIMERCADO;03/04/2020;1,16222377
LEGACY CAPITAL ADVISORY FIC MULTIMERCADO;06/04/2020;1,16976712
LEGACY CAPITAL ADVISORY FIC MULTIMERCADO;07/04/2020;1,17187145
LEGACY CAPITAL ADVISORY FIC MULTIMERCADO;08/04/2020;1,17548977
LEGACY CAPITAL ADVISORY FIC MULTIMERCADO;09/04/2020;1,17669933
LEGACY CAPITAL ADVISORY FIC MULTIMERCADO;13/04/2020;1,17846491
LEGACY CAPITAL ADVISORY FIC MULTIMERCADO;14/04/2020;1,18727659
LEGACY CAPITAL ADVISORY FIC MULTIMERCADO;15/04/2020;1,1901948
LEGACY CAPITAL ADVISORY FIC MULTIMERCADO;16/04/2020;1,19209641
LEGACY CAPITAL ADVISORY FIC MULTIMERCADO;17/04/2020;1,18997891
LEGACY CAPITAL ADVISORY FIC MULTIMERCADO;20/04/2020;1,19211153
LEGACY CAPITAL ADVISORY FIC MULTIMERCADO;22/04/2020;1,20223149
LEGACY CAPITAL ADVISORY FIC MULTIMERCADO;23/04/2020;1,20388003
LEGACY CAPITAL ADVISORY FIC MULTIMERCADO;24/04/2020;1,20877329
LEGACY CAPITAL ADVISORY FIC MULTIMERCADO;27/04/2020;1,20562416
LEGACY CAPITAL ADVISORY FIC MULTIMERCADO;28/04/2020;1,19624705
LEGACY CAPITAL ADVISORY FIC MULTIMERCADO;29/04/2020;1,19587601
LEGACY CAPITAL ADVISORY FIC MULTIMERCADO;30/04/2020;1,19885419
LEGACY CAPITAL ADVISORY FIC MULTIMERCADO;04/05/2020;1,20303375
LEGACY CAPITAL ADVISORY FIC MULTIMERCADO;05/05/2020;1,20644999
LEGACY CAPITAL ADVISORY FIC MULTIMERCADO;06/05/2020;1,21116127
LEGACY CAPITAL ADVISORY FIC MULTIMERCADO;07/05/2020;1,2163446
LEGACY CAPITAL ADVISORY FIC MULTIMERCADO;08/05/2020;1,21773658
LEGACY CAPITAL ADVISORY FIC MULTIMERCADO;11/05/2020;1,21792726
LEGACY CAPITAL ADVISORY FIC MULTIMERCADO;12/05/2020;1,21074792
LEGACY CAPITAL ADVISORY FIC MULTIMERCADO;13/05/2020;1,20766196
LEGACY CAPITAL ADVISORY FIC MULTIMERCADO;14/05/2020;1,21086101
LEGACY CAPITAL ADVISORY FIC MULTIMERCADO;15/05/2020;1,2168669
LEGACY CAPITAL ADVISORY FIC MULTIMERCADO;18/05/2020;1,21866227
LEGACY CAPITAL ADVISORY FIC MULTIMERCADO;19/05/2020;1,22147825
LEGACY CAPITAL ADVISORY FIC MULTIMERCADO;20/05/2020;1,22258675
LEGACY CAPITAL ADVISORY FIC MULTIMERCADO;21/05/2020;1,21941022
LEGACY CAPITAL ADVISORY FIC MULTIMERCADO;22/05/2020;1,22060937
LEGACY CAPITAL ADVISORY FIC MULTIMERCADO;25/05/2020;1,23405861
LEGACY CAPITAL ADVISORY FIC MULTIMERCADO;26/05/2020;1,22741751
LEGACY CAPITAL ADVISORY FIC MULTIMERCADO;27/05/2020;1,22928784
LEGACY CAPITAL ADVISORY FIC MULTIMERCADO;28/05/2020;1,23226707
LEGACY CAPITAL ADVISORY FIC MULTIMERCADO;29/05/2020;1,23989355
LEGACY CAPITAL ADVISORY FIC MULTIMERCADO;01/06/2020;1,2365642
LEGACY CAPITAL ADVISORY FIC MULTIMERCADO;02/06/2020;1,23876628
LEGACY CAPITAL ADVISORY FIC MULTIMERCADO;03/06/2020;1,24250763
LEGACY CAPITAL ADVISORY FIC MULTIMERCADO;04/06/2020;1,24215339
LEGACY CAPITAL ADVISORY FIC MULTIMERCADO;05/06/2020;1,24059073
LEGACY CAPITAL ADVISORY FIC MULTIMERCADO;08/06/2020;1,2428844
LEGACY CAPITAL ADVISORY FIC MULTIMERCADO;09/06/2020;1,24409391
LEGACY CAPITAL ADVISORY FIC MULTIMERCADO;10/06/2020;1,24441927
LEGACY CAPITAL ADVISORY FIC MULTIMERCADO;12/06/2020;1,24050101
LEGACY CAPITAL ADVISORY FIC MULTIMERCADO;15/06/2020;1,24168054
LEGACY CAPITAL ADVISORY FIC MULTIMERCADO;16/06/2020;1,24147919
LEGACY CAPITAL ADVISORY FIC MULTIMERCADO;17/06/2020;1,24475835
LEGACY CAPITAL ADVISORY FIC MULTIMERCADO;18/06/2020;1,24311182
LEGACY CAPITAL ADVISORY FIC MULTIMERCADO;19/06/2020;1,24746077
LEGACY CAPITAL ADVISORY FIC MULTIMERCADO;22/06/2020;1,24754148
LEGACY CAPITAL ADVISORY FIC MULTIMERCADO;23/06/2020;1,25188928
LEGACY CAPITAL ADVISORY FIC MULTIMERCADO;24/06/2020;1,2434996
LEGACY CAPITAL ADVISORY FIC MULTIMERCADO;25/06/2020;1,24946897
LEGACY CAPITAL ADVISORY FIC MULTIMERCADO;26/06/2020;1,24385981
LEGACY CAPITAL ADVISORY FIC MULTIMERCADO;29/06/2020;1,24848259
LEGACY CAPITAL ADVISORY FIC MULTIMERCADO;30/06/2020;1,25114322
LEGACY CAPITAL ADVISORY FIC MULTIMERCADO;01/07/2020;1,25785155
LEGACY CAPITAL ADVISORY FIC MULTIMERCADO;02/07/2020;1,25951103
LEGACY CAPITAL ADVISORY FIC MULTIMERCADO;03/07/2020;1,26223021
LEGACY CAPITAL ADVISORY FIC MULTIMERCADO;06/07/2020;1,2690682
LEGACY CAPITAL ADVISORY FIC MULTIMERCADO;07/07/2020;1,26628696
LEGACY CAPITAL ADVISORY FIC MULTIMERCADO;08/07/2020;1,27094734
LEGACY CAPITAL ADVISORY FIC MULTIMERCADO;09/07/2020;1,2721201
LEGACY CAPITAL ADVISORY FIC MULTIMERCADO;10/07/2020;1,27592409
LEGACY CAPITAL ADVISORY FIC MULTIMERCADO;13/07/2020;1,27016884
LEGACY CAPITAL ADVISORY FIC MULTIMERCADO;14/07/2020;1,27419802
LEGACY CAPITAL ADVISORY FIC MULTIMERCADO;15/07/2020;1,27856868
LEGACY CAPITAL ADVISORY FIC MULTIMERCADO;16/07/2020;1,27357404
LEGACY CAPITAL ADVISORY FIC MULTIMERCADO;17/07/2020;1,28055362
LEGACY CAPITAL ADVISORY FIC MULTIMERCADO;20/07/2020;1,28690707
LEGACY CAPITAL ADVISORY FIC MULTIMERCADO;21/07/2020;1,29083457
LEGACY CAPITAL ADVISORY FIC MULTIMERCADO;22/07/2020;1,29368209
LEGACY CAPITAL ADVISORY FIC MULTIMERCADO;23/07/2020;1,28907245
LEGACY CAPITAL ADVISORY FIC MULTIMERCADO;24/07/2020;1,28755289
LEGACY CAPITAL ADVISORY FIC MULTIMERCADO;27/07/2020;1,29821576
LEGACY CAPITAL ADVISORY FIC MULTIMERCADO;28/07/2020;1,29683969
LEGACY CAPITAL ADVISORY FIC MULTIMERCADO;29/07/2020;1,3012913
LEGACY CAPITAL ADVISORY FIC MULTIMERCADO;30/07/2020;1,3046203
LEGACY CAPITAL ADVISORY FIC MULTIMERCADO;31/07/2020;1,30331172
LEGACY CAPITAL ADVISORY FIC MULTIMERCADO;03/08/2020;1,30235622
LEGACY CAPITAL ADVISORY FIC MULTIMERCADO;04/08/2020;1,30103952
LEGACY CAPITAL ADVISORY FIC MULTIMERCADO;05/08/2020;1,30682715
LEGACY CAPITAL ADVISORY FIC MULTIMERCADO;06/08/2020;1,31307476
LEGACY CAPITAL ADVISORY FIC MULTIMERCADO;07/08/2020;1,30758412
LEGACY CAPITAL ADVISORY FIC MULTIMERCADO;10/08/2020;1,30274604
LEGACY CAPITAL ADVISORY FIC MULTIMERCADO;11/08/2020;1,29639603
LEGACY CAPITAL ADVISORY FIC MULTIMERCADO;12/08/2020;1,29393701
LEGACY CAPITAL ADVISORY FIC MULTIMERCADO;13/08/2020;1,29288803
LEGACY CAPITAL ADVISORY FIC MULTIMERCADO;14/08/2020;1,29440129
LEGACY CAPITAL ADVISORY FIC MULTIMERCADO;17/08/2020;1,29016108
LEGACY CAPITAL ADVISORY FIC MULTIMERCADO;18/08/2020;1,30128541
LEGACY CAPITAL ADVISORY FIC MULTIMERCADO;19/08/2020;1,29493098
LEGACY CAPITAL ADVISORY FIC MULTIMERCADO;20/08/2020;1,29643283
LEGACY CAPITAL ADVISORY FIC MULTIMERCADO;21/08/2020;1,29347467
LEGACY CAPITAL ADVISORY FIC MULTIMERCADO;24/08/2020;1,29607305
LEGACY CAPITAL ADVISORY FIC MULTIMERCADO;25/08/2020;1,29770029
LEGACY CAPITAL ADVISORY FIC MULTIMERCADO;26/08/2020;1,29370333
LEGACY CAPITAL ADVISORY FIC MULTIMERCADO;27/08/2020;1,29306908
LEGACY CAPITAL ADVISORY FIC MULTIMERCADO;28/08/2020;1,30081931
LEGACY CAPITAL ADVISORY FIC MULTIMERCADO;31/08/2020;1,29714692
LEGACY CAPITAL ADVISORY FIC MULTIMERCADO;01/09/2020;1,30575055
LEGACY CAPITAL ADVISORY FIC MULTIMERCADO;02/09/2020;1,30707986
LEGACY CAPITAL ADVISORY FIC MULTIMERCADO;03/09/2020;1,30023569
LEGACY CAPITAL ADVISORY FIC MULTIMERCADO;04/09/2020;1,29699362
LEGACY CAPITAL ADVISORY FIC MULTIMERCADO;08/09/2020;1,2886445
LEGACY CAPITAL ADVISORY FIC MULTIMERCADO;09/09/2020;1,29608365
LEGACY CAPITAL ADVISORY FIC MULTIMERCADO;10/09/2020;1,28544101
LEGACY CAPITAL ADVISORY FIC MULTIMERCADO;11/09/2020;1,28231354
LEGACY CAPITAL ADVISORY FIC MULTIMERCADO;14/09/2020;1,29048411
LEGACY CAPITAL ADVISORY FIC MULTIMERCADO;15/09/2020;1,29065901
LEGACY CAPITAL ADVISORY FIC MULTIMERCADO;16/09/2020;1,2887672
LEGACY CAPITAL ADVISORY FIC MULTIMERCADO;17/09/2020;1,29051727
LEGACY CAPITAL ADVISORY FIC MULTIMERCADO;18/09/2020;1,28185088
LEGACY CAPITAL ADVISORY FIC MULTIMERCADO;21/09/2020;1,27756507
LEGACY CAPITAL ADVISORY FIC MULTIMERCADO;22/09/2020;1,28306882
LEGACY CAPITAL ADVISORY FIC MULTIMERCADO;23/09/2020;1,27616574
LEGACY CAPITAL ADVISORY FIC MULTIMERCADO;24/09/2020;1,27945483
LEGACY CAPITAL ADVISORY FIC MULTIMERCADO;25/09/2020;1,28208143
LEGACY CAPITAL ADVISORY FIC MULTIMERCADO;28/09/2020;1,27680463
LEGACY CAPITAL ADVISORY FIC MULTIMERCADO;29/09/2020;1,27503332
LEGACY CAPITAL ADVISORY FIC MULTIMERCADO;30/09/2020;1,27721194
LEGACY CAPITAL ADVISORY FIC MULTIMERCADO;01/10/2020;1,28319056
LEGACY CAPITAL ADVISORY FIC MULTIMERCADO;02/10/2020;1,27916348
LEGACY CAPITAL ADVISORY FIC MULTIMERCADO;05/10/2020;1,2837505
LEGACY CAPITAL ADVISORY FIC MULTIMERCADO;06/10/2020;1,28311621
LEGACY CAPITAL ADVISORY FIC MULTIMERCADO;07/10/2020;1,28418664
LEGACY CAPITAL ADVISORY FIC MULTIMERCADO;08/10/2020;1,2872917
LEGACY CAPITAL ADVISORY FIC MULTIMERCADO;09/10/2020;1,29297029
LEGACY CAPITAL ADVISORY FIC MULTIMERCADO;13/10/2020;1,2943102
LEGACY CAPITAL ADVISORY FIC MULTIMERCADO;14/10/2020;1,29366662
LEGACY CAPITAL ADVISORY FIC MULTIMERCADO;15/10/2020;1,29200335
LEGACY CAPITAL ADVISORY FIC MULTIMERCADO;16/10/2020;1,29342864
LEGACY CAPITAL ADVISORY FIC MULTIMERCADO;19/10/2020;1,29149608
LEGACY CAPITAL ADVISORY FIC MULTIMERCADO;20/10/2020;1,29516255
LEGACY CAPITAL ADVISORY FIC MULTIMERCADO;21/10/2020;1,2990559
LEGACY CAPITAL ADVISORY FIC MULTIMERCADO;22/10/2020;1,30268374
LEGACY CAPITAL ADVISORY FIC MULTIMERCADO;23/10/2020;1,30324558
LEGACY CAPITAL ADVISORY FIC MULTIMERCADO;26/10/2020;1,29898189
LEGACY CAPITAL ADVISORY FIC MULTIMERCADO;27/10/2020;1,30244425
LEGACY CAPITAL ADVISORY FIC MULTIMERCADO;28/10/2020;1,29156838
LEGACY CAPITAL ADVISORY FIC MULTIMERCADO;29/10/2020;1,29409389
LEGACY CAPITAL ADVISORY FIC MULTIMERCADO;30/10/2020;1,286196
LEGACY CAPITAL ADVISORY FIC MULTIMERCADO;03/11/2020;1,29448324
LEGACY CAPITAL ADVISORY FIC MULTIMERCADO;04/11/2020;1,30444116
LEGACY CAPITAL ADVISORY FIC MULTIMERCADO;05/11/2020;1,31583796
LEGACY CAPITAL ADVISORY FIC MULTIMERCADO;06/11/2020;1,32263731
LEGACY CAPITAL ADVISORY FIC MULTIMERCADO;09/11/2020;1,32082667
LEGACY CAPITAL ADVISORY FIC MULTIMERCADO;10/11/2020;1,31549165
LEGACY CAPITAL ADVISORY FIC MULTIMERCADO;11/11/2020;1,31718795
LEGACY CAPITAL ADVISORY FIC MULTIMERCADO;12/11/2020;1,31449516
LEGACY CAPITAL ADVISORY FIC MULTIMERCADO;13/11/2020;1,31900118
LEGACY CAPITAL ADVISORY FIC MULTIMERCADO;16/11/2020;1,3226287
LEGACY CAPITAL ADVISORY FIC MULTIMERCADO;17/11/2020;1,32357443
LEGACY CAPITAL ADVISORY FIC MULTIMERCADO;18/11/2020;1,32082518
LEGACY CAPITAL ADVISORY FIC MULTIMERCADO;19/11/2020;1,32473108
LEGACY CAPITAL ADVISORY FIC MULTIMERCADO;20/11/2020;1,3239125
LEGACY CAPITAL ADVISORY FIC MULTIMERCADO;23/11/2020;1,32515086
LEGACY CAPITAL ADVISORY FIC MULTIMERCADO;24/11/2020;1,32934949
LEGACY CAPITAL ADVISORY FIC MULTIMERCADO;25/11/2020;1,33557581
LEGACY CAPITAL ADVISORY FIC MULTIMERCADO;26/11/2020;1,33772558
LEGACY CAPITAL ADVISORY FIC MULTIMERCADO;27/11/2020;1,34262387
LEGACY CAPITAL ADVISORY FIC MULTIMERCADO;30/11/2020;1,34509078
LEGACY CAPITAL ADVISORY FIC MULTIMERCADO;01/12/2020;1,34578553
LEGACY CAPITAL ADVISORY FIC MULTIMERCADO;02/12/2020;1,3460504
LEGACY CAPITAL ADVISORY FIC MULTIMERCADO;03/12/2020;1,35153149
LEGACY CAPITAL ADVISORY FIC MULTIMERCADO;04/12/2020;1,35705508
LEGACY CAPITAL ADVISORY FIC MULTIMERCADO;07/12/2020;1,35456988
LEGACY CAPITAL ADVISORY FIC MULTIMERCADO;08/12/2020;1,35799599
LEGACY CAPITAL ADVISORY FIC MULTIMERCADO;09/12/2020;1,35298688
LEGACY CAPITAL ADVISORY FIC MULTIMERCADO;10/12/2020;1,35894439
LEGACY CAPITAL ADVISORY FIC MULTIMERCADO;11/12/2020;1,36334216
LEGACY CAPITAL ADVISORY FIC MULTIMERCADO;14/12/2020;1,36122142
LEGACY CAPITAL ADVISORY FIC MULTIMERCADO;15/12/2020;1,36812445
LEGACY CAPITAL ADVISORY FIC MULTIMERCADO;16/12/2020;1,37383673
LEGACY CAPITAL ADVISORY FIC MULTIMERCADO;17/12/2020;1,37808286
LEGACY CAPITAL ADVISORY FIC MULTIMERCADO;18/12/2020;1,38270885
LEGACY CAPITAL ADVISORY FIC MULTIMERCADO;21/12/2020;1,37779562
LEGACY CAPITAL ADVISORY FIC MULTIMERCADO;22/12/2020;1,37763499
LEGACY CAPITAL ADVISORY FIC MULTIMERCADO;23/12/2020;1,37891066
LEGACY CAPITAL ADVISORY FIC MULTIMERCADO;24/12/2020;1,38058532
LEGACY CAPITAL ADVISORY FIC MULTIMERCADO;28/12/2020;1,37394939
LEGACY CAPITAL ADVISORY FIC MULTIMERCADO;29/12/2020;1,37776633
LEGACY CAPITAL ADVISORY FIC MULTIMERCADO;30/12/2020;1,38420042
LEGACY CAPITAL ADVISORY FIC MULTIMERCADO;31/12/2020;1,38620749
LEGACY CAPITAL ADVISORY FIC MULTIMERCADO;04/01/2021;1,37692769
LEGACY CAPITAL ADVISORY FIC MULTIMERCADO;05/01/2021;1,37665766
LEGACY CAPITAL ADVISORY FIC MULTIMERCADO;06/01/2021;1,35972202
LEGACY CAPITAL ADVISORY FIC MULTIMERCADO;07/01/2021;1,35861196
LEGACY CAPITAL ADVISORY FIC MULTIMERCADO;08/01/2021;1,36725733
LEGACY CAPITAL ADVISORY FIC MULTIMERCADO;11/01/2021;1,35696818
LEGACY CAPITAL ADVISORY FIC MULTIMERCADO;12/01/2021;1,36279287
LEGACY CAPITAL ADVISORY FIC MULTIMERCADO;13/01/2021;1,36141696
LEGACY CAPITAL ADVISORY FIC MULTIMERCADO;14/01/2021;1,37112892
LEGACY CAPITAL ADVISORY FIC MULTIMERCADO;15/01/2021;1,36601321
LEGACY CAPITAL ADVISORY FIC MULTIMERCADO;18/01/2021;1,36621896
LEGACY CAPITAL ADVISORY FIC MULTIMERCADO;19/01/2021;1,36475688
LEGACY CAPITAL ADVISORY FIC MULTIMERCADO;20/01/2021;1,3720603
LEGACY CAPITAL ADVISORY FIC MULTIMERCADO;21/01/2021;1,36989853
LEGACY CAPITAL ADVISORY FIC MULTIMERCADO;22/01/2021;1,36382475
LEGACY CAPITAL ADVISORY FIC MULTIMERCADO;25/01/2021;1,35918134
LEGACY CAPITAL ADVISORY FIC MULTIMERCADO;26/01/2021;1,36240533
LEGACY CAPITAL ADVISORY FIC MULTIMERCADO;27/01/2021;1,35284091
LEGACY CAPITAL ADVISORY FIC MULTIMERCADO;28/01/2021;1,3585127
LEGACY CAPITAL ADVISORY FIC MULTIMERCADO;29/01/2021;1,35518433
LEGACY CAPITAL ADVISORY FIC MULTIMERCADO;01/02/2021;1,36484497
LEGACY CAPITAL ADVISORY FIC MULTIMERCADO;02/02/2021;1,3758516
LEGACY CAPITAL ADVISORY FIC MULTIMERCADO;03/02/2021;1,37952624
LEGACY CAPITAL ADVISORY FIC MULTIMERCADO;04/02/2021;1,38804997
LEGACY CAPITAL ADVISORY FIC MULTIMERCADO;05/02/2021;1,39214835
LEGACY CAPITAL ADVISORY FIC MULTIMERCADO;08/02/2021;1,3913945
LEGACY CAPITAL ADVISORY FIC MULTIMERCADO;09/02/2021;1,39439949
LEGACY CAPITAL ADVISORY FIC MULTIMERCADO;10/02/2021;1,38949625
LEGACY CAPITAL ADVISORY FIC MULTIMERCADO;11/02/2021;1,39377107
LEGACY CAPITAL ADVISORY FIC MULTIMERCADO;12/02/2021;1,39641343
LEGACY CAPITAL ADVISORY FIC MULTIMERCADO;17/02/2021;1,39591778
LEGACY CAPITAL ADVISORY FIC MULTIMERCADO;18/02/2021;1,3922097
LEGACY CAPITAL ADVISORY FIC MULTIMERCADO;19/02/2021;1,39413903
LEGACY CAPITAL ADVISORY FIC MULTIMERCADO;22/02/2021;1,37912759
LEGACY CAPITAL ADVISORY FIC MULTIMERCADO;23/02/2021;1,37427576
LEGACY CAPITAL ADVISORY FIC MULTIMERCADO;24/02/2021;1,37513629
LEGACY CAPITAL ADVISORY FIC MULTIMERCADO;25/02/2021;1,36099656
LEGACY CAPITAL ADVISORY FIC MULTIMERCADO;26/02/2021;1,35854197
LEGACY CAPITAL ADVISORY FIC MULTIMERCADO;01/03/2021;1,36011219
LEGACY CAPITAL ADVISORY FIC MULTIMERCADO;02/03/2021;1,35228386
LEGACY CAPITAL ADVISORY FIC MULTIMERCADO;03/03/2021;1,3435374
LEGACY CAPITAL ADVISORY FIC MULTIMERCADO;04/03/2021;1,34648856
LEGACY CAPITAL ADVISORY FIC MULTIMERCADO;05/03/2021;1,34708002
LEGACY CAPITAL ADVISORY FIC MULTIMERCADO;08/03/2021;1,33215669
LEGACY CAPITAL ADVISORY FIC MULTIMERCADO;09/03/2021;1,33588664
LEGACY CAPITAL ADVISORY FIC MULTIMERCADO;10/03/2021;1,3365731
LEGACY CAPITAL ADVISORY FIC MULTIMERCADO;11/03/2021;1,3515293
LEGACY CAPITAL ADVISORY FIC MULTIMERCADO;12/03/2021;1,3530173
LEGACY CAPITAL ADVISORY FIC MULTIMERCADO;15/03/2021;1,3543955
LEGACY CAPITAL ADVISORY FIC MULTIMERCADO;16/03/2021;1,35355145
LEGACY CAPITAL ADVISORY FIC MULTIMERCADO;17/03/2021;1,35466798
LEGACY CAPITAL ADVISORY FIC MULTIMERCADO;18/03/2021;1,35264959
LEGACY CAPITAL ADVISORY FIC MULTIMERCADO;19/03/2021;1,35109416
LEGACY CAPITAL ADVISORY FIC MULTIMERCADO;22/03/2021;1,34709111
LEGACY CAPITAL ADVISORY FIC MULTIMERCADO;23/03/2021;1,34533721
LEGACY CAPITAL ADVISORY FIC MULTIMERCADO;24/03/2021;1,33428297
LEGACY CAPITAL ADVISORY FIC MULTIMERCADO;25/03/2021;1,33449412
LEGACY CAPITAL ADVISORY FIC MULTIMERCADO;26/03/2021;1,33547624
LEGACY CAPITAL ADVISORY FIC MULTIMERCADO;29/03/2021;1,32990762
LEGACY CAPITAL ADVISORY FIC MULTIMERCADO;30/03/2021;1,33644014
LEGACY CAPITAL ADVISORY FIC MULTIMERCADO;31/03/2021;1,33884171
LEGACY CAPITAL ADVISORY FIC MULTIMERCADO;01/04/2021;1,34010819
LEGACY CAPITAL ADVISORY FIC MULTIMERCADO;05/04/2021;1,33880015
LEGACY CAPITAL ADVISORY FIC MULTIMERCADO;06/04/2021;1,34002911
LEGACY CAPITAL ADVISORY FIC MULTIMERCADO;07/04/2021;1,340264
LEGACY CAPITAL ADVISORY FIC MULTIMERCADO;08/04/2021;1,34475628
LEGACY CAPITAL ADVISORY FIC MULTIMERCADO;09/04/2021;1,34514586
LEGACY CAPITAL ADVISORY FIC MULTIMERCADO;12/04/2021;1,34558739
LEGACY CAPITAL ADVISORY FIC MULTIMERCADO;13/04/2021;1,34307355
LEGACY CAPITAL ADVISORY FIC MULTIMERCADO;14/04/2021;1,34273602
LEGACY CAPITAL ADVISORY FIC MULTIMERCADO;15/04/2021;1,34328536
LEGACY CAPITAL ADVISORY FIC MULTIMERCADO;16/04/2021;1,34700293
LEGACY CAPITAL ADVISORY FIC MULTIMERCADO;19/04/2021;1,34778908
LEGACY CAPITAL ADVISORY FIC MULTIMERCADO;20/04/2021;1,34083629
LEGACY CAPITAL ADVISORY FIC MULTIMERCADO;22/04/2021;1,34372331
LEGACY CAPITAL ADVISORY FIC MULTIMERCADO;23/04/2021;1,34849903
LEGACY CAPITAL ADVISORY FIC MULTIMERCADO;26/04/2021;1,3503689
LEGACY CAPITAL ADVISORY FIC MULTIMERCADO;27/04/2021;1,35120616
LEGACY CAPITAL ADVISORY FIC MULTIMERCADO;28/04/2021;1,35621577
LEGACY CAPITAL ADVISORY FIC MULTIMERCADO;29/04/2021;1,35720963
LEGACY CAPITAL ADVISORY FIC MULTIMERCADO;30/04/2021;1,35220322
LEGACY CAPITAL ADVISORY FIC MULTIMERCADO;03/05/2021;1,34940732
LEGACY CAPITAL ADVISORY FIC MULTIMERCADO;04/05/2021;1,34224746
LEGACY CAPITAL ADVISORY FIC MULTIMERCADO;05/05/2021;1,34126314
LEGACY CAPITAL ADVISORY FIC MULTIMERCADO;06/05/2021;1,3372885
LEGACY CAPITAL ADVISORY FIC MULTIMERCADO;07/05/2021;1,34492842
LEGACY CAPITAL ADVISORY FIC MULTIMERCADO;10/05/2021;1,33961307
LEGACY CAPITAL ADVISORY FIC MULTIMERCADO;11/05/2021;1,342399
LEGACY CAPITAL ADVISORY FIC MULTIMERCADO;12/05/2021;1,33567597
LEGACY CAPITAL ADVISORY FIC MULTIMERCADO;13/05/2021;1,3325505
LEGACY CAPITAL ADVISORY FIC MULTIMERCADO;14/05/2021;1,33780325
LEGACY CAPITAL ADVISORY FIC MULTIMERCADO;17/05/2021;1,33888177
LEGACY CAPITAL ADVISORY FIC MULTIMERCADO;18/05/2021;1,33979554
LEGACY CAPITAL ADVISORY FIC MULTIMERCADO;19/05/2021;1,33853291
LEGACY CAPITAL ADVISORY FIC MULTIMERCADO;20/05/2021;1,34463384
LEGACY CAPITAL ADVISORY FIC MULTIMERCADO;21/05/2021;1,34651415
LEGACY CAPITAL ADVISORY FIC MULTIMERCADO;24/05/2021;1,34945516
LEGACY CAPITAL ADVISORY FIC MULTIMERCADO;25/05/2021;1,34899541
LEGACY CAPITAL ADVISORY FIC MULTIMERCADO;26/05/2021;1,35281218
LEGACY CAPITAL ADVISORY FIC MULTIMERCADO;27/05/2021;1,35680148
LEGACY CAPITAL ADVISORY FIC MULTIMERCADO;28/05/2021;1,35927805
LEGACY CAPITAL ADVISORY FIC MULTIMERCADO;31/05/2021;1,3598238
LEGACY CAPITAL ADVISORY FIC MULTIMERCADO;01/06/2021;1,36277873
LEGACY CAPITAL ADVISORY FIC MULTIMERCADO;02/06/2021;1,36311119
LEGACY CAPITAL ADVISORY FIC MULTIMERCADO;04/06/2021;1,36335469
LEGACY CAPITAL ADVISORY FIC MULTIMERCADO;07/06/2021;1,36460291
LEGACY CAPITAL ADVISORY FIC MULTIMERCADO;08/06/2021;1,36272543
LEGACY CAPITAL ADVISORY FIC MULTIMERCADO;09/06/2021;1,36112961
LEGACY CAPITAL ADVISORY FIC MULTIMERCADO;10/06/2021;1,36012435
LEGACY CAPITAL ADVISORY FIC MULTIMERCADO;11/06/2021;1,35811596
LEGACY CAPITAL ADVISORY FIC MULTIMERCADO;14/06/2021;1,36293217
LEGACY CAPITAL ADVISORY FIC MULTIMERCADO;15/06/2021;1,36188721
LEGACY CAPITAL ADVISORY FIC MULTIMERCADO;16/06/2021;1,36366697
LEGACY CAPITAL ADVISORY FIC MULTIMERCADO;17/06/2021;1,36115026
LEGACY CAPITAL ADVISORY FIC MULTIMERCADO;18/06/2021;1,35505518
LEGACY CAPITAL ADVISORY FIC MULTIMERCADO;21/06/2021;1,35862559
LEGACY CAPITAL ADVISORY FIC MULTIMERCADO;22/06/2021;1,36041407
LEGACY CAPITAL ADVISORY FIC MULTIMERCADO;23/06/2021;1,3621224
LEGACY CAPITAL ADVISORY FIC MULTIMERCADO;24/06/2021;1,3660658
LEGACY CAPITAL ADVISORY FIC MULTIMERCADO;25/06/2021;1,36548954
LEGACY CAPITAL ADVISORY FIC MULTIMERCADO;28/06/2021;1,36877291
LEGACY CAPITAL ADVISORY FIC MULTIMERCADO;29/06/2021;1,36856659
LEGACY CAPITAL ADVISORY FIC MULTIMERCADO;30/06/2021;1,3665925
LEGACY CAPITAL ADVISORY FIC MULTIMERCADO;01/07/2021;1,36425654
LEGACY CAPITAL ADVISORY FIC MULTIMERCADO;02/07/2021;1,36586801
LEGACY CAPITAL ADVISORY FIC MULTIMERCADO;05/07/2021;1,3634329
LEGACY CAPITAL ADVISORY FIC MULTIMERCADO;06/07/2021;1,35945246
LEGACY CAPITAL ADVISORY FIC MULTIMERCADO;07/07/2021;1,35896517
LEGACY CAPITAL ADVISORY FIC MULTIMERCADO;08/07/2021;1,35684534
LEGACY CAPITAL ADVISORY FIC MULTIMERCADO;09/07/2021;1,35864172
LEGACY CAPITAL ADVISORY FIC MULTIMERCADO;12/07/2021;1,35865941
LEGACY CAPITAL ADVISORY FIC MULTIMERCADO;13/07/2021;1,36252576
LEGACY CAPITAL ADVISORY FIC MULTIMERCADO;14/07/2021;1,36350642
LEGACY CAPITAL ADVISORY FIC MULTIMERCADO;15/07/2021;1,35851856
LEGACY CAPITAL ADVISORY FIC MULTIMERCADO;16/07/2021;1,35994117
LEGACY CAPITAL ADVISORY FIC MULTIMERCADO;19/07/2021;1,34907604
LEGACY CAPITAL ADVISORY FIC MULTIMERCADO;20/07/2021;1,35271548
LEGACY CAPITAL ADVISORY FIC MULTIMERCADO;21/07/2021;1,3562557
LEGACY CAPITAL ADVISORY FIC MULTIMERCADO;22/07/2021;1,35893202
LEGACY CAPITAL ADVISORY FIC MULTIMERCADO;23/07/2021;1,36192809
LEGACY CAPITAL ADVISORY FIC MULTIMERCADO;26/07/2021;1,35858294
LEGACY CAPITAL ADVISORY FIC MULTIMERCADO;27/07/2021;1,35477555
LEGACY CAPITAL ADVISORY FIC MULTIMERCADO;28/07/2021;1,35986501
LEGACY CAPITAL ADVISORY FIC MULTIMERCADO;29/07/2021;1,36467131
LEGACY CAPITAL ADVISORY FIC MULTIMERCADO;30/07/2021;1,35362099
LEGACY CAPITAL ADVISORY FIC MULTIMERCADO;02/08/2021;1,35304687
LEGACY CAPITAL ADVISORY FIC MULTIMERCADO;03/08/2021;1,35085256
LEGACY CAPITAL ADVISORY FIC MULTIMERCADO;04/08/2021;1,35125686
LEGACY CAPITAL ADVISORY FIC MULTIMERCADO;05/08/2021;1,35315829
LEGACY CAPITAL ADVISORY FIC MULTIMERCADO;06/08/2021;1,35383121
LEGACY CAPITAL ADVISORY FIC MULTIMERCADO;09/08/2021;1,3538073
LEGACY CAPITAL ADVISORY FIC MULTIMERCADO;10/08/2021;1,3554377
LEGACY CAPITAL ADVISORY FIC MULTIMERCADO;11/08/2021;1,35169556
LEGACY CAPITAL ADVISORY FIC MULTIMERCADO;12/08/2021;1,34910218
LEGACY CAPITAL ADVISORY FIC MULTIMERCADO;13/08/2021;1,344226
LEGACY CAPITAL ADVISORY FIC MULTIMERCADO;16/08/2021;1,34140146
LEGACY CAPITAL ADVISORY FIC MULTIMERCADO;17/08/2021;1,34008734
LEGACY CAPITAL ADVISORY FIC MULTIMERCADO;18/08/2021;1,33898127
LEGACY CAPITAL ADVISORY FIC MULTIMERCADO;19/08/2021;1,34032923
LEGACY CAPITAL ADVISORY FIC MULTIMERCADO;20/08/2021;1,34595486
LEGACY CAPITAL ADVISORY FIC MULTIMERCADO;23/08/2021;1,34332207
LEGACY CAPITAL ADVISORY FIC MULTIMERCADO;24/08/2021;1,35090688
LEGACY CAPITAL ADVISORY FIC MULTIMERCADO;25/08/2021;1,35457285
LEGACY CAPITAL ADVISORY FIC MULTIMERCADO;26/08/2021;1,35252883
LEGACY CAPITAL ADVISORY FIC MULTIMERCADO;27/08/2021;1,35357615
LEGACY CAPITAL ADVISORY FIC MULTIMERCADO;30/08/2021;1,3554498
LEGACY CAPITAL ADVISORY FIC MULTIMERCADO;31/08/2021;1,35572075
LEGACY CAPITAL ADVISORY FIC MULTIMERCADO;01/09/2021;1,35431437
LEGACY CAPITAL ADVISORY FIC MULTIMERCADO;02/09/2021;1,35397778
LEGACY CAPITAL ADVISORY FIC MULTIMERCADO;03/09/2021;1,35530245
LEGACY CAPITAL ADVISORY FIC MULTIMERCADO;06/09/2021;1,35391264
LEGACY CAPITAL ADVISORY FIC MULTIMERCADO;08/09/2021;1,35358834
LEGACY CAPITAL ADVISORY FIC MULTIMERCADO;09/09/2021;1,34030029
LEGACY CAPITAL ADVISORY FIC MULTIMERCADO;10/09/2021;1,34593063
LEGACY CAPITAL ADVISORY FIC MULTIMERCADO;13/09/2021;1,34775691
LEGACY CAPITAL ADVISORY FIC MULTIMERCADO;14/09/2021;1,35263784
LEGACY CAPITAL ADVISORY FIC MULTIMERCADO;15/09/2021;1,35517951
LEGACY CAPITAL ADVISORY FIC MULTIMERCADO;16/09/2021;1,36087243
LEGACY CAPITAL ADVISORY FIC MULTIMERCADO;17/09/2021;1,36573945
LEGACY CAPITAL ADVISORY FIC MULTIMERCADO;20/09/2021;1,36174094
LEGACY CAPITAL ADVISORY FIC MULTIMERCADO;21/09/2021;1,366269
LEGACY CAPITAL ADVISORY FIC MULTIMERCADO;22/09/2021;1,36436685
LEGACY CAPITAL ADVISORY FIC MULTIMERCADO;23/09/2021;1,36805912
LEGACY CAPITAL ADVISORY FIC MULTIMERCADO;24/09/2021;1,37107708
LEGACY CAPITAL ADVISORY FIC MULTIMERCADO;27/09/2021;1,36737696
LEGACY CAPITAL ADVISORY FIC MULTIMERCADO;28/09/2021;1,36349953
LEGACY CAPITAL ADVISORY FIC MULTIMERCADO;29/09/2021;1,36509344
LEGACY CAPITAL ADVISORY FIC MULTIMERCADO;30/09/2021;1,36381269
LEGACY CAPITAL ADVISORY FIC MULTIMERCADO;01/10/2021;1,36737364
LEGACY CAPITAL ADVISORY FIC MULTIMERCADO;04/10/2021;1,35928026
LEGACY CAPITAL ADVISORY FIC MULTIMERCADO;05/10/2021;1,36180888
LEGACY CAPITAL ADVISORY FIC MULTIMERCADO;06/10/2021;1,36173701
LEGACY CAPITAL ADVISORY FIC MULTIMERCADO;07/10/2021;1,36363215
LEGACY CAPITAL ADVISORY FIC MULTIMERCADO;08/10/2021;1,36491067
LEGACY CAPITAL ADVISORY FIC MULTIMERCADO;11/10/2021;1,36397094
LEGACY CAPITAL ADVISORY FIC MULTIMERCADO;13/10/2021;1,36459983
LEGACY CAPITAL ADVISORY FIC MULTIMERCADO;14/10/2021;1,3678194
LEGACY CAPITAL ADVISORY FIC MULTIMERCADO;15/10/2021;1,37350025
LEGACY CAPITAL ADVISORY FIC MULTIMERCADO;18/10/2021;1,37395053
LEGACY CAPITAL ADVISORY FIC MULTIMERCADO;19/10/2021;1,37605731
LEGACY CAPITAL ADVISORY FIC MULTIMERCADO;20/10/2021;1,3768164
LEGACY CAPITAL ADVISORY FIC MULTIMERCADO;21/10/2021;1,37903629
LEGACY CAPITAL ADVISORY FIC MULTIMERCADO;22/10/2021;1,37708409
LEGACY CAPITAL ADVISORY FIC MULTIMERCADO;25/10/2021;1,37686177
LEGACY CAPITAL ADVISORY FIC MULTIMERCADO;26/10/2021;1,38213667
LEGACY CAPITAL ADVISORY FIC MULTIMERCADO;27/10/2021;1,37622619
LEGACY CAPITAL ADVISORY FIC MULTIMERCADO;28/10/2021;1,37602466
LEGACY CAPITAL ADVISORY FIC MULTIMERCADO;29/10/2021;1,37911751
LEGACY CAPITAL ADVISORY FIC MULTIMERCADO;01/11/2021;1,37898728
LEGACY CAPITAL ADVISORY FIC MULTIMERCADO;03/11/2021;1,38207872
LEGACY CAPITAL ADVISORY FIC MULTIMERCADO;04/11/2021;1,38324679
LEGACY CAPITAL ADVISORY FIC MULTIMERCADO;05/11/2021;1,38902626
LEGACY CAPITAL ADVISORY FIC MULTIMERCADO;08/11/2021;1,39168632
LEGACY CAPITAL ADVISORY FIC MULTIMERCADO;09/11/2021;1,3947585
LEGACY CAPITAL ADVISORY FIC MULTIMERCADO;10/11/2021;1,39653943
LEGACY CAPITAL ADVISORY FIC MULTIMERCADO;11/11/2021;1,40415482
LEGACY CAPITAL ADVISORY FIC MULTIMERCADO;12/11/2021;1,40807813
LEGACY CAPITAL ADVISORY FIC MULTIMERCADO;16/11/2021;1,4098012
LEGACY CAPITAL ADVISORY FIC MULTIMERCADO;17/11/2021;1,4055657
LEGACY CAPITAL ADVISORY FIC MULTIMERCADO;18/11/2021;1,40563686
LEGACY CAPITAL ADVISORY FIC MULTIMERCADO;19/11/2021;1,40227546
LEGACY CAPITAL ADVISORY FIC MULTIMERCADO;22/11/2021;1,39925942
LEGACY CAPITAL ADVISORY FIC MULTIMERCADO;23/11/2021;1,40136709
LEGACY CAPITAL ADVISORY FIC MULTIMERCADO;24/11/2021;1,40452363
LEGACY CAPITAL ADVISORY FIC MULTIMERCADO;25/11/2021;1,40918128
LEGACY CAPITAL ADVISORY FIC MULTIMERCADO;26/11/2021;1,4004858
LEGACY CAPITAL ADVISORY FIC MULTIMERCADO;29/11/2021;1,40188734
LEGACY CAPITAL ADVISORY FIC MULTIMERCADO;30/11/2021;1,3912339
LEGACY CAPITAL ADVISORY FIC MULTIMERCADO;01/12/2021;1,38361841
LEGACY CAPITAL ADVISORY FIC MULTIMERCADO;02/12/2021;1,391712
LEGACY CAPITAL ADVISORY FIC MULTIMERCADO;03/12/2021;1,38643104
LEGACY CAPITAL ADVISORY FIC MULTIMERCADO;06/12/2021;1,39246697
LEGACY CAPITAL ADVISORY FIC MULTIMERCADO;07/12/2021;1,39861783
LEGACY CAPITAL ADVISORY FIC MULTIMERCADO;08/12/2021;1,40390815
LEGACY CAPITAL ADVISORY FIC MULTIMERCADO;09/12/2021;1,39433923
LEGACY CAPITAL ADVISORY FIC MULTIMERCADO;10/12/2021;1,38607377
LEGACY CAPITAL ADVISORY FIC MULTIMERCADO;13/12/2021;1,3843379
LEGACY CAPITAL ADVISORY FIC MULTIMERCADO;14/12/2021;1,37577162
LEGACY CAPITAL ADVISORY FIC MULTIMERCADO;15/12/2021;1,37992456
LEGACY CAPITAL ADVISORY FIC MULTIMERCADO;16/12/2021;1,37588049
LEGACY CAPITAL ADVISORY FIC MULTIMERCADO;17/12/2021;1,37630684
LEGACY CAPITAL ADVISORY FIC MULTIMERCADO;20/12/2021;1,36588671
LEGACY CAPITAL ADVISORY FIC MULTIMERCADO;21/12/2021;1,37527473
LEGACY CAPITAL ADVISORY FIC MULTIMERCADO;22/12/2021;1,38070402
LEGACY CAPITAL ADVISORY FIC MULTIMERCADO;23/12/2021;1,38736488
LEGACY CAPITAL ADVISORY FIC MULTIMERCADO;24/12/2021;1,3872776
LEGACY CAPITAL ADVISORY FIC MULTIMERCADO;27/12/2021;1,3970819
LEGACY CAPITAL ADVISORY FIC MULTIMERCADO;28/12/2021;1,39811731
LEGACY CAPITAL ADVISORY FIC MULTIMERCADO;29/12/2021;1,39532075
LEGACY CAPITAL ADVISORY FIC MULTIMERCADO;30/12/2021;1,40556917
LEGACY CAPITAL ADVISORY FIC MULTIMERCADO;31/12/2021;1,40417017
LEGACY CAPITAL ADVISORY FIC MULTIMERCADO;03/01/2022;1,40971597
LEGACY CAPITAL ADVISORY FIC MULTIMERCADO;04/01/2022;1,4126167
LEGACY CAPITAL ADVISORY FIC MULTIMERCADO;05/01/2022;1,41152005
LEGACY CAPITAL ADVISORY FIC MULTIMERCADO;06/01/2022;1,41285534
LEGACY CAPITAL ADVISORY FIC MULTIMERCADO;07/01/2022;1,4137084
LEGACY CAPITAL ADVISORY FIC MULTIMERCADO;10/01/2022;1,41361342
LEGACY CAPITAL ADVISORY FIC MULTIMERCADO;11/01/2022;1,4215155
LEGACY CAPITAL ADVISORY FIC MULTIMERCADO;12/01/2022;1,41998812
LEGACY CAPITAL ADVISORY FIC MULTIMERCADO;13/01/2022;1,41203674
LEGACY CAPITAL ADVISORY FIC MULTIMERCADO;14/01/2022;1,41320723
LEGACY CAPITAL ADVISORY FIC MULTIMERCADO;17/01/2022;1,41984179
LEGACY CAPITAL ADVISORY FIC MULTIMERCADO;18/01/2022;1,41919607
LEGACY CAPITAL ADVISORY FIC MULTIMERCADO;19/01/2022;1,41999657
LEGACY CAPITAL ADVISORY FIC MULTIMERCADO;20/01/2022;1,42258962
LEGACY CAPITAL ADVISORY FIC MULTIMERCADO;21/01/2022;1,4165409
LEGACY CAPITAL ADVISORY FIC MULTIMERCADO;24/01/2022;1,41435515
LEGACY CAPITAL ADVISORY FIC MULTIMERCADO;25/01/2022;1,41599322
LEGACY CAPITAL ADVISORY FIC MULTIMERCADO;26/01/2022;1,41874626
LEGACY CAPITAL ADVISORY FIC MULTIMERCADO;27/01/2022;1,42215165
LEGACY CAPITAL ADVISORY FIC MULTIMERCADO;28/01/2022;1,42788947
LEGACY CAPITAL ADVISORY FIC MULTIMERCADO;31/01/2022;1,4234935
LEGACY CAPITAL ADVISORY FIC MULTIMERCADO;01/02/2022;1,42473206
LEGACY CAPITAL ADVISORY FIC MULTIMERCADO;02/02/2022;1,4243561
LEGACY CAPITAL ADVISORY FIC MULTIMERCADO;03/02/2022;1,43384902
LEGACY CAPITAL ADVISORY FIC MULTIMERCADO;04/02/2022;1,44773452
LEGACY CAPITAL ADVISORY FIC MULTIMERCADO;07/02/2022;1,44598895
LEGACY CAPITAL ADVISORY FIC MULTIMERCADO;08/02/2022;1,4447244
LEGACY CAPITAL ADVISORY FIC MULTIMERCADO;09/02/2022;1,43557788
LEGACY CAPITAL ADVISORY FIC MULTIMERCADO;10/02/2022;1,4525445
LEGACY CAPITAL ADVISORY FIC MULTIMERCADO;11/02/2022;1,45338808
LEGACY CAPITAL ADVISORY FIC MULTIMERCADO;14/02/2022;1,46024946
LEGACY CAPITAL ADVISORY FIC MULTIMERCADO;15/02/2022;1,4589544
LEGACY CAPITAL ADVISORY FIC MULTIMERCADO;16/02/2022;1,45788813
LEGACY CAPITAL ADVISORY FIC MULTIMERCADO;17/02/2022;1,45923983
LEGACY CAPITAL ADVISORY FIC MULTIMERCADO;18/02/2022;1,45848277
LEGACY CAPITAL ADVISORY FIC MULTIMERCADO;21/02/2022;1,46047879
LEGACY CAPITAL ADVISORY FIC MULTIMERCADO;22/02/2022;1,46726948
LEGACY CAPITAL ADVISORY FIC MULTIMERCADO;23/02/2022;1,47385747
LEGACY CAPITAL ADVISORY FIC MULTIMERCADO;24/02/2022;1,4768615
LEGACY CAPITAL ADVISORY FIC MULTIMERCADO;25/02/2022;1,47993632
LEGACY CAPITAL ADVISORY FIC MULTIMERCADO;02/03/2022;1,48185439
LEGACY CAPITAL ADVISORY FIC MULTIMERCADO;03/03/2022;1,48417006
LEGACY CAPITAL ADVISORY FIC MULTIMERCADO;04/03/2022;1,48704713
LEGACY CAPITAL ADVISORY FIC MULTIMERCADO;07/03/2022;1,50497001
LEGACY CAPITAL ADVISORY FIC MULTIMERCADO;08/03/2022;1,5197018
LEGACY CAPITAL ADVISORY FIC MULTIMERCADO;09/03/2022;1,52131454
LEGACY CAPITAL ADVISORY FIC MULTIMERCADO;10/03/2022;1,53083815
LEGACY CAPITAL ADVISORY FIC MULTIMERCADO;11/03/2022;1,53426543
LEGACY CAPITAL ADVISORY FIC MULTIMERCADO;14/03/2022;1,5365402
LEGACY CAPITAL ADVISORY FIC MULTIMERCADO;15/03/2022;1,53300523
LEGACY CAPITAL ADVISORY FIC MULTIMERCADO;16/03/2022;1,52971034
LEGACY CAPITAL ADVISORY FIC MULTIMERCADO;17/03/2022;1,54267837
LEGACY CAPITAL ADVISORY FIC MULTIMERCADO;18/03/2022;1,54068042
LEGACY CAPITAL ADVISORY FIC MULTIMERCADO;21/03/2022;1,5553411
LEGACY CAPITAL ADVISORY FIC MULTIMERCADO;22/03/2022;1,55568295
LEGACY CAPITAL ADVISORY FIC MULTIMERCADO;23/03/2022;1,5601994
LEGACY CAPITAL ADVISORY FIC MULTIMERCADO;24/03/2022;1,56167837
LEGACY CAPITAL ADVISORY FIC MULTIMERCADO;25/03/2022;1,56842071
LEGACY CAPITAL ADVISORY FIC MULTIMERCADO;28/03/2022;1,56053065
LEGACY CAPITAL ADVISORY FIC MULTIMERCADO;29/03/2022;1,55401541
LEGACY CAPITAL ADVISORY FIC MULTIMERCADO;30/03/2022;1,55813625
LEGACY CAPITAL ADVISORY FIC MULTIMERCADO;31/03/2022;1,55391322
LEGACY CAPITAL ADVISORY FIC MULTIMERCADO;01/04/2022;1,5549486
LEGACY CAPITAL ADVISORY FIC MULTIMERCADO;04/04/2022;1,55408286
LEGACY CAPITAL ADVISORY FIC MULTIMERCADO;05/04/2022;1,56683422
LEGACY CAPITAL ADVISORY FIC MULTIMERCADO;06/04/2022;1,56970685
LEGACY CAPITAL ADVISORY FIC MULTIMERCADO;07/04/2022;1,57547757
LEGACY CAPITAL ADVISORY FIC MULTIMERCADO;08/04/2022;1,5854366
LEGACY CAPITAL ADVISORY FIC MULTIMERCADO;11/04/2022;1,58815815
LEGACY CAPITAL ADVISORY FIC MULTIMERCADO;12/04/2022;1,59293164
LEGACY CAPITAL ADVISORY FIC MULTIMERCADO;13/04/2022;1,59371323
LEGACY CAPITAL ADVISORY FIC MULTIMERCADO;14/04/2022;1,60432487
LEGACY CAPITAL ADVISORY FIC MULTIMERCADO;18/04/2022;1,61109347
LEGACY CAPITAL ADVISORY FIC MULTIMERCADO;19/04/2022;1,61194427
LEGACY CAPITAL ADVISORY FIC MULTIMERCADO;20/04/2022;1,61863025
LEGACY CAPITAL ADVISORY FIC MULTIMERCADO;22/04/2022;1,62030325
LEGACY CAPITAL ADVISORY FIC MULTIMERCADO;25/04/2022;1,61721669
LEGACY CAPITAL ADVISORY FIC MULTIMERCADO;26/04/2022;1,61792424
LEGACY CAPITAL ADVISORY FIC MULTIMERCADO;27/04/2022;1,62409502
LEGACY CAPITAL ADVISORY FIC MULTIMERCADO;28/04/2022;1,62796343
LEGACY CAPITAL ADVISORY FIC MULTIMERCADO;29/04/2022;1,634208
LEGACY CAPITAL ADVISORY FIC MULTIMERCADO;02/05/2022;1,63389924
LEGACY CAPITAL ADVISORY FIC MULTIMERCADO;03/05/2022;1,63842324
LEGACY CAPITAL ADVISORY FIC MULTIMERCADO;04/05/2022;1,64791477
LEGACY CAPITAL ADVISORY FIC MULTIMERCADO;05/05/2022;1,64607188
LEGACY CAPITAL ADVISORY FIC MULTIMERCADO;06/05/2022;1,65228837
LEGACY CAPITAL ADVISORY FIC MULTIMERCADO;09/05/2022;1,63996726
LEGACY CAPITAL ADVISORY FIC MULTIMERCADO;10/05/2022;1,63656855
LEGACY CAPITAL ADVISORY FIC MULTIMERCADO;11/05/2022;1,64140989
LEGACY CAPITAL ADVISORY FIC MULTIMERCADO;12/05/2022;1,63766606
LEGACY CAPITAL ADVISORY FIC MULTIMERCADO;13/05/2022;1,64862372
LEGACY CAPITAL ADVISORY FIC MULTIMERCADO;16/05/2022;1,65216853
LEGACY CAPITAL ADVISORY FIC MULTIMERCADO;17/05/2022;1,65391777
LEGACY CAPITAL ADVISORY FIC MULTIMERCADO;18/05/2022;1,64555145
LEGACY CAPITAL ADVISORY FIC MULTIMERCADO;19/05/2022;1,64683927
LEGACY CAPITAL ADVISORY FIC MULTIMERCADO;20/05/2022;1,64683519
LEGACY CAPITAL ADVISORY FIC MULTIMERCADO;23/05/2022;1,65010835
LEGACY CAPITAL ADVISORY FIC MULTIMERCADO;24/05/2022;1,64441358
LEGACY CAPITAL ADVISORY FIC MULTIMERCADO;25/05/2022;1,64650522
LEGACY CAPITAL ADVISORY FIC MULTIMERCADO;26/05/2022;1,64597565
LEGACY CAPITAL ADVISORY FIC MULTIMERCADO;27/05/2022;1,64883866
LEGACY CAPITAL ADVISORY FIC MULTIMERCADO;30/05/2022;1,65220732
LEGACY CAPITAL ADVISORY FIC MULTIMERCADO;31/05/2022;1,6547
LEGACY CAPITAL ADVISORY FIC MULTIMERCADO;01/06/2022;1,66471702
LEGACY CAPITAL ADVISORY FIC MULTIMERCADO;02/06/2022;1,66773483
LEGACY CAPITAL ADVISORY FIC MULTIMERCADO;03/06/2022;1,67417429
LEGACY CAPITAL ADVISORY FIC MULTIMERCADO;06/06/2022;1,67976943
LEGACY CAPITAL ADVISORY FIC MULTIMERCADO;07/06/2022;1,67733874
LEGACY CAPITAL ADVISORY FIC MULTIMERCADO;08/06/2022;1,68248488
LEGACY CAPITAL ADVISORY FIC MULTIMERCADO;09/06/2022;1,68614329
LEGACY CAPITAL ADVISORY FIC MULTIMERCADO;10/06/2022;1,68897561
LEGACY CAPITAL ADVISORY FIC MULTIMERCADO;13/06/2022;1,68137019
LEGACY CAPITAL ADVISORY FIC MULTIMERCADO;14/06/2022;1,6692619
LEGACY CAPITAL ADVISORY FIC MULTIMERCADO;15/06/2022;1,67002199
LEGACY CAPITAL ADVISORY FIC MULTIMERCADO;17/06/2022;1,66480499
LEGACY CAPITAL ADVISORY FIC MULTIMERCADO;20/06/2022;1,66492683
LEGACY CAPITAL ADVISORY FIC MULTIMERCADO;21/06/2022;1,66243738
LEGACY CAPITAL ADVISORY FIC MULTIMERCADO;22/06/2022;1,6571141
LEGACY CAPITAL ADVISORY FIC MULTIMERCADO;23/06/2022;1,65524766
LEGACY CAPITAL ADVISORY FIC MULTIMERCADO;24/06/2022;1,65885809
LEGACY CAPITAL ADVISORY FIC MULTIMERCADO;27/06/2022;1,65585327
LEGACY CAPITAL ADVISORY FIC MULTIMERCADO;28/06/2022;1,65776236
LEGACY CAPITAL ADVISORY FIC MULTIMERCADO;29/06/2022;1,66008578
LEGACY CAPITAL ADVISORY FIC MULTIMERCADO;30/06/2022;1,66167876
LEGACY CAPITAL ADVISORY FIC MULTIMERCADO;01/07/2022;1,65079642
LEGACY CAPITAL ADVISORY FIC MULTIMERCADO;04/07/2022;1,64788768
LEGACY CAPITAL ADVISORY FIC MULTIMERCADO;05/07/2022;1,63543455
LEGACY CAPITAL ADVISORY FIC MULTIMERCADO;06/07/2022;1,63366366
LEGACY CAPITAL ADVISORY FIC MULTIMERCADO;07/07/2022;1,63774702
LEGACY CAPITAL ADVISORY FIC MULTIMERCADO;08/07/2022;1,6413196
LEGACY CAPITAL ADVISORY FIC MULTIMERCADO;11/07/2022;1,63218977
LEGACY CAPITAL ADVISORY FIC MULTIMERCADO;12/07/2022;1,63009608
LEGACY CAPITAL ADVISORY FIC MULTIMERCADO;13/07/2022;1,63163475
LEGACY CAPITAL ADVISORY FIC MULTIMERCADO;14/07/2022;1,62780702
LEGACY CAPITAL ADVISORY FIC MULTIMERCADO;15/07/2022;1,63617977
LEGACY CAPITAL ADVISORY FIC MULTIMERCADO;18/07/2022;1,63890347
LEGACY CAPITAL ADVISORY FIC MULTIMERCADO;19/07/2022;1,63999832
LEGACY CAPITAL ADVISORY FIC MULTIMERCADO;20/07/2022;1,6472241
LEGACY CAPITAL ADVISORY FIC MULTIMERCADO;21/07/2022;1,64260537
LEGACY CAPITAL ADVISORY FIC MULTIMERCADO;22/07/2022;1,6435373
LEGACY CAPITAL ADVISORY FIC MULTIMERCADO;25/07/2022;1,64914605
LEGACY CAPITAL ADVISORY FIC MULTIMERCADO;26/07/2022;1,65053652
LEGACY CAPITAL ADVISORY FIC MULTIMERCADO;27/07/2022;1,65285823
LEGACY CAPITAL ADVISORY FIC MULTIMERCADO;28/07/2022;1,65179163
LEGACY CAPITAL ADVISORY FIC MULTIMERCADO;29/07/2022;1,65725249
LEGACY CAPITAL ADVISORY FIC MULTIMERCADO;01/08/2022;1,65576346
LEGACY CAPITAL ADVISORY FIC MULTIMERCADO;02/08/2022;1,65867221
LEGACY CAPITAL ADVISORY FIC MULTIMERCADO;03/08/2022;1,6531003
LEGACY CAPITAL ADVISORY FIC MULTIMERCADO;04/08/2022;1,65335406
LEGACY CAPITAL ADVISORY FIC MULTIMERCADO;05/08/2022;1,655511
LEGACY CAPITAL ADVISORY FIC MULTIMERCADO;08/08/2022;1,64624867
LEGACY CAPITAL ADVISORY FIC MULTIMERCADO;09/08/2022;1,6487704
LEGACY CAPITAL ADVISORY FIC MULTIMERCADO;10/08/2022;1,64191434
LEGACY CAPITAL ADVISORY FIC MULTIMERCADO;11/08/2022;1,64610605
LEGACY CAPITAL ADVISORY FIC MULTIMERCADO;12/08/2022;1,64493042
LEGACY CAPITAL ADVISORY FIC MULTIMERCADO;15/08/2022;1,63680779
LEGACY CAPITAL ADVISORY FIC MULTIMERCADO;16/08/2022;1,63782296
LEGACY CAPITAL ADVISORY FIC MULTIMERCADO;17/08/2022;1,63980646
LEGACY CAPITAL ADVISORY FIC MULTIMERCADO;18/08/2022;1,6323908
LEGACY CAPITAL ADVISORY FIC MULTIMERCADO;19/08/2022;1,63208873
LEGACY CAPITAL ADVISORY FIC MULTIMERCADO;22/08/2022;1,64052155
LEGACY CAPITAL ADVISORY FIC MULTIMERCADO;23/08/2022;1,64029799
LEGACY CAPITAL ADVISORY FIC MULTIMERCADO;24/08/2022;1,64410622
LEGACY CAPITAL ADVISORY FIC MULTIMERCADO;25/08/2022;1,63904105
LEGACY CAPITAL ADVISORY FIC MULTIMERCADO;26/08/2022;1,64873512
LEGACY CAPITAL ADVISORY FIC MULTIMERCADO;29/08/2022;1,65086692
LEGACY CAPITAL ADVISORY FIC MULTIMERCADO;30/08/2022;1,65750692
LEGACY CAPITAL ADVISORY FIC MULTIMERCADO;31/08/2022;1,66579087
LEGACY CAPITAL ADVISORY FIC MULTIMERCADO;01/09/2022;1,66735882
LEGACY CAPITAL ADVISORY FIC MULTIMERCADO;02/09/2022;1,66970656
LEGACY CAPITAL ADVISORY FIC MULTIMERCADO;05/09/2022;1,66936099
LEGACY CAPITAL ADVISORY FIC MULTIMERCADO;06/09/2022;1,65445856
LEGACY CAPITAL ADVISORY FIC MULTIMERCADO;08/09/2022;1,65472792
LEGACY CAPITAL ADVISORY FIC MULTIMERCADO;09/09/2022;1,66008385
LEGACY CAPITAL ADVISORY FIC MULTIMERCADO;12/09/2022;1,65567042
LEGACY CAPITAL ADVISORY FIC MULTIMERCADO;13/09/2022;1,65508332
LEGACY CAPITAL ADVISORY FIC MULTIMERCADO;14/09/2022;1,66301684
LEGACY CAPITAL ADVISORY FIC MULTIMERCADO;15/09/2022;1,66163231
LEGACY CAPITAL ADVISORY FIC MULTIMERCADO;16/09/2022;1,65952379
LEGACY CAPITAL ADVISORY FIC MULTIMERCADO;19/09/2022;1,65908049
LEGACY CAPITAL ADVISORY FIC MULTIMERCADO;20/09/2022;1,65951482
LEGACY CAPITAL ADVISORY FIC MULTIMERCADO;21/09/2022;1,6673472
LEGACY CAPITAL ADVISORY FIC MULTIMERCADO;22/09/2022;1,68440474
LEGACY CAPITAL ADVISORY FIC MULTIMERCADO;23/09/2022;1,68463822
LEGACY CAPITAL ADVISORY FIC MULTIMERCADO;26/09/2022;1,67788798
LEGACY CAPITAL ADVISORY FIC MULTIMERCADO;27/09/2022;1,682603
LEGACY CAPITAL ADVISORY FIC MULTIMERCADO;28/09/2022;1,68516747
LEGACY CAPITAL ADVISORY FIC MULTIMERCADO;29/09/2022;1,68935255
LEGACY CAPITAL ADVISORY FIC MULTIMERCADO;30/09/2022;1,69727405
LEGACY CAPITAL ADVISORY FIC MULTIMERCADO;03/10/2022;1,71159576
LEGACY CAPITAL ADVISORY FIC MULTIMERCADO;04/10/2022;1,7047293
LEGACY CAPITAL ADVISORY FIC MULTIMERCADO;05/10/2022;1,70992427
LEGACY CAPITAL ADVISORY FIC MULTIMERCADO;06/10/2022;1,71523424
LEGACY CAPITAL ADVISORY FIC MULTIMERCADO;07/10/2022;1,726096
LEGACY CAPITAL ADVISORY FIC MULTIMERCADO;10/10/2022;1,7296897
LEGACY CAPITAL ADVISORY FIC MULTIMERCADO;11/10/2022;1,72696452
LEGACY CAPITAL ADVISORY FIC MULTIMERCADO;13/10/2022;1,72591175
LEGACY CAPITAL ADVISORY FIC MULTIMERCADO;14/10/2022;1,72783741
LEGACY CAPITAL ADVISORY FIC MULTIMERCADO;17/10/2022;1,72639994
LEGACY CAPITAL ADVISORY FIC MULTIMERCADO;18/10/2022;1,72179412
LEGACY CAPITAL ADVISORY FIC MULTIMERCADO;19/10/2022;1,72753996
LEGACY CAPITAL ADVISORY FIC MULTIMERCADO;20/10/2022;1,73837813
LEGACY CAPITAL ADVISORY FIC MULTIMERCADO;21/10/2022;1,74241869
LEGACY CAPITAL ADVISORY FIC MULTIMERCADO;24/10/2022;1,72500925
LEGACY CAPITAL ADVISORY FIC MULTIMERCADO;25/10/2022;1,71076312
LEGACY CAPITAL ADVISORY FIC MULTIMERCADO;26/10/2022;1,70528959
LEGACY CAPITAL ADVISORY FIC MULTIMERCADO;27/10/2022;1,70053665
LEGACY CAPITAL ADVISORY FIC MULTIMERCADO;28/10/2022;1,69866541
LEGACY CAPITAL ADVISORY FIC MULTIMERCADO;31/10/2022;1,69719788
LEGACY CAPITAL ADVISORY FIC MULTIMERCADO;01/11/2022;1,69995822
LEGACY CAPITAL ADVISORY FIC MULTIMERCADO;03/11/2022;1,70574562
LEGACY CAPITAL ADVISORY FIC MULTIMERCADO;04/11/2022;1,71454574
LEGACY CAPITAL ADVISORY FIC MULTIMERCADO;07/11/2022;1,71392083
LEGACY CAPITAL ADVISORY FIC MULTIMERCADO;08/11/2022;1,70964684
LEGACY CAPITAL ADVISORY FIC MULTIMERCADO;09/11/2022;1,71217929
LEGACY CAPITAL ADVISORY FIC MULTIMERCADO;10/11/2022;1,71027406
LEGACY CAPITAL ADVISORY FIC MULTIMERCADO;11/11/2022;1,70042749
LEGACY CAPITAL ADVISORY FIC MULTIMERCADO;14/11/2022;1,7023498
LEGACY CAPITAL ADVISORY FIC MULTIMERCADO;16/11/2022;1,6989342
LEGACY CAPITAL ADVISORY FIC MULTIMERCADO;17/11/2022;1,69622205
LEGACY CAPITAL ADVISORY FIC MULTIMERCADO;18/11/2022;1,69434575
LEGACY CAPITAL ADVISORY FIC MULTIMERCADO;21/11/2022;1,69215716
LEGACY CAPITAL ADVISORY FIC MULTIMERCADO;22/11/2022;1,692045
LEGACY CAPITAL ADVISORY FIC MULTIMERCADO;23/11/2022;1,68804741
LEGACY CAPITAL ADVISORY FIC MULTIMERCADO;24/11/2022;1,68290994
LEGACY CAPITAL ADVISORY FIC MULTIMERCADO;25/11/2022;1,68942693
LEGACY CAPITAL ADVISORY FIC MULTIMERCADO;28/11/2022;1,69720467
LEGACY CAPITAL ADVISORY FIC MULTIMERCADO;29/11/2022;1,70033987
LEGACY CAPITAL ADVISORY FIC MULTIMERCADO;30/11/2022;1,69278786
LEGACY CAPITAL ADVISORY FIC MULTIMERCADO;01/12/2022;1,69848209
LEGACY CAPITAL ADVISORY FIC MULTIMERCADO;02/12/2022;1,69707332
LEGACY CAPITAL ADVISORY FIC MULTIMERCADO;05/12/2022;1,69967369
LEGACY CAPITAL ADVISORY FIC MULTIMERCADO;06/12/2022;1,6952552
LEGACY CAPITAL ADVISORY FIC MULTIMERCADO;07/12/2022;1,69890093
LEGACY CAPITAL ADVISORY FIC MULTIMERCADO;08/12/2022;1,69916018
LEGACY CAPITAL ADVISORY FIC MULTIMERCADO;09/12/2022;1,70468118
LEGACY CAPITAL ADVISORY FIC MULTIMERCADO;12/12/2022;1,7055559
LEGACY CAPITAL ADVISORY FIC MULTIMERCADO;13/12/2022;1,71036662
LEGACY CAPITAL ADVISORY FIC MULTIMERCADO;14/12/2022;1,70960135
LEGACY CAPITAL ADVISORY FIC MULTIMERCADO;15/12/2022;1,71590126
LEGACY CAPITAL ADVISORY FIC MULTIMERCADO;16/12/2022;1,71776767
LEGACY CAPITAL ADVISORY FIC MULTIMERCADO;19/12/2022;1,71427721
LEGACY CAPITAL ADVISORY FIC MULTIMERCADO;20/12/2022;1,71016655
LEGACY CAPITAL ADVISORY FIC MULTIMERCADO;21/12/2022;1,71241758
LEGACY CAPITAL ADVISORY FIC MULTIMERCADO;22/12/2022;1,71518164
LEGACY CAPITAL ADVISORY FIC MULTIMERCADO;23/12/2022;1,71588153
LEGACY CAPITAL ADVISORY FIC MULTIMERCADO;26/12/2022;1,72055851
LEGACY CAPITAL ADVISORY FIC MULTIMERCADO;27/12/2022;1,72495547
LEGACY CAPITAL ADVISORY FIC MULTIMERCADO;28/12/2022;1,72509612
LEGACY CAPITAL ADVISORY FIC MULTIMERCADO;29/12/2022;1,72605125
LEGACY CAPITAL ADVISORY FIC MULTIMERCADO;30/12/2022;1,73344604
LEGACY CAPITAL ADVISORY FIC MULTIMERCADO;02/01/2023;1,73903762
LEGACY CAPITAL ADVISORY FIC MULTIMERCADO;03/01/2023;1,74271808
LEGACY CAPITAL ADVISORY FIC MULTIMERCADO;04/01/2023;1,73324929
LEGACY CAPITAL ADVISORY FIC MULTIMERCADO;05/01/2023;1,72715936
LEGACY CAPITAL ADVISORY FIC MULTIMERCADO;06/01/2023;1,71668343
LEGACY CAPITAL ADVISORY FIC MULTIMERCADO;09/01/2023;1,72201298
LEGACY CAPITAL ADVISORY FIC MULTIMERCADO;10/01/2023;1,72037163
LEGACY CAPITAL ADVISORY FIC MULTIMERCADO;11/01/2023;1,72083205
LEGACY CAPITAL ADVISORY FIC MULTIMERCADO;12/01/2023;1,72644863
LEGACY CAPITAL ADVISORY FIC MULTIMERCADO;13/01/2023;1,73240444
LEGACY CAPITAL ADVISORY FIC MULTIMERCADO;16/01/2023;1,73701159
LEGACY CAPITAL ADVISORY FIC MULTIMERCADO;17/01/2023;1,73697179
LEGACY CAPITAL ADVISORY FIC MULTIMERCADO;18/01/2023;1,73617713
LEGACY CAPITAL ADVISORY FIC MULTIMERCADO;19/01/2023;1,73602742
LEGACY CAPITAL ADVISORY FIC MULTIMERCADO;20/01/2023;1,74147024
LEGACY CAPITAL ADVISORY FIC MULTIMERCADO;23/01/2023;1,74273771
LEGACY CAPITAL ADVISORY FIC MULTIMERCADO;24/01/2023;1,73493849
LEGACY CAPITAL ADVISORY FIC MULTIMERCADO;25/01/2023;1,73423113
LEGACY CAPITAL ADVISORY FIC MULTIMERCADO;26/01/2023;1,73683545
LEGACY CAPITAL ADVISORY FIC MULTIMERCADO;27/01/2023;1,74251379
LEGACY CAPITAL ADVISORY FIC MULTIMERCADO;30/01/2023;1,74100304
LEGACY CAPITAL ADVISORY FIC MULTIMERCADO;31/01/2023;1,73562668
LEGACY CAPITAL ADVISORY FIC MULTIMERCADO;01/02/2023;1,73594479
LEGACY CAPITAL ADVISORY FIC MULTIMERCADO;02/02/2023;1,74949006
LEGACY CAPITAL ADVISORY FIC MULTIMERCADO;03/02/2023;1,74667483
LEGACY CAPITAL ADVISORY FIC MULTIMERCADO;06/02/2023;1,746205
LEGACY CAPITAL ADVISORY FIC MULTIMERCADO;07/02/2023;1,75241051
LEGACY CAPITAL ADVISORY FIC MULTIMERCADO;08/02/2023;1,74662645
LEGACY CAPITAL ADVISORY FIC MULTIMERCADO;09/02/2023;1,74445925
LEGACY CAPITAL ADVISORY FIC MULTIMERCADO;10/02/2023;1,74707108
LEGACY CAPITAL ADVISORY FIC MULTIMERCADO;13/02/2023;1,74023271
LEGACY CAPITAL ADVISORY FIC MULTIMERCADO;14/02/2023;1,74319106
LEGACY CAPITAL ADVISORY FIC MULTIMERCADO;15/02/2023;1,73968677
LEGACY CAPITAL ADVISORY FIC MULTIMERCADO;16/02/2023;1,74087504
LEGACY CAPITAL ADVISORY FIC MULTIMERCADO;17/02/2023;1,73956631
LEGACY CAPITAL ADVISORY FIC MULTIMERCADO;22/02/2023;1,74504328
LEGACY CAPITAL ADVISORY FIC MULTIMERCADO;23/02/2023;1,74199721
LEGACY CAPITAL ADVISORY FIC MULTIMERCADO;24/02/2023;1,7506454
LEGACY CAPITAL ADVISORY FIC MULTIMERCADO;27/02/2023;1,74702786
LEGACY CAPITAL ADVISORY FIC MULTIMERCADO;28/02/2023;1,75604889
LEGACY CAPITAL ADVISORY FIC MULTIMERCADO;01/03/2023;1,7609884
LEGACY CAPITAL ADVISORY FIC MULTIMERCADO;02/03/2023;1,76053701
LEGACY CAPITAL ADVISORY FIC MULTIMERCADO;03/03/2023;1,75698412
LEGACY CAPITAL ADVISORY FIC MULTIMERCADO;06/03/2023;1,75626404
LEGACY CAPITAL ADVISORY FIC MULTIMERCADO;07/03/2023;1,76236497
LEGACY CAPITAL ADVISORY FIC MULTIMERCADO;08/03/2023;1,75666074
LEGACY CAPITAL ADVISORY FIC MULTIMERCADO;09/03/2023;1,75317007
LEGACY CAPITAL ADVISORY FIC MULTIMERCADO;10/03/2023;1,75622897
LEGACY CAPITAL ADVISORY FIC MULTIMERCADO;13/03/2023;1,74295854
LEGACY CAPITAL ADVISORY FIC MULTIMERCADO;14/03/2023;1,74978292
LEGACY CAPITAL ADVISORY FIC MULTIMERCADO;15/03/2023;1,74985079
LEGACY CAPITAL ADVISORY FIC MULTIMERCADO;16/03/2023;1,74725806
LEGACY CAPITAL ADVISORY FIC MULTIMERCADO;17/03/2023;1,74880198
LEGACY CAPITAL ADVISORY FIC MULTIMERCADO;20/03/2023;1,75229868
LEGACY CAPITAL ADVISORY FIC MULTIMERCADO;21/03/2023;1,75157468
LEGACY CAPITAL ADVISORY FIC MULTIMERCADO;22/03/2023;1,75479278
LEGACY CAPITAL ADVISORY FIC MULTIMERCADO;23/03/2023;1,75921074
LEGACY CAPITAL ADVISORY FIC MULTIMERCADO;24/03/2023;1,76440323
LEGACY CAPITAL ADVISORY FIC MULTIMERCADO;27/03/2023;1,76471161
LEGACY CAPITAL ADVISORY FIC MULTIMERCADO;28/03/2023;1,76126924
LEGACY CAPITAL ADVISORY FIC MULTIMERCADO;29/03/2023;1,75279245
LEGACY CAPITAL ADVISORY FIC MULTIMERCADO;30/03/2023;1,75176056
LEGACY CAPITAL ADVISORY FIC MULTIMERCADO;31/03/2023;1,75388084
LEGACY CAPITAL ADVISORY FIC MULTIMERCADO;03/04/2023;1,75525329
LEGACY CAPITAL ADVISORY FIC MULTIMERCADO;04/04/2023;1,76024808
LEGACY CAPITAL ADVISORY FIC MULTIMERCADO;05/04/2023;1,75737441
LEGACY CAPITAL ADVISORY FIC MULTIMERCADO;06/04/2023;1,75770137
LEGACY CAPITAL ADVISORY FIC MULTIMERCADO;10/04/2023;1,75605176
LEGACY CAPITAL ADVISORY FIC MULTIMERCADO;11/04/2023;1,75197592
LEGACY CAPITAL ADVISORY FIC MULTIMERCADO;12/04/2023;1,75484749
LEGACY CAPITAL ADVISORY FIC MULTIMERCADO;13/04/2023;1,75634035
LEGACY CAPITAL ADVISORY FIC MULTIMERCADO;14/04/2023;1,75282084
LEGACY CAPITAL ADVISORY FIC MULTIMERCADO;17/04/2023;1,74756816
LEGACY CAPITAL ADVISORY FIC MULTIMERCADO;18/04/2023;1,75030545
LEGACY CAPITAL ADVISORY FIC MULTIMERCADO;19/04/2023;1,74890681
LEGACY CAPITAL ADVISORY FIC MULTIMERCADO;20/04/2023;1,75360722
LEGACY CAPITAL ADVISORY FIC MULTIMERCADO;24/04/2023;1,7585573
LEGACY CAPITAL ADVISORY FIC MULTIMERCADO;25/04/2023;1,76530986
LEGACY CAPITAL ADVISORY FIC MULTIMERCADO;26/04/2023;1,76807927
LEGACY CAPITAL ADVISORY FIC MULTIMERCADO;27/04/2023;1,7558894
LEGACY CAPITAL ADVISORY FIC MULTIMERCADO;28/04/2023;1,74676224
LEGACY CAPITAL ADVISORY FIC MULTIMERCADO;02/05/2023;1,75414719
LEGACY CAPITAL ADVISORY FIC MULTIMERCADO;03/05/2023;1,76066586
LEGACY CAPITAL ADVISORY FIC MULTIMERCADO;04/05/2023;1,77331344
LEGACY CAPITAL ADVISORY FIC MULTIMERCADO;05/05/2023;1,76814851
LEGACY CAPITAL ADVISORY FIC MULTIMERCADO;08/05/2023;1,76773433
LEGACY CAPITAL ADVISORY FIC MULTIMERCADO;09/05/2023;1,76486193
LEGACY CAPITAL ADVISORY FIC MULTIMERCADO;10/05/2023;1,76939287
LEGACY CAPITAL ADVISORY FIC MULTIMERCADO;11/05/2023;1,77315633
LEGACY CAPITAL ADVISORY FIC MULTIMERCADO;12/05/2023;1,77547372
LEGACY CAPITAL ADVISORY FIC MULTIMERCADO;15/05/2023;1,77810589
LEGACY CAPITAL ADVISORY FIC MULTIMERCADO;16/05/2023;1,77622421
LEGACY CAPITAL ADVISORY FIC MULTIMERCADO;17/05/2023;1,76963008
LEGACY CAPITAL ADVISORY FIC MULTIMERCADO;18/05/2023;1,76265804
LEGACY CAPITAL ADVISORY FIC MULTIMERCADO;19/05/2023;1,76505836
LEGACY CAPITAL ADVISORY FIC MULTIMERCADO;22/05/2023;1,76452218
LEGACY CAPITAL ADVISORY FIC MULTIMERCADO;23/05/2023;1,76789205
LEGACY CAPITAL ADVISORY FIC MULTIMERCADO;24/05/2023;1,77480496
LEGACY CAPITAL ADVISORY FIC MULTIMERCADO;25/05/2023;1,76870822
LEGACY CAPITAL ADVISORY FIC MULTIMERCADO;26/05/2023;1,76928583
LEGACY CAPITAL ADVISORY FIC MULTIMERCADO;29/05/2023;1,76796073
LEGACY CAPITAL ADVISORY FIC MULTIMERCADO;30/05/2023;1,77602426
LEGACY CAPITAL ADVISORY FIC MULTIMERCADO;31/05/2023;1,78325845
LEGACY CAPITAL ADVISORY FIC MULTIMERCADO;01/06/2023;1,78081689
LEGACY CAPITAL ADVISORY FIC MULTIMERCADO;02/06/2023;1,77392006
LEGACY CAPITAL ADVISORY FIC MULTIMERCADO;05/06/2023;1,77827908
LEGACY CAPITAL ADVISORY FIC MULTIMERCADO;06/06/2023;1,77685075
LEGACY CAPITAL ADVISORY FIC MULTIMERCADO;07/06/2023;1,77551942
LEGACY CAPITAL ADVISORY FIC MULTIMERCADO;09/06/2023;1,78120093
LEGACY CAPITAL ADVISORY FIC MULTIMERCADO;12/06/2023;1,7816114
LEGACY CAPITAL ADVISORY FIC MULTIMERCADO;13/06/2023;1,77743363
LEGACY CAPITAL ADVISORY FIC MULTIMERCADO;14/06/2023;1,77692889
LEGACY CAPITAL ADVISORY FIC MULTIMERCADO;15/06/2023;1,77764904
LEGACY CAPITAL ADVISORY FIC MULTIMERCADO;16/06/2023;1,77781735
LEGACY CAPITAL ADVISORY FIC MULTIMERCADO;19/06/2023;1,77700114
LEGACY CAPITAL ADVISORY FIC MULTIMERCADO;20/06/2023;1,78165265
LEGACY CAPITAL ADVISORY FIC MULTIMERCADO;21/06/2023;1,78388316
LEGACY CAPITAL ADVISORY FIC MULTIMERCADO;22/06/2023;1,78572993
LEGACY CAPITAL ADVISORY FIC MULTIMERCADO;23/06/2023;1,79269428
LEGACY CAPITAL ADVISORY FIC MULTIMERCADO;26/06/2023;1,79821913
LEGACY CAPITAL ADVISORY FIC MULTIMERCADO;27/06/2023;1,79248169
LEGACY CAPITAL ADVISORY FIC MULTIMERCADO;28/06/2023;1,79429435
LEGACY CAPITAL ADVISORY FIC MULTIMERCADO;29/06/2023;1,78803359
LEGACY CAPITAL ADVISORY FIC MULTIMERCADO;30/06/2023;1,78900769
LEGACY CAPITAL ADVISORY FIC MULTIMERCADO;03/07/2023;1,78952943
LEGACY CAPITAL ADVISORY FIC MULTIMERCADO;04/07/2023;1,78913139
LEGACY CAPITAL ADVISORY FIC MULTIMERCADO;05/07/2023;1,79044152
LEGACY CAPITAL ADVISORY FIC MULTIMERCADO;06/07/2023;1,78454598
LEGACY CAPITAL ADVISORY FIC MULTIMERCADO;07/07/2023;1,78897531
LEGACY CAPITAL ADVISORY FIC MULTIMERCADO;10/07/2023;1,78894248
LEGACY CAPITAL ADVISORY FIC MULTIMERCADO;11/07/2023;1,78797906
LEGACY CAPITAL ADVISORY FIC MULTIMERCADO;12/07/2023;1,79630164
LEGACY CAPITAL ADVISORY FIC MULTIMERCADO;13/07/2023;1,79592614
LEGACY CAPITAL ADVISORY FIC MULTIMERCADO;14/07/2023;1,79553877
LEGACY CAPITAL ADVISORY FIC MULTIMERCADO;17/07/2023;1,80099647
LEGACY CAPITAL ADVISORY FIC MULTIMERCADO;18/07/2023;1,80391627
LEGACY CAPITAL ADVISORY FIC MULTIMERCADO;19/07/2023;1,80294266
LEGACY CAPITAL ADVISORY FIC MULTIMERCADO;20/07/2023;1,80050104
LEGACY CAPITAL ADVISORY FIC MULTIMERCADO;21/07/2023;1,80597074
LEGACY CAPITAL ADVISORY FIC MULTIMERCADO;24/07/2023;1,80827992
LEGACY CAPITAL ADVISORY FIC MULTIMERCADO;25/07/2023;1,80854115
LEGACY CAPITAL ADVISORY FIC MULTIMERCADO;26/07/2023;1,81062583
LEGACY CAPITAL ADVISORY FIC MULTIMERCADO;27/07/2023;1,80931763
LEGACY CAPITAL ADVISORY FIC MULTIMERCADO;28/07/2023;1,81283018
LEGACY CAPITAL ADVISORY FIC MULTIMERCADO;31/07/2023;1,82095088
LEGACY CAPITAL ADVISORY FIC MULTIMERCADO;01/08/2023;1,81813183
LEGACY CAPITAL ADVISORY FIC MULTIMERCADO;02/08/2023;1,81956371
LEGACY CAPITAL ADVISORY FIC MULTIMERCADO;03/08/2023;1,82665629
LEGACY CAPITAL ADVISORY FIC MULTIMERCADO;04/08/2023;1,8297515
LEGACY CAPITAL ADVISORY FIC MULTIMERCADO;07/08/2023;1,82671897
LEGACY CAPITAL ADVISORY FIC MULTIMERCADO;08/08/2023;1,83050777
LEGACY CAPITAL ADVISORY FIC MULTIMERCADO;09/08/2023;1,83387567
LEGACY CAPITAL ADVISORY FIC MULTIMERCADO;10/08/2023;1,83686746
LEGACY CAPITAL ADVISORY FIC MULTIMERCADO;11/08/2023;1,8384243
LEGACY CAPITAL ADVISORY FIC MULTIMERCADO;14/08/2023;1,8314605
LEGACY CAPITAL ADVISORY FIC MULTIMERCADO;15/08/2023;1,83094822
LEGACY CAPITAL ADVISORY FIC MULTIMERCADO;16/08/2023;1,83212275
LEGACY CAPITAL ADVISORY FIC MULTIMERCADO;17/08/2023;1,82875536
LEGACY CAPITAL ADVISORY FIC MULTIMERCADO;18/08/2023;1,82845529
LEGACY CAPITAL ADVISORY FIC MULTIMERCADO;21/08/2023;1,82546315
LEGACY CAPITAL ADVISORY FIC MULTIMERCADO;22/08/2023;1,82889685
LEGACY CAPITAL ADVISORY FIC MULTIMERCADO;23/08/2023;1,83488706
LEGACY CAPITAL ADVISORY FIC MULTIMERCADO;24/08/2023;1,8356853
LEGACY CAPITAL ADVISORY FIC MULTIMERCADO;25/08/2023;1,83133394
LEGACY CAPITAL ADVISORY FIC MULTIMERCADO;28/08/2023;1,82964782
LEGACY CAPITAL ADVISORY FIC MULTIMERCADO;29/08/2023;1,83158264
LEGACY CAPITAL ADVISORY FIC MULTIMERCADO;30/08/2023;1,83102212
LEGACY CAPITAL ADVISORY FIC MULTIMERCADO;31/08/2023;1,82131825
LEGACY CAPITAL ADVISORY FIC MULTIMERCADO;01/09/2023;1,82134567
LEGACY CAPITAL ADVISORY FIC MULTIMERCADO;04/09/2023;1,82025854
LEGACY CAPITAL ADVISORY FIC MULTIMERCADO;05/09/2023;1,81310288
LEGACY CAPITAL ADVISORY FIC MULTIMERCADO;06/09/2023;1,80910172
LEGACY CAPITAL ADVISORY FIC MULTIMERCADO;08/09/2023;1,81381696
LEGACY CAPITAL ADVISORY FIC MULTIMERCADO;11/09/2023;1,81938574
LEGACY CAPITAL ADVISORY FIC MULTIMERCADO;12/09/2023;1,82731401
LEGACY CAPITAL ADVISORY FIC MULTIMERCADO;13/09/2023;1,83230481
LEGACY CAPITAL ADVISORY FIC MULTIMERCADO;14/09/2023;1,83174122
LEGACY CAPITAL ADVISORY FIC MULTIMERCADO;15/09/2023;1,83005819
LEGACY CAPITAL ADVISORY FIC MULTIMERCADO;18/09/2023;1,82360922
LEGACY CAPITAL ADVISORY FIC MULTIMERCADO;19/09/2023;1,81761146
LEGACY CAPITAL ADVISORY FIC MULTIMERCADO;20/09/2023;1,81773428
LEGACY CAPITAL ADVISORY FIC MULTIMERCADO;21/09/2023;1,82002207
LEGACY CAPITAL ADVISORY FIC MULTIMERCADO;22/09/2023;1,82274348
LEGACY CAPITAL ADVISORY FIC MULTIMERCADO;25/09/2023;1,81910503
LEGACY CAPITAL ADVISORY FIC MULTIMERCADO;26/09/2023;1,80448766
LEGACY CAPITAL ADVISORY FIC MULTIMERCADO;27/09/2023;1,79275802
LEGACY CAPITAL ADVISORY FIC MULTIMERCADO;28/09/2023;1,7992106
LEGACY CAPITAL ADVISORY FIC MULTIMERCADO;29/09/2023;1,80248694
LEGACY CAPITAL ADVISORY FIC MULTIMERCADO;02/10/2023;1,79111029
LEGACY CAPITAL ADVISORY FIC MULTIMERCADO;03/10/2023;1,77917865
LEGACY CAPITAL ADVISORY FIC MULTIMERCADO;04/10/2023;1,78986388
LEGACY CAPITAL ADVISORY FIC MULTIMERCADO;05/10/2023;1,78914029
LEGACY CAPITAL ADVISORY FIC MULTIMERCADO;06/10/2023;1,79144584
LEGACY CAPITAL ADVISORY FIC MULTIMERCADO;09/10/2023;1,79900672
LEGACY CAPITAL ADVISORY FIC MULTIMERCADO;10/10/2023;1,80199925
LEGACY CAPITAL ADVISORY FIC MULTIMERCADO;11/10/2023;1,79082093
LEGACY CAPITAL ADVISORY FIC MULTIMERCADO;13/10/2023;1,78585065
LEGACY CAPITAL ADVISORY FIC MULTIMERCADO;16/10/2023;1,78725235
LEGACY CAPITAL ADVISORY FIC MULTIMERCADO;17/10/2023;1,7732426
LEGACY CAPITAL ADVISORY FIC MULTIMERCADO;18/10/2023;1,76784238
LEGACY CAPITAL ADVISORY FIC MULTIMERCADO;19/10/2023;1,76354502
LEGACY CAPITAL ADVISORY FIC MULTIMERCADO;20/10/2023;1,77188487
LEGACY CAPITAL ADVISORY FIC MULTIMERCADO;23/10/2023;1,77272958
LEGACY CAPITAL ADVISORY FIC MULTIMERCADO;24/10/2023;1,77588296
LEGACY CAPITAL ADVISORY FIC MULTIMERCADO;25/10/2023;1,77416595
LEGACY CAPITAL ADVISORY FIC MULTIMERCADO;26/10/2023;1,78278995
LEGACY CAPITAL ADVISORY FIC MULTIMERCADO;27/10/2023;1,77555993
LEGACY CAPITAL ADVISORY FIC MULTIMERCADO;30/10/2023;1,76375016
LEGACY CAPITAL ADVISORY FIC MULTIMERCADO;31/10/2023;1,76207528
LEGACY CAPITAL ADVISORY FIC MULTIMERCADO;01/11/2023;1,77015111
LEGACY CAPITAL ADVISORY FIC MULTIMERCADO;03/11/2023;1,78411633
LEGACY CAPITAL ADVISORY FIC MULTIMERCADO;06/11/2023;1,77676397
LEGACY CAPITAL ADVISORY FIC MULTIMERCADO;07/11/2023;1,78420788
LEGACY CAPITAL ADVISORY FIC MULTIMERCADO;08/11/2023;1,78573584
LEGACY CAPITAL ADVISORY FIC MULTIMERCADO;09/11/2023;1,78245916
LEGACY CAPITAL ADVISORY FIC MULTIMERCADO;10/11/2023;1,78904919
LEGACY CAPITAL ADVISORY FIC MULTIMERCADO;13/11/2023;1,78829883
LEGACY CAPITAL ADVISORY FIC MULTIMERCADO;14/11/2023;1,80201844
LEGACY CAPITAL ADVISORY FIC MULTIMERCADO;16/11/2023;1,80758523
LEGACY CAPITAL ADVISORY FIC MULTIMERCADO;17/11/2023;1,81380006
LEGACY CAPITAL ADVISORY FIC MULTIMERCADO;20/11/2023;1,81339508
LEGACY CAPITAL ADVISORY FIC MULTIMERCADO;21/11/2023;1,81103611
LEGACY CAPITAL ADVISORY FIC MULTIMERCADO;22/11/2023;1,81296902
OCCAM RETORNO ABSOLUTO ADVISORY FIC MULTIMERCADO;16/12/2019;1,00
OCCAM RETORNO ABSOLUTO ADVISORY FIC MULTIMERCADO;17/12/2019;0,99671274
OCCAM RETORNO ABSOLUTO ADVISORY FIC MULTIMERCADO;18/12/2019;1,00087511
OCCAM RETORNO ABSOLUTO ADVISORY FIC MULTIMERCADO;19/12/2019;0,99972888
OCCAM RETORNO ABSOLUTO ADVISORY FIC MULTIMERCADO;20/12/2019;1,00118919
OCCAM RETORNO ABSOLUTO ADVISORY FIC MULTIMERCADO;23/12/2019;1,0034052
OCCAM RETORNO ABSOLUTO ADVISORY FIC MULTIMERCADO;24/12/2019;1,00356706
OCCAM RETORNO ABSOLUTO ADVISORY FIC MULTIMERCADO;26/12/2019;1,00667591
OCCAM RETORNO ABSOLUTO ADVISORY FIC MULTIMERCADO;27/12/2019;1,00700819
OCCAM RETORNO ABSOLUTO ADVISORY FIC MULTIMERCADO;30/12/2019;1,00636174
OCCAM RETORNO ABSOLUTO ADVISORY FIC MULTIMERCADO;31/12/2019;1,00648455
OCCAM RETORNO ABSOLUTO ADVISORY FIC MULTIMERCADO;02/01/2020;1,01306105
OCCAM RETORNO ABSOLUTO ADVISORY FIC MULTIMERCADO;03/01/2020;1,01115478
OCCAM RETORNO ABSOLUTO ADVISORY FIC MULTIMERCADO;06/01/2020;1,01138604
OCCAM RETORNO ABSOLUTO ADVISORY FIC MULTIMERCADO;07/01/2020;1,01159697
OCCAM RETORNO ABSOLUTO ADVISORY FIC MULTIMERCADO;08/01/2020;1,01458592
OCCAM RETORNO ABSOLUTO ADVISORY FIC MULTIMERCADO;09/01/2020;1,01670706
OCCAM RETORNO ABSOLUTO ADVISORY FIC MULTIMERCADO;10/01/2020;1,01734126
OCCAM RETORNO ABSOLUTO ADVISORY FIC MULTIMERCADO;13/01/2020;1,02184229
OCCAM RETORNO ABSOLUTO ADVISORY FIC MULTIMERCADO;14/01/2020;1,02177477
OCCAM RETORNO ABSOLUTO ADVISORY FIC MULTIMERCADO;15/01/2020;1,02121951
OCCAM RETORNO ABSOLUTO ADVISORY FIC MULTIMERCADO;16/01/2020;1,02261718
OCCAM RETORNO ABSOLUTO ADVISORY FIC MULTIMERCADO;17/01/2020;1,02744136
OCCAM RETORNO ABSOLUTO ADVISORY FIC MULTIMERCADO;20/01/2020;1,02891206
OCCAM RETORNO ABSOLUTO ADVISORY FIC MULTIMERCADO;21/01/2020;1,02758317
OCCAM RETORNO ABSOLUTO ADVISORY FIC MULTIMERCADO;22/01/2020;1,03122249
OCCAM RETORNO ABSOLUTO ADVISORY FIC MULTIMERCADO;23/01/2020;1,0310615
OCCAM RETORNO ABSOLUTO ADVISORY FIC MULTIMERCADO;24/01/2020;1,02785446
OCCAM RETORNO ABSOLUTO ADVISORY FIC MULTIMERCADO;27/01/2020;1,01700595
OCCAM RETORNO ABSOLUTO ADVISORY FIC MULTIMERCADO;28/01/2020;1,02370882
OCCAM RETORNO ABSOLUTO ADVISORY FIC MULTIMERCADO;29/01/2020;1,02522928
OCCAM RETORNO ABSOLUTO ADVISORY FIC MULTIMERCADO;30/01/2020;1,0248299
OCCAM RETORNO ABSOLUTO ADVISORY FIC MULTIMERCADO;31/01/2020;1,01854382
OCCAM RETORNO ABSOLUTO ADVISORY FIC MULTIMERCADO;03/02/2020;1,02172069
OCCAM RETORNO ABSOLUTO ADVISORY FIC MULTIMERCADO;04/02/2020;1,02502316
OCCAM RETORNO ABSOLUTO ADVISORY FIC MULTIMERCADO;05/02/2020;1,02659995
OCCAM RETORNO ABSOLUTO ADVISORY FIC MULTIMERCADO;06/02/2020;1,02592899
OCCAM RETORNO ABSOLUTO ADVISORY FIC MULTIMERCADO;07/02/2020;1,02213292
OCCAM RETORNO ABSOLUTO ADVISORY FIC MULTIMERCADO;10/02/2020;1,01777205
OCCAM RETORNO ABSOLUTO ADVISORY FIC MULTIMERCADO;11/02/2020;1,02432286
OCCAM RETORNO ABSOLUTO ADVISORY FIC MULTIMERCADO;12/02/2020;1,02801993
OCCAM RETORNO ABSOLUTO ADVISORY FIC MULTIMERCADO;13/02/2020;1,02741875
OCCAM RETORNO ABSOLUTO ADVISORY FIC MULTIMERCADO;14/02/2020;1,02802888
OCCAM RETORNO ABSOLUTO ADVISORY FIC MULTIMERCADO;17/02/2020;1,03027683
OCCAM RETORNO ABSOLUTO ADVISORY FIC MULTIMERCADO;18/02/2020;1,02947665
OCCAM RETORNO ABSOLUTO ADVISORY FIC MULTIMERCADO;19/02/2020;1,03297913
OCCAM RETORNO ABSOLUTO ADVISORY FIC MULTIMERCADO;20/02/2020;1,03013565
OCCAM RETORNO ABSOLUTO ADVISORY FIC MULTIMERCADO;21/02/2020;1,02782068
OCCAM RETORNO ABSOLUTO ADVISORY FIC MULTIMERCADO;26/02/2020;1,01176459
OCCAM RETORNO ABSOLUTO ADVISORY FIC MULTIMERCADO;27/02/2020;1,01032013
OCCAM RETORNO ABSOLUTO ADVISORY FIC MULTIMERCADO;28/02/2020;1,01385204
OCCAM RETORNO ABSOLUTO ADVISORY FIC MULTIMERCADO;02/03/2020;1,01949313
OCCAM RETORNO ABSOLUTO ADVISORY FIC MULTIMERCADO;03/03/2020;1,02184219
OCCAM RETORNO ABSOLUTO ADVISORY FIC MULTIMERCADO;04/03/2020;1,02588746
OCCAM RETORNO ABSOLUTO ADVISORY FIC MULTIMERCADO;05/03/2020;1,01960183
OCCAM RETORNO ABSOLUTO ADVISORY FIC MULTIMERCADO;06/03/2020;1,01698618
OCCAM RETORNO ABSOLUTO ADVISORY FIC MULTIMERCADO;09/03/2020;1,00997268
OCCAM RETORNO ABSOLUTO ADVISORY FIC MULTIMERCADO;10/03/2020;1,01576693
OCCAM RETORNO ABSOLUTO ADVISORY FIC MULTIMERCADO;11/03/2020;1,01096557
OCCAM RETORNO ABSOLUTO ADVISORY FIC MULTIMERCADO;12/03/2020;0,99978497
OCCAM RETORNO ABSOLUTO ADVISORY FIC MULTIMERCADO;13/03/2020;1,00865405
OCCAM RETORNO ABSOLUTO ADVISORY FIC MULTIMERCADO;16/03/2020;1,00846659
OCCAM RETORNO ABSOLUTO ADVISORY FIC MULTIMERCADO;17/03/2020;1,01127001
OCCAM RETORNO ABSOLUTO ADVISORY FIC MULTIMERCADO;18/03/2020;1,00208602
OCCAM RETORNO ABSOLUTO ADVISORY FIC MULTIMERCADO;19/03/2020;1,00471357
OCCAM RETORNO ABSOLUTO ADVISORY FIC MULTIMERCADO;20/03/2020;1,004184
OCCAM RETORNO ABSOLUTO ADVISORY FIC MULTIMERCADO;23/03/2020;1,00746533
OCCAM RETORNO ABSOLUTO ADVISORY FIC MULTIMERCADO;24/03/2020;1,01085082
OCCAM RETORNO ABSOLUTO ADVISORY FIC MULTIMERCADO;25/03/2020;1,0127033
OCCAM RETORNO ABSOLUTO ADVISORY FIC MULTIMERCADO;26/03/2020;1,01356165
OCCAM RETORNO ABSOLUTO ADVISORY FIC MULTIMERCADO;27/03/2020;1,01038324
OCCAM RETORNO ABSOLUTO ADVISORY FIC MULTIMERCADO;30/03/2020;1,01325359
OCCAM RETORNO ABSOLUTO ADVISORY FIC MULTIMERCADO;31/03/2020;1,01384726
OCCAM RETORNO ABSOLUTO ADVISORY FIC MULTIMERCADO;01/04/2020;1,01154224
OCCAM RETORNO ABSOLUTO ADVISORY FIC MULTIMERCADO;02/04/2020;1,01104857
OCCAM RETORNO ABSOLUTO ADVISORY FIC MULTIMERCADO;03/04/2020;1,01073594
OCCAM RETORNO ABSOLUTO ADVISORY FIC MULTIMERCADO;06/04/2020;1,0117854
OCCAM RETORNO ABSOLUTO ADVISORY FIC MULTIMERCADO;07/04/2020;1,013745
OCCAM RETORNO ABSOLUTO ADVISORY FIC MULTIMERCADO;08/04/2020;1,01354608
OCCAM RETORNO ABSOLUTO ADVISORY FIC MULTIMERCADO;09/04/2020;1,01414585
OCCAM RETORNO ABSOLUTO ADVISORY FIC MULTIMERCADO;13/04/2020;1,01658636
OCCAM RETORNO ABSOLUTO ADVISORY FIC MULTIMERCADO;14/04/2020;1,01848245
OCCAM RETORNO ABSOLUTO ADVISORY FIC MULTIMERCADO;15/04/2020;1,02005858
OCCAM RETORNO ABSOLUTO ADVISORY FIC MULTIMERCADO;16/04/2020;1,02183944
OCCAM RETORNO ABSOLUTO ADVISORY FIC MULTIMERCADO;17/04/2020;1,02212921
OCCAM RETORNO ABSOLUTO ADVISORY FIC MULTIMERCADO;20/04/2020;1,0266272
OCCAM RETORNO ABSOLUTO ADVISORY FIC MULTIMERCADO;22/04/2020;1,02985045
OCCAM RETORNO ABSOLUTO ADVISORY FIC MULTIMERCADO;23/04/2020;1,02886768
OCCAM RETORNO ABSOLUTO ADVISORY FIC MULTIMERCADO;24/04/2020;1,02366997
OCCAM RETORNO ABSOLUTO ADVISORY FIC MULTIMERCADO;27/04/2020;1,02225888
OCCAM RETORNO ABSOLUTO ADVISORY FIC MULTIMERCADO;28/04/2020;1,0263743
OCCAM RETORNO ABSOLUTO ADVISORY FIC MULTIMERCADO;29/04/2020;1,02778991
OCCAM RETORNO ABSOLUTO ADVISORY FIC MULTIMERCADO;30/04/2020;1,02615772
OCCAM RETORNO ABSOLUTO ADVISORY FIC MULTIMERCADO;04/05/2020;1,02393763
OCCAM RETORNO ABSOLUTO ADVISORY FIC MULTIMERCADO;05/05/2020;1,02523912
OCCAM RETORNO ABSOLUTO ADVISORY FIC MULTIMERCADO;06/05/2020;1,02759205
OCCAM RETORNO ABSOLUTO ADVISORY FIC MULTIMERCADO;07/05/2020;1,0313038
OCCAM RETORNO ABSOLUTO ADVISORY FIC MULTIMERCADO;08/05/2020;1,03326337
OCCAM RETORNO ABSOLUTO ADVISORY FIC MULTIMERCADO;11/05/2020;1,03266283
OCCAM RETORNO ABSOLUTO ADVISORY FIC MULTIMERCADO;12/05/2020;1,02923635
OCCAM RETORNO ABSOLUTO ADVISORY FIC MULTIMERCADO;13/05/2020;1,02757195
OCCAM RETORNO ABSOLUTO ADVISORY FIC MULTIMERCADO;14/05/2020;1,02757953
OCCAM RETORNO ABSOLUTO ADVISORY FIC MULTIMERCADO;15/05/2020;1,02946672
OCCAM RETORNO ABSOLUTO ADVISORY FIC MULTIMERCADO;18/05/2020;1,03057938
OCCAM RETORNO ABSOLUTO ADVISORY FIC MULTIMERCADO;19/05/2020;1,03176614
OCCAM RETORNO ABSOLUTO ADVISORY FIC MULTIMERCADO;20/05/2020;1,03294665
OCCAM RETORNO ABSOLUTO ADVISORY FIC MULTIMERCADO;21/05/2020;1,0322922
OCCAM RETORNO ABSOLUTO ADVISORY FIC MULTIMERCADO;22/05/2020;1,03190921
OCCAM RETORNO ABSOLUTO ADVISORY FIC MULTIMERCADO;25/05/2020;1,03648643
OCCAM RETORNO ABSOLUTO ADVISORY FIC MULTIMERCADO;26/05/2020;1,0377134
OCCAM RETORNO ABSOLUTO ADVISORY FIC MULTIMERCADO;27/05/2020;1,03803398
OCCAM RETORNO ABSOLUTO ADVISORY FIC MULTIMERCADO;28/05/2020;1,03675242
OCCAM RETORNO ABSOLUTO ADVISORY FIC MULTIMERCADO;29/05/2020;1,03894331
OCCAM RETORNO ABSOLUTO ADVISORY FIC MULTIMERCADO;01/06/2020;1,03764124
OCCAM RETORNO ABSOLUTO ADVISORY FIC MULTIMERCADO;02/06/2020;1,03857329
OCCAM RETORNO ABSOLUTO ADVISORY FIC MULTIMERCADO;03/06/2020;1,04207682
OCCAM RETORNO ABSOLUTO ADVISORY FIC MULTIMERCADO;04/06/2020;1,04071692
OCCAM RETORNO ABSOLUTO ADVISORY FIC MULTIMERCADO;05/06/2020;1,04386864
OCCAM RETORNO ABSOLUTO ADVISORY FIC MULTIMERCADO;08/06/2020;1,04941718
OCCAM RETORNO ABSOLUTO ADVISORY FIC MULTIMERCADO;09/06/2020;1,04891602
OCCAM RETORNO ABSOLUTO ADVISORY FIC MULTIMERCADO;10/06/2020;1,04954966
OCCAM RETORNO ABSOLUTO ADVISORY FIC MULTIMERCADO;12/06/2020;1,04045229
OCCAM RETORNO ABSOLUTO ADVISORY FIC MULTIMERCADO;15/06/2020;1,04248058
OCCAM RETORNO ABSOLUTO ADVISORY FIC MULTIMERCADO;16/06/2020;1,04581677
OCCAM RETORNO ABSOLUTO ADVISORY FIC MULTIMERCADO;17/06/2020;1,04863362
OCCAM RETORNO ABSOLUTO ADVISORY FIC MULTIMERCADO;18/06/2020;1,04916118
OCCAM RETORNO ABSOLUTO ADVISORY FIC MULTIMERCADO;19/06/2020;1,04941179
OCCAM RETORNO ABSOLUTO ADVISORY FIC MULTIMERCADO;22/06/2020;1,05181568
OCCAM RETORNO ABSOLUTO ADVISORY FIC MULTIMERCADO;23/06/2020;1,0546937
OCCAM RETORNO ABSOLUTO ADVISORY FIC MULTIMERCADO;24/06/2020;1,04894623
OCCAM RETORNO ABSOLUTO ADVISORY FIC MULTIMERCADO;25/06/2020;1,05282041
OCCAM RETORNO ABSOLUTO ADVISORY FIC MULTIMERCADO;26/06/2020;1,04385078
OCCAM RETORNO ABSOLUTO ADVISORY FIC MULTIMERCADO;29/06/2020;1,0470251
OCCAM RETORNO ABSOLUTO ADVISORY FIC MULTIMERCADO;30/06/2020;1,05019017
OCCAM RETORNO ABSOLUTO ADVISORY FIC MULTIMERCADO;01/07/2020;1,05334485
OCCAM RETORNO ABSOLUTO ADVISORY FIC MULTIMERCADO;02/07/2020;1,0539294
OCCAM RETORNO ABSOLUTO ADVISORY FIC MULTIMERCADO;03/07/2020;1,05571465
OCCAM RETORNO ABSOLUTO ADVISORY FIC MULTIMERCADO;06/07/2020;1,06164866
OCCAM RETORNO ABSOLUTO ADVISORY FIC MULTIMERCADO;07/07/2020;1,06197577
OCCAM RETORNO ABSOLUTO ADVISORY FIC MULTIMERCADO;08/07/2020;1,06955023
OCCAM RETORNO ABSOLUTO ADVISORY FIC MULTIMERCADO;09/07/2020;1,07327509
OCCAM RETORNO ABSOLUTO ADVISORY FIC MULTIMERCADO;10/07/2020;1,07485888
OCCAM RETORNO ABSOLUTO ADVISORY FIC MULTIMERCADO;13/07/2020;1,06970167
OCCAM RETORNO ABSOLUTO ADVISORY FIC MULTIMERCADO;14/07/2020;1,07067622
OCCAM RETORNO ABSOLUTO ADVISORY FIC MULTIMERCADO;15/07/2020;1,07294781
OCCAM RETORNO ABSOLUTO ADVISORY FIC MULTIMERCADO;16/07/2020;1,06770545
OCCAM RETORNO ABSOLUTO ADVISORY FIC MULTIMERCADO;17/07/2020;1,07228899
OCCAM RETORNO ABSOLUTO ADVISORY FIC MULTIMERCADO;20/07/2020;1,08294851
OCCAM RETORNO ABSOLUTO ADVISORY FIC MULTIMERCADO;21/07/2020;1,07844605
OCCAM RETORNO ABSOLUTO ADVISORY FIC MULTIMERCADO;22/07/2020;1,08026213
OCCAM RETORNO ABSOLUTO ADVISORY FIC MULTIMERCADO;23/07/2020;1,07209344
OCCAM RETORNO ABSOLUTO ADVISORY FIC MULTIMERCADO;24/07/2020;1,06928793
OCCAM RETORNO ABSOLUTO ADVISORY FIC MULTIMERCADO;27/07/2020;1,07246569
OCCAM RETORNO ABSOLUTO ADVISORY FIC MULTIMERCADO;28/07/2020;1,07149555
OCCAM RETORNO ABSOLUTO ADVISORY FIC MULTIMERCADO;29/07/2020;1,07377438
OCCAM RETORNO ABSOLUTO ADVISORY FIC MULTIMERCADO;30/07/2020;1,07480613
OCCAM RETORNO ABSOLUTO ADVISORY FIC MULTIMERCADO;31/07/2020;1,07548697
OCCAM RETORNO ABSOLUTO ADVISORY FIC MULTIMERCADO;03/08/2020;1,07825291
OCCAM RETORNO ABSOLUTO ADVISORY FIC MULTIMERCADO;04/08/2020;1,07839916
OCCAM RETORNO ABSOLUTO ADVISORY FIC MULTIMERCADO;05/08/2020;1,0805241
OCCAM RETORNO ABSOLUTO ADVISORY FIC MULTIMERCADO;06/08/2020;1,08417103
OCCAM RETORNO ABSOLUTO ADVISORY FIC MULTIMERCADO;07/08/2020;1,07870779
OCCAM RETORNO ABSOLUTO ADVISORY FIC MULTIMERCADO;10/08/2020;1,07798572
OCCAM RETORNO ABSOLUTO ADVISORY FIC MULTIMERCADO;11/08/2020;1,07146497
OCCAM RETORNO ABSOLUTO ADVISORY FIC MULTIMERCADO;12/08/2020;1,07595857
OCCAM RETORNO ABSOLUTO ADVISORY FIC MULTIMERCADO;13/08/2020;1,07710594
OCCAM RETORNO ABSOLUTO ADVISORY FIC MULTIMERCADO;14/08/2020;1,07691156
OCCAM RETORNO ABSOLUTO ADVISORY FIC MULTIMERCADO;17/08/2020;1,07761553
OCCAM RETORNO ABSOLUTO ADVISORY FIC MULTIMERCADO;18/08/2020;1,08296662
OCCAM RETORNO ABSOLUTO ADVISORY FIC MULTIMERCADO;19/08/2020;1,08270436
OCCAM RETORNO ABSOLUTO ADVISORY FIC MULTIMERCADO;20/08/2020;1,08597047
OCCAM RETORNO ABSOLUTO ADVISORY FIC MULTIMERCADO;21/08/2020;1,08913295
OCCAM RETORNO ABSOLUTO ADVISORY FIC MULTIMERCADO;24/08/2020;1,09125977
OCCAM RETORNO ABSOLUTO ADVISORY FIC MULTIMERCADO;25/08/2020;1,09316441
OCCAM RETORNO ABSOLUTO ADVISORY FIC MULTIMERCADO;26/08/2020;1,1003193
OCCAM RETORNO ABSOLUTO ADVISORY FIC MULTIMERCADO;27/08/2020;1,0984262
OCCAM RETORNO ABSOLUTO ADVISORY FIC MULTIMERCADO;28/08/2020;1,09791847
OCCAM RETORNO ABSOLUTO ADVISORY FIC MULTIMERCADO;31/08/2020;1,10087669
OCCAM RETORNO ABSOLUTO ADVISORY FIC MULTIMERCADO;01/09/2020;1,1065061
OCCAM RETORNO ABSOLUTO ADVISORY FIC MULTIMERCADO;02/09/2020;1,10590339
OCCAM RETORNO ABSOLUTO ADVISORY FIC MULTIMERCADO;03/09/2020;1,08318236
OCCAM RETORNO ABSOLUTO ADVISORY FIC MULTIMERCADO;04/09/2020;1,07929801
OCCAM RETORNO ABSOLUTO ADVISORY FIC MULTIMERCADO;08/09/2020;1,07303353
OCCAM RETORNO ABSOLUTO ADVISORY FIC MULTIMERCADO;09/09/2020;1,07653432
OCCAM RETORNO ABSOLUTO ADVISORY FIC MULTIMERCADO;10/09/2020;1,07305452
OCCAM RETORNO ABSOLUTO ADVISORY FIC MULTIMERCADO;11/09/2020;1,07300681
OCCAM RETORNO ABSOLUTO ADVISORY FIC MULTIMERCADO;14/09/2020;1,07516231
OCCAM RETORNO ABSOLUTO ADVISORY FIC MULTIMERCADO;15/09/2020;1,07649132
OCCAM RETORNO ABSOLUTO ADVISORY FIC MULTIMERCADO;16/09/2020;1,07510237
OCCAM RETORNO ABSOLUTO ADVISORY FIC MULTIMERCADO;17/09/2020;1,07184276
OCCAM RETORNO ABSOLUTO ADVISORY FIC MULTIMERCADO;18/09/2020;1,07350577
OCCAM RETORNO ABSOLUTO ADVISORY FIC MULTIMERCADO;21/09/2020;1,07447537
OCCAM RETORNO ABSOLUTO ADVISORY FIC MULTIMERCADO;22/09/2020;1,07522433
OCCAM RETORNO ABSOLUTO ADVISORY FIC MULTIMERCADO;23/09/2020;1,07407118
OCCAM RETORNO ABSOLUTO ADVISORY FIC MULTIMERCADO;24/09/2020;1,07236966
OCCAM RETORNO ABSOLUTO ADVISORY FIC MULTIMERCADO;25/09/2020;1,07410675
OCCAM RETORNO ABSOLUTO ADVISORY FIC MULTIMERCADO;28/09/2020;1,07815684
OCCAM RETORNO ABSOLUTO ADVISORY FIC MULTIMERCADO;29/09/2020;1,07864146
OCCAM RETORNO ABSOLUTO ADVISORY FIC MULTIMERCADO;30/09/2020;1,08016798
OCCAM RETORNO ABSOLUTO ADVISORY FIC MULTIMERCADO;01/10/2020;1,08048529
OCCAM RETORNO ABSOLUTO ADVISORY FIC MULTIMERCADO;02/10/2020;1,08089624
OCCAM RETORNO ABSOLUTO ADVISORY FIC MULTIMERCADO;05/10/2020;1,08016932
OCCAM RETORNO ABSOLUTO ADVISORY FIC MULTIMERCADO;06/10/2020;1,0795826
OCCAM RETORNO ABSOLUTO ADVISORY FIC MULTIMERCADO;07/10/2020;1,08167129
OCCAM RETORNO ABSOLUTO ADVISORY FIC MULTIMERCADO;08/10/2020;1,0809324
OCCAM RETORNO ABSOLUTO ADVISORY FIC MULTIMERCADO;09/10/2020;1,0833851
OCCAM RETORNO ABSOLUTO ADVISORY FIC MULTIMERCADO;13/10/2020;1,08564528
OCCAM RETORNO ABSOLUTO ADVISORY FIC MULTIMERCADO;14/10/2020;1,08546422
OCCAM RETORNO ABSOLUTO ADVISORY FIC MULTIMERCADO;15/10/2020;1,08708035
OCCAM RETORNO ABSOLUTO ADVISORY FIC MULTIMERCADO;16/10/2020;1,08827882
OCCAM RETORNO ABSOLUTO ADVISORY FIC MULTIMERCADO;19/10/2020;1,08438041
OCCAM RETORNO ABSOLUTO ADVISORY FIC MULTIMERCADO;20/10/2020;1,08584901
OCCAM RETORNO ABSOLUTO ADVISORY FIC MULTIMERCADO;21/10/2020;1,08718048
OCCAM RETORNO ABSOLUTO ADVISORY FIC MULTIMERCADO;22/10/2020;1,08749477
OCCAM RETORNO ABSOLUTO ADVISORY FIC MULTIMERCADO;23/10/2020;1,0905569
OCCAM RETORNO ABSOLUTO ADVISORY FIC MULTIMERCADO;26/10/2020;1,08760056
OCCAM RETORNO ABSOLUTO ADVISORY FIC MULTIMERCADO;27/10/2020;1,08915086
OCCAM RETORNO ABSOLUTO ADVISORY FIC MULTIMERCADO;28/10/2020;1,08511482
OCCAM RETORNO ABSOLUTO ADVISORY FIC MULTIMERCADO;29/10/2020;1,08742219
OCCAM RETORNO ABSOLUTO ADVISORY FIC MULTIMERCADO;30/10/2020;1,0833482
OCCAM RETORNO ABSOLUTO ADVISORY FIC MULTIMERCADO;03/11/2020;1,08417019
OCCAM RETORNO ABSOLUTO ADVISORY FIC MULTIMERCADO;04/11/2020;1,08436653
OCCAM RETORNO ABSOLUTO ADVISORY FIC MULTIMERCADO;05/11/2020;1,08724011
OCCAM RETORNO ABSOLUTO ADVISORY FIC MULTIMERCADO;06/11/2020;1,08543851
OCCAM RETORNO ABSOLUTO ADVISORY FIC MULTIMERCADO;09/11/2020;1,07902159
OCCAM RETORNO ABSOLUTO ADVISORY FIC MULTIMERCADO;10/11/2020;1,07550905
OCCAM RETORNO ABSOLUTO ADVISORY FIC MULTIMERCADO;11/11/2020;1,07987191
OCCAM RETORNO ABSOLUTO ADVISORY FIC MULTIMERCADO;12/11/2020;1,07779635
OCCAM RETORNO ABSOLUTO ADVISORY FIC MULTIMERCADO;13/11/2020;1,07891123
OCCAM RETORNO ABSOLUTO ADVISORY FIC MULTIMERCADO;16/11/2020;1,07851859
OCCAM RETORNO ABSOLUTO ADVISORY FIC MULTIMERCADO;17/11/2020;1,07688676
OCCAM RETORNO ABSOLUTO ADVISORY FIC MULTIMERCADO;18/11/2020;1,07621989
OCCAM RETORNO ABSOLUTO ADVISORY FIC MULTIMERCADO;19/11/2020;1,07786914
OCCAM RETORNO ABSOLUTO ADVISORY FIC MULTIMERCADO;20/11/2020;1,07858522
OCCAM RETORNO ABSOLUTO ADVISORY FIC MULTIMERCADO;23/11/2020;1,08110078
OCCAM RETORNO ABSOLUTO ADVISORY FIC MULTIMERCADO;24/11/2020;1,08437058
OCCAM RETORNO ABSOLUTO ADVISORY FIC MULTIMERCADO;25/11/2020;1,08505861
OCCAM RETORNO ABSOLUTO ADVISORY FIC MULTIMERCADO;26/11/2020;1,08393587
OCCAM RETORNO ABSOLUTO ADVISORY FIC MULTIMERCADO;27/11/2020;1,08374213
OCCAM RETORNO ABSOLUTO ADVISORY FIC MULTIMERCADO;30/11/2020;1,08283923
OCCAM RETORNO ABSOLUTO ADVISORY FIC MULTIMERCADO;01/12/2020;1,08097021
OCCAM RETORNO ABSOLUTO ADVISORY FIC MULTIMERCADO;02/12/2020;1,08095326
OCCAM RETORNO ABSOLUTO ADVISORY FIC MULTIMERCADO;03/12/2020;1,07859617
OCCAM RETORNO ABSOLUTO ADVISORY FIC MULTIMERCADO;04/12/2020;1,08205778
OCCAM RETORNO ABSOLUTO ADVISORY FIC MULTIMERCADO;07/12/2020;1,08089406
OCCAM RETORNO ABSOLUTO ADVISORY FIC MULTIMERCADO;08/12/2020;1,08199255
OCCAM RETORNO ABSOLUTO ADVISORY FIC MULTIMERCADO;09/12/2020;1,07926939
OCCAM RETORNO ABSOLUTO ADVISORY FIC MULTIMERCADO;10/12/2020;1,08237194
OCCAM RETORNO ABSOLUTO ADVISORY FIC MULTIMERCADO;11/12/2020;1,08119343
OCCAM RETORNO ABSOLUTO ADVISORY FIC MULTIMERCADO;14/12/2020;1,07987122
OCCAM RETORNO ABSOLUTO ADVISORY FIC MULTIMERCADO;15/12/2020;1,08377427
OCCAM RETORNO ABSOLUTO ADVISORY FIC MULTIMERCADO;16/12/2020;1,08744014
OCCAM RETORNO ABSOLUTO ADVISORY FIC MULTIMERCADO;17/12/2020;1,08913742
OCCAM RETORNO ABSOLUTO ADVISORY FIC MULTIMERCADO;18/12/2020;1,08928282
OCCAM RETORNO ABSOLUTO ADVISORY FIC MULTIMERCADO;21/12/2020;1,08652296
OCCAM RETORNO ABSOLUTO ADVISORY FIC MULTIMERCADO;22/12/2020;1,08880852
OCCAM RETORNO ABSOLUTO ADVISORY FIC MULTIMERCADO;23/12/2020;1,09021684
OCCAM RETORNO ABSOLUTO ADVISORY FIC MULTIMERCADO;24/12/2020;1,09033523
OCCAM RETORNO ABSOLUTO ADVISORY FIC MULTIMERCADO;28/12/2020;1,09269952
OCCAM RETORNO ABSOLUTO ADVISORY FIC MULTIMERCADO;29/12/2020;1,09317278
OCCAM RETORNO ABSOLUTO ADVISORY FIC MULTIMERCADO;30/12/2020;1,09363275
OCCAM RETORNO ABSOLUTO ADVISORY FIC MULTIMERCADO;31/12/2020;1,09312382
OCCAM RETORNO ABSOLUTO ADVISORY FIC MULTIMERCADO;04/01/2021;1,0927441
OCCAM RETORNO ABSOLUTO ADVISORY FIC MULTIMERCADO;05/01/2021;1,09453473
OCCAM RETORNO ABSOLUTO ADVISORY FIC MULTIMERCADO;06/01/2021;1,09352335
OCCAM RETORNO ABSOLUTO ADVISORY FIC MULTIMERCADO;07/01/2021;1,10430952
OCCAM RETORNO ABSOLUTO ADVISORY FIC MULTIMERCADO;08/01/2021;1,11238884
OCCAM RETORNO ABSOLUTO ADVISORY FIC MULTIMERCADO;11/01/2021;1,11171285
OCCAM RETORNO ABSOLUTO ADVISORY FIC MULTIMERCADO;12/01/2021;1,11194144
OCCAM RETORNO ABSOLUTO ADVISORY FIC MULTIMERCADO;13/01/2021;1,10980015
OCCAM RETORNO ABSOLUTO ADVISORY FIC MULTIMERCADO;14/01/2021;1,11162617
OCCAM RETORNO ABSOLUTO ADVISORY FIC MULTIMERCADO;15/01/2021;1,10390817
OCCAM RETORNO ABSOLUTO ADVISORY FIC MULTIMERCADO;18/01/2021;1,10587926
OCCAM RETORNO ABSOLUTO ADVISORY FIC MULTIMERCADO;19/01/2021;1,10623588
OCCAM RETORNO ABSOLUTO ADVISORY FIC MULTIMERCADO;20/01/2021;1,10563774
OCCAM RETORNO ABSOLUTO ADVISORY FIC MULTIMERCADO;21/01/2021;1,10689009
OCCAM RETORNO ABSOLUTO ADVISORY FIC MULTIMERCADO;22/01/2021;1,10920102
OCCAM RETORNO ABSOLUTO ADVISORY FIC MULTIMERCADO;25/01/2021;1,10749488
OCCAM RETORNO ABSOLUTO ADVISORY FIC MULTIMERCADO;26/01/2021;1,1040388
OCCAM RETORNO ABSOLUTO ADVISORY FIC MULTIMERCADO;27/01/2021;1,09583105
OCCAM RETORNO ABSOLUTO ADVISORY FIC MULTIMERCADO;28/01/2021;1,0997009
OCCAM RETORNO ABSOLUTO ADVISORY FIC MULTIMERCADO;29/01/2021;1,09221246
OCCAM RETORNO ABSOLUTO ADVISORY FIC MULTIMERCADO;01/02/2021;1,09825262
OCCAM RETORNO ABSOLUTO ADVISORY FIC MULTIMERCADO;02/02/2021;1,09755965
OCCAM RETORNO ABSOLUTO ADVISORY FIC MULTIMERCADO;03/02/2021;1,10063284
OCCAM RETORNO ABSOLUTO ADVISORY FIC MULTIMERCADO;04/02/2021;1,10397509
OCCAM RETORNO ABSOLUTO ADVISORY FIC MULTIMERCADO;05/02/2021;1,10956648
OCCAM RETORNO ABSOLUTO ADVISORY FIC MULTIMERCADO;08/02/2021;1,10988045
OCCAM RETORNO ABSOLUTO ADVISORY FIC MULTIMERCADO;09/02/2021;1,10997477
OCCAM RETORNO ABSOLUTO ADVISORY FIC MULTIMERCADO;10/02/2021;1,10453709
OCCAM RETORNO ABSOLUTO ADVISORY FIC MULTIMERCADO;11/02/2021;1,10644529
OCCAM RETORNO ABSOLUTO ADVISORY FIC MULTIMERCADO;12/02/2021;1,10870438
OCCAM RETORNO ABSOLUTO ADVISORY FIC MULTIMERCADO;17/02/2021;1,1132392
OCCAM RETORNO ABSOLUTO ADVISORY FIC MULTIMERCADO;18/02/2021;1,11095986
OCCAM RETORNO ABSOLUTO ADVISORY FIC MULTIMERCADO;19/02/2021;1,11483091
OCCAM RETORNO ABSOLUTO ADVISORY FIC MULTIMERCADO;22/02/2021;1,1123447
OCCAM RETORNO ABSOLUTO ADVISORY FIC MULTIMERCADO;23/02/2021;1,10949969
OCCAM RETORNO ABSOLUTO ADVISORY FIC MULTIMERCADO;24/02/2021;1,11074398
OCCAM RETORNO ABSOLUTO ADVISORY FIC MULTIMERCADO;25/02/2021;1,10658348
OCCAM RETORNO ABSOLUTO ADVISORY FIC MULTIMERCADO;26/02/2021;1,10612823
OCCAM RETORNO ABSOLUTO ADVISORY FIC MULTIMERCADO;01/03/2021;1,11190816
OCCAM RETORNO ABSOLUTO ADVISORY FIC MULTIMERCADO;02/03/2021;1,11212386
OCCAM RETORNO ABSOLUTO ADVISORY FIC MULTIMERCADO;03/03/2021;1,11055255
OCCAM RETORNO ABSOLUTO ADVISORY FIC MULTIMERCADO;04/03/2021;1,1074605
OCCAM RETORNO ABSOLUTO ADVISORY FIC MULTIMERCADO;05/03/2021;1,11027392
OCCAM RETORNO ABSOLUTO ADVISORY FIC MULTIMERCADO;08/03/2021;1,10632326
OCCAM RETORNO ABSOLUTO ADVISORY FIC MULTIMERCADO;09/03/2021;1,10708999
OCCAM RETORNO ABSOLUTO ADVISORY FIC MULTIMERCADO;10/03/2021;1,10592113
OCCAM RETORNO ABSOLUTO ADVISORY FIC MULTIMERCADO;11/03/2021;1,10785493
OCCAM RETORNO ABSOLUTO ADVISORY FIC MULTIMERCADO;12/03/2021;1,10811646
OCCAM RETORNO ABSOLUTO ADVISORY FIC MULTIMERCADO;15/03/2021;1,10791186
OCCAM RETORNO ABSOLUTO ADVISORY FIC MULTIMERCADO;16/03/2021;1,10815936
OCCAM RETORNO ABSOLUTO ADVISORY FIC MULTIMERCADO;17/03/2021;1,10922142
OCCAM RETORNO ABSOLUTO ADVISORY FIC MULTIMERCADO;18/03/2021;1,10776405
OCCAM RETORNO ABSOLUTO ADVISORY FIC MULTIMERCADO;19/03/2021;1,10666158
OCCAM RETORNO ABSOLUTO ADVISORY FIC MULTIMERCADO;22/03/2021;1,10562959
OCCAM RETORNO ABSOLUTO ADVISORY FIC MULTIMERCADO;23/03/2021;1,10333109
OCCAM RETORNO ABSOLUTO ADVISORY FIC MULTIMERCADO;24/03/2021;1,10300741
OCCAM RETORNO ABSOLUTO ADVISORY FIC MULTIMERCADO;25/03/2021;1,10350798
OCCAM RETORNO ABSOLUTO ADVISORY FIC MULTIMERCADO;26/03/2021;1,10595691
OCCAM RETORNO ABSOLUTO ADVISORY FIC MULTIMERCADO;29/03/2021;1,10769661
OCCAM RETORNO ABSOLUTO ADVISORY FIC MULTIMERCADO;30/03/2021;1,10627343
OCCAM RETORNO ABSOLUTO ADVISORY FIC MULTIMERCADO;31/03/2021;1,10606672
OCCAM RETORNO ABSOLUTO ADVISORY FIC MULTIMERCADO;01/04/2021;1,10672808
OCCAM RETORNO ABSOLUTO ADVISORY FIC MULTIMERCADO;05/04/2021;1,10789728
OCCAM RETORNO ABSOLUTO ADVISORY FIC MULTIMERCADO;06/04/2021;1,10722241
OCCAM RETORNO ABSOLUTO ADVISORY FIC MULTIMERCADO;07/04/2021;1,10930364
OCCAM RETORNO ABSOLUTO ADVISORY FIC MULTIMERCADO;08/04/2021;1,10825389
OCCAM RETORNO ABSOLUTO ADVISORY FIC MULTIMERCADO;09/04/2021;1,11090007
OCCAM RETORNO ABSOLUTO ADVISORY FIC MULTIMERCADO;12/04/2021;1,11215425
OCCAM RETORNO ABSOLUTO ADVISORY FIC MULTIMERCADO;13/04/2021;1,11332649
OCCAM RETORNO ABSOLUTO ADVISORY FIC MULTIMERCADO;14/04/2021;1,11367522
OCCAM RETORNO ABSOLUTO ADVISORY FIC MULTIMERCADO;15/04/2021;1,11306268
OCCAM RETORNO ABSOLUTO ADVISORY FIC MULTIMERCADO;16/04/2021;1,11282075
OCCAM RETORNO ABSOLUTO ADVISORY FIC MULTIMERCADO;19/04/2021;1,11067766
OCCAM RETORNO ABSOLUTO ADVISORY FIC MULTIMERCADO;20/04/2021;1,109115
OCCAM RETORNO ABSOLUTO ADVISORY FIC MULTIMERCADO;22/04/2021;1,10745308
OCCAM RETORNO ABSOLUTO ADVISORY FIC MULTIMERCADO;23/04/2021;1,11032648
OCCAM RETORNO ABSOLUTO ADVISORY FIC MULTIMERCADO;26/04/2021;1,11172272
OCCAM RETORNO ABSOLUTO ADVISORY FIC MULTIMERCADO;27/04/2021;1,11300589
OCCAM RETORNO ABSOLUTO ADVISORY FIC MULTIMERCADO;28/04/2021;1,11278724
OCCAM RETORNO ABSOLUTO ADVISORY FIC MULTIMERCADO;29/04/2021;1,11290199
OCCAM RETORNO ABSOLUTO ADVISORY FIC MULTIMERCADO;30/04/2021;1,11104417
OCCAM RETORNO ABSOLUTO ADVISORY FIC MULTIMERCADO;03/05/2021;1,11150032
OCCAM RETORNO ABSOLUTO ADVISORY FIC MULTIMERCADO;04/05/2021;1,11192483
OCCAM RETORNO ABSOLUTO ADVISORY FIC MULTIMERCADO;05/05/2021;1,11301877
OCCAM RETORNO ABSOLUTO ADVISORY FIC MULTIMERCADO;06/05/2021;1,11605376
OCCAM RETORNO ABSOLUTO ADVISORY FIC MULTIMERCADO;07/05/2021;1,11827869
OCCAM RETORNO ABSOLUTO ADVISORY FIC MULTIMERCADO;10/05/2021;1,116429
OCCAM RETORNO ABSOLUTO ADVISORY FIC MULTIMERCADO;11/05/2021;1,11548195
OCCAM RETORNO ABSOLUTO ADVISORY FIC MULTIMERCADO;12/05/2021;1,11248129
OCCAM RETORNO ABSOLUTO ADVISORY FIC MULTIMERCADO;13/05/2021;1,11093934
OCCAM RETORNO ABSOLUTO ADVISORY FIC MULTIMERCADO;14/05/2021;1,11035311
OCCAM RETORNO ABSOLUTO ADVISORY FIC MULTIMERCADO;17/05/2021;1,11186353
OCCAM RETORNO ABSOLUTO ADVISORY FIC MULTIMERCADO;18/05/2021;1,11301178
OCCAM RETORNO ABSOLUTO ADVISORY FIC MULTIMERCADO;19/05/2021;1,11132513
OCCAM RETORNO ABSOLUTO ADVISORY FIC MULTIMERCADO;20/05/2021;1,11002376
OCCAM RETORNO ABSOLUTO ADVISORY FIC MULTIMERCADO;21/05/2021;1,10903481
OCCAM RETORNO ABSOLUTO ADVISORY FIC MULTIMERCADO;24/05/2021;1,11145526
OCCAM RETORNO ABSOLUTO ADVISORY FIC MULTIMERCADO;25/05/2021;1,10725019
OCCAM RETORNO ABSOLUTO ADVISORY FIC MULTIMERCADO;26/05/2021;1,10786862
OCCAM RETORNO ABSOLUTO ADVISORY FIC MULTIMERCADO;27/05/2021;1,10789001
OCCAM RETORNO ABSOLUTO ADVISORY FIC MULTIMERCADO;28/05/2021;1,10797205
OCCAM RETORNO ABSOLUTO ADVISORY FIC MULTIMERCADO;31/05/2021;1,1108138
OCCAM RETORNO ABSOLUTO ADVISORY FIC MULTIMERCADO;01/06/2021;1,1125388
OCCAM RETORNO ABSOLUTO ADVISORY FIC MULTIMERCADO;02/06/2021;1,1116817
OCCAM RETORNO ABSOLUTO ADVISORY FIC MULTIMERCADO;04/06/2021;1,1097528
OCCAM RETORNO ABSOLUTO ADVISORY FIC MULTIMERCADO;07/06/2021;1,10942369
OCCAM RETORNO ABSOLUTO ADVISORY FIC MULTIMERCADO;08/06/2021;1,10762245
OCCAM RETORNO ABSOLUTO ADVISORY FIC MULTIMERCADO;09/06/2021;1,10871016
OCCAM RETORNO ABSOLUTO ADVISORY FIC MULTIMERCADO;10/06/2021;1,11006479
OCCAM RETORNO ABSOLUTO ADVISORY FIC MULTIMERCADO;11/06/2021;1,11065946
OCCAM RETORNO ABSOLUTO ADVISORY FIC MULTIMERCADO;14/06/2021;1,11141896
OCCAM RETORNO ABSOLUTO ADVISORY FIC MULTIMERCADO;15/06/2021;1,11116698
OCCAM RETORNO ABSOLUTO ADVISORY FIC MULTIMERCADO;16/06/2021;1,11050583
OCCAM RETORNO ABSOLUTO ADVISORY FIC MULTIMERCADO;17/06/2021;1,10934378
OCCAM RETORNO ABSOLUTO ADVISORY FIC MULTIMERCADO;18/06/2021;1,11008178
OCCAM RETORNO ABSOLUTO ADVISORY FIC MULTIMERCADO;21/06/2021;1,11185303
OCCAM RETORNO ABSOLUTO ADVISORY FIC MULTIMERCADO;22/06/2021;1,11227064
OCCAM RETORNO ABSOLUTO ADVISORY FIC MULTIMERCADO;23/06/2021;1,11218843
OCCAM RETORNO ABSOLUTO ADVISORY FIC MULTIMERCADO;24/06/2021;1,11331285
OCCAM RETORNO ABSOLUTO ADVISORY FIC MULTIMERCADO;25/06/2021;1,11289004
OCCAM RETORNO ABSOLUTO ADVISORY FIC MULTIMERCADO;28/06/2021;1,11197273
OCCAM RETORNO ABSOLUTO ADVISORY FIC MULTIMERCADO;29/06/2021;1,11229662
OCCAM RETORNO ABSOLUTO ADVISORY FIC MULTIMERCADO;30/06/2021;1,11297783
OCCAM RETORNO ABSOLUTO ADVISORY FIC MULTIMERCADO;01/07/2021;1,11359501
OCCAM RETORNO ABSOLUTO ADVISORY FIC MULTIMERCADO;02/07/2021;1,11604294
OCCAM RETORNO ABSOLUTO ADVISORY FIC MULTIMERCADO;05/07/2021;1,11699035
OCCAM RETORNO ABSOLUTO ADVISORY FIC MULTIMERCADO;06/07/2021;1,11561448
OCCAM RETORNO ABSOLUTO ADVISORY FIC MULTIMERCADO;07/07/2021;1,11443154
OCCAM RETORNO ABSOLUTO ADVISORY FIC MULTIMERCADO;08/07/2021;1,11236255
OCCAM RETORNO ABSOLUTO ADVISORY FIC MULTIMERCADO;09/07/2021;1,11466339
OCCAM RETORNO ABSOLUTO ADVISORY FIC MULTIMERCADO;12/07/2021;1,11635507
OCCAM RETORNO ABSOLUTO ADVISORY FIC MULTIMERCADO;13/07/2021;1,11821303
OCCAM RETORNO ABSOLUTO ADVISORY FIC MULTIMERCADO;14/07/2021;1,1159053
OCCAM RETORNO ABSOLUTO ADVISORY FIC MULTIMERCADO;15/07/2021;1,11574155
OCCAM RETORNO ABSOLUTO ADVISORY FIC MULTIMERCADO;16/07/2021;1,11267996
OCCAM RETORNO ABSOLUTO ADVISORY FIC MULTIMERCADO;19/07/2021;1,1068864
OCCAM RETORNO ABSOLUTO ADVISORY FIC MULTIMERCADO;20/07/2021;1,10700026
OCCAM RETORNO ABSOLUTO ADVISORY FIC MULTIMERCADO;21/07/2021;1,10952724
OCCAM RETORNO ABSOLUTO ADVISORY FIC MULTIMERCADO;22/07/2021;1,11109362
OCCAM RETORNO ABSOLUTO ADVISORY FIC MULTIMERCADO;23/07/2021;1,11675488
OCCAM RETORNO ABSOLUTO ADVISORY FIC MULTIMERCADO;26/07/2021;1,1178928
OCCAM RETORNO ABSOLUTO ADVISORY FIC MULTIMERCADO;27/07/2021;1,11585772
OCCAM RETORNO ABSOLUTO ADVISORY FIC MULTIMERCADO;28/07/2021;1,11613712
OCCAM RETORNO ABSOLUTO ADVISORY FIC MULTIMERCADO;29/07/2021;1,11476164
OCCAM RETORNO ABSOLUTO ADVISORY FIC MULTIMERCADO;30/07/2021;1,11392855
OCCAM RETORNO ABSOLUTO ADVISORY FIC MULTIMERCADO;02/08/2021;1,11412637
OCCAM RETORNO ABSOLUTO ADVISORY FIC MULTIMERCADO;03/08/2021;1,11668308
OCCAM RETORNO ABSOLUTO ADVISORY FIC MULTIMERCADO;04/08/2021;1,11581956
OCCAM RETORNO ABSOLUTO ADVISORY FIC MULTIMERCADO;05/08/2021;1,11976626
OCCAM RETORNO ABSOLUTO ADVISORY FIC MULTIMERCADO;06/08/2021;1,12047878
OCCAM RETORNO ABSOLUTO ADVISORY FIC MULTIMERCADO;09/08/2021;1,12101429
OCCAM RETORNO ABSOLUTO ADVISORY FIC MULTIMERCADO;10/08/2021;1,1191708
OCCAM RETORNO ABSOLUTO ADVISORY FIC MULTIMERCADO;11/08/2021;1,11945065
OCCAM RETORNO ABSOLUTO ADVISORY FIC MULTIMERCADO;12/08/2021;1,12148474
OCCAM RETORNO ABSOLUTO ADVISORY FIC MULTIMERCADO;13/08/2021;1,12095199
OCCAM RETORNO ABSOLUTO ADVISORY FIC MULTIMERCADO;16/08/2021;1,11847099
OCCAM RETORNO ABSOLUTO ADVISORY FIC MULTIMERCADO;17/08/2021;1,11640926
OCCAM RETORNO ABSOLUTO ADVISORY FIC MULTIMERCADO;18/08/2021;1,11487281
OCCAM RETORNO ABSOLUTO ADVISORY FIC MULTIMERCADO;19/08/2021;1,11694812
OCCAM RETORNO ABSOLUTO ADVISORY FIC MULTIMERCADO;20/08/2021;1,11805513
OCCAM RETORNO ABSOLUTO ADVISORY FIC MULTIMERCADO;23/08/2021;1,1195408
OCCAM RETORNO ABSOLUTO ADVISORY FIC MULTIMERCADO;24/08/2021;1,11998781
OCCAM RETORNO ABSOLUTO ADVISORY FIC MULTIMERCADO;25/08/2021;1,12090383
OCCAM RETORNO ABSOLUTO ADVISORY FIC MULTIMERCADO;26/08/2021;1,11997821
OCCAM RETORNO ABSOLUTO ADVISORY FIC MULTIMERCADO;27/08/2021;1,12246743
OCCAM RETORNO ABSOLUTO ADVISORY FIC MULTIMERCADO;30/08/2021;1,12350454
OCCAM RETORNO ABSOLUTO ADVISORY FIC MULTIMERCADO;31/08/2021;1,12268119
OCCAM RETORNO ABSOLUTO ADVISORY FIC MULTIMERCADO;01/09/2021;1,12409021
OCCAM RETORNO ABSOLUTO ADVISORY FIC MULTIMERCADO;02/09/2021;1,12565849
OCCAM RETORNO ABSOLUTO ADVISORY FIC MULTIMERCADO;03/09/2021;1,12567078
OCCAM RETORNO ABSOLUTO ADVISORY FIC MULTIMERCADO;06/09/2021;1,12612967
OCCAM RETORNO ABSOLUTO ADVISORY FIC MULTIMERCADO;08/09/2021;1,1275087
OCCAM RETORNO ABSOLUTO ADVISORY FIC MULTIMERCADO;09/09/2021;1,12915668
OCCAM RETORNO ABSOLUTO ADVISORY FIC MULTIMERCADO;10/09/2021;1,12642273
OCCAM RETORNO ABSOLUTO ADVISORY FIC MULTIMERCADO;13/09/2021;1,12681428
OCCAM RETORNO ABSOLUTO ADVISORY FIC MULTIMERCADO;14/09/2021;1,12490652
OCCAM RETORNO ABSOLUTO ADVISORY FIC MULTIMERCADO;15/09/2021;1,12703534
OCCAM RETORNO ABSOLUTO ADVISORY FIC MULTIMERCADO;16/09/2021;1,12783615
OCCAM RETORNO ABSOLUTO ADVISORY FIC MULTIMERCADO;17/09/2021;1,12471466
OCCAM RETORNO ABSOLUTO ADVISORY FIC MULTIMERCADO;20/09/2021;1,11695139
OCCAM RETORNO ABSOLUTO ADVISORY FIC MULTIMERCADO;21/09/2021;1,11590204
OCCAM RETORNO ABSOLUTO ADVISORY FIC MULTIMERCADO;22/09/2021;1,11712082
OCCAM RETORNO ABSOLUTO ADVISORY FIC MULTIMERCADO;23/09/2021;1,12112398
OCCAM RETORNO ABSOLUTO ADVISORY FIC MULTIMERCADO;24/09/2021;1,1230592
OCCAM RETORNO ABSOLUTO ADVISORY FIC MULTIMERCADO;27/09/2021;1,12388437
OCCAM RETORNO ABSOLUTO ADVISORY FIC MULTIMERCADO;28/09/2021;1,12109935
OCCAM RETORNO ABSOLUTO ADVISORY FIC MULTIMERCADO;29/09/2021;1,12132706
OCCAM RETORNO ABSOLUTO ADVISORY FIC MULTIMERCADO;30/09/2021;1,12171346
OCCAM RETORNO ABSOLUTO ADVISORY FIC MULTIMERCADO;01/10/2021;1,12155545
OCCAM RETORNO ABSOLUTO ADVISORY FIC MULTIMERCADO;04/10/2021;1,12262438
OCCAM RETORNO ABSOLUTO ADVISORY FIC MULTIMERCADO;05/10/2021;1,12493859
OCCAM RETORNO ABSOLUTO ADVISORY FIC MULTIMERCADO;06/10/2021;1,1252217
OCCAM RETORNO ABSOLUTO ADVISORY FIC MULTIMERCADO;07/10/2021;1,12795254
OCCAM RETORNO ABSOLUTO ADVISORY FIC MULTIMERCADO;08/10/2021;1,12757647
OCCAM RETORNO ABSOLUTO ADVISORY FIC MULTIMERCADO;11/10/2021;1,12709262
OCCAM RETORNO ABSOLUTO ADVISORY FIC MULTIMERCADO;13/10/2021;1,12515913
OCCAM RETORNO ABSOLUTO ADVISORY FIC MULTIMERCADO;14/10/2021;1,12731902
OCCAM RETORNO ABSOLUTO ADVISORY FIC MULTIMERCADO;15/10/2021;1,12928608
OCCAM RETORNO ABSOLUTO ADVISORY FIC MULTIMERCADO;18/10/2021;1,1305775
OCCAM RETORNO ABSOLUTO ADVISORY FIC MULTIMERCADO;19/10/2021;1,13393902
OCCAM RETORNO ABSOLUTO ADVISORY FIC MULTIMERCADO;20/10/2021;1,13371571
OCCAM RETORNO ABSOLUTO ADVISORY FIC MULTIMERCADO;21/10/2021;1,13488635
OCCAM RETORNO ABSOLUTO ADVISORY FIC MULTIMERCADO;22/10/2021;1,13464358
OCCAM RETORNO ABSOLUTO ADVISORY FIC MULTIMERCADO;25/10/2021;1,1341933
OCCAM RETORNO ABSOLUTO ADVISORY FIC MULTIMERCADO;26/10/2021;1,13648169
OCCAM RETORNO ABSOLUTO ADVISORY FIC MULTIMERCADO;27/10/2021;1,13481868
OCCAM RETORNO ABSOLUTO ADVISORY FIC MULTIMERCADO;28/10/2021;1,13800632
OCCAM RETORNO ABSOLUTO ADVISORY FIC MULTIMERCADO;29/10/2021;1,13996639
OCCAM RETORNO ABSOLUTO ADVISORY FIC MULTIMERCADO;01/11/2021;1,14051294
OCCAM RETORNO ABSOLUTO ADVISORY FIC MULTIMERCADO;03/11/2021;1,13983253
OCCAM RETORNO ABSOLUTO ADVISORY FIC MULTIMERCADO;04/11/2021;1,14058407
OCCAM RETORNO ABSOLUTO ADVISORY FIC MULTIMERCADO;05/11/2021;1,13926986
OCCAM RETORNO ABSOLUTO ADVISORY FIC MULTIMERCADO;08/11/2021;1,1406865
OCCAM RETORNO ABSOLUTO ADVISORY FIC MULTIMERCADO;09/11/2021;1,13578207
OCCAM RETORNO ABSOLUTO ADVISORY FIC MULTIMERCADO;10/11/2021;1,13503939
OCCAM RETORNO ABSOLUTO ADVISORY FIC MULTIMERCADO;11/11/2021;1,13512255
OCCAM RETORNO ABSOLUTO ADVISORY FIC MULTIMERCADO;12/11/2021;1,13665978
OCCAM RETORNO ABSOLUTO ADVISORY FIC MULTIMERCADO;16/11/2021;1,13820011
OCCAM RETORNO ABSOLUTO ADVISORY FIC MULTIMERCADO;17/11/2021;1,13833967
OCCAM RETORNO ABSOLUTO ADVISORY FIC MULTIMERCADO;18/11/2021;1,1401744
OCCAM RETORNO ABSOLUTO ADVISORY FIC MULTIMERCADO;19/11/2021;1,1378971
OCCAM RETORNO ABSOLUTO ADVISORY FIC MULTIMERCADO;22/11/2021;1,14002244
OCCAM RETORNO ABSOLUTO ADVISORY FIC MULTIMERCADO;23/11/2021;1,13965441
OCCAM RETORNO ABSOLUTO ADVISORY FIC MULTIMERCADO;24/11/2021;1,13909024
OCCAM RETORNO ABSOLUTO ADVISORY FIC MULTIMERCADO;25/11/2021;1,13923818
OCCAM RETORNO ABSOLUTO ADVISORY FIC MULTIMERCADO;26/11/2021;1,1331719
OCCAM RETORNO ABSOLUTO ADVISORY FIC MULTIMERCADO;29/11/2021;1,13513138
OCCAM RETORNO ABSOLUTO ADVISORY FIC MULTIMERCADO;30/11/2021;1,13008709
OCCAM RETORNO ABSOLUTO ADVISORY FIC MULTIMERCADO;01/12/2021;1,12950222
OCCAM RETORNO ABSOLUTO ADVISORY FIC MULTIMERCADO;02/12/2021;1,13069005
OCCAM RETORNO ABSOLUTO ADVISORY FIC MULTIMERCADO;03/12/2021;1,12342065
OCCAM RETORNO ABSOLUTO ADVISORY FIC MULTIMERCADO;06/12/2021;1,12568352
OCCAM RETORNO ABSOLUTO ADVISORY FIC MULTIMERCADO;07/12/2021;1,12997553
OCCAM RETORNO ABSOLUTO ADVISORY FIC MULTIMERCADO;08/12/2021;1,12894691
OCCAM RETORNO ABSOLUTO ADVISORY FIC MULTIMERCADO;09/12/2021;1,12959859
OCCAM RETORNO ABSOLUTO ADVISORY FIC MULTIMERCADO;10/12/2021;1,12922465
OCCAM RETORNO ABSOLUTO ADVISORY FIC MULTIMERCADO;13/12/2021;1,1272208
OCCAM RETORNO ABSOLUTO ADVISORY FIC MULTIMERCADO;14/12/2021;1,12685254
OCCAM RETORNO ABSOLUTO ADVISORY FIC MULTIMERCADO;15/12/2021;1,12975598
OCCAM RETORNO ABSOLUTO ADVISORY FIC MULTIMERCADO;16/12/2021;1,1254679
OCCAM RETORNO ABSOLUTO ADVISORY FIC MULTIMERCADO;17/12/2021;1,12449061
OCCAM RETORNO ABSOLUTO ADVISORY FIC MULTIMERCADO;20/12/2021;1,12191324
OCCAM RETORNO ABSOLUTO ADVISORY FIC MULTIMERCADO;21/12/2021;1,1262909
OCCAM RETORNO ABSOLUTO ADVISORY FIC MULTIMERCADO;22/12/2021;1,12769366
OCCAM RETORNO ABSOLUTO ADVISORY FIC MULTIMERCADO;23/12/2021;1,12932639
OCCAM RETORNO ABSOLUTO ADVISORY FIC MULTIMERCADO;24/12/2021;1,12947144
OCCAM RETORNO ABSOLUTO ADVISORY FIC MULTIMERCADO;27/12/2021;1,13198756
OCCAM RETORNO ABSOLUTO ADVISORY FIC MULTIMERCADO;28/12/2021;1,13112265
OCCAM RETORNO ABSOLUTO ADVISORY FIC MULTIMERCADO;29/12/2021;1,13308902
OCCAM RETORNO ABSOLUTO ADVISORY FIC MULTIMERCADO;30/12/2021;1,1311622
OCCAM RETORNO ABSOLUTO ADVISORY FIC MULTIMERCADO;31/12/2021;1,13005878
OCCAM RETORNO ABSOLUTO ADVISORY FIC MULTIMERCADO;03/01/2022;1,13497653
OCCAM RETORNO ABSOLUTO ADVISORY FIC MULTIMERCADO;04/01/2022;1,13816956
OCCAM RETORNO ABSOLUTO ADVISORY FIC MULTIMERCADO;05/01/2022;1,13578874
OCCAM RETORNO ABSOLUTO ADVISORY FIC MULTIMERCADO;06/01/2022;1,13674607
OCCAM RETORNO ABSOLUTO ADVISORY FIC MULTIMERCADO;07/01/2022;1,1376145
OCCAM RETORNO ABSOLUTO ADVISORY FIC MULTIMERCADO;10/01/2022;1,13963725
OCCAM RETORNO ABSOLUTO ADVISORY FIC MULTIMERCADO;11/01/2022;1,13836362
OCCAM RETORNO ABSOLUTO ADVISORY FIC MULTIMERCADO;12/01/2022;1,13588834
OCCAM RETORNO ABSOLUTO ADVISORY FIC MULTIMERCADO;13/01/2022;1,13471317
OCCAM RETORNO ABSOLUTO ADVISORY FIC MULTIMERCADO;14/01/2022;1,13817688
OCCAM RETORNO ABSOLUTO ADVISORY FIC MULTIMERCADO;17/01/2022;1,1400578
OCCAM RETORNO ABSOLUTO ADVISORY FIC MULTIMERCADO;18/01/2022;1,14210568
OCCAM RETORNO ABSOLUTO ADVISORY FIC MULTIMERCADO;19/01/2022;1,13762637
OCCAM RETORNO ABSOLUTO ADVISORY FIC MULTIMERCADO;20/01/2022;1,13459881
OCCAM RETORNO ABSOLUTO ADVISORY FIC MULTIMERCADO;21/01/2022;1,13267222
OCCAM RETORNO ABSOLUTO ADVISORY FIC MULTIMERCADO;24/01/2022;1,13243156
OCCAM RETORNO ABSOLUTO ADVISORY FIC MULTIMERCADO;25/01/2022;1,13548387
OCCAM RETORNO ABSOLUTO ADVISORY FIC MULTIMERCADO;26/01/2022;1,13808108
OCCAM RETORNO ABSOLUTO ADVISORY FIC MULTIMERCADO;27/01/2022;1,14286892
OCCAM RETORNO ABSOLUTO ADVISORY FIC MULTIMERCADO;28/01/2022;1,14014606
OCCAM RETORNO ABSOLUTO ADVISORY FIC MULTIMERCADO;31/01/2022;1,13794831
OCCAM RETORNO ABSOLUTO ADVISORY FIC MULTIMERCADO;01/02/2022;1,14089635
OCCAM RETORNO ABSOLUTO ADVISORY FIC MULTIMERCADO;02/02/2022;1,1408197
OCCAM RETORNO ABSOLUTO ADVISORY FIC MULTIMERCADO;03/02/2022;1,13817857
OCCAM RETORNO ABSOLUTO ADVISORY FIC MULTIMERCADO;04/02/2022;1,14522006
OCCAM RETORNO ABSOLUTO ADVISORY FIC MULTIMERCADO;07/02/2022;1,14393736
OCCAM RETORNO ABSOLUTO ADVISORY FIC MULTIMERCADO;08/02/2022;1,14458404
OCCAM RETORNO ABSOLUTO ADVISORY FIC MULTIMERCADO;09/02/2022;1,14502348
OCCAM RETORNO ABSOLUTO ADVISORY FIC MULTIMERCADO;10/02/2022;1,14935563
OCCAM RETORNO ABSOLUTO ADVISORY FIC MULTIMERCADO;11/02/2022;1,15090069
OCCAM RETORNO ABSOLUTO ADVISORY FIC MULTIMERCADO;14/02/2022;1,1498667
OCCAM RETORNO ABSOLUTO ADVISORY FIC MULTIMERCADO;15/02/2022;1,14783483
OCCAM RETORNO ABSOLUTO ADVISORY FIC MULTIMERCADO;16/02/2022;1,14689199
OCCAM RETORNO ABSOLUTO ADVISORY FIC MULTIMERCADO;17/02/2022;1,14229671
OCCAM RETORNO ABSOLUTO ADVISORY FIC MULTIMERCADO;18/02/2022;1,14025104
OCCAM RETORNO ABSOLUTO ADVISORY FIC MULTIMERCADO;21/02/2022;1,14068173
OCCAM RETORNO ABSOLUTO ADVISORY FIC MULTIMERCADO;22/02/2022;1,14210951
OCCAM RETORNO ABSOLUTO ADVISORY FIC MULTIMERCADO;23/02/2022;1,14065013
OCCAM RETORNO ABSOLUTO ADVISORY FIC MULTIMERCADO;24/02/2022;1,13738171
OCCAM RETORNO ABSOLUTO ADVISORY FIC MULTIMERCADO;25/02/2022;1,14113123
OCCAM RETORNO ABSOLUTO ADVISORY FIC MULTIMERCADO;02/03/2022;1,14521042
OCCAM RETORNO ABSOLUTO ADVISORY FIC MULTIMERCADO;03/03/2022;1,14584446
OCCAM RETORNO ABSOLUTO ADVISORY FIC MULTIMERCADO;04/03/2022;1,15139056
OCCAM RETORNO ABSOLUTO ADVISORY FIC MULTIMERCADO;07/03/2022;1,15577292
OCCAM RETORNO ABSOLUTO ADVISORY FIC MULTIMERCADO;08/03/2022;1,15964171
OCCAM RETORNO ABSOLUTO ADVISORY FIC MULTIMERCADO;09/03/2022;1,14987351
OCCAM RETORNO ABSOLUTO ADVISORY FIC MULTIMERCADO;10/03/2022;1,15658758
OCCAM RETORNO ABSOLUTO ADVISORY FIC MULTIMERCADO;11/03/2022;1,15762131
OCCAM RETORNO ABSOLUTO ADVISORY FIC MULTIMERCADO;14/03/2022;1,15812394
OCCAM RETORNO ABSOLUTO ADVISORY FIC MULTIMERCADO;15/03/2022;1,15416038
OCCAM RETORNO ABSOLUTO ADVISORY FIC MULTIMERCADO;16/03/2022;1,15481929
OCCAM RETORNO ABSOLUTO ADVISORY FIC MULTIMERCADO;17/03/2022;1,15515255
OCCAM RETORNO ABSOLUTO ADVISORY FIC MULTIMERCADO;18/03/2022;1,15519227
OCCAM RETORNO ABSOLUTO ADVISORY FIC MULTIMERCADO;21/03/2022;1,16025138
OCCAM RETORNO ABSOLUTO ADVISORY FIC MULTIMERCADO;22/03/2022;1,15979326
OCCAM RETORNO ABSOLUTO ADVISORY FIC MULTIMERCADO;23/03/2022;1,15902491
OCCAM RETORNO ABSOLUTO ADVISORY FIC MULTIMERCADO;24/03/2022;1,15805414
OCCAM RETORNO ABSOLUTO ADVISORY FIC MULTIMERCADO;25/03/2022;1,15936882
OCCAM RETORNO ABSOLUTO ADVISORY FIC MULTIMERCADO;28/03/2022;1,15952295
OCCAM RETORNO ABSOLUTO ADVISORY FIC MULTIMERCADO;29/03/2022;1,15777933
OCCAM RETORNO ABSOLUTO ADVISORY FIC MULTIMERCADO;30/03/2022;1,15733963
OCCAM RETORNO ABSOLUTO ADVISORY FIC MULTIMERCADO;31/03/2022;1,15451905
OCCAM RETORNO ABSOLUTO ADVISORY FIC MULTIMERCADO;01/04/2022;1,15765574
OCCAM RETORNO ABSOLUTO ADVISORY FIC MULTIMERCADO;04/04/2022;1,15745428
OCCAM RETORNO ABSOLUTO ADVISORY FIC MULTIMERCADO;05/04/2022;1,15861769
OCCAM RETORNO ABSOLUTO ADVISORY FIC MULTIMERCADO;06/04/2022;1,15788612
OCCAM RETORNO ABSOLUTO ADVISORY FIC MULTIMERCADO;07/04/2022;1,15916144
OCCAM RETORNO ABSOLUTO ADVISORY FIC MULTIMERCADO;08/04/2022;1,16341714
OCCAM RETORNO ABSOLUTO ADVISORY FIC MULTIMERCADO;11/04/2022;1,16542314
OCCAM RETORNO ABSOLUTO ADVISORY FIC MULTIMERCADO;12/04/2022;1,16330086
OCCAM RETORNO ABSOLUTO ADVISORY FIC MULTIMERCADO;13/04/2022;1,16375154
OCCAM RETORNO ABSOLUTO ADVISORY FIC MULTIMERCADO;14/04/2022;1,1686788
OCCAM RETORNO ABSOLUTO ADVISORY FIC MULTIMERCADO;18/04/2022;1,16968765
OCCAM RETORNO ABSOLUTO ADVISORY FIC MULTIMERCADO;19/04/2022;1,17160849
OCCAM RETORNO ABSOLUTO ADVISORY FIC MULTIMERCADO;20/04/2022;1,17366658
OCCAM RETORNO ABSOLUTO ADVISORY FIC MULTIMERCADO;22/04/2022;1,17738085
OCCAM RETORNO ABSOLUTO ADVISORY FIC MULTIMERCADO;25/04/2022;1,17432894
OCCAM RETORNO ABSOLUTO ADVISORY FIC MULTIMERCADO;26/04/2022;1,17687314
OCCAM RETORNO ABSOLUTO ADVISORY FIC MULTIMERCADO;27/04/2022;1,17719444
OCCAM RETORNO ABSOLUTO ADVISORY FIC MULTIMERCADO;28/04/2022;1,18032844
OCCAM RETORNO ABSOLUTO ADVISORY FIC MULTIMERCADO;29/04/2022;1,18184405
OCCAM RETORNO ABSOLUTO ADVISORY FIC MULTIMERCADO;02/05/2022;1,18411849
OCCAM RETORNO ABSOLUTO ADVISORY FIC MULTIMERCADO;03/05/2022;1,18474439
OCCAM RETORNO ABSOLUTO ADVISORY FIC MULTIMERCADO;04/05/2022;1,18611739
OCCAM RETORNO ABSOLUTO ADVISORY FIC MULTIMERCADO;05/05/2022;1,19002076
OCCAM RETORNO ABSOLUTO ADVISORY FIC MULTIMERCADO;06/05/2022;1,19430266
OCCAM RETORNO ABSOLUTO ADVISORY FIC MULTIMERCADO;09/05/2022;1,19272827
OCCAM RETORNO ABSOLUTO ADVISORY FIC MULTIMERCADO;10/05/2022;1,1922587
OCCAM RETORNO ABSOLUTO ADVISORY FIC MULTIMERCADO;11/05/2022;1,19574566
OCCAM RETORNO ABSOLUTO ADVISORY FIC MULTIMERCADO;12/05/2022;1,19438024
OCCAM RETORNO ABSOLUTO ADVISORY FIC MULTIMERCADO;13/05/2022;1,19544259
OCCAM RETORNO ABSOLUTO ADVISORY FIC MULTIMERCADO;16/05/2022;1,19675671
OCCAM RETORNO ABSOLUTO ADVISORY FIC MULTIMERCADO;17/05/2022;1,19747775
OCCAM RETORNO ABSOLUTO ADVISORY FIC MULTIMERCADO;18/05/2022;1,19510495
OCCAM RETORNO ABSOLUTO ADVISORY FIC MULTIMERCADO;19/05/2022;1,19370057
OCCAM RETORNO ABSOLUTO ADVISORY FIC MULTIMERCADO;20/05/2022;1,19413368
OCCAM RETORNO ABSOLUTO ADVISORY FIC MULTIMERCADO;23/05/2022;1,19697036
OCCAM RETORNO ABSOLUTO ADVISORY FIC MULTIMERCADO;24/05/2022;1,19775116
OCCAM RETORNO ABSOLUTO ADVISORY FIC MULTIMERCADO;25/05/2022;1,1985661
OCCAM RETORNO ABSOLUTO ADVISORY FIC MULTIMERCADO;26/05/2022;1,19577114
OCCAM RETORNO ABSOLUTO ADVISORY FIC MULTIMERCADO;27/05/2022;1,19322815
OCCAM RETORNO ABSOLUTO ADVISORY FIC MULTIMERCADO;30/05/2022;1,19433688
OCCAM RETORNO ABSOLUTO ADVISORY FIC MULTIMERCADO;31/05/2022;1,19447445
OCCAM RETORNO ABSOLUTO ADVISORY FIC MULTIMERCADO;01/06/2022;1,19774201
OCCAM RETORNO ABSOLUTO ADVISORY FIC MULTIMERCADO;02/06/2022;1,1991248
OCCAM RETORNO ABSOLUTO ADVISORY FIC MULTIMERCADO;03/06/2022;1,20007253
OCCAM RETORNO ABSOLUTO ADVISORY FIC MULTIMERCADO;06/06/2022;1,20125945
OCCAM RETORNO ABSOLUTO ADVISORY FIC MULTIMERCADO;07/06/2022;1,20598468
OCCAM RETORNO ABSOLUTO ADVISORY FIC MULTIMERCADO;08/06/2022;1,20672816
OCCAM RETORNO ABSOLUTO ADVISORY FIC MULTIMERCADO;09/06/2022;1,20548117
OCCAM RETORNO ABSOLUTO ADVISORY FIC MULTIMERCADO;10/06/2022;1,20726574
OCCAM RETORNO ABSOLUTO ADVISORY FIC MULTIMERCADO;13/06/2022;1,21030114
OCCAM RETORNO ABSOLUTO ADVISORY FIC MULTIMERCADO;14/06/2022;1,21391331
OCCAM RETORNO ABSOLUTO ADVISORY FIC MULTIMERCADO;15/06/2022;1,21112232
OCCAM RETORNO ABSOLUTO ADVISORY FIC MULTIMERCADO;17/06/2022;1,20243346
OCCAM RETORNO ABSOLUTO ADVISORY FIC MULTIMERCADO;20/06/2022;1,2044871
OCCAM RETORNO ABSOLUTO ADVISORY FIC MULTIMERCADO;21/06/2022;1,20313505
OCCAM RETORNO ABSOLUTO ADVISORY FIC MULTIMERCADO;22/06/2022;1,20102753
OCCAM RETORNO ABSOLUTO ADVISORY FIC MULTIMERCADO;23/06/2022;1,19819541
OCCAM RETORNO ABSOLUTO ADVISORY FIC MULTIMERCADO;24/06/2022;1,20063512
OCCAM RETORNO ABSOLUTO ADVISORY FIC MULTIMERCADO;27/06/2022;1,20336178
OCCAM RETORNO ABSOLUTO ADVISORY FIC MULTIMERCADO;28/06/2022;1,20545308
OCCAM RETORNO ABSOLUTO ADVISORY FIC MULTIMERCADO;29/06/2022;1,20537382
OCCAM RETORNO ABSOLUTO ADVISORY FIC MULTIMERCADO;30/06/2022;1,20599092
OCCAM RETORNO ABSOLUTO ADVISORY FIC MULTIMERCADO;01/07/2022;1,20571022
OCCAM RETORNO ABSOLUTO ADVISORY FIC MULTIMERCADO;04/07/2022;1,20569457
OCCAM RETORNO ABSOLUTO ADVISORY FIC MULTIMERCADO;05/07/2022;1,20437057
OCCAM RETORNO ABSOLUTO ADVISORY FIC MULTIMERCADO;06/07/2022;1,20473806
OCCAM RETORNO ABSOLUTO ADVISORY FIC MULTIMERCADO;07/07/2022;1,2047032
OCCAM RETORNO ABSOLUTO ADVISORY FIC MULTIMERCADO;08/07/2022;1,20493373
OCCAM RETORNO ABSOLUTO ADVISORY FIC MULTIMERCADO;11/07/2022;1,20603042
OCCAM RETORNO ABSOLUTO ADVISORY FIC MULTIMERCADO;12/07/2022;1,20545994
OCCAM RETORNO ABSOLUTO ADVISORY FIC MULTIMERCADO;13/07/2022;1,20905627
OCCAM RETORNO ABSOLUTO ADVISORY FIC MULTIMERCADO;14/07/2022;1,20963914
OCCAM RETORNO ABSOLUTO ADVISORY FIC MULTIMERCADO;15/07/2022;1,20921151
OCCAM RETORNO ABSOLUTO ADVISORY FIC MULTIMERCADO;18/07/2022;1,21245208
OCCAM RETORNO ABSOLUTO ADVISORY FIC MULTIMERCADO;19/07/2022;1,21499007
OCCAM RETORNO ABSOLUTO ADVISORY FIC MULTIMERCADO;20/07/2022;1,2130208
OCCAM RETORNO ABSOLUTO ADVISORY FIC MULTIMERCADO;21/07/2022;1,2136225
OCCAM RETORNO ABSOLUTO ADVISORY FIC MULTIMERCADO;22/07/2022;1,20964798
OCCAM RETORNO ABSOLUTO ADVISORY FIC MULTIMERCADO;25/07/2022;1,20985507
OCCAM RETORNO ABSOLUTO ADVISORY FIC MULTIMERCADO;26/07/2022;1,2105728
OCCAM RETORNO ABSOLUTO ADVISORY FIC MULTIMERCADO;27/07/2022;1,2088851
OCCAM RETORNO ABSOLUTO ADVISORY FIC MULTIMERCADO;28/07/2022;1,20643069
OCCAM RETORNO ABSOLUTO ADVISORY FIC MULTIMERCADO;29/07/2022;1,20639239
OCCAM RETORNO ABSOLUTO ADVISORY FIC MULTIMERCADO;01/08/2022;1,20472147
OCCAM RETORNO ABSOLUTO ADVISORY FIC MULTIMERCADO;02/08/2022;1,20851429
OCCAM RETORNO ABSOLUTO ADVISORY FIC MULTIMERCADO;03/08/2022;1,20785031
OCCAM RETORNO ABSOLUTO ADVISORY FIC MULTIMERCADO;04/08/2022;1,20411653
OCCAM RETORNO ABSOLUTO ADVISORY FIC MULTIMERCADO;05/08/2022;1,2076535
OCCAM RETORNO ABSOLUTO ADVISORY FIC MULTIMERCADO;08/08/2022;1,2026417
OCCAM RETORNO ABSOLUTO ADVISORY FIC MULTIMERCADO;09/08/2022;1,20768436
OCCAM RETORNO ABSOLUTO ADVISORY FIC MULTIMERCADO;10/08/2022;1,20388735
OCCAM RETORNO ABSOLUTO ADVISORY FIC MULTIMERCADO;11/08/2022;1,20391027
OCCAM RETORNO ABSOLUTO ADVISORY FIC MULTIMERCADO;12/08/2022;1,20342882
OCCAM RETORNO ABSOLUTO ADVISORY FIC MULTIMERCADO;15/08/2022;1,20393468
OCCAM RETORNO ABSOLUTO ADVISORY FIC MULTIMERCADO;16/08/2022;1,20366078
OCCAM RETORNO ABSOLUTO ADVISORY FIC MULTIMERCADO;17/08/2022;1,20822729
OCCAM RETORNO ABSOLUTO ADVISORY FIC MULTIMERCADO;18/08/2022;1,21141837
OCCAM RETORNO ABSOLUTO ADVISORY FIC MULTIMERCADO;19/08/2022;1,21116471
OCCAM RETORNO ABSOLUTO ADVISORY FIC MULTIMERCADO;22/08/2022;1,21417226
OCCAM RETORNO ABSOLUTO ADVISORY FIC MULTIMERCADO;23/08/2022;1,21036711
OCCAM RETORNO ABSOLUTO ADVISORY FIC MULTIMERCADO;24/08/2022;1,21254654
OCCAM RETORNO ABSOLUTO ADVISORY FIC MULTIMERCADO;25/08/2022;1,21402327
OCCAM RETORNO ABSOLUTO ADVISORY FIC MULTIMERCADO;26/08/2022;1,21478018
OCCAM RETORNO ABSOLUTO ADVISORY FIC MULTIMERCADO;29/08/2022;1,22037636
OCCAM RETORNO ABSOLUTO ADVISORY FIC MULTIMERCADO;30/08/2022;1,22146589
OCCAM RETORNO ABSOLUTO ADVISORY FIC MULTIMERCADO;31/08/2022;1,21998203
OCCAM RETORNO ABSOLUTO ADVISORY FIC MULTIMERCADO;01/09/2022;1,22065989
OCCAM RETORNO ABSOLUTO ADVISORY FIC MULTIMERCADO;02/09/2022;1,21705962
OCCAM RETORNO ABSOLUTO ADVISORY FIC MULTIMERCADO;05/09/2022;1,21751107
OCCAM RETORNO ABSOLUTO ADVISORY FIC MULTIMERCADO;06/09/2022;1,21949912
OCCAM RETORNO ABSOLUTO ADVISORY FIC MULTIMERCADO;08/09/2022;1,2162582
OCCAM RETORNO ABSOLUTO ADVISORY FIC MULTIMERCADO;09/09/2022;1,21391612
OCCAM RETORNO ABSOLUTO ADVISORY FIC MULTIMERCADO;12/09/2022;1,21556192
OCCAM RETORNO ABSOLUTO ADVISORY FIC MULTIMERCADO;13/09/2022;1,22387206
OCCAM RETORNO ABSOLUTO ADVISORY FIC MULTIMERCADO;14/09/2022;1,22691383
OCCAM RETORNO ABSOLUTO ADVISORY FIC MULTIMERCADO;15/09/2022;1,2315967
OCCAM RETORNO ABSOLUTO ADVISORY FIC MULTIMERCADO;16/09/2022;1,23098961
OCCAM RETORNO ABSOLUTO ADVISORY FIC MULTIMERCADO;19/09/2022;1,22980363
OCCAM RETORNO ABSOLUTO ADVISORY FIC MULTIMERCADO;20/09/2022;1,23619872
OCCAM RETORNO ABSOLUTO ADVISORY FIC MULTIMERCADO;21/09/2022;1,23212167
OCCAM RETORNO ABSOLUTO ADVISORY FIC MULTIMERCADO;22/09/2022;1,2323589
OCCAM RETORNO ABSOLUTO ADVISORY FIC MULTIMERCADO;23/09/2022;1,24059507
OCCAM RETORNO ABSOLUTO ADVISORY FIC MULTIMERCADO;26/09/2022;1,24504364
OCCAM RETORNO ABSOLUTO ADVISORY FIC MULTIMERCADO;27/09/2022;1,24385733
OCCAM RETORNO ABSOLUTO ADVISORY FIC MULTIMERCADO;28/09/2022;1,24251091
OCCAM RETORNO ABSOLUTO ADVISORY FIC MULTIMERCADO;29/09/2022;1,24525017
OCCAM RETORNO ABSOLUTO ADVISORY FIC MULTIMERCADO;30/09/2022;1,24296128
OCCAM RETORNO ABSOLUTO ADVISORY FIC MULTIMERCADO;03/10/2022;1,24429293
OCCAM RETORNO ABSOLUTO ADVISORY FIC MULTIMERCADO;04/10/2022;1,23950778
OCCAM RETORNO ABSOLUTO ADVISORY FIC MULTIMERCADO;05/10/2022;1,24331798
OCCAM RETORNO ABSOLUTO ADVISORY FIC MULTIMERCADO;06/10/2022;1,24705709
OCCAM RETORNO ABSOLUTO ADVISORY FIC MULTIMERCADO;07/10/2022;1,24961333
OCCAM RETORNO ABSOLUTO ADVISORY FIC MULTIMERCADO;10/10/2022;1,24964203
OCCAM RETORNO ABSOLUTO ADVISORY FIC MULTIMERCADO;11/10/2022;1,25248103
OCCAM RETORNO ABSOLUTO ADVISORY FIC MULTIMERCADO;13/10/2022;1,2524188
OCCAM RETORNO ABSOLUTO ADVISORY FIC MULTIMERCADO;14/10/2022;1,25679454
OCCAM RETORNO ABSOLUTO ADVISORY FIC MULTIMERCADO;17/10/2022;1,25491855
OCCAM RETORNO ABSOLUTO ADVISORY FIC MULTIMERCADO;18/10/2022;1,25489597
OCCAM RETORNO ABSOLUTO ADVISORY FIC MULTIMERCADO;19/10/2022;1,25972387
OCCAM RETORNO ABSOLUTO ADVISORY FIC MULTIMERCADO;20/10/2022;1,26064459
OCCAM RETORNO ABSOLUTO ADVISORY FIC MULTIMERCADO;21/10/2022;1,26287639
OCCAM RETORNO ABSOLUTO ADVISORY FIC MULTIMERCADO;24/10/2022;1,2610341
OCCAM RETORNO ABSOLUTO ADVISORY FIC MULTIMERCADO;25/10/2022;1,25542831
OCCAM RETORNO ABSOLUTO ADVISORY FIC MULTIMERCADO;26/10/2022;1,25293802
OCCAM RETORNO ABSOLUTO ADVISORY FIC MULTIMERCADO;27/10/2022;1,25384771
OCCAM RETORNO ABSOLUTO ADVISORY FIC MULTIMERCADO;28/10/2022;1,2574102
OCCAM RETORNO ABSOLUTO ADVISORY FIC MULTIMERCADO;31/10/2022;1,26473881
OCCAM RETORNO ABSOLUTO ADVISORY FIC MULTIMERCADO;01/11/2022;1,26066359
OCCAM RETORNO ABSOLUTO ADVISORY FIC MULTIMERCADO;03/11/2022;1,26677216
OCCAM RETORNO ABSOLUTO ADVISORY FIC MULTIMERCADO;04/11/2022;1,26478988
OCCAM RETORNO ABSOLUTO ADVISORY FIC MULTIMERCADO;07/11/2022;1,26507497
OCCAM RETORNO ABSOLUTO ADVISORY FIC MULTIMERCADO;08/11/2022;1,26182823
OCCAM RETORNO ABSOLUTO ADVISORY FIC MULTIMERCADO;09/11/2022;1,26225715
OCCAM RETORNO ABSOLUTO ADVISORY FIC MULTIMERCADO;10/11/2022;1,26256098
OCCAM RETORNO ABSOLUTO ADVISORY FIC MULTIMERCADO;11/11/2022;1,25909795
OCCAM RETORNO ABSOLUTO ADVISORY FIC MULTIMERCADO;14/11/2022;1,25692425
OCCAM RETORNO ABSOLUTO ADVISORY FIC MULTIMERCADO;16/11/2022;1,25589016
OCCAM RETORNO ABSOLUTO ADVISORY FIC MULTIMERCADO;17/11/2022;1,26380539
OCCAM RETORNO ABSOLUTO ADVISORY FIC MULTIMERCADO;18/11/2022;1,2666446
OCCAM RETORNO ABSOLUTO ADVISORY FIC MULTIMERCADO;21/11/2022;1,26269163
OCCAM RETORNO ABSOLUTO ADVISORY FIC MULTIMERCADO;22/11/2022;1,26655679
OCCAM RETORNO ABSOLUTO ADVISORY FIC MULTIMERCADO;23/11/2022;1,26800566
OCCAM RETORNO ABSOLUTO ADVISORY FIC MULTIMERCADO;24/11/2022;1,26182916
OCCAM RETORNO ABSOLUTO ADVISORY FIC MULTIMERCADO;25/11/2022;1,26666964
OCCAM RETORNO ABSOLUTO ADVISORY FIC MULTIMERCADO;28/11/2022;1,26675981
OCCAM RETORNO ABSOLUTO ADVISORY FIC MULTIMERCADO;29/11/2022;1,25946068
OCCAM RETORNO ABSOLUTO ADVISORY FIC MULTIMERCADO;30/11/2022;1,25924873
OCCAM RETORNO ABSOLUTO ADVISORY FIC MULTIMERCADO;01/12/2022;1,2588282
OCCAM RETORNO ABSOLUTO ADVISORY FIC MULTIMERCADO;02/12/2022;1,2569098
OCCAM RETORNO ABSOLUTO ADVISORY FIC MULTIMERCADO;05/12/2022;1,26308305
OCCAM RETORNO ABSOLUTO ADVISORY FIC MULTIMERCADO;06/12/2022;1,26107156
OCCAM RETORNO ABSOLUTO ADVISORY FIC MULTIMERCADO;07/12/2022;1,2568581
OCCAM RETORNO ABSOLUTO ADVISORY FIC MULTIMERCADO;08/12/2022;1,25975047
OCCAM RETORNO ABSOLUTO ADVISORY FIC MULTIMERCADO;09/12/2022;1,26303176
OCCAM RETORNO ABSOLUTO ADVISORY FIC MULTIMERCADO;12/12/2022;1,2675004
OCCAM RETORNO ABSOLUTO ADVISORY FIC MULTIMERCADO;13/12/2022;1,2696209
OCCAM RETORNO ABSOLUTO ADVISORY FIC MULTIMERCADO;14/12/2022;1,27495331
OCCAM RETORNO ABSOLUTO ADVISORY FIC MULTIMERCADO;15/12/2022;1,27443139
OCCAM RETORNO ABSOLUTO ADVISORY FIC MULTIMERCADO;16/12/2022;1,28098085
OCCAM RETORNO ABSOLUTO ADVISORY FIC MULTIMERCADO;19/12/2022;1,27789701
OCCAM RETORNO ABSOLUTO ADVISORY FIC MULTIMERCADO;20/12/2022;1,2710458
OCCAM RETORNO ABSOLUTO ADVISORY FIC MULTIMERCADO;21/12/2022;1,26792005
OCCAM RETORNO ABSOLUTO ADVISORY FIC MULTIMERCADO;22/12/2022;1,26614015
OCCAM RETORNO ABSOLUTO ADVISORY FIC MULTIMERCADO;23/12/2022;1,2614338
OCCAM RETORNO ABSOLUTO ADVISORY FIC MULTIMERCADO;26/12/2022;1,26366817
OCCAM RETORNO ABSOLUTO ADVISORY FIC MULTIMERCADO;27/12/2022;1,26623324
OCCAM RETORNO ABSOLUTO ADVISORY FIC MULTIMERCADO;28/12/2022;1,26518106
OCCAM RETORNO ABSOLUTO ADVISORY FIC MULTIMERCADO;29/12/2022;1,26074616
OCCAM RETORNO ABSOLUTO ADVISORY FIC MULTIMERCADO;30/12/2022;1,26223384
OCCAM RETORNO ABSOLUTO ADVISORY FIC MULTIMERCADO;02/01/2023;1,2682376
OCCAM RETORNO ABSOLUTO ADVISORY FIC MULTIMERCADO;03/01/2023;1,27077419
OCCAM RETORNO ABSOLUTO ADVISORY FIC MULTIMERCADO;04/01/2023;1,26927045
OCCAM RETORNO ABSOLUTO ADVISORY FIC MULTIMERCADO;05/01/2023;1,26561378
OCCAM RETORNO ABSOLUTO ADVISORY FIC MULTIMERCADO;06/01/2023;1,25795778
OCCAM RETORNO ABSOLUTO ADVISORY FIC MULTIMERCADO;09/01/2023;1,25764281
OCCAM RETORNO ABSOLUTO ADVISORY FIC MULTIMERCADO;10/01/2023;1,25241099
OCCAM RETORNO ABSOLUTO ADVISORY FIC MULTIMERCADO;11/01/2023;1,25115432
OCCAM RETORNO ABSOLUTO ADVISORY FIC MULTIMERCADO;12/01/2023;1,25330443
OCCAM RETORNO ABSOLUTO ADVISORY FIC MULTIMERCADO;13/01/2023;1,25791803
OCCAM RETORNO ABSOLUTO ADVISORY FIC MULTIMERCADO;16/01/2023;1,26533854
OCCAM RETORNO ABSOLUTO ADVISORY FIC MULTIMERCADO;17/01/2023;1,26047157
OCCAM RETORNO ABSOLUTO ADVISORY FIC MULTIMERCADO;18/01/2023;1,2631797
OCCAM RETORNO ABSOLUTO ADVISORY FIC MULTIMERCADO;19/01/2023;1,26531791
OCCAM RETORNO ABSOLUTO ADVISORY FIC MULTIMERCADO;20/01/2023;1,26803272
OCCAM RETORNO ABSOLUTO ADVISORY FIC MULTIMERCADO;23/01/2023;1,26680566
OCCAM RETORNO ABSOLUTO ADVISORY FIC MULTIMERCADO;24/01/2023;1,26378514
OCCAM RETORNO ABSOLUTO ADVISORY FIC MULTIMERCADO;25/01/2023;1,26223038
OCCAM RETORNO ABSOLUTO ADVISORY FIC MULTIMERCADO;26/01/2023;1,26384612
OCCAM RETORNO ABSOLUTO ADVISORY FIC MULTIMERCADO;27/01/2023;1,26850099
OCCAM RETORNO ABSOLUTO ADVISORY FIC MULTIMERCADO;30/01/2023;1,26881162
OCCAM RETORNO ABSOLUTO ADVISORY FIC MULTIMERCADO;31/01/2023;1,26356289
OCCAM RETORNO ABSOLUTO ADVISORY FIC MULTIMERCADO;01/02/2023;1,26811002
OCCAM RETORNO ABSOLUTO ADVISORY FIC MULTIMERCADO;02/02/2023;1,26741041
OCCAM RETORNO ABSOLUTO ADVISORY FIC MULTIMERCADO;03/02/2023;1,27651373
OCCAM RETORNO ABSOLUTO ADVISORY FIC MULTIMERCADO;06/02/2023;1,27660239
OCCAM RETORNO ABSOLUTO ADVISORY FIC MULTIMERCADO;07/02/2023;1,27676633
OCCAM RETORNO ABSOLUTO ADVISORY FIC MULTIMERCADO;08/02/2023;1,27337006
OCCAM RETORNO ABSOLUTO ADVISORY FIC MULTIMERCADO;09/02/2023;1,27348967
OCCAM RETORNO ABSOLUTO ADVISORY FIC MULTIMERCADO;10/02/2023;1,27793014
OCCAM RETORNO ABSOLUTO ADVISORY FIC MULTIMERCADO;13/02/2023;1,28020038
OCCAM RETORNO ABSOLUTO ADVISORY FIC MULTIMERCADO;14/02/2023;1,27899873
OCCAM RETORNO ABSOLUTO ADVISORY FIC MULTIMERCADO;15/02/2023;1,26793659
OCCAM RETORNO ABSOLUTO ADVISORY FIC MULTIMERCADO;16/02/2023;1,26948084
OCCAM RETORNO ABSOLUTO ADVISORY FIC MULTIMERCADO;17/02/2023;1,26903735
OCCAM RETORNO ABSOLUTO ADVISORY FIC MULTIMERCADO;22/02/2023;1,2736714
OCCAM RETORNO ABSOLUTO ADVISORY FIC MULTIMERCADO;23/02/2023;1,27345752
OCCAM RETORNO ABSOLUTO ADVISORY FIC MULTIMERCADO;24/02/2023;1,2786163
OCCAM RETORNO ABSOLUTO ADVISORY FIC MULTIMERCADO;27/02/2023;1,27163407
OCCAM RETORNO ABSOLUTO ADVISORY FIC MULTIMERCADO;28/02/2023;1,27497577
OCCAM RETORNO ABSOLUTO ADVISORY FIC MULTIMERCADO;01/03/2023;1,27845543
OCCAM RETORNO ABSOLUTO ADVISORY FIC MULTIMERCADO;02/03/2023;1,28243228
OCCAM RETORNO ABSOLUTO ADVISORY FIC MULTIMERCADO;03/03/2023;1,28366045
OCCAM RETORNO ABSOLUTO ADVISORY FIC MULTIMERCADO;06/03/2023;1,27400937
OCCAM RETORNO ABSOLUTO ADVISORY FIC MULTIMERCADO;07/03/2023;1,27037071
OCCAM RETORNO ABSOLUTO ADVISORY FIC MULTIMERCADO;08/03/2023;1,25882511
OCCAM RETORNO ABSOLUTO ADVISORY FIC MULTIMERCADO;09/03/2023;1,2507663
OCCAM RETORNO ABSOLUTO ADVISORY FIC MULTIMERCADO;10/03/2023;1,25769237
OCCAM RETORNO ABSOLUTO ADVISORY FIC MULTIMERCADO;13/03/2023;1,25188494
OCCAM RETORNO ABSOLUTO ADVISORY FIC MULTIMERCADO;14/03/2023;1,25299958
OCCAM RETORNO ABSOLUTO ADVISORY FIC MULTIMERCADO;15/03/2023;1,25230166
OCCAM RETORNO ABSOLUTO ADVISORY FIC MULTIMERCADO;16/03/2023;1,25167796
OCCAM RETORNO ABSOLUTO ADVISORY FIC MULTIMERCADO;17/03/2023;1,24786601
OCCAM RETORNO ABSOLUTO ADVISORY FIC MULTIMERCADO;20/03/2023;1,25173741
OCCAM RETORNO ABSOLUTO ADVISORY FIC MULTIMERCADO;21/03/2023;1,25323685
OCCAM RETORNO ABSOLUTO ADVISORY FIC MULTIMERCADO;22/03/2023;1,25163356
OCCAM RETORNO ABSOLUTO ADVISORY FIC MULTIMERCADO;23/03/2023;1,26003007
OCCAM RETORNO ABSOLUTO ADVISORY FIC MULTIMERCADO;24/03/2023;1,25392026
OCCAM RETORNO ABSOLUTO ADVISORY FIC MULTIMERCADO;27/03/2023;1,25202491
OCCAM RETORNO ABSOLUTO ADVISORY FIC MULTIMERCADO;28/03/2023;1,25341239
OCCAM RETORNO ABSOLUTO ADVISORY FIC MULTIMERCADO;29/03/2023;1,25591945
OCCAM RETORNO ABSOLUTO ADVISORY FIC MULTIMERCADO;30/03/2023;1,24806043
OCCAM RETORNO ABSOLUTO ADVISORY FIC MULTIMERCADO;31/03/2023;1,25130338
OCCAM RETORNO ABSOLUTO ADVISORY FIC MULTIMERCADO;03/04/2023;1,25023711
OCCAM RETORNO ABSOLUTO ADVISORY FIC MULTIMERCADO;04/04/2023;1,25342939
OCCAM RETORNO ABSOLUTO ADVISORY FIC MULTIMERCADO;05/04/2023;1,25107325
OCCAM RETORNO ABSOLUTO ADVISORY FIC MULTIMERCADO;06/04/2023;1,25388836
OCCAM RETORNO ABSOLUTO ADVISORY FIC MULTIMERCADO;10/04/2023;1,25079694
OCCAM RETORNO ABSOLUTO ADVISORY FIC MULTIMERCADO;11/04/2023;1,23984287
OCCAM RETORNO ABSOLUTO ADVISORY FIC MULTIMERCADO;12/04/2023;1,24194768
OCCAM RETORNO ABSOLUTO ADVISORY FIC MULTIMERCADO;13/04/2023;1,24099595
OCCAM RETORNO ABSOLUTO ADVISORY FIC MULTIMERCADO;14/04/2023;1,24520295
OCCAM RETORNO ABSOLUTO ADVISORY FIC MULTIMERCADO;17/04/2023;1,24580581
OCCAM RETORNO ABSOLUTO ADVISORY FIC MULTIMERCADO;18/04/2023;1,24718142
OCCAM RETORNO ABSOLUTO ADVISORY FIC MULTIMERCADO;19/04/2023;1,25033167
OCCAM RETORNO ABSOLUTO ADVISORY FIC MULTIMERCADO;20/04/2023;1,24945751
OCCAM RETORNO ABSOLUTO ADVISORY FIC MULTIMERCADO;24/04/2023;1,24717011
OCCAM RETORNO ABSOLUTO ADVISORY FIC MULTIMERCADO;25/04/2023;1,24686304
OCCAM RETORNO ABSOLUTO ADVISORY FIC MULTIMERCADO;26/04/2023;1,25104382
OCCAM RETORNO ABSOLUTO ADVISORY FIC MULTIMERCADO;27/04/2023;1,25235543
OCCAM RETORNO ABSOLUTO ADVISORY FIC MULTIMERCADO;28/04/2023;1,25036235
OCCAM RETORNO ABSOLUTO ADVISORY FIC MULTIMERCADO;02/05/2023;1,25204508
OCCAM RETORNO ABSOLUTO ADVISORY FIC MULTIMERCADO;03/05/2023;1,24820549
OCCAM RETORNO ABSOLUTO ADVISORY FIC MULTIMERCADO;04/05/2023;1,24216333
OCCAM RETORNO ABSOLUTO ADVISORY FIC MULTIMERCADO;05/05/2023;1,23176408
OCCAM RETORNO ABSOLUTO ADVISORY FIC MULTIMERCADO;08/05/2023;1,2266494
OCCAM RETORNO ABSOLUTO ADVISORY FIC MULTIMERCADO;09/05/2023;1,22374948
OCCAM RETORNO ABSOLUTO ADVISORY FIC MULTIMERCADO;10/05/2023;1,22418434
OCCAM RETORNO ABSOLUTO ADVISORY FIC MULTIMERCADO;11/05/2023;1,22439735
OCCAM RETORNO ABSOLUTO ADVISORY FIC MULTIMERCADO;12/05/2023;1,22311265
OCCAM RETORNO ABSOLUTO ADVISORY FIC MULTIMERCADO;15/05/2023;1,21919602
OCCAM RETORNO ABSOLUTO ADVISORY FIC MULTIMERCADO;16/05/2023;1,22466662
OCCAM RETORNO ABSOLUTO ADVISORY FIC MULTIMERCADO;17/05/2023;1,21824001
OCCAM RETORNO ABSOLUTO ADVISORY FIC MULTIMERCADO;18/05/2023;1,21496492
OCCAM RETORNO ABSOLUTO ADVISORY FIC MULTIMERCADO;19/05/2023;1,21380622
OCCAM RETORNO ABSOLUTO ADVISORY FIC MULTIMERCADO;22/05/2023;1,21385066
OCCAM RETORNO ABSOLUTO ADVISORY FIC MULTIMERCADO;23/05/2023;1,2133353
OCCAM RETORNO ABSOLUTO ADVISORY FIC MULTIMERCADO;24/05/2023;1,21369012
OCCAM RETORNO ABSOLUTO ADVISORY FIC MULTIMERCADO;25/05/2023;1,21772764
OCCAM RETORNO ABSOLUTO ADVISORY FIC MULTIMERCADO;26/05/2023;1,21685089
OCCAM RETORNO ABSOLUTO ADVISORY FIC MULTIMERCADO;29/05/2023;1,21682854
OCCAM RETORNO ABSOLUTO ADVISORY FIC MULTIMERCADO;30/05/2023;1,21689681
OCCAM RETORNO ABSOLUTO ADVISORY FIC MULTIMERCADO;31/05/2023;1,21644058
OCCAM RETORNO ABSOLUTO ADVISORY FIC MULTIMERCADO;01/06/2023;1,21841269
OCCAM RETORNO ABSOLUTO ADVISORY FIC MULTIMERCADO;02/06/2023;1,21579954
OCCAM RETORNO ABSOLUTO ADVISORY FIC MULTIMERCADO;05/06/2023;1,21719175
OCCAM RETORNO ABSOLUTO ADVISORY FIC MULTIMERCADO;06/06/2023;1,21797883
OCCAM RETORNO ABSOLUTO ADVISORY FIC MULTIMERCADO;07/06/2023;1,21675987
OCCAM RETORNO ABSOLUTO ADVISORY FIC MULTIMERCADO;09/06/2023;1,2223633
OCCAM RETORNO ABSOLUTO ADVISORY FIC MULTIMERCADO;12/06/2023;1,22558213
OCCAM RETORNO ABSOLUTO ADVISORY FIC MULTIMERCADO;13/06/2023;1,22154004
OCCAM RETORNO ABSOLUTO ADVISORY FIC MULTIMERCADO;14/06/2023;1,2256964
OCCAM RETORNO ABSOLUTO ADVISORY FIC MULTIMERCADO;15/06/2023;1,22602972
OCCAM RETORNO ABSOLUTO ADVISORY FIC MULTIMERCADO;16/06/2023;1,22369217
OCCAM RETORNO ABSOLUTO ADVISORY FIC MULTIMERCADO;19/06/2023;1,22720049
OCCAM RETORNO ABSOLUTO ADVISORY FIC MULTIMERCADO;20/06/2023;1,23084154
OCCAM RETORNO ABSOLUTO ADVISORY FIC MULTIMERCADO;21/06/2023;1,23576082
OCCAM RETORNO ABSOLUTO ADVISORY FIC MULTIMERCADO;22/06/2023;1,23203931
OCCAM RETORNO ABSOLUTO ADVISORY FIC MULTIMERCADO;23/06/2023;1,23380932
OCCAM RETORNO ABSOLUTO ADVISORY FIC MULTIMERCADO;26/06/2023;1,2327609
OCCAM RETORNO ABSOLUTO ADVISORY FIC MULTIMERCADO;27/06/2023;1,23029523
OCCAM RETORNO ABSOLUTO ADVISORY FIC MULTIMERCADO;28/06/2023;1,23266059
OCCAM RETORNO ABSOLUTO ADVISORY FIC MULTIMERCADO;29/06/2023;1,23311608
OCCAM RETORNO ABSOLUTO ADVISORY FIC MULTIMERCADO;30/06/2023;1,23424726
OCCAM RETORNO ABSOLUTO ADVISORY FIC MULTIMERCADO;03/07/2023;1,2388535
OCCAM RETORNO ABSOLUTO ADVISORY FIC MULTIMERCADO;04/07/2023;1,23698924
OCCAM RETORNO ABSOLUTO ADVISORY FIC MULTIMERCADO;05/07/2023;1,23987282
OCCAM RETORNO ABSOLUTO ADVISORY FIC MULTIMERCADO;06/07/2023;1,23383222
OCCAM RETORNO ABSOLUTO ADVISORY FIC MULTIMERCADO;07/07/2023;1,23762784
OCCAM RETORNO ABSOLUTO ADVISORY FIC MULTIMERCADO;10/07/2023;1,23280235
OCCAM RETORNO ABSOLUTO ADVISORY FIC MULTIMERCADO;11/07/2023;1,23012856
OCCAM RETORNO ABSOLUTO ADVISORY FIC MULTIMERCADO;12/07/2023;1,23119991
OCCAM RETORNO ABSOLUTO ADVISORY FIC MULTIMERCADO;13/07/2023;1,23703186
OCCAM RETORNO ABSOLUTO ADVISORY FIC MULTIMERCADO;14/07/2023;1,23023226
OCCAM RETORNO ABSOLUTO ADVISORY FIC MULTIMERCADO;17/07/2023;1,23714604
OCCAM RETORNO ABSOLUTO ADVISORY FIC MULTIMERCADO;18/07/2023;1,24084783
OCCAM RETORNO ABSOLUTO ADVISORY FIC MULTIMERCADO;19/07/2023;1,2409658
OCCAM RETORNO ABSOLUTO ADVISORY FIC MULTIMERCADO;20/07/2023;1,24187671
OCCAM RETORNO ABSOLUTO ADVISORY FIC MULTIMERCADO;21/07/2023;1,24980278
OCCAM RETORNO ABSOLUTO ADVISORY FIC MULTIMERCADO;24/07/2023;1,25014452
OCCAM RETORNO ABSOLUTO ADVISORY FIC MULTIMERCADO;25/07/2023;1,25023725
OCCAM RETORNO ABSOLUTO ADVISORY FIC MULTIMERCADO;26/07/2023;1,25187587
OCCAM RETORNO ABSOLUTO ADVISORY FIC MULTIMERCADO;27/07/2023;1,24423942
OCCAM RETORNO ABSOLUTO ADVISORY FIC MULTIMERCADO;28/07/2023;1,24849615
OCCAM RETORNO ABSOLUTO ADVISORY FIC MULTIMERCADO;31/07/2023;1,25198462
OCCAM RETORNO ABSOLUTO ADVISORY FIC MULTIMERCADO;01/08/2023;1,2480018
OCCAM RETORNO ABSOLUTO ADVISORY FIC MULTIMERCADO;02/08/2023;1,24312196
OCCAM RETORNO ABSOLUTO ADVISORY FIC MULTIMERCADO;03/08/2023;1,25156855
OCCAM RETORNO ABSOLUTO ADVISORY FIC MULTIMERCADO;04/08/2023;1,25205591
OCCAM RETORNO ABSOLUTO ADVISORY FIC MULTIMERCADO;07/08/2023;1,25069836
OCCAM RETORNO ABSOLUTO ADVISORY FIC MULTIMERCADO;08/08/2023;1,25238572
OCCAM RETORNO ABSOLUTO ADVISORY FIC MULTIMERCADO;09/08/2023;1,25120887
OCCAM RETORNO ABSOLUTO ADVISORY FIC MULTIMERCADO;10/08/2023;1,25100454
OCCAM RETORNO ABSOLUTO ADVISORY FIC MULTIMERCADO;11/08/2023;1,24842614
OCCAM RETORNO ABSOLUTO ADVISORY FIC MULTIMERCADO;14/08/2023;1,24522872
OCCAM RETORNO ABSOLUTO ADVISORY FIC MULTIMERCADO;15/08/2023;1,24227637
OCCAM RETORNO ABSOLUTO ADVISORY FIC MULTIMERCADO;16/08/2023;1,23862767
OCCAM RETORNO ABSOLUTO ADVISORY FIC MULTIMERCADO;17/08/2023;1,23443524
OCCAM RETORNO ABSOLUTO ADVISORY FIC MULTIMERCADO;18/08/2023;1,23732506
OCCAM RETORNO ABSOLUTO ADVISORY FIC MULTIMERCADO;21/08/2023;1,23698538
OCCAM RETORNO ABSOLUTO ADVISORY FIC MULTIMERCADO;22/08/2023;1,24135826
OCCAM RETORNO ABSOLUTO ADVISORY FIC MULTIMERCADO;23/08/2023;1,24707335
OCCAM RETORNO ABSOLUTO ADVISORY FIC MULTIMERCADO;24/08/2023;1,24454864
OCCAM RETORNO ABSOLUTO ADVISORY FIC MULTIMERCADO;25/08/2023;1,23837264
OCCAM RETORNO ABSOLUTO ADVISORY FIC MULTIMERCADO;28/08/2023;1,23658118
OCCAM RETORNO ABSOLUTO ADVISORY FIC MULTIMERCADO;29/08/2023;1,2388775
OCCAM RETORNO ABSOLUTO ADVISORY FIC MULTIMERCADO;30/08/2023;1,24059851
OCCAM RETORNO ABSOLUTO ADVISORY FIC MULTIMERCADO;31/08/2023;1,23939867
OCCAM RETORNO ABSOLUTO ADVISORY FIC MULTIMERCADO;01/09/2023;1,23807634
OCCAM RETORNO ABSOLUTO ADVISORY FIC MULTIMERCADO;04/09/2023;1,23496332
OCCAM RETORNO ABSOLUTO ADVISORY FIC MULTIMERCADO;05/09/2023;1,23540492
OCCAM RETORNO ABSOLUTO ADVISORY FIC MULTIMERCADO;06/09/2023;1,2331717
OCCAM RETORNO ABSOLUTO ADVISORY FIC MULTIMERCADO;08/09/2023;1,23679495
OCCAM RETORNO ABSOLUTO ADVISORY FIC MULTIMERCADO;11/09/2023;1,23970925
OCCAM RETORNO ABSOLUTO ADVISORY FIC MULTIMERCADO;12/09/2023;1,24160437
OCCAM RETORNO ABSOLUTO ADVISORY FIC MULTIMERCADO;13/09/2023;1,24622757
OCCAM RETORNO ABSOLUTO ADVISORY FIC MULTIMERCADO;14/09/2023;1,25129805
OCCAM RETORNO ABSOLUTO ADVISORY FIC MULTIMERCADO;15/09/2023;1,24750269
OCCAM RETORNO ABSOLUTO ADVISORY FIC MULTIMERCADO;18/09/2023;1,24299057
OCCAM RETORNO ABSOLUTO ADVISORY FIC MULTIMERCADO;19/09/2023;1,24238632
OCCAM RETORNO ABSOLUTO ADVISORY FIC MULTIMERCADO;20/09/2023;1,23935505
OCCAM RETORNO ABSOLUTO ADVISORY FIC MULTIMERCADO;21/09/2023;1,23991622
OCCAM RETORNO ABSOLUTO ADVISORY FIC MULTIMERCADO;22/09/2023;1,24107957
OCCAM RETORNO ABSOLUTO ADVISORY FIC MULTIMERCADO;25/09/2023;1,24526485
OCCAM RETORNO ABSOLUTO ADVISORY FIC MULTIMERCADO;26/09/2023;1,2470209
OCCAM RETORNO ABSOLUTO ADVISORY FIC MULTIMERCADO;27/09/2023;1,25006156
OCCAM RETORNO ABSOLUTO ADVISORY FIC MULTIMERCADO;28/09/2023;1,25123101
OCCAM RETORNO ABSOLUTO ADVISORY FIC MULTIMERCADO;29/09/2023;1,24898929
OCCAM RETORNO ABSOLUTO ADVISORY FIC MULTIMERCADO;02/10/2023;1,25304639
OCCAM RETORNO ABSOLUTO ADVISORY FIC MULTIMERCADO;03/10/2023;1,2545031
OCCAM RETORNO ABSOLUTO ADVISORY FIC MULTIMERCADO;04/10/2023;1,25325645
OCCAM RETORNO ABSOLUTO ADVISORY FIC MULTIMERCADO;05/10/2023;1,2543454
OCCAM RETORNO ABSOLUTO ADVISORY FIC MULTIMERCADO;06/10/2023;1,25603621
OCCAM RETORNO ABSOLUTO ADVISORY FIC MULTIMERCADO;09/10/2023;1,25826129
OCCAM RETORNO ABSOLUTO ADVISORY FIC MULTIMERCADO;10/10/2023;1,25768507
OCCAM RETORNO ABSOLUTO ADVISORY FIC MULTIMERCADO;11/10/2023;1,25881177
OCCAM RETORNO ABSOLUTO ADVISORY FIC MULTIMERCADO;13/10/2023;1,26031217
OCCAM RETORNO ABSOLUTO ADVISORY FIC MULTIMERCADO;16/10/2023;1,26173998
OCCAM RETORNO ABSOLUTO ADVISORY FIC MULTIMERCADO;17/10/2023;1,26370452
OCCAM RETORNO ABSOLUTO ADVISORY FIC MULTIMERCADO;18/10/2023;1,26602023
OCCAM RETORNO ABSOLUTO ADVISORY FIC MULTIMERCADO;19/10/2023;1,27032535
OCCAM RETORNO ABSOLUTO ADVISORY FIC MULTIMERCADO;20/10/2023;1,27294559
OCCAM RETORNO ABSOLUTO ADVISORY FIC MULTIMERCADO;23/10/2023;1,27270308
OCCAM RETORNO ABSOLUTO ADVISORY FIC MULTIMERCADO;24/10/2023;1,27472117
OCCAM RETORNO ABSOLUTO ADVISORY FIC MULTIMERCADO;25/10/2023;1,27401887
OCCAM RETORNO ABSOLUTO ADVISORY FIC MULTIMERCADO;26/10/2023;1,2688134
OCCAM RETORNO ABSOLUTO ADVISORY FIC MULTIMERCADO;27/10/2023;1,27096252
OCCAM RETORNO ABSOLUTO ADVISORY FIC MULTIMERCADO;30/10/2023;1,27248755
OCCAM RETORNO ABSOLUTO ADVISORY FIC MULTIMERCADO;31/10/2023;1,27322327
OCCAM RETORNO ABSOLUTO ADVISORY FIC MULTIMERCADO;01/11/2023;1,27270914
OCCAM RETORNO ABSOLUTO ADVISORY FIC MULTIMERCADO;03/11/2023;1,26869568
OCCAM RETORNO ABSOLUTO ADVISORY FIC MULTIMERCADO;06/11/2023;1,27106414
OCCAM RETORNO ABSOLUTO ADVISORY FIC MULTIMERCADO;07/11/2023;1,26685757
OCCAM RETORNO ABSOLUTO ADVISORY FIC MULTIMERCADO;08/11/2023;1,26674128
OCCAM RETORNO ABSOLUTO ADVISORY FIC MULTIMERCADO;09/11/2023;1,2656534
OCCAM RETORNO ABSOLUTO ADVISORY FIC MULTIMERCADO;10/11/2023;1,26917779
OCCAM RETORNO ABSOLUTO ADVISORY FIC MULTIMERCADO;13/11/2023;1,27070126
OCCAM RETORNO ABSOLUTO ADVISORY FIC MULTIMERCADO;14/11/2023;1,27543979
OCCAM RETORNO ABSOLUTO ADVISORY FIC MULTIMERCADO;16/11/2023;1,26664113
OCCAM RETORNO ABSOLUTO ADVISORY FIC MULTIMERCADO;17/11/2023;1,26627532
OCCAM RETORNO ABSOLUTO ADVISORY FIC MULTIMERCADO;20/11/2023;1,2659429
OCCAM RETORNO ABSOLUTO ADVISORY FIC MULTIMERCADO;21/11/2023;1,26524474
OCCAM RETORNO ABSOLUTO ADVISORY FIC MULTIMERCADO;22/11/2023;1,26772954
SPX NIMITZ FEEDER FIC MULTIMERCADO;01/12/2010;1,00
SPX NIMITZ FEEDER FIC MULTIMERCADO;02/12/2010;1,002623
SPX NIMITZ FEEDER FIC MULTIMERCADO;03/12/2010;1,0013846
SPX NIMITZ FEEDER FIC MULTIMERCADO;06/12/2010;1,0003366
SPX NIMITZ FEEDER FIC MULTIMERCADO;07/12/2010;1,0008658
SPX NIMITZ FEEDER FIC MULTIMERCADO;08/12/2010;1,0023448
SPX NIMITZ FEEDER FIC MULTIMERCADO;09/12/2010;1,0019544
SPX NIMITZ FEEDER FIC MULTIMERCADO;10/12/2010;1,0011306
SPX NIMITZ FEEDER FIC MULTIMERCADO;13/12/2010;1,0015894
SPX NIMITZ FEEDER FIC MULTIMERCADO;14/12/2010;1,0019576
SPX NIMITZ FEEDER FIC MULTIMERCADO;15/12/2010;1,0035507
SPX NIMITZ FEEDER FIC MULTIMERCADO;16/12/2010;1,0021383
SPX NIMITZ FEEDER FIC MULTIMERCADO;17/12/2010;1,0019334
SPX NIMITZ FEEDER FIC MULTIMERCADO;20/12/2010;1,003095
SPX NIMITZ FEEDER FIC MULTIMERCADO;21/12/2010;1,0070414
SPX NIMITZ FEEDER FIC MULTIMERCADO;22/12/2010;1,0093066
SPX NIMITZ FEEDER FIC MULTIMERCADO;23/12/2010;1,0101407
SPX NIMITZ FEEDER FIC MULTIMERCADO;24/12/2010;1,0101407
SPX NIMITZ FEEDER FIC MULTIMERCADO;27/12/2010;1,011608
SPX NIMITZ FEEDER FIC MULTIMERCADO;28/12/2010;1,0124742
SPX NIMITZ FEEDER FIC MULTIMERCADO;29/12/2010;1,0111708
SPX NIMITZ FEEDER FIC MULTIMERCADO;30/12/2010;1,0101973
SPX NIMITZ FEEDER FIC MULTIMERCADO;31/12/2010;1,0101973
SPX NIMITZ FEEDER FIC MULTIMERCADO;03/01/2011;1,0100044
SPX NIMITZ FEEDER FIC MULTIMERCADO;04/01/2011;1,0092307
SPX NIMITZ FEEDER FIC MULTIMERCADO;05/01/2011;1,0141361
SPX NIMITZ FEEDER FIC MULTIMERCADO;06/01/2011;1,0142641
SPX NIMITZ FEEDER FIC MULTIMERCADO;07/01/2011;1,0155662
SPX NIMITZ FEEDER FIC MULTIMERCADO;10/01/2011;1,0177579
SPX NIMITZ FEEDER FIC MULTIMERCADO;11/01/2011;1,0178516
SPX NIMITZ FEEDER FIC MULTIMERCADO;12/01/2011;1,0208022
SPX NIMITZ FEEDER FIC MULTIMERCADO;13/01/2011;1,0213567
SPX NIMITZ FEEDER FIC MULTIMERCADO;14/01/2011;1,0252392
SPX NIMITZ FEEDER FIC MULTIMERCADO;17/01/2011;1,0260149
SPX NIMITZ FEEDER FIC MULTIMERCADO;18/01/2011;1,0271639
SPX NIMITZ FEEDER FIC MULTIMERCADO;19/01/2011;1,0259471
SPX NIMITZ FEEDER FIC MULTIMERCADO;20/01/2011;1,0264089
SPX NIMITZ FEEDER FIC MULTIMERCADO;21/01/2011;1,02835
SPX NIMITZ FEEDER FIC MULTIMERCADO;24/01/2011;1,0297584
SPX NIMITZ FEEDER FIC MULTIMERCADO;25/01/2011;1,0297584
SPX NIMITZ FEEDER FIC MULTIMERCADO;26/01/2011;1,0313659
SPX NIMITZ FEEDER FIC MULTIMERCADO;27/01/2011;1,0327053
SPX NIMITZ FEEDER FIC MULTIMERCADO;28/01/2011;1,0287988
SPX NIMITZ FEEDER FIC MULTIMERCADO;31/01/2011;1,0280951
SPX NIMITZ FEEDER FIC MULTIMERCADO;01/02/2011;1,0286234
SPX NIMITZ FEEDER FIC MULTIMERCADO;02/02/2011;1,0274625
SPX NIMITZ FEEDER FIC MULTIMERCADO;03/02/2011;1,0270398
SPX NIMITZ FEEDER FIC MULTIMERCADO;04/02/2011;1,0328212
SPX NIMITZ FEEDER FIC MULTIMERCADO;07/02/2011;1,0297285
SPX NIMITZ FEEDER FIC MULTIMERCADO;08/02/2011;1,0268306
SPX NIMITZ FEEDER FIC MULTIMERCADO;09/02/2011;1,0293757
SPX NIMITZ FEEDER FIC MULTIMERCADO;10/02/2011;1,0294763
SPX NIMITZ FEEDER FIC MULTIMERCADO;11/02/2011;1,0299906
SPX NIMITZ FEEDER FIC MULTIMERCADO;14/02/2011;1,0362987
SPX NIMITZ FEEDER FIC MULTIMERCADO;15/02/2011;1,0345285
SPX NIMITZ FEEDER FIC MULTIMERCADO;16/02/2011;1,0338622
SPX NIMITZ FEEDER FIC MULTIMERCADO;17/02/2011;1,0321617
SPX NIMITZ FEEDER FIC MULTIMERCADO;18/02/2011;1,0330536
SPX NIMITZ FEEDER FIC MULTIMERCADO;21/02/2011;1,0344145
SPX NIMITZ FEEDER FIC MULTIMERCADO;22/02/2011;1,0340131
SPX NIMITZ FEEDER FIC MULTIMERCADO;23/02/2011;1,0354915
SPX NIMITZ FEEDER FIC MULTIMERCADO;24/02/2011;1,0411646
SPX NIMITZ FEEDER FIC MULTIMERCADO;25/02/2011;1,041205
SPX NIMITZ FEEDER FIC MULTIMERCADO;28/02/2011;1,0410444
SPX NIMITZ FEEDER FIC MULTIMERCADO;01/03/2011;1,0415102
SPX NIMITZ FEEDER FIC MULTIMERCADO;02/03/2011;1,0414735
SPX NIMITZ FEEDER FIC MULTIMERCADO;03/03/2011;1,0438898
SPX NIMITZ FEEDER FIC MULTIMERCADO;04/03/2011;1,044912
SPX NIMITZ FEEDER FIC MULTIMERCADO;09/03/2011;1,0430023
SPX NIMITZ FEEDER FIC MULTIMERCADO;10/03/2011;1,0363864
SPX NIMITZ FEEDER FIC MULTIMERCADO;11/03/2011;1,0344501
SPX NIMITZ FEEDER FIC MULTIMERCADO;14/03/2011;1,0315733
SPX NIMITZ FEEDER FIC MULTIMERCADO;15/03/2011;1,0214363
SPX NIMITZ FEEDER FIC MULTIMERCADO;16/03/2011;1,0219222
SPX NIMITZ FEEDER FIC MULTIMERCADO;17/03/2011;1,0238653
SPX NIMITZ FEEDER FIC MULTIMERCADO;18/03/2011;1,0262866
SPX NIMITZ FEEDER FIC MULTIMERCADO;21/03/2011;1,0303255
SPX NIMITZ FEEDER FIC MULTIMERCADO;22/03/2011;1,0313553
SPX NIMITZ FEEDER FIC MULTIMERCADO;23/03/2011;1,0316194
SPX NIMITZ FEEDER FIC MULTIMERCADO;24/03/2011;1,032095
SPX NIMITZ FEEDER FIC MULTIMERCADO;25/03/2011;1,0333322
SPX NIMITZ FEEDER FIC MULTIMERCADO;28/03/2011;1,0347336
SPX NIMITZ FEEDER FIC MULTIMERCADO;29/03/2011;1,036461
SPX NIMITZ FEEDER FIC MULTIMERCADO;30/03/2011;1,0374116
SPX NIMITZ FEEDER FIC MULTIMERCADO;31/03/2011;1,0388572
SPX NIMITZ FEEDER FIC MULTIMERCADO;01/04/2011;1,04008
SPX NIMITZ FEEDER FIC MULTIMERCADO;04/04/2011;1,0401023
SPX NIMITZ FEEDER FIC MULTIMERCADO;05/04/2011;1,0419226
SPX NIMITZ FEEDER FIC MULTIMERCADO;06/04/2011;1,0431629
SPX NIMITZ FEEDER FIC MULTIMERCADO;07/04/2011;1,0449356
SPX NIMITZ FEEDER FIC MULTIMERCADO;08/04/2011;1,0465227
SPX NIMITZ FEEDER FIC MULTIMERCADO;11/04/2011;1,0479878
SPX NIMITZ FEEDER FIC MULTIMERCADO;12/04/2011;1,0440331
SPX NIMITZ FEEDER FIC MULTIMERCADO;13/04/2011;1,042902
SPX NIMITZ FEEDER FIC MULTIMERCADO;14/04/2011;1,0433158
SPX NIMITZ FEEDER FIC MULTIMERCADO;15/04/2011;1,0421902
SPX NIMITZ FEEDER FIC MULTIMERCADO;18/04/2011;1,0433603
SPX NIMITZ FEEDER FIC MULTIMERCADO;19/04/2011;1,0440298
SPX NIMITZ FEEDER FIC MULTIMERCADO;20/04/2011;1,0473173
SPX NIMITZ FEEDER FIC MULTIMERCADO;25/04/2011;1,0486697
SPX NIMITZ FEEDER FIC MULTIMERCADO;26/04/2011;1,0489811
SPX NIMITZ FEEDER FIC MULTIMERCADO;27/04/2011;1,0527643
SPX NIMITZ FEEDER FIC MULTIMERCADO;28/04/2011;1,0533734
SPX NIMITZ FEEDER FIC MULTIMERCADO;29/04/2011;1,053909
SPX NIMITZ FEEDER FIC MULTIMERCADO;02/05/2011;1,0547408
SPX NIMITZ FEEDER FIC MULTIMERCADO;03/05/2011;1,0529159
SPX NIMITZ FEEDER FIC MULTIMERCADO;04/05/2011;1,0528519
SPX NIMITZ FEEDER FIC MULTIMERCADO;05/05/2011;1,0514342
SPX NIMITZ FEEDER FIC MULTIMERCADO;06/05/2011;1,0520697
SPX NIMITZ FEEDER FIC MULTIMERCADO;09/05/2011;1,0523328
SPX NIMITZ FEEDER FIC MULTIMERCADO;10/05/2011;1,0526643
SPX NIMITZ FEEDER FIC MULTIMERCADO;11/05/2011;1,0523664
SPX NIMITZ FEEDER FIC MULTIMERCADO;12/05/2011;1,0515697
SPX NIMITZ FEEDER FIC MULTIMERCADO;13/05/2011;1,052015
SPX NIMITZ FEEDER FIC MULTIMERCADO;16/05/2011;1,0512821
SPX NIMITZ FEEDER FIC MULTIMERCADO;17/05/2011;1,0517492
SPX NIMITZ FEEDER FIC MULTIMERCADO;18/05/2011;1,0528239
SPX NIMITZ FEEDER FIC MULTIMERCADO;19/05/2011;1,0532626
SPX NIMITZ FEEDER FIC MULTIMERCADO;20/05/2011;1,0516682
SPX NIMITZ FEEDER FIC MULTIMERCADO;23/05/2011;1,0507123
SPX NIMITZ FEEDER FIC MULTIMERCADO;24/05/2011;1,0512745
SPX NIMITZ FEEDER FIC MULTIMERCADO;25/05/2011;1,0517448
SPX NIMITZ FEEDER FIC MULTIMERCADO;26/05/2011;1,0515801
SPX NIMITZ FEEDER FIC MULTIMERCADO;27/05/2011;1,0520546
SPX NIMITZ FEEDER FIC MULTIMERCADO;30/05/2011;1,0521153
SPX NIMITZ FEEDER FIC MULTIMERCADO;31/05/2011;1,0536462
SPX NIMITZ FEEDER FIC MULTIMERCADO;01/06/2011;1,052219
SPX NIMITZ FEEDER FIC MULTIMERCADO;02/06/2011;1,0529116
SPX NIMITZ FEEDER FIC MULTIMERCADO;03/06/2011;1,0526535
SPX NIMITZ FEEDER FIC MULTIMERCADO;06/06/2011;1,0527607
SPX NIMITZ FEEDER FIC MULTIMERCADO;07/06/2011;1,0535495
SPX NIMITZ FEEDER FIC MULTIMERCADO;08/06/2011;1,0515355
SPX NIMITZ FEEDER FIC MULTIMERCADO;09/06/2011;1,0518495
SPX NIMITZ FEEDER FIC MULTIMERCADO;10/06/2011;1,0503577
SPX NIMITZ FEEDER FIC MULTIMERCADO;13/06/2011;1,0517054
SPX NIMITZ FEEDER FIC MULTIMERCADO;14/06/2011;1,0544401
SPX NIMITZ FEEDER FIC MULTIMERCADO;15/06/2011;1,0520366
SPX NIMITZ FEEDER FIC MULTIMERCADO;16/06/2011;1,049862
SPX NIMITZ FEEDER FIC MULTIMERCADO;17/06/2011;1,0505094
SPX NIMITZ FEEDER FIC MULTIMERCADO;20/06/2011;1,0506656
SPX NIMITZ FEEDER FIC MULTIMERCADO;21/06/2011;1,0509261
SPX NIMITZ FEEDER FIC MULTIMERCADO;22/06/2011;1,0507543
SPX NIMITZ FEEDER FIC MULTIMERCADO;24/06/2011;1,0484243
SPX NIMITZ FEEDER FIC MULTIMERCADO;27/06/2011;1,0488029
SPX NIMITZ FEEDER FIC MULTIMERCADO;28/06/2011;1,0496853
SPX NIMITZ FEEDER FIC MULTIMERCADO;29/06/2011;1,0515939
SPX NIMITZ FEEDER FIC MULTIMERCADO;30/06/2011;1,0531738
SPX NIMITZ FEEDER FIC MULTIMERCADO;01/07/2011;1,055182
SPX NIMITZ FEEDER FIC MULTIMERCADO;04/07/2011;1,0555532
SPX NIMITZ FEEDER FIC MULTIMERCADO;05/07/2011;1,0549278
SPX NIMITZ FEEDER FIC MULTIMERCADO;06/07/2011;1,0545997
SPX NIMITZ FEEDER FIC MULTIMERCADO;07/07/2011;1,0559989
SPX NIMITZ FEEDER FIC MULTIMERCADO;08/07/2011;1,0548502
SPX NIMITZ FEEDER FIC MULTIMERCADO;11/07/2011;1,054167
SPX NIMITZ FEEDER FIC MULTIMERCADO;12/07/2011;1,0544619
SPX NIMITZ FEEDER FIC MULTIMERCADO;13/07/2011;1,0554261
SPX NIMITZ FEEDER FIC MULTIMERCADO;14/07/2011;1,0554418
SPX NIMITZ FEEDER FIC MULTIMERCADO;15/07/2011;1,055337
SPX NIMITZ FEEDER FIC MULTIMERCADO;18/07/2011;1,0554124
SPX NIMITZ FEEDER FIC MULTIMERCADO;19/07/2011;1,0574106
SPX NIMITZ FEEDER FIC MULTIMERCADO;20/07/2011;1,05765
SPX NIMITZ FEEDER FIC MULTIMERCADO;21/07/2011;1,0576993
SPX NIMITZ FEEDER FIC MULTIMERCADO;22/07/2011;1,0579541
SPX NIMITZ FEEDER FIC MULTIMERCADO;25/07/2011;1,0584922
SPX NIMITZ FEEDER FIC MULTIMERCADO;26/07/2011;1,0594323
SPX NIMITZ FEEDER FIC MULTIMERCADO;27/07/2011;1,0586549
SPX NIMITZ FEEDER FIC MULTIMERCADO;28/07/2011;1,0595252
SPX NIMITZ FEEDER FIC MULTIMERCADO;29/07/2011;1,0609099
SPX NIMITZ FEEDER FIC MULTIMERCADO;01/08/2011;1,0640048
SPX NIMITZ FEEDER FIC MULTIMERCADO;02/08/2011;1,066177
SPX NIMITZ FEEDER FIC MULTIMERCADO;03/08/2011;1,0661432
SPX NIMITZ FEEDER FIC MULTIMERCADO;04/08/2011;1,0677367
SPX NIMITZ FEEDER FIC MULTIMERCADO;05/08/2011;1,0682711
SPX NIMITZ FEEDER FIC MULTIMERCADO;08/08/2011;1,0717278
SPX NIMITZ FEEDER FIC MULTIMERCADO;09/08/2011;1,0727184
SPX NIMITZ FEEDER FIC MULTIMERCADO;10/08/2011;1,0736001
SPX NIMITZ FEEDER FIC MULTIMERCADO;11/08/2011;1,073595
SPX NIMITZ FEEDER FIC MULTIMERCADO;12/08/2011;1,0741041
SPX NIMITZ FEEDER FIC MULTIMERCADO;15/08/2011;1,0742756
SPX NIMITZ FEEDER FIC MULTIMERCADO;16/08/2011;1,0748972
SPX NIMITZ FEEDER FIC MULTIMERCADO;17/08/2011;1,0757745
SPX NIMITZ FEEDER FIC MULTIMERCADO;18/08/2011;1,0780069
SPX NIMITZ FEEDER FIC MULTIMERCADO;19/08/2011;1,0786511
SPX NIMITZ FEEDER FIC MULTIMERCADO;22/08/2011;1,0791747
SPX NIMITZ FEEDER FIC MULTIMERCADO;23/08/2011;1,0790428
SPX NIMITZ FEEDER FIC MULTIMERCADO;24/08/2011;1,0793287
SPX NIMITZ FEEDER FIC MULTIMERCADO;25/08/2011;1,0797355
SPX NIMITZ FEEDER FIC MULTIMERCADO;26/08/2011;1,0814166
SPX NIMITZ FEEDER FIC MULTIMERCADO;29/08/2011;1,0820678
SPX NIMITZ FEEDER FIC MULTIMERCADO;30/08/2011;1,0822621
SPX NIMITZ FEEDER FIC MULTIMERCADO;31/08/2011;1,0829186
SPX NIMITZ FEEDER FIC MULTIMERCADO;01/09/2011;1,0902212
SPX NIMITZ FEEDER FIC MULTIMERCADO;02/09/2011;1,0888839
SPX NIMITZ FEEDER FIC MULTIMERCADO;05/09/2011;1,0910571
SPX NIMITZ FEEDER FIC MULTIMERCADO;06/09/2011;1,0927518
SPX NIMITZ FEEDER FIC MULTIMERCADO;08/09/2011;1,0910799
SPX NIMITZ FEEDER FIC MULTIMERCADO;09/09/2011;1,0924425
SPX NIMITZ FEEDER FIC MULTIMERCADO;12/09/2011;1,093436
SPX NIMITZ FEEDER FIC MULTIMERCADO;13/09/2011;1,093637
SPX NIMITZ FEEDER FIC MULTIMERCADO;14/09/2011;1,0937117
SPX NIMITZ FEEDER FIC MULTIMERCADO;15/09/2011;1,0927354
SPX NIMITZ FEEDER FIC MULTIMERCADO;16/09/2011;1,0935621
SPX NIMITZ FEEDER FIC MULTIMERCADO;19/09/2011;1,0948288
SPX NIMITZ FEEDER FIC MULTIMERCADO;20/09/2011;1,0951201
SPX NIMITZ FEEDER FIC MULTIMERCADO;21/09/2011;1,0963343
SPX NIMITZ FEEDER FIC MULTIMERCADO;22/09/2011;1,1006349
SPX NIMITZ FEEDER FIC MULTIMERCADO;23/09/2011;1,1017664
SPX NIMITZ FEEDER FIC MULTIMERCADO;26/09/2011;1,1031052
SPX NIMITZ FEEDER FIC MULTIMERCADO;27/09/2011;1,1012514
SPX NIMITZ FEEDER FIC MULTIMERCADO;28/09/2011;1,1029083
SPX NIMITZ FEEDER FIC MULTIMERCADO;29/09/2011;1,1029303
SPX NIMITZ FEEDER FIC MULTIMERCADO;30/09/2011;1,1052937
SPX NIMITZ FEEDER FIC MULTIMERCADO;03/10/2011;1,1097727
SPX NIMITZ FEEDER FIC MULTIMERCADO;04/10/2011;1,1101352
SPX NIMITZ FEEDER FIC MULTIMERCADO;05/10/2011;1,1103325
SPX NIMITZ FEEDER FIC MULTIMERCADO;06/10/2011;1,1092199
SPX NIMITZ FEEDER FIC MULTIMERCADO;07/10/2011;1,1091761
SPX NIMITZ FEEDER FIC MULTIMERCADO;10/10/2011;1,1085537
SPX NIMITZ FEEDER FIC MULTIMERCADO;11/10/2011;1,1103454
SPX NIMITZ FEEDER FIC MULTIMERCADO;13/10/2011;1,1092105
SPX NIMITZ FEEDER FIC MULTIMERCADO;14/10/2011;1,1074123
SPX NIMITZ FEEDER FIC MULTIMERCADO;17/10/2011;1,1075275
SPX NIMITZ FEEDER FIC MULTIMERCADO;18/10/2011;1,1091416
SPX NIMITZ FEEDER FIC MULTIMERCADO;19/10/2011;1,1091883
SPX NIMITZ FEEDER FIC MULTIMERCADO;20/10/2011;1,1049567
SPX NIMITZ FEEDER FIC MULTIMERCADO;21/10/2011;1,1053899
SPX NIMITZ FEEDER FIC MULTIMERCADO;24/10/2011;1,1044078
SPX NIMITZ FEEDER FIC MULTIMERCADO;25/10/2011;1,1041702
SPX NIMITZ FEEDER FIC MULTIMERCADO;26/10/2011;1,1067707
SPX NIMITZ FEEDER FIC MULTIMERCADO;27/10/2011;1,1044801
SPX NIMITZ FEEDER FIC MULTIMERCADO;28/10/2011;1,1057222
SPX NIMITZ FEEDER FIC MULTIMERCADO;31/10/2011;1,1078109
SPX NIMITZ FEEDER FIC MULTIMERCADO;01/11/2011;1,1069441
SPX NIMITZ FEEDER FIC MULTIMERCADO;03/11/2011;1,1064731
SPX NIMITZ FEEDER FIC MULTIMERCADO;04/11/2011;1,1079913
SPX NIMITZ FEEDER FIC MULTIMERCADO;07/11/2011;1,1103815
SPX NIMITZ FEEDER FIC MULTIMERCADO;08/11/2011;1,1113089
SPX NIMITZ FEEDER FIC MULTIMERCADO;09/11/2011;1,116206
SPX NIMITZ FEEDER FIC MULTIMERCADO;10/11/2011;1,1155011
SPX NIMITZ FEEDER FIC MULTIMERCADO;11/11/2011;1,1160239
SPX NIMITZ FEEDER FIC MULTIMERCADO;14/11/2011;1,1182242
SPX NIMITZ FEEDER FIC MULTIMERCADO;16/11/2011;1,1201136
SPX NIMITZ FEEDER FIC MULTIMERCADO;17/11/2011;1,1205503
SPX NIMITZ FEEDER FIC MULTIMERCADO;18/11/2011;1,1205929
SPX NIMITZ FEEDER FIC MULTIMERCADO;21/11/2011;1,1200922
SPX NIMITZ FEEDER FIC MULTIMERCADO;22/11/2011;1,1190587
SPX NIMITZ FEEDER FIC MULTIMERCADO;23/11/2011;1,1217977
SPX NIMITZ FEEDER FIC MULTIMERCADO;24/11/2011;1,124391
SPX NIMITZ FEEDER FIC MULTIMERCADO;25/11/2011;1,124509
SPX NIMITZ FEEDER FIC MULTIMERCADO;28/11/2011;1,1234423
SPX NIMITZ FEEDER FIC MULTIMERCADO;29/11/2011;1,1241736
SPX NIMITZ FEEDER FIC MULTIMERCADO;30/11/2011;1,1249184
SPX NIMITZ FEEDER FIC MULTIMERCADO;01/12/2011;1,1227065
SPX NIMITZ FEEDER FIC MULTIMERCADO;02/12/2011;1,1227602
SPX NIMITZ FEEDER FIC MULTIMERCADO;05/12/2011;1,1218204
SPX NIMITZ FEEDER FIC MULTIMERCADO;06/12/2011;1,1227155
SPX NIMITZ FEEDER FIC MULTIMERCADO;07/12/2011;1,1247359
SPX NIMITZ FEEDER FIC MULTIMERCADO;08/12/2011;1,1246489
SPX NIMITZ FEEDER FIC MULTIMERCADO;09/12/2011;1,1236073
SPX NIMITZ FEEDER FIC MULTIMERCADO;12/12/2011;1,1256201
SPX NIMITZ FEEDER FIC MULTIMERCADO;13/12/2011;1,1259655
SPX NIMITZ FEEDER FIC MULTIMERCADO;14/12/2011;1,1258449
SPX NIMITZ FEEDER FIC MULTIMERCADO;15/12/2011;1,1250024
SPX NIMITZ FEEDER FIC MULTIMERCADO;16/12/2011;1,1243319
SPX NIMITZ FEEDER FIC MULTIMERCADO;19/12/2011;1,1241946
SPX NIMITZ FEEDER FIC MULTIMERCADO;20/12/2011;1,1249252
SPX NIMITZ FEEDER FIC MULTIMERCADO;21/12/2011;1,1259669
SPX NIMITZ FEEDER FIC MULTIMERCADO;22/12/2011;1,122111
SPX NIMITZ FEEDER FIC MULTIMERCADO;23/12/2011;1,1203985
SPX NIMITZ FEEDER FIC MULTIMERCADO;26/12/2011;1,1198859
SPX NIMITZ FEEDER FIC MULTIMERCADO;27/12/2011;1,1199357
SPX NIMITZ FEEDER FIC MULTIMERCADO;28/12/2011;1,120813
SPX NIMITZ FEEDER FIC MULTIMERCADO;29/12/2011;1,1225178
SPX NIMITZ FEEDER FIC MULTIMERCADO;30/12/2011;1,1228861
SPX NIMITZ FEEDER FIC MULTIMERCADO;02/01/2012;1,123712
SPX NIMITZ FEEDER FIC MULTIMERCADO;03/01/2012;1,1233523
SPX NIMITZ FEEDER FIC MULTIMERCADO;04/01/2012;1,1216851
SPX NIMITZ FEEDER FIC MULTIMERCADO;05/01/2012;1,1211986
SPX NIMITZ FEEDER FIC MULTIMERCADO;06/01/2012;1,1232598
SPX NIMITZ FEEDER FIC MULTIMERCADO;09/01/2012;1,123871
SPX NIMITZ FEEDER FIC MULTIMERCADO;10/01/2012;1,1247487
SPX NIMITZ FEEDER FIC MULTIMERCADO;11/01/2012;1,1249924
SPX NIMITZ FEEDER FIC MULTIMERCADO;12/01/2012;1,1239155
SPX NIMITZ FEEDER FIC MULTIMERCADO;13/01/2012;1,1257942
SPX NIMITZ FEEDER FIC MULTIMERCADO;16/01/2012;1,1262673
SPX NIMITZ FEEDER FIC MULTIMERCADO;17/01/2012;1,1259809
SPX NIMITZ FEEDER FIC MULTIMERCADO;18/01/2012;1,1263346
SPX NIMITZ FEEDER FIC MULTIMERCADO;19/01/2012;1,1283889
SPX NIMITZ FEEDER FIC MULTIMERCADO;20/01/2012;1,1310172
SPX NIMITZ FEEDER FIC MULTIMERCADO;23/01/2012;1,1284512
SPX NIMITZ FEEDER FIC MULTIMERCADO;24/01/2012;1,1290032
SPX NIMITZ FEEDER FIC MULTIMERCADO;25/01/2012;1,1290023
SPX NIMITZ FEEDER FIC MULTIMERCADO;26/01/2012;1,1372479
SPX NIMITZ FEEDER FIC MULTIMERCADO;27/01/2012;1,1421102
SPX NIMITZ FEEDER FIC MULTIMERCADO;30/01/2012;1,1476139
SPX NIMITZ FEEDER FIC MULTIMERCADO;31/01/2012;1,1477184
SPX NIMITZ FEEDER FIC MULTIMERCADO;01/02/2012;1,149666
SPX NIMITZ FEEDER FIC MULTIMERCADO;02/02/2012;1,1524607
SPX NIMITZ FEEDER FIC MULTIMERCADO;03/02/2012;1,1497493
SPX NIMITZ FEEDER FIC MULTIMERCADO;06/02/2012;1,1485452
SPX NIMITZ FEEDER FIC MULTIMERCADO;07/02/2012;1,1502768
SPX NIMITZ FEEDER FIC MULTIMERCADO;08/02/2012;1,1550956
SPX NIMITZ FEEDER FIC MULTIMERCADO;09/02/2012;1,1603535
SPX NIMITZ FEEDER FIC MULTIMERCADO;10/02/2012;1,1640712
SPX NIMITZ FEEDER FIC MULTIMERCADO;13/02/2012;1,1624733
SPX NIMITZ FEEDER FIC MULTIMERCADO;14/02/2012;1,1646749
SPX NIMITZ FEEDER FIC MULTIMERCADO;15/02/2012;1,1642908
SPX NIMITZ FEEDER FIC MULTIMERCADO;16/02/2012;1,1664517
SPX NIMITZ FEEDER FIC MULTIMERCADO;17/02/2012;1,1682266
SPX NIMITZ FEEDER FIC MULTIMERCADO;22/02/2012;1,1676549
SPX NIMITZ FEEDER FIC MULTIMERCADO;23/02/2012;1,1661883
SPX NIMITZ FEEDER FIC MULTIMERCADO;24/02/2012;1,1634863
SPX NIMITZ FEEDER FIC MULTIMERCADO;27/02/2012;1,162157
SPX NIMITZ FEEDER FIC MULTIMERCADO;28/02/2012;1,1645543
SPX NIMITZ FEEDER FIC MULTIMERCADO;29/02/2012;1,1671309
SPX NIMITZ FEEDER FIC MULTIMERCADO;01/03/2012;1,1691007
SPX NIMITZ FEEDER FIC MULTIMERCADO;02/03/2012;1,1717629
SPX NIMITZ FEEDER FIC MULTIMERCADO;05/03/2012;1,1731084
SPX NIMITZ FEEDER FIC MULTIMERCADO;06/03/2012;1,174862
SPX NIMITZ FEEDER FIC MULTIMERCADO;07/03/2012;1,1773442
SPX NIMITZ FEEDER FIC MULTIMERCADO;08/03/2012;1,1868543
SPX NIMITZ FEEDER FIC MULTIMERCADO;09/03/2012;1,1919799
SPX NIMITZ FEEDER FIC MULTIMERCADO;12/03/2012;1,1908829
SPX NIMITZ FEEDER FIC MULTIMERCADO;13/03/2012;1,1899754
SPX NIMITZ FEEDER FIC MULTIMERCADO;14/03/2012;1,1903747
SPX NIMITZ FEEDER FIC MULTIMERCADO;15/03/2012;1,1783565
SPX NIMITZ FEEDER FIC MULTIMERCADO;16/03/2012;1,1779682
SPX NIMITZ FEEDER FIC MULTIMERCADO;19/03/2012;1,1784853
SPX NIMITZ FEEDER FIC MULTIMERCADO;20/03/2012;1,1796647
SPX NIMITZ FEEDER FIC MULTIMERCADO;21/03/2012;1,1794188
SPX NIMITZ FEEDER FIC MULTIMERCADO;22/03/2012;1,1801074
SPX NIMITZ FEEDER FIC MULTIMERCADO;23/03/2012;1,179378
SPX NIMITZ FEEDER FIC MULTIMERCADO;26/03/2012;1,1798568
SPX NIMITZ FEEDER FIC MULTIMERCADO;27/03/2012;1,17921
SPX NIMITZ FEEDER FIC MULTIMERCADO;28/03/2012;1,1805707
SPX NIMITZ FEEDER FIC MULTIMERCADO;29/03/2012;1,1811693
SPX NIMITZ FEEDER FIC MULTIMERCADO;30/03/2012;1,1823714
SPX NIMITZ FEEDER FIC MULTIMERCADO;02/04/2012;1,1822864
SPX NIMITZ FEEDER FIC MULTIMERCADO;03/04/2012;1,1854222
SPX NIMITZ FEEDER FIC MULTIMERCADO;04/04/2012;1,1864071
SPX NIMITZ FEEDER FIC MULTIMERCADO;05/04/2012;1,1866044
SPX NIMITZ FEEDER FIC MULTIMERCADO;09/04/2012;1,1855169
SPX NIMITZ FEEDER FIC MULTIMERCADO;10/04/2012;1,1885614
SPX NIMITZ FEEDER FIC MULTIMERCADO;11/04/2012;1,1884197
SPX NIMITZ FEEDER FIC MULTIMERCADO;12/04/2012;1,1850419
SPX NIMITZ FEEDER FIC MULTIMERCADO;13/04/2012;1,1891141
SPX NIMITZ FEEDER FIC MULTIMERCADO;16/04/2012;1,1896101
SPX NIMITZ FEEDER FIC MULTIMERCADO;17/04/2012;1,1871935
SPX NIMITZ FEEDER FIC MULTIMERCADO;18/04/2012;1,1898763
SPX NIMITZ FEEDER FIC MULTIMERCADO;19/04/2012;1,1919168
SPX NIMITZ FEEDER FIC MULTIMERCADO;20/04/2012;1,1902661
SPX NIMITZ FEEDER FIC MULTIMERCADO;23/04/2012;1,1935591
SPX NIMITZ FEEDER FIC MULTIMERCADO;24/04/2012;1,1913841
SPX NIMITZ FEEDER FIC MULTIMERCADO;25/04/2012;1,1890721
SPX NIMITZ FEEDER FIC MULTIMERCADO;26/04/2012;1,1884165
SPX NIMITZ FEEDER FIC MULTIMERCADO;27/04/2012;1,1845855
SPX NIMITZ FEEDER FIC MULTIMERCADO;30/04/2012;1,1868205
SPX NIMITZ FEEDER FIC MULTIMERCADO;02/05/2012;1,1886756
SPX NIMITZ FEEDER FIC MULTIMERCADO;03/05/2012;1,1904239
SPX NIMITZ FEEDER FIC MULTIMERCADO;04/05/2012;1,199877
SPX NIMITZ FEEDER FIC MULTIMERCADO;07/05/2012;1,1998042
SPX NIMITZ FEEDER FIC MULTIMERCADO;08/05/2012;1,1997517
SPX NIMITZ FEEDER FIC MULTIMERCADO;09/05/2012;1,1995172
SPX NIMITZ FEEDER FIC MULTIMERCADO;10/05/2012;1,2014202
SPX NIMITZ FEEDER FIC MULTIMERCADO;11/05/2012;1,2019166
SPX NIMITZ FEEDER FIC MULTIMERCADO;14/05/2012;1,2094488
SPX NIMITZ FEEDER FIC MULTIMERCADO;15/05/2012;1,2149224
SPX NIMITZ FEEDER FIC MULTIMERCADO;16/05/2012;1,2197902
SPX NIMITZ FEEDER FIC MULTIMERCADO;17/05/2012;1,2242172
SPX NIMITZ FEEDER FIC MULTIMERCADO;18/05/2012;1,2291082
SPX NIMITZ FEEDER FIC MULTIMERCADO;21/05/2012;1,2234858
SPX NIMITZ FEEDER FIC MULTIMERCADO;22/05/2012;1,2178521
SPX NIMITZ FEEDER FIC MULTIMERCADO;23/05/2012;1,2232661
SPX NIMITZ FEEDER FIC MULTIMERCADO;24/05/2012;1,2170263
SPX NIMITZ FEEDER FIC MULTIMERCADO;25/05/2012;1,2198034
SPX NIMITZ FEEDER FIC MULTIMERCADO;28/05/2012;1,2199076
SPX NIMITZ FEEDER FIC MULTIMERCADO;29/05/2012;1,2203797
SPX NIMITZ FEEDER FIC MULTIMERCADO;30/05/2012;1,2250318
SPX NIMITZ FEEDER FIC MULTIMERCADO;31/05/2012;1,2261983
SPX NIMITZ FEEDER FIC MULTIMERCADO;01/06/2012;1,2329639
SPX NIMITZ FEEDER FIC MULTIMERCADO;04/06/2012;1,2288931
SPX NIMITZ FEEDER FIC MULTIMERCADO;05/06/2012;1,2299655
SPX NIMITZ FEEDER FIC MULTIMERCADO;06/06/2012;1,2256408
SPX NIMITZ FEEDER FIC MULTIMERCADO;08/06/2012;1,2254455
SPX NIMITZ FEEDER FIC MULTIMERCADO;11/06/2012;1,2274711
SPX NIMITZ FEEDER FIC MULTIMERCADO;12/06/2012;1,2266143
SPX NIMITZ FEEDER FIC MULTIMERCADO;13/06/2012;1,2278237
SPX NIMITZ FEEDER FIC MULTIMERCADO;14/06/2012;1,2251742
SPX NIMITZ FEEDER FIC MULTIMERCADO;15/06/2012;1,2207215
SPX NIMITZ FEEDER FIC MULTIMERCADO;18/06/2012;1,2208224
SPX NIMITZ FEEDER FIC MULTIMERCADO;19/06/2012;1,2199446
SPX NIMITZ FEEDER FIC MULTIMERCADO;20/06/2012;1,2196239
SPX NIMITZ FEEDER FIC MULTIMERCADO;21/06/2012;1,2253646
SPX NIMITZ FEEDER FIC MULTIMERCADO;22/06/2012;1,2244761
SPX NIMITZ FEEDER FIC MULTIMERCADO;25/06/2012;1,2308768
SPX NIMITZ FEEDER FIC MULTIMERCADO;26/06/2012;1,2302584
SPX NIMITZ FEEDER FIC MULTIMERCADO;27/06/2012;1,2287475
SPX NIMITZ FEEDER FIC MULTIMERCADO;28/06/2012;1,2300224
SPX NIMITZ FEEDER FIC MULTIMERCADO;29/06/2012;1,2224292
SPX NIMITZ FEEDER FIC MULTIMERCADO;02/07/2012;1,2230825
SPX NIMITZ FEEDER FIC MULTIMERCADO;03/07/2012;1,2209509
SPX NIMITZ FEEDER FIC MULTIMERCADO;04/07/2012;1,2204744
SPX NIMITZ FEEDER FIC MULTIMERCADO;05/07/2012;1,2228215
SPX NIMITZ FEEDER FIC MULTIMERCADO;06/07/2012;1,2320791
SPX NIMITZ FEEDER FIC MULTIMERCADO;09/07/2012;1,2310268
SPX NIMITZ FEEDER FIC MULTIMERCADO;10/07/2012;1,2363465
SPX NIMITZ FEEDER FIC MULTIMERCADO;11/07/2012;1,238861
SPX NIMITZ FEEDER FIC MULTIMERCADO;12/07/2012;1,2391825
SPX NIMITZ FEEDER FIC MULTIMERCADO;13/07/2012;1,235942
SPX NIMITZ FEEDER FIC MULTIMERCADO;16/07/2012;1,2380553
SPX NIMITZ FEEDER FIC MULTIMERCADO;17/07/2012;1,2290707
SPX NIMITZ FEEDER FIC MULTIMERCADO;18/07/2012;1,2294423
SPX NIMITZ FEEDER FIC MULTIMERCADO;19/07/2012;1,2326265
SPX NIMITZ FEEDER FIC MULTIMERCADO;20/07/2012;1,2342812
SPX NIMITZ FEEDER FIC MULTIMERCADO;23/07/2012;1,2430037
SPX NIMITZ FEEDER FIC MULTIMERCADO;24/07/2012;1,2431113
SPX NIMITZ FEEDER FIC MULTIMERCADO;25/07/2012;1,2443742
SPX NIMITZ FEEDER FIC MULTIMERCADO;26/07/2012;1,233904
SPX NIMITZ FEEDER FIC MULTIMERCADO;27/07/2012;1,2219272
SPX NIMITZ FEEDER FIC MULTIMERCADO;30/07/2012;1,2212305
SPX NIMITZ FEEDER FIC MULTIMERCADO;31/07/2012;1,223718
SPX NIMITZ FEEDER FIC MULTIMERCADO;01/08/2012;1,2310634
SPX NIMITZ FEEDER FIC MULTIMERCADO;02/08/2012;1,2376053
SPX NIMITZ FEEDER FIC MULTIMERCADO;03/08/2012;1,2230687
SPX NIMITZ FEEDER FIC MULTIMERCADO;06/08/2012;1,2197027
SPX NIMITZ FEEDER FIC MULTIMERCADO;07/08/2012;1,2192398
SPX NIMITZ FEEDER FIC MULTIMERCADO;08/08/2012;1,2206847
SPX NIMITZ FEEDER FIC MULTIMERCADO;09/08/2012;1,2210574
SPX NIMITZ FEEDER FIC MULTIMERCADO;10/08/2012;1,2190997
SPX NIMITZ FEEDER FIC MULTIMERCADO;13/08/2012;1,2239366
SPX NIMITZ FEEDER FIC MULTIMERCADO;14/08/2012;1,2244283
SPX NIMITZ FEEDER FIC MULTIMERCADO;15/08/2012;1,2261886
SPX NIMITZ FEEDER FIC MULTIMERCADO;16/08/2012;1,2191696
SPX NIMITZ FEEDER FIC MULTIMERCADO;17/08/2012;1,2213746
SPX NIMITZ FEEDER FIC MULTIMERCADO;20/08/2012;1,2225789
SPX NIMITZ FEEDER FIC MULTIMERCADO;21/08/2012;1,222696
SPX NIMITZ FEEDER FIC MULTIMERCADO;22/08/2012;1,2215328
SPX NIMITZ FEEDER FIC MULTIMERCADO;23/08/2012;1,2225476
SPX NIMITZ FEEDER FIC MULTIMERCADO;24/08/2012;1,2233658
SPX NIMITZ FEEDER FIC MULTIMERCADO;27/08/2012;1,223929
SPX NIMITZ FEEDER FIC MULTIMERCADO;28/08/2012;1,2255171
SPX NIMITZ FEEDER FIC MULTIMERCADO;29/08/2012;1,2299944
SPX NIMITZ FEEDER FIC MULTIMERCADO;30/08/2012;1,2325515
SPX NIMITZ FEEDER FIC MULTIMERCADO;31/08/2012;1,2311371
SPX NIMITZ FEEDER FIC MULTIMERCADO;03/09/2012;1,2314054
SPX NIMITZ FEEDER FIC MULTIMERCADO;04/09/2012;1,2341167
SPX NIMITZ FEEDER FIC MULTIMERCADO;05/09/2012;1,2325693
SPX NIMITZ FEEDER FIC MULTIMERCADO;06/09/2012;1,2300751
SPX NIMITZ FEEDER FIC MULTIMERCADO;10/09/2012;1,2265893
SPX NIMITZ FEEDER FIC MULTIMERCADO;11/09/2012;1,2224269
SPX NIMITZ FEEDER FIC MULTIMERCADO;12/09/2012;1,2229612
SPX NIMITZ FEEDER FIC MULTIMERCADO;13/09/2012;1,2228302
SPX NIMITZ FEEDER FIC MULTIMERCADO;14/09/2012;1,2221535
SPX NIMITZ FEEDER FIC MULTIMERCADO;17/09/2012;1,2225049
SPX NIMITZ FEEDER FIC MULTIMERCADO;18/09/2012;1,2235912
SPX NIMITZ FEEDER FIC MULTIMERCADO;19/09/2012;1,2243214
SPX NIMITZ FEEDER FIC MULTIMERCADO;20/09/2012;1,2236488
SPX NIMITZ FEEDER FIC MULTIMERCADO;21/09/2012;1,2225537
SPX NIMITZ FEEDER FIC MULTIMERCADO;24/09/2012;1,2229401
SPX NIMITZ FEEDER FIC MULTIMERCADO;25/09/2012;1,2260207
SPX NIMITZ FEEDER FIC MULTIMERCADO;26/09/2012;1,224968
SPX NIMITZ FEEDER FIC MULTIMERCADO;27/09/2012;1,2248064
SPX NIMITZ FEEDER FIC MULTIMERCADO;28/09/2012;1,2262926
SPX NIMITZ FEEDER FIC MULTIMERCADO;01/10/2012;1,22519
SPX NIMITZ FEEDER FIC MULTIMERCADO;02/10/2012;1,2263218
SPX NIMITZ FEEDER FIC MULTIMERCADO;03/10/2012;1,2273168
SPX NIMITZ FEEDER FIC MULTIMERCADO;04/10/2012;1,228081
SPX NIMITZ FEEDER FIC MULTIMERCADO;05/10/2012;1,2319264
SPX NIMITZ FEEDER FIC MULTIMERCADO;08/10/2012;1,2315417
SPX NIMITZ FEEDER FIC MULTIMERCADO;09/10/2012;1,23088
SPX NIMITZ FEEDER FIC MULTIMERCADO;10/10/2012;1,2307722
SPX NIMITZ FEEDER FIC MULTIMERCADO;11/10/2012;1,2338709
SPX NIMITZ FEEDER FIC MULTIMERCADO;15/10/2012;1,2339112
SPX NIMITZ FEEDER FIC MULTIMERCADO;16/10/2012;1,2374069
SPX NIMITZ FEEDER FIC MULTIMERCADO;17/10/2012;1,2331128
SPX NIMITZ FEEDER FIC MULTIMERCADO;18/10/2012;1,2366811
SPX NIMITZ FEEDER FIC MULTIMERCADO;19/10/2012;1,2370534
SPX NIMITZ FEEDER FIC MULTIMERCADO;22/10/2012;1,2400791
SPX NIMITZ FEEDER FIC MULTIMERCADO;23/10/2012;1,2429474
SPX NIMITZ FEEDER FIC MULTIMERCADO;24/10/2012;1,2455118
SPX NIMITZ FEEDER FIC MULTIMERCADO;25/10/2012;1,2457372
SPX NIMITZ FEEDER FIC MULTIMERCADO;26/10/2012;1,2491635
SPX NIMITZ FEEDER FIC MULTIMERCADO;29/10/2012;1,251122
SPX NIMITZ FEEDER FIC MULTIMERCADO;30/10/2012;1,2500244
SPX NIMITZ FEEDER FIC MULTIMERCADO;31/10/2012;1,2521926
SPX NIMITZ FEEDER FIC MULTIMERCADO;01/11/2012;1,2486634
SPX NIMITZ FEEDER FIC MULTIMERCADO;05/11/2012;1,2497657
SPX NIMITZ FEEDER FIC MULTIMERCADO;06/11/2012;1,2449173
SPX NIMITZ FEEDER FIC MULTIMERCADO;07/11/2012;1,2475233
SPX NIMITZ FEEDER FIC MULTIMERCADO;08/11/2012;1,2455483
SPX NIMITZ FEEDER FIC MULTIMERCADO;09/11/2012;1,2450086
SPX NIMITZ FEEDER FIC MULTIMERCADO;12/11/2012;1,2433499
SPX NIMITZ FEEDER FIC MULTIMERCADO;13/11/2012;1,2393935
SPX NIMITZ FEEDER FIC MULTIMERCADO;14/11/2012;1,2350446
SPX NIMITZ FEEDER FIC MULTIMERCADO;16/11/2012;1,2389317
SPX NIMITZ FEEDER FIC MULTIMERCADO;19/11/2012;1,2382194
SPX NIMITZ FEEDER FIC MULTIMERCADO;20/11/2012;1,2397406
SPX NIMITZ FEEDER FIC MULTIMERCADO;21/11/2012;1,2375501
SPX NIMITZ FEEDER FIC MULTIMERCADO;22/11/2012;1,2371898
SPX NIMITZ FEEDER FIC MULTIMERCADO;23/11/2012;1,2380665
SPX NIMITZ FEEDER FIC MULTIMERCADO;26/11/2012;1,2381134
SPX NIMITZ FEEDER FIC MULTIMERCADO;27/11/2012;1,2398413
SPX NIMITZ FEEDER FIC MULTIMERCADO;28/11/2012;1,2378952
SPX NIMITZ FEEDER FIC MULTIMERCADO;29/11/2012;1,235229
SPX NIMITZ FEEDER FIC MULTIMERCADO;30/11/2012;1,2360741
SPX NIMITZ FEEDER FIC MULTIMERCADO;03/12/2012;1,2358938
SPX NIMITZ FEEDER FIC MULTIMERCADO;04/12/2012;1,2418194
SPX NIMITZ FEEDER FIC MULTIMERCADO;05/12/2012;1,2429134
SPX NIMITZ FEEDER FIC MULTIMERCADO;06/12/2012;1,2511241
SPX NIMITZ FEEDER FIC MULTIMERCADO;07/12/2012;1,2491266
SPX NIMITZ FEEDER FIC MULTIMERCADO;10/12/2012;1,2494518
SPX NIMITZ FEEDER FIC MULTIMERCADO;11/12/2012;1,2456101
SPX NIMITZ FEEDER FIC MULTIMERCADO;12/12/2012;1,2495168
SPX NIMITZ FEEDER FIC MULTIMERCADO;13/12/2012;1,2533712
SPX NIMITZ FEEDER FIC MULTIMERCADO;14/12/2012;1,2505668
SPX NIMITZ FEEDER FIC MULTIMERCADO;17/12/2012;1,2535426
SPX NIMITZ FEEDER FIC MULTIMERCADO;18/12/2012;1,2532754
SPX NIMITZ FEEDER FIC MULTIMERCADO;19/12/2012;1,2518373
SPX NIMITZ FEEDER FIC MULTIMERCADO;20/12/2012;1,2531675
SPX NIMITZ FEEDER FIC MULTIMERCADO;21/12/2012;1,2514364
SPX NIMITZ FEEDER FIC MULTIMERCADO;24/12/2012;1,2516413
SPX NIMITZ FEEDER FIC MULTIMERCADO;26/12/2012;1,2515384
SPX NIMITZ FEEDER FIC MULTIMERCADO;27/12/2012;1,2529933
SPX NIMITZ FEEDER FIC MULTIMERCADO;28/12/2012;1,2522406
SPX NIMITZ FEEDER FIC MULTIMERCADO;31/12/2012;1,2522406
SPX NIMITZ FEEDER FIC MULTIMERCADO;02/01/2013;1,2540577
SPX NIMITZ FEEDER FIC MULTIMERCADO;03/01/2013;1,2559804
SPX NIMITZ FEEDER FIC MULTIMERCADO;04/01/2013;1,2556825
SPX NIMITZ FEEDER FIC MULTIMERCADO;07/01/2013;1,2555181
SPX NIMITZ FEEDER FIC MULTIMERCADO;08/01/2013;1,2553893
SPX NIMITZ FEEDER FIC MULTIMERCADO;09/01/2013;1,2578263
SPX NIMITZ FEEDER FIC MULTIMERCADO;10/01/2013;1,2579091
SPX NIMITZ FEEDER FIC MULTIMERCADO;11/01/2013;1,2586576
SPX NIMITZ FEEDER FIC MULTIMERCADO;14/01/2013;1,2590657
SPX NIMITZ FEEDER FIC MULTIMERCADO;15/01/2013;1,2625497
SPX NIMITZ FEEDER FIC MULTIMERCADO;16/01/2013;1,2645545
SPX NIMITZ FEEDER FIC MULTIMERCADO;17/01/2013;1,268426
SPX NIMITZ FEEDER FIC MULTIMERCADO;18/01/2013;1,2707026
SPX NIMITZ FEEDER FIC MULTIMERCADO;21/01/2013;1,2699675
SPX NIMITZ FEEDER FIC MULTIMERCADO;22/01/2013;1,2721407
SPX NIMITZ FEEDER FIC MULTIMERCADO;23/01/2013;1,2721333
SPX NIMITZ FEEDER FIC MULTIMERCADO;24/01/2013;1,2738438
SPX NIMITZ FEEDER FIC MULTIMERCADO;25/01/2013;1,2743418
SPX NIMITZ FEEDER FIC MULTIMERCADO;28/01/2013;1,2769558
SPX NIMITZ FEEDER FIC MULTIMERCADO;29/01/2013;1,2756941
SPX NIMITZ FEEDER FIC MULTIMERCADO;30/01/2013;1,2768556
SPX NIMITZ FEEDER FIC MULTIMERCADO;31/01/2013;1,2757239
SPX NIMITZ FEEDER FIC MULTIMERCADO;01/02/2013;1,276776
SPX NIMITZ FEEDER FIC MULTIMERCADO;04/02/2013;1,2776581
SPX NIMITZ FEEDER FIC MULTIMERCADO;05/02/2013;1,2774243
SPX NIMITZ FEEDER FIC MULTIMERCADO;06/02/2013;1,2792745
SPX NIMITZ FEEDER FIC MULTIMERCADO;07/02/2013;1,2833134
SPX NIMITZ FEEDER FIC MULTIMERCADO;08/02/2013;1,2833976
SPX NIMITZ FEEDER FIC MULTIMERCADO;13/02/2013;1,2822135
SPX NIMITZ FEEDER FIC MULTIMERCADO;14/02/2013;1,2812976
SPX NIMITZ FEEDER FIC MULTIMERCADO;15/02/2013;1,2809354
SPX NIMITZ FEEDER FIC MULTIMERCADO;18/02/2013;1,2865281
SPX NIMITZ FEEDER FIC MULTIMERCADO;19/02/2013;1,2868956
SPX NIMITZ FEEDER FIC MULTIMERCADO;20/02/2013;1,2871922
SPX NIMITZ FEEDER FIC MULTIMERCADO;21/02/2013;1,2872748
SPX NIMITZ FEEDER FIC MULTIMERCADO;22/02/2013;1,2893983
SPX NIMITZ FEEDER FIC MULTIMERCADO;25/02/2013;1,2879868
SPX NIMITZ FEEDER FIC MULTIMERCADO;26/02/2013;1,2875019
SPX NIMITZ FEEDER FIC MULTIMERCADO;27/02/2013;1,2866783
SPX NIMITZ FEEDER FIC MULTIMERCADO;28/02/2013;1,2857123
SPX NIMITZ FEEDER FIC MULTIMERCADO;01/03/2013;1,2829481
SPX NIMITZ FEEDER FIC MULTIMERCADO;04/03/2013;1,284014
SPX NIMITZ FEEDER FIC MULTIMERCADO;05/03/2013;1,2816333
SPX NIMITZ FEEDER FIC MULTIMERCADO;06/03/2013;1,280079
SPX NIMITZ FEEDER FIC MULTIMERCADO;07/03/2013;1,2863672
SPX NIMITZ FEEDER FIC MULTIMERCADO;08/03/2013;1,2943863
SPX NIMITZ FEEDER FIC MULTIMERCADO;11/03/2013;1,2922991
SPX NIMITZ FEEDER FIC MULTIMERCADO;12/03/2013;1,295771
SPX NIMITZ FEEDER FIC MULTIMERCADO;13/03/2013;1,301232
SPX NIMITZ FEEDER FIC MULTIMERCADO;14/03/2013;1,2999557
SPX NIMITZ FEEDER FIC MULTIMERCADO;15/03/2013;1,299049
SPX NIMITZ FEEDER FIC MULTIMERCADO;18/03/2013;1,3021831
SPX NIMITZ FEEDER FIC MULTIMERCADO;19/03/2013;1,302808
SPX NIMITZ FEEDER FIC MULTIMERCADO;20/03/2013;1,3029981
SPX NIMITZ FEEDER FIC MULTIMERCADO;21/03/2013;1,3059626
SPX NIMITZ FEEDER FIC MULTIMERCADO;22/03/2013;1,3040805
SPX NIMITZ FEEDER FIC MULTIMERCADO;25/03/2013;1,3032703
SPX NIMITZ FEEDER FIC MULTIMERCADO;26/03/2013;1,3023797
SPX NIMITZ FEEDER FIC MULTIMERCADO;27/03/2013;1,3016183
SPX NIMITZ FEEDER FIC MULTIMERCADO;28/03/2013;1,3081409
SPX NIMITZ FEEDER FIC MULTIMERCADO;01/04/2013;1,3098495
SPX NIMITZ FEEDER FIC MULTIMERCADO;02/04/2013;1,3072387
SPX NIMITZ FEEDER FIC MULTIMERCADO;03/04/2013;1,3082865
SPX NIMITZ FEEDER FIC MULTIMERCADO;04/04/2013;1,3049408
SPX NIMITZ FEEDER FIC MULTIMERCADO;05/04/2013;1,3003124
SPX NIMITZ FEEDER FIC MULTIMERCADO;08/04/2013;1,2985287
SPX NIMITZ FEEDER FIC MULTIMERCADO;09/04/2013;1,2979919
SPX NIMITZ FEEDER FIC MULTIMERCADO;10/04/2013;1,2964298
SPX NIMITZ FEEDER FIC MULTIMERCADO;11/04/2013;1,2978987
SPX NIMITZ FEEDER FIC MULTIMERCADO;12/04/2013;1,2989897
SPX NIMITZ FEEDER FIC MULTIMERCADO;15/04/2013;1,3024482
SPX NIMITZ FEEDER FIC MULTIMERCADO;16/04/2013;1,2999962
SPX NIMITZ FEEDER FIC MULTIMERCADO;17/04/2013;1,2993436
SPX NIMITZ FEEDER FIC MULTIMERCADO;18/04/2013;1,3024468
SPX NIMITZ FEEDER FIC MULTIMERCADO;19/04/2013;1,2993236
SPX NIMITZ FEEDER FIC MULTIMERCADO;22/04/2013;1,2985025
SPX NIMITZ FEEDER FIC MULTIMERCADO;23/04/2013;1,3000541
SPX NIMITZ FEEDER FIC MULTIMERCADO;24/04/2013;1,2972298
SPX NIMITZ FEEDER FIC MULTIMERCADO;25/04/2013;1,298045
SPX NIMITZ FEEDER FIC MULTIMERCADO;26/04/2013;1,2946955
SPX NIMITZ FEEDER FIC MULTIMERCADO;29/04/2013;1,2915666
SPX NIMITZ FEEDER FIC MULTIMERCADO;30/04/2013;1,2891254
SPX NIMITZ FEEDER FIC MULTIMERCADO;02/05/2013;1,2920434
SPX NIMITZ FEEDER FIC MULTIMERCADO;03/05/2013;1,2930455
SPX NIMITZ FEEDER FIC MULTIMERCADO;06/05/2013;1,2922166
SPX NIMITZ FEEDER FIC MULTIMERCADO;07/05/2013;1,2913129
SPX NIMITZ FEEDER FIC MULTIMERCADO;08/05/2013;1,2927205
SPX NIMITZ FEEDER FIC MULTIMERCADO;09/05/2013;1,3033149
SPX NIMITZ FEEDER FIC MULTIMERCADO;10/05/2013;1,3081223
SPX NIMITZ FEEDER FIC MULTIMERCADO;13/05/2013;1,3066963
SPX NIMITZ FEEDER FIC MULTIMERCADO;14/05/2013;1,3142463
SPX NIMITZ FEEDER FIC MULTIMERCADO;15/05/2013;1,3192726
SPX NIMITZ FEEDER FIC MULTIMERCADO;16/05/2013;1,3130872
SPX NIMITZ FEEDER FIC MULTIMERCADO;17/05/2013;1,314517
SPX NIMITZ FEEDER FIC MULTIMERCADO;20/05/2013;1,3157672
SPX NIMITZ FEEDER FIC MULTIMERCADO;21/05/2013;1,316279
SPX NIMITZ FEEDER FIC MULTIMERCADO;22/05/2013;1,324104
SPX NIMITZ FEEDER FIC MULTIMERCADO;23/05/2013;1,3259206
SPX NIMITZ FEEDER FIC MULTIMERCADO;24/05/2013;1,3271485
SPX NIMITZ FEEDER FIC MULTIMERCADO;27/05/2013;1,3284258
SPX NIMITZ FEEDER FIC MULTIMERCADO;28/05/2013;1,3332617
SPX NIMITZ FEEDER FIC MULTIMERCADO;29/05/2013;1,3387336
SPX NIMITZ FEEDER FIC MULTIMERCADO;31/05/2013;1,3429634
SPX NIMITZ FEEDER FIC MULTIMERCADO;03/06/2013;1,3400384
SPX NIMITZ FEEDER FIC MULTIMERCADO;04/06/2013;1,3440274
SPX NIMITZ FEEDER FIC MULTIMERCADO;05/06/2013;1,3503611
SPX NIMITZ FEEDER FIC MULTIMERCADO;06/06/2013;1,3505933
SPX NIMITZ FEEDER FIC MULTIMERCADO;07/06/2013;1,3517993
SPX NIMITZ FEEDER FIC MULTIMERCADO;10/06/2013;1,3538753
SPX NIMITZ FEEDER FIC MULTIMERCADO;11/06/2013;1,3542309
SPX NIMITZ FEEDER FIC MULTIMERCADO;12/06/2013;1,3582589
SPX NIMITZ FEEDER FIC MULTIMERCADO;13/06/2013;1,3567911
SPX NIMITZ FEEDER FIC MULTIMERCADO;14/06/2013;1,3511716
SPX NIMITZ FEEDER FIC MULTIMERCADO;17/06/2013;1,3545412
SPX NIMITZ FEEDER FIC MULTIMERCADO;18/06/2013;1,3560965
SPX NIMITZ FEEDER FIC MULTIMERCADO;19/06/2013;1,3673978
SPX NIMITZ FEEDER FIC MULTIMERCADO;20/06/2013;1,3829704
SPX NIMITZ FEEDER FIC MULTIMERCADO;21/06/2013;1,3921194
SPX NIMITZ FEEDER FIC MULTIMERCADO;24/06/2013;1,3881741
SPX NIMITZ FEEDER FIC MULTIMERCADO;25/06/2013;1,387465
SPX NIMITZ FEEDER FIC MULTIMERCADO;26/06/2013;1,3858592
SPX NIMITZ FEEDER FIC MULTIMERCADO;27/06/2013;1,3857517
SPX NIMITZ FEEDER FIC MULTIMERCADO;28/06/2013;1,3929909
SPX NIMITZ FEEDER FIC MULTIMERCADO;01/07/2013;1,3924702
SPX NIMITZ FEEDER FIC MULTIMERCADO;02/07/2013;1,3924271
SPX NIMITZ FEEDER FIC MULTIMERCADO;03/07/2013;1,3955937
SPX NIMITZ FEEDER FIC MULTIMERCADO;04/07/2013;1,3947531
SPX NIMITZ FEEDER FIC MULTIMERCADO;05/07/2013;1,3976336
SPX NIMITZ FEEDER FIC MULTIMERCADO;08/07/2013;1,3922044
SPX NIMITZ FEEDER FIC MULTIMERCADO;09/07/2013;1,391289
SPX NIMITZ FEEDER FIC MULTIMERCADO;10/07/2013;1,3870302
SPX NIMITZ FEEDER FIC MULTIMERCADO;11/07/2013;1,3747205
SPX NIMITZ FEEDER FIC MULTIMERCADO;12/07/2013;1,3794165
SPX NIMITZ FEEDER FIC MULTIMERCADO;15/07/2013;1,363572
SPX NIMITZ FEEDER FIC MULTIMERCADO;16/07/2013;1,3644072
SPX NIMITZ FEEDER FIC MULTIMERCADO;17/07/2013;1,3595129
SPX NIMITZ FEEDER FIC MULTIMERCADO;18/07/2013;1,3648044
SPX NIMITZ FEEDER FIC MULTIMERCADO;19/07/2013;1,3692813
SPX NIMITZ FEEDER FIC MULTIMERCADO;22/07/2013;1,3681556
SPX NIMITZ FEEDER FIC MULTIMERCADO;23/07/2013;1,3655118
SPX NIMITZ FEEDER FIC MULTIMERCADO;24/07/2013;1,3752976
SPX NIMITZ FEEDER FIC MULTIMERCADO;25/07/2013;1,3777522
SPX NIMITZ FEEDER FIC MULTIMERCADO;26/07/2013;1,3774634
SPX NIMITZ FEEDER FIC MULTIMERCADO;29/07/2013;1,3813896
SPX NIMITZ FEEDER FIC MULTIMERCADO;30/07/2013;1,3839576
SPX NIMITZ FEEDER FIC MULTIMERCADO;31/07/2013;1,3876819
SPX NIMITZ FEEDER FIC MULTIMERCADO;01/08/2013;1,3995717
SPX NIMITZ FEEDER FIC MULTIMERCADO;02/08/2013;1,3863166
SPX NIMITZ FEEDER FIC MULTIMERCADO;05/08/2013;1,3914712
SPX NIMITZ FEEDER FIC MULTIMERCADO;06/08/2013;1,3895967
SPX NIMITZ FEEDER FIC MULTIMERCADO;07/08/2013;1,393294
SPX NIMITZ FEEDER FIC MULTIMERCADO;08/08/2013;1,3862397
SPX NIMITZ FEEDER FIC MULTIMERCADO;09/08/2013;1,3825517
SPX NIMITZ FEEDER FIC MULTIMERCADO;12/08/2013;1,3836852
SPX NIMITZ FEEDER FIC MULTIMERCADO;13/08/2013;1,3999162
SPX NIMITZ FEEDER FIC MULTIMERCADO;14/08/2013;1,4047871
SPX NIMITZ FEEDER FIC MULTIMERCADO;15/08/2013;1,4091268
SPX NIMITZ FEEDER FIC MULTIMERCADO;16/08/2013;1,4196076
SPX NIMITZ FEEDER FIC MULTIMERCADO;19/08/2013;1,4294704
SPX NIMITZ FEEDER FIC MULTIMERCADO;20/08/2013;1,4231276
SPX NIMITZ FEEDER FIC MULTIMERCADO;21/08/2013;1,4383422
SPX NIMITZ FEEDER FIC MULTIMERCADO;22/08/2013;1,4404902
SPX NIMITZ FEEDER FIC MULTIMERCADO;23/08/2013;1,4212108
SPX NIMITZ FEEDER FIC MULTIMERCADO;26/08/2013;1,4240651
SPX NIMITZ FEEDER FIC MULTIMERCADO;27/08/2013;1,4246636
SPX NIMITZ FEEDER FIC MULTIMERCADO;28/08/2013;1,4202426
SPX NIMITZ FEEDER FIC MULTIMERCADO;29/08/2013;1,4326724
SPX NIMITZ FEEDER FIC MULTIMERCADO;30/08/2013;1,4372591
SPX NIMITZ FEEDER FIC MULTIMERCADO;02/09/2013;1,4356195
SPX NIMITZ FEEDER FIC MULTIMERCADO;03/09/2013;1,4344076
SPX NIMITZ FEEDER FIC MULTIMERCADO;04/09/2013;1,4317471
SPX NIMITZ FEEDER FIC MULTIMERCADO;05/09/2013;1,4322868
SPX NIMITZ FEEDER FIC MULTIMERCADO;06/09/2013;1,4181389
SPX NIMITZ FEEDER FIC MULTIMERCADO;09/09/2013;1,4137889
SPX NIMITZ FEEDER FIC MULTIMERCADO;10/09/2013;1,4166863
SPX NIMITZ FEEDER FIC MULTIMERCADO;11/09/2013;1,4181495
SPX NIMITZ FEEDER FIC MULTIMERCADO;12/09/2013;1,4263241
SPX NIMITZ FEEDER FIC MULTIMERCADO;13/09/2013;1,4268355
SPX NIMITZ FEEDER FIC MULTIMERCADO;16/09/2013;1,4259017
SPX NIMITZ FEEDER FIC MULTIMERCADO;17/09/2013;1,4217626
SPX NIMITZ FEEDER FIC MULTIMERCADO;18/09/2013;1,3944399
SPX NIMITZ FEEDER FIC MULTIMERCADO;19/09/2013;1,3942453
SPX NIMITZ FEEDER FIC MULTIMERCADO;20/09/2013;1,3932836
SPX NIMITZ FEEDER FIC MULTIMERCADO;23/09/2013;1,3916981
SPX NIMITZ FEEDER FIC MULTIMERCADO;24/09/2013;1,3940795
SPX NIMITZ FEEDER FIC MULTIMERCADO;25/09/2013;1,4049822
SPX NIMITZ FEEDER FIC MULTIMERCADO;26/09/2013;1,4104938
SPX NIMITZ FEEDER FIC MULTIMERCADO;27/09/2013;1,4146022
SPX NIMITZ FEEDER FIC MULTIMERCADO;30/09/2013;1,4072675
SPX NIMITZ FEEDER FIC MULTIMERCADO;01/10/2013;1,406091
SPX NIMITZ FEEDER FIC MULTIMERCADO;02/10/2013;1,3978066
SPX NIMITZ FEEDER FIC MULTIMERCADO;03/10/2013;1,3991561
SPX NIMITZ FEEDER FIC MULTIMERCADO;04/10/2013;1,4030598
SPX NIMITZ FEEDER FIC MULTIMERCADO;07/10/2013;1,4038226
SPX NIMITZ FEEDER FIC MULTIMERCADO;08/10/2013;1,3997109
SPX NIMITZ FEEDER FIC MULTIMERCADO;09/10/2013;1,396646
SPX NIMITZ FEEDER FIC MULTIMERCADO;10/10/2013;1,3845417
SPX NIMITZ FEEDER FIC MULTIMERCADO;11/10/2013;1,3824681
SPX NIMITZ FEEDER FIC MULTIMERCADO;14/10/2013;1,3821699
SPX NIMITZ FEEDER FIC MULTIMERCADO;15/10/2013;1,3842532
SPX NIMITZ FEEDER FIC MULTIMERCADO;16/10/2013;1,379509
SPX NIMITZ FEEDER FIC MULTIMERCADO;17/10/2013;1,3744622
SPX NIMITZ FEEDER FIC MULTIMERCADO;18/10/2013;1,3812517
SPX NIMITZ FEEDER FIC MULTIMERCADO;21/10/2013;1,3840098
SPX NIMITZ FEEDER FIC MULTIMERCADO;22/10/2013;1,3799801
SPX NIMITZ FEEDER FIC MULTIMERCADO;23/10/2013;1,3763218
SPX NIMITZ FEEDER FIC MULTIMERCADO;24/10/2013;1,3803235
SPX NIMITZ FEEDER FIC MULTIMERCADO;25/10/2013;1,3752276
SPX NIMITZ FEEDER FIC MULTIMERCADO;28/10/2013;1,3741208
SPX NIMITZ FEEDER FIC MULTIMERCADO;29/10/2013;1,3749651
SPX NIMITZ FEEDER FIC MULTIMERCADO;30/10/2013;1,3741208
SPX NIMITZ FEEDER FIC MULTIMERCADO;31/10/2013;1,3858452
SPX NIMITZ FEEDER FIC MULTIMERCADO;01/11/2013;1,3907067
SPX NIMITZ FEEDER FIC MULTIMERCADO;04/11/2013;1,3904992
SPX NIMITZ FEEDER FIC MULTIMERCADO;05/11/2013;1,4007621
SPX NIMITZ FEEDER FIC MULTIMERCADO;06/11/2013;1,4001822
SPX NIMITZ FEEDER FIC MULTIMERCADO;07/11/2013;1,4018732
SPX NIMITZ FEEDER FIC MULTIMERCADO;08/11/2013;1,4027861
SPX NIMITZ FEEDER FIC MULTIMERCADO;11/11/2013;1,408664
SPX NIMITZ FEEDER FIC MULTIMERCADO;12/11/2013;1,4096149
SPX NIMITZ FEEDER FIC MULTIMERCADO;13/11/2013;1,4085157
SPX NIMITZ FEEDER FIC MULTIMERCADO;14/11/2013;1,4049463
SPX NIMITZ FEEDER FIC MULTIMERCADO;18/11/2013;1,393133
SPX NIMITZ FEEDER FIC MULTIMERCADO;19/11/2013;1,3976774
SPX NIMITZ FEEDER FIC MULTIMERCADO;20/11/2013;1,3975969
SPX NIMITZ FEEDER FIC MULTIMERCADO;21/11/2013;1,4062059
SPX NIMITZ FEEDER FIC MULTIMERCADO;22/11/2013;1,406425
SPX NIMITZ FEEDER FIC MULTIMERCADO;25/11/2013;1,409368
SPX NIMITZ FEEDER FIC MULTIMERCADO;26/11/2013;1,4098292
SPX NIMITZ FEEDER FIC MULTIMERCADO;27/11/2013;1,416401
SPX NIMITZ FEEDER FIC MULTIMERCADO;28/11/2013;1,4240034
SPX NIMITZ FEEDER FIC MULTIMERCADO;29/11/2013;1,4284688
SPX NIMITZ FEEDER FIC MULTIMERCADO;02/12/2013;1,4395964
SPX NIMITZ FEEDER FIC MULTIMERCADO;03/12/2013;1,4415389
SPX NIMITZ FEEDER FIC MULTIMERCADO;04/12/2013;1,4442302
SPX NIMITZ FEEDER FIC MULTIMERCADO;05/12/2013;1,4358728
SPX NIMITZ FEEDER FIC MULTIMERCADO;06/12/2013;1,4331764
SPX NIMITZ FEEDER FIC MULTIMERCADO;09/12/2013;1,4331099
SPX NIMITZ FEEDER FIC MULTIMERCADO;10/12/2013;1,4304106
SPX NIMITZ FEEDER FIC MULTIMERCADO;11/12/2013;1,4361281
SPX NIMITZ FEEDER FIC MULTIMERCADO;12/12/2013;1,4383313
SPX NIMITZ FEEDER FIC MULTIMERCADO;13/12/2013;1,4384903
SPX NIMITZ FEEDER FIC MULTIMERCADO;16/12/2013;1,4382507
SPX NIMITZ FEEDER FIC MULTIMERCADO;17/12/2013;1,4348693
SPX NIMITZ FEEDER FIC MULTIMERCADO;18/12/2013;1,436336
SPX NIMITZ FEEDER FIC MULTIMERCADO;19/12/2013;1,4429834
SPX NIMITZ FEEDER FIC MULTIMERCADO;20/12/2013;1,4486276
SPX NIMITZ FEEDER FIC MULTIMERCADO;23/12/2013;1,4483878
SPX NIMITZ FEEDER FIC MULTIMERCADO;24/12/2013;1,4493572
SPX NIMITZ FEEDER FIC MULTIMERCADO;26/12/2013;1,4517195
SPX NIMITZ FEEDER FIC MULTIMERCADO;27/12/2013;1,4504254
SPX NIMITZ FEEDER FIC MULTIMERCADO;30/12/2013;1,4559536
SPX NIMITZ FEEDER FIC MULTIMERCADO;31/12/2013;1,4563961
SPX NIMITZ FEEDER FIC MULTIMERCADO;02/01/2014;1,4624927
SPX NIMITZ FEEDER FIC MULTIMERCADO;03/01/2014;1,4615477
SPX NIMITZ FEEDER FIC MULTIMERCADO;06/01/2014;1,4631055
SPX NIMITZ FEEDER FIC MULTIMERCADO;07/01/2014;1,4641541
SPX NIMITZ FEEDER FIC MULTIMERCADO;08/01/2014;1,470378
SPX NIMITZ FEEDER FIC MULTIMERCADO;09/01/2014;1,4748159
SPX NIMITZ FEEDER FIC MULTIMERCADO;10/01/2014;1,4690836
SPX NIMITZ FEEDER FIC MULTIMERCADO;13/01/2014;1,4657951
SPX NIMITZ FEEDER FIC MULTIMERCADO;14/01/2014;1,4690799
SPX NIMITZ FEEDER FIC MULTIMERCADO;15/01/2014;1,4708364
SPX NIMITZ FEEDER FIC MULTIMERCADO;16/01/2014;1,4693228
SPX NIMITZ FEEDER FIC MULTIMERCADO;17/01/2014;1,4668316
SPX NIMITZ FEEDER FIC MULTIMERCADO;20/01/2014;1,4666867
SPX NIMITZ FEEDER FIC MULTIMERCADO;21/01/2014;1,4712258
SPX NIMITZ FEEDER FIC MULTIMERCADO;22/01/2014;1,4738447
SPX NIMITZ FEEDER FIC MULTIMERCADO;23/01/2014;1,4777961
SPX NIMITZ FEEDER FIC MULTIMERCADO;24/01/2014;1,4749273
SPX NIMITZ FEEDER FIC MULTIMERCADO;27/01/2014;1,4793824
SPX NIMITZ FEEDER FIC MULTIMERCADO;28/01/2014;1,4793332
SPX NIMITZ FEEDER FIC MULTIMERCADO;29/01/2014;1,4788447
SPX NIMITZ FEEDER FIC MULTIMERCADO;30/01/2014;1,4702505
SPX NIMITZ FEEDER FIC MULTIMERCADO;31/01/2014;1,4735576
SPX NIMITZ FEEDER FIC MULTIMERCADO;03/02/2014;1,4752421
SPX NIMITZ FEEDER FIC MULTIMERCADO;04/02/2014;1,4742211
SPX NIMITZ FEEDER FIC MULTIMERCADO;05/02/2014;1,4748943
SPX NIMITZ FEEDER FIC MULTIMERCADO;06/02/2014;1,4699166
SPX NIMITZ FEEDER FIC MULTIMERCADO;07/02/2014;1,468787
SPX NIMITZ FEEDER FIC MULTIMERCADO;10/02/2014;1,4757143
SPX NIMITZ FEEDER FIC MULTIMERCADO;11/02/2014;1,4756702
SPX NIMITZ FEEDER FIC MULTIMERCADO;12/02/2014;1,4781721
SPX NIMITZ FEEDER FIC MULTIMERCADO;13/02/2014;1,4733595
SPX NIMITZ FEEDER FIC MULTIMERCADO;14/02/2014;1,4755055
SPX NIMITZ FEEDER FIC MULTIMERCADO;17/02/2014;1,4783282
SPX NIMITZ FEEDER FIC MULTIMERCADO;18/02/2014;1,4801579
SPX NIMITZ FEEDER FIC MULTIMERCADO;19/02/2014;1,481314
SPX NIMITZ FEEDER FIC MULTIMERCADO;20/02/2014;1,4795579
SPX NIMITZ FEEDER FIC MULTIMERCADO;21/02/2014;1,4763586
SPX NIMITZ FEEDER FIC MULTIMERCADO;24/02/2014;1,4748368
SPX NIMITZ FEEDER FIC MULTIMERCADO;25/02/2014;1,4719091
SPX NIMITZ FEEDER FIC MULTIMERCADO;26/02/2014;1,4763955
SPX NIMITZ FEEDER FIC MULTIMERCADO;27/02/2014;1,4662974
SPX NIMITZ FEEDER FIC MULTIMERCADO;28/02/2014;1,4736651
SPX NIMITZ FEEDER FIC MULTIMERCADO;05/03/2014;1,4740923
SPX NIMITZ FEEDER FIC MULTIMERCADO;06/03/2014;1,4757053
SPX NIMITZ FEEDER FIC MULTIMERCADO;07/03/2014;1,4889427
SPX NIMITZ FEEDER FIC MULTIMERCADO;10/03/2014;1,4926707
SPX NIMITZ FEEDER FIC MULTIMERCADO;11/03/2014;1,4931964
SPX NIMITZ FEEDER FIC MULTIMERCADO;12/03/2014;1,4903963
SPX NIMITZ FEEDER FIC MULTIMERCADO;13/03/2014;1,4918482
SPX NIMITZ FEEDER FIC MULTIMERCADO;14/03/2014;1,4921353
SPX NIMITZ FEEDER FIC MULTIMERCADO;17/03/2014;1,4927554
SPX NIMITZ FEEDER FIC MULTIMERCADO;18/03/2014;1,4914037
SPX NIMITZ FEEDER FIC MULTIMERCADO;19/03/2014;1,5001076
SPX NIMITZ FEEDER FIC MULTIMERCADO;20/03/2014;1,5000079
SPX NIMITZ FEEDER FIC MULTIMERCADO;21/03/2014;1,4952039
SPX NIMITZ FEEDER FIC MULTIMERCADO;24/03/2014;1,4928772
SPX NIMITZ FEEDER FIC MULTIMERCADO;25/03/2014;1,4837688
SPX NIMITZ FEEDER FIC MULTIMERCADO;26/03/2014;1,482929
SPX NIMITZ FEEDER FIC MULTIMERCADO;27/03/2014;1,465589
SPX NIMITZ FEEDER FIC MULTIMERCADO;28/03/2014;1,4710384
SPX NIMITZ FEEDER FIC MULTIMERCADO;31/03/2014;1,4757439
SPX NIMITZ FEEDER FIC MULTIMERCADO;01/04/2014;1,4787967
SPX NIMITZ FEEDER FIC MULTIMERCADO;02/04/2014;1,4800687
SPX NIMITZ FEEDER FIC MULTIMERCADO;03/04/2014;1,4828372
SPX NIMITZ FEEDER FIC MULTIMERCADO;04/04/2014;1,4701427
SPX NIMITZ FEEDER FIC MULTIMERCADO;07/04/2014;1,4590039
SPX NIMITZ FEEDER FIC MULTIMERCADO;08/04/2014;1,4505859
SPX NIMITZ FEEDER FIC MULTIMERCADO;09/04/2014;1,4503517
SPX NIMITZ FEEDER FIC MULTIMERCADO;10/04/2014;1,4512676
SPX NIMITZ FEEDER FIC MULTIMERCADO;11/04/2014;1,4555874
SPX NIMITZ FEEDER FIC MULTIMERCADO;14/04/2014;1,4602514
SPX NIMITZ FEEDER FIC MULTIMERCADO;15/04/2014;1,4674877
SPX NIMITZ FEEDER FIC MULTIMERCADO;16/04/2014;1,4704651
SPX NIMITZ FEEDER FIC MULTIMERCADO;17/04/2014;1,4705446
SPX NIMITZ FEEDER FIC MULTIMERCADO;22/04/2014;1,4713744
SPX NIMITZ FEEDER FIC MULTIMERCADO;23/04/2014;1,4656585
SPX NIMITZ FEEDER FIC MULTIMERCADO;24/04/2014;1,4662933
SPX NIMITZ FEEDER FIC MULTIMERCADO;25/04/2014;1,4715516
SPX NIMITZ FEEDER FIC MULTIMERCADO;28/04/2014;1,4712912
SPX NIMITZ FEEDER FIC MULTIMERCADO;29/04/2014;1,4714848
SPX NIMITZ FEEDER FIC MULTIMERCADO;30/04/2014;1,4715533
SPX NIMITZ FEEDER FIC MULTIMERCADO;02/05/2014;1,4668001
SPX NIMITZ FEEDER FIC MULTIMERCADO;05/05/2014;1,4732791
SPX NIMITZ FEEDER FIC MULTIMERCADO;06/05/2014;1,4652268
SPX NIMITZ FEEDER FIC MULTIMERCADO;07/05/2014;1,4633607
SPX NIMITZ FEEDER FIC MULTIMERCADO;08/05/2014;1,4605833
SPX NIMITZ FEEDER FIC MULTIMERCADO;09/05/2014;1,4621022
SPX NIMITZ FEEDER FIC MULTIMERCADO;12/05/2014;1,4642278
SPX NIMITZ FEEDER FIC MULTIMERCADO;13/05/2014;1,4614209
SPX NIMITZ FEEDER FIC MULTIMERCADO;14/05/2014;1,4555015
SPX NIMITZ FEEDER FIC MULTIMERCADO;15/05/2014;1,4571492
SPX NIMITZ FEEDER FIC MULTIMERCADO;16/05/2014;1,4573967
SPX NIMITZ FEEDER FIC MULTIMERCADO;19/05/2014;1,4555046
SPX NIMITZ FEEDER FIC MULTIMERCADO;20/05/2014;1,4580538
SPX NIMITZ FEEDER FIC MULTIMERCADO;21/05/2014;1,455339
SPX NIMITZ FEEDER FIC MULTIMERCADO;22/05/2014;1,4571604
SPX NIMITZ FEEDER FIC MULTIMERCADO;23/05/2014;1,4583569
SPX NIMITZ FEEDER FIC MULTIMERCADO;26/05/2014;1,4584384
SPX NIMITZ FEEDER FIC MULTIMERCADO;27/05/2014;1,463571
SPX NIMITZ FEEDER FIC MULTIMERCADO;28/05/2014;1,462732
SPX NIMITZ FEEDER FIC MULTIMERCADO;29/05/2014;1,4592644
SPX NIMITZ FEEDER FIC MULTIMERCADO;30/05/2014;1,4655617
SPX NIMITZ FEEDER FIC MULTIMERCADO;02/06/2014;1,4731461
SPX NIMITZ FEEDER FIC MULTIMERCADO;03/06/2014;1,4756064
SPX NIMITZ FEEDER FIC MULTIMERCADO;04/06/2014;1,4784817
SPX NIMITZ FEEDER FIC MULTIMERCADO;05/06/2014;1,4786949
SPX NIMITZ FEEDER FIC MULTIMERCADO;06/06/2014;1,4736919
SPX NIMITZ FEEDER FIC MULTIMERCADO;09/06/2014;1,4722655
SPX NIMITZ FEEDER FIC MULTIMERCADO;10/06/2014;1,4712812
SPX NIMITZ FEEDER FIC MULTIMERCADO;11/06/2014;1,469706
SPX NIMITZ FEEDER FIC MULTIMERCADO;12/06/2014;1,4681637
SPX NIMITZ FEEDER FIC MULTIMERCADO;13/06/2014;1,4723469
SPX NIMITZ FEEDER FIC MULTIMERCADO;16/06/2014;1,4762672
SPX NIMITZ FEEDER FIC MULTIMERCADO;17/06/2014;1,4823063
SPX NIMITZ FEEDER FIC MULTIMERCADO;18/06/2014;1,4761681
SPX NIMITZ FEEDER FIC MULTIMERCADO;20/06/2014;1,4744561
SPX NIMITZ FEEDER FIC MULTIMERCADO;23/06/2014;1,4746665
SPX NIMITZ FEEDER FIC MULTIMERCADO;24/06/2014;1,4770044
SPX NIMITZ FEEDER FIC MULTIMERCADO;25/06/2014;1,4743905
SPX NIMITZ FEEDER FIC MULTIMERCADO;26/06/2014;1,4694803
SPX NIMITZ FEEDER FIC MULTIMERCADO;27/06/2014;1,471632
SPX NIMITZ FEEDER FIC MULTIMERCADO;30/06/2014;1,4761939
SPX NIMITZ FEEDER FIC MULTIMERCADO;01/07/2014;1,475211
SPX NIMITZ FEEDER FIC MULTIMERCADO;02/07/2014;1,4805395
SPX NIMITZ FEEDER FIC MULTIMERCADO;03/07/2014;1,4803635
SPX NIMITZ FEEDER FIC MULTIMERCADO;04/07/2014;1,481087
SPX NIMITZ FEEDER FIC MULTIMERCADO;07/07/2014;1,4833478
SPX NIMITZ FEEDER FIC MULTIMERCADO;08/07/2014;1,4814612
SPX NIMITZ FEEDER FIC MULTIMERCADO;09/07/2014;1,4801759
SPX NIMITZ FEEDER FIC MULTIMERCADO;10/07/2014;1,4787616
SPX NIMITZ FEEDER FIC MULTIMERCADO;11/07/2014;1,4770249
SPX NIMITZ FEEDER FIC MULTIMERCADO;14/07/2014;1,4747487
SPX NIMITZ FEEDER FIC MULTIMERCADO;15/07/2014;1,4771925
SPX NIMITZ FEEDER FIC MULTIMERCADO;16/07/2014;1,4776324
SPX NIMITZ FEEDER FIC MULTIMERCADO;17/07/2014;1,4872404
SPX NIMITZ FEEDER FIC MULTIMERCADO;18/07/2014;1,4815556
SPX NIMITZ FEEDER FIC MULTIMERCADO;21/07/2014;1,4789821
SPX NIMITZ FEEDER FIC MULTIMERCADO;22/07/2014;1,4792691
SPX NIMITZ FEEDER FIC MULTIMERCADO;23/07/2014;1,4771183
SPX NIMITZ FEEDER FIC MULTIMERCADO;24/07/2014;1,4710624
SPX NIMITZ FEEDER FIC MULTIMERCADO;25/07/2014;1,4758489
SPX NIMITZ FEEDER FIC MULTIMERCADO;28/07/2014;1,4750056
SPX NIMITZ FEEDER FIC MULTIMERCADO;29/07/2014;1,4760908
SPX NIMITZ FEEDER FIC MULTIMERCADO;30/07/2014;1,4837382
SPX NIMITZ FEEDER FIC MULTIMERCADO;31/07/2014;1,4879037
SPX NIMITZ FEEDER FIC MULTIMERCADO;01/08/2014;1,4781627
SPX NIMITZ FEEDER FIC MULTIMERCADO;04/08/2014;1,4742394
SPX NIMITZ FEEDER FIC MULTIMERCADO;05/08/2014;1,4713899
SPX NIMITZ FEEDER FIC MULTIMERCADO;06/08/2014;1,4722516
SPX NIMITZ FEEDER FIC MULTIMERCADO;07/08/2014;1,4699384
SPX NIMITZ FEEDER FIC MULTIMERCADO;08/08/2014;1,4729562
SPX NIMITZ FEEDER FIC MULTIMERCADO;11/08/2014;1,4719781
SPX NIMITZ FEEDER FIC MULTIMERCADO;12/08/2014;1,4723675
SPX NIMITZ FEEDER FIC MULTIMERCADO;13/08/2014;1,4704023
SPX NIMITZ FEEDER FIC MULTIMERCADO;14/08/2014;1,4697261
SPX NIMITZ FEEDER FIC MULTIMERCADO;15/08/2014;1,4667423
SPX NIMITZ FEEDER FIC MULTIMERCADO;18/08/2014;1,4669129
SPX NIMITZ FEEDER FIC MULTIMERCADO;19/08/2014;1,4682589
SPX NIMITZ FEEDER FIC MULTIMERCADO;20/08/2014;1,4702637
SPX NIMITZ FEEDER FIC MULTIMERCADO;21/08/2014;1,4705577
SPX NIMITZ FEEDER FIC MULTIMERCADO;22/08/2014;1,4745574
SPX NIMITZ FEEDER FIC MULTIMERCADO;25/08/2014;1,4774298
SPX NIMITZ FEEDER FIC MULTIMERCADO;26/08/2014;1,4771557
SPX NIMITZ FEEDER FIC MULTIMERCADO;27/08/2014;1,4800773
SPX NIMITZ FEEDER FIC MULTIMERCADO;28/08/2014;1,4769823
SPX NIMITZ FEEDER FIC MULTIMERCADO;29/08/2014;1,4817731
SPX NIMITZ FEEDER FIC MULTIMERCADO;01/09/2014;1,4866308
SPX NIMITZ FEEDER FIC MULTIMERCADO;02/09/2014;1,4970426
SPX NIMITZ FEEDER FIC MULTIMERCADO;03/09/2014;1,4917108
SPX NIMITZ FEEDER FIC MULTIMERCADO;04/09/2014;1,4949185
SPX NIMITZ FEEDER FIC MULTIMERCADO;05/09/2014;1,4933803
SPX NIMITZ FEEDER FIC MULTIMERCADO;08/09/2014;1,4927839
SPX NIMITZ FEEDER FIC MULTIMERCADO;09/09/2014;1,4897901
SPX NIMITZ FEEDER FIC MULTIMERCADO;10/09/2014;1,4892951
SPX NIMITZ FEEDER FIC MULTIMERCADO;11/09/2014;1,4925399
SPX NIMITZ FEEDER FIC MULTIMERCADO;12/09/2014;1,4934809
SPX NIMITZ FEEDER FIC MULTIMERCADO;15/09/2014;1,4914673
SPX NIMITZ FEEDER FIC MULTIMERCADO;16/09/2014;1,4873207
SPX NIMITZ FEEDER FIC MULTIMERCADO;17/09/2014;1,4944401
SPX NIMITZ FEEDER FIC MULTIMERCADO;18/09/2014;1,4994694
SPX NIMITZ FEEDER FIC MULTIMERCADO;19/09/2014;1,504001
SPX NIMITZ FEEDER FIC MULTIMERCADO;22/09/2014;1,5036639
SPX NIMITZ FEEDER FIC MULTIMERCADO;23/09/2014;1,5047465
SPX NIMITZ FEEDER FIC MULTIMERCADO;24/09/2014;1,5041267
SPX NIMITZ FEEDER FIC MULTIMERCADO;25/09/2014;1,5090294
SPX NIMITZ FEEDER FIC MULTIMERCADO;26/09/2014;1,5110203
SPX NIMITZ FEEDER FIC MULTIMERCADO;29/09/2014;1,5175238
SPX NIMITZ FEEDER FIC MULTIMERCADO;30/09/2014;1,5163868
SPX NIMITZ FEEDER FIC MULTIMERCADO;01/10/2014;1,5244021
SPX NIMITZ FEEDER FIC MULTIMERCADO;02/10/2014;1,5190431
SPX NIMITZ FEEDER FIC MULTIMERCADO;03/10/2014;1,5167495
SPX NIMITZ FEEDER FIC MULTIMERCADO;06/10/2014;1,4962213
SPX NIMITZ FEEDER FIC MULTIMERCADO;07/10/2014;1,4894017
SPX NIMITZ FEEDER FIC MULTIMERCADO;08/10/2014;1,4823785
SPX NIMITZ FEEDER FIC MULTIMERCADO;09/10/2014;1,4819023
SPX NIMITZ FEEDER FIC MULTIMERCADO;10/10/2014;1,4809161
SPX NIMITZ FEEDER FIC MULTIMERCADO;13/10/2014;1,4762721
SPX NIMITZ FEEDER FIC MULTIMERCADO;14/10/2014;1,4788157
SPX NIMITZ FEEDER FIC MULTIMERCADO;15/10/2014;1,475954
SPX NIMITZ FEEDER FIC MULTIMERCADO;16/10/2014;1,478679
SPX NIMITZ FEEDER FIC MULTIMERCADO;17/10/2014;1,4791356
SPX NIMITZ FEEDER FIC MULTIMERCADO;20/10/2014;1,4823782
SPX NIMITZ FEEDER FIC MULTIMERCADO;21/10/2014;1,480511
SPX NIMITZ FEEDER FIC MULTIMERCADO;22/10/2014;1,483975
SPX NIMITZ FEEDER FIC MULTIMERCADO;23/10/2014;1,4905464
SPX NIMITZ FEEDER FIC MULTIMERCADO;24/10/2014;1,4821488
SPX NIMITZ FEEDER FIC MULTIMERCADO;27/10/2014;1,5032175
SPX NIMITZ FEEDER FIC MULTIMERCADO;28/10/2014;1,4973248
SPX NIMITZ FEEDER FIC MULTIMERCADO;29/10/2014;1,5018951
SPX NIMITZ FEEDER FIC MULTIMERCADO;30/10/2014;1,4990292
SPX NIMITZ FEEDER FIC MULTIMERCADO;31/10/2014;1,5078608
SPX NIMITZ FEEDER FIC MULTIMERCADO;03/11/2014;1,515572
SPX NIMITZ FEEDER FIC MULTIMERCADO;04/11/2014;1,5187235
SPX NIMITZ FEEDER FIC MULTIMERCADO;05/11/2014;1,5242115
SPX NIMITZ FEEDER FIC MULTIMERCADO;06/11/2014;1,5339982
SPX NIMITZ FEEDER FIC MULTIMERCADO;07/11/2014;1,5307934
SPX NIMITZ FEEDER FIC MULTIMERCADO;10/11/2014;1,5329976
SPX NIMITZ FEEDER FIC MULTIMERCADO;11/11/2014;1,5367317
SPX NIMITZ FEEDER FIC MULTIMERCADO;12/11/2014;1,5367601
SPX NIMITZ FEEDER FIC MULTIMERCADO;13/11/2014;1,5441713
SPX NIMITZ FEEDER FIC MULTIMERCADO;14/11/2014;1,5392123
SPX NIMITZ FEEDER FIC MULTIMERCADO;17/11/2014;1,5406755
SPX NIMITZ FEEDER FIC MULTIMERCADO;18/11/2014;1,538215
SPX NIMITZ FEEDER FIC MULTIMERCADO;19/11/2014;1,5360449
SPX NIMITZ FEEDER FIC MULTIMERCADO;20/11/2014;1,5364409
SPX NIMITZ FEEDER FIC MULTIMERCADO;21/11/2014;1,5265344
SPX NIMITZ FEEDER FIC MULTIMERCADO;24/11/2014;1,5274557
SPX NIMITZ FEEDER FIC MULTIMERCADO;25/11/2014;1,5250228
SPX NIMITZ FEEDER FIC MULTIMERCADO;26/11/2014;1,5245596
SPX NIMITZ FEEDER FIC MULTIMERCADO;27/11/2014;1,524039
SPX NIMITZ FEEDER FIC MULTIMERCADO;28/11/2014;1,5392708
SPX NIMITZ FEEDER FIC MULTIMERCADO;01/12/2014;1,5324747
SPX NIMITZ FEEDER FIC MULTIMERCADO;02/12/2014;1,5404356
SPX NIMITZ FEEDER FIC MULTIMERCADO;03/12/2014;1,5392814
SPX NIMITZ FEEDER FIC MULTIMERCADO;04/12/2014;1,5403053
SPX NIMITZ FEEDER FIC MULTIMERCADO;05/12/2014;1,549111
SPX NIMITZ FEEDER FIC MULTIMERCADO;08/12/2014;1,5501043
SPX NIMITZ FEEDER FIC MULTIMERCADO;09/12/2014;1,5446988
SPX NIMITZ FEEDER FIC MULTIMERCADO;10/12/2014;1,5460406
SPX NIMITZ FEEDER FIC MULTIMERCADO;11/12/2014;1,5451421
SPX NIMITZ FEEDER FIC MULTIMERCADO;12/12/2014;1,5433757
SPX NIMITZ FEEDER FIC MULTIMERCADO;15/12/2014;1,5429156
SPX NIMITZ FEEDER FIC MULTIMERCADO;16/12/2014;1,5288115
SPX NIMITZ FEEDER FIC MULTIMERCADO;17/12/2014;1,5236534
SPX NIMITZ FEEDER FIC MULTIMERCADO;18/12/2014;1,5198143
SPX NIMITZ FEEDER FIC MULTIMERCADO;19/12/2014;1,5186886
SPX NIMITZ FEEDER FIC MULTIMERCADO;22/12/2014;1,522893
SPX NIMITZ FEEDER FIC MULTIMERCADO;23/12/2014;1,5316545
SPX NIMITZ FEEDER FIC MULTIMERCADO;24/12/2014;1,532063
SPX NIMITZ FEEDER FIC MULTIMERCADO;26/12/2014;1,5288002
SPX NIMITZ FEEDER FIC MULTIMERCADO;29/12/2014;1,5306657
SPX NIMITZ FEEDER FIC MULTIMERCADO;30/12/2014;1,5250598
SPX NIMITZ FEEDER FIC MULTIMERCADO;31/12/2014;1,5254685
SPX NIMITZ FEEDER FIC MULTIMERCADO;02/01/2015;1,5340204
SPX NIMITZ FEEDER FIC MULTIMERCADO;05/01/2015;1,5410281
SPX NIMITZ FEEDER FIC MULTIMERCADO;06/01/2015;1,5359513
SPX NIMITZ FEEDER FIC MULTIMERCADO;07/01/2015;1,5362017
SPX NIMITZ FEEDER FIC MULTIMERCADO;08/01/2015;1,534359
SPX NIMITZ FEEDER FIC MULTIMERCADO;09/01/2015;1,5315353
SPX NIMITZ FEEDER FIC MULTIMERCADO;12/01/2015;1,5334425
SPX NIMITZ FEEDER FIC MULTIMERCADO;13/01/2015;1,5331263
SPX NIMITZ FEEDER FIC MULTIMERCADO;14/01/2015;1,5292703
SPX NIMITZ FEEDER FIC MULTIMERCADO;15/01/2015;1,5340333
SPX NIMITZ FEEDER FIC MULTIMERCADO;16/01/2015;1,5313981
SPX NIMITZ FEEDER FIC MULTIMERCADO;19/01/2015;1,5343923
SPX NIMITZ FEEDER FIC MULTIMERCADO;20/01/2015;1,5341175
SPX NIMITZ FEEDER FIC MULTIMERCADO;21/01/2015;1,5343688
SPX NIMITZ FEEDER FIC MULTIMERCADO;22/01/2015;1,5381066
SPX NIMITZ FEEDER FIC MULTIMERCADO;23/01/2015;1,5460508
SPX NIMITZ FEEDER FIC MULTIMERCADO;26/01/2015;1,5476482
SPX NIMITZ FEEDER FIC MULTIMERCADO;27/01/2015;1,5437563
SPX NIMITZ FEEDER FIC MULTIMERCADO;28/01/2015;1,5487648
SPX NIMITZ FEEDER FIC MULTIMERCADO;29/01/2015;1,5545679
SPX NIMITZ FEEDER FIC MULTIMERCADO;30/01/2015;1,5648461
SPX NIMITZ FEEDER FIC MULTIMERCADO;02/02/2015;1,5645344
SPX NIMITZ FEEDER FIC MULTIMERCADO;03/02/2015;1,5601888
SPX NIMITZ FEEDER FIC MULTIMERCADO;04/02/2015;1,5726308
SPX NIMITZ FEEDER FIC MULTIMERCADO;05/02/2015;1,5705084
SPX NIMITZ FEEDER FIC MULTIMERCADO;06/02/2015;1,5832722
SPX NIMITZ FEEDER FIC MULTIMERCADO;09/02/2015;1,5759487
SPX NIMITZ FEEDER FIC MULTIMERCADO;10/02/2015;1,5905747
SPX NIMITZ FEEDER FIC MULTIMERCADO;11/02/2015;1,599504
SPX NIMITZ FEEDER FIC MULTIMERCADO;12/02/2015;1,587813
SPX NIMITZ FEEDER FIC MULTIMERCADO;13/02/2015;1,5841897
SPX NIMITZ FEEDER FIC MULTIMERCADO;18/02/2015;1,5839313
SPX NIMITZ FEEDER FIC MULTIMERCADO;19/02/2015;1,5902803
SPX NIMITZ FEEDER FIC MULTIMERCADO;20/02/2015;1,5918593
SPX NIMITZ FEEDER FIC MULTIMERCADO;23/02/2015;1,5964305
SPX NIMITZ FEEDER FIC MULTIMERCADO;24/02/2015;1,5879499
SPX NIMITZ FEEDER FIC MULTIMERCADO;25/02/2015;1,5936829
SPX NIMITZ FEEDER FIC MULTIMERCADO;26/02/2015;1,6006261
SPX NIMITZ FEEDER FIC MULTIMERCADO;27/02/2015;1,5979324
SPX NIMITZ FEEDER FIC MULTIMERCADO;02/03/2015;1,6105864
SPX NIMITZ FEEDER FIC MULTIMERCADO;03/03/2015;1,6146357
SPX NIMITZ FEEDER FIC MULTIMERCADO;04/03/2015;1,6279243
SPX NIMITZ FEEDER FIC MULTIMERCADO;05/03/2015;1,6349828
SPX NIMITZ FEEDER FIC MULTIMERCADO;06/03/2015;1,6483215
SPX NIMITZ FEEDER FIC MULTIMERCADO;09/03/2015;1,6583774
SPX NIMITZ FEEDER FIC MULTIMERCADO;10/03/2015;1,6658749
SPX NIMITZ FEEDER FIC MULTIMERCADO;11/03/2015;1,6676305
SPX NIMITZ FEEDER FIC MULTIMERCADO;12/03/2015;1,6698752
SPX NIMITZ FEEDER FIC MULTIMERCADO;13/03/2015;1,6859825
SPX NIMITZ FEEDER FIC MULTIMERCADO;16/03/2015;1,6850628
SPX NIMITZ FEEDER FIC MULTIMERCADO;17/03/2015;1,6829496
SPX NIMITZ FEEDER FIC MULTIMERCADO;18/03/2015;1,6719156
SPX NIMITZ FEEDER FIC MULTIMERCADO;19/03/2015;1,6865499
SPX NIMITZ FEEDER FIC MULTIMERCADO;20/03/2015;1,6735474
SPX NIMITZ FEEDER FIC MULTIMERCADO;23/03/2015;1,6647194
SPX NIMITZ FEEDER FIC MULTIMERCADO;24/03/2015;1,6615791
SPX NIMITZ FEEDER FIC MULTIMERCADO;25/03/2015;1,6708726
SPX NIMITZ FEEDER FIC MULTIMERCADO;26/03/2015;1,6747109
SPX NIMITZ FEEDER FIC MULTIMERCADO;27/03/2015;1,6826163
SPX NIMITZ FEEDER FIC MULTIMERCADO;30/03/2015;1,6799691
SPX NIMITZ FEEDER FIC MULTIMERCADO;31/03/2015;1,6803713
SPX NIMITZ FEEDER FIC MULTIMERCADO;01/04/2015;1,6724736
SPX NIMITZ FEEDER FIC MULTIMERCADO;02/04/2015;1,6662486
SPX NIMITZ FEEDER FIC MULTIMERCADO;06/04/2015;1,6616612
SPX NIMITZ FEEDER FIC MULTIMERCADO;07/04/2015;1,6647609
SPX NIMITZ FEEDER FIC MULTIMERCADO;08/04/2015;1,6591949
SPX NIMITZ FEEDER FIC MULTIMERCADO;09/04/2015;1,6632706
SPX NIMITZ FEEDER FIC MULTIMERCADO;10/04/2015;1,6661155
SPX NIMITZ FEEDER FIC MULTIMERCADO;13/04/2015;1,6712034
SPX NIMITZ FEEDER FIC MULTIMERCADO;14/04/2015;1,6656635
SPX NIMITZ FEEDER FIC MULTIMERCADO;15/04/2015;1,660125
SPX NIMITZ FEEDER FIC MULTIMERCADO;16/04/2015;1,6562676
SPX NIMITZ FEEDER FIC MULTIMERCADO;17/04/2015;1,6569412
SPX NIMITZ FEEDER FIC MULTIMERCADO;20/04/2015;1,654954
SPX NIMITZ FEEDER FIC MULTIMERCADO;22/04/2015;1,6546618
SPX NIMITZ FEEDER FIC MULTIMERCADO;23/04/2015;1,6451423
SPX NIMITZ FEEDER FIC MULTIMERCADO;24/04/2015;1,6384822
SPX NIMITZ FEEDER FIC MULTIMERCADO;27/04/2015;1,6404001
SPX NIMITZ FEEDER FIC MULTIMERCADO;28/04/2015;1,6452264
SPX NIMITZ FEEDER FIC MULTIMERCADO;29/04/2015;1,6516337
SPX NIMITZ FEEDER FIC MULTIMERCADO;30/04/2015;1,6537562
SPX NIMITZ FEEDER FIC MULTIMERCADO;04/05/2015;1,659692
SPX NIMITZ FEEDER FIC MULTIMERCADO;05/05/2015;1,6568074
SPX NIMITZ FEEDER FIC MULTIMERCADO;06/05/2015;1,6587239
SPX NIMITZ FEEDER FIC MULTIMERCADO;07/05/2015;1,6479657
SPX NIMITZ FEEDER FIC MULTIMERCADO;08/05/2015;1,6480164
SPX NIMITZ FEEDER FIC MULTIMERCADO;11/05/2015;1,6562987
SPX NIMITZ FEEDER FIC MULTIMERCADO;12/05/2015;1,6563158
SPX NIMITZ FEEDER FIC MULTIMERCADO;13/05/2015;1,6576084
SPX NIMITZ FEEDER FIC MULTIMERCADO;14/05/2015;1,6552934
SPX NIMITZ FEEDER FIC MULTIMERCADO;15/05/2015;1,6563283
SPX NIMITZ FEEDER FIC MULTIMERCADO;18/05/2015;1,6601712
SPX NIMITZ FEEDER FIC MULTIMERCADO;19/05/2015;1,6636322
SPX NIMITZ FEEDER FIC MULTIMERCADO;20/05/2015;1,669595
SPX NIMITZ FEEDER FIC MULTIMERCADO;21/05/2015;1,6658694
SPX NIMITZ FEEDER FIC MULTIMERCADO;22/05/2015;1,6741584
SPX NIMITZ FEEDER FIC MULTIMERCADO;25/05/2015;1,6769089
SPX NIMITZ FEEDER FIC MULTIMERCADO;26/05/2015;1,6894831
SPX NIMITZ FEEDER FIC MULTIMERCADO;27/05/2015;1,6939081
SPX NIMITZ FEEDER FIC MULTIMERCADO;28/05/2015;1,6965233
SPX NIMITZ FEEDER FIC MULTIMERCADO;29/05/2015;1,7003614
SPX NIMITZ FEEDER FIC MULTIMERCADO;01/06/2015;1,7000379
SPX NIMITZ FEEDER FIC MULTIMERCADO;02/06/2015;1,6941514
SPX NIMITZ FEEDER FIC MULTIMERCADO;03/06/2015;1,6968488
SPX NIMITZ FEEDER FIC MULTIMERCADO;05/06/2015;1,7072667
SPX NIMITZ FEEDER FIC MULTIMERCADO;08/06/2015;1,7070774
SPX NIMITZ FEEDER FIC MULTIMERCADO;09/06/2015;1,7077928
SPX NIMITZ FEEDER FIC MULTIMERCADO;10/06/2015;1,6990396
SPX NIMITZ FEEDER FIC MULTIMERCADO;11/06/2015;1,7005083
SPX NIMITZ FEEDER FIC MULTIMERCADO;12/06/2015;1,7054834
SPX NIMITZ FEEDER FIC MULTIMERCADO;15/06/2015;1,7045559
SPX NIMITZ FEEDER FIC MULTIMERCADO;16/06/2015;1,6985889
SPX NIMITZ FEEDER FIC MULTIMERCADO;17/06/2015;1,6951166
SPX NIMITZ FEEDER FIC MULTIMERCADO;18/06/2015;1,6856032
SPX NIMITZ FEEDER FIC MULTIMERCADO;19/06/2015;1,6934708
SPX NIMITZ FEEDER FIC MULTIMERCADO;22/06/2015;1,6996965
SPX NIMITZ FEEDER FIC MULTIMERCADO;23/06/2015;1,7042614
SPX NIMITZ FEEDER FIC MULTIMERCADO;24/06/2015;1,7072283
SPX NIMITZ FEEDER FIC MULTIMERCADO;25/06/2015;1,7078272
SPX NIMITZ FEEDER FIC MULTIMERCADO;26/06/2015;1,7104566
SPX NIMITZ FEEDER FIC MULTIMERCADO;29/06/2015;1,7128915
SPX NIMITZ FEEDER FIC MULTIMERCADO;30/06/2015;1,715926
SPX NIMITZ FEEDER FIC MULTIMERCADO;01/07/2015;1,7202222
SPX NIMITZ FEEDER FIC MULTIMERCADO;02/07/2015;1,719872
SPX NIMITZ FEEDER FIC MULTIMERCADO;03/07/2015;1,7293737
SPX NIMITZ FEEDER FIC MULTIMERCADO;06/07/2015;1,7400649
SPX NIMITZ FEEDER FIC MULTIMERCADO;07/07/2015;1,7414624
SPX NIMITZ FEEDER FIC MULTIMERCADO;08/07/2015;1,7497305
SPX NIMITZ FEEDER FIC MULTIMERCADO;09/07/2015;1,7459463
SPX NIMITZ FEEDER FIC MULTIMERCADO;10/07/2015;1,7448704
SPX NIMITZ FEEDER FIC MULTIMERCADO;13/07/2015;1,7391798
SPX NIMITZ FEEDER FIC MULTIMERCADO;14/07/2015;1,740464
SPX NIMITZ FEEDER FIC MULTIMERCADO;15/07/2015;1,7438111
SPX NIMITZ FEEDER FIC MULTIMERCADO;16/07/2015;1,7405108
SPX NIMITZ FEEDER FIC MULTIMERCADO;17/07/2015;1,751832
SPX NIMITZ FEEDER FIC MULTIMERCADO;20/07/2015;1,7590902
SPX NIMITZ FEEDER FIC MULTIMERCADO;21/07/2015;1,7555656
SPX NIMITZ FEEDER FIC MULTIMERCADO;22/07/2015;1,7669019
SPX NIMITZ FEEDER FIC MULTIMERCADO;23/07/2015;1,7736406
SPX NIMITZ FEEDER FIC MULTIMERCADO;24/07/2015;1,7818488
SPX NIMITZ FEEDER FIC MULTIMERCADO;27/07/2015;1,7836394
SPX NIMITZ FEEDER FIC MULTIMERCADO;28/07/2015;1,7750184
SPX NIMITZ FEEDER FIC MULTIMERCADO;29/07/2015;1,7763519
SPX NIMITZ FEEDER FIC MULTIMERCADO;30/07/2015;1,7971568
SPX NIMITZ FEEDER FIC MULTIMERCADO;31/07/2015;1,805817
SPX NIMITZ FEEDER FIC MULTIMERCADO;03/08/2015;1,8057548
SPX NIMITZ FEEDER FIC MULTIMERCADO;04/08/2015;1,7988445
SPX NIMITZ FEEDER FIC MULTIMERCADO;05/08/2015;1,7951298
SPX NIMITZ FEEDER FIC MULTIMERCADO;06/08/2015;1,7921927
SPX NIMITZ FEEDER FIC MULTIMERCADO;07/08/2015;1,790546
SPX NIMITZ FEEDER FIC MULTIMERCADO;10/08/2015;1,7862211
SPX NIMITZ FEEDER FIC MULTIMERCADO;11/08/2015;1,7972998
SPX NIMITZ FEEDER FIC MULTIMERCADO;12/08/2015;1,7966483
SPX NIMITZ FEEDER FIC MULTIMERCADO;13/08/2015;1,8002985
SPX NIMITZ FEEDER FIC MULTIMERCADO;14/08/2015;1,8032231
SPX NIMITZ FEEDER FIC MULTIMERCADO;17/08/2015;1,8040977
SPX NIMITZ FEEDER FIC MULTIMERCADO;18/08/2015;1,8100744
SPX NIMITZ FEEDER FIC MULTIMERCADO;19/08/2015;1,819632
SPX NIMITZ FEEDER FIC MULTIMERCADO;20/08/2015;1,8240781
SPX NIMITZ FEEDER FIC MULTIMERCADO;21/08/2015;1,8305822
SPX NIMITZ FEEDER FIC MULTIMERCADO;24/08/2015;1,8347471
SPX NIMITZ FEEDER FIC MULTIMERCADO;25/08/2015;1,8414546
SPX NIMITZ FEEDER FIC MULTIMERCADO;26/08/2015;1,8494257
SPX NIMITZ FEEDER FIC MULTIMERCADO;27/08/2015;1,8398677
SPX NIMITZ FEEDER FIC MULTIMERCADO;28/08/2015;1,8350118
SPX NIMITZ FEEDER FIC MULTIMERCADO;31/08/2015;1,8382844
SPX NIMITZ FEEDER FIC MULTIMERCADO;01/09/2015;1,8475929
SPX NIMITZ FEEDER FIC MULTIMERCADO;02/09/2015;1,8453636
SPX NIMITZ FEEDER FIC MULTIMERCADO;03/09/2015;1,8433
SPX NIMITZ FEEDER FIC MULTIMERCADO;04/09/2015;1,8571685
SPX NIMITZ FEEDER FIC MULTIMERCADO;08/09/2015;1,8505994
SPX NIMITZ FEEDER FIC MULTIMERCADO;09/09/2015;1,8544653
SPX NIMITZ FEEDER FIC MULTIMERCADO;10/09/2015;1,8569303
SPX NIMITZ FEEDER FIC MULTIMERCADO;11/09/2015;1,85795
SPX NIMITZ FEEDER FIC MULTIMERCADO;14/09/2015;1,860276
SPX NIMITZ FEEDER FIC MULTIMERCADO;15/09/2015;1,8602968
SPX NIMITZ FEEDER FIC MULTIMERCADO;16/09/2015;1,8561848
SPX NIMITZ FEEDER FIC MULTIMERCADO;17/09/2015;1,8600146
SPX NIMITZ FEEDER FIC MULTIMERCADO;18/09/2015;1,8675965
SPX NIMITZ FEEDER FIC MULTIMERCADO;21/09/2015;1,870226
SPX NIMITZ FEEDER FIC MULTIMERCADO;22/09/2015;1,8833906
SPX NIMITZ FEEDER FIC MULTIMERCADO;23/09/2015;1,9025709
SPX NIMITZ FEEDER FIC MULTIMERCADO;24/09/2015;1,8877438
SPX NIMITZ FEEDER FIC MULTIMERCADO;25/09/2015;1,8768187
SPX NIMITZ FEEDER FIC MULTIMERCADO;28/09/2015;1,8991649
SPX NIMITZ FEEDER FIC MULTIMERCADO;29/09/2015;1,8935529
SPX NIMITZ FEEDER FIC MULTIMERCADO;30/09/2015;1,8675407
SPX NIMITZ FEEDER FIC MULTIMERCADO;01/10/2015;1,8675328
SPX NIMITZ FEEDER FIC MULTIMERCADO;02/10/2015;1,8605045
SPX NIMITZ FEEDER FIC MULTIMERCADO;05/10/2015;1,8569695
SPX NIMITZ FEEDER FIC MULTIMERCADO;06/10/2015;1,8547462
SPX NIMITZ FEEDER FIC MULTIMERCADO;07/10/2015;1,8546678
SPX NIMITZ FEEDER FIC MULTIMERCADO;08/10/2015;1,8426572
SPX NIMITZ FEEDER FIC MULTIMERCADO;09/10/2015;1,8351333
SPX NIMITZ FEEDER FIC MULTIMERCADO;13/10/2015;1,8549251
SPX NIMITZ FEEDER FIC MULTIMERCADO;14/10/2015;1,849771
SPX NIMITZ FEEDER FIC MULTIMERCADO;15/10/2015;1,8442637
SPX NIMITZ FEEDER FIC MULTIMERCADO;16/10/2015;1,8500084
SPX NIMITZ FEEDER FIC MULTIMERCADO;19/10/2015;1,8579478
SPX NIMITZ FEEDER FIC MULTIMERCADO;20/10/2015;1,8583025
SPX NIMITZ FEEDER FIC MULTIMERCADO;21/10/2015;1,8632324
SPX NIMITZ FEEDER FIC MULTIMERCADO;22/10/2015;1,8627453
SPX NIMITZ FEEDER FIC MULTIMERCADO;23/10/2015;1,8676615
SPX NIMITZ FEEDER FIC MULTIMERCADO;26/10/2015;1,872544
SPX NIMITZ FEEDER FIC MULTIMERCADO;27/10/2015;1,8763016
SPX NIMITZ FEEDER FIC MULTIMERCADO;28/10/2015;1,8738467
SPX NIMITZ FEEDER FIC MULTIMERCADO;29/10/2015;1,8771727
SPX NIMITZ FEEDER FIC MULTIMERCADO;30/10/2015;1,8776474
SPX NIMITZ FEEDER FIC MULTIMERCADO;03/11/2015;1,8541585
SPX NIMITZ FEEDER FIC MULTIMERCADO;04/11/2015;1,8641994
SPX NIMITZ FEEDER FIC MULTIMERCADO;05/11/2015;1,8615773
SPX NIMITZ FEEDER FIC MULTIMERCADO;06/11/2015;1,8704472
SPX NIMITZ FEEDER FIC MULTIMERCADO;09/11/2015;1,8801528
SPX NIMITZ FEEDER FIC MULTIMERCADO;10/11/2015;1,8808951
SPX NIMITZ FEEDER FIC MULTIMERCADO;11/11/2015;1,8725662
SPX NIMITZ FEEDER FIC MULTIMERCADO;12/11/2015;1,8769739
SPX NIMITZ FEEDER FIC MULTIMERCADO;13/11/2015;1,887058
SPX NIMITZ FEEDER FIC MULTIMERCADO;16/11/2015;1,8862682
SPX NIMITZ FEEDER FIC MULTIMERCADO;17/11/2015;1,887108
SPX NIMITZ FEEDER FIC MULTIMERCADO;18/11/2015;1,8837449
SPX NIMITZ FEEDER FIC MULTIMERCADO;19/11/2015;1,8763003
SPX NIMITZ FEEDER FIC MULTIMERCADO;20/11/2015;1,8770847
SPX NIMITZ FEEDER FIC MULTIMERCADO;23/11/2015;1,8764178
SPX NIMITZ FEEDER FIC MULTIMERCADO;24/11/2015;1,8698923
SPX NIMITZ FEEDER FIC MULTIMERCADO;25/11/2015;1,8827347
SPX NIMITZ FEEDER FIC MULTIMERCADO;26/11/2015;1,8863158
SPX NIMITZ FEEDER FIC MULTIMERCADO;27/11/2015;1,9010445
SPX NIMITZ FEEDER FIC MULTIMERCADO;30/11/2015;1,9143839
SPX NIMITZ FEEDER FIC MULTIMERCADO;01/12/2015;1,908637
SPX NIMITZ FEEDER FIC MULTIMERCADO;02/12/2015;1,9073908
SPX NIMITZ FEEDER FIC MULTIMERCADO;03/12/2015;1,8960311
SPX NIMITZ FEEDER FIC MULTIMERCADO;04/12/2015;1,8959953
SPX NIMITZ FEEDER FIC MULTIMERCADO;07/12/2015;1,9066637
SPX NIMITZ FEEDER FIC MULTIMERCADO;08/12/2015;1,9135504
SPX NIMITZ FEEDER FIC MULTIMERCADO;09/12/2015;1,9034484
SPX NIMITZ FEEDER FIC MULTIMERCADO;10/12/2015;1,9100308
SPX NIMITZ FEEDER FIC MULTIMERCADO;11/12/2015;1,9270092
SPX NIMITZ FEEDER FIC MULTIMERCADO;14/12/2015;1,9257961
SPX NIMITZ FEEDER FIC MULTIMERCADO;15/12/2015;1,9248019
SPX NIMITZ FEEDER FIC MULTIMERCADO;16/12/2015;1,9253017
SPX NIMITZ FEEDER FIC MULTIMERCADO;17/12/2015;1,9309106
SPX NIMITZ FEEDER FIC MULTIMERCADO;18/12/2015;1,9380984
SPX NIMITZ FEEDER FIC MULTIMERCADO;21/12/2015;1,9441913
SPX NIMITZ FEEDER FIC MULTIMERCADO;22/12/2015;1,9420175
SPX NIMITZ FEEDER FIC MULTIMERCADO;23/12/2015;1,9397193
SPX NIMITZ FEEDER FIC MULTIMERCADO;24/12/2015;1,9405498
SPX NIMITZ FEEDER FIC MULTIMERCADO;28/12/2015;1,9350925
SPX NIMITZ FEEDER FIC MULTIMERCADO;29/12/2015;1,9360229
SPX NIMITZ FEEDER FIC MULTIMERCADO;30/12/2015;1,9412293
SPX NIMITZ FEEDER FIC MULTIMERCADO;31/12/2015;1,9420584
SPX NIMITZ FEEDER FIC MULTIMERCADO;04/01/2016;1,955577
SPX NIMITZ FEEDER FIC MULTIMERCADO;05/01/2016;1,9588989
SPX NIMITZ FEEDER FIC MULTIMERCADO;06/01/2016;1,9687784
SPX NIMITZ FEEDER FIC MULTIMERCADO;07/01/2016;1,979576
SPX NIMITZ FEEDER FIC MULTIMERCADO;08/01/2016;1,9829935
SPX NIMITZ FEEDER FIC MULTIMERCADO;11/01/2016;1,991695
SPX NIMITZ FEEDER FIC MULTIMERCADO;12/01/2016;1,9957587
SPX NIMITZ FEEDER FIC MULTIMERCADO;13/01/2016;1,9950537
SPX NIMITZ FEEDER FIC MULTIMERCADO;14/01/2016;1,9946302
SPX NIMITZ FEEDER FIC MULTIMERCADO;15/01/2016;2,0063768
SPX NIMITZ FEEDER FIC MULTIMERCADO;18/01/2016;2,007929
SPX NIMITZ FEEDER FIC MULTIMERCADO;19/01/2016;2,0087944
SPX NIMITZ FEEDER FIC MULTIMERCADO;20/01/2016;2,0116654
SPX NIMITZ FEEDER FIC MULTIMERCADO;21/01/2016;2,0140642
SPX NIMITZ FEEDER FIC MULTIMERCADO;22/01/2016;2,0134565
SPX NIMITZ FEEDER FIC MULTIMERCADO;25/01/2016;2,0142886
SPX NIMITZ FEEDER FIC MULTIMERCADO;26/01/2016;2,0125458
SPX NIMITZ FEEDER FIC MULTIMERCADO;27/01/2016;2,0099898
SPX NIMITZ FEEDER FIC MULTIMERCADO;28/01/2016;2,0131944
SPX NIMITZ FEEDER FIC MULTIMERCADO;29/01/2016;2,004402
SPX NIMITZ FEEDER FIC MULTIMERCADO;01/02/2016;2,0002126
SPX NIMITZ FEEDER FIC MULTIMERCADO;02/02/2016;2,0113839
SPX NIMITZ FEEDER FIC MULTIMERCADO;03/02/2016;2,0034165
SPX NIMITZ FEEDER FIC MULTIMERCADO;04/02/2016;1,9961352
SPX NIMITZ FEEDER FIC MULTIMERCADO;05/02/2016;2,0020062
SPX NIMITZ FEEDER FIC MULTIMERCADO;10/02/2016;2,012726
SPX NIMITZ FEEDER FIC MULTIMERCADO;11/02/2016;2,0194752
SPX NIMITZ FEEDER FIC MULTIMERCADO;12/02/2016;2,0166827
SPX NIMITZ FEEDER FIC MULTIMERCADO;15/02/2016;2,0176963
SPX NIMITZ FEEDER FIC MULTIMERCADO;16/02/2016;2,022028
SPX NIMITZ FEEDER FIC MULTIMERCADO;17/02/2016;2,0133133
SPX NIMITZ FEEDER FIC MULTIMERCADO;18/02/2016;2,0198917
SPX NIMITZ FEEDER FIC MULTIMERCADO;19/02/2016;2,0202292
SPX NIMITZ FEEDER FIC MULTIMERCADO;22/02/2016;2,0028922
SPX NIMITZ FEEDER FIC MULTIMERCADO;23/02/2016;2,0154903
SPX NIMITZ FEEDER FIC MULTIMERCADO;24/02/2016;2,0161297
SPX NIMITZ FEEDER FIC MULTIMERCADO;25/02/2016;2,0143201
SPX NIMITZ FEEDER FIC MULTIMERCADO;26/02/2016;2,0215178
SPX NIMITZ FEEDER FIC MULTIMERCADO;29/02/2016;2,0187435
SPX NIMITZ FEEDER FIC MULTIMERCADO;01/03/2016;2,0085896
SPX NIMITZ FEEDER FIC MULTIMERCADO;02/03/2016;1,999761
SPX NIMITZ FEEDER FIC MULTIMERCADO;03/03/2016;1,9873251
SPX NIMITZ FEEDER FIC MULTIMERCADO;04/03/2016;1,9750819
SPX NIMITZ FEEDER FIC MULTIMERCADO;07/03/2016;1,9745141
SPX NIMITZ FEEDER FIC MULTIMERCADO;08/03/2016;1,9798614
SPX NIMITZ FEEDER FIC MULTIMERCADO;09/03/2016;1,9813087
SPX NIMITZ FEEDER FIC MULTIMERCADO;10/03/2016;1,987654
SPX NIMITZ FEEDER FIC MULTIMERCADO;11/03/2016;1,98541
SPX NIMITZ FEEDER FIC MULTIMERCADO;14/03/2016;1,9850709
SPX NIMITZ FEEDER FIC MULTIMERCADO;15/03/2016;1,9825385
SPX NIMITZ FEEDER FIC MULTIMERCADO;16/03/2016;1,9687452
SPX NIMITZ FEEDER FIC MULTIMERCADO;17/03/2016;1,9647693
SPX NIMITZ FEEDER FIC MULTIMERCADO;18/03/2016;1,9695318
SPX NIMITZ FEEDER FIC MULTIMERCADO;21/03/2016;1,9726352
SPX NIMITZ FEEDER FIC MULTIMERCADO;22/03/2016;1,9802366
SPX NIMITZ FEEDER FIC MULTIMERCADO;23/03/2016;1,9797113
SPX NIMITZ FEEDER FIC MULTIMERCADO;24/03/2016;1,9719112
SPX NIMITZ FEEDER FIC MULTIMERCADO;28/03/2016;1,9804035
SPX NIMITZ FEEDER FIC MULTIMERCADO;29/03/2016;1,9727662
SPX NIMITZ FEEDER FIC MULTIMERCADO;30/03/2016;1,9647591
SPX NIMITZ FEEDER FIC MULTIMERCADO;31/03/2016;1,9558237
SPX NIMITZ FEEDER FIC MULTIMERCADO;01/04/2016;1,9707548
SPX NIMITZ FEEDER FIC MULTIMERCADO;04/04/2016;1,9691625
SPX NIMITZ FEEDER FIC MULTIMERCADO;05/04/2016;1,9713708
SPX NIMITZ FEEDER FIC MULTIMERCADO;06/04/2016;1,967011
SPX NIMITZ FEEDER FIC MULTIMERCADO;07/04/2016;1,9633227
SPX NIMITZ FEEDER FIC MULTIMERCADO;08/04/2016;1,9737204
SPX NIMITZ FEEDER FIC MULTIMERCADO;11/04/2016;1,9819875
SPX NIMITZ FEEDER FIC MULTIMERCADO;12/04/2016;1,9796844
SPX NIMITZ FEEDER FIC MULTIMERCADO;13/04/2016;1,992661
SPX NIMITZ FEEDER FIC MULTIMERCADO;14/04/2016;2,0024139
SPX NIMITZ FEEDER FIC MULTIMERCADO;15/04/2016;2,0033333
SPX NIMITZ FEEDER FIC MULTIMERCADO;18/04/2016;2,0118781
SPX NIMITZ FEEDER FIC MULTIMERCADO;19/04/2016;2,0092449
SPX NIMITZ FEEDER FIC MULTIMERCADO;20/04/2016;2,0155702
SPX NIMITZ FEEDER FIC MULTIMERCADO;22/04/2016;2,022197
SPX NIMITZ FEEDER FIC MULTIMERCADO;25/04/2016;2,0224982
SPX NIMITZ FEEDER FIC MULTIMERCADO;26/04/2016;2,01983
SPX NIMITZ FEEDER FIC MULTIMERCADO;27/04/2016;2,0264851
SPX NIMITZ FEEDER FIC MULTIMERCADO;28/04/2016;2,0196806
SPX NIMITZ FEEDER FIC MULTIMERCADO;29/04/2016;2,0243804
SPX NIMITZ FEEDER FIC MULTIMERCADO;02/05/2016;2,0241097
SPX NIMITZ FEEDER FIC MULTIMERCADO;03/05/2016;2,0273845
SPX NIMITZ FEEDER FIC MULTIMERCADO;04/05/2016;2,0305248
SPX NIMITZ FEEDER FIC MULTIMERCADO;05/05/2016;2,0331399
SPX NIMITZ FEEDER FIC MULTIMERCADO;06/05/2016;2,0353657
SPX NIMITZ FEEDER FIC MULTIMERCADO;09/05/2016;2,0367264
SPX NIMITZ FEEDER FIC MULTIMERCADO;10/05/2016;2,0402085
SPX NIMITZ FEEDER FIC MULTIMERCADO;11/05/2016;2,0479968
SPX NIMITZ FEEDER FIC MULTIMERCADO;12/05/2016;2,053391
SPX NIMITZ FEEDER FIC MULTIMERCADO;13/05/2016;2,055225
SPX NIMITZ FEEDER FIC MULTIMERCADO;16/05/2016;2,0548588
SPX NIMITZ FEEDER FIC MULTIMERCADO;17/05/2016;2,0557417
SPX NIMITZ FEEDER FIC MULTIMERCADO;18/05/2016;2,0599191
SPX NIMITZ FEEDER FIC MULTIMERCADO;19/05/2016;2,0610297
SPX NIMITZ FEEDER FIC MULTIMERCADO;20/05/2016;2,0624476
SPX NIMITZ FEEDER FIC MULTIMERCADO;23/05/2016;2,0614202
SPX NIMITZ FEEDER FIC MULTIMERCADO;24/05/2016;2,0607033
SPX NIMITZ FEEDER FIC MULTIMERCADO;25/05/2016;2,0593481
SPX NIMITZ FEEDER FIC MULTIMERCADO;27/05/2016;2,0572144
SPX NIMITZ FEEDER FIC MULTIMERCADO;30/05/2016;2,0595029
SPX NIMITZ FEEDER FIC MULTIMERCADO;31/05/2016;2,0600448
SPX NIMITZ FEEDER FIC MULTIMERCADO;01/06/2016;2,060883
SPX NIMITZ FEEDER FIC MULTIMERCADO;02/06/2016;2,0626662
SPX NIMITZ FEEDER FIC MULTIMERCADO;03/06/2016;2,0521879
SPX NIMITZ FEEDER FIC MULTIMERCADO;06/06/2016;2,0541241
SPX NIMITZ FEEDER FIC MULTIMERCADO;07/06/2016;2,0555567
SPX NIMITZ FEEDER FIC MULTIMERCADO;08/06/2016;2,0554662
SPX NIMITZ FEEDER FIC MULTIMERCADO;09/06/2016;2,0594032
SPX NIMITZ FEEDER FIC MULTIMERCADO;10/06/2016;2,0630068
SPX NIMITZ FEEDER FIC MULTIMERCADO;13/06/2016;2,0611947
SPX NIMITZ FEEDER FIC MULTIMERCADO;14/06/2016;2,0604613
SPX NIMITZ FEEDER FIC MULTIMERCADO;15/06/2016;2,0603908
SPX NIMITZ FEEDER FIC MULTIMERCADO;16/06/2016;2,0558199
SPX NIMITZ FEEDER FIC MULTIMERCADO;17/06/2016;2,0607747
SPX NIMITZ FEEDER FIC MULTIMERCADO;20/06/2016;2,062228
SPX NIMITZ FEEDER FIC MULTIMERCADO;21/06/2016;2,0659775
SPX NIMITZ FEEDER FIC MULTIMERCADO;22/06/2016;2,0671028
SPX NIMITZ FEEDER FIC MULTIMERCADO;23/06/2016;2,0675261
SPX NIMITZ FEEDER FIC MULTIMERCADO;24/06/2016;2,0643225
SPX NIMITZ FEEDER FIC MULTIMERCADO;27/06/2016;2,0735069
SPX NIMITZ FEEDER FIC MULTIMERCADO;28/06/2016;2,0709735
SPX NIMITZ FEEDER FIC MULTIMERCADO;29/06/2016;2,0597138
SPX NIMITZ FEEDER FIC MULTIMERCADO;30/06/2016;2,0588904
SPX NIMITZ FEEDER FIC MULTIMERCADO;01/07/2016;2,0691175
SPX NIMITZ FEEDER FIC MULTIMERCADO;04/07/2016;2,0690561
SPX NIMITZ FEEDER FIC MULTIMERCADO;05/07/2016;2,0658805
SPX NIMITZ FEEDER FIC MULTIMERCADO;06/07/2016;2,0682131
SPX NIMITZ FEEDER FIC MULTIMERCADO;07/07/2016;2,0680319
SPX NIMITZ FEEDER FIC MULTIMERCADO;08/07/2016;2,0776632
SPX NIMITZ FEEDER FIC MULTIMERCADO;11/07/2016;2,0826765
SPX NIMITZ FEEDER FIC MULTIMERCADO;12/07/2016;2,0823136
SPX NIMITZ FEEDER FIC MULTIMERCADO;13/07/2016;2,0813256
SPX NIMITZ FEEDER FIC MULTIMERCADO;14/07/2016;2,0786508
SPX NIMITZ FEEDER FIC MULTIMERCADO;15/07/2016;2,0859418
SPX NIMITZ FEEDER FIC MULTIMERCADO;18/07/2016;2,0871643
SPX NIMITZ FEEDER FIC MULTIMERCADO;19/07/2016;2,0868495
SPX NIMITZ FEEDER FIC MULTIMERCADO;20/07/2016;2,0898965
SPX NIMITZ FEEDER FIC MULTIMERCADO;21/07/2016;2,0818453
SPX NIMITZ FEEDER FIC MULTIMERCADO;22/07/2016;2,082677
SPX NIMITZ FEEDER FIC MULTIMERCADO;25/07/2016;2,0827947
SPX NIMITZ FEEDER FIC MULTIMERCADO;26/07/2016;2,077789
SPX NIMITZ FEEDER FIC MULTIMERCADO;27/07/2016;2,0743114
SPX NIMITZ FEEDER FIC MULTIMERCADO;28/07/2016;2,0688546
SPX NIMITZ FEEDER FIC MULTIMERCADO;29/07/2016;2,0662038
SPX NIMITZ FEEDER FIC MULTIMERCADO;01/08/2016;2,0697004
SPX NIMITZ FEEDER FIC MULTIMERCADO;02/08/2016;2,0723482
SPX NIMITZ FEEDER FIC MULTIMERCADO;03/08/2016;2,0769243
SPX NIMITZ FEEDER FIC MULTIMERCADO;04/08/2016;2,0853415
SPX NIMITZ FEEDER FIC MULTIMERCADO;05/08/2016;2,0947878
SPX NIMITZ FEEDER FIC MULTIMERCADO;08/08/2016;2,0940099
SPX NIMITZ FEEDER FIC MULTIMERCADO;09/08/2016;2,0960026
SPX NIMITZ FEEDER FIC MULTIMERCADO;10/08/2016;2,0953834
SPX NIMITZ FEEDER FIC MULTIMERCADO;11/08/2016;2,0990523
SPX NIMITZ FEEDER FIC MULTIMERCADO;12/08/2016;2,100261
SPX NIMITZ FEEDER FIC MULTIMERCADO;15/08/2016;2,1007833
SPX NIMITZ FEEDER FIC MULTIMERCADO;16/08/2016;2,0980231
SPX NIMITZ FEEDER FIC MULTIMERCADO;17/08/2016;2,1019547
SPX NIMITZ FEEDER FIC MULTIMERCADO;18/08/2016;2,0989193
SPX NIMITZ FEEDER FIC MULTIMERCADO;19/08/2016;2,1073021
SPX NIMITZ FEEDER FIC MULTIMERCADO;22/08/2016;2,1071118
SPX NIMITZ FEEDER FIC MULTIMERCADO;23/08/2016;2,1079744
SPX NIMITZ FEEDER FIC MULTIMERCADO;24/08/2016;2,1080825
SPX NIMITZ FEEDER FIC MULTIMERCADO;25/08/2016;2,1097511
SPX NIMITZ FEEDER FIC MULTIMERCADO;26/08/2016;2,1103091
SPX NIMITZ FEEDER FIC MULTIMERCADO;29/08/2016;2,1113965
SPX NIMITZ FEEDER FIC MULTIMERCADO;30/08/2016;2,1118307
SPX NIMITZ FEEDER FIC MULTIMERCADO;31/08/2016;2,1176974
SPX NIMITZ FEEDER FIC MULTIMERCADO;01/09/2016;2,1262367
SPX NIMITZ FEEDER FIC MULTIMERCADO;02/09/2016;2,1303188
SPX NIMITZ FEEDER FIC MULTIMERCADO;05/09/2016;2,1274975
SPX NIMITZ FEEDER FIC MULTIMERCADO;06/09/2016;2,1249532
SPX NIMITZ FEEDER FIC MULTIMERCADO;08/09/2016;2,1316267
SPX NIMITZ FEEDER FIC MULTIMERCADO;09/09/2016;2,1338867
SPX NIMITZ FEEDER FIC MULTIMERCADO;12/09/2016;2,1380332
SPX NIMITZ FEEDER FIC MULTIMERCADO;13/09/2016;2,1367624
SPX NIMITZ FEEDER FIC MULTIMERCADO;14/09/2016;2,13772
SPX NIMITZ FEEDER FIC MULTIMERCADO;15/09/2016;2,138523
SPX NIMITZ FEEDER FIC MULTIMERCADO;16/09/2016;2,1435712
SPX NIMITZ FEEDER FIC MULTIMERCADO;19/09/2016;2,1447721
SPX NIMITZ FEEDER FIC MULTIMERCADO;20/09/2016;2,148107
SPX NIMITZ FEEDER FIC MULTIMERCADO;21/09/2016;2,1505157
SPX NIMITZ FEEDER FIC MULTIMERCADO;22/09/2016;2,1574587
SPX NIMITZ FEEDER FIC MULTIMERCADO;23/09/2016;2,1622324
SPX NIMITZ FEEDER FIC MULTIMERCADO;26/09/2016;2,1609483
SPX NIMITZ FEEDER FIC MULTIMERCADO;27/09/2016;2,1659299
SPX NIMITZ FEEDER FIC MULTIMERCADO;28/09/2016;2,1662198
SPX NIMITZ FEEDER FIC MULTIMERCADO;29/09/2016;2,1617621
SPX NIMITZ FEEDER FIC MULTIMERCADO;30/09/2016;2,164555
SPX NIMITZ FEEDER FIC MULTIMERCADO;03/10/2016;2,1791058
SPX NIMITZ FEEDER FIC MULTIMERCADO;04/10/2016;2,1811383
SPX NIMITZ FEEDER FIC MULTIMERCADO;05/10/2016;2,1904975
SPX NIMITZ FEEDER FIC MULTIMERCADO;06/10/2016;2,1962736
SPX NIMITZ FEEDER FIC MULTIMERCADO;07/10/2016;2,2021201
SPX NIMITZ FEEDER FIC MULTIMERCADO;10/10/2016;2,2058438
SPX NIMITZ FEEDER FIC MULTIMERCADO;11/10/2016;2,2072379
SPX NIMITZ FEEDER FIC MULTIMERCADO;13/10/2016;2,2058357
SPX NIMITZ FEEDER FIC MULTIMERCADO;14/10/2016;2,2089748
SPX NIMITZ FEEDER FIC MULTIMERCADO;17/10/2016;2,2124574
SPX NIMITZ FEEDER FIC MULTIMERCADO;18/10/2016;2,213431
SPX NIMITZ FEEDER FIC MULTIMERCADO;19/10/2016;2,2183595
SPX NIMITZ FEEDER FIC MULTIMERCADO;20/10/2016;2,2176269
SPX NIMITZ FEEDER FIC MULTIMERCADO;21/10/2016;2,2135321
SPX NIMITZ FEEDER FIC MULTIMERCADO;24/10/2016;2,2207012
SPX NIMITZ FEEDER FIC MULTIMERCADO;25/10/2016;2,2141848
SPX NIMITZ FEEDER FIC MULTIMERCADO;26/10/2016;2,2129248
SPX NIMITZ FEEDER FIC MULTIMERCADO;27/10/2016;2,2182625
SPX NIMITZ FEEDER FIC MULTIMERCADO;28/10/2016;2,2210017
SPX NIMITZ FEEDER FIC MULTIMERCADO;31/10/2016;2,2242289
SPX NIMITZ FEEDER FIC MULTIMERCADO;01/11/2016;2,2207109
SPX NIMITZ FEEDER FIC MULTIMERCADO;03/11/2016;2,2159495
SPX NIMITZ FEEDER FIC MULTIMERCADO;04/11/2016;2,2193771
SPX NIMITZ FEEDER FIC MULTIMERCADO;07/11/2016;2,2352987
SPX NIMITZ FEEDER FIC MULTIMERCADO;08/11/2016;2,2404328
SPX NIMITZ FEEDER FIC MULTIMERCADO;09/11/2016;2,2329025
SPX NIMITZ FEEDER FIC MULTIMERCADO;10/11/2016;2,2113632
SPX NIMITZ FEEDER FIC MULTIMERCADO;11/11/2016;2,2109301
SPX NIMITZ FEEDER FIC MULTIMERCADO;14/11/2016;2,1889057
SPX NIMITZ FEEDER FIC MULTIMERCADO;16/11/2016;2,2105112
SPX NIMITZ FEEDER FIC MULTIMERCADO;17/11/2016;2,2122661
SPX NIMITZ FEEDER FIC MULTIMERCADO;18/11/2016;2,2261206
SPX NIMITZ FEEDER FIC MULTIMERCADO;21/11/2016;2,2468744
SPX NIMITZ FEEDER FIC MULTIMERCADO;22/11/2016;2,2492312
SPX NIMITZ FEEDER FIC MULTIMERCADO;23/11/2016;2,2563118
SPX NIMITZ FEEDER FIC MULTIMERCADO;24/11/2016;2,2615764
SPX NIMITZ FEEDER FIC MULTIMERCADO;25/11/2016;2,2550609
SPX NIMITZ FEEDER FIC MULTIMERCADO;28/11/2016;2,2550176
SPX NIMITZ FEEDER FIC MULTIMERCADO;29/11/2016;2,2554622
SPX NIMITZ FEEDER FIC MULTIMERCADO;30/11/2016;2,2682049
SPX NIMITZ FEEDER FIC MULTIMERCADO;01/12/2016;2,2565973
SPX NIMITZ FEEDER FIC MULTIMERCADO;02/12/2016;2,2499687
SPX NIMITZ FEEDER FIC MULTIMERCADO;05/12/2016;2,2686285
SPX NIMITZ FEEDER FIC MULTIMERCADO;06/12/2016;2,2728676
SPX NIMITZ FEEDER FIC MULTIMERCADO;07/12/2016;2,2716274
SPX NIMITZ FEEDER FIC MULTIMERCADO;08/12/2016;2,2802589
SPX NIMITZ FEEDER FIC MULTIMERCADO;09/12/2016;2,2879106
SPX NIMITZ FEEDER FIC MULTIMERCADO;12/12/2016;2,2902875
SPX NIMITZ FEEDER FIC MULTIMERCADO;13/12/2016;2,2868357
SPX NIMITZ FEEDER FIC MULTIMERCADO;14/12/2016;2,2906695
SPX NIMITZ FEEDER FIC MULTIMERCADO;15/12/2016;2,306226
SPX NIMITZ FEEDER FIC MULTIMERCADO;16/12/2016;2,3075899
SPX NIMITZ FEEDER FIC MULTIMERCADO;19/12/2016;2,3071526
SPX NIMITZ FEEDER FIC MULTIMERCADO;20/12/2016;2,3061449
SPX NIMITZ FEEDER FIC MULTIMERCADO;21/12/2016;2,3086066
SPX NIMITZ FEEDER FIC MULTIMERCADO;22/12/2016;2,3133656
SPX NIMITZ FEEDER FIC MULTIMERCADO;23/12/2016;2,3123954
SPX NIMITZ FEEDER FIC MULTIMERCADO;26/12/2016;2,3152655
SPX NIMITZ FEEDER FIC MULTIMERCADO;27/12/2016;2,3148725
SPX NIMITZ FEEDER FIC MULTIMERCADO;28/12/2016;2,317675
SPX NIMITZ FEEDER FIC MULTIMERCADO;29/12/2016;2,3122794
SPX NIMITZ FEEDER FIC MULTIMERCADO;30/12/2016;2,3130793
SPX NIMITZ FEEDER FIC MULTIMERCADO;02/01/2017;2,3203809
SPX NIMITZ FEEDER FIC MULTIMERCADO;03/01/2017;2,3268142
SPX NIMITZ FEEDER FIC MULTIMERCADO;04/01/2017;2,32491
SPX NIMITZ FEEDER FIC MULTIMERCADO;05/01/2017;2,329069
SPX NIMITZ FEEDER FIC MULTIMERCADO;06/01/2017;2,3386249
SPX NIMITZ FEEDER FIC MULTIMERCADO;09/01/2017;2,3398381
SPX NIMITZ FEEDER FIC MULTIMERCADO;10/01/2017;2,3418349
SPX NIMITZ FEEDER FIC MULTIMERCADO;11/01/2017;2,3450334
SPX NIMITZ FEEDER FIC MULTIMERCADO;12/01/2017;2,3547381
SPX NIMITZ FEEDER FIC MULTIMERCADO;13/01/2017;2,3586578
SPX NIMITZ FEEDER FIC MULTIMERCADO;16/01/2017;2,3620562
SPX NIMITZ FEEDER FIC MULTIMERCADO;17/01/2017;2,3546586
SPX NIMITZ FEEDER FIC MULTIMERCADO;18/01/2017;2,36172
SPX NIMITZ FEEDER FIC MULTIMERCADO;19/01/2017;2,3789849
SPX NIMITZ FEEDER FIC MULTIMERCADO;20/01/2017;2,3831752
SPX NIMITZ FEEDER FIC MULTIMERCADO;23/01/2017;2,3691751
SPX NIMITZ FEEDER FIC MULTIMERCADO;24/01/2017;2,3693216
SPX NIMITZ FEEDER FIC MULTIMERCADO;25/01/2017;2,3701338
SPX NIMITZ FEEDER FIC MULTIMERCADO;26/01/2017;2,37419
SPX NIMITZ FEEDER FIC MULTIMERCADO;27/01/2017;2,3780229
SPX NIMITZ FEEDER FIC MULTIMERCADO;30/01/2017;2,3720282
SPX NIMITZ FEEDER FIC MULTIMERCADO;31/01/2017;2,3751549
SPX NIMITZ FEEDER FIC MULTIMERCADO;01/02/2017;2,3810085
SPX NIMITZ FEEDER FIC MULTIMERCADO;02/02/2017;2,3742509
SPX NIMITZ FEEDER FIC MULTIMERCADO;03/02/2017;2,3769899
SPX NIMITZ FEEDER FIC MULTIMERCADO;06/02/2017;2,3740259
SPX NIMITZ FEEDER FIC MULTIMERCADO;07/02/2017;2,3786209
SPX NIMITZ FEEDER FIC MULTIMERCADO;08/02/2017;2,3748876
SPX NIMITZ FEEDER FIC MULTIMERCADO;09/02/2017;2,3815544
SPX NIMITZ FEEDER FIC MULTIMERCADO;10/02/2017;2,3888983
SPX NIMITZ FEEDER FIC MULTIMERCADO;13/02/2017;2,3936323
SPX NIMITZ FEEDER FIC MULTIMERCADO;14/02/2017;2,3998789
SPX NIMITZ FEEDER FIC MULTIMERCADO;15/02/2017;2,3982684
SPX NIMITZ FEEDER FIC MULTIMERCADO;16/02/2017;2,3881451
SPX NIMITZ FEEDER FIC MULTIMERCADO;17/02/2017;2,3932084
SPX NIMITZ FEEDER FIC MULTIMERCADO;20/02/2017;2,3952035
SPX NIMITZ FEEDER FIC MULTIMERCADO;21/02/2017;2,4059773
SPX NIMITZ FEEDER FIC MULTIMERCADO;22/02/2017;2,4043686
SPX NIMITZ FEEDER FIC MULTIMERCADO;23/02/2017;2,4035886
SPX NIMITZ FEEDER FIC MULTIMERCADO;24/02/2017;2,3981186
SPX NIMITZ FEEDER FIC MULTIMERCADO;01/03/2017;2,4198443
SPX NIMITZ FEEDER FIC MULTIMERCADO;02/03/2017;2,4307131
SPX NIMITZ FEEDER FIC MULTIMERCADO;03/03/2017;2,441005
SPX NIMITZ FEEDER FIC MULTIMERCADO;06/03/2017;2,4458124
SPX NIMITZ FEEDER FIC MULTIMERCADO;07/03/2017;2,4410677
SPX NIMITZ FEEDER FIC MULTIMERCADO;08/03/2017;2,4486071
SPX NIMITZ FEEDER FIC MULTIMERCADO;09/03/2017;2,454567
SPX NIMITZ FEEDER FIC MULTIMERCADO;10/03/2017;2,4712566
SPX NIMITZ FEEDER FIC MULTIMERCADO;13/03/2017;2,4761986
SPX NIMITZ FEEDER FIC MULTIMERCADO;14/03/2017;2,4682316
SPX NIMITZ FEEDER FIC MULTIMERCADO;15/03/2017;2,4528365
SPX NIMITZ FEEDER FIC MULTIMERCADO;16/03/2017;2,4494943
SPX NIMITZ FEEDER FIC MULTIMERCADO;17/03/2017;2,4509882
SPX NIMITZ FEEDER FIC MULTIMERCADO;20/03/2017;2,443522
SPX NIMITZ FEEDER FIC MULTIMERCADO;21/03/2017;2,4443844
SPX NIMITZ FEEDER FIC MULTIMERCADO;22/03/2017;2,4341152
SPX NIMITZ FEEDER FIC MULTIMERCADO;23/03/2017;2,4384104
SPX NIMITZ FEEDER FIC MULTIMERCADO;24/03/2017;2,4459157
SPX NIMITZ FEEDER FIC MULTIMERCADO;27/03/2017;2,4413648
SPX NIMITZ FEEDER FIC MULTIMERCADO;28/03/2017;2,4464299
SPX NIMITZ FEEDER FIC MULTIMERCADO;29/03/2017;2,4442217
SPX NIMITZ FEEDER FIC MULTIMERCADO;30/03/2017;2,444768
SPX NIMITZ FEEDER FIC MULTIMERCADO;31/03/2017;2,4437232
SPX NIMITZ FEEDER FIC MULTIMERCADO;03/04/2017;2,4349124
SPX NIMITZ FEEDER FIC MULTIMERCADO;04/04/2017;2,4356315
SPX NIMITZ FEEDER FIC MULTIMERCADO;05/04/2017;2,4346578
SPX NIMITZ FEEDER FIC MULTIMERCADO;06/04/2017;2,4340622
SPX NIMITZ FEEDER FIC MULTIMERCADO;07/04/2017;2,4440235
SPX NIMITZ FEEDER FIC MULTIMERCADO;10/04/2017;2,4489087
SPX NIMITZ FEEDER FIC MULTIMERCADO;11/04/2017;2,4399665
SPX NIMITZ FEEDER FIC MULTIMERCADO;12/04/2017;2,4349618
SPX NIMITZ FEEDER FIC MULTIMERCADO;13/04/2017;2,4251152
SPX NIMITZ FEEDER FIC MULTIMERCADO;17/04/2017;2,4217175
SPX NIMITZ FEEDER FIC MULTIMERCADO;18/04/2017;2,4197079
SPX NIMITZ FEEDER FIC MULTIMERCADO;19/04/2017;2,4229743
SPX NIMITZ FEEDER FIC MULTIMERCADO;20/04/2017;2,4290783
SPX NIMITZ FEEDER FIC MULTIMERCADO;24/04/2017;2,4307161
SPX NIMITZ FEEDER FIC MULTIMERCADO;25/04/2017;2,441845
SPX NIMITZ FEEDER FIC MULTIMERCADO;26/04/2017;2,4418043
SPX NIMITZ FEEDER FIC MULTIMERCADO;27/04/2017;2,4339155
SPX NIMITZ FEEDER FIC MULTIMERCADO;28/04/2017;2,4406093
SPX NIMITZ FEEDER FIC MULTIMERCADO;02/05/2017;2,445488
SPX NIMITZ FEEDER FIC MULTIMERCADO;03/05/2017;2,4473865
SPX NIMITZ FEEDER FIC MULTIMERCADO;04/05/2017;2,4572022
SPX NIMITZ FEEDER FIC MULTIMERCADO;05/05/2017;2,4582978
SPX NIMITZ FEEDER FIC MULTIMERCADO;08/05/2017;2,4617275
SPX NIMITZ FEEDER FIC MULTIMERCADO;09/05/2017;2,4703079
SPX NIMITZ FEEDER FIC MULTIMERCADO;10/05/2017;2,4679789
SPX NIMITZ FEEDER FIC MULTIMERCADO;11/05/2017;2,4702942
SPX NIMITZ FEEDER FIC MULTIMERCADO;12/05/2017;2,4654255
SPX NIMITZ FEEDER FIC MULTIMERCADO;15/05/2017;2,4715142
SPX NIMITZ FEEDER FIC MULTIMERCADO;16/05/2017;2,4740754
SPX NIMITZ FEEDER FIC MULTIMERCADO;17/05/2017;2,4578632
SPX NIMITZ FEEDER FIC MULTIMERCADO;18/05/2017;2,4326982
SPX NIMITZ FEEDER FIC MULTIMERCADO;19/05/2017;2,4453301
SPX NIMITZ FEEDER FIC MULTIMERCADO;22/05/2017;2,4423695
SPX NIMITZ FEEDER FIC MULTIMERCADO;23/05/2017;2,4577751
SPX NIMITZ FEEDER FIC MULTIMERCADO;24/05/2017;2,4620583
SPX NIMITZ FEEDER FIC MULTIMERCADO;25/05/2017;2,4602918
SPX NIMITZ FEEDER FIC MULTIMERCADO;26/05/2017;2,46195
SPX NIMITZ FEEDER FIC MULTIMERCADO;29/05/2017;2,4677032
SPX NIMITZ FEEDER FIC MULTIMERCADO;30/05/2017;2,4578467
SPX NIMITZ FEEDER FIC MULTIMERCADO;31/05/2017;2,4650412
SPX NIMITZ FEEDER FIC MULTIMERCADO;01/06/2017;2,4595113
SPX NIMITZ FEEDER FIC MULTIMERCADO;02/06/2017;2,450888
SPX NIMITZ FEEDER FIC MULTIMERCADO;05/06/2017;2,4463617
SPX NIMITZ FEEDER FIC MULTIMERCADO;06/06/2017;2,4475712
SPX NIMITZ FEEDER FIC MULTIMERCADO;07/06/2017;2,4482844
SPX NIMITZ FEEDER FIC MULTIMERCADO;08/06/2017;2,4498692
SPX NIMITZ FEEDER FIC MULTIMERCADO;09/06/2017;2,4580967
SPX NIMITZ FEEDER FIC MULTIMERCADO;12/06/2017;2,4544524
SPX NIMITZ FEEDER FIC MULTIMERCADO;13/06/2017;2,4511946
SPX NIMITZ FEEDER FIC MULTIMERCADO;14/06/2017;2,4420626
SPX NIMITZ FEEDER FIC MULTIMERCADO;16/06/2017;2,4518154
SPX NIMITZ FEEDER FIC MULTIMERCADO;19/06/2017;2,4636478
SPX NIMITZ FEEDER FIC MULTIMERCADO;20/06/2017;2,4582944
SPX NIMITZ FEEDER FIC MULTIMERCADO;21/06/2017;2,4618995
SPX NIMITZ FEEDER FIC MULTIMERCADO;22/06/2017;2,4594515
SPX NIMITZ FEEDER FIC MULTIMERCADO;23/06/2017;2,4610303
SPX NIMITZ FEEDER FIC MULTIMERCADO;26/06/2017;2,4599076
SPX NIMITZ FEEDER FIC MULTIMERCADO;27/06/2017;2,475879
SPX NIMITZ FEEDER FIC MULTIMERCADO;28/06/2017;2,4809736
SPX NIMITZ FEEDER FIC MULTIMERCADO;29/06/2017;2,4888771
SPX NIMITZ FEEDER FIC MULTIMERCADO;30/06/2017;2,4974423
SPX NIMITZ FEEDER FIC MULTIMERCADO;03/07/2017;2,5100286
SPX NIMITZ FEEDER FIC MULTIMERCADO;04/07/2017;2,5116353
SPX NIMITZ FEEDER FIC MULTIMERCADO;05/07/2017;2,5132136
SPX NIMITZ FEEDER FIC MULTIMERCADO;06/07/2017;2,5281869
SPX NIMITZ FEEDER FIC MULTIMERCADO;07/07/2017;2,5286915
SPX NIMITZ FEEDER FIC MULTIMERCADO;10/07/2017;2,5224256
SPX NIMITZ FEEDER FIC MULTIMERCADO;11/07/2017;2,5250951
SPX NIMITZ FEEDER FIC MULTIMERCADO;12/07/2017;2,5201363
SPX NIMITZ FEEDER FIC MULTIMERCADO;13/07/2017;2,5209926
SPX NIMITZ FEEDER FIC MULTIMERCADO;14/07/2017;2,5234442
SPX NIMITZ FEEDER FIC MULTIMERCADO;17/07/2017;2,5264923
SPX NIMITZ FEEDER FIC MULTIMERCADO;18/07/2017;2,5226547
SPX NIMITZ FEEDER FIC MULTIMERCADO;19/07/2017;2,5274435
SPX NIMITZ FEEDER FIC MULTIMERCADO;20/07/2017;2,5357982
SPX NIMITZ FEEDER FIC MULTIMERCADO;21/07/2017;2,5323193
SPX NIMITZ FEEDER FIC MULTIMERCADO;24/07/2017;2,529903
SPX NIMITZ FEEDER FIC MULTIMERCADO;25/07/2017;2,5415605
SPX NIMITZ FEEDER FIC MULTIMERCADO;26/07/2017;2,535475
SPX NIMITZ FEEDER FIC MULTIMERCADO;27/07/2017;2,5498036
SPX NIMITZ FEEDER FIC MULTIMERCADO;28/07/2017;2,5597982
SPX NIMITZ FEEDER FIC MULTIMERCADO;31/07/2017;2,5681468
SPX NIMITZ FEEDER FIC MULTIMERCADO;01/08/2017;2,5634676
SPX NIMITZ FEEDER FIC MULTIMERCADO;02/08/2017;2,5699099
SPX NIMITZ FEEDER FIC MULTIMERCADO;03/08/2017;2,5707523
SPX NIMITZ FEEDER FIC MULTIMERCADO;04/08/2017;2,5660682
SPX NIMITZ FEEDER FIC MULTIMERCADO;07/08/2017;2,5608934
SPX NIMITZ FEEDER FIC MULTIMERCADO;08/08/2017;2,5637922
SPX NIMITZ FEEDER FIC MULTIMERCADO;09/08/2017;2,5518305
SPX NIMITZ FEEDER FIC MULTIMERCADO;10/08/2017;2,5503684
SPX NIMITZ FEEDER FIC MULTIMERCADO;11/08/2017;2,5482148
SPX NIMITZ FEEDER FIC MULTIMERCADO;14/08/2017;2,5510539
SPX NIMITZ FEEDER FIC MULTIMERCADO;15/08/2017;2,557689
SPX NIMITZ FEEDER FIC MULTIMERCADO;16/08/2017;2,5606742
SPX NIMITZ FEEDER FIC MULTIMERCADO;17/08/2017;2,5532088
SPX NIMITZ FEEDER FIC MULTIMERCADO;18/08/2017;2,5575774
SPX NIMITZ FEEDER FIC MULTIMERCADO;21/08/2017;2,5555057
SPX NIMITZ FEEDER FIC MULTIMERCADO;22/08/2017;2,5580878
SPX NIMITZ FEEDER FIC MULTIMERCADO;23/08/2017;2,561567
SPX NIMITZ FEEDER FIC MULTIMERCADO;24/08/2017;2,5665717
SPX NIMITZ FEEDER FIC MULTIMERCADO;25/08/2017;2,5689628
SPX NIMITZ FEEDER FIC MULTIMERCADO;28/08/2017;2,5724839
SPX NIMITZ FEEDER FIC MULTIMERCADO;29/08/2017;2,5697897
SPX NIMITZ FEEDER FIC MULTIMERCADO;30/08/2017;2,5724079
SPX NIMITZ FEEDER FIC MULTIMERCADO;31/08/2017;2,5791227
SPX NIMITZ FEEDER FIC MULTIMERCADO;01/09/2017;2,5806189
SPX NIMITZ FEEDER FIC MULTIMERCADO;04/09/2017;2,5834537
SPX NIMITZ FEEDER FIC MULTIMERCADO;05/09/2017;2,5748723
SPX NIMITZ FEEDER FIC MULTIMERCADO;06/09/2017;2,5844329
SPX NIMITZ FEEDER FIC MULTIMERCADO;08/09/2017;2,586137
SPX NIMITZ FEEDER FIC MULTIMERCADO;11/09/2017;2,5835182
SPX NIMITZ FEEDER FIC MULTIMERCADO;12/09/2017;2,5911012
SPX NIMITZ FEEDER FIC MULTIMERCADO;13/09/2017;2,5883369
SPX NIMITZ FEEDER FIC MULTIMERCADO;14/09/2017;2,6026018
SPX NIMITZ FEEDER FIC MULTIMERCADO;15/09/2017;2,611421
SPX NIMITZ FEEDER FIC MULTIMERCADO;18/09/2017;2,6167661
SPX NIMITZ FEEDER FIC MULTIMERCADO;19/09/2017;2,6227485
SPX NIMITZ FEEDER FIC MULTIMERCADO;20/09/2017;2,6271297
SPX NIMITZ FEEDER FIC MULTIMERCADO;21/09/2017;2,6428256
SPX NIMITZ FEEDER FIC MULTIMERCADO;22/09/2017;2,6460245
SPX NIMITZ FEEDER FIC MULTIMERCADO;25/09/2017;2,6263828
SPX NIMITZ FEEDER FIC MULTIMERCADO;26/09/2017;2,6301478
SPX NIMITZ FEEDER FIC MULTIMERCADO;27/09/2017;2,6321492
SPX NIMITZ FEEDER FIC MULTIMERCADO;28/09/2017;2,6337781
SPX NIMITZ FEEDER FIC MULTIMERCADO;29/09/2017;2,6397191
SPX NIMITZ FEEDER FIC MULTIMERCADO;02/10/2017;2,6374778
SPX NIMITZ FEEDER FIC MULTIMERCADO;03/10/2017;2,6347055
SPX NIMITZ FEEDER FIC MULTIMERCADO;04/10/2017;2,6351775
SPX NIMITZ FEEDER FIC MULTIMERCADO;05/10/2017;2,6285539
SPX NIMITZ FEEDER FIC MULTIMERCADO;06/10/2017;2,6393543
SPX NIMITZ FEEDER FIC MULTIMERCADO;09/10/2017;2,6347433
SPX NIMITZ FEEDER FIC MULTIMERCADO;10/10/2017;2,6419116
SPX NIMITZ FEEDER FIC MULTIMERCADO;11/10/2017;2,6472885
SPX NIMITZ FEEDER FIC MULTIMERCADO;13/10/2017;2,641563
SPX NIMITZ FEEDER FIC MULTIMERCADO;16/10/2017;2,6364201
SPX NIMITZ FEEDER FIC MULTIMERCADO;17/10/2017;2,6355979
SPX NIMITZ FEEDER FIC MULTIMERCADO;18/10/2017;2,6473739
SPX NIMITZ FEEDER FIC MULTIMERCADO;19/10/2017;2,6515603
SPX NIMITZ FEEDER FIC MULTIMERCADO;20/10/2017;2,6576664
SPX NIMITZ FEEDER FIC MULTIMERCADO;23/10/2017;2,6501736
SPX NIMITZ FEEDER FIC MULTIMERCADO;24/10/2017;2,6604134
SPX NIMITZ FEEDER FIC MULTIMERCADO;25/10/2017;2,6710691
SPX NIMITZ FEEDER FIC MULTIMERCADO;26/10/2017;2,646818
SPX NIMITZ FEEDER FIC MULTIMERCADO;27/10/2017;2,6355371
SPX NIMITZ FEEDER FIC MULTIMERCADO;30/10/2017;2,627088
SPX NIMITZ FEEDER FIC MULTIMERCADO;31/10/2017;2,6311459
SPX NIMITZ FEEDER FIC MULTIMERCADO;01/11/2017;2,6322085
SPX NIMITZ FEEDER FIC MULTIMERCADO;03/11/2017;2,6180983
SPX NIMITZ FEEDER FIC MULTIMERCADO;06/11/2017;2,6186361
SPX NIMITZ FEEDER FIC MULTIMERCADO;07/11/2017;2,6135882
SPX NIMITZ FEEDER FIC MULTIMERCADO;08/11/2017;2,6197578
SPX NIMITZ FEEDER FIC MULTIMERCADO;09/11/2017;2,6228038
SPX NIMITZ FEEDER FIC MULTIMERCADO;10/11/2017;2,6258953
SPX NIMITZ FEEDER FIC MULTIMERCADO;13/11/2017;2,6277981
SPX NIMITZ FEEDER FIC MULTIMERCADO;14/11/2017;2,6295339
SPX NIMITZ FEEDER FIC MULTIMERCADO;16/11/2017;2,6346108
SPX NIMITZ FEEDER FIC MULTIMERCADO;17/11/2017;2,6384825
SPX NIMITZ FEEDER FIC MULTIMERCADO;20/11/2017;2,6390123
SPX NIMITZ FEEDER FIC MULTIMERCADO;21/11/2017;2,6436378
SPX NIMITZ FEEDER FIC MULTIMERCADO;22/11/2017;2,6410022
SPX NIMITZ FEEDER FIC MULTIMERCADO;23/11/2017;2,6436443
SPX NIMITZ FEEDER FIC MULTIMERCADO;24/11/2017;2,6520296
SPX NIMITZ FEEDER FIC MULTIMERCADO;27/11/2017;2,6461978
SPX NIMITZ FEEDER FIC MULTIMERCADO;28/11/2017;2,6502974
SPX NIMITZ FEEDER FIC MULTIMERCADO;29/11/2017;2,6528654
SPX NIMITZ FEEDER FIC MULTIMERCADO;30/11/2017;2,658567
SPX NIMITZ FEEDER FIC MULTIMERCADO;01/12/2017;2,6510464
SPX NIMITZ FEEDER FIC MULTIMERCADO;04/12/2017;2,6580909
SPX NIMITZ FEEDER FIC MULTIMERCADO;05/12/2017;2,6554469
SPX NIMITZ FEEDER FIC MULTIMERCADO;06/12/2017;2,6474415
SPX NIMITZ FEEDER FIC MULTIMERCADO;07/12/2017;2,6514956
SPX NIMITZ FEEDER FIC MULTIMERCADO;08/12/2017;2,6528732
SPX NIMITZ FEEDER FIC MULTIMERCADO;11/12/2017;2,6567909
SPX NIMITZ FEEDER FIC MULTIMERCADO;12/12/2017;2,6535563
SPX NIMITZ FEEDER FIC MULTIMERCADO;13/12/2017;2,6533412
SPX NIMITZ FEEDER FIC MULTIMERCADO;14/12/2017;2,6543479
SPX NIMITZ FEEDER FIC MULTIMERCADO;15/12/2017;2,6561121
SPX NIMITZ FEEDER FIC MULTIMERCADO;18/12/2017;2,6574359
SPX NIMITZ FEEDER FIC MULTIMERCADO;19/12/2017;2,670055
SPX NIMITZ FEEDER FIC MULTIMERCADO;20/12/2017;2,6845297
SPX NIMITZ FEEDER FIC MULTIMERCADO;21/12/2017;2,685701
SPX NIMITZ FEEDER FIC MULTIMERCADO;22/12/2017;2,686263
SPX NIMITZ FEEDER FIC MULTIMERCADO;26/12/2017;2,6898743
SPX NIMITZ FEEDER FIC MULTIMERCADO;27/12/2017;2,6876889
SPX NIMITZ FEEDER FIC MULTIMERCADO;28/12/2017;2,6932679
SPX NIMITZ FEEDER FIC MULTIMERCADO;29/12/2017;2,6936505
SPX NIMITZ FEEDER FIC MULTIMERCADO;02/01/2018;2,7069833
SPX NIMITZ FEEDER FIC MULTIMERCADO;03/01/2018;2,7029841
SPX NIMITZ FEEDER FIC MULTIMERCADO;04/01/2018;2,7123567
SPX NIMITZ FEEDER FIC MULTIMERCADO;05/01/2018;2,7109776
SPX NIMITZ FEEDER FIC MULTIMERCADO;08/01/2018;2,7023822
SPX NIMITZ FEEDER FIC MULTIMERCADO;09/01/2018;2,7038486
SPX NIMITZ FEEDER FIC MULTIMERCADO;10/01/2018;2,7138013
SPX NIMITZ FEEDER FIC MULTIMERCADO;11/01/2018;2,7247018
SPX NIMITZ FEEDER FIC MULTIMERCADO;12/01/2018;2,7379071
SPX NIMITZ FEEDER FIC MULTIMERCADO;15/01/2018;2,7500177
SPX NIMITZ FEEDER FIC MULTIMERCADO;16/01/2018;2,7486735
SPX NIMITZ FEEDER FIC MULTIMERCADO;17/01/2018;2,7511796
SPX NIMITZ FEEDER FIC MULTIMERCADO;18/01/2018;2,7573652
SPX NIMITZ FEEDER FIC MULTIMERCADO;19/01/2018;2,7662515
SPX NIMITZ FEEDER FIC MULTIMERCADO;22/01/2018;2,7664588
SPX NIMITZ FEEDER FIC MULTIMERCADO;23/01/2018;2,7634283
SPX NIMITZ FEEDER FIC MULTIMERCADO;24/01/2018;2,775102
SPX NIMITZ FEEDER FIC MULTIMERCADO;25/01/2018;2,7755761
SPX NIMITZ FEEDER FIC MULTIMERCADO;26/01/2018;2,7930158
SPX NIMITZ FEEDER FIC MULTIMERCADO;29/01/2018;2,7982191
SPX NIMITZ FEEDER FIC MULTIMERCADO;30/01/2018;2,7952941
SPX NIMITZ FEEDER FIC MULTIMERCADO;31/01/2018;2,8049036
SPX NIMITZ FEEDER FIC MULTIMERCADO;01/02/2018;2,8148838
SPX NIMITZ FEEDER FIC MULTIMERCADO;02/02/2018;2,8231515
SPX NIMITZ FEEDER FIC MULTIMERCADO;05/02/2018;2,808688
SPX NIMITZ FEEDER FIC MULTIMERCADO;06/02/2018;2,7986059
SPX NIMITZ FEEDER FIC MULTIMERCADO;07/02/2018;2,7987679
SPX NIMITZ FEEDER FIC MULTIMERCADO;08/02/2018;2,7953412
SPX NIMITZ FEEDER FIC MULTIMERCADO;09/02/2018;2,780723
SPX NIMITZ FEEDER FIC MULTIMERCADO;14/02/2018;2,8160063
SPX NIMITZ FEEDER FIC MULTIMERCADO;15/02/2018;2,8230338
SPX NIMITZ FEEDER FIC MULTIMERCADO;16/02/2018;2,8181468
SPX NIMITZ FEEDER FIC MULTIMERCADO;19/02/2018;2,8202877
SPX NIMITZ FEEDER FIC MULTIMERCADO;20/02/2018;2,8219541
SPX NIMITZ FEEDER FIC MULTIMERCADO;21/02/2018;2,8235049
SPX NIMITZ FEEDER FIC MULTIMERCADO;22/02/2018;2,8207044
SPX NIMITZ FEEDER FIC MULTIMERCADO;23/02/2018;2,8103358
SPX NIMITZ FEEDER FIC MULTIMERCADO;26/02/2018;2,8095196
SPX NIMITZ FEEDER FIC MULTIMERCADO;27/02/2018;2,8152662
SPX NIMITZ FEEDER FIC MULTIMERCADO;28/02/2018;2,8103465
SPX NIMITZ FEEDER FIC MULTIMERCADO;01/03/2018;2,7970295
SPX NIMITZ FEEDER FIC MULTIMERCADO;02/03/2018;2,8063829
SPX NIMITZ FEEDER FIC MULTIMERCADO;05/03/2018;2,8096064
SPX NIMITZ FEEDER FIC MULTIMERCADO;06/03/2018;2,8221995
SPX NIMITZ FEEDER FIC MULTIMERCADO;07/03/2018;2,8217133
SPX NIMITZ FEEDER FIC MULTIMERCADO;08/03/2018;2,8148632
SPX NIMITZ FEEDER FIC MULTIMERCADO;09/03/2018;2,8178444
SPX NIMITZ FEEDER FIC MULTIMERCADO;12/03/2018;2,8159632
SPX NIMITZ FEEDER FIC MULTIMERCADO;13/03/2018;2,8201001
SPX NIMITZ FEEDER FIC MULTIMERCADO;14/03/2018;2,8115429
SPX NIMITZ FEEDER FIC MULTIMERCADO;15/03/2018;2,8072454
SPX NIMITZ FEEDER FIC MULTIMERCADO;16/03/2018;2,8160849
SPX NIMITZ FEEDER FIC MULTIMERCADO;19/03/2018;2,8197106
SPX NIMITZ FEEDER FIC MULTIMERCADO;20/03/2018;2,8182294
SPX NIMITZ FEEDER FIC MULTIMERCADO;21/03/2018;2,8253901
SPX NIMITZ FEEDER FIC MULTIMERCADO;22/03/2018;2,8258217
SPX NIMITZ FEEDER FIC MULTIMERCADO;23/03/2018;2,8352996
SPX NIMITZ FEEDER FIC MULTIMERCADO;26/03/2018;2,8415785
SPX NIMITZ FEEDER FIC MULTIMERCADO;27/03/2018;2,8277542
SPX NIMITZ FEEDER FIC MULTIMERCADO;28/03/2018;2,8162085
SPX NIMITZ FEEDER FIC MULTIMERCADO;29/03/2018;2,821033
SPX NIMITZ FEEDER FIC MULTIMERCADO;02/04/2018;2,8182704
SPX NIMITZ FEEDER FIC MULTIMERCADO;03/04/2018;2,8259371
SPX NIMITZ FEEDER FIC MULTIMERCADO;04/04/2018;2,8212006
SPX NIMITZ FEEDER FIC MULTIMERCADO;05/04/2018;2,8355319
SPX NIMITZ FEEDER FIC MULTIMERCADO;06/04/2018;2,8283899
SPX NIMITZ FEEDER FIC MULTIMERCADO;09/04/2018;2,8354852
SPX NIMITZ FEEDER FIC MULTIMERCADO;10/04/2018;2,8412936
SPX NIMITZ FEEDER FIC MULTIMERCADO;11/04/2018;2,8411335
SPX NIMITZ FEEDER FIC MULTIMERCADO;12/04/2018;2,8486214
SPX NIMITZ FEEDER FIC MULTIMERCADO;13/04/2018;2,8534894
SPX NIMITZ FEEDER FIC MULTIMERCADO;16/04/2018;2,8591211
SPX NIMITZ FEEDER FIC MULTIMERCADO;17/04/2018;2,8534206
SPX NIMITZ FEEDER FIC MULTIMERCADO;18/04/2018;2,8619536
SPX NIMITZ FEEDER FIC MULTIMERCADO;19/04/2018;2,8696322
SPX NIMITZ FEEDER FIC MULTIMERCADO;20/04/2018;2,8680929
SPX NIMITZ FEEDER FIC MULTIMERCADO;23/04/2018;2,8706381
SPX NIMITZ FEEDER FIC MULTIMERCADO;24/04/2018;2,870935
SPX NIMITZ FEEDER FIC MULTIMERCADO;25/04/2018;2,872999
SPX NIMITZ FEEDER FIC MULTIMERCADO;26/04/2018;2,8593352
SPX NIMITZ FEEDER FIC MULTIMERCADO;27/04/2018;2,8542578
SPX NIMITZ FEEDER FIC MULTIMERCADO;30/04/2018;2,8522134
SPX NIMITZ FEEDER FIC MULTIMERCADO;02/05/2018;2,857675
SPX NIMITZ FEEDER FIC MULTIMERCADO;03/05/2018;2,8501447
SPX NIMITZ FEEDER FIC MULTIMERCADO;04/05/2018;2,8525582
SPX NIMITZ FEEDER FIC MULTIMERCADO;07/05/2018;2,8500515
SPX NIMITZ FEEDER FIC MULTIMERCADO;08/05/2018;2,8559248
SPX NIMITZ FEEDER FIC MULTIMERCADO;09/05/2018;2,8584605
SPX NIMITZ FEEDER FIC MULTIMERCADO;10/05/2018;2,8536583
SPX NIMITZ FEEDER FIC MULTIMERCADO;11/05/2018;2,8583659
SPX NIMITZ FEEDER FIC MULTIMERCADO;14/05/2018;2,8627339
SPX NIMITZ FEEDER FIC MULTIMERCADO;15/05/2018;2,8781108
SPX NIMITZ FEEDER FIC MULTIMERCADO;16/05/2018;2,8774976
SPX NIMITZ FEEDER FIC MULTIMERCADO;17/05/2018;2,8834962
SPX NIMITZ FEEDER FIC MULTIMERCADO;18/05/2018;2,880246
SPX NIMITZ FEEDER FIC MULTIMERCADO;21/05/2018;2,8789221
SPX NIMITZ FEEDER FIC MULTIMERCADO;22/05/2018;2,8800637
SPX NIMITZ FEEDER FIC MULTIMERCADO;23/05/2018;2,8614687
SPX NIMITZ FEEDER FIC MULTIMERCADO;24/05/2018;2,8586152
SPX NIMITZ FEEDER FIC MULTIMERCADO;25/05/2018;2,8461027
SPX NIMITZ FEEDER FIC MULTIMERCADO;28/05/2018;2,8484625
SPX NIMITZ FEEDER FIC MULTIMERCADO;29/05/2018;2,8209674
SPX NIMITZ FEEDER FIC MULTIMERCADO;30/05/2018;2,8359315
SPX NIMITZ FEEDER FIC MULTIMERCADO;01/06/2018;2,8457654
SPX NIMITZ FEEDER FIC MULTIMERCADO;04/06/2018;2,8508213
SPX NIMITZ FEEDER FIC MULTIMERCADO;05/06/2018;2,8553823
SPX NIMITZ FEEDER FIC MULTIMERCADO;06/06/2018;2,8738256
SPX NIMITZ FEEDER FIC MULTIMERCADO;07/06/2018;2,8849383
SPX NIMITZ FEEDER FIC MULTIMERCADO;08/06/2018;2,8877425
SPX NIMITZ FEEDER FIC MULTIMERCADO;11/06/2018;2,9001658
SPX NIMITZ FEEDER FIC MULTIMERCADO;12/06/2018;2,9007724
SPX NIMITZ FEEDER FIC MULTIMERCADO;13/06/2018;2,9140154
SPX NIMITZ FEEDER FIC MULTIMERCADO;14/06/2018;2,9110406
SPX NIMITZ FEEDER FIC MULTIMERCADO;15/06/2018;2,8982784
SPX NIMITZ FEEDER FIC MULTIMERCADO;18/06/2018;2,8956543
SPX NIMITZ FEEDER FIC MULTIMERCADO;19/06/2018;2,887814
SPX NIMITZ FEEDER FIC MULTIMERCADO;20/06/2018;2,8928701
SPX NIMITZ FEEDER FIC MULTIMERCADO;21/06/2018;2,894861
SPX NIMITZ FEEDER FIC MULTIMERCADO;22/06/2018;2,8947751
SPX NIMITZ FEEDER FIC MULTIMERCADO;25/06/2018;2,8861643
SPX NIMITZ FEEDER FIC MULTIMERCADO;26/06/2018;2,8880319
SPX NIMITZ FEEDER FIC MULTIMERCADO;27/06/2018;2,8946924
SPX NIMITZ FEEDER FIC MULTIMERCADO;28/06/2018;2,8925967
SPX NIMITZ FEEDER FIC MULTIMERCADO;29/06/2018;2,8992041
SPX NIMITZ FEEDER FIC MULTIMERCADO;02/07/2018;2,9074943
SPX NIMITZ FEEDER FIC MULTIMERCADO;03/07/2018;2,9047062
SPX NIMITZ FEEDER FIC MULTIMERCADO;04/07/2018;2,9051449
SPX NIMITZ FEEDER FIC MULTIMERCADO;05/07/2018;2,9081854
SPX NIMITZ FEEDER FIC MULTIMERCADO;06/07/2018;2,891369
SPX NIMITZ FEEDER FIC MULTIMERCADO;09/07/2018;2,892271
SPX NIMITZ FEEDER FIC MULTIMERCADO;10/07/2018;2,8863138
SPX NIMITZ FEEDER FIC MULTIMERCADO;11/07/2018;2,8891009
SPX NIMITZ FEEDER FIC MULTIMERCADO;12/07/2018;2,8960495
SPX NIMITZ FEEDER FIC MULTIMERCADO;13/07/2018;2,8839809
SPX NIMITZ FEEDER FIC MULTIMERCADO;16/07/2018;2,8830879
SPX NIMITZ FEEDER FIC MULTIMERCADO;17/07/2018;2,8731969
SPX NIMITZ FEEDER FIC MULTIMERCADO;18/07/2018;2,8707324
SPX NIMITZ FEEDER FIC MULTIMERCADO;19/07/2018;2,8749531
SPX NIMITZ FEEDER FIC MULTIMERCADO;20/07/2018;2,8727739
SPX NIMITZ FEEDER FIC MULTIMERCADO;23/07/2018;2,8866169
SPX NIMITZ FEEDER FIC MULTIMERCADO;24/07/2018;2,8789101
SPX NIMITZ FEEDER FIC MULTIMERCADO;25/07/2018;2,8676183
SPX NIMITZ FEEDER FIC MULTIMERCADO;26/07/2018;2,877076
SPX NIMITZ FEEDER FIC MULTIMERCADO;27/07/2018;2,8734237
SPX NIMITZ FEEDER FIC MULTIMERCADO;30/07/2018;2,8843271
SPX NIMITZ FEEDER FIC MULTIMERCADO;31/07/2018;2,8878348
SPX NIMITZ FEEDER FIC MULTIMERCADO;01/08/2018;2,8954063
SPX NIMITZ FEEDER FIC MULTIMERCADO;02/08/2018;2,8969412
SPX NIMITZ FEEDER FIC MULTIMERCADO;03/08/2018;2,8821876
SPX NIMITZ FEEDER FIC MULTIMERCADO;06/08/2018;2,8831241
SPX NIMITZ FEEDER FIC MULTIMERCADO;07/08/2018;2,8975041
SPX NIMITZ FEEDER FIC MULTIMERCADO;08/08/2018;2,8955748
SPX NIMITZ FEEDER FIC MULTIMERCADO;09/08/2018;2,8983408
SPX NIMITZ FEEDER FIC MULTIMERCADO;10/08/2018;2,9167087
SPX NIMITZ FEEDER FIC MULTIMERCADO;13/08/2018;2,9282974
SPX NIMITZ FEEDER FIC MULTIMERCADO;14/08/2018;2,9106666
SPX NIMITZ FEEDER FIC MULTIMERCADO;15/08/2018;2,9152151
SPX NIMITZ FEEDER FIC MULTIMERCADO;16/08/2018;2,9140825
SPX NIMITZ FEEDER FIC MULTIMERCADO;17/08/2018;2,9166707
SPX NIMITZ FEEDER FIC MULTIMERCADO;20/08/2018;2,9176036
SPX NIMITZ FEEDER FIC MULTIMERCADO;21/08/2018;2,9321367
SPX NIMITZ FEEDER FIC MULTIMERCADO;22/08/2018;2,926379
SPX NIMITZ FEEDER FIC MULTIMERCADO;23/08/2018;2,9377478
SPX NIMITZ FEEDER FIC MULTIMERCADO;24/08/2018;2,9366051
SPX NIMITZ FEEDER FIC MULTIMERCADO;27/08/2018;2,9336938
SPX NIMITZ FEEDER FIC MULTIMERCADO;28/08/2018;2,9429054
SPX NIMITZ FEEDER FIC MULTIMERCADO;29/08/2018;2,9497694
SPX NIMITZ FEEDER FIC MULTIMERCADO;30/08/2018;2,9664491
SPX NIMITZ FEEDER FIC MULTIMERCADO;31/08/2018;2,9490901
SPX NIMITZ FEEDER FIC MULTIMERCADO;03/09/2018;2,9579641
SPX NIMITZ FEEDER FIC MULTIMERCADO;04/09/2018;2,9762907
SPX NIMITZ FEEDER FIC MULTIMERCADO;05/09/2018;2,9743405
SPX NIMITZ FEEDER FIC MULTIMERCADO;06/09/2018;2,9636521
SPX NIMITZ FEEDER FIC MULTIMERCADO;10/09/2018;2,9721543
SPX NIMITZ FEEDER FIC MULTIMERCADO;11/09/2018;2,994285
SPX NIMITZ FEEDER FIC MULTIMERCADO;12/09/2018;2,9757565
SPX NIMITZ FEEDER FIC MULTIMERCADO;13/09/2018;2,9833702
SPX NIMITZ FEEDER FIC MULTIMERCADO;14/09/2018;2,9917326
SPX NIMITZ FEEDER FIC MULTIMERCADO;17/09/2018;2,9876046
SPX NIMITZ FEEDER FIC MULTIMERCADO;18/09/2018;2,9881021
SPX NIMITZ FEEDER FIC MULTIMERCADO;19/09/2018;2,9904536
SPX NIMITZ FEEDER FIC MULTIMERCADO;20/09/2018;2,9834666
SPX NIMITZ FEEDER FIC MULTIMERCADO;21/09/2018;2,9761736
SPX NIMITZ FEEDER FIC MULTIMERCADO;24/09/2018;2,9940863
SPX NIMITZ FEEDER FIC MULTIMERCADO;25/09/2018;3,0031874
SPX NIMITZ FEEDER FIC MULTIMERCADO;26/09/2018;2,9879165
SPX NIMITZ FEEDER FIC MULTIMERCADO;27/09/2018;2,979334
SPX NIMITZ FEEDER FIC MULTIMERCADO;28/09/2018;2,9786549
SPX NIMITZ FEEDER FIC MULTIMERCADO;01/10/2018;2,979496
SPX NIMITZ FEEDER FIC MULTIMERCADO;02/10/2018;2,96871
SPX NIMITZ FEEDER FIC MULTIMERCADO;03/10/2018;2,980578
SPX NIMITZ FEEDER FIC MULTIMERCADO;04/10/2018;3,0002307
SPX NIMITZ FEEDER FIC MULTIMERCADO;05/10/2018;3,0054467
SPX NIMITZ FEEDER FIC MULTIMERCADO;08/10/2018;2,9960501
SPX NIMITZ FEEDER FIC MULTIMERCADO;09/10/2018;2,9929278
SPX NIMITZ FEEDER FIC MULTIMERCADO;10/10/2018;3,0075963
SPX NIMITZ FEEDER FIC MULTIMERCADO;11/10/2018;2,9945801
SPX NIMITZ FEEDER FIC MULTIMERCADO;15/10/2018;2,9839062
SPX NIMITZ FEEDER FIC MULTIMERCADO;16/10/2018;2,9785246
SPX NIMITZ FEEDER FIC MULTIMERCADO;17/10/2018;2,972731
SPX NIMITZ FEEDER FIC MULTIMERCADO;18/10/2018;2,973862
SPX NIMITZ FEEDER FIC MULTIMERCADO;19/10/2018;2,9802131
SPX NIMITZ FEEDER FIC MULTIMERCADO;22/10/2018;2,9831166
SPX NIMITZ FEEDER FIC MULTIMERCADO;23/10/2018;2,969026
SPX NIMITZ FEEDER FIC MULTIMERCADO;24/10/2018;2,9553798
SPX NIMITZ FEEDER FIC MULTIMERCADO;25/10/2018;2,9580122
SPX NIMITZ FEEDER FIC MULTIMERCADO;26/10/2018;2,9363155
SPX NIMITZ FEEDER FIC MULTIMERCADO;29/10/2018;2,9321638
SPX NIMITZ FEEDER FIC MULTIMERCADO;30/10/2018;2,9431281
SPX NIMITZ FEEDER FIC MULTIMERCADO;31/10/2018;2,9613952
SPX NIMITZ FEEDER FIC MULTIMERCADO;01/11/2018;2,9509424
SPX NIMITZ FEEDER FIC MULTIMERCADO;05/11/2018;2,9482668
SPX NIMITZ FEEDER FIC MULTIMERCADO;06/11/2018;2,9508058
SPX NIMITZ FEEDER FIC MULTIMERCADO;07/11/2018;2,9499714
SPX NIMITZ FEEDER FIC MULTIMERCADO;08/11/2018;2,9589864
SPX NIMITZ FEEDER FIC MULTIMERCADO;09/11/2018;2,9490042
SPX NIMITZ FEEDER FIC MULTIMERCADO;12/11/2018;2,9417527
SPX NIMITZ FEEDER FIC MULTIMERCADO;13/11/2018;2,9385623
SPX NIMITZ FEEDER FIC MULTIMERCADO;14/11/2018;2,9295532
SPX NIMITZ FEEDER FIC MULTIMERCADO;16/11/2018;2,9120247
SPX NIMITZ FEEDER FIC MULTIMERCADO;19/11/2018;2,9044978
SPX NIMITZ FEEDER FIC MULTIMERCADO;20/11/2018;2,9048383
SPX NIMITZ FEEDER FIC MULTIMERCADO;21/11/2018;2,8964295
SPX NIMITZ FEEDER FIC MULTIMERCADO;22/11/2018;2,9001493
SPX NIMITZ FEEDER FIC MULTIMERCADO;23/11/2018;2,8892445
SPX NIMITZ FEEDER FIC MULTIMERCADO;26/11/2018;2,888483
SPX NIMITZ FEEDER FIC MULTIMERCADO;27/11/2018;2,8849585
SPX NIMITZ FEEDER FIC MULTIMERCADO;28/11/2018;2,892233
SPX NIMITZ FEEDER FIC MULTIMERCADO;29/11/2018;2,8822646
SPX NIMITZ FEEDER FIC MULTIMERCADO;30/11/2018;2,8844744
SPX NIMITZ FEEDER FIC MULTIMERCADO;03/12/2018;2,8806946
SPX NIMITZ FEEDER FIC MULTIMERCADO;04/12/2018;2,8518359
SPX NIMITZ FEEDER FIC MULTIMERCADO;05/12/2018;2,8552767
SPX NIMITZ FEEDER FIC MULTIMERCADO;06/12/2018;2,8418917
SPX NIMITZ FEEDER FIC MULTIMERCADO;07/12/2018;2,8317534
SPX NIMITZ FEEDER FIC MULTIMERCADO;10/12/2018;2,8218174
SPX NIMITZ FEEDER FIC MULTIMERCADO;11/12/2018;2,8216234
SPX NIMITZ FEEDER FIC MULTIMERCADO;12/12/2018;2,8326449
SPX NIMITZ FEEDER FIC MULTIMERCADO;13/12/2018;2,8412517
SPX NIMITZ FEEDER FIC MULTIMERCADO;14/12/2018;2,8386878
SPX NIMITZ FEEDER FIC MULTIMERCADO;17/12/2018;2,8292309
SPX NIMITZ FEEDER FIC MULTIMERCADO;18/12/2018;2,8257773
SPX NIMITZ FEEDER FIC MULTIMERCADO;19/12/2018;2,8142753
SPX NIMITZ FEEDER FIC MULTIMERCADO;20/12/2018;2,8017274
SPX NIMITZ FEEDER FIC MULTIMERCADO;21/12/2018;2,7970137
SPX NIMITZ FEEDER FIC MULTIMERCADO;24/12/2018;2,7971563
SPX NIMITZ FEEDER FIC MULTIMERCADO;26/12/2018;2,7970147
SPX NIMITZ FEEDER FIC MULTIMERCADO;27/12/2018;2,7973854
SPX NIMITZ FEEDER FIC MULTIMERCADO;28/12/2018;2,793288
SPX NIMITZ FEEDER FIC MULTIMERCADO;31/12/2018;2,7934416
SPX NIMITZ FEEDER FIC MULTIMERCADO;02/01/2019;2,8039538
SPX NIMITZ FEEDER FIC MULTIMERCADO;03/01/2019;2,8111839
SPX NIMITZ FEEDER FIC MULTIMERCADO;04/01/2019;2,8085074
SPX NIMITZ FEEDER FIC MULTIMERCADO;07/01/2019;2,8030275
SPX NIMITZ FEEDER FIC MULTIMERCADO;08/01/2019;2,809607
SPX NIMITZ FEEDER FIC MULTIMERCADO;09/01/2019;2,8126627
SPX NIMITZ FEEDER FIC MULTIMERCADO;10/01/2019;2,8130538
SPX NIMITZ FEEDER FIC MULTIMERCADO;11/01/2019;2,8108972
SPX NIMITZ FEEDER FIC MULTIMERCADO;14/01/2019;2,8106638
SPX NIMITZ FEEDER FIC MULTIMERCADO;15/01/2019;2,8092485
SPX NIMITZ FEEDER FIC MULTIMERCADO;16/01/2019;2,807487
SPX NIMITZ FEEDER FIC MULTIMERCADO;17/01/2019;2,8115414
SPX NIMITZ FEEDER FIC MULTIMERCADO;18/01/2019;2,8104515
SPX NIMITZ FEEDER FIC MULTIMERCADO;21/01/2019;2,812185
SPX NIMITZ FEEDER FIC MULTIMERCADO;22/01/2019;2,8134523
SPX NIMITZ FEEDER FIC MULTIMERCADO;23/01/2019;2,8149616
SPX NIMITZ FEEDER FIC MULTIMERCADO;24/01/2019;2,8176472
SPX NIMITZ FEEDER FIC MULTIMERCADO;25/01/2019;2,8180303
SPX NIMITZ FEEDER FIC MULTIMERCADO;28/01/2019;2,8111249
SPX NIMITZ FEEDER FIC MULTIMERCADO;29/01/2019;2,8166702
SPX NIMITZ FEEDER FIC MULTIMERCADO;30/01/2019;2,8180148
SPX NIMITZ FEEDER FIC MULTIMERCADO;31/01/2019;2,8227397
SPX NIMITZ FEEDER FIC MULTIMERCADO;01/02/2019;2,8180121
SPX NIMITZ FEEDER FIC MULTIMERCADO;04/02/2019;2,8207925
SPX NIMITZ FEEDER FIC MULTIMERCADO;05/02/2019;2,8196387
SPX NIMITZ FEEDER FIC MULTIMERCADO;06/02/2019;2,8233028
SPX NIMITZ FEEDER FIC MULTIMERCADO;07/02/2019;2,8232663
SPX NIMITZ FEEDER FIC MULTIMERCADO;08/02/2019;2,821768
SPX NIMITZ FEEDER FIC MULTIMERCADO;11/02/2019;2,8239911
SPX NIMITZ FEEDER FIC MULTIMERCADO;12/02/2019;2,8242732
SPX NIMITZ FEEDER FIC MULTIMERCADO;13/02/2019;2,829119
SPX NIMITZ FEEDER FIC MULTIMERCADO;14/02/2019;2,8381265
SPX NIMITZ FEEDER FIC MULTIMERCADO;15/02/2019;2,8400046
SPX NIMITZ FEEDER FIC MULTIMERCADO;18/02/2019;2,834846
SPX NIMITZ FEEDER FIC MULTIMERCADO;19/02/2019;2,836834
SPX NIMITZ FEEDER FIC MULTIMERCADO;20/02/2019;2,8314618
SPX NIMITZ FEEDER FIC MULTIMERCADO;21/02/2019;2,8335994
SPX NIMITZ FEEDER FIC MULTIMERCADO;22/02/2019;2,8351822
SPX NIMITZ FEEDER FIC MULTIMERCADO;25/02/2019;2,8308468
SPX NIMITZ FEEDER FIC MULTIMERCADO;26/02/2019;2,8306683
SPX NIMITZ FEEDER FIC MULTIMERCADO;27/02/2019;2,8334102
SPX NIMITZ FEEDER FIC MULTIMERCADO;28/02/2019;2,8295441
SPX NIMITZ FEEDER FIC MULTIMERCADO;01/03/2019;2,8275626
SPX NIMITZ FEEDER FIC MULTIMERCADO;06/03/2019;2,8304139
SPX NIMITZ FEEDER FIC MULTIMERCADO;07/03/2019;2,8375144
SPX NIMITZ FEEDER FIC MULTIMERCADO;08/03/2019;2,8422959
SPX NIMITZ FEEDER FIC MULTIMERCADO;11/03/2019;2,8458344
SPX NIMITZ FEEDER FIC MULTIMERCADO;12/03/2019;2,8441645
SPX NIMITZ FEEDER FIC MULTIMERCADO;13/03/2019;2,8487226
SPX NIMITZ FEEDER FIC MULTIMERCADO;14/03/2019;2,8471316
SPX NIMITZ FEEDER FIC MULTIMERCADO;15/03/2019;2,8469928
SPX NIMITZ FEEDER FIC MULTIMERCADO;18/03/2019;2,84995
SPX NIMITZ FEEDER FIC MULTIMERCADO;19/03/2019;2,8504091
SPX NIMITZ FEEDER FIC MULTIMERCADO;20/03/2019;2,8501693
SPX NIMITZ FEEDER FIC MULTIMERCADO;21/03/2019;2,8510444
SPX NIMITZ FEEDER FIC MULTIMERCADO;22/03/2019;2,8493276
SPX NIMITZ FEEDER FIC MULTIMERCADO;25/03/2019;2,8508365
SPX NIMITZ FEEDER FIC MULTIMERCADO;26/03/2019;2,8505955
SPX NIMITZ FEEDER FIC MULTIMERCADO;27/03/2019;2,8497771
SPX NIMITZ FEEDER FIC MULTIMERCADO;28/03/2019;2,8519281
SPX NIMITZ FEEDER FIC MULTIMERCADO;29/03/2019;2,8496714
SPX NIMITZ FEEDER FIC MULTIMERCADO;01/04/2019;2,8466353
SPX NIMITZ FEEDER FIC MULTIMERCADO;02/04/2019;2,8503528
SPX NIMITZ FEEDER FIC MULTIMERCADO;03/04/2019;2,8457398
SPX NIMITZ FEEDER FIC MULTIMERCADO;04/04/2019;2,8469346
SPX NIMITZ FEEDER FIC MULTIMERCADO;05/04/2019;2,8485031
SPX NIMITZ FEEDER FIC MULTIMERCADO;08/04/2019;2,8472524
SPX NIMITZ FEEDER FIC MULTIMERCADO;09/04/2019;2,8467747
SPX NIMITZ FEEDER FIC MULTIMERCADO;10/04/2019;2,8477569
SPX NIMITZ FEEDER FIC MULTIMERCADO;11/04/2019;2,8455736
SPX NIMITZ FEEDER FIC MULTIMERCADO;12/04/2019;2,8386973
SPX NIMITZ FEEDER FIC MULTIMERCADO;15/04/2019;2,8387474
SPX NIMITZ FEEDER FIC MULTIMERCADO;16/04/2019;2,8396595
SPX NIMITZ FEEDER FIC MULTIMERCADO;17/04/2019;2,8406085
SPX NIMITZ FEEDER FIC MULTIMERCADO;18/04/2019;2,8488649
SPX NIMITZ FEEDER FIC MULTIMERCADO;22/04/2019;2,8481018
SPX NIMITZ FEEDER FIC MULTIMERCADO;23/04/2019;2,8507877
SPX NIMITZ FEEDER FIC MULTIMERCADO;24/04/2019;2,8574766
SPX NIMITZ FEEDER FIC MULTIMERCADO;25/04/2019;2,8560243
SPX NIMITZ FEEDER FIC MULTIMERCADO;26/04/2019;2,8523517
SPX NIMITZ FEEDER FIC MULTIMERCADO;29/04/2019;2,848877
SPX NIMITZ FEEDER FIC MULTIMERCADO;30/04/2019;2,8488306
SPX NIMITZ FEEDER FIC MULTIMERCADO;02/05/2019;2,8481439
SPX NIMITZ FEEDER FIC MULTIMERCADO;03/05/2019;2,8457473
SPX NIMITZ FEEDER FIC MULTIMERCADO;06/05/2019;2,8494955
SPX NIMITZ FEEDER FIC MULTIMERCADO;07/05/2019;2,8553179
SPX NIMITZ FEEDER FIC MULTIMERCADO;08/05/2019;2,8571848
SPX NIMITZ FEEDER FIC MULTIMERCADO;09/05/2019;2,8612208
SPX NIMITZ FEEDER FIC MULTIMERCADO;10/05/2019;2,8595704
SPX NIMITZ FEEDER FIC MULTIMERCADO;13/05/2019;2,8712729
SPX NIMITZ FEEDER FIC MULTIMERCADO;14/05/2019;2,8711934
SPX NIMITZ FEEDER FIC MULTIMERCADO;15/05/2019;2,8721013
SPX NIMITZ FEEDER FIC MULTIMERCADO;16/05/2019;2,8703618
SPX NIMITZ FEEDER FIC MULTIMERCADO;17/05/2019;2,8697649
SPX NIMITZ FEEDER FIC MULTIMERCADO;20/05/2019;2,8702921
SPX NIMITZ FEEDER FIC MULTIMERCADO;21/05/2019;2,8700092
SPX NIMITZ FEEDER FIC MULTIMERCADO;22/05/2019;2,8711338
SPX NIMITZ FEEDER FIC MULTIMERCADO;23/05/2019;2,8780787
SPX NIMITZ FEEDER FIC MULTIMERCADO;24/05/2019;2,8734473
SPX NIMITZ FEEDER FIC MULTIMERCADO;27/05/2019;2,8760843
SPX NIMITZ FEEDER FIC MULTIMERCADO;28/05/2019;2,8877573
SPX NIMITZ FEEDER FIC MULTIMERCADO;29/05/2019;2,8940386
SPX NIMITZ FEEDER FIC MULTIMERCADO;30/05/2019;2,8908484
SPX NIMITZ FEEDER FIC MULTIMERCADO;31/05/2019;2,8940033
SPX NIMITZ FEEDER FIC MULTIMERCADO;03/06/2019;2,8981779
SPX NIMITZ FEEDER FIC MULTIMERCADO;04/06/2019;2,9013646
SPX NIMITZ FEEDER FIC MULTIMERCADO;05/06/2019;2,9008753
SPX NIMITZ FEEDER FIC MULTIMERCADO;06/06/2019;2,9031065
SPX NIMITZ FEEDER FIC MULTIMERCADO;07/06/2019;2,9033734
SPX NIMITZ FEEDER FIC MULTIMERCADO;10/06/2019;2,8986621
SPX NIMITZ FEEDER FIC MULTIMERCADO;11/06/2019;2,9001935
SPX NIMITZ FEEDER FIC MULTIMERCADO;12/06/2019;2,9037083
SPX NIMITZ FEEDER FIC MULTIMERCADO;13/06/2019;2,9109788
SPX NIMITZ FEEDER FIC MULTIMERCADO;14/06/2019;2,9155351
SPX NIMITZ FEEDER FIC MULTIMERCADO;17/06/2019;2,9112626
SPX NIMITZ FEEDER FIC MULTIMERCADO;18/06/2019;2,9103159
SPX NIMITZ FEEDER FIC MULTIMERCADO;19/06/2019;2,9157813
SPX NIMITZ FEEDER FIC MULTIMERCADO;21/06/2019;2,9280029
SPX NIMITZ FEEDER FIC MULTIMERCADO;24/06/2019;2,9264016
SPX NIMITZ FEEDER FIC MULTIMERCADO;25/06/2019;2,9220378
SPX NIMITZ FEEDER FIC MULTIMERCADO;26/06/2019;2,9219097
SPX NIMITZ FEEDER FIC MULTIMERCADO;27/06/2019;2,9269024
SPX NIMITZ FEEDER FIC MULTIMERCADO;28/06/2019;2,9371902
SPX NIMITZ FEEDER FIC MULTIMERCADO;01/07/2019;2,9449866
SPX NIMITZ FEEDER FIC MULTIMERCADO;02/07/2019;2,9350292
SPX NIMITZ FEEDER FIC MULTIMERCADO;03/07/2019;2,9402673
SPX NIMITZ FEEDER FIC MULTIMERCADO;04/07/2019;2,9480909
SPX NIMITZ FEEDER FIC MULTIMERCADO;05/07/2019;2,9450814
SPX NIMITZ FEEDER FIC MULTIMERCADO;08/07/2019;2,9525287
SPX NIMITZ FEEDER FIC MULTIMERCADO;09/07/2019;2,9529048
SPX NIMITZ FEEDER FIC MULTIMERCADO;10/07/2019;2,9615434
SPX NIMITZ FEEDER FIC MULTIMERCADO;11/07/2019;2,9603869
SPX NIMITZ FEEDER FIC MULTIMERCADO;12/07/2019;2,9586068
SPX NIMITZ FEEDER FIC MULTIMERCADO;15/07/2019;2,9573184
SPX NIMITZ FEEDER FIC MULTIMERCADO;16/07/2019;2,9531626
SPX NIMITZ FEEDER FIC MULTIMERCADO;17/07/2019;2,9523324
SPX NIMITZ FEEDER FIC MULTIMERCADO;18/07/2019;2,9533973
SPX NIMITZ FEEDER FIC MULTIMERCADO;19/07/2019;2,9522537
SPX NIMITZ FEEDER FIC MULTIMERCADO;22/07/2019;2,9526072
SPX NIMITZ FEEDER FIC MULTIMERCADO;23/07/2019;2,9541741
SPX NIMITZ FEEDER FIC MULTIMERCADO;24/07/2019;2,9573024
SPX NIMITZ FEEDER FIC MULTIMERCADO;25/07/2019;2,9531127
SPX NIMITZ FEEDER FIC MULTIMERCADO;26/07/2019;2,9545669
SPX NIMITZ FEEDER FIC MULTIMERCADO;29/07/2019;2,9557556
SPX NIMITZ FEEDER FIC MULTIMERCADO;30/07/2019;2,9567105
SPX NIMITZ FEEDER FIC MULTIMERCADO;31/07/2019;2,9568221
SPX NIMITZ FEEDER FIC MULTIMERCADO;01/08/2019;2,9644756
SPX NIMITZ FEEDER FIC MULTIMERCADO;02/08/2019;2,9721562
SPX NIMITZ FEEDER FIC MULTIMERCADO;05/08/2019;2,9710955
SPX NIMITZ FEEDER FIC MULTIMERCADO;06/08/2019;2,9764474
SPX NIMITZ FEEDER FIC MULTIMERCADO;07/08/2019;2,9846065
SPX NIMITZ FEEDER FIC MULTIMERCADO;08/08/2019;2,9858849
SPX NIMITZ FEEDER FIC MULTIMERCADO;09/08/2019;2,9909373
SPX NIMITZ FEEDER FIC MULTIMERCADO;12/08/2019;2,9909183
SPX NIMITZ FEEDER FIC MULTIMERCADO;13/08/2019;2,9781607
SPX NIMITZ FEEDER FIC MULTIMERCADO;14/08/2019;2,9882596
SPX NIMITZ FEEDER FIC MULTIMERCADO;15/08/2019;2,9890627
SPX NIMITZ FEEDER FIC MULTIMERCADO;16/08/2019;2,9861574
SPX NIMITZ FEEDER FIC MULTIMERCADO;19/08/2019;2,9852848
SPX NIMITZ FEEDER FIC MULTIMERCADO;20/08/2019;2,9843809
SPX NIMITZ FEEDER FIC MULTIMERCADO;21/08/2019;2,9832074
SPX NIMITZ FEEDER FIC MULTIMERCADO;22/08/2019;2,9884558
SPX NIMITZ FEEDER FIC MULTIMERCADO;23/08/2019;3,0029814
SPX NIMITZ FEEDER FIC MULTIMERCADO;26/08/2019;2,9940587
SPX NIMITZ FEEDER FIC MULTIMERCADO;27/08/2019;2,9976549
SPX NIMITZ FEEDER FIC MULTIMERCADO;28/08/2019;2,9966773
SPX NIMITZ FEEDER FIC MULTIMERCADO;29/08/2019;2,9926404
SPX NIMITZ FEEDER FIC MULTIMERCADO;30/08/2019;3,0013862
SPX NIMITZ FEEDER FIC MULTIMERCADO;02/09/2019;3,0004551
SPX NIMITZ FEEDER FIC MULTIMERCADO;03/09/2019;3,0022406
SPX NIMITZ FEEDER FIC MULTIMERCADO;04/09/2019;2,9915862
SPX NIMITZ FEEDER FIC MULTIMERCADO;05/09/2019;2,9781467
SPX NIMITZ FEEDER FIC MULTIMERCADO;06/09/2019;2,9736167
SPX NIMITZ FEEDER FIC MULTIMERCADO;09/09/2019;2,9709717
SPX NIMITZ FEEDER FIC MULTIMERCADO;10/09/2019;2,967377
SPX NIMITZ FEEDER FIC MULTIMERCADO;11/09/2019;2,9696579
SPX NIMITZ FEEDER FIC MULTIMERCADO;12/09/2019;2,9631846
SPX NIMITZ FEEDER FIC MULTIMERCADO;13/09/2019;2,9632432
SPX NIMITZ FEEDER FIC MULTIMERCADO;16/09/2019;2,9648326
SPX NIMITZ FEEDER FIC MULTIMERCADO;17/09/2019;2,9633913
SPX NIMITZ FEEDER FIC MULTIMERCADO;18/09/2019;2,9652244
SPX NIMITZ FEEDER FIC MULTIMERCADO;19/09/2019;2,9698876
SPX NIMITZ FEEDER FIC MULTIMERCADO;20/09/2019;2,9783186
SPX NIMITZ FEEDER FIC MULTIMERCADO;23/09/2019;2,9772614
SPX NIMITZ FEEDER FIC MULTIMERCADO;24/09/2019;2,9794252
SPX NIMITZ FEEDER FIC MULTIMERCADO;25/09/2019;2,977045
SPX NIMITZ FEEDER FIC MULTIMERCADO;26/09/2019;2,987781
SPX NIMITZ FEEDER FIC MULTIMERCADO;27/09/2019;2,9904596
SPX NIMITZ FEEDER FIC MULTIMERCADO;30/09/2019;2,9881476
SPX NIMITZ FEEDER FIC MULTIMERCADO;01/10/2019;2,9911106
SPX NIMITZ FEEDER FIC MULTIMERCADO;02/10/2019;2,9938847
SPX NIMITZ FEEDER FIC MULTIMERCADO;03/10/2019;2,9982231
SPX NIMITZ FEEDER FIC MULTIMERCADO;04/10/2019;2,995931
SPX NIMITZ FEEDER FIC MULTIMERCADO;07/10/2019;2,9969822
SPX NIMITZ FEEDER FIC MULTIMERCADO;08/10/2019;3,0032325
SPX NIMITZ FEEDER FIC MULTIMERCADO;09/10/2019;3,0041806
SPX NIMITZ FEEDER FIC MULTIMERCADO;10/10/2019;2,9984685
SPX NIMITZ FEEDER FIC MULTIMERCADO;11/10/2019;2,9939734
SPX NIMITZ FEEDER FIC MULTIMERCADO;14/10/2019;2,998162
SPX NIMITZ FEEDER FIC MULTIMERCADO;15/10/2019;3,00168
SPX NIMITZ FEEDER FIC MULTIMERCADO;16/10/2019;3,0098676
SPX NIMITZ FEEDER FIC MULTIMERCADO;17/10/2019;3,0097913
SPX NIMITZ FEEDER FIC MULTIMERCADO;18/10/2019;3,0101756
SPX NIMITZ FEEDER FIC MULTIMERCADO;21/10/2019;3,0161193
SPX NIMITZ FEEDER FIC MULTIMERCADO;22/10/2019;3,0114925
SPX NIMITZ FEEDER FIC MULTIMERCADO;23/10/2019;3,0091977
SPX NIMITZ FEEDER FIC MULTIMERCADO;24/10/2019;3,0110184
SPX NIMITZ FEEDER FIC MULTIMERCADO;25/10/2019;3,0096578
SPX NIMITZ FEEDER FIC MULTIMERCADO;28/10/2019;3,0100853
SPX NIMITZ FEEDER FIC MULTIMERCADO;29/10/2019;3,0081288
SPX NIMITZ FEEDER FIC MULTIMERCADO;30/10/2019;3,0146424
SPX NIMITZ FEEDER FIC MULTIMERCADO;31/10/2019;3,0112504
SPX NIMITZ FEEDER FIC MULTIMERCADO;01/11/2019;3,0059511
SPX NIMITZ FEEDER FIC MULTIMERCADO;04/11/2019;3,0063386
SPX NIMITZ FEEDER FIC MULTIMERCADO;05/11/2019;3,0066147
SPX NIMITZ FEEDER FIC MULTIMERCADO;06/11/2019;3,0137861
SPX NIMITZ FEEDER FIC MULTIMERCADO;07/11/2019;3,0203221
SPX NIMITZ FEEDER FIC MULTIMERCADO;08/11/2019;3,0188355
SPX NIMITZ FEEDER FIC MULTIMERCADO;11/11/2019;3,0209509
SPX NIMITZ FEEDER FIC MULTIMERCADO;12/11/2019;3,0160437
SPX NIMITZ FEEDER FIC MULTIMERCADO;13/11/2019;3,0153761
SPX NIMITZ FEEDER FIC MULTIMERCADO;14/11/2019;3,0115552
SPX NIMITZ FEEDER FIC MULTIMERCADO;18/11/2019;3,0063147
SPX NIMITZ FEEDER FIC MULTIMERCADO;19/11/2019;3,0026619
SPX NIMITZ FEEDER FIC MULTIMERCADO;20/11/2019;3,0029331
SPX NIMITZ FEEDER FIC MULTIMERCADO;21/11/2019;2,9976468
SPX NIMITZ FEEDER FIC MULTIMERCADO;22/11/2019;2,995042
SPX NIMITZ FEEDER FIC MULTIMERCADO;25/11/2019;2,991982
SPX NIMITZ FEEDER FIC MULTIMERCADO;26/11/2019;2,9860879
SPX NIMITZ FEEDER FIC MULTIMERCADO;27/11/2019;2,9919293
SPX NIMITZ FEEDER FIC MULTIMERCADO;28/11/2019;2,9919165
SPX NIMITZ FEEDER FIC MULTIMERCADO;29/11/2019;2,9892482
SPX NIMITZ FEEDER FIC MULTIMERCADO;02/12/2019;2,9815594
SPX NIMITZ FEEDER FIC MULTIMERCADO;03/12/2019;2,9834549
SPX NIMITZ FEEDER FIC MULTIMERCADO;04/12/2019;2,9901574
SPX NIMITZ FEEDER FIC MULTIMERCADO;05/12/2019;2,9909982
SPX NIMITZ FEEDER FIC MULTIMERCADO;06/12/2019;2,9944827
SPX NIMITZ FEEDER FIC MULTIMERCADO;09/12/2019;2,9969179
SPX NIMITZ FEEDER FIC MULTIMERCADO;10/12/2019;2,9945156
SPX NIMITZ FEEDER FIC MULTIMERCADO;11/12/2019;2,9959805
SPX NIMITZ FEEDER FIC MULTIMERCADO;12/12/2019;2,9965484
SPX NIMITZ FEEDER FIC MULTIMERCADO;13/12/2019;3,0060727
SPX NIMITZ FEEDER FIC MULTIMERCADO;16/12/2019;3,0130945
SPX NIMITZ FEEDER FIC MULTIMERCADO;17/12/2019;3,0106367
SPX NIMITZ FEEDER FIC MULTIMERCADO;18/12/2019;3,0095023
SPX NIMITZ FEEDER FIC MULTIMERCADO;19/12/2019;3,0069733
SPX NIMITZ FEEDER FIC MULTIMERCADO;20/12/2019;3,0067575
SPX NIMITZ FEEDER FIC MULTIMERCADO;23/12/2019;3,009559
SPX NIMITZ FEEDER FIC MULTIMERCADO;24/12/2019;3,0101669
SPX NIMITZ FEEDER FIC MULTIMERCADO;26/12/2019;3,0085048
SPX NIMITZ FEEDER FIC MULTIMERCADO;27/12/2019;3,0053155
SPX NIMITZ FEEDER FIC MULTIMERCADO;30/12/2019;3,0082213
SPX NIMITZ FEEDER FIC MULTIMERCADO;31/12/2019;3,0086399
SPX NIMITZ FEEDER FIC MULTIMERCADO;02/01/2020;3,0155152
SPX NIMITZ FEEDER FIC MULTIMERCADO;03/01/2020;3,010296
SPX NIMITZ FEEDER FIC MULTIMERCADO;06/01/2020;3,0059741
SPX NIMITZ FEEDER FIC MULTIMERCADO;07/01/2020;3,0030532
SPX NIMITZ FEEDER FIC MULTIMERCADO;08/01/2020;3,000732
SPX NIMITZ FEEDER FIC MULTIMERCADO;09/01/2020;3,0013411
SPX NIMITZ FEEDER FIC MULTIMERCADO;10/01/2020;3,0058993
SPX NIMITZ FEEDER FIC MULTIMERCADO;13/01/2020;3,0119377
SPX NIMITZ FEEDER FIC MULTIMERCADO;14/01/2020;3,0100268
SPX NIMITZ FEEDER FIC MULTIMERCADO;15/01/2020;3,0085826
SPX NIMITZ FEEDER FIC MULTIMERCADO;16/01/2020;3,0082688
SPX NIMITZ FEEDER FIC MULTIMERCADO;17/01/2020;3,0113757
SPX NIMITZ FEEDER FIC MULTIMERCADO;20/01/2020;3,0144236
SPX NIMITZ FEEDER FIC MULTIMERCADO;21/01/2020;2,9998827
SPX NIMITZ FEEDER FIC MULTIMERCADO;22/01/2020;2,9995685
SPX NIMITZ FEEDER FIC MULTIMERCADO;23/01/2020;3,0008846
SPX NIMITZ FEEDER FIC MULTIMERCADO;24/01/2020;2,9958469
SPX NIMITZ FEEDER FIC MULTIMERCADO;27/01/2020;2,9889144
SPX NIMITZ FEEDER FIC MULTIMERCADO;28/01/2020;2,9968601
SPX NIMITZ FEEDER FIC MULTIMERCADO;29/01/2020;2,9996569
SPX NIMITZ FEEDER FIC MULTIMERCADO;30/01/2020;3,004405
SPX NIMITZ FEEDER FIC MULTIMERCADO;31/01/2020;3,013011
SPX NIMITZ FEEDER FIC MULTIMERCADO;03/02/2020;3,0033954
SPX NIMITZ FEEDER FIC MULTIMERCADO;04/02/2020;2,9927088
SPX NIMITZ FEEDER FIC MULTIMERCADO;05/02/2020;3,0034958
SPX NIMITZ FEEDER FIC MULTIMERCADO;06/02/2020;3,011708
SPX NIMITZ FEEDER FIC MULTIMERCADO;07/02/2020;3,0221795
SPX NIMITZ FEEDER FIC MULTIMERCADO;10/02/2020;3,0229156
SPX NIMITZ FEEDER FIC MULTIMERCADO;11/02/2020;3,021147
SPX NIMITZ FEEDER FIC MULTIMERCADO;12/02/2020;3,0251315
SPX NIMITZ FEEDER FIC MULTIMERCADO;13/02/2020;3,0304544
SPX NIMITZ FEEDER FIC MULTIMERCADO;14/02/2020;3,0255364
SPX NIMITZ FEEDER FIC MULTIMERCADO;17/02/2020;3,0300567
SPX NIMITZ FEEDER FIC MULTIMERCADO;18/02/2020;3,0385168
SPX NIMITZ FEEDER FIC MULTIMERCADO;19/02/2020;3,0429511
SPX NIMITZ FEEDER FIC MULTIMERCADO;20/02/2020;3,04741
SPX NIMITZ FEEDER FIC MULTIMERCADO;21/02/2020;3,0362136
SPX NIMITZ FEEDER FIC MULTIMERCADO;26/02/2020;3,0336003
SPX NIMITZ FEEDER FIC MULTIMERCADO;27/02/2020;3,0304011
SPX NIMITZ FEEDER FIC MULTIMERCADO;28/02/2020;3,0488455
SPX NIMITZ FEEDER FIC MULTIMERCADO;02/03/2020;3,0677549
SPX NIMITZ FEEDER FIC MULTIMERCADO;03/03/2020;3,0896071
SPX NIMITZ FEEDER FIC MULTIMERCADO;04/03/2020;3,1095347
SPX NIMITZ FEEDER FIC MULTIMERCADO;05/03/2020;3,0931459
SPX NIMITZ FEEDER FIC MULTIMERCADO;06/03/2020;3,0712527
SPX NIMITZ FEEDER FIC MULTIMERCADO;09/03/2020;3,0875984
SPX NIMITZ FEEDER FIC MULTIMERCADO;10/03/2020;3,0820238
SPX NIMITZ FEEDER FIC MULTIMERCADO;11/03/2020;3,0501729
SPX NIMITZ FEEDER FIC MULTIMERCADO;12/03/2020;2,9719963
SPX NIMITZ FEEDER FIC MULTIMERCADO;13/03/2020;3,02141
SPX NIMITZ FEEDER FIC MULTIMERCADO;16/03/2020;2,98995
SPX NIMITZ FEEDER FIC MULTIMERCADO;17/03/2020;3,0312873
SPX NIMITZ FEEDER FIC MULTIMERCADO;18/03/2020;3,0304955
SPX NIMITZ FEEDER FIC MULTIMERCADO;19/03/2020;3,0201922
SPX NIMITZ FEEDER FIC MULTIMERCADO;20/03/2020;3,0319247
SPX NIMITZ FEEDER FIC MULTIMERCADO;23/03/2020;3,0269371
SPX NIMITZ FEEDER FIC MULTIMERCADO;24/03/2020;2,9944955
SPX NIMITZ FEEDER FIC MULTIMERCADO;25/03/2020;3,0033924
SPX NIMITZ FEEDER FIC MULTIMERCADO;26/03/2020;3,0273752
SPX NIMITZ FEEDER FIC MULTIMERCADO;27/03/2020;3,0463957
SPX NIMITZ FEEDER FIC MULTIMERCADO;30/03/2020;3,0579483
SPX NIMITZ FEEDER FIC MULTIMERCADO;31/03/2020;3,0545574
SPX NIMITZ FEEDER FIC MULTIMERCADO;01/04/2020;3,0781631
SPX NIMITZ FEEDER FIC MULTIMERCADO;02/04/2020;3,078275
SPX NIMITZ FEEDER FIC MULTIMERCADO;03/04/2020;3,0879597
SPX NIMITZ FEEDER FIC MULTIMERCADO;06/04/2020;3,0964777
SPX NIMITZ FEEDER FIC MULTIMERCADO;07/04/2020;3,0882809
SPX NIMITZ FEEDER FIC MULTIMERCADO;08/04/2020;3,0839601
SPX NIMITZ FEEDER FIC MULTIMERCADO;09/04/2020;3,074464
SPX NIMITZ FEEDER FIC MULTIMERCADO;13/04/2020;3,0758714
SPX NIMITZ FEEDER FIC MULTIMERCADO;14/04/2020;3,0997685
SPX NIMITZ FEEDER FIC MULTIMERCADO;15/04/2020;3,1157281
SPX NIMITZ FEEDER FIC MULTIMERCADO;16/04/2020;3,1262255
SPX NIMITZ FEEDER FIC MULTIMERCADO;17/04/2020;3,1121283
SPX NIMITZ FEEDER FIC MULTIMERCADO;20/04/2020;3,1241072
SPX NIMITZ FEEDER FIC MULTIMERCADO;22/04/2020;3,1615078
SPX NIMITZ FEEDER FIC MULTIMERCADO;23/04/2020;3,1491134
SPX NIMITZ FEEDER FIC MULTIMERCADO;24/04/2020;3,1165095
SPX NIMITZ FEEDER FIC MULTIMERCADO;27/04/2020;3,1224327
SPX NIMITZ FEEDER FIC MULTIMERCADO;28/04/2020;3,1203885
SPX NIMITZ FEEDER FIC MULTIMERCADO;29/04/2020;3,0993479
SPX NIMITZ FEEDER FIC MULTIMERCADO;30/04/2020;3,0931088
SPX NIMITZ FEEDER FIC MULTIMERCADO;04/05/2020;3,1097757
SPX NIMITZ FEEDER FIC MULTIMERCADO;05/05/2020;3,1060698
SPX NIMITZ FEEDER FIC MULTIMERCADO;06/05/2020;3,123886
SPX NIMITZ FEEDER FIC MULTIMERCADO;07/05/2020;3,1182394
SPX NIMITZ FEEDER FIC MULTIMERCADO;08/05/2020;3,1084623
SPX NIMITZ FEEDER FIC MULTIMERCADO;11/05/2020;3,1138609
SPX NIMITZ FEEDER FIC MULTIMERCADO;12/05/2020;3,1105518
SPX NIMITZ FEEDER FIC MULTIMERCADO;13/05/2020;3,1152289
SPX NIMITZ FEEDER FIC MULTIMERCADO;14/05/2020;3,1075609
SPX NIMITZ FEEDER FIC MULTIMERCADO;15/05/2020;3,1021105
SPX NIMITZ FEEDER FIC MULTIMERCADO;18/05/2020;3,0771997
SPX NIMITZ FEEDER FIC MULTIMERCADO;19/05/2020;3,0742008
SPX NIMITZ FEEDER FIC MULTIMERCADO;20/05/2020;3,073481
SPX NIMITZ FEEDER FIC MULTIMERCADO;21/05/2020;3,0687956
SPX NIMITZ FEEDER FIC MULTIMERCADO;22/05/2020;3,0753814
SPX NIMITZ FEEDER FIC MULTIMERCADO;25/05/2020;3,0761005
SPX NIMITZ FEEDER FIC MULTIMERCADO;26/05/2020;3,0672099
SPX NIMITZ FEEDER FIC MULTIMERCADO;27/05/2020;3,0595006
SPX NIMITZ FEEDER FIC MULTIMERCADO;28/05/2020;3,0589565
SPX NIMITZ FEEDER FIC MULTIMERCADO;29/05/2020;3,0610872
SPX NIMITZ FEEDER FIC MULTIMERCADO;01/06/2020;3,0601112
SPX NIMITZ FEEDER FIC MULTIMERCADO;02/06/2020;3,060133
SPX NIMITZ FEEDER FIC MULTIMERCADO;03/06/2020;3,0666343
SPX NIMITZ FEEDER FIC MULTIMERCADO;04/06/2020;3,0757602
SPX NIMITZ FEEDER FIC MULTIMERCADO;05/06/2020;3,0734682
SPX NIMITZ FEEDER FIC MULTIMERCADO;08/06/2020;3,078192
SPX NIMITZ FEEDER FIC MULTIMERCADO;09/06/2020;3,0791771
SPX NIMITZ FEEDER FIC MULTIMERCADO;10/06/2020;3,0806253
SPX NIMITZ FEEDER FIC MULTIMERCADO;12/06/2020;3,0773871
SPX NIMITZ FEEDER FIC MULTIMERCADO;15/06/2020;3,0779836
SPX NIMITZ FEEDER FIC MULTIMERCADO;16/06/2020;3,0798059
SPX NIMITZ FEEDER FIC MULTIMERCADO;17/06/2020;3,088928
SPX NIMITZ FEEDER FIC MULTIMERCADO;18/06/2020;3,083761
SPX NIMITZ FEEDER FIC MULTIMERCADO;19/06/2020;3,076679
SPX NIMITZ FEEDER FIC MULTIMERCADO;22/06/2020;3,0747621
SPX NIMITZ FEEDER FIC MULTIMERCADO;23/06/2020;3,0767665
SPX NIMITZ FEEDER FIC MULTIMERCADO;24/06/2020;3,0786301
SPX NIMITZ FEEDER FIC MULTIMERCADO;25/06/2020;3,0883055
SPX NIMITZ FEEDER FIC MULTIMERCADO;26/06/2020;3,0946751
SPX NIMITZ FEEDER FIC MULTIMERCADO;29/06/2020;3,0938519
SPX NIMITZ FEEDER FIC MULTIMERCADO;30/06/2020;3,0990127
SPX NIMITZ FEEDER FIC MULTIMERCADO;01/07/2020;3,0913952
SPX NIMITZ FEEDER FIC MULTIMERCADO;02/07/2020;3,0936942
SPX NIMITZ FEEDER FIC MULTIMERCADO;03/07/2020;3,0936219
SPX NIMITZ FEEDER FIC MULTIMERCADO;06/07/2020;3,1074582
SPX NIMITZ FEEDER FIC MULTIMERCADO;07/07/2020;3,1023556
SPX NIMITZ FEEDER FIC MULTIMERCADO;08/07/2020;3,1166019
SPX NIMITZ FEEDER FIC MULTIMERCADO;09/07/2020;3,1178668
SPX NIMITZ FEEDER FIC MULTIMERCADO;10/07/2020;3,1169005
SPX NIMITZ FEEDER FIC MULTIMERCADO;13/07/2020;3,1177279
SPX NIMITZ FEEDER FIC MULTIMERCADO;14/07/2020;3,1117168
SPX NIMITZ FEEDER FIC MULTIMERCADO;15/07/2020;3,1199209
SPX NIMITZ FEEDER FIC MULTIMERCADO;16/07/2020;3,1062146
SPX NIMITZ FEEDER FIC MULTIMERCADO;17/07/2020;3,1170566
SPX NIMITZ FEEDER FIC MULTIMERCADO;20/07/2020;3,1094496
SPX NIMITZ FEEDER FIC MULTIMERCADO;21/07/2020;3,1059783
SPX NIMITZ FEEDER FIC MULTIMERCADO;22/07/2020;3,104939
SPX NIMITZ FEEDER FIC MULTIMERCADO;23/07/2020;3,1070168
SPX NIMITZ FEEDER FIC MULTIMERCADO;24/07/2020;3,1062056
SPX NIMITZ FEEDER FIC MULTIMERCADO;27/07/2020;3,1178682
SPX NIMITZ FEEDER FIC MULTIMERCADO;28/07/2020;3,1145736
SPX NIMITZ FEEDER FIC MULTIMERCADO;29/07/2020;3,1199023
SPX NIMITZ FEEDER FIC MULTIMERCADO;30/07/2020;3,1205447
SPX NIMITZ FEEDER FIC MULTIMERCADO;31/07/2020;3,1295709
SPX NIMITZ FEEDER FIC MULTIMERCADO;03/08/2020;3,1423109
SPX NIMITZ FEEDER FIC MULTIMERCADO;04/08/2020;3,1459897
SPX NIMITZ FEEDER FIC MULTIMERCADO;05/08/2020;3,1642023
SPX NIMITZ FEEDER FIC MULTIMERCADO;06/08/2020;3,1643747
SPX NIMITZ FEEDER FIC MULTIMERCADO;07/08/2020;3,16765
SPX NIMITZ FEEDER FIC MULTIMERCADO;10/08/2020;3,1606641
SPX NIMITZ FEEDER FIC MULTIMERCADO;11/08/2020;3,1409517
SPX NIMITZ FEEDER FIC MULTIMERCADO;12/08/2020;3,1598
SPX NIMITZ FEEDER FIC MULTIMERCADO;13/08/2020;3,1601351
SPX NIMITZ FEEDER FIC MULTIMERCADO;14/08/2020;3,1718823
SPX NIMITZ FEEDER FIC MULTIMERCADO;17/08/2020;3,1777993
SPX NIMITZ FEEDER FIC MULTIMERCADO;18/08/2020;3,1879857
SPX NIMITZ FEEDER FIC MULTIMERCADO;19/08/2020;3,1730596
SPX NIMITZ FEEDER FIC MULTIMERCADO;20/08/2020;3,1727049
SPX NIMITZ FEEDER FIC MULTIMERCADO;21/08/2020;3,1682589
SPX NIMITZ FEEDER FIC MULTIMERCADO;24/08/2020;3,1614604
SPX NIMITZ FEEDER FIC MULTIMERCADO;25/08/2020;3,162255
SPX NIMITZ FEEDER FIC MULTIMERCADO;26/08/2020;3,1744084
SPX NIMITZ FEEDER FIC MULTIMERCADO;27/08/2020;3,1816515
SPX NIMITZ FEEDER FIC MULTIMERCADO;28/08/2020;3,1832351
SPX NIMITZ FEEDER FIC MULTIMERCADO;31/08/2020;3,1792249
SPX NIMITZ FEEDER FIC MULTIMERCADO;01/09/2020;3,1679237
SPX NIMITZ FEEDER FIC MULTIMERCADO;02/09/2020;3,1643687
SPX NIMITZ FEEDER FIC MULTIMERCADO;03/09/2020;3,1529287
SPX NIMITZ FEEDER FIC MULTIMERCADO;04/09/2020;3,1610368
SPX NIMITZ FEEDER FIC MULTIMERCADO;08/09/2020;3,1520727
SPX NIMITZ FEEDER FIC MULTIMERCADO;09/09/2020;3,1507574
SPX NIMITZ FEEDER FIC MULTIMERCADO;10/09/2020;3,1550933
SPX NIMITZ FEEDER FIC MULTIMERCADO;11/09/2020;3,161837
SPX NIMITZ FEEDER FIC MULTIMERCADO;14/09/2020;3,1666644
SPX NIMITZ FEEDER FIC MULTIMERCADO;15/09/2020;3,1704023
SPX NIMITZ FEEDER FIC MULTIMERCADO;16/09/2020;3,1719769
SPX NIMITZ FEEDER FIC MULTIMERCADO;17/09/2020;3,1631274
SPX NIMITZ FEEDER FIC MULTIMERCADO;18/09/2020;3,1686286
SPX NIMITZ FEEDER FIC MULTIMERCADO;21/09/2020;3,1544657
SPX NIMITZ FEEDER FIC MULTIMERCADO;22/09/2020;3,1660289
SPX NIMITZ FEEDER FIC MULTIMERCADO;23/09/2020;3,1692489
SPX NIMITZ FEEDER FIC MULTIMERCADO;24/09/2020;3,1556144
SPX NIMITZ FEEDER FIC MULTIMERCADO;25/09/2020;3,15794
SPX NIMITZ FEEDER FIC MULTIMERCADO;28/09/2020;3,1808402
SPX NIMITZ FEEDER FIC MULTIMERCADO;29/09/2020;3,1835906
SPX NIMITZ FEEDER FIC MULTIMERCADO;30/09/2020;3,1741538
SPX NIMITZ FEEDER FIC MULTIMERCADO;01/10/2020;3,1859589
SPX NIMITZ FEEDER FIC MULTIMERCADO;02/10/2020;3,2033586
SPX NIMITZ FEEDER FIC MULTIMERCADO;05/10/2020;3,2012594
SPX NIMITZ FEEDER FIC MULTIMERCADO;06/10/2020;3,2107089
SPX NIMITZ FEEDER FIC MULTIMERCADO;07/10/2020;3,2131208
SPX NIMITZ FEEDER FIC MULTIMERCADO;08/10/2020;3,206166
SPX NIMITZ FEEDER FIC MULTIMERCADO;09/10/2020;3,2139217
SPX NIMITZ FEEDER FIC MULTIMERCADO;13/10/2020;3,203316
SPX NIMITZ FEEDER FIC MULTIMERCADO;14/10/2020;3,1977695
SPX NIMITZ FEEDER FIC MULTIMERCADO;15/10/2020;3,1961969
SPX NIMITZ FEEDER FIC MULTIMERCADO;16/10/2020;3,210178
SPX NIMITZ FEEDER FIC MULTIMERCADO;19/10/2020;3,1996616
SPX NIMITZ FEEDER FIC MULTIMERCADO;20/10/2020;3,2050796
SPX NIMITZ FEEDER FIC MULTIMERCADO;21/10/2020;3,2204887
SPX NIMITZ FEEDER FIC MULTIMERCADO;22/10/2020;3,221202
SPX NIMITZ FEEDER FIC MULTIMERCADO;23/10/2020;3,2313692
SPX NIMITZ FEEDER FIC MULTIMERCADO;26/10/2020;3,2207339
SPX NIMITZ FEEDER FIC MULTIMERCADO;27/10/2020;3,2187225
SPX NIMITZ FEEDER FIC MULTIMERCADO;28/10/2020;3,2204619
SPX NIMITZ FEEDER FIC MULTIMERCADO;29/10/2020;3,2160409
SPX NIMITZ FEEDER FIC MULTIMERCADO;30/10/2020;3,2255956
SPX NIMITZ FEEDER FIC MULTIMERCADO;03/11/2020;3,235334
SPX NIMITZ FEEDER FIC MULTIMERCADO;04/11/2020;3,2129373
SPX NIMITZ FEEDER FIC MULTIMERCADO;05/11/2020;3,2247657
SPX NIMITZ FEEDER FIC MULTIMERCADO;06/11/2020;3,2343808
SPX NIMITZ FEEDER FIC MULTIMERCADO;09/11/2020;3,2267431
SPX NIMITZ FEEDER FIC MULTIMERCADO;10/11/2020;3,2328037
SPX NIMITZ FEEDER FIC MULTIMERCADO;11/11/2020;3,2320973
SPX NIMITZ FEEDER FIC MULTIMERCADO;12/11/2020;3,2066564
SPX NIMITZ FEEDER FIC MULTIMERCADO;13/11/2020;3,2062262
SPX NIMITZ FEEDER FIC MULTIMERCADO;16/11/2020;3,202368
SPX NIMITZ FEEDER FIC MULTIMERCADO;17/11/2020;3,1879057
SPX NIMITZ FEEDER FIC MULTIMERCADO;18/11/2020;3,184102
SPX NIMITZ FEEDER FIC MULTIMERCADO;19/11/2020;3,1771228
SPX NIMITZ FEEDER FIC MULTIMERCADO;20/11/2020;3,1781168
SPX NIMITZ FEEDER FIC MULTIMERCADO;23/11/2020;3,1882489
SPX NIMITZ FEEDER FIC MULTIMERCADO;24/11/2020;3,1951933
SPX NIMITZ FEEDER FIC MULTIMERCADO;25/11/2020;3,1760725
SPX NIMITZ FEEDER FIC MULTIMERCADO;26/11/2020;3,1697947
SPX NIMITZ FEEDER FIC MULTIMERCADO;27/11/2020;3,1748142
SPX NIMITZ FEEDER FIC MULTIMERCADO;30/11/2020;3,175205
SPX NIMITZ FEEDER FIC MULTIMERCADO;01/12/2020;3,1787858
SPX NIMITZ FEEDER FIC MULTIMERCADO;02/12/2020;3,1748618
SPX NIMITZ FEEDER FIC MULTIMERCADO;03/12/2020;3,1832942
SPX NIMITZ FEEDER FIC MULTIMERCADO;04/12/2020;3,2046671
SPX NIMITZ FEEDER FIC MULTIMERCADO;07/12/2020;3,1898794
SPX NIMITZ FEEDER FIC MULTIMERCADO;08/12/2020;3,1840672
SPX NIMITZ FEEDER FIC MULTIMERCADO;09/12/2020;3,1773055
SPX NIMITZ FEEDER FIC MULTIMERCADO;10/12/2020;3,1879249
SPX NIMITZ FEEDER FIC MULTIMERCADO;11/12/2020;3,1810439
SPX NIMITZ FEEDER FIC MULTIMERCADO;14/12/2020;3,1877393
SPX NIMITZ FEEDER FIC MULTIMERCADO;15/12/2020;3,194895
SPX NIMITZ FEEDER FIC MULTIMERCADO;16/12/2020;3,2052693
SPX NIMITZ FEEDER FIC MULTIMERCADO;17/12/2020;3,2220429
SPX NIMITZ FEEDER FIC MULTIMERCADO;18/12/2020;3,2233598
SPX NIMITZ FEEDER FIC MULTIMERCADO;21/12/2020;3,2124626
SPX NIMITZ FEEDER FIC MULTIMERCADO;22/12/2020;3,1957605
SPX NIMITZ FEEDER FIC MULTIMERCADO;23/12/2020;3,2165905
SPX NIMITZ FEEDER FIC MULTIMERCADO;24/12/2020;3,2176233
SPX NIMITZ FEEDER FIC MULTIMERCADO;28/12/2020;3,2254595
SPX NIMITZ FEEDER FIC MULTIMERCADO;29/12/2020;3,2387489
SPX NIMITZ FEEDER FIC MULTIMERCADO;30/12/2020;3,2497409
SPX NIMITZ FEEDER FIC MULTIMERCADO;31/12/2020;3,2507677
SPX NIMITZ FEEDER FIC MULTIMERCADO;04/01/2021;3,2495085
SPX NIMITZ FEEDER FIC MULTIMERCADO;05/01/2021;3,2691648
SPX NIMITZ FEEDER FIC MULTIMERCADO;06/01/2021;3,2837648
SPX NIMITZ FEEDER FIC MULTIMERCADO;07/01/2021;3,284491
SPX NIMITZ FEEDER FIC MULTIMERCADO;08/01/2021;3,2924532
SPX NIMITZ FEEDER FIC MULTIMERCADO;11/01/2021;3,2796437
SPX NIMITZ FEEDER FIC MULTIMERCADO;12/01/2021;3,2935436
SPX NIMITZ FEEDER FIC MULTIMERCADO;13/01/2021;3,2865153
SPX NIMITZ FEEDER FIC MULTIMERCADO;14/01/2021;3,300332
SPX NIMITZ FEEDER FIC MULTIMERCADO;15/01/2021;3,2904549
SPX NIMITZ FEEDER FIC MULTIMERCADO;18/01/2021;3,2804629
SPX NIMITZ FEEDER FIC MULTIMERCADO;19/01/2021;3,2731142
SPX NIMITZ FEEDER FIC MULTIMERCADO;20/01/2021;3,2798899
SPX NIMITZ FEEDER FIC MULTIMERCADO;21/01/2021;3,2832836
SPX NIMITZ FEEDER FIC MULTIMERCADO;22/01/2021;3,2562496
SPX NIMITZ FEEDER FIC MULTIMERCADO;25/01/2021;3,2565249
SPX NIMITZ FEEDER FIC MULTIMERCADO;26/01/2021;3,2439546
SPX NIMITZ FEEDER FIC MULTIMERCADO;27/01/2021;3,2316102
SPX NIMITZ FEEDER FIC MULTIMERCADO;28/01/2021;3,2299532
SPX NIMITZ FEEDER FIC MULTIMERCADO;29/01/2021;3,228854
SPX NIMITZ FEEDER FIC MULTIMERCADO;01/02/2021;3,2566268
SPX NIMITZ FEEDER FIC MULTIMERCADO;02/02/2021;3,2706458
SPX NIMITZ FEEDER FIC MULTIMERCADO;03/02/2021;3,284561
SPX NIMITZ FEEDER FIC MULTIMERCADO;04/02/2021;3,29649
SPX NIMITZ FEEDER FIC MULTIMERCADO;05/02/2021;3,3168311
SPX NIMITZ FEEDER FIC MULTIMERCADO;08/02/2021;3,3242204
SPX NIMITZ FEEDER FIC MULTIMERCADO;09/02/2021;3,3172807
SPX NIMITZ FEEDER FIC MULTIMERCADO;10/02/2021;3,3092673
SPX NIMITZ FEEDER FIC MULTIMERCADO;11/02/2021;3,3124139
SPX NIMITZ FEEDER FIC MULTIMERCADO;12/02/2021;3,3333307
SPX NIMITZ FEEDER FIC MULTIMERCADO;17/02/2021;3,3781767
SPX NIMITZ FEEDER FIC MULTIMERCADO;18/02/2021;3,3837268
SPX NIMITZ FEEDER FIC MULTIMERCADO;19/02/2021;3,4076151
SPX NIMITZ FEEDER FIC MULTIMERCADO;22/02/2021;3,4037042
SPX NIMITZ FEEDER FIC MULTIMERCADO;23/02/2021;3,4051794
SPX NIMITZ FEEDER FIC MULTIMERCADO;24/02/2021;3,4125511
SPX NIMITZ FEEDER FIC MULTIMERCADO;25/02/2021;3,4173757
SPX NIMITZ FEEDER FIC MULTIMERCADO;26/02/2021;3,403466
SPX NIMITZ FEEDER FIC MULTIMERCADO;01/03/2021;3,3976205
SPX NIMITZ FEEDER FIC MULTIMERCADO;02/03/2021;3,3913473
SPX NIMITZ FEEDER FIC MULTIMERCADO;03/03/2021;3,4196345
SPX NIMITZ FEEDER FIC MULTIMERCADO;04/03/2021;3,4476799
SPX NIMITZ FEEDER FIC MULTIMERCADO;05/03/2021;3,48578
SPX NIMITZ FEEDER FIC MULTIMERCADO;08/03/2021;3,4811949
SPX NIMITZ FEEDER FIC MULTIMERCADO;09/03/2021;3,4490299
SPX NIMITZ FEEDER FIC MULTIMERCADO;10/03/2021;3,4365968
SPX NIMITZ FEEDER FIC MULTIMERCADO;11/03/2021;3,4500977
SPX NIMITZ FEEDER FIC MULTIMERCADO;12/03/2021;3,472237
SPX NIMITZ FEEDER FIC MULTIMERCADO;15/03/2021;3,4649192
SPX NIMITZ FEEDER FIC MULTIMERCADO;16/03/2021;3,4576337
SPX NIMITZ FEEDER FIC MULTIMERCADO;17/03/2021;3,471912
SPX NIMITZ FEEDER FIC MULTIMERCADO;18/03/2021;3,4789486
SPX NIMITZ FEEDER FIC MULTIMERCADO;19/03/2021;3,4705259
SPX NIMITZ FEEDER FIC MULTIMERCADO;22/03/2021;3,4487188
SPX NIMITZ FEEDER FIC MULTIMERCADO;23/03/2021;3,4342374
SPX NIMITZ FEEDER FIC MULTIMERCADO;24/03/2021;3,4414248
SPX NIMITZ FEEDER FIC MULTIMERCADO;25/03/2021;3,4405252
SPX NIMITZ FEEDER FIC MULTIMERCADO;26/03/2021;3,4630396
SPX NIMITZ FEEDER FIC MULTIMERCADO;29/03/2021;3,4693073
SPX NIMITZ FEEDER FIC MULTIMERCADO;30/03/2021;3,4914825
SPX NIMITZ FEEDER FIC MULTIMERCADO;31/03/2021;3,4908374
SPX NIMITZ FEEDER FIC MULTIMERCADO;01/04/2021;3,4793396
SPX NIMITZ FEEDER FIC MULTIMERCADO;05/04/2021;3,4727195
SPX NIMITZ FEEDER FIC MULTIMERCADO;06/04/2021;3,4616084
SPX NIMITZ FEEDER FIC MULTIMERCADO;07/04/2021;3,4586088
SPX NIMITZ FEEDER FIC MULTIMERCADO;08/04/2021;3,4492888
SPX NIMITZ FEEDER FIC MULTIMERCADO;09/04/2021;3,4582929
SPX NIMITZ FEEDER FIC MULTIMERCADO;12/04/2021;3,4508416
SPX NIMITZ FEEDER FIC MULTIMERCADO;13/04/2021;3,4310094
SPX NIMITZ FEEDER FIC MULTIMERCADO;14/04/2021;3,4431087
SPX NIMITZ FEEDER FIC MULTIMERCADO;15/04/2021;3,4190641
SPX NIMITZ FEEDER FIC MULTIMERCADO;16/04/2021;3,4255717
SPX NIMITZ FEEDER FIC MULTIMERCADO;19/04/2021;3,4306837
SPX NIMITZ FEEDER FIC MULTIMERCADO;20/04/2021;3,4165353
SPX NIMITZ FEEDER FIC MULTIMERCADO;22/04/2021;3,4297207
SPX NIMITZ FEEDER FIC MULTIMERCADO;23/04/2021;3,4404954
SPX NIMITZ FEEDER FIC MULTIMERCADO;26/04/2021;3,4532546
SPX NIMITZ FEEDER FIC MULTIMERCADO;27/04/2021;3,4672964
SPX NIMITZ FEEDER FIC MULTIMERCADO;28/04/2021;3,473356
SPX NIMITZ FEEDER FIC MULTIMERCADO;29/04/2021;3,4877717
SPX NIMITZ FEEDER FIC MULTIMERCADO;30/04/2021;3,4888229
SPX NIMITZ FEEDER FIC MULTIMERCADO;03/05/2021;3,4857559
SPX NIMITZ FEEDER FIC MULTIMERCADO;04/05/2021;3,4858723
SPX NIMITZ FEEDER FIC MULTIMERCADO;05/05/2021;3,4777754
SPX NIMITZ FEEDER FIC MULTIMERCADO;06/05/2021;3,4682041
SPX NIMITZ FEEDER FIC MULTIMERCADO;07/05/2021;3,4725008
SPX NIMITZ FEEDER FIC MULTIMERCADO;10/05/2021;3,4679582
SPX NIMITZ FEEDER FIC MULTIMERCADO;11/05/2021;3,4776502
SPX NIMITZ FEEDER FIC MULTIMERCADO;12/05/2021;3,4828056
SPX NIMITZ FEEDER FIC MULTIMERCADO;13/05/2021;3,473466
SPX NIMITZ FEEDER FIC MULTIMERCADO;14/05/2021;3,4706298
SPX NIMITZ FEEDER FIC MULTIMERCADO;17/05/2021;3,477637
SPX NIMITZ FEEDER FIC MULTIMERCADO;18/05/2021;3,4748446
SPX NIMITZ FEEDER FIC MULTIMERCADO;19/05/2021;3,4590775
SPX NIMITZ FEEDER FIC MULTIMERCADO;20/05/2021;3,4680005
SPX NIMITZ FEEDER FIC MULTIMERCADO;21/05/2021;3,4620716
SPX NIMITZ FEEDER FIC MULTIMERCADO;24/05/2021;3,4646199
SPX NIMITZ FEEDER FIC MULTIMERCADO;25/05/2021;3,4473916
SPX NIMITZ FEEDER FIC MULTIMERCADO;26/05/2021;3,443328
SPX NIMITZ FEEDER FIC MULTIMERCADO;27/05/2021;3,4649919
SPX NIMITZ FEEDER FIC MULTIMERCADO;28/05/2021;3,465778
SPX NIMITZ FEEDER FIC MULTIMERCADO;31/05/2021;3,4687728
SPX NIMITZ FEEDER FIC MULTIMERCADO;01/06/2021;3,4741043
SPX NIMITZ FEEDER FIC MULTIMERCADO;02/06/2021;3,4689307
SPX NIMITZ FEEDER FIC MULTIMERCADO;04/06/2021;3,4703943
SPX NIMITZ FEEDER FIC MULTIMERCADO;07/06/2021;3,4690264
SPX NIMITZ FEEDER FIC MULTIMERCADO;08/06/2021;3,4570735
SPX NIMITZ FEEDER FIC MULTIMERCADO;09/06/2021;3,4506328
SPX NIMITZ FEEDER FIC MULTIMERCADO;10/06/2021;3,4431372
SPX NIMITZ FEEDER FIC MULTIMERCADO;11/06/2021;3,4333264
SPX NIMITZ FEEDER FIC MULTIMERCADO;14/06/2021;3,4411961
SPX NIMITZ FEEDER FIC MULTIMERCADO;15/06/2021;3,4485821
SPX NIMITZ FEEDER FIC MULTIMERCADO;16/06/2021;3,458599
SPX NIMITZ FEEDER FIC MULTIMERCADO;17/06/2021;3,4517004
SPX NIMITZ FEEDER FIC MULTIMERCADO;18/06/2021;3,4488334
SPX NIMITZ FEEDER FIC MULTIMERCADO;21/06/2021;3,4615609
SPX NIMITZ FEEDER FIC MULTIMERCADO;22/06/2021;3,4557757
SPX NIMITZ FEEDER FIC MULTIMERCADO;23/06/2021;3,4509905
SPX NIMITZ FEEDER FIC MULTIMERCADO;24/06/2021;3,456498
SPX NIMITZ FEEDER FIC MULTIMERCADO;25/06/2021;3,4781146
SPX NIMITZ FEEDER FIC MULTIMERCADO;28/06/2021;3,4711381
SPX NIMITZ FEEDER FIC MULTIMERCADO;29/06/2021;3,4780241
SPX NIMITZ FEEDER FIC MULTIMERCADO;30/06/2021;3,479258
SPX NIMITZ FEEDER FIC MULTIMERCADO;01/07/2021;3,4870029
SPX NIMITZ FEEDER FIC MULTIMERCADO;02/07/2021;3,4811389
SPX NIMITZ FEEDER FIC MULTIMERCADO;05/07/2021;3,4830094
SPX NIMITZ FEEDER FIC MULTIMERCADO;06/07/2021;3,4523197
SPX NIMITZ FEEDER FIC MULTIMERCADO;07/07/2021;3,4423087
SPX NIMITZ FEEDER FIC MULTIMERCADO;08/07/2021;3,4300399
SPX NIMITZ FEEDER FIC MULTIMERCADO;09/07/2021;3,4306924
SPX NIMITZ FEEDER FIC MULTIMERCADO;12/07/2021;3,440414
SPX NIMITZ FEEDER FIC MULTIMERCADO;13/07/2021;3,4489484
SPX NIMITZ FEEDER FIC MULTIMERCADO;14/07/2021;3,4347425
SPX NIMITZ FEEDER FIC MULTIMERCADO;15/07/2021;3,4348098
SPX NIMITZ FEEDER FIC MULTIMERCADO;16/07/2021;3,4323221
SPX NIMITZ FEEDER FIC MULTIMERCADO;19/07/2021;3,3968609
SPX NIMITZ FEEDER FIC MULTIMERCADO;20/07/2021;3,3914871
SPX NIMITZ FEEDER FIC MULTIMERCADO;21/07/2021;3,4094991
SPX NIMITZ FEEDER FIC MULTIMERCADO;22/07/2021;3,4043116
SPX NIMITZ FEEDER FIC MULTIMERCADO;23/07/2021;3,3969783
SPX NIMITZ FEEDER FIC MULTIMERCADO;26/07/2021;3,3918659
SPX NIMITZ FEEDER FIC MULTIMERCADO;27/07/2021;3,387411
SPX NIMITZ FEEDER FIC MULTIMERCADO;28/07/2021;3,3867273
SPX NIMITZ FEEDER FIC MULTIMERCADO;29/07/2021;3,3912947
SPX NIMITZ FEEDER FIC MULTIMERCADO;30/07/2021;3,3792406
SPX NIMITZ FEEDER FIC MULTIMERCADO;02/08/2021;3,3695302
SPX NIMITZ FEEDER FIC MULTIMERCADO;03/08/2021;3,3712949
SPX NIMITZ FEEDER FIC MULTIMERCADO;04/08/2021;3,3612849
SPX NIMITZ FEEDER FIC MULTIMERCADO;05/08/2021;3,3609251
SPX NIMITZ FEEDER FIC MULTIMERCADO;06/08/2021;3,3908252
SPX NIMITZ FEEDER FIC MULTIMERCADO;09/08/2021;3,3889578
SPX NIMITZ FEEDER FIC MULTIMERCADO;10/08/2021;3,3984003
SPX NIMITZ FEEDER FIC MULTIMERCADO;11/08/2021;3,3954223
SPX NIMITZ FEEDER FIC MULTIMERCADO;12/08/2021;3,3966579
SPX NIMITZ FEEDER FIC MULTIMERCADO;13/08/2021;3,3797734
SPX NIMITZ FEEDER FIC MULTIMERCADO;16/08/2021;3,3768566
SPX NIMITZ FEEDER FIC MULTIMERCADO;17/08/2021;3,3810094
SPX NIMITZ FEEDER FIC MULTIMERCADO;18/08/2021;3,3752219
SPX NIMITZ FEEDER FIC MULTIMERCADO;19/08/2021;3,3767983
SPX NIMITZ FEEDER FIC MULTIMERCADO;20/08/2021;3,3752035
SPX NIMITZ FEEDER FIC MULTIMERCADO;23/08/2021;3,3736657
SPX NIMITZ FEEDER FIC MULTIMERCADO;24/08/2021;3,3759467
SPX NIMITZ FEEDER FIC MULTIMERCADO;25/08/2021;3,3861131
SPX NIMITZ FEEDER FIC MULTIMERCADO;26/08/2021;3,3943758
SPX NIMITZ FEEDER FIC MULTIMERCADO;27/08/2021;3,3826645
SPX NIMITZ FEEDER FIC MULTIMERCADO;30/08/2021;3,3784791
SPX NIMITZ FEEDER FIC MULTIMERCADO;31/08/2021;3,3892979
SPX NIMITZ FEEDER FIC MULTIMERCADO;01/09/2021;3,3850115
SPX NIMITZ FEEDER FIC MULTIMERCADO;02/09/2021;3,3828609
SPX NIMITZ FEEDER FIC MULTIMERCADO;03/09/2021;3,3865644
SPX NIMITZ FEEDER FIC MULTIMERCADO;06/09/2021;3,3824571
SPX NIMITZ FEEDER FIC MULTIMERCADO;08/09/2021;3,3992026
SPX NIMITZ FEEDER FIC MULTIMERCADO;09/09/2021;3,4051433
SPX NIMITZ FEEDER FIC MULTIMERCADO;10/09/2021;3,4043088
SPX NIMITZ FEEDER FIC MULTIMERCADO;13/09/2021;3,3999652
SPX NIMITZ FEEDER FIC MULTIMERCADO;14/09/2021;3,3912692
SPX NIMITZ FEEDER FIC MULTIMERCADO;15/09/2021;3,3911196
SPX NIMITZ FEEDER FIC MULTIMERCADO;16/09/2021;3,4058766
SPX NIMITZ FEEDER FIC MULTIMERCADO;17/09/2021;3,4272634
SPX NIMITZ FEEDER FIC MULTIMERCADO;20/09/2021;3,4069817
SPX NIMITZ FEEDER FIC MULTIMERCADO;21/09/2021;3,4046815
SPX NIMITZ FEEDER FIC MULTIMERCADO;22/09/2021;3,4151056
SPX NIMITZ FEEDER FIC MULTIMERCADO;23/09/2021;3,4407751
SPX NIMITZ FEEDER FIC MULTIMERCADO;24/09/2021;3,4608258
SPX NIMITZ FEEDER FIC MULTIMERCADO;27/09/2021;3,4716335
SPX NIMITZ FEEDER FIC MULTIMERCADO;28/09/2021;3,4992512
SPX NIMITZ FEEDER FIC MULTIMERCADO;29/09/2021;3,5085897
SPX NIMITZ FEEDER FIC MULTIMERCADO;30/09/2021;3,5043843
SPX NIMITZ FEEDER FIC MULTIMERCADO;01/10/2021;3,4955959
SPX NIMITZ FEEDER FIC MULTIMERCADO;04/10/2021;3,5067232
SPX NIMITZ FEEDER FIC MULTIMERCADO;05/10/2021;3,517902
SPX NIMITZ FEEDER FIC MULTIMERCADO;06/10/2021;3,5269801
SPX NIMITZ FEEDER FIC MULTIMERCADO;07/10/2021;3,5381942
SPX NIMITZ FEEDER FIC MULTIMERCADO;08/10/2021;3,5512284
SPX NIMITZ FEEDER FIC MULTIMERCADO;11/10/2021;3,5740195
SPX NIMITZ FEEDER FIC MULTIMERCADO;13/10/2021;3,5255369
SPX NIMITZ FEEDER FIC MULTIMERCADO;14/10/2021;3,5157044
SPX NIMITZ FEEDER FIC MULTIMERCADO;15/10/2021;3,5321556
SPX NIMITZ FEEDER FIC MULTIMERCADO;18/10/2021;3,5589366
SPX NIMITZ FEEDER FIC MULTIMERCADO;19/10/2021;3,5626479
SPX NIMITZ FEEDER FIC MULTIMERCADO;20/10/2021;3,5535888
SPX NIMITZ FEEDER FIC MULTIMERCADO;21/10/2021;3,5874252
SPX NIMITZ FEEDER FIC MULTIMERCADO;22/10/2021;3,5727351
SPX NIMITZ FEEDER FIC MULTIMERCADO;25/10/2021;3,5573828
SPX NIMITZ FEEDER FIC MULTIMERCADO;26/10/2021;3,5574563
SPX NIMITZ FEEDER FIC MULTIMERCADO;27/10/2021;3,5232474
SPX NIMITZ FEEDER FIC MULTIMERCADO;28/10/2021;3,5411866
SPX NIMITZ FEEDER FIC MULTIMERCADO;29/10/2021;3,5639958
SPX NIMITZ FEEDER FIC MULTIMERCADO;01/11/2021;3,5768574
SPX NIMITZ FEEDER FIC MULTIMERCADO;03/11/2021;3,5784665
SPX NIMITZ FEEDER FIC MULTIMERCADO;04/11/2021;3,5632806
SPX NIMITZ FEEDER FIC MULTIMERCADO;05/11/2021;3,5291585
SPX NIMITZ FEEDER FIC MULTIMERCADO;08/11/2021;3,5177208
SPX NIMITZ FEEDER FIC MULTIMERCADO;09/11/2021;3,4916345
SPX NIMITZ FEEDER FIC MULTIMERCADO;10/11/2021;3,5362143
SPX NIMITZ FEEDER FIC MULTIMERCADO;11/11/2021;3,5489687
SPX NIMITZ FEEDER FIC MULTIMERCADO;12/11/2021;3,5604955
SPX NIMITZ FEEDER FIC MULTIMERCADO;16/11/2021;3,5834391
SPX NIMITZ FEEDER FIC MULTIMERCADO;17/11/2021;3,581248
SPX NIMITZ FEEDER FIC MULTIMERCADO;18/11/2021;3,5792431
SPX NIMITZ FEEDER FIC MULTIMERCADO;19/11/2021;3,5874612
SPX NIMITZ FEEDER FIC MULTIMERCADO;22/11/2021;3,6255575
SPX NIMITZ FEEDER FIC MULTIMERCADO;23/11/2021;3,6444885
SPX NIMITZ FEEDER FIC MULTIMERCADO;24/11/2021;3,6440611
SPX NIMITZ FEEDER FIC MULTIMERCADO;25/11/2021;3,6397837
SPX NIMITZ FEEDER FIC MULTIMERCADO;26/11/2021;3,5909934
SPX NIMITZ FEEDER FIC MULTIMERCADO;29/11/2021;3,5892689
SPX NIMITZ FEEDER FIC MULTIMERCADO;30/11/2021;3,5679494
SPX NIMITZ FEEDER FIC MULTIMERCADO;01/12/2021;3,5730999
SPX NIMITZ FEEDER FIC MULTIMERCADO;02/12/2021;3,5722706
SPX NIMITZ FEEDER FIC MULTIMERCADO;03/12/2021;3,566852
SPX NIMITZ FEEDER FIC MULTIMERCADO;06/12/2021;3,5708452
SPX NIMITZ FEEDER FIC MULTIMERCADO;07/12/2021;3,5677549
SPX NIMITZ FEEDER FIC MULTIMERCADO;08/12/2021;3,5595375
SPX NIMITZ FEEDER FIC MULTIMERCADO;09/12/2021;3,5596388
SPX NIMITZ FEEDER FIC MULTIMERCADO;10/12/2021;3,5636
SPX NIMITZ FEEDER FIC MULTIMERCADO;13/12/2021;3,5593353
SPX NIMITZ FEEDER FIC MULTIMERCADO;14/12/2021;3,5829737
SPX NIMITZ FEEDER FIC MULTIMERCADO;15/12/2021;3,5940043
SPX NIMITZ FEEDER FIC MULTIMERCADO;16/12/2021;3,5763749
SPX NIMITZ FEEDER FIC MULTIMERCADO;17/12/2021;3,5807973
SPX NIMITZ FEEDER FIC MULTIMERCADO;20/12/2021;3,5756321
SPX NIMITZ FEEDER FIC MULTIMERCADO;21/12/2021;3,5906309
SPX NIMITZ FEEDER FIC MULTIMERCADO;22/12/2021;3,5932337
SPX NIMITZ FEEDER FIC MULTIMERCADO;23/12/2021;3,6084117
SPX NIMITZ FEEDER FIC MULTIMERCADO;24/12/2021;3,6090978
SPX NIMITZ FEEDER FIC MULTIMERCADO;27/12/2021;3,6047868
SPX NIMITZ FEEDER FIC MULTIMERCADO;28/12/2021;3,6140575
SPX NIMITZ FEEDER FIC MULTIMERCADO;29/12/2021;3,6241857
SPX NIMITZ FEEDER FIC MULTIMERCADO;30/12/2021;3,6304752
SPX NIMITZ FEEDER FIC MULTIMERCADO;31/12/2021;3,6315887
SPX NIMITZ FEEDER FIC MULTIMERCADO;03/01/2022;3,6481213
SPX NIMITZ FEEDER FIC MULTIMERCADO;04/01/2022;3,6762356
SPX NIMITZ FEEDER FIC MULTIMERCADO;05/01/2022;3,6815545
SPX NIMITZ FEEDER FIC MULTIMERCADO;06/01/2022;3,7059087
SPX NIMITZ FEEDER FIC MULTIMERCADO;07/01/2022;3,6997893
SPX NIMITZ FEEDER FIC MULTIMERCADO;10/01/2022;3,7206508
SPX NIMITZ FEEDER FIC MULTIMERCADO;11/01/2022;3,6871861
SPX NIMITZ FEEDER FIC MULTIMERCADO;12/01/2022;3,6679611
SPX NIMITZ FEEDER FIC MULTIMERCADO;13/01/2022;3,6537449
SPX NIMITZ FEEDER FIC MULTIMERCADO;14/01/2022;3,6775897
SPX NIMITZ FEEDER FIC MULTIMERCADO;17/01/2022;3,6922607
SPX NIMITZ FEEDER FIC MULTIMERCADO;18/01/2022;3,7258013
SPX NIMITZ FEEDER FIC MULTIMERCADO;19/01/2022;3,7086274
SPX NIMITZ FEEDER FIC MULTIMERCADO;20/01/2022;3,7046083
SPX NIMITZ FEEDER FIC MULTIMERCADO;21/01/2022;3,690197
SPX NIMITZ FEEDER FIC MULTIMERCADO;24/01/2022;3,6805634
SPX NIMITZ FEEDER FIC MULTIMERCADO;25/01/2022;3,6830611
SPX NIMITZ FEEDER FIC MULTIMERCADO;26/01/2022;3,7000693
SPX NIMITZ FEEDER FIC MULTIMERCADO;27/01/2022;3,7272568
SPX NIMITZ FEEDER FIC MULTIMERCADO;28/01/2022;3,7299683
SPX NIMITZ FEEDER FIC MULTIMERCADO;31/01/2022;3,7149184
SPX NIMITZ FEEDER FIC MULTIMERCADO;01/02/2022;3,7193333
SPX NIMITZ FEEDER FIC MULTIMERCADO;02/02/2022;3,7235402
SPX NIMITZ FEEDER FIC MULTIMERCADO;03/02/2022;3,7731992
SPX NIMITZ FEEDER FIC MULTIMERCADO;04/02/2022;3,8013224
SPX NIMITZ FEEDER FIC MULTIMERCADO;07/02/2022;3,807933
SPX NIMITZ FEEDER FIC MULTIMERCADO;08/02/2022;3,8023925
SPX NIMITZ FEEDER FIC MULTIMERCADO;09/02/2022;3,7831135
SPX NIMITZ FEEDER FIC MULTIMERCADO;10/02/2022;3,7961212
SPX NIMITZ FEEDER FIC MULTIMERCADO;11/02/2022;3,7985337
SPX NIMITZ FEEDER FIC MULTIMERCADO;14/02/2022;3,8089083
SPX NIMITZ FEEDER FIC MULTIMERCADO;15/02/2022;3,8017839
SPX NIMITZ FEEDER FIC MULTIMERCADO;16/02/2022;3,7980612
SPX NIMITZ FEEDER FIC MULTIMERCADO;17/02/2022;3,7806291
SPX NIMITZ FEEDER FIC MULTIMERCADO;18/02/2022;3,7731278
SPX NIMITZ FEEDER FIC MULTIMERCADO;21/02/2022;3,7819517
SPX NIMITZ FEEDER FIC MULTIMERCADO;22/02/2022;3,7947265
SPX NIMITZ FEEDER FIC MULTIMERCADO;23/02/2022;3,8207963
SPX NIMITZ FEEDER FIC MULTIMERCADO;24/02/2022;3,826622
SPX NIMITZ FEEDER FIC MULTIMERCADO;25/02/2022;3,8281447
SPX NIMITZ FEEDER FIC MULTIMERCADO;02/03/2022;3,8068035
SPX NIMITZ FEEDER FIC MULTIMERCADO;03/03/2022;3,8183444
SPX NIMITZ FEEDER FIC MULTIMERCADO;04/03/2022;3,8421043
SPX NIMITZ FEEDER FIC MULTIMERCADO;07/03/2022;3,8650565
SPX NIMITZ FEEDER FIC MULTIMERCADO;08/03/2022;3,8771699
SPX NIMITZ FEEDER FIC MULTIMERCADO;09/03/2022;3,8887251
SPX NIMITZ FEEDER FIC MULTIMERCADO;10/03/2022;3,9122484
SPX NIMITZ FEEDER FIC MULTIMERCADO;11/03/2022;3,9201442
SPX NIMITZ FEEDER FIC MULTIMERCADO;14/03/2022;3,9195287
SPX NIMITZ FEEDER FIC MULTIMERCADO;15/03/2022;3,9174898
SPX NIMITZ FEEDER FIC MULTIMERCADO;16/03/2022;3,9186857
SPX NIMITZ FEEDER FIC MULTIMERCADO;17/03/2022;3,9440807
SPX NIMITZ FEEDER FIC MULTIMERCADO;18/03/2022;3,9707957
SPX NIMITZ FEEDER FIC MULTIMERCADO;21/03/2022;4,0082299
SPX NIMITZ FEEDER FIC MULTIMERCADO;22/03/2022;4,0528226
SPX NIMITZ FEEDER FIC MULTIMERCADO;23/03/2022;4,0675512
SPX NIMITZ FEEDER FIC MULTIMERCADO;24/03/2022;4,1192683
SPX NIMITZ FEEDER FIC MULTIMERCADO;25/03/2022;4,1612865
SPX NIMITZ FEEDER FIC MULTIMERCADO;28/03/2022;4,1656288
SPX NIMITZ FEEDER FIC MULTIMERCADO;29/03/2022;4,1388704
SPX NIMITZ FEEDER FIC MULTIMERCADO;30/03/2022;4,121269
SPX NIMITZ FEEDER FIC MULTIMERCADO;31/03/2022;4,1091267
SPX NIMITZ FEEDER FIC MULTIMERCADO;01/04/2022;4,151737
SPX NIMITZ FEEDER FIC MULTIMERCADO;04/04/2022;4,1627583
SPX NIMITZ FEEDER FIC MULTIMERCADO;05/04/2022;4,1677068
SPX NIMITZ FEEDER FIC MULTIMERCADO;06/04/2022;4,1742933
SPX NIMITZ FEEDER FIC MULTIMERCADO;07/04/2022;4,1738626
SPX NIMITZ FEEDER FIC MULTIMERCADO;08/04/2022;4,2024836
SPX NIMITZ FEEDER FIC MULTIMERCADO;11/04/2022;4,1822306
SPX NIMITZ FEEDER FIC MULTIMERCADO;12/04/2022;4,1799483
SPX NIMITZ FEEDER FIC MULTIMERCADO;13/04/2022;4,1748613
SPX NIMITZ FEEDER FIC MULTIMERCADO;14/04/2022;4,1801154
SPX NIMITZ FEEDER FIC MULTIMERCADO;18/04/2022;4,1958549
SPX NIMITZ FEEDER FIC MULTIMERCADO;19/04/2022;4,2032771
SPX NIMITZ FEEDER FIC MULTIMERCADO;20/04/2022;4,198778
SPX NIMITZ FEEDER FIC MULTIMERCADO;22/04/2022;4,2213653
SPX NIMITZ FEEDER FIC MULTIMERCADO;25/04/2022;4,2246936
SPX NIMITZ FEEDER FIC MULTIMERCADO;26/04/2022;4,2144451
SPX NIMITZ FEEDER FIC MULTIMERCADO;27/04/2022;4,2408428
SPX NIMITZ FEEDER FIC MULTIMERCADO;28/04/2022;4,2600719
SPX NIMITZ FEEDER FIC MULTIMERCADO;29/04/2022;4,2544344
SPX NIMITZ FEEDER FIC MULTIMERCADO;02/05/2022;4,2589129
SPX NIMITZ FEEDER FIC MULTIMERCADO;03/05/2022;4,2579738
SPX NIMITZ FEEDER FIC MULTIMERCADO;04/05/2022;4,3233544
SPX NIMITZ FEEDER FIC MULTIMERCADO;05/05/2022;4,317146
SPX NIMITZ FEEDER FIC MULTIMERCADO;06/05/2022;4,3196921
SPX NIMITZ FEEDER FIC MULTIMERCADO;09/05/2022;4,3503793
SPX NIMITZ FEEDER FIC MULTIMERCADO;10/05/2022;4,3498916
SPX NIMITZ FEEDER FIC MULTIMERCADO;11/05/2022;4,3279755
SPX NIMITZ FEEDER FIC MULTIMERCADO;12/05/2022;4,3179011
SPX NIMITZ FEEDER FIC MULTIMERCADO;13/05/2022;4,31257
SPX NIMITZ FEEDER FIC MULTIMERCADO;16/05/2022;4,3204292
SPX NIMITZ FEEDER FIC MULTIMERCADO;17/05/2022;4,3189457
SPX NIMITZ FEEDER FIC MULTIMERCADO;18/05/2022;4,3353307
SPX NIMITZ FEEDER FIC MULTIMERCADO;19/05/2022;4,3214612
SPX NIMITZ FEEDER FIC MULTIMERCADO;20/05/2022;4,3288327
SPX NIMITZ FEEDER FIC MULTIMERCADO;23/05/2022;4,3185813
SPX NIMITZ FEEDER FIC MULTIMERCADO;24/05/2022;4,2926772
SPX NIMITZ FEEDER FIC MULTIMERCADO;25/05/2022;4,2880192
SPX NIMITZ FEEDER FIC MULTIMERCADO;26/05/2022;4,3025461
SPX NIMITZ FEEDER FIC MULTIMERCADO;27/05/2022;4,2984931
SPX NIMITZ FEEDER FIC MULTIMERCADO;30/05/2022;4,2791459
SPX NIMITZ FEEDER FIC MULTIMERCADO;31/05/2022;4,3131823
SPX NIMITZ FEEDER FIC MULTIMERCADO;01/06/2022;4,3213842
SPX NIMITZ FEEDER FIC MULTIMERCADO;02/06/2022;4,307985
SPX NIMITZ FEEDER FIC MULTIMERCADO;03/06/2022;4,3245748
SPX NIMITZ FEEDER FIC MULTIMERCADO;06/06/2022;4,3382181
SPX NIMITZ FEEDER FIC MULTIMERCADO;07/06/2022;4,337806
SPX NIMITZ FEEDER FIC MULTIMERCADO;08/06/2022;4,3611794
SPX NIMITZ FEEDER FIC MULTIMERCADO;09/06/2022;4,4057543
SPX NIMITZ FEEDER FIC MULTIMERCADO;10/06/2022;4,4557548
SPX NIMITZ FEEDER FIC MULTIMERCADO;13/06/2022;4,518977
SPX NIMITZ FEEDER FIC MULTIMERCADO;14/06/2022;4,5127073
SPX NIMITZ FEEDER FIC MULTIMERCADO;15/06/2022;4,5095204
SPX NIMITZ FEEDER FIC MULTIMERCADO;17/06/2022;4,4979069
SPX NIMITZ FEEDER FIC MULTIMERCADO;20/06/2022;4,5019672
SPX NIMITZ FEEDER FIC MULTIMERCADO;21/06/2022;4,5000258
SPX NIMITZ FEEDER FIC MULTIMERCADO;22/06/2022;4,4802446
SPX NIMITZ FEEDER FIC MULTIMERCADO;23/06/2022;4,4740472
SPX NIMITZ FEEDER FIC MULTIMERCADO;24/06/2022;4,4398147
SPX NIMITZ FEEDER FIC MULTIMERCADO;27/06/2022;4,4302897
SPX NIMITZ FEEDER FIC MULTIMERCADO;28/06/2022;4,4198581
SPX NIMITZ FEEDER FIC MULTIMERCADO;29/06/2022;4,4206129
SPX NIMITZ FEEDER FIC MULTIMERCADO;30/06/2022;4,4166041
SPX NIMITZ FEEDER FIC MULTIMERCADO;01/07/2022;4,4173553
SPX NIMITZ FEEDER FIC MULTIMERCADO;04/07/2022;4,408937
SPX NIMITZ FEEDER FIC MULTIMERCADO;05/07/2022;4,4376616
SPX NIMITZ FEEDER FIC MULTIMERCADO;06/07/2022;4,4345416
SPX NIMITZ FEEDER FIC MULTIMERCADO;07/07/2022;4,4432802
SPX NIMITZ FEEDER FIC MULTIMERCADO;08/07/2022;4,422474
SPX NIMITZ FEEDER FIC MULTIMERCADO;11/07/2022;4,4354301
SPX NIMITZ FEEDER FIC MULTIMERCADO;12/07/2022;4,4430723
SPX NIMITZ FEEDER FIC MULTIMERCADO;13/07/2022;4,4453144
SPX NIMITZ FEEDER FIC MULTIMERCADO;14/07/2022;4,4852859
SPX NIMITZ FEEDER FIC MULTIMERCADO;15/07/2022;4,4526617
SPX NIMITZ FEEDER FIC MULTIMERCADO;18/07/2022;4,4166357
SPX NIMITZ FEEDER FIC MULTIMERCADO;19/07/2022;4,3804789
SPX NIMITZ FEEDER FIC MULTIMERCADO;20/07/2022;4,396795
SPX NIMITZ FEEDER FIC MULTIMERCADO;21/07/2022;4,3943394
SPX NIMITZ FEEDER FIC MULTIMERCADO;22/07/2022;4,3924284
SPX NIMITZ FEEDER FIC MULTIMERCADO;25/07/2022;4,3824627
SPX NIMITZ FEEDER FIC MULTIMERCADO;26/07/2022;4,3928489
SPX NIMITZ FEEDER FIC MULTIMERCADO;27/07/2022;4,3797422
SPX NIMITZ FEEDER FIC MULTIMERCADO;28/07/2022;4,369185
SPX NIMITZ FEEDER FIC MULTIMERCADO;29/07/2022;4,3641511
SPX NIMITZ FEEDER FIC MULTIMERCADO;01/08/2022;4,3562492
SPX NIMITZ FEEDER FIC MULTIMERCADO;02/08/2022;4,3556082
SPX NIMITZ FEEDER FIC MULTIMERCADO;03/08/2022;4,3656032
SPX NIMITZ FEEDER FIC MULTIMERCADO;04/08/2022;4,3713126
SPX NIMITZ FEEDER FIC MULTIMERCADO;05/08/2022;4,3888094
SPX NIMITZ FEEDER FIC MULTIMERCADO;08/08/2022;4,3860392
SPX NIMITZ FEEDER FIC MULTIMERCADO;09/08/2022;4,3877922
SPX NIMITZ FEEDER FIC MULTIMERCADO;10/08/2022;4,3437769
SPX NIMITZ FEEDER FIC MULTIMERCADO;11/08/2022;4,3132686
SPX NIMITZ FEEDER FIC MULTIMERCADO;12/08/2022;4,3078372
SPX NIMITZ FEEDER FIC MULTIMERCADO;15/08/2022;4,3291357
SPX NIMITZ FEEDER FIC MULTIMERCADO;16/08/2022;4,3372245
SPX NIMITZ FEEDER FIC MULTIMERCADO;17/08/2022;4,3459549
SPX NIMITZ FEEDER FIC MULTIMERCADO;18/08/2022;4,3789184
SPX NIMITZ FEEDER FIC MULTIMERCADO;19/08/2022;4,4039338
SPX NIMITZ FEEDER FIC MULTIMERCADO;22/08/2022;4,4423398
SPX NIMITZ FEEDER FIC MULTIMERCADO;23/08/2022;4,4391683
SPX NIMITZ FEEDER FIC MULTIMERCADO;24/08/2022;4,440957
SPX NIMITZ FEEDER FIC MULTIMERCADO;25/08/2022;4,4188548
SPX NIMITZ FEEDER FIC MULTIMERCADO;26/08/2022;4,4455486
SPX NIMITZ FEEDER FIC MULTIMERCADO;29/08/2022;4,4528311
SPX NIMITZ FEEDER FIC MULTIMERCADO;30/08/2022;4,4369069
SPX NIMITZ FEEDER FIC MULTIMERCADO;31/08/2022;4,4565869
SPX NIMITZ FEEDER FIC MULTIMERCADO;01/09/2022;4,4858089
SPX NIMITZ FEEDER FIC MULTIMERCADO;02/09/2022;4,4770533
SPX NIMITZ FEEDER FIC MULTIMERCADO;05/09/2022;4,4837477
SPX NIMITZ FEEDER FIC MULTIMERCADO;06/09/2022;4,4662677
SPX NIMITZ FEEDER FIC MULTIMERCADO;08/09/2022;4,4599345
SPX NIMITZ FEEDER FIC MULTIMERCADO;09/09/2022;4,4635422
SPX NIMITZ FEEDER FIC MULTIMERCADO;12/09/2022;4,4501328
SPX NIMITZ FEEDER FIC MULTIMERCADO;13/09/2022;4,5007469
SPX NIMITZ FEEDER FIC MULTIMERCADO;14/09/2022;4,5300224
SPX NIMITZ FEEDER FIC MULTIMERCADO;15/09/2022;4,5483624
SPX NIMITZ FEEDER FIC MULTIMERCADO;16/09/2022;4,5524194
SPX NIMITZ FEEDER FIC MULTIMERCADO;19/09/2022;4,5591248
SPX NIMITZ FEEDER FIC MULTIMERCADO;20/09/2022;4,5915658
SPX NIMITZ FEEDER FIC MULTIMERCADO;21/09/2022;4,6121732
SPX NIMITZ FEEDER FIC MULTIMERCADO;22/09/2022;4,6628126
SPX NIMITZ FEEDER FIC MULTIMERCADO;23/09/2022;4,7068909
SPX NIMITZ FEEDER FIC MULTIMERCADO;26/09/2022;4,7206827
SPX NIMITZ FEEDER FIC MULTIMERCADO;27/09/2022;4,7254508
SPX NIMITZ FEEDER FIC MULTIMERCADO;28/09/2022;4,6754258
SPX NIMITZ FEEDER FIC MULTIMERCADO;29/09/2022;4,6913275
SPX NIMITZ FEEDER FIC MULTIMERCADO;30/09/2022;4,6871877
SPX NIMITZ FEEDER FIC MULTIMERCADO;03/10/2022;4,6678017
SPX NIMITZ FEEDER FIC MULTIMERCADO;04/10/2022;4,6365468
SPX NIMITZ FEEDER FIC MULTIMERCADO;05/10/2022;4,6305388
SPX NIMITZ FEEDER FIC MULTIMERCADO;06/10/2022;4,6463914
SPX NIMITZ FEEDER FIC MULTIMERCADO;07/10/2022;4,67018
SPX NIMITZ FEEDER FIC MULTIMERCADO;10/10/2022;4,6991405
SPX NIMITZ FEEDER FIC MULTIMERCADO;11/10/2022;4,6951236
SPX NIMITZ FEEDER FIC MULTIMERCADO;13/10/2022;4,6438721
SPX NIMITZ FEEDER FIC MULTIMERCADO;14/10/2022;4,6691805
SPX NIMITZ FEEDER FIC MULTIMERCADO;17/10/2022;4,6370095
SPX NIMITZ FEEDER FIC MULTIMERCADO;18/10/2022;4,6543972
SPX NIMITZ FEEDER FIC MULTIMERCADO;19/10/2022;4,6631763
SPX NIMITZ FEEDER FIC MULTIMERCADO;20/10/2022;4,6616289
SPX NIMITZ FEEDER FIC MULTIMERCADO;21/10/2022;4,6653187
SPX NIMITZ FEEDER FIC MULTIMERCADO;24/10/2022;4,6560225
SPX NIMITZ FEEDER FIC MULTIMERCADO;25/10/2022;4,6256779
SPX NIMITZ FEEDER FIC MULTIMERCADO;26/10/2022;4,5950208
SPX NIMITZ FEEDER FIC MULTIMERCADO;27/10/2022;4,5984983
SPX NIMITZ FEEDER FIC MULTIMERCADO;28/10/2022;4,6072566
SPX NIMITZ FEEDER FIC MULTIMERCADO;31/10/2022;4,645204
SPX NIMITZ FEEDER FIC MULTIMERCADO;01/11/2022;4,6301598
SPX NIMITZ FEEDER FIC MULTIMERCADO;03/11/2022;4,6577371
SPX NIMITZ FEEDER FIC MULTIMERCADO;04/11/2022;4,6323776
SPX NIMITZ FEEDER FIC MULTIMERCADO;07/11/2022;4,5889001
SPX NIMITZ FEEDER FIC MULTIMERCADO;08/11/2022;4,5387996
SPX NIMITZ FEEDER FIC MULTIMERCADO;09/11/2022;4,5300427
SPX NIMITZ FEEDER FIC MULTIMERCADO;10/11/2022;4,4426644
SPX NIMITZ FEEDER FIC MULTIMERCADO;11/11/2022;4,4155273
SPX NIMITZ FEEDER FIC MULTIMERCADO;14/11/2022;4,4266371
SPX NIMITZ FEEDER FIC MULTIMERCADO;16/11/2022;4,4211967
SPX NIMITZ FEEDER FIC MULTIMERCADO;17/11/2022;4,4192918
SPX NIMITZ FEEDER FIC MULTIMERCADO;18/11/2022;4,3911007
SPX NIMITZ FEEDER FIC MULTIMERCADO;21/11/2022;4,3992244
SPX NIMITZ FEEDER FIC MULTIMERCADO;22/11/2022;4,3778251
SPX NIMITZ FEEDER FIC MULTIMERCADO;23/11/2022;4,344892
SPX NIMITZ FEEDER FIC MULTIMERCADO;24/11/2022;4,3624444
SPX NIMITZ FEEDER FIC MULTIMERCADO;25/11/2022;4,364612
SPX NIMITZ FEEDER FIC MULTIMERCADO;28/11/2022;4,3793491
SPX NIMITZ FEEDER FIC MULTIMERCADO;29/11/2022;4,3905005
SPX NIMITZ FEEDER FIC MULTIMERCADO;30/11/2022;4,4145032
SPX NIMITZ FEEDER FIC MULTIMERCADO;01/12/2022;4,4108428
SPX NIMITZ FEEDER FIC MULTIMERCADO;02/12/2022;4,4180588
SPX NIMITZ FEEDER FIC MULTIMERCADO;05/12/2022;4,4030835
SPX NIMITZ FEEDER FIC MULTIMERCADO;06/12/2022;4,40486
SPX NIMITZ FEEDER FIC MULTIMERCADO;07/12/2022;4,4434707
SPX NIMITZ FEEDER FIC MULTIMERCADO;08/12/2022;4,4328281
SPX NIMITZ FEEDER FIC MULTIMERCADO;09/12/2022;4,4117233
SPX NIMITZ FEEDER FIC MULTIMERCADO;12/12/2022;4,3943834
SPX NIMITZ FEEDER FIC MULTIMERCADO;13/12/2022;4,3961463
SPX NIMITZ FEEDER FIC MULTIMERCADO;14/12/2022;4,4078553
SPX NIMITZ FEEDER FIC MULTIMERCADO;15/12/2022;4,4154269
SPX NIMITZ FEEDER FIC MULTIMERCADO;16/12/2022;4,4183933
SPX NIMITZ FEEDER FIC MULTIMERCADO;19/12/2022;4,4109048
SPX NIMITZ FEEDER FIC MULTIMERCADO;20/12/2022;4,4199987
SPX NIMITZ FEEDER FIC MULTIMERCADO;21/12/2022;4,4240631
SPX NIMITZ FEEDER FIC MULTIMERCADO;22/12/2022;4,4306769
SPX NIMITZ FEEDER FIC MULTIMERCADO;23/12/2022;4,4313784
SPX NIMITZ FEEDER FIC MULTIMERCADO;26/12/2022;4,4334134
SPX NIMITZ FEEDER FIC MULTIMERCADO;27/12/2022;4,4347271
SPX NIMITZ FEEDER FIC MULTIMERCADO;28/12/2022;4,4214715
SPX NIMITZ FEEDER FIC MULTIMERCADO;29/12/2022;4,4193819
SPX NIMITZ FEEDER FIC MULTIMERCADO;30/12/2022;4,4207338
SPX NIMITZ FEEDER FIC MULTIMERCADO;02/01/2023;4,4142937
SPX NIMITZ FEEDER FIC MULTIMERCADO;03/01/2023;4,4467964
SPX NIMITZ FEEDER FIC MULTIMERCADO;04/01/2023;4,4533606
SPX NIMITZ FEEDER FIC MULTIMERCADO;05/01/2023;4,4294349
SPX NIMITZ FEEDER FIC MULTIMERCADO;06/01/2023;4,4170056
SPX NIMITZ FEEDER FIC MULTIMERCADO;09/01/2023;4,4126818
SPX NIMITZ FEEDER FIC MULTIMERCADO;10/01/2023;4,4093303
SPX NIMITZ FEEDER FIC MULTIMERCADO;11/01/2023;4,4317724
SPX NIMITZ FEEDER FIC MULTIMERCADO;12/01/2023;4,4583725
SPX NIMITZ FEEDER FIC MULTIMERCADO;13/01/2023;4,4813436
SPX NIMITZ FEEDER FIC MULTIMERCADO;16/01/2023;4,4976912
SPX NIMITZ FEEDER FIC MULTIMERCADO;17/01/2023;4,4886814
SPX NIMITZ FEEDER FIC MULTIMERCADO;18/01/2023;4,5008728
SPX NIMITZ FEEDER FIC MULTIMERCADO;19/01/2023;4,523713
SPX NIMITZ FEEDER FIC MULTIMERCADO;20/01/2023;4,5162396
SPX NIMITZ FEEDER FIC MULTIMERCADO;23/01/2023;4,5226285
SPX NIMITZ FEEDER FIC MULTIMERCADO;24/01/2023;4,5301276
SPX NIMITZ FEEDER FIC MULTIMERCADO;25/01/2023;4,5222857
SPX NIMITZ FEEDER FIC MULTIMERCADO;26/01/2023;4,5073974
SPX NIMITZ FEEDER FIC MULTIMERCADO;27/01/2023;4,5081772
SPX NIMITZ FEEDER FIC MULTIMERCADO;30/01/2023;4,5003717
SPX NIMITZ FEEDER FIC MULTIMERCADO;31/01/2023;4,5008706
SPX NIMITZ FEEDER FIC MULTIMERCADO;01/02/2023;4,5321553
SPX NIMITZ FEEDER FIC MULTIMERCADO;02/02/2023;4,5264673
SPX NIMITZ FEEDER FIC MULTIMERCADO;03/02/2023;4,4968444
SPX NIMITZ FEEDER FIC MULTIMERCADO;06/02/2023;4,4767524
SPX NIMITZ FEEDER FIC MULTIMERCADO;07/02/2023;4,4731627
SPX NIMITZ FEEDER FIC MULTIMERCADO;08/02/2023;4,5160942
SPX NIMITZ FEEDER FIC MULTIMERCADO;09/02/2023;4,4853258
SPX NIMITZ FEEDER FIC MULTIMERCADO;10/02/2023;4,4833409
SPX NIMITZ FEEDER FIC MULTIMERCADO;13/02/2023;4,4640992
SPX NIMITZ FEEDER FIC MULTIMERCADO;14/02/2023;4,4865065
SPX NIMITZ FEEDER FIC MULTIMERCADO;15/02/2023;4,4966574
SPX NIMITZ FEEDER FIC MULTIMERCADO;16/02/2023;4,5171993
SPX NIMITZ FEEDER FIC MULTIMERCADO;17/02/2023;4,5045192
SPX NIMITZ FEEDER FIC MULTIMERCADO;22/02/2023;4,5045701
SPX NIMITZ FEEDER FIC MULTIMERCADO;23/02/2023;4,5132105
SPX NIMITZ FEEDER FIC MULTIMERCADO;24/02/2023;4,536692
SPX NIMITZ FEEDER FIC MULTIMERCADO;27/02/2023;4,5194454
SPX NIMITZ FEEDER FIC MULTIMERCADO;28/02/2023;4,5219851
SPX NIMITZ FEEDER FIC MULTIMERCADO;01/03/2023;4,5445939
SPX NIMITZ FEEDER FIC MULTIMERCADO;02/03/2023;4,5470916
SPX NIMITZ FEEDER FIC MULTIMERCADO;03/03/2023;4,5496087
SPX NIMITZ FEEDER FIC MULTIMERCADO;06/03/2023;4,5646572
SPX NIMITZ FEEDER FIC MULTIMERCADO;07/03/2023;4,5792661
SPX NIMITZ FEEDER FIC MULTIMERCADO;08/03/2023;4,5688372
SPX NIMITZ FEEDER FIC MULTIMERCADO;09/03/2023;4,579795
SPX NIMITZ FEEDER FIC MULTIMERCADO;10/03/2023;4,5527486
SPX NIMITZ FEEDER FIC MULTIMERCADO;13/03/2023;4,5109019
SPX NIMITZ FEEDER FIC MULTIMERCADO;14/03/2023;4,5091996
SPX NIMITZ FEEDER FIC MULTIMERCADO;15/03/2023;4,5050916
SPX NIMITZ FEEDER FIC MULTIMERCADO;16/03/2023;4,4862601
SPX NIMITZ FEEDER FIC MULTIMERCADO;17/03/2023;4,5150005
SPX NIMITZ FEEDER FIC MULTIMERCADO;20/03/2023;4,5090761
SPX NIMITZ FEEDER FIC MULTIMERCADO;21/03/2023;4,4834483
SPX NIMITZ FEEDER FIC MULTIMERCADO;22/03/2023;4,5211638
SPX NIMITZ FEEDER FIC MULTIMERCADO;23/03/2023;4,5518822
SPX NIMITZ FEEDER FIC MULTIMERCADO;24/03/2023;4,5642052
SPX NIMITZ FEEDER FIC MULTIMERCADO;27/03/2023;4,5329975
SPX NIMITZ FEEDER FIC MULTIMERCADO;28/03/2023;4,509822
SPX NIMITZ FEEDER FIC MULTIMERCADO;29/03/2023;4,5034005
SPX NIMITZ FEEDER FIC MULTIMERCADO;30/03/2023;4,4999181
SPX NIMITZ FEEDER FIC MULTIMERCADO;31/03/2023;4,4912251
SPX NIMITZ FEEDER FIC MULTIMERCADO;03/04/2023;4,5072706
SPX NIMITZ FEEDER FIC MULTIMERCADO;04/04/2023;4,5387866
SPX NIMITZ FEEDER FIC MULTIMERCADO;05/04/2023;4,5568394
SPX NIMITZ FEEDER FIC MULTIMERCADO;06/04/2023;4,5641381
SPX NIMITZ FEEDER FIC MULTIMERCADO;10/04/2023;4,5591486
SPX NIMITZ FEEDER FIC MULTIMERCADO;11/04/2023;4,5318582
SPX NIMITZ FEEDER FIC MULTIMERCADO;12/04/2023;4,5264407
SPX NIMITZ FEEDER FIC MULTIMERCADO;13/04/2023;4,511099
SPX NIMITZ FEEDER FIC MULTIMERCADO;14/04/2023;4,5054291
SPX NIMITZ FEEDER FIC MULTIMERCADO;17/04/2023;4,4983691
SPX NIMITZ FEEDER FIC MULTIMERCADO;18/04/2023;4,4882862
SPX NIMITZ FEEDER FIC MULTIMERCADO;19/04/2023;4,5174947
SPX NIMITZ FEEDER FIC MULTIMERCADO;20/04/2023;4,5179582
SPX NIMITZ FEEDER FIC MULTIMERCADO;24/04/2023;4,5342273
SPX NIMITZ FEEDER FIC MULTIMERCADO;25/04/2023;4,5452865
SPX NIMITZ FEEDER FIC MULTIMERCADO;26/04/2023;4,5424555
SPX NIMITZ FEEDER FIC MULTIMERCADO;27/04/2023;4,5236073
SPX NIMITZ FEEDER FIC MULTIMERCADO;28/04/2023;4,5092824
SPX NIMITZ FEEDER FIC MULTIMERCADO;02/05/2023;4,5216888
SPX NIMITZ FEEDER FIC MULTIMERCADO;03/05/2023;4,5090075
SPX NIMITZ FEEDER FIC MULTIMERCADO;04/05/2023;4,5213819
SPX NIMITZ FEEDER FIC MULTIMERCADO;05/05/2023;4,5015458
SPX NIMITZ FEEDER FIC MULTIMERCADO;08/05/2023;4,4978489
SPX NIMITZ FEEDER FIC MULTIMERCADO;09/05/2023;4,5166214
SPX NIMITZ FEEDER FIC MULTIMERCADO;10/05/2023;4,5265312
SPX NIMITZ FEEDER FIC MULTIMERCADO;11/05/2023;4,5321244
SPX NIMITZ FEEDER FIC MULTIMERCADO;12/05/2023;4,5228425
SPX NIMITZ FEEDER FIC MULTIMERCADO;15/05/2023;4,5099486
SPX NIMITZ FEEDER FIC MULTIMERCADO;16/05/2023;4,5135723
SPX NIMITZ FEEDER FIC MULTIMERCADO;17/05/2023;4,4861982
SPX NIMITZ FEEDER FIC MULTIMERCADO;18/05/2023;4,4756668
SPX NIMITZ FEEDER FIC MULTIMERCADO;19/05/2023;4,4642337
SPX NIMITZ FEEDER FIC MULTIMERCADO;22/05/2023;4,4495211
SPX NIMITZ FEEDER FIC MULTIMERCADO;23/05/2023;4,4372813
SPX NIMITZ FEEDER FIC MULTIMERCADO;24/05/2023;4,4540141
SPX NIMITZ FEEDER FIC MULTIMERCADO;25/05/2023;4,4633267
SPX NIMITZ FEEDER FIC MULTIMERCADO;26/05/2023;4,4366225
SPX NIMITZ FEEDER FIC MULTIMERCADO;29/05/2023;4,4486229
SPX NIMITZ FEEDER FIC MULTIMERCADO;30/05/2023;4,4674434
SPX NIMITZ FEEDER FIC MULTIMERCADO;31/05/2023;4,471272
SPX NIMITZ FEEDER FIC MULTIMERCADO;01/06/2023;4,440497
SPX NIMITZ FEEDER FIC MULTIMERCADO;02/06/2023;4,4225428
SPX NIMITZ FEEDER FIC MULTIMERCADO;05/06/2023;4,4156877
SPX NIMITZ FEEDER FIC MULTIMERCADO;06/06/2023;4,4187561
SPX NIMITZ FEEDER FIC MULTIMERCADO;07/06/2023;4,3935345
SPX NIMITZ FEEDER FIC MULTIMERCADO;09/06/2023;4,3745274
SPX NIMITZ FEEDER FIC MULTIMERCADO;12/06/2023;4,3686462
SPX NIMITZ FEEDER FIC MULTIMERCADO;13/06/2023;4,3494734
SPX NIMITZ FEEDER FIC MULTIMERCADO;14/06/2023;4,3537319
SPX NIMITZ FEEDER FIC MULTIMERCADO;15/06/2023;4,3372917
SPX NIMITZ FEEDER FIC MULTIMERCADO;16/06/2023;4,3347025
SPX NIMITZ FEEDER FIC MULTIMERCADO;19/06/2023;4,3336559
SPX NIMITZ FEEDER FIC MULTIMERCADO;20/06/2023;4,3343287
SPX NIMITZ FEEDER FIC MULTIMERCADO;21/06/2023;4,3225865
SPX NIMITZ FEEDER FIC MULTIMERCADO;22/06/2023;4,3185316
SPX NIMITZ FEEDER FIC MULTIMERCADO;23/06/2023;4,3269584
SPX NIMITZ FEEDER FIC MULTIMERCADO;26/06/2023;4,3343892
SPX NIMITZ FEEDER FIC MULTIMERCADO;27/06/2023;4,3089865
SPX NIMITZ FEEDER FIC MULTIMERCADO;28/06/2023;4,3339736
SPX NIMITZ FEEDER FIC MULTIMERCADO;29/06/2023;4,3324678
SPX NIMITZ FEEDER FIC MULTIMERCADO;30/06/2023;4,3208951
SPX NIMITZ FEEDER FIC MULTIMERCADO;03/07/2023;4,3179521
SPX NIMITZ FEEDER FIC MULTIMERCADO;04/07/2023;4,3029106
SPX NIMITZ FEEDER FIC MULTIMERCADO;05/07/2023;4,3069931
SPX NIMITZ FEEDER FIC MULTIMERCADO;06/07/2023;4,2921491
SPX NIMITZ FEEDER FIC MULTIMERCADO;07/07/2023;4,2674205
SPX NIMITZ FEEDER FIC MULTIMERCADO;10/07/2023;4,2428915
SPX NIMITZ FEEDER FIC MULTIMERCADO;11/07/2023;4,2355192
SPX NIMITZ FEEDER FIC MULTIMERCADO;12/07/2023;4,2195646
SPX NIMITZ FEEDER FIC MULTIMERCADO;13/07/2023;4,2071292
SPX NIMITZ FEEDER FIC MULTIMERCADO;14/07/2023;4,1957606
SPX NIMITZ FEEDER FIC MULTIMERCADO;17/07/2023;4,2048627
SPX NIMITZ FEEDER FIC MULTIMERCADO;18/07/2023;4,2121799
SPX NIMITZ FEEDER FIC MULTIMERCADO;19/07/2023;4,220095
SPX NIMITZ FEEDER FIC MULTIMERCADO;20/07/2023;4,2072306
SPX NIMITZ FEEDER FIC MULTIMERCADO;21/07/2023;4,2164934
SPX NIMITZ FEEDER FIC MULTIMERCADO;24/07/2023;4,2179651
SPX NIMITZ FEEDER FIC MULTIMERCADO;25/07/2023;4,2092512
SPX NIMITZ FEEDER FIC MULTIMERCADO;26/07/2023;4,2143666
SPX NIMITZ FEEDER FIC MULTIMERCADO;27/07/2023;4,2267344
SPX NIMITZ FEEDER FIC MULTIMERCADO;28/07/2023;4,2318187
SPX NIMITZ FEEDER FIC MULTIMERCADO;31/07/2023;4,2265558
SPX NIMITZ FEEDER FIC MULTIMERCADO;01/08/2023;4,2313574
SPX NIMITZ FEEDER FIC MULTIMERCADO;02/08/2023;4,2420943
SPX NIMITZ FEEDER FIC MULTIMERCADO;03/08/2023;4,2614419
SPX NIMITZ FEEDER FIC MULTIMERCADO;04/08/2023;4,2540204
SPX NIMITZ FEEDER FIC MULTIMERCADO;07/08/2023;4,257405
SPX NIMITZ FEEDER FIC MULTIMERCADO;08/08/2023;4,2830001
SPX NIMITZ FEEDER FIC MULTIMERCADO;09/08/2023;4,2826566
SPX NIMITZ FEEDER FIC MULTIMERCADO;10/08/2023;4,2861941
SPX NIMITZ FEEDER FIC MULTIMERCADO;11/08/2023;4,3095035
SPX NIMITZ FEEDER FIC MULTIMERCADO;14/08/2023;4,3011432
SPX NIMITZ FEEDER FIC MULTIMERCADO;15/08/2023;4,302673
SPX NIMITZ FEEDER FIC MULTIMERCADO;16/08/2023;4,3185967
SPX NIMITZ FEEDER FIC MULTIMERCADO;17/08/2023;4,3086537
SPX NIMITZ FEEDER FIC MULTIMERCADO;18/08/2023;4,3097422
SPX NIMITZ FEEDER FIC MULTIMERCADO;21/08/2023;4,304936
SPX NIMITZ FEEDER FIC MULTIMERCADO;22/08/2023;4,3146077
SPX NIMITZ FEEDER FIC MULTIMERCADO;23/08/2023;4,3220526
SPX NIMITZ FEEDER FIC MULTIMERCADO;24/08/2023;4,3266852
SPX NIMITZ FEEDER FIC MULTIMERCADO;25/08/2023;4,317446
SPX NIMITZ FEEDER FIC MULTIMERCADO;28/08/2023;4,3117181
SPX NIMITZ FEEDER FIC MULTIMERCADO;29/08/2023;4,2978534
SPX NIMITZ FEEDER FIC MULTIMERCADO;30/08/2023;4,2910945
SPX NIMITZ FEEDER FIC MULTIMERCADO;31/08/2023;4,2925484
SPX NIMITZ FEEDER FIC MULTIMERCADO;01/09/2023;4,2898051
SPX NIMITZ FEEDER FIC MULTIMERCADO;04/09/2023;4,2821795
SPX NIMITZ FEEDER FIC MULTIMERCADO;05/09/2023;4,2910048
SPX NIMITZ FEEDER FIC MULTIMERCADO;06/09/2023;4,2896088
SPX NIMITZ FEEDER FIC MULTIMERCADO;08/09/2023;4,3005301
SPX NIMITZ FEEDER FIC MULTIMERCADO;11/09/2023;4,3034178
SPX NIMITZ FEEDER FIC MULTIMERCADO;12/09/2023;4,3205088
SPX NIMITZ FEEDER FIC MULTIMERCADO;13/09/2023;4,3255042
SPX NIMITZ FEEDER FIC MULTIMERCADO;14/09/2023;4,3442661
SPX NIMITZ FEEDER FIC MULTIMERCADO;15/09/2023;4,3432816
SPX NIMITZ FEEDER FIC MULTIMERCADO;18/09/2023;4,333902
SPX NIMITZ FEEDER FIC MULTIMERCADO;19/09/2023;4,3270629
SPX NIMITZ FEEDER FIC MULTIMERCADO;20/09/2023;4,3335109
SPX NIMITZ FEEDER FIC MULTIMERCADO;21/09/2023;4,3464116
SPX NIMITZ FEEDER FIC MULTIMERCADO;22/09/2023;4,3564336
SPX NIMITZ FEEDER FIC MULTIMERCADO;25/09/2023;4,3635873
SPX NIMITZ FEEDER FIC MULTIMERCADO;26/09/2023;4,3576663
SPX NIMITZ FEEDER FIC MULTIMERCADO;27/09/2023;4,3335753
SPX NIMITZ FEEDER FIC MULTIMERCADO;28/09/2023;4,3101738
SPX NIMITZ FEEDER FIC MULTIMERCADO;29/09/2023;4,3138249
SPX NIMITZ FEEDER FIC MULTIMERCADO;02/10/2023;4,3394544
SPX NIMITZ FEEDER FIC MULTIMERCADO;03/10/2023;4,3489356
SPX NIMITZ FEEDER FIC MULTIMERCADO;04/10/2023;4,3357342
SPX NIMITZ FEEDER FIC MULTIMERCADO;05/10/2023;4,3340344
SPX NIMITZ FEEDER FIC MULTIMERCADO;06/10/2023;4,3284525
SPX NIMITZ FEEDER FIC MULTIMERCADO;09/10/2023;4,3304331
SPX NIMITZ FEEDER FIC MULTIMERCADO;10/10/2023;4,3189852
SPX NIMITZ FEEDER FIC MULTIMERCADO;11/10/2023;4,3044165
SPX NIMITZ FEEDER FIC MULTIMERCADO;13/10/2023;4,3251982
SPX NIMITZ FEEDER FIC MULTIMERCADO;16/10/2023;4,3131847
SPX NIMITZ FEEDER FIC MULTIMERCADO;17/10/2023;4,3168276
SPX NIMITZ FEEDER FIC MULTIMERCADO;18/10/2023;4,3249469
SPX NIMITZ FEEDER FIC MULTIMERCADO;19/10/2023;4,3226644
SPX NIMITZ FEEDER FIC MULTIMERCADO;20/10/2023;4,3285272
SPX NIMITZ FEEDER FIC MULTIMERCADO;23/10/2023;4,3179351
SPX NIMITZ FEEDER FIC MULTIMERCADO;24/10/2023;4,32072
SPX NIMITZ FEEDER FIC MULTIMERCADO;25/10/2023;4,3332945
SPX NIMITZ FEEDER FIC MULTIMERCADO;26/10/2023;4,3278931
SPX NIMITZ FEEDER FIC MULTIMERCADO;27/10/2023;4,3334447
SPX NIMITZ FEEDER FIC MULTIMERCADO;30/10/2023;4,3286518
SPX NIMITZ FEEDER FIC MULTIMERCADO;31/10/2023;4,3218311
SPX NIMITZ FEEDER FIC MULTIMERCADO;01/11/2023;4,3249808
SPX NIMITZ FEEDER FIC MULTIMERCADO;03/11/2023;4,2970727
SPX NIMITZ FEEDER FIC MULTIMERCADO;06/11/2023;4,2949934
SPX NIMITZ FEEDER FIC MULTIMERCADO;07/11/2023;4,2980431
SPX NIMITZ FEEDER FIC MULTIMERCADO;08/11/2023;4,2870205
SPX NIMITZ FEEDER FIC MULTIMERCADO;09/11/2023;4,2928356
SPX NIMITZ FEEDER FIC MULTIMERCADO;10/11/2023;4,2936464
SPX NIMITZ FEEDER FIC MULTIMERCADO;13/11/2023;4,29222
SPX NIMITZ FEEDER FIC MULTIMERCADO;14/11/2023;4,28111
SPX NIMITZ FEEDER FIC MULTIMERCADO;16/11/2023;4,2789731
SPX NIMITZ FEEDER FIC MULTIMERCADO;17/11/2023;4,2793607
SPX NIMITZ FEEDER FIC MULTIMERCADO;20/11/2023;4,2765496
SPX NIMITZ FEEDER FIC MULTIMERCADO;21/11/2023;4,2734675
SPX NIMITZ FEEDER FIC MULTIMERCADO;22/11/2023;4,2733289
VERDE AM X60 ADVISORY FIC MULTIMERCADO;25/09/2018;1,00
VERDE AM X60 ADVISORY FIC MULTIMERCADO;26/09/2018;1,00046171
VERDE AM X60 ADVISORY FIC MULTIMERCADO;27/09/2018;1,00250645
VERDE AM X60 ADVISORY FIC MULTIMERCADO;28/09/2018;0,99904236
VERDE AM X60 ADVISORY FIC MULTIMERCADO;01/10/2018;0,9972077
VERDE AM X60 ADVISORY FIC MULTIMERCADO;02/10/2018;1,00241747
VERDE AM X60 ADVISORY FIC MULTIMERCADO;03/10/2018;1,00845326
VERDE AM X60 ADVISORY FIC MULTIMERCADO;04/10/2018;1,00978264
VERDE AM X60 ADVISORY FIC MULTIMERCADO;05/10/2018;1,00858774
VERDE AM X60 ADVISORY FIC MULTIMERCADO;08/10/2018;1,01961228
VERDE AM X60 ADVISORY FIC MULTIMERCADO;09/10/2018;1,02216815
VERDE AM X60 ADVISORY FIC MULTIMERCADO;10/10/2018;1,01973178
VERDE AM X60 ADVISORY FIC MULTIMERCADO;11/10/2018;1,01891199
VERDE AM X60 ADVISORY FIC MULTIMERCADO;15/10/2018;1,0195039
VERDE AM X60 ADVISORY FIC MULTIMERCADO;16/10/2018;1,02521531
VERDE AM X60 ADVISORY FIC MULTIMERCADO;17/10/2018;1,026699
VERDE AM X60 ADVISORY FIC MULTIMERCADO;18/10/2018;1,02314533
VERDE AM X60 ADVISORY FIC MULTIMERCADO;19/10/2018;1,02368318
VERDE AM X60 ADVISORY FIC MULTIMERCADO;22/10/2018;1,02656169
VERDE AM X60 ADVISORY FIC MULTIMERCADO;23/10/2018;1,02758026
VERDE AM X60 ADVISORY FIC MULTIMERCADO;24/10/2018;1,02393444
VERDE AM X60 ADVISORY FIC MULTIMERCADO;25/10/2018;1,02457815
VERDE AM X60 ADVISORY FIC MULTIMERCADO;26/10/2018;1,02690243
VERDE AM X60 ADVISORY FIC MULTIMERCADO;29/10/2018;1,02358971
VERDE AM X60 ADVISORY FIC MULTIMERCADO;30/10/2018;1,02775744
VERDE AM X60 ADVISORY FIC MULTIMERCADO;31/10/2018;1,03021486
VERDE AM X60 ADVISORY FIC MULTIMERCADO;01/11/2018;1,03377262
VERDE AM X60 ADVISORY FIC MULTIMERCADO;05/11/2018;1,03488581
VERDE AM X60 ADVISORY FIC MULTIMERCADO;06/11/2018;1,03484114
VERDE AM X60 ADVISORY FIC MULTIMERCADO;07/11/2018;1,0335699
VERDE AM X60 ADVISORY FIC MULTIMERCADO;08/11/2018;1,02939768
VERDE AM X60 ADVISORY FIC MULTIMERCADO;09/11/2018;1,02907633
VERDE AM X60 ADVISORY FIC MULTIMERCADO;12/11/2018;1,02848366
VERDE AM X60 ADVISORY FIC MULTIMERCADO;13/11/2018;1,0261315
VERDE AM X60 ADVISORY FIC MULTIMERCADO;14/11/2018;1,02823886
VERDE AM X60 ADVISORY FIC MULTIMERCADO;16/11/2018;1,0344155
VERDE AM X60 ADVISORY FIC MULTIMERCADO;19/11/2018;1,03202014
VERDE AM X60 ADVISORY FIC MULTIMERCADO;20/11/2018;1,03110274
VERDE AM X60 ADVISORY FIC MULTIMERCADO;21/11/2018;1,03199187
VERDE AM X60 ADVISORY FIC MULTIMERCADO;22/11/2018;1,03268043
VERDE AM X60 ADVISORY FIC MULTIMERCADO;23/11/2018;1,03124299
VERDE AM X60 ADVISORY FIC MULTIMERCADO;26/11/2018;1,02800059
VERDE AM X60 ADVISORY FIC MULTIMERCADO;27/11/2018;1,03158719
VERDE AM X60 ADVISORY FIC MULTIMERCADO;28/11/2018;1,03550165
VERDE AM X60 ADVISORY FIC MULTIMERCADO;29/11/2018;1,03563686
VERDE AM X60 ADVISORY FIC MULTIMERCADO;30/11/2018;1,03546817
VERDE AM X60 ADVISORY FIC MULTIMERCADO;03/12/2018;1,03613057
VERDE AM X60 ADVISORY FIC MULTIMERCADO;04/12/2018;1,03167577
VERDE AM X60 ADVISORY FIC MULTIMERCADO;05/12/2018;1,03320037
VERDE AM X60 ADVISORY FIC MULTIMERCADO;06/12/2018;1,03240473
VERDE AM X60 ADVISORY FIC MULTIMERCADO;07/12/2018;1,03121707
VERDE AM X60 ADVISORY FIC MULTIMERCADO;10/12/2018;1,02764222
VERDE AM X60 ADVISORY FIC MULTIMERCADO;11/12/2018;1,02936511
VERDE AM X60 ADVISORY FIC MULTIMERCADO;12/12/2018;1,032291
VERDE AM X60 ADVISORY FIC MULTIMERCADO;13/12/2018;1,03421769
VERDE AM X60 ADVISORY FIC MULTIMERCADO;14/12/2018;1,03308626
VERDE AM X60 ADVISORY FIC MULTIMERCADO;17/12/2018;1,03023513
VERDE AM X60 ADVISORY FIC MULTIMERCADO;18/12/2018;1,03053601
VERDE AM X60 ADVISORY FIC MULTIMERCADO;19/12/2018;1,0301766
VERDE AM X60 ADVISORY FIC MULTIMERCADO;20/12/2018;1,02962447
VERDE AM X60 ADVISORY FIC MULTIMERCADO;21/12/2018;1,0286599
VERDE AM X60 ADVISORY FIC MULTIMERCADO;24/12/2018;1,02844018
VERDE AM X60 ADVISORY FIC MULTIMERCADO;26/12/2018;1,0297469
VERDE AM X60 ADVISORY FIC MULTIMERCADO;27/12/2018;1,03105211
VERDE AM X60 ADVISORY FIC MULTIMERCADO;28/12/2018;1,03448996
VERDE AM X60 ADVISORY FIC MULTIMERCADO;31/12/2018;1,03509683
VERDE AM X60 ADVISORY FIC MULTIMERCADO;02/01/2019;1,04091423
VERDE AM X60 ADVISORY FIC MULTIMERCADO;03/01/2019;1,04163498
VERDE AM X60 ADVISORY FIC MULTIMERCADO;04/01/2019;1,04500781
VERDE AM X60 ADVISORY FIC MULTIMERCADO;07/01/2019;1,0449034
VERDE AM X60 ADVISORY FIC MULTIMERCADO;08/01/2019;1,04585602
VERDE AM X60 ADVISORY FIC MULTIMERCADO;09/01/2019;1,04730329
VERDE AM X60 ADVISORY FIC MULTIMERCADO;10/01/2019;1,04826662
VERDE AM X60 ADVISORY FIC MULTIMERCADO;11/01/2019;1,05059554
VERDE AM X60 ADVISORY FIC MULTIMERCADO;14/01/2019;1,05287515
VERDE AM X60 ADVISORY FIC MULTIMERCADO;15/01/2019;1,05320121
VERDE AM X60 ADVISORY FIC MULTIMERCADO;16/01/2019;1,05427937
VERDE AM X60 ADVISORY FIC MULTIMERCADO;17/01/2019;1,05635052
VERDE AM X60 ADVISORY FIC MULTIMERCADO;18/01/2019;1,05779194
VERDE AM X60 ADVISORY FIC MULTIMERCADO;21/01/2019;1,05804529
VERDE AM X60 ADVISORY FIC MULTIMERCADO;22/01/2019;1,05618654
VERDE AM X60 ADVISORY FIC MULTIMERCADO;23/01/2019;1,05956259
VERDE AM X60 ADVISORY FIC MULTIMERCADO;24/01/2019;1,06113808
VERDE AM X60 ADVISORY FIC MULTIMERCADO;25/01/2019;1,0616465
VERDE AM X60 ADVISORY FIC MULTIMERCADO;28/01/2019;1,05972078
VERDE AM X60 ADVISORY FIC MULTIMERCADO;29/01/2019;1,06061955
VERDE AM X60 ADVISORY FIC MULTIMERCADO;30/01/2019;1,06375807
VERDE AM X60 ADVISORY FIC MULTIMERCADO;31/01/2019;1,0674681
VERDE AM X60 ADVISORY FIC MULTIMERCADO;01/02/2019;1,06868522
VERDE AM X60 ADVISORY FIC MULTIMERCADO;04/02/2019;1,06981149
VERDE AM X60 ADVISORY FIC MULTIMERCADO;05/02/2019;1,06946168
VERDE AM X60 ADVISORY FIC MULTIMERCADO;06/02/2019;1,06376518
VERDE AM X60 ADVISORY FIC MULTIMERCADO;07/02/2019;1,06235749
VERDE AM X60 ADVISORY FIC MULTIMERCADO;08/02/2019;1,06228687
VERDE AM X60 ADVISORY FIC MULTIMERCADO;11/02/2019;1,06168476
VERDE AM X60 ADVISORY FIC MULTIMERCADO;12/02/2019;1,06506756
VERDE AM X60 ADVISORY FIC MULTIMERCADO;13/02/2019;1,06455506
VERDE AM X60 ADVISORY FIC MULTIMERCADO;14/02/2019;1,06826815
VERDE AM X60 ADVISORY FIC MULTIMERCADO;15/02/2019;1,06965487
VERDE AM X60 ADVISORY FIC MULTIMERCADO;18/02/2019;1,06791538
VERDE AM X60 ADVISORY FIC MULTIMERCADO;19/02/2019;1,06964346
VERDE AM X60 ADVISORY FIC MULTIMERCADO;20/02/2019;1,06722938
VERDE AM X60 ADVISORY FIC MULTIMERCADO;21/02/2019;1,06735147
VERDE AM X60 ADVISORY FIC MULTIMERCADO;22/02/2019;1,06955439
VERDE AM X60 ADVISORY FIC MULTIMERCADO;25/02/2019;1,06898249
VERDE AM X60 ADVISORY FIC MULTIMERCADO;26/02/2019;1,07050214
VERDE AM X60 ADVISORY FIC MULTIMERCADO;27/02/2019;1,07075545
VERDE AM X60 ADVISORY FIC MULTIMERCADO;28/02/2019;1,06859279
VERDE AM X60 ADVISORY FIC MULTIMERCADO;01/03/2019;1,06704114
VERDE AM X60 ADVISORY FIC MULTIMERCADO;06/03/2019;1,06542651
VERDE AM X60 ADVISORY FIC MULTIMERCADO;07/03/2019;1,06520022
VERDE AM X60 ADVISORY FIC MULTIMERCADO;08/03/2019;1,06685776
VERDE AM X60 ADVISORY FIC MULTIMERCADO;11/03/2019;1,07306319
VERDE AM X60 ADVISORY FIC MULTIMERCADO;12/03/2019;1,07270504
VERDE AM X60 ADVISORY FIC MULTIMERCADO;13/03/2019;1,07527196
VERDE AM X60 ADVISORY FIC MULTIMERCADO;14/03/2019;1,07494835
VERDE AM X60 ADVISORY FIC MULTIMERCADO;15/03/2019;1,07574808
VERDE AM X60 ADVISORY FIC MULTIMERCADO;18/03/2019;1,07714773
VERDE AM X60 ADVISORY FIC MULTIMERCADO;19/03/2019;1,07757095
VERDE AM X60 ADVISORY FIC MULTIMERCADO;20/03/2019;1,07594688
VERDE AM X60 ADVISORY FIC MULTIMERCADO;21/03/2019;1,07449345
VERDE AM X60 ADVISORY FIC MULTIMERCADO;22/03/2019;1,06976677
VERDE AM X60 ADVISORY FIC MULTIMERCADO;25/03/2019;1,07020448
VERDE AM X60 ADVISORY FIC MULTIMERCADO;26/03/2019;1,0714598
VERDE AM X60 ADVISORY FIC MULTIMERCADO;27/03/2019;1,06643276
VERDE AM X60 ADVISORY FIC MULTIMERCADO;28/03/2019;1,07191656
VERDE AM X60 ADVISORY FIC MULTIMERCADO;29/03/2019;1,07283539
VERDE AM X60 ADVISORY FIC MULTIMERCADO;01/04/2019;1,07552182
VERDE AM X60 ADVISORY FIC MULTIMERCADO;02/04/2019;1,07532082
VERDE AM X60 ADVISORY FIC MULTIMERCADO;03/04/2019;1,07389902
VERDE AM X60 ADVISORY FIC MULTIMERCADO;04/04/2019;1,07527
VERDE AM X60 ADVISORY FIC MULTIMERCADO;05/04/2019;1,07563489
VERDE AM X60 ADVISORY FIC MULTIMERCADO;08/04/2019;1,07462758
VERDE AM X60 ADVISORY FIC MULTIMERCADO;09/04/2019;1,07263781
VERDE AM X60 ADVISORY FIC MULTIMERCADO;10/04/2019;1,07389367
VERDE AM X60 ADVISORY FIC MULTIMERCADO;11/04/2019;1,07232369
VERDE AM X60 ADVISORY FIC MULTIMERCADO;12/04/2019;1,07094691
VERDE AM X60 ADVISORY FIC MULTIMERCADO;15/04/2019;1,07178435
VERDE AM X60 ADVISORY FIC MULTIMERCADO;16/04/2019;1,07222393
VERDE AM X60 ADVISORY FIC MULTIMERCADO;17/04/2019;1,07146848
VERDE AM X60 ADVISORY FIC MULTIMERCADO;18/04/2019;1,07382824
VERDE AM X60 ADVISORY FIC MULTIMERCADO;22/04/2019;1,07402178
VERDE AM X60 ADVISORY FIC MULTIMERCADO;23/04/2019;1,07710039
VERDE AM X60 ADVISORY FIC MULTIMERCADO;24/04/2019;1,0761813
VERDE AM X60 ADVISORY FIC MULTIMERCADO;25/04/2019;1,07825053
VERDE AM X60 ADVISORY FIC MULTIMERCADO;26/04/2019;1,07899935
VERDE AM X60 ADVISORY FIC MULTIMERCADO;29/04/2019;1,07976261
VERDE AM X60 ADVISORY FIC MULTIMERCADO;30/04/2019;1,08109886
VERDE AM X60 ADVISORY FIC MULTIMERCADO;02/05/2019;1,08009373
VERDE AM X60 ADVISORY FIC MULTIMERCADO;03/05/2019;1,08211494
VERDE AM X60 ADVISORY FIC MULTIMERCADO;06/05/2019;1,08116145
VERDE AM X60 ADVISORY FIC MULTIMERCADO;07/05/2019;1,08039518
VERDE AM X60 ADVISORY FIC MULTIMERCADO;08/05/2019;1,08237687
VERDE AM X60 ADVISORY FIC MULTIMERCADO;09/05/2019;1,08294556
VERDE AM X60 ADVISORY FIC MULTIMERCADO;10/05/2019;1,08316333
VERDE AM X60 ADVISORY FIC MULTIMERCADO;13/05/2019;1,0807327
VERDE AM X60 ADVISORY FIC MULTIMERCADO;14/05/2019;1,08154131
VERDE AM X60 ADVISORY FIC MULTIMERCADO;15/05/2019;1,08142313
VERDE AM X60 ADVISORY FIC MULTIMERCADO;16/05/2019;1,07782248
VERDE AM X60 ADVISORY FIC MULTIMERCADO;17/05/2019;1,07569694
VERDE AM X60 ADVISORY FIC MULTIMERCADO;20/05/2019;1,0788769
VERDE AM X60 ADVISORY FIC MULTIMERCADO;21/05/2019;1,08360702
VERDE AM X60 ADVISORY FIC MULTIMERCADO;22/05/2019;1,08309138
VERDE AM X60 ADVISORY FIC MULTIMERCADO;23/05/2019;1,08314673
VERDE AM X60 ADVISORY FIC MULTIMERCADO;24/05/2019;1,08315579
VERDE AM X60 ADVISORY FIC MULTIMERCADO;27/05/2019;1,08502443
VERDE AM X60 ADVISORY FIC MULTIMERCADO;28/05/2019;1,0895074
VERDE AM X60 ADVISORY FIC MULTIMERCADO;29/05/2019;1,09141112
VERDE AM X60 ADVISORY FIC MULTIMERCADO;30/05/2019;1,09367961
VERDE AM X60 ADVISORY FIC MULTIMERCADO;31/05/2019;1,09463521
VERDE AM X60 ADVISORY FIC MULTIMERCADO;03/06/2019;1,09492992
VERDE AM X60 ADVISORY FIC MULTIMERCADO;04/06/2019;1,09681254
VERDE AM X60 ADVISORY FIC MULTIMERCADO;05/06/2019;1,09543125
VERDE AM X60 ADVISORY FIC MULTIMERCADO;06/06/2019;1,09712071
VERDE AM X60 ADVISORY FIC MULTIMERCADO;07/06/2019;1,09969978
VERDE AM X60 ADVISORY FIC MULTIMERCADO;10/06/2019;1,09995134
VERDE AM X60 ADVISORY FIC MULTIMERCADO;11/06/2019;1,10203001
VERDE AM X60 ADVISORY FIC MULTIMERCADO;12/06/2019;1,10087236
VERDE AM X60 ADVISORY FIC MULTIMERCADO;13/06/2019;1,1023088
VERDE AM X60 ADVISORY FIC MULTIMERCADO;14/06/2019;1,10161934
VERDE AM X60 ADVISORY FIC MULTIMERCADO;17/06/2019;1,10032617
VERDE AM X60 ADVISORY FIC MULTIMERCADO;18/06/2019;1,102941
VERDE AM X60 ADVISORY FIC MULTIMERCADO;19/06/2019;1,10565532
VERDE AM X60 ADVISORY FIC MULTIMERCADO;21/06/2019;1,11047241
VERDE AM X60 ADVISORY FIC MULTIMERCADO;24/06/2019;1,11085061
VERDE AM X60 ADVISORY FIC MULTIMERCADO;25/06/2019;1,10711881
VERDE AM X60 ADVISORY FIC MULTIMERCADO;26/06/2019;1,10794534
VERDE AM X60 ADVISORY FIC MULTIMERCADO;27/06/2019;1,10869423
VERDE AM X60 ADVISORY FIC MULTIMERCADO;28/06/2019;1,11061546
VERDE AM X60 ADVISORY FIC MULTIMERCADO;01/07/2019;1,11017991
VERDE AM X60 ADVISORY FIC MULTIMERCADO;02/07/2019;1,10746004
VERDE AM X60 ADVISORY FIC MULTIMERCADO;03/07/2019;1,10980247
VERDE AM X60 ADVISORY FIC MULTIMERCADO;04/07/2019;1,1139086
VERDE AM X60 ADVISORY FIC MULTIMERCADO;05/07/2019;1,11537065
VERDE AM X60 ADVISORY FIC MULTIMERCADO;08/07/2019;1,11719862
VERDE AM X60 ADVISORY FIC MULTIMERCADO;09/07/2019;1,11744732
VERDE AM X60 ADVISORY FIC MULTIMERCADO;10/07/2019;1,12256282
VERDE AM X60 ADVISORY FIC MULTIMERCADO;11/07/2019;1,122223
VERDE AM X60 ADVISORY FIC MULTIMERCADO;12/07/2019;1,11981085
VERDE AM X60 ADVISORY FIC MULTIMERCADO;15/07/2019;1,11926496
VERDE AM X60 ADVISORY FIC MULTIMERCADO;16/07/2019;1,11852503
VERDE AM X60 ADVISORY FIC MULTIMERCADO;17/07/2019;1,11917697
VERDE AM X60 ADVISORY FIC MULTIMERCADO;18/07/2019;1,1209089
VERDE AM X60 ADVISORY FIC MULTIMERCADO;19/07/2019;1,11888527
VERDE AM X60 ADVISORY FIC MULTIMERCADO;22/07/2019;1,11915513
VERDE AM X60 ADVISORY FIC MULTIMERCADO;23/07/2019;1,11898594
VERDE AM X60 ADVISORY FIC MULTIMERCADO;24/07/2019;1,11944662
VERDE AM X60 ADVISORY FIC MULTIMERCADO;25/07/2019;1,11678692
VERDE AM X60 ADVISORY FIC MULTIMERCADO;26/07/2019;1,11758549
VERDE AM X60 ADVISORY FIC MULTIMERCADO;29/07/2019;1,11938874
VERDE AM X60 ADVISORY FIC MULTIMERCADO;30/07/2019;1,11939713
VERDE AM X60 ADVISORY FIC MULTIMERCADO;31/07/2019;1,11493384
VERDE AM X60 ADVISORY FIC MULTIMERCADO;01/08/2019;1,11825347
VERDE AM X60 ADVISORY FIC MULTIMERCADO;02/08/2019;1,11848305
VERDE AM X60 ADVISORY FIC MULTIMERCADO;05/08/2019;1,11363099
VERDE AM X60 ADVISORY FIC MULTIMERCADO;06/08/2019;1,11797704
VERDE AM X60 ADVISORY FIC MULTIMERCADO;07/08/2019;1,11976524
VERDE AM X60 ADVISORY FIC MULTIMERCADO;08/08/2019;1,12365398
VERDE AM X60 ADVISORY FIC MULTIMERCADO;09/08/2019;1,12409995
VERDE AM X60 ADVISORY FIC MULTIMERCADO;12/08/2019;1,12001656
VERDE AM X60 ADVISORY FIC MULTIMERCADO;13/08/2019;1,12121653
VERDE AM X60 ADVISORY FIC MULTIMERCADO;14/08/2019;1,11420811
VERDE AM X60 ADVISORY FIC MULTIMERCADO;15/08/2019;1,11410856
VERDE AM X60 ADVISORY FIC MULTIMERCADO;16/08/2019;1,11737757
VERDE AM X60 ADVISORY FIC MULTIMERCADO;19/08/2019;1,11456486
VERDE AM X60 ADVISORY FIC MULTIMERCADO;20/08/2019;1,11471249
VERDE AM X60 ADVISORY FIC MULTIMERCADO;21/08/2019;1,1185175
VERDE AM X60 ADVISORY FIC MULTIMERCADO;22/08/2019;1,11577969
VERDE AM X60 ADVISORY FIC MULTIMERCADO;23/08/2019;1,11057452
VERDE AM X60 ADVISORY FIC MULTIMERCADO;26/08/2019;1,10614433
VERDE AM X60 ADVISORY FIC MULTIMERCADO;27/08/2019;1,10609214
VERDE AM X60 ADVISORY FIC MULTIMERCADO;28/08/2019;1,10631911
VERDE AM X60 ADVISORY FIC MULTIMERCADO;29/08/2019;1,11145163
VERDE AM X60 ADVISORY FIC MULTIMERCADO;30/08/2019;1,11639805
VERDE AM X60 ADVISORY FIC MULTIMERCADO;02/09/2019;1,11394403
VERDE AM X60 ADVISORY FIC MULTIMERCADO;03/09/2019;1,11261392
VERDE AM X60 ADVISORY FIC MULTIMERCADO;04/09/2019;1,11832609
VERDE AM X60 ADVISORY FIC MULTIMERCADO;05/09/2019;1,12040641
VERDE AM X60 ADVISORY FIC MULTIMERCADO;06/09/2019;1,12100596
VERDE AM X60 ADVISORY FIC MULTIMERCADO;09/09/2019;1,11903216
VERDE AM X60 ADVISORY FIC MULTIMERCADO;10/09/2019;1,11852663
VERDE AM X60 ADVISORY FIC MULTIMERCADO;11/09/2019;1,1229004
VERDE AM X60 ADVISORY FIC MULTIMERCADO;12/09/2019;1,12459692
VERDE AM X60 ADVISORY FIC MULTIMERCADO;13/09/2019;1,12209584
VERDE AM X60 ADVISORY FIC MULTIMERCADO;16/09/2019;1,12177137
VERDE AM X60 ADVISORY FIC MULTIMERCADO;17/09/2019;1,12622904
VERDE AM X60 ADVISORY FIC MULTIMERCADO;18/09/2019;1,12631037
VERDE AM X60 ADVISORY FIC MULTIMERCADO;19/09/2019;1,12691739
VERDE AM X60 ADVISORY FIC MULTIMERCADO;20/09/2019;1,1275246
VERDE AM X60 ADVISORY FIC MULTIMERCADO;23/09/2019;1,12695166
VERDE AM X60 ADVISORY FIC MULTIMERCADO;24/09/2019;1,12540193
VERDE AM X60 ADVISORY FIC MULTIMERCADO;25/09/2019;1,12739467
VERDE AM X60 ADVISORY FIC MULTIMERCADO;26/09/2019;1,12917077
VERDE AM X60 ADVISORY FIC MULTIMERCADO;27/09/2019;1,12975202
VERDE AM X60 ADVISORY FIC MULTIMERCADO;30/09/2019;1,13070761
VERDE AM X60 ADVISORY FIC MULTIMERCADO;01/10/2019;1,12992167
VERDE AM X60 ADVISORY FIC MULTIMERCADO;02/10/2019;1,12506181
VERDE AM X60 ADVISORY FIC MULTIMERCADO;03/10/2019;1,12738832
VERDE AM X60 ADVISORY FIC MULTIMERCADO;04/10/2019;1,1300826
VERDE AM X60 ADVISORY FIC MULTIMERCADO;07/10/2019;1,12547447
VERDE AM X60 ADVISORY FIC MULTIMERCADO;08/10/2019;1,12297709
VERDE AM X60 ADVISORY FIC MULTIMERCADO;09/10/2019;1,12495162
VERDE AM X60 ADVISORY FIC MULTIMERCADO;10/10/2019;1,12518247
VERDE AM X60 ADVISORY FIC MULTIMERCADO;11/10/2019;1,13146624
VERDE AM X60 ADVISORY FIC MULTIMERCADO;14/10/2019;1,132361
VERDE AM X60 ADVISORY FIC MULTIMERCADO;15/10/2019;1,13170812
VERDE AM X60 ADVISORY FIC MULTIMERCADO;16/10/2019;1,13310988
VERDE AM X60 ADVISORY FIC MULTIMERCADO;17/10/2019;1,13298612
VERDE AM X60 ADVISORY FIC MULTIMERCADO;18/10/2019;1,13359807
VERDE AM X60 ADVISORY FIC MULTIMERCADO;21/10/2019;1,13570152
VERDE AM X60 ADVISORY FIC MULTIMERCADO;22/10/2019;1,13807751
VERDE AM X60 ADVISORY FIC MULTIMERCADO;23/10/2019;1,13932447
VERDE AM X60 ADVISORY FIC MULTIMERCADO;24/10/2019;1,13816475
VERDE AM X60 ADVISORY FIC MULTIMERCADO;25/10/2019;1,1389953
VERDE AM X60 ADVISORY FIC MULTIMERCADO;28/10/2019;1,1401064
VERDE AM X60 ADVISORY FIC MULTIMERCADO;29/10/2019;1,13894747
VERDE AM X60 ADVISORY FIC MULTIMERCADO;30/10/2019;1,14111249
VERDE AM X60 ADVISORY FIC MULTIMERCADO;31/10/2019;1,14039658
VERDE AM X60 ADVISORY FIC MULTIMERCADO;01/11/2019;1,14309338
VERDE AM X60 ADVISORY FIC MULTIMERCADO;04/11/2019;1,14359658
VERDE AM X60 ADVISORY FIC MULTIMERCADO;05/11/2019;1,14337465
VERDE AM X60 ADVISORY FIC MULTIMERCADO;06/11/2019;1,14083784
VERDE AM X60 ADVISORY FIC MULTIMERCADO;07/11/2019;1,14337115
VERDE AM X60 ADVISORY FIC MULTIMERCADO;08/11/2019;1,13911199
VERDE AM X60 ADVISORY FIC MULTIMERCADO;11/11/2019;1,14063756
VERDE AM X60 ADVISORY FIC MULTIMERCADO;12/11/2019;1,13677158
VERDE AM X60 ADVISORY FIC MULTIMERCADO;13/11/2019;1,13600013
VERDE AM X60 ADVISORY FIC MULTIMERCADO;14/11/2019;1,1378554
VERDE AM X60 ADVISORY FIC MULTIMERCADO;18/11/2019;1,13790188
VERDE AM X60 ADVISORY FIC MULTIMERCADO;19/11/2019;1,13713707
VERDE AM X60 ADVISORY FIC MULTIMERCADO;20/11/2019;1,1367227
VERDE AM X60 ADVISORY FIC MULTIMERCADO;21/11/2019;1,13863191
VERDE AM X60 ADVISORY FIC MULTIMERCADO;22/11/2019;1,13898805
VERDE AM X60 ADVISORY FIC MULTIMERCADO;25/11/2019;1,13905663
VERDE AM X60 ADVISORY FIC MULTIMERCADO;26/11/2019;1,13864111
VERDE AM X60 ADVISORY FIC MULTIMERCADO;27/11/2019;1,13888597
VERDE AM X60 ADVISORY FIC MULTIMERCADO;28/11/2019;1,13952591
VERDE AM X60 ADVISORY FIC MULTIMERCADO;29/11/2019;1,14006788
VERDE AM X60 ADVISORY FIC MULTIMERCADO;02/12/2019;1,1426039
VERDE AM X60 ADVISORY FIC MULTIMERCADO;03/12/2019;1,14293067
VERDE AM X60 ADVISORY FIC MULTIMERCADO;04/12/2019;1,14497429
VERDE AM X60 ADVISORY FIC MULTIMERCADO;05/12/2019;1,14584271
VERDE AM X60 ADVISORY FIC MULTIMERCADO;06/12/2019;1,14695466
VERDE AM X60 ADVISORY FIC MULTIMERCADO;09/12/2019;1,14664472
VERDE AM X60 ADVISORY FIC MULTIMERCADO;10/12/2019;1,14678083
VERDE AM X60 ADVISORY FIC MULTIMERCADO;11/12/2019;1,14867159
VERDE AM X60 ADVISORY FIC MULTIMERCADO;12/12/2019;1,15070291
VERDE AM X60 ADVISORY FIC MULTIMERCADO;13/12/2019;1,15074527
VERDE AM X60 ADVISORY FIC MULTIMERCADO;16/12/2019;1,15155421
VERDE AM X60 ADVISORY FIC MULTIMERCADO;17/12/2019;1,1525868
VERDE AM X60 ADVISORY FIC MULTIMERCADO;18/12/2019;1,15421031
VERDE AM X60 ADVISORY FIC MULTIMERCADO;19/12/2019;1,15560338
VERDE AM X60 ADVISORY FIC MULTIMERCADO;20/12/2019;1,15630838
VERDE AM X60 ADVISORY FIC MULTIMERCADO;23/12/2019;1,1583155
VERDE AM X60 ADVISORY FIC MULTIMERCADO;24/12/2019;1,15851191
VERDE AM X60 ADVISORY FIC MULTIMERCADO;26/12/2019;1,16144879
VERDE AM X60 ADVISORY FIC MULTIMERCADO;27/12/2019;1,16130383
VERDE AM X60 ADVISORY FIC MULTIMERCADO;30/12/2019;1,16113104
VERDE AM X60 ADVISORY FIC MULTIMERCADO;31/12/2019;1,16157351
VERDE AM X60 ADVISORY FIC MULTIMERCADO;02/01/2020;1,16644388
VERDE AM X60 ADVISORY FIC MULTIMERCADO;03/01/2020;1,16551377
VERDE AM X60 ADVISORY FIC MULTIMERCADO;06/01/2020;1,16177981
VERDE AM X60 ADVISORY FIC MULTIMERCADO;07/01/2020;1,16105647
VERDE AM X60 ADVISORY FIC MULTIMERCADO;08/01/2020;1,16031609
VERDE AM X60 ADVISORY FIC MULTIMERCADO;09/01/2020;1,16132546
VERDE AM X60 ADVISORY FIC MULTIMERCADO;10/01/2020;1,16126581
VERDE AM X60 ADVISORY FIC MULTIMERCADO;13/01/2020;1,1648938
VERDE AM X60 ADVISORY FIC MULTIMERCADO;14/01/2020;1,16575213
VERDE AM X60 ADVISORY FIC MULTIMERCADO;15/01/2020;1,16414517
VERDE AM X60 ADVISORY FIC MULTIMERCADO;16/01/2020;1,16478832
VERDE AM X60 ADVISORY FIC MULTIMERCADO;17/01/2020;1,16821275
VERDE AM X60 ADVISORY FIC MULTIMERCADO;20/01/2020;1,16840791
VERDE AM X60 ADVISORY FIC MULTIMERCADO;21/01/2020;1,16477915
VERDE AM X60 ADVISORY FIC MULTIMERCADO;22/01/2020;1,16774126
VERDE AM X60 ADVISORY FIC MULTIMERCADO;23/01/2020;1,16919629
VERDE AM X60 ADVISORY FIC MULTIMERCADO;24/01/2020;1,16716959
VERDE AM X60 ADVISORY FIC MULTIMERCADO;27/01/2020;1,15871799
VERDE AM X60 ADVISORY FIC MULTIMERCADO;28/01/2020;1,16528606
VERDE AM X60 ADVISORY FIC MULTIMERCADO;29/01/2020;1,1633757
VERDE AM X60 ADVISORY FIC MULTIMERCADO;30/01/2020;1,16307604
VERDE AM X60 ADVISORY FIC MULTIMERCADO;31/01/2020;1,15891404
VERDE AM X60 ADVISORY FIC MULTIMERCADO;03/02/2020;1,16132971
VERDE AM X60 ADVISORY FIC MULTIMERCADO;04/02/2020;1,16466689
VERDE AM X60 ADVISORY FIC MULTIMERCADO;05/02/2020;1,16541179
VERDE AM X60 ADVISORY FIC MULTIMERCADO;06/02/2020;1,16296101
VERDE AM X60 ADVISORY FIC MULTIMERCADO;07/02/2020;1,15829947
VERDE AM X60 ADVISORY FIC MULTIMERCADO;10/02/2020;1,1559689
VERDE AM X60 ADVISORY FIC MULTIMERCADO;11/02/2020;1,16333432
VERDE AM X60 ADVISORY FIC MULTIMERCADO;12/02/2020;1,16900922
VERDE AM X60 ADVISORY FIC MULTIMERCADO;13/02/2020;1,16768689
VERDE AM X60 ADVISORY FIC MULTIMERCADO;14/02/2020;1,16729668
VERDE AM X60 ADVISORY FIC MULTIMERCADO;17/02/2020;1,16843896
VERDE AM X60 ADVISORY FIC MULTIMERCADO;18/02/2020;1,16752181
VERDE AM X60 ADVISORY FIC MULTIMERCADO;19/02/2020;1,17085375
VERDE AM X60 ADVISORY FIC MULTIMERCADO;20/02/2020;1,16569342
VERDE AM X60 ADVISORY FIC MULTIMERCADO;21/02/2020;1,16192905
VERDE AM X60 ADVISORY FIC MULTIMERCADO;26/02/2020;1,13684369
VERDE AM X60 ADVISORY FIC MULTIMERCADO;27/02/2020;1,12323461
VERDE AM X60 ADVISORY FIC MULTIMERCADO;28/02/2020;1,12545691
VERDE AM X60 ADVISORY FIC MULTIMERCADO;02/03/2020;1,13864879
VERDE AM X60 ADVISORY FIC MULTIMERCADO;03/03/2020;1,13208501
VERDE AM X60 ADVISORY FIC MULTIMERCADO;04/03/2020;1,14521437
VERDE AM X60 ADVISORY FIC MULTIMERCADO;05/03/2020;1,12323142
VERDE AM X60 ADVISORY FIC MULTIMERCADO;06/03/2020;1,10771053
VERDE AM X60 ADVISORY FIC MULTIMERCADO;09/03/2020;1,05592173
VERDE AM X60 ADVISORY FIC MULTIMERCADO;10/03/2020;1,08390655
VERDE AM X60 ADVISORY FIC MULTIMERCADO;11/03/2020;1,0440095
VERDE AM X60 ADVISORY FIC MULTIMERCADO;12/03/2020;0,99553902
VERDE AM X60 ADVISORY FIC MULTIMERCADO;13/03/2020;1,0427009
VERDE AM X60 ADVISORY FIC MULTIMERCADO;16/03/2020;0,97190593
VERDE AM X60 ADVISORY FIC MULTIMERCADO;17/03/2020;0,98228284
VERDE AM X60 ADVISORY FIC MULTIMERCADO;18/03/2020;0,95592436
VERDE AM X60 ADVISORY FIC MULTIMERCADO;19/03/2020;0,95920329
VERDE AM X60 ADVISORY FIC MULTIMERCADO;20/03/2020;0,94480589
VERDE AM X60 ADVISORY FIC MULTIMERCADO;23/03/2020;0,92642953
VERDE AM X60 ADVISORY FIC MULTIMERCADO;24/03/2020;0,97118871
VERDE AM X60 ADVISORY FIC MULTIMERCADO;25/03/2020;0,98378034
VERDE AM X60 ADVISORY FIC MULTIMERCADO;26/03/2020;1,01345909
VERDE AM X60 ADVISORY FIC MULTIMERCADO;27/03/2020;0,9934778
VERDE AM X60 ADVISORY FIC MULTIMERCADO;30/03/2020;1,00886139
VERDE AM X60 ADVISORY FIC MULTIMERCADO;31/03/2020;0,99627597
VERDE AM X60 ADVISORY FIC MULTIMERCADO;01/04/2020;0,97154381
VERDE AM X60 ADVISORY FIC MULTIMERCADO;02/04/2020;0,9833865
VERDE AM X60 ADVISORY FIC MULTIMERCADO;03/04/2020;0,97162159
VERDE AM X60 ADVISORY FIC MULTIMERCADO;06/04/2020;1,00760666
VERDE AM X60 ADVISORY FIC MULTIMERCADO;07/04/2020;1,01308286
VERDE AM X60 ADVISORY FIC MULTIMERCADO;08/04/2020;1,03237006
VERDE AM X60 ADVISORY FIC MULTIMERCADO;09/04/2020;1,0378818
VERDE AM X60 ADVISORY FIC MULTIMERCADO;13/04/2020;1,03719067
VERDE AM X60 ADVISORY FIC MULTIMERCADO;14/04/2020;1,05563993
VERDE AM X60 ADVISORY FIC MULTIMERCADO;15/04/2020;1,04815145
VERDE AM X60 ADVISORY FIC MULTIMERCADO;16/04/2020;1,05122474
VERDE AM X60 ADVISORY FIC MULTIMERCADO;17/04/2020;1,06753974
VERDE AM X60 ADVISORY FIC MULTIMERCADO;20/04/2020;1,06189415
VERDE AM X60 ADVISORY FIC MULTIMERCADO;22/04/2020;1,06436631
VERDE AM X60 ADVISORY FIC MULTIMERCADO;23/04/2020;1,0590867
VERDE AM X60 ADVISORY FIC MULTIMERCADO;24/04/2020;1,05843732
VERDE AM X60 ADVISORY FIC MULTIMERCADO;27/04/2020;1,07100873
VERDE AM X60 ADVISORY FIC MULTIMERCADO;28/04/2020;1,07734687
VERDE AM X60 ADVISORY FIC MULTIMERCADO;29/04/2020;1,0893394
VERDE AM X60 ADVISORY FIC MULTIMERCADO;30/04/2020;1,08095925
VERDE AM X60 ADVISORY FIC MULTIMERCADO;04/05/2020;1,07145169
VERDE AM X60 ADVISORY FIC MULTIMERCADO;05/05/2020;1,07668655
VERDE AM X60 ADVISORY FIC MULTIMERCADO;06/05/2020;1,07489168
VERDE AM X60 ADVISORY FIC MULTIMERCADO;07/05/2020;1,07673897
VERDE AM X60 ADVISORY FIC MULTIMERCADO;08/05/2020;1,08320936
VERDE AM X60 ADVISORY FIC MULTIMERCADO;11/05/2020;1,0806223
VERDE AM X60 ADVISORY FIC MULTIMERCADO;12/05/2020;1,07040266
VERDE AM X60 ADVISORY FIC MULTIMERCADO;13/05/2020;1,06613777
VERDE AM X60 ADVISORY FIC MULTIMERCADO;14/05/2020;1,07247523
VERDE AM X60 ADVISORY FIC MULTIMERCADO;15/05/2020;1,07022764
VERDE AM X60 ADVISORY FIC MULTIMERCADO;18/05/2020;1,08864114
VERDE AM X60 ADVISORY FIC MULTIMERCADO;19/05/2020;1,08542444
VERDE AM X60 ADVISORY FIC MULTIMERCADO;20/05/2020;1,09248622
VERDE AM X60 ADVISORY FIC MULTIMERCADO;21/05/2020;1,09197922
VERDE AM X60 ADVISORY FIC MULTIMERCADO;22/05/2020;1,09279513
VERDE AM X60 ADVISORY FIC MULTIMERCADO;25/05/2020;1,1000152
VERDE AM X60 ADVISORY FIC MULTIMERCADO;26/05/2020;1,10043333
VERDE AM X60 ADVISORY FIC MULTIMERCADO;27/05/2020;1,10737682
VERDE AM X60 ADVISORY FIC MULTIMERCADO;28/05/2020;1,10677676
VERDE AM X60 ADVISORY FIC MULTIMERCADO;29/05/2020;1,10754234
VERDE AM X60 ADVISORY FIC MULTIMERCADO;01/06/2020;1,1101713
VERDE AM X60 ADVISORY FIC MULTIMERCADO;02/06/2020;1,1116835
VERDE AM X60 ADVISORY FIC MULTIMERCADO;03/06/2020;1,11650262
VERDE AM X60 ADVISORY FIC MULTIMERCADO;04/06/2020;1,11494906
VERDE AM X60 ADVISORY FIC MULTIMERCADO;05/06/2020;1,12119077
VERDE AM X60 ADVISORY FIC MULTIMERCADO;08/06/2020;1,12652045
VERDE AM X60 ADVISORY FIC MULTIMERCADO;09/06/2020;1,12483939
VERDE AM X60 ADVISORY FIC MULTIMERCADO;10/06/2020;1,12181574
VERDE AM X60 ADVISORY FIC MULTIMERCADO;12/06/2020;1,1120637
VERDE AM X60 ADVISORY FIC MULTIMERCADO;15/06/2020;1,11386077
VERDE AM X60 ADVISORY FIC MULTIMERCADO;16/06/2020;1,11703364
VERDE AM X60 ADVISORY FIC MULTIMERCADO;17/06/2020;1,11952699
VERDE AM X60 ADVISORY FIC MULTIMERCADO;18/06/2020;1,11896398
VERDE AM X60 ADVISORY FIC MULTIMERCADO;19/06/2020;1,11748724
VERDE AM X60 ADVISORY FIC MULTIMERCADO;22/06/2020;1,11882133
VERDE AM X60 ADVISORY FIC MULTIMERCADO;23/06/2020;1,11974595
VERDE AM X60 ADVISORY FIC MULTIMERCADO;24/06/2020;1,11416284
VERDE AM X60 ADVISORY FIC MULTIMERCADO;25/06/2020;1,11689388
VERDE AM X60 ADVISORY FIC MULTIMERCADO;26/06/2020;1,10982323
VERDE AM X60 ADVISORY FIC MULTIMERCADO;29/06/2020;1,11442796
VERDE AM X60 ADVISORY FIC MULTIMERCADO;30/06/2020;1,11708618
VERDE AM X60 ADVISORY FIC MULTIMERCADO;01/07/2020;1,12173809
VERDE AM X60 ADVISORY FIC MULTIMERCADO;02/07/2020;1,12290217
VERDE AM X60 ADVISORY FIC MULTIMERCADO;03/07/2020;1,12420432
VERDE AM X60 ADVISORY FIC MULTIMERCADO;06/07/2020;1,12756109
VERDE AM X60 ADVISORY FIC MULTIMERCADO;07/07/2020;1,12571188
VERDE AM X60 ADVISORY FIC MULTIMERCADO;08/07/2020;1,12933379
VERDE AM X60 ADVISORY FIC MULTIMERCADO;09/07/2020;1,1279646
VERDE AM X60 ADVISORY FIC MULTIMERCADO;10/07/2020;1,13118136
VERDE AM X60 ADVISORY FIC MULTIMERCADO;13/07/2020;1,12692634
VERDE AM X60 ADVISORY FIC MULTIMERCADO;14/07/2020;1,12895381
VERDE AM X60 ADVISORY FIC MULTIMERCADO;15/07/2020;1,13148971
VERDE AM X60 ADVISORY FIC MULTIMERCADO;16/07/2020;1,129578
VERDE AM X60 ADVISORY FIC MULTIMERCADO;17/07/2020;1,13444748
VERDE AM X60 ADVISORY FIC MULTIMERCADO;20/07/2020;1,13949243
VERDE AM X60 ADVISORY FIC MULTIMERCADO;21/07/2020;1,14042088
VERDE AM X60 ADVISORY FIC MULTIMERCADO;22/07/2020;1,14035398
VERDE AM X60 ADVISORY FIC MULTIMERCADO;23/07/2020;1,13344774
VERDE AM X60 ADVISORY FIC MULTIMERCADO;24/07/2020;1,13215818
VERDE AM X60 ADVISORY FIC MULTIMERCADO;27/07/2020;1,13615159
VERDE AM X60 ADVISORY FIC MULTIMERCADO;28/07/2020;1,13451012
VERDE AM X60 ADVISORY FIC MULTIMERCADO;29/07/2020;1,13957426
VERDE AM X60 ADVISORY FIC MULTIMERCADO;30/07/2020;1,14087534
VERDE AM X60 ADVISORY FIC MULTIMERCADO;31/07/2020;1,13910191
VERDE AM X60 ADVISORY FIC MULTIMERCADO;03/08/2020;1,14026596
VERDE AM X60 ADVISORY FIC MULTIMERCADO;04/08/2020;1,13843736
VERDE AM X60 ADVISORY FIC MULTIMERCADO;05/08/2020;1,14549503
VERDE AM X60 ADVISORY FIC MULTIMERCADO;06/08/2020;1,15056037
VERDE AM X60 ADVISORY FIC MULTIMERCADO;07/08/2020;1,1486719
VERDE AM X60 ADVISORY FIC MULTIMERCADO;10/08/2020;1,14927661
VERDE AM X60 ADVISORY FIC MULTIMERCADO;11/08/2020;1,14548257
VERDE AM X60 ADVISORY FIC MULTIMERCADO;12/08/2020;1,14758041
VERDE AM X60 ADVISORY FIC MULTIMERCADO;13/08/2020;1,14469957
VERDE AM X60 ADVISORY FIC MULTIMERCADO;14/08/2020;1,14821368
VERDE AM X60 ADVISORY FIC MULTIMERCADO;17/08/2020;1,14520003
VERDE AM X60 ADVISORY FIC MULTIMERCADO;18/08/2020;1,1520576
VERDE AM X60 ADVISORY FIC MULTIMERCADO;19/08/2020;1,14805592
VERDE AM X60 ADVISORY FIC MULTIMERCADO;20/08/2020;1,15042159
VERDE AM X60 ADVISORY FIC MULTIMERCADO;21/08/2020;1,15214432
VERDE AM X60 ADVISORY FIC MULTIMERCADO;24/08/2020;1,1557956
VERDE AM X60 ADVISORY FIC MULTIMERCADO;25/08/2020;1,15722786
VERDE AM X60 ADVISORY FIC MULTIMERCADO;26/08/2020;1,15575496
VERDE AM X60 ADVISORY FIC MULTIMERCADO;27/08/2020;1,15502904
VERDE AM X60 ADVISORY FIC MULTIMERCADO;28/08/2020;1,15998679
VERDE AM X60 ADVISORY FIC MULTIMERCADO;31/08/2020;1,1535464
VERDE AM X60 ADVISORY FIC MULTIMERCADO;01/09/2020;1,16141652
VERDE AM X60 ADVISORY FIC MULTIMERCADO;02/09/2020;1,16010226
VERDE AM X60 ADVISORY FIC MULTIMERCADO;03/09/2020;1,15675378
VERDE AM X60 ADVISORY FIC MULTIMERCADO;04/09/2020;1,15681415
VERDE AM X60 ADVISORY FIC MULTIMERCADO;08/09/2020;1,15387867
VERDE AM X60 ADVISORY FIC MULTIMERCADO;09/09/2020;1,16037204
VERDE AM X60 ADVISORY FIC MULTIMERCADO;10/09/2020;1,15023167
VERDE AM X60 ADVISORY FIC MULTIMERCADO;11/09/2020;1,14978705
VERDE AM X60 ADVISORY FIC MULTIMERCADO;14/09/2020;1,15669809
VERDE AM X60 ADVISORY FIC MULTIMERCADO;15/09/2020;1,1573784
VERDE AM X60 ADVISORY FIC MULTIMERCADO;16/09/2020;1,15605576
VERDE AM X60 ADVISORY FIC MULTIMERCADO;17/09/2020;1,15627516
VERDE AM X60 ADVISORY FIC MULTIMERCADO;18/09/2020;1,14990287
VERDE AM X60 ADVISORY FIC MULTIMERCADO;21/09/2020;1,14474241
VERDE AM X60 ADVISORY FIC MULTIMERCADO;22/09/2020;1,14732473
VERDE AM X60 ADVISORY FIC MULTIMERCADO;23/09/2020;1,13810029
VERDE AM X60 ADVISORY FIC MULTIMERCADO;24/09/2020;1,14200226
VERDE AM X60 ADVISORY FIC MULTIMERCADO;25/09/2020;1,14469666
VERDE AM X60 ADVISORY FIC MULTIMERCADO;28/09/2020;1,14015446
VERDE AM X60 ADVISORY FIC MULTIMERCADO;29/09/2020;1,13642673
VERDE AM X60 ADVISORY FIC MULTIMERCADO;30/09/2020;1,13925806
VERDE AM X60 ADVISORY FIC MULTIMERCADO;01/10/2020;1,14372655
VERDE AM X60 ADVISORY FIC MULTIMERCADO;02/10/2020;1,13645164
VERDE AM X60 ADVISORY FIC MULTIMERCADO;05/10/2020;1,14425228
VERDE AM X60 ADVISORY FIC MULTIMERCADO;06/10/2020;1,13703006
VERDE AM X60 ADVISORY FIC MULTIMERCADO;07/10/2020;1,14058319
VERDE AM X60 ADVISORY FIC MULTIMERCADO;08/10/2020;1,14808886
VERDE AM X60 ADVISORY FIC MULTIMERCADO;09/10/2020;1,15075921
VERDE AM X60 ADVISORY FIC MULTIMERCADO;13/10/2020;1,1566523
VERDE AM X60 ADVISORY FIC MULTIMERCADO;14/10/2020;1,15744072
VERDE AM X60 ADVISORY FIC MULTIMERCADO;15/10/2020;1,1568388
VERDE AM X60 ADVISORY FIC MULTIMERCADO;16/10/2020;1,15470329
VERDE AM X60 ADVISORY FIC MULTIMERCADO;19/10/2020;1,15481252
VERDE AM X60 ADVISORY FIC MULTIMERCADO;20/10/2020;1,15914092
VERDE AM X60 ADVISORY FIC MULTIMERCADO;21/10/2020;1,15935382
VERDE AM X60 ADVISORY FIC MULTIMERCADO;22/10/2020;1,16121804
VERDE AM X60 ADVISORY FIC MULTIMERCADO;23/10/2020;1,16057053
VERDE AM X60 ADVISORY FIC MULTIMERCADO;26/10/2020;1,15711864
VERDE AM X60 ADVISORY FIC MULTIMERCADO;27/10/2020;1,15402251
VERDE AM X60 ADVISORY FIC MULTIMERCADO;28/10/2020;1,13536639
VERDE AM X60 ADVISORY FIC MULTIMERCADO;29/10/2020;1,14425442
VERDE AM X60 ADVISORY FIC MULTIMERCADO;30/10/2020;1,13329242
VERDE AM X60 ADVISORY FIC MULTIMERCADO;03/11/2020;1,14386553
VERDE AM X60 ADVISORY FIC MULTIMERCADO;04/11/2020;1,15776513
VERDE AM X60 ADVISORY FIC MULTIMERCADO;05/11/2020;1,17111675
VERDE AM X60 ADVISORY FIC MULTIMERCADO;06/11/2020;1,17224133
VERDE AM X60 ADVISORY FIC MULTIMERCADO;09/11/2020;1,17233466
VERDE AM X60 ADVISORY FIC MULTIMERCADO;10/11/2020;1,17375131
VERDE AM X60 ADVISORY FIC MULTIMERCADO;11/11/2020;1,17398885
VERDE AM X60 ADVISORY FIC MULTIMERCADO;12/11/2020;1,16645754
VERDE AM X60 ADVISORY FIC MULTIMERCADO;13/11/2020;1,17583655
VERDE AM X60 ADVISORY FIC MULTIMERCADO;16/11/2020;1,18002871
VERDE AM X60 ADVISORY FIC MULTIMERCADO;17/11/2020;1,17863643
VERDE AM X60 ADVISORY FIC MULTIMERCADO;18/11/2020;1,17472395
VERDE AM X60 ADVISORY FIC MULTIMERCADO;19/11/2020;1,17505467
VERDE AM X60 ADVISORY FIC MULTIMERCADO;20/11/2020;1,17363095
VERDE AM X60 ADVISORY FIC MULTIMERCADO;23/11/2020;1,1739959
VERDE AM X60 ADVISORY FIC MULTIMERCADO;24/11/2020;1,17823799
VERDE AM X60 ADVISORY FIC MULTIMERCADO;25/11/2020;1,1814868
VERDE AM X60 ADVISORY FIC MULTIMERCADO;26/11/2020;1,1824516
VERDE AM X60 ADVISORY FIC MULTIMERCADO;27/11/2020;1,18552753
VERDE AM X60 ADVISORY FIC MULTIMERCADO;30/11/2020;1,18212928
VERDE AM X60 ADVISORY FIC MULTIMERCADO;01/12/2020;1,18515116
VERDE AM X60 ADVISORY FIC MULTIMERCADO;02/12/2020;1,18691823
VERDE AM X60 ADVISORY FIC MULTIMERCADO;03/12/2020;1,18678305
VERDE AM X60 ADVISORY FIC MULTIMERCADO;04/12/2020;1,18847314
VERDE AM X60 ADVISORY FIC MULTIMERCADO;07/12/2020;1,18551332
VERDE AM X60 ADVISORY FIC MULTIMERCADO;08/12/2020;1,18629287
VERDE AM X60 ADVISORY FIC MULTIMERCADO;09/12/2020;1,1836286
VERDE AM X60 ADVISORY FIC MULTIMERCADO;10/12/2020;1,18346579
VERDE AM X60 ADVISORY FIC MULTIMERCADO;11/12/2020;1,1843374
VERDE AM X60 ADVISORY FIC MULTIMERCADO;14/12/2020;1,18485094
VERDE AM X60 ADVISORY FIC MULTIMERCADO;15/12/2020;1,18933876
VERDE AM X60 ADVISORY FIC MULTIMERCADO;16/12/2020;1,19239939
VERDE AM X60 ADVISORY FIC MULTIMERCADO;17/12/2020;1,19386916
VERDE AM X60 ADVISORY FIC MULTIMERCADO;18/12/2020;1,19362095
VERDE AM X60 ADVISORY FIC MULTIMERCADO;21/12/2020;1,18978125
VERDE AM X60 ADVISORY FIC MULTIMERCADO;22/12/2020;1,19134976
VERDE AM X60 ADVISORY FIC MULTIMERCADO;23/12/2020;1,19375264
VERDE AM X60 ADVISORY FIC MULTIMERCADO;24/12/2020;1,19412638
VERDE AM X60 ADVISORY FIC MULTIMERCADO;28/12/2020;1,19756476
VERDE AM X60 ADVISORY FIC MULTIMERCADO;29/12/2020;1,197293
VERDE AM X60 ADVISORY FIC MULTIMERCADO;30/12/2020;1,19953872
VERDE AM X60 ADVISORY FIC MULTIMERCADO;31/12/2020;1,20036906
VERDE AM X60 ADVISORY FIC MULTIMERCADO;04/01/2021;1,19459386
VERDE AM X60 ADVISORY FIC MULTIMERCADO;05/01/2021;1,19616195
VERDE AM X60 ADVISORY FIC MULTIMERCADO;06/01/2021;1,19171759
VERDE AM X60 ADVISORY FIC MULTIMERCADO;07/01/2021;1,20075902
VERDE AM X60 ADVISORY FIC MULTIMERCADO;08/01/2021;1,21278672
VERDE AM X60 ADVISORY FIC MULTIMERCADO;11/01/2021;1,21252644
VERDE AM X60 ADVISORY FIC MULTIMERCADO;12/01/2021;1,21274501
VERDE AM X60 ADVISORY FIC MULTIMERCADO;13/01/2021;1,21058851
VERDE AM X60 ADVISORY FIC MULTIMERCADO;14/01/2021;1,21163096
VERDE AM X60 ADVISORY FIC MULTIMERCADO;15/01/2021;1,21082299
VERDE AM X60 ADVISORY FIC MULTIMERCADO;18/01/2021;1,21196702
VERDE AM X60 ADVISORY FIC MULTIMERCADO;19/01/2021;1,21348672
VERDE AM X60 ADVISORY FIC MULTIMERCADO;20/01/2021;1,21467402
VERDE AM X60 ADVISORY FIC MULTIMERCADO;21/01/2021;1,21478339
VERDE AM X60 ADVISORY FIC MULTIMERCADO;22/01/2021;1,21358951
VERDE AM X60 ADVISORY FIC MULTIMERCADO;25/01/2021;1,21249546
VERDE AM X60 ADVISORY FIC MULTIMERCADO;26/01/2021;1,21323585
VERDE AM X60 ADVISORY FIC MULTIMERCADO;27/01/2021;1,20715218
VERDE AM X60 ADVISORY FIC MULTIMERCADO;28/01/2021;1,2151843
VERDE AM X60 ADVISORY FIC MULTIMERCADO;29/01/2021;1,20805468
VERDE AM X60 ADVISORY FIC MULTIMERCADO;01/02/2021;1,21446012
VERDE AM X60 ADVISORY FIC MULTIMERCADO;02/02/2021;1,21845181
VERDE AM X60 ADVISORY FIC MULTIMERCADO;03/02/2021;1,22159614
VERDE AM X60 ADVISORY FIC MULTIMERCADO;04/02/2021;1,22383626
VERDE AM X60 ADVISORY FIC MULTIMERCADO;05/02/2021;1,22646172
VERDE AM X60 ADVISORY FIC MULTIMERCADO;08/02/2021;1,22640535
VERDE AM X60 ADVISORY FIC MULTIMERCADO;09/02/2021;1,22700409
VERDE AM X60 ADVISORY FIC MULTIMERCADO;10/02/2021;1,22439924
VERDE AM X60 ADVISORY FIC MULTIMERCADO;11/02/2021;1,22805943
VERDE AM X60 ADVISORY FIC MULTIMERCADO;12/02/2021;1,23012968
VERDE AM X60 ADVISORY FIC MULTIMERCADO;17/02/2021;1,23264203
VERDE AM X60 ADVISORY FIC MULTIMERCADO;18/02/2021;1,23066153
VERDE AM X60 ADVISORY FIC MULTIMERCADO;19/02/2021;1,23230809
VERDE AM X60 ADVISORY FIC MULTIMERCADO;22/02/2021;1,22224125
VERDE AM X60 ADVISORY FIC MULTIMERCADO;23/02/2021;1,22246995
VERDE AM X60 ADVISORY FIC MULTIMERCADO;24/02/2021;1,22287584
VERDE AM X60 ADVISORY FIC MULTIMERCADO;25/02/2021;1,21244051
VERDE AM X60 ADVISORY FIC MULTIMERCADO;26/02/2021;1,20283481
VERDE AM X60 ADVISORY FIC MULTIMERCADO;01/03/2021;1,20702156
VERDE AM X60 ADVISORY FIC MULTIMERCADO;02/03/2021;1,20716719
VERDE AM X60 ADVISORY FIC MULTIMERCADO;03/03/2021;1,20424651
VERDE AM X60 ADVISORY FIC MULTIMERCADO;04/03/2021;1,20485587
VERDE AM X60 ADVISORY FIC MULTIMERCADO;05/03/2021;1,21509157
VERDE AM X60 ADVISORY FIC MULTIMERCADO;08/03/2021;1,20278488
VERDE AM X60 ADVISORY FIC MULTIMERCADO;09/03/2021;1,20651624
VERDE AM X60 ADVISORY FIC MULTIMERCADO;10/03/2021;1,20396761
VERDE AM X60 ADVISORY FIC MULTIMERCADO;11/03/2021;1,21000756
VERDE AM X60 ADVISORY FIC MULTIMERCADO;12/03/2021;1,21093651
VERDE AM X60 ADVISORY FIC MULTIMERCADO;15/03/2021;1,21496418
VERDE AM X60 ADVISORY FIC MULTIMERCADO;16/03/2021;1,21304912
VERDE AM X60 ADVISORY FIC MULTIMERCADO;17/03/2021;1,21905226
VERDE AM X60 ADVISORY FIC MULTIMERCADO;18/03/2021;1,21007194
VERDE AM X60 ADVISORY FIC MULTIMERCADO;19/03/2021;1,21369207
VERDE AM X60 ADVISORY FIC MULTIMERCADO;22/03/2021;1,21164154
VERDE AM X60 ADVISORY FIC MULTIMERCADO;23/03/2021;1,20693316
VERDE AM X60 ADVISORY FIC MULTIMERCADO;24/03/2021;1,20235324
VERDE AM X60 ADVISORY FIC MULTIMERCADO;25/03/2021;1,21189493
VERDE AM X60 ADVISORY FIC MULTIMERCADO;26/03/2021;1,21826675
VERDE AM X60 ADVISORY FIC MULTIMERCADO;29/03/2021;1,21637898
VERDE AM X60 ADVISORY FIC MULTIMERCADO;30/03/2021;1,22102983
VERDE AM X60 ADVISORY FIC MULTIMERCADO;31/03/2021;1,22193093
VERDE AM X60 ADVISORY FIC MULTIMERCADO;01/04/2021;1,22356052
VERDE AM X60 ADVISORY FIC MULTIMERCADO;05/04/2021;1,22825584
VERDE AM X60 ADVISORY FIC MULTIMERCADO;06/04/2021;1,228709
VERDE AM X60 ADVISORY FIC MULTIMERCADO;07/04/2021;1,22816439
VERDE AM X60 ADVISORY FIC MULTIMERCADO;08/04/2021;1,23000916
VERDE AM X60 ADVISORY FIC MULTIMERCADO;09/04/2021;1,23170807
VERDE AM X60 ADVISORY FIC MULTIMERCADO;12/04/2021;1,23617932
VERDE AM X60 ADVISORY FIC MULTIMERCADO;13/04/2021;1,23511048
VERDE AM X60 ADVISORY FIC MULTIMERCADO;14/04/2021;1,23455318
VERDE AM X60 ADVISORY FIC MULTIMERCADO;15/04/2021;1,2347653
VERDE AM X60 ADVISORY FIC MULTIMERCADO;16/04/2021;1,23838416
VERDE AM X60 ADVISORY FIC MULTIMERCADO;19/04/2021;1,23664451
VERDE AM X60 ADVISORY FIC MULTIMERCADO;20/04/2021;1,23438793
VERDE AM X60 ADVISORY FIC MULTIMERCADO;22/04/2021;1,22901117
VERDE AM X60 ADVISORY FIC MULTIMERCADO;23/04/2021;1,23456957
VERDE AM X60 ADVISORY FIC MULTIMERCADO;26/04/2021;1,2358575
VERDE AM X60 ADVISORY FIC MULTIMERCADO;27/04/2021;1,23460425
VERDE AM X60 ADVISORY FIC MULTIMERCADO;28/04/2021;1,23534854
VERDE AM X60 ADVISORY FIC MULTIMERCADO;29/04/2021;1,23752289
VERDE AM X60 ADVISORY FIC MULTIMERCADO;30/04/2021;1,23632012
VERDE AM X60 ADVISORY FIC MULTIMERCADO;03/05/2021;1,23511684
VERDE AM X60 ADVISORY FIC MULTIMERCADO;04/05/2021;1,23079606
VERDE AM X60 ADVISORY FIC MULTIMERCADO;05/05/2021;1,23317704
VERDE AM X60 ADVISORY FIC MULTIMERCADO;06/05/2021;1,22907539
VERDE AM X60 ADVISORY FIC MULTIMERCADO;07/05/2021;1,23479522
VERDE AM X60 ADVISORY FIC MULTIMERCADO;10/05/2021;1,23178067
VERDE AM X60 ADVISORY FIC MULTIMERCADO;11/05/2021;1,2338313
VERDE AM X60 ADVISORY FIC MULTIMERCADO;12/05/2021;1,22757352
VERDE AM X60 ADVISORY FIC MULTIMERCADO;13/05/2021;1,23048463
VERDE AM X60 ADVISORY FIC MULTIMERCADO;14/05/2021;1,23489384
VERDE AM X60 ADVISORY FIC MULTIMERCADO;17/05/2021;1,23579773
VERDE AM X60 ADVISORY FIC MULTIMERCADO;18/05/2021;1,23424699
VERDE AM X60 ADVISORY FIC MULTIMERCADO;19/05/2021;1,2350486
VERDE AM X60 ADVISORY FIC MULTIMERCADO;20/05/2021;1,23680227
VERDE AM X60 ADVISORY FIC MULTIMERCADO;21/05/2021;1,2393156
VERDE AM X60 ADVISORY FIC MULTIMERCADO;24/05/2021;1,24179911
VERDE AM X60 ADVISORY FIC MULTIMERCADO;25/05/2021;1,23846859
VERDE AM X60 ADVISORY FIC MULTIMERCADO;26/05/2021;1,23978884
VERDE AM X60 ADVISORY FIC MULTIMERCADO;27/05/2021;1,24192998
VERDE AM X60 ADVISORY FIC MULTIMERCADO;28/05/2021;1,24353009
VERDE AM X60 ADVISORY FIC MULTIMERCADO;31/05/2021;1,24310915
VERDE AM X60 ADVISORY FIC MULTIMERCADO;01/06/2021;1,24491474
VERDE AM X60 ADVISORY FIC MULTIMERCADO;02/06/2021;1,24241931
VERDE AM X60 ADVISORY FIC MULTIMERCADO;04/06/2021;1,24305881
VERDE AM X60 ADVISORY FIC MULTIMERCADO;07/06/2021;1,24464652
VERDE AM X60 ADVISORY FIC MULTIMERCADO;08/06/2021;1,240397
VERDE AM X60 ADVISORY FIC MULTIMERCADO;09/06/2021;1,23924828
VERDE AM X60 ADVISORY FIC MULTIMERCADO;10/06/2021;1,23842504
VERDE AM X60 ADVISORY FIC MULTIMERCADO;11/06/2021;1,23651064
VERDE AM X60 ADVISORY FIC MULTIMERCADO;14/06/2021;1,24191189
VERDE AM X60 ADVISORY FIC MULTIMERCADO;15/06/2021;1,24220396
VERDE AM X60 ADVISORY FIC MULTIMERCADO;16/06/2021;1,24390152
VERDE AM X60 ADVISORY FIC MULTIMERCADO;17/06/2021;1,23790951
VERDE AM X60 ADVISORY FIC MULTIMERCADO;18/06/2021;1,23222715
VERDE AM X60 ADVISORY FIC MULTIMERCADO;21/06/2021;1,23822536
VERDE AM X60 ADVISORY FIC MULTIMERCADO;22/06/2021;1,23621183
VERDE AM X60 ADVISORY FIC MULTIMERCADO;23/06/2021;1,23741303
VERDE AM X60 ADVISORY FIC MULTIMERCADO;24/06/2021;1,24202465
VERDE AM X60 ADVISORY FIC MULTIMERCADO;25/06/2021;1,24176287
VERDE AM X60 ADVISORY FIC MULTIMERCADO;28/06/2021;1,24178533
VERDE AM X60 ADVISORY FIC MULTIMERCADO;29/06/2021;1,24258058
VERDE AM X60 ADVISORY FIC MULTIMERCADO;30/06/2021;1,24003763
VERDE AM X60 ADVISORY FIC MULTIMERCADO;01/07/2021;1,24002414
VERDE AM X60 ADVISORY FIC MULTIMERCADO;02/07/2021;1,24195318
VERDE AM X60 ADVISORY FIC MULTIMERCADO;05/07/2021;1,24146146
VERDE AM X60 ADVISORY FIC MULTIMERCADO;06/07/2021;1,23154655
VERDE AM X60 ADVISORY FIC MULTIMERCADO;07/07/2021;1,23396062
VERDE AM X60 ADVISORY FIC MULTIMERCADO;08/07/2021;1,22763753
VERDE AM X60 ADVISORY FIC MULTIMERCADO;09/07/2021;1,231949
VERDE AM X60 ADVISORY FIC MULTIMERCADO;12/07/2021;1,23498503
VERDE AM X60 ADVISORY FIC MULTIMERCADO;13/07/2021;1,23860651
VERDE AM X60 ADVISORY FIC MULTIMERCADO;14/07/2021;1,23772203
VERDE AM X60 ADVISORY FIC MULTIMERCADO;15/07/2021;1,23256286
VERDE AM X60 ADVISORY FIC MULTIMERCADO;16/07/2021;1,23228024
VERDE AM X60 ADVISORY FIC MULTIMERCADO;19/07/2021;1,21773018
VERDE AM X60 ADVISORY FIC MULTIMERCADO;20/07/2021;1,22251821
VERDE AM X60 ADVISORY FIC MULTIMERCADO;21/07/2021;1,23047888
VERDE AM X60 ADVISORY FIC MULTIMERCADO;22/07/2021;1,23249739
VERDE AM X60 ADVISORY FIC MULTIMERCADO;23/07/2021;1,22949017
VERDE AM X60 ADVISORY FIC MULTIMERCADO;26/07/2021;1,23002131
VERDE AM X60 ADVISORY FIC MULTIMERCADO;27/07/2021;1,22152138
VERDE AM X60 ADVISORY FIC MULTIMERCADO;28/07/2021;1,22353739
VERDE AM X60 ADVISORY FIC MULTIMERCADO;29/07/2021;1,22849987
VERDE AM X60 ADVISORY FIC MULTIMERCADO;30/07/2021;1,21274687
VERDE AM X60 ADVISORY FIC MULTIMERCADO;02/08/2021;1,21169144
VERDE AM X60 ADVISORY FIC MULTIMERCADO;03/08/2021;1,21124997
VERDE AM X60 ADVISORY FIC MULTIMERCADO;04/08/2021;1,20826742
VERDE AM X60 ADVISORY FIC MULTIMERCADO;05/08/2021;1,20638111
VERDE AM X60 ADVISORY FIC MULTIMERCADO;06/08/2021;1,21441309
VERDE AM X60 ADVISORY FIC MULTIMERCADO;09/08/2021;1,21684773
VERDE AM X60 ADVISORY FIC MULTIMERCADO;10/08/2021;1,21798973
VERDE AM X60 ADVISORY FIC MULTIMERCADO;11/08/2021;1,21613716
VERDE AM X60 ADVISORY FIC MULTIMERCADO;12/08/2021;1,21426808
VERDE AM X60 ADVISORY FIC MULTIMERCADO;13/08/2021;1,2133146
VERDE AM X60 ADVISORY FIC MULTIMERCADO;16/08/2021;1,20322912
VERDE AM X60 ADVISORY FIC MULTIMERCADO;17/08/2021;1,19768133
VERDE AM X60 ADVISORY FIC MULTIMERCADO;18/08/2021;1,19413922
VERDE AM X60 ADVISORY FIC MULTIMERCADO;19/08/2021;1,20197942
VERDE AM X60 ADVISORY FIC MULTIMERCADO;20/08/2021;1,21115079
VERDE AM X60 ADVISORY FIC MULTIMERCADO;23/08/2021;1,20557667
VERDE AM X60 ADVISORY FIC MULTIMERCADO;24/08/2021;1,21532571
VERDE AM X60 ADVISORY FIC MULTIMERCADO;25/08/2021;1,22359278
VERDE AM X60 ADVISORY FIC MULTIMERCADO;26/08/2021;1,21641316
VERDE AM X60 ADVISORY FIC MULTIMERCADO;27/08/2021;1,22118708
VERDE AM X60 ADVISORY FIC MULTIMERCADO;30/08/2021;1,21854023
VERDE AM X60 ADVISORY FIC MULTIMERCADO;31/08/2021;1,21625207
VERDE AM X60 ADVISORY FIC MULTIMERCADO;01/09/2021;1,2206129
VERDE AM X60 ADVISORY FIC MULTIMERCADO;02/09/2021;1,21412755
VERDE AM X60 ADVISORY FIC MULTIMERCADO;03/09/2021;1,2176973
VERDE AM X60 ADVISORY FIC MULTIMERCADO;06/09/2021;1,22032896
VERDE AM X60 ADVISORY FIC MULTIMERCADO;08/09/2021;1,21129324
VERDE AM X60 ADVISORY FIC MULTIMERCADO;09/09/2021;1,21475756
VERDE AM X60 ADVISORY FIC MULTIMERCADO;10/09/2021;1,21291774
VERDE AM X60 ADVISORY FIC MULTIMERCADO;13/09/2021;1,21828803
VERDE AM X60 ADVISORY FIC MULTIMERCADO;14/09/2021;1,21892398
VERDE AM X60 ADVISORY FIC MULTIMERCADO;15/09/2021;1,22057615
VERDE AM X60 ADVISORY FIC MULTIMERCADO;16/09/2021;1,22160999
VERDE AM X60 ADVISORY FIC MULTIMERCADO;17/09/2021;1,21966932
VERDE AM X60 ADVISORY FIC MULTIMERCADO;20/09/2021;1,20610307
VERDE AM X60 ADVISORY FIC MULTIMERCADO;21/09/2021;1,2140308
VERDE AM X60 ADVISORY FIC MULTIMERCADO;22/09/2021;1,21468159
VERDE AM X60 ADVISORY FIC MULTIMERCADO;23/09/2021;1,22484962
VERDE AM X60 ADVISORY FIC MULTIMERCADO;24/09/2021;1,22416982
VERDE AM X60 ADVISORY FIC MULTIMERCADO;27/09/2021;1,221491
VERDE AM X60 ADVISORY FIC MULTIMERCADO;28/09/2021;1,2134617
VERDE AM X60 ADVISORY FIC MULTIMERCADO;29/09/2021;1,21329147
VERDE AM X60 ADVISORY FIC MULTIMERCADO;30/09/2021;1,2142393
VERDE AM X60 ADVISORY FIC MULTIMERCADO;01/10/2021;1,21997277
VERDE AM X60 ADVISORY FIC MULTIMERCADO;04/10/2021;1,20935923
VERDE AM X60 ADVISORY FIC MULTIMERCADO;05/10/2021;1,20823774
VERDE AM X60 ADVISORY FIC MULTIMERCADO;06/10/2021;1,20860724
VERDE AM X60 ADVISORY FIC MULTIMERCADO;07/10/2021;1,21229669
VERDE AM X60 ADVISORY FIC MULTIMERCADO;08/10/2021;1,22135248
VERDE AM X60 ADVISORY FIC MULTIMERCADO;11/10/2021;1,21826821
VERDE AM X60 ADVISORY FIC MULTIMERCADO;13/10/2021;1,21784092
VERDE AM X60 ADVISORY FIC MULTIMERCADO;14/10/2021;1,21498843
VERDE AM X60 ADVISORY FIC MULTIMERCADO;15/10/2021;1,22129655
VERDE AM X60 ADVISORY FIC MULTIMERCADO;18/10/2021;1,21682044
VERDE AM X60 ADVISORY FIC MULTIMERCADO;19/10/2021;1,20649705
VERDE AM X60 ADVISORY FIC MULTIMERCADO;20/10/2021;1,20654085
VERDE AM X60 ADVISORY FIC MULTIMERCADO;21/10/2021;1,19809034
VERDE AM X60 ADVISORY FIC MULTIMERCADO;22/10/2021;1,18991621
VERDE AM X60 ADVISORY FIC MULTIMERCADO;25/10/2021;1,19679655
VERDE AM X60 ADVISORY FIC MULTIMERCADO;26/10/2021;1,1823743
VERDE AM X60 ADVISORY FIC MULTIMERCADO;27/10/2021;1,17281577
VERDE AM X60 ADVISORY FIC MULTIMERCADO;28/10/2021;1,16291911
VERDE AM X60 ADVISORY FIC MULTIMERCADO;29/10/2021;1,16047185
VERDE AM X60 ADVISORY FIC MULTIMERCADO;01/11/2021;1,16642527
VERDE AM X60 ADVISORY FIC MULTIMERCADO;03/11/2021;1,18742325
VERDE AM X60 ADVISORY FIC MULTIMERCADO;04/11/2021;1,18029655
VERDE AM X60 ADVISORY FIC MULTIMERCADO;05/11/2021;1,17899064
VERDE AM X60 ADVISORY FIC MULTIMERCADO;08/11/2021;1,18152868
VERDE AM X60 ADVISORY FIC MULTIMERCADO;09/11/2021;1,18020644
VERDE AM X60 ADVISORY FIC MULTIMERCADO;10/11/2021;1,19198138
VERDE AM X60 ADVISORY FIC MULTIMERCADO;11/11/2021;1,19898629
VERDE AM X60 ADVISORY FIC MULTIMERCADO;12/11/2021;1,19624332
VERDE AM X60 ADVISORY FIC MULTIMERCADO;16/11/2021;1,19062679
VERDE AM X60 ADVISORY FIC MULTIMERCADO;17/11/2021;1,181145
VERDE AM X60 ADVISORY FIC MULTIMERCADO;18/11/2021;1,18077939
VERDE AM X60 ADVISORY FIC MULTIMERCADO;19/11/2021;1,18187946
VERDE AM X60 ADVISORY FIC MULTIMERCADO;22/11/2021;1,17590994
VERDE AM X60 ADVISORY FIC MULTIMERCADO;23/11/2021;1,1838192
VERDE AM X60 ADVISORY FIC MULTIMERCADO;24/11/2021;1,18141362
VERDE AM X60 ADVISORY FIC MULTIMERCADO;25/11/2021;1,18492576
VERDE AM X60 ADVISORY FIC MULTIMERCADO;26/11/2021;1,16427436
VERDE AM X60 ADVISORY FIC MULTIMERCADO;29/11/2021;1,16936448
VERDE AM X60 ADVISORY FIC MULTIMERCADO;30/11/2021;1,15720285
VERDE AM X60 ADVISORY FIC MULTIMERCADO;01/12/2021;1,1498261
VERDE AM X60 ADVISORY FIC MULTIMERCADO;02/12/2021;1,15890981
VERDE AM X60 ADVISORY FIC MULTIMERCADO;03/12/2021;1,16303176
VERDE AM X60 ADVISORY FIC MULTIMERCADO;06/12/2021;1,1681879
VERDE AM X60 ADVISORY FIC MULTIMERCADO;07/12/2021;1,17361106
VERDE AM X60 ADVISORY FIC MULTIMERCADO;08/12/2021;1,18575329
VERDE AM X60 ADVISORY FIC MULTIMERCADO;09/12/2021;1,17743279
VERDE AM X60 ADVISORY FIC MULTIMERCADO;10/12/2021;1,1854679
VERDE AM X60 ADVISORY FIC MULTIMERCADO;13/12/2021;1,17657632
VERDE AM X60 ADVISORY FIC MULTIMERCADO;14/12/2021;1,17132745
VERDE AM X60 ADVISORY FIC MULTIMERCADO;15/12/2021;1,17911809
VERDE AM X60 ADVISORY FIC MULTIMERCADO;16/12/2021;1,17704053
VERDE AM X60 ADVISORY FIC MULTIMERCADO;17/12/2021;1,17539262
VERDE AM X60 ADVISORY FIC MULTIMERCADO;20/12/2021;1,1710497
VERDE AM X60 ADVISORY FIC MULTIMERCADO;21/12/2021;1,1791949
VERDE AM X60 ADVISORY FIC MULTIMERCADO;22/12/2021;1,17781849
VERDE AM X60 ADVISORY FIC MULTIMERCADO;23/12/2021;1,17986088
VERDE AM X60 ADVISORY FIC MULTIMERCADO;24/12/2021;1,18008413
VERDE AM X60 ADVISORY FIC MULTIMERCADO;27/12/2021;1,18055694
VERDE AM X60 ADVISORY FIC MULTIMERCADO;28/12/2021;1,17848456
VERDE AM X60 ADVISORY FIC MULTIMERCADO;29/12/2021;1,17767382
VERDE AM X60 ADVISORY FIC MULTIMERCADO;30/12/2021;1,1815763
VERDE AM X60 ADVISORY FIC MULTIMERCADO;31/12/2021;1,18137761
VERDE AM X60 ADVISORY FIC MULTIMERCADO;03/01/2022;1,18069554
VERDE AM X60 ADVISORY FIC MULTIMERCADO;04/01/2022;1,17563442
VERDE AM X60 ADVISORY FIC MULTIMERCADO;05/01/2022;1,16490331
VERDE AM X60 ADVISORY FIC MULTIMERCADO;06/01/2022;1,16446958
VERDE AM X60 ADVISORY FIC MULTIMERCADO;07/01/2022;1,16399167
VERDE AM X60 ADVISORY FIC MULTIMERCADO;10/01/2022;1,16094908
VERDE AM X60 ADVISORY FIC MULTIMERCADO;11/01/2022;1,16786705
VERDE AM X60 ADVISORY FIC MULTIMERCADO;12/01/2022;1,17534532
VERDE AM X60 ADVISORY FIC MULTIMERCADO;13/01/2022;1,16734663
VERDE AM X60 ADVISORY FIC MULTIMERCADO;14/01/2022;1,17460852
VERDE AM X60 ADVISORY FIC MULTIMERCADO;17/01/2022;1,17063227
VERDE AM X60 ADVISORY FIC MULTIMERCADO;18/01/2022;1,1684231
VERDE AM X60 ADVISORY FIC MULTIMERCADO;19/01/2022;1,17464381
VERDE AM X60 ADVISORY FIC MULTIMERCADO;20/01/2022;1,1841859
VERDE AM X60 ADVISORY FIC MULTIMERCADO;21/01/2022;1,18077919
VERDE AM X60 ADVISORY FIC MULTIMERCADO;24/01/2022;1,17505677
VERDE AM X60 ADVISORY FIC MULTIMERCADO;25/01/2022;1,18064922
VERDE AM X60 ADVISORY FIC MULTIMERCADO;26/01/2022;1,18817279
VERDE AM X60 ADVISORY FIC MULTIMERCADO;27/01/2022;1,18865109
VERDE AM X60 ADVISORY FIC MULTIMERCADO;28/01/2022;1,18992803
VERDE AM X60 ADVISORY FIC MULTIMERCADO;31/01/2022;1,19845767
VERDE AM X60 ADVISORY FIC MULTIMERCADO;01/02/2022;1,20110423
VERDE AM X60 ADVISORY FIC MULTIMERCADO;02/02/2022;1,19729984
VERDE AM X60 ADVISORY FIC MULTIMERCADO;03/02/2022;1,19807261
VERDE AM X60 ADVISORY FIC MULTIMERCADO;04/02/2022;1,20275007
VERDE AM X60 ADVISORY FIC MULTIMERCADO;07/02/2022;1,19928276
VERDE AM X60 ADVISORY FIC MULTIMERCADO;08/02/2022;1,20513485
VERDE AM X60 ADVISORY FIC MULTIMERCADO;09/02/2022;1,20624651
VERDE AM X60 ADVISORY FIC MULTIMERCADO;10/02/2022;1,20777543
VERDE AM X60 ADVISORY FIC MULTIMERCADO;11/02/2022;1,19933145
VERDE AM X60 ADVISORY FIC MULTIMERCADO;14/02/2022;1,20758913
VERDE AM X60 ADVISORY FIC MULTIMERCADO;15/02/2022;1,21837041
VERDE AM X60 ADVISORY FIC MULTIMERCADO;16/02/2022;1,22077673
VERDE AM X60 ADVISORY FIC MULTIMERCADO;17/02/2022;1,21644742
VERDE AM X60 ADVISORY FIC MULTIMERCADO;18/02/2022;1,21094073
VERDE AM X60 ADVISORY FIC MULTIMERCADO;21/02/2022;1,20251656
VERDE AM X60 ADVISORY FIC MULTIMERCADO;22/02/2022;1,20790941
VERDE AM X60 ADVISORY FIC MULTIMERCADO;23/02/2022;1,20602981
VERDE AM X60 ADVISORY FIC MULTIMERCADO;24/02/2022;1,21173996
VERDE AM X60 ADVISORY FIC MULTIMERCADO;25/02/2022;1,21371855
VERDE AM X60 ADVISORY FIC MULTIMERCADO;02/03/2022;1,20423491
VERDE AM X60 ADVISORY FIC MULTIMERCADO;03/03/2022;1,20122675
VERDE AM X60 ADVISORY FIC MULTIMERCADO;04/03/2022;1,18729627
VERDE AM X60 ADVISORY FIC MULTIMERCADO;07/03/2022;1,18320298
VERDE AM X60 ADVISORY FIC MULTIMERCADO;08/03/2022;1,1975879
VERDE AM X60 ADVISORY FIC MULTIMERCADO;09/03/2022;1,21990342
VERDE AM X60 ADVISORY FIC MULTIMERCADO;10/03/2022;1,22144158
VERDE AM X60 ADVISORY FIC MULTIMERCADO;11/03/2022;1,21085025
VERDE AM X60 ADVISORY FIC MULTIMERCADO;14/03/2022;1,22495939
VERDE AM X60 ADVISORY FIC MULTIMERCADO;15/03/2022;1,22724804
VERDE AM X60 ADVISORY FIC MULTIMERCADO;16/03/2022;1,23739288
VERDE AM X60 ADVISORY FIC MULTIMERCADO;17/03/2022;1,24478181
VERDE AM X60 ADVISORY FIC MULTIMERCADO;18/03/2022;1,25061311
VERDE AM X60 ADVISORY FIC MULTIMERCADO;21/03/2022;1,25755205
VERDE AM X60 ADVISORY FIC MULTIMERCADO;22/03/2022;1,26782504
VERDE AM X60 ADVISORY FIC MULTIMERCADO;23/03/2022;1,26238427
VERDE AM X60 ADVISORY FIC MULTIMERCADO;24/03/2022;1,27191086
VERDE AM X60 ADVISORY FIC MULTIMERCADO;25/03/2022;1,27588838
VERDE AM X60 ADVISORY FIC MULTIMERCADO;28/03/2022;1,27212268
VERDE AM X60 ADVISORY FIC MULTIMERCADO;29/03/2022;1,27477213
VERDE AM X60 ADVISORY FIC MULTIMERCADO;30/03/2022;1,26973839
VERDE AM X60 ADVISORY FIC MULTIMERCADO;31/03/2022;1,26353096
VERDE AM X60 ADVISORY FIC MULTIMERCADO;01/04/2022;1,27263987
VERDE AM X60 ADVISORY FIC MULTIMERCADO;04/04/2022;1,27079993
VERDE AM X60 ADVISORY FIC MULTIMERCADO;05/04/2022;1,27607718
VERDE AM X60 ADVISORY FIC MULTIMERCADO;06/04/2022;1,27262377
VERDE AM X60 ADVISORY FIC MULTIMERCADO;07/04/2022;1,27452993
VERDE AM X60 ADVISORY FIC MULTIMERCADO;08/04/2022;1,27765766
VERDE AM X60 ADVISORY FIC MULTIMERCADO;11/04/2022;1,27702097
VERDE AM X60 ADVISORY FIC MULTIMERCADO;12/04/2022;1,27702426
VERDE AM X60 ADVISORY FIC MULTIMERCADO;13/04/2022;1,27906988
VERDE AM X60 ADVISORY FIC MULTIMERCADO;14/04/2022;1,28837782
VERDE AM X60 ADVISORY FIC MULTIMERCADO;18/04/2022;1,28702011
VERDE AM X60 ADVISORY FIC MULTIMERCADO;19/04/2022;1,29449695
VERDE AM X60 ADVISORY FIC MULTIMERCADO;20/04/2022;1,28573985
VERDE AM X60 ADVISORY FIC MULTIMERCADO;22/04/2022;1,28367653
VERDE AM X60 ADVISORY FIC MULTIMERCADO;25/04/2022;1,2814453
VERDE AM X60 ADVISORY FIC MULTIMERCADO;26/04/2022;1,27460386
VERDE AM X60 ADVISORY FIC MULTIMERCADO;27/04/2022;1,27793355
VERDE AM X60 ADVISORY FIC MULTIMERCADO;28/04/2022;1,28002827
VERDE AM X60 ADVISORY FIC MULTIMERCADO;29/04/2022;1,2758936
VERDE AM X60 ADVISORY FIC MULTIMERCADO;02/05/2022;1,2828933
VERDE AM X60 ADVISORY FIC MULTIMERCADO;03/05/2022;1,27799566
VERDE AM X60 ADVISORY FIC MULTIMERCADO;04/05/2022;1,28552748
VERDE AM X60 ADVISORY FIC MULTIMERCADO;05/05/2022;1,28322152
VERDE AM X60 ADVISORY FIC MULTIMERCADO;06/05/2022;1,28263172
VERDE AM X60 ADVISORY FIC MULTIMERCADO;09/05/2022;1,27301439
VERDE AM X60 ADVISORY FIC MULTIMERCADO;10/05/2022;1,27411798
VERDE AM X60 ADVISORY FIC MULTIMERCADO;11/05/2022;1,27356705
VERDE AM X60 ADVISORY FIC MULTIMERCADO;12/05/2022;1,27380111
VERDE AM X60 ADVISORY FIC MULTIMERCADO;13/05/2022;1,28463885
VERDE AM X60 ADVISORY FIC MULTIMERCADO;16/05/2022;1,28226282
VERDE AM X60 ADVISORY FIC MULTIMERCADO;17/05/2022;1,2858084
VERDE AM X60 ADVISORY FIC MULTIMERCADO;18/05/2022;1,2735373
VERDE AM X60 ADVISORY FIC MULTIMERCADO;19/05/2022;1,27288682
VERDE AM X60 ADVISORY FIC MULTIMERCADO;20/05/2022;1,27341563
VERDE AM X60 ADVISORY FIC MULTIMERCADO;23/05/2022;1,27773912
VERDE AM X60 ADVISORY FIC MULTIMERCADO;24/05/2022;1,27809868
VERDE AM X60 ADVISORY FIC MULTIMERCADO;25/05/2022;1,28313648
VERDE AM X60 ADVISORY FIC MULTIMERCADO;26/05/2022;1,28959231
VERDE AM X60 ADVISORY FIC MULTIMERCADO;27/05/2022;1,2919704
VERDE AM X60 ADVISORY FIC MULTIMERCADO;30/05/2022;1,29242485
VERDE AM X60 ADVISORY FIC MULTIMERCADO;31/05/2022;1,29198381
VERDE AM X60 ADVISORY FIC MULTIMERCADO;01/06/2022;1,29360553
VERDE AM X60 ADVISORY FIC MULTIMERCADO;02/06/2022;1,30058895
VERDE AM X60 ADVISORY FIC MULTIMERCADO;03/06/2022;1,29734894
VERDE AM X60 ADVISORY FIC MULTIMERCADO;06/06/2022;1,29431929
VERDE AM X60 ADVISORY FIC MULTIMERCADO;07/06/2022;1,2963301
VERDE AM X60 ADVISORY FIC MULTIMERCADO;08/06/2022;1,29602853
VERDE AM X60 ADVISORY FIC MULTIMERCADO;09/06/2022;1,29443977
VERDE AM X60 ADVISORY FIC MULTIMERCADO;10/06/2022;1,288224
VERDE AM X60 ADVISORY FIC MULTIMERCADO;13/06/2022;1,27468574
VERDE AM X60 ADVISORY FIC MULTIMERCADO;14/06/2022;1,27589726
VERDE AM X60 ADVISORY FIC MULTIMERCADO;15/06/2022;1,2845243
VERDE AM X60 ADVISORY FIC MULTIMERCADO;17/06/2022;1,28237792
VERDE AM X60 ADVISORY FIC MULTIMERCADO;20/06/2022;1,27816104
VERDE AM X60 ADVISORY FIC MULTIMERCADO;21/06/2022;1,28052727
VERDE AM X60 ADVISORY FIC MULTIMERCADO;22/06/2022;1,27651004
VERDE AM X60 ADVISORY FIC MULTIMERCADO;23/06/2022;1,27313779
VERDE AM X60 ADVISORY FIC MULTIMERCADO;24/06/2022;1,27615816
VERDE AM X60 ADVISORY FIC MULTIMERCADO;27/06/2022;1,27919959
VERDE AM X60 ADVISORY FIC MULTIMERCADO;28/06/2022;1,28066082
VERDE AM X60 ADVISORY FIC MULTIMERCADO;29/06/2022;1,27740616
VERDE AM X60 ADVISORY FIC MULTIMERCADO;30/06/2022;1,2678386
VERDE AM X60 ADVISORY FIC MULTIMERCADO;01/07/2022;1,26213275
VERDE AM X60 ADVISORY FIC MULTIMERCADO;04/07/2022;1,25889458
VERDE AM X60 ADVISORY FIC MULTIMERCADO;05/07/2022;1,25544863
VERDE AM X60 ADVISORY FIC MULTIMERCADO;06/07/2022;1,26294184
VERDE AM X60 ADVISORY FIC MULTIMERCADO;07/07/2022;1,27425046
VERDE AM X60 ADVISORY FIC MULTIMERCADO;08/07/2022;1,27792798
VERDE AM X60 ADVISORY FIC MULTIMERCADO;11/07/2022;1,26692501
VERDE AM X60 ADVISORY FIC MULTIMERCADO;12/07/2022;1,26050558
VERDE AM X60 ADVISORY FIC MULTIMERCADO;13/07/2022;1,25849086
VERDE AM X60 ADVISORY FIC MULTIMERCADO;14/07/2022;1,25677951
VERDE AM X60 ADVISORY FIC MULTIMERCADO;15/07/2022;1,26275623
VERDE AM X60 ADVISORY FIC MULTIMERCADO;18/07/2022;1,26373763
VERDE AM X60 ADVISORY FIC MULTIMERCADO;19/07/2022;1,27429307
VERDE AM X60 ADVISORY FIC MULTIMERCADO;20/07/2022;1,28104679
VERDE AM X60 ADVISORY FIC MULTIMERCADO;21/07/2022;1,28299372
VERDE AM X60 ADVISORY FIC MULTIMERCADO;22/07/2022;1,27651905
VERDE AM X60 ADVISORY FIC MULTIMERCADO;25/07/2022;1,27595891
VERDE AM X60 ADVISORY FIC MULTIMERCADO;26/07/2022;1,27141214
VERDE AM X60 ADVISORY FIC MULTIMERCADO;27/07/2022;1,28354347
VERDE AM X60 ADVISORY FIC MULTIMERCADO;28/07/2022;1,28447678
VERDE AM X60 ADVISORY FIC MULTIMERCADO;29/07/2022;1,28691227
VERDE AM X60 ADVISORY FIC MULTIMERCADO;01/08/2022;1,28318909
VERDE AM X60 ADVISORY FIC MULTIMERCADO;02/08/2022;1,29519942
VERDE AM X60 ADVISORY FIC MULTIMERCADO;03/08/2022;1,29977101
VERDE AM X60 ADVISORY FIC MULTIMERCADO;04/08/2022;1,30700072
VERDE AM X60 ADVISORY FIC MULTIMERCADO;05/08/2022;1,31119288
VERDE AM X60 ADVISORY FIC MULTIMERCADO;08/08/2022;1,31021865
VERDE AM X60 ADVISORY FIC MULTIMERCADO;09/08/2022;1,30901763
VERDE AM X60 ADVISORY FIC MULTIMERCADO;10/08/2022;1,31702304
VERDE AM X60 ADVISORY FIC MULTIMERCADO;11/08/2022;1,31596447
VERDE AM X60 ADVISORY FIC MULTIMERCADO;12/08/2022;1,32301848
VERDE AM X60 ADVISORY FIC MULTIMERCADO;15/08/2022;1,32264331
VERDE AM X60 ADVISORY FIC MULTIMERCADO;16/08/2022;1,31902835
VERDE AM X60 ADVISORY FIC MULTIMERCADO;17/08/2022;1,32282294
VERDE AM X60 ADVISORY FIC MULTIMERCADO;18/08/2022;1,32490293
VERDE AM X60 ADVISORY FIC MULTIMERCADO;19/08/2022;1,32051716
VERDE AM X60 ADVISORY FIC MULTIMERCADO;22/08/2022;1,31454617
VERDE AM X60 ADVISORY FIC MULTIMERCADO;23/08/2022;1,31765354
VERDE AM X60 ADVISORY FIC MULTIMERCADO;24/08/2022;1,32362429
VERDE AM X60 ADVISORY FIC MULTIMERCADO;25/08/2022;1,33006825
VERDE AM X60 ADVISORY FIC MULTIMERCADO;26/08/2022;1,32118821
VERDE AM X60 ADVISORY FIC MULTIMERCADO;29/08/2022;1,32190931
VERDE AM X60 ADVISORY FIC MULTIMERCADO;30/08/2022;1,31948723
VERDE AM X60 ADVISORY FIC MULTIMERCADO;31/08/2022;1,31612652
VERDE AM X60 ADVISORY FIC MULTIMERCADO;01/09/2022;1,31907225
VERDE AM X60 ADVISORY FIC MULTIMERCADO;02/09/2022;1,31553382
VERDE AM X60 ADVISORY FIC MULTIMERCADO;05/09/2022;1,31965921
VERDE AM X60 ADVISORY FIC MULTIMERCADO;06/09/2022;1,31592204
VERDE AM X60 ADVISORY FIC MULTIMERCADO;08/09/2022;1,31746709
VERDE AM X60 ADVISORY FIC MULTIMERCADO;09/09/2022;1,3232443
VERDE AM X60 ADVISORY FIC MULTIMERCADO;12/09/2022;1,32896641
VERDE AM X60 ADVISORY FIC MULTIMERCADO;13/09/2022;1,32508878
VERDE AM X60 ADVISORY FIC MULTIMERCADO;14/09/2022;1,32945023
VERDE AM X60 ADVISORY FIC MULTIMERCADO;15/09/2022;1,32289678
VERDE AM X60 ADVISORY FIC MULTIMERCADO;16/09/2022;1,31975096
VERDE AM X60 ADVISORY FIC MULTIMERCADO;19/09/2022;1,32440944
VERDE AM X60 ADVISORY FIC MULTIMERCADO;20/09/2022;1,32242483
VERDE AM X60 ADVISORY FIC MULTIMERCADO;21/09/2022;1,31936508
VERDE AM X60 ADVISORY FIC MULTIMERCADO;22/09/2022;1,3220804
VERDE AM X60 ADVISORY FIC MULTIMERCADO;23/09/2022;1,32064688
VERDE AM X60 ADVISORY FIC MULTIMERCADO;26/09/2022;1,30907548
VERDE AM X60 ADVISORY FIC MULTIMERCADO;27/09/2022;1,30536039
VERDE AM X60 ADVISORY FIC MULTIMERCADO;28/09/2022;1,31332569
VERDE AM X60 ADVISORY FIC MULTIMERCADO;29/09/2022;1,30862382
VERDE AM X60 ADVISORY FIC MULTIMERCADO;30/09/2022;1,30987409
VERDE AM X60 ADVISORY FIC MULTIMERCADO;03/10/2022;1,32259824
VERDE AM X60 ADVISORY FIC MULTIMERCADO;04/10/2022;1,33029669
VERDE AM X60 ADVISORY FIC MULTIMERCADO;05/10/2022;1,33344654
VERDE AM X60 ADVISORY FIC MULTIMERCADO;06/10/2022;1,33552091
VERDE AM X60 ADVISORY FIC MULTIMERCADO;07/10/2022;1,32976446
VERDE AM X60 ADVISORY FIC MULTIMERCADO;10/10/2022;1,32845037
VERDE AM X60 ADVISORY FIC MULTIMERCADO;11/10/2022;1,3278674
VERDE AM X60 ADVISORY FIC MULTIMERCADO;13/10/2022;1,32814529
VERDE AM X60 ADVISORY FIC MULTIMERCADO;14/10/2022;1,31923358
VERDE AM X60 ADVISORY FIC MULTIMERCADO;17/10/2022;1,32897852
VERDE AM X60 ADVISORY FIC MULTIMERCADO;18/10/2022;1,33338641
VERDE AM X60 ADVISORY FIC MULTIMERCADO;19/10/2022;1,33350366
VERDE AM X60 ADVISORY FIC MULTIMERCADO;20/10/2022;1,33452305
VERDE AM X60 ADVISORY FIC MULTIMERCADO;21/10/2022;1,33915503
VERDE AM X60 ADVISORY FIC MULTIMERCADO;24/10/2022;1,33718032
VERDE AM X60 ADVISORY FIC MULTIMERCADO;25/10/2022;1,33521429
VERDE AM X60 ADVISORY FIC MULTIMERCADO;26/10/2022;1,33236166
VERDE AM X60 ADVISORY FIC MULTIMERCADO;27/10/2022;1,33761642
VERDE AM X60 ADVISORY FIC MULTIMERCADO;28/10/2022;1,34186776
VERDE AM X60 ADVISORY FIC MULTIMERCADO;31/10/2022;1,3547189
VERDE AM X60 ADVISORY FIC MULTIMERCADO;01/11/2022;1,359011
VERDE AM X60 ADVISORY FIC MULTIMERCADO;03/11/2022;1,36481748
VERDE AM X60 ADVISORY FIC MULTIMERCADO;04/11/2022;1,37152732
VERDE AM X60 ADVISORY FIC MULTIMERCADO;07/11/2022;1,36590235
VERDE AM X60 ADVISORY FIC MULTIMERCADO;08/11/2022;1,37038068
VERDE AM X60 ADVISORY FIC MULTIMERCADO;09/11/2022;1,36987617
VERDE AM X60 ADVISORY FIC MULTIMERCADO;10/11/2022;1,36711045
VERDE AM X60 ADVISORY FIC MULTIMERCADO;11/11/2022;1,37030345
VERDE AM X60 ADVISORY FIC MULTIMERCADO;14/11/2022;1,3691953
VERDE AM X60 ADVISORY FIC MULTIMERCADO;16/11/2022;1,36071295
VERDE AM X60 ADVISORY FIC MULTIMERCADO;17/11/2022;1,3598511
VERDE AM X60 ADVISORY FIC MULTIMERCADO;18/11/2022;1,36216146
VERDE AM X60 ADVISORY FIC MULTIMERCADO;21/11/2022;1,36608691
VERDE AM X60 ADVISORY FIC MULTIMERCADO;22/11/2022;1,35830142
VERDE AM X60 ADVISORY FIC MULTIMERCADO;23/11/2022;1,35608593
VERDE AM X60 ADVISORY FIC MULTIMERCADO;24/11/2022;1,36111953
VERDE AM X60 ADVISORY FIC MULTIMERCADO;25/11/2022;1,35190244
VERDE AM X60 ADVISORY FIC MULTIMERCADO;28/11/2022;1,35023044
VERDE AM X60 ADVISORY FIC MULTIMERCADO;29/11/2022;1,35154974
VERDE AM X60 ADVISORY FIC MULTIMERCADO;30/11/2022;1,35055408
VERDE AM X60 ADVISORY FIC MULTIMERCADO;01/12/2022;1,35149778
VERDE AM X60 ADVISORY FIC MULTIMERCADO;02/12/2022;1,34888806
VERDE AM X60 ADVISORY FIC MULTIMERCADO;05/12/2022;1,34258904
VERDE AM X60 ADVISORY FIC MULTIMERCADO;06/12/2022;1,34090853
VERDE AM X60 ADVISORY FIC MULTIMERCADO;07/12/2022;1,3407125
VERDE AM X60 ADVISORY FIC MULTIMERCADO;08/12/2022;1,33540567
VERDE AM X60 ADVISORY FIC MULTIMERCADO;09/12/2022;1,33356077
VERDE AM X60 ADVISORY FIC MULTIMERCADO;12/12/2022;1,3324291
VERDE AM X60 ADVISORY FIC MULTIMERCADO;13/12/2022;1,3345954
VERDE AM X60 ADVISORY FIC MULTIMERCADO;14/12/2022;1,34784088
VERDE AM X60 ADVISORY FIC MULTIMERCADO;15/12/2022;1,34100513
VERDE AM X60 ADVISORY FIC MULTIMERCADO;16/12/2022;1,33948507
VERDE AM X60 ADVISORY FIC MULTIMERCADO;19/12/2022;1,3465393
VERDE AM X60 ADVISORY FIC MULTIMERCADO;20/12/2022;1,35396128
VERDE AM X60 ADVISORY FIC MULTIMERCADO;21/12/2022;1,35271122
VERDE AM X60 ADVISORY FIC MULTIMERCADO;22/12/2022;1,35329548
VERDE AM X60 ADVISORY FIC MULTIMERCADO;23/12/2022;1,36266939
VERDE AM X60 ADVISORY FIC MULTIMERCADO;26/12/2022;1,35872117
VERDE AM X60 ADVISORY FIC MULTIMERCADO;27/12/2022;1,35715973
VERDE AM X60 ADVISORY FIC MULTIMERCADO;28/12/2022;1,36510028
VERDE AM X60 ADVISORY FIC MULTIMERCADO;29/12/2022;1,36014065
VERDE AM X60 ADVISORY FIC MULTIMERCADO;30/12/2022;1,36262036
VERDE AM X60 ADVISORY FIC MULTIMERCADO;02/01/2023;1,35184176
VERDE AM X60 ADVISORY FIC MULTIMERCADO;03/01/2023;1,34765519
VERDE AM X60 ADVISORY FIC MULTIMERCADO;04/01/2023;1,34896009
VERDE AM X60 ADVISORY FIC MULTIMERCADO;05/01/2023;1,35419788
VERDE AM X60 ADVISORY FIC MULTIMERCADO;06/01/2023;1,35807126
VERDE AM X60 ADVISORY FIC MULTIMERCADO;09/01/2023;1,35820238
VERDE AM X60 ADVISORY FIC MULTIMERCADO;10/01/2023;1,36496385
VERDE AM X60 ADVISORY FIC MULTIMERCADO;11/01/2023;1,37226199
VERDE AM X60 ADVISORY FIC MULTIMERCADO;12/01/2023;1,3713792
VERDE AM X60 ADVISORY FIC MULTIMERCADO;13/01/2023;1,37598599
VERDE AM X60 ADVISORY FIC MULTIMERCADO;16/01/2023;1,37865497
VERDE AM X60 ADVISORY FIC MULTIMERCADO;17/01/2023;1,38052311
VERDE AM X60 ADVISORY FIC MULTIMERCADO;18/01/2023;1,3794751
VERDE AM X60 ADVISORY FIC MULTIMERCADO;19/01/2023;1,3862476
VERDE AM X60 ADVISORY FIC MULTIMERCADO;20/01/2023;1,38929846
VERDE AM X60 ADVISORY FIC MULTIMERCADO;23/01/2023;1,39340566
VERDE AM X60 ADVISORY FIC MULTIMERCADO;24/01/2023;1,39604876
VERDE AM X60 ADVISORY FIC MULTIMERCADO;25/01/2023;1,39848965
VERDE AM X60 ADVISORY FIC MULTIMERCADO;26/01/2023;1,39921857
VERDE AM X60 ADVISORY FIC MULTIMERCADO;27/01/2023;1,3986268
VERDE AM X60 ADVISORY FIC MULTIMERCADO;30/01/2023;1,39488213
VERDE AM X60 ADVISORY FIC MULTIMERCADO;31/01/2023;1,39879084
VERDE AM X60 ADVISORY FIC MULTIMERCADO;01/02/2023;1,39698213
VERDE AM X60 ADVISORY FIC MULTIMERCADO;02/02/2023;1,39435939
VERDE AM X60 ADVISORY FIC MULTIMERCADO;03/02/2023;1,38665484
VERDE AM X60 ADVISORY FIC MULTIMERCADO;06/02/2023;1,38831221
VERDE AM X60 ADVISORY FIC MULTIMERCADO;07/02/2023;1,39146251
VERDE AM X60 ADVISORY FIC MULTIMERCADO;08/02/2023;1,39892919
VERDE AM X60 ADVISORY FIC MULTIMERCADO;09/02/2023;1,39593155
VERDE AM X60 ADVISORY FIC MULTIMERCADO;10/02/2023;1,39977793
VERDE AM X60 ADVISORY FIC MULTIMERCADO;13/02/2023;1,40026765
VERDE AM X60 ADVISORY FIC MULTIMERCADO;14/02/2023;1,40125216
VERDE AM X60 ADVISORY FIC MULTIMERCADO;15/02/2023;1,40480477
VERDE AM X60 ADVISORY FIC MULTIMERCADO;16/02/2023;1,40958009
VERDE AM X60 ADVISORY FIC MULTIMERCADO;17/02/2023;1,40248984
VERDE AM X60 ADVISORY FIC MULTIMERCADO;22/02/2023;1,39682481
VERDE AM X60 ADVISORY FIC MULTIMERCADO;23/02/2023;1,39679594
VERDE AM X60 ADVISORY FIC MULTIMERCADO;24/02/2023;1,39804433
VERDE AM X60 ADVISORY FIC MULTIMERCADO;27/02/2023;1,39316901
VERDE AM X60 ADVISORY FIC MULTIMERCADO;28/02/2023;1,39921026
VERDE AM X60 ADVISORY FIC MULTIMERCADO;01/03/2023;1,39864275
VERDE AM X60 ADVISORY FIC MULTIMERCADO;02/03/2023;1,39938625
VERDE AM X60 ADVISORY FIC MULTIMERCADO;03/03/2023;1,40455911
VERDE AM X60 ADVISORY FIC MULTIMERCADO;06/03/2023;1,40739716
VERDE AM X60 ADVISORY FIC MULTIMERCADO;07/03/2023;1,39817394
VERDE AM X60 ADVISORY FIC MULTIMERCADO;08/03/2023;1,40191381
VERDE AM X60 ADVISORY FIC MULTIMERCADO;09/03/2023;1,39514612
VERDE AM X60 ADVISORY FIC MULTIMERCADO;10/03/2023;1,39078364
VERDE AM X60 ADVISORY FIC MULTIMERCADO;13/03/2023;1,37875594
VERDE AM X60 ADVISORY FIC MULTIMERCADO;14/03/2023;1,38109532
VERDE AM X60 ADVISORY FIC MULTIMERCADO;15/03/2023;1,37971771
VERDE AM X60 ADVISORY FIC MULTIMERCADO;16/03/2023;1,38731443
VERDE AM X60 ADVISORY FIC MULTIMERCADO;17/03/2023;1,3737057
VERDE AM X60 ADVISORY FIC MULTIMERCADO;20/03/2023;1,37172019
VERDE AM X60 ADVISORY FIC MULTIMERCADO;21/03/2023;1,37773825
VERDE AM X60 ADVISORY FIC MULTIMERCADO;22/03/2023;1,37900973
VERDE AM X60 ADVISORY FIC MULTIMERCADO;23/03/2023;1,37303488
VERDE AM X60 ADVISORY FIC MULTIMERCADO;24/03/2023;1,37458031
VERDE AM X60 ADVISORY FIC MULTIMERCADO;27/03/2023;1,38194601
VERDE AM X60 ADVISORY FIC MULTIMERCADO;28/03/2023;1,39242549
VERDE AM X60 ADVISORY FIC MULTIMERCADO;29/03/2023;1,39460304
VERDE AM X60 ADVISORY FIC MULTIMERCADO;30/03/2023;1,39949823
VERDE AM X60 ADVISORY FIC MULTIMERCADO;31/03/2023;1,39304772
VERDE AM X60 ADVISORY FIC MULTIMERCADO;03/04/2023;1,38709818
VERDE AM X60 ADVISORY FIC MULTIMERCADO;04/04/2023;1,38659379
VERDE AM X60 ADVISORY FIC MULTIMERCADO;05/04/2023;1,37716987
VERDE AM X60 ADVISORY FIC MULTIMERCADO;06/04/2023;1,37814069
VERDE AM X60 ADVISORY FIC MULTIMERCADO;10/04/2023;1,38319515
VERDE AM X60 ADVISORY FIC MULTIMERCADO;11/04/2023;1,39333214
VERDE AM X60 ADVISORY FIC MULTIMERCADO;12/04/2023;1,39368161
VERDE AM X60 ADVISORY FIC MULTIMERCADO;13/04/2023;1,3950375
VERDE AM X60 ADVISORY FIC MULTIMERCADO;14/04/2023;1,39491082
VERDE AM X60 ADVISORY FIC MULTIMERCADO;17/04/2023;1,39437896
VERDE AM X60 ADVISORY FIC MULTIMERCADO;18/04/2023;1,39434753
VERDE AM X60 ADVISORY FIC MULTIMERCADO;19/04/2023;1,39695437
VERDE AM X60 ADVISORY FIC MULTIMERCADO;20/04/2023;1,39811854
VERDE AM X60 ADVISORY FIC MULTIMERCADO;24/04/2023;1,39589382
VERDE AM X60 ADVISORY FIC MULTIMERCADO;25/04/2023;1,3838864
VERDE AM X60 ADVISORY FIC MULTIMERCADO;26/04/2023;1,38518965
VERDE AM X60 ADVISORY FIC MULTIMERCADO;27/04/2023;1,38731955
VERDE AM X60 ADVISORY FIC MULTIMERCADO;28/04/2023;1,39208077
VERDE AM X60 ADVISORY FIC MULTIMERCADO;02/05/2023;1,3872724
VERDE AM X60 ADVISORY FIC MULTIMERCADO;03/05/2023;1,38344839
VERDE AM X60 ADVISORY FIC MULTIMERCADO;04/05/2023;1,3813715
VERDE AM X60 ADVISORY FIC MULTIMERCADO;05/05/2023;1,39224096
VERDE AM X60 ADVISORY FIC MULTIMERCADO;08/05/2023;1,39917577
VERDE AM X60 ADVISORY FIC MULTIMERCADO;09/05/2023;1,40514111
VERDE AM X60 ADVISORY FIC MULTIMERCADO;10/05/2023;1,40157622
VERDE AM X60 ADVISORY FIC MULTIMERCADO;11/05/2023;1,39670508
VERDE AM X60 ADVISORY FIC MULTIMERCADO;12/05/2023;1,39920429
VERDE AM X60 ADVISORY FIC MULTIMERCADO;15/05/2023;1,40452026
VERDE AM X60 ADVISORY FIC MULTIMERCADO;16/05/2023;1,39989208
VERDE AM X60 ADVISORY FIC MULTIMERCADO;17/05/2023;1,41001773
VERDE AM X60 ADVISORY FIC MULTIMERCADO;18/05/2023;1,4116477
VERDE AM X60 ADVISORY FIC MULTIMERCADO;19/05/2023;1,41893235
VERDE AM X60 ADVISORY FIC MULTIMERCADO;22/05/2023;1,41722366
VERDE AM X60 ADVISORY FIC MULTIMERCADO;23/05/2023;1,41408998
VERDE AM X60 ADVISORY FIC MULTIMERCADO;24/05/2023;1,40595942
VERDE AM X60 ADVISORY FIC MULTIMERCADO;25/05/2023;1,40923799
VERDE AM X60 ADVISORY FIC MULTIMERCADO;26/05/2023;1,41193008
VERDE AM X60 ADVISORY FIC MULTIMERCADO;29/05/2023;1,40948054
VERDE AM X60 ADVISORY FIC MULTIMERCADO;30/05/2023;1,40752517
VERDE AM X60 ADVISORY FIC MULTIMERCADO;31/05/2023;1,40384205
VERDE AM X60 ADVISORY FIC MULTIMERCADO;01/06/2023;1,4143272
VERDE AM X60 ADVISORY FIC MULTIMERCADO;02/06/2023;1,41665606
VERDE AM X60 ADVISORY FIC MULTIMERCADO;05/06/2023;1,4133519
VERDE AM X60 ADVISORY FIC MULTIMERCADO;06/06/2023;1,42030048
VERDE AM X60 ADVISORY FIC MULTIMERCADO;07/06/2023;1,42152143
VERDE AM X60 ADVISORY FIC MULTIMERCADO;09/06/2023;1,42369329
VERDE AM X60 ADVISORY FIC MULTIMERCADO;12/06/2023;1,42566248
VERDE AM X60 ADVISORY FIC MULTIMERCADO;13/06/2023;1,42516158
VERDE AM X60 ADVISORY FIC MULTIMERCADO;14/06/2023;1,43365118
VERDE AM X60 ADVISORY FIC MULTIMERCADO;15/06/2023;1,43379579
VERDE AM X60 ADVISORY FIC MULTIMERCADO;16/06/2023;1,43318385
VERDE AM X60 ADVISORY FIC MULTIMERCADO;19/06/2023;1,43311841
VERDE AM X60 ADVISORY FIC MULTIMERCADO;20/06/2023;1,4326863
VERDE AM X60 ADVISORY FIC MULTIMERCADO;21/06/2023;1,43129127
VERDE AM X60 ADVISORY FIC MULTIMERCADO;22/06/2023;1,42686901
VERDE AM X60 ADVISORY FIC MULTIMERCADO;23/06/2023;1,42907034
VERDE AM X60 ADVISORY FIC MULTIMERCADO;26/06/2023;1,4223024
VERDE AM X60 ADVISORY FIC MULTIMERCADO;27/06/2023;1,4165614
VERDE AM X60 ADVISORY FIC MULTIMERCADO;28/06/2023;1,41711128
VERDE AM X60 ADVISORY FIC MULTIMERCADO;29/06/2023;1,42343423
VERDE AM X60 ADVISORY FIC MULTIMERCADO;30/06/2023;1,42602296
VERDE AM X60 ADVISORY FIC MULTIMERCADO;03/07/2023;1,42746424
VERDE AM X60 ADVISORY FIC MULTIMERCADO;04/07/2023;1,4278309
VERDE AM X60 ADVISORY FIC MULTIMERCADO;05/07/2023;1,43133351
VERDE AM X60 ADVISORY FIC MULTIMERCADO;06/07/2023;1,42605434
VERDE AM X60 ADVISORY FIC MULTIMERCADO;07/07/2023;1,42862134
VERDE AM X60 ADVISORY FIC MULTIMERCADO;10/07/2023;1,42747137
VERDE AM X60 ADVISORY FIC MULTIMERCADO;11/07/2023;1,42809535
VERDE AM X60 ADVISORY FIC MULTIMERCADO;12/07/2023;1,43210298
VERDE AM X60 ADVISORY FIC MULTIMERCADO;13/07/2023;1,43698504
VERDE AM X60 ADVISORY FIC MULTIMERCADO;14/07/2023;1,43188571
VERDE AM X60 ADVISORY FIC MULTIMERCADO;17/07/2023;1,43389765
VERDE AM X60 ADVISORY FIC MULTIMERCADO;18/07/2023;1,43609515
VERDE AM X60 ADVISORY FIC MULTIMERCADO;19/07/2023;1,43767183
VERDE AM X60 ADVISORY FIC MULTIMERCADO;20/07/2023;1,44329956
VERDE AM X60 ADVISORY FIC MULTIMERCADO;21/07/2023;1,44854535
VERDE AM X60 ADVISORY FIC MULTIMERCADO;24/07/2023;1,44986194
VERDE AM X60 ADVISORY FIC MULTIMERCADO;25/07/2023;1,44900401
VERDE AM X60 ADVISORY FIC MULTIMERCADO;26/07/2023;1,45079647
VERDE AM X60 ADVISORY FIC MULTIMERCADO;27/07/2023;1,44948215
VERDE AM X60 ADVISORY FIC MULTIMERCADO;28/07/2023;1,45223902
VERDE AM X60 ADVISORY FIC MULTIMERCADO;31/07/2023;1,45724651
VERDE AM X60 ADVISORY FIC MULTIMERCADO;01/08/2023;1,45042646
VERDE AM X60 ADVISORY FIC MULTIMERCADO;02/08/2023;1,44776247
VERDE AM X60 ADVISORY FIC MULTIMERCADO;03/08/2023;1,44966503
VERDE AM X60 ADVISORY FIC MULTIMERCADO;04/08/2023;1,45461283
VERDE AM X60 ADVISORY FIC MULTIMERCADO;07/08/2023;1,45138635
VERDE AM X60 ADVISORY FIC MULTIMERCADO;08/08/2023;1,45023223
VERDE AM X60 ADVISORY FIC MULTIMERCADO;09/08/2023;1,4511222
VERDE AM X60 ADVISORY FIC MULTIMERCADO;10/08/2023;1,45408589
VERDE AM X60 ADVISORY FIC MULTIMERCADO;11/08/2023;1,45371524
VERDE AM X60 ADVISORY FIC MULTIMERCADO;14/08/2023;1,4529701
VERDE AM X60 ADVISORY FIC MULTIMERCADO;15/08/2023;1,45184191
VERDE AM X60 ADVISORY FIC MULTIMERCADO;16/08/2023;1,45334325
VERDE AM X60 ADVISORY FIC MULTIMERCADO;17/08/2023;1,45154974
VERDE AM X60 ADVISORY FIC MULTIMERCADO;18/08/2023;1,45470179
VERDE AM X60 ADVISORY FIC MULTIMERCADO;21/08/2023;1,45223247
VERDE AM X60 ADVISORY FIC MULTIMERCADO;22/08/2023;1,46030174
VERDE AM X60 ADVISORY FIC MULTIMERCADO;23/08/2023;1,46448884
VERDE AM X60 ADVISORY FIC MULTIMERCADO;24/08/2023;1,45922168
VERDE AM X60 ADVISORY FIC MULTIMERCADO;25/08/2023;1,45687189
VERDE AM X60 ADVISORY FIC MULTIMERCADO;28/08/2023;1,45731059
VERDE AM X60 ADVISORY FIC MULTIMERCADO;29/08/2023;1,46292419
VERDE AM X60 ADVISORY FIC MULTIMERCADO;30/08/2023;1,46245406
VERDE AM X60 ADVISORY FIC MULTIMERCADO;31/08/2023;1,45677818
VERDE AM X60 ADVISORY FIC MULTIMERCADO;01/09/2023;1,4615339
VERDE AM X60 ADVISORY FIC MULTIMERCADO;04/09/2023;1,46185317
VERDE AM X60 ADVISORY FIC MULTIMERCADO;05/09/2023;1,45857909
VERDE AM X60 ADVISORY FIC MULTIMERCADO;06/09/2023;1,45312322
VERDE AM X60 ADVISORY FIC MULTIMERCADO;08/09/2023;1,45322994
VERDE AM X60 ADVISORY FIC MULTIMERCADO;11/09/2023;1,46195154
VERDE AM X60 ADVISORY FIC MULTIMERCADO;12/09/2023;1,46574602
VERDE AM X60 ADVISORY FIC MULTIMERCADO;13/09/2023;1,4696425
VERDE AM X60 ADVISORY FIC MULTIMERCADO;14/09/2023;1,47541685
VERDE AM X60 ADVISORY FIC MULTIMERCADO;15/09/2023;1,47658998
VERDE AM X60 ADVISORY FIC MULTIMERCADO;18/09/2023;1,47751532
VERDE AM X60 ADVISORY FIC MULTIMERCADO;19/09/2023;1,47822129
VERDE AM X60 ADVISORY FIC MULTIMERCADO;20/09/2023;1,48278944
VERDE AM X60 ADVISORY FIC MULTIMERCADO;21/09/2023;1,47872892
VERDE AM X60 ADVISORY FIC MULTIMERCADO;22/09/2023;1,47916591
VERDE AM X60 ADVISORY FIC MULTIMERCADO;25/09/2023;1,47408799
VERDE AM X60 ADVISORY FIC MULTIMERCADO;26/09/2023;1,46567828
VERDE AM X60 ADVISORY FIC MULTIMERCADO;27/09/2023;1,46018391
VERDE AM X60 ADVISORY FIC MULTIMERCADO;28/09/2023;1,46534865
VERDE AM X60 ADVISORY FIC MULTIMERCADO;29/09/2023;1,46856853
VERDE AM X60 ADVISORY FIC MULTIMERCADO;02/10/2023;1,46323272
VERDE AM X60 ADVISORY FIC MULTIMERCADO;03/10/2023;1,45881284
VERDE AM X60 ADVISORY FIC MULTIMERCADO;04/10/2023;1,45939737
VERDE AM X60 ADVISORY FIC MULTIMERCADO;05/10/2023;1,45779773
VERDE AM X60 ADVISORY FIC MULTIMERCADO;06/10/2023;1,45828233
VERDE AM X60 ADVISORY FIC MULTIMERCADO;09/10/2023;1,45927067
VERDE AM X60 ADVISORY FIC MULTIMERCADO;10/10/2023;1,46714483
VERDE AM X60 ADVISORY FIC MULTIMERCADO;11/10/2023;1,46840183
VERDE AM X60 ADVISORY FIC MULTIMERCADO;13/10/2023;1,46508824
VERDE AM X60 ADVISORY FIC MULTIMERCADO;16/10/2023;1,46582996
VERDE AM X60 ADVISORY FIC MULTIMERCADO;17/10/2023;1,46174156
VERDE AM X60 ADVISORY FIC MULTIMERCADO;18/10/2023;1,45411014
VERDE AM X60 ADVISORY FIC MULTIMERCADO;19/10/2023;1,45679247
VERDE AM X60 ADVISORY FIC MULTIMERCADO;20/10/2023;1,45686011
VERDE AM X60 ADVISORY FIC MULTIMERCADO;23/10/2023;1,46214846
VERDE AM X60 ADVISORY FIC MULTIMERCADO;24/10/2023;1,46124741
VERDE AM X60 ADVISORY FIC MULTIMERCADO;25/10/2023;1,45597571
VERDE AM X60 ADVISORY FIC MULTIMERCADO;26/10/2023;1,46653315
VERDE AM X60 ADVISORY FIC MULTIMERCADO;27/10/2023;1,46463872
VERDE AM X60 ADVISORY FIC MULTIMERCADO;30/10/2023;1,46236131
VERDE AM X60 ADVISORY FIC MULTIMERCADO;31/10/2023;1,46173645
VERDE AM X60 ADVISORY FIC MULTIMERCADO;01/11/2023;1,46910752
VERDE AM X60 ADVISORY FIC MULTIMERCADO;03/11/2023;1,4805599
VERDE AM X60 ADVISORY FIC MULTIMERCADO;06/11/2023;1,47802931
VERDE AM X60 ADVISORY FIC MULTIMERCADO;07/11/2023;1,48306922
VERDE AM X60 ADVISORY FIC MULTIMERCADO;08/11/2023;1,48348146
VERDE AM X60 ADVISORY FIC MULTIMERCADO;09/11/2023;1,48023548
VERDE AM X60 ADVISORY FIC MULTIMERCADO;10/11/2023;1,48361968
VERDE AM X60 ADVISORY FIC MULTIMERCADO;13/11/2023;1,48142139
VERDE AM X60 ADVISORY FIC MULTIMERCADO;14/11/2023;1,49384491
VERDE AM X60 ADVISORY FIC MULTIMERCADO;16/11/2023;1,49921389
VERDE AM X60 ADVISORY FIC MULTIMERCADO;17/11/2023;1,50086591
VERDE AM X60 ADVISORY FIC MULTIMERCADO;20/11/2023;1,5014688
VERDE AM X60 ADVISORY FIC MULTIMERCADO;21/11/2023;1,49728882
VERDE AM X60 ADVISORY FIC MULTIMERCADO;22/11/2023;1,50136362
;;
;;
