Nome do Ativo;Data; Número Índice 
CDI;30/12/1996;100,09
CDI;31/12/1996;100,17
CDI;02/01/1997;100,25
CDI;03/01/1997;100,33
CDI;06/01/1997;100,41
CDI;07/01/1997;100,48
CDI;08/01/1997;100,56
CDI;09/01/1997;100,64
CDI;10/01/1997;100,72
CDI;13/01/1997;100,79
CDI;14/01/1997;100,87
CDI;15/01/1997;100,95
CDI;16/01/1997;101,03
CDI;17/01/1997;101,11
CDI;20/01/1997;101,19
CDI;21/01/1997;101,27
CDI;22/01/1997;101,34
CDI;23/01/1997;101,42
CDI;24/01/1997;101,5
CDI;27/01/1997;101,58
CDI;28/01/1997;101,66
CDI;29/01/1997;101,74
CDI;30/01/1997;101,82
CDI;31/01/1997;101,9
CDI;03/02/1997;102
CDI;04/02/1997;102,09
CDI;05/02/1997;102,18
CDI;06/02/1997;102,28
CDI;07/02/1997;102,37
CDI;12/02/1997;102,47
CDI;13/02/1997;102,56
CDI;14/02/1997;102,66
CDI;17/02/1997;102,75
CDI;18/02/1997;102,85
CDI;19/02/1997;102,94
CDI;20/02/1997;103,04
CDI;21/02/1997;103,13
CDI;24/02/1997;103,23
CDI;25/02/1997;103,32
CDI;26/02/1997;103,42
CDI;27/02/1997;103,51
CDI;28/02/1997;103,6
CDI;03/03/1997;103,69
CDI;04/03/1997;103,78
CDI;05/03/1997;103,87
CDI;06/03/1997;103,96
CDI;07/03/1997;104,04
CDI;10/03/1997;104,13
CDI;11/03/1997;104,22
CDI;12/03/1997;104,31
CDI;13/03/1997;104,4
CDI;14/03/1997;104,49
CDI;17/03/1997;104,58
CDI;18/03/1997;104,67
CDI;19/03/1997;104,76
CDI;20/03/1997;104,85
CDI;21/03/1997;104,94
CDI;24/03/1997;105,03
CDI;25/03/1997;105,12
CDI;26/03/1997;105,21
CDI;31/03/1997;105,3
CDI;01/04/1997;105,38
CDI;02/04/1997;105,46
CDI;03/04/1997;105,54
CDI;04/04/1997;105,62
CDI;07/04/1997;105,7
CDI;08/04/1997;105,78
CDI;09/04/1997;105,86
CDI;10/04/1997;105,95
CDI;11/04/1997;106,03
CDI;14/04/1997;106,12
CDI;15/04/1997;106,21
CDI;16/04/1997;106,29
CDI;17/04/1997;106,38
CDI;18/04/1997;106,47
CDI;22/04/1997;106,55
CDI;23/04/1997;106,63
CDI;24/04/1997;106,71
CDI;25/04/1997;106,79
CDI;28/04/1997;106,87
CDI;29/04/1997;106,96
CDI;30/04/1997;107,04
CDI;02/05/1997;107,12
CDI;05/05/1997;107,21
CDI;06/05/1997;107,29
CDI;07/05/1997;107,37
CDI;08/05/1997;107,46
CDI;09/05/1997;107,54
CDI;12/05/1997;107,63
CDI;13/05/1997;107,71
CDI;14/05/1997;107,8
CDI;15/05/1997;107,88
CDI;16/05/1997;107,97
CDI;19/05/1997;108,05
CDI;20/05/1997;108,14
CDI;21/05/1997;108,23
CDI;22/05/1997;108,31
CDI;23/05/1997;108,4
CDI;26/05/1997;108,48
CDI;27/05/1997;108,57
CDI;28/05/1997;108,65
CDI;30/05/1997;108,73
CDI;02/06/1997;108,81
CDI;03/06/1997;108,89
CDI;04/06/1997;108,98
CDI;05/06/1997;109,06
CDI;06/06/1997;109,14
CDI;09/06/1997;109,22
CDI;10/06/1997;109,31
CDI;11/06/1997;109,39
CDI;12/06/1997;109,47
CDI;13/06/1997;109,56
CDI;16/06/1997;109,64
CDI;17/06/1997;109,72
CDI;18/06/1997;109,81
CDI;19/06/1997;109,89
CDI;20/06/1997;109,97
CDI;23/06/1997;110,06
CDI;24/06/1997;110,14
CDI;25/06/1997;110,22
CDI;26/06/1997;110,31
CDI;27/06/1997;110,39
CDI;30/06/1997;110,47
CDI;01/07/1997;110,55
CDI;02/07/1997;110,62
CDI;03/07/1997;110,7
CDI;04/07/1997;110,77
CDI;07/07/1997;110,85
CDI;08/07/1997;110,93
CDI;09/07/1997;111
CDI;10/07/1997;111,08
CDI;11/07/1997;111,16
CDI;14/07/1997;111,23
CDI;15/07/1997;111,31
CDI;16/07/1997;111,39
CDI;17/07/1997;111,47
CDI;18/07/1997;111,54
CDI;21/07/1997;111,62
CDI;22/07/1997;111,7
CDI;23/07/1997;111,77
CDI;24/07/1997;111,85
CDI;25/07/1997;111,93
CDI;28/07/1997;112,01
CDI;29/07/1997;112,08
CDI;30/07/1997;112,16
CDI;31/07/1997;112,24
CDI;01/08/1997;112,32
CDI;04/08/1997;112,4
CDI;05/08/1997;112,49
CDI;06/08/1997;112,57
CDI;07/08/1997;112,65
CDI;08/08/1997;112,74
CDI;11/08/1997;112,82
CDI;12/08/1997;112,91
CDI;13/08/1997;112,99
CDI;14/08/1997;113,08
CDI;15/08/1997;113,16
CDI;18/08/1997;113,25
CDI;19/08/1997;113,33
CDI;20/08/1997;113,42
CDI;21/08/1997;113,5
CDI;22/08/1997;113,59
CDI;25/08/1997;113,67
CDI;26/08/1997;113,76
CDI;27/08/1997;113,84
CDI;28/08/1997;113,93
CDI;29/08/1997;114,01
CDI;01/09/1997;114,1
CDI;02/09/1997;114,18
CDI;03/09/1997;114,26
CDI;04/09/1997;114,34
CDI;05/09/1997;114,42
CDI;08/09/1997;114,51
CDI;09/09/1997;114,59
CDI;10/09/1997;114,67
CDI;11/09/1997;114,75
CDI;12/09/1997;114,83
CDI;15/09/1997;114,92
CDI;16/09/1997;115
CDI;17/09/1997;115,08
CDI;18/09/1997;115,16
CDI;19/09/1997;115,25
CDI;22/09/1997;115,33
CDI;23/09/1997;115,41
CDI;24/09/1997;115,49
CDI;25/09/1997;115,58
CDI;26/09/1997;115,66
CDI;29/09/1997;115,74
CDI;30/09/1997;115,82
CDI;01/10/1997;115,9
CDI;02/10/1997;115,98
CDI;03/10/1997;116,06
CDI;06/10/1997;116,14
CDI;07/10/1997;116,22
CDI;08/10/1997;116,3
CDI;09/10/1997;116,38
CDI;10/10/1997;116,46
CDI;13/10/1997;116,54
CDI;14/10/1997;116,61
CDI;15/10/1997;116,69
CDI;16/10/1997;116,78
CDI;17/10/1997;116,86
CDI;20/10/1997;116,94
CDI;21/10/1997;117,02
CDI;22/10/1997;117,1
CDI;23/10/1997;117,18
CDI;24/10/1997;117,26
CDI;27/10/1997;117,34
CDI;28/10/1997;117,42
CDI;29/10/1997;117,5
CDI;30/10/1997;117,58
CDI;31/10/1997;117,67
CDI;03/11/1997;117,85
CDI;04/11/1997;118,02
CDI;05/11/1997;118,19
CDI;06/11/1997;118,37
CDI;07/11/1997;118,54
CDI;10/11/1997;118,72
CDI;11/11/1997;118,89
CDI;12/11/1997;119,07
CDI;13/11/1997;119,25
CDI;14/11/1997;119,42
CDI;17/11/1997;119,6
CDI;18/11/1997;119,78
CDI;19/11/1997;119,96
CDI;20/11/1997;120,13
CDI;21/11/1997;120,31
CDI;24/11/1997;120,49
CDI;25/11/1997;120,67
CDI;26/11/1997;120,85
CDI;27/11/1997;121,03
CDI;28/11/1997;121,21
CDI;01/12/1997;121,37
CDI;02/12/1997;121,52
CDI;03/12/1997;121,68
CDI;04/12/1997;121,83
CDI;05/12/1997;121,99
CDI;08/12/1997;122,15
CDI;09/12/1997;122,31
CDI;10/12/1997;122,47
CDI;11/12/1997;122,62
CDI;12/12/1997;122,78
CDI;15/12/1997;122,94
CDI;16/12/1997;123,1
CDI;17/12/1997;123,26
CDI;18/12/1997;123,42
CDI;19/12/1997;123,58
CDI;22/12/1997;123,75
CDI;23/12/1997;123,91
CDI;24/12/1997;124,08
CDI;26/12/1997;124,25
CDI;29/12/1997;124,41
CDI;30/12/1997;124,58
CDI;31/12/1997;124,74
CDI;02/01/1998;124,9
CDI;05/01/1998;125,06
CDI;06/01/1998;125,22
CDI;07/01/1998;125,39
CDI;08/01/1998;125,55
CDI;09/01/1998;125,71
CDI;12/01/1998;125,87
CDI;13/01/1998;126,03
CDI;14/01/1998;126,19
CDI;15/01/1998;126,35
CDI;16/01/1998;126,51
CDI;19/01/1998;126,67
CDI;20/01/1998;126,83
CDI;21/01/1998;126,99
CDI;22/01/1998;127,15
CDI;23/01/1998;127,31
CDI;26/01/1998;127,47
CDI;27/01/1998;127,62
CDI;28/01/1998;127,78
CDI;29/01/1998;127,94
CDI;30/01/1998;128,08
CDI;02/02/1998;128,23
CDI;03/02/1998;128,38
CDI;04/02/1998;128,53
CDI;05/02/1998;128,68
CDI;06/02/1998;128,83
CDI;09/02/1998;128,99
CDI;10/02/1998;129,14
CDI;11/02/1998;129,29
CDI;12/02/1998;129,44
CDI;13/02/1998;129,59
CDI;16/02/1998;129,74
CDI;17/02/1998;129,89
CDI;18/02/1998;130,04
CDI;19/02/1998;130,19
CDI;20/02/1998;130,34
CDI;25/02/1998;130,49
CDI;26/02/1998;130,64
CDI;27/02/1998;130,79
CDI;02/03/1998;130,94
CDI;03/03/1998;131,09
CDI;04/03/1998;131,23
CDI;05/03/1998;131,37
CDI;06/03/1998;131,49
CDI;09/03/1998;131,62
CDI;10/03/1998;131,75
CDI;11/03/1998;131,88
CDI;12/03/1998;132
CDI;13/03/1998;132,13
CDI;16/03/1998;132,26
CDI;17/03/1998;132,39
CDI;18/03/1998;132,51
CDI;19/03/1998;132,64
CDI;20/03/1998;132,77
CDI;23/03/1998;132,9
CDI;24/03/1998;133,02
CDI;25/03/1998;133,15
CDI;26/03/1998;133,28
CDI;27/03/1998;133,41
CDI;30/03/1998;133,54
CDI;31/03/1998;133,66
CDI;01/04/1998;133,79
CDI;02/04/1998;133,92
CDI;03/04/1998;134,05
CDI;06/04/1998;134,18
CDI;07/04/1998;134,31
CDI;08/04/1998;134,44
CDI;13/04/1998;134,57
CDI;14/04/1998;134,7
CDI;15/04/1998;134,83
CDI;16/04/1998;134,94
CDI;17/04/1998;135,05
CDI;20/04/1998;135,16
CDI;22/04/1998;135,28
CDI;23/04/1998;135,39
CDI;24/04/1998;135,5
CDI;27/04/1998;135,61
CDI;28/04/1998;135,72
CDI;29/04/1998;135,84
CDI;30/04/1998;135,95
CDI;04/05/1998;136,06
CDI;05/05/1998;136,17
CDI;06/05/1998;136,28
CDI;07/05/1998;136,4
CDI;08/05/1998;136,51
CDI;11/05/1998;136,62
CDI;12/05/1998;136,74
CDI;13/05/1998;136,85
CDI;14/05/1998;136,96
CDI;15/05/1998;137,08
CDI;18/05/1998;137,19
CDI;19/05/1998;137,3
CDI;20/05/1998;137,42
CDI;21/05/1998;137,53
CDI;22/05/1998;137,63
CDI;25/05/1998;137,74
CDI;26/05/1998;137,85
CDI;27/05/1998;137,95
CDI;28/05/1998;138,06
CDI;29/05/1998;138,17
CDI;01/06/1998;138,27
CDI;02/06/1998;138,38
CDI;03/06/1998;138,48
CDI;04/06/1998;138,59
CDI;05/06/1998;138,69
CDI;08/06/1998;138,8
CDI;09/06/1998;138,91
CDI;10/06/1998;139,01
CDI;12/06/1998;139,12
CDI;15/06/1998;139,22
CDI;16/06/1998;139,33
CDI;17/06/1998;139,43
CDI;18/06/1998;139,54
CDI;19/06/1998;139,65
CDI;22/06/1998;139,75
CDI;23/06/1998;139,86
CDI;24/06/1998;139,96
CDI;25/06/1998;140,07
CDI;26/06/1998;140,17
CDI;29/06/1998;140,27
CDI;30/06/1998;140,38
CDI;01/07/1998;140,48
CDI;02/07/1998;140,59
CDI;03/07/1998;140,69
CDI;06/07/1998;140,79
CDI;07/07/1998;140,9
CDI;08/07/1998;141
CDI;09/07/1998;141,1
CDI;10/07/1998;141,21
CDI;13/07/1998;141,31
CDI;14/07/1998;141,42
CDI;15/07/1998;141,52
CDI;16/07/1998;141,62
CDI;17/07/1998;141,73
CDI;20/07/1998;141,83
CDI;21/07/1998;141,94
CDI;22/07/1998;142,04
CDI;23/07/1998;142,15
CDI;24/07/1998;142,25
CDI;27/07/1998;142,35
CDI;28/07/1998;142,46
CDI;29/07/1998;142,56
CDI;30/07/1998;142,66
CDI;31/07/1998;142,76
CDI;03/08/1998;142,86
CDI;04/08/1998;142,96
CDI;05/08/1998;143,06
CDI;06/08/1998;143,16
CDI;07/08/1998;143,26
CDI;10/08/1998;143,37
CDI;11/08/1998;143,47
CDI;12/08/1998;143,57
CDI;13/08/1998;143,67
CDI;14/08/1998;143,77
CDI;17/08/1998;143,87
CDI;18/08/1998;143,97
CDI;19/08/1998;144,07
CDI;20/08/1998;144,17
CDI;21/08/1998;144,27
CDI;24/08/1998;144,37
CDI;25/08/1998;144,47
CDI;26/08/1998;144,57
CDI;27/08/1998;144,67
CDI;28/08/1998;144,77
CDI;31/08/1998;144,87
CDI;01/09/1998;144,97
CDI;02/09/1998;145,07
CDI;03/09/1998;145,17
CDI;04/09/1998;145,27
CDI;08/09/1998;145,37
CDI;09/09/1998;145,52
CDI;10/09/1998;145,67
CDI;11/09/1998;145,83
CDI;14/09/1998;146,03
CDI;15/09/1998;146,23
CDI;16/09/1998;146,42
CDI;17/09/1998;146,62
CDI;18/09/1998;146,81
CDI;21/09/1998;147
CDI;22/09/1998;147,2
CDI;23/09/1998;147,39
CDI;24/09/1998;147,59
CDI;25/09/1998;147,79
CDI;28/09/1998;147,98
CDI;29/09/1998;148,18
CDI;30/09/1998;148,38
CDI;01/10/1998;148,58
CDI;02/10/1998;148,78
CDI;05/10/1998;148,98
CDI;06/10/1998;149,18
CDI;07/10/1998;149,38
CDI;08/10/1998;149,59
CDI;09/10/1998;149,79
CDI;13/10/1998;149,99
CDI;14/10/1998;150,2
CDI;15/10/1998;150,41
CDI;16/10/1998;150,61
CDI;19/10/1998;150,82
CDI;20/10/1998;151,03
CDI;21/10/1998;151,24
CDI;22/10/1998;151,45
CDI;23/10/1998;151,66
CDI;26/10/1998;151,87
CDI;27/10/1998;152,08
CDI;28/10/1998;152,29
CDI;29/10/1998;152,5
CDI;30/10/1998;152,71
CDI;03/11/1998;152,93
CDI;04/11/1998;153,14
CDI;05/11/1998;153,35
CDI;06/11/1998;153,57
CDI;09/11/1998;153,78
CDI;10/11/1998;153,99
CDI;11/11/1998;154,2
CDI;12/11/1998;154,4
CDI;13/11/1998;154,6
CDI;16/11/1998;154,79
CDI;17/11/1998;154,99
CDI;18/11/1998;155,18
CDI;19/11/1998;155,38
CDI;20/11/1998;155,57
CDI;23/11/1998;155,76
CDI;24/11/1998;155,94
CDI;25/11/1998;156,13
CDI;26/11/1998;156,31
CDI;27/11/1998;156,5
CDI;30/11/1998;156,68
CDI;01/12/1998;156,86
CDI;02/12/1998;157,05
CDI;03/12/1998;157,23
CDI;04/12/1998;157,41
CDI;07/12/1998;157,59
CDI;08/12/1998;157,77
CDI;09/12/1998;157,94
CDI;10/12/1998;158,12
CDI;11/12/1998;158,3
CDI;14/12/1998;158,47
CDI;15/12/1998;158,65
CDI;16/12/1998;158,82
CDI;17/12/1998;158,98
CDI;18/12/1998;159,14
CDI;21/12/1998;159,31
CDI;22/12/1998;159,47
CDI;23/12/1998;159,63
CDI;24/12/1998;159,79
CDI;28/12/1998;159,95
CDI;29/12/1998;160,11
CDI;30/12/1998;160,27
CDI;31/12/1998;160,43
CDI;04/01/1999;160,59
CDI;05/01/1999;160,76
CDI;06/01/1999;160,92
CDI;07/01/1999;161,08
CDI;08/01/1999;161,24
CDI;11/01/1999;161,41
CDI;12/01/1999;161,57
CDI;13/01/1999;161,73
CDI;14/01/1999;161,9
CDI;15/01/1999;162,07
CDI;18/01/1999;162,24
CDI;19/01/1999;162,4
CDI;20/01/1999;162,58
CDI;21/01/1999;162,76
CDI;22/01/1999;162,94
CDI;25/01/1999;163,13
CDI;26/01/1999;163,31
CDI;27/01/1999;163,49
CDI;28/01/1999;163,68
CDI;29/01/1999;163,88
CDI;01/02/1999;164,09
CDI;02/02/1999;164,3
CDI;03/02/1999;164,51
CDI;04/02/1999;164,73
CDI;05/02/1999;164,94
CDI;08/02/1999;165,15
CDI;09/02/1999;165,36
CDI;10/02/1999;165,58
CDI;11/02/1999;165,79
CDI;12/02/1999;166
CDI;17/02/1999;166,22
CDI;18/02/1999;166,43
CDI;19/02/1999;166,65
CDI;22/02/1999;166,86
CDI;23/02/1999;167,08
CDI;24/02/1999;167,29
CDI;25/02/1999;167,51
CDI;26/02/1999;167,72
CDI;01/03/1999;167,94
CDI;02/03/1999;168,16
CDI;03/03/1999;168,37
CDI;04/03/1999;168,59
CDI;05/03/1999;168,81
CDI;08/03/1999;169,06
CDI;09/03/1999;169,3
CDI;10/03/1999;169,55
CDI;11/03/1999;169,79
CDI;12/03/1999;170,04
CDI;15/03/1999;170,29
CDI;16/03/1999;170,54
CDI;17/03/1999;170,79
CDI;18/03/1999;171,03
CDI;19/03/1999;171,28
CDI;22/03/1999;171,53
CDI;23/03/1999;171,78
CDI;24/03/1999;172,03
CDI;25/03/1999;172,28
CDI;26/03/1999;172,52
CDI;29/03/1999;172,76
CDI;30/03/1999;172,99
CDI;31/03/1999;173,23
CDI;05/04/1999;173,46
CDI;06/04/1999;173,68
CDI;07/04/1999;173,91
CDI;08/04/1999;174,13
CDI;09/04/1999;174,36
CDI;12/04/1999;174,58
CDI;13/04/1999;174,81
CDI;14/04/1999;175,04
CDI;15/04/1999;175,23
CDI;16/04/1999;175,43
CDI;19/04/1999;175,63
CDI;20/04/1999;175,84
CDI;22/04/1999;176,04
CDI;23/04/1999;176,24
CDI;26/04/1999;176,43
CDI;27/04/1999;176,63
CDI;28/04/1999;176,83
CDI;29/04/1999;177,02
CDI;30/04/1999;177,21
CDI;03/05/1999;177,41
CDI;04/05/1999;177,6
CDI;05/05/1999;177,79
CDI;06/05/1999;177,98
CDI;07/05/1999;178,17
CDI;10/05/1999;178,36
CDI;11/05/1999;178,54
CDI;12/05/1999;178,72
CDI;13/05/1999;178,9
CDI;14/05/1999;179,07
CDI;17/05/1999;179,24
CDI;18/05/1999;179,4
CDI;19/05/1999;179,56
CDI;20/05/1999;179,71
CDI;21/05/1999;179,86
CDI;24/05/1999;180
CDI;25/05/1999;180,15
CDI;26/05/1999;180,3
CDI;27/05/1999;180,45
CDI;28/05/1999;180,59
CDI;31/05/1999;180,74
CDI;01/06/1999;180,88
CDI;02/06/1999;181,03
CDI;04/06/1999;181,17
CDI;07/06/1999;181,32
CDI;08/06/1999;181,46
CDI;09/06/1999;181,61
CDI;10/06/1999;181,75
CDI;11/06/1999;181,89
CDI;14/06/1999;182,04
CDI;15/06/1999;182,18
CDI;16/06/1999;182,32
CDI;17/06/1999;182,46
CDI;18/06/1999;182,6
CDI;21/06/1999;182,74
CDI;22/06/1999;182,88
CDI;23/06/1999;183,03
CDI;24/06/1999;183,16
CDI;25/06/1999;183,29
CDI;28/06/1999;183,43
CDI;29/06/1999;183,57
CDI;30/06/1999;183,7
CDI;01/07/1999;183,84
CDI;02/07/1999;183,97
CDI;05/07/1999;184,11
CDI;06/07/1999;184,25
CDI;07/07/1999;184,38
CDI;08/07/1999;184,52
CDI;09/07/1999;184,65
CDI;12/07/1999;184,79
CDI;13/07/1999;184,92
CDI;14/07/1999;185,06
CDI;15/07/1999;185,19
CDI;16/07/1999;185,33
CDI;19/07/1999;185,47
CDI;20/07/1999;185,6
CDI;21/07/1999;185,74
CDI;22/07/1999;185,88
CDI;23/07/1999;186,01
CDI;26/07/1999;186,15
CDI;27/07/1999;186,29
CDI;28/07/1999;186,42
CDI;29/07/1999;186,56
CDI;30/07/1999;186,69
CDI;02/08/1999;186,82
CDI;03/08/1999;186,95
CDI;04/08/1999;187,08
CDI;05/08/1999;187,21
CDI;06/08/1999;187,34
CDI;09/08/1999;187,47
CDI;10/08/1999;187,61
CDI;11/08/1999;187,74
CDI;12/08/1999;187,87
CDI;13/08/1999;188
CDI;16/08/1999;188,13
CDI;17/08/1999;188,26
CDI;18/08/1999;188,39
CDI;19/08/1999;188,52
CDI;20/08/1999;188,66
CDI;23/08/1999;188,79
CDI;24/08/1999;188,92
CDI;25/08/1999;189,05
CDI;26/08/1999;189,18
CDI;27/08/1999;189,31
CDI;30/08/1999;189,45
CDI;31/08/1999;189,58
CDI;01/09/1999;189,71
CDI;02/09/1999;189,84
CDI;03/09/1999;189,97
CDI;06/09/1999;190,11
CDI;08/09/1999;190,24
CDI;09/09/1999;190,37
CDI;10/09/1999;190,5
CDI;13/09/1999;190,64
CDI;14/09/1999;190,77
CDI;15/09/1999;190,9
CDI;16/09/1999;191,04
CDI;17/09/1999;191,17
CDI;20/09/1999;191,3
CDI;21/09/1999;191,44
CDI;22/09/1999;191,57
CDI;23/09/1999;191,7
CDI;24/09/1999;191,84
CDI;27/09/1999;191,97
CDI;28/09/1999;192,1
CDI;29/09/1999;192,23
CDI;30/09/1999;192,36
CDI;01/10/1999;192,49
CDI;04/10/1999;192,63
CDI;05/10/1999;192,76
CDI;06/10/1999;192,89
CDI;07/10/1999;193,02
CDI;08/10/1999;193,16
CDI;11/10/1999;193,29
CDI;13/10/1999;193,42
CDI;14/10/1999;193,55
CDI;15/10/1999;193,68
CDI;18/10/1999;193,82
CDI;19/10/1999;193,95
CDI;20/10/1999;194,08
CDI;21/10/1999;194,21
CDI;22/10/1999;194,35
CDI;25/10/1999;194,48
CDI;26/10/1999;194,61
CDI;27/10/1999;194,74
CDI;28/10/1999;194,88
CDI;29/10/1999;195,01
CDI;01/11/1999;195,14
CDI;03/11/1999;195,27
CDI;04/11/1999;195,41
CDI;05/11/1999;195,54
CDI;08/11/1999;195,67
CDI;09/11/1999;195,81
CDI;10/11/1999;195,94
CDI;11/11/1999;196,07
CDI;12/11/1999;196,2
CDI;16/11/1999;196,34
CDI;17/11/1999;196,47
CDI;18/11/1999;196,61
CDI;19/11/1999;196,74
CDI;22/11/1999;196,88
CDI;23/11/1999;197,01
CDI;24/11/1999;197,14
CDI;25/11/1999;197,28
CDI;26/11/1999;197,41
CDI;29/11/1999;197,55
CDI;30/11/1999;197,68
CDI;01/12/1999;197,82
CDI;02/12/1999;197,95
CDI;03/12/1999;198,09
CDI;06/12/1999;198,23
CDI;07/12/1999;198,36
CDI;08/12/1999;198,5
CDI;09/12/1999;198,63
CDI;10/12/1999;198,77
CDI;13/12/1999;198,9
CDI;14/12/1999;199,04
CDI;15/12/1999;199,17
CDI;16/12/1999;199,31
CDI;17/12/1999;199,45
CDI;20/12/1999;199,58
CDI;21/12/1999;199,72
CDI;22/12/1999;199,85
CDI;23/12/1999;199,99
CDI;24/12/1999;200,13
CDI;27/12/1999;200,26
CDI;28/12/1999;200,4
CDI;29/12/1999;200,54
CDI;30/12/1999;200,67
CDI;31/12/1999;200,81
CDI;03/01/2000;200,95
CDI;04/01/2000;201,09
CDI;05/01/2000;201,22
CDI;06/01/2000;201,36
CDI;07/01/2000;201,5
CDI;10/01/2000;201,64
CDI;11/01/2000;201,77
CDI;12/01/2000;201,91
CDI;13/01/2000;202,05
CDI;14/01/2000;202,19
CDI;17/01/2000;202,32
CDI;18/01/2000;202,46
CDI;19/01/2000;202,6
CDI;20/01/2000;202,74
CDI;21/01/2000;202,88
CDI;24/01/2000;203,01
CDI;25/01/2000;203,15
CDI;26/01/2000;203,29
CDI;27/01/2000;203,43
CDI;28/01/2000;203,57
CDI;31/01/2000;203,71
CDI;01/02/2000;203,85
CDI;02/02/2000;203,98
CDI;03/02/2000;204,12
CDI;04/02/2000;204,26
CDI;07/02/2000;204,4
CDI;08/02/2000;204,54
CDI;09/02/2000;204,68
CDI;10/02/2000;204,82
CDI;11/02/2000;204,96
CDI;14/02/2000;205,1
CDI;15/02/2000;205,24
CDI;16/02/2000;205,38
CDI;17/02/2000;205,52
CDI;18/02/2000;205,66
CDI;21/02/2000;205,8
CDI;22/02/2000;205,94
CDI;23/02/2000;206,08
CDI;24/02/2000;206,22
CDI;25/02/2000;206,36
CDI;28/02/2000;206,5
CDI;29/02/2000;206,64
CDI;01/03/2000;206,78
CDI;02/03/2000;206,92
CDI;03/03/2000;207,06
CDI;08/03/2000;207,21
CDI;09/03/2000;207,35
CDI;10/03/2000;207,49
CDI;13/03/2000;207,63
CDI;14/03/2000;207,77
CDI;15/03/2000;207,91
CDI;16/03/2000;208,06
CDI;17/03/2000;208,2
CDI;20/03/2000;208,34
CDI;21/03/2000;208,48
CDI;22/03/2000;208,62
CDI;23/03/2000;208,77
CDI;24/03/2000;208,91
CDI;27/03/2000;209,05
CDI;28/03/2000;209,19
CDI;29/03/2000;209,34
CDI;30/03/2000;209,48
CDI;31/03/2000;209,62
CDI;03/04/2000;209,76
CDI;04/04/2000;209,9
CDI;05/04/2000;210,04
CDI;06/04/2000;210,18
CDI;07/04/2000;210,32
CDI;10/04/2000;210,46
CDI;11/04/2000;210,6
CDI;12/04/2000;210,74
CDI;13/04/2000;210,88
CDI;14/04/2000;211,03
CDI;17/04/2000;211,17
CDI;18/04/2000;211,31
CDI;19/04/2000;211,45
CDI;20/04/2000;211,59
CDI;24/04/2000;211,74
CDI;25/04/2000;211,88
CDI;26/04/2000;212,02
CDI;27/04/2000;212,16
CDI;28/04/2000;212,31
CDI;02/05/2000;212,45
CDI;03/05/2000;212,59
CDI;04/05/2000;212,74
CDI;05/05/2000;212,88
CDI;08/05/2000;213,02
CDI;09/05/2000;213,17
CDI;10/05/2000;213,31
CDI;11/05/2000;213,45
CDI;12/05/2000;213,6
CDI;15/05/2000;213,74
CDI;16/05/2000;213,88
CDI;17/05/2000;214,03
CDI;18/05/2000;214,17
CDI;19/05/2000;214,31
CDI;22/05/2000;214,46
CDI;23/05/2000;214,6
CDI;24/05/2000;214,75
CDI;25/05/2000;214,89
CDI;26/05/2000;215,03
CDI;29/05/2000;215,18
CDI;30/05/2000;215,32
CDI;31/05/2000;215,47
CDI;01/06/2000;215,61
CDI;02/06/2000;215,76
CDI;05/06/2000;215,9
CDI;06/06/2000;216,04
CDI;07/06/2000;216,19
CDI;08/06/2000;216,33
CDI;09/06/2000;216,48
CDI;12/06/2000;216,62
CDI;13/06/2000;216,77
CDI;14/06/2000;216,91
CDI;15/06/2000;217,05
CDI;16/06/2000;217,2
CDI;19/06/2000;217,34
CDI;20/06/2000;217,49
CDI;21/06/2000;217,63
CDI;23/06/2000;217,77
CDI;26/06/2000;217,91
CDI;27/06/2000;218,05
CDI;28/06/2000;218,19
CDI;29/06/2000;218,32
CDI;30/06/2000;218,46
CDI;03/07/2000;218,6
CDI;04/07/2000;218,74
CDI;05/07/2000;218,87
CDI;06/07/2000;219,01
CDI;07/07/2000;219,15
CDI;10/07/2000;219,29
CDI;11/07/2000;219,42
CDI;12/07/2000;219,56
CDI;13/07/2000;219,7
CDI;14/07/2000;219,83
CDI;17/07/2000;219,97
CDI;18/07/2000;220,1
CDI;19/07/2000;220,24
CDI;20/07/2000;220,38
CDI;21/07/2000;220,51
CDI;24/07/2000;220,64
CDI;25/07/2000;220,78
CDI;26/07/2000;220,91
CDI;27/07/2000;221,04
CDI;28/07/2000;221,18
CDI;31/07/2000;221,31
CDI;01/08/2000;221,44
CDI;02/08/2000;221,58
CDI;03/08/2000;221,71
CDI;04/08/2000;221,84
CDI;07/08/2000;221,98
CDI;08/08/2000;222,11
CDI;09/08/2000;222,24
CDI;10/08/2000;222,38
CDI;11/08/2000;222,51
CDI;14/08/2000;222,65
CDI;15/08/2000;222,78
CDI;16/08/2000;222,92
CDI;17/08/2000;223,05
CDI;18/08/2000;223,18
CDI;21/08/2000;223,32
CDI;22/08/2000;223,45
CDI;23/08/2000;223,59
CDI;24/08/2000;223,72
CDI;25/08/2000;223,86
CDI;28/08/2000;223,99
CDI;29/08/2000;224,13
CDI;30/08/2000;224,26
CDI;31/08/2000;224,4
CDI;01/09/2000;224,53
CDI;04/09/2000;224,67
CDI;05/09/2000;224,8
CDI;06/09/2000;224,94
CDI;08/09/2000;225,07
CDI;11/09/2000;225,21
CDI;12/09/2000;225,35
CDI;13/09/2000;225,48
CDI;14/09/2000;225,62
CDI;15/09/2000;225,76
CDI;18/09/2000;225,89
CDI;19/09/2000;226,03
CDI;20/09/2000;226,17
CDI;21/09/2000;226,3
CDI;22/09/2000;226,44
CDI;25/09/2000;226,58
CDI;26/09/2000;226,72
CDI;27/09/2000;226,85
CDI;28/09/2000;226,99
CDI;29/09/2000;227,13
CDI;02/10/2000;227,27
CDI;03/10/2000;227,4
CDI;04/10/2000;227,54
CDI;05/10/2000;227,68
CDI;06/10/2000;227,82
CDI;09/10/2000;227,95
CDI;10/10/2000;228,09
CDI;11/10/2000;228,23
CDI;13/10/2000;228,37
CDI;16/10/2000;228,51
CDI;17/10/2000;228,65
CDI;18/10/2000;228,78
CDI;19/10/2000;228,92
CDI;20/10/2000;229,06
CDI;23/10/2000;229,2
CDI;24/10/2000;229,34
CDI;25/10/2000;229,48
CDI;26/10/2000;229,62
CDI;27/10/2000;229,76
CDI;30/10/2000;229,89
CDI;31/10/2000;230,03
CDI;01/11/2000;230,17
CDI;03/11/2000;230,31
CDI;06/11/2000;230,45
CDI;07/11/2000;230,59
CDI;08/11/2000;230,73
CDI;09/11/2000;230,87
CDI;10/11/2000;231,01
CDI;13/11/2000;231,15
CDI;14/11/2000;231,29
CDI;16/11/2000;231,43
CDI;17/11/2000;231,57
CDI;20/11/2000;231,71
CDI;21/11/2000;231,85
CDI;22/11/2000;231,99
CDI;23/11/2000;232,13
CDI;24/11/2000;232,27
CDI;27/11/2000;232,41
CDI;28/11/2000;232,55
CDI;29/11/2000;232,69
CDI;30/11/2000;232,83
CDI;01/12/2000;232,97
CDI;04/12/2000;233,11
CDI;05/12/2000;233,25
CDI;06/12/2000;233,39
CDI;07/12/2000;233,53
CDI;08/12/2000;233,67
CDI;11/12/2000;233,81
CDI;12/12/2000;233,95
CDI;13/12/2000;234,09
CDI;14/12/2000;234,23
CDI;15/12/2000;234,37
CDI;18/12/2000;234,51
CDI;19/12/2000;234,66
CDI;20/12/2000;234,8
CDI;21/12/2000;234,93
CDI;22/12/2000;235,07
CDI;26/12/2000;235,21
CDI;27/12/2000;235,34
CDI;28/12/2000;235,48
CDI;29/12/2000;235,62
CDI;02/01/2001;235,75
CDI;03/01/2001;235,89
CDI;04/01/2001;236,03
CDI;05/01/2001;236,16
CDI;08/01/2001;236,3
CDI;09/01/2001;236,44
CDI;10/01/2001;236,57
CDI;11/01/2001;236,71
CDI;12/01/2001;236,84
CDI;15/01/2001;236,98
CDI;16/01/2001;237,12
CDI;17/01/2001;237,25
CDI;18/01/2001;237,39
CDI;19/01/2001;237,52
CDI;22/01/2001;237,65
CDI;23/01/2001;237,79
CDI;24/01/2001;237,92
CDI;25/01/2001;238,05
CDI;26/01/2001;238,19
CDI;29/01/2001;238,32
CDI;30/01/2001;238,45
CDI;31/01/2001;238,59
CDI;01/02/2001;238,72
CDI;02/02/2001;238,85
CDI;05/02/2001;238,98
CDI;06/02/2001;239,12
CDI;07/02/2001;239,25
CDI;08/02/2001;239,38
CDI;09/02/2001;239,52
CDI;12/02/2001;239,65
CDI;13/02/2001;239,79
CDI;14/02/2001;239,92
CDI;15/02/2001;240,05
CDI;16/02/2001;240,19
CDI;19/02/2001;240,32
CDI;20/02/2001;240,46
CDI;21/02/2001;240,59
CDI;22/02/2001;240,73
CDI;23/02/2001;240,86
CDI;28/02/2001;240,99
CDI;01/03/2001;241,13
CDI;02/03/2001;241,26
CDI;05/03/2001;241,4
CDI;06/03/2001;241,53
CDI;07/03/2001;241,67
CDI;08/03/2001;241,8
CDI;09/03/2001;241,94
CDI;12/03/2001;242,07
CDI;13/03/2001;242,21
CDI;14/03/2001;242,34
CDI;15/03/2001;242,48
CDI;16/03/2001;242,61
CDI;19/03/2001;242,75
CDI;20/03/2001;242,88
CDI;21/03/2001;243,02
CDI;22/03/2001;243,16
CDI;23/03/2001;243,3
CDI;26/03/2001;243,44
CDI;27/03/2001;243,58
CDI;28/03/2001;243,72
CDI;29/03/2001;243,86
CDI;30/03/2001;244
CDI;02/04/2001;244,14
CDI;03/04/2001;244,28
CDI;04/04/2001;244,43
CDI;05/04/2001;244,57
CDI;06/04/2001;244,71
CDI;09/04/2001;244,85
CDI;10/04/2001;244,99
CDI;11/04/2001;245,14
CDI;12/04/2001;245,28
CDI;16/04/2001;245,42
CDI;17/04/2001;245,56
CDI;18/04/2001;245,71
CDI;19/04/2001;245,85
CDI;20/04/2001;246
CDI;23/04/2001;246,14
CDI;24/04/2001;246,29
CDI;25/04/2001;246,44
CDI;26/04/2001;246,58
CDI;27/04/2001;246,73
CDI;30/04/2001;246,88
CDI;02/05/2001;247,03
CDI;03/05/2001;247,17
CDI;04/05/2001;247,32
CDI;07/05/2001;247,47
CDI;08/05/2001;247,62
CDI;09/05/2001;247,76
CDI;10/05/2001;247,91
CDI;11/05/2001;248,06
CDI;14/05/2001;248,21
CDI;15/05/2001;248,36
CDI;16/05/2001;248,5
CDI;17/05/2001;248,65
CDI;18/05/2001;248,8
CDI;21/05/2001;248,95
CDI;22/05/2001;249,1
CDI;23/05/2001;249,25
CDI;24/05/2001;249,4
CDI;25/05/2001;249,55
CDI;28/05/2001;249,71
CDI;29/05/2001;249,86
CDI;30/05/2001;250,01
CDI;31/05/2001;250,17
CDI;01/06/2001;250,32
CDI;04/06/2001;250,48
CDI;05/06/2001;250,63
CDI;06/06/2001;250,78
CDI;07/06/2001;250,94
CDI;08/06/2001;251,09
CDI;11/06/2001;251,25
CDI;12/06/2001;251,4
CDI;13/06/2001;251,55
CDI;15/06/2001;251,71
CDI;18/06/2001;251,86
CDI;19/06/2001;252,02
CDI;20/06/2001;252,17
CDI;21/06/2001;252,33
CDI;22/06/2001;252,5
CDI;25/06/2001;252,67
CDI;26/06/2001;252,83
CDI;27/06/2001;253
CDI;28/06/2001;253,17
CDI;29/06/2001;253,34
CDI;02/07/2001;253,51
CDI;03/07/2001;253,68
CDI;04/07/2001;253,85
CDI;05/07/2001;254,02
CDI;06/07/2001;254,19
CDI;09/07/2001;254,36
CDI;10/07/2001;254,52
CDI;11/07/2001;254,69
CDI;12/07/2001;254,87
CDI;13/07/2001;255,04
CDI;16/07/2001;255,21
CDI;17/07/2001;255,38
CDI;18/07/2001;255,55
CDI;19/07/2001;255,72
CDI;20/07/2001;255,9
CDI;23/07/2001;256,08
CDI;24/07/2001;256,25
CDI;25/07/2001;256,43
CDI;26/07/2001;256,61
CDI;27/07/2001;256,78
CDI;30/07/2001;256,96
CDI;31/07/2001;257,14
CDI;01/08/2001;257,31
CDI;02/08/2001;257,49
CDI;03/08/2001;257,67
CDI;06/08/2001;257,85
CDI;07/08/2001;258,03
CDI;08/08/2001;258,2
CDI;09/08/2001;258,38
CDI;10/08/2001;258,56
CDI;13/08/2001;258,74
CDI;14/08/2001;258,92
CDI;15/08/2001;259,1
CDI;16/08/2001;259,28
CDI;17/08/2001;259,45
CDI;20/08/2001;259,63
CDI;21/08/2001;259,81
CDI;22/08/2001;259,99
CDI;23/08/2001;260,17
CDI;24/08/2001;260,35
CDI;27/08/2001;260,53
CDI;28/08/2001;260,71
CDI;29/08/2001;260,89
CDI;30/08/2001;261,07
CDI;31/08/2001;261,25
CDI;03/09/2001;261,43
CDI;04/09/2001;261,62
CDI;05/09/2001;261,8
CDI;06/09/2001;261,98
CDI;10/09/2001;262,16
CDI;11/09/2001;262,34
CDI;12/09/2001;262,52
CDI;13/09/2001;262,7
CDI;14/09/2001;262,88
CDI;17/09/2001;263,07
CDI;18/09/2001;263,25
CDI;19/09/2001;263,43
CDI;20/09/2001;263,61
CDI;21/09/2001;263,79
CDI;24/09/2001;263,98
CDI;25/09/2001;264,16
CDI;26/09/2001;264,34
CDI;27/09/2001;264,53
CDI;28/09/2001;264,71
CDI;01/10/2001;264,89
CDI;02/10/2001;265,08
CDI;03/10/2001;265,26
CDI;04/10/2001;265,45
CDI;05/10/2001;265,63
CDI;08/10/2001;265,81
CDI;09/10/2001;266
CDI;10/10/2001;266,18
CDI;11/10/2001;266,37
CDI;15/10/2001;266,55
CDI;16/10/2001;266,73
CDI;17/10/2001;266,92
CDI;18/10/2001;267,1
CDI;19/10/2001;267,29
CDI;22/10/2001;267,47
CDI;23/10/2001;267,66
CDI;24/10/2001;267,84
CDI;25/10/2001;268,03
CDI;26/10/2001;268,21
CDI;29/10/2001;268,4
CDI;30/10/2001;268,59
CDI;31/10/2001;268,77
CDI;01/11/2001;268,96
CDI;05/11/2001;269,14
CDI;06/11/2001;269,33
CDI;07/11/2001;269,52
CDI;08/11/2001;269,7
CDI;09/11/2001;269,89
CDI;12/11/2001;270,08
CDI;13/11/2001;270,26
CDI;14/11/2001;270,45
CDI;16/11/2001;270,64
CDI;19/11/2001;270,82
CDI;20/11/2001;271,01
CDI;21/11/2001;271,2
CDI;22/11/2001;271,39
CDI;23/11/2001;271,57
CDI;26/11/2001;271,76
CDI;27/11/2001;271,95
CDI;28/11/2001;272,14
CDI;29/11/2001;272,33
CDI;30/11/2001;272,52
CDI;03/12/2001;272,7
CDI;04/12/2001;272,89
CDI;05/12/2001;273,08
CDI;06/12/2001;273,27
CDI;07/12/2001;273,46
CDI;10/12/2001;273,65
CDI;11/12/2001;273,84
CDI;12/12/2001;274,03
CDI;13/12/2001;274,22
CDI;14/12/2001;274,41
CDI;17/12/2001;274,6
CDI;18/12/2001;274,79
CDI;19/12/2001;274,98
CDI;20/12/2001;275,17
CDI;21/12/2001;275,36
CDI;24/12/2001;275,55
CDI;26/12/2001;275,74
CDI;27/12/2001;275,93
CDI;28/12/2001;276,12
CDI;31/12/2001;276,31
CDI;02/01/2002;276,5
CDI;03/01/2002;276,7
CDI;04/01/2002;276,89
CDI;07/01/2002;277,08
CDI;08/01/2002;277,27
CDI;09/01/2002;277,46
CDI;10/01/2002;277,65
CDI;11/01/2002;277,85
CDI;14/01/2002;278,04
CDI;15/01/2002;278,23
CDI;16/01/2002;278,42
CDI;17/01/2002;278,61
CDI;18/01/2002;278,81
CDI;21/01/2002;279
CDI;22/01/2002;279,19
CDI;23/01/2002;279,39
CDI;24/01/2002;279,58
CDI;25/01/2002;279,77
CDI;28/01/2002;279,97
CDI;29/01/2002;280,16
CDI;30/01/2002;280,35
CDI;31/01/2002;280,55
CDI;01/02/2002;280,74
CDI;04/02/2002;280,93
CDI;05/02/2002;281,13
CDI;06/02/2002;281,32
CDI;07/02/2002;281,52
CDI;08/02/2002;281,71
CDI;13/02/2002;281,91
CDI;14/02/2002;282,1
CDI;15/02/2002;282,3
CDI;18/02/2002;282,49
CDI;19/02/2002;282,69
CDI;20/02/2002;282,88
CDI;21/02/2002;283,08
CDI;22/02/2002;283,27
CDI;25/02/2002;283,47
CDI;26/02/2002;283,66
CDI;27/02/2002;283,85
CDI;28/02/2002;284,05
CDI;01/03/2002;284,24
CDI;04/03/2002;284,44
CDI;05/03/2002;284,63
CDI;06/03/2002;284,83
CDI;07/03/2002;285,02
CDI;08/03/2002;285,22
CDI;11/03/2002;285,41
CDI;12/03/2002;285,61
CDI;13/03/2002;285,8
CDI;14/03/2002;286
CDI;15/03/2002;286,19
CDI;18/03/2002;286,39
CDI;19/03/2002;286,58
CDI;20/03/2002;286,78
CDI;21/03/2002;286,97
CDI;22/03/2002;287,17
CDI;25/03/2002;287,36
CDI;26/03/2002;287,55
CDI;27/03/2002;287,75
CDI;28/03/2002;287,94
CDI;01/04/2002;288,14
CDI;02/04/2002;288,33
CDI;03/04/2002;288,52
CDI;04/04/2002;288,72
CDI;05/04/2002;288,91
CDI;08/04/2002;289,11
CDI;09/04/2002;289,3
CDI;10/04/2002;289,49
CDI;11/04/2002;289,69
CDI;12/04/2002;289,88
CDI;15/04/2002;290,08
CDI;16/04/2002;290,27
CDI;17/04/2002;290,46
CDI;18/04/2002;290,66
CDI;19/04/2002;290,85
CDI;22/04/2002;291,05
CDI;23/04/2002;291,24
CDI;24/04/2002;291,44
CDI;25/04/2002;291,63
CDI;26/04/2002;291,83
CDI;29/04/2002;292,02
CDI;30/04/2002;292,22
CDI;02/05/2002;292,41
CDI;03/05/2002;292,6
CDI;06/05/2002;292,8
CDI;07/05/2002;292,99
CDI;08/05/2002;293,19
CDI;09/05/2002;293,38
CDI;10/05/2002;293,57
CDI;13/05/2002;293,77
CDI;14/05/2002;293,96
CDI;15/05/2002;294,16
CDI;16/05/2002;294,36
CDI;17/05/2002;294,55
CDI;20/05/2002;294,75
CDI;21/05/2002;294,95
CDI;22/05/2002;295,14
CDI;23/05/2002;295,34
CDI;24/05/2002;295,54
CDI;27/05/2002;295,73
CDI;28/05/2002;295,93
CDI;29/05/2002;296,13
CDI;31/05/2002;296,32
CDI;03/06/2002;296,51
CDI;04/06/2002;296,7
CDI;05/06/2002;296,85
CDI;06/06/2002;297,03
CDI;07/06/2002;297,21
CDI;10/06/2002;297,41
CDI;11/06/2002;297,6
CDI;12/06/2002;297,8
CDI;13/06/2002;298
CDI;14/06/2002;298,19
CDI;17/06/2002;298,39
CDI;18/06/2002;298,59
CDI;19/06/2002;298,79
CDI;20/06/2002;298,99
CDI;21/06/2002;299,19
CDI;24/06/2002;299,39
CDI;25/06/2002;299,59
CDI;26/06/2002;299,79
CDI;27/06/2002;299,99
CDI;28/06/2002;300,2
CDI;01/07/2002;300,4
CDI;02/07/2002;300,6
CDI;03/07/2002;300,8
CDI;04/07/2002;301
CDI;05/07/2002;301,2
CDI;08/07/2002;301,4
CDI;09/07/2002;301,61
CDI;10/07/2002;301,81
CDI;11/07/2002;302,01
CDI;12/07/2002;302,21
CDI;15/07/2002;302,41
CDI;16/07/2002;302,62
CDI;17/07/2002;302,82
CDI;18/07/2002;303,02
CDI;19/07/2002;303,22
CDI;22/07/2002;303,42
CDI;23/07/2002;303,61
CDI;24/07/2002;303,81
CDI;25/07/2002;304,01
CDI;26/07/2002;304,21
CDI;29/07/2002;304,41
CDI;30/07/2002;304,61
CDI;31/07/2002;304,81
CDI;01/08/2002;305
CDI;02/08/2002;305,2
CDI;05/08/2002;305,4
CDI;06/08/2002;305,6
CDI;07/08/2002;305,8
CDI;08/08/2002;306
CDI;09/08/2002;306,2
CDI;12/08/2002;306,4
CDI;13/08/2002;306,6
CDI;14/08/2002;306,8
CDI;15/08/2002;307
CDI;16/08/2002;307,2
CDI;19/08/2002;307,4
CDI;20/08/2002;307,6
CDI;21/08/2002;307,8
CDI;22/08/2002;308,01
CDI;23/08/2002;308,21
CDI;26/08/2002;308,41
CDI;27/08/2002;308,61
CDI;28/08/2002;308,81
CDI;29/08/2002;309,01
CDI;30/08/2002;309,21
CDI;02/09/2002;309,41
CDI;03/09/2002;309,62
CDI;04/09/2002;309,82
CDI;05/09/2002;310,02
CDI;06/09/2002;310,22
CDI;09/09/2002;310,43
CDI;10/09/2002;310,63
CDI;11/09/2002;310,83
CDI;12/09/2002;311,03
CDI;13/09/2002;311,24
CDI;16/09/2002;311,44
CDI;17/09/2002;311,64
CDI;18/09/2002;311,85
CDI;19/09/2002;312,05
CDI;20/09/2002;312,26
CDI;23/09/2002;312,46
CDI;24/09/2002;312,66
CDI;25/09/2002;312,87
CDI;26/09/2002;313,07
CDI;27/09/2002;313,28
CDI;30/09/2002;313,48
CDI;01/10/2002;313,69
CDI;02/10/2002;313,89
CDI;03/10/2002;314,1
CDI;04/10/2002;314,3
CDI;07/10/2002;314,51
CDI;08/10/2002;314,71
CDI;09/10/2002;314,92
CDI;10/10/2002;315,12
CDI;11/10/2002;315,33
CDI;14/10/2002;315,53
CDI;15/10/2002;315,74
CDI;16/10/2002;315,98
CDI;17/10/2002;316,21
CDI;18/10/2002;316,45
CDI;21/10/2002;316,69
CDI;22/10/2002;316,93
CDI;23/10/2002;317,17
CDI;24/10/2002;317,4
CDI;25/10/2002;317,64
CDI;28/10/2002;317,88
CDI;29/10/2002;318,12
CDI;30/10/2002;318,36
CDI;31/10/2002;318,6
CDI;01/11/2002;318,84
CDI;04/11/2002;319,07
CDI;05/11/2002;319,31
CDI;06/11/2002;319,55
CDI;07/11/2002;319,79
CDI;08/11/2002;320,03
CDI;11/11/2002;320,27
CDI;12/11/2002;320,51
CDI;13/11/2002;320,76
CDI;14/11/2002;321
CDI;18/11/2002;321,24
CDI;19/11/2002;321,48
CDI;20/11/2002;321,72
CDI;21/11/2002;321,96
CDI;22/11/2002;322,21
CDI;25/11/2002;322,46
CDI;26/11/2002;322,71
CDI;27/11/2002;322,97
CDI;28/11/2002;323,22
CDI;29/11/2002;323,47
CDI;02/12/2002;323,72
CDI;03/12/2002;323,98
CDI;04/12/2002;324,23
CDI;05/12/2002;324,49
CDI;06/12/2002;324,74
CDI;09/12/2002;325
CDI;10/12/2002;325,25
CDI;11/12/2002;325,5
CDI;12/12/2002;325,76
CDI;13/12/2002;326,01
CDI;16/12/2002;326,27
CDI;17/12/2002;326,52
CDI;18/12/2002;326,78
CDI;19/12/2002;327,03
CDI;20/12/2002;327,32
CDI;23/12/2002;327,61
CDI;24/12/2002;327,89
CDI;26/12/2002;328,18
CDI;27/12/2002;328,47
CDI;30/12/2002;328,76
CDI;31/12/2002;329,05
CDI;02/01/2003;329,34
CDI;03/01/2003;329,63
CDI;06/01/2003;329,92
CDI;07/01/2003;330,21
CDI;08/01/2003;330,5
CDI;09/01/2003;330,79
CDI;10/01/2003;331,08
CDI;13/01/2003;331,37
CDI;14/01/2003;331,66
CDI;15/01/2003;331,96
CDI;16/01/2003;332,25
CDI;17/01/2003;332,54
CDI;20/01/2003;332,83
CDI;21/01/2003;333,13
CDI;22/01/2003;333,42
CDI;23/01/2003;333,71
CDI;24/01/2003;334,01
CDI;27/01/2003;334,31
CDI;28/01/2003;334,61
CDI;29/01/2003;334,91
CDI;30/01/2003;335,21
CDI;31/01/2003;335,51
CDI;03/02/2003;335,81
CDI;04/02/2003;336,11
CDI;05/02/2003;336,41
CDI;06/02/2003;336,72
CDI;07/02/2003;337,02
CDI;10/02/2003;337,32
CDI;11/02/2003;337,62
CDI;12/02/2003;337,93
CDI;13/02/2003;338,23
CDI;14/02/2003;338,53
CDI;17/02/2003;338,83
CDI;18/02/2003;339,14
CDI;19/02/2003;339,44
CDI;20/02/2003;339,74
CDI;21/02/2003;340,06
CDI;24/02/2003;340,37
CDI;25/02/2003;340,69
CDI;26/02/2003;341
CDI;27/02/2003;341,32
CDI;28/02/2003;341,63
CDI;05/03/2003;341,95
CDI;06/03/2003;342,27
CDI;07/03/2003;342,58
CDI;10/03/2003;342,9
CDI;11/03/2003;343,22
CDI;12/03/2003;343,54
CDI;13/03/2003;343,85
CDI;14/03/2003;344,17
CDI;17/03/2003;344,49
CDI;18/03/2003;344,81
CDI;19/03/2003;345,13
CDI;20/03/2003;345,45
CDI;21/03/2003;345,77
CDI;24/03/2003;346,09
CDI;25/03/2003;346,41
CDI;26/03/2003;346,73
CDI;27/03/2003;347,05
CDI;28/03/2003;347,37
CDI;31/03/2003;347,69
CDI;01/04/2003;348,01
CDI;02/04/2003;348,33
CDI;03/04/2003;348,65
CDI;04/04/2003;348,98
CDI;07/04/2003;349,3
CDI;08/04/2003;349,62
CDI;09/04/2003;349,95
CDI;10/04/2003;350,27
CDI;11/04/2003;350,59
CDI;14/04/2003;350,92
CDI;15/04/2003;351,24
CDI;16/04/2003;351,57
CDI;17/04/2003;351,89
CDI;22/04/2003;352,22
CDI;23/04/2003;352,54
CDI;24/04/2003;352,87
CDI;25/04/2003;353,2
CDI;28/04/2003;353,52
CDI;29/04/2003;353,85
CDI;30/04/2003;354,18
CDI;02/05/2003;354,5
CDI;05/05/2003;354,83
CDI;06/05/2003;355,16
CDI;07/05/2003;355,49
CDI;08/05/2003;355,82
CDI;09/05/2003;356,15
CDI;12/05/2003;356,48
CDI;13/05/2003;356,81
CDI;14/05/2003;357,14
CDI;15/05/2003;357,47
CDI;16/05/2003;357,8
CDI;19/05/2003;358,13
CDI;20/05/2003;358,46
CDI;21/05/2003;358,79
CDI;22/05/2003;359,12
CDI;23/05/2003;359,46
CDI;26/05/2003;359,79
CDI;27/05/2003;360,12
CDI;28/05/2003;360,45
CDI;29/05/2003;360,78
CDI;30/05/2003;361,12
CDI;02/06/2003;361,45
CDI;03/06/2003;361,78
CDI;04/06/2003;362,12
CDI;05/06/2003;362,45
CDI;06/06/2003;362,79
CDI;09/06/2003;363,12
CDI;10/06/2003;363,46
CDI;11/06/2003;363,79
CDI;12/06/2003;364,13
CDI;13/06/2003;364,47
CDI;16/06/2003;364,8
CDI;17/06/2003;365,14
CDI;18/06/2003;365,48
CDI;20/06/2003;365,81
CDI;23/06/2003;366,14
CDI;24/06/2003;366,48
CDI;25/06/2003;366,81
CDI;26/06/2003;367,14
CDI;27/06/2003;367,47
CDI;30/06/2003;367,81
CDI;01/07/2003;368,14
CDI;02/07/2003;368,47
CDI;03/07/2003;368,81
CDI;04/07/2003;369,14
CDI;07/07/2003;369,48
CDI;08/07/2003;369,81
CDI;09/07/2003;370,15
CDI;10/07/2003;370,48
CDI;11/07/2003;370,82
CDI;14/07/2003;371,15
CDI;15/07/2003;371,49
CDI;16/07/2003;371,83
CDI;17/07/2003;372,16
CDI;18/07/2003;372,5
CDI;21/07/2003;372,84
CDI;22/07/2003;373,17
CDI;23/07/2003;373,51
CDI;24/07/2003;373,85
CDI;25/07/2003;374,17
CDI;28/07/2003;374,49
CDI;29/07/2003;374,81
CDI;30/07/2003;375,14
CDI;31/07/2003;375,46
CDI;01/08/2003;375,78
CDI;04/08/2003;376,11
CDI;05/08/2003;376,43
CDI;06/08/2003;376,75
CDI;07/08/2003;377,08
CDI;08/08/2003;377,4
CDI;11/08/2003;377,73
CDI;12/08/2003;378,05
CDI;13/08/2003;378,38
CDI;14/08/2003;378,71
CDI;15/08/2003;379,03
CDI;18/08/2003;379,36
CDI;19/08/2003;379,68
CDI;20/08/2003;380,01
CDI;21/08/2003;380,33
CDI;22/08/2003;380,63
CDI;25/08/2003;380,93
CDI;26/08/2003;381,22
CDI;27/08/2003;381,52
CDI;28/08/2003;381,82
CDI;29/08/2003;382,12
CDI;01/09/2003;382,41
CDI;02/09/2003;382,71
CDI;03/09/2003;383,01
CDI;04/09/2003;383,31
CDI;05/09/2003;383,61
CDI;08/09/2003;383,91
CDI;09/09/2003;384,21
CDI;10/09/2003;384,51
CDI;11/09/2003;384,81
CDI;12/09/2003;385,11
CDI;15/09/2003;385,41
CDI;16/09/2003;385,71
CDI;17/09/2003;386,01
CDI;18/09/2003;386,31
CDI;19/09/2003;386,58
CDI;22/09/2003;386,86
CDI;23/09/2003;387,13
CDI;24/09/2003;387,41
CDI;25/09/2003;387,69
CDI;26/09/2003;387,96
CDI;29/09/2003;388,24
CDI;30/09/2003;388,52
CDI;01/10/2003;388,8
CDI;02/10/2003;389,07
CDI;03/10/2003;389,35
CDI;06/10/2003;389,63
CDI;07/10/2003;389,91
CDI;08/10/2003;390,19
CDI;09/10/2003;390,47
CDI;10/10/2003;390,74
CDI;13/10/2003;391,02
CDI;14/10/2003;391,3
CDI;15/10/2003;391,58
CDI;16/10/2003;391,86
CDI;17/10/2003;392,14
CDI;20/10/2003;392,42
CDI;21/10/2003;392,71
CDI;22/10/2003;392,99
CDI;23/10/2003;393,27
CDI;24/10/2003;393,53
CDI;27/10/2003;393,8
CDI;28/10/2003;394,07
CDI;29/10/2003;394,34
CDI;30/10/2003;394,61
CDI;31/10/2003;394,88
CDI;03/11/2003;395,15
CDI;04/11/2003;395,42
CDI;05/11/2003;395,68
CDI;06/11/2003;395,95
CDI;07/11/2003;396,23
CDI;10/11/2003;396,5
CDI;11/11/2003;396,77
CDI;12/11/2003;397,04
CDI;13/11/2003;397,31
CDI;14/11/2003;397,58
CDI;17/11/2003;397,85
CDI;18/11/2003;398,12
CDI;19/11/2003;398,39
CDI;20/11/2003;398,66
CDI;21/11/2003;398,92
CDI;24/11/2003;399,17
CDI;25/11/2003;399,42
CDI;26/11/2003;399,67
CDI;27/11/2003;399,93
CDI;28/11/2003;400,18
CDI;01/12/2003;400,43
CDI;02/12/2003;400,69
CDI;03/12/2003;400,94
CDI;04/12/2003;401,19
CDI;05/12/2003;401,44
CDI;08/12/2003;401,7
CDI;09/12/2003;401,95
CDI;10/12/2003;402,2
CDI;11/12/2003;402,46
CDI;12/12/2003;402,71
CDI;15/12/2003;402,97
CDI;16/12/2003;403,22
CDI;17/12/2003;403,47
CDI;18/12/2003;403,73
CDI;19/12/2003;403,97
CDI;22/12/2003;404,21
CDI;23/12/2003;404,45
CDI;24/12/2003;404,69
CDI;26/12/2003;404,93
CDI;29/12/2003;405,18
CDI;30/12/2003;405,42
CDI;31/12/2003;405,66
CDI;02/01/2004;405,9
CDI;05/01/2004;406,14
CDI;06/01/2004;406,39
CDI;07/01/2004;406,63
CDI;08/01/2004;406,87
CDI;09/01/2004;407,12
CDI;12/01/2004;407,36
CDI;13/01/2004;407,6
CDI;14/01/2004;407,85
CDI;15/01/2004;408,09
CDI;16/01/2004;408,33
CDI;19/01/2004;408,58
CDI;20/01/2004;408,82
CDI;21/01/2004;409,06
CDI;22/01/2004;409,31
CDI;23/01/2004;409,55
CDI;26/01/2004;409,8
CDI;27/01/2004;410,04
CDI;28/01/2004;410,28
CDI;29/01/2004;410,53
CDI;30/01/2004;410,77
CDI;02/02/2004;411,02
CDI;03/02/2004;411,26
CDI;04/02/2004;411,51
CDI;05/02/2004;411,75
CDI;06/02/2004;412
CDI;09/02/2004;412,25
CDI;10/02/2004;412,49
CDI;11/02/2004;412,74
CDI;12/02/2004;412,98
CDI;13/02/2004;413,23
CDI;16/02/2004;413,48
CDI;17/02/2004;413,72
CDI;18/02/2004;413,97
CDI;19/02/2004;414,22
CDI;20/02/2004;414,46
CDI;25/02/2004;414,71
CDI;26/02/2004;414,96
CDI;27/02/2004;415,21
CDI;01/03/2004;415,46
CDI;02/03/2004;415,7
CDI;03/03/2004;415,95
CDI;04/03/2004;416,2
CDI;05/03/2004;416,45
CDI;08/03/2004;416,7
CDI;09/03/2004;416,95
CDI;10/03/2004;417,19
CDI;11/03/2004;417,44
CDI;12/03/2004;417,69
CDI;15/03/2004;417,94
CDI;16/03/2004;418,19
CDI;17/03/2004;418,44
CDI;18/03/2004;418,69
CDI;19/03/2004;418,94
CDI;22/03/2004;419,18
CDI;23/03/2004;419,43
CDI;24/03/2004;419,68
CDI;25/03/2004;419,93
CDI;26/03/2004;420,17
CDI;29/03/2004;420,42
CDI;30/03/2004;420,67
CDI;31/03/2004;420,92
CDI;01/04/2004;421,17
CDI;02/04/2004;421,41
CDI;05/04/2004;421,66
CDI;06/04/2004;421,91
CDI;07/04/2004;422,16
CDI;08/04/2004;422,41
CDI;12/04/2004;422,66
CDI;13/04/2004;422,91
CDI;14/04/2004;423,16
CDI;15/04/2004;423,41
CDI;16/04/2004;423,65
CDI;19/04/2004;423,9
CDI;20/04/2004;424,14
CDI;22/04/2004;424,39
CDI;23/04/2004;424,64
CDI;26/04/2004;424,88
CDI;27/04/2004;425,13
CDI;28/04/2004;425,37
CDI;29/04/2004;425,62
CDI;30/04/2004;425,87
CDI;03/05/2004;426,11
CDI;04/05/2004;426,36
CDI;05/05/2004;426,61
CDI;06/05/2004;426,85
CDI;07/05/2004;427,1
CDI;10/05/2004;427,35
CDI;11/05/2004;427,6
CDI;12/05/2004;427,84
CDI;13/05/2004;428,09
CDI;14/05/2004;428,34
CDI;17/05/2004;428,59
CDI;18/05/2004;428,84
CDI;19/05/2004;429,08
CDI;20/05/2004;429,33
CDI;21/05/2004;429,58
CDI;24/05/2004;429,83
CDI;25/05/2004;430,08
CDI;26/05/2004;430,33
CDI;27/05/2004;430,58
CDI;28/05/2004;430,83
CDI;31/05/2004;431,08
CDI;01/06/2004;431,33
CDI;02/06/2004;431,58
CDI;03/06/2004;431,83
CDI;04/06/2004;432,08
CDI;07/06/2004;432,33
CDI;08/06/2004;432,59
CDI;09/06/2004;432,84
CDI;11/06/2004;433,09
CDI;14/06/2004;433,34
CDI;15/06/2004;433,59
CDI;16/06/2004;433,84
CDI;17/06/2004;434,09
CDI;18/06/2004;434,34
CDI;21/06/2004;434,59
CDI;22/06/2004;434,85
CDI;23/06/2004;435,1
CDI;24/06/2004;435,35
CDI;25/06/2004;435,6
CDI;28/06/2004;435,85
CDI;29/06/2004;436,11
CDI;30/06/2004;436,36
CDI;01/07/2004;436,61
CDI;02/07/2004;436,86
CDI;05/07/2004;437,12
CDI;06/07/2004;437,37
CDI;07/07/2004;437,62
CDI;08/07/2004;437,88
CDI;09/07/2004;438,13
CDI;12/07/2004;438,38
CDI;13/07/2004;438,64
CDI;14/07/2004;438,89
CDI;15/07/2004;439,15
CDI;16/07/2004;439,4
CDI;19/07/2004;439,65
CDI;20/07/2004;439,91
CDI;21/07/2004;440,16
CDI;22/07/2004;440,42
CDI;23/07/2004;440,67
CDI;26/07/2004;440,93
CDI;27/07/2004;441,18
CDI;28/07/2004;441,44
CDI;29/07/2004;441,69
CDI;30/07/2004;441,95
CDI;02/08/2004;442,21
CDI;03/08/2004;442,46
CDI;04/08/2004;442,72
CDI;05/08/2004;442,98
CDI;06/08/2004;443,24
CDI;09/08/2004;443,49
CDI;10/08/2004;443,75
CDI;11/08/2004;444,01
CDI;12/08/2004;444,27
CDI;13/08/2004;444,53
CDI;16/08/2004;444,78
CDI;17/08/2004;445,04
CDI;18/08/2004;445,3
CDI;19/08/2004;445,56
CDI;20/08/2004;445,82
CDI;23/08/2004;446,08
CDI;24/08/2004;446,33
CDI;25/08/2004;446,59
CDI;26/08/2004;446,85
CDI;27/08/2004;447,11
CDI;30/08/2004;447,37
CDI;31/08/2004;447,63
CDI;01/09/2004;447,89
CDI;02/09/2004;448,15
CDI;03/09/2004;448,42
CDI;06/09/2004;448,68
CDI;08/09/2004;448,94
CDI;09/09/2004;449,2
CDI;10/09/2004;449,46
CDI;13/09/2004;449,72
CDI;14/09/2004;449,99
CDI;15/09/2004;450,25
CDI;16/09/2004;450,51
CDI;17/09/2004;450,78
CDI;20/09/2004;451,05
CDI;21/09/2004;451,32
CDI;22/09/2004;451,58
CDI;23/09/2004;451,85
CDI;24/09/2004;452,12
CDI;27/09/2004;452,39
CDI;28/09/2004;452,66
CDI;29/09/2004;452,93
CDI;30/09/2004;453,2
CDI;01/10/2004;453,47
CDI;04/10/2004;453,74
CDI;05/10/2004;454,01
CDI;06/10/2004;454,28
CDI;07/10/2004;454,55
CDI;08/10/2004;454,82
CDI;11/10/2004;455,09
CDI;13/10/2004;455,36
CDI;14/10/2004;455,63
CDI;15/10/2004;455,9
CDI;18/10/2004;456,17
CDI;19/10/2004;456,44
CDI;20/10/2004;456,71
CDI;21/10/2004;456,98
CDI;22/10/2004;457,26
CDI;25/10/2004;457,54
CDI;26/10/2004;457,82
CDI;27/10/2004;458,1
CDI;28/10/2004;458,38
CDI;29/10/2004;458,66
CDI;01/11/2004;458,94
CDI;03/11/2004;459,23
CDI;04/11/2004;459,51
CDI;05/11/2004;459,79
CDI;08/11/2004;460,07
CDI;09/11/2004;460,35
CDI;10/11/2004;460,64
CDI;11/11/2004;460,92
CDI;12/11/2004;461,2
CDI;16/11/2004;461,48
CDI;17/11/2004;461,77
CDI;18/11/2004;462,05
CDI;19/11/2004;462,34
CDI;22/11/2004;462,63
CDI;23/11/2004;462,92
CDI;24/11/2004;463,22
CDI;25/11/2004;463,51
CDI;26/11/2004;463,8
CDI;29/11/2004;464,09
CDI;30/11/2004;464,38
CDI;01/12/2004;464,68
CDI;02/12/2004;464,97
CDI;03/12/2004;465,26
CDI;06/12/2004;465,56
CDI;07/12/2004;465,85
CDI;08/12/2004;466,14
CDI;09/12/2004;466,43
CDI;10/12/2004;466,73
CDI;13/12/2004;467,02
CDI;14/12/2004;467,32
CDI;15/12/2004;467,61
CDI;16/12/2004;467,91
CDI;17/12/2004;468,21
CDI;20/12/2004;468,51
CDI;21/12/2004;468,81
CDI;22/12/2004;469,12
CDI;23/12/2004;469,42
CDI;24/12/2004;469,72
CDI;27/12/2004;470,03
CDI;28/12/2004;470,33
CDI;29/12/2004;470,64
CDI;30/12/2004;470,94
CDI;31/12/2004;471,25
CDI;03/01/2005;471,55
CDI;04/01/2005;471,86
CDI;05/01/2005;472,16
CDI;06/01/2005;472,47
CDI;07/01/2005;472,78
CDI;10/01/2005;473,08
CDI;11/01/2005;473,39
CDI;12/01/2005;473,69
CDI;13/01/2005;474
CDI;14/01/2005;474,31
CDI;17/01/2005;474,61
CDI;18/01/2005;474,92
CDI;19/01/2005;475,23
CDI;20/01/2005;475,54
CDI;21/01/2005;475,85
CDI;24/01/2005;476,17
CDI;25/01/2005;476,49
CDI;26/01/2005;476,8
CDI;27/01/2005;477,12
CDI;28/01/2005;477,44
CDI;31/01/2005;477,76
CDI;01/02/2005;478,07
CDI;02/02/2005;478,39
CDI;03/02/2005;478,71
CDI;04/02/2005;479,03
CDI;09/02/2005;479,35
CDI;10/02/2005;479,67
CDI;11/02/2005;479,98
CDI;14/02/2005;480,3
CDI;15/02/2005;480,62
CDI;16/02/2005;480,94
CDI;17/02/2005;481,26
CDI;18/02/2005;481,59
CDI;21/02/2005;481,92
CDI;22/02/2005;482,24
CDI;23/02/2005;482,57
CDI;24/02/2005;482,9
CDI;25/02/2005;483,23
CDI;28/02/2005;483,56
CDI;01/03/2005;483,89
CDI;02/03/2005;484,22
CDI;03/03/2005;484,54
CDI;04/03/2005;484,87
CDI;07/03/2005;485,2
CDI;08/03/2005;485,53
CDI;09/03/2005;485,86
CDI;10/03/2005;486,19
CDI;11/03/2005;486,52
CDI;14/03/2005;486,85
CDI;15/03/2005;487,18
CDI;16/03/2005;487,51
CDI;17/03/2005;487,84
CDI;18/03/2005;488,18
CDI;21/03/2005;488,52
CDI;22/03/2005;488,86
CDI;23/03/2005;489,2
CDI;24/03/2005;489,54
CDI;28/03/2005;489,88
CDI;29/03/2005;490,22
CDI;30/03/2005;490,57
CDI;31/03/2005;490,91
CDI;01/04/2005;491,25
CDI;04/04/2005;491,59
CDI;05/04/2005;491,94
CDI;06/04/2005;492,28
CDI;07/04/2005;492,62
CDI;08/04/2005;492,97
CDI;11/04/2005;493,31
CDI;12/04/2005;493,65
CDI;13/04/2005;494
CDI;14/04/2005;494,34
CDI;15/04/2005;494,69
CDI;18/04/2005;495,03
CDI;19/04/2005;495,38
CDI;20/04/2005;495,72
CDI;22/04/2005;496,07
CDI;25/04/2005;496,42
CDI;26/04/2005;496,77
CDI;27/04/2005;497,12
CDI;28/04/2005;497,47
CDI;29/04/2005;497,82
CDI;02/05/2005;498,17
CDI;03/05/2005;498,52
CDI;04/05/2005;498,87
CDI;05/05/2005;499,22
CDI;06/05/2005;499,58
CDI;09/05/2005;499,93
CDI;10/05/2005;500,28
CDI;11/05/2005;500,64
CDI;12/05/2005;500,99
CDI;13/05/2005;501,34
CDI;16/05/2005;501,7
CDI;17/05/2005;502,05
CDI;18/05/2005;502,41
CDI;19/05/2005;502,76
CDI;20/05/2005;503,12
CDI;23/05/2005;503,48
CDI;24/05/2005;503,84
CDI;25/05/2005;504,2
CDI;27/05/2005;504,56
CDI;30/05/2005;504,92
CDI;31/05/2005;505,28
CDI;01/06/2005;505,64
CDI;02/06/2005;506
CDI;03/06/2005;506,37
CDI;06/06/2005;506,73
CDI;07/06/2005;507,09
CDI;08/06/2005;507,45
CDI;09/06/2005;507,82
CDI;10/06/2005;508,18
CDI;13/06/2005;508,54
CDI;14/06/2005;508,91
CDI;15/06/2005;509,27
CDI;16/06/2005;509,63
CDI;17/06/2005;510
CDI;20/06/2005;510,36
CDI;21/06/2005;510,73
CDI;22/06/2005;511,09
CDI;23/06/2005;511,46
CDI;24/06/2005;511,82
CDI;27/06/2005;512,19
CDI;28/06/2005;512,55
CDI;29/06/2005;512,92
CDI;30/06/2005;513,29
CDI;01/07/2005;513,65
CDI;04/07/2005;514,02
CDI;05/07/2005;514,39
CDI;06/07/2005;514,76
CDI;07/07/2005;515,12
CDI;08/07/2005;515,49
CDI;11/07/2005;515,86
CDI;12/07/2005;516,23
CDI;13/07/2005;516,6
CDI;14/07/2005;516,97
CDI;15/07/2005;517,33
CDI;18/07/2005;517,7
CDI;19/07/2005;518,07
CDI;20/07/2005;518,44
CDI;21/07/2005;518,81
CDI;22/07/2005;519,18
CDI;25/07/2005;519,55
CDI;26/07/2005;519,92
CDI;27/07/2005;520,3
CDI;28/07/2005;520,67
CDI;29/07/2005;521,04
CDI;01/08/2005;521,41
CDI;02/08/2005;521,78
CDI;03/08/2005;522,15
CDI;04/08/2005;522,53
CDI;05/08/2005;522,9
CDI;08/08/2005;523,27
CDI;09/08/2005;523,65
CDI;10/08/2005;524,02
CDI;11/08/2005;524,39
CDI;12/08/2005;524,77
CDI;15/08/2005;525,14
CDI;16/08/2005;525,52
CDI;17/08/2005;525,89
CDI;18/08/2005;526,26
CDI;19/08/2005;526,64
CDI;22/08/2005;527,01
CDI;23/08/2005;527,39
CDI;24/08/2005;527,76
CDI;25/08/2005;528,14
CDI;26/08/2005;528,52
CDI;29/08/2005;528,89
CDI;30/08/2005;529,27
CDI;31/08/2005;529,65
CDI;01/09/2005;530,03
CDI;02/09/2005;530,41
CDI;05/09/2005;530,78
CDI;06/09/2005;531,16
CDI;08/09/2005;531,54
CDI;09/09/2005;531,92
CDI;12/09/2005;532,3
CDI;13/09/2005;532,68
CDI;14/09/2005;533,06
CDI;15/09/2005;533,44
CDI;16/09/2005;533,82
CDI;19/09/2005;534,2
CDI;20/09/2005;534,57
CDI;21/09/2005;534,95
CDI;22/09/2005;535,33
CDI;23/09/2005;535,7
CDI;26/09/2005;536,08
CDI;27/09/2005;536,46
CDI;28/09/2005;536,84
CDI;29/09/2005;537,22
CDI;30/09/2005;537,6
CDI;03/10/2005;537,98
CDI;04/10/2005;538,36
CDI;05/10/2005;538,74
CDI;06/10/2005;539,11
CDI;07/10/2005;539,49
CDI;10/10/2005;539,87
CDI;11/10/2005;540,25
CDI;13/10/2005;540,63
CDI;14/10/2005;541,01
CDI;17/10/2005;541,4
CDI;18/10/2005;541,78
CDI;19/10/2005;542,16
CDI;20/10/2005;542,54
CDI;21/10/2005;542,91
CDI;24/10/2005;543,28
CDI;25/10/2005;543,66
CDI;26/10/2005;544,03
CDI;27/10/2005;544,4
CDI;28/10/2005;544,78
CDI;31/10/2005;545,15
CDI;01/11/2005;545,53
CDI;03/11/2005;545,9
CDI;04/11/2005;546,28
CDI;07/11/2005;546,65
CDI;08/11/2005;547,03
CDI;09/11/2005;547,41
CDI;10/11/2005;547,78
CDI;11/11/2005;548,16
CDI;14/11/2005;548,54
CDI;16/11/2005;548,92
CDI;17/11/2005;549,29
CDI;18/11/2005;549,67
CDI;21/11/2005;550,05
CDI;22/11/2005;550,43
CDI;23/11/2005;550,81
CDI;24/11/2005;551,18
CDI;25/11/2005;551,55
CDI;28/11/2005;551,92
CDI;29/11/2005;552,29
CDI;30/11/2005;552,66
CDI;01/12/2005;553,03
CDI;02/12/2005;553,4
CDI;05/12/2005;553,78
CDI;06/12/2005;554,15
CDI;07/12/2005;554,52
CDI;08/12/2005;554,89
CDI;09/12/2005;555,26
CDI;12/12/2005;555,64
CDI;13/12/2005;556,01
CDI;14/12/2005;556,38
CDI;15/12/2005;556,75
CDI;16/12/2005;557,12
CDI;19/12/2005;557,48
CDI;20/12/2005;557,85
CDI;21/12/2005;558,21
CDI;22/12/2005;558,58
CDI;23/12/2005;558,94
CDI;26/12/2005;559,31
CDI;27/12/2005;559,68
CDI;28/12/2005;560,04
CDI;29/12/2005;560,41
CDI;30/12/2005;560,78
CDI;02/01/2006;561,15
CDI;03/01/2006;561,51
CDI;04/01/2006;561,88
CDI;05/01/2006;562,25
CDI;06/01/2006;562,62
CDI;09/01/2006;562,98
CDI;10/01/2006;563,35
CDI;11/01/2006;563,72
CDI;12/01/2006;564,09
CDI;13/01/2006;564,46
CDI;16/01/2006;564,83
CDI;17/01/2006;565,2
CDI;18/01/2006;565,56
CDI;19/01/2006;565,93
CDI;20/01/2006;566,29
CDI;23/01/2006;566,64
CDI;24/01/2006;567
CDI;25/01/2006;567,36
CDI;26/01/2006;567,72
CDI;27/01/2006;568,07
CDI;30/01/2006;568,43
CDI;31/01/2006;568,79
CDI;01/02/2006;569,15
CDI;02/02/2006;569,5
CDI;03/02/2006;569,86
CDI;06/02/2006;570,22
CDI;07/02/2006;570,58
CDI;08/02/2006;570,94
CDI;09/02/2006;571,3
CDI;10/02/2006;571,66
CDI;13/02/2006;572,02
CDI;14/02/2006;572,38
CDI;15/02/2006;572,74
CDI;16/02/2006;573,1
CDI;17/02/2006;573,46
CDI;20/02/2006;573,82
CDI;21/02/2006;574,18
CDI;22/02/2006;574,54
CDI;23/02/2006;574,91
CDI;24/02/2006;575,27
CDI;01/03/2006;575,63
CDI;02/03/2006;576
CDI;03/03/2006;576,36
CDI;06/03/2006;576,73
CDI;07/03/2006;577,09
CDI;08/03/2006;577,46
CDI;09/03/2006;577,82
CDI;10/03/2006;578,17
CDI;13/03/2006;578,52
CDI;14/03/2006;578,87
CDI;15/03/2006;579,22
CDI;16/03/2006;579,57
CDI;17/03/2006;579,92
CDI;20/03/2006;580,28
CDI;21/03/2006;580,63
CDI;22/03/2006;580,98
CDI;23/03/2006;581,33
CDI;24/03/2006;581,68
CDI;27/03/2006;582,03
CDI;28/03/2006;582,39
CDI;29/03/2006;582,74
CDI;30/03/2006;583,09
CDI;31/03/2006;583,44
CDI;03/04/2006;583,8
CDI;04/04/2006;584,15
CDI;05/04/2006;584,5
CDI;06/04/2006;584,86
CDI;07/04/2006;585,21
CDI;10/04/2006;585,56
CDI;11/04/2006;585,92
CDI;12/04/2006;586,27
CDI;13/04/2006;586,62
CDI;17/04/2006;586,98
CDI;18/04/2006;587,33
CDI;19/04/2006;587,68
CDI;20/04/2006;588,04
CDI;24/04/2006;588,38
CDI;25/04/2006;588,72
CDI;26/04/2006;589,06
CDI;27/04/2006;589,4
CDI;28/04/2006;589,74
CDI;02/05/2006;590,08
CDI;03/05/2006;590,42
CDI;04/05/2006;590,76
CDI;05/05/2006;591,1
CDI;08/05/2006;591,44
CDI;09/05/2006;591,79
CDI;10/05/2006;592,13
CDI;11/05/2006;592,47
CDI;12/05/2006;592,81
CDI;15/05/2006;593,15
CDI;16/05/2006;593,5
CDI;17/05/2006;593,84
CDI;18/05/2006;594,18
CDI;19/05/2006;594,53
CDI;22/05/2006;594,87
CDI;23/05/2006;595,21
CDI;24/05/2006;595,56
CDI;25/05/2006;595,9
CDI;26/05/2006;596,24
CDI;29/05/2006;596,59
CDI;30/05/2006;596,93
CDI;31/05/2006;597,27
CDI;01/06/2006;597,62
CDI;02/06/2006;597,95
CDI;05/06/2006;598,29
CDI;06/06/2006;598,62
CDI;07/06/2006;598,96
CDI;08/06/2006;599,29
CDI;09/06/2006;599,63
CDI;12/06/2006;599,97
CDI;13/06/2006;600,3
CDI;14/06/2006;600,64
CDI;16/06/2006;600,97
CDI;19/06/2006;601,31
CDI;20/06/2006;601,65
CDI;21/06/2006;601,98
CDI;22/06/2006;602,32
CDI;23/06/2006;602,66
CDI;26/06/2006;602,99
CDI;27/06/2006;603,33
CDI;28/06/2006;603,67
CDI;29/06/2006;604,01
CDI;30/06/2006;604,34
CDI;03/07/2006;604,68
CDI;04/07/2006;605,02
CDI;05/07/2006;605,36
CDI;06/07/2006;605,7
CDI;07/07/2006;606,04
CDI;10/07/2006;606,38
CDI;11/07/2006;606,72
CDI;12/07/2006;607,06
CDI;13/07/2006;607,4
CDI;14/07/2006;607,74
CDI;17/07/2006;608,08
CDI;18/07/2006;608,42
CDI;19/07/2006;608,76
CDI;20/07/2006;609,1
CDI;21/07/2006;609,43
CDI;24/07/2006;609,76
CDI;25/07/2006;610,09
CDI;26/07/2006;610,42
CDI;27/07/2006;610,75
CDI;28/07/2006;611,08
CDI;31/07/2006;611,41
CDI;01/08/2006;611,74
CDI;02/08/2006;612,07
CDI;03/08/2006;612,4
CDI;04/08/2006;612,73
CDI;07/08/2006;613,07
CDI;08/08/2006;613,4
CDI;09/08/2006;613,73
CDI;10/08/2006;614,06
CDI;11/08/2006;614,39
CDI;14/08/2006;614,73
CDI;15/08/2006;615,06
CDI;16/08/2006;615,39
CDI;17/08/2006;615,73
CDI;18/08/2006;616,06
CDI;21/08/2006;616,39
CDI;22/08/2006;616,73
CDI;23/08/2006;617,06
CDI;24/08/2006;617,4
CDI;25/08/2006;617,73
CDI;28/08/2006;618,07
CDI;29/08/2006;618,4
CDI;30/08/2006;618,74
CDI;31/08/2006;619,07
CDI;01/09/2006;619,4
CDI;04/09/2006;619,72
CDI;05/09/2006;620,05
CDI;06/09/2006;620,37
CDI;08/09/2006;620,7
CDI;11/09/2006;621,02
CDI;12/09/2006;621,35
CDI;13/09/2006;621,67
CDI;14/09/2006;622
CDI;15/09/2006;622,32
CDI;18/09/2006;622,65
CDI;19/09/2006;622,97
CDI;20/09/2006;623,3
CDI;21/09/2006;623,63
CDI;22/09/2006;623,95
CDI;25/09/2006;624,28
CDI;26/09/2006;624,61
CDI;27/09/2006;624,93
CDI;28/09/2006;625,26
CDI;29/09/2006;625,59
CDI;02/10/2006;625,92
CDI;03/10/2006;626,25
CDI;04/10/2006;626,58
CDI;05/10/2006;626,91
CDI;06/10/2006;627,23
CDI;09/10/2006;627,56
CDI;10/10/2006;627,89
CDI;11/10/2006;628,22
CDI;13/10/2006;628,55
CDI;16/10/2006;628,88
CDI;17/10/2006;629,21
CDI;18/10/2006;629,54
CDI;19/10/2006;629,87
CDI;20/10/2006;630,18
CDI;23/10/2006;630,5
CDI;24/10/2006;630,82
CDI;25/10/2006;631,14
CDI;26/10/2006;631,46
CDI;27/10/2006;631,78
CDI;30/10/2006;632,1
CDI;31/10/2006;632,42
CDI;01/11/2006;632,74
CDI;03/11/2006;633,06
CDI;06/11/2006;633,38
CDI;07/11/2006;633,71
CDI;08/11/2006;634,03
CDI;09/11/2006;634,35
CDI;10/11/2006;634,67
CDI;13/11/2006;634,99
CDI;14/11/2006;635,32
CDI;16/11/2006;635,64
CDI;17/11/2006;635,96
CDI;20/11/2006;636,28
CDI;21/11/2006;636,61
CDI;22/11/2006;636,93
CDI;23/11/2006;637,25
CDI;24/11/2006;637,57
CDI;27/11/2006;637,9
CDI;28/11/2006;638,22
CDI;29/11/2006;638,54
CDI;30/11/2006;638,87
CDI;01/12/2006;639,18
CDI;04/12/2006;639,49
CDI;05/12/2006;639,81
CDI;06/12/2006;640,12
CDI;07/12/2006;640,43
CDI;08/12/2006;640,75
CDI;11/12/2006;641,06
CDI;12/12/2006;641,37
CDI;13/12/2006;641,69
CDI;14/12/2006;642
CDI;15/12/2006;642,31
CDI;18/12/2006;642,63
CDI;19/12/2006;642,94
CDI;20/12/2006;643,26
CDI;21/12/2006;643,57
CDI;22/12/2006;643,89
CDI;26/12/2006;644,2
CDI;27/12/2006;644,52
CDI;28/12/2006;644,84
CDI;29/12/2006;645,15
CDI;02/01/2007;645,47
CDI;03/01/2007;645,79
CDI;04/01/2007;646,1
CDI;05/01/2007;646,42
CDI;08/01/2007;646,74
CDI;09/01/2007;647,06
CDI;10/01/2007;647,37
CDI;11/01/2007;647,69
CDI;12/01/2007;648,01
CDI;15/01/2007;648,33
CDI;16/01/2007;648,64
CDI;17/01/2007;648,96
CDI;18/01/2007;649,28
CDI;19/01/2007;649,6
CDI;22/01/2007;649,91
CDI;23/01/2007;650,23
CDI;24/01/2007;650,55
CDI;25/01/2007;650,87
CDI;26/01/2007;651,18
CDI;29/01/2007;651,49
CDI;30/01/2007;651,8
CDI;31/01/2007;652,12
CDI;01/02/2007;652,43
CDI;02/02/2007;652,75
CDI;05/02/2007;653,06
CDI;06/02/2007;653,37
CDI;07/02/2007;653,69
CDI;08/02/2007;654
CDI;09/02/2007;654,32
CDI;12/02/2007;654,63
CDI;13/02/2007;654,95
CDI;14/02/2007;655,26
CDI;15/02/2007;655,58
CDI;16/02/2007;655,89
CDI;21/02/2007;656,21
CDI;22/02/2007;656,53
CDI;23/02/2007;656,84
CDI;26/02/2007;657,16
CDI;27/02/2007;657,47
CDI;28/02/2007;657,79
CDI;01/03/2007;658,11
CDI;02/03/2007;658,42
CDI;05/03/2007;658,74
CDI;06/03/2007;659,06
CDI;07/03/2007;659,37
CDI;08/03/2007;659,69
CDI;09/03/2007;660
CDI;12/03/2007;660,31
CDI;13/03/2007;660,63
CDI;14/03/2007;660,94
CDI;15/03/2007;661,25
CDI;16/03/2007;661,56
CDI;19/03/2007;661,88
CDI;20/03/2007;662,19
CDI;21/03/2007;662,5
CDI;22/03/2007;662,81
CDI;23/03/2007;663,13
CDI;26/03/2007;663,44
CDI;27/03/2007;663,75
CDI;28/03/2007;664,07
CDI;29/03/2007;664,38
CDI;30/03/2007;664,69
CDI;02/04/2007;665,01
CDI;03/04/2007;665,32
CDI;04/04/2007;665,64
CDI;05/04/2007;665,95
CDI;09/04/2007;666,26
CDI;10/04/2007;666,58
CDI;11/04/2007;666,89
CDI;12/04/2007;667,21
CDI;13/04/2007;667,52
CDI;16/04/2007;667,84
CDI;17/04/2007;668,16
CDI;18/04/2007;668,47
CDI;19/04/2007;668,79
CDI;20/04/2007;669,09
CDI;23/04/2007;669,4
CDI;24/04/2007;669,71
CDI;25/04/2007;670,02
CDI;26/04/2007;670,33
CDI;27/04/2007;670,64
CDI;30/04/2007;670,95
CDI;02/05/2007;671,26
CDI;03/05/2007;671,57
CDI;04/05/2007;671,88
CDI;07/05/2007;672,19
CDI;08/05/2007;672,5
CDI;09/05/2007;672,81
CDI;10/05/2007;673,12
CDI;11/05/2007;673,44
CDI;14/05/2007;673,75
CDI;15/05/2007;674,06
CDI;16/05/2007;674,37
CDI;17/05/2007;674,68
CDI;18/05/2007;674,99
CDI;21/05/2007;675,31
CDI;22/05/2007;675,62
CDI;23/05/2007;675,93
CDI;24/05/2007;676,24
CDI;25/05/2007;676,55
CDI;28/05/2007;676,87
CDI;29/05/2007;677,18
CDI;30/05/2007;677,49
CDI;31/05/2007;677,81
CDI;01/06/2007;678,12
CDI;04/06/2007;678,44
CDI;05/06/2007;678,75
CDI;06/06/2007;679,07
CDI;08/06/2007;679,38
CDI;11/06/2007;679,68
CDI;12/06/2007;679,99
CDI;13/06/2007;680,29
CDI;14/06/2007;680,59
CDI;15/06/2007;680,89
CDI;18/06/2007;681,2
CDI;19/06/2007;681,5
CDI;20/06/2007;681,8
CDI;21/06/2007;682,11
CDI;22/06/2007;682,41
CDI;25/06/2007;682,71
CDI;26/06/2007;683,02
CDI;27/06/2007;683,32
CDI;28/06/2007;683,63
CDI;29/06/2007;683,93
CDI;02/07/2007;684,24
CDI;03/07/2007;684,54
CDI;04/07/2007;684,84
CDI;05/07/2007;685,15
CDI;06/07/2007;685,45
CDI;09/07/2007;685,76
CDI;10/07/2007;686,07
CDI;11/07/2007;686,37
CDI;12/07/2007;686,68
CDI;13/07/2007;686,98
CDI;16/07/2007;687,29
CDI;17/07/2007;687,59
CDI;18/07/2007;687,9
CDI;19/07/2007;688,21
CDI;20/07/2007;688,5
CDI;23/07/2007;688,79
CDI;24/07/2007;689,09
CDI;25/07/2007;689,38
CDI;26/07/2007;689,68
CDI;27/07/2007;689,97
CDI;30/07/2007;690,27
CDI;31/07/2007;690,56
CDI;01/08/2007;690,86
CDI;02/08/2007;691,16
CDI;03/08/2007;691,45
CDI;06/08/2007;691,75
CDI;07/08/2007;692,04
CDI;08/08/2007;692,34
CDI;09/08/2007;692,64
CDI;10/08/2007;692,93
CDI;13/08/2007;693,23
CDI;14/08/2007;693,52
CDI;15/08/2007;693,82
CDI;16/08/2007;694,12
CDI;17/08/2007;694,41
CDI;20/08/2007;694,71
CDI;21/08/2007;695,01
CDI;22/08/2007;695,3
CDI;23/08/2007;695,6
CDI;24/08/2007;695,9
CDI;27/08/2007;696,19
CDI;28/08/2007;696,49
CDI;29/08/2007;696,79
CDI;30/08/2007;697,09
CDI;31/08/2007;697,38
CDI;03/09/2007;697,68
CDI;04/09/2007;697,98
CDI;05/09/2007;698,28
CDI;06/09/2007;698,58
CDI;10/09/2007;698,87
CDI;11/09/2007;699,17
CDI;12/09/2007;699,46
CDI;13/09/2007;699,75
CDI;14/09/2007;700,05
CDI;17/09/2007;700,34
CDI;18/09/2007;700,63
CDI;19/09/2007;700,92
CDI;20/09/2007;701,22
CDI;21/09/2007;701,51
CDI;24/09/2007;701,8
CDI;25/09/2007;702,1
CDI;26/09/2007;702,39
CDI;27/09/2007;702,68
CDI;28/09/2007;702,98
CDI;01/10/2007;703,27
CDI;02/10/2007;703,56
CDI;03/10/2007;703,86
CDI;04/10/2007;704,15
CDI;05/10/2007;704,45
CDI;08/10/2007;704,74
CDI;09/10/2007;705,04
CDI;10/10/2007;705,33
CDI;11/10/2007;705,63
CDI;15/10/2007;705,92
CDI;16/10/2007;706,22
CDI;17/10/2007;706,51
CDI;18/10/2007;706,81
CDI;19/10/2007;707,1
CDI;22/10/2007;707,4
CDI;23/10/2007;707,69
CDI;24/10/2007;707,99
CDI;25/10/2007;708,29
CDI;26/10/2007;708,58
CDI;29/10/2007;708,88
CDI;30/10/2007;709,18
CDI;31/10/2007;709,47
CDI;01/11/2007;709,77
CDI;05/11/2007;710,06
CDI;06/11/2007;710,36
CDI;07/11/2007;710,66
CDI;08/11/2007;710,96
CDI;09/11/2007;711,25
CDI;12/11/2007;711,55
CDI;13/11/2007;711,85
CDI;14/11/2007;712,15
CDI;16/11/2007;712,44
CDI;19/11/2007;712,74
CDI;20/11/2007;713,04
CDI;21/11/2007;713,34
CDI;22/11/2007;713,64
CDI;23/11/2007;713,94
CDI;26/11/2007;714,23
CDI;27/11/2007;714,53
CDI;28/11/2007;714,83
CDI;29/11/2007;715,13
CDI;30/11/2007;715,43
CDI;03/12/2007;715,73
CDI;04/12/2007;716,03
CDI;05/12/2007;716,33
CDI;06/12/2007;716,63
CDI;07/12/2007;716,93
CDI;10/12/2007;717,23
CDI;11/12/2007;717,53
CDI;12/12/2007;717,83
CDI;13/12/2007;718,13
CDI;14/12/2007;718,43
CDI;17/12/2007;718,73
CDI;18/12/2007;719,03
CDI;19/12/2007;719,33
CDI;20/12/2007;719,63
CDI;21/12/2007;719,93
CDI;24/12/2007;720,23
CDI;26/12/2007;720,53
CDI;27/12/2007;720,83
CDI;28/12/2007;721,13
CDI;31/12/2007;721,44
CDI;02/01/2008;721,74
CDI;03/01/2008;722,04
CDI;04/01/2008;722,34
CDI;07/01/2008;722,64
CDI;08/01/2008;722,94
CDI;09/01/2008;723,24
CDI;10/01/2008;723,55
CDI;11/01/2008;723,85
CDI;14/01/2008;724,15
CDI;15/01/2008;724,45
CDI;16/01/2008;724,75
CDI;17/01/2008;725,06
CDI;18/01/2008;725,36
CDI;21/01/2008;725,66
CDI;22/01/2008;725,96
CDI;23/01/2008;726,27
CDI;24/01/2008;726,57
CDI;25/01/2008;726,87
CDI;28/01/2008;727,18
CDI;29/01/2008;727,48
CDI;30/01/2008;727,78
CDI;31/01/2008;728,09
CDI;01/02/2008;728,39
CDI;06/02/2008;728,7
CDI;07/02/2008;729
CDI;08/02/2008;729,3
CDI;11/02/2008;729,61
CDI;12/02/2008;729,91
CDI;13/02/2008;730,22
CDI;14/02/2008;730,52
CDI;15/02/2008;730,83
CDI;18/02/2008;731,13
CDI;19/02/2008;731,44
CDI;20/02/2008;731,74
CDI;21/02/2008;732,04
CDI;22/02/2008;732,35
CDI;25/02/2008;732,65
CDI;26/02/2008;732,96
CDI;27/02/2008;733,26
CDI;28/02/2008;733,57
CDI;29/02/2008;733,88
CDI;03/03/2008;734,18
CDI;04/03/2008;734,49
CDI;05/03/2008;734,8
CDI;06/03/2008;735,1
CDI;07/03/2008;735,41
CDI;10/03/2008;735,72
CDI;11/03/2008;736,02
CDI;12/03/2008;736,33
CDI;13/03/2008;736,64
CDI;14/03/2008;736,94
CDI;17/03/2008;737,25
CDI;18/03/2008;737,56
CDI;19/03/2008;737,87
CDI;20/03/2008;738,18
CDI;24/03/2008;738,49
CDI;25/03/2008;738,79
CDI;26/03/2008;739,1
CDI;27/03/2008;739,41
CDI;28/03/2008;739,72
CDI;31/03/2008;740,03
CDI;01/04/2008;740,34
CDI;02/04/2008;740,65
CDI;03/04/2008;740,96
CDI;04/04/2008;741,27
CDI;07/04/2008;741,58
CDI;08/04/2008;741,89
CDI;09/04/2008;742,2
CDI;10/04/2008;742,51
CDI;11/04/2008;742,82
CDI;14/04/2008;743,13
CDI;15/04/2008;743,44
CDI;16/04/2008;743,75
CDI;17/04/2008;744,07
CDI;18/04/2008;744,39
CDI;22/04/2008;744,72
CDI;23/04/2008;745,04
CDI;24/04/2008;745,36
CDI;25/04/2008;745,69
CDI;28/04/2008;746,01
CDI;29/04/2008;746,34
CDI;30/04/2008;746,66
CDI;02/05/2008;746,99
CDI;05/05/2008;747,31
CDI;06/05/2008;747,63
CDI;07/05/2008;747,96
CDI;08/05/2008;748,28
CDI;09/05/2008;748,61
CDI;12/05/2008;748,93
CDI;13/05/2008;749,26
CDI;14/05/2008;749,58
CDI;15/05/2008;749,91
CDI;16/05/2008;750,23
CDI;19/05/2008;750,56
CDI;20/05/2008;750,88
CDI;21/05/2008;751,21
CDI;23/05/2008;751,54
CDI;26/05/2008;751,86
CDI;27/05/2008;752,19
CDI;28/05/2008;752,51
CDI;29/05/2008;752,84
CDI;30/05/2008;753,17
CDI;02/06/2008;753,49
CDI;03/06/2008;753,82
CDI;04/06/2008;754,15
CDI;05/06/2008;754,47
CDI;06/06/2008;754,81
CDI;09/06/2008;755,15
CDI;10/06/2008;755,5
CDI;11/06/2008;755,84
CDI;12/06/2008;756,18
CDI;13/06/2008;756,52
CDI;16/06/2008;756,86
CDI;17/06/2008;757,21
CDI;18/06/2008;757,55
CDI;19/06/2008;757,89
CDI;20/06/2008;758,23
CDI;23/06/2008;758,58
CDI;24/06/2008;758,92
CDI;25/06/2008;759,26
CDI;26/06/2008;759,61
CDI;27/06/2008;759,95
CDI;30/06/2008;760,29
CDI;01/07/2008;760,64
CDI;02/07/2008;760,99
CDI;03/07/2008;761,33
CDI;04/07/2008;761,68
CDI;07/07/2008;762,02
CDI;08/07/2008;762,37
CDI;09/07/2008;762,71
CDI;10/07/2008;763,06
CDI;11/07/2008;763,41
CDI;14/07/2008;763,75
CDI;15/07/2008;764,1
CDI;16/07/2008;764,45
CDI;17/07/2008;764,79
CDI;18/07/2008;765,14
CDI;21/07/2008;765,49
CDI;22/07/2008;765,83
CDI;23/07/2008;766,18
CDI;24/07/2008;766,53
CDI;25/07/2008;766,89
CDI;28/07/2008;767,26
CDI;29/07/2008;767,63
CDI;30/07/2008;768
CDI;31/07/2008;768,36
CDI;01/08/2008;768,73
CDI;04/08/2008;769,1
CDI;05/08/2008;769,47
CDI;06/08/2008;769,84
CDI;07/08/2008;770,21
CDI;08/08/2008;770,58
CDI;11/08/2008;770,95
CDI;12/08/2008;771,32
CDI;13/08/2008;771,69
CDI;14/08/2008;772,06
CDI;15/08/2008;772,43
CDI;18/08/2008;772,8
CDI;19/08/2008;773,17
CDI;20/08/2008;773,55
CDI;21/08/2008;773,92
CDI;22/08/2008;774,29
CDI;25/08/2008;774,66
CDI;26/08/2008;775,03
CDI;27/08/2008;775,4
CDI;28/08/2008;775,78
CDI;29/08/2008;776,15
CDI;01/09/2008;776,52
CDI;02/09/2008;776,89
CDI;03/09/2008;777,26
CDI;04/09/2008;777,64
CDI;05/09/2008;778,01
CDI;08/09/2008;778,38
CDI;09/09/2008;778,76
CDI;10/09/2008;779,13
CDI;11/09/2008;779,51
CDI;12/09/2008;779,9
CDI;15/09/2008;780,3
CDI;16/09/2008;780,69
CDI;17/09/2008;781,09
CDI;18/09/2008;781,48
CDI;19/09/2008;781,88
CDI;22/09/2008;782,27
CDI;23/09/2008;782,67
CDI;24/09/2008;783,07
CDI;25/09/2008;783,46
CDI;26/09/2008;783,86
CDI;29/09/2008;784,26
CDI;30/09/2008;784,65
CDI;01/10/2008;785,05
CDI;02/10/2008;785,45
CDI;03/10/2008;785,84
CDI;06/10/2008;786,24
CDI;07/10/2008;786,65
CDI;08/10/2008;787,05
CDI;09/10/2008;787,45
CDI;10/10/2008;787,85
CDI;13/10/2008;788,25
CDI;14/10/2008;788,65
CDI;15/10/2008;789,05
CDI;16/10/2008;789,45
CDI;17/10/2008;789,85
CDI;20/10/2008;790,25
CDI;21/10/2008;790,65
CDI;22/10/2008;791,06
CDI;23/10/2008;791,45
CDI;24/10/2008;791,85
CDI;27/10/2008;792,26
CDI;28/10/2008;792,66
CDI;29/10/2008;793,06
CDI;30/10/2008;793,46
CDI;31/10/2008;793,86
CDI;03/11/2008;794,26
CDI;04/11/2008;794,67
CDI;05/11/2008;795,07
CDI;06/11/2008;795,47
CDI;07/11/2008;795,87
CDI;10/11/2008;796,27
CDI;11/11/2008;796,67
CDI;12/11/2008;797,07
CDI;13/11/2008;797,47
CDI;14/11/2008;797,86
CDI;17/11/2008;798,25
CDI;18/11/2008;798,65
CDI;19/11/2008;799,04
CDI;20/11/2008;799,43
CDI;21/11/2008;799,81
CDI;24/11/2008;800,2
CDI;25/11/2008;800,6
CDI;26/11/2008;800,99
CDI;27/11/2008;801,38
CDI;28/11/2008;801,78
CDI;01/12/2008;802,17
CDI;02/12/2008;802,58
CDI;03/12/2008;802,98
CDI;04/12/2008;803,38
CDI;05/12/2008;803,79
CDI;08/12/2008;804,19
CDI;09/12/2008;804,59
CDI;10/12/2008;804,99
CDI;11/12/2008;805,4
CDI;12/12/2008;805,8
CDI;15/12/2008;806,21
CDI;16/12/2008;806,61
CDI;17/12/2008;807,01
CDI;18/12/2008;807,42
CDI;19/12/2008;807,82
CDI;22/12/2008;808,23
CDI;23/12/2008;808,64
CDI;24/12/2008;809,04
CDI;26/12/2008;809,45
CDI;29/12/2008;809,86
CDI;30/12/2008;810,27
CDI;31/12/2008;810,68
CDI;02/01/2009;811,09
CDI;05/01/2009;811,5
CDI;06/01/2009;811,91
CDI;07/01/2009;812,32
CDI;08/01/2009;812,73
CDI;09/01/2009;813,14
CDI;12/01/2009;813,55
CDI;13/01/2009;813,97
CDI;14/01/2009;814,38
CDI;15/01/2009;814,79
CDI;16/01/2009;815,2
CDI;19/01/2009;815,62
CDI;20/01/2009;816,02
CDI;21/01/2009;816,43
CDI;22/01/2009;816,84
CDI;23/01/2009;817,23
CDI;26/01/2009;817,61
CDI;27/01/2009;818
CDI;28/01/2009;818,39
CDI;29/01/2009;818,77
CDI;30/01/2009;819,16
CDI;02/02/2009;819,54
CDI;03/02/2009;819,93
CDI;04/02/2009;820,32
CDI;05/02/2009;820,71
CDI;06/02/2009;821,09
CDI;09/02/2009;821,48
CDI;10/02/2009;821,87
CDI;11/02/2009;822,26
CDI;12/02/2009;822,64
CDI;13/02/2009;823,03
CDI;16/02/2009;823,42
CDI;17/02/2009;823,81
CDI;18/02/2009;824,2
CDI;19/02/2009;824,59
CDI;20/02/2009;824,98
CDI;25/02/2009;825,37
CDI;26/02/2009;825,75
CDI;27/02/2009;826,14
CDI;02/03/2009;826,53
CDI;03/03/2009;826,92
CDI;04/03/2009;827,31
CDI;05/03/2009;827,7
CDI;06/03/2009;828,09
CDI;09/03/2009;828,48
CDI;10/03/2009;828,88
CDI;11/03/2009;829,27
CDI;12/03/2009;829,66
CDI;13/03/2009;830
CDI;16/03/2009;830,35
CDI;17/03/2009;830,7
CDI;18/03/2009;831,04
CDI;19/03/2009;831,39
CDI;20/03/2009;831,74
CDI;23/03/2009;832,09
CDI;24/03/2009;832,43
CDI;25/03/2009;832,78
CDI;26/03/2009;833,13
CDI;27/03/2009;833,48
CDI;30/03/2009;833,83
CDI;31/03/2009;834,17
CDI;01/04/2009;834,52
CDI;02/04/2009;834,87
CDI;03/04/2009;835,22
CDI;06/04/2009;835,57
CDI;07/04/2009;835,92
CDI;08/04/2009;836,27
CDI;09/04/2009;836,62
CDI;13/04/2009;836,97
CDI;14/04/2009;837,32
CDI;15/04/2009;837,67
CDI;16/04/2009;838,02
CDI;17/04/2009;838,37
CDI;20/04/2009;838,72
CDI;22/04/2009;839,07
CDI;23/04/2009;839,42
CDI;24/04/2009;839,77
CDI;27/04/2009;840,12
CDI;28/04/2009;840,47
CDI;29/04/2009;840,83
CDI;30/04/2009;841,17
CDI;04/05/2009;841,5
CDI;05/05/2009;841,82
CDI;06/05/2009;842,14
CDI;07/05/2009;842,46
CDI;08/05/2009;842,79
CDI;11/05/2009;843,11
CDI;12/05/2009;843,43
CDI;13/05/2009;843,75
CDI;14/05/2009;844,08
CDI;15/05/2009;844,4
CDI;18/05/2009;844,72
CDI;19/05/2009;845,05
CDI;20/05/2009;845,37
CDI;21/05/2009;845,69
CDI;22/05/2009;846,01
CDI;25/05/2009;846,33
CDI;26/05/2009;846,65
CDI;27/05/2009;846,98
CDI;28/05/2009;847,3
CDI;29/05/2009;847,62
CDI;01/06/2009;847,95
CDI;02/06/2009;848,27
CDI;03/06/2009;848,59
CDI;04/06/2009;848,91
CDI;05/06/2009;849,24
CDI;08/06/2009;849,56
CDI;09/06/2009;849,88
CDI;10/06/2009;850,2
CDI;12/06/2009;850,52
CDI;15/06/2009;850,82
CDI;16/06/2009;851,11
CDI;17/06/2009;851,4
CDI;18/06/2009;851,69
CDI;19/06/2009;851,98
CDI;22/06/2009;852,27
CDI;23/06/2009;852,56
CDI;24/06/2009;852,85
CDI;25/06/2009;853,14
CDI;26/06/2009;853,44
CDI;29/06/2009;853,73
CDI;30/06/2009;854,03
CDI;01/07/2009;854,32
CDI;02/07/2009;854,61
CDI;03/07/2009;854,91
CDI;06/07/2009;855,2
CDI;07/07/2009;855,5
CDI;08/07/2009;855,8
CDI;09/07/2009;856,09
CDI;10/07/2009;856,38
CDI;13/07/2009;856,68
CDI;14/07/2009;856,98
CDI;15/07/2009;857,27
CDI;16/07/2009;857,56
CDI;17/07/2009;857,86
CDI;20/07/2009;858,16
CDI;21/07/2009;858,45
CDI;22/07/2009;858,75
CDI;23/07/2009;859,04
CDI;24/07/2009;859,33
CDI;27/07/2009;859,61
CDI;28/07/2009;859,89
CDI;29/07/2009;860,17
CDI;30/07/2009;860,45
CDI;31/07/2009;860,73
CDI;03/08/2009;861,02
CDI;04/08/2009;861,3
CDI;05/08/2009;861,58
CDI;06/08/2009;861,86
CDI;07/08/2009;862,15
CDI;10/08/2009;862,43
CDI;11/08/2009;862,71
CDI;12/08/2009;863
CDI;13/08/2009;863,28
CDI;14/08/2009;863,56
CDI;17/08/2009;863,85
CDI;18/08/2009;864,13
CDI;19/08/2009;864,41
CDI;20/08/2009;864,7
CDI;21/08/2009;864,98
CDI;24/08/2009;865,26
CDI;25/08/2009;865,55
CDI;26/08/2009;865,83
CDI;27/08/2009;866,12
CDI;28/08/2009;866,4
CDI;31/08/2009;866,68
CDI;01/09/2009;866,97
CDI;02/09/2009;867,25
CDI;03/09/2009;867,54
CDI;04/09/2009;867,82
CDI;08/09/2009;868,11
CDI;09/09/2009;868,39
CDI;10/09/2009;868,68
CDI;11/09/2009;868,96
CDI;14/09/2009;869,25
CDI;15/09/2009;869,53
CDI;16/09/2009;869,82
CDI;17/09/2009;870,11
CDI;18/09/2009;870,39
CDI;21/09/2009;870,68
CDI;22/09/2009;870,96
CDI;23/09/2009;871,25
CDI;24/09/2009;871,54
CDI;25/09/2009;871,82
CDI;28/09/2009;872,11
CDI;29/09/2009;872,39
CDI;30/09/2009;872,68
CDI;01/10/2009;872,96
CDI;02/10/2009;873,25
CDI;05/10/2009;873,54
CDI;06/10/2009;873,82
CDI;07/10/2009;874,11
CDI;08/10/2009;874,4
CDI;09/10/2009;874,68
CDI;13/10/2009;874,97
CDI;14/10/2009;875,26
CDI;15/10/2009;875,55
CDI;16/10/2009;875,83
CDI;19/10/2009;876,12
CDI;20/10/2009;876,41
CDI;21/10/2009;876,69
CDI;22/10/2009;876,98
CDI;23/10/2009;877,27
CDI;26/10/2009;877,56
CDI;27/10/2009;877,85
CDI;28/10/2009;878,13
CDI;29/10/2009;878,42
CDI;30/10/2009;878,71
CDI;03/11/2009;879
CDI;04/11/2009;879,29
CDI;05/11/2009;879,58
CDI;06/11/2009;879,87
CDI;09/11/2009;880,15
CDI;10/11/2009;880,44
CDI;11/11/2009;880,73
CDI;12/11/2009;881,02
CDI;13/11/2009;881,31
CDI;16/11/2009;881,6
CDI;17/11/2009;881,89
CDI;18/11/2009;882,18
CDI;19/11/2009;882,47
CDI;20/11/2009;882,76
CDI;23/11/2009;883,05
CDI;24/11/2009;883,34
CDI;25/11/2009;883,63
CDI;26/11/2009;883,92
CDI;27/11/2009;884,21
CDI;30/11/2009;884,5
CDI;01/12/2009;884,79
CDI;02/12/2009;885,08
CDI;03/12/2009;885,37
CDI;04/12/2009;885,66
CDI;07/12/2009;885,95
CDI;08/12/2009;886,24
CDI;09/12/2009;886,53
CDI;10/12/2009;886,82
CDI;11/12/2009;887,12
CDI;14/12/2009;887,41
CDI;15/12/2009;887,7
CDI;16/12/2009;887,99
CDI;17/12/2009;888,28
CDI;18/12/2009;888,57
CDI;21/12/2009;888,86
CDI;22/12/2009;889,16
CDI;23/12/2009;889,45
CDI;24/12/2009;889,74
CDI;28/12/2009;890,03
CDI;29/12/2009;890,32
CDI;30/12/2009;890,62
CDI;31/12/2009;890,91
CDI;04/01/2010;891,2
CDI;05/01/2010;891,49
CDI;06/01/2010;891,78
CDI;07/01/2010;892,07
CDI;08/01/2010;892,37
CDI;11/01/2010;892,66
CDI;12/01/2010;892,95
CDI;13/01/2010;893,24
CDI;14/01/2010;893,54
CDI;15/01/2010;893,83
CDI;18/01/2010;894,12
CDI;19/01/2010;894,42
CDI;20/01/2010;894,71
CDI;21/01/2010;895
CDI;22/01/2010;895,3
CDI;25/01/2010;895,59
CDI;26/01/2010;895,89
CDI;27/01/2010;896,18
CDI;28/01/2010;896,47
CDI;29/01/2010;896,77
CDI;01/02/2010;897,06
CDI;02/02/2010;897,36
CDI;03/02/2010;897,65
CDI;04/02/2010;897,95
CDI;05/02/2010;898,24
CDI;08/02/2010;898,54
CDI;09/02/2010;898,83
CDI;10/02/2010;899,12
CDI;11/02/2010;899,42
CDI;12/02/2010;899,72
CDI;17/02/2010;900,01
CDI;18/02/2010;900,31
CDI;19/02/2010;900,6
CDI;22/02/2010;900,9
CDI;23/02/2010;901,19
CDI;24/02/2010;901,49
CDI;25/02/2010;901,79
CDI;26/02/2010;902,08
CDI;01/03/2010;902,38
CDI;02/03/2010;902,67
CDI;03/03/2010;902,97
CDI;04/03/2010;903,27
CDI;05/03/2010;903,56
CDI;08/03/2010;903,86
CDI;09/03/2010;904,15
CDI;10/03/2010;904,45
CDI;11/03/2010;904,75
CDI;12/03/2010;905,05
CDI;15/03/2010;905,34
CDI;16/03/2010;905,64
CDI;17/03/2010;905,94
CDI;18/03/2010;906,23
CDI;19/03/2010;906,53
CDI;22/03/2010;906,83
CDI;23/03/2010;907,13
CDI;24/03/2010;907,42
CDI;25/03/2010;907,72
CDI;26/03/2010;908,02
CDI;29/03/2010;908,32
CDI;30/03/2010;908,61
CDI;31/03/2010;908,91
CDI;01/04/2010;909,21
CDI;05/04/2010;909,5
CDI;06/04/2010;909,8
CDI;07/04/2010;910,1
CDI;08/04/2010;910,4
CDI;09/04/2010;910,7
CDI;12/04/2010;911
CDI;13/04/2010;911,3
CDI;14/04/2010;911,6
CDI;15/04/2010;911,9
CDI;16/04/2010;912,19
CDI;19/04/2010;912,49
CDI;20/04/2010;912,79
CDI;22/04/2010;913,09
CDI;23/04/2010;913,39
CDI;26/04/2010;913,69
CDI;27/04/2010;913,99
CDI;28/04/2010;914,29
CDI;29/04/2010;914,59
CDI;30/04/2010;914,92
CDI;03/05/2010;915,24
CDI;04/05/2010;915,57
CDI;05/05/2010;915,9
CDI;06/05/2010;916,22
CDI;07/05/2010;916,55
CDI;10/05/2010;916,88
CDI;11/05/2010;917,2
CDI;12/05/2010;917,53
CDI;13/05/2010;917,86
CDI;14/05/2010;918,18
CDI;17/05/2010;918,51
CDI;18/05/2010;918,84
CDI;19/05/2010;919,16
CDI;20/05/2010;919,49
CDI;21/05/2010;919,82
CDI;24/05/2010;920,14
CDI;25/05/2010;920,47
CDI;26/05/2010;920,8
CDI;27/05/2010;921,13
CDI;28/05/2010;921,45
CDI;31/05/2010;921,78
CDI;01/06/2010;922,11
CDI;02/06/2010;922,44
CDI;04/06/2010;922,77
CDI;07/06/2010;923,1
CDI;08/06/2010;923,43
CDI;09/06/2010;923,75
CDI;10/06/2010;924,08
CDI;11/06/2010;924,44
CDI;14/06/2010;924,79
CDI;15/06/2010;925,14
CDI;16/06/2010;925,5
CDI;17/06/2010;925,85
CDI;18/06/2010;926,2
CDI;21/06/2010;926,56
CDI;22/06/2010;926,91
CDI;23/06/2010;927,27
CDI;24/06/2010;927,62
CDI;25/06/2010;927,98
CDI;28/06/2010;928,34
CDI;29/06/2010;928,69
CDI;30/06/2010;929,05
CDI;01/07/2010;929,4
CDI;02/07/2010;929,76
CDI;05/07/2010;930,11
CDI;06/07/2010;930,47
CDI;07/07/2010;930,83
CDI;08/07/2010;931,18
CDI;09/07/2010;931,54
CDI;12/07/2010;931,9
CDI;13/07/2010;932,26
CDI;14/07/2010;932,61
CDI;15/07/2010;932,97
CDI;16/07/2010;933,33
CDI;19/07/2010;933,69
CDI;20/07/2010;934,04
CDI;21/07/2010;934,4
CDI;22/07/2010;934,76
CDI;23/07/2010;935,13
CDI;26/07/2010;935,51
CDI;27/07/2010;935,89
CDI;28/07/2010;936,26
CDI;29/07/2010;936,64
CDI;30/07/2010;937,01
CDI;02/08/2010;937,39
CDI;03/08/2010;937,76
CDI;04/08/2010;938,14
CDI;05/08/2010;938,52
CDI;06/08/2010;938,89
CDI;09/08/2010;939,27
CDI;10/08/2010;939,65
CDI;11/08/2010;940,02
CDI;12/08/2010;940,4
CDI;13/08/2010;940,78
CDI;16/08/2010;941,16
CDI;17/08/2010;941,53
CDI;18/08/2010;941,91
CDI;19/08/2010;942,29
CDI;20/08/2010;942,67
CDI;23/08/2010;943,05
CDI;24/08/2010;943,42
CDI;25/08/2010;943,8
CDI;26/08/2010;944,18
CDI;27/08/2010;944,56
CDI;30/08/2010;944,94
CDI;31/08/2010;945,32
CDI;01/09/2010;945,7
CDI;02/09/2010;946,07
CDI;03/09/2010;946,45
CDI;06/09/2010;946,83
CDI;08/09/2010;947,21
CDI;09/09/2010;947,59
CDI;10/09/2010;947,97
CDI;13/09/2010;948,35
CDI;14/09/2010;948,73
CDI;15/09/2010;949,11
CDI;16/09/2010;949,49
CDI;17/09/2010;949,87
CDI;20/09/2010;950,25
CDI;21/09/2010;950,63
CDI;22/09/2010;951,01
CDI;23/09/2010;951,39
CDI;24/09/2010;951,78
CDI;27/09/2010;952,16
CDI;28/09/2010;952,54
CDI;29/09/2010;952,92
CDI;30/09/2010;953,3
CDI;01/10/2010;953,68
CDI;04/10/2010;954,07
CDI;05/10/2010;954,45
CDI;06/10/2010;954,83
CDI;07/10/2010;955,21
CDI;08/10/2010;955,6
CDI;11/10/2010;955,98
CDI;13/10/2010;956,36
CDI;14/10/2010;956,75
CDI;15/10/2010;957,13
CDI;18/10/2010;957,52
CDI;19/10/2010;957,9
CDI;20/10/2010;958,29
CDI;21/10/2010;958,67
CDI;22/10/2010;959,05
CDI;25/10/2010;959,44
CDI;26/10/2010;959,82
CDI;27/10/2010;960,21
CDI;28/10/2010;960,59
CDI;29/10/2010;960,98
CDI;01/11/2010;961,37
CDI;03/11/2010;961,75
CDI;04/11/2010;962,14
CDI;05/11/2010;962,52
CDI;08/11/2010;962,91
CDI;09/11/2010;963,3
CDI;10/11/2010;963,68
CDI;11/11/2010;964,07
CDI;12/11/2010;964,46
CDI;16/11/2010;964,84
CDI;17/11/2010;965,23
CDI;18/11/2010;965,62
CDI;19/11/2010;966,01
CDI;22/11/2010;966,39
CDI;23/11/2010;966,78
CDI;24/11/2010;967,17
CDI;25/11/2010;967,56
CDI;26/11/2010;967,95
CDI;29/11/2010;968,33
CDI;30/11/2010;968,72
CDI;01/12/2010;969,11
CDI;02/12/2010;969,5
CDI;03/12/2010;969,89
CDI;06/12/2010;970,28
CDI;07/12/2010;970,67
CDI;08/12/2010;971,06
CDI;09/12/2010;971,45
CDI;10/12/2010;971,84
CDI;13/12/2010;972,23
CDI;14/12/2010;972,62
CDI;15/12/2010;973,01
CDI;16/12/2010;973,4
CDI;17/12/2010;973,79
CDI;20/12/2010;974,18
CDI;21/12/2010;974,57
CDI;22/12/2010;974,96
CDI;23/12/2010;975,35
CDI;24/12/2010;975,74
CDI;27/12/2010;976,14
CDI;28/12/2010;976,53
CDI;29/12/2010;976,92
CDI;30/12/2010;977,31
CDI;31/12/2010;977,7
CDI;03/01/2011;978,1
CDI;04/01/2011;978,49
CDI;05/01/2011;978,88
CDI;06/01/2011;979,27
CDI;07/01/2011;979,67
CDI;10/01/2011;980,06
CDI;11/01/2011;980,45
CDI;12/01/2011;980,85
CDI;13/01/2011;981,24
CDI;14/01/2011;981,63
CDI;17/01/2011;982,03
CDI;18/01/2011;982,42
CDI;19/01/2011;982,82
CDI;20/01/2011;983,21
CDI;21/01/2011;983,62
CDI;24/01/2011;984,04
CDI;25/01/2011;984,45
CDI;26/01/2011;984,86
CDI;27/01/2011;985,27
CDI;28/01/2011;985,69
CDI;31/01/2011;986,1
CDI;01/02/2011;986,51
CDI;02/02/2011;986,93
CDI;03/02/2011;987,34
CDI;04/02/2011;987,75
CDI;07/02/2011;988,17
CDI;08/02/2011;988,58
CDI;09/02/2011;989
CDI;10/02/2011;989,41
CDI;11/02/2011;989,83
CDI;14/02/2011;990,24
CDI;15/02/2011;990,66
CDI;16/02/2011;991,07
CDI;17/02/2011;991,49
CDI;18/02/2011;991,91
CDI;21/02/2011;992,32
CDI;22/02/2011;992,74
CDI;23/02/2011;993,16
CDI;24/02/2011;993,57
CDI;25/02/2011;993,99
CDI;28/02/2011;994,41
CDI;01/03/2011;994,82
CDI;02/03/2011;995,24
CDI;03/03/2011;995,66
CDI;04/03/2011;996,1
CDI;09/03/2011;996,53
CDI;10/03/2011;996,97
CDI;11/03/2011;997,4
CDI;14/03/2011;997,84
CDI;15/03/2011;998,27
CDI;16/03/2011;998,71
CDI;17/03/2011;999,15
CDI;18/03/2011;999,58
CDI;21/03/2011;1000,02
CDI;22/03/2011;1000,46
CDI;23/03/2011;1000,9
CDI;24/03/2011;1001,33
CDI;25/03/2011;1001,77
CDI;28/03/2011;1002,21
CDI;29/03/2011;1002,65
CDI;30/03/2011;1003,09
CDI;31/03/2011;1003,53
CDI;01/04/2011;1003,97
CDI;04/04/2011;1004,41
CDI;05/04/2011;1004,84
CDI;06/04/2011;1005,28
CDI;07/04/2011;1005,72
CDI;08/04/2011;1006,16
CDI;11/04/2011;1006,6
CDI;12/04/2011;1007,04
CDI;13/04/2011;1007,48
CDI;14/04/2011;1007,92
CDI;15/04/2011;1008,36
CDI;18/04/2011;1008,81
CDI;19/04/2011;1009,25
CDI;20/04/2011;1009,69
CDI;25/04/2011;1010,13
CDI;26/04/2011;1010,58
CDI;27/04/2011;1011,03
CDI;28/04/2011;1011,48
CDI;29/04/2011;1011,93
CDI;02/05/2011;1012,39
CDI;03/05/2011;1012,84
CDI;04/05/2011;1013,29
CDI;05/05/2011;1013,74
CDI;06/05/2011;1014,19
CDI;09/05/2011;1014,65
CDI;10/05/2011;1015,1
CDI;11/05/2011;1015,55
CDI;12/05/2011;1016,01
CDI;13/05/2011;1016,46
CDI;16/05/2011;1016,91
CDI;17/05/2011;1017,36
CDI;18/05/2011;1017,82
CDI;19/05/2011;1018,27
CDI;20/05/2011;1018,72
CDI;23/05/2011;1019,18
CDI;24/05/2011;1019,63
CDI;25/05/2011;1020,09
CDI;26/05/2011;1020,54
CDI;27/05/2011;1021
CDI;30/05/2011;1021,45
CDI;31/05/2011;1021,91
CDI;01/06/2011;1022,36
CDI;02/06/2011;1022,82
CDI;03/06/2011;1023,27
CDI;06/06/2011;1023,73
CDI;07/06/2011;1024,19
CDI;08/06/2011;1024,64
CDI;09/06/2011;1025,1
CDI;10/06/2011;1025,56
CDI;13/06/2011;1026,03
CDI;14/06/2011;1026,49
CDI;15/06/2011;1026,96
CDI;16/06/2011;1027,42
CDI;17/06/2011;1027,89
CDI;20/06/2011;1028,36
CDI;21/06/2011;1028,82
CDI;22/06/2011;1029,29
CDI;24/06/2011;1029,76
CDI;27/06/2011;1030,23
CDI;28/06/2011;1030,7
CDI;29/06/2011;1031,16
CDI;30/06/2011;1031,63
CDI;01/07/2011;1032,1
CDI;04/07/2011;1032,57
CDI;05/07/2011;1033,04
CDI;06/07/2011;1033,51
CDI;07/07/2011;1033,98
CDI;08/07/2011;1034,45
CDI;11/07/2011;1034,92
CDI;12/07/2011;1035,39
CDI;13/07/2011;1035,87
CDI;14/07/2011;1036,34
CDI;15/07/2011;1036,81
CDI;18/07/2011;1037,28
CDI;19/07/2011;1037,75
CDI;20/07/2011;1038,23
CDI;21/07/2011;1038,7
CDI;22/07/2011;1039,18
CDI;25/07/2011;1039,66
CDI;26/07/2011;1040,15
CDI;27/07/2011;1040,63
CDI;28/07/2011;1041,11
CDI;29/07/2011;1041,59
CDI;01/08/2011;1042,08
CDI;02/08/2011;1042,56
CDI;03/08/2011;1043,04
CDI;04/08/2011;1043,53
CDI;05/08/2011;1044,01
CDI;08/08/2011;1044,5
CDI;09/08/2011;1044,98
CDI;10/08/2011;1045,47
CDI;11/08/2011;1045,95
CDI;12/08/2011;1046,44
CDI;15/08/2011;1046,92
CDI;16/08/2011;1047,41
CDI;17/08/2011;1047,89
CDI;18/08/2011;1048,38
CDI;19/08/2011;1048,87
CDI;22/08/2011;1049,35
CDI;23/08/2011;1049,84
CDI;24/08/2011;1050,33
CDI;25/08/2011;1050,81
CDI;26/08/2011;1051,3
CDI;29/08/2011;1051,79
CDI;30/08/2011;1052,28
CDI;31/08/2011;1052,76
CDI;01/09/2011;1053,25
CDI;02/09/2011;1053,72
CDI;05/09/2011;1054,19
CDI;06/09/2011;1054,66
CDI;08/09/2011;1055,13
CDI;09/09/2011;1055,6
CDI;12/09/2011;1056,07
CDI;13/09/2011;1056,54
CDI;14/09/2011;1057,01
CDI;15/09/2011;1057,48
CDI;16/09/2011;1057,95
CDI;19/09/2011;1058,43
CDI;20/09/2011;1058,9
CDI;21/09/2011;1059,37
CDI;22/09/2011;1059,84
CDI;23/09/2011;1060,31
CDI;26/09/2011;1060,79
CDI;27/09/2011;1061,26
CDI;28/09/2011;1061,73
CDI;29/09/2011;1062,2
CDI;30/09/2011;1062,68
CDI;03/10/2011;1063,15
CDI;04/10/2011;1063,62
CDI;05/10/2011;1064,1
CDI;06/10/2011;1064,57
CDI;07/10/2011;1065,05
CDI;10/10/2011;1065,52
CDI;11/10/2011;1066
CDI;13/10/2011;1066,47
CDI;14/10/2011;1066,95
CDI;17/10/2011;1067,42
CDI;18/10/2011;1067,9
CDI;19/10/2011;1068,37
CDI;20/10/2011;1068,85
CDI;21/10/2011;1069,31
CDI;24/10/2011;1069,76
CDI;25/10/2011;1070,22
CDI;26/10/2011;1070,68
CDI;27/10/2011;1071,14
CDI;28/10/2011;1071,6
CDI;31/10/2011;1072,06
CDI;01/11/2011;1072,51
CDI;03/11/2011;1072,97
CDI;04/11/2011;1073,43
CDI;07/11/2011;1073,89
CDI;08/11/2011;1074,35
CDI;09/11/2011;1074,81
CDI;10/11/2011;1075,27
CDI;11/11/2011;1075,73
CDI;14/11/2011;1076,19
CDI;16/11/2011;1076,65
CDI;17/11/2011;1077,11
CDI;18/11/2011;1077,57
CDI;21/11/2011;1078,03
CDI;22/11/2011;1078,49
CDI;23/11/2011;1078,95
CDI;24/11/2011;1079,42
CDI;25/11/2011;1079,88
CDI;28/11/2011;1080,34
CDI;29/11/2011;1080,8
CDI;30/11/2011;1081,26
CDI;01/12/2011;1081,72
CDI;02/12/2011;1082,17
CDI;05/12/2011;1082,61
CDI;06/12/2011;1083,05
CDI;07/12/2011;1083,5
CDI;08/12/2011;1083,94
CDI;09/12/2011;1084,38
CDI;12/12/2011;1084,83
CDI;13/12/2011;1085,27
CDI;14/12/2011;1085,71
CDI;15/12/2011;1086,16
CDI;16/12/2011;1086,6
CDI;19/12/2011;1087,05
CDI;20/12/2011;1087,49
CDI;21/12/2011;1087,94
CDI;22/12/2011;1088,39
CDI;23/12/2011;1088,83
CDI;26/12/2011;1089,28
CDI;27/12/2011;1089,72
CDI;28/12/2011;1090,17
CDI;29/12/2011;1090,62
CDI;30/12/2011;1091,06
CDI;02/01/2012;1091,51
CDI;03/01/2012;1091,96
CDI;04/01/2012;1092,4
CDI;05/01/2012;1092,85
CDI;06/01/2012;1093,3
CDI;09/01/2012;1093,75
CDI;10/01/2012;1094,19
CDI;11/01/2012;1094,64
CDI;12/01/2012;1095,09
CDI;13/01/2012;1095,53
CDI;16/01/2012;1095,98
CDI;17/01/2012;1096,43
CDI;18/01/2012;1096,87
CDI;19/01/2012;1097,32
CDI;20/01/2012;1097,75
CDI;23/01/2012;1098,17
CDI;24/01/2012;1098,6
CDI;25/01/2012;1099,03
CDI;26/01/2012;1099,46
CDI;27/01/2012;1099,89
CDI;30/01/2012;1100,32
CDI;31/01/2012;1100,74
CDI;01/02/2012;1101,17
CDI;02/02/2012;1101,6
CDI;03/02/2012;1102,03
CDI;06/02/2012;1102,46
CDI;07/02/2012;1102,89
CDI;08/02/2012;1103,32
CDI;09/02/2012;1103,75
CDI;10/02/2012;1104,18
CDI;13/02/2012;1104,6
CDI;14/02/2012;1105,03
CDI;15/02/2012;1105,46
CDI;16/02/2012;1105,89
CDI;17/02/2012;1106,32
CDI;22/02/2012;1106,75
CDI;23/02/2012;1107,18
CDI;24/02/2012;1107,61
CDI;27/02/2012;1108,05
CDI;28/02/2012;1108,48
CDI;29/02/2012;1108,91
CDI;01/03/2012;1109,34
CDI;02/03/2012;1109,77
CDI;05/03/2012;1110,2
CDI;06/03/2012;1110,63
CDI;07/03/2012;1111,06
CDI;08/03/2012;1111,49
CDI;09/03/2012;1111,89
CDI;12/03/2012;1112,29
CDI;13/03/2012;1112,69
CDI;14/03/2012;1113,09
CDI;15/03/2012;1113,49
CDI;16/03/2012;1113,89
CDI;19/03/2012;1114,29
CDI;20/03/2012;1114,69
CDI;21/03/2012;1115,09
CDI;22/03/2012;1115,49
CDI;23/03/2012;1115,89
CDI;26/03/2012;1116,29
CDI;27/03/2012;1116,7
CDI;28/03/2012;1117,1
CDI;29/03/2012;1117,5
CDI;30/03/2012;1117,9
CDI;02/04/2012;1118,31
CDI;03/04/2012;1118,71
CDI;04/04/2012;1119,11
CDI;05/04/2012;1119,52
CDI;09/04/2012;1119,92
CDI;10/04/2012;1120,32
CDI;11/04/2012;1120,73
CDI;12/04/2012;1121,13
CDI;13/04/2012;1121,53
CDI;16/04/2012;1121,94
CDI;17/04/2012;1122,34
CDI;18/04/2012;1122,74
CDI;19/04/2012;1123,15
CDI;20/04/2012;1123,52
CDI;23/04/2012;1123,89
CDI;24/04/2012;1124,27
CDI;25/04/2012;1124,64
CDI;26/04/2012;1125,01
CDI;27/04/2012;1125,39
CDI;30/04/2012;1125,76
CDI;02/05/2012;1126,13
CDI;03/05/2012;1126,51
CDI;04/05/2012;1126,88
CDI;07/05/2012;1127,26
CDI;08/05/2012;1127,63
CDI;09/05/2012;1128
CDI;10/05/2012;1128,38
CDI;11/05/2012;1128,75
CDI;14/05/2012;1129,12
CDI;15/05/2012;1129,49
CDI;16/05/2012;1129,87
CDI;17/05/2012;1130,24
CDI;18/05/2012;1130,62
CDI;21/05/2012;1131
CDI;22/05/2012;1131,37
CDI;23/05/2012;1131,75
CDI;24/05/2012;1132,13
CDI;25/05/2012;1132,5
CDI;28/05/2012;1132,88
CDI;29/05/2012;1133,26
CDI;30/05/2012;1133,64
CDI;31/05/2012;1134,02
CDI;01/06/2012;1134,38
CDI;04/06/2012;1134,74
CDI;05/06/2012;1135,1
CDI;06/06/2012;1135,46
CDI;08/06/2012;1135,82
CDI;11/06/2012;1136,19
CDI;12/06/2012;1136,55
CDI;13/06/2012;1136,91
CDI;14/06/2012;1137,27
CDI;15/06/2012;1137,63
CDI;18/06/2012;1137,99
CDI;19/06/2012;1138,35
CDI;20/06/2012;1138,72
CDI;21/06/2012;1139,08
CDI;22/06/2012;1139,44
CDI;25/06/2012;1139,81
CDI;26/06/2012;1140,17
CDI;27/06/2012;1140,53
CDI;28/06/2012;1140,9
CDI;29/06/2012;1141,26
CDI;02/07/2012;1141,62
CDI;03/07/2012;1141,99
CDI;04/07/2012;1142,35
CDI;05/07/2012;1142,72
CDI;06/07/2012;1143,08
CDI;09/07/2012;1143,44
CDI;10/07/2012;1143,81
CDI;11/07/2012;1144,17
CDI;12/07/2012;1144,53
CDI;13/07/2012;1144,88
CDI;16/07/2012;1145,22
CDI;17/07/2012;1145,56
CDI;18/07/2012;1145,91
CDI;19/07/2012;1146,25
CDI;20/07/2012;1146,59
CDI;23/07/2012;1146,93
CDI;24/07/2012;1147,28
CDI;25/07/2012;1147,62
CDI;26/07/2012;1147,96
CDI;27/07/2012;1148,31
CDI;30/07/2012;1148,65
CDI;31/07/2012;1148,99
CDI;01/08/2012;1149,34
CDI;02/08/2012;1149,68
CDI;03/08/2012;1150,02
CDI;06/08/2012;1150,37
CDI;07/08/2012;1150,71
CDI;08/08/2012;1151,05
CDI;09/08/2012;1151,4
CDI;10/08/2012;1151,74
CDI;13/08/2012;1152,09
CDI;14/08/2012;1152,43
CDI;15/08/2012;1152,78
CDI;16/08/2012;1153,12
CDI;17/08/2012;1153,46
CDI;20/08/2012;1153,81
CDI;21/08/2012;1154,16
CDI;22/08/2012;1154,5
CDI;23/08/2012;1154,85
CDI;24/08/2012;1155,19
CDI;27/08/2012;1155,54
CDI;28/08/2012;1155,88
CDI;29/08/2012;1156,23
CDI;30/08/2012;1156,57
CDI;31/08/2012;1156,9
CDI;03/09/2012;1157,23
CDI;04/09/2012;1157,55
CDI;05/09/2012;1157,88
CDI;06/09/2012;1158,21
CDI;10/09/2012;1158,54
CDI;11/09/2012;1158,87
CDI;12/09/2012;1159,19
CDI;13/09/2012;1159,52
CDI;14/09/2012;1159,85
CDI;17/09/2012;1160,17
CDI;18/09/2012;1160,5
CDI;19/09/2012;1160,82
CDI;20/09/2012;1161,15
CDI;21/09/2012;1161,48
CDI;24/09/2012;1161,8
CDI;25/09/2012;1162,13
CDI;26/09/2012;1162,46
CDI;27/09/2012;1162,79
CDI;28/09/2012;1163,12
CDI;01/10/2012;1163,44
CDI;02/10/2012;1163,77
CDI;03/10/2012;1164,1
CDI;04/10/2012;1164,43
CDI;05/10/2012;1164,75
CDI;08/10/2012;1165,08
CDI;09/10/2012;1165,41
CDI;10/10/2012;1165,74
CDI;11/10/2012;1166,07
CDI;15/10/2012;1166,38
CDI;16/10/2012;1166,7
CDI;17/10/2012;1167,01
CDI;18/10/2012;1167,33
CDI;19/10/2012;1167,64
CDI;22/10/2012;1167,96
CDI;23/10/2012;1168,28
CDI;24/10/2012;1168,6
CDI;25/10/2012;1168,92
CDI;26/10/2012;1169,24
CDI;29/10/2012;1169,56
CDI;30/10/2012;1169,87
CDI;31/10/2012;1170,19
CDI;01/11/2012;1170,51
CDI;05/11/2012;1170,83
CDI;06/11/2012;1171,15
CDI;07/11/2012;1171,47
CDI;08/11/2012;1171,79
CDI;09/11/2012;1172,11
CDI;12/11/2012;1172,42
CDI;13/11/2012;1172,74
CDI;14/11/2012;1173,06
CDI;16/11/2012;1173,38
CDI;19/11/2012;1173,69
CDI;20/11/2012;1174,01
CDI;21/11/2012;1174,33
CDI;22/11/2012;1174,64
CDI;23/11/2012;1174,96
CDI;26/11/2012;1175,28
CDI;27/11/2012;1175,6
CDI;28/11/2012;1175,92
CDI;29/11/2012;1176,24
CDI;30/11/2012;1176,56
CDI;03/12/2012;1176,88
CDI;04/12/2012;1177,2
CDI;05/12/2012;1177,52
CDI;06/12/2012;1177,84
CDI;07/12/2012;1178,16
CDI;10/12/2012;1178,48
CDI;11/12/2012;1178,79
CDI;12/12/2012;1179,11
CDI;13/12/2012;1179,42
CDI;14/12/2012;1179,74
CDI;17/12/2012;1180,05
CDI;18/12/2012;1180,36
CDI;19/12/2012;1180,67
CDI;20/12/2012;1180,98
CDI;21/12/2012;1181,29
CDI;24/12/2012;1181,6
CDI;26/12/2012;1181,92
CDI;27/12/2012;1182,23
CDI;28/12/2012;1182,54
CDI;31/12/2012;1182,86
CDI;02/01/2013;1183,17
CDI;03/01/2013;1183,48
CDI;04/01/2013;1183,8
CDI;07/01/2013;1184,11
CDI;08/01/2013;1184,43
CDI;09/01/2013;1184,74
CDI;10/01/2013;1185,05
CDI;11/01/2013;1185,37
CDI;14/01/2013;1185,68
CDI;15/01/2013;1186
CDI;16/01/2013;1186,31
CDI;17/01/2013;1186,63
CDI;18/01/2013;1186,95
CDI;21/01/2013;1187,26
CDI;22/01/2013;1187,58
CDI;23/01/2013;1187,89
CDI;24/01/2013;1188,21
CDI;25/01/2013;1188,53
CDI;28/01/2013;1188,84
CDI;29/01/2013;1189,16
CDI;30/01/2013;1189,48
CDI;31/01/2013;1189,79
CDI;01/02/2013;1190,11
CDI;04/02/2013;1190,43
CDI;05/02/2013;1190,75
CDI;06/02/2013;1191,06
CDI;07/02/2013;1191,38
CDI;08/02/2013;1191,7
CDI;13/02/2013;1192,02
CDI;14/02/2013;1192,33
CDI;15/02/2013;1192,65
CDI;18/02/2013;1192,97
CDI;19/02/2013;1193,29
CDI;20/02/2013;1193,6
CDI;21/02/2013;1193,92
CDI;22/02/2013;1194,24
CDI;25/02/2013;1194,56
CDI;26/02/2013;1194,88
CDI;27/02/2013;1195,2
CDI;28/02/2013;1195,52
CDI;01/03/2013;1195,84
CDI;04/03/2013;1196,16
CDI;05/03/2013;1196,48
CDI;06/03/2013;1196,8
CDI;07/03/2013;1197,12
CDI;08/03/2013;1197,44
CDI;11/03/2013;1197,77
CDI;12/03/2013;1198,09
CDI;13/03/2013;1198,41
CDI;14/03/2013;1198,73
CDI;15/03/2013;1199,05
CDI;18/03/2013;1199,37
CDI;19/03/2013;1199,69
CDI;20/03/2013;1200,02
CDI;21/03/2013;1200,34
CDI;22/03/2013;1200,66
CDI;25/03/2013;1200,98
CDI;26/03/2013;1201,3
CDI;27/03/2013;1201,63
CDI;28/03/2013;1201,95
CDI;01/04/2013;1202,27
CDI;02/04/2013;1202,59
CDI;03/04/2013;1202,92
CDI;04/04/2013;1203,24
CDI;05/04/2013;1203,57
CDI;08/04/2013;1203,89
CDI;09/04/2013;1204,21
CDI;10/04/2013;1204,54
CDI;11/04/2013;1204,86
CDI;12/04/2013;1205,18
CDI;15/04/2013;1205,51
CDI;16/04/2013;1205,83
CDI;17/04/2013;1206,16
CDI;18/04/2013;1206,48
CDI;19/04/2013;1206,82
CDI;22/04/2013;1207,15
CDI;23/04/2013;1207,49
CDI;24/04/2013;1207,82
CDI;25/04/2013;1208,16
CDI;26/04/2013;1208,49
CDI;29/04/2013;1208,83
CDI;30/04/2013;1209,16
CDI;02/05/2013;1209,49
CDI;03/05/2013;1209,83
CDI;06/05/2013;1210,17
CDI;07/05/2013;1210,5
CDI;08/05/2013;1210,84
CDI;09/05/2013;1211,17
CDI;10/05/2013;1211,51
CDI;13/05/2013;1211,84
CDI;14/05/2013;1212,18
CDI;15/05/2013;1212,51
CDI;16/05/2013;1212,85
CDI;17/05/2013;1213,19
CDI;20/05/2013;1213,52
CDI;21/05/2013;1213,86
CDI;22/05/2013;1214,19
CDI;23/05/2013;1214,53
CDI;24/05/2013;1214,86
CDI;27/05/2013;1215,2
CDI;28/05/2013;1215,54
CDI;29/05/2013;1215,87
CDI;31/05/2013;1216,21
CDI;03/06/2013;1216,57
CDI;04/06/2013;1216,93
CDI;05/06/2013;1217,29
CDI;06/06/2013;1217,65
CDI;07/06/2013;1218,01
CDI;10/06/2013;1218,37
CDI;11/06/2013;1218,72
CDI;12/06/2013;1219,08
CDI;13/06/2013;1219,44
CDI;14/06/2013;1219,8
CDI;17/06/2013;1220,16
CDI;18/06/2013;1220,52
CDI;19/06/2013;1220,88
CDI;20/06/2013;1221,24
CDI;21/06/2013;1221,61
CDI;24/06/2013;1221,97
CDI;25/06/2013;1222,33
CDI;26/06/2013;1222,69
CDI;27/06/2013;1223,05
CDI;28/06/2013;1223,41
CDI;01/07/2013;1223,77
CDI;02/07/2013;1224,13
CDI;03/07/2013;1224,49
CDI;04/07/2013;1224,85
CDI;05/07/2013;1225,22
CDI;08/07/2013;1225,58
CDI;09/07/2013;1225,94
CDI;10/07/2013;1226,3
CDI;11/07/2013;1226,66
CDI;12/07/2013;1227,05
CDI;15/07/2013;1227,43
CDI;16/07/2013;1227,82
CDI;17/07/2013;1228,2
CDI;18/07/2013;1228,59
CDI;19/07/2013;1228,97
CDI;22/07/2013;1229,36
CDI;23/07/2013;1229,74
CDI;24/07/2013;1230,13
CDI;25/07/2013;1230,51
CDI;26/07/2013;1230,9
CDI;29/07/2013;1231,29
CDI;30/07/2013;1231,67
CDI;31/07/2013;1232,06
CDI;01/08/2013;1232,44
CDI;02/08/2013;1232,83
CDI;05/08/2013;1233,22
CDI;06/08/2013;1233,6
CDI;07/08/2013;1233,99
CDI;08/08/2013;1234,38
CDI;09/08/2013;1234,77
CDI;12/08/2013;1235,15
CDI;13/08/2013;1235,54
CDI;14/08/2013;1235,93
CDI;15/08/2013;1236,31
CDI;16/08/2013;1236,7
CDI;19/08/2013;1237,09
CDI;20/08/2013;1237,48
CDI;21/08/2013;1237,87
CDI;22/08/2013;1238,25
CDI;23/08/2013;1238,64
CDI;26/08/2013;1239,03
CDI;27/08/2013;1239,42
CDI;28/08/2013;1239,81
CDI;29/08/2013;1240,2
CDI;30/08/2013;1240,61
CDI;02/09/2013;1241,02
CDI;03/09/2013;1241,43
CDI;04/09/2013;1241,84
CDI;05/09/2013;1242,26
CDI;06/09/2013;1242,67
CDI;09/09/2013;1243,08
CDI;10/09/2013;1243,49
CDI;11/09/2013;1243,9
CDI;12/09/2013;1244,32
CDI;13/09/2013;1244,73
CDI;16/09/2013;1245,14
CDI;17/09/2013;1245,56
CDI;18/09/2013;1245,97
CDI;19/09/2013;1246,38
CDI;20/09/2013;1246,8
CDI;23/09/2013;1247,21
CDI;24/09/2013;1247,62
CDI;25/09/2013;1248,04
CDI;26/09/2013;1248,45
CDI;27/09/2013;1248,87
CDI;30/09/2013;1249,28
CDI;01/10/2013;1249,7
CDI;02/10/2013;1250,11
CDI;03/10/2013;1250,52
CDI;04/10/2013;1250,94
CDI;07/10/2013;1251,36
CDI;08/10/2013;1251,78
CDI;09/10/2013;1252,2
CDI;10/10/2013;1252,62
CDI;11/10/2013;1253,06
CDI;14/10/2013;1253,51
CDI;15/10/2013;1253,95
CDI;16/10/2013;1254,4
CDI;17/10/2013;1254,84
CDI;18/10/2013;1255,29
CDI;21/10/2013;1255,73
CDI;22/10/2013;1256,18
CDI;23/10/2013;1256,62
CDI;24/10/2013;1257,07
CDI;25/10/2013;1257,51
CDI;28/10/2013;1257,96
CDI;29/10/2013;1258,4
CDI;30/10/2013;1258,85
CDI;31/10/2013;1259,29
CDI;01/11/2013;1259,74
CDI;04/11/2013;1260,18
CDI;05/11/2013;1260,63
CDI;06/11/2013;1261,07
CDI;07/11/2013;1261,51
CDI;08/11/2013;1261,96
CDI;11/11/2013;1262,4
CDI;12/11/2013;1262,85
CDI;13/11/2013;1263,29
CDI;14/11/2013;1263,74
CDI;18/11/2013;1264,18
CDI;19/11/2013;1264,63
CDI;20/11/2013;1265,07
CDI;21/11/2013;1265,52
CDI;22/11/2013;1265,96
CDI;25/11/2013;1266,41
CDI;26/11/2013;1266,86
CDI;27/11/2013;1267,3
CDI;28/11/2013;1267,75
CDI;29/11/2013;1268,22
CDI;02/12/2013;1268,69
CDI;03/12/2013;1269,16
CDI;04/12/2013;1269,63
CDI;05/12/2013;1270,09
CDI;06/12/2013;1270,56
CDI;09/12/2013;1271,03
CDI;10/12/2013;1271,51
CDI;11/12/2013;1271,98
CDI;12/12/2013;1272,45
CDI;13/12/2013;1272,92
CDI;16/12/2013;1273,39
CDI;17/12/2013;1273,87
CDI;18/12/2013;1274,34
CDI;19/12/2013;1274,81
CDI;20/12/2013;1275,28
CDI;23/12/2013;1275,75
CDI;24/12/2013;1276,22
CDI;26/12/2013;1276,7
CDI;27/12/2013;1277,17
CDI;30/12/2013;1277,64
CDI;31/12/2013;1278,11
CDI;02/01/2014;1278,59
CDI;03/01/2014;1279,06
CDI;06/01/2014;1279,53
CDI;07/01/2014;1280,01
CDI;08/01/2014;1280,48
CDI;09/01/2014;1280,95
CDI;10/01/2014;1281,43
CDI;13/01/2014;1281,9
CDI;14/01/2014;1282,38
CDI;15/01/2014;1282,85
CDI;16/01/2014;1283,33
CDI;17/01/2014;1283,82
CDI;20/01/2014;1284,32
CDI;21/01/2014;1284,83
CDI;22/01/2014;1285,33
CDI;23/01/2014;1285,83
CDI;24/01/2014;1286,33
CDI;27/01/2014;1286,83
CDI;28/01/2014;1287,32
CDI;29/01/2014;1287,82
CDI;30/01/2014;1288,32
CDI;31/01/2014;1288,82
CDI;03/02/2014;1289,32
CDI;04/02/2014;1289,82
CDI;05/02/2014;1290,33
CDI;06/02/2014;1290,83
CDI;07/02/2014;1291,33
CDI;10/02/2014;1291,83
CDI;11/02/2014;1292,33
CDI;12/02/2014;1292,84
CDI;13/02/2014;1293,34
CDI;14/02/2014;1293,84
CDI;17/02/2014;1294,34
CDI;18/02/2014;1294,85
CDI;19/02/2014;1295,35
CDI;20/02/2014;1295,85
CDI;21/02/2014;1296,36
CDI;24/02/2014;1296,86
CDI;25/02/2014;1297,37
CDI;26/02/2014;1297,87
CDI;27/02/2014;1298,38
CDI;28/02/2014;1298,9
CDI;05/03/2014;1299,42
CDI;06/03/2014;1299,93
CDI;07/03/2014;1300,45
CDI;10/03/2014;1300,97
CDI;11/03/2014;1301,49
CDI;12/03/2014;1302
CDI;13/03/2014;1302,52
CDI;14/03/2014;1303,04
CDI;17/03/2014;1303,56
CDI;18/03/2014;1304,08
CDI;19/03/2014;1304,6
CDI;20/03/2014;1305,12
CDI;21/03/2014;1305,64
CDI;24/03/2014;1306,16
CDI;25/03/2014;1306,68
CDI;26/03/2014;1307,21
CDI;27/03/2014;1307,73
CDI;28/03/2014;1308,25
CDI;31/03/2014;1308,77
CDI;01/04/2014;1309,29
CDI;02/04/2014;1309,81
CDI;03/04/2014;1310,33
CDI;04/04/2014;1310,87
CDI;07/04/2014;1311,4
CDI;08/04/2014;1311,93
CDI;09/04/2014;1312,47
CDI;10/04/2014;1313
CDI;11/04/2014;1313,54
CDI;14/04/2014;1314,07
CDI;15/04/2014;1314,61
CDI;16/04/2014;1315,14
CDI;17/04/2014;1315,68
CDI;22/04/2014;1316,21
CDI;23/04/2014;1316,75
CDI;24/04/2014;1317,28
CDI;25/04/2014;1317,82
CDI;28/04/2014;1318,36
CDI;29/04/2014;1318,89
CDI;30/04/2014;1319,43
CDI;02/05/2014;1319,97
CDI;05/05/2014;1320,5
CDI;06/05/2014;1321,04
CDI;07/05/2014;1321,58
CDI;08/05/2014;1322,12
CDI;09/05/2014;1322,66
CDI;12/05/2014;1323,19
CDI;13/05/2014;1323,73
CDI;14/05/2014;1324,27
CDI;15/05/2014;1324,81
CDI;16/05/2014;1325,35
CDI;19/05/2014;1325,89
CDI;20/05/2014;1326,43
CDI;21/05/2014;1326,97
CDI;22/05/2014;1327,51
CDI;23/05/2014;1328,05
CDI;26/05/2014;1328,59
CDI;27/05/2014;1329,13
CDI;28/05/2014;1329,67
CDI;29/05/2014;1330,21
CDI;30/05/2014;1330,75
CDI;02/06/2014;1331,3
CDI;03/06/2014;1331,84
CDI;04/06/2014;1332,38
CDI;05/06/2014;1332,92
CDI;06/06/2014;1333,47
CDI;09/06/2014;1334,01
CDI;10/06/2014;1334,55
CDI;11/06/2014;1335,1
CDI;12/06/2014;1335,64
CDI;13/06/2014;1336,18
CDI;16/06/2014;1336,73
CDI;17/06/2014;1337,27
CDI;18/06/2014;1337,82
CDI;20/06/2014;1338,36
CDI;23/06/2014;1338,9
CDI;24/06/2014;1339,45
CDI;25/06/2014;1340
CDI;26/06/2014;1340,54
CDI;27/06/2014;1341,09
CDI;30/06/2014;1341,63
CDI;01/07/2014;1342,18
CDI;02/07/2014;1342,72
CDI;03/07/2014;1343,27
CDI;04/07/2014;1343,82
CDI;07/07/2014;1344,36
CDI;08/07/2014;1344,91
CDI;09/07/2014;1345,46
CDI;10/07/2014;1346,01
CDI;11/07/2014;1346,56
CDI;14/07/2014;1347,1
CDI;15/07/2014;1347,65
CDI;16/07/2014;1348,2
CDI;17/07/2014;1348,75
CDI;18/07/2014;1349,3
CDI;21/07/2014;1349,85
CDI;22/07/2014;1350,4
CDI;23/07/2014;1350,95
CDI;24/07/2014;1351,5
CDI;25/07/2014;1352,05
CDI;28/07/2014;1352,6
CDI;29/07/2014;1353,15
CDI;30/07/2014;1353,7
CDI;31/07/2014;1354,25
CDI;01/08/2014;1354,8
CDI;04/08/2014;1355,35
CDI;05/08/2014;1355,9
CDI;06/08/2014;1356,46
CDI;07/08/2014;1357,01
CDI;08/08/2014;1357,56
CDI;11/08/2014;1358,12
CDI;12/08/2014;1358,67
CDI;13/08/2014;1359,22
CDI;14/08/2014;1359,78
CDI;15/08/2014;1360,33
CDI;18/08/2014;1360,88
CDI;19/08/2014;1361,44
CDI;20/08/2014;1361,99
CDI;21/08/2014;1362,55
CDI;22/08/2014;1363,11
CDI;25/08/2014;1363,66
CDI;26/08/2014;1364,22
CDI;27/08/2014;1364,78
CDI;28/08/2014;1365,33
CDI;29/08/2014;1365,89
CDI;01/09/2014;1366,45
CDI;02/09/2014;1367
CDI;03/09/2014;1367,56
CDI;04/09/2014;1368,12
CDI;05/09/2014;1368,67
CDI;08/09/2014;1369,23
CDI;09/09/2014;1369,79
CDI;10/09/2014;1370,35
CDI;11/09/2014;1370,91
CDI;12/09/2014;1371,47
CDI;15/09/2014;1372,02
CDI;16/09/2014;1372,58
CDI;17/09/2014;1373,14
CDI;18/09/2014;1373,7
CDI;19/09/2014;1374,26
CDI;22/09/2014;1374,82
CDI;23/09/2014;1375,38
CDI;24/09/2014;1375,94
CDI;25/09/2014;1376,51
CDI;26/09/2014;1377,07
CDI;29/09/2014;1377,63
CDI;30/09/2014;1378,19
CDI;01/10/2014;1378,75
CDI;02/10/2014;1379,31
CDI;03/10/2014;1379,88
CDI;06/10/2014;1380,44
CDI;07/10/2014;1381
CDI;08/10/2014;1381,56
CDI;09/10/2014;1382,13
CDI;10/10/2014;1382,69
CDI;13/10/2014;1383,26
CDI;14/10/2014;1383,82
CDI;15/10/2014;1384,39
CDI;16/10/2014;1384,95
CDI;17/10/2014;1385,52
CDI;20/10/2014;1386,08
CDI;21/10/2014;1386,65
CDI;22/10/2014;1387,21
CDI;23/10/2014;1387,78
CDI;24/10/2014;1388,35
CDI;27/10/2014;1388,92
CDI;28/10/2014;1389,48
CDI;29/10/2014;1390,05
CDI;30/10/2014;1390,62
CDI;31/10/2014;1391,2
CDI;03/11/2014;1391,78
CDI;04/11/2014;1392,36
CDI;05/11/2014;1392,94
CDI;06/11/2014;1393,52
CDI;07/11/2014;1394,1
CDI;10/11/2014;1394,68
CDI;11/11/2014;1395,26
CDI;12/11/2014;1395,85
CDI;13/11/2014;1396,43
CDI;14/11/2014;1397,01
CDI;17/11/2014;1397,6
CDI;18/11/2014;1398,18
CDI;19/11/2014;1398,76
CDI;20/11/2014;1399,35
CDI;21/11/2014;1399,93
CDI;24/11/2014;1400,51
CDI;25/11/2014;1401,1
CDI;26/11/2014;1401,68
CDI;27/11/2014;1402,27
CDI;28/11/2014;1402,85
CDI;01/12/2014;1403,44
CDI;02/12/2014;1404,02
CDI;03/12/2014;1404,61
CDI;04/12/2014;1405,19
CDI;05/12/2014;1405,81
CDI;08/12/2014;1406,42
CDI;09/12/2014;1407,03
CDI;10/12/2014;1407,64
CDI;11/12/2014;1408,25
CDI;12/12/2014;1408,87
CDI;15/12/2014;1409,48
CDI;16/12/2014;1410,09
CDI;17/12/2014;1410,71
CDI;18/12/2014;1411,32
CDI;19/12/2014;1411,93
CDI;22/12/2014;1412,55
CDI;23/12/2014;1413,16
CDI;24/12/2014;1413,78
CDI;26/12/2014;1414,39
CDI;29/12/2014;1415,01
CDI;30/12/2014;1415,62
CDI;31/12/2014;1416,24
CDI;02/01/2015;1416,85
CDI;05/01/2015;1417,47
CDI;06/01/2015;1418,09
CDI;07/01/2015;1418,7
CDI;08/01/2015;1419,32
CDI;09/01/2015;1419,93
CDI;12/01/2015;1420,55
CDI;13/01/2015;1421,17
CDI;14/01/2015;1421,79
CDI;15/01/2015;1422,4
CDI;16/01/2015;1423,02
CDI;19/01/2015;1423,64
CDI;20/01/2015;1424,26
CDI;21/01/2015;1424,88
CDI;22/01/2015;1425,5
CDI;23/01/2015;1426,14
CDI;26/01/2015;1426,79
CDI;27/01/2015;1427,43
CDI;28/01/2015;1428,08
CDI;29/01/2015;1428,73
CDI;30/01/2015;1429,37
CDI;02/02/2015;1430,02
CDI;03/02/2015;1430,67
CDI;04/02/2015;1431,32
CDI;05/02/2015;1431,96
CDI;06/02/2015;1432,61
CDI;09/02/2015;1433,26
CDI;10/02/2015;1433,91
CDI;11/02/2015;1434,56
CDI;12/02/2015;1435,21
CDI;13/02/2015;1435,86
CDI;18/02/2015;1436,51
CDI;19/02/2015;1437,16
CDI;20/02/2015;1437,81
CDI;23/02/2015;1438,46
CDI;24/02/2015;1439,12
CDI;25/02/2015;1439,77
CDI;26/02/2015;1440,42
CDI;27/02/2015;1441,07
CDI;02/03/2015;1441,73
CDI;03/03/2015;1442,38
CDI;04/03/2015;1443,03
CDI;05/03/2015;1443,69
CDI;06/03/2015;1444,37
CDI;09/03/2015;1445,05
CDI;10/03/2015;1445,73
CDI;11/03/2015;1446,41
CDI;12/03/2015;1447,09
CDI;13/03/2015;1447,77
CDI;16/03/2015;1448,45
CDI;17/03/2015;1449,14
CDI;18/03/2015;1449,82
CDI;19/03/2015;1450,5
CDI;20/03/2015;1451,18
CDI;23/03/2015;1451,87
CDI;24/03/2015;1452,55
CDI;25/03/2015;1453,24
CDI;26/03/2015;1453,92
CDI;27/03/2015;1454,61
CDI;30/03/2015;1455,29
CDI;31/03/2015;1455,98
CDI;01/04/2015;1456,66
CDI;02/04/2015;1457,35
CDI;06/04/2015;1458,04
CDI;07/04/2015;1458,72
CDI;08/04/2015;1459,41
CDI;09/04/2015;1460,1
CDI;10/04/2015;1460,79
CDI;13/04/2015;1461,47
CDI;14/04/2015;1462,16
CDI;15/04/2015;1462,85
CDI;16/04/2015;1463,54
CDI;17/04/2015;1464,23
CDI;20/04/2015;1464,92
CDI;22/04/2015;1465,61
CDI;23/04/2015;1466,3
CDI;24/04/2015;1466,99
CDI;27/04/2015;1467,68
CDI;28/04/2015;1468,37
CDI;29/04/2015;1469,07
CDI;30/04/2015;1469,76
CDI;04/05/2015;1470,48
CDI;05/05/2015;1471,2
CDI;06/05/2015;1471,92
CDI;07/05/2015;1472,64
CDI;08/05/2015;1473,36
CDI;11/05/2015;1474,08
CDI;12/05/2015;1474,8
CDI;13/05/2015;1475,52
CDI;14/05/2015;1476,25
CDI;15/05/2015;1476,97
CDI;18/05/2015;1477,69
CDI;19/05/2015;1478,42
CDI;20/05/2015;1479,14
CDI;21/05/2015;1479,86
CDI;22/05/2015;1480,59
CDI;25/05/2015;1481,31
CDI;26/05/2015;1482,04
CDI;27/05/2015;1482,77
CDI;28/05/2015;1483,49
CDI;29/05/2015;1484,22
CDI;01/06/2015;1484,94
CDI;02/06/2015;1485,67
CDI;03/06/2015;1486,4
CDI;05/06/2015;1487,13
CDI;08/06/2015;1487,88
CDI;09/06/2015;1488,64
CDI;10/06/2015;1489,39
CDI;11/06/2015;1490,15
CDI;12/06/2015;1490,9
CDI;15/06/2015;1491,66
CDI;16/06/2015;1492,42
CDI;17/06/2015;1493,18
CDI;18/06/2015;1493,93
CDI;19/06/2015;1494,69
CDI;22/06/2015;1495,45
CDI;23/06/2015;1496,21
CDI;24/06/2015;1496,97
CDI;25/06/2015;1497,73
CDI;26/06/2015;1498,49
CDI;29/06/2015;1499,25
CDI;30/06/2015;1500,01
CDI;01/07/2015;1500,77
CDI;02/07/2015;1501,53
CDI;03/07/2015;1502,3
CDI;06/07/2015;1503,06
CDI;07/07/2015;1503,82
CDI;08/07/2015;1504,58
CDI;09/07/2015;1505,35
CDI;10/07/2015;1506,11
CDI;13/07/2015;1506,88
CDI;14/07/2015;1507,64
CDI;15/07/2015;1508,41
CDI;16/07/2015;1509,17
CDI;17/07/2015;1509,94
CDI;20/07/2015;1510,7
CDI;21/07/2015;1511,47
CDI;22/07/2015;1512,24
CDI;23/07/2015;1513,01
CDI;24/07/2015;1513,77
CDI;27/07/2015;1514,54
CDI;28/07/2015;1515,31
CDI;29/07/2015;1516,08
CDI;30/07/2015;1516,85
CDI;31/07/2015;1517,64
CDI;03/08/2015;1518,44
CDI;04/08/2015;1519,24
CDI;05/08/2015;1520,03
CDI;06/08/2015;1520,83
CDI;07/08/2015;1521,63
CDI;10/08/2015;1522,43
CDI;11/08/2015;1523,23
CDI;12/08/2015;1524,03
CDI;13/08/2015;1524,82
CDI;14/08/2015;1525,62
CDI;17/08/2015;1526,43
CDI;18/08/2015;1527,23
CDI;19/08/2015;1528,03
CDI;20/08/2015;1528,83
CDI;21/08/2015;1529,63
CDI;24/08/2015;1530,43
CDI;25/08/2015;1531,24
CDI;26/08/2015;1532,04
CDI;27/08/2015;1532,84
CDI;28/08/2015;1533,65
CDI;31/08/2015;1534,45
CDI;01/09/2015;1535,26
CDI;02/09/2015;1536,06
CDI;03/09/2015;1536,87
CDI;04/09/2015;1537,67
CDI;08/09/2015;1538,48
CDI;09/09/2015;1539,29
CDI;10/09/2015;1540,1
CDI;11/09/2015;1540,9
CDI;14/09/2015;1541,71
CDI;15/09/2015;1542,52
CDI;16/09/2015;1543,33
CDI;17/09/2015;1544,14
CDI;18/09/2015;1544,95
CDI;21/09/2015;1545,76
CDI;22/09/2015;1546,57
CDI;23/09/2015;1547,38
CDI;24/09/2015;1548,19
CDI;25/09/2015;1549,01
CDI;28/09/2015;1549,82
CDI;29/09/2015;1550,63
CDI;30/09/2015;1551,45
CDI;01/10/2015;1552,26
CDI;02/10/2015;1553,07
CDI;05/10/2015;1553,89
CDI;06/10/2015;1554,7
CDI;07/10/2015;1555,52
CDI;08/10/2015;1556,34
CDI;09/10/2015;1557,15
CDI;13/10/2015;1557,97
CDI;14/10/2015;1558,79
CDI;15/10/2015;1559,6
CDI;16/10/2015;1560,42
CDI;19/10/2015;1561,24
CDI;20/10/2015;1562,06
CDI;21/10/2015;1562,88
CDI;22/10/2015;1563,7
CDI;23/10/2015;1564,52
CDI;26/10/2015;1565,34
CDI;27/10/2015;1566,16
CDI;28/10/2015;1566,99
CDI;29/10/2015;1567,81
CDI;30/10/2015;1568,63
CDI;03/11/2015;1569,45
CDI;04/11/2015;1570,28
CDI;05/11/2015;1571,1
CDI;06/11/2015;1571,93
CDI;09/11/2015;1572,75
CDI;10/11/2015;1573,58
CDI;11/11/2015;1574,4
CDI;12/11/2015;1575,23
CDI;13/11/2015;1576,06
CDI;16/11/2015;1576,89
CDI;17/11/2015;1577,71
CDI;18/11/2015;1578,54
CDI;19/11/2015;1579,37
CDI;20/11/2015;1580,2
CDI;23/11/2015;1581,03
CDI;24/11/2015;1581,86
CDI;25/11/2015;1582,69
CDI;26/11/2015;1583,52
CDI;27/11/2015;1584,35
CDI;30/11/2015;1585,18
CDI;01/12/2015;1586,02
CDI;02/12/2015;1586,85
CDI;03/12/2015;1587,68
CDI;04/12/2015;1588,51
CDI;07/12/2015;1589,35
CDI;08/12/2015;1590,18
CDI;09/12/2015;1591,02
CDI;10/12/2015;1591,85
CDI;11/12/2015;1592,69
CDI;14/12/2015;1593,52
CDI;15/12/2015;1594,36
CDI;16/12/2015;1595,2
CDI;17/12/2015;1596,04
CDI;18/12/2015;1596,87
CDI;21/12/2015;1597,71
CDI;22/12/2015;1598,55
CDI;23/12/2015;1599,39
CDI;24/12/2015;1600,23
CDI;28/12/2015;1601,07
CDI;29/12/2015;1601,91
CDI;30/12/2015;1602,75
CDI;31/12/2015;1603,59
CDI;04/01/2016;1604,43
CDI;05/01/2016;1605,28
CDI;06/01/2016;1606,12
CDI;07/01/2016;1606,96
CDI;08/01/2016;1607,81
CDI;11/01/2016;1608,65
CDI;12/01/2016;1609,49
CDI;13/01/2016;1610,34
CDI;14/01/2016;1611,18
CDI;15/01/2016;1612,03
CDI;18/01/2016;1612,88
CDI;19/01/2016;1613,72
CDI;20/01/2016;1614,57
CDI;21/01/2016;1615,42
CDI;22/01/2016;1616,26
CDI;25/01/2016;1617,11
CDI;26/01/2016;1617,96
CDI;27/01/2016;1618,81
CDI;28/01/2016;1619,66
CDI;29/01/2016;1620,51
CDI;01/02/2016;1621,36
CDI;02/02/2016;1622,21
CDI;03/02/2016;1623,06
CDI;04/02/2016;1623,91
CDI;05/02/2016;1624,76
CDI;10/02/2016;1625,62
CDI;11/02/2016;1626,47
CDI;12/02/2016;1627,32
CDI;15/02/2016;1628,18
CDI;16/02/2016;1629,03
CDI;17/02/2016;1629,89
CDI;18/02/2016;1630,74
CDI;19/02/2016;1631,6
CDI;22/02/2016;1632,45
CDI;23/02/2016;1633,31
CDI;24/02/2016;1634,16
CDI;25/02/2016;1635,02
CDI;26/02/2016;1635,88
CDI;29/02/2016;1636,74
CDI;01/03/2016;1637,6
CDI;02/03/2016;1638,46
CDI;03/03/2016;1639,32
CDI;04/03/2016;1640,18
CDI;07/03/2016;1641,04
CDI;08/03/2016;1641,9
CDI;09/03/2016;1642,76
CDI;10/03/2016;1643,62
CDI;11/03/2016;1644,48
CDI;14/03/2016;1645,35
CDI;15/03/2016;1646,21
CDI;16/03/2016;1647,07
CDI;17/03/2016;1647,94
CDI;18/03/2016;1648,8
CDI;21/03/2016;1649,67
CDI;22/03/2016;1650,53
CDI;23/03/2016;1651,4
CDI;24/03/2016;1652,26
CDI;28/03/2016;1653,13
CDI;29/03/2016;1654
CDI;30/03/2016;1654,86
CDI;31/03/2016;1655,73
CDI;01/04/2016;1656,6
CDI;04/04/2016;1657,47
CDI;05/04/2016;1658,34
CDI;06/04/2016;1659,21
CDI;07/04/2016;1660,08
CDI;08/04/2016;1660,95
CDI;11/04/2016;1661,82
CDI;12/04/2016;1662,69
CDI;13/04/2016;1663,57
CDI;14/04/2016;1664,44
CDI;15/04/2016;1665,31
CDI;18/04/2016;1666,19
CDI;19/04/2016;1667,06
CDI;20/04/2016;1667,94
CDI;22/04/2016;1668,81
CDI;25/04/2016;1669,69
CDI;26/04/2016;1670,56
CDI;27/04/2016;1671,44
CDI;28/04/2016;1672,31
CDI;29/04/2016;1673,19
CDI;02/05/2016;1674,07
CDI;03/05/2016;1674,95
CDI;04/05/2016;1675,83
CDI;05/05/2016;1676,71
CDI;06/05/2016;1677,59
CDI;09/05/2016;1678,47
CDI;10/05/2016;1679,35
CDI;11/05/2016;1680,23
CDI;12/05/2016;1681,11
CDI;13/05/2016;1681,99
CDI;16/05/2016;1682,87
CDI;17/05/2016;1683,76
CDI;18/05/2016;1684,64
CDI;19/05/2016;1685,52
CDI;20/05/2016;1686,41
CDI;23/05/2016;1687,29
CDI;24/05/2016;1688,18
CDI;25/05/2016;1689,06
CDI;27/05/2016;1689,95
CDI;30/05/2016;1690,84
CDI;31/05/2016;1691,72
CDI;01/06/2016;1692,61
CDI;02/06/2016;1693,5
CDI;03/06/2016;1694,39
CDI;06/06/2016;1695,28
CDI;07/06/2016;1696,16
CDI;08/06/2016;1697,05
CDI;09/06/2016;1697,94
CDI;10/06/2016;1698,84
CDI;13/06/2016;1699,73
CDI;14/06/2016;1700,62
CDI;15/06/2016;1701,51
CDI;16/06/2016;1702,4
CDI;17/06/2016;1703,3
CDI;20/06/2016;1704,19
CDI;21/06/2016;1705,08
CDI;22/06/2016;1705,98
CDI;23/06/2016;1706,87
CDI;24/06/2016;1707,77
CDI;27/06/2016;1708,67
CDI;28/06/2016;1709,56
CDI;29/06/2016;1710,46
CDI;30/06/2016;1711,36
CDI;01/07/2016;1712,25
CDI;04/07/2016;1713,15
CDI;05/07/2016;1714,05
CDI;06/07/2016;1714,95
CDI;07/07/2016;1715,85
CDI;08/07/2016;1716,75
CDI;11/07/2016;1717,65
CDI;12/07/2016;1718,55
CDI;13/07/2016;1719,45
CDI;14/07/2016;1720,35
CDI;15/07/2016;1721,26
CDI;18/07/2016;1722,16
CDI;19/07/2016;1723,06
CDI;20/07/2016;1723,97
CDI;21/07/2016;1724,87
CDI;22/07/2016;1725,78
CDI;25/07/2016;1726,68
CDI;26/07/2016;1727,59
CDI;27/07/2016;1728,49
CDI;28/07/2016;1729,4
CDI;29/07/2016;1730,31
CDI;01/08/2016;1731,22
CDI;02/08/2016;1732,12
CDI;03/08/2016;1733,03
CDI;04/08/2016;1733,94
CDI;05/08/2016;1734,85
CDI;08/08/2016;1735,76
CDI;09/08/2016;1736,67
CDI;10/08/2016;1737,58
CDI;11/08/2016;1738,5
CDI;12/08/2016;1739,41
CDI;15/08/2016;1740,32
CDI;16/08/2016;1741,23
CDI;17/08/2016;1742,15
CDI;18/08/2016;1743,06
CDI;19/08/2016;1743,97
CDI;22/08/2016;1744,89
CDI;23/08/2016;1745,81
CDI;24/08/2016;1746,72
CDI;25/08/2016;1747,64
CDI;26/08/2016;1748,55
CDI;29/08/2016;1749,47
CDI;30/08/2016;1750,39
CDI;31/08/2016;1751,31
CDI;01/09/2016;1752,23
CDI;02/09/2016;1753,15
CDI;05/09/2016;1754,07
CDI;06/09/2016;1754,99
CDI;08/09/2016;1755,91
CDI;09/09/2016;1756,83
CDI;12/09/2016;1757,75
CDI;13/09/2016;1758,67
CDI;14/09/2016;1759,59
CDI;15/09/2016;1760,52
CDI;16/09/2016;1761,44
CDI;19/09/2016;1762,36
CDI;20/09/2016;1763,29
CDI;21/09/2016;1764,21
CDI;22/09/2016;1765,14
CDI;23/09/2016;1766,07
CDI;26/09/2016;1766,99
CDI;27/09/2016;1767,92
CDI;28/09/2016;1768,85
CDI;29/09/2016;1769,77
CDI;30/09/2016;1770,7
CDI;03/10/2016;1771,63
CDI;04/10/2016;1772,56
CDI;05/10/2016;1773,49
CDI;06/10/2016;1774,42
CDI;07/10/2016;1775,35
CDI;10/10/2016;1776,28
CDI;11/10/2016;1777,22
CDI;13/10/2016;1778,15
CDI;14/10/2016;1779,08
CDI;17/10/2016;1780,01
CDI;18/10/2016;1780,95
CDI;19/10/2016;1781,88
CDI;20/10/2016;1782,82
CDI;21/10/2016;1783,74
CDI;24/10/2016;1784,66
CDI;25/10/2016;1785,58
CDI;26/10/2016;1786,5
CDI;27/10/2016;1787,42
CDI;28/10/2016;1788,34
CDI;31/10/2016;1789,27
CDI;01/11/2016;1790,19
CDI;03/11/2016;1791,11
CDI;04/11/2016;1792,04
CDI;07/11/2016;1792,96
CDI;08/11/2016;1793,89
CDI;09/11/2016;1794,81
CDI;10/11/2016;1795,74
CDI;11/11/2016;1796,66
CDI;14/11/2016;1797,59
CDI;16/11/2016;1798,52
CDI;17/11/2016;1799,45
CDI;18/11/2016;1800,37
CDI;21/11/2016;1801,3
CDI;22/11/2016;1802,23
CDI;23/11/2016;1803,16
CDI;24/11/2016;1804,09
CDI;25/11/2016;1805,02
CDI;28/11/2016;1805,95
CDI;29/11/2016;1806,89
CDI;30/11/2016;1807,82
CDI;01/12/2016;1808,75
CDI;02/12/2016;1809,67
CDI;05/12/2016;1810,59
CDI;06/12/2016;1811,5
CDI;07/12/2016;1812,42
CDI;08/12/2016;1813,34
CDI;09/12/2016;1814,26
CDI;12/12/2016;1815,18
CDI;13/12/2016;1816,1
CDI;14/12/2016;1817,02
CDI;15/12/2016;1817,95
CDI;16/12/2016;1818,87
CDI;19/12/2016;1819,79
CDI;20/12/2016;1820,71
CDI;21/12/2016;1821,64
CDI;22/12/2016;1822,56
CDI;23/12/2016;1823,48
CDI;26/12/2016;1824,41
CDI;27/12/2016;1825,34
CDI;28/12/2016;1826,26
CDI;29/12/2016;1827,19
CDI;30/12/2016;1828,11
CDI;02/01/2017;1829,04
CDI;03/01/2017;1829,97
CDI;04/01/2017;1830,9
CDI;05/01/2017;1831,83
CDI;06/01/2017;1832,75
CDI;09/01/2017;1833,68
CDI;10/01/2017;1834,61
CDI;11/01/2017;1835,54
CDI;12/01/2017;1836,48
CDI;13/01/2017;1837,36
CDI;16/01/2017;1838,24
CDI;17/01/2017;1839,13
CDI;18/01/2017;1840,01
CDI;19/01/2017;1840,9
CDI;20/01/2017;1841,78
CDI;23/01/2017;1842,67
CDI;24/01/2017;1843,55
CDI;25/01/2017;1844,44
CDI;26/01/2017;1845,33
CDI;27/01/2017;1846,21
CDI;30/01/2017;1847,1
CDI;31/01/2017;1847,99
CDI;01/02/2017;1848,88
CDI;02/02/2017;1849,77
CDI;03/02/2017;1850,66
CDI;06/02/2017;1851,55
CDI;07/02/2017;1852,44
CDI;08/02/2017;1853,33
CDI;09/02/2017;1854,22
CDI;10/02/2017;1855,11
CDI;13/02/2017;1856
CDI;14/02/2017;1856,9
CDI;15/02/2017;1857,79
CDI;16/02/2017;1858,68
CDI;17/02/2017;1859,58
CDI;20/02/2017;1860,47
CDI;21/02/2017;1861,36
CDI;22/02/2017;1862,26
CDI;23/02/2017;1863,16
CDI;24/02/2017;1864
CDI;01/03/2017;1864,85
CDI;02/03/2017;1865,7
CDI;03/03/2017;1866,54
CDI;06/03/2017;1867,39
CDI;07/03/2017;1868,24
CDI;08/03/2017;1869,09
CDI;09/03/2017;1869,94
CDI;10/03/2017;1870,79
CDI;13/03/2017;1871,64
CDI;14/03/2017;1872,49
CDI;15/03/2017;1873,34
CDI;16/03/2017;1874,19
CDI;17/03/2017;1875,04
CDI;20/03/2017;1875,9
CDI;21/03/2017;1876,75
CDI;22/03/2017;1877,6
CDI;23/03/2017;1878,45
CDI;24/03/2017;1879,31
CDI;27/03/2017;1880,16
CDI;28/03/2017;1881,02
CDI;29/03/2017;1881,87
CDI;30/03/2017;1882,73
CDI;31/03/2017;1883,58
CDI;03/04/2017;1884,44
CDI;04/04/2017;1885,29
CDI;05/04/2017;1886,15
CDI;06/04/2017;1887,01
CDI;07/04/2017;1887,87
CDI;10/04/2017;1888,72
CDI;11/04/2017;1889,58
CDI;12/04/2017;1890,44
CDI;13/04/2017;1891,3
CDI;17/04/2017;1892,09
CDI;18/04/2017;1892,88
CDI;19/04/2017;1893,68
CDI;20/04/2017;1894,47
CDI;24/04/2017;1895,26
CDI;25/04/2017;1896,06
CDI;26/04/2017;1896,85
CDI;27/04/2017;1897,65
CDI;28/04/2017;1898,44
CDI;02/05/2017;1899,24
CDI;03/05/2017;1900,03
CDI;04/05/2017;1900,83
CDI;05/05/2017;1901,62
CDI;08/05/2017;1902,42
CDI;09/05/2017;1903,22
CDI;10/05/2017;1904,01
CDI;11/05/2017;1904,81
CDI;12/05/2017;1905,61
CDI;15/05/2017;1906,41
CDI;16/05/2017;1907,21
CDI;17/05/2017;1908,01
CDI;18/05/2017;1908,8
CDI;19/05/2017;1909,6
CDI;22/05/2017;1910,4
CDI;23/05/2017;1911,2
CDI;24/05/2017;1912
CDI;25/05/2017;1912,81
CDI;26/05/2017;1913,61
CDI;29/05/2017;1914,41
CDI;30/05/2017;1915,21
CDI;31/05/2017;1916,01
CDI;01/06/2017;1916,81
CDI;02/06/2017;1917,55
CDI;05/06/2017;1918,28
CDI;06/06/2017;1919,02
CDI;07/06/2017;1919,76
CDI;08/06/2017;1920,49
CDI;09/06/2017;1921,23
CDI;12/06/2017;1921,96
CDI;13/06/2017;1922,7
CDI;14/06/2017;1923,44
CDI;16/06/2017;1924,18
CDI;19/06/2017;1924,91
CDI;20/06/2017;1925,65
CDI;21/06/2017;1926,39
CDI;22/06/2017;1927,13
CDI;23/06/2017;1927,87
CDI;26/06/2017;1928,6
CDI;27/06/2017;1929,34
CDI;28/06/2017;1930,08
CDI;29/06/2017;1930,82
CDI;30/06/2017;1931,56
CDI;03/07/2017;1932,3
CDI;04/07/2017;1933,05
CDI;05/07/2017;1933,79
CDI;06/07/2017;1934,53
CDI;07/07/2017;1935,27
CDI;10/07/2017;1936,01
CDI;11/07/2017;1936,75
CDI;12/07/2017;1937,5
CDI;13/07/2017;1938,24
CDI;14/07/2017;1938,98
CDI;17/07/2017;1939,72
CDI;18/07/2017;1940,47
CDI;19/07/2017;1941,21
CDI;20/07/2017;1941,96
CDI;21/07/2017;1942,7
CDI;24/07/2017;1943,44
CDI;25/07/2017;1944,19
CDI;26/07/2017;1944,94
CDI;27/07/2017;1945,68
CDI;28/07/2017;1946,36
CDI;31/07/2017;1947,03
CDI;01/08/2017;1947,71
CDI;02/08/2017;1948,38
CDI;03/08/2017;1949,06
CDI;04/08/2017;1949,74
CDI;07/08/2017;1950,41
CDI;08/08/2017;1951,09
CDI;09/08/2017;1951,77
CDI;10/08/2017;1952,45
CDI;11/08/2017;1953,12
CDI;14/08/2017;1953,8
CDI;15/08/2017;1954,48
CDI;16/08/2017;1955,16
CDI;17/08/2017;1955,84
CDI;18/08/2017;1956,52
CDI;21/08/2017;1957,19
CDI;22/08/2017;1957,87
CDI;23/08/2017;1958,55
CDI;24/08/2017;1959,23
CDI;25/08/2017;1959,91
CDI;28/08/2017;1960,59
CDI;29/08/2017;1961,27
CDI;30/08/2017;1961,96
CDI;31/08/2017;1962,64
CDI;01/09/2017;1963,32
CDI;04/09/2017;1964
CDI;05/09/2017;1964,68
CDI;06/09/2017;1965,36
CDI;08/09/2017;1966,05
CDI;11/09/2017;1966,66
CDI;12/09/2017;1967,27
CDI;13/09/2017;1967,88
CDI;14/09/2017;1968,49
CDI;15/09/2017;1969,1
CDI;18/09/2017;1969,71
CDI;19/09/2017;1970,32
CDI;20/09/2017;1970,94
CDI;21/09/2017;1971,55
CDI;22/09/2017;1972,16
CDI;25/09/2017;1972,77
CDI;26/09/2017;1973,39
CDI;27/09/2017;1974
CDI;28/09/2017;1974,61
CDI;29/09/2017;1975,22
CDI;02/10/2017;1975,84
CDI;03/10/2017;1976,45
CDI;04/10/2017;1977,07
CDI;05/10/2017;1977,68
CDI;06/10/2017;1978,29
CDI;09/10/2017;1978,91
CDI;10/10/2017;1979,52
CDI;11/10/2017;1980,14
CDI;13/10/2017;1980,75
CDI;16/10/2017;1981,37
CDI;17/10/2017;1981,98
CDI;18/10/2017;1982,6
CDI;19/10/2017;1983,21
CDI;20/10/2017;1983,83
CDI;23/10/2017;1984,45
CDI;24/10/2017;1985,06
CDI;25/10/2017;1985,68
CDI;26/10/2017;1986,3
CDI;27/10/2017;1986,86
CDI;30/10/2017;1987,42
CDI;31/10/2017;1987,98
CDI;01/11/2017;1988,55
CDI;03/11/2017;1989,11
CDI;06/11/2017;1989,67
CDI;07/11/2017;1990,23
CDI;08/11/2017;1990,8
CDI;09/11/2017;1991,36
CDI;10/11/2017;1991,92
CDI;13/11/2017;1992,49
CDI;14/11/2017;1993,05
CDI;16/11/2017;1993,62
CDI;17/11/2017;1994,18
CDI;20/11/2017;1994,74
CDI;21/11/2017;1995,31
CDI;22/11/2017;1995,87
CDI;23/11/2017;1996,44
CDI;24/11/2017;1997
CDI;27/11/2017;1997,57
CDI;28/11/2017;1998,13
CDI;29/11/2017;1998,7
CDI;30/11/2017;1999,26
CDI;01/12/2017;1999,83
CDI;04/12/2017;2000,4
CDI;05/12/2017;2000,96
CDI;06/12/2017;2001,53
CDI;07/12/2017;2002,09
CDI;08/12/2017;2002,62
CDI;11/12/2017;2003,15
CDI;12/12/2017;2003,68
CDI;13/12/2017;2004,21
CDI;14/12/2017;2004,74
CDI;15/12/2017;2005,27
CDI;18/12/2017;2005,8
CDI;19/12/2017;2006,33
CDI;20/12/2017;2006,86
CDI;21/12/2017;2007,39
CDI;22/12/2017;2007,93
CDI;26/12/2017;2008,46
CDI;27/12/2017;2008,99
CDI;28/12/2017;2009,52
CDI;29/12/2017;2010,05
CDI;02/01/2018;2010,58
CDI;03/01/2018;2011,11
CDI;04/01/2018;2011,65
CDI;05/01/2018;2012,18
CDI;08/01/2018;2012,71
CDI;09/01/2018;2013,24
CDI;10/01/2018;2013,77
CDI;11/01/2018;2014,31
CDI;12/01/2018;2014,84
CDI;15/01/2018;2015,37
CDI;16/01/2018;2015,91
CDI;17/01/2018;2016,44
CDI;18/01/2018;2016,97
CDI;19/01/2018;2017,5
CDI;22/01/2018;2018,04
CDI;23/01/2018;2018,57
CDI;24/01/2018;2019,11
CDI;25/01/2018;2019,64
CDI;26/01/2018;2020,17
CDI;29/01/2018;2020,71
CDI;30/01/2018;2021,24
CDI;31/01/2018;2021,78
CDI;01/02/2018;2022,31
CDI;02/02/2018;2022,85
CDI;05/02/2018;2023,38
CDI;06/02/2018;2023,92
CDI;07/02/2018;2024,45
CDI;08/02/2018;2024,99
CDI;09/02/2018;2025,5
CDI;14/02/2018;2026,02
CDI;15/02/2018;2026,54
CDI;16/02/2018;2027,05
CDI;19/02/2018;2027,57
CDI;20/02/2018;2028,09
CDI;21/02/2018;2028,61
CDI;22/02/2018;2029,12
CDI;23/02/2018;2029,64
CDI;26/02/2018;2030,16
CDI;27/02/2018;2030,68
CDI;28/02/2018;2031,2
CDI;01/03/2018;2031,71
CDI;02/03/2018;2032,23
CDI;05/03/2018;2032,75
CDI;06/03/2018;2033,27
CDI;07/03/2018;2033,79
CDI;08/03/2018;2034,31
CDI;09/03/2018;2034,83
CDI;12/03/2018;2035,35
CDI;13/03/2018;2035,86
CDI;14/03/2018;2036,38
CDI;15/03/2018;2036,9
CDI;16/03/2018;2037,42
CDI;19/03/2018;2037,94
CDI;20/03/2018;2038,46
CDI;21/03/2018;2038,98
CDI;22/03/2018;2039,5
CDI;23/03/2018;2040
CDI;26/03/2018;2040,51
CDI;27/03/2018;2041,01
CDI;28/03/2018;2041,51
CDI;29/03/2018;2042,01
CDI;02/04/2018;2042,51
CDI;03/04/2018;2043,02
CDI;04/04/2018;2043,52
CDI;05/04/2018;2044,02
CDI;06/04/2018;2044,52
CDI;09/04/2018;2045,03
CDI;10/04/2018;2045,53
CDI;11/04/2018;2046,03
CDI;12/04/2018;2046,53
CDI;13/04/2018;2047,04
CDI;16/04/2018;2047,54
CDI;17/04/2018;2048,04
CDI;18/04/2018;2048,55
CDI;19/04/2018;2049,05
CDI;20/04/2018;2049,55
CDI;23/04/2018;2050,06
CDI;24/04/2018;2050,56
CDI;25/04/2018;2051,07
CDI;26/04/2018;2051,57
CDI;27/04/2018;2052,07
CDI;30/04/2018;2052,58
CDI;02/05/2018;2053,08
CDI;03/05/2018;2053,59
CDI;04/05/2018;2054,09
CDI;07/05/2018;2054,6
CDI;08/05/2018;2055,1
CDI;09/05/2018;2055,61
CDI;10/05/2018;2056,11
CDI;11/05/2018;2056,62
CDI;14/05/2018;2057,12
CDI;15/05/2018;2057,63
CDI;16/05/2018;2058,14
CDI;17/05/2018;2058,64
CDI;18/05/2018;2059,15
CDI;21/05/2018;2059,65
CDI;22/05/2018;2060,16
CDI;23/05/2018;2060,67
CDI;24/05/2018;2061,17
CDI;25/05/2018;2061,68
CDI;28/05/2018;2062,19
CDI;29/05/2018;2062,69
CDI;30/05/2018;2063,2
CDI;01/06/2018;2063,71
CDI;04/06/2018;2064,22
CDI;05/06/2018;2064,72
CDI;06/06/2018;2065,23
CDI;07/06/2018;2065,74
CDI;08/06/2018;2066,25
CDI;11/06/2018;2066,75
CDI;12/06/2018;2067,26
CDI;13/06/2018;2067,77
CDI;14/06/2018;2068,28
CDI;15/06/2018;2068,79
CDI;18/06/2018;2069,3
CDI;19/06/2018;2069,8
CDI;20/06/2018;2070,31
CDI;21/06/2018;2070,82
CDI;22/06/2018;2071,33
CDI;25/06/2018;2071,84
CDI;26/06/2018;2072,35
CDI;27/06/2018;2072,86
CDI;28/06/2018;2073,37
CDI;29/06/2018;2073,88
CDI;02/07/2018;2074,39
CDI;03/07/2018;2074,9
CDI;04/07/2018;2075,41
CDI;05/07/2018;2075,92
CDI;06/07/2018;2076,43
CDI;09/07/2018;2076,94
CDI;10/07/2018;2077,45
CDI;11/07/2018;2077,96
CDI;12/07/2018;2078,47
CDI;13/07/2018;2078,98
CDI;16/07/2018;2079,49
CDI;17/07/2018;2080
CDI;18/07/2018;2080,52
CDI;19/07/2018;2081,03
CDI;20/07/2018;2081,54
CDI;23/07/2018;2082,05
CDI;24/07/2018;2082,56
CDI;25/07/2018;2083,07
CDI;26/07/2018;2083,59
CDI;27/07/2018;2084,1
CDI;30/07/2018;2084,61
CDI;31/07/2018;2085,12
CDI;01/08/2018;2085,64
CDI;02/08/2018;2086,15
CDI;03/08/2018;2086,66
CDI;06/08/2018;2087,17
CDI;07/08/2018;2087,69
CDI;08/08/2018;2088,2
CDI;09/08/2018;2088,71
CDI;10/08/2018;2089,23
CDI;13/08/2018;2089,74
CDI;14/08/2018;2090,26
CDI;15/08/2018;2090,77
CDI;16/08/2018;2091,28
CDI;17/08/2018;2091,8
CDI;20/08/2018;2092,31
CDI;21/08/2018;2092,83
CDI;22/08/2018;2093,34
CDI;23/08/2018;2093,85
CDI;24/08/2018;2094,37
CDI;27/08/2018;2094,88
CDI;28/08/2018;2095,4
CDI;29/08/2018;2095,91
CDI;30/08/2018;2096,43
CDI;31/08/2018;2096,95
CDI;03/09/2018;2097,46
CDI;04/09/2018;2097,98
CDI;05/09/2018;2098,49
CDI;06/09/2018;2099,01
CDI;10/09/2018;2099,52
CDI;11/09/2018;2100,04
CDI;12/09/2018;2100,56
CDI;13/09/2018;2101,07
CDI;14/09/2018;2101,59
CDI;17/09/2018;2102,11
CDI;18/09/2018;2102,62
CDI;19/09/2018;2103,14
CDI;20/09/2018;2103,66
CDI;21/09/2018;2104,17
CDI;24/09/2018;2104,69
CDI;25/09/2018;2105,21
CDI;26/09/2018;2105,73
CDI;27/09/2018;2106,24
CDI;28/09/2018;2106,76
CDI;01/10/2018;2107,28
CDI;02/10/2018;2107,8
CDI;03/10/2018;2108,32
CDI;04/10/2018;2108,84
CDI;05/10/2018;2109,36
CDI;08/10/2018;2109,87
CDI;09/10/2018;2110,39
CDI;10/10/2018;2110,91
CDI;11/10/2018;2111,43
CDI;15/10/2018;2111,95
CDI;16/10/2018;2112,47
CDI;17/10/2018;2112,99
CDI;18/10/2018;2113,51
CDI;19/10/2018;2114,03
CDI;22/10/2018;2114,55
CDI;23/10/2018;2115,07
CDI;24/10/2018;2115,6
CDI;25/10/2018;2116,12
CDI;26/10/2018;2116,64
CDI;29/10/2018;2117,16
CDI;30/10/2018;2117,68
CDI;31/10/2018;2118,2
CDI;01/11/2018;2118,72
CDI;05/11/2018;2119,24
CDI;06/11/2018;2119,77
CDI;07/11/2018;2120,29
CDI;08/11/2018;2120,81
CDI;09/11/2018;2121,33
CDI;12/11/2018;2121,85
CDI;13/11/2018;2122,38
CDI;14/11/2018;2122,9
CDI;16/11/2018;2123,42
CDI;19/11/2018;2123,94
CDI;20/11/2018;2124,47
CDI;21/11/2018;2124,99
CDI;22/11/2018;2125,51
CDI;23/11/2018;2126,04
CDI;26/11/2018;2126,56
CDI;27/11/2018;2127,08
CDI;28/11/2018;2127,61
CDI;29/11/2018;2128,13
CDI;30/11/2018;2128,66
CDI;03/12/2018;2129,18
CDI;04/12/2018;2129,7
CDI;05/12/2018;2130,23
CDI;06/12/2018;2130,75
CDI;07/12/2018;2131,28
CDI;10/12/2018;2131,8
CDI;11/12/2018;2132,33
CDI;12/12/2018;2132,85
CDI;13/12/2018;2133,38
CDI;14/12/2018;2133,9
CDI;17/12/2018;2134,43
CDI;18/12/2018;2134,95
CDI;19/12/2018;2135,48
CDI;20/12/2018;2136
CDI;21/12/2018;2136,53
CDI;24/12/2018;2137,06
CDI;26/12/2018;2137,58
CDI;27/12/2018;2138,11
CDI;28/12/2018;2138,64
CDI;31/12/2018;2139,16
CDI;02/01/2019;2139,69
CDI;03/01/2019;2140,22
CDI;04/01/2019;2140,74
CDI;07/01/2019;2141,27
CDI;08/01/2019;2141,8
CDI;09/01/2019;2142,32
CDI;10/01/2019;2142,85
CDI;11/01/2019;2143,38
CDI;14/01/2019;2143,91
CDI;15/01/2019;2144,43
CDI;16/01/2019;2144,96
CDI;17/01/2019;2145,49
CDI;18/01/2019;2146,02
CDI;21/01/2019;2146,55
CDI;22/01/2019;2147,08
CDI;23/01/2019;2147,6
CDI;24/01/2019;2148,13
CDI;25/01/2019;2148,66
CDI;28/01/2019;2149,19
CDI;29/01/2019;2149,72
CDI;30/01/2019;2150,25
CDI;31/01/2019;2150,78
CDI;01/02/2019;2151,31
CDI;04/02/2019;2151,84
CDI;05/02/2019;2152,37
CDI;06/02/2019;2152,9
CDI;07/02/2019;2153,43
CDI;08/02/2019;2153,96
CDI;11/02/2019;2154,49
CDI;12/02/2019;2155,02
CDI;13/02/2019;2155,55
CDI;14/02/2019;2156,08
CDI;15/02/2019;2156,61
CDI;18/02/2019;2157,14
CDI;19/02/2019;2157,67
CDI;20/02/2019;2158,2
CDI;21/02/2019;2158,74
CDI;22/02/2019;2159,27
CDI;25/02/2019;2159,8
CDI;26/02/2019;2160,33
CDI;27/02/2019;2160,86
CDI;28/02/2019;2161,39
CDI;01/03/2019;2161,93
CDI;06/03/2019;2162,46
CDI;07/03/2019;2162,99
CDI;08/03/2019;2163,52
CDI;11/03/2019;2164,06
CDI;12/03/2019;2164,59
CDI;13/03/2019;2165,12
CDI;14/03/2019;2165,65
CDI;15/03/2019;2166,19
CDI;18/03/2019;2166,72
CDI;19/03/2019;2167,25
CDI;20/03/2019;2167,79
CDI;21/03/2019;2168,32
CDI;22/03/2019;2168,86
CDI;25/03/2019;2169,39
CDI;26/03/2019;2169,92
CDI;27/03/2019;2170,46
CDI;28/03/2019;2170,99
CDI;29/03/2019;2171,53
CDI;01/04/2019;2172,06
CDI;02/04/2019;2172,6
CDI;03/04/2019;2173,13
CDI;04/04/2019;2173,67
CDI;05/04/2019;2174,2
CDI;08/04/2019;2174,74
CDI;09/04/2019;2175,27
CDI;10/04/2019;2175,81
CDI;11/04/2019;2176,34
CDI;12/04/2019;2176,88
CDI;15/04/2019;2177,42
CDI;16/04/2019;2177,95
CDI;17/04/2019;2178,49
CDI;18/04/2019;2179,02
CDI;22/04/2019;2179,56
CDI;23/04/2019;2180,1
CDI;24/04/2019;2180,63
CDI;25/04/2019;2181,17
CDI;26/04/2019;2181,71
CDI;29/04/2019;2182,24
CDI;30/04/2019;2182,78
CDI;02/05/2019;2183,32
CDI;03/05/2019;2183,86
CDI;06/05/2019;2184,39
CDI;07/05/2019;2184,93
CDI;08/05/2019;2185,47
CDI;09/05/2019;2186,01
CDI;10/05/2019;2186,55
CDI;13/05/2019;2187,09
CDI;14/05/2019;2187,62
CDI;15/05/2019;2188,16
CDI;16/05/2019;2188,7
CDI;17/05/2019;2189,24
CDI;20/05/2019;2189,78
CDI;21/05/2019;2190,32
CDI;22/05/2019;2190,86
CDI;23/05/2019;2191,4
CDI;24/05/2019;2191,94
CDI;27/05/2019;2192,48
CDI;28/05/2019;2193,02
CDI;29/05/2019;2193,56
CDI;30/05/2019;2194,1
CDI;31/05/2019;2194,64
CDI;03/06/2019;2195,18
CDI;04/06/2019;2195,72
CDI;05/06/2019;2196,26
CDI;06/06/2019;2196,8
CDI;07/06/2019;2197,34
CDI;10/06/2019;2197,88
CDI;11/06/2019;2198,42
CDI;12/06/2019;2198,96
CDI;13/06/2019;2199,5
CDI;14/06/2019;2200,04
CDI;17/06/2019;2200,59
CDI;18/06/2019;2201,13
CDI;19/06/2019;2201,67
CDI;21/06/2019;2202,21
CDI;24/06/2019;2202,75
CDI;25/06/2019;2203,3
CDI;26/06/2019;2203,84
CDI;27/06/2019;2204,38
CDI;28/06/2019;2204,92
CDI;01/07/2019;2205,47
CDI;02/07/2019;2206,01
CDI;03/07/2019;2206,55
CDI;04/07/2019;2207,1
CDI;05/07/2019;2207,64
CDI;08/07/2019;2208,18
CDI;09/07/2019;2208,73
CDI;10/07/2019;2209,27
CDI;11/07/2019;2209,82
CDI;12/07/2019;2210,36
CDI;15/07/2019;2210,9
CDI;16/07/2019;2211,45
CDI;17/07/2019;2211,99
CDI;18/07/2019;2212,54
CDI;19/07/2019;2213,08
CDI;22/07/2019;2213,63
CDI;23/07/2019;2214,17
CDI;24/07/2019;2214,72
CDI;25/07/2019;2215,26
CDI;26/07/2019;2215,81
CDI;29/07/2019;2216,35
CDI;30/07/2019;2216,9
CDI;31/07/2019;2217,44
CDI;01/08/2019;2217,99
CDI;02/08/2019;2218,49
CDI;05/08/2019;2219
CDI;06/08/2019;2219,5
CDI;07/08/2019;2220,01
CDI;08/08/2019;2220,51
CDI;09/08/2019;2221,02
CDI;12/08/2019;2221,52
CDI;13/08/2019;2222,03
CDI;14/08/2019;2222,54
CDI;15/08/2019;2223,04
CDI;16/08/2019;2223,55
CDI;19/08/2019;2224,05
CDI;20/08/2019;2224,56
CDI;21/08/2019;2225,07
CDI;22/08/2019;2225,57
CDI;23/08/2019;2226,08
CDI;26/08/2019;2226,58
CDI;27/08/2019;2227,09
CDI;28/08/2019;2227,6
CDI;29/08/2019;2228,1
CDI;30/08/2019;2228,61
CDI;02/09/2019;2229,12
CDI;03/09/2019;2229,63
CDI;04/09/2019;2230,13
CDI;05/09/2019;2230,64
CDI;06/09/2019;2231,15
CDI;09/09/2019;2231,65
CDI;10/09/2019;2232,16
CDI;11/09/2019;2232,67
CDI;12/09/2019;2233,18
CDI;13/09/2019;2233,69
CDI;16/09/2019;2234,19
CDI;17/09/2019;2234,7
CDI;18/09/2019;2235,21
CDI;19/09/2019;2235,72
CDI;20/09/2019;2236,19
CDI;23/09/2019;2236,65
CDI;24/09/2019;2237,12
CDI;25/09/2019;2237,59
CDI;26/09/2019;2238,05
CDI;27/09/2019;2238,52
CDI;30/09/2019;2238,99
CDI;01/10/2019;2239,46
CDI;02/10/2019;2239,92
CDI;03/10/2019;2240,39
CDI;04/10/2019;2240,86
CDI;07/10/2019;2241,33
CDI;08/10/2019;2241,79
CDI;09/10/2019;2242,26
CDI;10/10/2019;2242,73
CDI;11/10/2019;2243,2
CDI;14/10/2019;2243,67
CDI;15/10/2019;2244,13
CDI;16/10/2019;2244,6
CDI;17/10/2019;2245,07
CDI;18/10/2019;2245,54
CDI;21/10/2019;2246,01
CDI;22/10/2019;2246,48
CDI;23/10/2019;2246,95
CDI;24/10/2019;2247,42
CDI;25/10/2019;2247,88
CDI;28/10/2019;2248,35
CDI;29/10/2019;2248,82
CDI;30/10/2019;2249,29
CDI;31/10/2019;2249,76
CDI;01/11/2019;2250,19
CDI;04/11/2019;2250,62
CDI;05/11/2019;2251,04
CDI;06/11/2019;2251,47
CDI;07/11/2019;2251,9
CDI;08/11/2019;2252,33
CDI;11/11/2019;2252,75
CDI;12/11/2019;2253,18
CDI;13/11/2019;2253,61
CDI;14/11/2019;2254,04
CDI;18/11/2019;2254,46
CDI;19/11/2019;2254,89
CDI;20/11/2019;2255,32
CDI;21/11/2019;2255,75
CDI;22/11/2019;2256,18
CDI;25/11/2019;2256,61
CDI;26/11/2019;2257,03
CDI;27/11/2019;2257,46
CDI;28/11/2019;2257,89
CDI;29/11/2019;2258,32
CDI;02/12/2019;2258,75
CDI;03/12/2019;2259,18
CDI;04/12/2019;2259,61
CDI;05/12/2019;2260,03
CDI;06/12/2019;2260,46
CDI;09/12/2019;2260,89
CDI;10/12/2019;2261,32
CDI;11/12/2019;2261,75
CDI;12/12/2019;2262,18
CDI;13/12/2019;2262,57
CDI;16/12/2019;2262,95
CDI;17/12/2019;2263,34
CDI;18/12/2019;2263,73
CDI;19/12/2019;2264,11
CDI;20/12/2019;2264,5
CDI;23/12/2019;2264,89
CDI;24/12/2019;2265,28
CDI;26/12/2019;2265,66
CDI;27/12/2019;2266,05
CDI;30/12/2019;2266,44
CDI;31/12/2019;2266,82
CDI;02/01/2020;2267,21
CDI;03/01/2020;2267,6
CDI;06/01/2020;2267,99
CDI;07/01/2020;2268,37
CDI;08/01/2020;2268,76
CDI;09/01/2020;2269,15
CDI;10/01/2020;2269,54
CDI;13/01/2020;2269,92
CDI;14/01/2020;2270,31
CDI;15/01/2020;2270,7
CDI;16/01/2020;2271,09
CDI;17/01/2020;2271,48
CDI;20/01/2020;2271,87
CDI;21/01/2020;2272,25
CDI;22/01/2020;2272,64
CDI;23/01/2020;2273,03
CDI;24/01/2020;2273,42
CDI;27/01/2020;2273,81
CDI;28/01/2020;2274,2
CDI;29/01/2020;2274,58
CDI;30/01/2020;2274,97
CDI;31/01/2020;2275,36
CDI;03/02/2020;2275,75
CDI;04/02/2020;2276,14
CDI;05/02/2020;2276,53
CDI;06/02/2020;2276,92
CDI;07/02/2020;2277,28
CDI;10/02/2020;2277,65
CDI;11/02/2020;2278,02
CDI;12/02/2020;2278,39
CDI;13/02/2020;2278,75
CDI;14/02/2020;2279,12
CDI;17/02/2020;2279,49
CDI;18/02/2020;2279,86
CDI;19/02/2020;2280,23
CDI;20/02/2020;2280,59
CDI;21/02/2020;2280,96
CDI;26/02/2020;2281,33
CDI;27/02/2020;2281,7
CDI;28/02/2020;2282,07
CDI;02/03/2020;2282,43
CDI;03/03/2020;2282,8
CDI;04/03/2020;2283,17
CDI;05/03/2020;2283,54
CDI;06/03/2020;2283,91
CDI;09/03/2020;2284,28
CDI;10/03/2020;2284,65
CDI;11/03/2020;2285,01
CDI;12/03/2020;2285,38
CDI;13/03/2020;2285,75
CDI;16/03/2020;2286,12
CDI;17/03/2020;2286,49
CDI;18/03/2020;2286,86
CDI;19/03/2020;2287,23
CDI;20/03/2020;2287,55
CDI;23/03/2020;2287,88
CDI;24/03/2020;2288,2
CDI;25/03/2020;2288,53
CDI;26/03/2020;2288,86
CDI;27/03/2020;2289,18
CDI;30/03/2020;2289,51
CDI;31/03/2020;2289,83
CDI;01/04/2020;2290,16
CDI;02/04/2020;2290,48
CDI;03/04/2020;2290,81
CDI;06/04/2020;2291,14
CDI;07/04/2020;2291,46
CDI;08/04/2020;2291,79
CDI;09/04/2020;2292,11
CDI;13/04/2020;2292,44
CDI;14/04/2020;2292,77
CDI;15/04/2020;2293,09
CDI;16/04/2020;2293,42
CDI;17/04/2020;2293,74
CDI;20/04/2020;2294,07
CDI;22/04/2020;2294,4
CDI;23/04/2020;2294,72
CDI;24/04/2020;2295,05
CDI;27/04/2020;2295,38
CDI;28/04/2020;2295,7
CDI;29/04/2020;2296,03
CDI;30/04/2020;2296,36
CDI;04/05/2020;2296,68
CDI;05/05/2020;2297,01
CDI;06/05/2020;2297,34
CDI;07/05/2020;2297,66
CDI;08/05/2020;2297,92
CDI;11/05/2020;2298,18
CDI;12/05/2020;2298,45
CDI;13/05/2020;2298,71
CDI;14/05/2020;2298,97
CDI;15/05/2020;2299,23
CDI;18/05/2020;2299,49
CDI;19/05/2020;2299,75
CDI;20/05/2020;2300,01
CDI;21/05/2020;2300,27
CDI;22/05/2020;2300,53
CDI;25/05/2020;2300,79
CDI;26/05/2020;2301,05
CDI;27/05/2020;2301,32
CDI;28/05/2020;2301,58
CDI;29/05/2020;2301,84
CDI;01/06/2020;2302,1
CDI;02/06/2020;2302,36
CDI;03/06/2020;2302,62
CDI;04/06/2020;2302,88
CDI;05/06/2020;2303,14
CDI;08/06/2020;2303,41
CDI;09/06/2020;2303,67
CDI;10/06/2020;2303,93
CDI;12/06/2020;2304,19
CDI;15/06/2020;2304,45
CDI;16/06/2020;2304,71
CDI;17/06/2020;2304,97
CDI;18/06/2020;2305,23
CDI;19/06/2020;2305,43
CDI;22/06/2020;2305,62
CDI;23/06/2020;2305,82
CDI;24/06/2020;2306,01
CDI;25/06/2020;2306,21
CDI;26/06/2020;2306,4
CDI;29/06/2020;2306,6
CDI;30/06/2020;2306,79
CDI;01/07/2020;2306,99
CDI;02/07/2020;2307,18
CDI;03/07/2020;2307,38
CDI;06/07/2020;2307,57
CDI;07/07/2020;2307,77
CDI;08/07/2020;2307,96
CDI;09/07/2020;2308,16
CDI;10/07/2020;2308,35
CDI;13/07/2020;2308,55
CDI;14/07/2020;2308,74
CDI;15/07/2020;2308,94
CDI;16/07/2020;2309,13
CDI;17/07/2020;2309,33
CDI;20/07/2020;2309,52
CDI;21/07/2020;2309,71
CDI;22/07/2020;2309,91
CDI;23/07/2020;2310,1
CDI;24/07/2020;2310,3
CDI;27/07/2020;2310,49
CDI;28/07/2020;2310,69
CDI;29/07/2020;2310,89
CDI;30/07/2020;2311,08
CDI;31/07/2020;2311,28
CDI;03/08/2020;2311,47
CDI;04/08/2020;2311,67
CDI;05/08/2020;2311,86
CDI;06/08/2020;2312,06
CDI;07/08/2020;2312,23
CDI;10/08/2020;2312,4
CDI;11/08/2020;2312,57
CDI;12/08/2020;2312,75
CDI;13/08/2020;2312,92
CDI;14/08/2020;2313,09
CDI;17/08/2020;2313,26
CDI;18/08/2020;2313,44
CDI;19/08/2020;2313,61
CDI;20/08/2020;2313,78
CDI;21/08/2020;2313,96
CDI;24/08/2020;2314,13
CDI;25/08/2020;2314,3
CDI;26/08/2020;2314,47
CDI;27/08/2020;2314,65
CDI;28/08/2020;2314,82
CDI;31/08/2020;2314,99
CDI;01/09/2020;2315,17
CDI;02/09/2020;2315,34
CDI;03/09/2020;2315,51
CDI;04/09/2020;2315,69
CDI;08/09/2020;2315,86
CDI;09/09/2020;2316,03
CDI;10/09/2020;2316,2
CDI;11/09/2020;2316,38
CDI;14/09/2020;2316,55
CDI;15/09/2020;2316,72
CDI;16/09/2020;2316,9
CDI;17/09/2020;2317,07
CDI;18/09/2020;2317,24
CDI;21/09/2020;2317,42
CDI;22/09/2020;2317,59
CDI;23/09/2020;2317,76
CDI;24/09/2020;2317,93
CDI;25/09/2020;2318,11
CDI;28/09/2020;2318,28
CDI;29/09/2020;2318,45
CDI;30/09/2020;2318,63
CDI;01/10/2020;2318,8
CDI;02/10/2020;2318,97
CDI;05/10/2020;2319,15
CDI;06/10/2020;2319,32
CDI;07/10/2020;2319,49
CDI;08/10/2020;2319,67
CDI;09/10/2020;2319,84
CDI;13/10/2020;2320,01
CDI;14/10/2020;2320,19
CDI;15/10/2020;2320,36
CDI;16/10/2020;2320,53
CDI;19/10/2020;2320,71
CDI;20/10/2020;2320,88
CDI;21/10/2020;2321,05
CDI;22/10/2020;2321,23
CDI;23/10/2020;2321,4
CDI;26/10/2020;2321,57
CDI;27/10/2020;2321,75
CDI;28/10/2020;2321,92
CDI;29/10/2020;2322,09
CDI;30/10/2020;2322,27
CDI;03/11/2020;2322,44
CDI;04/11/2020;2322,61
CDI;05/11/2020;2322,79
CDI;06/11/2020;2322,96
CDI;09/11/2020;2323,13
CDI;10/11/2020;2323,31
CDI;11/11/2020;2323,48
CDI;12/11/2020;2323,65
CDI;13/11/2020;2323,83
CDI;16/11/2020;2324
CDI;17/11/2020;2324,18
CDI;18/11/2020;2324,35
CDI;19/11/2020;2324,52
CDI;20/11/2020;2324,7
CDI;23/11/2020;2324,87
CDI;24/11/2020;2325,04
CDI;25/11/2020;2325,22
CDI;26/11/2020;2325,39
CDI;27/11/2020;2325,56
CDI;30/11/2020;2325,74
CDI;01/12/2020;2325,91
CDI;02/12/2020;2326,09
CDI;03/12/2020;2326,26
CDI;04/12/2020;2326,43
CDI;07/12/2020;2326,61
CDI;08/12/2020;2326,78
CDI;09/12/2020;2326,95
CDI;10/12/2020;2327,13
CDI;11/12/2020;2327,3
CDI;14/12/2020;2327,48
CDI;15/12/2020;2327,65
CDI;16/12/2020;2327,82
CDI;17/12/2020;2328
CDI;18/12/2020;2328,17
CDI;21/12/2020;2328,35
CDI;22/12/2020;2328,52
CDI;23/12/2020;2328,69
CDI;24/12/2020;2328,87
CDI;28/12/2020;2329,04
CDI;29/12/2020;2329,22
CDI;30/12/2020;2329,39
CDI;31/12/2020;2329,56
CDI;04/01/2021;2329,74
CDI;05/01/2021;2329,91
CDI;06/01/2021;2330,09
CDI;07/01/2021;2330,26
CDI;08/01/2021;2330,43
CDI;11/01/2021;2330,61
CDI;12/01/2021;2330,78
CDI;13/01/2021;2330,96
CDI;14/01/2021;2331,13
CDI;15/01/2021;2331,3
CDI;18/01/2021;2331,48
CDI;19/01/2021;2331,65
CDI;20/01/2021;2331,83
CDI;21/01/2021;2332
CDI;22/01/2021;2332,17
CDI;25/01/2021;2332,35
CDI;26/01/2021;2332,52
CDI;27/01/2021;2332,7
CDI;28/01/2021;2332,87
CDI;29/01/2021;2333,05
CDI;01/02/2021;2333,22
CDI;02/02/2021;2333,39
CDI;03/02/2021;2333,57
CDI;04/02/2021;2333,74
CDI;05/02/2021;2333,92
CDI;08/02/2021;2334,09
CDI;09/02/2021;2334,27
CDI;10/02/2021;2334,44
CDI;11/02/2021;2334,61
CDI;12/02/2021;2334,79
CDI;17/02/2021;2334,96
CDI;18/02/2021;2335,14
CDI;19/02/2021;2335,31
CDI;22/02/2021;2335,49
CDI;23/02/2021;2335,66
CDI;24/02/2021;2335,84
CDI;25/02/2021;2336,01
CDI;26/02/2021;2336,18
CDI;01/03/2021;2336,36
CDI;02/03/2021;2336,53
CDI;03/03/2021;2336,71
CDI;04/03/2021;2336,88
CDI;05/03/2021;2337,06
CDI;08/03/2021;2337,23
CDI;09/03/2021;2337,41
CDI;10/03/2021;2337,58
CDI;11/03/2021;2337,76
CDI;12/03/2021;2337,93
CDI;15/03/2021;2338,1
CDI;16/03/2021;2338,28
CDI;17/03/2021;2338,45
CDI;18/03/2021;2338,63
CDI;19/03/2021;2338,87
CDI;22/03/2021;2339,11
CDI;23/03/2021;2339,36
CDI;24/03/2021;2339,6
CDI;25/03/2021;2339,84
CDI;26/03/2021;2340,09
CDI;29/03/2021;2340,33
CDI;30/03/2021;2340,57
CDI;31/03/2021;2340,81
CDI;01/04/2021;2341,06
CDI;05/04/2021;2341,3
CDI;06/04/2021;2341,54
CDI;07/04/2021;2341,79
CDI;08/04/2021;2342,03
CDI;09/04/2021;2342,27
CDI;12/04/2021;2342,52
CDI;13/04/2021;2342,76
CDI;14/04/2021;2343
CDI;15/04/2021;2343,24
CDI;16/04/2021;2343,49
CDI;19/04/2021;2343,73
CDI;20/04/2021;2343,97
CDI;22/04/2021;2344,22
CDI;23/04/2021;2344,46
CDI;26/04/2021;2344,7
CDI;27/04/2021;2344,95
CDI;28/04/2021;2345,19
CDI;29/04/2021;2345,43
CDI;30/04/2021;2345,68
CDI;03/05/2021;2345,92
CDI;04/05/2021;2346,16
CDI;05/05/2021;2346,41
CDI;06/05/2021;2346,65
CDI;07/05/2021;2346,96
CDI;10/05/2021;2347,27
CDI;11/05/2021;2347,59
CDI;12/05/2021;2347,9
CDI;13/05/2021;2348,21
CDI;14/05/2021;2348,52
CDI;17/05/2021;2348,83
CDI;18/05/2021;2349,14
CDI;19/05/2021;2349,46
CDI;20/05/2021;2349,77
CDI;21/05/2021;2350,08
CDI;24/05/2021;2350,39
CDI;25/05/2021;2350,7
CDI;26/05/2021;2351,01
CDI;27/05/2021;2351,33
CDI;28/05/2021;2351,64
CDI;31/05/2021;2351,95
CDI;01/06/2021;2352,26
CDI;02/06/2021;2352,58
CDI;04/06/2021;2352,89
CDI;07/06/2021;2353,2
CDI;08/06/2021;2353,51
CDI;09/06/2021;2353,82
CDI;10/06/2021;2354,14
CDI;11/06/2021;2354,45
CDI;14/06/2021;2354,76
CDI;15/06/2021;2355,07
CDI;16/06/2021;2355,39
CDI;17/06/2021;2355,7
CDI;18/06/2021;2356,08
CDI;21/06/2021;2356,46
CDI;22/06/2021;2356,84
CDI;23/06/2021;2357,22
CDI;24/06/2021;2357,6
CDI;25/06/2021;2357,98
CDI;28/06/2021;2358,36
CDI;29/06/2021;2358,74
CDI;30/06/2021;2359,12
CDI;01/07/2021;2359,5
CDI;02/07/2021;2359,88
CDI;05/07/2021;2360,26
CDI;06/07/2021;2360,65
CDI;07/07/2021;2361,03
CDI;08/07/2021;2361,41
CDI;09/07/2021;2361,79
CDI;12/07/2021;2362,17
CDI;13/07/2021;2362,55
CDI;14/07/2021;2362,93
CDI;15/07/2021;2363,31
CDI;16/07/2021;2363,69
CDI;19/07/2021;2364,08
CDI;20/07/2021;2364,46
CDI;21/07/2021;2364,84
CDI;22/07/2021;2365,22
CDI;23/07/2021;2365,6
CDI;26/07/2021;2365,98
CDI;27/07/2021;2366,37
CDI;28/07/2021;2366,75
CDI;29/07/2021;2367,13
CDI;30/07/2021;2367,51
CDI;02/08/2021;2367,89
CDI;03/08/2021;2368,28
CDI;04/08/2021;2368,66
CDI;05/08/2021;2369,04
CDI;06/08/2021;2369,51
CDI;09/08/2021;2369,98
CDI;10/08/2021;2370,46
CDI;11/08/2021;2370,93
CDI;12/08/2021;2371,4
CDI;13/08/2021;2371,87
CDI;16/08/2021;2372,35
CDI;17/08/2021;2372,82
CDI;18/08/2021;2373,29
CDI;19/08/2021;2373,77
CDI;20/08/2021;2374,24
CDI;23/08/2021;2374,71
CDI;24/08/2021;2375,19
CDI;25/08/2021;2375,66
CDI;26/08/2021;2376,13
CDI;27/08/2021;2376,61
CDI;30/08/2021;2377,08
CDI;31/08/2021;2377,55
CDI;01/09/2021;2378,03
CDI;02/09/2021;2378,5
CDI;03/09/2021;2378,97
CDI;06/09/2021;2379,45
CDI;08/09/2021;2379,92
CDI;09/09/2021;2380,4
CDI;10/09/2021;2380,87
CDI;13/09/2021;2381,35
CDI;14/09/2021;2381,82
CDI;15/09/2021;2382,3
CDI;16/09/2021;2382,77
CDI;17/09/2021;2383,25
CDI;20/09/2021;2383,72
CDI;21/09/2021;2384,2
CDI;22/09/2021;2384,67
CDI;23/09/2021;2385,15
CDI;24/09/2021;2385,71
CDI;27/09/2021;2386,28
CDI;28/09/2021;2386,84
CDI;29/09/2021;2387,41
CDI;30/09/2021;2387,97
CDI;01/10/2021;2388,54
CDI;04/10/2021;2389,1
CDI;05/10/2021;2389,67
CDI;06/10/2021;2390,24
CDI;07/10/2021;2390,8
CDI;08/10/2021;2391,37
CDI;11/10/2021;2391,93
CDI;13/10/2021;2392,5
CDI;14/10/2021;2393,07
CDI;15/10/2021;2393,63
CDI;18/10/2021;2394,2
CDI;19/10/2021;2394,77
CDI;20/10/2021;2395,34
CDI;21/10/2021;2395,9
CDI;22/10/2021;2396,47
CDI;25/10/2021;2397,04
CDI;26/10/2021;2397,61
CDI;27/10/2021;2398,17
CDI;28/10/2021;2398,74
CDI;29/10/2021;2399,44
CDI;01/11/2021;2400,15
CDI;03/11/2021;2400,85
CDI;04/11/2021;2401,55
CDI;05/11/2021;2402,25
CDI;08/11/2021;2402,96
CDI;09/11/2021;2403,66
CDI;10/11/2021;2404,36
CDI;11/11/2021;2405,07
CDI;12/11/2021;2405,77
CDI;16/11/2021;2406,47
CDI;17/11/2021;2407,18
CDI;18/11/2021;2407,88
CDI;19/11/2021;2408,59
CDI;22/11/2021;2409,29
CDI;23/11/2021;2409,99
CDI;24/11/2021;2410,7
CDI;25/11/2021;2411,41
CDI;26/11/2021;2412,11
CDI;29/11/2021;2412,82
CDI;30/11/2021;2413,52
CDI;01/12/2021;2414,23
CDI;02/12/2021;2414,93
CDI;03/12/2021;2415,64
CDI;06/12/2021;2416,35
CDI;07/12/2021;2417,05
CDI;08/12/2021;2417,76
CDI;09/12/2021;2418,47
CDI;10/12/2021;2419,31
CDI;13/12/2021;2420,15
CDI;14/12/2021;2420,99
CDI;15/12/2021;2421,83
CDI;16/12/2021;2422,67
CDI;17/12/2021;2423,52
CDI;20/12/2021;2424,36
CDI;21/12/2021;2425,2
CDI;22/12/2021;2426,04
CDI;23/12/2021;2426,89
CDI;24/12/2021;2427,73
CDI;27/12/2021;2428,57
CDI;28/12/2021;2429,42
CDI;29/12/2021;2430,26
CDI;30/12/2021;2431,11
CDI;31/12/2021;2431,95
CDI;03/01/2022;2432,8
CDI;04/01/2022;2433,64
CDI;05/01/2022;2434,49
CDI;06/01/2022;2435,33
CDI;07/01/2022;2436,18
CDI;10/01/2022;2437,03
CDI;11/01/2022;2437,87
CDI;12/01/2022;2438,72
CDI;13/01/2022;2439,57
CDI;14/01/2022;2440,41
CDI;17/01/2022;2441,26
CDI;18/01/2022;2442,11
CDI;19/01/2022;2442,96
CDI;20/01/2022;2443,81
CDI;21/01/2022;2444,66
CDI;24/01/2022;2445,51
CDI;25/01/2022;2446,36
CDI;26/01/2022;2447,21
CDI;27/01/2022;2448,06
CDI;28/01/2022;2448,91
CDI;31/01/2022;2449,76
CDI;01/02/2022;2450,61
CDI;02/02/2022;2451,46
CDI;03/02/2022;2452,31
CDI;04/02/2022;2453,3
CDI;07/02/2022;2454,28
CDI;08/02/2022;2455,27
CDI;09/02/2022;2456,26
CDI;10/02/2022;2457,24
CDI;11/02/2022;2458,23
CDI;14/02/2022;2459,22
CDI;15/02/2022;2460,21
CDI;16/02/2022;2461,19
CDI;17/02/2022;2462,18
CDI;18/02/2022;2463,17
CDI;21/02/2022;2464,16
CDI;22/02/2022;2465,15
CDI;23/02/2022;2466,14
CDI;24/02/2022;2467,13
CDI;25/02/2022;2468,12
CDI;02/03/2022;2469,11
CDI;03/03/2022;2470,11
CDI;04/03/2022;2471,1
CDI;07/03/2022;2472,09
CDI;08/03/2022;2473,08
CDI;09/03/2022;2474,08
CDI;10/03/2022;2475,07
CDI;11/03/2022;2476,06
CDI;14/03/2022;2477,06
CDI;15/03/2022;2478,05
CDI;16/03/2022;2479,05
CDI;17/03/2022;2480,05
CDI;18/03/2022;2481,13
CDI;21/03/2022;2482,22
CDI;22/03/2022;2483,3
CDI;23/03/2022;2484,39
CDI;24/03/2022;2485,47
CDI;25/03/2022;2486,56
CDI;28/03/2022;2487,65
CDI;29/03/2022;2488,74
CDI;30/03/2022;2489,83
CDI;31/03/2022;2490,91
CDI;01/04/2022;2492
CDI;04/04/2022;2493,09
CDI;05/04/2022;2494,18
CDI;06/04/2022;2495,27
CDI;07/04/2022;2496,37
CDI;08/04/2022;2497,46
CDI;11/04/2022;2498,55
CDI;12/04/2022;2499,64
CDI;13/04/2022;2500,74
CDI;14/04/2022;2501,83
CDI;18/04/2022;2502,92
CDI;19/04/2022;2504,02
CDI;20/04/2022;2505,11
CDI;22/04/2022;2506,21
CDI;25/04/2022;2507,31
CDI;26/04/2022;2508,4
CDI;27/04/2022;2509,5
CDI;28/04/2022;2510,6
CDI;29/04/2022;2511,7
CDI;02/05/2022;2512,79
CDI;03/05/2022;2513,89
CDI;04/05/2022;2514,99
CDI;05/05/2022;2516,09
CDI;06/05/2022;2517,28
CDI;09/05/2022;2518,47
CDI;10/05/2022;2519,66
CDI;11/05/2022;2520,86
CDI;12/05/2022;2522,05
CDI;13/05/2022;2523,24
CDI;16/05/2022;2524,43
CDI;17/05/2022;2525,63
CDI;18/05/2022;2526,82
CDI;19/05/2022;2528,01
CDI;20/05/2022;2529,21
CDI;23/05/2022;2530,41
CDI;24/05/2022;2531,6
CDI;25/05/2022;2532,8
CDI;26/05/2022;2534
CDI;27/05/2022;2535,19
CDI;30/05/2022;2536,39
CDI;31/05/2022;2537,59
CDI;01/06/2022;2538,79
CDI;02/06/2022;2539,99
CDI;03/06/2022;2541,19
CDI;06/06/2022;2542,39
CDI;07/06/2022;2543,6
CDI;08/06/2022;2544,8
CDI;09/06/2022;2546
CDI;10/06/2022;2547,21
CDI;13/06/2022;2548,41
CDI;14/06/2022;2549,62
CDI;15/06/2022;2550,82
CDI;17/06/2022;2552,03
CDI;20/06/2022;2553,28
CDI;21/06/2022;2554,53
CDI;22/06/2022;2555,78
CDI;23/06/2022;2557,04
CDI;24/06/2022;2558,29
CDI;27/06/2022;2559,55
CDI;28/06/2022;2560,8
CDI;29/06/2022;2562,06
CDI;30/06/2022;2563,31
CDI;01/07/2022;2564,57
CDI;04/07/2022;2565,83
CDI;05/07/2022;2567,09
CDI;06/07/2022;2568,34
CDI;07/07/2022;2569,6
CDI;08/07/2022;2570,86
CDI;11/07/2022;2572,12
CDI;12/07/2022;2573,39
CDI;13/07/2022;2574,65
CDI;14/07/2022;2575,91
CDI;15/07/2022;2577,17
CDI;18/07/2022;2578,44
CDI;19/07/2022;2579,7
CDI;20/07/2022;2580,97
CDI;21/07/2022;2582,23
CDI;22/07/2022;2583,5
CDI;25/07/2022;2584,77
CDI;26/07/2022;2586,03
CDI;27/07/2022;2587,3
CDI;28/07/2022;2588,57
CDI;29/07/2022;2589,84
CDI;01/08/2022;2591,11
CDI;02/08/2022;2592,38
CDI;03/08/2022;2593,65
CDI;04/08/2022;2594,92
CDI;05/08/2022;2596,24
CDI;08/08/2022;2597,56
CDI;09/08/2022;2598,88
CDI;10/08/2022;2600,2
CDI;11/08/2022;2601,52
CDI;12/08/2022;2602,84
CDI;15/08/2022;2604,16
CDI;16/08/2022;2605,48
CDI;17/08/2022;2606,81
CDI;18/08/2022;2608,13
CDI;19/08/2022;2609,46
CDI;22/08/2022;2610,78
CDI;23/08/2022;2612,11
CDI;24/08/2022;2613,43
CDI;25/08/2022;2614,76
CDI;26/08/2022;2616,09
CDI;29/08/2022;2617,42
CDI;30/08/2022;2618,75
CDI;31/08/2022;2620,08
CDI;01/09/2022;2621,41
CDI;02/09/2022;2622,74
CDI;05/09/2022;2624,07
CDI;06/09/2022;2625,4
CDI;08/09/2022;2626,74
CDI;09/09/2022;2628,07
CDI;12/09/2022;2629,41
CDI;13/09/2022;2630,74
CDI;14/09/2022;2632,08
CDI;15/09/2022;2633,41
CDI;16/09/2022;2634,75
CDI;19/09/2022;2636,09
CDI;20/09/2022;2637,43
CDI;21/09/2022;2638,77
CDI;22/09/2022;2640,11
CDI;23/09/2022;2641,45
CDI;26/09/2022;2642,79
CDI;27/09/2022;2644,13
CDI;28/09/2022;2645,48
CDI;29/09/2022;2646,82
CDI;30/09/2022;2648,16
CDI;03/10/2022;2649,51
CDI;04/10/2022;2650,85
CDI;05/10/2022;2652,2
CDI;06/10/2022;2653,55
CDI;07/10/2022;2654,9
CDI;10/10/2022;2656,24
CDI;11/10/2022;2657,59
CDI;13/10/2022;2658,94
CDI;14/10/2022;2660,29
CDI;17/10/2022;2661,64
CDI;18/10/2022;2663
CDI;19/10/2022;2664,35
CDI;20/10/2022;2665,7
CDI;21/10/2022;2667,06
CDI;24/10/2022;2668,41
CDI;25/10/2022;2669,77
CDI;26/10/2022;2671,12
CDI;27/10/2022;2672,48
CDI;28/10/2022;2673,84
CDI;31/10/2022;2675,19
CDI;01/11/2022;2676,55
CDI;03/11/2022;2677,91
CDI;04/11/2022;2679,27
CDI;07/11/2022;2680,63
CDI;08/11/2022;2681,99
CDI;09/11/2022;2683,36
CDI;10/11/2022;2684,72
CDI;11/11/2022;2686,08
CDI;14/11/2022;2687,45
CDI;16/11/2022;2688,81
CDI;17/11/2022;2690,18
CDI;18/11/2022;2691,54
CDI;21/11/2022;2692,91
CDI;22/11/2022;2694,28
CDI;23/11/2022;2695,65
CDI;24/11/2022;2697,02
CDI;25/11/2022;2698,39
CDI;28/11/2022;2699,76
CDI;29/11/2022;2701,13
CDI;30/11/2022;2702,5
CDI;01/12/2022;2703,87
CDI;02/12/2022;2705,24
CDI;05/12/2022;2706,62
CDI;06/12/2022;2707,99
CDI;07/12/2022;2709,37
CDI;08/12/2022;2710,74
CDI;09/12/2022;2712,12
CDI;12/12/2022;2713,5
CDI;13/12/2022;2714,88
CDI;14/12/2022;2716,26
CDI;15/12/2022;2717,64
CDI;16/12/2022;2719,02
CDI;19/12/2022;2720,4
CDI;20/12/2022;2721,78
CDI;21/12/2022;2723,16
CDI;22/12/2022;2724,54
CDI;23/12/2022;2725,93
CDI;26/12/2022;2727,31
CDI;27/12/2022;2728,7
CDI;28/12/2022;2730,08
CDI;29/12/2022;2731,47
CDI;30/12/2022;2732,86
CDI;02/01/2023;2734,24
CDI;03/01/2023;2735,63
CDI;04/01/2023;2737,02
CDI;05/01/2023;2738,41
CDI;06/01/2023;2739,8
CDI;09/01/2023;2741,19
CDI;10/01/2023;2742,59
CDI;11/01/2023;2743,98
CDI;12/01/2023;2745,37
CDI;13/01/2023;2746,77
CDI;16/01/2023;2748,16
CDI;17/01/2023;2749,56
CDI;18/01/2023;2750,95
CDI;19/01/2023;2752,35
CDI;20/01/2023;2753,75
CDI;23/01/2023;2755,15
CDI;24/01/2023;2756,55
CDI;25/01/2023;2757,95
CDI;26/01/2023;2759,35
CDI;27/01/2023;2760,75
CDI;30/01/2023;2762,15
CDI;31/01/2023;2763,55
CDI;01/02/2023;2764,96
CDI;02/02/2023;2766,36
CDI;03/02/2023;2767,77
CDI;06/02/2023;2769,17
CDI;07/02/2023;2770,58
CDI;08/02/2023;2771,99
CDI;09/02/2023;2773,39
CDI;10/02/2023;2774,8
CDI;13/02/2023;2776,21
CDI;14/02/2023;2777,62
CDI;15/02/2023;2779,03
CDI;16/02/2023;2780,44
CDI;17/02/2023;2781,86
CDI;22/02/2023;2783,27
CDI;23/02/2023;2784,68
CDI;24/02/2023;2786,1
CDI;27/02/2023;2787,51
CDI;28/02/2023;2788,93
CDI;01/03/2023;2790,34
CDI;02/03/2023;2791,76
CDI;03/03/2023;2793,18
CDI;06/03/2023;2794,6
CDI;07/03/2023;2796,02
CDI;08/03/2023;2797,44
CDI;09/03/2023;2798,86
CDI;10/03/2023;2800,28
CDI;13/03/2023;2801,7
CDI;14/03/2023;2803,12
CDI;15/03/2023;2804,55
CDI;16/03/2023;2805,97
CDI;17/03/2023;2807,4
CDI;20/03/2023;2808,82
CDI;21/03/2023;2810,25
CDI;22/03/2023;2811,68
CDI;23/03/2023;2813,11
CDI;24/03/2023;2814,53
CDI;27/03/2023;2815,96
CDI;28/03/2023;2817,39
CDI;29/03/2023;2818,82
CDI;30/03/2023;2820,26
CDI;31/03/2023;2821,69
CDI;03/04/2023;2823,12
CDI;04/04/2023;2824,56
CDI;05/04/2023;2825,99
CDI;06/04/2023;2827,43
CDI;10/04/2023;2828,86
CDI;11/04/2023;2830,3
CDI;12/04/2023;2831,74
CDI;13/04/2023;2833,17
CDI;14/04/2023;2834,61
CDI;17/04/2023;2836,05
CDI;18/04/2023;2837,49
CDI;19/04/2023;2838,93
CDI;20/04/2023;2840,38
CDI;24/04/2023;2841,82
CDI;25/04/2023;2843,26
CDI;26/04/2023;2844,71
CDI;27/04/2023;2846,15
CDI;28/04/2023;2847,6
CDI;02/05/2023;2849,04
CDI;03/05/2023;2850,49
CDI;04/05/2023;2851,94
CDI;05/05/2023;2853,39
CDI;08/05/2023;2854,83
CDI;09/05/2023;2856,28
CDI;10/05/2023;2857,74
CDI;11/05/2023;2859,19
CDI;12/05/2023;2860,64
CDI;15/05/2023;2862,09
CDI;16/05/2023;2863,55
CDI;17/05/2023;2865
CDI;18/05/2023;2866,45
CDI;19/05/2023;2867,91
CDI;22/05/2023;2869,37
CDI;23/05/2023;2870,82
CDI;24/05/2023;2872,28
CDI;25/05/2023;2873,74
CDI;26/05/2023;2875,2
CDI;29/05/2023;2876,66
CDI;30/05/2023;2878,12
CDI;31/05/2023;2879,58
CDI;01/06/2023;2881,05
CDI;02/06/2023;2882,51
CDI;05/06/2023;2883,97
CDI;06/06/2023;2885,44
CDI;07/06/2023;2886,9
CDI;09/06/2023;2888,37
CDI;12/06/2023;2889,84
CDI;13/06/2023;2891,3
CDI;14/06/2023;2892,77
CDI;15/06/2023;2894,24
CDI;16/06/2023;2895,71
CDI;19/06/2023;2897,18
CDI;20/06/2023;2898,65
CDI;21/06/2023;2900,13
CDI;22/06/2023;2901,6
CDI;23/06/2023;2903,07
CDI;26/06/2023;2904,55
CDI;27/06/2023;2906,02
CDI;28/06/2023;2907,5
CDI;29/06/2023;2908,97
CDI;30/06/2023;2910,45
CDI;03/07/2023;2911,93
CDI;04/07/2023;2913,41
CDI;05/07/2023;2914,89
CDI;06/07/2023;2916,37
CDI;07/07/2023;2917,85
CDI;10/07/2023;2919,33
CDI;11/07/2023;2920,82
CDI;12/07/2023;2922,3
CDI;13/07/2023;2923,78
CDI;14/07/2023;2925,27
CDI;17/07/2023;2926,75
CDI;18/07/2023;2928,24
CDI;19/07/2023;2929,73
CDI;20/07/2023;2931,21
CDI;21/07/2023;2932,7
CDI;24/07/2023;2934,19
CDI;25/07/2023;2935,68
CDI;26/07/2023;2937,17
CDI;27/07/2023;2938,67
CDI;28/07/2023;2940,16
CDI;31/07/2023;2941,65
CDI;01/08/2023;2943,15
CDI;02/08/2023;2944,64
CDI;03/08/2023;2946,14
CDI;04/08/2023;2947,58
CDI;07/08/2023;2949,03
CDI;08/08/2023;2950,47
CDI;09/08/2023;2951,92
CDI;10/08/2023;2953,37
CDI;11/08/2023;2954,81
CDI;14/08/2023;2956,26
CDI;15/08/2023;2957,71
CDI;16/08/2023;2959,16
CDI;17/08/2023;2960,62
CDI;18/08/2023;2962,07
CDI;21/08/2023;2963,52
CDI;22/08/2023;2964,97
CDI;23/08/2023;2966,43
CDI;24/08/2023;2967,88
CDI;25/08/2023;2969,34
CDI;28/08/2023;2970,79
CDI;29/08/2023;2972,25
CDI;30/08/2023;2973,71
CDI;31/08/2023;2975,17
CDI;01/09/2023;2976,62
CDI;04/09/2023;2978,08
CDI;05/09/2023;2979,54
CDI;06/09/2023;2981,01
CDI;08/09/2023;2982,47
CDI;11/09/2023;2983,93
CDI;12/09/2023;2985,39
CDI;13/09/2023;2986,86
CDI;14/09/2023;2988,32
CDI;15/09/2023;2989,79
CDI;18/09/2023;2991,25
CDI;19/09/2023;2992,72
CDI;20/09/2023;2994,19
CDI;21/09/2023;2995,66
CDI;22/09/2023;2997,07
CDI;25/09/2023;2998,49
CDI;26/09/2023;2999,91
CDI;27/09/2023;3001,33
CDI;28/09/2023;3002,74
CDI;29/09/2023;3004,16
CDI;02/10/2023;3005,58
CDI;03/10/2023;3007,01
CDI;04/10/2023;3008,43
CDI;05/10/2023;3009,85
CDI;06/10/2023;3011,27
CDI;09/10/2023;3012,7
CDI;10/10/2023;3014,12
CDI;11/10/2023;3015,55
CDI;13/10/2023;3016,97
CDI;16/10/2023;3018,4
CDI;17/10/2023;3019,82
CDI;18/10/2023;3021,25
CDI;19/10/2023;3022,68
CDI;20/10/2023;3024,11
CDI;23/10/2023;3025,54
CDI;24/10/2023;3026,97
CDI;25/10/2023;3028,4
CDI;26/10/2023;3029,83
CDI;27/10/2023;3031,27
CDI;30/10/2023;3032,7
CDI;31/10/2023;3034,13
CDI;01/11/2023;3035,57
CDI;03/11/2023;3037
CDI;06/11/2023;3038,38
CDI;07/11/2023;3039,77
CDI;08/11/2023;3041,15
CDI;09/11/2023;3042,53
CDI;10/11/2023;3043,92
CDI;13/11/2023;3045,31
CDI;14/11/2023;3046,69
CDI;16/11/2023;3048,08
CDI;17/11/2023;3049,46
CDI;20/11/2023;3050,85
CDI;21/11/2023;3052,24
CDI;22/11/2023;3053,63
CDI;23/11/2023;3055,02
CDI;24/11/2023;3056,41
CDI;27/11/2023;3057,8
CDI;28/11/2023;3059,19
CDI;29/11/2023;3060,59
CDI;30/11/2023;3061,98
CDI;01/12/2023;3063,37
CDI;04/12/2023;3064,77
CDI;05/12/2023;3066,16
CDI;06/12/2023;3067,56
CDI;07/12/2023;3068,95
CDI;08/12/2023;3070,35
CDI;11/12/2023;3071,75
CDI;12/12/2023;3073,15
CDI;13/12/2023;3074,54
CDI;14/12/2023;3075,94
CDI;15/12/2023;3077,29
CDI;18/12/2023;3078,63
CDI;19/12/2023;3079,98
CDI;20/12/2023;3081,33
CDI;21/12/2023;3082,68
Ibovespa;30/12/1996;7040
Ibovespa;31/12/1996;7040
Ibovespa;02/01/1997;6956
Ibovespa;03/01/1997;6998
Ibovespa;06/01/1997;7160
Ibovespa;07/01/1997;7297
Ibovespa;08/01/1997;7427
Ibovespa;09/01/1997;7454
Ibovespa;10/01/1997;7478
Ibovespa;13/01/1997;7412
Ibovespa;14/01/1997;7621
Ibovespa;15/01/1997;7668
Ibovespa;16/01/1997;7656
Ibovespa;17/01/1997;7816
Ibovespa;20/01/1997;7835
Ibovespa;21/01/1997;7905
Ibovespa;22/01/1997;7818
Ibovespa;23/01/1997;7891
Ibovespa;24/01/1997;7760
Ibovespa;27/01/1997;7759
Ibovespa;28/01/1997;7850
Ibovespa;29/01/1997;7737
Ibovespa;30/01/1997;7789
Ibovespa;31/01/1997;7965
Ibovespa;03/02/1997;8096
Ibovespa;04/02/1997;8102
Ibovespa;05/02/1997;8171
Ibovespa;06/02/1997;8148
Ibovespa;07/02/1997;8317
Ibovespa;12/02/1997;8671
Ibovespa;13/02/1997;8765
Ibovespa;14/02/1997;8700
Ibovespa;17/02/1997;8816
Ibovespa;18/02/1997;8950
Ibovespa;19/02/1997;8771
Ibovespa;20/02/1997;8702
Ibovespa;21/02/1997;8720
Ibovespa;24/02/1997;8959
Ibovespa;25/02/1997;9149
Ibovespa;26/02/1997;8928
Ibovespa;27/02/1997;8777
Ibovespa;28/02/1997;8829
Ibovespa;03/03/1997;8978
Ibovespa;04/03/1997;8961
Ibovespa;05/03/1997;9074
Ibovespa;06/03/1997;9125
Ibovespa;07/03/1997;9180
Ibovespa;10/03/1997;9419
Ibovespa;11/03/1997;9565
Ibovespa;12/03/1997;9317
Ibovespa;13/03/1997;9314
Ibovespa;14/03/1997;9499
Ibovespa;17/03/1997;9263
Ibovespa;18/03/1997;9172
Ibovespa;19/03/1997;9087
Ibovespa;20/03/1997;9302
Ibovespa;21/03/1997;9301
Ibovespa;24/03/1997;9327
Ibovespa;25/03/1997;9380
Ibovespa;26/03/1997;9271
Ibovespa;31/03/1997;9044
Ibovespa;01/04/1997;9138
Ibovespa;02/04/1997;9237
Ibovespa;03/04/1997;9302
Ibovespa;04/04/1997;9705
Ibovespa;07/04/1997;9836
Ibovespa;08/04/1997;9737
Ibovespa;09/04/1997;9819
Ibovespa;10/04/1997;9732
Ibovespa;11/04/1997;9517
Ibovespa;14/04/1997;9455
Ibovespa;15/04/1997;9490
Ibovespa;16/04/1997;9565
Ibovespa;17/04/1997;9418
Ibovespa;18/04/1997;9422
Ibovespa;22/04/1997;9473
Ibovespa;23/04/1997;9634
Ibovespa;24/04/1997;9708
Ibovespa;25/04/1997;9731
Ibovespa;28/04/1997;9761
Ibovespa;29/04/1997;9858
Ibovespa;30/04/1997;9982
Ibovespa;02/05/1997;10074
Ibovespa;05/05/1997;9993
Ibovespa;06/05/1997;10218
Ibovespa;07/05/1997;10179
Ibovespa;08/05/1997;10437
Ibovespa;09/05/1997;10491
Ibovespa;12/05/1997;10681
Ibovespa;13/05/1997;10647
Ibovespa;14/05/1997;10282
Ibovespa;15/05/1997;10353
Ibovespa;16/05/1997;10498
Ibovespa;19/05/1997;10505
Ibovespa;20/05/1997;10640
Ibovespa;21/05/1997;10714
Ibovespa;22/05/1997;10745
Ibovespa;23/05/1997;10764
Ibovespa;26/05/1997;10960
Ibovespa;27/05/1997;11133
Ibovespa;28/05/1997;11300
Ibovespa;30/05/1997;11344
Ibovespa;02/06/1997;11360
Ibovespa;03/06/1997;11110
Ibovespa;04/06/1997;11029
Ibovespa;05/06/1997;11106
Ibovespa;06/06/1997;11333
Ibovespa;09/06/1997;11396
Ibovespa;10/06/1997;11428
Ibovespa;11/06/1997;11489
Ibovespa;12/06/1997;11851
Ibovespa;13/06/1997;11828
Ibovespa;16/06/1997;11953
Ibovespa;17/06/1997;12118
Ibovespa;18/06/1997;12205
Ibovespa;19/06/1997;12205
Ibovespa;20/06/1997;12121
Ibovespa;23/06/1997;12238
Ibovespa;24/06/1997;12587
Ibovespa;25/06/1997;13053
Ibovespa;26/06/1997;12873
Ibovespa;27/06/1997;12757
Ibovespa;30/06/1997;12567
Ibovespa;01/07/1997;13002
Ibovespa;02/07/1997;13259
Ibovespa;03/07/1997;13284
Ibovespa;04/07/1997;13493
Ibovespa;07/07/1997;13502
Ibovespa;08/07/1997;13617
Ibovespa;09/07/1997;13617
Ibovespa;10/07/1997;13608
Ibovespa;11/07/1997;13153
Ibovespa;14/07/1997;12698
Ibovespa;15/07/1997;11617
Ibovespa;16/07/1997;12640
Ibovespa;17/07/1997;11728
Ibovespa;18/07/1997;11181
Ibovespa;21/07/1997;11291
Ibovespa;22/07/1997;12235
Ibovespa;23/07/1997;12426
Ibovespa;24/07/1997;12524
Ibovespa;25/07/1997;12522
Ibovespa;28/07/1997;12937
Ibovespa;29/07/1997;13043
Ibovespa;30/07/1997;13018
Ibovespa;31/07/1997;12872
Ibovespa;01/08/1997;12259
Ibovespa;04/08/1997;12016
Ibovespa;05/08/1997;11908
Ibovespa;06/08/1997;12523
Ibovespa;07/08/1997;12322
Ibovespa;08/08/1997;12128
Ibovespa;11/08/1997;11948
Ibovespa;12/08/1997;11809
Ibovespa;13/08/1997;11850
Ibovespa;14/08/1997;11904
Ibovespa;15/08/1997;11334
Ibovespa;18/08/1997;11337
Ibovespa;19/08/1997;11211
Ibovespa;20/08/1997;10848
Ibovespa;21/08/1997;11180
Ibovespa;22/08/1997;11157
Ibovespa;25/08/1997;11421
Ibovespa;26/08/1997;11626
Ibovespa;27/08/1997;11719
Ibovespa;28/08/1997;11267
Ibovespa;29/08/1997;10609
Ibovespa;01/09/1997;10109
Ibovespa;02/09/1997;11062
Ibovespa;03/09/1997;11119
Ibovespa;04/09/1997;11430
Ibovespa;05/09/1997;11838
Ibovespa;08/09/1997;11684
Ibovespa;09/09/1997;11734
Ibovespa;10/09/1997;11361
Ibovespa;11/09/1997;11093
Ibovespa;12/09/1997;11292
Ibovespa;15/09/1997;10864
Ibovespa;16/09/1997;11204
Ibovespa;17/09/1997;11524
Ibovespa;18/09/1997;11713
Ibovespa;19/09/1997;11649
Ibovespa;22/09/1997;11697
Ibovespa;23/09/1997;11516
Ibovespa;24/09/1997;11482
Ibovespa;25/09/1997;11384
Ibovespa;26/09/1997;11533
Ibovespa;29/09/1997;11614
Ibovespa;30/09/1997;11797
Ibovespa;01/10/1997;12173
Ibovespa;02/10/1997;12396
Ibovespa;03/10/1997;12540
Ibovespa;06/10/1997;12688
Ibovespa;07/10/1997;12480
Ibovespa;08/10/1997;12432
Ibovespa;09/10/1997;12684
Ibovespa;10/10/1997;12737
Ibovespa;13/10/1997;12697
Ibovespa;14/10/1997;12895
Ibovespa;15/10/1997;12830
Ibovespa;16/10/1997;12578
Ibovespa;17/10/1997;12487
Ibovespa;20/10/1997;12703
Ibovespa;21/10/1997;13015
Ibovespa;22/10/1997;12955
Ibovespa;23/10/1997;11899
Ibovespa;24/10/1997;11545
Ibovespa;27/10/1997;9816
Ibovespa;28/10/1997;10447
Ibovespa;29/10/1997;9818
Ibovespa;30/10/1997;8854
Ibovespa;31/10/1997;8986
Ibovespa;03/11/1997;9858
Ibovespa;04/11/1997;10254
Ibovespa;05/11/1997;9988
Ibovespa;06/11/1997;9434
Ibovespa;07/11/1997;8832
Ibovespa;10/11/1997;9006
Ibovespa;11/11/1997;8710
Ibovespa;12/11/1997;7822
Ibovespa;13/11/1997;8072
Ibovespa;14/11/1997;8731
Ibovespa;17/11/1997;9083
Ibovespa;18/11/1997;9027
Ibovespa;19/11/1997;9332
Ibovespa;20/11/1997;9188
Ibovespa;21/11/1997;9422
Ibovespa;24/11/1997;9070
Ibovespa;25/11/1997;9150
Ibovespa;26/11/1997;9372
Ibovespa;27/11/1997;9619
Ibovespa;28/11/1997;9394
Ibovespa;01/12/1997;9648
Ibovespa;02/12/1997;9964
Ibovespa;03/12/1997;9991
Ibovespa;04/12/1997;10046
Ibovespa;05/12/1997;10080
Ibovespa;08/12/1997;10078
Ibovespa;09/12/1997;9840
Ibovespa;10/12/1997;9461
Ibovespa;11/12/1997;9108
Ibovespa;12/12/1997;9146
Ibovespa;15/12/1997;9550
Ibovespa;16/12/1997;9742
Ibovespa;17/12/1997;9853
Ibovespa;18/12/1997;9482
Ibovespa;19/12/1997;9139
Ibovespa;22/12/1997;9494
Ibovespa;23/12/1997;9554
Ibovespa;24/12/1997;9554
Ibovespa;26/12/1997;9794
Ibovespa;29/12/1997;10051
Ibovespa;30/12/1997;10196
Ibovespa;31/12/1997;10196
Ibovespa;02/01/1998;10479
Ibovespa;05/01/1998;10606
Ibovespa;06/01/1998;10184
Ibovespa;07/01/1998;9879
Ibovespa;08/01/1998;9657
Ibovespa;09/01/1998;9118
Ibovespa;12/01/1998;9227
Ibovespa;13/01/1998;9415
Ibovespa;14/01/1998;9349
Ibovespa;15/01/1998;9140
Ibovespa;16/01/1998;9448
Ibovespa;19/01/1998;9752
Ibovespa;20/01/1998;9568
Ibovespa;21/01/1998;9385
Ibovespa;22/01/1998;9709
Ibovespa;23/01/1998;9467
Ibovespa;26/01/1998;9513
Ibovespa;27/01/1998;9651
Ibovespa;28/01/1998;9773
Ibovespa;29/01/1998;9785
Ibovespa;30/01/1998;9720
Ibovespa;02/02/1998;9973
Ibovespa;03/02/1998;10054
Ibovespa;04/02/1998;9971
Ibovespa;05/02/1998;9948
Ibovespa;06/02/1998;10010
Ibovespa;09/02/1998;10239
Ibovespa;10/02/1998;10278
Ibovespa;11/02/1998;10485
Ibovespa;12/02/1998;10350
Ibovespa;13/02/1998;10365
Ibovespa;16/02/1998;10233
Ibovespa;17/02/1998;10420
Ibovespa;18/02/1998;10322
Ibovespa;19/02/1998;10235
Ibovespa;20/02/1998;10318
Ibovespa;25/02/1998;10545
Ibovespa;26/02/1998;10556
Ibovespa;27/02/1998;10570
Ibovespa;02/03/1998;10845
Ibovespa;03/03/1998;10939
Ibovespa;04/03/1998;10898
Ibovespa;05/03/1998;10947
Ibovespa;06/03/1998;11159
Ibovespa;09/03/1998;11166
Ibovespa;10/03/1998;11180
Ibovespa;11/03/1998;11223
Ibovespa;12/03/1998;11356
Ibovespa;13/03/1998;11566
Ibovespa;16/03/1998;11600
Ibovespa;17/03/1998;11808
Ibovespa;18/03/1998;11894
Ibovespa;19/03/1998;11831
Ibovespa;20/03/1998;11919
Ibovespa;23/03/1998;12038
Ibovespa;24/03/1998;11905
Ibovespa;25/03/1998;11756
Ibovespa;26/03/1998;11945
Ibovespa;27/03/1998;11899
Ibovespa;30/03/1998;11750
Ibovespa;31/03/1998;11946
Ibovespa;01/04/1998;11836
Ibovespa;02/04/1998;11857
Ibovespa;03/04/1998;11634
Ibovespa;06/04/1998;11948
Ibovespa;07/04/1998;11847
Ibovespa;08/04/1998;11974
Ibovespa;13/04/1998;12120
Ibovespa;14/04/1998;12269
Ibovespa;15/04/1998;12299
Ibovespa;16/04/1998;12090
Ibovespa;17/04/1998;12108
Ibovespa;20/04/1998;12028
Ibovespa;22/04/1998;11703
Ibovespa;23/04/1998;11572
Ibovespa;24/04/1998;11728
Ibovespa;27/04/1998;11057
Ibovespa;28/04/1998;11377
Ibovespa;29/04/1998;11527
Ibovespa;30/04/1998;11677
Ibovespa;04/05/1998;11507
Ibovespa;05/05/1998;11554
Ibovespa;06/05/1998;11164
Ibovespa;07/05/1998;11063
Ibovespa;08/05/1998;11220
Ibovespa;11/05/1998;10983
Ibovespa;12/05/1998;10797
Ibovespa;13/05/1998;10779
Ibovespa;14/05/1998;10733
Ibovespa;15/05/1998;10906
Ibovespa;18/05/1998;10204
Ibovespa;19/05/1998;10343
Ibovespa;20/05/1998;10408
Ibovespa;21/05/1998;10268
Ibovespa;22/05/1998;10239
Ibovespa;25/05/1998;10015
Ibovespa;26/05/1998;9436
Ibovespa;27/05/1998;9747
Ibovespa;28/05/1998;10152
Ibovespa;29/05/1998;9846
Ibovespa;01/06/1998;9605
Ibovespa;02/06/1998;10150
Ibovespa;03/06/1998;9855
Ibovespa;04/06/1998;10191
Ibovespa;05/06/1998;10369
Ibovespa;08/06/1998;10540
Ibovespa;09/06/1998;10369
Ibovespa;10/06/1998;9868
Ibovespa;12/06/1998;9584
Ibovespa;15/06/1998;9073
Ibovespa;16/06/1998;9248
Ibovespa;17/06/1998;9897
Ibovespa;18/06/1998;9539
Ibovespa;19/06/1998;9690
Ibovespa;22/06/1998;9619
Ibovespa;23/06/1998;9937
Ibovespa;24/06/1998;9855
Ibovespa;25/06/1998;9527
Ibovespa;26/06/1998;9464
Ibovespa;29/06/1998;9603
Ibovespa;30/06/1998;9678
Ibovespa;01/07/1998;9914
Ibovespa;02/07/1998;9900
Ibovespa;03/07/1998;10115
Ibovespa;06/07/1998;10018
Ibovespa;07/07/1998;10205
Ibovespa;08/07/1998;10335
Ibovespa;09/07/1998;10335
Ibovespa;10/07/1998;10326
Ibovespa;13/07/1998;10419
Ibovespa;14/07/1998;10641
Ibovespa;15/07/1998;10648
Ibovespa;16/07/1998;10907
Ibovespa;17/07/1998;11057
Ibovespa;20/07/1998;11041
Ibovespa;21/07/1998;10922
Ibovespa;22/07/1998;10912
Ibovespa;23/07/1998;10639
Ibovespa;24/07/1998;10574
Ibovespa;27/07/1998;10564
Ibovespa;28/07/1998;10318
Ibovespa;29/07/1998;10542
Ibovespa;30/07/1998;10939
Ibovespa;31/07/1998;10707
Ibovespa;03/08/1998;10412
Ibovespa;04/08/1998;9859
Ibovespa;05/08/1998;9828
Ibovespa;06/08/1998;9689
Ibovespa;07/08/1998;9319
Ibovespa;10/08/1998;9182
Ibovespa;11/08/1998;8801
Ibovespa;12/08/1998;8417
Ibovespa;13/08/1998;8710
Ibovespa;14/08/1998;8743
Ibovespa;17/08/1998;8609
Ibovespa;18/08/1998;8642
Ibovespa;19/08/1998;8541
Ibovespa;20/08/1998;7991
Ibovespa;21/08/1998;7763
Ibovespa;24/08/1998;7655
Ibovespa;25/08/1998;7648
Ibovespa;26/08/1998;7347
Ibovespa;27/08/1998;6616
Ibovespa;28/08/1998;6746
Ibovespa;31/08/1998;6472
Ibovespa;01/09/1998;6917
Ibovespa;02/09/1998;6804
Ibovespa;03/09/1998;6218
Ibovespa;04/09/1998;5837
Ibovespa;08/09/1998;5817
Ibovespa;09/09/1998;5655
Ibovespa;10/09/1998;4760
Ibovespa;11/09/1998;5398
Ibovespa;14/09/1998;5818
Ibovespa;15/09/1998;6905
Ibovespa;16/09/1998;6759
Ibovespa;17/09/1998;6432
Ibovespa;18/09/1998;6709
Ibovespa;21/09/1998;6449
Ibovespa;22/09/1998;6559
Ibovespa;23/09/1998;7280
Ibovespa;24/09/1998;6844
Ibovespa;25/09/1998;6711
Ibovespa;28/09/1998;6827
Ibovespa;29/09/1998;6868
Ibovespa;30/09/1998;6593
Ibovespa;01/10/1998;5960
Ibovespa;02/10/1998;6409
Ibovespa;05/10/1998;6122
Ibovespa;06/10/1998;6336
Ibovespa;07/10/1998;6156
Ibovespa;08/10/1998;6175
Ibovespa;09/10/1998;6527
Ibovespa;13/10/1998;6618
Ibovespa;14/10/1998;6445
Ibovespa;15/10/1998;6874
Ibovespa;16/10/1998;6707
Ibovespa;19/10/1998;6844
Ibovespa;20/10/1998;6973
Ibovespa;21/10/1998;7350
Ibovespa;22/10/1998;7603
Ibovespa;23/10/1998;7272
Ibovespa;26/10/1998;6971
Ibovespa;27/10/1998;6869
Ibovespa;28/10/1998;6826
Ibovespa;29/10/1998;6538
Ibovespa;30/10/1998;7047
Ibovespa;03/11/1998;7509
Ibovespa;04/11/1998;7655
Ibovespa;05/11/1998;8092
Ibovespa;06/11/1998;8214
Ibovespa;09/11/1998;8242
Ibovespa;10/11/1998;8000
Ibovespa;11/11/1998;7762
Ibovespa;12/11/1998;7470
Ibovespa;13/11/1998;7615
Ibovespa;16/11/1998;8003
Ibovespa;17/11/1998;8330
Ibovespa;18/11/1998;8547
Ibovespa;19/11/1998;8317
Ibovespa;20/11/1998;8531
Ibovespa;23/11/1998;8635
Ibovespa;24/11/1998;8606
Ibovespa;25/11/1998;8909
Ibovespa;26/11/1998;8953
Ibovespa;27/11/1998;9093
Ibovespa;30/11/1998;8631
Ibovespa;01/12/1998;8544
Ibovespa;02/12/1998;8448
Ibovespa;03/12/1998;7706
Ibovespa;04/12/1998;7626
Ibovespa;07/12/1998;7945
Ibovespa;08/12/1998;7629
Ibovespa;09/12/1998;7572
Ibovespa;10/12/1998;7530
Ibovespa;11/12/1998;7195
Ibovespa;14/12/1998;6583
Ibovespa;15/12/1998;6934
Ibovespa;16/12/1998;6618
Ibovespa;17/12/1998;6645
Ibovespa;18/12/1998;6781
Ibovespa;21/12/1998;7201
Ibovespa;22/12/1998;7115
Ibovespa;23/12/1998;7176
Ibovespa;24/12/1998;7176
Ibovespa;28/12/1998;6898
Ibovespa;29/12/1998;6715
Ibovespa;30/12/1998;6784
Ibovespa;31/12/1998;6784
Ibovespa;04/01/1999;6941
Ibovespa;05/01/1999;7110
Ibovespa;06/01/1999;7330
Ibovespa;07/01/1999;6954
Ibovespa;08/01/1999;6781
Ibovespa;11/01/1999;6403
Ibovespa;12/01/1999;5915
Ibovespa;13/01/1999;5617
Ibovespa;14/01/1999;5057
Ibovespa;15/01/1999;6746
Ibovespa;18/01/1999;7113
Ibovespa;19/01/1999;7380
Ibovespa;20/01/1999;7674
Ibovespa;21/01/1999;7321
Ibovespa;22/01/1999;7190
Ibovespa;25/01/1999;7190
Ibovespa;26/01/1999;7645
Ibovespa;27/01/1999;7687
Ibovespa;28/01/1999;7987
Ibovespa;29/01/1999;8171
Ibovespa;01/02/1999;8891
Ibovespa;02/02/1999;8731
Ibovespa;03/02/1999;8676
Ibovespa;04/02/1999;8652
Ibovespa;05/02/1999;8435
Ibovespa;08/02/1999;8824
Ibovespa;09/02/1999;8673
Ibovespa;10/02/1999;8853
Ibovespa;11/02/1999;8990
Ibovespa;12/02/1999;8952
Ibovespa;17/02/1999;8974
Ibovespa;18/02/1999;8860
Ibovespa;19/02/1999;9013
Ibovespa;22/02/1999;9074
Ibovespa;23/02/1999;8942
Ibovespa;24/02/1999;8953
Ibovespa;25/02/1999;8674
Ibovespa;26/02/1999;8910
Ibovespa;01/03/1999;9198
Ibovespa;02/03/1999;9070
Ibovespa;03/03/1999;9154
Ibovespa;04/03/1999;9508
Ibovespa;05/03/1999;9465
Ibovespa;08/03/1999;9785
Ibovespa;09/03/1999;9484
Ibovespa;10/03/1999;9778
Ibovespa;11/03/1999;9697
Ibovespa;12/03/1999;9574
Ibovespa;15/03/1999;10413
Ibovespa;16/03/1999;10658
Ibovespa;17/03/1999;10634
Ibovespa;18/03/1999;10894
Ibovespa;19/03/1999;10835
Ibovespa;22/03/1999;10527
Ibovespa;23/03/1999;10416
Ibovespa;24/03/1999;10428
Ibovespa;25/03/1999;10937
Ibovespa;26/03/1999;10865
Ibovespa;29/03/1999;10868
Ibovespa;30/03/1999;11027
Ibovespa;31/03/1999;10696
Ibovespa;05/04/1999;11021
Ibovespa;06/04/1999;11165
Ibovespa;07/04/1999;11529
Ibovespa;08/04/1999;11465
Ibovespa;09/04/1999;11328
Ibovespa;12/04/1999;11429
Ibovespa;13/04/1999;11217
Ibovespa;14/04/1999;11305
Ibovespa;15/04/1999;11245
Ibovespa;16/04/1999;11428
Ibovespa;19/04/1999;11196
Ibovespa;20/04/1999;10989
Ibovespa;22/04/1999;11083
Ibovespa;23/04/1999;11031
Ibovespa;26/04/1999;10797
Ibovespa;27/04/1999;10885
Ibovespa;28/04/1999;11127
Ibovespa;29/04/1999;11085
Ibovespa;30/04/1999;11350
Ibovespa;03/05/1999;11436
Ibovespa;04/05/1999;11268
Ibovespa;05/05/1999;11578
Ibovespa;06/05/1999;11888
Ibovespa;07/05/1999;12233
Ibovespa;10/05/1999;12412
Ibovespa;11/05/1999;12267
Ibovespa;12/05/1999;12147
Ibovespa;13/05/1999;12459
Ibovespa;14/05/1999;12335
Ibovespa;17/05/1999;12151
Ibovespa;18/05/1999;12267
Ibovespa;19/05/1999;12118
Ibovespa;20/05/1999;12088
Ibovespa;21/05/1999;11727
Ibovespa;24/05/1999;11154
Ibovespa;25/05/1999;10602
Ibovespa;26/05/1999;11245
Ibovespa;27/05/1999;10936
Ibovespa;28/05/1999;10929
Ibovespa;31/05/1999;11089
Ibovespa;01/06/1999;11050
Ibovespa;02/06/1999;10996
Ibovespa;04/06/1999;11233
Ibovespa;07/06/1999;11047
Ibovespa;08/06/1999;11032
Ibovespa;09/06/1999;10889
Ibovespa;10/06/1999;11089
Ibovespa;11/06/1999;11104
Ibovespa;14/06/1999;11084
Ibovespa;15/06/1999;11183
Ibovespa;16/06/1999;11643
Ibovespa;17/06/1999;11628
Ibovespa;18/06/1999;11877
Ibovespa;21/06/1999;12005
Ibovespa;22/06/1999;11974
Ibovespa;23/06/1999;11792
Ibovespa;24/06/1999;11430
Ibovespa;25/06/1999;11219
Ibovespa;28/06/1999;11264
Ibovespa;29/06/1999;11379
Ibovespa;30/06/1999;11626
Ibovespa;01/07/1999;11708
Ibovespa;02/07/1999;11835
Ibovespa;05/07/1999;11936
Ibovespa;06/07/1999;11674
Ibovespa;07/07/1999;11745
Ibovespa;08/07/1999;11509
Ibovespa;09/07/1999;11509
Ibovespa;12/07/1999;11273
Ibovespa;13/07/1999;11302
Ibovespa;14/07/1999;11349
Ibovespa;15/07/1999;11361
Ibovespa;16/07/1999;11407
Ibovespa;19/07/1999;11451
Ibovespa;20/07/1999;11274
Ibovespa;21/07/1999;11302
Ibovespa;22/07/1999;11238
Ibovespa;23/07/1999;10989
Ibovespa;26/07/1999;10675
Ibovespa;27/07/1999;10734
Ibovespa;28/07/1999;10691
Ibovespa;29/07/1999;10568
Ibovespa;30/07/1999;10441
Ibovespa;02/08/1999;10211
Ibovespa;03/08/1999;10264
Ibovespa;04/08/1999;10172
Ibovespa;05/08/1999;10195
Ibovespa;06/08/1999;10038
Ibovespa;09/08/1999;9948
Ibovespa;10/08/1999;9834
Ibovespa;11/08/1999;10136
Ibovespa;12/08/1999;10045
Ibovespa;13/08/1999;10180
Ibovespa;16/08/1999;10118
Ibovespa;17/08/1999;9924
Ibovespa;18/08/1999;9689
Ibovespa;19/08/1999;9818
Ibovespa;20/08/1999;10142
Ibovespa;23/08/1999;10180
Ibovespa;24/08/1999;10314
Ibovespa;25/08/1999;10650
Ibovespa;26/08/1999;10496
Ibovespa;27/08/1999;10545
Ibovespa;30/08/1999;10524
Ibovespa;31/08/1999;10564
Ibovespa;01/09/1999;10902
Ibovespa;02/09/1999;10998
Ibovespa;03/09/1999;11156
Ibovespa;06/09/1999;11185
Ibovespa;08/09/1999;11090
Ibovespa;09/09/1999;11292
Ibovespa;10/09/1999;11363
Ibovespa;13/09/1999;11477
Ibovespa;14/09/1999;11459
Ibovespa;15/09/1999;11263
Ibovespa;16/09/1999;11094
Ibovespa;17/09/1999;11290
Ibovespa;20/09/1999;11586
Ibovespa;21/09/1999;11449
Ibovespa;22/09/1999;11531
Ibovespa;23/09/1999;11385
Ibovespa;24/09/1999;11532
Ibovespa;27/09/1999;11542
Ibovespa;28/09/1999;11442
Ibovespa;29/09/1999;11433
Ibovespa;30/09/1999;11106
Ibovespa;01/10/1999;10959
Ibovespa;04/10/1999;11055
Ibovespa;05/10/1999;10923
Ibovespa;06/10/1999;11345
Ibovespa;07/10/1999;11338
Ibovespa;08/10/1999;11459
Ibovespa;11/10/1999;11478
Ibovespa;13/10/1999;11297
Ibovespa;14/10/1999;11330
Ibovespa;15/10/1999;11146
Ibovespa;18/10/1999;10978
Ibovespa;19/10/1999;11097
Ibovespa;20/10/1999;11274
Ibovespa;21/10/1999;11253
Ibovespa;22/10/1999;11460
Ibovespa;25/10/1999;11394
Ibovespa;26/10/1999;11469
Ibovespa;27/10/1999;11530
Ibovespa;28/10/1999;11700
Ibovespa;29/10/1999;11700
Ibovespa;01/11/1999;11762
Ibovespa;03/11/1999;12346
Ibovespa;04/11/1999;12406
Ibovespa;05/11/1999;12714
Ibovespa;08/11/1999;12960
Ibovespa;09/11/1999;12879
Ibovespa;10/11/1999;13101
Ibovespa;11/11/1999;13189
Ibovespa;12/11/1999;13114
Ibovespa;16/11/1999;13128
Ibovespa;17/11/1999;12812
Ibovespa;18/11/1999;13087
Ibovespa;19/11/1999;13462
Ibovespa;22/11/1999;13435
Ibovespa;23/11/1999;13565
Ibovespa;24/11/1999;13392
Ibovespa;25/11/1999;13536
Ibovespa;26/11/1999;13888
Ibovespa;29/11/1999;13854
Ibovespa;30/11/1999;13778
Ibovespa;01/12/1999;13874
Ibovespa;02/12/1999;14213
Ibovespa;03/12/1999;14408
Ibovespa;06/12/1999;14344
Ibovespa;07/12/1999;14299
Ibovespa;08/12/1999;14410
Ibovespa;09/12/1999;14584
Ibovespa;10/12/1999;14783
Ibovespa;13/12/1999;14811
Ibovespa;14/12/1999;14644
Ibovespa;15/12/1999;14322
Ibovespa;16/12/1999;14497
Ibovespa;17/12/1999;14788
Ibovespa;20/12/1999;15110
Ibovespa;21/12/1999;15591
Ibovespa;22/12/1999;15916
Ibovespa;23/12/1999;15953
Ibovespa;24/12/1999;15953
Ibovespa;27/12/1999;16011
Ibovespa;28/12/1999;16376
Ibovespa;29/12/1999;16772
Ibovespa;30/12/1999;17091
Ibovespa;31/12/1999;17091
Ibovespa;03/01/2000;16930
Ibovespa;04/01/2000;15851
Ibovespa;05/01/2000;16245
Ibovespa;06/01/2000;16106
Ibovespa;07/01/2000;16309
Ibovespa;10/01/2000;17022
Ibovespa;11/01/2000;16572
Ibovespa;12/01/2000;16616
Ibovespa;13/01/2000;17298
Ibovespa;14/01/2000;17657
Ibovespa;17/01/2000;18053
Ibovespa;18/01/2000;17903
Ibovespa;19/01/2000;17470
Ibovespa;20/01/2000;17176
Ibovespa;21/01/2000;17034
Ibovespa;24/01/2000;16971
Ibovespa;25/01/2000;16971
Ibovespa;26/01/2000;17105
Ibovespa;27/01/2000;17081
Ibovespa;28/01/2000;16734
Ibovespa;31/01/2000;16388
Ibovespa;01/02/2000;16522
Ibovespa;02/02/2000;16868
Ibovespa;03/02/2000;17457
Ibovespa;04/02/2000;17932
Ibovespa;07/02/2000;18125
Ibovespa;08/02/2000;18685
Ibovespa;09/02/2000;18361
Ibovespa;10/02/2000;18603
Ibovespa;11/02/2000;18083
Ibovespa;14/02/2000;17819
Ibovespa;15/02/2000;17920
Ibovespa;16/02/2000;18112
Ibovespa;17/02/2000;17979
Ibovespa;18/02/2000;17625
Ibovespa;21/02/2000;17699
Ibovespa;22/02/2000;17489
Ibovespa;23/02/2000;17833
Ibovespa;24/02/2000;17775
Ibovespa;25/02/2000;17786
Ibovespa;28/02/2000;17542
Ibovespa;29/02/2000;17660
Ibovespa;01/03/2000;17953
Ibovespa;02/03/2000;18015
Ibovespa;03/03/2000;18631
Ibovespa;08/03/2000;18282
Ibovespa;09/03/2000;18650
Ibovespa;10/03/2000;18280
Ibovespa;13/03/2000;17594
Ibovespa;14/03/2000;17221
Ibovespa;15/03/2000;17381
Ibovespa;16/03/2000;17642
Ibovespa;17/03/2000;17511
Ibovespa;20/03/2000;17525
Ibovespa;21/03/2000;18342
Ibovespa;22/03/2000;18314
Ibovespa;23/03/2000;18331
Ibovespa;24/03/2000;18674
Ibovespa;27/03/2000;18951
Ibovespa;28/03/2000;18337
Ibovespa;29/03/2000;18053
Ibovespa;30/03/2000;17646
Ibovespa;31/03/2000;17820
Ibovespa;03/04/2000;17245
Ibovespa;04/04/2000;16757
Ibovespa;05/04/2000;16714
Ibovespa;06/04/2000;17146
Ibovespa;07/04/2000;17513
Ibovespa;10/04/2000;16783
Ibovespa;11/04/2000;16539
Ibovespa;12/04/2000;16323
Ibovespa;13/04/2000;15500
Ibovespa;14/04/2000;14794
Ibovespa;17/04/2000;14815
Ibovespa;18/04/2000;15408
Ibovespa;19/04/2000;14926
Ibovespa;20/04/2000;15203
Ibovespa;24/04/2000;14794
Ibovespa;25/04/2000;15400
Ibovespa;26/04/2000;15446
Ibovespa;27/04/2000;15440
Ibovespa;28/04/2000;15537
Ibovespa;02/05/2000;15524
Ibovespa;03/05/2000;15108
Ibovespa;04/05/2000;14969
Ibovespa;05/05/2000;15217
Ibovespa;08/05/2000;14890
Ibovespa;09/05/2000;14581
Ibovespa;10/05/2000;14433
Ibovespa;11/05/2000;14498
Ibovespa;12/05/2000;14458
Ibovespa;15/05/2000;15055
Ibovespa;16/05/2000;15360
Ibovespa;17/05/2000;14870
Ibovespa;18/05/2000;14626
Ibovespa;19/05/2000;14326
Ibovespa;22/05/2000;13891
Ibovespa;23/05/2000;13587
Ibovespa;24/05/2000;14166
Ibovespa;25/05/2000;14185
Ibovespa;26/05/2000;14542
Ibovespa;29/05/2000;14772
Ibovespa;30/05/2000;15248
Ibovespa;31/05/2000;14956
Ibovespa;01/06/2000;15450
Ibovespa;02/06/2000;16222
Ibovespa;05/06/2000;16022
Ibovespa;06/06/2000;15946
Ibovespa;07/06/2000;16271
Ibovespa;08/06/2000;16398
Ibovespa;09/06/2000;16342
Ibovespa;12/06/2000;16096
Ibovespa;13/06/2000;16354
Ibovespa;14/06/2000;16366
Ibovespa;15/06/2000;16561
Ibovespa;16/06/2000;16424
Ibovespa;19/06/2000;16850
Ibovespa;20/06/2000;16843
Ibovespa;21/06/2000;17254
Ibovespa;23/06/2000;16977
Ibovespa;26/06/2000;16744
Ibovespa;27/06/2000;16512
Ibovespa;28/06/2000;16842
Ibovespa;29/06/2000;16407
Ibovespa;30/06/2000;16727
Ibovespa;03/07/2000;17088
Ibovespa;04/07/2000;17279
Ibovespa;05/07/2000;17134
Ibovespa;06/07/2000;17348
Ibovespa;07/07/2000;17598
Ibovespa;10/07/2000;17471
Ibovespa;11/07/2000;16880
Ibovespa;12/07/2000;17053
Ibovespa;13/07/2000;16444
Ibovespa;14/07/2000;16880
Ibovespa;17/07/2000;17387
Ibovespa;18/07/2000;17368
Ibovespa;19/07/2000;16927
Ibovespa;20/07/2000;17203
Ibovespa;21/07/2000;17318
Ibovespa;24/07/2000;17385
Ibovespa;25/07/2000;17049
Ibovespa;26/07/2000;17121
Ibovespa;27/07/2000;16948
Ibovespa;28/07/2000;16485
Ibovespa;31/07/2000;16454
Ibovespa;01/08/2000;16289
Ibovespa;02/08/2000;16314
Ibovespa;03/08/2000;16720
Ibovespa;04/08/2000;16761
Ibovespa;07/08/2000;16995
Ibovespa;08/08/2000;16884
Ibovespa;09/08/2000;16533
Ibovespa;10/08/2000;16834
Ibovespa;11/08/2000;17395
Ibovespa;14/08/2000;17810
Ibovespa;15/08/2000;17744
Ibovespa;16/08/2000;17330
Ibovespa;17/08/2000;17702
Ibovespa;18/08/2000;17313
Ibovespa;21/08/2000;17083
Ibovespa;22/08/2000;17224
Ibovespa;23/08/2000;17450
Ibovespa;24/08/2000;17310
Ibovespa;25/08/2000;17642
Ibovespa;28/08/2000;17460
Ibovespa;29/08/2000;17354
Ibovespa;30/08/2000;17414
Ibovespa;31/08/2000;17346
Ibovespa;01/09/2000;17577
Ibovespa;04/09/2000;17613
Ibovespa;05/09/2000;17424
Ibovespa;06/09/2000;17589
Ibovespa;08/09/2000;17433
Ibovespa;11/09/2000;17287
Ibovespa;12/09/2000;16882
Ibovespa;13/09/2000;16998
Ibovespa;14/09/2000;16768
Ibovespa;15/09/2000;16563
Ibovespa;18/09/2000;15913
Ibovespa;19/09/2000;16188
Ibovespa;20/09/2000;16077
Ibovespa;21/09/2000;16146
Ibovespa;22/09/2000;16353
Ibovespa;25/09/2000;16318
Ibovespa;26/09/2000;16254
Ibovespa;27/09/2000;15848
Ibovespa;28/09/2000;16013
Ibovespa;29/09/2000;15928
Ibovespa;02/10/2000;15559
Ibovespa;03/10/2000;15633
Ibovespa;04/10/2000;15876
Ibovespa;05/10/2000;16362
Ibovespa;06/10/2000;15945
Ibovespa;09/10/2000;15855
Ibovespa;10/10/2000;15747
Ibovespa;11/10/2000;15526
Ibovespa;13/10/2000;15385
Ibovespa;16/10/2000;15241
Ibovespa;17/10/2000;14870
Ibovespa;18/10/2000;14420
Ibovespa;19/10/2000;14845
Ibovespa;20/10/2000;14529
Ibovespa;23/10/2000;13989
Ibovespa;24/10/2000;13799
Ibovespa;25/10/2000;13665
Ibovespa;26/10/2000;14223
Ibovespa;27/10/2000;14691
Ibovespa;30/10/2000;14891
Ibovespa;31/10/2000;14867
Ibovespa;01/11/2000;14791
Ibovespa;03/11/2000;14533
Ibovespa;06/11/2000;14800
Ibovespa;07/11/2000;14968
Ibovespa;08/11/2000;14656
Ibovespa;09/11/2000;14524
Ibovespa;10/11/2000;14625
Ibovespa;13/11/2000;14371
Ibovespa;14/11/2000;14540
Ibovespa;16/11/2000;14489
Ibovespa;17/11/2000;14323
Ibovespa;20/11/2000;14499
Ibovespa;21/11/2000;14783
Ibovespa;22/11/2000;14576
Ibovespa;23/11/2000;14314
Ibovespa;24/11/2000;14335
Ibovespa;27/11/2000;14008
Ibovespa;28/11/2000;13913
Ibovespa;29/11/2000;13787
Ibovespa;30/11/2000;13287
Ibovespa;01/12/2000;13437
Ibovespa;04/12/2000;13510
Ibovespa;05/12/2000;14181
Ibovespa;06/12/2000;13945
Ibovespa;07/12/2000;14459
Ibovespa;08/12/2000;14982
Ibovespa;11/12/2000;15187
Ibovespa;12/12/2000;14906
Ibovespa;13/12/2000;15290
Ibovespa;14/12/2000;15259
Ibovespa;15/12/2000;14987
Ibovespa;18/12/2000;15082
Ibovespa;19/12/2000;15336
Ibovespa;20/12/2000;14622
Ibovespa;21/12/2000;14505
Ibovespa;22/12/2000;14652
Ibovespa;26/12/2000;14794
Ibovespa;27/12/2000;15186
Ibovespa;28/12/2000;15259
Ibovespa;29/12/2000;15259
Ibovespa;02/01/2001;15425
Ibovespa;03/01/2001;16599
Ibovespa;04/01/2001;16675
Ibovespa;05/01/2001;16409
Ibovespa;08/01/2001;16562
Ibovespa;09/01/2001;16975
Ibovespa;10/01/2001;16918
Ibovespa;11/01/2001;17023
Ibovespa;12/01/2001;16850
Ibovespa;15/01/2001;16962
Ibovespa;16/01/2001;16720
Ibovespa;17/01/2001;17191
Ibovespa;18/01/2001;17521
Ibovespa;19/01/2001;17530
Ibovespa;22/01/2001;17391
Ibovespa;23/01/2001;17832
Ibovespa;24/01/2001;17771
Ibovespa;25/01/2001;17771
Ibovespa;26/01/2001;17889
Ibovespa;29/01/2001;17883
Ibovespa;30/01/2001;17722
Ibovespa;31/01/2001;17672
Ibovespa;01/02/2001;17038
Ibovespa;02/02/2001;16914
Ibovespa;05/02/2001;16731
Ibovespa;06/02/2001;17006
Ibovespa;07/02/2001;16812
Ibovespa;08/02/2001;17243
Ibovespa;09/02/2001;17138
Ibovespa;12/02/2001;16917
Ibovespa;13/02/2001;17095
Ibovespa;14/02/2001;17120
Ibovespa;15/02/2001;16937
Ibovespa;16/02/2001;16259
Ibovespa;19/02/2001;16060
Ibovespa;20/02/2001;15910
Ibovespa;21/02/2001;15593
Ibovespa;22/02/2001;15910
Ibovespa;23/02/2001;16157
Ibovespa;28/02/2001;15891
Ibovespa;01/03/2001;16416
Ibovespa;02/03/2001;16581
Ibovespa;05/03/2001;16537
Ibovespa;06/03/2001;16324
Ibovespa;07/03/2001;16395
Ibovespa;08/03/2001;16226
Ibovespa;09/03/2001;16123
Ibovespa;12/03/2001;15527
Ibovespa;13/03/2001;15584
Ibovespa;14/03/2001;15244
Ibovespa;15/03/2001;15060
Ibovespa;16/03/2001;15237
Ibovespa;19/03/2001;14835
Ibovespa;20/03/2001;14903
Ibovespa;21/03/2001;14852
Ibovespa;22/03/2001;14067
Ibovespa;23/03/2001;14435
Ibovespa;26/03/2001;14712
Ibovespa;27/03/2001;14835
Ibovespa;28/03/2001;14631
Ibovespa;29/03/2001;14282
Ibovespa;30/03/2001;14438
Ibovespa;02/04/2001;13981
Ibovespa;03/04/2001;13736
Ibovespa;04/04/2001;13854
Ibovespa;05/04/2001;14442
Ibovespa;06/04/2001;14484
Ibovespa;09/04/2001;14718
Ibovespa;10/04/2001;15047
Ibovespa;11/04/2001;14818
Ibovespa;12/04/2001;14969
Ibovespa;16/04/2001;14444
Ibovespa;17/04/2001;14336
Ibovespa;18/04/2001;14955
Ibovespa;19/04/2001;14431
Ibovespa;20/04/2001;13696
Ibovespa;23/04/2001;13892
Ibovespa;24/04/2001;14068
Ibovespa;25/04/2001;14162
Ibovespa;26/04/2001;14757
Ibovespa;27/04/2001;14927
Ibovespa;30/04/2001;14917
Ibovespa;02/05/2001;14897
Ibovespa;03/05/2001;15141
Ibovespa;04/05/2001;15092
Ibovespa;07/05/2001;14875
Ibovespa;08/05/2001;14747
Ibovespa;09/05/2001;14778
Ibovespa;10/05/2001;14993
Ibovespa;11/05/2001;14493
Ibovespa;14/05/2001;14132
Ibovespa;15/05/2001;14226
Ibovespa;16/05/2001;14714
Ibovespa;17/05/2001;14793
Ibovespa;18/05/2001;14884
Ibovespa;21/05/2001;15127
Ibovespa;22/05/2001;14828
Ibovespa;23/05/2001;14691
Ibovespa;24/05/2001;14523
Ibovespa;25/05/2001;14310
Ibovespa;28/05/2001;14302
Ibovespa;29/05/2001;14453
Ibovespa;30/05/2001;14489
Ibovespa;31/05/2001;14649
Ibovespa;01/06/2001;14791
Ibovespa;04/06/2001;15103
Ibovespa;05/06/2001;15394
Ibovespa;06/06/2001;15328
Ibovespa;07/06/2001;15464
Ibovespa;08/06/2001;15366
Ibovespa;11/06/2001;15224
Ibovespa;12/06/2001;15173
Ibovespa;13/06/2001;15403
Ibovespa;15/06/2001;14985
Ibovespa;18/06/2001;14355
Ibovespa;19/06/2001;14400
Ibovespa;20/06/2001;14571
Ibovespa;21/06/2001;14822
Ibovespa;22/06/2001;14682
Ibovespa;25/06/2001;14539
Ibovespa;26/06/2001;14459
Ibovespa;27/06/2001;14308
Ibovespa;28/06/2001;14390
Ibovespa;29/06/2001;14559
Ibovespa;02/07/2001;14555
Ibovespa;03/07/2001;14352
Ibovespa;04/07/2001;14056
Ibovespa;05/07/2001;14047
Ibovespa;06/07/2001;13906
Ibovespa;09/07/2001;13906
Ibovespa;10/07/2001;13569
Ibovespa;11/07/2001;13811
Ibovespa;12/07/2001;13912
Ibovespa;13/07/2001;14078
Ibovespa;16/07/2001;13811
Ibovespa;17/07/2001;14168
Ibovespa;18/07/2001;13790
Ibovespa;19/07/2001;13761
Ibovespa;20/07/2001;14092
Ibovespa;23/07/2001;14067
Ibovespa;24/07/2001;13737
Ibovespa;25/07/2001;13955
Ibovespa;26/07/2001;13810
Ibovespa;27/07/2001;13910
Ibovespa;30/07/2001;13703
Ibovespa;31/07/2001;13754
Ibovespa;01/08/2001;13743
Ibovespa;02/08/2001;13822
Ibovespa;03/08/2001;13838
Ibovespa;06/08/2001;14046
Ibovespa;07/08/2001;14035
Ibovespa;08/08/2001;13919
Ibovespa;09/08/2001;13834
Ibovespa;10/08/2001;13915
Ibovespa;13/08/2001;13771
Ibovespa;14/08/2001;13829
Ibovespa;15/08/2001;13658
Ibovespa;16/08/2001;13509
Ibovespa;17/08/2001;13044
Ibovespa;20/08/2001;13115
Ibovespa;21/08/2001;12891
Ibovespa;22/08/2001;12952
Ibovespa;23/08/2001;12750
Ibovespa;24/08/2001;13001
Ibovespa;27/08/2001;12995
Ibovespa;28/08/2001;13018
Ibovespa;29/08/2001;13076
Ibovespa;30/08/2001;12892
Ibovespa;31/08/2001;12840
Ibovespa;03/09/2001;12800
Ibovespa;04/09/2001;12766
Ibovespa;05/09/2001;12590
Ibovespa;06/09/2001;12255
Ibovespa;10/09/2001;11922
Ibovespa;11/09/2001;10827
Ibovespa;12/09/2001;11113
Ibovespa;13/09/2001;10306
Ibovespa;14/09/2001;10034
Ibovespa;17/09/2001;10544
Ibovespa;18/09/2001;10554
Ibovespa;19/09/2001;10744
Ibovespa;20/09/2001;10543
Ibovespa;21/09/2001;10418
Ibovespa;24/09/2001;10532
Ibovespa;25/09/2001;10229
Ibovespa;26/09/2001;10005
Ibovespa;27/09/2001;10404
Ibovespa;28/09/2001;10635
Ibovespa;01/10/2001;10501
Ibovespa;02/10/2001;10350
Ibovespa;03/10/2001;10233
Ibovespa;04/10/2001;10061
Ibovespa;05/10/2001;10197
Ibovespa;08/10/2001;10094
Ibovespa;09/10/2001;10284
Ibovespa;10/10/2001;10462
Ibovespa;11/10/2001;10784
Ibovespa;15/10/2001;11329
Ibovespa;16/10/2001;11257
Ibovespa;17/10/2001;11271
Ibovespa;18/10/2001;10994
Ibovespa;19/10/2001;11331
Ibovespa;22/10/2001;11699
Ibovespa;23/10/2001;11613
Ibovespa;24/10/2001;11467
Ibovespa;25/10/2001;11723
Ibovespa;26/10/2001;11780
Ibovespa;29/10/2001;11377
Ibovespa;30/10/2001;11023
Ibovespa;31/10/2001;11364
Ibovespa;01/11/2001;11387
Ibovespa;05/11/2001;12164
Ibovespa;06/11/2001;12415
Ibovespa;07/11/2001;12615
Ibovespa;08/11/2001;12553
Ibovespa;09/11/2001;12730
Ibovespa;12/11/2001;12567
Ibovespa;13/11/2001;12918
Ibovespa;14/11/2001;12825
Ibovespa;16/11/2001;12882
Ibovespa;19/11/2001;12987
Ibovespa;20/11/2001;12638
Ibovespa;21/11/2001;12793
Ibovespa;22/11/2001;13019
Ibovespa;23/11/2001;13423
Ibovespa;26/11/2001;13759
Ibovespa;27/11/2001;13602
Ibovespa;28/11/2001;13019
Ibovespa;29/11/2001;12736
Ibovespa;30/11/2001;12931
Ibovespa;03/12/2001;13336
Ibovespa;04/12/2001;13146
Ibovespa;05/12/2001;13382
Ibovespa;06/12/2001;13539
Ibovespa;07/12/2001;13298
Ibovespa;10/12/2001;13446
Ibovespa;11/12/2001;13348
Ibovespa;12/12/2001;13562
Ibovespa;13/12/2001;13148
Ibovespa;14/12/2001;12959
Ibovespa;17/12/2001;12912
Ibovespa;18/12/2001;13397
Ibovespa;19/12/2001;13290
Ibovespa;20/12/2001;12918
Ibovespa;21/12/2001;13368
Ibovespa;24/12/2001;13368
Ibovespa;26/12/2001;13358
Ibovespa;27/12/2001;13757
Ibovespa;28/12/2001;13577
Ibovespa;31/12/2001;13577
Ibovespa;02/01/2002;13872
Ibovespa;03/01/2002;14265
Ibovespa;04/01/2002;14331
Ibovespa;07/01/2002;14378
Ibovespa;08/01/2002;14167
Ibovespa;09/01/2002;14020
Ibovespa;10/01/2002;13570
Ibovespa;11/01/2002;13587
Ibovespa;14/01/2002;13121
Ibovespa;15/01/2002;13010
Ibovespa;16/01/2002;13083
Ibovespa;17/01/2002;13336
Ibovespa;18/01/2002;13372
Ibovespa;21/01/2002;13154
Ibovespa;22/01/2002;13003
Ibovespa;23/01/2002;13232
Ibovespa;24/01/2002;13162
Ibovespa;25/01/2002;13162
Ibovespa;28/01/2002;13001
Ibovespa;29/01/2002;12501
Ibovespa;30/01/2002;12532
Ibovespa;31/01/2002;12721
Ibovespa;01/02/2002;12658
Ibovespa;04/02/2002;12512
Ibovespa;05/02/2002;12747
Ibovespa;06/02/2002;12750
Ibovespa;07/02/2002;12683
Ibovespa;08/02/2002;12597
Ibovespa;13/02/2002;12960
Ibovespa;14/02/2002;13245
Ibovespa;15/02/2002;13229
Ibovespa;18/02/2002;13121
Ibovespa;19/02/2002;12991
Ibovespa;20/02/2002;13302
Ibovespa;21/02/2002;13530
Ibovespa;22/02/2002;13562
Ibovespa;25/02/2002;13977
Ibovespa;26/02/2002;13963
Ibovespa;27/02/2002;14212
Ibovespa;28/02/2002;14033
Ibovespa;01/03/2002;14414
Ibovespa;04/03/2002;14471
Ibovespa;05/03/2002;14011
Ibovespa;06/03/2002;13838
Ibovespa;07/03/2002;13725
Ibovespa;08/03/2002;13961
Ibovespa;11/03/2002;13695
Ibovespa;12/03/2002;14181
Ibovespa;13/03/2002;14244
Ibovespa;14/03/2002;14117
Ibovespa;15/03/2002;14365
Ibovespa;18/03/2002;14244
Ibovespa;19/03/2002;14117
Ibovespa;20/03/2002;14089
Ibovespa;21/03/2002;13717
Ibovespa;22/03/2002;13312
Ibovespa;25/03/2002;13277
Ibovespa;26/03/2002;13569
Ibovespa;27/03/2002;13424
Ibovespa;28/03/2002;13254
Ibovespa;01/04/2002;13467
Ibovespa;02/04/2002;13245
Ibovespa;03/04/2002;13084
Ibovespa;04/04/2002;13360
Ibovespa;05/04/2002;13276
Ibovespa;08/04/2002;13159
Ibovespa;09/04/2002;13195
Ibovespa;10/04/2002;13416
Ibovespa;11/04/2002;13411
Ibovespa;12/04/2002;13750
Ibovespa;15/04/2002;13471
Ibovespa;16/04/2002;13622
Ibovespa;17/04/2002;13732
Ibovespa;18/04/2002;13573
Ibovespa;19/04/2002;13478
Ibovespa;22/04/2002;13224
Ibovespa;23/04/2002;13188
Ibovespa;24/04/2002;13380
Ibovespa;25/04/2002;13272
Ibovespa;26/04/2002;13075
Ibovespa;29/04/2002;13090
Ibovespa;30/04/2002;13085
Ibovespa;02/05/2002;12538
Ibovespa;03/05/2002;12609
Ibovespa;06/05/2002;12430
Ibovespa;07/05/2002;12342
Ibovespa;08/05/2002;12616
Ibovespa;09/05/2002;12101
Ibovespa;10/05/2002;12130
Ibovespa;13/05/2002;12002
Ibovespa;14/05/2002;12204
Ibovespa;15/05/2002;12349
Ibovespa;16/05/2002;12660
Ibovespa;17/05/2002;12699
Ibovespa;20/05/2002;12667
Ibovespa;21/05/2002;12701
Ibovespa;22/05/2002;12367
Ibovespa;23/05/2002;12555
Ibovespa;24/05/2002;12573
Ibovespa;27/05/2002;12698
Ibovespa;28/05/2002;12728
Ibovespa;29/05/2002;12985
Ibovespa;31/05/2002;12861
Ibovespa;03/06/2002;12659
Ibovespa;04/06/2002;12600
Ibovespa;05/06/2002;12589
Ibovespa;06/06/2002;12112
Ibovespa;07/06/2002;12282
Ibovespa;10/06/2002;12599
Ibovespa;11/06/2002;12210
Ibovespa;12/06/2002;12132
Ibovespa;13/06/2002;11962
Ibovespa;14/06/2002;11698
Ibovespa;17/06/2002;11937
Ibovespa;18/06/2002;11821
Ibovespa;19/06/2002;11493
Ibovespa;20/06/2002;10908
Ibovespa;21/06/2002;10397
Ibovespa;24/06/2002;10759
Ibovespa;25/06/2002;10705
Ibovespa;26/06/2002;10690
Ibovespa;27/06/2002;11013
Ibovespa;28/06/2002;11139
Ibovespa;01/07/2002;10892
Ibovespa;02/07/2002;10845
Ibovespa;03/07/2002;10635
Ibovespa;04/07/2002;10655
Ibovespa;05/07/2002;10523
Ibovespa;08/07/2002;10687
Ibovespa;09/07/2002;10687
Ibovespa;10/07/2002;10555
Ibovespa;11/07/2002;10806
Ibovespa;12/07/2002;10967
Ibovespa;15/07/2002;10633
Ibovespa;16/07/2002;10577
Ibovespa;17/07/2002;10754
Ibovespa;18/07/2002;10812
Ibovespa;19/07/2002;10583
Ibovespa;22/07/2002;9892
Ibovespa;23/07/2002;9745
Ibovespa;24/07/2002;9937
Ibovespa;25/07/2002;9665
Ibovespa;26/07/2002;9217
Ibovespa;29/07/2002;9240
Ibovespa;30/07/2002;9341
Ibovespa;31/07/2002;9762
Ibovespa;01/08/2002;9759
Ibovespa;02/08/2002;9852
Ibovespa;05/08/2002;9469
Ibovespa;06/08/2002;9755
Ibovespa;07/08/2002;9869
Ibovespa;08/08/2002;10315
Ibovespa;09/08/2002;9985
Ibovespa;12/08/2002;9723
Ibovespa;13/08/2002;9444
Ibovespa;14/08/2002;9343
Ibovespa;15/08/2002;9183
Ibovespa;16/08/2002;9526
Ibovespa;19/08/2002;9416
Ibovespa;20/08/2002;9263
Ibovespa;21/08/2002;9437
Ibovespa;22/08/2002;9702
Ibovespa;23/08/2002;9676
Ibovespa;26/08/2002;10097
Ibovespa;27/08/2002;10371
Ibovespa;28/08/2002;10379
Ibovespa;29/08/2002;10455
Ibovespa;30/08/2002;10382
Ibovespa;02/09/2002;10378
Ibovespa;03/09/2002;10135
Ibovespa;04/09/2002;9996
Ibovespa;05/09/2002;9723
Ibovespa;06/09/2002;9716
Ibovespa;09/09/2002;9954
Ibovespa;10/09/2002;9960
Ibovespa;11/09/2002;10182
Ibovespa;12/09/2002;10172
Ibovespa;13/09/2002;10180
Ibovespa;16/09/2002;9831
Ibovespa;17/09/2002;9650
Ibovespa;18/09/2002;9505
Ibovespa;19/09/2002;9372
Ibovespa;20/09/2002;9585
Ibovespa;23/09/2002;9264
Ibovespa;24/09/2002;9148
Ibovespa;25/09/2002;9227
Ibovespa;26/09/2002;9199
Ibovespa;27/09/2002;8715
Ibovespa;30/09/2002;8622
Ibovespa;01/10/2002;8997
Ibovespa;02/10/2002;8820
Ibovespa;03/10/2002;9139
Ibovespa;04/10/2002;9259
Ibovespa;07/10/2002;8863
Ibovespa;08/10/2002;8846
Ibovespa;09/10/2002;8714
Ibovespa;10/10/2002;8866
Ibovespa;11/10/2002;8854
Ibovespa;14/10/2002;8450
Ibovespa;15/10/2002;8506
Ibovespa;16/10/2002;8370
Ibovespa;17/10/2002;8901
Ibovespa;18/10/2002;9022
Ibovespa;21/10/2002;9128
Ibovespa;22/10/2002;9331
Ibovespa;23/10/2002;9840
Ibovespa;24/10/2002;9799
Ibovespa;25/10/2002;10014
Ibovespa;28/10/2002;9573
Ibovespa;29/10/2002;9600
Ibovespa;30/10/2002;10068
Ibovespa;31/10/2002;10167
Ibovespa;01/11/2002;10140
Ibovespa;04/11/2002;9912
Ibovespa;05/11/2002;9861
Ibovespa;06/11/2002;9702
Ibovespa;07/11/2002;9799
Ibovespa;08/11/2002;9860
Ibovespa;11/11/2002;9885
Ibovespa;12/11/2002;9720
Ibovespa;13/11/2002;9763
Ibovespa;14/11/2002;9884
Ibovespa;18/11/2002;9970
Ibovespa;19/11/2002;9971
Ibovespa;20/11/2002;10087
Ibovespa;21/11/2002;10289
Ibovespa;22/11/2002;10404
Ibovespa;25/11/2002;10245
Ibovespa;26/11/2002;10131
Ibovespa;27/11/2002;10226
Ibovespa;28/11/2002;10239
Ibovespa;29/11/2002;10508
Ibovespa;02/12/2002;10673
Ibovespa;03/12/2002;10662
Ibovespa;04/12/2002;10640
Ibovespa;05/12/2002;10413
Ibovespa;06/12/2002;10569
Ibovespa;09/12/2002;10338
Ibovespa;10/12/2002;10331
Ibovespa;11/12/2002;10613
Ibovespa;12/12/2002;10586
Ibovespa;13/12/2002;10564
Ibovespa;16/12/2002;10771
Ibovespa;17/12/2002;10832
Ibovespa;18/12/2002;10984
Ibovespa;19/12/2002;11207
Ibovespa;20/12/2002;11489
Ibovespa;23/12/2002;11470
Ibovespa;24/12/2002;11470
Ibovespa;26/12/2002;11318
Ibovespa;27/12/2002;11234
Ibovespa;30/12/2002;11268
Ibovespa;31/12/2002;11268
Ibovespa;02/01/2003;11602
Ibovespa;03/01/2003;11600
Ibovespa;06/01/2003;12019
Ibovespa;07/01/2003;11876
Ibovespa;08/01/2003;11785
Ibovespa;09/01/2003;11911
Ibovespa;10/01/2003;12242
Ibovespa;13/01/2003;12110
Ibovespa;14/01/2003;12174
Ibovespa;15/01/2003;11971
Ibovespa;16/01/2003;11951
Ibovespa;17/01/2003;11675
Ibovespa;20/01/2003;11648
Ibovespa;21/01/2003;11434
Ibovespa;22/01/2003;11142
Ibovespa;23/01/2003;11162
Ibovespa;24/01/2003;10783
Ibovespa;27/01/2003;10529
Ibovespa;28/01/2003;10516
Ibovespa;29/01/2003;10863
Ibovespa;30/01/2003;10750
Ibovespa;31/01/2003;10941
Ibovespa;03/02/2003;10910
Ibovespa;04/02/2003;10577
Ibovespa;05/02/2003;10591
Ibovespa;06/02/2003;10565
Ibovespa;07/02/2003;10380
Ibovespa;10/02/2003;10479
Ibovespa;11/02/2003;10509
Ibovespa;12/02/2003;10509
Ibovespa;13/02/2003;10107
Ibovespa;14/02/2003;10080
Ibovespa;17/02/2003;10188
Ibovespa;18/02/2003;10449
Ibovespa;19/02/2003;10251
Ibovespa;20/02/2003;10216
Ibovespa;21/02/2003;10330
Ibovespa;24/02/2003;10253
Ibovespa;25/02/2003;10191
Ibovespa;26/02/2003;9994
Ibovespa;27/02/2003;10150
Ibovespa;28/02/2003;10280
Ibovespa;05/03/2003;10305
Ibovespa;06/03/2003;10615
Ibovespa;07/03/2003;10723
Ibovespa;10/03/2003;10308
Ibovespa;11/03/2003;10339
Ibovespa;12/03/2003;10576
Ibovespa;13/03/2003;10783
Ibovespa;14/03/2003;10817
Ibovespa;17/03/2003;10874
Ibovespa;18/03/2003;11150
Ibovespa;19/03/2003;11006
Ibovespa;20/03/2003;11158
Ibovespa;21/03/2003;11377
Ibovespa;24/03/2003;11052
Ibovespa;25/03/2003;11232
Ibovespa;26/03/2003;11206
Ibovespa;27/03/2003;11233
Ibovespa;28/03/2003;11396
Ibovespa;31/03/2003;11273
Ibovespa;01/04/2003;11592
Ibovespa;02/04/2003;11872
Ibovespa;03/04/2003;12006
Ibovespa;04/04/2003;12065
Ibovespa;07/04/2003;12135
Ibovespa;08/04/2003;11778
Ibovespa;09/04/2003;11758
Ibovespa;10/04/2003;11591
Ibovespa;11/04/2003;11718
Ibovespa;14/04/2003;11873
Ibovespa;15/04/2003;12106
Ibovespa;16/04/2003;12043
Ibovespa;17/04/2003;12395
Ibovespa;22/04/2003;12452
Ibovespa;23/04/2003;12394
Ibovespa;24/04/2003;12120
Ibovespa;25/04/2003;12126
Ibovespa;28/04/2003;12462
Ibovespa;29/04/2003;12677
Ibovespa;30/04/2003;12556
Ibovespa;02/05/2003;12810
Ibovespa;05/05/2003;12832
Ibovespa;06/05/2003;12643
Ibovespa;07/05/2003;12956
Ibovespa;08/05/2003;12920
Ibovespa;09/05/2003;13214
Ibovespa;12/05/2003;13320
Ibovespa;13/05/2003;13420
Ibovespa;14/05/2003;13459
Ibovespa;15/05/2003;13129
Ibovespa;16/05/2003;13224
Ibovespa;19/05/2003;12745
Ibovespa;20/05/2003;12745
Ibovespa;21/05/2003;13033
Ibovespa;22/05/2003;13100
Ibovespa;23/05/2003;13142
Ibovespa;26/05/2003;12852
Ibovespa;27/05/2003;13246
Ibovespa;28/05/2003;13294
Ibovespa;29/05/2003;13405
Ibovespa;30/05/2003;13421
Ibovespa;02/06/2003;13228
Ibovespa;03/06/2003;13350
Ibovespa;04/06/2003;13718
Ibovespa;05/06/2003;13779
Ibovespa;06/06/2003;13923
Ibovespa;09/06/2003;13845
Ibovespa;10/06/2003;13893
Ibovespa;11/06/2003;13876
Ibovespa;12/06/2003;13982
Ibovespa;13/06/2003;13733
Ibovespa;16/06/2003;13832
Ibovespa;17/06/2003;13776
Ibovespa;18/06/2003;13510
Ibovespa;20/06/2003;13130
Ibovespa;23/06/2003;12991
Ibovespa;24/06/2003;13108
Ibovespa;25/06/2003;13025
Ibovespa;26/06/2003;13111
Ibovespa;27/06/2003;13024
Ibovespa;30/06/2003;12972
Ibovespa;01/07/2003;13291
Ibovespa;02/07/2003;13310
Ibovespa;03/07/2003;13134
Ibovespa;04/07/2003;13273
Ibovespa;07/07/2003;13402
Ibovespa;08/07/2003;13618
Ibovespa;09/07/2003;13618
Ibovespa;10/07/2003;13501
Ibovespa;11/07/2003;13320
Ibovespa;14/07/2003;13588
Ibovespa;15/07/2003;13614
Ibovespa;16/07/2003;13487
Ibovespa;17/07/2003;13622
Ibovespa;18/07/2003;13794
Ibovespa;21/07/2003;13675
Ibovespa;22/07/2003;13835
Ibovespa;23/07/2003;13798
Ibovespa;24/07/2003;13761
Ibovespa;25/07/2003;13750
Ibovespa;28/07/2003;13643
Ibovespa;29/07/2003;13623
Ibovespa;30/07/2003;13474
Ibovespa;31/07/2003;13571
Ibovespa;01/08/2003;13129
Ibovespa;04/08/2003;12938
Ibovespa;05/08/2003;13059
Ibovespa;06/08/2003;12887
Ibovespa;07/08/2003;13328
Ibovespa;08/08/2003;13499
Ibovespa;11/08/2003;13560
Ibovespa;12/08/2003;13602
Ibovespa;13/08/2003;13682
Ibovespa;14/08/2003;13812
Ibovespa;15/08/2003;13889
Ibovespa;18/08/2003;14146
Ibovespa;19/08/2003;14157
Ibovespa;20/08/2003;14466
Ibovespa;21/08/2003;14669
Ibovespa;22/08/2003;14613
Ibovespa;25/08/2003;14473
Ibovespa;26/08/2003;14877
Ibovespa;27/08/2003;15142
Ibovespa;28/08/2003;15064
Ibovespa;29/08/2003;15174
Ibovespa;01/09/2003;15352
Ibovespa;02/09/2003;15454
Ibovespa;03/09/2003;15633
Ibovespa;04/09/2003;15704
Ibovespa;05/09/2003;15899
Ibovespa;08/09/2003;16050
Ibovespa;09/09/2003;15718
Ibovespa;10/09/2003;15983
Ibovespa;11/09/2003;16292
Ibovespa;12/09/2003;16421
Ibovespa;15/09/2003;16341
Ibovespa;16/09/2003;16269
Ibovespa;17/09/2003;16492
Ibovespa;18/09/2003;16889
Ibovespa;19/09/2003;16851
Ibovespa;22/09/2003;16485
Ibovespa;23/09/2003;16443
Ibovespa;24/09/2003;16057
Ibovespa;25/09/2003;15806
Ibovespa;26/09/2003;15810
Ibovespa;29/09/2003;16108
Ibovespa;30/09/2003;16010
Ibovespa;01/10/2003;16578
Ibovespa;02/10/2003;16893
Ibovespa;03/10/2003;17089
Ibovespa;06/10/2003;17273
Ibovespa;07/10/2003;17470
Ibovespa;08/10/2003;17804
Ibovespa;09/10/2003;17708
Ibovespa;10/10/2003;17676
Ibovespa;13/10/2003;18061
Ibovespa;14/10/2003;18178
Ibovespa;15/10/2003;17942
Ibovespa;16/10/2003;17955
Ibovespa;17/10/2003;17790
Ibovespa;20/10/2003;18369
Ibovespa;21/10/2003;18448
Ibovespa;22/10/2003;18234
Ibovespa;23/10/2003;17689
Ibovespa;24/10/2003;17813
Ibovespa;27/10/2003;17750
Ibovespa;28/10/2003;18227
Ibovespa;29/10/2003;17944
Ibovespa;30/10/2003;18093
Ibovespa;31/10/2003;17982
Ibovespa;03/11/2003;18517
Ibovespa;04/11/2003;18541
Ibovespa;05/11/2003;18307
Ibovespa;06/11/2003;18612
Ibovespa;07/11/2003;18672
Ibovespa;10/11/2003;18572
Ibovespa;11/11/2003;18408
Ibovespa;12/11/2003;18793
Ibovespa;13/11/2003;18754
Ibovespa;14/11/2003;18985
Ibovespa;17/11/2003;18668
Ibovespa;18/11/2003;18812
Ibovespa;19/11/2003;18807
Ibovespa;20/11/2003;19199
Ibovespa;21/11/2003;19248
Ibovespa;24/11/2003;19690
Ibovespa;25/11/2003;19809
Ibovespa;26/11/2003;19694
Ibovespa;27/11/2003;19960
Ibovespa;28/11/2003;20183
Ibovespa;01/12/2003;20520
Ibovespa;02/12/2003;20458
Ibovespa;03/12/2003;20539
Ibovespa;04/12/2003;20414
Ibovespa;05/12/2003;20879
Ibovespa;08/12/2003;20888
Ibovespa;09/12/2003;21259
Ibovespa;10/12/2003;20972
Ibovespa;11/12/2003;21296
Ibovespa;12/12/2003;20973
Ibovespa;15/12/2003;20709
Ibovespa;16/12/2003;20759
Ibovespa;17/12/2003;21199
Ibovespa;18/12/2003;21489
Ibovespa;19/12/2003;21385
Ibovespa;22/12/2003;21630
Ibovespa;23/12/2003;21688
Ibovespa;24/12/2003;21688
Ibovespa;26/12/2003;21806
Ibovespa;29/12/2003;22045
Ibovespa;30/12/2003;22236
Ibovespa;31/12/2003;22236
Ibovespa;02/01/2004;22444
Ibovespa;05/01/2004;23531
Ibovespa;06/01/2004;23576
Ibovespa;07/01/2004;23320
Ibovespa;08/01/2004;23716
Ibovespa;09/01/2004;23916
Ibovespa;12/01/2004;24236
Ibovespa;13/01/2004;23939
Ibovespa;14/01/2004;23398
Ibovespa;15/01/2004;22961
Ibovespa;16/01/2004;23154
Ibovespa;19/01/2004;23385
Ibovespa;20/01/2004;23678
Ibovespa;21/01/2004;23301
Ibovespa;22/01/2004;22968
Ibovespa;23/01/2004;23471
Ibovespa;26/01/2004;24349
Ibovespa;27/01/2004;24226
Ibovespa;28/01/2004;23851
Ibovespa;29/01/2004;22386
Ibovespa;30/01/2004;21851
Ibovespa;02/02/2004;21786
Ibovespa;03/02/2004;22280
Ibovespa;04/02/2004;21684
Ibovespa;05/02/2004;21091
Ibovespa;06/02/2004;21968
Ibovespa;09/02/2004;21961
Ibovespa;10/02/2004;22171
Ibovespa;11/02/2004;23197
Ibovespa;12/02/2004;23063
Ibovespa;13/02/2004;22529
Ibovespa;16/02/2004;22188
Ibovespa;17/02/2004;22426
Ibovespa;18/02/2004;22000
Ibovespa;19/02/2004;20950
Ibovespa;20/02/2004;21336
Ibovespa;25/02/2004;21609
Ibovespa;26/02/2004;21449
Ibovespa;27/02/2004;21755
Ibovespa;01/03/2004;22498
Ibovespa;02/03/2004;22442
Ibovespa;03/03/2004;22550
Ibovespa;04/03/2004;22392
Ibovespa;05/03/2004;22872
Ibovespa;08/03/2004;22993
Ibovespa;09/03/2004;22673
Ibovespa;10/03/2004;21670
Ibovespa;11/03/2004;20763
Ibovespa;12/03/2004;21775
Ibovespa;15/03/2004;21233
Ibovespa;16/03/2004;21612
Ibovespa;17/03/2004;21900
Ibovespa;18/03/2004;22369
Ibovespa;19/03/2004;22260
Ibovespa;22/03/2004;21663
Ibovespa;23/03/2004;21204
Ibovespa;24/03/2004;20984
Ibovespa;25/03/2004;21000
Ibovespa;26/03/2004;21541
Ibovespa;29/03/2004;21530
Ibovespa;30/03/2004;22042
Ibovespa;31/03/2004;22142
Ibovespa;01/04/2004;22647
Ibovespa;02/04/2004;22948
Ibovespa;05/04/2004;23146
Ibovespa;06/04/2004;23071
Ibovespa;07/04/2004;22443
Ibovespa;08/04/2004;22724
Ibovespa;12/04/2004;22779
Ibovespa;13/04/2004;22619
Ibovespa;14/04/2004;22311
Ibovespa;15/04/2004;21739
Ibovespa;16/04/2004;21768
Ibovespa;19/04/2004;21626
Ibovespa;20/04/2004;21077
Ibovespa;22/04/2004;21141
Ibovespa;23/04/2004;21590
Ibovespa;26/04/2004;21323
Ibovespa;27/04/2004;21316
Ibovespa;28/04/2004;20473
Ibovespa;29/04/2004;19865
Ibovespa;30/04/2004;19607
Ibovespa;03/05/2004;19708
Ibovespa;04/05/2004;19987
Ibovespa;05/05/2004;20026
Ibovespa;06/05/2004;19190
Ibovespa;07/05/2004;18620
Ibovespa;10/05/2004;17604
Ibovespa;11/05/2004;18536
Ibovespa;12/05/2004;18325
Ibovespa;13/05/2004;18401
Ibovespa;14/05/2004;18611
Ibovespa;17/05/2004;18122
Ibovespa;18/05/2004;18556
Ibovespa;19/05/2004;18688
Ibovespa;20/05/2004;18240
Ibovespa;21/05/2004;18285
Ibovespa;24/05/2004;18669
Ibovespa;25/05/2004;18859
Ibovespa;26/05/2004;19069
Ibovespa;27/05/2004;19734
Ibovespa;28/05/2004;19667
Ibovespa;31/05/2004;19544
Ibovespa;01/06/2004;19545
Ibovespa;02/06/2004;19716
Ibovespa;03/06/2004;19399
Ibovespa;04/06/2004;19818
Ibovespa;07/06/2004;20446
Ibovespa;08/06/2004;20283
Ibovespa;09/06/2004;19864
Ibovespa;11/06/2004;19834
Ibovespa;14/06/2004;19487
Ibovespa;15/06/2004;20047
Ibovespa;16/06/2004;20459
Ibovespa;17/06/2004;20334
Ibovespa;18/06/2004;20333
Ibovespa;21/06/2004;20293
Ibovespa;22/06/2004;20199
Ibovespa;23/06/2004;20836
Ibovespa;24/06/2004;20708
Ibovespa;25/06/2004;20750
Ibovespa;28/06/2004;20350
Ibovespa;29/06/2004;20800
Ibovespa;30/06/2004;21148
Ibovespa;01/07/2004;21348
Ibovespa;02/07/2004;21568
Ibovespa;05/07/2004;21670
Ibovespa;06/07/2004;21188
Ibovespa;07/07/2004;21171
Ibovespa;08/07/2004;20887
Ibovespa;09/07/2004;20887
Ibovespa;12/07/2004;21532
Ibovespa;13/07/2004;21676
Ibovespa;14/07/2004;21672
Ibovespa;15/07/2004;22064
Ibovespa;16/07/2004;22447
Ibovespa;19/07/2004;22102
Ibovespa;20/07/2004;22361
Ibovespa;21/07/2004;21810
Ibovespa;22/07/2004;21730
Ibovespa;23/07/2004;21591
Ibovespa;26/07/2004;21317
Ibovespa;27/07/2004;21737
Ibovespa;28/07/2004;22168
Ibovespa;29/07/2004;22227
Ibovespa;30/07/2004;22336
Ibovespa;02/08/2004;22448
Ibovespa;03/08/2004;22372
Ibovespa;04/08/2004;22177
Ibovespa;05/08/2004;21330
Ibovespa;06/08/2004;21652
Ibovespa;09/08/2004;21260
Ibovespa;10/08/2004;21736
Ibovespa;11/08/2004;21569
Ibovespa;12/08/2004;21570
Ibovespa;13/08/2004;21401
Ibovespa;16/08/2004;21763
Ibovespa;17/08/2004;22060
Ibovespa;18/08/2004;22778
Ibovespa;19/08/2004;22934
Ibovespa;20/08/2004;23195
Ibovespa;23/08/2004;22852
Ibovespa;24/08/2004;22870
Ibovespa;25/08/2004;23058
Ibovespa;26/08/2004;22582
Ibovespa;27/08/2004;22596
Ibovespa;30/08/2004;22869
Ibovespa;31/08/2004;22803
Ibovespa;01/09/2004;22512
Ibovespa;02/09/2004;22688
Ibovespa;03/09/2004;22415
Ibovespa;06/09/2004;22501
Ibovespa;08/09/2004;22534
Ibovespa;09/09/2004;22286
Ibovespa;10/09/2004;21968
Ibovespa;13/09/2004;21809
Ibovespa;14/09/2004;22309
Ibovespa;15/09/2004;22343
Ibovespa;16/09/2004;22875
Ibovespa;17/09/2004;23073
Ibovespa;20/09/2004;23078
Ibovespa;21/09/2004;23105
Ibovespa;22/09/2004;22748
Ibovespa;23/09/2004;22943
Ibovespa;24/09/2004;22972
Ibovespa;27/09/2004;22834
Ibovespa;28/09/2004;23230
Ibovespa;29/09/2004;23208
Ibovespa;30/09/2004;23245
Ibovespa;01/10/2004;23777
Ibovespa;04/10/2004;24150
Ibovespa;05/10/2004;24205
Ibovespa;06/10/2004;24027
Ibovespa;07/10/2004;24104
Ibovespa;08/10/2004;23926
Ibovespa;11/10/2004;23953
Ibovespa;13/10/2004;23289
Ibovespa;14/10/2004;22959
Ibovespa;15/10/2004;23367
Ibovespa;18/10/2004;23411
Ibovespa;19/10/2004;22892
Ibovespa;20/10/2004;22873
Ibovespa;21/10/2004;23058
Ibovespa;22/10/2004;22735
Ibovespa;25/10/2004;22602
Ibovespa;26/10/2004;22848
Ibovespa;27/10/2004;23170
Ibovespa;28/10/2004;22928
Ibovespa;29/10/2004;23052
Ibovespa;01/11/2004;23272
Ibovespa;03/11/2004;23660
Ibovespa;04/11/2004;23879
Ibovespa;05/11/2004;23541
Ibovespa;08/11/2004;23211
Ibovespa;09/11/2004;23215
Ibovespa;10/11/2004;23454
Ibovespa;11/11/2004;23520
Ibovespa;12/11/2004;24035
Ibovespa;16/11/2004;23772
Ibovespa;17/11/2004;24169
Ibovespa;18/11/2004;24143
Ibovespa;19/11/2004;24034
Ibovespa;22/11/2004;24444
Ibovespa;23/11/2004;24340
Ibovespa;24/11/2004;24368
Ibovespa;25/11/2004;24866
Ibovespa;26/11/2004;24997
Ibovespa;29/11/2004;24854
Ibovespa;30/11/2004;25128
Ibovespa;01/12/2004;25234
Ibovespa;02/12/2004;25200
Ibovespa;03/12/2004;25467
Ibovespa;06/12/2004;25632
Ibovespa;07/12/2004;24988
Ibovespa;08/12/2004;24968
Ibovespa;09/12/2004;24526
Ibovespa;10/12/2004;24933
Ibovespa;13/12/2004;25225
Ibovespa;14/12/2004;25563
Ibovespa;15/12/2004;25575
Ibovespa;16/12/2004;25831
Ibovespa;17/12/2004;25659
Ibovespa;20/12/2004;25536
Ibovespa;21/12/2004;25889
Ibovespa;22/12/2004;25723
Ibovespa;23/12/2004;25878
Ibovespa;24/12/2004;25878
Ibovespa;27/12/2004;25936
Ibovespa;28/12/2004;26116
Ibovespa;29/12/2004;26161
Ibovespa;30/12/2004;26196
Ibovespa;31/12/2004;26196
Ibovespa;03/01/2005;25722
Ibovespa;04/01/2005;24848
Ibovespa;05/01/2005;24691
Ibovespa;06/01/2005;24366
Ibovespa;07/01/2005;24747
Ibovespa;10/01/2005;24291
Ibovespa;11/01/2005;24369
Ibovespa;12/01/2005;24509
Ibovespa;13/01/2005;24805
Ibovespa;14/01/2005;24924
Ibovespa;17/01/2005;24515
Ibovespa;18/01/2005;24089
Ibovespa;19/01/2005;24271
Ibovespa;20/01/2005;23609
Ibovespa;21/01/2005;23818
Ibovespa;24/01/2005;24197
Ibovespa;25/01/2005;24197
Ibovespa;26/01/2005;24530
Ibovespa;27/01/2005;24029
Ibovespa;28/01/2005;23968
Ibovespa;31/01/2005;24350
Ibovespa;01/02/2005;24149
Ibovespa;02/02/2005;24605
Ibovespa;03/02/2005;24873
Ibovespa;04/02/2005;25731
Ibovespa;09/02/2005;26313
Ibovespa;10/02/2005;26415
Ibovespa;11/02/2005;26670
Ibovespa;14/02/2005;26531
Ibovespa;15/02/2005;26610
Ibovespa;16/02/2005;26384
Ibovespa;17/02/2005;27090
Ibovespa;18/02/2005;26756
Ibovespa;21/02/2005;26853
Ibovespa;22/02/2005;26740
Ibovespa;23/02/2005;27198
Ibovespa;24/02/2005;28436
Ibovespa;25/02/2005;28425
Ibovespa;28/02/2005;28139
Ibovespa;01/03/2005;27729
Ibovespa;02/03/2005;28199
Ibovespa;03/03/2005;28668
Ibovespa;04/03/2005;29197
Ibovespa;07/03/2005;29455
Ibovespa;08/03/2005;29021
Ibovespa;09/03/2005;28514
Ibovespa;10/03/2005;28567
Ibovespa;11/03/2005;28074
Ibovespa;14/03/2005;28098
Ibovespa;15/03/2005;27587
Ibovespa;16/03/2005;27826
Ibovespa;17/03/2005;28085
Ibovespa;18/03/2005;27593
Ibovespa;21/03/2005;27411
Ibovespa;22/03/2005;26618
Ibovespa;23/03/2005;26248
Ibovespa;24/03/2005;26701
Ibovespa;28/03/2005;26257
Ibovespa;29/03/2005;25842
Ibovespa;30/03/2005;26469
Ibovespa;31/03/2005;26610
Ibovespa;01/04/2005;26773
Ibovespa;04/04/2005;26406
Ibovespa;05/04/2005;26038
Ibovespa;06/04/2005;25695
Ibovespa;07/04/2005;26307
Ibovespa;08/04/2005;25884
Ibovespa;11/04/2005;25899
Ibovespa;12/04/2005;26206
Ibovespa;13/04/2005;26066
Ibovespa;14/04/2005;24984
Ibovespa;15/04/2005;24655
Ibovespa;18/04/2005;24877
Ibovespa;19/04/2005;25566
Ibovespa;20/04/2005;25062
Ibovespa;22/04/2005;24767
Ibovespa;25/04/2005;25231
Ibovespa;26/04/2005;25304
Ibovespa;27/04/2005;25241
Ibovespa;28/04/2005;24439
Ibovespa;29/04/2005;24843
Ibovespa;02/05/2005;24704
Ibovespa;03/05/2005;24715
Ibovespa;04/05/2005;25474
Ibovespa;05/05/2005;25435
Ibovespa;06/05/2005;25589
Ibovespa;09/05/2005;25464
Ibovespa;10/05/2005;24762
Ibovespa;11/05/2005;24698
Ibovespa;12/05/2005;24117
Ibovespa;13/05/2005;23887
Ibovespa;16/05/2005;24378
Ibovespa;17/05/2005;24412
Ibovespa;18/05/2005;24898
Ibovespa;19/05/2005;24829
Ibovespa;20/05/2005;24522
Ibovespa;23/05/2005;24214
Ibovespa;24/05/2005;24545
Ibovespa;25/05/2005;24478
Ibovespa;27/05/2005;25255
Ibovespa;30/05/2005;25424
Ibovespa;31/05/2005;25207
Ibovespa;01/06/2005;25948
Ibovespa;02/06/2005;26639
Ibovespa;03/06/2005;26365
Ibovespa;06/06/2005;25556
Ibovespa;07/06/2005;25026
Ibovespa;08/06/2005;24701
Ibovespa;09/06/2005;24483
Ibovespa;10/06/2005;24950
Ibovespa;13/06/2005;24901
Ibovespa;14/06/2005;25744
Ibovespa;15/06/2005;25481
Ibovespa;16/06/2005;25750
Ibovespa;17/06/2005;26092
Ibovespa;20/06/2005;26045
Ibovespa;21/06/2005;25721
Ibovespa;22/06/2005;25678
Ibovespa;23/06/2005;24815
Ibovespa;24/06/2005;24916
Ibovespa;27/06/2005;25225
Ibovespa;28/06/2005;25261
Ibovespa;29/06/2005;25126
Ibovespa;30/06/2005;25051
Ibovespa;01/07/2005;25311
Ibovespa;04/07/2005;25044
Ibovespa;05/07/2005;24674
Ibovespa;06/07/2005;24516
Ibovespa;07/07/2005;24449
Ibovespa;08/07/2005;24422
Ibovespa;11/07/2005;25015
Ibovespa;12/07/2005;25536
Ibovespa;13/07/2005;25855
Ibovespa;14/07/2005;25919
Ibovespa;15/07/2005;25221
Ibovespa;18/07/2005;25321
Ibovespa;19/07/2005;25270
Ibovespa;20/07/2005;25704
Ibovespa;21/07/2005;25842
Ibovespa;22/07/2005;25391
Ibovespa;25/07/2005;24530
Ibovespa;26/07/2005;24868
Ibovespa;27/07/2005;25337
Ibovespa;28/07/2005;26068
Ibovespa;29/07/2005;26042
Ibovespa;01/08/2005;26298
Ibovespa;02/08/2005;26788
Ibovespa;03/08/2005;26714
Ibovespa;04/08/2005;26469
Ibovespa;05/08/2005;26517
Ibovespa;08/08/2005;26711
Ibovespa;09/08/2005;27291
Ibovespa;10/08/2005;27116
Ibovespa;11/08/2005;26633
Ibovespa;12/08/2005;26950
Ibovespa;15/08/2005;27375
Ibovespa;16/08/2005;27080
Ibovespa;17/08/2005;27416
Ibovespa;18/08/2005;26899
Ibovespa;19/08/2005;26643
Ibovespa;22/08/2005;27260
Ibovespa;23/08/2005;26769
Ibovespa;24/08/2005;26712
Ibovespa;25/08/2005;27401
Ibovespa;26/08/2005;27094
Ibovespa;29/08/2005;27384
Ibovespa;30/08/2005;27603
Ibovespa;31/08/2005;28044
Ibovespa;01/09/2005;27962
Ibovespa;02/09/2005;28319
Ibovespa;05/09/2005;28522
Ibovespa;06/09/2005;28854
Ibovespa;08/09/2005;28828
Ibovespa;09/09/2005;29307
Ibovespa;12/09/2005;29086
Ibovespa;13/09/2005;28873
Ibovespa;14/09/2005;29049
Ibovespa;15/09/2005;29366
Ibovespa;16/09/2005;29815
Ibovespa;19/09/2005;30076
Ibovespa;20/09/2005;30058
Ibovespa;21/09/2005;30837
Ibovespa;22/09/2005;30678
Ibovespa;23/09/2005;31294
Ibovespa;26/09/2005;31141
Ibovespa;27/09/2005;30874
Ibovespa;28/09/2005;31317
Ibovespa;29/09/2005;31208
Ibovespa;30/09/2005;31583
Ibovespa;03/10/2005;31856
Ibovespa;04/10/2005;31283
Ibovespa;05/10/2005;30163
Ibovespa;06/10/2005;29227
Ibovespa;07/10/2005;29972
Ibovespa;10/10/2005;30277
Ibovespa;11/10/2005;30614
Ibovespa;13/10/2005;29880
Ibovespa;14/10/2005;29770
Ibovespa;17/10/2005;30241
Ibovespa;18/10/2005;29067
Ibovespa;19/10/2005;29297
Ibovespa;20/10/2005;28344
Ibovespa;21/10/2005;29175
Ibovespa;24/10/2005;29834
Ibovespa;25/10/2005;29498
Ibovespa;26/10/2005;29729
Ibovespa;27/10/2005;29132
Ibovespa;28/10/2005;29318
Ibovespa;31/10/2005;30193
Ibovespa;01/11/2005;30899
Ibovespa;03/11/2005;31099
Ibovespa;04/11/2005;30887
Ibovespa;07/11/2005;30952
Ibovespa;08/11/2005;30970
Ibovespa;09/11/2005;30666
Ibovespa;10/11/2005;30724
Ibovespa;11/11/2005;30510
Ibovespa;14/11/2005;30218
Ibovespa;16/11/2005;30482
Ibovespa;17/11/2005;31087
Ibovespa;18/11/2005;31102
Ibovespa;21/11/2005;31110
Ibovespa;22/11/2005;31489
Ibovespa;23/11/2005;31942
Ibovespa;24/11/2005;31944
Ibovespa;25/11/2005;31919
Ibovespa;28/11/2005;31357
Ibovespa;29/11/2005;31651
Ibovespa;30/11/2005;31916
Ibovespa;01/12/2005;32617
Ibovespa;02/12/2005;32832
Ibovespa;05/12/2005;32701
Ibovespa;06/12/2005;33223
Ibovespa;07/12/2005;32756
Ibovespa;08/12/2005;32480
Ibovespa;09/12/2005;32921
Ibovespa;12/12/2005;32970
Ibovespa;13/12/2005;33419
Ibovespa;14/12/2005;33629
Ibovespa;15/12/2005;33193
Ibovespa;16/12/2005;33291
Ibovespa;19/12/2005;33005
Ibovespa;20/12/2005;33066
Ibovespa;21/12/2005;33517
Ibovespa;22/12/2005;33512
Ibovespa;23/12/2005;33331
Ibovespa;26/12/2005;33297
Ibovespa;27/12/2005;33370
Ibovespa;28/12/2005;33138
Ibovespa;29/12/2005;33455
Ibovespa;30/12/2005;33455
Ibovespa;02/01/2006;33507
Ibovespa;03/01/2006;34540
Ibovespa;04/01/2006;35002
Ibovespa;05/01/2006;34936
Ibovespa;06/01/2006;35475
Ibovespa;09/01/2006;35337
Ibovespa;10/01/2006;35049
Ibovespa;11/01/2006;35952
Ibovespa;12/01/2006;35779
Ibovespa;13/01/2006;35897
Ibovespa;16/01/2006;36533
Ibovespa;17/01/2006;36119
Ibovespa;18/01/2006;35805
Ibovespa;19/01/2006;36858
Ibovespa;20/01/2006;36694
Ibovespa;23/01/2006;36631
Ibovespa;24/01/2006;37399
Ibovespa;25/01/2006;37399
Ibovespa;26/01/2006;38014
Ibovespa;27/01/2006;37822
Ibovespa;30/01/2006;38242
Ibovespa;31/01/2006;38382
Ibovespa;01/02/2006;38484
Ibovespa;02/02/2006;37304
Ibovespa;03/02/2006;37261
Ibovespa;06/02/2006;37321
Ibovespa;07/02/2006;36561
Ibovespa;08/02/2006;36499
Ibovespa;09/02/2006;36882
Ibovespa;10/02/2006;36975
Ibovespa;13/02/2006;36113
Ibovespa;14/02/2006;36626
Ibovespa;15/02/2006;37239
Ibovespa;16/02/2006;38256
Ibovespa;17/02/2006;38421
Ibovespa;20/02/2006;38539
Ibovespa;21/02/2006;38165
Ibovespa;22/02/2006;38246
Ibovespa;23/02/2006;38405
Ibovespa;24/02/2006;38610
Ibovespa;01/03/2006;39177
Ibovespa;02/03/2006;39125
Ibovespa;03/03/2006;39239
Ibovespa;06/03/2006;38353
Ibovespa;07/03/2006;37422
Ibovespa;08/03/2006;37289
Ibovespa;09/03/2006;36312
Ibovespa;10/03/2006;36890
Ibovespa;13/03/2006;36792
Ibovespa;14/03/2006;37541
Ibovespa;15/03/2006;38243
Ibovespa;16/03/2006;38156
Ibovespa;17/03/2006;38049
Ibovespa;20/03/2006;38203
Ibovespa;21/03/2006;37398
Ibovespa;22/03/2006;37850
Ibovespa;23/03/2006;37473
Ibovespa;24/03/2006;37577
Ibovespa;27/03/2006;37641
Ibovespa;28/03/2006;36682
Ibovespa;29/03/2006;37491
Ibovespa;30/03/2006;37776
Ibovespa;31/03/2006;37951
Ibovespa;03/04/2006;38717
Ibovespa;04/04/2006;38802
Ibovespa;05/04/2006;39053
Ibovespa;06/04/2006;39285
Ibovespa;07/04/2006;38926
Ibovespa;10/04/2006;38474
Ibovespa;11/04/2006;37901
Ibovespa;12/04/2006;38427
Ibovespa;13/04/2006;38082
Ibovespa;17/04/2006;38462
Ibovespa;18/04/2006;39572
Ibovespa;19/04/2006;39937
Ibovespa;20/04/2006;39774
Ibovespa;24/04/2006;39751
Ibovespa;25/04/2006;39738
Ibovespa;26/04/2006;40410
Ibovespa;27/04/2006;39751
Ibovespa;28/04/2006;40363
Ibovespa;02/05/2006;41016
Ibovespa;03/05/2006;40919
Ibovespa;04/05/2006;40975
Ibovespa;05/05/2006;41417
Ibovespa;08/05/2006;41515
Ibovespa;09/05/2006;41979
Ibovespa;10/05/2006;41751
Ibovespa;11/05/2006;40847
Ibovespa;12/05/2006;40211
Ibovespa;15/05/2006;39271
Ibovespa;16/05/2006;39416
Ibovespa;17/05/2006;38290
Ibovespa;18/05/2006;37807
Ibovespa;19/05/2006;37732
Ibovespa;22/05/2006;36496
Ibovespa;23/05/2006;36110
Ibovespa;24/05/2006;35791
Ibovespa;25/05/2006;37568
Ibovespa;26/05/2006;38629
Ibovespa;29/05/2006;38145
Ibovespa;30/05/2006;36412
Ibovespa;31/05/2006;36530
Ibovespa;01/06/2006;37748
Ibovespa;02/06/2006;37942
Ibovespa;05/06/2006;36739
Ibovespa;06/06/2006;36557
Ibovespa;07/06/2006;35264
Ibovespa;08/06/2006;35437
Ibovespa;09/06/2006;35074
Ibovespa;12/06/2006;33554
Ibovespa;13/06/2006;32847
Ibovespa;14/06/2006;32941
Ibovespa;16/06/2006;34398
Ibovespa;19/06/2006;33897
Ibovespa;20/06/2006;33632
Ibovespa;21/06/2006;34546
Ibovespa;22/06/2006;34316
Ibovespa;23/06/2006;34661
Ibovespa;26/06/2006;34631
Ibovespa;27/06/2006;34375
Ibovespa;28/06/2006;34834
Ibovespa;29/06/2006;36486
Ibovespa;30/06/2006;36630
Ibovespa;03/07/2006;37357
Ibovespa;04/07/2006;37367
Ibovespa;05/07/2006;36378
Ibovespa;06/07/2006;36533
Ibovespa;07/07/2006;36101
Ibovespa;10/07/2006;36140
Ibovespa;11/07/2006;36553
Ibovespa;12/07/2006;36229
Ibovespa;13/07/2006;35354
Ibovespa;14/07/2006;35349
Ibovespa;17/07/2006;34866
Ibovespa;18/07/2006;35130
Ibovespa;19/07/2006;36785
Ibovespa;20/07/2006;35846
Ibovespa;21/07/2006;35510
Ibovespa;24/07/2006;36224
Ibovespa;25/07/2006;36680
Ibovespa;26/07/2006;36594
Ibovespa;27/07/2006;36887
Ibovespa;28/07/2006;37381
Ibovespa;31/07/2006;37077
Ibovespa;01/08/2006;36839
Ibovespa;02/08/2006;37288
Ibovespa;03/08/2006;37451
Ibovespa;04/08/2006;37847
Ibovespa;07/08/2006;37697
Ibovespa;08/08/2006;37600
Ibovespa;09/08/2006;37255
Ibovespa;10/08/2006;37353
Ibovespa;11/08/2006;36944
Ibovespa;14/08/2006;36556
Ibovespa;15/08/2006;37295
Ibovespa;16/08/2006;37677
Ibovespa;17/08/2006;37558
Ibovespa;18/08/2006;37551
Ibovespa;21/08/2006;37160
Ibovespa;22/08/2006;36677
Ibovespa;23/08/2006;35512
Ibovespa;24/08/2006;35797
Ibovespa;25/08/2006;35957
Ibovespa;28/08/2006;36374
Ibovespa;29/08/2006;36303
Ibovespa;30/08/2006;36313
Ibovespa;31/08/2006;36232
Ibovespa;01/09/2006;37329
Ibovespa;04/09/2006;37693
Ibovespa;05/09/2006;37367
Ibovespa;06/09/2006;36709
Ibovespa;08/09/2006;36558
Ibovespa;11/09/2006;35772
Ibovespa;12/09/2006;36146
Ibovespa;13/09/2006;36549
Ibovespa;14/09/2006;36153
Ibovespa;15/09/2006;36169
Ibovespa;18/09/2006;36482
Ibovespa;19/09/2006;35885
Ibovespa;20/09/2006;35196
Ibovespa;21/09/2006;34830
Ibovespa;22/09/2006;34798
Ibovespa;25/09/2006;34972
Ibovespa;26/09/2006;35818
Ibovespa;27/09/2006;36105
Ibovespa;28/09/2006;36486
Ibovespa;29/09/2006;36449
Ibovespa;02/10/2006;37057
Ibovespa;03/10/2006;36437
Ibovespa;04/10/2006;37749
Ibovespa;05/10/2006;37976
Ibovespa;06/10/2006;37940
Ibovespa;09/10/2006;38406
Ibovespa;10/10/2006;38654
Ibovespa;11/10/2006;38322
Ibovespa;13/10/2006;38850
Ibovespa;16/10/2006;39229
Ibovespa;17/10/2006;38897
Ibovespa;18/10/2006;38685
Ibovespa;19/10/2006;38919
Ibovespa;20/10/2006;38642
Ibovespa;23/10/2006;39226
Ibovespa;24/10/2006;39498
Ibovespa;25/10/2006;39562
Ibovespa;26/10/2006;39644
Ibovespa;27/10/2006;39328
Ibovespa;30/10/2006;38900
Ibovespa;31/10/2006;39262
Ibovespa;01/11/2006;39930
Ibovespa;03/11/2006;40435
Ibovespa;06/11/2006;41246
Ibovespa;07/11/2006;41048
Ibovespa;08/11/2006;41334
Ibovespa;09/11/2006;40815
Ibovespa;10/11/2006;40719
Ibovespa;13/11/2006;40605
Ibovespa;14/11/2006;41290
Ibovespa;16/11/2006;41161
Ibovespa;17/11/2006;41029
Ibovespa;20/11/2006;41029
Ibovespa;21/11/2006;41570
Ibovespa;22/11/2006;41912
Ibovespa;23/11/2006;42069
Ibovespa;24/11/2006;41757
Ibovespa;27/11/2006;40914
Ibovespa;28/11/2006;41043
Ibovespa;29/11/2006;41970
Ibovespa;30/11/2006;41931
Ibovespa;01/12/2006;41327
Ibovespa;04/12/2006;42654
Ibovespa;05/12/2006;43157
Ibovespa;06/12/2006;43096
Ibovespa;07/12/2006;42909
Ibovespa;08/12/2006;42977
Ibovespa;11/12/2006;43297
Ibovespa;12/12/2006;43018
Ibovespa;13/12/2006;43284
Ibovespa;14/12/2006;43754
Ibovespa;15/12/2006;43595
Ibovespa;18/12/2006;43508
Ibovespa;19/12/2006;43589
Ibovespa;20/12/2006;43502
Ibovespa;21/12/2006;43385
Ibovespa;22/12/2006;43355
Ibovespa;26/12/2006;43603
Ibovespa;27/12/2006;44526
Ibovespa;28/12/2006;44473
Ibovespa;29/12/2006;44473
Ibovespa;02/01/2007;45382
Ibovespa;03/01/2007;44445
Ibovespa;04/01/2007;44019
Ibovespa;05/01/2007;42245
Ibovespa;08/01/2007;42829
Ibovespa;09/01/2007;42006
Ibovespa;10/01/2007;42335
Ibovespa;11/01/2007;42670
Ibovespa;12/01/2007;43094
Ibovespa;15/01/2007;42919
Ibovespa;16/01/2007;42624
Ibovespa;17/01/2007;42735
Ibovespa;18/01/2007;42477
Ibovespa;19/01/2007;43427
Ibovespa;22/01/2007;43553
Ibovespa;23/01/2007;44177
Ibovespa;24/01/2007;44686
Ibovespa;25/01/2007;44686
Ibovespa;26/01/2007;44412
Ibovespa;29/01/2007;43573
Ibovespa;30/01/2007;44044
Ibovespa;31/01/2007;44641
Ibovespa;01/02/2007;44815
Ibovespa;02/02/2007;44997
Ibovespa;05/02/2007;45286
Ibovespa;06/02/2007;45351
Ibovespa;07/02/2007;44587
Ibovespa;08/02/2007;44891
Ibovespa;09/02/2007;44284
Ibovespa;12/02/2007;43934
Ibovespa;13/02/2007;45197
Ibovespa;14/02/2007;45995
Ibovespa;15/02/2007;45955
Ibovespa;16/02/2007;45849
Ibovespa;21/02/2007;46090
Ibovespa;22/02/2007;46452
Ibovespa;23/02/2007;46015
Ibovespa;26/02/2007;46207
Ibovespa;27/02/2007;43145
Ibovespa;28/02/2007;43892
Ibovespa;01/03/2007;43516
Ibovespa;02/03/2007;42369
Ibovespa;05/03/2007;41179
Ibovespa;06/03/2007;43218
Ibovespa;07/03/2007;42667
Ibovespa;08/03/2007;43465
Ibovespa;09/03/2007;44133
Ibovespa;12/03/2007;44249
Ibovespa;13/03/2007;42749
Ibovespa;14/03/2007;43288
Ibovespa;15/03/2007;43278
Ibovespa;16/03/2007;42730
Ibovespa;19/03/2007;43712
Ibovespa;20/03/2007;44350
Ibovespa;21/03/2007;45630
Ibovespa;22/03/2007;45424
Ibovespa;23/03/2007;45532
Ibovespa;26/03/2007;45644
Ibovespa;27/03/2007;45206
Ibovespa;28/03/2007;44484
Ibovespa;29/03/2007;45355
Ibovespa;30/03/2007;45804
Ibovespa;02/04/2007;45597
Ibovespa;03/04/2007;46288
Ibovespa;04/04/2007;46553
Ibovespa;05/04/2007;46646
Ibovespa;09/04/2007;46854
Ibovespa;10/04/2007;47174
Ibovespa;11/04/2007;46939
Ibovespa;12/04/2007;47346
Ibovespa;13/04/2007;47926
Ibovespa;16/04/2007;48921
Ibovespa;17/04/2007;48755
Ibovespa;18/04/2007;48709
Ibovespa;19/04/2007;48762
Ibovespa;20/04/2007;49408
Ibovespa;23/04/2007;49162
Ibovespa;24/04/2007;49070
Ibovespa;25/04/2007;49675
Ibovespa;26/04/2007;49067
Ibovespa;27/04/2007;49229
Ibovespa;30/04/2007;48956
Ibovespa;02/05/2007;49471
Ibovespa;03/05/2007;50218
Ibovespa;04/05/2007;50597
Ibovespa;07/05/2007;50281
Ibovespa;08/05/2007;50277
Ibovespa;09/05/2007;51300
Ibovespa;10/05/2007;50234
Ibovespa;11/05/2007;50902
Ibovespa;14/05/2007;50510
Ibovespa;15/05/2007;50518
Ibovespa;16/05/2007;51737
Ibovespa;17/05/2007;51631
Ibovespa;18/05/2007;52077
Ibovespa;21/05/2007;52423
Ibovespa;22/05/2007;52208
Ibovespa;23/05/2007;51812
Ibovespa;24/05/2007;50530
Ibovespa;25/05/2007;51617
Ibovespa;28/05/2007;52119
Ibovespa;29/05/2007;51713
Ibovespa;30/05/2007;52527
Ibovespa;31/05/2007;52268
Ibovespa;01/06/2007;53422
Ibovespa;04/06/2007;53242
Ibovespa;05/06/2007;53162
Ibovespa;06/06/2007;52049
Ibovespa;08/06/2007;52329
Ibovespa;11/06/2007;52776
Ibovespa;12/06/2007;51797
Ibovespa;13/06/2007;52993
Ibovespa;14/06/2007;53712
Ibovespa;15/06/2007;54518
Ibovespa;18/06/2007;54730
Ibovespa;19/06/2007;54643
Ibovespa;20/06/2007;54029
Ibovespa;21/06/2007;54656
Ibovespa;22/06/2007;54267
Ibovespa;25/06/2007;54041
Ibovespa;26/06/2007;53851
Ibovespa;27/06/2007;54143
Ibovespa;28/06/2007;54146
Ibovespa;29/06/2007;54392
Ibovespa;02/07/2007;55371
Ibovespa;03/07/2007;55699
Ibovespa;04/07/2007;55696
Ibovespa;05/07/2007;55932
Ibovespa;06/07/2007;56443
Ibovespa;09/07/2007;56443
Ibovespa;10/07/2007;55882
Ibovespa;11/07/2007;56356
Ibovespa;12/07/2007;57613
Ibovespa;13/07/2007;57644
Ibovespa;16/07/2007;57374
Ibovespa;17/07/2007;57659
Ibovespa;18/07/2007;57555
Ibovespa;19/07/2007;58124
Ibovespa;20/07/2007;57442
Ibovespa;23/07/2007;58036
Ibovespa;24/07/2007;55794
Ibovespa;25/07/2007;56001
Ibovespa;26/07/2007;53893
Ibovespa;27/07/2007;52922
Ibovespa;30/07/2007;54572
Ibovespa;31/07/2007;54182
Ibovespa;01/08/2007;54233
Ibovespa;02/08/2007;54690
Ibovespa;03/08/2007;52846
Ibovespa;06/08/2007;53091
Ibovespa;07/08/2007;53802
Ibovespa;08/08/2007;55241
Ibovespa;09/08/2007;53430
Ibovespa;10/08/2007;52638
Ibovespa;13/08/2007;52434
Ibovespa;14/08/2007;50911
Ibovespa;15/08/2007;49285
Ibovespa;16/08/2007;48015
Ibovespa;17/08/2007;48558
Ibovespa;20/08/2007;49206
Ibovespa;21/08/2007;49815
Ibovespa;22/08/2007;51744
Ibovespa;23/08/2007;51848
Ibovespa;24/08/2007;52997
Ibovespa;27/08/2007;53078
Ibovespa;28/08/2007;51645
Ibovespa;29/08/2007;52734
Ibovespa;30/08/2007;52857
Ibovespa;31/08/2007;54637
Ibovespa;03/09/2007;54832
Ibovespa;04/09/2007;55250
Ibovespa;05/09/2007;54407
Ibovespa;06/09/2007;54569
Ibovespa;10/09/2007;52652
Ibovespa;11/09/2007;53920
Ibovespa;12/09/2007;53882
Ibovespa;13/09/2007;54908
Ibovespa;14/09/2007;54671
Ibovespa;17/09/2007;54340
Ibovespa;18/09/2007;56666
Ibovespa;19/09/2007;57264
Ibovespa;20/09/2007;56906
Ibovespa;21/09/2007;57798
Ibovespa;24/09/2007;58719
Ibovespa;25/09/2007;58857
Ibovespa;26/09/2007;59714
Ibovespa;27/09/2007;61052
Ibovespa;28/09/2007;60465
Ibovespa;01/10/2007;62340
Ibovespa;02/10/2007;62017
Ibovespa;03/10/2007;60098
Ibovespa;04/10/2007;60406
Ibovespa;05/10/2007;62318
Ibovespa;08/10/2007;62660
Ibovespa;09/10/2007;63548
Ibovespa;10/10/2007;63197
Ibovespa;11/10/2007;62455
Ibovespa;15/10/2007;62969
Ibovespa;16/10/2007;61717
Ibovespa;17/10/2007;63193
Ibovespa;18/10/2007;63261
Ibovespa;19/10/2007;60894
Ibovespa;22/10/2007;61215
Ibovespa;23/10/2007;62697
Ibovespa;24/10/2007;62624
Ibovespa;25/10/2007;62341
Ibovespa;26/10/2007;64275
Ibovespa;29/10/2007;65044
Ibovespa;30/10/2007;64383
Ibovespa;31/10/2007;65317
Ibovespa;01/11/2007;64050
Ibovespa;05/11/2007;62959
Ibovespa;06/11/2007;64503
Ibovespa;07/11/2007;63500
Ibovespa;08/11/2007;63561
Ibovespa;09/11/2007;64320
Ibovespa;12/11/2007;61526
Ibovespa;13/11/2007;62927
Ibovespa;14/11/2007;64630
Ibovespa;16/11/2007;64609
Ibovespa;19/11/2007;62336
Ibovespa;20/11/2007;62336
Ibovespa;21/11/2007;60581
Ibovespa;22/11/2007;60653
Ibovespa;23/11/2007;60970
Ibovespa;26/11/2007;59069
Ibovespa;27/11/2007;59431
Ibovespa;28/11/2007;61714
Ibovespa;29/11/2007;62156
Ibovespa;30/11/2007;63006
Ibovespa;03/12/2007;63199
Ibovespa;04/12/2007;63481
Ibovespa;05/12/2007;64927
Ibovespa;06/12/2007;65790
Ibovespa;07/12/2007;65638
Ibovespa;10/12/2007;65445
Ibovespa;11/12/2007;64512
Ibovespa;12/12/2007;64741
Ibovespa;13/12/2007;62860
Ibovespa;14/12/2007;62444
Ibovespa;17/12/2007;59828
Ibovespa;18/12/2007;61096
Ibovespa;19/12/2007;61721
Ibovespa;20/12/2007;61716
Ibovespa;21/12/2007;63097
Ibovespa;24/12/2007;63097
Ibovespa;26/12/2007;64288
Ibovespa;27/12/2007;63774
Ibovespa;28/12/2007;63886
Ibovespa;31/12/2007;63886
Ibovespa;02/01/2008;62815
Ibovespa;03/01/2008;62891
Ibovespa;04/01/2008;61036
Ibovespa;07/01/2008;60772
Ibovespa;08/01/2008;62080
Ibovespa;09/01/2008;62673
Ibovespa;10/01/2008;63515
Ibovespa;11/01/2008;61942
Ibovespa;14/01/2008;62187
Ibovespa;15/01/2008;59907
Ibovespa;16/01/2008;58777
Ibovespa;17/01/2008;57036
Ibovespa;18/01/2008;57506
Ibovespa;21/01/2008;53709
Ibovespa;22/01/2008;56097
Ibovespa;23/01/2008;54234
Ibovespa;24/01/2008;57463
Ibovespa;25/01/2008;57463
Ibovespa;28/01/2008;58593
Ibovespa;29/01/2008;59529
Ibovespa;30/01/2008;60289
Ibovespa;31/01/2008;59490
Ibovespa;01/02/2008;61079
Ibovespa;06/02/2008;58968
Ibovespa;07/02/2008;58965
Ibovespa;08/02/2008;59075
Ibovespa;11/02/2008;60643
Ibovespa;12/02/2008;61805
Ibovespa;13/02/2008;62590
Ibovespa;14/02/2008;61818
Ibovespa;15/02/2008;61271
Ibovespa;18/02/2008;62801
Ibovespa;19/02/2008;62296
Ibovespa;20/02/2008;63747
Ibovespa;21/02/2008;63792
Ibovespa;22/02/2008;64608
Ibovespa;25/02/2008;65000
Ibovespa;26/02/2008;65182
Ibovespa;27/02/2008;65494
Ibovespa;28/02/2008;65555
Ibovespa;29/02/2008;63489
Ibovespa;03/03/2008;64490
Ibovespa;04/03/2008;63655
Ibovespa;05/03/2008;64629
Ibovespa;06/03/2008;62974
Ibovespa;07/03/2008;61867
Ibovespa;10/03/2008;59999
Ibovespa;11/03/2008;62367
Ibovespa;12/03/2008;62176
Ibovespa;13/03/2008;62279
Ibovespa;14/03/2008;61990
Ibovespa;17/03/2008;60011
Ibovespa;18/03/2008;61932
Ibovespa;19/03/2008;58827
Ibovespa;20/03/2008;58987
Ibovespa;24/03/2008;59812
Ibovespa;25/03/2008;61234
Ibovespa;26/03/2008;61415
Ibovespa;27/03/2008;60761
Ibovespa;28/03/2008;60452
Ibovespa;31/03/2008;60968
Ibovespa;01/04/2008;62774
Ibovespa;02/04/2008;63364
Ibovespa;03/04/2008;64175
Ibovespa;04/04/2008;64445
Ibovespa;07/04/2008;64175
Ibovespa;08/04/2008;64539
Ibovespa;09/04/2008;63476
Ibovespa;10/04/2008;63527
Ibovespa;11/04/2008;62585
Ibovespa;14/04/2008;62153
Ibovespa;15/04/2008;62618
Ibovespa;16/04/2008;64151
Ibovespa;17/04/2008;64552
Ibovespa;18/04/2008;64922
Ibovespa;22/04/2008;65412
Ibovespa;23/04/2008;64947
Ibovespa;24/04/2008;64576
Ibovespa;25/04/2008;65187
Ibovespa;28/04/2008;65677
Ibovespa;29/04/2008;63825
Ibovespa;30/04/2008;67868
Ibovespa;02/05/2008;69366
Ibovespa;05/05/2008;70174
Ibovespa;06/05/2008;70195
Ibovespa;07/05/2008;69017
Ibovespa;08/05/2008;69722
Ibovespa;09/05/2008;69645
Ibovespa;12/05/2008;70415
Ibovespa;13/05/2008;70503
Ibovespa;14/05/2008;70026
Ibovespa;15/05/2008;71492
Ibovespa;16/05/2008;72766
Ibovespa;19/05/2008;73438
Ibovespa;20/05/2008;73516
Ibovespa;21/05/2008;72294
Ibovespa;23/05/2008;71451
Ibovespa;26/05/2008;71628
Ibovespa;27/05/2008;70992
Ibovespa;28/05/2008;73153
Ibovespa;29/05/2008;71797
Ibovespa;30/05/2008;72592
Ibovespa;02/06/2008;71897
Ibovespa;03/06/2008;70011
Ibovespa;04/06/2008;68673
Ibovespa;05/06/2008;71209
Ibovespa;06/06/2008;69785
Ibovespa;09/06/2008;69281
Ibovespa;10/06/2008;67774
Ibovespa;11/06/2008;66794
Ibovespa;12/06/2008;67319
Ibovespa;13/06/2008;67203
Ibovespa;16/06/2008;67284
Ibovespa;17/06/2008;68437
Ibovespa;18/06/2008;67090
Ibovespa;19/06/2008;66590
Ibovespa;20/06/2008;64613
Ibovespa;23/06/2008;64640
Ibovespa;24/06/2008;64167
Ibovespa;25/06/2008;65853
Ibovespa;26/06/2008;63946
Ibovespa;27/06/2008;64321
Ibovespa;30/06/2008;65017
Ibovespa;01/07/2008;63396
Ibovespa;02/07/2008;61106
Ibovespa;03/07/2008;59273
Ibovespa;04/07/2008;59365
Ibovespa;07/07/2008;59088
Ibovespa;08/07/2008;59535
Ibovespa;09/07/2008;59535
Ibovespa;10/07/2008;60252
Ibovespa;11/07/2008;60148
Ibovespa;14/07/2008;60720
Ibovespa;15/07/2008;61015
Ibovespa;16/07/2008;62056
Ibovespa;17/07/2008;60108
Ibovespa;18/07/2008;59988
Ibovespa;21/07/2008;60771
Ibovespa;22/07/2008;59647
Ibovespa;23/07/2008;59420
Ibovespa;24/07/2008;57434
Ibovespa;25/07/2008;57199
Ibovespa;28/07/2008;56869
Ibovespa;29/07/2008;58042
Ibovespa;30/07/2008;59997
Ibovespa;31/07/2008;59505
Ibovespa;01/08/2008;57630
Ibovespa;04/08/2008;55609
Ibovespa;05/08/2008;56470
Ibovespa;06/08/2008;57542
Ibovespa;07/08/2008;57017
Ibovespa;08/08/2008;56584
Ibovespa;11/08/2008;54720
Ibovespa;12/08/2008;54502
Ibovespa;13/08/2008;54573
Ibovespa;14/08/2008;55138
Ibovespa;15/08/2008;54244
Ibovespa;18/08/2008;53326
Ibovespa;19/08/2008;53638
Ibovespa;20/08/2008;55377
Ibovespa;21/08/2008;55934
Ibovespa;22/08/2008;55850
Ibovespa;25/08/2008;54477
Ibovespa;26/08/2008;54358
Ibovespa;27/08/2008;55519
Ibovespa;28/08/2008;56382
Ibovespa;29/08/2008;55680
Ibovespa;01/09/2008;55162
Ibovespa;02/09/2008;54404
Ibovespa;03/09/2008;53527
Ibovespa;04/09/2008;51408
Ibovespa;05/09/2008;51939
Ibovespa;08/09/2008;50717
Ibovespa;09/09/2008;48435
Ibovespa;10/09/2008;49633
Ibovespa;11/09/2008;51270
Ibovespa;12/09/2008;52392
Ibovespa;15/09/2008;48416
Ibovespa;16/09/2008;49228
Ibovespa;17/09/2008;45908
Ibovespa;18/09/2008;48422
Ibovespa;19/09/2008;53055
Ibovespa;22/09/2008;51540
Ibovespa;23/09/2008;49593
Ibovespa;24/09/2008;49842
Ibovespa;25/09/2008;51828
Ibovespa;26/09/2008;50782
Ibovespa;29/09/2008;46028
Ibovespa;30/09/2008;49541
Ibovespa;01/10/2008;49798
Ibovespa;02/10/2008;46145
Ibovespa;03/10/2008;44517
Ibovespa;06/10/2008;42100
Ibovespa;07/10/2008;40139
Ibovespa;08/10/2008;38593
Ibovespa;09/10/2008;37080
Ibovespa;10/10/2008;35609
Ibovespa;13/10/2008;40829
Ibovespa;14/10/2008;41569
Ibovespa;15/10/2008;36833
Ibovespa;16/10/2008;36441
Ibovespa;17/10/2008;36399
Ibovespa;20/10/2008;39441
Ibovespa;21/10/2008;39043
Ibovespa;22/10/2008;35069
Ibovespa;23/10/2008;33818
Ibovespa;24/10/2008;31481
Ibovespa;27/10/2008;29435
Ibovespa;28/10/2008;33386
Ibovespa;29/10/2008;34845
Ibovespa;30/10/2008;37448
Ibovespa;31/10/2008;37256
Ibovespa;03/11/2008;38249
Ibovespa;04/11/2008;40254
Ibovespa;05/11/2008;37785
Ibovespa;06/11/2008;36361
Ibovespa;07/11/2008;36665
Ibovespa;10/11/2008;36776
Ibovespa;11/11/2008;37261
Ibovespa;12/11/2008;34373
Ibovespa;13/11/2008;35993
Ibovespa;14/11/2008;35789
Ibovespa;17/11/2008;35717
Ibovespa;18/11/2008;34094
Ibovespa;19/11/2008;33404
Ibovespa;20/11/2008;33404
Ibovespa;21/11/2008;31250
Ibovespa;24/11/2008;34188
Ibovespa;25/11/2008;34812
Ibovespa;26/11/2008;36469
Ibovespa;27/11/2008;36212
Ibovespa;28/11/2008;36595
Ibovespa;01/12/2008;34740
Ibovespa;02/12/2008;35000
Ibovespa;03/12/2008;35296
Ibovespa;04/12/2008;35127
Ibovespa;05/12/2008;35347
Ibovespa;08/12/2008;38284
Ibovespa;09/12/2008;37968
Ibovespa;10/12/2008;39004
Ibovespa;11/12/2008;38519
Ibovespa;12/12/2008;39373
Ibovespa;15/12/2008;38320
Ibovespa;16/12/2008;39993
Ibovespa;17/12/2008;39947
Ibovespa;18/12/2008;39536
Ibovespa;19/12/2008;39131
Ibovespa;22/12/2008;37618
Ibovespa;23/12/2008;36470
Ibovespa;24/12/2008;36470
Ibovespa;26/12/2008;36864
Ibovespa;29/12/2008;37060
Ibovespa;30/12/2008;37550
Ibovespa;31/12/2008;37550
Ibovespa;02/01/2009;40244
Ibovespa;05/01/2009;41518
Ibovespa;06/01/2009;42312
Ibovespa;07/01/2009;40820
Ibovespa;08/01/2009;41990
Ibovespa;09/01/2009;41582
Ibovespa;12/01/2009;39403
Ibovespa;13/01/2009;39544
Ibovespa;14/01/2009;37981
Ibovespa;15/01/2009;39151
Ibovespa;16/01/2009;39341
Ibovespa;19/01/2009;38828
Ibovespa;20/01/2009;37272
Ibovespa;21/01/2009;38542
Ibovespa;22/01/2009;37894
Ibovespa;23/01/2009;38132
Ibovespa;26/01/2009;38509
Ibovespa;27/01/2009;38698
Ibovespa;28/01/2009;40227
Ibovespa;29/01/2009;39638
Ibovespa;30/01/2009;39300
Ibovespa;02/02/2009;38666
Ibovespa;03/02/2009;39746
Ibovespa;04/02/2009;40129
Ibovespa;05/02/2009;41108
Ibovespa;06/02/2009;42755
Ibovespa;09/02/2009;42100
Ibovespa;10/02/2009;41207
Ibovespa;11/02/2009;40845
Ibovespa;12/02/2009;40500
Ibovespa;13/02/2009;41673
Ibovespa;16/02/2009;41841
Ibovespa;17/02/2009;39846
Ibovespa;18/02/2009;39674
Ibovespa;19/02/2009;39730
Ibovespa;20/02/2009;38714
Ibovespa;25/02/2009;38231
Ibovespa;26/02/2009;38180
Ibovespa;27/02/2009;38183
Ibovespa;02/03/2009;36234
Ibovespa;03/03/2009;36467
Ibovespa;04/03/2009;38402
Ibovespa;05/03/2009;37368
Ibovespa;06/03/2009;37105
Ibovespa;09/03/2009;36741
Ibovespa;10/03/2009;38794
Ibovespa;11/03/2009;38804
Ibovespa;12/03/2009;39151
Ibovespa;13/03/2009;39015
Ibovespa;16/03/2009;38607
Ibovespa;17/03/2009;39510
Ibovespa;18/03/2009;40142
Ibovespa;19/03/2009;40453
Ibovespa;20/03/2009;40076
Ibovespa;23/03/2009;42438
Ibovespa;24/03/2009;41475
Ibovespa;25/03/2009;41799
Ibovespa;26/03/2009;42588
Ibovespa;27/03/2009;41907
Ibovespa;30/03/2009;40653
Ibovespa;31/03/2009;40925
Ibovespa;01/04/2009;41976
Ibovespa;02/04/2009;43736
Ibovespa;03/04/2009;44390
Ibovespa;06/04/2009;44167
Ibovespa;07/04/2009;43824
Ibovespa;08/04/2009;44181
Ibovespa;09/04/2009;45538
Ibovespa;13/04/2009;45991
Ibovespa;14/04/2009;45418
Ibovespa;15/04/2009;45272
Ibovespa;16/04/2009;46024
Ibovespa;17/04/2009;45778
Ibovespa;20/04/2009;44433
Ibovespa;22/04/2009;44888
Ibovespa;23/04/2009;45801
Ibovespa;24/04/2009;46771
Ibovespa;27/04/2009;45819
Ibovespa;28/04/2009;45821
Ibovespa;29/04/2009;47226
Ibovespa;30/04/2009;47289
Ibovespa;04/05/2009;50404
Ibovespa;05/05/2009;50669
Ibovespa;06/05/2009;51499
Ibovespa;07/05/2009;50058
Ibovespa;08/05/2009;51395
Ibovespa;11/05/2009;50976
Ibovespa;12/05/2009;50325
Ibovespa;13/05/2009;48679
Ibovespa;14/05/2009;49446
Ibovespa;15/05/2009;49007
Ibovespa;18/05/2009;51463
Ibovespa;19/05/2009;51346
Ibovespa;20/05/2009;51245
Ibovespa;21/05/2009;50087
Ibovespa;22/05/2009;50568
Ibovespa;25/05/2009;50816
Ibovespa;26/05/2009;51840
Ibovespa;27/05/2009;51791
Ibovespa;28/05/2009;53040
Ibovespa;29/05/2009;53197
Ibovespa;01/06/2009;54486
Ibovespa;02/06/2009;53999
Ibovespa;03/06/2009;52086
Ibovespa;04/06/2009;53463
Ibovespa;05/06/2009;53341
Ibovespa;08/06/2009;53630
Ibovespa;09/06/2009;53157
Ibovespa;10/06/2009;53410
Ibovespa;12/06/2009;53558
Ibovespa;15/06/2009;52033
Ibovespa;16/06/2009;51205
Ibovespa;17/06/2009;51045
Ibovespa;18/06/2009;50903
Ibovespa;19/06/2009;51373
Ibovespa;22/06/2009;49494
Ibovespa;23/06/2009;49813
Ibovespa;24/06/2009;49672
Ibovespa;25/06/2009;51514
Ibovespa;26/06/2009;51485
Ibovespa;29/06/2009;52137
Ibovespa;30/06/2009;51465
Ibovespa;01/07/2009;51543
Ibovespa;02/07/2009;51024
Ibovespa;03/07/2009;50934
Ibovespa;06/07/2009;50622
Ibovespa;07/07/2009;49456
Ibovespa;08/07/2009;49177
Ibovespa;09/07/2009;49177
Ibovespa;10/07/2009;49220
Ibovespa;13/07/2009;49186
Ibovespa;14/07/2009;48872
Ibovespa;15/07/2009;51296
Ibovespa;16/07/2009;51918
Ibovespa;17/07/2009;52072
Ibovespa;20/07/2009;53154
Ibovespa;21/07/2009;53233
Ibovespa;22/07/2009;53072
Ibovespa;23/07/2009;54249
Ibovespa;24/07/2009;54457
Ibovespa;27/07/2009;54548
Ibovespa;28/07/2009;54471
Ibovespa;29/07/2009;53734
Ibovespa;30/07/2009;54478
Ibovespa;31/07/2009;54765
Ibovespa;03/08/2009;55997
Ibovespa;04/08/2009;56038
Ibovespa;05/08/2009;56384
Ibovespa;06/08/2009;55754
Ibovespa;07/08/2009;56329
Ibovespa;10/08/2009;56830
Ibovespa;11/08/2009;55761
Ibovespa;12/08/2009;56588
Ibovespa;13/08/2009;57047
Ibovespa;14/08/2009;56638
Ibovespa;17/08/2009;55218
Ibovespa;18/08/2009;55748
Ibovespa;19/08/2009;56156
Ibovespa;20/08/2009;56831
Ibovespa;21/08/2009;57728
Ibovespa;24/08/2009;57775
Ibovespa;25/08/2009;57421
Ibovespa;26/08/2009;57765
Ibovespa;27/08/2009;57703
Ibovespa;28/08/2009;57700
Ibovespa;31/08/2009;56488
Ibovespa;01/09/2009;55814
Ibovespa;02/09/2009;55385
Ibovespa;03/09/2009;55707
Ibovespa;04/09/2009;56652
Ibovespa;08/09/2009;57854
Ibovespa;09/09/2009;57909
Ibovespa;10/09/2009;58535
Ibovespa;11/09/2009;58366
Ibovespa;14/09/2009;58867
Ibovespa;15/09/2009;59263
Ibovespa;16/09/2009;60410
Ibovespa;17/09/2009;60236
Ibovespa;18/09/2009;60703
Ibovespa;21/09/2009;60928
Ibovespa;22/09/2009;61493
Ibovespa;23/09/2009;60496
Ibovespa;24/09/2009;60046
Ibovespa;25/09/2009;60355
Ibovespa;28/09/2009;61316
Ibovespa;29/09/2009;61235
Ibovespa;30/09/2009;61517
Ibovespa;01/10/2009;60459
Ibovespa;02/10/2009;61171
Ibovespa;05/10/2009;62369
Ibovespa;06/10/2009;62670
Ibovespa;07/10/2009;62638
Ibovespa;08/10/2009;63759
Ibovespa;09/10/2009;64071
Ibovespa;13/10/2009;64645
Ibovespa;14/10/2009;66201
Ibovespa;15/10/2009;66703
Ibovespa;16/10/2009;66200
Ibovespa;19/10/2009;67239
Ibovespa;20/10/2009;65303
Ibovespa;21/10/2009;65485
Ibovespa;22/10/2009;66134
Ibovespa;23/10/2009;65058
Ibovespa;26/10/2009;65085
Ibovespa;27/10/2009;63161
Ibovespa;28/10/2009;60162
Ibovespa;29/10/2009;63720
Ibovespa;30/10/2009;61545
Ibovespa;03/11/2009;62643
Ibovespa;04/11/2009;63912
Ibovespa;05/11/2009;64815
Ibovespa;06/11/2009;64466
Ibovespa;09/11/2009;66214
Ibovespa;10/11/2009;66303
Ibovespa;11/11/2009;66431
Ibovespa;12/11/2009;64447
Ibovespa;13/11/2009;65325
Ibovespa;16/11/2009;66627
Ibovespa;17/11/2009;67405
Ibovespa;18/11/2009;66515
Ibovespa;19/11/2009;66327
Ibovespa;20/11/2009;66327
Ibovespa;23/11/2009;66809
Ibovespa;24/11/2009;67317
Ibovespa;25/11/2009;67917
Ibovespa;26/11/2009;66391
Ibovespa;27/11/2009;67082
Ibovespa;30/11/2009;67044
Ibovespa;01/12/2009;68408
Ibovespa;02/12/2009;68614
Ibovespa;03/12/2009;68314
Ibovespa;04/12/2009;67603
Ibovespa;07/12/2009;68512
Ibovespa;08/12/2009;67728
Ibovespa;09/12/2009;68011
Ibovespa;10/12/2009;68728
Ibovespa;11/12/2009;69267
Ibovespa;14/12/2009;69349
Ibovespa;15/12/2009;69310
Ibovespa;16/12/2009;68622
Ibovespa;17/12/2009;67067
Ibovespa;18/12/2009;66794
Ibovespa;21/12/2009;65925
Ibovespa;22/12/2009;67417
Ibovespa;23/12/2009;67588
Ibovespa;24/12/2009;67588
Ibovespa;28/12/2009;67901
Ibovespa;29/12/2009;68296
Ibovespa;30/12/2009;68588
Ibovespa;31/12/2009;68588
Ibovespa;04/01/2010;70045
Ibovespa;05/01/2010;70239
Ibovespa;06/01/2010;70729
Ibovespa;07/01/2010;70451
Ibovespa;08/01/2010;70262
Ibovespa;11/01/2010;70433
Ibovespa;12/01/2010;70075
Ibovespa;13/01/2010;70385
Ibovespa;14/01/2010;69801
Ibovespa;15/01/2010;68978
Ibovespa;18/01/2010;69400
Ibovespa;19/01/2010;69908
Ibovespa;20/01/2010;68200
Ibovespa;21/01/2010;66270
Ibovespa;22/01/2010;66220
Ibovespa;25/01/2010;66220
Ibovespa;26/01/2010;65523
Ibovespa;27/01/2010;65069
Ibovespa;28/01/2010;65587
Ibovespa;29/01/2010;65401
Ibovespa;01/02/2010;66571
Ibovespa;02/02/2010;67163
Ibovespa;03/02/2010;67108
Ibovespa;04/02/2010;63934
Ibovespa;05/02/2010;62762
Ibovespa;08/02/2010;63153
Ibovespa;09/02/2010;64718
Ibovespa;10/02/2010;65051
Ibovespa;11/02/2010;66128
Ibovespa;12/02/2010;65854
Ibovespa;17/02/2010;67284
Ibovespa;18/02/2010;67836
Ibovespa;19/02/2010;67597
Ibovespa;22/02/2010;67184
Ibovespa;23/02/2010;66108
Ibovespa;24/02/2010;65794
Ibovespa;25/02/2010;66121
Ibovespa;26/02/2010;66503
Ibovespa;01/03/2010;67227
Ibovespa;02/03/2010;67779
Ibovespa;03/03/2010;67641
Ibovespa;04/03/2010;67814
Ibovespa;05/03/2010;68846
Ibovespa;08/03/2010;68575
Ibovespa;09/03/2010;69576
Ibovespa;10/03/2010;69979
Ibovespa;11/03/2010;69884
Ibovespa;12/03/2010;69341
Ibovespa;15/03/2010;69023
Ibovespa;16/03/2010;69942
Ibovespa;17/03/2010;69723
Ibovespa;18/03/2010;69697
Ibovespa;19/03/2010;68828
Ibovespa;22/03/2010;69041
Ibovespa;23/03/2010;69386
Ibovespa;24/03/2010;68913
Ibovespa;25/03/2010;68441
Ibovespa;26/03/2010;68682
Ibovespa;29/03/2010;69939
Ibovespa;30/03/2010;69959
Ibovespa;31/03/2010;70371
Ibovespa;01/04/2010;71136
Ibovespa;05/04/2010;71289
Ibovespa;06/04/2010;71095
Ibovespa;07/04/2010;70792
Ibovespa;08/04/2010;71784
Ibovespa;09/04/2010;71417
Ibovespa;12/04/2010;70614
Ibovespa;13/04/2010;70792
Ibovespa;14/04/2010;71034
Ibovespa;15/04/2010;70524
Ibovespa;16/04/2010;69421
Ibovespa;19/04/2010;69097
Ibovespa;20/04/2010;69318
Ibovespa;22/04/2010;69386
Ibovespa;23/04/2010;69509
Ibovespa;26/04/2010;68871
Ibovespa;27/04/2010;66511
Ibovespa;28/04/2010;66655
Ibovespa;29/04/2010;67978
Ibovespa;30/04/2010;67529
Ibovespa;03/05/2010;67119
Ibovespa;04/05/2010;64869
Ibovespa;05/05/2010;64914
Ibovespa;06/05/2010;63414
Ibovespa;07/05/2010;62870
Ibovespa;10/05/2010;65452
Ibovespa;11/05/2010;64424
Ibovespa;12/05/2010;65223
Ibovespa;13/05/2010;64788
Ibovespa;14/05/2010;63412
Ibovespa;17/05/2010;62866
Ibovespa;18/05/2010;60841
Ibovespa;19/05/2010;59689
Ibovespa;20/05/2010;58192
Ibovespa;21/05/2010;60259
Ibovespa;24/05/2010;59915
Ibovespa;25/05/2010;59184
Ibovespa;26/05/2010;60190
Ibovespa;27/05/2010;62091
Ibovespa;28/05/2010;61946
Ibovespa;31/05/2010;63046
Ibovespa;01/06/2010;61840
Ibovespa;02/06/2010;62942
Ibovespa;04/06/2010;61675
Ibovespa;07/06/2010;61182
Ibovespa;08/06/2010;61793
Ibovespa;09/06/2010;61478
Ibovespa;10/06/2010;63048
Ibovespa;11/06/2010;63605
Ibovespa;14/06/2010;63532
Ibovespa;15/06/2010;64442
Ibovespa;16/06/2010;64750
Ibovespa;17/06/2010;64540
Ibovespa;18/06/2010;64437
Ibovespa;21/06/2010;64829
Ibovespa;22/06/2010;64810
Ibovespa;23/06/2010;65160
Ibovespa;24/06/2010;63936
Ibovespa;25/06/2010;64823
Ibovespa;28/06/2010;64225
Ibovespa;29/06/2010;61977
Ibovespa;30/06/2010;60935
Ibovespa;01/07/2010;61236
Ibovespa;02/07/2010;61429
Ibovespa;05/07/2010;60865
Ibovespa;06/07/2010;62064
Ibovespa;07/07/2010;63283
Ibovespa;08/07/2010;63476
Ibovespa;09/07/2010;63476
Ibovespa;12/07/2010;62960
Ibovespa;13/07/2010;63685
Ibovespa;14/07/2010;63479
Ibovespa;15/07/2010;63489
Ibovespa;16/07/2010;62339
Ibovespa;19/07/2010;63297
Ibovespa;20/07/2010;64462
Ibovespa;21/07/2010;64476
Ibovespa;22/07/2010;65748
Ibovespa;23/07/2010;66322
Ibovespa;26/07/2010;66443
Ibovespa;27/07/2010;66674
Ibovespa;28/07/2010;66808
Ibovespa;29/07/2010;66953
Ibovespa;30/07/2010;67515
Ibovespa;02/08/2010;68517
Ibovespa;03/08/2010;67997
Ibovespa;04/08/2010;68272
Ibovespa;05/08/2010;68411
Ibovespa;06/08/2010;68094
Ibovespa;09/08/2010;67862
Ibovespa;10/08/2010;67223
Ibovespa;11/08/2010;65790
Ibovespa;12/08/2010;65966
Ibovespa;13/08/2010;66264
Ibovespa;16/08/2010;66701
Ibovespa;17/08/2010;67583
Ibovespa;18/08/2010;67638
Ibovespa;19/08/2010;66887
Ibovespa;20/08/2010;66677
Ibovespa;23/08/2010;65981
Ibovespa;24/08/2010;65156
Ibovespa;25/08/2010;64803
Ibovespa;26/08/2010;63867
Ibovespa;27/08/2010;65585
Ibovespa;30/08/2010;64260
Ibovespa;31/08/2010;65145
Ibovespa;01/09/2010;67072
Ibovespa;02/09/2010;66808
Ibovespa;03/09/2010;66678
Ibovespa;06/09/2010;66747
Ibovespa;08/09/2010;66407
Ibovespa;09/09/2010;66624
Ibovespa;10/09/2010;66806
Ibovespa;13/09/2010;68030
Ibovespa;14/09/2010;67691
Ibovespa;15/09/2010;68106
Ibovespa;16/09/2010;67662
Ibovespa;17/09/2010;67089
Ibovespa;20/09/2010;68190
Ibovespa;21/09/2010;67719
Ibovespa;22/09/2010;68325
Ibovespa;23/09/2010;68794
Ibovespa;24/09/2010;68196
Ibovespa;27/09/2010;68815
Ibovespa;28/09/2010;69227
Ibovespa;29/09/2010;69228
Ibovespa;30/09/2010;69429
Ibovespa;01/10/2010;70229
Ibovespa;04/10/2010;70384
Ibovespa;05/10/2010;71283
Ibovespa;06/10/2010;70541
Ibovespa;07/10/2010;69918
Ibovespa;08/10/2010;70808
Ibovespa;11/10/2010;70946
Ibovespa;13/10/2010;71674
Ibovespa;14/10/2010;71692
Ibovespa;15/10/2010;71830
Ibovespa;18/10/2010;71735
Ibovespa;19/10/2010;69863
Ibovespa;20/10/2010;70404
Ibovespa;21/10/2010;69652
Ibovespa;22/10/2010;69529
Ibovespa;25/10/2010;69580
Ibovespa;26/10/2010;70740
Ibovespa;27/10/2010;70568
Ibovespa;28/10/2010;70320
Ibovespa;29/10/2010;70673
Ibovespa;01/11/2010;71560
Ibovespa;03/11/2010;71904
Ibovespa;04/11/2010;72995
Ibovespa;05/11/2010;72606
Ibovespa;08/11/2010;72657
Ibovespa;09/11/2010;71679
Ibovespa;10/11/2010;71638
Ibovespa;11/11/2010;71195
Ibovespa;12/11/2010;70367
Ibovespa;16/11/2010;69192
Ibovespa;17/11/2010;69708
Ibovespa;18/11/2010;70781
Ibovespa;19/11/2010;70897
Ibovespa;22/11/2010;69632
Ibovespa;23/11/2010;67952
Ibovespa;24/11/2010;69629
Ibovespa;25/11/2010;69361
Ibovespa;26/11/2010;68226
Ibovespa;29/11/2010;67908
Ibovespa;30/11/2010;67705
Ibovespa;01/12/2010;69345
Ibovespa;02/12/2010;69527
Ibovespa;03/12/2010;69766
Ibovespa;06/12/2010;69551
Ibovespa;07/12/2010;69337
Ibovespa;08/12/2010;68174
Ibovespa;09/12/2010;67879
Ibovespa;10/12/2010;68341
Ibovespa;13/12/2010;69126
Ibovespa;14/12/2010;68742
Ibovespa;15/12/2010;67870
Ibovespa;16/12/2010;67306
Ibovespa;17/12/2010;67981
Ibovespa;20/12/2010;67263
Ibovespa;21/12/2010;68214
Ibovespa;22/12/2010;68470
Ibovespa;23/12/2010;68485
Ibovespa;24/12/2010;68485
Ibovespa;27/12/2010;67803
Ibovespa;28/12/2010;68040
Ibovespa;29/12/2010;68952
Ibovespa;30/12/2010;69304
Ibovespa;31/12/2010;69304
Ibovespa;03/01/2011;69962
Ibovespa;04/01/2011;70317
Ibovespa;05/01/2011;71091
Ibovespa;06/01/2011;70578
Ibovespa;07/01/2011;70057
Ibovespa;10/01/2011;70127
Ibovespa;11/01/2011;70423
Ibovespa;12/01/2011;71632
Ibovespa;13/01/2011;70721
Ibovespa;14/01/2011;70940
Ibovespa;17/01/2011;70609
Ibovespa;18/01/2011;70919
Ibovespa;19/01/2011;70058
Ibovespa;20/01/2011;69561
Ibovespa;21/01/2011;69133
Ibovespa;24/01/2011;69426
Ibovespa;25/01/2011;69426
Ibovespa;26/01/2011;68709
Ibovespa;27/01/2011;68050
Ibovespa;28/01/2011;66697
Ibovespa;31/01/2011;66574
Ibovespa;01/02/2011;67847
Ibovespa;02/02/2011;66688
Ibovespa;03/02/2011;66764
Ibovespa;04/02/2011;65269
Ibovespa;07/02/2011;65362
Ibovespa;08/02/2011;65771
Ibovespa;09/02/2011;64217
Ibovespa;10/02/2011;64577
Ibovespa;11/02/2011;65755
Ibovespa;14/02/2011;66557
Ibovespa;15/02/2011;66341
Ibovespa;16/02/2011;67576
Ibovespa;17/02/2011;67684
Ibovespa;18/02/2011;68066
Ibovespa;21/02/2011;67258
Ibovespa;22/02/2011;66439
Ibovespa;23/02/2011;66910
Ibovespa;24/02/2011;66948
Ibovespa;25/02/2011;66902
Ibovespa;28/02/2011;67383
Ibovespa;01/03/2011;66242
Ibovespa;02/03/2011;67281
Ibovespa;03/03/2011;68145
Ibovespa;04/03/2011;68012
Ibovespa;09/03/2011;67263
Ibovespa;10/03/2011;66040
Ibovespa;11/03/2011;66684
Ibovespa;14/03/2011;67169
Ibovespa;15/03/2011;67005
Ibovespa;16/03/2011;66002
Ibovespa;17/03/2011;66215
Ibovespa;18/03/2011;66879
Ibovespa;21/03/2011;66689
Ibovespa;22/03/2011;67578
Ibovespa;23/03/2011;67795
Ibovespa;24/03/2011;67532
Ibovespa;25/03/2011;67765
Ibovespa;28/03/2011;67192
Ibovespa;29/03/2011;67418
Ibovespa;30/03/2011;67997
Ibovespa;31/03/2011;68586
Ibovespa;01/04/2011;69268
Ibovespa;04/04/2011;69703
Ibovespa;05/04/2011;69837
Ibovespa;06/04/2011;69036
Ibovespa;07/04/2011;69176
Ibovespa;08/04/2011;68718
Ibovespa;11/04/2011;68164
Ibovespa;12/04/2011;66896
Ibovespa;13/04/2011;66486
Ibovespa;14/04/2011;66278
Ibovespa;15/04/2011;66684
Ibovespa;18/04/2011;65415
Ibovespa;19/04/2011;66158
Ibovespa;20/04/2011;67058
Ibovespa;25/04/2011;66972
Ibovespa;26/04/2011;67144
Ibovespa;27/04/2011;66264
Ibovespa;28/04/2011;65673
Ibovespa;29/04/2011;66132
Ibovespa;02/05/2011;65462
Ibovespa;03/05/2011;64318
Ibovespa;04/05/2011;63615
Ibovespa;05/05/2011;63407
Ibovespa;06/05/2011;64417
Ibovespa;09/05/2011;64621
Ibovespa;10/05/2011;64876
Ibovespa;11/05/2011;63775
Ibovespa;12/05/2011;64003
Ibovespa;13/05/2011;63235
Ibovespa;16/05/2011;62829
Ibovespa;17/05/2011;63673
Ibovespa;18/05/2011;62840
Ibovespa;19/05/2011;62367
Ibovespa;20/05/2011;62596
Ibovespa;23/05/2011;62345
Ibovespa;24/05/2011;63336
Ibovespa;25/05/2011;63388
Ibovespa;26/05/2011;64098
Ibovespa;27/05/2011;64294
Ibovespa;30/05/2011;63953
Ibovespa;31/05/2011;64620
Ibovespa;01/06/2011;63411
Ibovespa;02/06/2011;64218
Ibovespa;03/06/2011;64340
Ibovespa;06/06/2011;63067
Ibovespa;07/06/2011;63217
Ibovespa;08/06/2011;63032
Ibovespa;09/06/2011;63468
Ibovespa;10/06/2011;62697
Ibovespa;13/06/2011;62022
Ibovespa;14/06/2011;62204
Ibovespa;15/06/2011;61603
Ibovespa;16/06/2011;60880
Ibovespa;17/06/2011;61059
Ibovespa;20/06/2011;61168
Ibovespa;21/06/2011;61423
Ibovespa;22/06/2011;61194
Ibovespa;24/06/2011;61016
Ibovespa;27/06/2011;61216
Ibovespa;28/06/2011;62303
Ibovespa;29/06/2011;62333
Ibovespa;30/06/2011;62403
Ibovespa;01/07/2011;63394
Ibovespa;04/07/2011;63891
Ibovespa;05/07/2011;63038
Ibovespa;06/07/2011;62565
Ibovespa;07/07/2011;62207
Ibovespa;08/07/2011;61513
Ibovespa;11/07/2011;60223
Ibovespa;12/07/2011;59704
Ibovespa;13/07/2011;60669
Ibovespa;14/07/2011;59679
Ibovespa;15/07/2011;59478
Ibovespa;18/07/2011;58837
Ibovespa;19/07/2011;59082
Ibovespa;20/07/2011;59119
Ibovespa;21/07/2011;60262
Ibovespa;22/07/2011;60270
Ibovespa;25/07/2011;59970
Ibovespa;26/07/2011;59339
Ibovespa;27/07/2011;58288
Ibovespa;28/07/2011;58708
Ibovespa;29/07/2011;58823
Ibovespa;01/08/2011;58535
Ibovespa;02/08/2011;57310
Ibovespa;03/08/2011;56017
Ibovespa;04/08/2011;52811
Ibovespa;05/08/2011;52949
Ibovespa;08/08/2011;48668
Ibovespa;09/08/2011;51150
Ibovespa;10/08/2011;51395
Ibovespa;11/08/2011;53343
Ibovespa;12/08/2011;53473
Ibovespa;15/08/2011;54651
Ibovespa;16/08/2011;54323
Ibovespa;17/08/2011;55073
Ibovespa;18/08/2011;53134
Ibovespa;19/08/2011;52447
Ibovespa;22/08/2011;52440
Ibovespa;23/08/2011;53786
Ibovespa;24/08/2011;53795
Ibovespa;25/08/2011;52953
Ibovespa;26/08/2011;53350
Ibovespa;29/08/2011;54860
Ibovespa;30/08/2011;55385
Ibovespa;31/08/2011;56495
Ibovespa;01/09/2011;58118
Ibovespa;02/09/2011;56531
Ibovespa;05/09/2011;54998
Ibovespa;06/09/2011;56607
Ibovespa;08/09/2011;57623
Ibovespa;09/09/2011;55778
Ibovespa;12/09/2011;55685
Ibovespa;13/09/2011;55543
Ibovespa;14/09/2011;56286
Ibovespa;15/09/2011;56381
Ibovespa;16/09/2011;57210
Ibovespa;19/09/2011;57102
Ibovespa;20/09/2011;56378
Ibovespa;21/09/2011;55981
Ibovespa;22/09/2011;53280
Ibovespa;23/09/2011;53230
Ibovespa;26/09/2011;53747
Ibovespa;27/09/2011;53920
Ibovespa;28/09/2011;53270
Ibovespa;29/09/2011;53384
Ibovespa;30/09/2011;52324
Ibovespa;03/10/2011;50791
Ibovespa;04/10/2011;50686
Ibovespa;05/10/2011;51013
Ibovespa;06/10/2011;52290
Ibovespa;07/10/2011;51243
Ibovespa;10/10/2011;53273
Ibovespa;11/10/2011;53838
Ibovespa;13/10/2011;54601
Ibovespa;14/10/2011;55030
Ibovespa;17/10/2011;53911
Ibovespa;18/10/2011;55031
Ibovespa;19/10/2011;54966
Ibovespa;20/10/2011;54009
Ibovespa;21/10/2011;55255
Ibovespa;24/10/2011;56891
Ibovespa;25/10/2011;56285
Ibovespa;26/10/2011;57143
Ibovespa;27/10/2011;59270
Ibovespa;28/10/2011;59513
Ibovespa;31/10/2011;58338
Ibovespa;01/11/2011;57322
Ibovespa;03/11/2011;58196
Ibovespa;04/11/2011;58669
Ibovespa;07/11/2011;59198
Ibovespa;08/11/2011;59026
Ibovespa;09/11/2011;57549
Ibovespa;10/11/2011;57321
Ibovespa;11/11/2011;58546
Ibovespa;14/11/2011;58258
Ibovespa;16/11/2011;58559
Ibovespa;17/11/2011;56988
Ibovespa;18/11/2011;56731
Ibovespa;21/11/2011;56284
Ibovespa;22/11/2011;55878
Ibovespa;23/11/2011;54972
Ibovespa;24/11/2011;55279
Ibovespa;25/11/2011;54894
Ibovespa;28/11/2011;56017
Ibovespa;29/11/2011;55299
Ibovespa;30/11/2011;56874
Ibovespa;01/12/2011;58143
Ibovespa;02/12/2011;57885
Ibovespa;05/12/2011;58910
Ibovespa;06/12/2011;59536
Ibovespa;07/12/2011;58662
Ibovespa;08/12/2011;57455
Ibovespa;09/12/2011;58236
Ibovespa;12/12/2011;57346
Ibovespa;13/12/2011;57494
Ibovespa;14/12/2011;56646
Ibovespa;15/12/2011;56331
Ibovespa;16/12/2011;56096
Ibovespa;19/12/2011;55298
Ibovespa;20/12/2011;56864
Ibovespa;21/12/2011;56653
Ibovespa;22/12/2011;57347
Ibovespa;23/12/2011;57701
Ibovespa;26/12/2011;57669
Ibovespa;27/12/2011;58005
Ibovespa;28/12/2011;56533
Ibovespa;29/12/2011;56754
Ibovespa;30/12/2011;56754
Ibovespa;02/01/2012;57829
Ibovespa;03/01/2012;59264
Ibovespa;04/01/2012;59364
Ibovespa;05/01/2012;58546
Ibovespa;06/01/2012;58600
Ibovespa;09/01/2012;59082
Ibovespa;10/01/2012;59805
Ibovespa;11/01/2012;59962
Ibovespa;12/01/2012;59920
Ibovespa;13/01/2012;59146
Ibovespa;16/01/2012;59956
Ibovespa;17/01/2012;60645
Ibovespa;18/01/2012;61722
Ibovespa;19/01/2012;61926
Ibovespa;20/01/2012;62312
Ibovespa;23/01/2012;62386
Ibovespa;24/01/2012;62486
Ibovespa;25/01/2012;62486
Ibovespa;26/01/2012;62953
Ibovespa;27/01/2012;62904
Ibovespa;30/01/2012;62770
Ibovespa;31/01/2012;63072
Ibovespa;01/02/2012;64567
Ibovespa;02/02/2012;64593
Ibovespa;03/02/2012;65217
Ibovespa;06/02/2012;65223
Ibovespa;07/02/2012;65917
Ibovespa;08/02/2012;65831
Ibovespa;09/02/2012;65530
Ibovespa;10/02/2012;63997
Ibovespa;13/02/2012;65691
Ibovespa;14/02/2012;65038
Ibovespa;15/02/2012;65368
Ibovespa;16/02/2012;66141
Ibovespa;17/02/2012;66203
Ibovespa;22/02/2012;66092
Ibovespa;23/02/2012;65819
Ibovespa;24/02/2012;65942
Ibovespa;27/02/2012;65241
Ibovespa;28/02/2012;65958
Ibovespa;29/02/2012;65811
Ibovespa;01/03/2012;66809
Ibovespa;02/03/2012;67781
Ibovespa;05/03/2012;66964
Ibovespa;06/03/2012;65114
Ibovespa;07/03/2012;66016
Ibovespa;08/03/2012;66908
Ibovespa;09/03/2012;66703
Ibovespa;12/03/2012;66384
Ibovespa;13/03/2012;68394
Ibovespa;14/03/2012;68257
Ibovespa;15/03/2012;67749
Ibovespa;16/03/2012;67684
Ibovespa;19/03/2012;67730
Ibovespa;20/03/2012;67295
Ibovespa;21/03/2012;66860
Ibovespa;22/03/2012;65828
Ibovespa;23/03/2012;65812
Ibovespa;26/03/2012;66684
Ibovespa;27/03/2012;66037
Ibovespa;28/03/2012;65079
Ibovespa;29/03/2012;64871
Ibovespa;30/03/2012;64510
Ibovespa;02/04/2012;65216
Ibovespa;03/04/2012;64284
Ibovespa;04/04/2012;63528
Ibovespa;05/04/2012;63691
Ibovespa;09/04/2012;62923
Ibovespa;10/04/2012;61738
Ibovespa;11/04/2012;61293
Ibovespa;12/04/2012;63058
Ibovespa;13/04/2012;62105
Ibovespa;16/04/2012;61954
Ibovespa;17/04/2012;62698
Ibovespa;18/04/2012;63010
Ibovespa;19/04/2012;62618
Ibovespa;20/04/2012;62494
Ibovespa;23/04/2012;61539
Ibovespa;24/04/2012;61971
Ibovespa;25/04/2012;61750
Ibovespa;26/04/2012;62198
Ibovespa;27/04/2012;61691
Ibovespa;30/04/2012;61820
Ibovespa;02/05/2012;62423
Ibovespa;03/05/2012;62104
Ibovespa;04/05/2012;60820
Ibovespa;07/05/2012;61220
Ibovespa;08/05/2012;60365
Ibovespa;09/05/2012;59786
Ibovespa;10/05/2012;59702
Ibovespa;11/05/2012;59445
Ibovespa;14/05/2012;57539
Ibovespa;15/05/2012;56237
Ibovespa;16/05/2012;55887
Ibovespa;17/05/2012;54038
Ibovespa;18/05/2012;54513
Ibovespa;21/05/2012;56590
Ibovespa;22/05/2012;55038
Ibovespa;23/05/2012;54619
Ibovespa;24/05/2012;54063
Ibovespa;25/05/2012;54463
Ibovespa;28/05/2012;55212
Ibovespa;29/05/2012;54633
Ibovespa;30/05/2012;53797
Ibovespa;31/05/2012;54490
Ibovespa;01/06/2012;53402
Ibovespa;04/06/2012;53416
Ibovespa;05/06/2012;52481
Ibovespa;06/06/2012;54156
Ibovespa;08/06/2012;54429
Ibovespa;11/06/2012;54001
Ibovespa;12/06/2012;55049
Ibovespa;13/06/2012;55650
Ibovespa;14/06/2012;55351
Ibovespa;15/06/2012;56104
Ibovespa;18/06/2012;56195
Ibovespa;19/06/2012;57195
Ibovespa;20/06/2012;57166
Ibovespa;21/06/2012;55505
Ibovespa;22/06/2012;55439
Ibovespa;25/06/2012;53805
Ibovespa;26/06/2012;53836
Ibovespa;27/06/2012;53108
Ibovespa;28/06/2012;52652
Ibovespa;29/06/2012;54354
Ibovespa;02/07/2012;54692
Ibovespa;03/07/2012;55780
Ibovespa;04/07/2012;56076
Ibovespa;05/07/2012;56379
Ibovespa;06/07/2012;55394
Ibovespa;09/07/2012;55394
Ibovespa;10/07/2012;53705
Ibovespa;11/07/2012;53569
Ibovespa;12/07/2012;53420
Ibovespa;13/07/2012;54330
Ibovespa;16/07/2012;53401
Ibovespa;17/07/2012;53909
Ibovespa;18/07/2012;54583
Ibovespa;19/07/2012;55346
Ibovespa;20/07/2012;54194
Ibovespa;23/07/2012;53033
Ibovespa;24/07/2012;52638
Ibovespa;25/07/2012;52607
Ibovespa;26/07/2012;54002
Ibovespa;27/07/2012;56553
Ibovespa;30/07/2012;57240
Ibovespa;31/07/2012;56097
Ibovespa;01/08/2012;56291
Ibovespa;02/08/2012;55520
Ibovespa;03/08/2012;57255
Ibovespa;06/08/2012;58344
Ibovespa;07/08/2012;57725
Ibovespa;08/08/2012;58950
Ibovespa;09/08/2012;58797
Ibovespa;10/08/2012;59280
Ibovespa;13/08/2012;59122
Ibovespa;14/08/2012;58082
Ibovespa;15/08/2012;58189
Ibovespa;16/08/2012;59445
Ibovespa;17/08/2012;59082
Ibovespa;20/08/2012;59283
Ibovespa;21/08/2012;58917
Ibovespa;22/08/2012;59380
Ibovespa;23/08/2012;58511
Ibovespa;24/08/2012;58425
Ibovespa;27/08/2012;58111
Ibovespa;28/08/2012;58406
Ibovespa;29/08/2012;57369
Ibovespa;30/08/2012;57256
Ibovespa;31/08/2012;57061
Ibovespa;03/09/2012;57281
Ibovespa;04/09/2012;56233
Ibovespa;05/09/2012;56863
Ibovespa;06/09/2012;58321
Ibovespa;10/09/2012;58404
Ibovespa;11/09/2012;59422
Ibovespa;12/09/2012;59921
Ibovespa;13/09/2012;61958
Ibovespa;14/09/2012;62105
Ibovespa;17/09/2012;61805
Ibovespa;18/09/2012;61804
Ibovespa;19/09/2012;61651
Ibovespa;20/09/2012;61687
Ibovespa;21/09/2012;61320
Ibovespa;24/09/2012;61909
Ibovespa;25/09/2012;60501
Ibovespa;26/09/2012;60478
Ibovespa;27/09/2012;60239
Ibovespa;28/09/2012;59175
Ibovespa;01/10/2012;59570
Ibovespa;02/10/2012;59222
Ibovespa;03/10/2012;58627
Ibovespa;04/10/2012;58458
Ibovespa;05/10/2012;58571
Ibovespa;08/10/2012;59317
Ibovespa;09/10/2012;58939
Ibovespa;10/10/2012;58456
Ibovespa;11/10/2012;59161
Ibovespa;15/10/2012;59601
Ibovespa;16/10/2012;59743
Ibovespa;17/10/2012;60087
Ibovespa;18/10/2012;59733
Ibovespa;19/10/2012;58922
Ibovespa;22/10/2012;58700
Ibovespa;23/10/2012;57690
Ibovespa;24/10/2012;57160
Ibovespa;25/10/2012;57836
Ibovespa;26/10/2012;57276
Ibovespa;29/10/2012;57176
Ibovespa;30/10/2012;57683
Ibovespa;31/10/2012;57068
Ibovespa;01/11/2012;58382
Ibovespa;05/11/2012;58209
Ibovespa;06/11/2012;59458
Ibovespa;07/11/2012;58517
Ibovespa;08/11/2012;57524
Ibovespa;09/11/2012;57357
Ibovespa;12/11/2012;57064
Ibovespa;13/11/2012;57486
Ibovespa;14/11/2012;56279
Ibovespa;16/11/2012;55402
Ibovespa;19/11/2012;56450
Ibovespa;20/11/2012;56450
Ibovespa;21/11/2012;56242
Ibovespa;22/11/2012;56436
Ibovespa;23/11/2012;57574
Ibovespa;26/11/2012;56737
Ibovespa;27/11/2012;56248
Ibovespa;28/11/2012;56539
Ibovespa;29/11/2012;57852
Ibovespa;30/11/2012;57474
Ibovespa;03/12/2012;58202
Ibovespa;04/12/2012;57563
Ibovespa;05/12/2012;57678
Ibovespa;06/12/2012;57656
Ibovespa;07/12/2012;58487
Ibovespa;10/12/2012;59248
Ibovespa;11/12/2012;59623
Ibovespa;12/12/2012;59474
Ibovespa;13/12/2012;59316
Ibovespa;14/12/2012;59604
Ibovespa;17/12/2012;59566
Ibovespa;18/12/2012;60460
Ibovespa;19/12/2012;60998
Ibovespa;20/12/2012;61276
Ibovespa;21/12/2012;61007
Ibovespa;24/12/2012;61007
Ibovespa;26/12/2012;60959
Ibovespa;27/12/2012;60415
Ibovespa;28/12/2012;60952
Ibovespa;31/12/2012;60952
Ibovespa;02/01/2013;62550
Ibovespa;03/01/2013;63312
Ibovespa;04/01/2013;62523
Ibovespa;07/01/2013;61932
Ibovespa;08/01/2013;61127
Ibovespa;09/01/2013;61578
Ibovespa;10/01/2013;61678
Ibovespa;11/01/2013;61497
Ibovespa;14/01/2013;62080
Ibovespa;15/01/2013;61727
Ibovespa;16/01/2013;61787
Ibovespa;17/01/2013;62194
Ibovespa;18/01/2013;61956
Ibovespa;21/01/2013;61899
Ibovespa;22/01/2013;61692
Ibovespa;23/01/2013;61966
Ibovespa;24/01/2013;61169
Ibovespa;25/01/2013;61169
Ibovespa;28/01/2013;60027
Ibovespa;29/01/2013;60406
Ibovespa;30/01/2013;59336
Ibovespa;31/01/2013;59761
Ibovespa;01/02/2013;60351
Ibovespa;04/02/2013;59575
Ibovespa;05/02/2013;59444
Ibovespa;06/02/2013;58951
Ibovespa;07/02/2013;58372
Ibovespa;08/02/2013;58497
Ibovespa;13/02/2013;58405
Ibovespa;14/02/2013;58077
Ibovespa;15/02/2013;57903
Ibovespa;18/02/2013;57613
Ibovespa;19/02/2013;57314
Ibovespa;20/02/2013;56177
Ibovespa;21/02/2013;56154
Ibovespa;22/02/2013;56697
Ibovespa;25/02/2013;56617
Ibovespa;26/02/2013;56948
Ibovespa;27/02/2013;57273
Ibovespa;28/02/2013;57424
Ibovespa;01/03/2013;56883
Ibovespa;04/03/2013;56499
Ibovespa;05/03/2013;55950
Ibovespa;06/03/2013;57940
Ibovespa;07/03/2013;58846
Ibovespa;08/03/2013;58432
Ibovespa;11/03/2013;58544
Ibovespa;12/03/2013;58208
Ibovespa;13/03/2013;57385
Ibovespa;14/03/2013;57281
Ibovespa;15/03/2013;56869
Ibovespa;18/03/2013;56972
Ibovespa;19/03/2013;56361
Ibovespa;20/03/2013;56030
Ibovespa;21/03/2013;55576
Ibovespa;22/03/2013;55243
Ibovespa;25/03/2013;54873
Ibovespa;26/03/2013;55671
Ibovespa;27/03/2013;56034
Ibovespa;28/03/2013;56352
Ibovespa;01/04/2013;55902
Ibovespa;02/04/2013;54889
Ibovespa;03/04/2013;55562
Ibovespa;04/04/2013;54648
Ibovespa;05/04/2013;55050
Ibovespa;08/04/2013;55092
Ibovespa;09/04/2013;55912
Ibovespa;10/04/2013;56186
Ibovespa;11/04/2013;55400
Ibovespa;12/04/2013;54962
Ibovespa;15/04/2013;52949
Ibovespa;16/04/2013;53990
Ibovespa;17/04/2013;52881
Ibovespa;18/04/2013;53165
Ibovespa;19/04/2013;53928
Ibovespa;22/04/2013;54297
Ibovespa;23/04/2013;54884
Ibovespa;24/04/2013;54984
Ibovespa;25/04/2013;54963
Ibovespa;26/04/2013;54252
Ibovespa;29/04/2013;54887
Ibovespa;30/04/2013;55910
Ibovespa;02/05/2013;55321
Ibovespa;03/05/2013;55488
Ibovespa;06/05/2013;55429
Ibovespa;07/05/2013;56274
Ibovespa;08/05/2013;55804
Ibovespa;09/05/2013;55447
Ibovespa;10/05/2013;55107
Ibovespa;13/05/2013;54447
Ibovespa;14/05/2013;54666
Ibovespa;15/05/2013;54936
Ibovespa;16/05/2013;54772
Ibovespa;17/05/2013;55164
Ibovespa;20/05/2013;55700
Ibovespa;21/05/2013;56265
Ibovespa;22/05/2013;56429
Ibovespa;23/05/2013;56349
Ibovespa;24/05/2013;56406
Ibovespa;27/05/2013;56395
Ibovespa;28/05/2013;56036
Ibovespa;29/05/2013;54634
Ibovespa;31/05/2013;53506
Ibovespa;03/06/2013;53944
Ibovespa;04/06/2013;54017
Ibovespa;05/06/2013;52798
Ibovespa;06/06/2013;52884
Ibovespa;07/06/2013;51618
Ibovespa;10/06/2013;51316
Ibovespa;11/06/2013;49769
Ibovespa;12/06/2013;49180
Ibovespa;13/06/2013;50414
Ibovespa;14/06/2013;49332
Ibovespa;17/06/2013;49088
Ibovespa;18/06/2013;49464
Ibovespa;19/06/2013;47893
Ibovespa;20/06/2013;48214
Ibovespa;21/06/2013;47056
Ibovespa;24/06/2013;45965
Ibovespa;25/06/2013;46893
Ibovespa;26/06/2013;47171
Ibovespa;27/06/2013;47609
Ibovespa;28/06/2013;47457
Ibovespa;01/07/2013;47229
Ibovespa;02/07/2013;45228
Ibovespa;03/07/2013;45044
Ibovespa;04/07/2013;45763
Ibovespa;05/07/2013;45210
Ibovespa;08/07/2013;45075
Ibovespa;09/07/2013;45075
Ibovespa;10/07/2013;45483
Ibovespa;11/07/2013;46626
Ibovespa;12/07/2013;45533
Ibovespa;15/07/2013;46738
Ibovespa;16/07/2013;46869
Ibovespa;17/07/2013;47407
Ibovespa;18/07/2013;47656
Ibovespa;19/07/2013;47400
Ibovespa;22/07/2013;48574
Ibovespa;23/07/2013;48819
Ibovespa;24/07/2013;48374
Ibovespa;25/07/2013;49066
Ibovespa;26/07/2013;49422
Ibovespa;29/07/2013;49212
Ibovespa;30/07/2013;48561
Ibovespa;31/07/2013;48234
Ibovespa;01/08/2013;49140
Ibovespa;02/08/2013;48474
Ibovespa;05/08/2013;48436
Ibovespa;06/08/2013;47421
Ibovespa;07/08/2013;47446
Ibovespa;08/08/2013;48928
Ibovespa;09/08/2013;49874
Ibovespa;12/08/2013;50299
Ibovespa;13/08/2013;50600
Ibovespa;14/08/2013;50895
Ibovespa;15/08/2013;50908
Ibovespa;16/08/2013;51538
Ibovespa;19/08/2013;51574
Ibovespa;20/08/2013;50507
Ibovespa;21/08/2013;50405
Ibovespa;22/08/2013;51397
Ibovespa;23/08/2013;52197
Ibovespa;26/08/2013;51429
Ibovespa;27/08/2013;50091
Ibovespa;28/08/2013;49866
Ibovespa;29/08/2013;49921
Ibovespa;30/08/2013;50011
Ibovespa;02/09/2013;51835
Ibovespa;03/09/2013;51625
Ibovespa;04/09/2013;51716
Ibovespa;05/09/2013;52351
Ibovespa;06/09/2013;53749
Ibovespa;09/09/2013;54251
Ibovespa;10/09/2013;53979
Ibovespa;11/09/2013;53570
Ibovespa;12/09/2013;53307
Ibovespa;13/09/2013;53797
Ibovespa;16/09/2013;53821
Ibovespa;17/09/2013;54271
Ibovespa;18/09/2013;55702
Ibovespa;19/09/2013;55095
Ibovespa;20/09/2013;54110
Ibovespa;23/09/2013;54602
Ibovespa;24/09/2013;54431
Ibovespa;25/09/2013;54261
Ibovespa;26/09/2013;53782
Ibovespa;27/09/2013;53738
Ibovespa;30/09/2013;52338
Ibovespa;01/10/2013;53179
Ibovespa;02/10/2013;53100
Ibovespa;03/10/2013;52489
Ibovespa;04/10/2013;52848
Ibovespa;07/10/2013;52417
Ibovespa;08/10/2013;52312
Ibovespa;09/10/2013;52547
Ibovespa;10/10/2013;52996
Ibovespa;11/10/2013;53149
Ibovespa;14/10/2013;54170
Ibovespa;15/10/2013;54980
Ibovespa;16/10/2013;55973
Ibovespa;17/10/2013;55358
Ibovespa;18/10/2013;55378
Ibovespa;21/10/2013;56077
Ibovespa;22/10/2013;56460
Ibovespa;23/10/2013;55440
Ibovespa;24/10/2013;54877
Ibovespa;25/10/2013;54154
Ibovespa;28/10/2013;55073
Ibovespa;29/10/2013;54538
Ibovespa;30/10/2013;54172
Ibovespa;31/10/2013;54256
Ibovespa;01/11/2013;54013
Ibovespa;04/11/2013;54436
Ibovespa;05/11/2013;53831
Ibovespa;06/11/2013;53384
Ibovespa;07/11/2013;52740
Ibovespa;08/11/2013;52248
Ibovespa;11/11/2013;52623
Ibovespa;12/11/2013;51804
Ibovespa;13/11/2013;52230
Ibovespa;14/11/2013;53451
Ibovespa;18/11/2013;54307
Ibovespa;19/11/2013;53032
Ibovespa;20/11/2013;53032
Ibovespa;21/11/2013;52688
Ibovespa;22/11/2013;52800
Ibovespa;25/11/2013;52263
Ibovespa;26/11/2013;51446
Ibovespa;27/11/2013;51861
Ibovespa;28/11/2013;51846
Ibovespa;29/11/2013;52482
Ibovespa;02/12/2013;51244
Ibovespa;03/12/2013;50348
Ibovespa;04/12/2013;50215
Ibovespa;05/12/2013;50787
Ibovespa;06/12/2013;50944
Ibovespa;09/12/2013;51165
Ibovespa;10/12/2013;50993
Ibovespa;11/12/2013;50067
Ibovespa;12/12/2013;50121
Ibovespa;13/12/2013;50051
Ibovespa;16/12/2013;50279
Ibovespa;17/12/2013;50090
Ibovespa;18/12/2013;50563
Ibovespa;19/12/2013;51633
Ibovespa;20/12/2013;51185
Ibovespa;23/12/2013;51356
Ibovespa;24/12/2013;51356
Ibovespa;26/12/2013;51221
Ibovespa;27/12/2013;51266
Ibovespa;30/12/2013;51507
Ibovespa;31/12/2013;51507
Ibovespa;02/01/2014;50341
Ibovespa;03/01/2014;50981
Ibovespa;06/01/2014;50973
Ibovespa;07/01/2014;50430
Ibovespa;08/01/2014;50576
Ibovespa;09/01/2014;49321
Ibovespa;10/01/2014;49696
Ibovespa;13/01/2014;49426
Ibovespa;14/01/2014;49703
Ibovespa;15/01/2014;50105
Ibovespa;16/01/2014;49696
Ibovespa;17/01/2014;49181
Ibovespa;20/01/2014;48708
Ibovespa;21/01/2014;48542
Ibovespa;22/01/2014;49299
Ibovespa;23/01/2014;48320
Ibovespa;24/01/2014;47787
Ibovespa;27/01/2014;47701
Ibovespa;28/01/2014;47840
Ibovespa;29/01/2014;47556
Ibovespa;30/01/2014;47244
Ibovespa;31/01/2014;47638
Ibovespa;03/02/2014;46147
Ibovespa;04/02/2014;46964
Ibovespa;05/02/2014;46624
Ibovespa;06/02/2014;47738
Ibovespa;07/02/2014;48073
Ibovespa;10/02/2014;47710
Ibovespa;11/02/2014;48462
Ibovespa;12/02/2014;48216
Ibovespa;13/02/2014;47812
Ibovespa;14/02/2014;48201
Ibovespa;17/02/2014;47576
Ibovespa;18/02/2014;46599
Ibovespa;19/02/2014;47150
Ibovespa;20/02/2014;47288
Ibovespa;21/02/2014;47380
Ibovespa;24/02/2014;47393
Ibovespa;25/02/2014;46715
Ibovespa;26/02/2014;46599
Ibovespa;27/02/2014;47606
Ibovespa;28/02/2014;47094
Ibovespa;05/03/2014;46589
Ibovespa;06/03/2014;47093
Ibovespa;07/03/2014;46244
Ibovespa;10/03/2014;45533
Ibovespa;11/03/2014;45697
Ibovespa;12/03/2014;45861
Ibovespa;13/03/2014;45443
Ibovespa;14/03/2014;44965
Ibovespa;17/03/2014;45117
Ibovespa;18/03/2014;46150
Ibovespa;19/03/2014;46567
Ibovespa;20/03/2014;47278
Ibovespa;21/03/2014;47380
Ibovespa;24/03/2014;47993
Ibovespa;25/03/2014;48180
Ibovespa;26/03/2014;47965
Ibovespa;27/03/2014;49646
Ibovespa;28/03/2014;49768
Ibovespa;31/03/2014;50414
Ibovespa;01/04/2014;50270
Ibovespa;02/04/2014;51701
Ibovespa;03/04/2014;51408
Ibovespa;04/04/2014;51081
Ibovespa;07/04/2014;52155
Ibovespa;08/04/2014;51629
Ibovespa;09/04/2014;51185
Ibovespa;10/04/2014;51127
Ibovespa;11/04/2014;51867
Ibovespa;14/04/2014;51596
Ibovespa;15/04/2014;50454
Ibovespa;16/04/2014;51200
Ibovespa;17/04/2014;52111
Ibovespa;22/04/2014;51976
Ibovespa;23/04/2014;51569
Ibovespa;24/04/2014;51817
Ibovespa;25/04/2014;51399
Ibovespa;28/04/2014;51383
Ibovespa;29/04/2014;51838
Ibovespa;30/04/2014;51626
Ibovespa;02/05/2014;52980
Ibovespa;05/05/2014;53446
Ibovespa;06/05/2014;53779
Ibovespa;07/05/2014;54052
Ibovespa;08/05/2014;53422
Ibovespa;09/05/2014;53100
Ibovespa;12/05/2014;54052
Ibovespa;13/05/2014;53907
Ibovespa;14/05/2014;54412
Ibovespa;15/05/2014;53855
Ibovespa;16/05/2014;53975
Ibovespa;19/05/2014;53353
Ibovespa;20/05/2014;52366
Ibovespa;21/05/2014;52203
Ibovespa;22/05/2014;52806
Ibovespa;23/05/2014;52626
Ibovespa;26/05/2014;52932
Ibovespa;27/05/2014;52173
Ibovespa;28/05/2014;52639
Ibovespa;29/05/2014;52239
Ibovespa;30/05/2014;51239
Ibovespa;02/06/2014;51605
Ibovespa;03/06/2014;52032
Ibovespa;04/06/2014;51832
Ibovespa;05/06/2014;51558
Ibovespa;06/06/2014;53128
Ibovespa;09/06/2014;54273
Ibovespa;10/06/2014;54604
Ibovespa;11/06/2014;55102
Ibovespa;12/06/2014;55102
Ibovespa;13/06/2014;54806
Ibovespa;16/06/2014;54629
Ibovespa;17/06/2014;54299
Ibovespa;18/06/2014;55202
Ibovespa;20/06/2014;54638
Ibovespa;23/06/2014;54210
Ibovespa;24/06/2014;54280
Ibovespa;25/06/2014;53425
Ibovespa;26/06/2014;53506
Ibovespa;27/06/2014;53157
Ibovespa;30/06/2014;53168
Ibovespa;01/07/2014;53171
Ibovespa;02/07/2014;53028
Ibovespa;03/07/2014;53874
Ibovespa;04/07/2014;54055
Ibovespa;07/07/2014;53801
Ibovespa;08/07/2014;53634
Ibovespa;09/07/2014;53634
Ibovespa;10/07/2014;54592
Ibovespa;11/07/2014;54785
Ibovespa;14/07/2014;55743
Ibovespa;15/07/2014;55973
Ibovespa;16/07/2014;55717
Ibovespa;17/07/2014;55637
Ibovespa;18/07/2014;57012
Ibovespa;21/07/2014;57633
Ibovespa;22/07/2014;57983
Ibovespa;23/07/2014;57419
Ibovespa;24/07/2014;57977
Ibovespa;25/07/2014;57821
Ibovespa;28/07/2014;57695
Ibovespa;29/07/2014;57118
Ibovespa;30/07/2014;56877
Ibovespa;31/07/2014;55829
Ibovespa;01/08/2014;55902
Ibovespa;04/08/2014;56616
Ibovespa;05/08/2014;56202
Ibovespa;06/08/2014;56487
Ibovespa;07/08/2014;56188
Ibovespa;08/08/2014;55572
Ibovespa;11/08/2014;56613
Ibovespa;12/08/2014;56442
Ibovespa;13/08/2014;55581
Ibovespa;14/08/2014;55780
Ibovespa;15/08/2014;56963
Ibovespa;18/08/2014;57560
Ibovespa;19/08/2014;58449
Ibovespa;20/08/2014;58878
Ibovespa;21/08/2014;58992
Ibovespa;22/08/2014;58407
Ibovespa;25/08/2014;59735
Ibovespa;26/08/2014;59821
Ibovespa;27/08/2014;60950
Ibovespa;28/08/2014;60290
Ibovespa;29/08/2014;61288
Ibovespa;01/09/2014;61141
Ibovespa;02/09/2014;61895
Ibovespa;03/09/2014;61837
Ibovespa;04/09/2014;60800
Ibovespa;05/09/2014;60681
Ibovespa;08/09/2014;59192
Ibovespa;09/09/2014;58676
Ibovespa;10/09/2014;58198
Ibovespa;11/09/2014;58337
Ibovespa;12/09/2014;56927
Ibovespa;15/09/2014;57948
Ibovespa;16/09/2014;59114
Ibovespa;17/09/2014;59108
Ibovespa;18/09/2014;58374
Ibovespa;19/09/2014;57788
Ibovespa;22/09/2014;56818
Ibovespa;23/09/2014;56540
Ibovespa;24/09/2014;56824
Ibovespa;25/09/2014;55962
Ibovespa;26/09/2014;57212
Ibovespa;29/09/2014;54625
Ibovespa;30/09/2014;54115
Ibovespa;01/10/2014;52858
Ibovespa;02/10/2014;53518
Ibovespa;03/10/2014;54539
Ibovespa;06/10/2014;57115
Ibovespa;07/10/2014;57436
Ibovespa;08/10/2014;57058
Ibovespa;09/10/2014;57267
Ibovespa;10/10/2014;55311
Ibovespa;13/10/2014;57956
Ibovespa;14/10/2014;58015
Ibovespa;15/10/2014;56135
Ibovespa;16/10/2014;54298
Ibovespa;17/10/2014;55723
Ibovespa;20/10/2014;54302
Ibovespa;21/10/2014;52432
Ibovespa;22/10/2014;52411
Ibovespa;23/10/2014;50713
Ibovespa;24/10/2014;51940
Ibovespa;27/10/2014;50503
Ibovespa;28/10/2014;52330
Ibovespa;29/10/2014;51049
Ibovespa;30/10/2014;52336
Ibovespa;31/10/2014;54628
Ibovespa;03/11/2014;53947
Ibovespa;04/11/2014;54383
Ibovespa;05/11/2014;53698
Ibovespa;06/11/2014;52637
Ibovespa;07/11/2014;53222
Ibovespa;10/11/2014;52725
Ibovespa;11/11/2014;52474
Ibovespa;12/11/2014;52978
Ibovespa;13/11/2014;51846
Ibovespa;14/11/2014;51772
Ibovespa;17/11/2014;51256
Ibovespa;18/11/2014;52061
Ibovespa;19/11/2014;53402
Ibovespa;20/11/2014;53402
Ibovespa;21/11/2014;56084
Ibovespa;24/11/2014;55406
Ibovespa;25/11/2014;55560
Ibovespa;26/11/2014;55098
Ibovespa;27/11/2014;54721
Ibovespa;28/11/2014;54724
Ibovespa;01/12/2014;52276
Ibovespa;02/12/2014;51612
Ibovespa;03/12/2014;52320
Ibovespa;04/12/2014;51426
Ibovespa;05/12/2014;51992
Ibovespa;08/12/2014;50274
Ibovespa;09/12/2014;50193
Ibovespa;10/12/2014;49548
Ibovespa;11/12/2014;49861
Ibovespa;12/12/2014;48001
Ibovespa;15/12/2014;47018
Ibovespa;16/12/2014;47007
Ibovespa;17/12/2014;48713
Ibovespa;18/12/2014;48495
Ibovespa;19/12/2014;49650
Ibovespa;22/12/2014;50120
Ibovespa;23/12/2014;50889
Ibovespa;24/12/2014;50889
Ibovespa;26/12/2014;50144
Ibovespa;29/12/2014;50593
Ibovespa;30/12/2014;50007
Ibovespa;31/12/2014;50007
Ibovespa;02/01/2015;48512
Ibovespa;05/01/2015;47516
Ibovespa;06/01/2015;48000
Ibovespa;07/01/2015;49462
Ibovespa;08/01/2015;49943
Ibovespa;09/01/2015;48840
Ibovespa;12/01/2015;48139
Ibovespa;13/01/2015;48041
Ibovespa;14/01/2015;47645
Ibovespa;15/01/2015;48026
Ibovespa;16/01/2015;49016
Ibovespa;19/01/2015;47758
Ibovespa;20/01/2015;47876
Ibovespa;21/01/2015;49224
Ibovespa;22/01/2015;49442
Ibovespa;23/01/2015;48775
Ibovespa;26/01/2015;48576
Ibovespa;27/01/2015;48591
Ibovespa;28/01/2015;47694
Ibovespa;29/01/2015;47762
Ibovespa;30/01/2015;46907
Ibovespa;02/02/2015;47650
Ibovespa;03/02/2015;48963
Ibovespa;04/02/2015;49301
Ibovespa;05/02/2015;49233
Ibovespa;06/02/2015;48792
Ibovespa;09/02/2015;49382
Ibovespa;10/02/2015;48510
Ibovespa;11/02/2015;48239
Ibovespa;12/02/2015;49532
Ibovespa;13/02/2015;50635
Ibovespa;18/02/2015;51280
Ibovespa;19/02/2015;51294
Ibovespa;20/02/2015;51237
Ibovespa;23/02/2015;51280
Ibovespa;24/02/2015;51874
Ibovespa;25/02/2015;51811
Ibovespa;26/02/2015;51760
Ibovespa;27/02/2015;51583
Ibovespa;02/03/2015;51020
Ibovespa;03/03/2015;51304
Ibovespa;04/03/2015;50468
Ibovespa;05/03/2015;50365
Ibovespa;06/03/2015;49981
Ibovespa;09/03/2015;49181
Ibovespa;10/03/2015;48293
Ibovespa;11/03/2015;48905
Ibovespa;12/03/2015;48880
Ibovespa;13/03/2015;48595
Ibovespa;16/03/2015;48848
Ibovespa;17/03/2015;50285
Ibovespa;18/03/2015;51526
Ibovespa;19/03/2015;50953
Ibovespa;20/03/2015;51966
Ibovespa;23/03/2015;51908
Ibovespa;24/03/2015;51506
Ibovespa;25/03/2015;51858
Ibovespa;26/03/2015;50579
Ibovespa;27/03/2015;50094
Ibovespa;30/03/2015;51243
Ibovespa;31/03/2015;51150
Ibovespa;01/04/2015;52321
Ibovespa;02/04/2015;53123
Ibovespa;06/04/2015;53737
Ibovespa;07/04/2015;53729
Ibovespa;08/04/2015;53661
Ibovespa;09/04/2015;53802
Ibovespa;10/04/2015;54214
Ibovespa;13/04/2015;54239
Ibovespa;14/04/2015;53981
Ibovespa;15/04/2015;54918
Ibovespa;16/04/2015;54674
Ibovespa;17/04/2015;53954
Ibovespa;20/04/2015;53761
Ibovespa;22/04/2015;54617
Ibovespa;23/04/2015;55684
Ibovespa;24/04/2015;56594
Ibovespa;27/04/2015;55534
Ibovespa;28/04/2015;55812
Ibovespa;29/04/2015;55325
Ibovespa;30/04/2015;56229
Ibovespa;04/05/2015;57353
Ibovespa;05/05/2015;58051
Ibovespa;06/05/2015;57103
Ibovespa;07/05/2015;56921
Ibovespa;08/05/2015;57149
Ibovespa;11/05/2015;57197
Ibovespa;12/05/2015;56792
Ibovespa;13/05/2015;56372
Ibovespa;14/05/2015;56656
Ibovespa;15/05/2015;57248
Ibovespa;18/05/2015;56204
Ibovespa;19/05/2015;55498
Ibovespa;20/05/2015;54901
Ibovespa;21/05/2015;55112
Ibovespa;22/05/2015;54377
Ibovespa;25/05/2015;54609
Ibovespa;26/05/2015;53629
Ibovespa;27/05/2015;54236
Ibovespa;28/05/2015;53976
Ibovespa;29/05/2015;52760
Ibovespa;01/06/2015;53031
Ibovespa;02/06/2015;54236
Ibovespa;03/06/2015;53522
Ibovespa;05/06/2015;52973
Ibovespa;08/06/2015;52809
Ibovespa;09/06/2015;52815
Ibovespa;10/06/2015;53876
Ibovespa;11/06/2015;53688
Ibovespa;12/06/2015;53347
Ibovespa;15/06/2015;53137
Ibovespa;16/06/2015;53702
Ibovespa;17/06/2015;53248
Ibovespa;18/06/2015;54238
Ibovespa;19/06/2015;53749
Ibovespa;22/06/2015;53863
Ibovespa;23/06/2015;53772
Ibovespa;24/06/2015;53842
Ibovespa;25/06/2015;53175
Ibovespa;26/06/2015;54016
Ibovespa;29/06/2015;53014
Ibovespa;30/06/2015;53080
Ibovespa;01/07/2015;52757
Ibovespa;02/07/2015;53106
Ibovespa;03/07/2015;52519
Ibovespa;06/07/2015;52149
Ibovespa;07/07/2015;52343
Ibovespa;08/07/2015;51781
Ibovespa;09/07/2015;51781
Ibovespa;10/07/2015;52590
Ibovespa;13/07/2015;53119
Ibovespa;14/07/2015;53239
Ibovespa;15/07/2015;52902
Ibovespa;16/07/2015;53069
Ibovespa;17/07/2015;52341
Ibovespa;20/07/2015;51600
Ibovespa;21/07/2015;51474
Ibovespa;22/07/2015;50915
Ibovespa;23/07/2015;49806
Ibovespa;24/07/2015;49245
Ibovespa;27/07/2015;48735
Ibovespa;28/07/2015;49601
Ibovespa;29/07/2015;50245
Ibovespa;30/07/2015;49897
Ibovespa;31/07/2015;50864
Ibovespa;03/08/2015;50138
Ibovespa;04/08/2015;50058
Ibovespa;05/08/2015;50287
Ibovespa;06/08/2015;50011
Ibovespa;07/08/2015;48577
Ibovespa;10/08/2015;49353
Ibovespa;11/08/2015;49072
Ibovespa;12/08/2015;48388
Ibovespa;13/08/2015;48009
Ibovespa;14/08/2015;47508
Ibovespa;17/08/2015;47217
Ibovespa;18/08/2015;47450
Ibovespa;19/08/2015;46588
Ibovespa;20/08/2015;46649
Ibovespa;21/08/2015;45719
Ibovespa;24/08/2015;44336
Ibovespa;25/08/2015;44544
Ibovespa;26/08/2015;46038
Ibovespa;27/08/2015;47715
Ibovespa;28/08/2015;47153
Ibovespa;31/08/2015;46625
Ibovespa;01/09/2015;45477
Ibovespa;02/09/2015;46463
Ibovespa;03/09/2015;47365
Ibovespa;04/09/2015;46497
Ibovespa;08/09/2015;46762
Ibovespa;09/09/2015;46657
Ibovespa;10/09/2015;46503
Ibovespa;11/09/2015;46400
Ibovespa;14/09/2015;47281
Ibovespa;15/09/2015;47364
Ibovespa;16/09/2015;48553
Ibovespa;17/09/2015;48551
Ibovespa;18/09/2015;47264
Ibovespa;21/09/2015;46590
Ibovespa;22/09/2015;46264
Ibovespa;23/09/2015;45340
Ibovespa;24/09/2015;45291
Ibovespa;25/09/2015;44831
Ibovespa;28/09/2015;43956
Ibovespa;29/09/2015;44131
Ibovespa;30/09/2015;45059
Ibovespa;01/10/2015;45313
Ibovespa;02/10/2015;47033
Ibovespa;05/10/2015;47598
Ibovespa;06/10/2015;47735
Ibovespa;07/10/2015;48914
Ibovespa;08/10/2015;49106
Ibovespa;09/10/2015;49338
Ibovespa;13/10/2015;47362
Ibovespa;14/10/2015;46710
Ibovespa;15/10/2015;47161
Ibovespa;16/10/2015;47236
Ibovespa;19/10/2015;47447
Ibovespa;20/10/2015;47076
Ibovespa;21/10/2015;47025
Ibovespa;22/10/2015;47772
Ibovespa;23/10/2015;47596
Ibovespa;26/10/2015;47209
Ibovespa;27/10/2015;47042
Ibovespa;28/10/2015;46740
Ibovespa;29/10/2015;45628
Ibovespa;30/10/2015;45868
Ibovespa;03/11/2015;48053
Ibovespa;04/11/2015;47710
Ibovespa;05/11/2015;48046
Ibovespa;06/11/2015;46918
Ibovespa;09/11/2015;46194
Ibovespa;10/11/2015;46206
Ibovespa;11/11/2015;47065
Ibovespa;12/11/2015;46883
Ibovespa;13/11/2015;46517
Ibovespa;16/11/2015;46846
Ibovespa;17/11/2015;47247
Ibovespa;18/11/2015;47435
Ibovespa;19/11/2015;48138
Ibovespa;20/11/2015;48138
Ibovespa;23/11/2015;48150
Ibovespa;24/11/2015;48284
Ibovespa;25/11/2015;46866
Ibovespa;26/11/2015;47145
Ibovespa;27/11/2015;45872
Ibovespa;30/11/2015;45120
Ibovespa;01/12/2015;45046
Ibovespa;02/12/2015;44914
Ibovespa;03/12/2015;46393
Ibovespa;04/12/2015;45360
Ibovespa;07/12/2015;45222
Ibovespa;08/12/2015;44443
Ibovespa;09/12/2015;46108
Ibovespa;10/12/2015;45630
Ibovespa;11/12/2015;45262
Ibovespa;14/12/2015;44747
Ibovespa;15/12/2015;44872
Ibovespa;16/12/2015;45015
Ibovespa;17/12/2015;45261
Ibovespa;18/12/2015;43910
Ibovespa;21/12/2015;43199
Ibovespa;22/12/2015;43469
Ibovespa;23/12/2015;44014
Ibovespa;24/12/2015;44014
Ibovespa;28/12/2015;43764
Ibovespa;29/12/2015;43653
Ibovespa;30/12/2015;43349
Ibovespa;31/12/2015;43349
Ibovespa;04/01/2016;42141
Ibovespa;05/01/2016;42419
Ibovespa;06/01/2016;41773
Ibovespa;07/01/2016;40694
Ibovespa;08/01/2016;40612
Ibovespa;11/01/2016;39950
Ibovespa;12/01/2016;39513
Ibovespa;13/01/2016;38944
Ibovespa;14/01/2016;39500
Ibovespa;15/01/2016;38569
Ibovespa;18/01/2016;37937
Ibovespa;19/01/2016;38057
Ibovespa;20/01/2016;37645
Ibovespa;21/01/2016;37717
Ibovespa;22/01/2016;38031
Ibovespa;25/01/2016;38031
Ibovespa;26/01/2016;37497
Ibovespa;27/01/2016;38376
Ibovespa;28/01/2016;38630
Ibovespa;29/01/2016;40405
Ibovespa;01/02/2016;40570
Ibovespa;02/02/2016;38596
Ibovespa;03/02/2016;39588
Ibovespa;04/02/2016;40821
Ibovespa;05/02/2016;40592
Ibovespa;10/02/2016;40376
Ibovespa;11/02/2016;39318
Ibovespa;12/02/2016;39808
Ibovespa;15/02/2016;40092
Ibovespa;16/02/2016;40947
Ibovespa;17/02/2016;41630
Ibovespa;18/02/2016;41477
Ibovespa;19/02/2016;41543
Ibovespa;22/02/2016;43234
Ibovespa;23/02/2016;42520
Ibovespa;24/02/2016;42084
Ibovespa;25/02/2016;41887
Ibovespa;26/02/2016;41593
Ibovespa;29/02/2016;42793
Ibovespa;01/03/2016;44121
Ibovespa;02/03/2016;44893
Ibovespa;03/03/2016;47193
Ibovespa;04/03/2016;49084
Ibovespa;07/03/2016;49246
Ibovespa;08/03/2016;49102
Ibovespa;09/03/2016;48665
Ibovespa;10/03/2016;49571
Ibovespa;11/03/2016;49638
Ibovespa;14/03/2016;48867
Ibovespa;15/03/2016;47130
Ibovespa;16/03/2016;47763
Ibovespa;17/03/2016;50913
Ibovespa;18/03/2016;50814
Ibovespa;21/03/2016;51171
Ibovespa;22/03/2016;51010
Ibovespa;23/03/2016;49690
Ibovespa;24/03/2016;49657
Ibovespa;28/03/2016;50838
Ibovespa;29/03/2016;51154
Ibovespa;30/03/2016;51248
Ibovespa;31/03/2016;50055
Ibovespa;01/04/2016;50561
Ibovespa;04/04/2016;48779
Ibovespa;05/04/2016;49053
Ibovespa;06/04/2016;48096
Ibovespa;07/04/2016;48513
Ibovespa;08/04/2016;50292
Ibovespa;11/04/2016;50165
Ibovespa;12/04/2016;52001
Ibovespa;13/04/2016;53149
Ibovespa;14/04/2016;52411
Ibovespa;15/04/2016;53227
Ibovespa;18/04/2016;52894
Ibovespa;19/04/2016;53710
Ibovespa;20/04/2016;53630
Ibovespa;22/04/2016;52907
Ibovespa;25/04/2016;51861
Ibovespa;26/04/2016;53082
Ibovespa;27/04/2016;54477
Ibovespa;28/04/2016;54311
Ibovespa;29/04/2016;53910
Ibovespa;02/05/2016;53561
Ibovespa;03/05/2016;52260
Ibovespa;04/05/2016;52552
Ibovespa;05/05/2016;51671
Ibovespa;06/05/2016;51717
Ibovespa;09/05/2016;50990
Ibovespa;10/05/2016;53070
Ibovespa;11/05/2016;52764
Ibovespa;12/05/2016;53241
Ibovespa;13/05/2016;51804
Ibovespa;16/05/2016;51802
Ibovespa;17/05/2016;50839
Ibovespa;18/05/2016;50561
Ibovespa;19/05/2016;50132
Ibovespa;20/05/2016;49722
Ibovespa;23/05/2016;49330
Ibovespa;24/05/2016;49345
Ibovespa;25/05/2016;49482
Ibovespa;27/05/2016;49051
Ibovespa;30/05/2016;48964
Ibovespa;31/05/2016;48471
Ibovespa;01/06/2016;49012
Ibovespa;02/06/2016;49887
Ibovespa;03/06/2016;50619
Ibovespa;06/06/2016;50431
Ibovespa;07/06/2016;50487
Ibovespa;08/06/2016;51629
Ibovespa;09/06/2016;51118
Ibovespa;10/06/2016;49422
Ibovespa;13/06/2016;49660
Ibovespa;14/06/2016;48648
Ibovespa;15/06/2016;48914
Ibovespa;16/06/2016;49411
Ibovespa;17/06/2016;49533
Ibovespa;20/06/2016;50329
Ibovespa;21/06/2016;50837
Ibovespa;22/06/2016;50156
Ibovespa;23/06/2016;51559
Ibovespa;24/06/2016;50105
Ibovespa;27/06/2016;49245
Ibovespa;28/06/2016;50006
Ibovespa;29/06/2016;51001
Ibovespa;30/06/2016;51526
Ibovespa;01/07/2016;52233
Ibovespa;04/07/2016;52568
Ibovespa;05/07/2016;51842
Ibovespa;06/07/2016;51901
Ibovespa;07/07/2016;52014
Ibovespa;08/07/2016;53140
Ibovespa;11/07/2016;53960
Ibovespa;12/07/2016;54256
Ibovespa;13/07/2016;54598
Ibovespa;14/07/2016;55480
Ibovespa;15/07/2016;55578
Ibovespa;18/07/2016;56484
Ibovespa;19/07/2016;56698
Ibovespa;20/07/2016;56578
Ibovespa;21/07/2016;56641
Ibovespa;22/07/2016;57002
Ibovespa;25/07/2016;56872
Ibovespa;26/07/2016;56782
Ibovespa;27/07/2016;56852
Ibovespa;28/07/2016;56667
Ibovespa;29/07/2016;57308
Ibovespa;01/08/2016;56755
Ibovespa;02/08/2016;56162
Ibovespa;03/08/2016;57076
Ibovespa;04/08/2016;57593
Ibovespa;05/08/2016;57661
Ibovespa;08/08/2016;57635
Ibovespa;09/08/2016;57689
Ibovespa;10/08/2016;56919
Ibovespa;11/08/2016;58299
Ibovespa;12/08/2016;58298
Ibovespa;15/08/2016;59145
Ibovespa;16/08/2016;58855
Ibovespa;17/08/2016;59323
Ibovespa;18/08/2016;59166
Ibovespa;19/08/2016;59098
Ibovespa;22/08/2016;57781
Ibovespa;23/08/2016;58020
Ibovespa;24/08/2016;57717
Ibovespa;25/08/2016;57722
Ibovespa;26/08/2016;57716
Ibovespa;29/08/2016;58610
Ibovespa;30/08/2016;58575
Ibovespa;31/08/2016;57901
Ibovespa;01/09/2016;58236
Ibovespa;02/09/2016;59616
Ibovespa;05/09/2016;59566
Ibovespa;06/09/2016;60129
Ibovespa;08/09/2016;60231
Ibovespa;09/09/2016;57999
Ibovespa;12/09/2016;58586
Ibovespa;13/09/2016;56820
Ibovespa;14/09/2016;57059
Ibovespa;15/09/2016;57909
Ibovespa;16/09/2016;57079
Ibovespa;19/09/2016;57350
Ibovespa;20/09/2016;57736
Ibovespa;21/09/2016;58393
Ibovespa;22/09/2016;58994
Ibovespa;23/09/2016;58697
Ibovespa;26/09/2016;58053
Ibovespa;27/09/2016;58382
Ibovespa;28/09/2016;59355
Ibovespa;29/09/2016;58350
Ibovespa;30/09/2016;58367
Ibovespa;03/10/2016;59461
Ibovespa;04/10/2016;59339
Ibovespa;05/10/2016;60254
Ibovespa;06/10/2016;60644
Ibovespa;07/10/2016;61108
Ibovespa;10/10/2016;61668
Ibovespa;11/10/2016;61021
Ibovespa;13/10/2016;61118
Ibovespa;14/10/2016;61767
Ibovespa;17/10/2016;62696
Ibovespa;18/10/2016;63782
Ibovespa;19/10/2016;63505
Ibovespa;20/10/2016;63837
Ibovespa;21/10/2016;64108
Ibovespa;24/10/2016;64059
Ibovespa;25/10/2016;63866
Ibovespa;26/10/2016;63825
Ibovespa;27/10/2016;64249
Ibovespa;28/10/2016;64307
Ibovespa;31/10/2016;64924
Ibovespa;01/11/2016;63326
Ibovespa;03/11/2016;61750
Ibovespa;04/11/2016;61598
Ibovespa;07/11/2016;64051
Ibovespa;08/11/2016;64157
Ibovespa;09/11/2016;63258
Ibovespa;10/11/2016;61200
Ibovespa;11/11/2016;59183
Ibovespa;14/11/2016;59657
Ibovespa;16/11/2016;60759
Ibovespa;17/11/2016;59770
Ibovespa;18/11/2016;59961
Ibovespa;21/11/2016;61070
Ibovespa;22/11/2016;61954
Ibovespa;23/11/2016;61985
Ibovespa;24/11/2016;61395
Ibovespa;25/11/2016;61559
Ibovespa;28/11/2016;62855
Ibovespa;29/11/2016;60986
Ibovespa;30/11/2016;61906
Ibovespa;01/12/2016;59506
Ibovespa;02/12/2016;60316
Ibovespa;05/12/2016;59831
Ibovespa;06/12/2016;61088
Ibovespa;07/12/2016;61414
Ibovespa;08/12/2016;60676
Ibovespa;09/12/2016;60500
Ibovespa;12/12/2016;59178
Ibovespa;13/12/2016;59280
Ibovespa;14/12/2016;58212
Ibovespa;15/12/2016;58396
Ibovespa;16/12/2016;58389
Ibovespa;19/12/2016;57110
Ibovespa;20/12/2016;57582
Ibovespa;21/12/2016;57646
Ibovespa;22/12/2016;57255
Ibovespa;23/12/2016;57937
Ibovespa;26/12/2016;58620
Ibovespa;27/12/2016;58696
Ibovespa;28/12/2016;59781
Ibovespa;29/12/2016;60227
Ibovespa;30/12/2016;60227
Ibovespa;02/01/2017;59588
Ibovespa;03/01/2017;61813
Ibovespa;04/01/2017;61589
Ibovespa;05/01/2017;62070
Ibovespa;06/01/2017;61665
Ibovespa;09/01/2017;61700
Ibovespa;10/01/2017;62131
Ibovespa;11/01/2017;62446
Ibovespa;12/01/2017;63953
Ibovespa;13/01/2017;63651
Ibovespa;16/01/2017;63831
Ibovespa;17/01/2017;64354
Ibovespa;18/01/2017;64149
Ibovespa;19/01/2017;63950
Ibovespa;20/01/2017;64521
Ibovespa;23/01/2017;65748
Ibovespa;24/01/2017;65840
Ibovespa;25/01/2017;65840
Ibovespa;26/01/2017;66190
Ibovespa;27/01/2017;66033
Ibovespa;30/01/2017;64301
Ibovespa;31/01/2017;64670
Ibovespa;01/02/2017;64836
Ibovespa;02/02/2017;64578
Ibovespa;03/02/2017;64953
Ibovespa;06/02/2017;63992
Ibovespa;07/02/2017;64198
Ibovespa;08/02/2017;64835
Ibovespa;09/02/2017;64964
Ibovespa;10/02/2017;66124
Ibovespa;13/02/2017;66967
Ibovespa;14/02/2017;66712
Ibovespa;15/02/2017;67975
Ibovespa;16/02/2017;67814
Ibovespa;17/02/2017;67748
Ibovespa;20/02/2017;68532
Ibovespa;21/02/2017;69052
Ibovespa;22/02/2017;68589
Ibovespa;23/02/2017;67461
Ibovespa;24/02/2017;66662
Ibovespa;01/03/2017;66988
Ibovespa;02/03/2017;65854
Ibovespa;03/03/2017;66785
Ibovespa;06/03/2017;66341
Ibovespa;07/03/2017;65742
Ibovespa;08/03/2017;64718
Ibovespa;09/03/2017;64585
Ibovespa;10/03/2017;64675
Ibovespa;13/03/2017;65534
Ibovespa;14/03/2017;64699
Ibovespa;15/03/2017;66234
Ibovespa;16/03/2017;65782
Ibovespa;17/03/2017;64209
Ibovespa;20/03/2017;64884
Ibovespa;21/03/2017;62980
Ibovespa;22/03/2017;63521
Ibovespa;23/03/2017;63530
Ibovespa;24/03/2017;63853
Ibovespa;27/03/2017;64308
Ibovespa;28/03/2017;64640
Ibovespa;29/03/2017;65528
Ibovespa;30/03/2017;65265
Ibovespa;31/03/2017;64984
Ibovespa;03/04/2017;65211
Ibovespa;04/04/2017;65768
Ibovespa;05/04/2017;64774
Ibovespa;06/04/2017;64222
Ibovespa;07/04/2017;64593
Ibovespa;10/04/2017;64649
Ibovespa;11/04/2017;64359
Ibovespa;12/04/2017;63891
Ibovespa;13/04/2017;62826
Ibovespa;17/04/2017;64334
Ibovespa;18/04/2017;64158
Ibovespa;19/04/2017;63406
Ibovespa;20/04/2017;63760
Ibovespa;24/04/2017;64389
Ibovespa;25/04/2017;65148
Ibovespa;26/04/2017;64861
Ibovespa;27/04/2017;64676
Ibovespa;28/04/2017;65403
Ibovespa;02/05/2017;66721
Ibovespa;03/05/2017;66093
Ibovespa;04/05/2017;64862
Ibovespa;05/05/2017;65709
Ibovespa;08/05/2017;65526
Ibovespa;09/05/2017;66277
Ibovespa;10/05/2017;67349
Ibovespa;11/05/2017;67537
Ibovespa;12/05/2017;68221
Ibovespa;15/05/2017;68474
Ibovespa;16/05/2017;68684
Ibovespa;17/05/2017;67540
Ibovespa;18/05/2017;61597
Ibovespa;19/05/2017;62639
Ibovespa;22/05/2017;61673
Ibovespa;23/05/2017;62662
Ibovespa;24/05/2017;63257
Ibovespa;25/05/2017;63226
Ibovespa;26/05/2017;64085
Ibovespa;29/05/2017;63760
Ibovespa;30/05/2017;63962
Ibovespa;31/05/2017;62711
Ibovespa;01/06/2017;62288
Ibovespa;02/06/2017;62510
Ibovespa;05/06/2017;62450
Ibovespa;06/06/2017;62954
Ibovespa;07/06/2017;63170
Ibovespa;08/06/2017;62755
Ibovespa;09/06/2017;62210
Ibovespa;12/06/2017;61700
Ibovespa;13/06/2017;61828
Ibovespa;14/06/2017;61922
Ibovespa;16/06/2017;61626
Ibovespa;19/06/2017;62014
Ibovespa;20/06/2017;60766
Ibovespa;21/06/2017;60761
Ibovespa;22/06/2017;61272
Ibovespa;23/06/2017;61087
Ibovespa;26/06/2017;62188
Ibovespa;27/06/2017;61675
Ibovespa;28/06/2017;62017
Ibovespa;29/06/2017;62238
Ibovespa;30/06/2017;62899
Ibovespa;03/07/2017;63279
Ibovespa;04/07/2017;63231
Ibovespa;05/07/2017;63154
Ibovespa;06/07/2017;62470
Ibovespa;07/07/2017;62322
Ibovespa;10/07/2017;63025
Ibovespa;11/07/2017;63832
Ibovespa;12/07/2017;64835
Ibovespa;13/07/2017;65178
Ibovespa;14/07/2017;65436
Ibovespa;17/07/2017;65212
Ibovespa;18/07/2017;65337
Ibovespa;19/07/2017;65179
Ibovespa;20/07/2017;64938
Ibovespa;21/07/2017;64684
Ibovespa;24/07/2017;65099
Ibovespa;25/07/2017;65667
Ibovespa;26/07/2017;65010
Ibovespa;27/07/2017;65277
Ibovespa;28/07/2017;65497
Ibovespa;31/07/2017;65920
Ibovespa;01/08/2017;66516
Ibovespa;02/08/2017;67135
Ibovespa;03/08/2017;66777
Ibovespa;04/08/2017;66897
Ibovespa;07/08/2017;67939
Ibovespa;08/08/2017;67898
Ibovespa;09/08/2017;67671
Ibovespa;10/08/2017;66992
Ibovespa;11/08/2017;67358
Ibovespa;14/08/2017;68284
Ibovespa;15/08/2017;68355
Ibovespa;16/08/2017;68594
Ibovespa;17/08/2017;67976
Ibovespa;18/08/2017;68714
Ibovespa;21/08/2017;68634
Ibovespa;22/08/2017;70011
Ibovespa;23/08/2017;70477
Ibovespa;24/08/2017;71132
Ibovespa;25/08/2017;71073
Ibovespa;28/08/2017;71016
Ibovespa;29/08/2017;71329
Ibovespa;30/08/2017;70886
Ibovespa;31/08/2017;70835,05
Ibovespa;01/09/2017;71923,11
Ibovespa;04/09/2017;72128,83
Ibovespa;05/09/2017;72150,88
Ibovespa;06/09/2017;73412,41
Ibovespa;08/09/2017;73078,85
Ibovespa;11/09/2017;74319,22
Ibovespa;12/09/2017;74538,55
Ibovespa;13/09/2017;74787,57
Ibovespa;14/09/2017;74656,68
Ibovespa;15/09/2017;75756,52
Ibovespa;18/09/2017;75990,41
Ibovespa;19/09/2017;75974,18
Ibovespa;20/09/2017;76004,15
Ibovespa;21/09/2017;75604,34
Ibovespa;22/09/2017;75389,75
Ibovespa;25/09/2017;74443,47
Ibovespa;26/09/2017;74318,72
Ibovespa;27/09/2017;73796,71
Ibovespa;28/09/2017;73567,25
Ibovespa;29/09/2017;74293,51
Ibovespa;02/10/2017;74359,83
Ibovespa;03/10/2017;76762,91
Ibovespa;04/10/2017;76591,44
Ibovespa;05/10/2017;76617,53
Ibovespa;06/10/2017;76054,72
Ibovespa;09/10/2017;75726,81
Ibovespa;10/10/2017;76897,21
Ibovespa;11/10/2017;76659,8
Ibovespa;13/10/2017;76989,79
Ibovespa;16/10/2017;76891,84
Ibovespa;17/10/2017;76201,25
Ibovespa;18/10/2017;76591,09
Ibovespa;19/10/2017;76283,16
Ibovespa;20/10/2017;76390,51
Ibovespa;23/10/2017;75413,13
Ibovespa;24/10/2017;76350,19
Ibovespa;25/10/2017;76671,13
Ibovespa;26/10/2017;75896,35
Ibovespa;27/10/2017;75975,71
Ibovespa;30/10/2017;74800,33
Ibovespa;31/10/2017;74308,49
Ibovespa;01/11/2017;73823,74
Ibovespa;03/11/2017;73915,43
Ibovespa;06/11/2017;74310,79
Ibovespa;07/11/2017;72414,88
Ibovespa;08/11/2017;74363,13
Ibovespa;09/11/2017;72930,69
Ibovespa;10/11/2017;72165,64
Ibovespa;13/11/2017;72475,17
Ibovespa;14/11/2017;70826,59
Ibovespa;16/11/2017;72511,79
Ibovespa;17/11/2017;73437,28
Ibovespa;20/11/2017;73437,28
Ibovespa;21/11/2017;74594,61
Ibovespa;22/11/2017;74518,79
Ibovespa;23/11/2017;74486,58
Ibovespa;24/11/2017;74157,37
Ibovespa;27/11/2017;74058,92
Ibovespa;28/11/2017;74139,72
Ibovespa;29/11/2017;72700,45
Ibovespa;30/11/2017;71970,99
Ibovespa;01/12/2017;72264,45
Ibovespa;04/12/2017;73090,17
Ibovespa;05/12/2017;72546,17
Ibovespa;06/12/2017;73268,35
Ibovespa;07/12/2017;72487,46
Ibovespa;08/12/2017;72731,84
Ibovespa;11/12/2017;72800,04
Ibovespa;12/12/2017;73813,53
Ibovespa;13/12/2017;72914,33
Ibovespa;14/12/2017;72428,93
Ibovespa;15/12/2017;72607,7
Ibovespa;18/12/2017;73115,45
Ibovespa;19/12/2017;72680,37
Ibovespa;20/12/2017;73367,03
Ibovespa;21/12/2017;75133,43
Ibovespa;22/12/2017;75186,53
Ibovespa;26/12/2017;75707,73
Ibovespa;27/12/2017;76072,54
Ibovespa;28/12/2017;76402,08
Ibovespa;29/12/2017;76402,08
Ibovespa;02/01/2018;77891,04
Ibovespa;03/01/2018;77995,16
Ibovespa;04/01/2018;78647,42
Ibovespa;05/01/2018;79071,47
Ibovespa;08/01/2018;79378,54
Ibovespa;09/01/2018;78863,54
Ibovespa;10/01/2018;78200,57
Ibovespa;11/01/2018;79365,44
Ibovespa;12/01/2018;79349,12
Ibovespa;15/01/2018;79752,37
Ibovespa;16/01/2018;79831,76
Ibovespa;17/01/2018;81189,16
Ibovespa;18/01/2018;80962,65
Ibovespa;19/01/2018;81219,5
Ibovespa;22/01/2018;81675,42
Ibovespa;23/01/2018;80678,35
Ibovespa;24/01/2018;83680
Ibovespa;25/01/2018;83680
Ibovespa;26/01/2018;85530,84
Ibovespa;29/01/2018;84698,01
Ibovespa;30/01/2018;84482,46
Ibovespa;31/01/2018;84912,7
Ibovespa;01/02/2018;85495,24
Ibovespa;02/02/2018;84041,34
Ibovespa;05/02/2018;81861,09
Ibovespa;06/02/2018;83894,04
Ibovespa;07/02/2018;82766,73
Ibovespa;08/02/2018;81532,53
Ibovespa;09/02/2018;80898,7
Ibovespa;14/02/2018;83542,84
Ibovespa;15/02/2018;84290,57
Ibovespa;16/02/2018;84524,58
Ibovespa;19/02/2018;84792,71
Ibovespa;20/02/2018;85803,96
Ibovespa;21/02/2018;86051,82
Ibovespa;22/02/2018;86686,45
Ibovespa;23/02/2018;87293,24
Ibovespa;26/02/2018;87652,64
Ibovespa;27/02/2018;86935,44
Ibovespa;28/02/2018;85353,6
Ibovespa;01/03/2018;85377,79
Ibovespa;02/03/2018;85761,34
Ibovespa;05/03/2018;86022,83
Ibovespa;06/03/2018;85653,02
Ibovespa;07/03/2018;85483,55
Ibovespa;08/03/2018;84984,61
Ibovespa;09/03/2018;86371,41
Ibovespa;12/03/2018;86900,43
Ibovespa;13/03/2018;86383,85
Ibovespa;14/03/2018;86050,96
Ibovespa;15/03/2018;84928,2
Ibovespa;16/03/2018;84886,49
Ibovespa;19/03/2018;83913,06
Ibovespa;20/03/2018;84163,8
Ibovespa;21/03/2018;84976,59
Ibovespa;22/03/2018;84767,88
Ibovespa;23/03/2018;84377,19
Ibovespa;26/03/2018;85087,86
Ibovespa;27/03/2018;83808,06
Ibovespa;28/03/2018;83874,14
Ibovespa;29/03/2018;85365,56
Ibovespa;02/04/2018;84666,44
Ibovespa;03/04/2018;84623,46
Ibovespa;04/04/2018;84359,69
Ibovespa;05/04/2018;85209,66
Ibovespa;06/04/2018;84820,42
Ibovespa;09/04/2018;83307,23
Ibovespa;10/04/2018;84510,36
Ibovespa;11/04/2018;85245,59
Ibovespa;12/04/2018;85443,53
Ibovespa;13/04/2018;84334,41
Ibovespa;16/04/2018;82861,58
Ibovespa;17/04/2018;84086,13
Ibovespa;18/04/2018;85776,46
Ibovespa;19/04/2018;85824,26
Ibovespa;20/04/2018;85550,09
Ibovespa;23/04/2018;85602,5
Ibovespa;24/04/2018;85469,08
Ibovespa;25/04/2018;85044,39
Ibovespa;26/04/2018;86383,2
Ibovespa;27/04/2018;86444,66
Ibovespa;30/04/2018;86115,5
Ibovespa;02/05/2018;84547,09
Ibovespa;03/05/2018;83288,14
Ibovespa;04/05/2018;83118,03
Ibovespa;07/05/2018;82714,43
Ibovespa;08/05/2018;82956,05
Ibovespa;09/05/2018;84265,49
Ibovespa;10/05/2018;85861,2
Ibovespa;11/05/2018;85220,24
Ibovespa;14/05/2018;85232,18
Ibovespa;15/05/2018;85130,42
Ibovespa;16/05/2018;86536,97
Ibovespa;17/05/2018;83621,95
Ibovespa;18/05/2018;83081,88
Ibovespa;21/05/2018;81815,32
Ibovespa;22/05/2018;82738,88
Ibovespa;23/05/2018;80867,29
Ibovespa;24/05/2018;80122,31
Ibovespa;25/05/2018;78897,66
Ibovespa;28/05/2018;75355,84
Ibovespa;29/05/2018;76071,97
Ibovespa;30/05/2018;76753,61
Ibovespa;01/06/2018;77239,75
Ibovespa;04/06/2018;78596,06
Ibovespa;05/06/2018;76641,72
Ibovespa;06/06/2018;76117,22
Ibovespa;07/06/2018;73851,46
Ibovespa;08/06/2018;72942,07
Ibovespa;11/06/2018;72307,77
Ibovespa;12/06/2018;72754,13
Ibovespa;13/06/2018;72122,14
Ibovespa;14/06/2018;71421,19
Ibovespa;15/06/2018;70757,73
Ibovespa;18/06/2018;69814,74
Ibovespa;19/06/2018;71394,34
Ibovespa;20/06/2018;72123,41
Ibovespa;21/06/2018;70074,9
Ibovespa;22/06/2018;70640,65
Ibovespa;25/06/2018;70952,97
Ibovespa;26/06/2018;71404,59
Ibovespa;27/06/2018;70609
Ibovespa;28/06/2018;71766,52
Ibovespa;29/06/2018;72762,51
Ibovespa;02/07/2018;72839,74
Ibovespa;03/07/2018;73667,75
Ibovespa;04/07/2018;74743,11
Ibovespa;05/07/2018;74553,06
Ibovespa;06/07/2018;75010,39
Ibovespa;09/07/2018;75010,39
Ibovespa;10/07/2018;74862,38
Ibovespa;11/07/2018;74398,55
Ibovespa;12/07/2018;75856,22
Ibovespa;13/07/2018;76594,35
Ibovespa;16/07/2018;76652,58
Ibovespa;17/07/2018;78130,3
Ibovespa;18/07/2018;77362,63
Ibovespa;19/07/2018;77486,84
Ibovespa;20/07/2018;78571,29
Ibovespa;23/07/2018;77996,12
Ibovespa;24/07/2018;79154,98
Ibovespa;25/07/2018;80218,04
Ibovespa;26/07/2018;79405,34
Ibovespa;27/07/2018;79866,1
Ibovespa;30/07/2018;80275,59
Ibovespa;31/07/2018;79220,43
Ibovespa;01/08/2018;79301,65
Ibovespa;02/08/2018;79636,69
Ibovespa;03/08/2018;81434,98
Ibovespa;06/08/2018;81050,76
Ibovespa;07/08/2018;80346,52
Ibovespa;08/08/2018;79151,7
Ibovespa;09/08/2018;78767,99
Ibovespa;10/08/2018;76514,35
Ibovespa;13/08/2018;77496,45
Ibovespa;14/08/2018;78602,11
Ibovespa;15/08/2018;77077,99
Ibovespa;16/08/2018;76818,72
Ibovespa;17/08/2018;76028,5
Ibovespa;20/08/2018;76327,89
Ibovespa;21/08/2018;75180,4
Ibovespa;22/08/2018;76902,3
Ibovespa;23/08/2018;75633,77
Ibovespa;24/08/2018;76262,23
Ibovespa;27/08/2018;77929,68
Ibovespa;28/08/2018;77473,18
Ibovespa;29/08/2018;78388,83
Ibovespa;30/08/2018;76404,09
Ibovespa;31/08/2018;76677,53
Ibovespa;03/09/2018;76192,73
Ibovespa;04/09/2018;74711,8
Ibovespa;05/09/2018;75092,27
Ibovespa;06/09/2018;76416,01
Ibovespa;10/09/2018;76436,35
Ibovespa;11/09/2018;74656,51
Ibovespa;12/09/2018;75124,81
Ibovespa;13/09/2018;74686,67
Ibovespa;14/09/2018;75429,09
Ibovespa;17/09/2018;76788,85
Ibovespa;18/09/2018;78313,96
Ibovespa;19/09/2018;78168,66
Ibovespa;20/09/2018;78116,01
Ibovespa;21/09/2018;79444,29
Ibovespa;24/09/2018;77984,18
Ibovespa;25/09/2018;78630,14
Ibovespa;26/09/2018;78656,16
Ibovespa;27/09/2018;80000,09
Ibovespa;28/09/2018;79342,42
Ibovespa;01/10/2018;78623,66
Ibovespa;02/10/2018;81612,28
Ibovespa;03/10/2018;83273,4
Ibovespa;04/10/2018;82952,81
Ibovespa;05/10/2018;82321,52
Ibovespa;08/10/2018;86083,91
Ibovespa;09/10/2018;86087,55
Ibovespa;10/10/2018;83679,11
Ibovespa;11/10/2018;82921,08
Ibovespa;15/10/2018;83359,76
Ibovespa;16/10/2018;85717,56
Ibovespa;17/10/2018;85763,95
Ibovespa;18/10/2018;83847,12
Ibovespa;19/10/2018;84219,74
Ibovespa;22/10/2018;85596,69
Ibovespa;23/10/2018;85300,03
Ibovespa;24/10/2018;83063,56
Ibovespa;25/10/2018;84083,51
Ibovespa;26/10/2018;85719,87
Ibovespa;29/10/2018;83796,71
Ibovespa;30/10/2018;86885,71
Ibovespa;31/10/2018;87423,55
Ibovespa;01/11/2018;88419,05
Ibovespa;05/11/2018;89598,16
Ibovespa;06/11/2018;88668,92
Ibovespa;07/11/2018;87714,35
Ibovespa;08/11/2018;85620,13
Ibovespa;09/11/2018;85641,21
Ibovespa;12/11/2018;85524,7
Ibovespa;13/11/2018;84914,11
Ibovespa;14/11/2018;85973,06
Ibovespa;16/11/2018;88515,27
Ibovespa;19/11/2018;87900,83
Ibovespa;20/11/2018;87900,83
Ibovespa;21/11/2018;87268,8
Ibovespa;22/11/2018;87477,44
Ibovespa;23/11/2018;86230,22
Ibovespa;26/11/2018;85546,51
Ibovespa;27/11/2018;87891,18
Ibovespa;28/11/2018;89250,82
Ibovespa;29/11/2018;89709,56
Ibovespa;30/11/2018;89504,03
Ibovespa;03/12/2018;89820,09
Ibovespa;04/12/2018;88624,45
Ibovespa;05/12/2018;89039,79
Ibovespa;06/12/2018;88846,48
Ibovespa;07/12/2018;88115,07
Ibovespa;10/12/2018;85914,71
Ibovespa;11/12/2018;86419,57
Ibovespa;12/12/2018;86977,46
Ibovespa;13/12/2018;87837,59
Ibovespa;14/12/2018;87449,5
Ibovespa;17/12/2018;86399,68
Ibovespa;18/12/2018;86610,49
Ibovespa;19/12/2018;85673,52
Ibovespa;20/12/2018;85269,29
Ibovespa;21/12/2018;85697,15
Ibovespa;24/12/2018;85697,15
Ibovespa;26/12/2018;85136,1
Ibovespa;27/12/2018;85460,2
Ibovespa;28/12/2018;87887,26
Ibovespa;31/12/2018;87887,26
Ibovespa;02/01/2019;91012,31
Ibovespa;03/01/2019;91564,25
Ibovespa;04/01/2019;91840,79
Ibovespa;07/01/2019;91699,05
Ibovespa;08/01/2019;92031,86
Ibovespa;09/01/2019;93613,04
Ibovespa;10/01/2019;93805,93
Ibovespa;11/01/2019;93658,31
Ibovespa;14/01/2019;94474,13
Ibovespa;15/01/2019;94055,72
Ibovespa;16/01/2019;94393,07
Ibovespa;17/01/2019;95351,09
Ibovespa;18/01/2019;96096,75
Ibovespa;21/01/2019;96009,77
Ibovespa;22/01/2019;95103,38
Ibovespa;23/01/2019;96558,42
Ibovespa;24/01/2019;97677,19
Ibovespa;25/01/2019;97677,19
Ibovespa;28/01/2019;95443,88
Ibovespa;29/01/2019;95639,33
Ibovespa;30/01/2019;96996,21
Ibovespa;31/01/2019;97393,74
Ibovespa;01/02/2019;97861,27
Ibovespa;04/02/2019;98588,63
Ibovespa;05/02/2019;98311,2
Ibovespa;06/02/2019;94635,57
Ibovespa;07/02/2019;94405,59
Ibovespa;08/02/2019;95343,1
Ibovespa;11/02/2019;94412,91
Ibovespa;12/02/2019;96168,4
Ibovespa;13/02/2019;95842,4
Ibovespa;14/02/2019;98015,09
Ibovespa;15/02/2019;97525,91
Ibovespa;18/02/2019;96509,89
Ibovespa;19/02/2019;97659,15
Ibovespa;20/02/2019;96544,81
Ibovespa;21/02/2019;96932,27
Ibovespa;22/02/2019;97885,6
Ibovespa;25/02/2019;97239,9
Ibovespa;26/02/2019;97602,5
Ibovespa;27/02/2019;97307,31
Ibovespa;28/02/2019;95584,35
Ibovespa;01/03/2019;94603,75
Ibovespa;06/03/2019;94216,87
Ibovespa;07/03/2019;94340,17
Ibovespa;08/03/2019;95364,85
Ibovespa;11/03/2019;98026,62
Ibovespa;12/03/2019;97828,03
Ibovespa;13/03/2019;98903,88
Ibovespa;14/03/2019;98604,67
Ibovespa;15/03/2019;99136,74
Ibovespa;18/03/2019;99993,92
Ibovespa;19/03/2019;99588,37
Ibovespa;20/03/2019;98041,37
Ibovespa;21/03/2019;96729,08
Ibovespa;22/03/2019;93735,15
Ibovespa;25/03/2019;93662,01
Ibovespa;26/03/2019;95306,82
Ibovespa;27/03/2019;91903,4
Ibovespa;28/03/2019;94388,94
Ibovespa;29/03/2019;95414,55
Ibovespa;01/04/2019;96054,45
Ibovespa;02/04/2019;95386,76
Ibovespa;03/04/2019;94491,48
Ibovespa;04/04/2019;96313,06
Ibovespa;05/04/2019;97108,17
Ibovespa;08/04/2019;97369,29
Ibovespa;09/04/2019;96291,79
Ibovespa;10/04/2019;95953,45
Ibovespa;11/04/2019;94754,7
Ibovespa;12/04/2019;92875
Ibovespa;15/04/2019;93082,97
Ibovespa;16/04/2019;94333,31
Ibovespa;17/04/2019;93284,75
Ibovespa;18/04/2019;94578,26
Ibovespa;22/04/2019;94588,06
Ibovespa;23/04/2019;95923,24
Ibovespa;24/04/2019;95045,43
Ibovespa;25/04/2019;96552,03
Ibovespa;26/04/2019;96236,04
Ibovespa;29/04/2019;96187,75
Ibovespa;30/04/2019;96353,33
Ibovespa;02/05/2019;95527,62
Ibovespa;03/05/2019;96007,89
Ibovespa;06/05/2019;95008,66
Ibovespa;07/05/2019;94388,73
Ibovespa;08/05/2019;95596,61
Ibovespa;09/05/2019;94807,85
Ibovespa;10/05/2019;94257,56
Ibovespa;13/05/2019;91726,54
Ibovespa;14/05/2019;92092,44
Ibovespa;15/05/2019;91623,44
Ibovespa;16/05/2019;90024,47
Ibovespa;17/05/2019;89992,73
Ibovespa;20/05/2019;91946,19
Ibovespa;21/05/2019;94484,63
Ibovespa;22/05/2019;94360,66
Ibovespa;23/05/2019;93910,03
Ibovespa;24/05/2019;93627,8
Ibovespa;27/05/2019;94864,25
Ibovespa;28/05/2019;96392,76
Ibovespa;29/05/2019;96566,55
Ibovespa;30/05/2019;97457,36
Ibovespa;31/05/2019;97030,32
Ibovespa;03/06/2019;97020,48
Ibovespa;04/06/2019;97380,28
Ibovespa;05/06/2019;95998,75
Ibovespa;06/06/2019;97204,85
Ibovespa;07/06/2019;97821,26
Ibovespa;10/06/2019;97466,69
Ibovespa;11/06/2019;98960
Ibovespa;12/06/2019;98320,88
Ibovespa;13/06/2019;98773,7
Ibovespa;14/06/2019;98040,06
Ibovespa;17/06/2019;97623,25
Ibovespa;18/06/2019;99404,39
Ibovespa;19/06/2019;100303,41
Ibovespa;21/06/2019;102012,64
Ibovespa;24/06/2019;102062,33
Ibovespa;25/06/2019;100092,95
Ibovespa;26/06/2019;100688,63
Ibovespa;27/06/2019;100723,97
Ibovespa;28/06/2019;100967,2
Ibovespa;01/07/2019;101339,68
Ibovespa;02/07/2019;100605,17
Ibovespa;03/07/2019;102043,11
Ibovespa;04/07/2019;103636,17
Ibovespa;05/07/2019;104089,47
Ibovespa;08/07/2019;104530,22
Ibovespa;09/07/2019;104530,22
Ibovespa;10/07/2019;105817,06
Ibovespa;11/07/2019;105146,44
Ibovespa;12/07/2019;103905,99
Ibovespa;15/07/2019;103802,69
Ibovespa;16/07/2019;103775,41
Ibovespa;17/07/2019;103855,53
Ibovespa;18/07/2019;104716,59
Ibovespa;19/07/2019;103451,93
Ibovespa;22/07/2019;103949,46
Ibovespa;23/07/2019;103704,28
Ibovespa;24/07/2019;104119,54
Ibovespa;25/07/2019;102654,58
Ibovespa;26/07/2019;102818,93
Ibovespa;29/07/2019;103482,63
Ibovespa;30/07/2019;102932,76
Ibovespa;31/07/2019;101812,13
Ibovespa;01/08/2019;102125,94
Ibovespa;02/08/2019;102673,68
Ibovespa;05/08/2019;100097,75
Ibovespa;06/08/2019;102163,69
Ibovespa;07/08/2019;102782,37
Ibovespa;08/08/2019;104115,23
Ibovespa;09/08/2019;103996,16
Ibovespa;12/08/2019;101915,22
Ibovespa;13/08/2019;103299,47
Ibovespa;14/08/2019;100258,01
Ibovespa;15/08/2019;99056,91
Ibovespa;16/08/2019;99805,78
Ibovespa;19/08/2019;99468,67
Ibovespa;20/08/2019;99222,25
Ibovespa;21/08/2019;101201,9
Ibovespa;22/08/2019;100011,28
Ibovespa;23/08/2019;97667,49
Ibovespa;26/08/2019;96429,6
Ibovespa;27/08/2019;97276,19
Ibovespa;28/08/2019;98193,53
Ibovespa;29/08/2019;100524,43
Ibovespa;30/08/2019;101134,61
Ibovespa;02/09/2019;100625,74
Ibovespa;03/09/2019;99680,83
Ibovespa;04/09/2019;101200,89
Ibovespa;05/09/2019;102243
Ibovespa;06/09/2019;102935,43
Ibovespa;09/09/2019;103180,59
Ibovespa;10/09/2019;103031,5
Ibovespa;11/09/2019;103445,6
Ibovespa;12/09/2019;104370,91
Ibovespa;13/09/2019;103501,18
Ibovespa;16/09/2019;103680,41
Ibovespa;17/09/2019;104616,86
Ibovespa;18/09/2019;104531,93
Ibovespa;19/09/2019;104339,16
Ibovespa;20/09/2019;104817,4
Ibovespa;23/09/2019;104637,82
Ibovespa;24/09/2019;103875,66
Ibovespa;25/09/2019;104480,98
Ibovespa;26/09/2019;105319,4
Ibovespa;27/09/2019;105077,63
Ibovespa;30/09/2019;104745,32
Ibovespa;01/10/2019;104053,4
Ibovespa;02/10/2019;101031,44
Ibovespa;03/10/2019;101516,04
Ibovespa;04/10/2019;102551,32
Ibovespa;07/10/2019;100572,77
Ibovespa;08/10/2019;99981,4
Ibovespa;09/10/2019;101248,78
Ibovespa;10/10/2019;101817,13
Ibovespa;11/10/2019;103831,92
Ibovespa;14/10/2019;104301,58
Ibovespa;15/10/2019;104489,56
Ibovespa;16/10/2019;105422,8
Ibovespa;17/10/2019;105015,77
Ibovespa;18/10/2019;104728,89
Ibovespa;21/10/2019;106022,28
Ibovespa;22/10/2019;107381,11
Ibovespa;23/10/2019;107543,59
Ibovespa;24/10/2019;106986,15
Ibovespa;25/10/2019;107363,77
Ibovespa;28/10/2019;108187,06
Ibovespa;29/10/2019;107556,26
Ibovespa;30/10/2019;108407,54
Ibovespa;31/10/2019;107219,83
Ibovespa;01/11/2019;108195,63
Ibovespa;04/11/2019;108779,33
Ibovespa;05/11/2019;108719,02
Ibovespa;06/11/2019;108360,22
Ibovespa;07/11/2019;109580,57
Ibovespa;08/11/2019;107628,98
Ibovespa;11/11/2019;108367,44
Ibovespa;12/11/2019;106751,11
Ibovespa;13/11/2019;106059,95
Ibovespa;14/11/2019;106556,88
Ibovespa;18/11/2019;106269,25
Ibovespa;19/11/2019;105864,18
Ibovespa;20/11/2019;105864,18
Ibovespa;21/11/2019;107496,73
Ibovespa;22/11/2019;108692,28
Ibovespa;25/11/2019;108423,93
Ibovespa;26/11/2019;107059,4
Ibovespa;27/11/2019;107707,75
Ibovespa;28/11/2019;108290,09
Ibovespa;29/11/2019;108233,28
Ibovespa;02/12/2019;108927,83
Ibovespa;03/12/2019;108956,02
Ibovespa;04/12/2019;110300,93
Ibovespa;05/12/2019;110622,27
Ibovespa;06/12/2019;111125,75
Ibovespa;09/12/2019;110977,23
Ibovespa;10/12/2019;110672,01
Ibovespa;11/12/2019;110963,87
Ibovespa;12/12/2019;112199,74
Ibovespa;13/12/2019;112564,86
Ibovespa;16/12/2019;111896,04
Ibovespa;17/12/2019;112615,66
Ibovespa;18/12/2019;114314,65
Ibovespa;19/12/2019;115131,25
Ibovespa;20/12/2019;115121,08
Ibovespa;23/12/2019;115863,29
Ibovespa;24/12/2019;115863,29
Ibovespa;26/12/2019;117203,2
Ibovespa;27/12/2019;116533,98
Ibovespa;30/12/2019;115645,34
Ibovespa;31/12/2019;115645,34
Ibovespa;02/01/2020;118573,1
Ibovespa;03/01/2020;117706,66
Ibovespa;06/01/2020;116877,92
Ibovespa;07/01/2020;116661,94
Ibovespa;08/01/2020;116247,03
Ibovespa;09/01/2020;115947,11
Ibovespa;10/01/2020;115503,42
Ibovespa;13/01/2020;117325,28
Ibovespa;14/01/2020;117632,4
Ibovespa;15/01/2020;116414,35
Ibovespa;16/01/2020;116704,21
Ibovespa;17/01/2020;118478,3
Ibovespa;20/01/2020;118861,63
Ibovespa;21/01/2020;117026,04
Ibovespa;22/01/2020;118391,36
Ibovespa;23/01/2020;119527,63
Ibovespa;24/01/2020;118376,36
Ibovespa;27/01/2020;114481,84
Ibovespa;28/01/2020;116478,98
Ibovespa;29/01/2020;115384,84
Ibovespa;30/01/2020;115528,04
Ibovespa;31/01/2020;113760,57
Ibovespa;03/02/2020;114629,21
Ibovespa;04/02/2020;115556,71
Ibovespa;05/02/2020;116028,27
Ibovespa;06/02/2020;115189,97
Ibovespa;07/02/2020;113770,29
Ibovespa;10/02/2020;112570,3
Ibovespa;11/02/2020;115370,61
Ibovespa;12/02/2020;116674,13
Ibovespa;13/02/2020;115662,4
Ibovespa;14/02/2020;114380,71
Ibovespa;17/02/2020;115309,08
Ibovespa;18/02/2020;114977,29
Ibovespa;19/02/2020;116517,59
Ibovespa;20/02/2020;114586,24
Ibovespa;21/02/2020;113681,42
Ibovespa;26/02/2020;105718,29
Ibovespa;27/02/2020;102983,54
Ibovespa;28/02/2020;104171,57
Ibovespa;02/03/2020;106625,41
Ibovespa;03/03/2020;105537,14
Ibovespa;04/03/2020;107224,22
Ibovespa;05/03/2020;102233,24
Ibovespa;06/03/2020;97996,77
Ibovespa;09/03/2020;86067,2
Ibovespa;10/03/2020;92214,47
Ibovespa;11/03/2020;85171,13
Ibovespa;12/03/2020;72582,53
Ibovespa;13/03/2020;82677,91
Ibovespa;16/03/2020;71168,05
Ibovespa;17/03/2020;74617,24
Ibovespa;18/03/2020;66894,95
Ibovespa;19/03/2020;68331,8
Ibovespa;20/03/2020;67069,36
Ibovespa;23/03/2020;63569,62
Ibovespa;24/03/2020;69729,3
Ibovespa;25/03/2020;74955,57
Ibovespa;26/03/2020;77709,66
Ibovespa;27/03/2020;73428,78
Ibovespa;30/03/2020;74639,48
Ibovespa;31/03/2020;73019,76
Ibovespa;01/04/2020;70966,7
Ibovespa;02/04/2020;72253,46
Ibovespa;03/04/2020;69537,56
Ibovespa;06/04/2020;74072,98
Ibovespa;07/04/2020;76358,09
Ibovespa;08/04/2020;78624,62
Ibovespa;09/04/2020;77681,94
Ibovespa;13/04/2020;78835,82
Ibovespa;14/04/2020;79918,36
Ibovespa;15/04/2020;78831,46
Ibovespa;16/04/2020;77811,85
Ibovespa;17/04/2020;78990,29
Ibovespa;20/04/2020;78972,76
Ibovespa;22/04/2020;80687,15
Ibovespa;23/04/2020;79673,3
Ibovespa;24/04/2020;75330,61
Ibovespa;27/04/2020;78238,6
Ibovespa;28/04/2020;81312,23
Ibovespa;29/04/2020;83170,8
Ibovespa;30/04/2020;80505,89
Ibovespa;04/05/2020;78876,22
Ibovespa;05/05/2020;79470,78
Ibovespa;06/05/2020;79063,68
Ibovespa;07/05/2020;78118,57
Ibovespa;08/05/2020;80263,35
Ibovespa;11/05/2020;79064,6
Ibovespa;12/05/2020;77871,95
Ibovespa;13/05/2020;77772,2
Ibovespa;14/05/2020;79010,81
Ibovespa;15/05/2020;77556,62
Ibovespa;18/05/2020;81194,29
Ibovespa;19/05/2020;80742,35
Ibovespa;20/05/2020;81319,45
Ibovespa;21/05/2020;83027,09
Ibovespa;22/05/2020;82173,21
Ibovespa;25/05/2020;85663,48
Ibovespa;26/05/2020;85468,91
Ibovespa;27/05/2020;87946,25
Ibovespa;28/05/2020;86949,09
Ibovespa;29/05/2020;87402,59
Ibovespa;01/06/2020;88620,1
Ibovespa;02/06/2020;91046,38
Ibovespa;03/06/2020;93002,14
Ibovespa;04/06/2020;93828,61
Ibovespa;05/06/2020;94637,06
Ibovespa;08/06/2020;97644,67
Ibovespa;09/06/2020;96746,55
Ibovespa;10/06/2020;94685,98
Ibovespa;12/06/2020;92795,27
Ibovespa;15/06/2020;92375,52
Ibovespa;16/06/2020;93531,17
Ibovespa;17/06/2020;95547,29
Ibovespa;18/06/2020;96125,24
Ibovespa;19/06/2020;96572,1
Ibovespa;22/06/2020;95335,96
Ibovespa;23/06/2020;95975,16
Ibovespa;24/06/2020;94377,36
Ibovespa;25/06/2020;95983,09
Ibovespa;26/06/2020;93834,49
Ibovespa;29/06/2020;95735,35
Ibovespa;30/06/2020;95055,82
Ibovespa;01/07/2020;96203,2
Ibovespa;02/07/2020;96234,96
Ibovespa;03/07/2020;96764,85
Ibovespa;06/07/2020;98937,16
Ibovespa;07/07/2020;97761,04
Ibovespa;08/07/2020;99769,88
Ibovespa;09/07/2020;99160,33
Ibovespa;10/07/2020;100031,83
Ibovespa;13/07/2020;98697,06
Ibovespa;14/07/2020;100440,23
Ibovespa;15/07/2020;101790,54
Ibovespa;16/07/2020;100553,27
Ibovespa;17/07/2020;102888,25
Ibovespa;20/07/2020;104426,37
Ibovespa;21/07/2020;104309,74
Ibovespa;22/07/2020;104289,57
Ibovespa;23/07/2020;102293,31
Ibovespa;24/07/2020;102381,58
Ibovespa;27/07/2020;104477,08
Ibovespa;28/07/2020;104109,07
Ibovespa;29/07/2020;105605,17
Ibovespa;30/07/2020;105008,7
Ibovespa;31/07/2020;102912,24
Ibovespa;03/08/2020;102829,96
Ibovespa;04/08/2020;101215,87
Ibovespa;05/08/2020;102801,76
Ibovespa;06/08/2020;104125,64
Ibovespa;07/08/2020;102775,55
Ibovespa;10/08/2020;103444,48
Ibovespa;11/08/2020;102174,4
Ibovespa;12/08/2020;102117,79
Ibovespa;13/08/2020;100460,6
Ibovespa;14/08/2020;101353,45
Ibovespa;17/08/2020;99595,41
Ibovespa;18/08/2020;102065,35
Ibovespa;19/08/2020;100853,72
Ibovespa;20/08/2020;101467,87
Ibovespa;21/08/2020;101521,29
Ibovespa;24/08/2020;102297,95
Ibovespa;25/08/2020;102117,64
Ibovespa;26/08/2020;100627,33
Ibovespa;27/08/2020;100623,64
Ibovespa;28/08/2020;102142,93
Ibovespa;31/08/2020;99369,15
Ibovespa;01/09/2020;102167,65
Ibovespa;02/09/2020;101911,13
Ibovespa;03/09/2020;100721,36
Ibovespa;04/09/2020;101241,73
Ibovespa;08/09/2020;100050,43
Ibovespa;09/09/2020;101292,05
Ibovespa;10/09/2020;98834,59
Ibovespa;11/09/2020;98363,22
Ibovespa;14/09/2020;100274,52
Ibovespa;15/09/2020;100297,91
Ibovespa;16/09/2020;99675,68
Ibovespa;17/09/2020;100097,83
Ibovespa;18/09/2020;98289,71
Ibovespa;21/09/2020;96990,72
Ibovespa;22/09/2020;97293,54
Ibovespa;23/09/2020;95734,82
Ibovespa;24/09/2020;97012,07
Ibovespa;25/09/2020;96999,38
Ibovespa;28/09/2020;94666,37
Ibovespa;29/09/2020;93580,35
Ibovespa;30/09/2020;94603,38
Ibovespa;01/10/2020;95478,52
Ibovespa;02/10/2020;94015,68
Ibovespa;05/10/2020;96089,19
Ibovespa;06/10/2020;95615,03
Ibovespa;07/10/2020;95526,26
Ibovespa;08/10/2020;97919,73
Ibovespa;09/10/2020;97483,31
Ibovespa;13/10/2020;98502,82
Ibovespa;14/10/2020;99334,43
Ibovespa;15/10/2020;99054,06
Ibovespa;16/10/2020;98309,12
Ibovespa;19/10/2020;98657,65
Ibovespa;20/10/2020;100539,83
Ibovespa;21/10/2020;100552,44
Ibovespa;22/10/2020;101917,73
Ibovespa;23/10/2020;101259,75
Ibovespa;26/10/2020;101016,96
Ibovespa;27/10/2020;99605,54
Ibovespa;28/10/2020;95368,76
Ibovespa;29/10/2020;96582,16
Ibovespa;30/10/2020;93952,4
Ibovespa;03/11/2020;95979,71
Ibovespa;04/11/2020;97866,81
Ibovespa;05/11/2020;100751,4
Ibovespa;06/11/2020;100925,11
Ibovespa;09/11/2020;103515,16
Ibovespa;10/11/2020;105066,96
Ibovespa;11/11/2020;104808,83
Ibovespa;12/11/2020;102507,01
Ibovespa;13/11/2020;104723
Ibovespa;16/11/2020;106429,92
Ibovespa;17/11/2020;107248,63
Ibovespa;18/11/2020;106119,09
Ibovespa;19/11/2020;106669,9
Ibovespa;20/11/2020;106042,48
Ibovespa;23/11/2020;107378,92
Ibovespa;24/11/2020;109786,3
Ibovespa;25/11/2020;110132,53
Ibovespa;26/11/2020;110227,09
Ibovespa;27/11/2020;110575,47
Ibovespa;30/11/2020;108893,32
Ibovespa;01/12/2020;111399,91
Ibovespa;02/12/2020;111878,53
Ibovespa;03/12/2020;112291,59
Ibovespa;04/12/2020;113750,22
Ibovespa;07/12/2020;113589,77
Ibovespa;08/12/2020;113793,06
Ibovespa;09/12/2020;113001,16
Ibovespa;10/12/2020;115128,63
Ibovespa;11/12/2020;115128
Ibovespa;14/12/2020;114611,12
Ibovespa;15/12/2020;116148,63
Ibovespa;16/12/2020;117857,35
Ibovespa;17/12/2020;118400,57
Ibovespa;18/12/2020;118023,67
Ibovespa;21/12/2020;115822,57
Ibovespa;22/12/2020;116636,18
Ibovespa;23/12/2020;117806,85
Ibovespa;24/12/2020;117806,85
Ibovespa;28/12/2020;119123,7
Ibovespa;29/12/2020;119409,15
Ibovespa;30/12/2020;119017,24
Ibovespa;31/12/2020;119017,24
Ibovespa;04/01/2021;118854,71
Ibovespa;05/01/2021;119376,21
Ibovespa;06/01/2021;119100,08
Ibovespa;07/01/2021;122385,92
Ibovespa;08/01/2021;125076,63
Ibovespa;11/01/2021;123255,13
Ibovespa;12/01/2021;123998
Ibovespa;13/01/2021;121933,08
Ibovespa;14/01/2021;123480,52
Ibovespa;15/01/2021;120348,8
Ibovespa;18/01/2021;121241,63
Ibovespa;19/01/2021;120636,39
Ibovespa;20/01/2021;119646,4
Ibovespa;21/01/2021;118328,99
Ibovespa;22/01/2021;117380,49
Ibovespa;25/01/2021;117380,49
Ibovespa;26/01/2021;116464,06
Ibovespa;27/01/2021;115882,3
Ibovespa;28/01/2021;118883,25
Ibovespa;29/01/2021;115067,55
Ibovespa;01/02/2021;117517,57
Ibovespa;02/02/2021;118233,81
Ibovespa;03/02/2021;119724,72
Ibovespa;04/02/2021;119260,82
Ibovespa;05/02/2021;120240,26
Ibovespa;08/02/2021;119696,36
Ibovespa;09/02/2021;119471,62
Ibovespa;10/02/2021;118435,33
Ibovespa;11/02/2021;119299,83
Ibovespa;12/02/2021;119428,72
Ibovespa;17/02/2021;120355,79
Ibovespa;18/02/2021;119198,97
Ibovespa;19/02/2021;118430,53
Ibovespa;22/02/2021;112667,7
Ibovespa;23/02/2021;115227,46
Ibovespa;24/02/2021;115667,78
Ibovespa;25/02/2021;112256,36
Ibovespa;26/02/2021;110035,17
Ibovespa;01/03/2021;110334,83
Ibovespa;02/03/2021;111539,8
Ibovespa;03/03/2021;111183,95
Ibovespa;04/03/2021;112690,17
Ibovespa;05/03/2021;115202,23
Ibovespa;08/03/2021;110611,58
Ibovespa;09/03/2021;111330,62
Ibovespa;10/03/2021;112776,49
Ibovespa;11/03/2021;114983,76
Ibovespa;12/03/2021;114160,4
Ibovespa;15/03/2021;114850,74
Ibovespa;16/03/2021;114018,78
Ibovespa;17/03/2021;116549,44
Ibovespa;18/03/2021;114835,43
Ibovespa;19/03/2021;116221,58
Ibovespa;22/03/2021;114978,86
Ibovespa;23/03/2021;113261,8
Ibovespa;24/03/2021;112064,19
Ibovespa;25/03/2021;113749,9
Ibovespa;26/03/2021;114780,62
Ibovespa;29/03/2021;115418,72
Ibovespa;30/03/2021;116849,67
Ibovespa;31/03/2021;116633,72
Ibovespa;01/04/2021;115253,31
Ibovespa;05/04/2021;117518,44
Ibovespa;06/04/2021;117498,87
Ibovespa;07/04/2021;117623,58
Ibovespa;08/04/2021;118313,23
Ibovespa;09/04/2021;117669,9
Ibovespa;12/04/2021;118811,74
Ibovespa;13/04/2021;119297,13
Ibovespa;14/04/2021;120294,68
Ibovespa;15/04/2021;120700,67
Ibovespa;16/04/2021;121113,93
Ibovespa;19/04/2021;120933,78
Ibovespa;20/04/2021;120061,99
Ibovespa;22/04/2021;119371,48
Ibovespa;23/04/2021;120530,06
Ibovespa;26/04/2021;120594,61
Ibovespa;27/04/2021;119388,37
Ibovespa;28/04/2021;121052,52
Ibovespa;29/04/2021;120065,75
Ibovespa;30/04/2021;118893,84
Ibovespa;03/05/2021;119209,48
Ibovespa;04/05/2021;117712
Ibovespa;05/05/2021;119564,44
Ibovespa;06/05/2021;119920,61
Ibovespa;07/05/2021;122038,11
Ibovespa;10/05/2021;121909,03
Ibovespa;11/05/2021;122964,01
Ibovespa;12/05/2021;119710,03
Ibovespa;13/05/2021;120705,91
Ibovespa;14/05/2021;121880,82
Ibovespa;17/05/2021;122937,87
Ibovespa;18/05/2021;122979,96
Ibovespa;19/05/2021;122636,3
Ibovespa;20/05/2021;122700,79
Ibovespa;21/05/2021;122592,47
Ibovespa;24/05/2021;124031,62
Ibovespa;25/05/2021;122987,71
Ibovespa;26/05/2021;123989,17
Ibovespa;27/05/2021;124366,57
Ibovespa;28/05/2021;125561,37
Ibovespa;31/05/2021;126215,73
Ibovespa;01/06/2021;128267,05
Ibovespa;02/06/2021;129601,44
Ibovespa;04/06/2021;130125,78
Ibovespa;07/06/2021;130776,27
Ibovespa;08/06/2021;129787,11
Ibovespa;09/06/2021;129906,8
Ibovespa;10/06/2021;130076,17
Ibovespa;11/06/2021;129441,03
Ibovespa;14/06/2021;130207,96
Ibovespa;15/06/2021;130091,08
Ibovespa;16/06/2021;129259,49
Ibovespa;17/06/2021;128057,22
Ibovespa;18/06/2021;128405,35
Ibovespa;21/06/2021;129264,96
Ibovespa;22/06/2021;128767,45
Ibovespa;23/06/2021;128427,98
Ibovespa;24/06/2021;129513,62
Ibovespa;25/06/2021;127255,61
Ibovespa;28/06/2021;127429,17
Ibovespa;29/06/2021;127327,44
Ibovespa;30/06/2021;126801,66
Ibovespa;01/07/2021;125666,19
Ibovespa;02/07/2021;127621,65
Ibovespa;05/07/2021;126920,05
Ibovespa;06/07/2021;125094,88
Ibovespa;07/07/2021;127018,71
Ibovespa;08/07/2021;125427,77
Ibovespa;09/07/2021;125427,77
Ibovespa;12/07/2021;127593,83
Ibovespa;13/07/2021;128167,74
Ibovespa;14/07/2021;128406,51
Ibovespa;15/07/2021;127467,88
Ibovespa;16/07/2021;125960,26
Ibovespa;19/07/2021;124394,57
Ibovespa;20/07/2021;125401,36
Ibovespa;21/07/2021;125929,25
Ibovespa;22/07/2021;126146,66
Ibovespa;23/07/2021;125052,78
Ibovespa;26/07/2021;126003,86
Ibovespa;27/07/2021;124612,03
Ibovespa;28/07/2021;126285,59
Ibovespa;29/07/2021;125675,33
Ibovespa;30/07/2021;121800,79
Ibovespa;02/08/2021;122515,74
Ibovespa;03/08/2021;123576,56
Ibovespa;04/08/2021;121801,21
Ibovespa;05/08/2021;121632,92
Ibovespa;06/08/2021;122810,36
Ibovespa;09/08/2021;123019,38
Ibovespa;10/08/2021;122202,47
Ibovespa;11/08/2021;122056,34
Ibovespa;12/08/2021;120700,98
Ibovespa;13/08/2021;121193,75
Ibovespa;16/08/2021;119180,03
Ibovespa;17/08/2021;117903,81
Ibovespa;18/08/2021;116642,62
Ibovespa;19/08/2021;117164,69
Ibovespa;20/08/2021;118052,77
Ibovespa;23/08/2021;117471,67
Ibovespa;24/08/2021;120210,75
Ibovespa;25/08/2021;120817,71
Ibovespa;26/08/2021;118723,97
Ibovespa;27/08/2021;120677,6
Ibovespa;30/08/2021;119739,96
Ibovespa;31/08/2021;118781,03
Ibovespa;01/09/2021;119395,6
Ibovespa;02/09/2021;116677,08
Ibovespa;03/09/2021;116933,24
Ibovespa;06/09/2021;117868,63
Ibovespa;08/09/2021;113412,84
Ibovespa;09/09/2021;115360,86
Ibovespa;10/09/2021;114285,93
Ibovespa;13/09/2021;116403,72
Ibovespa;14/09/2021;116180,55
Ibovespa;15/09/2021;115062,54
Ibovespa;16/09/2021;113794,28
Ibovespa;17/09/2021;111439,37
Ibovespa;20/09/2021;108843,74
Ibovespa;21/09/2021;110249,73
Ibovespa;22/09/2021;112282,28
Ibovespa;23/09/2021;114064,36
Ibovespa;24/09/2021;113282,67
Ibovespa;27/09/2021;113583,01
Ibovespa;28/09/2021;110123,85
Ibovespa;29/09/2021;111106,83
Ibovespa;30/09/2021;110979,1
Ibovespa;01/10/2021;112899,64
Ibovespa;04/10/2021;110393,09
Ibovespa;05/10/2021;110457,64
Ibovespa;06/10/2021;110559,57
Ibovespa;07/10/2021;110585,43
Ibovespa;08/10/2021;112833,2
Ibovespa;11/10/2021;112180,48
Ibovespa;13/10/2021;113455,92
Ibovespa;14/10/2021;113185,48
Ibovespa;15/10/2021;114647,99
Ibovespa;18/10/2021;114428,18
Ibovespa;19/10/2021;110672,76
Ibovespa;20/10/2021;110786,43
Ibovespa;21/10/2021;107735,01
Ibovespa;22/10/2021;106296,18
Ibovespa;25/10/2021;108714,55
Ibovespa;26/10/2021;106419,53
Ibovespa;27/10/2021;106363,1
Ibovespa;28/10/2021;105704,96
Ibovespa;29/10/2021;103500,71
Ibovespa;01/11/2021;105550,86
Ibovespa;03/11/2021;105616,88
Ibovespa;04/11/2021;103412,09
Ibovespa;05/11/2021;104824,23
Ibovespa;08/11/2021;104781,13
Ibovespa;09/11/2021;105535,08
Ibovespa;10/11/2021;105967,51
Ibovespa;11/11/2021;107594,67
Ibovespa;12/11/2021;106334,54
Ibovespa;16/11/2021;104403,66
Ibovespa;17/11/2021;102948,45
Ibovespa;18/11/2021;102426
Ibovespa;19/11/2021;103035,02
Ibovespa;22/11/2021;102122,37
Ibovespa;23/11/2021;103653,82
Ibovespa;24/11/2021;104514,19
Ibovespa;25/11/2021;105811,25
Ibovespa;26/11/2021;102224,26
Ibovespa;29/11/2021;102814,03
Ibovespa;30/11/2021;101915,45
Ibovespa;01/12/2021;100774,57
Ibovespa;02/12/2021;104466,24
Ibovespa;03/12/2021;105069,69
Ibovespa;06/12/2021;106858,87
Ibovespa;07/12/2021;107557,67
Ibovespa;08/12/2021;108095,53
Ibovespa;09/12/2021;106291,24
Ibovespa;10/12/2021;107758,34
Ibovespa;13/12/2021;107383,32
Ibovespa;14/12/2021;106759,92
Ibovespa;15/12/2021;107431,18
Ibovespa;16/12/2021;108326,33
Ibovespa;17/12/2021;107200,56
Ibovespa;20/12/2021;105019,78
Ibovespa;21/12/2021;105499,88
Ibovespa;22/12/2021;105243,72
Ibovespa;23/12/2021;104891,32
Ibovespa;24/12/2021;104891,32
Ibovespa;27/12/2021;105554,4
Ibovespa;28/12/2021;104864,17
Ibovespa;29/12/2021;104107,24
Ibovespa;30/12/2021;104822,44
Ibovespa;31/12/2021;104822,44
Ibovespa;03/01/2022;103921,59
Ibovespa;04/01/2022;103513,64
Ibovespa;05/01/2022;101005,64
Ibovespa;06/01/2022;101561,05
Ibovespa;07/01/2022;102719,47
Ibovespa;10/01/2022;101945,2
Ibovespa;11/01/2022;103778,98
Ibovespa;12/01/2022;105685,66
Ibovespa;13/01/2022;105529,5
Ibovespa;14/01/2022;106927,79
Ibovespa;17/01/2022;106373,87
Ibovespa;18/01/2022;106667,66
Ibovespa;19/01/2022;108013,47
Ibovespa;20/01/2022;109101,99
Ibovespa;21/01/2022;108941,68
Ibovespa;24/01/2022;107937,11
Ibovespa;25/01/2022;110203,77
Ibovespa;26/01/2022;111289,18
Ibovespa;27/01/2022;112611,65
Ibovespa;28/01/2022;111910,1
Ibovespa;31/01/2022;112143,51
Ibovespa;01/02/2022;113228,31
Ibovespa;02/02/2022;111894,36
Ibovespa;03/02/2022;111695,94
Ibovespa;04/02/2022;112244,94
Ibovespa;07/02/2022;111996,4
Ibovespa;08/02/2022;112234,46
Ibovespa;09/02/2022;112461,39
Ibovespa;10/02/2022;113367,77
Ibovespa;11/02/2022;113572,35
Ibovespa;14/02/2022;113899,19
Ibovespa;15/02/2022;114828,18
Ibovespa;16/02/2022;115180,95
Ibovespa;17/02/2022;113528,48
Ibovespa;18/02/2022;112879,85
Ibovespa;21/02/2022;111725,3
Ibovespa;22/02/2022;112891,8
Ibovespa;23/02/2022;112007,61
Ibovespa;24/02/2022;111591,87
Ibovespa;25/02/2022;113141,94
Ibovespa;02/03/2022;115173,61
Ibovespa;03/03/2022;115165,55
Ibovespa;04/03/2022;114473,78
Ibovespa;07/03/2022;111593,46
Ibovespa;08/03/2022;111203,45
Ibovespa;09/03/2022;113900,34
Ibovespa;10/03/2022;113663,13
Ibovespa;11/03/2022;111713,07
Ibovespa;14/03/2022;109927,62
Ibovespa;15/03/2022;108959,3
Ibovespa;16/03/2022;111112,43
Ibovespa;17/03/2022;113076,33
Ibovespa;18/03/2022;115310,91
Ibovespa;21/03/2022;116154,53
Ibovespa;22/03/2022;117272,44
Ibovespa;23/03/2022;117457,34
Ibovespa;24/03/2022;119052,91
Ibovespa;25/03/2022;119081,13
Ibovespa;28/03/2022;118737,78
Ibovespa;29/03/2022;120014,17
Ibovespa;30/03/2022;120259,76
Ibovespa;31/03/2022;119999,23
Ibovespa;01/04/2022;121570,15
Ibovespa;04/04/2022;121279,51
Ibovespa;05/04/2022;118885,15
Ibovespa;06/04/2022;118227,75
Ibovespa;07/04/2022;118862,12
Ibovespa;08/04/2022;118322,26
Ibovespa;11/04/2022;116952,85
Ibovespa;12/04/2022;116146,86
Ibovespa;13/04/2022;116781,96
Ibovespa;14/04/2022;116181,61
Ibovespa;18/04/2022;115687,25
Ibovespa;19/04/2022;115056,66
Ibovespa;20/04/2022;114343,78
Ibovespa;22/04/2022;111077,51
Ibovespa;25/04/2022;110684,95
Ibovespa;26/04/2022;108212,86
Ibovespa;27/04/2022;109349,37
Ibovespa;28/04/2022;109918,97
Ibovespa;29/04/2022;107876,16
Ibovespa;02/05/2022;106638,64
Ibovespa;03/05/2022;106528,09
Ibovespa;04/05/2022;108343,74
Ibovespa;05/05/2022;105304,19
Ibovespa;06/05/2022;105134,73
Ibovespa;09/05/2022;103250,02
Ibovespa;10/05/2022;103109,94
Ibovespa;11/05/2022;104396,9
Ibovespa;12/05/2022;105687,64
Ibovespa;13/05/2022;106924,18
Ibovespa;16/05/2022;108232,74
Ibovespa;17/05/2022;108789,33
Ibovespa;18/05/2022;106247,15
Ibovespa;19/05/2022;107005,22
Ibovespa;20/05/2022;108487,88
Ibovespa;23/05/2022;110345,82
Ibovespa;24/05/2022;110580,79
Ibovespa;25/05/2022;110579,81
Ibovespa;26/05/2022;111889,88
Ibovespa;27/05/2022;111941,68
Ibovespa;30/05/2022;111032,11
Ibovespa;31/05/2022;111350,51
Ibovespa;01/06/2022;111359,94
Ibovespa;02/06/2022;112392,91
Ibovespa;03/06/2022;111102,32
Ibovespa;06/06/2022;110185,91
Ibovespa;07/06/2022;110069,76
Ibovespa;08/06/2022;108367,67
Ibovespa;09/06/2022;107093,71
Ibovespa;10/06/2022;105481,23
Ibovespa;13/06/2022;102598,18
Ibovespa;14/06/2022;102063,25
Ibovespa;15/06/2022;102806,82
Ibovespa;17/06/2022;99824,94
Ibovespa;20/06/2022;99852,67
Ibovespa;21/06/2022;99684,5
Ibovespa;22/06/2022;99522,32
Ibovespa;23/06/2022;98080,34
Ibovespa;24/06/2022;98672,26
Ibovespa;27/06/2022;100763,6
Ibovespa;28/06/2022;100591,41
Ibovespa;29/06/2022;99621,58
Ibovespa;30/06/2022;98541,95
Ibovespa;01/07/2022;98953,9
Ibovespa;04/07/2022;98608,76
Ibovespa;05/07/2022;98294,64
Ibovespa;06/07/2022;98718,98
Ibovespa;07/07/2022;100729,72
Ibovespa;08/07/2022;100288,94
Ibovespa;11/07/2022;98212,46
Ibovespa;12/07/2022;98271,21
Ibovespa;13/07/2022;97881,16
Ibovespa;14/07/2022;96120,85
Ibovespa;15/07/2022;96551
Ibovespa;18/07/2022;96916,13
Ibovespa;19/07/2022;98244,8
Ibovespa;20/07/2022;98286,83
Ibovespa;21/07/2022;99033,17
Ibovespa;22/07/2022;98924,82
Ibovespa;25/07/2022;100269,85
Ibovespa;26/07/2022;99771,69
Ibovespa;27/07/2022;101437,96
Ibovespa;28/07/2022;102596,66
Ibovespa;29/07/2022;103164,69
Ibovespa;01/08/2022;102225,08
Ibovespa;02/08/2022;103361,7
Ibovespa;03/08/2022;103774,68
Ibovespa;04/08/2022;105892,22
Ibovespa;05/08/2022;106471,92
Ibovespa;08/08/2022;108402,27
Ibovespa;09/08/2022;108651,05
Ibovespa;10/08/2022;110235,76
Ibovespa;11/08/2022;109717,94
Ibovespa;12/08/2022;112764,26
Ibovespa;15/08/2022;113031,98
Ibovespa;16/08/2022;113512,38
Ibovespa;17/08/2022;113707,76
Ibovespa;18/08/2022;113812,87
Ibovespa;19/08/2022;111496,21
Ibovespa;22/08/2022;110500,53
Ibovespa;23/08/2022;112857,1
Ibovespa;24/08/2022;112897,84
Ibovespa;25/08/2022;113531,72
Ibovespa;26/08/2022;112298,86
Ibovespa;29/08/2022;112323,12
Ibovespa;30/08/2022;110430,64
Ibovespa;31/08/2022;109522,88
Ibovespa;01/09/2022;110405,3
Ibovespa;02/09/2022;110864,24
Ibovespa;05/09/2022;112203,35
Ibovespa;06/09/2022;109763,77
Ibovespa;08/09/2022;109915,64
Ibovespa;09/09/2022;112300,41
Ibovespa;12/09/2022;113406,55
Ibovespa;13/09/2022;110793,96
Ibovespa;14/09/2022;110546,67
Ibovespa;15/09/2022;109953,65
Ibovespa;16/09/2022;109280,37
Ibovespa;19/09/2022;111823,89
Ibovespa;20/09/2022;112516,91
Ibovespa;21/09/2022;111935,86
Ibovespa;22/09/2022;114070,48
Ibovespa;23/09/2022;111716
Ibovespa;26/09/2022;109114,16
Ibovespa;27/09/2022;108376,35
Ibovespa;28/09/2022;108451,2
Ibovespa;29/09/2022;107664,35
Ibovespa;30/09/2022;110036,79
Ibovespa;03/10/2022;116134,46
Ibovespa;04/10/2022;116230,12
Ibovespa;05/10/2022;117197,82
Ibovespa;06/10/2022;117560,83
Ibovespa;07/10/2022;116375,25
Ibovespa;10/10/2022;115940,64
Ibovespa;11/10/2022;114827,12
Ibovespa;13/10/2022;114300,09
Ibovespa;14/10/2022;112072,34
Ibovespa;17/10/2022;113623,98
Ibovespa;18/10/2022;115743,07
Ibovespa;19/10/2022;116274,24
Ibovespa;20/10/2022;117171,11
Ibovespa;21/10/2022;119928,79
Ibovespa;24/10/2022;116012,7
Ibovespa;25/10/2022;114625,59
Ibovespa;26/10/2022;112763,79
Ibovespa;27/10/2022;114640,76
Ibovespa;28/10/2022;114539,05
Ibovespa;31/10/2022;116037,08
Ibovespa;01/11/2022;116928,66
Ibovespa;03/11/2022;116896,36
Ibovespa;04/11/2022;118155,46
Ibovespa;07/11/2022;115342,4
Ibovespa;08/11/2022;116160,35
Ibovespa;09/11/2022;113580,09
Ibovespa;10/11/2022;109775,46
Ibovespa;11/11/2022;112253,49
Ibovespa;14/11/2022;113161,28
Ibovespa;16/11/2022;110243,33
Ibovespa;17/11/2022;109702,78
Ibovespa;18/11/2022;108870,17
Ibovespa;21/11/2022;109748,18
Ibovespa;22/11/2022;109036,54
Ibovespa;23/11/2022;108841,15
Ibovespa;24/11/2022;111831,16
Ibovespa;25/11/2022;108976,7
Ibovespa;28/11/2022;108782,15
Ibovespa;29/11/2022;110909,61
Ibovespa;30/11/2022;112486,01
Ibovespa;01/12/2022;110925,6
Ibovespa;02/12/2022;111923,93
Ibovespa;05/12/2022;109401,41
Ibovespa;06/12/2022;110188,57
Ibovespa;07/12/2022;109068,55
Ibovespa;08/12/2022;107249,04
Ibovespa;09/12/2022;107519,56
Ibovespa;12/12/2022;105343,33
Ibovespa;13/12/2022;103539,67
Ibovespa;14/12/2022;103745,77
Ibovespa;15/12/2022;103737,69
Ibovespa;16/12/2022;102855,7
Ibovespa;19/12/2022;104739,75
Ibovespa;20/12/2022;106864,11
Ibovespa;21/12/2022;107433,14
Ibovespa;22/12/2022;107551,52
Ibovespa;23/12/2022;109697,57
Ibovespa;26/12/2022;108737,75
Ibovespa;27/12/2022;108578,2
Ibovespa;28/12/2022;110236,71
Ibovespa;29/12/2022;109734,6
Ibovespa;30/12/2022;109734,6
Ibovespa;02/01/2023;106376,02
Ibovespa;03/01/2023;104165,74
Ibovespa;04/01/2023;105334,46
Ibovespa;05/01/2023;107641,32
Ibovespa;06/01/2023;108963,7
Ibovespa;09/01/2023;109129,57
Ibovespa;10/01/2023;110816,71
Ibovespa;11/01/2023;112517,08
Ibovespa;12/01/2023;111850,22
Ibovespa;13/01/2023;110916,08
Ibovespa;16/01/2023;109212,66
Ibovespa;17/01/2023;111439,12
Ibovespa;18/01/2023;112228,39
Ibovespa;19/01/2023;112921,88
Ibovespa;20/01/2023;112040,64
Ibovespa;23/01/2023;111737,28
Ibovespa;24/01/2023;113028,15
Ibovespa;25/01/2023;114270,07
Ibovespa;26/01/2023;114177,55
Ibovespa;27/01/2023;112316,16
Ibovespa;30/01/2023;112273,01
Ibovespa;31/01/2023;113430,54
Ibovespa;01/02/2023;112073,55
Ibovespa;02/02/2023;110140,64
Ibovespa;03/02/2023;108523,47
Ibovespa;06/02/2023;108721,58
Ibovespa;07/02/2023;107829,73
Ibovespa;08/02/2023;109951,49
Ibovespa;09/02/2023;108008,05
Ibovespa;10/02/2023;108078,27
Ibovespa;13/02/2023;108836,47
Ibovespa;14/02/2023;107848,81
Ibovespa;15/02/2023;109600,14
Ibovespa;16/02/2023;109941,46
Ibovespa;17/02/2023;109176,92
Ibovespa;22/02/2023;107152,05
Ibovespa;23/02/2023;107592,87
Ibovespa;24/02/2023;105798,43
Ibovespa;27/02/2023;105711,05
Ibovespa;28/02/2023;104931,93
Ibovespa;01/03/2023;104384,67
Ibovespa;02/03/2023;103325,61
Ibovespa;03/03/2023;103865,99
Ibovespa;06/03/2023;104700,32
Ibovespa;07/03/2023;104227,93
Ibovespa;08/03/2023;106540,32
Ibovespa;09/03/2023;105071,19
Ibovespa;10/03/2023;103618,2
Ibovespa;13/03/2023;103121,36
Ibovespa;14/03/2023;102932,38
Ibovespa;15/03/2023;102675,45
Ibovespa;16/03/2023;103434,66
Ibovespa;17/03/2023;101981,53
Ibovespa;20/03/2023;100922,89
Ibovespa;21/03/2023;100998,13
Ibovespa;22/03/2023;100220,63
Ibovespa;23/03/2023;97926,34
Ibovespa;24/03/2023;98829,27
Ibovespa;27/03/2023;99670,47
Ibovespa;28/03/2023;101185,09
Ibovespa;29/03/2023;101792,52
Ibovespa;30/03/2023;103713,45
Ibovespa;31/03/2023;101882,2
Ibovespa;03/04/2023;101506,18
Ibovespa;04/04/2023;101869,45
Ibovespa;05/04/2023;100977,85
Ibovespa;06/04/2023;100821,73
Ibovespa;10/04/2023;101846,64
Ibovespa;11/04/2023;106213,76
Ibovespa;12/04/2023;106889,71
Ibovespa;13/04/2023;106457,85
Ibovespa;14/04/2023;106279,37
Ibovespa;17/04/2023;106015,67
Ibovespa;18/04/2023;106163,23
Ibovespa;19/04/2023;103912,94
Ibovespa;20/04/2023;104366,82
Ibovespa;24/04/2023;103946,58
Ibovespa;25/04/2023;103220,09
Ibovespa;26/04/2023;102312,1
Ibovespa;27/04/2023;102923,31
Ibovespa;28/04/2023;104431,63
Ibovespa;02/05/2023;101926,95
Ibovespa;03/05/2023;101797,09
Ibovespa;04/05/2023;102174,34
Ibovespa;05/05/2023;105148,48
Ibovespa;08/05/2023;106042,15
Ibovespa;09/05/2023;107113,66
Ibovespa;10/05/2023;107448,21
Ibovespa;11/05/2023;108256,4
Ibovespa;12/05/2023;108463,84
Ibovespa;15/05/2023;109029,12
Ibovespa;16/05/2023;108193,68
Ibovespa;17/05/2023;109459,95
Ibovespa;18/05/2023;110108,46
Ibovespa;19/05/2023;110744,51
Ibovespa;22/05/2023;110213,12
Ibovespa;23/05/2023;109928,53
Ibovespa;24/05/2023;108799,54
Ibovespa;25/05/2023;110054,38
Ibovespa;26/05/2023;110905,51
Ibovespa;29/05/2023;110333,4
Ibovespa;30/05/2023;108967,03
Ibovespa;31/05/2023;108335,07
Ibovespa;01/06/2023;110564,66
Ibovespa;02/06/2023;112558,15
Ibovespa;05/06/2023;112696,32
Ibovespa;06/06/2023;114610,1
Ibovespa;07/06/2023;115488,16
Ibovespa;09/06/2023;117019,48
Ibovespa;12/06/2023;117336,34
Ibovespa;13/06/2023;116742,71
Ibovespa;14/06/2023;119068,77
Ibovespa;15/06/2023;119221
Ibovespa;16/06/2023;118758,42
Ibovespa;19/06/2023;119857,76
Ibovespa;20/06/2023;119622,4
Ibovespa;21/06/2023;120420,26
Ibovespa;22/06/2023;118934,2
Ibovespa;23/06/2023;118977,1
Ibovespa;26/06/2023;118242,95
Ibovespa;27/06/2023;117522,87
Ibovespa;28/06/2023;116681,32
Ibovespa;29/06/2023;118382,65
Ibovespa;30/06/2023;118087
Ibovespa;03/07/2023;119672,78
Ibovespa;04/07/2023;119076,37
Ibovespa;05/07/2023;119549,21
Ibovespa;06/07/2023;117425,7
Ibovespa;07/07/2023;118897,99
Ibovespa;10/07/2023;117942,44
Ibovespa;11/07/2023;117555,52
Ibovespa;12/07/2023;117666,49
Ibovespa;13/07/2023;119263,89
Ibovespa;14/07/2023;117710,54
Ibovespa;17/07/2023;118219,46
Ibovespa;18/07/2023;117841,19
Ibovespa;19/07/2023;117552,07
Ibovespa;20/07/2023;118082,9
Ibovespa;21/07/2023;120216,77
Ibovespa;24/07/2023;121341,69
Ibovespa;25/07/2023;122007,77
Ibovespa;26/07/2023;122560,38
Ibovespa;27/07/2023;119989,64
Ibovespa;28/07/2023;120187,11
Ibovespa;31/07/2023;121942,98
Ibovespa;01/08/2023;121248,39
Ibovespa;02/08/2023;120858,72
Ibovespa;03/08/2023;120585,77
Ibovespa;04/08/2023;119507,68
Ibovespa;07/08/2023;119379,5
Ibovespa;08/08/2023;119090,24
Ibovespa;09/08/2023;118408,77
Ibovespa;10/08/2023;118349,6
Ibovespa;11/08/2023;118065,14
Ibovespa;14/08/2023;116809,55
Ibovespa;15/08/2023;116171,42
Ibovespa;16/08/2023;115591,52
Ibovespa;17/08/2023;114982,3
Ibovespa;18/08/2023;115408,52
Ibovespa;21/08/2023;114429,35
Ibovespa;22/08/2023;116156,01
Ibovespa;23/08/2023;118134,59
Ibovespa;24/08/2023;117025,6
Ibovespa;25/08/2023;115837,2
Ibovespa;28/08/2023;117120,98
Ibovespa;29/08/2023;118403,61
Ibovespa;30/08/2023;117535,1
Ibovespa;31/08/2023;115741,81
Ibovespa;01/09/2023;117892,96
Ibovespa;04/09/2023;117776,62
Ibovespa;05/09/2023;117331,3
Ibovespa;06/09/2023;115985,34
Ibovespa;08/09/2023;115313,4
Ibovespa;11/09/2023;116883,34
Ibovespa;12/09/2023;117968,12
Ibovespa;13/09/2023;118175,97
Ibovespa;14/09/2023;119391,55
Ibovespa;15/09/2023;118757,53
Ibovespa;18/09/2023;118288,21
Ibovespa;19/09/2023;117845,78
Ibovespa;20/09/2023;118695,32
Ibovespa;21/09/2023;116145,05
Ibovespa;22/09/2023;116008,64
Ibovespa;25/09/2023;115924,61
Ibovespa;26/09/2023;114193,43
Ibovespa;27/09/2023;114327,05
Ibovespa;28/09/2023;115730,76
Ibovespa;29/09/2023;116565,17
Ibovespa;02/10/2023;115056,86
Ibovespa;03/10/2023;113419,04
Ibovespa;04/10/2023;113607,45
Ibovespa;05/10/2023;113284,08
Ibovespa;06/10/2023;114169,63
Ibovespa;09/10/2023;115156,07
Ibovespa;10/10/2023;116736,95
Ibovespa;11/10/2023;117050,74
Ibovespa;13/10/2023;115754,08
Ibovespa;16/10/2023;116533,85
Ibovespa;17/10/2023;115908,43
Ibovespa;18/10/2023;114059,64
Ibovespa;19/10/2023;114004,3
Ibovespa;20/10/2023;113155,28
Ibovespa;23/10/2023;112784,52
Ibovespa;24/10/2023;113761,9
Ibovespa;25/10/2023;112829,97
Ibovespa;26/10/2023;114776,86
Ibovespa;27/10/2023;113301,35
Ibovespa;30/10/2023;112531,52
Ibovespa;31/10/2023;113143,67
Ibovespa;01/11/2023;115052,96
Ibovespa;03/11/2023;118159,97
Ibovespa;06/11/2023;118431,25
Ibovespa;07/11/2023;119268,06
Ibovespa;08/11/2023;119176,67
Ibovespa;09/11/2023;119034,14
Ibovespa;10/11/2023;120568,14
Ibovespa;13/11/2023;120410,17
Ibovespa;14/11/2023;123165,76
Ibovespa;16/11/2023;124639,24
Ibovespa;17/11/2023;124773,21
Ibovespa;20/11/2023;125957,06
Ibovespa;21/11/2023;125626,03
Ibovespa;22/11/2023;126035,3
Ibovespa;23/11/2023;126575,75
Ibovespa;24/11/2023;125517,27
Ibovespa;27/11/2023;125731,45
Ibovespa;28/11/2023;126538,32
Ibovespa;29/11/2023;126165,64
Ibovespa;30/11/2023;127331,12
Ibovespa;01/12/2023;128184,91
Ibovespa;04/12/2023;126802,79
Ibovespa;05/12/2023;126903,25
Ibovespa;06/12/2023;125622,65
Ibovespa;07/12/2023;126009,57
Ibovespa;08/12/2023;127093,57
Ibovespa;11/12/2023;126916,41
Ibovespa;12/12/2023;126403,03
Ibovespa;13/12/2023;129465,08
Ibovespa;14/12/2023;130842,09
Ibovespa;15/12/2023;130197,1
Ibovespa;18/12/2023;131083,82
Ibovespa;19/12/2023;131850,9
Ibovespa;20/12/2023;130804,17
Ibovespa;21/12/2023;132182,01
IDA-DI;05/01/2009;755,57
IDA-DI;06/01/2009;755,18
IDA-DI;07/01/2009;754,85
IDA-DI;08/01/2009;755,04
IDA-DI;09/01/2009;755,35
IDA-DI;12/01/2009;755,64
IDA-DI;13/01/2009;755,95
IDA-DI;14/01/2009;756,28
IDA-DI;15/01/2009;756,67
IDA-DI;16/01/2009;757,06
IDA-DI;19/01/2009;757,52
IDA-DI;20/01/2009;757,91
IDA-DI;21/01/2009;758,41
IDA-DI;22/01/2009;758,89
IDA-DI;23/01/2009;759,2
IDA-DI;26/01/2009;759,47
IDA-DI;27/01/2009;759,96
IDA-DI;28/01/2009;760,3
IDA-DI;29/01/2009;760,33
IDA-DI;30/01/2009;760,75
IDA-DI;02/02/2009;761,19
IDA-DI;03/02/2009;761,63
IDA-DI;04/02/2009;761,78
IDA-DI;05/02/2009;762,19
IDA-DI;06/02/2009;762,74
IDA-DI;09/02/2009;763,14
IDA-DI;10/02/2009;763,38
IDA-DI;11/02/2009;763,86
IDA-DI;12/02/2009;764,04
IDA-DI;13/02/2009;764,61
IDA-DI;16/02/2009;765,05
IDA-DI;17/02/2009;765,58
IDA-DI;18/02/2009;766,03
IDA-DI;19/02/2009;766,66
IDA-DI;20/02/2009;767,05
IDA-DI;25/02/2009;767,48
IDA-DI;26/02/2009;768,1
IDA-DI;27/02/2009;768,75
IDA-DI;02/03/2009;769,25
IDA-DI;03/03/2009;769,74
IDA-DI;04/03/2009;770,2
IDA-DI;05/03/2009;770,83
IDA-DI;06/03/2009;771,52
IDA-DI;09/03/2009;772,3
IDA-DI;10/03/2009;772,62
IDA-DI;11/03/2009;773,02
IDA-DI;12/03/2009;773,44
IDA-DI;13/03/2009;773,86
IDA-DI;16/03/2009;774,2
IDA-DI;17/03/2009;774,7
IDA-DI;18/03/2009;775,21
IDA-DI;19/03/2009;775,59
IDA-DI;20/03/2009;776,17
IDA-DI;23/03/2009;776,37
IDA-DI;24/03/2009;776,62
IDA-DI;25/03/2009;777,04
IDA-DI;26/03/2009;777,52
IDA-DI;27/03/2009;777,75
IDA-DI;30/03/2009;778,37
IDA-DI;31/03/2009;778,83
IDA-DI;01/04/2009;779,11
IDA-DI;02/04/2009;779,45
IDA-DI;03/04/2009;779,79
IDA-DI;06/04/2009;780,15
IDA-DI;07/04/2009;780,37
IDA-DI;08/04/2009;780,7
IDA-DI;09/04/2009;780,96
IDA-DI;13/04/2009;781,37
IDA-DI;14/04/2009;782,05
IDA-DI;15/04/2009;782,47
IDA-DI;16/04/2009;782,93
IDA-DI;17/04/2009;783,29
IDA-DI;20/04/2009;783,75
IDA-DI;22/04/2009;784,22
IDA-DI;23/04/2009;784,58
IDA-DI;24/04/2009;784,92
IDA-DI;27/04/2009;785,25
IDA-DI;28/04/2009;785,78
IDA-DI;29/04/2009;786,21
IDA-DI;30/04/2009;786,63
IDA-DI;04/05/2009;787,23
IDA-DI;05/05/2009;787,59
IDA-DI;06/05/2009;787,86
IDA-DI;07/05/2009;788,23
IDA-DI;08/05/2009;788,62
IDA-DI;11/05/2009;789,06
IDA-DI;12/05/2009;789,37
IDA-DI;13/05/2009;789,8
IDA-DI;14/05/2009;790,23
IDA-DI;15/05/2009;790,65
IDA-DI;18/05/2009;790,93
IDA-DI;19/05/2009;791,38
IDA-DI;20/05/2009;791,74
IDA-DI;21/05/2009;791,98
IDA-DI;22/05/2009;792,39
IDA-DI;25/05/2009;792,81
IDA-DI;26/05/2009;793,3
IDA-DI;27/05/2009;793,62
IDA-DI;28/05/2009;794,14
IDA-DI;29/05/2009;794,72
IDA-DI;01/06/2009;795,31
IDA-DI;02/06/2009;795,78
IDA-DI;03/06/2009;796,28
IDA-DI;04/06/2009;796,83
IDA-DI;05/06/2009;797,23
IDA-DI;08/06/2009;797,61
IDA-DI;09/06/2009;797,86
IDA-DI;10/06/2009;798,2
IDA-DI;12/06/2009;798,64
IDA-DI;15/06/2009;799,02
IDA-DI;16/06/2009;799,38
IDA-DI;17/06/2009;799,75
IDA-DI;18/06/2009;799,82
IDA-DI;19/06/2009;800,11
IDA-DI;22/06/2009;800,47
IDA-DI;23/06/2009;800,88
IDA-DI;24/06/2009;801,36
IDA-DI;25/06/2009;801,65
IDA-DI;26/06/2009;802,01
IDA-DI;29/06/2009;802,19
IDA-DI;30/06/2009;802,5
IDA-DI;01/07/2009;802,88
IDA-DI;02/07/2009;803,38
IDA-DI;03/07/2009;803,85
IDA-DI;06/07/2009;804,46
IDA-DI;07/07/2009;805,05
IDA-DI;08/07/2009;805,88
IDA-DI;09/07/2009;806,21
IDA-DI;10/07/2009;807,5
IDA-DI;13/07/2009;807,91
IDA-DI;14/07/2009;808,48
IDA-DI;15/07/2009;809,11
IDA-DI;16/07/2009;809,49
IDA-DI;17/07/2009;809,99
IDA-DI;20/07/2009;810,08
IDA-DI;21/07/2009;810,91
IDA-DI;22/07/2009;811,4
IDA-DI;23/07/2009;811,97
IDA-DI;24/07/2009;812,33
IDA-DI;27/07/2009;812,68
IDA-DI;28/07/2009;813,15
IDA-DI;29/07/2009;813,48
IDA-DI;30/07/2009;813,91
IDA-DI;31/07/2009;814,72
IDA-DI;03/08/2009;815,11
IDA-DI;04/08/2009;815,61
IDA-DI;05/08/2009;815,66
IDA-DI;06/08/2009;816,02
IDA-DI;07/08/2009;816,3
IDA-DI;10/08/2009;816,57
IDA-DI;11/08/2009;816,91
IDA-DI;12/08/2009;817,24
IDA-DI;13/08/2009;817,7
IDA-DI;14/08/2009;818,27
IDA-DI;17/08/2009;818,48
IDA-DI;18/08/2009;818,57
IDA-DI;19/08/2009;818,92
IDA-DI;20/08/2009;819,43
IDA-DI;21/08/2009;819,74
IDA-DI;24/08/2009;820,14
IDA-DI;25/08/2009;820,44
IDA-DI;26/08/2009;820,68
IDA-DI;27/08/2009;821,12
IDA-DI;28/08/2009;821,62
IDA-DI;31/08/2009;822,05
IDA-DI;01/09/2009;822,5
IDA-DI;02/09/2009;822,81
IDA-DI;03/09/2009;823,2
IDA-DI;04/09/2009;823,53
IDA-DI;08/09/2009;823,91
IDA-DI;09/09/2009;824,32
IDA-DI;10/09/2009;824,57
IDA-DI;11/09/2009;824,9
IDA-DI;14/09/2009;825,3
IDA-DI;15/09/2009;825,67
IDA-DI;16/09/2009;825,88
IDA-DI;17/09/2009;826,21
IDA-DI;18/09/2009;826,57
IDA-DI;21/09/2009;827,06
IDA-DI;22/09/2009;827,47
IDA-DI;23/09/2009;827,88
IDA-DI;24/09/2009;828,25
IDA-DI;25/09/2009;828,43
IDA-DI;28/09/2009;828,79
IDA-DI;29/09/2009;829,23
IDA-DI;30/09/2009;829,66
IDA-DI;01/10/2009;830,05
IDA-DI;02/10/2009;830,4
IDA-DI;05/10/2009;830,76
IDA-DI;06/10/2009;830,97
IDA-DI;07/10/2009;831,35
IDA-DI;08/10/2009;831,69
IDA-DI;09/10/2009;832,2
IDA-DI;13/10/2009;832,55
IDA-DI;14/10/2009;832,95
IDA-DI;15/10/2009;833,14
IDA-DI;16/10/2009;833,52
IDA-DI;19/10/2009;833,81
IDA-DI;20/10/2009;834,29
IDA-DI;21/10/2009;834,6
IDA-DI;22/10/2009;834,91
IDA-DI;23/10/2009;835,22
IDA-DI;26/10/2009;835,48
IDA-DI;27/10/2009;835,88
IDA-DI;28/10/2009;836,78
IDA-DI;29/10/2009;837,54
IDA-DI;30/10/2009;838,04
IDA-DI;03/11/2009;838,61
IDA-DI;04/11/2009;839,13
IDA-DI;05/11/2009;839,4
IDA-DI;06/11/2009;839,63
IDA-DI;09/11/2009;839,96
IDA-DI;10/11/2009;840,17
IDA-DI;11/11/2009;840,53
IDA-DI;12/11/2009;840,7
IDA-DI;13/11/2009;840,9
IDA-DI;16/11/2009;841,42
IDA-DI;17/11/2009;841,88
IDA-DI;18/11/2009;842,2
IDA-DI;19/11/2009;842,4
IDA-DI;20/11/2009;842,72
IDA-DI;23/11/2009;843,08
IDA-DI;24/11/2009;843,42
IDA-DI;25/11/2009;843,81
IDA-DI;26/11/2009;844,27
IDA-DI;27/11/2009;844,63
IDA-DI;30/11/2009;845,15
IDA-DI;01/12/2009;845,51
IDA-DI;02/12/2009;845,87
IDA-DI;03/12/2009;846,34
IDA-DI;04/12/2009;846,88
IDA-DI;07/12/2009;847,28
IDA-DI;08/12/2009;847,77
IDA-DI;09/12/2009;848,13
IDA-DI;10/12/2009;848,58
IDA-DI;11/12/2009;849,03
IDA-DI;14/12/2009;849,49
IDA-DI;15/12/2009;849,79
IDA-DI;16/12/2009;850,12
IDA-DI;17/12/2009;850,56
IDA-DI;18/12/2009;850,99
IDA-DI;21/12/2009;851,38
IDA-DI;22/12/2009;851,78
IDA-DI;23/12/2009;852,19
IDA-DI;24/12/2009;852,51
IDA-DI;28/12/2009;852,97
IDA-DI;29/12/2009;853,27
IDA-DI;30/12/2009;853,59
IDA-DI;31/12/2009;853,91
IDA-DI;04/01/2010;854,24
IDA-DI;05/01/2010;854,52
IDA-DI;06/01/2010;854,92
IDA-DI;07/01/2010;855,2
IDA-DI;08/01/2010;855,55
IDA-DI;11/01/2010;855,9
IDA-DI;12/01/2010;856,27
IDA-DI;13/01/2010;856,67
IDA-DI;14/01/2010;856,99
IDA-DI;15/01/2010;857,37
IDA-DI;18/01/2010;857,68
IDA-DI;19/01/2010;858,1
IDA-DI;20/01/2010;858,43
IDA-DI;21/01/2010;858,76
IDA-DI;22/01/2010;859,12
IDA-DI;25/01/2010;859,44
IDA-DI;26/01/2010;859,89
IDA-DI;27/01/2010;860,21
IDA-DI;28/01/2010;860,55
IDA-DI;29/01/2010;860,86
IDA-DI;01/02/2010;861,21
IDA-DI;02/02/2010;861,55
IDA-DI;03/02/2010;861,86
IDA-DI;04/02/2010;862,08
IDA-DI;05/02/2010;862,4
IDA-DI;08/02/2010;862,82
IDA-DI;09/02/2010;863,2
IDA-DI;10/02/2010;863,49
IDA-DI;11/02/2010;863,83
IDA-DI;12/02/2010;864,23
IDA-DI;17/02/2010;864,6
IDA-DI;18/02/2010;864,92
IDA-DI;19/02/2010;865,27
IDA-DI;22/02/2010;865,66
IDA-DI;23/02/2010;866,01
IDA-DI;24/02/2010;866,48
IDA-DI;25/02/2010;866,78
IDA-DI;26/02/2010;867,12
IDA-DI;01/03/2010;867,5
IDA-DI;02/03/2010;867,94
IDA-DI;03/03/2010;868,3
IDA-DI;04/03/2010;868,64
IDA-DI;05/03/2010;869,01
IDA-DI;08/03/2010;869,37
IDA-DI;09/03/2010;869,69
IDA-DI;10/03/2010;869,96
IDA-DI;11/03/2010;870,22
IDA-DI;12/03/2010;870,76
IDA-DI;15/03/2010;871,2
IDA-DI;16/03/2010;871,61
IDA-DI;17/03/2010;871,98
IDA-DI;18/03/2010;872,31
IDA-DI;19/03/2010;872,59
IDA-DI;22/03/2010;872,89
IDA-DI;23/03/2010;873,21
IDA-DI;24/03/2010;873,66
IDA-DI;25/03/2010;873,93
IDA-DI;26/03/2010;874,33
IDA-DI;29/03/2010;874,5
IDA-DI;30/03/2010;874,9
IDA-DI;31/03/2010;875,28
IDA-DI;01/04/2010;875,61
IDA-DI;05/04/2010;875,92
IDA-DI;06/04/2010;876,21
IDA-DI;07/04/2010;876,53
IDA-DI;08/04/2010;876,84
IDA-DI;09/04/2010;877,19
IDA-DI;12/04/2010;877,42
IDA-DI;13/04/2010;877,67
IDA-DI;14/04/2010;877,91
IDA-DI;15/04/2010;878,24
IDA-DI;16/04/2010;878,59
IDA-DI;19/04/2010;878,84
IDA-DI;20/04/2010;879,07
IDA-DI;22/04/2010;879,45
IDA-DI;23/04/2010;879,83
IDA-DI;26/04/2010;880,22
IDA-DI;27/04/2010;880,52
IDA-DI;28/04/2010;880,88
IDA-DI;29/04/2010;881,22
IDA-DI;30/04/2010;881,5
IDA-DI;03/05/2010;881,8
IDA-DI;04/05/2010;882,24
IDA-DI;05/05/2010;882,78
IDA-DI;06/05/2010;883,25
IDA-DI;07/05/2010;883,6
IDA-DI;10/05/2010;883,95
IDA-DI;11/05/2010;884,24
IDA-DI;12/05/2010;884,59
IDA-DI;13/05/2010;884,86
IDA-DI;14/05/2010;885,13
IDA-DI;17/05/2010;885,53
IDA-DI;18/05/2010;885,99
IDA-DI;19/05/2010;886,37
IDA-DI;20/05/2010;886,75
IDA-DI;21/05/2010;887,1
IDA-DI;24/05/2010;887,47
IDA-DI;25/05/2010;887,87
IDA-DI;26/05/2010;888,23
IDA-DI;27/05/2010;888,63
IDA-DI;28/05/2010;888,95
IDA-DI;31/05/2010;889,35
IDA-DI;01/06/2010;889,65
IDA-DI;02/06/2010;890,04
IDA-DI;04/06/2010;890,38
IDA-DI;07/06/2010;890,77
IDA-DI;08/06/2010;891,13
IDA-DI;09/06/2010;891,47
IDA-DI;10/06/2010;891,78
IDA-DI;11/06/2010;892,2
IDA-DI;14/06/2010;892,56
IDA-DI;15/06/2010;892,94
IDA-DI;16/06/2010;893,28
IDA-DI;17/06/2010;893,7
IDA-DI;18/06/2010;894,11
IDA-DI;21/06/2010;894,46
IDA-DI;22/06/2010;894,89
IDA-DI;23/06/2010;895,26
IDA-DI;24/06/2010;895,68
IDA-DI;25/06/2010;896,08
IDA-DI;28/06/2010;896,44
IDA-DI;29/06/2010;896,86
IDA-DI;30/06/2010;897,28
IDA-DI;01/07/2010;897,74
IDA-DI;02/07/2010;898,11
IDA-DI;05/07/2010;898,53
IDA-DI;06/07/2010;898,94
IDA-DI;07/07/2010;899,39
IDA-DI;08/07/2010;899,84
IDA-DI;09/07/2010;900,23
IDA-DI;12/07/2010;900,66
IDA-DI;13/07/2010;901,03
IDA-DI;14/07/2010;901,39
IDA-DI;15/07/2010;901,81
IDA-DI;16/07/2010;902,25
IDA-DI;19/07/2010;902,64
IDA-DI;20/07/2010;903,04
IDA-DI;21/07/2010;903,44
IDA-DI;22/07/2010;903,83
IDA-DI;23/07/2010;904,23
IDA-DI;26/07/2010;904,63
IDA-DI;27/07/2010;905,06
IDA-DI;28/07/2010;905,5
IDA-DI;29/07/2010;905,92
IDA-DI;30/07/2010;906,36
IDA-DI;02/08/2010;906,85
IDA-DI;03/08/2010;907,28
IDA-DI;04/08/2010;907,65
IDA-DI;05/08/2010;908,08
IDA-DI;06/08/2010;908,5
IDA-DI;09/08/2010;908,94
IDA-DI;10/08/2010;909,32
IDA-DI;11/08/2010;909,77
IDA-DI;12/08/2010;910,18
IDA-DI;13/08/2010;910,61
IDA-DI;16/08/2010;911,05
IDA-DI;17/08/2010;911,51
IDA-DI;18/08/2010;911,95
IDA-DI;19/08/2010;912,37
IDA-DI;20/08/2010;912,79
IDA-DI;23/08/2010;913,2
IDA-DI;24/08/2010;913,62
IDA-DI;25/08/2010;914,06
IDA-DI;26/08/2010;914,44
IDA-DI;27/08/2010;914,82
IDA-DI;30/08/2010;915,28
IDA-DI;31/08/2010;915,72
IDA-DI;01/09/2010;916,26
IDA-DI;02/09/2010;916,64
IDA-DI;03/09/2010;917,09
IDA-DI;06/09/2010;917,48
IDA-DI;08/09/2010;917,91
IDA-DI;09/09/2010;918,35
IDA-DI;10/09/2010;918,75
IDA-DI;13/09/2010;919,15
IDA-DI;14/09/2010;919,57
IDA-DI;15/09/2010;920,09
IDA-DI;16/09/2010;920,61
IDA-DI;17/09/2010;921,05
IDA-DI;20/09/2010;921,46
IDA-DI;21/09/2010;921,86
IDA-DI;22/09/2010;922,31
IDA-DI;23/09/2010;922,7
IDA-DI;24/09/2010;923,11
IDA-DI;27/09/2010;923,48
IDA-DI;28/09/2010;923,92
IDA-DI;29/09/2010;924,34
IDA-DI;30/09/2010;924,81
IDA-DI;01/10/2010;925,2
IDA-DI;04/10/2010;925,64
IDA-DI;05/10/2010;926,1
IDA-DI;06/10/2010;926,5
IDA-DI;07/10/2010;926,92
IDA-DI;08/10/2010;927,33
IDA-DI;11/10/2010;927,78
IDA-DI;13/10/2010;928,19
IDA-DI;14/10/2010;928,65
IDA-DI;15/10/2010;929,12
IDA-DI;18/10/2010;929,55
IDA-DI;19/10/2010;929,96
IDA-DI;20/10/2010;930,41
IDA-DI;21/10/2010;930,8
IDA-DI;22/10/2010;931,19
IDA-DI;25/10/2010;931,62
IDA-DI;26/10/2010;932,03
IDA-DI;27/10/2010;932,49
IDA-DI;28/10/2010;932,88
IDA-DI;29/10/2010;933,31
IDA-DI;01/11/2010;933,73
IDA-DI;03/11/2010;934,02
IDA-DI;04/11/2010;934,46
IDA-DI;05/11/2010;934,93
IDA-DI;08/11/2010;935,33
IDA-DI;09/11/2010;935,71
IDA-DI;10/11/2010;936,13
IDA-DI;11/11/2010;936,53
IDA-DI;12/11/2010;936,96
IDA-DI;16/11/2010;937,38
IDA-DI;17/11/2010;937,76
IDA-DI;18/11/2010;938,18
IDA-DI;19/11/2010;938,63
IDA-DI;22/11/2010;939,02
IDA-DI;23/11/2010;939,5
IDA-DI;24/11/2010;939,89
IDA-DI;25/11/2010;940,3
IDA-DI;26/11/2010;940,71
IDA-DI;29/11/2010;941,14
IDA-DI;30/11/2010;941,58
IDA-DI;01/12/2010;942,03
IDA-DI;02/12/2010;942,47
IDA-DI;03/12/2010;942,89
IDA-DI;06/12/2010;943,3
IDA-DI;07/12/2010;943,71
IDA-DI;08/12/2010;944,12
IDA-DI;09/12/2010;944,54
IDA-DI;10/12/2010;944,98
IDA-DI;13/12/2010;945,41
IDA-DI;14/12/2010;945,84
IDA-DI;15/12/2010;946,27
IDA-DI;16/12/2010;946,66
IDA-DI;17/12/2010;947,1
IDA-DI;20/12/2010;947,52
IDA-DI;21/12/2010;947,99
IDA-DI;22/12/2010;948,4
IDA-DI;23/12/2010;948,84
IDA-DI;24/12/2010;949,26
IDA-DI;27/12/2010;949,67
IDA-DI;28/12/2010;950,08
IDA-DI;29/12/2010;950,49
IDA-DI;30/12/2010;950,93
IDA-DI;31/12/2010;951,35
IDA-DI;03/01/2011;951,87
IDA-DI;04/01/2011;952,29
IDA-DI;05/01/2011;952,67
IDA-DI;06/01/2011;953,08
IDA-DI;07/01/2011;953,51
IDA-DI;10/01/2011;953,91
IDA-DI;11/01/2011;954,35
IDA-DI;12/01/2011;954,76
IDA-DI;13/01/2011;955,19
IDA-DI;14/01/2011;955,6
IDA-DI;17/01/2011;956,03
IDA-DI;18/01/2011;956,46
IDA-DI;19/01/2011;956,88
IDA-DI;20/01/2011;957,31
IDA-DI;21/01/2011;957,75
IDA-DI;24/01/2011;958,24
IDA-DI;25/01/2011;958,69
IDA-DI;26/01/2011;959,11
IDA-DI;27/01/2011;959,53
IDA-DI;28/01/2011;959,97
IDA-DI;31/01/2011;960,4
IDA-DI;01/02/2011;960,87
IDA-DI;02/02/2011;961,32
IDA-DI;03/02/2011;961,76
IDA-DI;04/02/2011;962,18
IDA-DI;07/02/2011;962,65
IDA-DI;08/02/2011;963,09
IDA-DI;09/02/2011;963,53
IDA-DI;10/02/2011;963,97
IDA-DI;11/02/2011;964,42
IDA-DI;14/02/2011;964,89
IDA-DI;15/02/2011;965,37
IDA-DI;16/02/2011;965,88
IDA-DI;17/02/2011;966,39
IDA-DI;18/02/2011;966,9
IDA-DI;21/02/2011;967,32
IDA-DI;22/02/2011;967,76
IDA-DI;23/02/2011;968,2
IDA-DI;24/02/2011;968,65
IDA-DI;25/02/2011;969,08
IDA-DI;28/02/2011;969,53
IDA-DI;01/03/2011;970,14
IDA-DI;02/03/2011;970,6
IDA-DI;03/03/2011;971,04
IDA-DI;04/03/2011;971,51
IDA-DI;09/03/2011;971,99
IDA-DI;10/03/2011;972,45
IDA-DI;11/03/2011;972,94
IDA-DI;14/03/2011;973,46
IDA-DI;15/03/2011;973,94
IDA-DI;16/03/2011;974,4
IDA-DI;17/03/2011;974,9
IDA-DI;18/03/2011;975,37
IDA-DI;21/03/2011;975,86
IDA-DI;22/03/2011;976,34
IDA-DI;23/03/2011;976,83
IDA-DI;24/03/2011;977,29
IDA-DI;25/03/2011;977,74
IDA-DI;28/03/2011;978,2
IDA-DI;29/03/2011;978,68
IDA-DI;30/03/2011;979,17
IDA-DI;31/03/2011;979,66
IDA-DI;01/04/2011;980,16
IDA-DI;04/04/2011;980,63
IDA-DI;05/04/2011;981,1
IDA-DI;06/04/2011;981,58
IDA-DI;07/04/2011;982,04
IDA-DI;08/04/2011;982,53
IDA-DI;11/04/2011;982,99
IDA-DI;12/04/2011;983,48
IDA-DI;13/04/2011;983,95
IDA-DI;14/04/2011;984,44
IDA-DI;15/04/2011;984,92
IDA-DI;18/04/2011;985,39
IDA-DI;19/04/2011;985,89
IDA-DI;20/04/2011;986,35
IDA-DI;25/04/2011;986,81
IDA-DI;26/04/2011;987,27
IDA-DI;27/04/2011;987,75
IDA-DI;28/04/2011;988,24
IDA-DI;29/04/2011;988,69
IDA-DI;02/05/2011;989,2
IDA-DI;03/05/2011;989,76
IDA-DI;04/05/2011;990,26
IDA-DI;05/05/2011;990,73
IDA-DI;06/05/2011;991,2
IDA-DI;09/05/2011;991,69
IDA-DI;10/05/2011;992,16
IDA-DI;11/05/2011;992,62
IDA-DI;12/05/2011;993,1
IDA-DI;13/05/2011;993,57
IDA-DI;16/05/2011;994,07
IDA-DI;17/05/2011;994,55
IDA-DI;18/05/2011;995,04
IDA-DI;19/05/2011;995,51
IDA-DI;20/05/2011;996,01
IDA-DI;23/05/2011;996,52
IDA-DI;24/05/2011;997,02
IDA-DI;25/05/2011;997,53
IDA-DI;26/05/2011;998,03
IDA-DI;27/05/2011;998,53
IDA-DI;30/05/2011;999,04
IDA-DI;31/05/2011;999,51
IDA-DI;01/06/2011;1000
IDA-DI;02/06/2011;1000,49
IDA-DI;03/06/2011;1001,01
IDA-DI;06/06/2011;1001,47
IDA-DI;07/06/2011;1001,98
IDA-DI;08/06/2011;1002,47
IDA-DI;09/06/2011;1002,96
IDA-DI;10/06/2011;1003,46
IDA-DI;13/06/2011;1003,96
IDA-DI;14/06/2011;1004,48
IDA-DI;15/06/2011;1005,01
IDA-DI;16/06/2011;1005,52
IDA-DI;17/06/2011;1006,03
IDA-DI;20/06/2011;1006,52
IDA-DI;21/06/2011;1007,04
IDA-DI;22/06/2011;1007,55
IDA-DI;24/06/2011;1008,05
IDA-DI;27/06/2011;1008,55
IDA-DI;28/06/2011;1009,04
IDA-DI;29/06/2011;1009,57
IDA-DI;30/06/2011;1010,05
IDA-DI;01/07/2011;1010,57
IDA-DI;04/07/2011;1011,11
IDA-DI;05/07/2011;1011,64
IDA-DI;06/07/2011;1012,19
IDA-DI;07/07/2011;1012,71
IDA-DI;08/07/2011;1013,3
IDA-DI;11/07/2011;1013,85
IDA-DI;12/07/2011;1014,42
IDA-DI;13/07/2011;1014,95
IDA-DI;14/07/2011;1015,48
IDA-DI;15/07/2011;1016
IDA-DI;18/07/2011;1016,56
IDA-DI;19/07/2011;1017,15
IDA-DI;20/07/2011;1017,67
IDA-DI;21/07/2011;1018,18
IDA-DI;22/07/2011;1018,67
IDA-DI;25/07/2011;1019,2
IDA-DI;26/07/2011;1019,75
IDA-DI;27/07/2011;1020,3
IDA-DI;28/07/2011;1020,82
IDA-DI;29/07/2011;1021,33
IDA-DI;01/08/2011;1021,88
IDA-DI;02/08/2011;1022,4
IDA-DI;03/08/2011;1022,92
IDA-DI;04/08/2011;1023,45
IDA-DI;05/08/2011;1024
IDA-DI;08/08/2011;1024,62
IDA-DI;09/08/2011;1025,18
IDA-DI;10/08/2011;1025,75
IDA-DI;11/08/2011;1026,3
IDA-DI;12/08/2011;1026,83
IDA-DI;15/08/2011;1027,36
IDA-DI;16/08/2011;1027,89
IDA-DI;17/08/2011;1028,43
IDA-DI;18/08/2011;1028,97
IDA-DI;19/08/2011;1029,49
IDA-DI;22/08/2011;1030,03
IDA-DI;23/08/2011;1030,56
IDA-DI;24/08/2011;1031,09
IDA-DI;25/08/2011;1031,61
IDA-DI;26/08/2011;1032,17
IDA-DI;29/08/2011;1032,69
IDA-DI;30/08/2011;1033,23
IDA-DI;31/08/2011;1033,74
IDA-DI;01/09/2011;1034,3
IDA-DI;02/09/2011;1034,8
IDA-DI;05/09/2011;1035,33
IDA-DI;06/09/2011;1035,05
IDA-DI;08/09/2011;1035,65
IDA-DI;09/09/2011;1036,31
IDA-DI;12/09/2011;1036,85
IDA-DI;13/09/2011;1037,37
IDA-DI;14/09/2011;1037,9
IDA-DI;15/09/2011;1038,47
IDA-DI;16/09/2011;1038,98
IDA-DI;19/09/2011;1039,51
IDA-DI;20/09/2011;1040,02
IDA-DI;21/09/2011;1040,56
IDA-DI;22/09/2011;1041,13
IDA-DI;23/09/2011;1041,64
IDA-DI;26/09/2011;1042,19
IDA-DI;27/09/2011;1042,74
IDA-DI;28/09/2011;1043,31
IDA-DI;29/09/2011;1043,89
IDA-DI;30/09/2011;1044,43
IDA-DI;03/10/2011;1044,95
IDA-DI;04/10/2011;1045,5
IDA-DI;05/10/2011;1046,01
IDA-DI;06/10/2011;1046,52
IDA-DI;07/10/2011;1047,02
IDA-DI;10/10/2011;1047,56
IDA-DI;11/10/2011;1048,07
IDA-DI;13/10/2011;1048,56
IDA-DI;14/10/2011;1049,08
IDA-DI;17/10/2011;1049,56
IDA-DI;18/10/2011;1050,09
IDA-DI;19/10/2011;1050,58
IDA-DI;20/10/2011;1051,1
IDA-DI;21/10/2011;1051,58
IDA-DI;24/10/2011;1052,1
IDA-DI;25/10/2011;1052,63
IDA-DI;26/10/2011;1053,14
IDA-DI;27/10/2011;1053,71
IDA-DI;28/10/2011;1054,21
IDA-DI;31/10/2011;1054,72
IDA-DI;01/11/2011;1055,23
IDA-DI;03/11/2011;1055,74
IDA-DI;04/11/2011;1056,25
IDA-DI;07/11/2011;1056,75
IDA-DI;08/11/2011;1057,25
IDA-DI;09/11/2011;1057,75
IDA-DI;10/11/2011;1058,27
IDA-DI;11/11/2011;1058,78
IDA-DI;14/11/2011;1059,27
IDA-DI;16/11/2011;1059,81
IDA-DI;17/11/2011;1060,31
IDA-DI;18/11/2011;1060,79
IDA-DI;21/11/2011;1061,32
IDA-DI;22/11/2011;1061,9
IDA-DI;23/11/2011;1062,44
IDA-DI;24/11/2011;1062,96
IDA-DI;25/11/2011;1063,48
IDA-DI;28/11/2011;1063,99
IDA-DI;29/11/2011;1064,48
IDA-DI;30/11/2011;1064,97
IDA-DI;01/12/2011;1065,42
IDA-DI;02/12/2011;1065,96
IDA-DI;05/12/2011;1066,43
IDA-DI;06/12/2011;1066,94
IDA-DI;07/12/2011;1067,42
IDA-DI;08/12/2011;1067,93
IDA-DI;09/12/2011;1068,39
IDA-DI;12/12/2011;1068,86
IDA-DI;13/12/2011;1069,33
IDA-DI;14/12/2011;1069,81
IDA-DI;15/12/2011;1070,33
IDA-DI;16/12/2011;1070,81
IDA-DI;19/12/2011;1071,31
IDA-DI;20/12/2011;1071,81
IDA-DI;21/12/2011;1072,26
IDA-DI;22/12/2011;1072,79
IDA-DI;23/12/2011;1073,31
IDA-DI;26/12/2011;1073,8
IDA-DI;27/12/2011;1074,27
IDA-DI;28/12/2011;1074,74
IDA-DI;29/12/2011;1075,25
IDA-DI;30/12/2011;1075,73
IDA-DI;02/01/2012;1076,2
IDA-DI;03/01/2012;1076,71
IDA-DI;04/01/2012;1077,18
IDA-DI;05/01/2012;1077,69
IDA-DI;06/01/2012;1078,16
IDA-DI;09/01/2012;1078,64
IDA-DI;10/01/2012;1079,17
IDA-DI;11/01/2012;1079,64
IDA-DI;12/01/2012;1080,13
IDA-DI;13/01/2012;1080,61
IDA-DI;16/01/2012;1081,1
IDA-DI;17/01/2012;1081,6
IDA-DI;18/01/2012;1082,09
IDA-DI;19/01/2012;1082,59
IDA-DI;20/01/2012;1083,08
IDA-DI;23/01/2012;1083,56
IDA-DI;24/01/2012;1083,75
IDA-DI;25/01/2012;1084,22
IDA-DI;26/01/2012;1084,42
IDA-DI;27/01/2012;1084,89
IDA-DI;30/01/2012;1085,36
IDA-DI;31/01/2012;1085,81
IDA-DI;01/02/2012;1086,31
IDA-DI;02/02/2012;1086,69
IDA-DI;03/02/2012;1087,12
IDA-DI;06/02/2012;1087,64
IDA-DI;07/02/2012;1088,07
IDA-DI;08/02/2012;1088,55
IDA-DI;09/02/2012;1089,04
IDA-DI;10/02/2012;1089,55
IDA-DI;13/02/2012;1090,02
IDA-DI;14/02/2012;1090,51
IDA-DI;15/02/2012;1091
IDA-DI;16/02/2012;1091,64
IDA-DI;17/02/2012;1092,14
IDA-DI;22/02/2012;1092,58
IDA-DI;23/02/2012;1093,05
IDA-DI;24/02/2012;1093,53
IDA-DI;27/02/2012;1094
IDA-DI;28/02/2012;1094,49
IDA-DI;29/02/2012;1094,97
IDA-DI;01/03/2012;1095,44
IDA-DI;02/03/2012;1095,91
IDA-DI;05/03/2012;1096,4
IDA-DI;06/03/2012;1096,89
IDA-DI;07/03/2012;1097,39
IDA-DI;08/03/2012;1097,9
IDA-DI;09/03/2012;1098,34
IDA-DI;12/03/2012;1098,8
IDA-DI;13/03/2012;1099,26
IDA-DI;14/03/2012;1099,71
IDA-DI;15/03/2012;1100,19
IDA-DI;16/03/2012;1100,63
IDA-DI;19/03/2012;1101,08
IDA-DI;20/03/2012;1101,52
IDA-DI;21/03/2012;1101,95
IDA-DI;22/03/2012;1102,41
IDA-DI;23/03/2012;1102,86
IDA-DI;26/03/2012;1103,33
IDA-DI;27/03/2012;1103,78
IDA-DI;28/03/2012;1104,23
IDA-DI;29/03/2012;1104,7
IDA-DI;30/03/2012;1105,18
IDA-DI;02/04/2012;1105,61
IDA-DI;03/04/2012;1106,08
IDA-DI;04/04/2012;1106,54
IDA-DI;05/04/2012;1106,99
IDA-DI;09/04/2012;1107,43
IDA-DI;10/04/2012;1107,9
IDA-DI;11/04/2012;1108,37
IDA-DI;12/04/2012;1108,8
IDA-DI;13/04/2012;1109,33
IDA-DI;16/04/2012;1109,75
IDA-DI;17/04/2012;1110,26
IDA-DI;18/04/2012;1110,7
IDA-DI;19/04/2012;1111,15
IDA-DI;20/04/2012;1111,57
IDA-DI;23/04/2012;1112,01
IDA-DI;24/04/2012;1112,53
IDA-DI;25/04/2012;1112,96
IDA-DI;26/04/2012;1113,43
IDA-DI;27/04/2012;1113,83
IDA-DI;30/04/2012;1114,25
IDA-DI;02/05/2012;1114,67
IDA-DI;03/05/2012;1115,08
IDA-DI;04/05/2012;1115,51
IDA-DI;07/05/2012;1115,93
IDA-DI;08/05/2012;1116,36
IDA-DI;09/05/2012;1116,84
IDA-DI;10/05/2012;1117,28
IDA-DI;11/05/2012;1117,7
IDA-DI;14/05/2012;1118,11
IDA-DI;15/05/2012;1118,53
IDA-DI;16/05/2012;1118,96
IDA-DI;17/05/2012;1119,39
IDA-DI;18/05/2012;1119,85
IDA-DI;21/05/2012;1120,27
IDA-DI;22/05/2012;1120,68
IDA-DI;23/05/2012;1121,07
IDA-DI;24/05/2012;1121,49
IDA-DI;25/05/2012;1121,9
IDA-DI;28/05/2012;1122,3
IDA-DI;29/05/2012;1122,71
IDA-DI;30/05/2012;1123,14
IDA-DI;31/05/2012;1123,56
IDA-DI;01/06/2012;1123,98
IDA-DI;04/06/2012;1124,39
IDA-DI;05/06/2012;1124,8
IDA-DI;06/06/2012;1125,19
IDA-DI;08/06/2012;1125,6
IDA-DI;11/06/2012;1125,99
IDA-DI;12/06/2012;1126,4
IDA-DI;13/06/2012;1126,81
IDA-DI;14/06/2012;1127,23
IDA-DI;15/06/2012;1127,63
IDA-DI;18/06/2012;1128,03
IDA-DI;19/06/2012;1128,49
IDA-DI;20/06/2012;1128,88
IDA-DI;21/06/2012;1129,28
IDA-DI;22/06/2012;1129,69
IDA-DI;25/06/2012;1130,11
IDA-DI;26/06/2012;1130,52
IDA-DI;27/06/2012;1130,95
IDA-DI;28/06/2012;1131,35
IDA-DI;29/06/2012;1131,78
IDA-DI;02/07/2012;1132,18
IDA-DI;03/07/2012;1132,6
IDA-DI;04/07/2012;1133
IDA-DI;05/07/2012;1133,41
IDA-DI;06/07/2012;1133,82
IDA-DI;09/07/2012;1134,23
IDA-DI;10/07/2012;1134,64
IDA-DI;11/07/2012;1135,04
IDA-DI;12/07/2012;1135,45
IDA-DI;13/07/2012;1135,85
IDA-DI;16/07/2012;1136,23
IDA-DI;17/07/2012;1136,63
IDA-DI;18/07/2012;1137,02
IDA-DI;19/07/2012;1137,42
IDA-DI;20/07/2012;1137,83
IDA-DI;23/07/2012;1138,22
IDA-DI;24/07/2012;1138,64
IDA-DI;25/07/2012;1139,06
IDA-DI;26/07/2012;1139,48
IDA-DI;27/07/2012;1139,88
IDA-DI;30/07/2012;1140,26
IDA-DI;31/07/2012;1140,65
IDA-DI;01/08/2012;1141,07
IDA-DI;02/08/2012;1141,46
IDA-DI;03/08/2012;1141,86
IDA-DI;06/08/2012;1142,26
IDA-DI;07/08/2012;1142,69
IDA-DI;08/08/2012;1143,13
IDA-DI;09/08/2012;1143,54
IDA-DI;10/08/2012;1143,95
IDA-DI;13/08/2012;1144,37
IDA-DI;14/08/2012;1144,81
IDA-DI;15/08/2012;1145,22
IDA-DI;16/08/2012;1145,66
IDA-DI;17/08/2012;1146,07
IDA-DI;20/08/2012;1146,48
IDA-DI;21/08/2012;1146,89
IDA-DI;22/08/2012;1147,31
IDA-DI;23/08/2012;1147,72
IDA-DI;24/08/2012;1148,11
IDA-DI;27/08/2012;1148,51
IDA-DI;28/08/2012;1148,91
IDA-DI;29/08/2012;1149,3
IDA-DI;30/08/2012;1149,67
IDA-DI;31/08/2012;1150,06
IDA-DI;03/09/2012;1150,45
IDA-DI;04/09/2012;1150,87
IDA-DI;05/09/2012;1151,28
IDA-DI;06/09/2012;1151,67
IDA-DI;10/09/2012;1152,05
IDA-DI;11/09/2012;1152,42
IDA-DI;12/09/2012;1152,89
IDA-DI;13/09/2012;1153,27
IDA-DI;14/09/2012;1153,66
IDA-DI;17/09/2012;1154,01
IDA-DI;18/09/2012;1154,37
IDA-DI;19/09/2012;1154,73
IDA-DI;20/09/2012;1155,11
IDA-DI;21/09/2012;1155,45
IDA-DI;24/09/2012;1155,84
IDA-DI;25/09/2012;1156,19
IDA-DI;26/09/2012;1156,57
IDA-DI;27/09/2012;1156,94
IDA-DI;28/09/2012;1157,3
IDA-DI;01/10/2012;1157,68
IDA-DI;02/10/2012;1158,08
IDA-DI;03/10/2012;1158,53
IDA-DI;04/10/2012;1158,99
IDA-DI;05/10/2012;1159,36
IDA-DI;08/10/2012;1159,73
IDA-DI;09/10/2012;1160,1
IDA-DI;10/10/2012;1160,48
IDA-DI;11/10/2012;1160,84
IDA-DI;15/10/2012;1161,16
IDA-DI;16/10/2012;1161,5
IDA-DI;17/10/2012;1161,85
IDA-DI;18/10/2012;1162,2
IDA-DI;19/10/2012;1162,56
IDA-DI;22/10/2012;1162,91
IDA-DI;23/10/2012;1163,31
IDA-DI;24/10/2012;1163,67
IDA-DI;25/10/2012;1164,04
IDA-DI;26/10/2012;1164,42
IDA-DI;29/10/2012;1164,78
IDA-DI;30/10/2012;1165,16
IDA-DI;31/10/2012;1165,54
IDA-DI;01/11/2012;1165,88
IDA-DI;05/11/2012;1166,27
IDA-DI;06/11/2012;1166,67
IDA-DI;07/11/2012;1167,06
IDA-DI;08/11/2012;1167,45
IDA-DI;09/11/2012;1167,85
IDA-DI;12/11/2012;1168,24
IDA-DI;13/11/2012;1168,61
IDA-DI;14/11/2012;1168,98
IDA-DI;16/11/2012;1169,35
IDA-DI;19/11/2012;1169,7
IDA-DI;20/11/2012;1170,06
IDA-DI;21/11/2012;1170,43
IDA-DI;22/11/2012;1170,77
IDA-DI;23/11/2012;1171,13
IDA-DI;26/11/2012;1171,47
IDA-DI;27/11/2012;1171,85
IDA-DI;28/11/2012;1172,21
IDA-DI;29/11/2012;1172,58
IDA-DI;30/11/2012;1172,92
IDA-DI;03/12/2012;1173,3
IDA-DI;04/12/2012;1173,63
IDA-DI;05/12/2012;1174,03
IDA-DI;06/12/2012;1174,38
IDA-DI;07/12/2012;1174,75
IDA-DI;10/12/2012;1175,18
IDA-DI;11/12/2012;1175,56
IDA-DI;12/12/2012;1175,97
IDA-DI;13/12/2012;1176,33
IDA-DI;14/12/2012;1176,71
IDA-DI;17/12/2012;1177,06
IDA-DI;18/12/2012;1177,43
IDA-DI;19/12/2012;1177,79
IDA-DI;20/12/2012;1178,16
IDA-DI;21/12/2012;1178,51
IDA-DI;24/12/2012;1178,86
IDA-DI;26/12/2012;1179,25
IDA-DI;27/12/2012;1179,6
IDA-DI;28/12/2012;1179,98
IDA-DI;31/12/2012;1180,33
IDA-DI;02/01/2013;1180,64
IDA-DI;03/01/2013;1181,01
IDA-DI;04/01/2013;1181,41
IDA-DI;07/01/2013;1181,74
IDA-DI;08/01/2013;1182,13
IDA-DI;09/01/2013;1182,5
IDA-DI;10/01/2013;1182,85
IDA-DI;11/01/2013;1183,21
IDA-DI;14/01/2013;1183,55
IDA-DI;15/01/2013;1183,97
IDA-DI;16/01/2013;1184,33
IDA-DI;17/01/2013;1184,74
IDA-DI;18/01/2013;1185,11
IDA-DI;21/01/2013;1185,46
IDA-DI;22/01/2013;1185,8
IDA-DI;23/01/2013;1186,18
IDA-DI;24/01/2013;1186,53
IDA-DI;25/01/2013;1186,88
IDA-DI;28/01/2013;1187,26
IDA-DI;29/01/2013;1187,64
IDA-DI;30/01/2013;1187,98
IDA-DI;31/01/2013;1188,34
IDA-DI;01/02/2013;1188,71
IDA-DI;04/02/2013;1189,06
IDA-DI;05/02/2013;1189,42
IDA-DI;06/02/2013;1189,8
IDA-DI;07/02/2013;1190,16
IDA-DI;08/02/2013;1190,52
IDA-DI;13/02/2013;1190,83
IDA-DI;14/02/2013;1191,22
IDA-DI;15/02/2013;1191,59
IDA-DI;18/02/2013;1191,96
IDA-DI;19/02/2013;1192,31
IDA-DI;20/02/2013;1192,68
IDA-DI;21/02/2013;1193,03
IDA-DI;22/02/2013;1193,41
IDA-DI;25/02/2013;1193,77
IDA-DI;26/02/2013;1194,13
IDA-DI;27/02/2013;1194,5
IDA-DI;28/02/2013;1194,85
IDA-DI;01/03/2013;1195,25
IDA-DI;04/03/2013;1195,62
IDA-DI;05/03/2013;1196,03
IDA-DI;06/03/2013;1196,42
IDA-DI;07/03/2013;1196,78
IDA-DI;08/03/2013;1197,12
IDA-DI;11/03/2013;1197,5
IDA-DI;12/03/2013;1197,88
IDA-DI;13/03/2013;1198,27
IDA-DI;14/03/2013;1198,63
IDA-DI;15/03/2013;1198,99
IDA-DI;18/03/2013;1199,33
IDA-DI;19/03/2013;1199,69
IDA-DI;20/03/2013;1200,05
IDA-DI;21/03/2013;1200,43
IDA-DI;22/03/2013;1200,8
IDA-DI;25/03/2013;1201,16
IDA-DI;26/03/2013;1201,6
IDA-DI;27/03/2013;1201,95
IDA-DI;28/03/2013;1202,32
IDA-DI;01/04/2013;1202,69
IDA-DI;02/04/2013;1203,08
IDA-DI;03/04/2013;1203,46
IDA-DI;04/04/2013;1203,8
IDA-DI;05/04/2013;1204,18
IDA-DI;08/04/2013;1204,55
IDA-DI;09/04/2013;1204,95
IDA-DI;10/04/2013;1205,3
IDA-DI;11/04/2013;1205,66
IDA-DI;12/04/2013;1206,03
IDA-DI;15/04/2013;1206,48
IDA-DI;16/04/2013;1206,85
IDA-DI;17/04/2013;1207,23
IDA-DI;18/04/2013;1207,6
IDA-DI;19/04/2013;1207,98
IDA-DI;22/04/2013;1208,39
IDA-DI;23/04/2013;1208,79
IDA-DI;24/04/2013;1209,16
IDA-DI;25/04/2013;1209,56
IDA-DI;26/04/2013;1209,96
IDA-DI;29/04/2013;1210,37
IDA-DI;30/04/2013;1210,74
IDA-DI;02/05/2013;1211,1
IDA-DI;03/05/2013;1211,48
IDA-DI;06/05/2013;1211,85
IDA-DI;07/05/2013;1212,25
IDA-DI;08/05/2013;1212,64
IDA-DI;09/05/2013;1212,87
IDA-DI;10/05/2013;1213,23
IDA-DI;13/05/2013;1213,65
IDA-DI;14/05/2013;1214,05
IDA-DI;15/05/2013;1214,42
IDA-DI;16/05/2013;1214,92
IDA-DI;17/05/2013;1215,3
IDA-DI;20/05/2013;1215,7
IDA-DI;21/05/2013;1216,09
IDA-DI;22/05/2013;1216,49
IDA-DI;23/05/2013;1216,88
IDA-DI;24/05/2013;1217,28
IDA-DI;27/05/2013;1217,67
IDA-DI;28/05/2013;1218,06
IDA-DI;29/05/2013;1218,45
IDA-DI;31/05/2013;1218,84
IDA-DI;03/06/2013;1219,22
IDA-DI;04/06/2013;1219,61
IDA-DI;05/06/2013;1219,99
IDA-DI;06/06/2013;1220,35
IDA-DI;07/06/2013;1220,75
IDA-DI;10/06/2013;1221,16
IDA-DI;11/06/2013;1221,57
IDA-DI;12/06/2013;1221,98
IDA-DI;13/06/2013;1222,4
IDA-DI;14/06/2013;1222,78
IDA-DI;17/06/2013;1223,16
IDA-DI;18/06/2013;1223,58
IDA-DI;19/06/2013;1223,97
IDA-DI;20/06/2013;1224,38
IDA-DI;21/06/2013;1224,73
IDA-DI;24/06/2013;1225,15
IDA-DI;25/06/2013;1225,52
IDA-DI;26/06/2013;1225,93
IDA-DI;27/06/2013;1226,28
IDA-DI;28/06/2013;1226,65
IDA-DI;01/07/2013;1227,04
IDA-DI;02/07/2013;1227,46
IDA-DI;03/07/2013;1227,85
IDA-DI;04/07/2013;1228,22
IDA-DI;05/07/2013;1228,58
IDA-DI;08/07/2013;1228,96
IDA-DI;09/07/2013;1229,37
IDA-DI;10/07/2013;1229,69
IDA-DI;11/07/2013;1230,08
IDA-DI;12/07/2013;1230,49
IDA-DI;15/07/2013;1230,92
IDA-DI;16/07/2013;1231,35
IDA-DI;17/07/2013;1231,76
IDA-DI;18/07/2013;1232,12
IDA-DI;19/07/2013;1232,52
IDA-DI;22/07/2013;1232,94
IDA-DI;23/07/2013;1233,37
IDA-DI;24/07/2013;1233,79
IDA-DI;25/07/2013;1234,22
IDA-DI;26/07/2013;1234,62
IDA-DI;29/07/2013;1235,06
IDA-DI;30/07/2013;1235,47
IDA-DI;31/07/2013;1235,86
IDA-DI;01/08/2013;1236,26
IDA-DI;02/08/2013;1236,74
IDA-DI;05/08/2013;1237,2
IDA-DI;06/08/2013;1237,63
IDA-DI;07/08/2013;1238,04
IDA-DI;08/08/2013;1238,46
IDA-DI;09/08/2013;1238,92
IDA-DI;12/08/2013;1239,36
IDA-DI;13/08/2013;1239,79
IDA-DI;14/08/2013;1240,26
IDA-DI;15/08/2013;1240,71
IDA-DI;16/08/2013;1241,15
IDA-DI;19/08/2013;1241,6
IDA-DI;20/08/2013;1242,01
IDA-DI;21/08/2013;1242,37
IDA-DI;22/08/2013;1242,77
IDA-DI;23/08/2013;1243,19
IDA-DI;26/08/2013;1243,64
IDA-DI;27/08/2013;1244,07
IDA-DI;28/08/2013;1244,5
IDA-DI;29/08/2013;1244,95
IDA-DI;30/08/2013;1245,4
IDA-DI;02/09/2013;1245,85
IDA-DI;03/09/2013;1246,3
IDA-DI;04/09/2013;1246,74
IDA-DI;05/09/2013;1247,21
IDA-DI;06/09/2013;1247,66
IDA-DI;09/09/2013;1248,12
IDA-DI;10/09/2013;1248,59
IDA-DI;11/09/2013;1249,07
IDA-DI;12/09/2013;1249,51
IDA-DI;13/09/2013;1249,98
IDA-DI;16/09/2013;1250,44
IDA-DI;17/09/2013;1250,91
IDA-DI;18/09/2013;1251,4
IDA-DI;19/09/2013;1251,82
IDA-DI;20/09/2013;1252,27
IDA-DI;23/09/2013;1252,74
IDA-DI;24/09/2013;1253,19
IDA-DI;25/09/2013;1253,64
IDA-DI;26/09/2013;1254,15
IDA-DI;27/09/2013;1254,6
IDA-DI;30/09/2013;1255,01
IDA-DI;01/10/2013;1255,5
IDA-DI;02/10/2013;1255,93
IDA-DI;03/10/2013;1256,38
IDA-DI;04/10/2013;1256,84
IDA-DI;07/10/2013;1257,32
IDA-DI;08/10/2013;1257,79
IDA-DI;09/10/2013;1258,25
IDA-DI;10/10/2013;1258,72
IDA-DI;11/10/2013;1259,21
IDA-DI;14/10/2013;1259,74
IDA-DI;15/10/2013;1260,29
IDA-DI;16/10/2013;1260,79
IDA-DI;17/10/2013;1261,29
IDA-DI;18/10/2013;1261,78
IDA-DI;21/10/2013;1262,28
IDA-DI;22/10/2013;1262,76
IDA-DI;23/10/2013;1263,26
IDA-DI;24/10/2013;1263,76
IDA-DI;25/10/2013;1264,26
IDA-DI;28/10/2013;1264,75
IDA-DI;29/10/2013;1265,25
IDA-DI;30/10/2013;1265,77
IDA-DI;31/10/2013;1266,25
IDA-DI;01/11/2013;1266,73
IDA-DI;04/11/2013;1267,23
IDA-DI;05/11/2013;1267,74
IDA-DI;06/11/2013;1268,19
IDA-DI;07/11/2013;1268,66
IDA-DI;08/11/2013;1269,15
IDA-DI;11/11/2013;1269,66
IDA-DI;12/11/2013;1270,18
IDA-DI;13/11/2013;1270,68
IDA-DI;14/11/2013;1271,2
IDA-DI;18/11/2013;1271,7
IDA-DI;19/11/2013;1272,21
IDA-DI;20/11/2013;1272,71
IDA-DI;21/11/2013;1273,17
IDA-DI;22/11/2013;1273,68
IDA-DI;25/11/2013;1274,23
IDA-DI;26/11/2013;1274,71
IDA-DI;27/11/2013;1275,22
IDA-DI;28/11/2013;1275,87
IDA-DI;29/11/2013;1276,39
IDA-DI;02/12/2013;1276,91
IDA-DI;03/12/2013;1277,42
IDA-DI;04/12/2013;1277,93
IDA-DI;05/12/2013;1278,47
IDA-DI;06/12/2013;1279
IDA-DI;09/12/2013;1279,53
IDA-DI;10/12/2013;1280,06
IDA-DI;11/12/2013;1280,59
IDA-DI;12/12/2013;1281,16
IDA-DI;13/12/2013;1281,69
IDA-DI;16/12/2013;1282,21
IDA-DI;17/12/2013;1282,68
IDA-DI;18/12/2013;1283,2
IDA-DI;19/12/2013;1283,67
IDA-DI;20/12/2013;1284,19
IDA-DI;23/12/2013;1284,73
IDA-DI;24/12/2013;1285,26
IDA-DI;26/12/2013;1285,79
IDA-DI;27/12/2013;1286,3
IDA-DI;30/12/2013;1286,78
IDA-DI;31/12/2013;1287,31
IDA-DI;02/01/2014;1287,78
IDA-DI;03/01/2014;1288,36
IDA-DI;06/01/2014;1288,89
IDA-DI;07/01/2014;1289,38
IDA-DI;08/01/2014;1289,93
IDA-DI;09/01/2014;1290,49
IDA-DI;10/01/2014;1291,01
IDA-DI;13/01/2014;1291,53
IDA-DI;14/01/2014;1292,05
IDA-DI;15/01/2014;1292,59
IDA-DI;16/01/2014;1293,11
IDA-DI;17/01/2014;1293,67
IDA-DI;20/01/2014;1294,23
IDA-DI;21/01/2014;1294,8
IDA-DI;22/01/2014;1295,37
IDA-DI;23/01/2014;1295,95
IDA-DI;24/01/2014;1296,44
IDA-DI;27/01/2014;1296,94
IDA-DI;28/01/2014;1297,45
IDA-DI;29/01/2014;1298,01
IDA-DI;30/01/2014;1298,54
IDA-DI;31/01/2014;1299,11
IDA-DI;03/02/2014;1299,65
IDA-DI;04/02/2014;1300,18
IDA-DI;05/02/2014;1300,68
IDA-DI;06/02/2014;1301,21
IDA-DI;07/02/2014;1301,77
IDA-DI;10/02/2014;1302,34
IDA-DI;11/02/2014;1302,86
IDA-DI;12/02/2014;1303,41
IDA-DI;13/02/2014;1303,91
IDA-DI;14/02/2014;1304,48
IDA-DI;17/02/2014;1305,01
IDA-DI;18/02/2014;1305,57
IDA-DI;19/02/2014;1306,13
IDA-DI;20/02/2014;1306,66
IDA-DI;21/02/2014;1307,22
IDA-DI;24/02/2014;1307,79
IDA-DI;25/02/2014;1308,34
IDA-DI;26/02/2014;1308,92
IDA-DI;27/02/2014;1309,5
IDA-DI;28/02/2014;1310,08
IDA-DI;05/03/2014;1310,67
IDA-DI;06/03/2014;1311,25
IDA-DI;07/03/2014;1311,83
IDA-DI;10/03/2014;1312,42
IDA-DI;11/03/2014;1313,01
IDA-DI;12/03/2014;1313,6
IDA-DI;13/03/2014;1314,17
IDA-DI;14/03/2014;1314,75
IDA-DI;17/03/2014;1315,33
IDA-DI;18/03/2014;1315,92
IDA-DI;19/03/2014;1316,51
IDA-DI;20/03/2014;1317,09
IDA-DI;21/03/2014;1317,67
IDA-DI;24/03/2014;1318,26
IDA-DI;25/03/2014;1318,84
IDA-DI;26/03/2014;1319,42
IDA-DI;27/03/2014;1320
IDA-DI;28/03/2014;1320,6
IDA-DI;31/03/2014;1321,19
IDA-DI;01/04/2014;1321,8
IDA-DI;02/04/2014;1322,38
IDA-DI;03/04/2014;1322,96
IDA-DI;04/04/2014;1323,58
IDA-DI;07/04/2014;1324,17
IDA-DI;08/04/2014;1324,76
IDA-DI;09/04/2014;1325,36
IDA-DI;10/04/2014;1325,98
IDA-DI;11/04/2014;1326,58
IDA-DI;14/04/2014;1327,18
IDA-DI;15/04/2014;1327,77
IDA-DI;16/04/2014;1328,36
IDA-DI;17/04/2014;1328,94
IDA-DI;22/04/2014;1329,54
IDA-DI;23/04/2014;1330,14
IDA-DI;24/04/2014;1330,75
IDA-DI;25/04/2014;1331,36
IDA-DI;28/04/2014;1331,96
IDA-DI;29/04/2014;1332,58
IDA-DI;30/04/2014;1333,18
IDA-DI;02/05/2014;1333,78
IDA-DI;05/05/2014;1334,38
IDA-DI;06/05/2014;1334,98
IDA-DI;07/05/2014;1335,59
IDA-DI;08/05/2014;1336,2
IDA-DI;09/05/2014;1336,8
IDA-DI;12/05/2014;1337,41
IDA-DI;13/05/2014;1338,07
IDA-DI;14/05/2014;1338,64
IDA-DI;15/05/2014;1339,25
IDA-DI;16/05/2014;1339,89
IDA-DI;19/05/2014;1340,5
IDA-DI;20/05/2014;1341,1
IDA-DI;21/05/2014;1341,71
IDA-DI;22/05/2014;1342,32
IDA-DI;23/05/2014;1342,95
IDA-DI;26/05/2014;1343,56
IDA-DI;27/05/2014;1344,15
IDA-DI;28/05/2014;1344,74
IDA-DI;29/05/2014;1345,34
IDA-DI;30/05/2014;1345,95
IDA-DI;02/06/2014;1346,57
IDA-DI;03/06/2014;1347,17
IDA-DI;04/06/2014;1347,75
IDA-DI;05/06/2014;1348,38
IDA-DI;06/06/2014;1348,98
IDA-DI;09/06/2014;1349,53
IDA-DI;10/06/2014;1350,12
IDA-DI;11/06/2014;1350,72
IDA-DI;12/06/2014;1351,33
IDA-DI;13/06/2014;1351,93
IDA-DI;16/06/2014;1352,56
IDA-DI;17/06/2014;1353,18
IDA-DI;18/06/2014;1353,8
IDA-DI;20/06/2014;1354,41
IDA-DI;23/06/2014;1355,03
IDA-DI;24/06/2014;1355,64
IDA-DI;25/06/2014;1356,29
IDA-DI;26/06/2014;1356,89
IDA-DI;27/06/2014;1357,53
IDA-DI;30/06/2014;1358,14
IDA-DI;01/07/2014;1358,78
IDA-DI;02/07/2014;1359,4
IDA-DI;03/07/2014;1359,98
IDA-DI;04/07/2014;1360,61
IDA-DI;07/07/2014;1361,24
IDA-DI;08/07/2014;1361,87
IDA-DI;09/07/2014;1362,49
IDA-DI;10/07/2014;1363,1
IDA-DI;11/07/2014;1363,8
IDA-DI;14/07/2014;1364,41
IDA-DI;15/07/2014;1365,05
IDA-DI;16/07/2014;1365,64
IDA-DI;17/07/2014;1365,78
IDA-DI;18/07/2014;1366,34
IDA-DI;21/07/2014;1367,01
IDA-DI;22/07/2014;1367,57
IDA-DI;23/07/2014;1368,18
IDA-DI;24/07/2014;1368,89
IDA-DI;25/07/2014;1369,58
IDA-DI;28/07/2014;1370,24
IDA-DI;29/07/2014;1370,88
IDA-DI;30/07/2014;1371,54
IDA-DI;31/07/2014;1372,19
IDA-DI;01/08/2014;1372,83
IDA-DI;04/08/2014;1373,46
IDA-DI;05/08/2014;1374,1
IDA-DI;06/08/2014;1374,74
IDA-DI;07/08/2014;1375,37
IDA-DI;08/08/2014;1375,98
IDA-DI;11/08/2014;1376,61
IDA-DI;12/08/2014;1377,25
IDA-DI;13/08/2014;1377,87
IDA-DI;14/08/2014;1378,49
IDA-DI;15/08/2014;1379,11
IDA-DI;18/08/2014;1379,75
IDA-DI;19/08/2014;1380,38
IDA-DI;20/08/2014;1380,95
IDA-DI;21/08/2014;1381,52
IDA-DI;22/08/2014;1382,12
IDA-DI;25/08/2014;1382,82
IDA-DI;26/08/2014;1383,49
IDA-DI;27/08/2014;1384,15
IDA-DI;28/08/2014;1384,76
IDA-DI;29/08/2014;1385,4
IDA-DI;01/09/2014;1386,02
IDA-DI;02/09/2014;1386,64
IDA-DI;03/09/2014;1387,24
IDA-DI;04/09/2014;1387,9
IDA-DI;05/09/2014;1388,53
IDA-DI;08/09/2014;1389,16
IDA-DI;09/09/2014;1389,81
IDA-DI;10/09/2014;1390,43
IDA-DI;11/09/2014;1391,07
IDA-DI;12/09/2014;1391,71
IDA-DI;15/09/2014;1392,35
IDA-DI;16/09/2014;1392,98
IDA-DI;17/09/2014;1393,62
IDA-DI;18/09/2014;1394,25
IDA-DI;19/09/2014;1394,89
IDA-DI;22/09/2014;1395,53
IDA-DI;23/09/2014;1396,18
IDA-DI;24/09/2014;1396,85
IDA-DI;25/09/2014;1397,5
IDA-DI;26/09/2014;1398,13
IDA-DI;29/09/2014;1398,79
IDA-DI;30/09/2014;1399,43
IDA-DI;01/10/2014;1400,05
IDA-DI;02/10/2014;1400,69
IDA-DI;03/10/2014;1401,32
IDA-DI;06/10/2014;1401,97
IDA-DI;07/10/2014;1402,67
IDA-DI;08/10/2014;1403,3
IDA-DI;09/10/2014;1403,96
IDA-DI;10/10/2014;1404,62
IDA-DI;13/10/2014;1405,26
IDA-DI;14/10/2014;1405,88
IDA-DI;15/10/2014;1406,52
IDA-DI;16/10/2014;1407,14
IDA-DI;17/10/2014;1407,79
IDA-DI;20/10/2014;1408,43
IDA-DI;21/10/2014;1409,05
IDA-DI;22/10/2014;1409,69
IDA-DI;23/10/2014;1410,33
IDA-DI;24/10/2014;1411
IDA-DI;27/10/2014;1411,62
IDA-DI;28/10/2014;1412,25
IDA-DI;29/10/2014;1412,86
IDA-DI;30/10/2014;1413,52
IDA-DI;31/10/2014;1414,15
IDA-DI;03/11/2014;1414,82
IDA-DI;04/11/2014;1415,46
IDA-DI;05/11/2014;1416,09
IDA-DI;06/11/2014;1416,75
IDA-DI;07/11/2014;1417,4
IDA-DI;10/11/2014;1418,02
IDA-DI;11/11/2014;1418,66
IDA-DI;12/11/2014;1419,31
IDA-DI;13/11/2014;1419,95
IDA-DI;14/11/2014;1420,63
IDA-DI;17/11/2014;1421,28
IDA-DI;18/11/2014;1421,97
IDA-DI;19/11/2014;1422,58
IDA-DI;20/11/2014;1423,24
IDA-DI;21/11/2014;1423,87
IDA-DI;24/11/2014;1424,53
IDA-DI;25/11/2014;1425,17
IDA-DI;26/11/2014;1425,83
IDA-DI;27/11/2014;1426,6
IDA-DI;28/11/2014;1427,14
IDA-DI;01/12/2014;1427,93
IDA-DI;02/12/2014;1428,4
IDA-DI;03/12/2014;1429,03
IDA-DI;04/12/2014;1429,65
IDA-DI;05/12/2014;1430,35
IDA-DI;08/12/2014;1431,02
IDA-DI;09/12/2014;1431,8
IDA-DI;10/12/2014;1432,51
IDA-DI;11/12/2014;1433,12
IDA-DI;12/12/2014;1433,86
IDA-DI;15/12/2014;1434,54
IDA-DI;16/12/2014;1435,26
IDA-DI;17/12/2014;1435,9
IDA-DI;18/12/2014;1436,61
IDA-DI;19/12/2014;1437,3
IDA-DI;22/12/2014;1437,98
IDA-DI;23/12/2014;1438,67
IDA-DI;24/12/2014;1439,36
IDA-DI;26/12/2014;1440
IDA-DI;29/12/2014;1440,71
IDA-DI;30/12/2014;1441,4
IDA-DI;31/12/2014;1442,1
IDA-DI;02/01/2015;1442,84
IDA-DI;05/01/2015;1443,52
IDA-DI;06/01/2015;1444,24
IDA-DI;07/01/2015;1444,95
IDA-DI;08/01/2015;1445,67
IDA-DI;09/01/2015;1446,34
IDA-DI;12/01/2015;1447,04
IDA-DI;13/01/2015;1447,73
IDA-DI;14/01/2015;1448,41
IDA-DI;15/01/2015;1449,12
IDA-DI;16/01/2015;1449,81
IDA-DI;19/01/2015;1450,55
IDA-DI;20/01/2015;1451,2
IDA-DI;21/01/2015;1451,89
IDA-DI;22/01/2015;1452,57
IDA-DI;23/01/2015;1453,29
IDA-DI;26/01/2015;1453,93
IDA-DI;27/01/2015;1454,54
IDA-DI;28/01/2015;1455,21
IDA-DI;29/01/2015;1455,82
IDA-DI;30/01/2015;1456,53
IDA-DI;02/02/2015;1457,26
IDA-DI;03/02/2015;1457,97
IDA-DI;04/02/2015;1458,63
IDA-DI;05/02/2015;1459,3
IDA-DI;06/02/2015;1459,98
IDA-DI;09/02/2015;1460,71
IDA-DI;10/02/2015;1461,4
IDA-DI;11/02/2015;1462,1
IDA-DI;12/02/2015;1462,81
IDA-DI;13/02/2015;1463,45
IDA-DI;18/02/2015;1464,12
IDA-DI;19/02/2015;1464,88
IDA-DI;20/02/2015;1465,59
IDA-DI;23/02/2015;1466,31
IDA-DI;24/02/2015;1467,03
IDA-DI;25/02/2015;1467,98
IDA-DI;26/02/2015;1468,72
IDA-DI;27/02/2015;1469,44
IDA-DI;02/03/2015;1470,17
IDA-DI;03/03/2015;1470,9
IDA-DI;04/03/2015;1471,62
IDA-DI;05/03/2015;1472,25
IDA-DI;06/03/2015;1473,01
IDA-DI;09/03/2015;1473,72
IDA-DI;10/03/2015;1474,46
IDA-DI;11/03/2015;1475,26
IDA-DI;12/03/2015;1476,09
IDA-DI;13/03/2015;1476,81
IDA-DI;16/03/2015;1477,61
IDA-DI;17/03/2015;1478,33
IDA-DI;18/03/2015;1479,08
IDA-DI;19/03/2015;1479,79
IDA-DI;20/03/2015;1480,42
IDA-DI;23/03/2015;1481,17
IDA-DI;24/03/2015;1481,91
IDA-DI;25/03/2015;1482,62
IDA-DI;26/03/2015;1483,4
IDA-DI;27/03/2015;1484,1
IDA-DI;30/03/2015;1484,82
IDA-DI;31/03/2015;1485,52
IDA-DI;01/04/2015;1486,11
IDA-DI;02/04/2015;1486,86
IDA-DI;06/04/2015;1487,65
IDA-DI;07/04/2015;1488,36
IDA-DI;08/04/2015;1489,16
IDA-DI;09/04/2015;1489,92
IDA-DI;10/04/2015;1490,6
IDA-DI;13/04/2015;1491,34
IDA-DI;14/04/2015;1492,06
IDA-DI;15/04/2015;1492,87
IDA-DI;16/04/2015;1493,56
IDA-DI;17/04/2015;1494,31
IDA-DI;20/04/2015;1495,08
IDA-DI;22/04/2015;1495,86
IDA-DI;23/04/2015;1496,63
IDA-DI;24/04/2015;1497,36
IDA-DI;27/04/2015;1498,1
IDA-DI;28/04/2015;1498,81
IDA-DI;29/04/2015;1499,66
IDA-DI;30/04/2015;1500,42
IDA-DI;04/05/2015;1501,27
IDA-DI;05/05/2015;1502,04
IDA-DI;06/05/2015;1502,87
IDA-DI;07/05/2015;1503,7
IDA-DI;08/05/2015;1504,5
IDA-DI;11/05/2015;1505,31
IDA-DI;12/05/2015;1506,12
IDA-DI;13/05/2015;1506,92
IDA-DI;14/05/2015;1507,73
IDA-DI;15/05/2015;1508,53
IDA-DI;18/05/2015;1509,34
IDA-DI;19/05/2015;1510,15
IDA-DI;20/05/2015;1510,96
IDA-DI;21/05/2015;1511,75
IDA-DI;22/05/2015;1512,56
IDA-DI;25/05/2015;1513,35
IDA-DI;26/05/2015;1514,12
IDA-DI;27/05/2015;1514,91
IDA-DI;28/05/2015;1515,74
IDA-DI;29/05/2015;1516,54
IDA-DI;01/06/2015;1517,34
IDA-DI;02/06/2015;1518,18
IDA-DI;03/06/2015;1518,99
IDA-DI;05/06/2015;1519,8
IDA-DI;08/06/2015;1520,62
IDA-DI;09/06/2015;1521,46
IDA-DI;10/06/2015;1522,31
IDA-DI;11/06/2015;1523,16
IDA-DI;12/06/2015;1523,99
IDA-DI;15/06/2015;1524,86
IDA-DI;16/06/2015;1525,7
IDA-DI;17/06/2015;1526,56
IDA-DI;18/06/2015;1527,39
IDA-DI;19/06/2015;1528,26
IDA-DI;22/06/2015;1529,09
IDA-DI;23/06/2015;1530,01
IDA-DI;24/06/2015;1530,86
IDA-DI;25/06/2015;1531,75
IDA-DI;26/06/2015;1532,57
IDA-DI;29/06/2015;1533,38
IDA-DI;30/06/2015;1534,17
IDA-DI;01/07/2015;1535,03
IDA-DI;02/07/2015;1535,86
IDA-DI;03/07/2015;1536,7
IDA-DI;06/07/2015;1537,56
IDA-DI;07/07/2015;1538,41
IDA-DI;08/07/2015;1539,23
IDA-DI;09/07/2015;1540,09
IDA-DI;10/07/2015;1540,93
IDA-DI;13/07/2015;1541,81
IDA-DI;14/07/2015;1542,66
IDA-DI;15/07/2015;1543,54
IDA-DI;16/07/2015;1544,42
IDA-DI;17/07/2015;1545,29
IDA-DI;20/07/2015;1546,19
IDA-DI;21/07/2015;1547,06
IDA-DI;22/07/2015;1547,89
IDA-DI;23/07/2015;1548,78
IDA-DI;24/07/2015;1549,62
IDA-DI;27/07/2015;1550,48
IDA-DI;28/07/2015;1551,33
IDA-DI;29/07/2015;1552,33
IDA-DI;30/07/2015;1553,12
IDA-DI;31/07/2015;1554,03
IDA-DI;03/08/2015;1554,91
IDA-DI;04/08/2015;1555,75
IDA-DI;05/08/2015;1556,61
IDA-DI;06/08/2015;1557,51
IDA-DI;07/08/2015;1558,42
IDA-DI;10/08/2015;1559,3
IDA-DI;11/08/2015;1560,25
IDA-DI;12/08/2015;1561,1
IDA-DI;13/08/2015;1562
IDA-DI;14/08/2015;1562,88
IDA-DI;17/08/2015;1563,79
IDA-DI;18/08/2015;1564,59
IDA-DI;19/08/2015;1565,5
IDA-DI;20/08/2015;1566,35
IDA-DI;21/08/2015;1567,27
IDA-DI;24/08/2015;1568,14
IDA-DI;25/08/2015;1569,01
IDA-DI;26/08/2015;1569,95
IDA-DI;27/08/2015;1570,88
IDA-DI;28/08/2015;1571,76
IDA-DI;31/08/2015;1572,7
IDA-DI;01/09/2015;1573,63
IDA-DI;02/09/2015;1574,55
IDA-DI;03/09/2015;1575,45
IDA-DI;04/09/2015;1576,39
IDA-DI;08/09/2015;1577,29
IDA-DI;09/09/2015;1578,19
IDA-DI;10/09/2015;1579,1
IDA-DI;11/09/2015;1580,01
IDA-DI;14/09/2015;1580,92
IDA-DI;15/09/2015;1581,8
IDA-DI;16/09/2015;1582,68
IDA-DI;17/09/2015;1583,58
IDA-DI;18/09/2015;1584,48
IDA-DI;21/09/2015;1585,26
IDA-DI;22/09/2015;1586,15
IDA-DI;23/09/2015;1587,06
IDA-DI;24/09/2015;1587,92
IDA-DI;25/09/2015;1588,8
IDA-DI;28/09/2015;1589,72
IDA-DI;29/09/2015;1590,57
IDA-DI;30/09/2015;1591,43
IDA-DI;01/10/2015;1592,35
IDA-DI;02/10/2015;1593,24
IDA-DI;05/10/2015;1594,16
IDA-DI;06/10/2015;1595,08
IDA-DI;07/10/2015;1595,98
IDA-DI;08/10/2015;1596,89
IDA-DI;09/10/2015;1597,82
IDA-DI;13/10/2015;1598,74
IDA-DI;14/10/2015;1599,65
IDA-DI;15/10/2015;1600,56
IDA-DI;16/10/2015;1601,42
IDA-DI;19/10/2015;1602,28
IDA-DI;20/10/2015;1603,19
IDA-DI;21/10/2015;1604,1
IDA-DI;22/10/2015;1604,97
IDA-DI;23/10/2015;1605,82
IDA-DI;26/10/2015;1606,74
IDA-DI;27/10/2015;1607,6
IDA-DI;28/10/2015;1608,42
IDA-DI;29/10/2015;1609,28
IDA-DI;30/10/2015;1610,11
IDA-DI;03/11/2015;1610,82
IDA-DI;04/11/2015;1611,68
IDA-DI;05/11/2015;1612,1
IDA-DI;06/11/2015;1612,74
IDA-DI;09/11/2015;1613,49
IDA-DI;10/11/2015;1614,25
IDA-DI;11/11/2015;1615,05
IDA-DI;12/11/2015;1615,79
IDA-DI;13/11/2015;1616,32
IDA-DI;16/11/2015;1617,05
IDA-DI;17/11/2015;1617,93
IDA-DI;18/11/2015;1618,9
IDA-DI;19/11/2015;1619,83
IDA-DI;20/11/2015;1620,78
IDA-DI;23/11/2015;1621,72
IDA-DI;24/11/2015;1622,63
IDA-DI;25/11/2015;1623,52
IDA-DI;26/11/2015;1624,42
IDA-DI;27/11/2015;1625,28
IDA-DI;30/11/2015;1626,12
IDA-DI;01/12/2015;1626,92
IDA-DI;02/12/2015;1627,78
IDA-DI;03/12/2015;1628,7
IDA-DI;04/12/2015;1629,61
IDA-DI;07/12/2015;1630,42
IDA-DI;08/12/2015;1631,19
IDA-DI;09/12/2015;1632,02
IDA-DI;10/12/2015;1632,95
IDA-DI;11/12/2015;1633,87
IDA-DI;14/12/2015;1634,68
IDA-DI;15/12/2015;1635,48
IDA-DI;16/12/2015;1636,39
IDA-DI;17/12/2015;1637,28
IDA-DI;18/12/2015;1638,22
IDA-DI;21/12/2015;1639,18
IDA-DI;22/12/2015;1639,94
IDA-DI;23/12/2015;1640,89
IDA-DI;24/12/2015;1641,86
IDA-DI;28/12/2015;1642,77
IDA-DI;29/12/2015;1643,72
IDA-DI;30/12/2015;1644,66
IDA-DI;31/12/2015;1645,63
IDA-DI;04/01/2016;1646,33
IDA-DI;05/01/2016;1647,28
IDA-DI;06/01/2016;1648,13
IDA-DI;07/01/2016;1649,02
IDA-DI;08/01/2016;1649,92
IDA-DI;11/01/2016;1650,85
IDA-DI;12/01/2016;1651,6
IDA-DI;13/01/2016;1652,24
IDA-DI;14/01/2016;1653,09
IDA-DI;15/01/2016;1653,98
IDA-DI;18/01/2016;1654,53
IDA-DI;19/01/2016;1654,71
IDA-DI;20/01/2016;1655,39
IDA-DI;21/01/2016;1655,17
IDA-DI;22/01/2016;1655,42
IDA-DI;25/01/2016;1656,39
IDA-DI;26/01/2016;1656,58
IDA-DI;27/01/2016;1657,12
IDA-DI;28/01/2016;1657,07
IDA-DI;29/01/2016;1657,08
IDA-DI;01/02/2016;1655,67
IDA-DI;02/02/2016;1655,91
IDA-DI;03/02/2016;1656,39
IDA-DI;04/02/2016;1656,97
IDA-DI;05/02/2016;1657,47
IDA-DI;10/02/2016;1658,43
IDA-DI;11/02/2016;1659,26
IDA-DI;12/02/2016;1660,24
IDA-DI;15/02/2016;1660,76
IDA-DI;16/02/2016;1661,61
IDA-DI;17/02/2016;1662,47
IDA-DI;18/02/2016;1663,28
IDA-DI;19/02/2016;1664,21
IDA-DI;22/02/2016;1665,02
IDA-DI;23/02/2016;1665,87
IDA-DI;24/02/2016;1666,67
IDA-DI;25/02/2016;1667,4
IDA-DI;26/02/2016;1668,16
IDA-DI;29/02/2016;1668,95
IDA-DI;01/03/2016;1669,85
IDA-DI;02/03/2016;1670,88
IDA-DI;03/03/2016;1671,87
IDA-DI;04/03/2016;1673,04
IDA-DI;07/03/2016;1673,83
IDA-DI;08/03/2016;1674,98
IDA-DI;09/03/2016;1676,07
IDA-DI;10/03/2016;1677,17
IDA-DI;11/03/2016;1678,26
IDA-DI;14/03/2016;1679,42
IDA-DI;15/03/2016;1680,51
IDA-DI;16/03/2016;1681,44
IDA-DI;17/03/2016;1682,58
IDA-DI;18/03/2016;1683,63
IDA-DI;21/03/2016;1684,64
IDA-DI;22/03/2016;1685,8
IDA-DI;23/03/2016;1686,86
IDA-DI;24/03/2016;1687,98
IDA-DI;28/03/2016;1688,72
IDA-DI;29/03/2016;1689,65
IDA-DI;30/03/2016;1690,6
IDA-DI;31/03/2016;1691,32
IDA-DI;01/04/2016;1692,44
IDA-DI;04/04/2016;1693,24
IDA-DI;05/04/2016;1694,7
IDA-DI;06/04/2016;1695,65
IDA-DI;07/04/2016;1696,35
IDA-DI;08/04/2016;1697,44
IDA-DI;11/04/2016;1698,48
IDA-DI;12/04/2016;1700,43
IDA-DI;13/04/2016;1701,39
IDA-DI;14/04/2016;1702,55
IDA-DI;15/04/2016;1703,62
IDA-DI;18/04/2016;1705,06
IDA-DI;19/04/2016;1706,26
IDA-DI;20/04/2016;1707,05
IDA-DI;22/04/2016;1708,16
IDA-DI;25/04/2016;1709,13
IDA-DI;26/04/2016;1709,88
IDA-DI;27/04/2016;1710,71
IDA-DI;28/04/2016;1711,91
IDA-DI;29/04/2016;1712,99
IDA-DI;02/05/2016;1714,43
IDA-DI;03/05/2016;1715,51
IDA-DI;04/05/2016;1716,67
IDA-DI;05/05/2016;1717,5
IDA-DI;06/05/2016;1718,77
IDA-DI;09/05/2016;1719,71
IDA-DI;10/05/2016;1720,74
IDA-DI;11/05/2016;1721,88
IDA-DI;12/05/2016;1723,01
IDA-DI;13/05/2016;1724,09
IDA-DI;16/05/2016;1725,03
IDA-DI;17/05/2016;1726,07
IDA-DI;18/05/2016;1727,27
IDA-DI;19/05/2016;1728,64
IDA-DI;20/05/2016;1729,61
IDA-DI;23/05/2016;1730,79
IDA-DI;24/05/2016;1731,94
IDA-DI;25/05/2016;1733,11
IDA-DI;27/05/2016;1734,27
IDA-DI;30/05/2016;1735,35
IDA-DI;31/05/2016;1736,41
IDA-DI;01/06/2016;1737,43
IDA-DI;02/06/2016;1738,6
IDA-DI;03/06/2016;1739,79
IDA-DI;06/06/2016;1740,89
IDA-DI;07/06/2016;1741,83
IDA-DI;08/06/2016;1743,07
IDA-DI;09/06/2016;1744,02
IDA-DI;10/06/2016;1745,01
IDA-DI;13/06/2016;1745,9
IDA-DI;14/06/2016;1747
IDA-DI;15/06/2016;1748,11
IDA-DI;16/06/2016;1749,46
IDA-DI;17/06/2016;1751,04
IDA-DI;20/06/2016;1752,4
IDA-DI;21/06/2016;1753,69
IDA-DI;22/06/2016;1754,79
IDA-DI;23/06/2016;1755,9
IDA-DI;24/06/2016;1756,92
IDA-DI;27/06/2016;1758,03
IDA-DI;28/06/2016;1759,02
IDA-DI;29/06/2016;1760
IDA-DI;30/06/2016;1760,94
IDA-DI;01/07/2016;1762,05
IDA-DI;04/07/2016;1763,17
IDA-DI;05/07/2016;1764,23
IDA-DI;06/07/2016;1765,32
IDA-DI;07/07/2016;1766,44
IDA-DI;08/07/2016;1767,32
IDA-DI;11/07/2016;1768,47
IDA-DI;12/07/2016;1769,69
IDA-DI;13/07/2016;1770,69
IDA-DI;14/07/2016;1771,83
IDA-DI;15/07/2016;1772,89
IDA-DI;18/07/2016;1773,92
IDA-DI;19/07/2016;1775,06
IDA-DI;20/07/2016;1776,17
IDA-DI;21/07/2016;1777,34
IDA-DI;22/07/2016;1778,43
IDA-DI;25/07/2016;1779,46
IDA-DI;26/07/2016;1780,61
IDA-DI;27/07/2016;1781,86
IDA-DI;28/07/2016;1783,01
IDA-DI;29/07/2016;1784,1
IDA-DI;01/08/2016;1785,15
IDA-DI;02/08/2016;1786,43
IDA-DI;03/08/2016;1787,49
IDA-DI;04/08/2016;1788,72
IDA-DI;05/08/2016;1789,9
IDA-DI;08/08/2016;1791,01
IDA-DI;09/08/2016;1792,13
IDA-DI;10/08/2016;1793,18
IDA-DI;11/08/2016;1794,26
IDA-DI;12/08/2016;1796,11
IDA-DI;15/08/2016;1797,26
IDA-DI;16/08/2016;1798,31
IDA-DI;17/08/2016;1799,34
IDA-DI;18/08/2016;1800,45
IDA-DI;19/08/2016;1801,57
IDA-DI;22/08/2016;1802,76
IDA-DI;23/08/2016;1803,92
IDA-DI;24/08/2016;1805,05
IDA-DI;25/08/2016;1806,25
IDA-DI;26/08/2016;1807,54
IDA-DI;29/08/2016;1808,65
IDA-DI;30/08/2016;1809,9
IDA-DI;31/08/2016;1811,08
IDA-DI;01/09/2016;1812,35
IDA-DI;02/09/2016;1813,47
IDA-DI;05/09/2016;1814,62
IDA-DI;06/09/2016;1815,8
IDA-DI;08/09/2016;1817,01
IDA-DI;09/09/2016;1818,15
IDA-DI;12/09/2016;1819,51
IDA-DI;13/09/2016;1820,65
IDA-DI;14/09/2016;1821,81
IDA-DI;15/09/2016;1822,73
IDA-DI;16/09/2016;1823,86
IDA-DI;19/09/2016;1824,96
IDA-DI;20/09/2016;1825,78
IDA-DI;21/09/2016;1826,91
IDA-DI;22/09/2016;1828,08
IDA-DI;23/09/2016;1829,2
IDA-DI;26/09/2016;1830,33
IDA-DI;27/09/2016;1831,52
IDA-DI;28/09/2016;1832,59
IDA-DI;29/09/2016;1833,64
IDA-DI;30/09/2016;1834,76
IDA-DI;03/10/2016;1835,88
IDA-DI;04/10/2016;1837,09
IDA-DI;05/10/2016;1838,19
IDA-DI;06/10/2016;1839,39
IDA-DI;07/10/2016;1840,46
IDA-DI;10/10/2016;1841,49
IDA-DI;11/10/2016;1842,61
IDA-DI;13/10/2016;1843,73
IDA-DI;14/10/2016;1844,84
IDA-DI;17/10/2016;1845,94
IDA-DI;18/10/2016;1847,11
IDA-DI;19/10/2016;1848,33
IDA-DI;20/10/2016;1849,54
IDA-DI;21/10/2016;1850,75
IDA-DI;24/10/2016;1851,97
IDA-DI;25/10/2016;1853,1
IDA-DI;26/10/2016;1854,33
IDA-DI;27/10/2016;1855,55
IDA-DI;28/10/2016;1856,78
IDA-DI;31/10/2016;1858,04
IDA-DI;01/11/2016;1859,11
IDA-DI;03/11/2016;1860,24
IDA-DI;04/11/2016;1861,4
IDA-DI;07/11/2016;1862,6
IDA-DI;08/11/2016;1863,73
IDA-DI;09/11/2016;1864,78
IDA-DI;10/11/2016;1865,68
IDA-DI;11/11/2016;1866,7
IDA-DI;14/11/2016;1867,75
IDA-DI;16/11/2016;1868,95
IDA-DI;17/11/2016;1870,07
IDA-DI;18/11/2016;1871,26
IDA-DI;21/11/2016;1872,41
IDA-DI;22/11/2016;1873,56
IDA-DI;23/11/2016;1874,76
IDA-DI;24/11/2016;1876,04
IDA-DI;25/11/2016;1877,09
IDA-DI;28/11/2016;1878,2
IDA-DI;29/11/2016;1879,48
IDA-DI;30/11/2016;1880,65
IDA-DI;01/12/2016;1881,84
IDA-DI;02/12/2016;1882,82
IDA-DI;05/12/2016;1883,94
IDA-DI;06/12/2016;1885,07
IDA-DI;07/12/2016;1886,12
IDA-DI;08/12/2016;1887,23
IDA-DI;09/12/2016;1888,29
IDA-DI;12/12/2016;1889,31
IDA-DI;13/12/2016;1890,44
IDA-DI;14/12/2016;1891,52
IDA-DI;15/12/2016;1892,7
IDA-DI;16/12/2016;1893,7
IDA-DI;19/12/2016;1894,88
IDA-DI;20/12/2016;1896
IDA-DI;21/12/2016;1897,15
IDA-DI;22/12/2016;1898,33
IDA-DI;23/12/2016;1899,46
IDA-DI;26/12/2016;1900,64
IDA-DI;27/12/2016;1901,56
IDA-DI;28/12/2016;1902,79
IDA-DI;29/12/2016;1903,75
IDA-DI;30/12/2016;1904,83
IDA-DI;02/01/2017;1906,16
IDA-DI;03/01/2017;1907,14
IDA-DI;04/01/2017;1908,86
IDA-DI;05/01/2017;1910,02
IDA-DI;06/01/2017;1911,17
IDA-DI;09/01/2017;1912,24
IDA-DI;10/01/2017;1913,32
IDA-DI;11/01/2017;1915,03
IDA-DI;12/01/2017;1916,15
IDA-DI;13/01/2017;1917,22
IDA-DI;16/01/2017;1918,39
IDA-DI;17/01/2017;1919,62
IDA-DI;18/01/2017;1920,76
IDA-DI;19/01/2017;1923,97
IDA-DI;20/01/2017;1922,92
IDA-DI;23/01/2017;1923,97
IDA-DI;24/01/2017;1925,06
IDA-DI;25/01/2017;1926,09
IDA-DI;26/01/2017;1927,23
IDA-DI;27/01/2017;1928,28
IDA-DI;30/01/2017;1929,44
IDA-DI;31/01/2017;1930,57
IDA-DI;01/02/2017;1931,69
IDA-DI;02/02/2017;1932,86
IDA-DI;03/02/2017;1933,98
IDA-DI;06/02/2017;1935,15
IDA-DI;07/02/2017;1936,39
IDA-DI;08/02/2017;1937,63
IDA-DI;09/02/2017;1938,64
IDA-DI;10/02/2017;1939,7
IDA-DI;13/02/2017;1940,75
IDA-DI;14/02/2017;1941,84
IDA-DI;15/02/2017;1942,93
IDA-DI;16/02/2017;1944,05
IDA-DI;17/02/2017;1945,18
IDA-DI;20/02/2017;1946,34
IDA-DI;21/02/2017;1947,42
IDA-DI;22/02/2017;1948,47
IDA-DI;23/02/2017;1949,67
IDA-DI;24/02/2017;1950,61
IDA-DI;01/03/2017;1951,64
IDA-DI;02/03/2017;1952,77
IDA-DI;03/03/2017;1953,73
IDA-DI;06/03/2017;1954,91
IDA-DI;07/03/2017;1955,94
IDA-DI;08/03/2017;1957,05
IDA-DI;09/03/2017;1958,31
IDA-DI;10/03/2017;1959,44
IDA-DI;13/03/2017;1960,66
IDA-DI;14/03/2017;1961,74
IDA-DI;15/03/2017;1962,84
IDA-DI;16/03/2017;1963,86
IDA-DI;17/03/2017;1964,97
IDA-DI;20/03/2017;1966,06
IDA-DI;21/03/2017;1967,16
IDA-DI;22/03/2017;1968,16
IDA-DI;23/03/2017;1969,29
IDA-DI;24/03/2017;1970,26
IDA-DI;27/03/2017;1971,33
IDA-DI;28/03/2017;1972,34
IDA-DI;29/03/2017;1973,42
IDA-DI;30/03/2017;1974,65
IDA-DI;31/03/2017;1975,69
IDA-DI;03/04/2017;1976,63
IDA-DI;04/04/2017;1978,28
IDA-DI;05/04/2017;1979,29
IDA-DI;06/04/2017;1980,31
IDA-DI;07/04/2017;1981,36
IDA-DI;10/04/2017;1982,32
IDA-DI;11/04/2017;1983,3
IDA-DI;12/04/2017;1984,28
IDA-DI;13/04/2017;1985,39
IDA-DI;17/04/2017;1986,11
IDA-DI;18/04/2017;1986,9
IDA-DI;19/04/2017;1987,61
IDA-DI;20/04/2017;1988,73
IDA-DI;24/04/2017;1989,59
IDA-DI;25/04/2017;1990,66
IDA-DI;26/04/2017;1991,52
IDA-DI;27/04/2017;1992,42
IDA-DI;28/04/2017;1993,27
IDA-DI;02/05/2017;1994,2
IDA-DI;03/05/2017;1995,31
IDA-DI;04/05/2017;1996,32
IDA-DI;05/05/2017;1997,35
IDA-DI;08/05/2017;1998,26
IDA-DI;09/05/2017;1999,23
IDA-DI;10/05/2017;2000,22
IDA-DI;11/05/2017;2001,16
IDA-DI;12/05/2017;2002,09
IDA-DI;15/05/2017;2003,04
IDA-DI;16/05/2017;2003,94
IDA-DI;17/05/2017;2005,03
IDA-DI;18/05/2017;2007,17
IDA-DI;19/05/2017;2007,86
IDA-DI;22/05/2017;2008,96
IDA-DI;23/05/2017;2009,49
IDA-DI;24/05/2017;2010,25
IDA-DI;25/05/2017;2011,2
IDA-DI;26/05/2017;2012,05
IDA-DI;29/05/2017;2012,93
IDA-DI;30/05/2017;2013,93
IDA-DI;31/05/2017;2014,75
IDA-DI;01/06/2017;2015,73
IDA-DI;02/06/2017;2018,26
IDA-DI;05/06/2017;2017,57
IDA-DI;06/06/2017;2018,26
IDA-DI;07/06/2017;2019,15
IDA-DI;08/06/2017;2020,03
IDA-DI;09/06/2017;2020,83
IDA-DI;12/06/2017;2021,82
IDA-DI;13/06/2017;2022,82
IDA-DI;14/06/2017;2023,78
IDA-DI;16/06/2017;2024,5
IDA-DI;19/06/2017;2025,31
IDA-DI;20/06/2017;2026,36
IDA-DI;21/06/2017;2027,34
IDA-DI;22/06/2017;2028,46
IDA-DI;23/06/2017;2029,46
IDA-DI;26/06/2017;2030,36
IDA-DI;27/06/2017;2031,28
IDA-DI;28/06/2017;2031,23
IDA-DI;29/06/2017;2031,83
IDA-DI;30/06/2017;2032,63
IDA-DI;03/07/2017;2033,31
IDA-DI;04/07/2017;2034,32
IDA-DI;05/07/2017;2035,27
IDA-DI;06/07/2017;2036,16
IDA-DI;07/07/2017;2037,11
IDA-DI;10/07/2017;2037,97
IDA-DI;11/07/2017;2038,96
IDA-DI;12/07/2017;2039,84
IDA-DI;13/07/2017;2040,74
IDA-DI;14/07/2017;2041,56
IDA-DI;17/07/2017;2042,39
IDA-DI;18/07/2017;2043,34
IDA-DI;19/07/2017;2044,33
IDA-DI;20/07/2017;2045,3
IDA-DI;21/07/2017;2046,26
IDA-DI;24/07/2017;2047,17
IDA-DI;25/07/2017;2048,22
IDA-DI;26/07/2017;2049,12
IDA-DI;27/07/2017;2049,95
IDA-DI;28/07/2017;2050,84
IDA-DI;31/07/2017;2051,83
IDA-DI;01/08/2017;2052,8
IDA-DI;02/08/2017;2053,61
IDA-DI;03/08/2017;2054,33
IDA-DI;04/08/2017;2055,16
IDA-DI;07/08/2017;2056,03
IDA-DI;08/08/2017;2056,81
IDA-DI;09/08/2017;2057,72
IDA-DI;10/08/2017;2058,6
IDA-DI;11/08/2017;2059,44
IDA-DI;14/08/2017;2060,24
IDA-DI;15/08/2017;2060,98
IDA-DI;16/08/2017;2061,69
IDA-DI;17/08/2017;2062,47
IDA-DI;18/08/2017;2063,16
IDA-DI;21/08/2017;2064,18
IDA-DI;22/08/2017;2065,05
IDA-DI;23/08/2017;2065,76
IDA-DI;24/08/2017;2066,47
IDA-DI;25/08/2017;2067,27
IDA-DI;28/08/2017;2068,16
IDA-DI;29/08/2017;2068,95
IDA-DI;30/08/2017;2069,9
IDA-DI;31/08/2017;2070,62
IDA-DI;01/09/2017;2071,54
IDA-DI;04/09/2017;2072,41
IDA-DI;05/09/2017;2073,11
IDA-DI;06/09/2017;2073,79
IDA-DI;08/09/2017;2074,38
IDA-DI;11/09/2017;2075,12
IDA-DI;12/09/2017;2075,85
IDA-DI;13/09/2017;2076,67
IDA-DI;14/09/2017;2077,32
IDA-DI;15/09/2017;2078,2
IDA-DI;18/09/2017;2078,95
IDA-DI;19/09/2017;2079,75
IDA-DI;20/09/2017;2080,36
IDA-DI;21/09/2017;2081,08
IDA-DI;22/09/2017;2081,84
IDA-DI;25/09/2017;2082,7
IDA-DI;26/09/2017;2083,31
IDA-DI;27/09/2017;2084,09
IDA-DI;28/09/2017;2084,79
IDA-DI;29/09/2017;2085,45
IDA-DI;02/10/2017;2086,15
IDA-DI;03/10/2017;2086,9
IDA-DI;04/10/2017;2087,64
IDA-DI;05/10/2017;2088,4
IDA-DI;06/10/2017;2089,1
IDA-DI;09/10/2017;2089,87
IDA-DI;10/10/2017;2090,54
IDA-DI;11/10/2017;2091,21
IDA-DI;13/10/2017;2091,89
IDA-DI;16/10/2017;2092,66
IDA-DI;17/10/2017;2093,31
IDA-DI;18/10/2017;2093,95
IDA-DI;19/10/2017;2094,51
IDA-DI;20/10/2017;2095,29
IDA-DI;23/10/2017;2096
IDA-DI;24/10/2017;2096,74
IDA-DI;25/10/2017;2097,36
IDA-DI;26/10/2017;2098,26
IDA-DI;27/10/2017;2098,89
IDA-DI;30/10/2017;2099,6
IDA-DI;31/10/2017;2100,24
IDA-DI;01/11/2017;2100,96
IDA-DI;03/11/2017;2101,69
IDA-DI;06/11/2017;2102,23
IDA-DI;07/11/2017;2102,87
IDA-DI;08/11/2017;2103,26
IDA-DI;09/11/2017;2104,01
IDA-DI;10/11/2017;2104,83
IDA-DI;13/11/2017;2105,52
IDA-DI;14/11/2017;2106,18
IDA-DI;16/11/2017;2106,7
IDA-DI;17/11/2017;2107,27
IDA-DI;20/11/2017;2107,92
IDA-DI;21/11/2017;2108,58
IDA-DI;22/11/2017;2109,2
IDA-DI;23/11/2017;2109,8
IDA-DI;24/11/2017;2110,43
IDA-DI;27/11/2017;2111,08
IDA-DI;28/11/2017;2111,66
IDA-DI;29/11/2017;2112,38
IDA-DI;30/11/2017;2113,07
IDA-DI;01/12/2017;2113,62
IDA-DI;04/12/2017;2114,19
IDA-DI;05/12/2017;2114,79
IDA-DI;06/12/2017;2115,42
IDA-DI;07/12/2017;2116,11
IDA-DI;08/12/2017;2116,7
IDA-DI;11/12/2017;2117,27
IDA-DI;12/12/2017;2117,93
IDA-DI;13/12/2017;2118,38
IDA-DI;14/12/2017;2119,09
IDA-DI;15/12/2017;2119,6
IDA-DI;18/12/2017;2120,22
IDA-DI;19/12/2017;2120,84
IDA-DI;20/12/2017;2121,24
IDA-DI;21/12/2017;2122,21
IDA-DI;22/12/2017;2122,76
IDA-DI;26/12/2017;2123,4
IDA-DI;27/12/2017;2123,98
IDA-DI;28/12/2017;2124,5
IDA-DI;29/12/2017;2125,11
IDA-DI;02/01/2018;2125,44
IDA-DI;03/01/2018;2126,2
IDA-DI;04/01/2018;2126,97
IDA-DI;05/01/2018;2127,73
IDA-DI;08/01/2018;2128,3
IDA-DI;09/01/2018;2128,98
IDA-DI;10/01/2018;2129,71
IDA-DI;11/01/2018;2130,43
IDA-DI;12/01/2018;2131,17
IDA-DI;15/01/2018;2131,83
IDA-DI;16/01/2018;2132,59
IDA-DI;17/01/2018;2133,47
IDA-DI;18/01/2018;2132,59
IDA-DI;19/01/2018;2134,8
IDA-DI;22/01/2018;2135,56
IDA-DI;23/01/2018;2136,25
IDA-DI;24/01/2018;2136,98
IDA-DI;25/01/2018;2137,61
IDA-DI;26/01/2018;2138,22
IDA-DI;29/01/2018;2138,78
IDA-DI;30/01/2018;2139,39
IDA-DI;31/01/2018;2140,08
IDA-DI;01/02/2018;2140,9
IDA-DI;02/02/2018;2141,65
IDA-DI;05/02/2018;2142,33
IDA-DI;06/02/2018;2142,96
IDA-DI;07/02/2018;2143,62
IDA-DI;08/02/2018;2144,22
IDA-DI;09/02/2018;2144,86
IDA-DI;14/02/2018;2145,29
IDA-DI;15/02/2018;2145,92
IDA-DI;16/02/2018;2146,52
IDA-DI;19/02/2018;2147,22
IDA-DI;20/02/2018;2147,79
IDA-DI;21/02/2018;2148,42
IDA-DI;22/02/2018;2149,17
IDA-DI;23/02/2018;2149,79
IDA-DI;26/02/2018;2150,36
IDA-DI;27/02/2018;2150,96
IDA-DI;28/02/2018;2151,55
IDA-DI;01/03/2018;2152,2
IDA-DI;02/03/2018;2152,76
IDA-DI;05/03/2018;2153,36
IDA-DI;06/03/2018;2154
IDA-DI;07/03/2018;2154,71
IDA-DI;08/03/2018;2155,48
IDA-DI;09/03/2018;2155,99
IDA-DI;12/03/2018;2156,54
IDA-DI;13/03/2018;2157,21
IDA-DI;14/03/2018;2157,89
IDA-DI;15/03/2018;2158,66
IDA-DI;16/03/2018;2159,38
IDA-DI;19/03/2018;2160,19
IDA-DI;20/03/2018;2160,89
IDA-DI;21/03/2018;2161,61
IDA-DI;22/03/2018;2162,14
IDA-DI;23/03/2018;2162,76
IDA-DI;26/03/2018;2163,34
IDA-DI;27/03/2018;2163,99
IDA-DI;28/03/2018;2164,61
IDA-DI;29/03/2018;2165,13
IDA-DI;02/04/2018;2165,75
IDA-DI;03/04/2018;2166,36
IDA-DI;04/04/2018;2167,02
IDA-DI;05/04/2018;2167,67
IDA-DI;06/04/2018;2168,22
IDA-DI;09/04/2018;2168,74
IDA-DI;10/04/2018;2169,33
IDA-DI;11/04/2018;2169,9
IDA-DI;12/04/2018;2170,5
IDA-DI;13/04/2018;2171,14
IDA-DI;16/04/2018;2171,87
IDA-DI;17/04/2018;2172,5
IDA-DI;18/04/2018;2173,05
IDA-DI;19/04/2018;2173,75
IDA-DI;20/04/2018;2174,38
IDA-DI;23/04/2018;2175,11
IDA-DI;24/04/2018;2175,78
IDA-DI;25/04/2018;2176,53
IDA-DI;26/04/2018;2177,13
IDA-DI;27/04/2018;2177,74
IDA-DI;30/04/2018;2178,48
IDA-DI;02/05/2018;2179,2
IDA-DI;03/05/2018;2179,82
IDA-DI;04/05/2018;2180,38
IDA-DI;07/05/2018;2180,99
IDA-DI;08/05/2018;2181,58
IDA-DI;09/05/2018;2182,26
IDA-DI;10/05/2018;2182,81
IDA-DI;11/05/2018;2183,47
IDA-DI;14/05/2018;2184,18
IDA-DI;15/05/2018;2184,82
IDA-DI;16/05/2018;2185,46
IDA-DI;17/05/2018;2186,2
IDA-DI;18/05/2018;2186,91
IDA-DI;21/05/2018;2187,4
IDA-DI;22/05/2018;2187,84
IDA-DI;23/05/2018;2188,49
IDA-DI;24/05/2018;2189,15
IDA-DI;25/05/2018;2189,76
IDA-DI;28/05/2018;2190,39
IDA-DI;29/05/2018;2190,98
IDA-DI;30/05/2018;2191,62
IDA-DI;01/06/2018;2192,13
IDA-DI;04/06/2018;2192,78
IDA-DI;05/06/2018;2193,33
IDA-DI;06/06/2018;2193,93
IDA-DI;07/06/2018;2188,83
IDA-DI;08/06/2018;2189,34
IDA-DI;11/06/2018;2190,02
IDA-DI;12/06/2018;2190,66
IDA-DI;13/06/2018;2191,37
IDA-DI;14/06/2018;2192,15
IDA-DI;15/06/2018;2192,61
IDA-DI;18/06/2018;2193,1
IDA-DI;19/06/2018;2193,48
IDA-DI;20/06/2018;2194,11
IDA-DI;21/06/2018;2194,78
IDA-DI;22/06/2018;2195,4
IDA-DI;25/06/2018;2196,82
IDA-DI;26/06/2018;2197,39
IDA-DI;27/06/2018;2198,06
IDA-DI;28/06/2018;2198,57
IDA-DI;29/06/2018;2199,21
IDA-DI;02/07/2018;2199,83
IDA-DI;03/07/2018;2200,49
IDA-DI;04/07/2018;2202,65
IDA-DI;05/07/2018;2203,31
IDA-DI;06/07/2018;2203,83
IDA-DI;09/07/2018;2204,44
IDA-DI;10/07/2018;2204,99
IDA-DI;11/07/2018;2205,62
IDA-DI;12/07/2018;2206,37
IDA-DI;13/07/2018;2206,91
IDA-DI;16/07/2018;2207,57
IDA-DI;17/07/2018;2208,1
IDA-DI;18/07/2018;2208,56
IDA-DI;19/07/2018;2209,16
IDA-DI;20/07/2018;2209,78
IDA-DI;23/07/2018;2210,52
IDA-DI;24/07/2018;2211,14
IDA-DI;25/07/2018;2211,72
IDA-DI;26/07/2018;2212,33
IDA-DI;27/07/2018;2212,96
IDA-DI;30/07/2018;2213,64
IDA-DI;31/07/2018;2214,32
IDA-DI;01/08/2018;2214,92
IDA-DI;02/08/2018;2215,52
IDA-DI;03/08/2018;2216,12
IDA-DI;06/08/2018;2216,78
IDA-DI;07/08/2018;2217,45
IDA-DI;08/08/2018;2218
IDA-DI;09/08/2018;2218,74
IDA-DI;10/08/2018;2219,57
IDA-DI;13/08/2018;2220,23
IDA-DI;14/08/2018;2220,6
IDA-DI;15/08/2018;2221,31
IDA-DI;16/08/2018;2221,96
IDA-DI;17/08/2018;2222,68
IDA-DI;20/08/2018;2223,34
IDA-DI;21/08/2018;2224,12
IDA-DI;22/08/2018;2224,69
IDA-DI;23/08/2018;2225,37
IDA-DI;24/08/2018;2225,94
IDA-DI;27/08/2018;2226,51
IDA-DI;28/08/2018;2227,09
IDA-DI;29/08/2018;2227,6
IDA-DI;30/08/2018;2228,33
IDA-DI;31/08/2018;2228,88
IDA-DI;03/09/2018;2229,57
IDA-DI;04/09/2018;2230,22
IDA-DI;05/09/2018;2230,86
IDA-DI;06/09/2018;2231,52
IDA-DI;10/09/2018;2232,07
IDA-DI;11/09/2018;2232,73
IDA-DI;12/09/2018;2233,42
IDA-DI;13/09/2018;2234,19
IDA-DI;14/09/2018;2234,72
IDA-DI;17/09/2018;2235,45
IDA-DI;18/09/2018;2236,08
IDA-DI;19/09/2018;2236,84
IDA-DI;20/09/2018;2237,55
IDA-DI;21/09/2018;2238,18
IDA-DI;24/09/2018;2238,79
IDA-DI;25/09/2018;2239,37
IDA-DI;26/09/2018;2239,94
IDA-DI;27/09/2018;2240,48
IDA-DI;28/09/2018;2241,15
IDA-DI;01/10/2018;2241,74
IDA-DI;02/10/2018;2242,39
IDA-DI;03/10/2018;2242,94
IDA-DI;04/10/2018;2243,46
IDA-DI;05/10/2018;2244
IDA-DI;08/10/2018;2244,41
IDA-DI;09/10/2018;2244,97
IDA-DI;10/10/2018;2245,66
IDA-DI;11/10/2018;2246,26
IDA-DI;15/10/2018;2246,73
IDA-DI;16/10/2018;2247,39
IDA-DI;17/10/2018;2248,08
IDA-DI;18/10/2018;2248,95
IDA-DI;19/10/2018;2249,75
IDA-DI;22/10/2018;2250,43
IDA-DI;23/10/2018;2251,09
IDA-DI;24/10/2018;2251,85
IDA-DI;25/10/2018;2252,59
IDA-DI;26/10/2018;2253,3
IDA-DI;29/10/2018;2254,1
IDA-DI;30/10/2018;2254,83
IDA-DI;31/10/2018;2255,54
IDA-DI;01/11/2018;2256,23
IDA-DI;05/11/2018;2256,88
IDA-DI;06/11/2018;2257,57
IDA-DI;07/11/2018;2258,23
IDA-DI;08/11/2018;2258,94
IDA-DI;09/11/2018;2259,7
IDA-DI;12/11/2018;2260,37
IDA-DI;13/11/2018;2261,04
IDA-DI;14/11/2018;2261,59
IDA-DI;16/11/2018;2262,19
IDA-DI;19/11/2018;2262,87
IDA-DI;20/11/2018;2263,49
IDA-DI;21/11/2018;2264,05
IDA-DI;22/11/2018;2264,6
IDA-DI;23/11/2018;2265,15
IDA-DI;26/11/2018;2265,82
IDA-DI;27/11/2018;2266,49
IDA-DI;28/11/2018;2267,07
IDA-DI;29/11/2018;2267,81
IDA-DI;30/11/2018;2268,43
IDA-DI;03/12/2018;2269,09
IDA-DI;04/12/2018;2269,84
IDA-DI;05/12/2018;2270,75
IDA-DI;06/12/2018;2271,43
IDA-DI;07/12/2018;2272,23
IDA-DI;10/12/2018;2272,98
IDA-DI;11/12/2018;2273,83
IDA-DI;12/12/2018;2274,58
IDA-DI;13/12/2018;2275,22
IDA-DI;14/12/2018;2275,72
IDA-DI;17/12/2018;2276,29
IDA-DI;18/12/2018;2276,95
IDA-DI;19/12/2018;2277,67
IDA-DI;20/12/2018;2278,11
IDA-DI;21/12/2018;2278,8
IDA-DI;24/12/2018;2279,41
IDA-DI;26/12/2018;2280,14
IDA-DI;27/12/2018;2280,72
IDA-DI;28/12/2018;2281,5
IDA-DI;31/12/2018;2282,12
IDA-DI;02/01/2019;2282,69
IDA-DI;03/01/2019;2283,29
IDA-DI;04/01/2019;2283,96
IDA-DI;07/01/2019;2284,72
IDA-DI;08/01/2019;2285,5
IDA-DI;09/01/2019;2286,15
IDA-DI;10/01/2019;2286,86
IDA-DI;11/01/2019;2287,57
IDA-DI;14/01/2019;2288,18
IDA-DI;15/01/2019;2288,78
IDA-DI;16/01/2019;2289,45
IDA-DI;17/01/2019;2290,49
IDA-DI;18/01/2019;2291,19
IDA-DI;21/01/2019;2291,91
IDA-DI;22/01/2019;2292,67
IDA-DI;23/01/2019;2293,1
IDA-DI;24/01/2019;2293,77
IDA-DI;25/01/2019;2294,39
IDA-DI;28/01/2019;2295,02
IDA-DI;29/01/2019;2295,66
IDA-DI;30/01/2019;2296,39
IDA-DI;31/01/2019;2297,06
IDA-DI;01/02/2019;2297,89
IDA-DI;04/02/2019;2298,74
IDA-DI;05/02/2019;2299,34
IDA-DI;06/02/2019;2299,98
IDA-DI;07/02/2019;2300,83
IDA-DI;08/02/2019;2301,56
IDA-DI;11/02/2019;2302,17
IDA-DI;12/02/2019;2302,89
IDA-DI;13/02/2019;2303,8
IDA-DI;14/02/2019;2304,48
IDA-DI;15/02/2019;2305,11
IDA-DI;18/02/2019;2305,88
IDA-DI;19/02/2019;2306,48
IDA-DI;20/02/2019;2307,15
IDA-DI;21/02/2019;2307,8
IDA-DI;22/02/2019;2308,48
IDA-DI;25/02/2019;2309,45
IDA-DI;26/02/2019;2310,15
IDA-DI;27/02/2019;2310,79
IDA-DI;28/02/2019;2310,58
IDA-DI;01/03/2019;2310,92
IDA-DI;06/03/2019;2311,63
IDA-DI;07/03/2019;2312,26
IDA-DI;08/03/2019;2312,93
IDA-DI;11/03/2019;2313,5
IDA-DI;12/03/2019;2314,1
IDA-DI;13/03/2019;2314,67
IDA-DI;14/03/2019;2315,51
IDA-DI;15/03/2019;2316,14
IDA-DI;18/03/2019;2316,82
IDA-DI;19/03/2019;2317,43
IDA-DI;20/03/2019;2318,08
IDA-DI;21/03/2019;2318,75
IDA-DI;22/03/2019;2319,61
IDA-DI;25/03/2019;2320,19
IDA-DI;26/03/2019;2320,88
IDA-DI;27/03/2019;2321,64
IDA-DI;28/03/2019;2322,17
IDA-DI;29/03/2019;2322,82
IDA-DI;01/04/2019;2323,4
IDA-DI;02/04/2019;2324,01
IDA-DI;03/04/2019;2324,74
IDA-DI;04/04/2019;2325,47
IDA-DI;05/04/2019;2326,1
IDA-DI;08/04/2019;2326,8
IDA-DI;09/04/2019;2327,51
IDA-DI;10/04/2019;2328,05
IDA-DI;11/04/2019;2328,73
IDA-DI;12/04/2019;2329,48
IDA-DI;15/04/2019;2330,09
IDA-DI;16/04/2019;2330,75
IDA-DI;17/04/2019;2331,42
IDA-DI;18/04/2019;2331,98
IDA-DI;22/04/2019;2332,62
IDA-DI;23/04/2019;2333,26
IDA-DI;24/04/2019;2334,1
IDA-DI;25/04/2019;2334,82
IDA-DI;26/04/2019;2335,47
IDA-DI;29/04/2019;2336,23
IDA-DI;30/04/2019;2336,94
IDA-DI;02/05/2019;2337,64
IDA-DI;03/05/2019;2338,2
IDA-DI;06/05/2019;2338,83
IDA-DI;07/05/2019;2339,44
IDA-DI;08/05/2019;2340,04
IDA-DI;09/05/2019;2340,65
IDA-DI;10/05/2019;2341,27
IDA-DI;13/05/2019;2341,97
IDA-DI;14/05/2019;2342,51
IDA-DI;15/05/2019;2343,15
IDA-DI;16/05/2019;2343,84
IDA-DI;17/05/2019;2344,59
IDA-DI;20/05/2019;2345,12
IDA-DI;21/05/2019;2345,6
IDA-DI;22/05/2019;2346,18
IDA-DI;23/05/2019;2346,81
IDA-DI;24/05/2019;2347,42
IDA-DI;27/05/2019;2348,01
IDA-DI;28/05/2019;2348,54
IDA-DI;29/05/2019;2349,2
IDA-DI;30/05/2019;2349,85
IDA-DI;31/05/2019;2350,42
IDA-DI;03/06/2019;2350,89
IDA-DI;04/06/2019;2351,44
IDA-DI;05/06/2019;2352,11
IDA-DI;06/06/2019;2352,66
IDA-DI;07/06/2019;2353,19
IDA-DI;10/06/2019;2353,82
IDA-DI;11/06/2019;2354,48
IDA-DI;12/06/2019;2355,19
IDA-DI;13/06/2019;2355,77
IDA-DI;14/06/2019;2356
IDA-DI;17/06/2019;2356,97
IDA-DI;18/06/2019;2357,6
IDA-DI;19/06/2019;2358,22
IDA-DI;21/06/2019;2358,67
IDA-DI;24/06/2019;2359,33
IDA-DI;25/06/2019;2360,03
IDA-DI;26/06/2019;2360,66
IDA-DI;27/06/2019;2360,66
IDA-DI;28/06/2019;2361,87
IDA-DI;01/07/2019;2362,49
IDA-DI;02/07/2019;2363,17
IDA-DI;03/07/2019;2363,8
IDA-DI;04/07/2019;2364,36
IDA-DI;05/07/2019;2365
IDA-DI;08/07/2019;2365,59
IDA-DI;09/07/2019;2366,23
IDA-DI;10/07/2019;2366,79
IDA-DI;11/07/2019;2367,44
IDA-DI;12/07/2019;2368,08
IDA-DI;15/07/2019;2368,73
IDA-DI;16/07/2019;2369,43
IDA-DI;17/07/2019;2370,08
IDA-DI;18/07/2019;2370,66
IDA-DI;19/07/2019;2371,34
IDA-DI;22/07/2019;2371,98
IDA-DI;23/07/2019;2372,46
IDA-DI;24/07/2019;2373,2
IDA-DI;25/07/2019;2373,78
IDA-DI;26/07/2019;2374,41
IDA-DI;29/07/2019;2374,95
IDA-DI;30/07/2019;2375,46
IDA-DI;31/07/2019;2376,17
IDA-DI;01/08/2019;2376,76
IDA-DI;02/08/2019;2377,34
IDA-DI;05/08/2019;2378,02
IDA-DI;06/08/2019;2378,49
IDA-DI;07/08/2019;2378,96
IDA-DI;08/08/2019;2379,5
IDA-DI;09/08/2019;2380,06
IDA-DI;12/08/2019;2380,69
IDA-DI;13/08/2019;2381,24
IDA-DI;14/08/2019;2381,92
IDA-DI;15/08/2019;2382,42
IDA-DI;16/08/2019;2382,9
IDA-DI;19/08/2019;2383,49
IDA-DI;20/08/2019;2384,06
IDA-DI;21/08/2019;2384,6
IDA-DI;22/08/2019;2385,14
IDA-DI;23/08/2019;2385,68
IDA-DI;26/08/2019;2386,24
IDA-DI;27/08/2019;2386,76
IDA-DI;28/08/2019;2387,29
IDA-DI;29/08/2019;2387,79
IDA-DI;30/08/2019;2388,31
IDA-DI;02/09/2019;2388,92
IDA-DI;03/09/2019;2389,38
IDA-DI;04/09/2019;2389,91
IDA-DI;05/09/2019;2390,34
IDA-DI;06/09/2019;2390,87
IDA-DI;09/09/2019;2391,37
IDA-DI;10/09/2019;2391,84
IDA-DI;11/09/2019;2392,33
IDA-DI;12/09/2019;2392,93
IDA-DI;13/09/2019;2393,57
IDA-DI;16/09/2019;2394,17
IDA-DI;17/09/2019;2394,71
IDA-DI;18/09/2019;2395,28
IDA-DI;19/09/2019;2395,78
IDA-DI;20/09/2019;2396,3
IDA-DI;23/09/2019;2396,75
IDA-DI;24/09/2019;2397,33
IDA-DI;25/09/2019;2397,86
IDA-DI;26/09/2019;2398,53
IDA-DI;27/09/2019;2399
IDA-DI;30/09/2019;2399,51
IDA-DI;01/10/2019;2399,95
IDA-DI;02/10/2019;2400,33
IDA-DI;03/10/2019;2400,75
IDA-DI;04/10/2019;2401,25
IDA-DI;07/10/2019;2401,59
IDA-DI;08/10/2019;2401,76
IDA-DI;09/10/2019;2402,08
IDA-DI;10/10/2019;2402,37
IDA-DI;11/10/2019;2402,72
IDA-DI;14/10/2019;2402,89
IDA-DI;15/10/2019;2403,05
IDA-DI;16/10/2019;2403,41
IDA-DI;17/10/2019;2403,57
IDA-DI;18/10/2019;2403,76
IDA-DI;21/10/2019;2403,89
IDA-DI;22/10/2019;2403,87
IDA-DI;23/10/2019;2404,01
IDA-DI;24/10/2019;2403,66
IDA-DI;25/10/2019;2403,03
IDA-DI;28/10/2019;2402,38
IDA-DI;29/10/2019;2402,13
IDA-DI;30/10/2019;2401,48
IDA-DI;31/10/2019;2401,02
IDA-DI;01/11/2019;2400,62
IDA-DI;04/11/2019;2400,83
IDA-DI;05/11/2019;2400,53
IDA-DI;06/11/2019;2400,16
IDA-DI;07/11/2019;2400,09
IDA-DI;08/11/2019;2399,42
IDA-DI;11/11/2019;2399,11
IDA-DI;12/11/2019;2398,28
IDA-DI;13/11/2019;2398,26
IDA-DI;14/11/2019;2398
IDA-DI;18/11/2019;2397,72
IDA-DI;19/11/2019;2397,43
IDA-DI;20/11/2019;2397,97
IDA-DI;21/11/2019;2398,09
IDA-DI;22/11/2019;2398,57
IDA-DI;25/11/2019;2398,78
IDA-DI;26/11/2019;2398,86
IDA-DI;27/11/2019;2399,09
IDA-DI;28/11/2019;2399,35
IDA-DI;29/11/2019;2399,38
IDA-DI;02/12/2019;2399,14
IDA-DI;03/12/2019;2399,2
IDA-DI;04/12/2019;2399,77
IDA-DI;05/12/2019;2399,81
IDA-DI;06/12/2019;2400,7
IDA-DI;09/12/2019;2401,28
IDA-DI;10/12/2019;2402,1
IDA-DI;11/12/2019;2402,63
IDA-DI;12/12/2019;2403,42
IDA-DI;13/12/2019;2403,86
IDA-DI;16/12/2019;2404,19
IDA-DI;17/12/2019;2404,31
IDA-DI;18/12/2019;2404,99
IDA-DI;19/12/2019;2405,19
IDA-DI;20/12/2019;2405,92
IDA-DI;23/12/2019;2406,57
IDA-DI;24/12/2019;2407,07
IDA-DI;26/12/2019;2407,9
IDA-DI;27/12/2019;2408,51
IDA-DI;30/12/2019;2409,26
IDA-DI;31/12/2019;2409,76
IDA-DI;02/01/2020;2410,15
IDA-DI;03/01/2020;2410,56
IDA-DI;06/01/2020;2410,97
IDA-DI;07/01/2020;2411,78
IDA-DI;08/01/2020;2412,57
IDA-DI;09/01/2020;2413,26
IDA-DI;10/01/2020;2413,83
IDA-DI;13/01/2020;2414,3
IDA-DI;14/01/2020;2415,02
IDA-DI;15/01/2020;2415,71
IDA-DI;16/01/2020;2416,05
IDA-DI;17/01/2020;2416,6
IDA-DI;20/01/2020;2417,09
IDA-DI;21/01/2020;2417,67
IDA-DI;22/01/2020;2418,29
IDA-DI;23/01/2020;2418,66
IDA-DI;24/01/2020;2419,22
IDA-DI;27/01/2020;2419,93
IDA-DI;28/01/2020;2420,55
IDA-DI;29/01/2020;2421,05
IDA-DI;30/01/2020;2421,5
IDA-DI;31/01/2020;2421,87
IDA-DI;03/02/2020;2422,37
IDA-DI;04/02/2020;2422,79
IDA-DI;05/02/2020;2423,37
IDA-DI;06/02/2020;2423,71
IDA-DI;07/02/2020;2423,97
IDA-DI;10/02/2020;2424,45
IDA-DI;11/02/2020;2424,96
IDA-DI;12/02/2020;2425,43
IDA-DI;13/02/2020;2425,76
IDA-DI;14/02/2020;2426,45
IDA-DI;17/02/2020;2426,76
IDA-DI;18/02/2020;2427,13
IDA-DI;19/02/2020;2427,48
IDA-DI;20/02/2020;2427,84
IDA-DI;21/02/2020;2428,2
IDA-DI;26/02/2020;2428,46
IDA-DI;27/02/2020;2429,09
IDA-DI;28/02/2020;2429,34
IDA-DI;02/03/2020;2430,01
IDA-DI;03/03/2020;2430,34
IDA-DI;04/03/2020;2430,66
IDA-DI;05/03/2020;2430,33
IDA-DI;06/03/2020;2430,55
IDA-DI;09/03/2020;2430,03
IDA-DI;10/03/2020;2430
IDA-DI;11/03/2020;2427,38
IDA-DI;12/03/2020;2424,01
IDA-DI;13/03/2020;2425,9
IDA-DI;16/03/2020;2425,69
IDA-DI;17/03/2020;2426,68
IDA-DI;18/03/2020;2419,76
IDA-DI;19/03/2020;2413,66
IDA-DI;20/03/2020;2403,61
IDA-DI;23/03/2020;2390,58
IDA-DI;24/03/2020;2374,49
IDA-DI;25/03/2020;2357,52
IDA-DI;26/03/2020;2343,57
IDA-DI;27/03/2020;2330
IDA-DI;30/03/2020;2320,96
IDA-DI;31/03/2020;2311,09
IDA-DI;01/04/2020;2302,6
IDA-DI;02/04/2020;2298,22
IDA-DI;03/04/2020;2290,6
IDA-DI;06/04/2020;2286,16
IDA-DI;07/04/2020;2280,73
IDA-DI;08/04/2020;2276,4
IDA-DI;09/04/2020;2272,83
IDA-DI;13/04/2020;2271,72
IDA-DI;14/04/2020;2272,61
IDA-DI;15/04/2020;2276,57
IDA-DI;16/04/2020;2283,63
IDA-DI;17/04/2020;2291,75
IDA-DI;20/04/2020;2300,86
IDA-DI;22/04/2020;2308,52
IDA-DI;23/04/2020;2312,28
IDA-DI;24/04/2020;2306,21
IDA-DI;27/04/2020;2307,53
IDA-DI;28/04/2020;2316,56
IDA-DI;29/04/2020;2319,77
IDA-DI;30/04/2020;2322,38
IDA-DI;04/05/2020;2323,05
IDA-DI;05/05/2020;2326,11
IDA-DI;06/05/2020;2328,21
IDA-DI;07/05/2020;2329,06
IDA-DI;08/05/2020;2331,75
IDA-DI;11/05/2020;2332,24
IDA-DI;12/05/2020;2330,44
IDA-DI;13/05/2020;2329,34
IDA-DI;14/05/2020;2329,34
IDA-DI;15/05/2020;2331,12
IDA-DI;18/05/2020;2332,39
IDA-DI;19/05/2020;2332,74
IDA-DI;20/05/2020;2332,94
IDA-DI;21/05/2020;2334,09
IDA-DI;22/05/2020;2333,98
IDA-DI;25/05/2020;2337,33
IDA-DI;26/05/2020;2337,89
IDA-DI;27/05/2020;2338,67
IDA-DI;28/05/2020;2339,32
IDA-DI;29/05/2020;2340,46
IDA-DI;01/06/2020;2341,55
IDA-DI;02/06/2020;2343,26
IDA-DI;03/06/2020;2344,17
IDA-DI;04/06/2020;2343,89
IDA-DI;05/06/2020;2343,23
IDA-DI;08/06/2020;2343,89
IDA-DI;09/06/2020;2344,6
IDA-DI;10/06/2020;2346,49
IDA-DI;12/06/2020;2347,3
IDA-DI;15/06/2020;2347,81
IDA-DI;16/06/2020;2348,11
IDA-DI;17/06/2020;2349,53
IDA-DI;18/06/2020;2348,87
IDA-DI;19/06/2020;2350,95
IDA-DI;22/06/2020;2351,24
IDA-DI;23/06/2020;2353,24
IDA-DI;24/06/2020;2353,24
IDA-DI;25/06/2020;2356,88
IDA-DI;26/06/2020;2358,99
IDA-DI;29/06/2020;2361,53
IDA-DI;30/06/2020;2364,24
IDA-DI;01/07/2020;2366,14
IDA-DI;02/07/2020;2367,19
IDA-DI;03/07/2020;2369,21
IDA-DI;06/07/2020;2370,53
IDA-DI;07/07/2020;2371,33
IDA-DI;08/07/2020;2372,25
IDA-DI;09/07/2020;2373,88
IDA-DI;10/07/2020;2376,01
IDA-DI;13/07/2020;2377,25
IDA-DI;14/07/2020;2378,73
IDA-DI;15/07/2020;2380,04
IDA-DI;16/07/2020;2381,25
IDA-DI;17/07/2020;2383,64
IDA-DI;20/07/2020;2384,76
IDA-DI;21/07/2020;2385,04
IDA-DI;22/07/2020;2385,92
IDA-DI;23/07/2020;2387,02
IDA-DI;24/07/2020;2389,72
IDA-DI;27/07/2020;2391,7
IDA-DI;28/07/2020;2392,8
IDA-DI;29/07/2020;2392,8
IDA-DI;30/07/2020;2397,15
IDA-DI;31/07/2020;2398,9
IDA-DI;03/08/2020;2400,09
IDA-DI;04/08/2020;2400,12
IDA-DI;05/08/2020;2400,27
IDA-DI;06/08/2020;2402,98
IDA-DI;07/08/2020;2403,64
IDA-DI;10/08/2020;2404,72
IDA-DI;11/08/2020;2405,49
IDA-DI;12/08/2020;2405,44
IDA-DI;13/08/2020;2405,67
IDA-DI;14/08/2020;2406,53
IDA-DI;17/08/2020;2407,07
IDA-DI;18/08/2020;2409,87
IDA-DI;19/08/2020;2410,21
IDA-DI;20/08/2020;2411,53
IDA-DI;21/08/2020;2413,06
IDA-DI;24/08/2020;2414,74
IDA-DI;25/08/2020;2415,84
IDA-DI;26/08/2020;2415,63
IDA-DI;27/08/2020;2416,75
IDA-DI;28/08/2020;2418,59
IDA-DI;31/08/2020;2419,4
IDA-DI;01/09/2020;2421,44
IDA-DI;02/09/2020;2422,02
IDA-DI;03/09/2020;2423,4
IDA-DI;04/09/2020;2424,7
IDA-DI;08/09/2020;2424,68
IDA-DI;09/09/2020;2425,93
IDA-DI;10/09/2020;2426,03
IDA-DI;11/09/2020;2427
IDA-DI;14/09/2020;2428,18
IDA-DI;15/09/2020;2428,19
IDA-DI;16/09/2020;2428,21
IDA-DI;17/09/2020;2429,44
IDA-DI;18/09/2020;2428,59
IDA-DI;21/09/2020;2428,69
IDA-DI;22/09/2020;2429,91
IDA-DI;23/09/2020;2429,86
IDA-DI;24/09/2020;2431,93
IDA-DI;25/09/2020;2432,47
IDA-DI;28/09/2020;2431,11
IDA-DI;29/09/2020;2430,91
IDA-DI;30/09/2020;2432,13
IDA-DI;01/10/2020;2432,06
IDA-DI;02/10/2020;2431,12
IDA-DI;05/10/2020;2433,03
IDA-DI;06/10/2020;2432,78
IDA-DI;07/10/2020;2433,44
IDA-DI;08/10/2020;2434,57
IDA-DI;09/10/2020;2434,88
IDA-DI;13/10/2020;2435,87
IDA-DI;14/10/2020;2436,43
IDA-DI;15/10/2020;2435,8
IDA-DI;16/10/2020;2435,76
IDA-DI;19/10/2020;2437,11
IDA-DI;20/10/2020;2438,24
IDA-DI;21/10/2020;2438,35
IDA-DI;22/10/2020;2438,42
IDA-DI;23/10/2020;2437,57
IDA-DI;26/10/2020;2438,15
IDA-DI;27/10/2020;2438,59
IDA-DI;28/10/2020;2438,62
IDA-DI;29/10/2020;2439,55
IDA-DI;30/10/2020;2439,7
IDA-DI;03/11/2020;2439,7
IDA-DI;04/11/2020;2440,72
IDA-DI;05/11/2020;2441,46
IDA-DI;06/11/2020;2442,49
IDA-DI;09/11/2020;2443,43
IDA-DI;10/11/2020;2443,67
IDA-DI;11/11/2020;2443,38
IDA-DI;12/11/2020;2443,86
IDA-DI;13/11/2020;2444,72
IDA-DI;16/11/2020;2445,72
IDA-DI;17/11/2020;2446,43
IDA-DI;18/11/2020;2446,47
IDA-DI;19/11/2020;2446,7
IDA-DI;20/11/2020;2446,4
IDA-DI;23/11/2020;2446,4
IDA-DI;24/11/2020;2447,39
IDA-DI;25/11/2020;2448,17
IDA-DI;26/11/2020;2443,75
IDA-DI;27/11/2020;2444,52
IDA-DI;30/11/2020;2449,69
IDA-DI;01/12/2020;2451,03
IDA-DI;02/12/2020;2452,28
IDA-DI;03/12/2020;2453,73
IDA-DI;04/12/2020;2453,91
IDA-DI;07/12/2020;2454,46
IDA-DI;08/12/2020;2454,82
IDA-DI;09/12/2020;2454,98
IDA-DI;10/12/2020;2455,58
IDA-DI;11/12/2020;2456,28
IDA-DI;14/12/2020;2456,67
IDA-DI;15/12/2020;2457,16
IDA-DI;16/12/2020;2456,92
IDA-DI;17/12/2020;2456,94
IDA-DI;18/12/2020;2457,29
IDA-DI;21/12/2020;2457,74
IDA-DI;22/12/2020;2458,57
IDA-DI;23/12/2020;2459,47
IDA-DI;24/12/2020;2459,81
IDA-DI;28/12/2020;2459,71
IDA-DI;29/12/2020;2460,57
IDA-DI;30/12/2020;2461,09
IDA-DI;31/12/2020;2461,43
IDA-DI;04/01/2021;2461,85
IDA-DI;05/01/2021;2461,67
IDA-DI;06/01/2021;2461,64
IDA-DI;07/01/2021;2461,21
IDA-DI;08/01/2021;2461,61
IDA-DI;11/01/2021;2461,28
IDA-DI;12/01/2021;2462,64
IDA-DI;13/01/2021;2462,24
IDA-DI;14/01/2021;2463,35
IDA-DI;15/01/2021;2463,93
IDA-DI;18/01/2021;2464,88
IDA-DI;19/01/2021;2465,56
IDA-DI;20/01/2021;2466,11
IDA-DI;21/01/2021;2466,15
IDA-DI;22/01/2021;2466,15
IDA-DI;25/01/2021;2466,5
IDA-DI;26/01/2021;2467,69
IDA-DI;27/01/2021;2468,31
IDA-DI;28/01/2021;2469,45
IDA-DI;29/01/2021;2470,62
IDA-DI;01/02/2021;2471,43
IDA-DI;02/02/2021;2472,43
IDA-DI;03/02/2021;2473,17
IDA-DI;04/02/2021;2473,7
IDA-DI;05/02/2021;2474,22
IDA-DI;08/02/2021;2475,15
IDA-DI;09/02/2021;2475,71
IDA-DI;10/02/2021;2477,13
IDA-DI;11/02/2021;2478,37
IDA-DI;12/02/2021;2479,3
IDA-DI;17/02/2021;2479,38
IDA-DI;18/02/2021;2480,33
IDA-DI;19/02/2021;2480,6
IDA-DI;22/02/2021;2481,01
IDA-DI;23/02/2021;2482,06
IDA-DI;24/02/2021;2482,26
IDA-DI;25/02/2021;2482,32
IDA-DI;26/02/2021;2483,21
IDA-DI;01/03/2021;2483,71
IDA-DI;02/03/2021;2484,3
IDA-DI;03/03/2021;2484,98
IDA-DI;04/03/2021;2487,74
IDA-DI;05/03/2021;2489,06
IDA-DI;08/03/2021;2488,21
IDA-DI;09/03/2021;2487,93
IDA-DI;10/03/2021;2488,02
IDA-DI;11/03/2021;2488,18
IDA-DI;12/03/2021;2488,29
IDA-DI;15/03/2021;2488,6
IDA-DI;16/03/2021;2489,45
IDA-DI;17/03/2021;2490,05
IDA-DI;18/03/2021;2490,66
IDA-DI;19/03/2021;2491,56
IDA-DI;22/03/2021;2492,46
IDA-DI;23/03/2021;2493,09
IDA-DI;24/03/2021;2493,49
IDA-DI;25/03/2021;2494,8
IDA-DI;26/03/2021;2495,48
IDA-DI;29/03/2021;2496,01
IDA-DI;30/03/2021;2497,69
IDA-DI;31/03/2021;2498,87
IDA-DI;01/04/2021;2499,31
IDA-DI;05/04/2021;2499,92
IDA-DI;06/04/2021;2500,36
IDA-DI;07/04/2021;2500,55
IDA-DI;08/04/2021;2501,82
IDA-DI;09/04/2021;2502,18
IDA-DI;12/04/2021;2503,15
IDA-DI;13/04/2021;2503,43
IDA-DI;14/04/2021;2504,37
IDA-DI;15/04/2021;2505,19
IDA-DI;16/04/2021;2505,99
IDA-DI;19/04/2021;2506,81
IDA-DI;20/04/2021;2507,3
IDA-DI;22/04/2021;2508,71
IDA-DI;23/04/2021;2509,57
IDA-DI;26/04/2021;2510,44
IDA-DI;27/04/2021;2511,18
IDA-DI;28/04/2021;2511,87
IDA-DI;29/04/2021;2512,43
IDA-DI;30/04/2021;2512,79
IDA-DI;03/05/2021;2512,94
IDA-DI;04/05/2021;2513,09
IDA-DI;05/05/2021;2513,81
IDA-DI;06/05/2021;2514,3
IDA-DI;07/05/2021;2514,73
IDA-DI;10/05/2021;2515,73
IDA-DI;11/05/2021;2516,51
IDA-DI;12/05/2021;2516,66
IDA-DI;13/05/2021;2517,28
IDA-DI;14/05/2021;2517,6
IDA-DI;17/05/2021;2518,22
IDA-DI;18/05/2021;2518,7
IDA-DI;19/05/2021;2519,21
IDA-DI;20/05/2021;2520,05
IDA-DI;21/05/2021;2520,63
IDA-DI;24/05/2021;2520,95
IDA-DI;25/05/2021;2521,64
IDA-DI;26/05/2021;2522,39
IDA-DI;27/05/2021;2523,04
IDA-DI;28/05/2021;2523,63
IDA-DI;31/05/2021;2523,89
IDA-DI;01/06/2021;2524,29
IDA-DI;02/06/2021;2525,14
IDA-DI;04/06/2021;2525,84
IDA-DI;07/06/2021;2526,19
IDA-DI;08/06/2021;2526,83
IDA-DI;09/06/2021;2527,18
IDA-DI;10/06/2021;2527,69
IDA-DI;11/06/2021;2528,05
IDA-DI;14/06/2021;2528,81
IDA-DI;15/06/2021;2529,67
IDA-DI;16/06/2021;2530,59
IDA-DI;17/06/2021;2531
IDA-DI;18/06/2021;2531,32
IDA-DI;21/06/2021;2532,24
IDA-DI;22/06/2021;2532,67
IDA-DI;23/06/2021;2533,41
IDA-DI;24/06/2021;2534,28
IDA-DI;25/06/2021;2535,05
IDA-DI;28/06/2021;2536,15
IDA-DI;29/06/2021;2537,05
IDA-DI;30/06/2021;2537,67
IDA-DI;01/07/2021;2538,21
IDA-DI;02/07/2021;2538,87
IDA-DI;05/07/2021;2539,43
IDA-DI;06/07/2021;2539,99
IDA-DI;07/07/2021;2540,92
IDA-DI;08/07/2021;2541,71
IDA-DI;09/07/2021;2542,27
IDA-DI;12/07/2021;2543,07
IDA-DI;13/07/2021;2543,71
IDA-DI;14/07/2021;2544,8
IDA-DI;15/07/2021;2545,68
IDA-DI;16/07/2021;2546,57
IDA-DI;19/07/2021;2547,32
IDA-DI;20/07/2021;2548,15
IDA-DI;21/07/2021;2549,02
IDA-DI;22/07/2021;2549,71
IDA-DI;23/07/2021;2550,18
IDA-DI;26/07/2021;2550,98
IDA-DI;27/07/2021;2551,61
IDA-DI;28/07/2021;2552,44
IDA-DI;29/07/2021;2553,31
IDA-DI;30/07/2021;2554,35
IDA-DI;02/08/2021;2555,06
IDA-DI;03/08/2021;2555,79
IDA-DI;04/08/2021;2556,53
IDA-DI;05/08/2021;2556,96
IDA-DI;06/08/2021;2557,84
IDA-DI;09/08/2021;2558,6
IDA-DI;10/08/2021;2559,68
IDA-DI;11/08/2021;2560,71
IDA-DI;12/08/2021;2561,58
IDA-DI;13/08/2021;2562,36
IDA-DI;16/08/2021;2563,35
IDA-DI;17/08/2021;2564,31
IDA-DI;18/08/2021;2565
IDA-DI;19/08/2021;2565,86
IDA-DI;20/08/2021;2566,75
IDA-DI;23/08/2021;2567,37
IDA-DI;24/08/2021;2568,39
IDA-DI;25/08/2021;2569,36
IDA-DI;26/08/2021;2570,07
IDA-DI;27/08/2021;2571,02
IDA-DI;30/08/2021;2571,93
IDA-DI;31/08/2021;2572,95
IDA-DI;01/09/2021;2573,9
IDA-DI;02/09/2021;2574,8
IDA-DI;03/09/2021;2575,58
IDA-DI;06/09/2021;2576,41
IDA-DI;08/09/2021;2577,06
IDA-DI;09/09/2021;2577,63
IDA-DI;10/09/2021;2578,56
IDA-DI;13/09/2021;2579,6
IDA-DI;14/09/2021;2580,58
IDA-DI;15/09/2021;2581,36
IDA-DI;16/09/2021;2582,17
IDA-DI;17/09/2021;2583,02
IDA-DI;20/09/2021;2583,98
IDA-DI;21/09/2021;2585,13
IDA-DI;22/09/2021;2586,06
IDA-DI;23/09/2021;2586,83
IDA-DI;24/09/2021;2587,86
IDA-DI;27/09/2021;2588,71
IDA-DI;28/09/2021;2589,76
IDA-DI;29/09/2021;2590,75
IDA-DI;30/09/2021;2591,7
IDA-DI;01/10/2021;2592,76
IDA-DI;04/10/2021;2593,69
IDA-DI;05/10/2021;2594,68
IDA-DI;06/10/2021;2595,81
IDA-DI;07/10/2021;2597,01
IDA-DI;08/10/2021;2598,1
IDA-DI;11/10/2021;2598,9
IDA-DI;13/10/2021;2599,86
IDA-DI;14/10/2021;2600,87
IDA-DI;15/10/2021;2601,89
IDA-DI;18/10/2021;2602,82
IDA-DI;19/10/2021;2603,54
IDA-DI;20/10/2021;2604,51
IDA-DI;21/10/2021;2605,34
IDA-DI;22/10/2021;2606,15
IDA-DI;25/10/2021;2606,85
IDA-DI;26/10/2021;2607,43
IDA-DI;27/10/2021;2608,2
IDA-DI;28/10/2021;2608,48
IDA-DI;29/10/2021;2609,41
IDA-DI;01/11/2021;2610,21
IDA-DI;03/11/2021;2611,17
IDA-DI;04/11/2021;2611,8
IDA-DI;05/11/2021;2612,62
IDA-DI;08/11/2021;2613,43
IDA-DI;09/11/2021;2614,37
IDA-DI;10/11/2021;2615,27
IDA-DI;11/11/2021;2616,37
IDA-DI;12/11/2021;2617,37
IDA-DI;16/11/2021;2618,2
IDA-DI;17/11/2021;2619,03
IDA-DI;18/11/2021;2619,91
IDA-DI;19/11/2021;2620,6
IDA-DI;22/11/2021;2621,21
IDA-DI;23/11/2021;2621,92
IDA-DI;24/11/2021;2622,71
IDA-DI;25/11/2021;2623,54
IDA-DI;26/11/2021;2624,24
IDA-DI;29/11/2021;2625,37
IDA-DI;30/11/2021;2626,28
IDA-DI;01/12/2021;2627,14
IDA-DI;02/12/2021;2628,14
IDA-DI;03/12/2021;2629,13
IDA-DI;06/12/2021;2630,08
IDA-DI;07/12/2021;2631,02
IDA-DI;08/12/2021;2631,92
IDA-DI;09/12/2021;2632,65
IDA-DI;10/12/2021;2633,65
IDA-DI;13/12/2021;2634,44
IDA-DI;14/12/2021;2635,34
IDA-DI;15/12/2021;2636,41
IDA-DI;16/12/2021;2637,31
IDA-DI;17/12/2021;2638,1
IDA-DI;20/12/2021;2639,19
IDA-DI;21/12/2021;2640,19
IDA-DI;22/12/2021;2641,13
IDA-DI;23/12/2021;2641,93
IDA-DI;24/12/2021;2643
IDA-DI;27/12/2021;2643,89
IDA-DI;28/12/2021;2644,88
IDA-DI;29/12/2021;2645,92
IDA-DI;30/12/2021;2646,97
IDA-DI;31/12/2021;2648,04
IDA-DI;03/01/2022;2649,12
IDA-DI;04/01/2022;2650,06
IDA-DI;05/01/2022;2651,17
IDA-DI;06/01/2022;2652,43
IDA-DI;07/01/2022;2653,7
IDA-DI;10/01/2022;2654,91
IDA-DI;11/01/2022;2656,11
IDA-DI;12/01/2022;2657,32
IDA-DI;13/01/2022;2658,41
IDA-DI;14/01/2022;2659,45
IDA-DI;17/01/2022;2660,48
IDA-DI;18/01/2022;2661,46
IDA-DI;19/01/2022;2662,45
IDA-DI;20/01/2022;2663,46
IDA-DI;21/01/2022;2664,43
IDA-DI;24/01/2022;2665,56
IDA-DI;25/01/2022;2666,68
IDA-DI;26/01/2022;2667,78
IDA-DI;27/01/2022;2668,77
IDA-DI;28/01/2022;2669,8
IDA-DI;31/01/2022;2670,81
IDA-DI;01/02/2022;2671,87
IDA-DI;02/02/2022;2672,97
IDA-DI;03/02/2022;2674,05
IDA-DI;04/02/2022;2675,27
IDA-DI;07/02/2022;2676,61
IDA-DI;08/02/2022;2677,89
IDA-DI;09/02/2022;2679,28
IDA-DI;10/02/2022;2680,61
IDA-DI;11/02/2022;2681,89
IDA-DI;14/02/2022;2683,27
IDA-DI;15/02/2022;2684,7
IDA-DI;16/02/2022;2686,11
IDA-DI;17/02/2022;2687,46
IDA-DI;18/02/2022;2688,99
IDA-DI;21/02/2022;2690,15
IDA-DI;22/02/2022;2691,58
IDA-DI;23/02/2022;2693,05
IDA-DI;24/02/2022;2694,48
IDA-DI;25/02/2022;2695,86
IDA-DI;02/03/2022;2697,09
IDA-DI;03/03/2022;2698,31
IDA-DI;04/03/2022;2699,71
IDA-DI;07/03/2022;2701,06
IDA-DI;08/03/2022;2702,33
IDA-DI;09/03/2022;2703,57
IDA-DI;10/03/2022;2704,88
IDA-DI;11/03/2022;2706,15
IDA-DI;14/03/2022;2707,42
IDA-DI;15/03/2022;2708,76
IDA-DI;16/03/2022;2710,15
IDA-DI;17/03/2022;2711,56
IDA-DI;18/03/2022;2713,07
IDA-DI;21/03/2022;2714,36
IDA-DI;22/03/2022;2715,84
IDA-DI;23/03/2022;2717,28
IDA-DI;24/03/2022;2718,85
IDA-DI;25/03/2022;2720,37
IDA-DI;28/03/2022;2721,77
IDA-DI;29/03/2022;2723,11
IDA-DI;30/03/2022;2724,54
IDA-DI;31/03/2022;2726,06
IDA-DI;01/04/2022;2727,63
IDA-DI;04/04/2022;2729,07
IDA-DI;05/04/2022;2730,51
IDA-DI;06/04/2022;2731,79
IDA-DI;07/04/2022;2733,17
IDA-DI;08/04/2022;2734,46
IDA-DI;11/04/2022;2735,95
IDA-DI;12/04/2022;2737,4
IDA-DI;13/04/2022;2738,85
IDA-DI;14/04/2022;2740,19
IDA-DI;18/04/2022;2741,75
IDA-DI;19/04/2022;2743,21
IDA-DI;20/04/2022;2744,81
IDA-DI;22/04/2022;2746,26
IDA-DI;25/04/2022;2748,26
IDA-DI;26/04/2022;2749,68
IDA-DI;27/04/2022;2751,08
IDA-DI;28/04/2022;2752,46
IDA-DI;29/04/2022;2753,95
IDA-DI;02/05/2022;2755,41
IDA-DI;03/05/2022;2756,92
IDA-DI;04/05/2022;2758,4
IDA-DI;05/05/2022;2759,85
IDA-DI;06/05/2022;2761,38
IDA-DI;09/05/2022;2763,02
IDA-DI;10/05/2022;2764,81
IDA-DI;11/05/2022;2766,4
IDA-DI;12/05/2022;2767,99
IDA-DI;13/05/2022;2769,65
IDA-DI;16/05/2022;2771,07
IDA-DI;17/05/2022;2772,65
IDA-DI;18/05/2022;2774,11
IDA-DI;19/05/2022;2775,67
IDA-DI;20/05/2022;2777,22
IDA-DI;23/05/2022;2778,79
IDA-DI;24/05/2022;2768,78
IDA-DI;25/05/2022;2770,35
IDA-DI;26/05/2022;2771,97
IDA-DI;27/05/2022;2773,46
IDA-DI;30/05/2022;2786,45
IDA-DI;31/05/2022;2787,88
IDA-DI;01/06/2022;2789,24
IDA-DI;02/06/2022;2790,67
IDA-DI;03/06/2022;2792,22
IDA-DI;06/06/2022;2793,8
IDA-DI;07/06/2022;2795,25
IDA-DI;08/06/2022;2796,76
IDA-DI;09/06/2022;2798,27
IDA-DI;10/06/2022;2799,87
IDA-DI;13/06/2022;2801,53
IDA-DI;14/06/2022;2802,87
IDA-DI;15/06/2022;2804,27
IDA-DI;17/06/2022;2805,76
IDA-DI;20/06/2022;2807,32
IDA-DI;21/06/2022;2808,91
IDA-DI;22/06/2022;2810,53
IDA-DI;23/06/2022;2812,18
IDA-DI;24/06/2022;2813,73
IDA-DI;27/06/2022;2815,53
IDA-DI;28/06/2022;2817,03
IDA-DI;29/06/2022;2818,5
IDA-DI;30/06/2022;2820
IDA-DI;01/07/2022;2821,4
IDA-DI;04/07/2022;2822,84
IDA-DI;05/07/2022;2824,39
IDA-DI;06/07/2022;2825,92
IDA-DI;07/07/2022;2827,5
IDA-DI;08/07/2022;2829,01
IDA-DI;11/07/2022;2830,54
IDA-DI;12/07/2022;2831,96
IDA-DI;13/07/2022;2833,51
IDA-DI;14/07/2022;2835,16
IDA-DI;15/07/2022;2836,8
IDA-DI;18/07/2022;2838,34
IDA-DI;19/07/2022;2839,82
IDA-DI;20/07/2022;2841,24
IDA-DI;21/07/2022;2842,73
IDA-DI;22/07/2022;2844,33
IDA-DI;25/07/2022;2845,85
IDA-DI;26/07/2022;2847,36
IDA-DI;27/07/2022;2848,8
IDA-DI;28/07/2022;2850,39
IDA-DI;29/07/2022;2851,96
IDA-DI;01/08/2022;2853,56
IDA-DI;02/08/2022;2855,01
IDA-DI;03/08/2022;2856,76
IDA-DI;04/08/2022;2858,48
IDA-DI;05/08/2022;2860,22
IDA-DI;08/08/2022;2861,91
IDA-DI;09/08/2022;2863,55
IDA-DI;10/08/2022;2865,03
IDA-DI;11/08/2022;2866,65
IDA-DI;12/08/2022;2868,22
IDA-DI;15/08/2022;2869,78
IDA-DI;16/08/2022;2871,32
IDA-DI;17/08/2022;2872,93
IDA-DI;18/08/2022;2874,59
IDA-DI;19/08/2022;2876,19
IDA-DI;22/08/2022;2877,97
IDA-DI;23/08/2022;2879,66
IDA-DI;24/08/2022;2881,4
IDA-DI;25/08/2022;2883,04
IDA-DI;26/08/2022;2884,83
IDA-DI;29/08/2022;2886,42
IDA-DI;30/08/2022;2888,14
IDA-DI;31/08/2022;2889,86
IDA-DI;01/09/2022;2891,63
IDA-DI;02/09/2022;2893,36
IDA-DI;05/09/2022;2895,27
IDA-DI;06/09/2022;2897,09
IDA-DI;08/09/2022;2898,9
IDA-DI;09/09/2022;2900,69
IDA-DI;12/09/2022;2902,4
IDA-DI;13/09/2022;2904,15
IDA-DI;14/09/2022;2905,96
IDA-DI;15/09/2022;2907,72
IDA-DI;16/09/2022;2909,39
IDA-DI;19/09/2022;2911,14
IDA-DI;20/09/2022;2912,96
IDA-DI;21/09/2022;2914,93
IDA-DI;22/09/2022;2916,74
IDA-DI;23/09/2022;2918,47
IDA-DI;26/09/2022;2920,13
IDA-DI;27/09/2022;2922
IDA-DI;28/09/2022;2923,98
IDA-DI;29/09/2022;2925,7
IDA-DI;30/09/2022;2927,46
IDA-DI;03/10/2022;2929,28
IDA-DI;04/10/2022;2931,03
IDA-DI;05/10/2022;2932,95
IDA-DI;06/10/2022;2934,75
IDA-DI;07/10/2022;2936,49
IDA-DI;10/10/2022;2938,2
IDA-DI;11/10/2022;2939,65
IDA-DI;13/10/2022;2941,31
IDA-DI;14/10/2022;2943,08
IDA-DI;17/10/2022;2945,03
IDA-DI;18/10/2022;2946,9
IDA-DI;19/10/2022;2948,72
IDA-DI;20/10/2022;2950,43
IDA-DI;21/10/2022;2952,16
IDA-DI;24/10/2022;2953,87
IDA-DI;25/10/2022;2955,54
IDA-DI;26/10/2022;2957,27
IDA-DI;27/10/2022;2959,02
IDA-DI;28/10/2022;2960,87
IDA-DI;31/10/2022;2962,58
IDA-DI;01/11/2022;2964,32
IDA-DI;03/11/2022;2966,07
IDA-DI;04/11/2022;2967,88
IDA-DI;07/11/2022;2969,55
IDA-DI;08/11/2022;2971,33
IDA-DI;09/11/2022;2973,01
IDA-DI;10/11/2022;2974,23
IDA-DI;11/11/2022;2975,71
IDA-DI;14/11/2022;2977,41
IDA-DI;16/11/2022;2979
IDA-DI;17/11/2022;2980,8
IDA-DI;18/11/2022;2982,53
IDA-DI;21/11/2022;2984,34
IDA-DI;22/11/2022;2985,87
IDA-DI;23/11/2022;2987,55
IDA-DI;24/11/2022;2989,27
IDA-DI;25/11/2022;2991,12
IDA-DI;28/11/2022;2992,72
IDA-DI;29/11/2022;2994,48
IDA-DI;30/11/2022;2996,28
IDA-DI;01/12/2022;2997,86
IDA-DI;02/12/2022;2999,66
IDA-DI;05/12/2022;3001,33
IDA-DI;06/12/2022;3003,01
IDA-DI;07/12/2022;3004,75
IDA-DI;08/12/2022;3006,5
IDA-DI;09/12/2022;3008,23
IDA-DI;12/12/2022;3009,82
IDA-DI;13/12/2022;3011,46
IDA-DI;14/12/2022;3013,16
IDA-DI;15/12/2022;3014,83
IDA-DI;16/12/2022;3016,36
IDA-DI;19/12/2022;3017,93
IDA-DI;20/12/2022;3019,65
IDA-DI;21/12/2022;3021,53
IDA-DI;22/12/2022;3023,28
IDA-DI;23/12/2022;3025
IDA-DI;26/12/2022;3026,58
IDA-DI;27/12/2022;3028,34
IDA-DI;28/12/2022;3030,14
IDA-DI;29/12/2022;3031,93
IDA-DI;30/12/2022;3033,67
IDA-DI;02/01/2023;3035,3
IDA-DI;03/01/2023;3037,24
IDA-DI;04/01/2023;3039,06
IDA-DI;05/01/2023;3040,75
IDA-DI;06/01/2023;3042,6
IDA-DI;09/01/2023;3044,44
IDA-DI;10/01/2023;3046,36
IDA-DI;11/01/2023;3048,18
IDA-DI;12/01/2023;3027,33
IDA-DI;13/01/2023;3028,36
IDA-DI;16/01/2023;3022,99
IDA-DI;17/01/2023;3016,54
IDA-DI;18/01/2023;3015,68
IDA-DI;19/01/2023;3014,62
IDA-DI;20/01/2023;3015,86
IDA-DI;23/01/2023;3017,03
IDA-DI;24/01/2023;3018,5
IDA-DI;25/01/2023;3019,96
IDA-DI;26/01/2023;3021,75
IDA-DI;27/01/2023;3023,28
IDA-DI;30/01/2023;3024,97
IDA-DI;31/01/2023;3026,4
IDA-DI;01/02/2023;3027,53
IDA-DI;02/02/2023;3022,07
IDA-DI;03/02/2023;3019,08
IDA-DI;06/02/2023;3019,56
IDA-DI;07/02/2023;3019,31
IDA-DI;08/02/2023;3019,56
IDA-DI;09/02/2023;3019,08
IDA-DI;10/02/2023;3018,46
IDA-DI;13/02/2023;3015,62
IDA-DI;14/02/2023;3013,13
IDA-DI;15/02/2023;3011,3
IDA-DI;16/02/2023;3011,69
IDA-DI;17/02/2023;3013,21
IDA-DI;22/02/2023;3014,49
IDA-DI;23/02/2023;3015,65
IDA-DI;24/02/2023;3016,49
IDA-DI;27/02/2023;3016,61
IDA-DI;28/02/2023;3017,17
IDA-DI;01/03/2023;3018,49
IDA-DI;02/03/2023;3019,24
IDA-DI;03/03/2023;3018,69
IDA-DI;06/03/2023;3017,82
IDA-DI;07/03/2023;3018,07
IDA-DI;08/03/2023;3018,74
IDA-DI;09/03/2023;3020,62
IDA-DI;10/03/2023;3021,67
IDA-DI;13/03/2023;3022,56
IDA-DI;14/03/2023;3024,27
IDA-DI;15/03/2023;3025,75
IDA-DI;16/03/2023;3027,2
IDA-DI;17/03/2023;3028,19
IDA-DI;20/03/2023;3028,64
IDA-DI;21/03/2023;3029,35
IDA-DI;22/03/2023;3029,55
IDA-DI;23/03/2023;3030,23
IDA-DI;24/03/2023;3030,67
IDA-DI;27/03/2023;3030,61
IDA-DI;28/03/2023;3032,72
IDA-DI;29/03/2023;3035,31
IDA-DI;30/03/2023;3037,82
IDA-DI;31/03/2023;3040,13
IDA-DI;03/04/2023;3042,49
IDA-DI;04/04/2023;3044,83
IDA-DI;05/04/2023;3046,87
IDA-DI;06/04/2023;3048,62
IDA-DI;10/04/2023;3049,97
IDA-DI;11/04/2023;3051,35
IDA-DI;12/04/2023;3052,83
IDA-DI;13/04/2023;3053,84
IDA-DI;14/04/2023;3054,74
IDA-DI;17/04/2023;3055,58
IDA-DI;18/04/2023;3056,68
IDA-DI;19/04/2023;3057,93
IDA-DI;20/04/2023;3058,77
IDA-DI;24/04/2023;3059,81
IDA-DI;25/04/2023;3061,02
IDA-DI;26/04/2023;3062,27
IDA-DI;27/04/2023;3063,51
IDA-DI;28/04/2023;3065
IDA-DI;02/05/2023;3066,33
IDA-DI;03/05/2023;3067,7
IDA-DI;04/05/2023;3069,03
IDA-DI;05/05/2023;3070,64
IDA-DI;08/05/2023;3071,85
IDA-DI;09/05/2023;3073,17
IDA-DI;10/05/2023;3074,52
IDA-DI;11/05/2023;3076,07
IDA-DI;12/05/2023;3077,88
IDA-DI;15/05/2023;3080,13
IDA-DI;16/05/2023;3082,33
IDA-DI;17/05/2023;3084,75
IDA-DI;18/05/2023;3087,17
IDA-DI;19/05/2023;3090,38
IDA-DI;22/05/2023;3093,65
IDA-DI;23/05/2023;3096,48
IDA-DI;24/05/2023;3099,6
IDA-DI;25/05/2023;3101,05
IDA-DI;26/05/2023;3103,71
IDA-DI;29/05/2023;3106,38
IDA-DI;30/05/2023;3109,43
IDA-DI;31/05/2023;3112,05
IDA-DI;01/06/2023;3114,57
IDA-DI;02/06/2023;3116,74
IDA-DI;05/06/2023;3119,07
IDA-DI;06/06/2023;3121,45
IDA-DI;07/06/2023;3123,33
IDA-DI;09/06/2023;3125,29
IDA-DI;12/06/2023;3127,51
IDA-DI;13/06/2023;3129,59
IDA-DI;14/06/2023;3131,68
IDA-DI;15/06/2023;3133,43
IDA-DI;16/06/2023;3135,52
IDA-DI;19/06/2023;3137,48
IDA-DI;20/06/2023;3139,45
IDA-DI;21/06/2023;3141,58
IDA-DI;22/06/2023;3143,53
IDA-DI;23/06/2023;3145,25
IDA-DI;26/06/2023;3146,36
IDA-DI;27/06/2023;3148,85
IDA-DI;28/06/2023;3150,75
IDA-DI;29/06/2023;3152,53
IDA-DI;30/06/2023;3153,91
IDA-DI;03/07/2023;3155,13
IDA-DI;04/07/2023;3156,71
IDA-DI;05/07/2023;3158,19
IDA-DI;06/07/2023;3159,54
IDA-DI;07/07/2023;3160,42
IDA-DI;10/07/2023;3162,06
IDA-DI;11/07/2023;3164,09
IDA-DI;12/07/2023;3166,61
IDA-DI;13/07/2023;3169,12
IDA-DI;14/07/2023;3171,58
IDA-DI;17/07/2023;3174,09
IDA-DI;18/07/2023;3176,69
IDA-DI;19/07/2023;3179,32
IDA-DI;20/07/2023;3181,67
IDA-DI;21/07/2023;3183,91
IDA-DI;24/07/2023;3186,39
IDA-DI;25/07/2023;3188,65
IDA-DI;26/07/2023;3191,53
IDA-DI;27/07/2023;3194,04
IDA-DI;28/07/2023;3196,72
IDA-DI;31/07/2023;3199,18
IDA-DI;01/08/2023;3201,49
IDA-DI;02/08/2023;3204,36
IDA-DI;03/08/2023;3206,98
IDA-DI;04/08/2023;3209,81
IDA-DI;07/08/2023;3212,69
IDA-DI;08/08/2023;3215,44
IDA-DI;09/08/2023;3218,13
IDA-DI;10/08/2023;3221,27
IDA-DI;11/08/2023;3224,01
IDA-DI;14/08/2023;3226,37
IDA-DI;15/08/2023;3228,7
IDA-DI;16/08/2023;3232,17
IDA-DI;17/08/2023;3235,21
IDA-DI;18/08/2023;3238,08
IDA-DI;21/08/2023;3240,64
IDA-DI;22/08/2023;3242,32
IDA-DI;23/08/2023;3244,9
IDA-DI;24/08/2023;3248,08
IDA-DI;25/08/2023;3251,05
IDA-DI;28/08/2023;3253,47
IDA-DI;29/08/2023;3255,76
IDA-DI;30/08/2023;3257,75
IDA-DI;31/08/2023;3259,83
IDA-DI;01/09/2023;3261,52
IDA-DI;04/09/2023;3263,67
IDA-DI;05/09/2023;3265,94
IDA-DI;06/09/2023;3268
IDA-DI;08/09/2023;3270,77
IDA-DI;11/09/2023;3272,41
IDA-DI;12/09/2023;3274,87
IDA-DI;13/09/2023;3276,11
IDA-DI;14/09/2023;3278,72
IDA-DI;15/09/2023;3280,93
IDA-DI;18/09/2023;3283,14
IDA-DI;19/09/2023;3285,96
IDA-DI;20/09/2023;3288,19
IDA-DI;21/09/2023;3290,76
IDA-DI;22/09/2023;3292,68
IDA-DI;25/09/2023;3295,26
IDA-DI;26/09/2023;3297,04
IDA-DI;27/09/2023;3299,35
IDA-DI;28/09/2023;3301,53
IDA-DI;29/09/2023;3303,32
IDA-DI;02/10/2023;3304,69
IDA-DI;03/10/2023;3306,75
IDA-DI;04/10/2023;3308,2
IDA-DI;05/10/2023;3309,79
IDA-DI;06/10/2023;3311,03
IDA-DI;09/10/2023;3312,13
IDA-DI;10/10/2023;3313,71
IDA-DI;11/10/2023;3315,91
IDA-DI;13/10/2023;3318,43
IDA-DI;16/10/2023;3320,38
IDA-DI;17/10/2023;3322,91
IDA-DI;18/10/2023;3324,5
IDA-DI;19/10/2023;3326,83
IDA-DI;20/10/2023;3329,91
IDA-DI;23/10/2023;3332,37
IDA-DI;24/10/2023;3334,8
IDA-DI;25/10/2023;3336,82
IDA-DI;26/10/2023;3338,79
IDA-DI;27/10/2023;3340,27
IDA-DI;30/10/2023;3342,46
IDA-DI;31/10/2023;3344,8
IDA-DI;01/11/2023;3347,03
IDA-DI;03/11/2023;3348,6
IDA-DI;06/11/2023;3350,62
IDA-DI;07/11/2023;3353,2
IDA-DI;08/11/2023;3355,08
IDA-DI;09/11/2023;3357,88
IDA-DI;10/11/2023;3360,3
IDA-DI;13/11/2023;3362,25
IDA-DI;14/11/2023;3364,43
IDA-DI;16/11/2023;3366,89
IDA-DI;17/11/2023;3367,75
IDA-DI;20/11/2023;3370,01
IDA-DI;21/11/2023;3372,02
IDA-DI;22/11/2023;3373,76
IDA-DI;23/11/2023;3375,66
IDA-DI;24/11/2023;3377,85
IDA-DI;27/11/2023;3379,93
IDA-DI;28/11/2023;3381,97
IDA-DI;29/11/2023;3383,9
IDA-DI;30/11/2023;3386,07
IDA-DI;01/12/2023;3387,57
IDA-DI;04/12/2023;3388,33
IDA-DI;05/12/2023;3389,66
IDA-DI;06/12/2023;3391,41
IDA-DI;07/12/2023;3393,04
IDA-DI;08/12/2023;3394,96
IDA-DI;11/12/2023;3397,15
IDA-DI;12/12/2023;3399,15
IDA-DI;13/12/2023;3401,19
IDA-DI;14/12/2023;3402,86
IDA-DI;15/12/2023;3403,02
IDA-DI;18/12/2023;3405,72
IDA-DI;19/12/2023;3407,51
IDA-DI;20/12/2023;3409,16
Idex-CDI Geral JGP;31/07/2017;1
Idex-CDI Geral JGP;01/08/2017;1
Idex-CDI Geral JGP;02/08/2017;1
Idex-CDI Geral JGP;03/08/2017;1
Idex-CDI Geral JGP;04/08/2017;1
Idex-CDI Geral JGP;07/08/2017;1
Idex-CDI Geral JGP;08/08/2017;1
Idex-CDI Geral JGP;09/08/2017;1
Idex-CDI Geral JGP;10/08/2017;1
Idex-CDI Geral JGP;11/08/2017;1
Idex-CDI Geral JGP;14/08/2017;1
Idex-CDI Geral JGP;15/08/2017;1
Idex-CDI Geral JGP;16/08/2017;1
Idex-CDI Geral JGP;17/08/2017;1
Idex-CDI Geral JGP;18/08/2017;1,01
Idex-CDI Geral JGP;21/08/2017;1,01
Idex-CDI Geral JGP;22/08/2017;1,01
Idex-CDI Geral JGP;23/08/2017;1,01
Idex-CDI Geral JGP;24/08/2017;1,01
Idex-CDI Geral JGP;25/08/2017;1,01
Idex-CDI Geral JGP;28/08/2017;1,01
Idex-CDI Geral JGP;29/08/2017;1,01
Idex-CDI Geral JGP;30/08/2017;1,01
Idex-CDI Geral JGP;31/08/2017;1,01
Idex-CDI Geral JGP;01/09/2017;1,01
Idex-CDI Geral JGP;04/09/2017;1,01
Idex-CDI Geral JGP;05/09/2017;1,01
Idex-CDI Geral JGP;06/09/2017;1,01
Idex-CDI Geral JGP;08/09/2017;1,01
Idex-CDI Geral JGP;11/09/2017;1,01
Idex-CDI Geral JGP;12/09/2017;1,01
Idex-CDI Geral JGP;13/09/2017;1,01
Idex-CDI Geral JGP;14/09/2017;1,01
Idex-CDI Geral JGP;15/09/2017;1,01
Idex-CDI Geral JGP;18/09/2017;1,01
Idex-CDI Geral JGP;19/09/2017;1,01
Idex-CDI Geral JGP;20/09/2017;1,01
Idex-CDI Geral JGP;21/09/2017;1,01
Idex-CDI Geral JGP;22/09/2017;1,01
Idex-CDI Geral JGP;25/09/2017;1,01
Idex-CDI Geral JGP;26/09/2017;1,02
Idex-CDI Geral JGP;27/09/2017;1,02
Idex-CDI Geral JGP;28/09/2017;1,02
Idex-CDI Geral JGP;29/09/2017;1,02
Idex-CDI Geral JGP;02/10/2017;1,02
Idex-CDI Geral JGP;03/10/2017;1,02
Idex-CDI Geral JGP;04/10/2017;1,02
Idex-CDI Geral JGP;05/10/2017;1,02
Idex-CDI Geral JGP;06/10/2017;1,02
Idex-CDI Geral JGP;09/10/2017;1,02
Idex-CDI Geral JGP;10/10/2017;1,02
Idex-CDI Geral JGP;11/10/2017;1,02
Idex-CDI Geral JGP;13/10/2017;1,02
Idex-CDI Geral JGP;16/10/2017;1,02
Idex-CDI Geral JGP;17/10/2017;1,02
Idex-CDI Geral JGP;18/10/2017;1,02
Idex-CDI Geral JGP;19/10/2017;1,02
Idex-CDI Geral JGP;20/10/2017;1,02
Idex-CDI Geral JGP;23/10/2017;1,02
Idex-CDI Geral JGP;24/10/2017;1,02
Idex-CDI Geral JGP;25/10/2017;1,02
Idex-CDI Geral JGP;26/10/2017;1,02
Idex-CDI Geral JGP;27/10/2017;1,02
Idex-CDI Geral JGP;30/10/2017;1,02
Idex-CDI Geral JGP;31/10/2017;1,02
Idex-CDI Geral JGP;01/11/2017;1,02
Idex-CDI Geral JGP;03/11/2017;1,02
Idex-CDI Geral JGP;06/11/2017;1,02
Idex-CDI Geral JGP;07/11/2017;1,02
Idex-CDI Geral JGP;08/11/2017;1,02
Idex-CDI Geral JGP;09/11/2017;1,03
Idex-CDI Geral JGP;10/11/2017;1,03
Idex-CDI Geral JGP;13/11/2017;1,03
Idex-CDI Geral JGP;14/11/2017;1,03
Idex-CDI Geral JGP;16/11/2017;1,03
Idex-CDI Geral JGP;17/11/2017;1,03
Idex-CDI Geral JGP;20/11/2017;1,03
Idex-CDI Geral JGP;21/11/2017;1,03
Idex-CDI Geral JGP;22/11/2017;1,03
Idex-CDI Geral JGP;23/11/2017;1,03
Idex-CDI Geral JGP;24/11/2017;1,03
Idex-CDI Geral JGP;27/11/2017;1,03
Idex-CDI Geral JGP;28/11/2017;1,03
Idex-CDI Geral JGP;29/11/2017;1,03
Idex-CDI Geral JGP;30/11/2017;1,03
Idex-CDI Geral JGP;01/12/2017;1,03
Idex-CDI Geral JGP;04/12/2017;1,03
Idex-CDI Geral JGP;05/12/2017;1,03
Idex-CDI Geral JGP;06/12/2017;1,03
Idex-CDI Geral JGP;07/12/2017;1,03
Idex-CDI Geral JGP;08/12/2017;1,03
Idex-CDI Geral JGP;11/12/2017;1,03
Idex-CDI Geral JGP;12/12/2017;1,03
Idex-CDI Geral JGP;13/12/2017;1,03
Idex-CDI Geral JGP;14/12/2017;1,03
Idex-CDI Geral JGP;15/12/2017;1,03
Idex-CDI Geral JGP;18/12/2017;1,03
Idex-CDI Geral JGP;19/12/2017;1,04
Idex-CDI Geral JGP;20/12/2017;1,04
Idex-CDI Geral JGP;21/12/2017;1,04
Idex-CDI Geral JGP;22/12/2017;1,04
Idex-CDI Geral JGP;26/12/2017;1,04
Idex-CDI Geral JGP;27/12/2017;1,04
Idex-CDI Geral JGP;28/12/2017;1,04
Idex-CDI Geral JGP;29/12/2017;1,04
Idex-CDI Geral JGP;02/01/2018;1,04
Idex-CDI Geral JGP;03/01/2018;1,04
Idex-CDI Geral JGP;04/01/2018;1,04
Idex-CDI Geral JGP;05/01/2018;1,04
Idex-CDI Geral JGP;08/01/2018;1,04
Idex-CDI Geral JGP;09/01/2018;1,04
Idex-CDI Geral JGP;10/01/2018;1,04
Idex-CDI Geral JGP;11/01/2018;1,04
Idex-CDI Geral JGP;12/01/2018;1,04
Idex-CDI Geral JGP;15/01/2018;1,04
Idex-CDI Geral JGP;16/01/2018;1,04
Idex-CDI Geral JGP;17/01/2018;1,04
Idex-CDI Geral JGP;18/01/2018;1,04
Idex-CDI Geral JGP;19/01/2018;1,04
Idex-CDI Geral JGP;22/01/2018;1,04
Idex-CDI Geral JGP;23/01/2018;1,04
Idex-CDI Geral JGP;24/01/2018;1,04
Idex-CDI Geral JGP;25/01/2018;1,04
Idex-CDI Geral JGP;26/01/2018;1,04
Idex-CDI Geral JGP;29/01/2018;1,04
Idex-CDI Geral JGP;30/01/2018;1,04
Idex-CDI Geral JGP;31/01/2018;1,04
Idex-CDI Geral JGP;01/02/2018;1,04
Idex-CDI Geral JGP;02/02/2018;1,05
Idex-CDI Geral JGP;05/02/2018;1,05
Idex-CDI Geral JGP;06/02/2018;1,05
Idex-CDI Geral JGP;07/02/2018;1,05
Idex-CDI Geral JGP;08/02/2018;1,05
Idex-CDI Geral JGP;09/02/2018;1,05
Idex-CDI Geral JGP;14/02/2018;1,05
Idex-CDI Geral JGP;15/02/2018;1,05
Idex-CDI Geral JGP;16/02/2018;1,05
Idex-CDI Geral JGP;19/02/2018;1,05
Idex-CDI Geral JGP;20/02/2018;1,05
Idex-CDI Geral JGP;21/02/2018;1,05
Idex-CDI Geral JGP;22/02/2018;1,05
Idex-CDI Geral JGP;23/02/2018;1,05
Idex-CDI Geral JGP;26/02/2018;1,05
Idex-CDI Geral JGP;27/02/2018;1,05
Idex-CDI Geral JGP;28/02/2018;1,05
Idex-CDI Geral JGP;01/03/2018;1,05
Idex-CDI Geral JGP;02/03/2018;1,05
Idex-CDI Geral JGP;05/03/2018;1,05
Idex-CDI Geral JGP;06/03/2018;1,05
Idex-CDI Geral JGP;07/03/2018;1,05
Idex-CDI Geral JGP;08/03/2018;1,05
Idex-CDI Geral JGP;09/03/2018;1,05
Idex-CDI Geral JGP;12/03/2018;1,05
Idex-CDI Geral JGP;13/03/2018;1,05
Idex-CDI Geral JGP;14/03/2018;1,05
Idex-CDI Geral JGP;15/03/2018;1,05
Idex-CDI Geral JGP;16/03/2018;1,05
Idex-CDI Geral JGP;19/03/2018;1,05
Idex-CDI Geral JGP;20/03/2018;1,06
Idex-CDI Geral JGP;21/03/2018;1,06
Idex-CDI Geral JGP;22/03/2018;1,06
Idex-CDI Geral JGP;23/03/2018;1,06
Idex-CDI Geral JGP;26/03/2018;1,06
Idex-CDI Geral JGP;27/03/2018;1,06
Idex-CDI Geral JGP;28/03/2018;1,06
Idex-CDI Geral JGP;29/03/2018;1,06
Idex-CDI Geral JGP;02/04/2018;1,06
Idex-CDI Geral JGP;03/04/2018;1,06
Idex-CDI Geral JGP;04/04/2018;1,06
Idex-CDI Geral JGP;05/04/2018;1,06
Idex-CDI Geral JGP;06/04/2018;1,06
Idex-CDI Geral JGP;09/04/2018;1,06
Idex-CDI Geral JGP;10/04/2018;1,06
Idex-CDI Geral JGP;11/04/2018;1,06
Idex-CDI Geral JGP;12/04/2018;1,06
Idex-CDI Geral JGP;13/04/2018;1,06
Idex-CDI Geral JGP;16/04/2018;1,06
Idex-CDI Geral JGP;17/04/2018;1,06
Idex-CDI Geral JGP;18/04/2018;1,06
Idex-CDI Geral JGP;19/04/2018;1,06
Idex-CDI Geral JGP;20/04/2018;1,06
Idex-CDI Geral JGP;23/04/2018;1,06
Idex-CDI Geral JGP;24/04/2018;1,06
Idex-CDI Geral JGP;25/04/2018;1,06
Idex-CDI Geral JGP;26/04/2018;1,06
Idex-CDI Geral JGP;27/04/2018;1,06
Idex-CDI Geral JGP;30/04/2018;1,06
Idex-CDI Geral JGP;02/05/2018;1,06
Idex-CDI Geral JGP;03/05/2018;1,06
Idex-CDI Geral JGP;04/05/2018;1,06
Idex-CDI Geral JGP;07/05/2018;1,07
Idex-CDI Geral JGP;08/05/2018;1,07
Idex-CDI Geral JGP;09/05/2018;1,07
Idex-CDI Geral JGP;10/05/2018;1,07
Idex-CDI Geral JGP;11/05/2018;1,07
Idex-CDI Geral JGP;14/05/2018;1,07
Idex-CDI Geral JGP;15/05/2018;1,07
Idex-CDI Geral JGP;16/05/2018;1,07
Idex-CDI Geral JGP;17/05/2018;1,07
Idex-CDI Geral JGP;18/05/2018;1,07
Idex-CDI Geral JGP;21/05/2018;1,07
Idex-CDI Geral JGP;22/05/2018;1,07
Idex-CDI Geral JGP;23/05/2018;1,07
Idex-CDI Geral JGP;24/05/2018;1,07
Idex-CDI Geral JGP;25/05/2018;1,07
Idex-CDI Geral JGP;28/05/2018;1,07
Idex-CDI Geral JGP;29/05/2018;1,07
Idex-CDI Geral JGP;30/05/2018;1,07
Idex-CDI Geral JGP;01/06/2018;1,07
Idex-CDI Geral JGP;04/06/2018;1,07
Idex-CDI Geral JGP;05/06/2018;1,07
Idex-CDI Geral JGP;06/06/2018;1,07
Idex-CDI Geral JGP;07/06/2018;1,07
Idex-CDI Geral JGP;08/06/2018;1,07
Idex-CDI Geral JGP;11/06/2018;1,07
Idex-CDI Geral JGP;12/06/2018;1,07
Idex-CDI Geral JGP;13/06/2018;1,07
Idex-CDI Geral JGP;14/06/2018;1,07
Idex-CDI Geral JGP;15/06/2018;1,07
Idex-CDI Geral JGP;18/06/2018;1,07
Idex-CDI Geral JGP;19/06/2018;1,07
Idex-CDI Geral JGP;20/06/2018;1,07
Idex-CDI Geral JGP;21/06/2018;1,08
Idex-CDI Geral JGP;22/06/2018;1,08
Idex-CDI Geral JGP;25/06/2018;1,08
Idex-CDI Geral JGP;26/06/2018;1,08
Idex-CDI Geral JGP;27/06/2018;1,08
Idex-CDI Geral JGP;28/06/2018;1,08
Idex-CDI Geral JGP;29/06/2018;1,08
Idex-CDI Geral JGP;02/07/2018;1,08
Idex-CDI Geral JGP;03/07/2018;1,08
Idex-CDI Geral JGP;04/07/2018;1,08
Idex-CDI Geral JGP;05/07/2018;1,08
Idex-CDI Geral JGP;06/07/2018;1,08
Idex-CDI Geral JGP;09/07/2018;1,08
Idex-CDI Geral JGP;10/07/2018;1,08
Idex-CDI Geral JGP;11/07/2018;1,08
Idex-CDI Geral JGP;12/07/2018;1,08
Idex-CDI Geral JGP;13/07/2018;1,08
Idex-CDI Geral JGP;16/07/2018;1,08
Idex-CDI Geral JGP;17/07/2018;1,08
Idex-CDI Geral JGP;18/07/2018;1,08
Idex-CDI Geral JGP;19/07/2018;1,08
Idex-CDI Geral JGP;20/07/2018;1,08
Idex-CDI Geral JGP;23/07/2018;1,08
Idex-CDI Geral JGP;24/07/2018;1,08
Idex-CDI Geral JGP;25/07/2018;1,08
Idex-CDI Geral JGP;26/07/2018;1,08
Idex-CDI Geral JGP;27/07/2018;1,08
Idex-CDI Geral JGP;30/07/2018;1,08
Idex-CDI Geral JGP;31/07/2018;1,08
Idex-CDI Geral JGP;01/08/2018;1,09
Idex-CDI Geral JGP;02/08/2018;1,09
Idex-CDI Geral JGP;03/08/2018;1,09
Idex-CDI Geral JGP;06/08/2018;1,09
Idex-CDI Geral JGP;07/08/2018;1,09
Idex-CDI Geral JGP;08/08/2018;1,09
Idex-CDI Geral JGP;09/08/2018;1,09
Idex-CDI Geral JGP;10/08/2018;1,09
Idex-CDI Geral JGP;13/08/2018;1,09
Idex-CDI Geral JGP;14/08/2018;1,09
Idex-CDI Geral JGP;15/08/2018;1,09
Idex-CDI Geral JGP;16/08/2018;1,09
Idex-CDI Geral JGP;17/08/2018;1,09
Idex-CDI Geral JGP;20/08/2018;1,09
Idex-CDI Geral JGP;21/08/2018;1,09
Idex-CDI Geral JGP;22/08/2018;1,09
Idex-CDI Geral JGP;23/08/2018;1,09
Idex-CDI Geral JGP;24/08/2018;1,09
Idex-CDI Geral JGP;27/08/2018;1,09
Idex-CDI Geral JGP;28/08/2018;1,09
Idex-CDI Geral JGP;29/08/2018;1,09
Idex-CDI Geral JGP;30/08/2018;1,09
Idex-CDI Geral JGP;31/08/2018;1,09
Idex-CDI Geral JGP;03/09/2018;1,09
Idex-CDI Geral JGP;04/09/2018;1,09
Idex-CDI Geral JGP;05/09/2018;1,09
Idex-CDI Geral JGP;06/09/2018;1,09
Idex-CDI Geral JGP;10/09/2018;1,09
Idex-CDI Geral JGP;11/09/2018;1,09
Idex-CDI Geral JGP;12/09/2018;1,09
Idex-CDI Geral JGP;13/09/2018;1,1
Idex-CDI Geral JGP;14/09/2018;1,1
Idex-CDI Geral JGP;17/09/2018;1,1
Idex-CDI Geral JGP;18/09/2018;1,1
Idex-CDI Geral JGP;19/09/2018;1,1
Idex-CDI Geral JGP;20/09/2018;1,1
Idex-CDI Geral JGP;21/09/2018;1,1
Idex-CDI Geral JGP;24/09/2018;1,1
Idex-CDI Geral JGP;25/09/2018;1,1
Idex-CDI Geral JGP;26/09/2018;1,1
Idex-CDI Geral JGP;27/09/2018;1,1
Idex-CDI Geral JGP;28/09/2018;1,1
Idex-CDI Geral JGP;01/10/2018;1,1
Idex-CDI Geral JGP;02/10/2018;1,1
Idex-CDI Geral JGP;03/10/2018;1,1
Idex-CDI Geral JGP;04/10/2018;1,1
Idex-CDI Geral JGP;05/10/2018;1,1
Idex-CDI Geral JGP;08/10/2018;1,1
Idex-CDI Geral JGP;09/10/2018;1,1
Idex-CDI Geral JGP;10/10/2018;1,1
Idex-CDI Geral JGP;11/10/2018;1,1
Idex-CDI Geral JGP;15/10/2018;1,1
Idex-CDI Geral JGP;16/10/2018;1,1
Idex-CDI Geral JGP;17/10/2018;1,1
Idex-CDI Geral JGP;18/10/2018;1,1
Idex-CDI Geral JGP;19/10/2018;1,1
Idex-CDI Geral JGP;22/10/2018;1,1
Idex-CDI Geral JGP;23/10/2018;1,1
Idex-CDI Geral JGP;24/10/2018;1,1
Idex-CDI Geral JGP;25/10/2018;1,1
Idex-CDI Geral JGP;26/10/2018;1,11
Idex-CDI Geral JGP;29/10/2018;1,11
Idex-CDI Geral JGP;30/10/2018;1,11
Idex-CDI Geral JGP;31/10/2018;1,11
Idex-CDI Geral JGP;01/11/2018;1,11
Idex-CDI Geral JGP;05/11/2018;1,11
Idex-CDI Geral JGP;06/11/2018;1,11
Idex-CDI Geral JGP;07/11/2018;1,11
Idex-CDI Geral JGP;08/11/2018;1,11
Idex-CDI Geral JGP;09/11/2018;1,11
Idex-CDI Geral JGP;12/11/2018;1,11
Idex-CDI Geral JGP;13/11/2018;1,11
Idex-CDI Geral JGP;14/11/2018;1,11
Idex-CDI Geral JGP;16/11/2018;1,11
Idex-CDI Geral JGP;19/11/2018;1,11
Idex-CDI Geral JGP;20/11/2018;1,11
Idex-CDI Geral JGP;21/11/2018;1,11
Idex-CDI Geral JGP;22/11/2018;1,11
Idex-CDI Geral JGP;23/11/2018;1,11
Idex-CDI Geral JGP;26/11/2018;1,11
Idex-CDI Geral JGP;27/11/2018;1,11
Idex-CDI Geral JGP;28/11/2018;1,11
Idex-CDI Geral JGP;29/11/2018;1,11
Idex-CDI Geral JGP;30/11/2018;1,11
Idex-CDI Geral JGP;03/12/2018;1,11
Idex-CDI Geral JGP;04/12/2018;1,11
Idex-CDI Geral JGP;05/12/2018;1,12
Idex-CDI Geral JGP;06/12/2018;1,12
Idex-CDI Geral JGP;07/12/2018;1,12
Idex-CDI Geral JGP;10/12/2018;1,12
Idex-CDI Geral JGP;11/12/2018;1,12
Idex-CDI Geral JGP;12/12/2018;1,12
Idex-CDI Geral JGP;13/12/2018;1,12
Idex-CDI Geral JGP;14/12/2018;1,12
Idex-CDI Geral JGP;17/12/2018;1,12
Idex-CDI Geral JGP;18/12/2018;1,12
Idex-CDI Geral JGP;19/12/2018;1,12
Idex-CDI Geral JGP;20/12/2018;1,12
Idex-CDI Geral JGP;21/12/2018;1,12
Idex-CDI Geral JGP;24/12/2018;1,12
Idex-CDI Geral JGP;26/12/2018;1,12
Idex-CDI Geral JGP;27/12/2018;1,12
Idex-CDI Geral JGP;28/12/2018;1,12
Idex-CDI Geral JGP;31/12/2018;1,12
Idex-CDI Geral JGP;02/01/2019;1,12
Idex-CDI Geral JGP;03/01/2019;1,12
Idex-CDI Geral JGP;04/01/2019;1,12
Idex-CDI Geral JGP;07/01/2019;1,12
Idex-CDI Geral JGP;08/01/2019;1,12
Idex-CDI Geral JGP;09/01/2019;1,12
Idex-CDI Geral JGP;10/01/2019;1,12
Idex-CDI Geral JGP;11/01/2019;1,12
Idex-CDI Geral JGP;14/01/2019;1,12
Idex-CDI Geral JGP;15/01/2019;1,12
Idex-CDI Geral JGP;16/01/2019;1,12
Idex-CDI Geral JGP;17/01/2019;1,12
Idex-CDI Geral JGP;18/01/2019;1,12
Idex-CDI Geral JGP;21/01/2019;1,12
Idex-CDI Geral JGP;22/01/2019;1,13
Idex-CDI Geral JGP;23/01/2019;1,13
Idex-CDI Geral JGP;24/01/2019;1,13
Idex-CDI Geral JGP;25/01/2019;1,13
Idex-CDI Geral JGP;28/01/2019;1,13
Idex-CDI Geral JGP;29/01/2019;1,13
Idex-CDI Geral JGP;30/01/2019;1,13
Idex-CDI Geral JGP;31/01/2019;1,13
Idex-CDI Geral JGP;01/02/2019;1,13
Idex-CDI Geral JGP;04/02/2019;1,13
Idex-CDI Geral JGP;05/02/2019;1,13
Idex-CDI Geral JGP;06/02/2019;1,13
Idex-CDI Geral JGP;07/02/2019;1,13
Idex-CDI Geral JGP;08/02/2019;1,13
Idex-CDI Geral JGP;11/02/2019;1,13
Idex-CDI Geral JGP;12/02/2019;1,13
Idex-CDI Geral JGP;13/02/2019;1,13
Idex-CDI Geral JGP;14/02/2019;1,13
Idex-CDI Geral JGP;15/02/2019;1,13
Idex-CDI Geral JGP;18/02/2019;1,13
Idex-CDI Geral JGP;19/02/2019;1,13
Idex-CDI Geral JGP;20/02/2019;1,13
Idex-CDI Geral JGP;21/02/2019;1,13
Idex-CDI Geral JGP;22/02/2019;1,13
Idex-CDI Geral JGP;25/02/2019;1,13
Idex-CDI Geral JGP;26/02/2019;1,13
Idex-CDI Geral JGP;27/02/2019;1,13
Idex-CDI Geral JGP;28/02/2019;1,13
Idex-CDI Geral JGP;01/03/2019;1,14
Idex-CDI Geral JGP;06/03/2019;1,14
Idex-CDI Geral JGP;07/03/2019;1,14
Idex-CDI Geral JGP;08/03/2019;1,14
Idex-CDI Geral JGP;11/03/2019;1,14
Idex-CDI Geral JGP;12/03/2019;1,14
Idex-CDI Geral JGP;13/03/2019;1,14
Idex-CDI Geral JGP;14/03/2019;1,14
Idex-CDI Geral JGP;15/03/2019;1,14
Idex-CDI Geral JGP;18/03/2019;1,14
Idex-CDI Geral JGP;19/03/2019;1,14
Idex-CDI Geral JGP;20/03/2019;1,14
Idex-CDI Geral JGP;21/03/2019;1,14
Idex-CDI Geral JGP;22/03/2019;1,14
Idex-CDI Geral JGP;25/03/2019;1,14
Idex-CDI Geral JGP;26/03/2019;1,14
Idex-CDI Geral JGP;27/03/2019;1,14
Idex-CDI Geral JGP;28/03/2019;1,14
Idex-CDI Geral JGP;29/03/2019;1,14
Idex-CDI Geral JGP;01/04/2019;1,14
Idex-CDI Geral JGP;02/04/2019;1,14
Idex-CDI Geral JGP;03/04/2019;1,14
Idex-CDI Geral JGP;04/04/2019;1,14
Idex-CDI Geral JGP;05/04/2019;1,14
Idex-CDI Geral JGP;08/04/2019;1,14
Idex-CDI Geral JGP;09/04/2019;1,14
Idex-CDI Geral JGP;10/04/2019;1,14
Idex-CDI Geral JGP;11/04/2019;1,15
Idex-CDI Geral JGP;12/04/2019;1,15
Idex-CDI Geral JGP;15/04/2019;1,15
Idex-CDI Geral JGP;16/04/2019;1,15
Idex-CDI Geral JGP;17/04/2019;1,15
Idex-CDI Geral JGP;18/04/2019;1,15
Idex-CDI Geral JGP;22/04/2019;1,15
Idex-CDI Geral JGP;23/04/2019;1,15
Idex-CDI Geral JGP;24/04/2019;1,15
Idex-CDI Geral JGP;25/04/2019;1,15
Idex-CDI Geral JGP;26/04/2019;1,15
Idex-CDI Geral JGP;29/04/2019;1,15
Idex-CDI Geral JGP;30/04/2019;1,15
Idex-CDI Geral JGP;02/05/2019;1,15
Idex-CDI Geral JGP;03/05/2019;1,15
Idex-CDI Geral JGP;06/05/2019;1,15
Idex-CDI Geral JGP;07/05/2019;1,15
Idex-CDI Geral JGP;08/05/2019;1,15
Idex-CDI Geral JGP;09/05/2019;1,15
Idex-CDI Geral JGP;10/05/2019;1,15
Idex-CDI Geral JGP;13/05/2019;1,15
Idex-CDI Geral JGP;14/05/2019;1,15
Idex-CDI Geral JGP;15/05/2019;1,15
Idex-CDI Geral JGP;16/05/2019;1,15
Idex-CDI Geral JGP;17/05/2019;1,15
Idex-CDI Geral JGP;20/05/2019;1,15
Idex-CDI Geral JGP;21/05/2019;1,15
Idex-CDI Geral JGP;22/05/2019;1,15
Idex-CDI Geral JGP;23/05/2019;1,15
Idex-CDI Geral JGP;24/05/2019;1,15
Idex-CDI Geral JGP;27/05/2019;1,15
Idex-CDI Geral JGP;28/05/2019;1,15
Idex-CDI Geral JGP;29/05/2019;1,16
Idex-CDI Geral JGP;30/05/2019;1,16
Idex-CDI Geral JGP;31/05/2019;1,16
Idex-CDI Geral JGP;03/06/2019;1,16
Idex-CDI Geral JGP;04/06/2019;1,16
Idex-CDI Geral JGP;05/06/2019;1,16
Idex-CDI Geral JGP;06/06/2019;1,16
Idex-CDI Geral JGP;07/06/2019;1,16
Idex-CDI Geral JGP;10/06/2019;1,16
Idex-CDI Geral JGP;11/06/2019;1,16
Idex-CDI Geral JGP;12/06/2019;1,16
Idex-CDI Geral JGP;13/06/2019;1,16
Idex-CDI Geral JGP;14/06/2019;1,16
Idex-CDI Geral JGP;17/06/2019;1,16
Idex-CDI Geral JGP;18/06/2019;1,16
Idex-CDI Geral JGP;19/06/2019;1,16
Idex-CDI Geral JGP;21/06/2019;1,16
Idex-CDI Geral JGP;24/06/2019;1,16
Idex-CDI Geral JGP;25/06/2019;1,16
Idex-CDI Geral JGP;26/06/2019;1,16
Idex-CDI Geral JGP;27/06/2019;1,16
Idex-CDI Geral JGP;28/06/2019;1,16
Idex-CDI Geral JGP;01/07/2019;1,16
Idex-CDI Geral JGP;02/07/2019;1,16
Idex-CDI Geral JGP;03/07/2019;1,16
Idex-CDI Geral JGP;04/07/2019;1,16
Idex-CDI Geral JGP;05/07/2019;1,16
Idex-CDI Geral JGP;08/07/2019;1,16
Idex-CDI Geral JGP;09/07/2019;1,16
Idex-CDI Geral JGP;10/07/2019;1,16
Idex-CDI Geral JGP;11/07/2019;1,16
Idex-CDI Geral JGP;12/07/2019;1,16
Idex-CDI Geral JGP;15/07/2019;1,17
Idex-CDI Geral JGP;16/07/2019;1,17
Idex-CDI Geral JGP;17/07/2019;1,17
Idex-CDI Geral JGP;18/07/2019;1,17
Idex-CDI Geral JGP;19/07/2019;1,17
Idex-CDI Geral JGP;22/07/2019;1,17
Idex-CDI Geral JGP;23/07/2019;1,17
Idex-CDI Geral JGP;24/07/2019;1,17
Idex-CDI Geral JGP;25/07/2019;1,17
Idex-CDI Geral JGP;26/07/2019;1,17
Idex-CDI Geral JGP;29/07/2019;1,17
Idex-CDI Geral JGP;30/07/2019;1,17
Idex-CDI Geral JGP;31/07/2019;1,17
Idex-CDI Geral JGP;01/08/2019;1,17
Idex-CDI Geral JGP;02/08/2019;1,17
Idex-CDI Geral JGP;05/08/2019;1,17
Idex-CDI Geral JGP;06/08/2019;1,17
Idex-CDI Geral JGP;07/08/2019;1,17
Idex-CDI Geral JGP;08/08/2019;1,17
Idex-CDI Geral JGP;09/08/2019;1,17
Idex-CDI Geral JGP;12/08/2019;1,17
Idex-CDI Geral JGP;13/08/2019;1,17
Idex-CDI Geral JGP;14/08/2019;1,17
Idex-CDI Geral JGP;15/08/2019;1,17
Idex-CDI Geral JGP;16/08/2019;1,17
Idex-CDI Geral JGP;19/08/2019;1,17
Idex-CDI Geral JGP;20/08/2019;1,17
Idex-CDI Geral JGP;21/08/2019;1,17
Idex-CDI Geral JGP;22/08/2019;1,17
Idex-CDI Geral JGP;23/08/2019;1,17
Idex-CDI Geral JGP;26/08/2019;1,17
Idex-CDI Geral JGP;27/08/2019;1,17
Idex-CDI Geral JGP;28/08/2019;1,17
Idex-CDI Geral JGP;29/08/2019;1,17
Idex-CDI Geral JGP;30/08/2019;1,17
Idex-CDI Geral JGP;02/09/2019;1,17
Idex-CDI Geral JGP;03/09/2019;1,17
Idex-CDI Geral JGP;04/09/2019;1,18
Idex-CDI Geral JGP;05/09/2019;1,18
Idex-CDI Geral JGP;06/09/2019;1,18
Idex-CDI Geral JGP;09/09/2019;1,18
Idex-CDI Geral JGP;10/09/2019;1,18
Idex-CDI Geral JGP;11/09/2019;1,18
Idex-CDI Geral JGP;12/09/2019;1,18
Idex-CDI Geral JGP;13/09/2019;1,18
Idex-CDI Geral JGP;16/09/2019;1,18
Idex-CDI Geral JGP;17/09/2019;1,18
Idex-CDI Geral JGP;18/09/2019;1,18
Idex-CDI Geral JGP;19/09/2019;1,18
Idex-CDI Geral JGP;20/09/2019;1,18
Idex-CDI Geral JGP;23/09/2019;1,18
Idex-CDI Geral JGP;24/09/2019;1,18
Idex-CDI Geral JGP;25/09/2019;1,18
Idex-CDI Geral JGP;26/09/2019;1,18
Idex-CDI Geral JGP;27/09/2019;1,18
Idex-CDI Geral JGP;30/09/2019;1,18
Idex-CDI Geral JGP;01/10/2019;1,18
Idex-CDI Geral JGP;02/10/2019;1,18
Idex-CDI Geral JGP;03/10/2019;1,18
Idex-CDI Geral JGP;04/10/2019;1,18
Idex-CDI Geral JGP;07/10/2019;1,18
Idex-CDI Geral JGP;08/10/2019;1,18
Idex-CDI Geral JGP;09/10/2019;1,18
Idex-CDI Geral JGP;10/10/2019;1,18
Idex-CDI Geral JGP;11/10/2019;1,18
Idex-CDI Geral JGP;14/10/2019;1,18
Idex-CDI Geral JGP;15/10/2019;1,18
Idex-CDI Geral JGP;16/10/2019;1,18
Idex-CDI Geral JGP;17/10/2019;1,18
Idex-CDI Geral JGP;18/10/2019;1,18
Idex-CDI Geral JGP;21/10/2019;1,18
Idex-CDI Geral JGP;22/10/2019;1,18
Idex-CDI Geral JGP;23/10/2019;1,18
Idex-CDI Geral JGP;24/10/2019;1,18
Idex-CDI Geral JGP;25/10/2019;1,18
Idex-CDI Geral JGP;28/10/2019;1,18
Idex-CDI Geral JGP;29/10/2019;1,18
Idex-CDI Geral JGP;30/10/2019;1,18
Idex-CDI Geral JGP;31/10/2019;1,18
Idex-CDI Geral JGP;01/11/2019;1,18
Idex-CDI Geral JGP;04/11/2019;1,18
Idex-CDI Geral JGP;05/11/2019;1,18
Idex-CDI Geral JGP;06/11/2019;1,18
Idex-CDI Geral JGP;07/11/2019;1,17
Idex-CDI Geral JGP;08/11/2019;1,17
Idex-CDI Geral JGP;11/11/2019;1,17
Idex-CDI Geral JGP;12/11/2019;1,17
Idex-CDI Geral JGP;13/11/2019;1,17
Idex-CDI Geral JGP;14/11/2019;1,17
Idex-CDI Geral JGP;18/11/2019;1,17
Idex-CDI Geral JGP;19/11/2019;1,17
Idex-CDI Geral JGP;20/11/2019;1,17
Idex-CDI Geral JGP;21/11/2019;1,17
Idex-CDI Geral JGP;22/11/2019;1,17
Idex-CDI Geral JGP;25/11/2019;1,17
Idex-CDI Geral JGP;26/11/2019;1,17
Idex-CDI Geral JGP;27/11/2019;1,18
Idex-CDI Geral JGP;28/11/2019;1,18
Idex-CDI Geral JGP;29/11/2019;1,18
Idex-CDI Geral JGP;02/12/2019;1,18
Idex-CDI Geral JGP;03/12/2019;1,18
Idex-CDI Geral JGP;04/12/2019;1,18
Idex-CDI Geral JGP;05/12/2019;1,18
Idex-CDI Geral JGP;06/12/2019;1,18
Idex-CDI Geral JGP;09/12/2019;1,18
Idex-CDI Geral JGP;10/12/2019;1,18
Idex-CDI Geral JGP;11/12/2019;1,18
Idex-CDI Geral JGP;12/12/2019;1,18
Idex-CDI Geral JGP;13/12/2019;1,18
Idex-CDI Geral JGP;16/12/2019;1,18
Idex-CDI Geral JGP;17/12/2019;1,18
Idex-CDI Geral JGP;18/12/2019;1,18
Idex-CDI Geral JGP;19/12/2019;1,18
Idex-CDI Geral JGP;20/12/2019;1,18
Idex-CDI Geral JGP;23/12/2019;1,18
Idex-CDI Geral JGP;24/12/2019;1,18
Idex-CDI Geral JGP;26/12/2019;1,18
Idex-CDI Geral JGP;27/12/2019;1,18
Idex-CDI Geral JGP;30/12/2019;1,18
Idex-CDI Geral JGP;31/12/2019;1,18
Idex-CDI Geral JGP;02/01/2020;1,18
Idex-CDI Geral JGP;03/01/2020;1,18
Idex-CDI Geral JGP;06/01/2020;1,19
Idex-CDI Geral JGP;07/01/2020;1,19
Idex-CDI Geral JGP;08/01/2020;1,19
Idex-CDI Geral JGP;09/01/2020;1,19
Idex-CDI Geral JGP;10/01/2020;1,19
Idex-CDI Geral JGP;13/01/2020;1,19
Idex-CDI Geral JGP;14/01/2020;1,19
Idex-CDI Geral JGP;15/01/2020;1,19
Idex-CDI Geral JGP;16/01/2020;1,19
Idex-CDI Geral JGP;17/01/2020;1,19
Idex-CDI Geral JGP;20/01/2020;1,19
Idex-CDI Geral JGP;21/01/2020;1,19
Idex-CDI Geral JGP;22/01/2020;1,19
Idex-CDI Geral JGP;23/01/2020;1,19
Idex-CDI Geral JGP;24/01/2020;1,19
Idex-CDI Geral JGP;27/01/2020;1,19
Idex-CDI Geral JGP;28/01/2020;1,19
Idex-CDI Geral JGP;29/01/2020;1,19
Idex-CDI Geral JGP;30/01/2020;1,19
Idex-CDI Geral JGP;31/01/2020;1,19
Idex-CDI Geral JGP;03/02/2020;1,19
Idex-CDI Geral JGP;04/02/2020;1,19
Idex-CDI Geral JGP;05/02/2020;1,19
Idex-CDI Geral JGP;06/02/2020;1,19
Idex-CDI Geral JGP;07/02/2020;1,19
Idex-CDI Geral JGP;10/02/2020;1,19
Idex-CDI Geral JGP;11/02/2020;1,19
Idex-CDI Geral JGP;12/02/2020;1,19
Idex-CDI Geral JGP;13/02/2020;1,19
Idex-CDI Geral JGP;14/02/2020;1,19
Idex-CDI Geral JGP;17/02/2020;1,19
Idex-CDI Geral JGP;18/02/2020;1,19
Idex-CDI Geral JGP;19/02/2020;1,19
Idex-CDI Geral JGP;20/02/2020;1,19
Idex-CDI Geral JGP;21/02/2020;1,19
Idex-CDI Geral JGP;26/02/2020;1,19
Idex-CDI Geral JGP;27/02/2020;1,2
Idex-CDI Geral JGP;28/02/2020;1,19
Idex-CDI Geral JGP;02/03/2020;1,19
Idex-CDI Geral JGP;03/03/2020;1,2
Idex-CDI Geral JGP;04/03/2020;1,19
Idex-CDI Geral JGP;05/03/2020;1,19
Idex-CDI Geral JGP;06/03/2020;1,19
Idex-CDI Geral JGP;09/03/2020;1,19
Idex-CDI Geral JGP;10/03/2020;1,19
Idex-CDI Geral JGP;11/03/2020;1,19
Idex-CDI Geral JGP;12/03/2020;1,18
Idex-CDI Geral JGP;13/03/2020;1,18
Idex-CDI Geral JGP;16/03/2020;1,18
Idex-CDI Geral JGP;17/03/2020;1,18
Idex-CDI Geral JGP;18/03/2020;1,16
Idex-CDI Geral JGP;19/03/2020;1,15
Idex-CDI Geral JGP;20/03/2020;1,13
Idex-CDI Geral JGP;23/03/2020;1,12
Idex-CDI Geral JGP;24/03/2020;1,12
Idex-CDI Geral JGP;25/03/2020;1,11
Idex-CDI Geral JGP;26/03/2020;1,11
Idex-CDI Geral JGP;27/03/2020;1,1
Idex-CDI Geral JGP;30/03/2020;1,1
Idex-CDI Geral JGP;31/03/2020;1,1
Idex-CDI Geral JGP;01/04/2020;1,1
Idex-CDI Geral JGP;02/04/2020;1,1
Idex-CDI Geral JGP;03/04/2020;1,1
Idex-CDI Geral JGP;06/04/2020;1,09
Idex-CDI Geral JGP;07/04/2020;1,09
Idex-CDI Geral JGP;08/04/2020;1,08
Idex-CDI Geral JGP;09/04/2020;1,09
Idex-CDI Geral JGP;13/04/2020;1,09
Idex-CDI Geral JGP;14/04/2020;1,1
Idex-CDI Geral JGP;15/04/2020;1,11
Idex-CDI Geral JGP;16/04/2020;1,11
Idex-CDI Geral JGP;17/04/2020;1,13
Idex-CDI Geral JGP;20/04/2020;1,13
Idex-CDI Geral JGP;22/04/2020;1,14
Idex-CDI Geral JGP;23/04/2020;1,14
Idex-CDI Geral JGP;24/04/2020;1,14
Idex-CDI Geral JGP;27/04/2020;1,13
Idex-CDI Geral JGP;28/04/2020;1,14
Idex-CDI Geral JGP;29/04/2020;1,14
Idex-CDI Geral JGP;30/04/2020;1,15
Idex-CDI Geral JGP;04/05/2020;1,15
Idex-CDI Geral JGP;05/05/2020;1,15
Idex-CDI Geral JGP;06/05/2020;1,15
Idex-CDI Geral JGP;07/05/2020;1,15
Idex-CDI Geral JGP;08/05/2020;1,15
Idex-CDI Geral JGP;11/05/2020;1,15
Idex-CDI Geral JGP;12/05/2020;1,15
Idex-CDI Geral JGP;13/05/2020;1,15
Idex-CDI Geral JGP;14/05/2020;1,15
Idex-CDI Geral JGP;15/05/2020;1,15
Idex-CDI Geral JGP;18/05/2020;1,15
Idex-CDI Geral JGP;19/05/2020;1,16
Idex-CDI Geral JGP;20/05/2020;1,16
Idex-CDI Geral JGP;21/05/2020;1,16
Idex-CDI Geral JGP;22/05/2020;1,16
Idex-CDI Geral JGP;25/05/2020;1,16
Idex-CDI Geral JGP;26/05/2020;1,16
Idex-CDI Geral JGP;27/05/2020;1,16
Idex-CDI Geral JGP;28/05/2020;1,16
Idex-CDI Geral JGP;29/05/2020;1,16
Idex-CDI Geral JGP;01/06/2020;1,16
Idex-CDI Geral JGP;02/06/2020;1,16
Idex-CDI Geral JGP;03/06/2020;1,16
Idex-CDI Geral JGP;04/06/2020;1,16
Idex-CDI Geral JGP;05/06/2020;1,16
Idex-CDI Geral JGP;08/06/2020;1,16
Idex-CDI Geral JGP;09/06/2020;1,17
Idex-CDI Geral JGP;10/06/2020;1,17
Idex-CDI Geral JGP;12/06/2020;1,17
Idex-CDI Geral JGP;15/06/2020;1,17
Idex-CDI Geral JGP;16/06/2020;1,17
Idex-CDI Geral JGP;17/06/2020;1,17
Idex-CDI Geral JGP;18/06/2020;1,17
Idex-CDI Geral JGP;19/06/2020;1,17
Idex-CDI Geral JGP;22/06/2020;1,17
Idex-CDI Geral JGP;23/06/2020;1,17
Idex-CDI Geral JGP;24/06/2020;1,18
Idex-CDI Geral JGP;25/06/2020;1,18
Idex-CDI Geral JGP;26/06/2020;1,18
Idex-CDI Geral JGP;29/06/2020;1,18
Idex-CDI Geral JGP;30/06/2020;1,18
Idex-CDI Geral JGP;01/07/2020;1,18
Idex-CDI Geral JGP;02/07/2020;1,18
Idex-CDI Geral JGP;03/07/2020;1,19
Idex-CDI Geral JGP;06/07/2020;1,19
Idex-CDI Geral JGP;07/07/2020;1,19
Idex-CDI Geral JGP;08/07/2020;1,19
Idex-CDI Geral JGP;09/07/2020;1,19
Idex-CDI Geral JGP;10/07/2020;1,19
Idex-CDI Geral JGP;13/07/2020;1,19
Idex-CDI Geral JGP;14/07/2020;1,19
Idex-CDI Geral JGP;15/07/2020;1,19
Idex-CDI Geral JGP;16/07/2020;1,19
Idex-CDI Geral JGP;17/07/2020;1,2
Idex-CDI Geral JGP;20/07/2020;1,2
Idex-CDI Geral JGP;21/07/2020;1,2
Idex-CDI Geral JGP;22/07/2020;1,2
Idex-CDI Geral JGP;23/07/2020;1,2
Idex-CDI Geral JGP;24/07/2020;1,2
Idex-CDI Geral JGP;27/07/2020;1,2
Idex-CDI Geral JGP;28/07/2020;1,2
Idex-CDI Geral JGP;29/07/2020;1,2
Idex-CDI Geral JGP;30/07/2020;1,21
Idex-CDI Geral JGP;31/07/2020;1,21
Idex-CDI Geral JGP;03/08/2020;1,21
Idex-CDI Geral JGP;04/08/2020;1,21
Idex-CDI Geral JGP;05/08/2020;1,21
Idex-CDI Geral JGP;06/08/2020;1,21
Idex-CDI Geral JGP;07/08/2020;1,21
Idex-CDI Geral JGP;10/08/2020;1,21
Idex-CDI Geral JGP;11/08/2020;1,21
Idex-CDI Geral JGP;12/08/2020;1,21
Idex-CDI Geral JGP;13/08/2020;1,21
Idex-CDI Geral JGP;14/08/2020;1,21
Idex-CDI Geral JGP;17/08/2020;1,21
Idex-CDI Geral JGP;18/08/2020;1,22
Idex-CDI Geral JGP;19/08/2020;1,22
Idex-CDI Geral JGP;20/08/2020;1,22
Idex-CDI Geral JGP;21/08/2020;1,22
Idex-CDI Geral JGP;24/08/2020;1,22
Idex-CDI Geral JGP;25/08/2020;1,22
Idex-CDI Geral JGP;26/08/2020;1,22
Idex-CDI Geral JGP;27/08/2020;1,22
Idex-CDI Geral JGP;28/08/2020;1,22
Idex-CDI Geral JGP;31/08/2020;1,22
Idex-CDI Geral JGP;01/09/2020;1,22
Idex-CDI Geral JGP;02/09/2020;1,22
Idex-CDI Geral JGP;03/09/2020;1,22
Idex-CDI Geral JGP;04/09/2020;1,22
Idex-CDI Geral JGP;08/09/2020;1,22
Idex-CDI Geral JGP;09/09/2020;1,22
Idex-CDI Geral JGP;10/09/2020;1,22
Idex-CDI Geral JGP;11/09/2020;1,22
Idex-CDI Geral JGP;14/09/2020;1,23
Idex-CDI Geral JGP;15/09/2020;1,23
Idex-CDI Geral JGP;16/09/2020;1,23
Idex-CDI Geral JGP;17/09/2020;1,23
Idex-CDI Geral JGP;18/09/2020;1,23
Idex-CDI Geral JGP;21/09/2020;1,23
Idex-CDI Geral JGP;22/09/2020;1,23
Idex-CDI Geral JGP;23/09/2020;1,23
Idex-CDI Geral JGP;24/09/2020;1,23
Idex-CDI Geral JGP;25/09/2020;1,23
Idex-CDI Geral JGP;28/09/2020;1,23
Idex-CDI Geral JGP;29/09/2020;1,23
Idex-CDI Geral JGP;30/09/2020;1,23
Idex-CDI Geral JGP;01/10/2020;1,23
Idex-CDI Geral JGP;02/10/2020;1,23
Idex-CDI Geral JGP;05/10/2020;1,23
Idex-CDI Geral JGP;06/10/2020;1,23
Idex-CDI Geral JGP;07/10/2020;1,23
Idex-CDI Geral JGP;08/10/2020;1,23
Idex-CDI Geral JGP;09/10/2020;1,23
Idex-CDI Geral JGP;13/10/2020;1,23
Idex-CDI Geral JGP;14/10/2020;1,23
Idex-CDI Geral JGP;15/10/2020;1,23
Idex-CDI Geral JGP;16/10/2020;1,23
Idex-CDI Geral JGP;19/10/2020;1,23
Idex-CDI Geral JGP;20/10/2020;1,23
Idex-CDI Geral JGP;21/10/2020;1,23
Idex-CDI Geral JGP;22/10/2020;1,23
Idex-CDI Geral JGP;23/10/2020;1,23
Idex-CDI Geral JGP;26/10/2020;1,23
Idex-CDI Geral JGP;27/10/2020;1,23
Idex-CDI Geral JGP;28/10/2020;1,23
Idex-CDI Geral JGP;29/10/2020;1,23
Idex-CDI Geral JGP;30/10/2020;1,23
Idex-CDI Geral JGP;03/11/2020;1,23
Idex-CDI Geral JGP;04/11/2020;1,23
Idex-CDI Geral JGP;05/11/2020;1,23
Idex-CDI Geral JGP;06/11/2020;1,23
Idex-CDI Geral JGP;09/11/2020;1,23
Idex-CDI Geral JGP;10/11/2020;1,23
Idex-CDI Geral JGP;11/11/2020;1,23
Idex-CDI Geral JGP;12/11/2020;1,23
Idex-CDI Geral JGP;13/11/2020;1,24
Idex-CDI Geral JGP;16/11/2020;1,24
Idex-CDI Geral JGP;17/11/2020;1,24
Idex-CDI Geral JGP;18/11/2020;1,24
Idex-CDI Geral JGP;19/11/2020;1,24
Idex-CDI Geral JGP;20/11/2020;1,24
Idex-CDI Geral JGP;23/11/2020;1,24
Idex-CDI Geral JGP;24/11/2020;1,24
Idex-CDI Geral JGP;25/11/2020;1,24
Idex-CDI Geral JGP;26/11/2020;1,24
Idex-CDI Geral JGP;27/11/2020;1,24
Idex-CDI Geral JGP;30/11/2020;1,24
Idex-CDI Geral JGP;01/12/2020;1,24
Idex-CDI Geral JGP;02/12/2020;1,24
Idex-CDI Geral JGP;03/12/2020;1,24
Idex-CDI Geral JGP;04/12/2020;1,24
Idex-CDI Geral JGP;07/12/2020;1,24
Idex-CDI Geral JGP;08/12/2020;1,24
Idex-CDI Geral JGP;09/12/2020;1,24
Idex-CDI Geral JGP;10/12/2020;1,24
Idex-CDI Geral JGP;11/12/2020;1,24
Idex-CDI Geral JGP;14/12/2020;1,24
Idex-CDI Geral JGP;15/12/2020;1,24
Idex-CDI Geral JGP;16/12/2020;1,24
Idex-CDI Geral JGP;17/12/2020;1,24
Idex-CDI Geral JGP;18/12/2020;1,24
Idex-CDI Geral JGP;21/12/2020;1,24
Idex-CDI Geral JGP;22/12/2020;1,24
Idex-CDI Geral JGP;23/12/2020;1,24
Idex-CDI Geral JGP;24/12/2020;1,24
Idex-CDI Geral JGP;28/12/2020;1,24
Idex-CDI Geral JGP;29/12/2020;1,24
Idex-CDI Geral JGP;30/12/2020;1,24
Idex-CDI Geral JGP;31/12/2020;1,24
Idex-CDI Geral JGP;04/01/2021;1,24
Idex-CDI Geral JGP;05/01/2021;1,25
Idex-CDI Geral JGP;06/01/2021;1,25
Idex-CDI Geral JGP;07/01/2021;1,25
Idex-CDI Geral JGP;08/01/2021;1,25
Idex-CDI Geral JGP;11/01/2021;1,25
Idex-CDI Geral JGP;12/01/2021;1,25
Idex-CDI Geral JGP;13/01/2021;1,25
Idex-CDI Geral JGP;14/01/2021;1,25
Idex-CDI Geral JGP;15/01/2021;1,25
Idex-CDI Geral JGP;18/01/2021;1,25
Idex-CDI Geral JGP;19/01/2021;1,25
Idex-CDI Geral JGP;20/01/2021;1,25
Idex-CDI Geral JGP;21/01/2021;1,25
Idex-CDI Geral JGP;22/01/2021;1,25
Idex-CDI Geral JGP;25/01/2021;1,25
Idex-CDI Geral JGP;26/01/2021;1,25
Idex-CDI Geral JGP;27/01/2021;1,25
Idex-CDI Geral JGP;28/01/2021;1,25
Idex-CDI Geral JGP;29/01/2021;1,25
Idex-CDI Geral JGP;01/02/2021;1,25
Idex-CDI Geral JGP;02/02/2021;1,25
Idex-CDI Geral JGP;03/02/2021;1,25
Idex-CDI Geral JGP;04/02/2021;1,25
Idex-CDI Geral JGP;05/02/2021;1,25
Idex-CDI Geral JGP;08/02/2021;1,26
Idex-CDI Geral JGP;09/02/2021;1,26
Idex-CDI Geral JGP;10/02/2021;1,26
Idex-CDI Geral JGP;11/02/2021;1,26
Idex-CDI Geral JGP;12/02/2021;1,26
Idex-CDI Geral JGP;17/02/2021;1,26
Idex-CDI Geral JGP;18/02/2021;1,26
Idex-CDI Geral JGP;19/02/2021;1,26
Idex-CDI Geral JGP;22/02/2021;1,26
Idex-CDI Geral JGP;23/02/2021;1,26
Idex-CDI Geral JGP;24/02/2021;1,26
Idex-CDI Geral JGP;25/02/2021;1,26
Idex-CDI Geral JGP;26/02/2021;1,26
Idex-CDI Geral JGP;01/03/2021;1,26
Idex-CDI Geral JGP;02/03/2021;1,26
Idex-CDI Geral JGP;03/03/2021;1,26
Idex-CDI Geral JGP;04/03/2021;1,26
Idex-CDI Geral JGP;05/03/2021;1,26
Idex-CDI Geral JGP;08/03/2021;1,26
Idex-CDI Geral JGP;09/03/2021;1,26
Idex-CDI Geral JGP;10/03/2021;1,26
Idex-CDI Geral JGP;11/03/2021;1,26
Idex-CDI Geral JGP;12/03/2021;1,26
Idex-CDI Geral JGP;15/03/2021;1,26
Idex-CDI Geral JGP;16/03/2021;1,26
Idex-CDI Geral JGP;17/03/2021;1,26
Idex-CDI Geral JGP;18/03/2021;1,26
Idex-CDI Geral JGP;19/03/2021;1,26
Idex-CDI Geral JGP;22/03/2021;1,26
Idex-CDI Geral JGP;23/03/2021;1,27
Idex-CDI Geral JGP;24/03/2021;1,27
Idex-CDI Geral JGP;25/03/2021;1,27
Idex-CDI Geral JGP;26/03/2021;1,27
Idex-CDI Geral JGP;29/03/2021;1,27
Idex-CDI Geral JGP;30/03/2021;1,27
Idex-CDI Geral JGP;31/03/2021;1,27
Idex-CDI Geral JGP;01/04/2021;1,27
Idex-CDI Geral JGP;05/04/2021;1,27
Idex-CDI Geral JGP;06/04/2021;1,27
Idex-CDI Geral JGP;07/04/2021;1,27
Idex-CDI Geral JGP;08/04/2021;1,27
Idex-CDI Geral JGP;09/04/2021;1,27
Idex-CDI Geral JGP;12/04/2021;1,27
Idex-CDI Geral JGP;13/04/2021;1,27
Idex-CDI Geral JGP;14/04/2021;1,27
Idex-CDI Geral JGP;15/04/2021;1,27
Idex-CDI Geral JGP;16/04/2021;1,27
Idex-CDI Geral JGP;19/04/2021;1,27
Idex-CDI Geral JGP;20/04/2021;1,27
Idex-CDI Geral JGP;22/04/2021;1,27
Idex-CDI Geral JGP;23/04/2021;1,27
Idex-CDI Geral JGP;26/04/2021;1,27
Idex-CDI Geral JGP;27/04/2021;1,27
Idex-CDI Geral JGP;28/04/2021;1,27
Idex-CDI Geral JGP;29/04/2021;1,27
Idex-CDI Geral JGP;30/04/2021;1,27
Idex-CDI Geral JGP;03/05/2021;1,27
Idex-CDI Geral JGP;04/05/2021;1,27
Idex-CDI Geral JGP;05/05/2021;1,27
Idex-CDI Geral JGP;06/05/2021;1,28
Idex-CDI Geral JGP;07/05/2021;1,28
Idex-CDI Geral JGP;10/05/2021;1,28
Idex-CDI Geral JGP;11/05/2021;1,28
Idex-CDI Geral JGP;12/05/2021;1,28
Idex-CDI Geral JGP;13/05/2021;1,28
Idex-CDI Geral JGP;14/05/2021;1,28
Idex-CDI Geral JGP;17/05/2021;1,28
Idex-CDI Geral JGP;18/05/2021;1,28
Idex-CDI Geral JGP;19/05/2021;1,28
Idex-CDI Geral JGP;20/05/2021;1,28
Idex-CDI Geral JGP;21/05/2021;1,28
Idex-CDI Geral JGP;24/05/2021;1,28
Idex-CDI Geral JGP;25/05/2021;1,28
Idex-CDI Geral JGP;26/05/2021;1,28
Idex-CDI Geral JGP;27/05/2021;1,28
Idex-CDI Geral JGP;28/05/2021;1,28
Idex-CDI Geral JGP;31/05/2021;1,28
Idex-CDI Geral JGP;01/06/2021;1,28
Idex-CDI Geral JGP;02/06/2021;1,28
Idex-CDI Geral JGP;04/06/2021;1,28
Idex-CDI Geral JGP;07/06/2021;1,28
Idex-CDI Geral JGP;08/06/2021;1,28
Idex-CDI Geral JGP;09/06/2021;1,28
Idex-CDI Geral JGP;10/06/2021;1,28
Idex-CDI Geral JGP;11/06/2021;1,28
Idex-CDI Geral JGP;14/06/2021;1,28
Idex-CDI Geral JGP;15/06/2021;1,28
Idex-CDI Geral JGP;16/06/2021;1,28
Idex-CDI Geral JGP;17/06/2021;1,28
Idex-CDI Geral JGP;18/06/2021;1,29
Idex-CDI Geral JGP;21/06/2021;1,29
Idex-CDI Geral JGP;22/06/2021;1,29
Idex-CDI Geral JGP;23/06/2021;1,29
Idex-CDI Geral JGP;24/06/2021;1,29
Idex-CDI Geral JGP;25/06/2021;1,29
Idex-CDI Geral JGP;28/06/2021;1,29
Idex-CDI Geral JGP;29/06/2021;1,29
Idex-CDI Geral JGP;30/06/2021;1,29
Idex-CDI Geral JGP;01/07/2021;1,29
Idex-CDI Geral JGP;02/07/2021;1,29
Idex-CDI Geral JGP;05/07/2021;1,29
Idex-CDI Geral JGP;06/07/2021;1,29
Idex-CDI Geral JGP;07/07/2021;1,29
Idex-CDI Geral JGP;08/07/2021;1,29
Idex-CDI Geral JGP;09/07/2021;1,29
Idex-CDI Geral JGP;12/07/2021;1,29
Idex-CDI Geral JGP;13/07/2021;1,29
Idex-CDI Geral JGP;14/07/2021;1,29
Idex-CDI Geral JGP;15/07/2021;1,29
Idex-CDI Geral JGP;16/07/2021;1,29
Idex-CDI Geral JGP;19/07/2021;1,29
Idex-CDI Geral JGP;20/07/2021;1,29
Idex-CDI Geral JGP;21/07/2021;1,3
Idex-CDI Geral JGP;22/07/2021;1,3
Idex-CDI Geral JGP;23/07/2021;1,3
Idex-CDI Geral JGP;26/07/2021;1,3
Idex-CDI Geral JGP;27/07/2021;1,3
Idex-CDI Geral JGP;28/07/2021;1,3
Idex-CDI Geral JGP;29/07/2021;1,3
Idex-CDI Geral JGP;30/07/2021;1,3
Idex-CDI Geral JGP;02/08/2021;1,3
Idex-CDI Geral JGP;03/08/2021;1,3
Idex-CDI Geral JGP;04/08/2021;1,3
Idex-CDI Geral JGP;05/08/2021;1,3
Idex-CDI Geral JGP;06/08/2021;1,3
Idex-CDI Geral JGP;09/08/2021;1,3
Idex-CDI Geral JGP;10/08/2021;1,3
Idex-CDI Geral JGP;11/08/2021;1,3
Idex-CDI Geral JGP;12/08/2021;1,3
Idex-CDI Geral JGP;13/08/2021;1,3
Idex-CDI Geral JGP;16/08/2021;1,3
Idex-CDI Geral JGP;17/08/2021;1,3
Idex-CDI Geral JGP;18/08/2021;1,3
Idex-CDI Geral JGP;19/08/2021;1,3
Idex-CDI Geral JGP;20/08/2021;1,3
Idex-CDI Geral JGP;23/08/2021;1,3
Idex-CDI Geral JGP;24/08/2021;1,31
Idex-CDI Geral JGP;25/08/2021;1,31
Idex-CDI Geral JGP;26/08/2021;1,31
Idex-CDI Geral JGP;27/08/2021;1,31
Idex-CDI Geral JGP;30/08/2021;1,31
Idex-CDI Geral JGP;31/08/2021;1,31
Idex-CDI Geral JGP;01/09/2021;1,31
Idex-CDI Geral JGP;02/09/2021;1,31
Idex-CDI Geral JGP;03/09/2021;1,31
Idex-CDI Geral JGP;06/09/2021;1,31
Idex-CDI Geral JGP;08/09/2021;1,31
Idex-CDI Geral JGP;09/09/2021;1,31
Idex-CDI Geral JGP;10/09/2021;1,31
Idex-CDI Geral JGP;13/09/2021;1,31
Idex-CDI Geral JGP;14/09/2021;1,31
Idex-CDI Geral JGP;15/09/2021;1,31
Idex-CDI Geral JGP;16/09/2021;1,31
Idex-CDI Geral JGP;17/09/2021;1,31
Idex-CDI Geral JGP;20/09/2021;1,31
Idex-CDI Geral JGP;21/09/2021;1,31
Idex-CDI Geral JGP;22/09/2021;1,31
Idex-CDI Geral JGP;23/09/2021;1,32
Idex-CDI Geral JGP;24/09/2021;1,32
Idex-CDI Geral JGP;27/09/2021;1,32
Idex-CDI Geral JGP;28/09/2021;1,32
Idex-CDI Geral JGP;29/09/2021;1,32
Idex-CDI Geral JGP;30/09/2021;1,32
Idex-CDI Geral JGP;01/10/2021;1,32
Idex-CDI Geral JGP;04/10/2021;1,32
Idex-CDI Geral JGP;05/10/2021;1,32
Idex-CDI Geral JGP;06/10/2021;1,32
Idex-CDI Geral JGP;07/10/2021;1,32
Idex-CDI Geral JGP;08/10/2021;1,32
Idex-CDI Geral JGP;11/10/2021;1,32
Idex-CDI Geral JGP;13/10/2021;1,32
Idex-CDI Geral JGP;14/10/2021;1,32
Idex-CDI Geral JGP;15/10/2021;1,32
Idex-CDI Geral JGP;18/10/2021;1,32
Idex-CDI Geral JGP;19/10/2021;1,32
Idex-CDI Geral JGP;20/10/2021;1,32
Idex-CDI Geral JGP;21/10/2021;1,32
Idex-CDI Geral JGP;22/10/2021;1,32
Idex-CDI Geral JGP;25/10/2021;1,32
Idex-CDI Geral JGP;26/10/2021;1,32
Idex-CDI Geral JGP;27/10/2021;1,32
Idex-CDI Geral JGP;28/10/2021;1,33
Idex-CDI Geral JGP;29/10/2021;1,33
Idex-CDI Geral JGP;01/11/2021;1,33
Idex-CDI Geral JGP;03/11/2021;1,33
Idex-CDI Geral JGP;04/11/2021;1,33
Idex-CDI Geral JGP;05/11/2021;1,33
Idex-CDI Geral JGP;08/11/2021;1,33
Idex-CDI Geral JGP;09/11/2021;1,33
Idex-CDI Geral JGP;10/11/2021;1,33
Idex-CDI Geral JGP;11/11/2021;1,33
Idex-CDI Geral JGP;12/11/2021;1,33
Idex-CDI Geral JGP;16/11/2021;1,33
Idex-CDI Geral JGP;17/11/2021;1,33
Idex-CDI Geral JGP;18/11/2021;1,33
Idex-CDI Geral JGP;19/11/2021;1,33
Idex-CDI Geral JGP;22/11/2021;1,33
Idex-CDI Geral JGP;23/11/2021;1,33
Idex-CDI Geral JGP;24/11/2021;1,33
Idex-CDI Geral JGP;25/11/2021;1,33
Idex-CDI Geral JGP;26/11/2021;1,33
Idex-CDI Geral JGP;29/11/2021;1,33
Idex-CDI Geral JGP;30/11/2021;1,33
Idex-CDI Geral JGP;01/12/2021;1,33
Idex-CDI Geral JGP;02/12/2021;1,34
Idex-CDI Geral JGP;03/12/2021;1,34
Idex-CDI Geral JGP;06/12/2021;1,34
Idex-CDI Geral JGP;07/12/2021;1,34
Idex-CDI Geral JGP;08/12/2021;1,34
Idex-CDI Geral JGP;09/12/2021;1,34
Idex-CDI Geral JGP;10/12/2021;1,34
Idex-CDI Geral JGP;13/12/2021;1,34
Idex-CDI Geral JGP;14/12/2021;1,34
Idex-CDI Geral JGP;15/12/2021;1,34
Idex-CDI Geral JGP;16/12/2021;1,34
Idex-CDI Geral JGP;17/12/2021;1,34
Idex-CDI Geral JGP;20/12/2021;1,34
Idex-CDI Geral JGP;21/12/2021;1,34
Idex-CDI Geral JGP;22/12/2021;1,34
Idex-CDI Geral JGP;23/12/2021;1,34
Idex-CDI Geral JGP;24/12/2021;1,34
Idex-CDI Geral JGP;27/12/2021;1,34
Idex-CDI Geral JGP;28/12/2021;1,34
Idex-CDI Geral JGP;29/12/2021;1,35
Idex-CDI Geral JGP;30/12/2021;1,35
Idex-CDI Geral JGP;31/12/2021;1,35
Idex-CDI Geral JGP;03/01/2022;1,35
Idex-CDI Geral JGP;04/01/2022;1,35
Idex-CDI Geral JGP;05/01/2022;1,35
Idex-CDI Geral JGP;06/01/2022;1,35
Idex-CDI Geral JGP;07/01/2022;1,35
Idex-CDI Geral JGP;10/01/2022;1,35
Idex-CDI Geral JGP;11/01/2022;1,35
Idex-CDI Geral JGP;12/01/2022;1,35
Idex-CDI Geral JGP;13/01/2022;1,35
Idex-CDI Geral JGP;14/01/2022;1,35
Idex-CDI Geral JGP;17/01/2022;1,35
Idex-CDI Geral JGP;18/01/2022;1,35
Idex-CDI Geral JGP;19/01/2022;1,35
Idex-CDI Geral JGP;20/01/2022;1,36
Idex-CDI Geral JGP;21/01/2022;1,36
Idex-CDI Geral JGP;24/01/2022;1,36
Idex-CDI Geral JGP;25/01/2022;1,36
Idex-CDI Geral JGP;26/01/2022;1,36
Idex-CDI Geral JGP;27/01/2022;1,36
Idex-CDI Geral JGP;28/01/2022;1,36
Idex-CDI Geral JGP;31/01/2022;1,36
Idex-CDI Geral JGP;01/02/2022;1,36
Idex-CDI Geral JGP;02/02/2022;1,36
Idex-CDI Geral JGP;03/02/2022;1,36
Idex-CDI Geral JGP;04/02/2022;1,36
Idex-CDI Geral JGP;07/02/2022;1,36
Idex-CDI Geral JGP;08/02/2022;1,36
Idex-CDI Geral JGP;09/02/2022;1,36
Idex-CDI Geral JGP;10/02/2022;1,36
Idex-CDI Geral JGP;11/02/2022;1,36
Idex-CDI Geral JGP;14/02/2022;1,37
Idex-CDI Geral JGP;15/02/2022;1,37
Idex-CDI Geral JGP;16/02/2022;1,37
Idex-CDI Geral JGP;17/02/2022;1,37
Idex-CDI Geral JGP;18/02/2022;1,37
Idex-CDI Geral JGP;21/02/2022;1,37
Idex-CDI Geral JGP;22/02/2022;1,37
Idex-CDI Geral JGP;23/02/2022;1,37
Idex-CDI Geral JGP;24/02/2022;1,37
Idex-CDI Geral JGP;25/02/2022;1,37
Idex-CDI Geral JGP;02/03/2022;1,37
Idex-CDI Geral JGP;03/03/2022;1,37
Idex-CDI Geral JGP;04/03/2022;1,37
Idex-CDI Geral JGP;07/03/2022;1,37
Idex-CDI Geral JGP;08/03/2022;1,38
Idex-CDI Geral JGP;09/03/2022;1,38
Idex-CDI Geral JGP;10/03/2022;1,38
Idex-CDI Geral JGP;11/03/2022;1,38
Idex-CDI Geral JGP;14/03/2022;1,38
Idex-CDI Geral JGP;15/03/2022;1,38
Idex-CDI Geral JGP;16/03/2022;1,38
Idex-CDI Geral JGP;17/03/2022;1,38
Idex-CDI Geral JGP;18/03/2022;1,38
Idex-CDI Geral JGP;21/03/2022;1,38
Idex-CDI Geral JGP;22/03/2022;1,38
Idex-CDI Geral JGP;23/03/2022;1,38
Idex-CDI Geral JGP;24/03/2022;1,38
Idex-CDI Geral JGP;25/03/2022;1,39
Idex-CDI Geral JGP;28/03/2022;1,39
Idex-CDI Geral JGP;29/03/2022;1,39
Idex-CDI Geral JGP;30/03/2022;1,39
Idex-CDI Geral JGP;31/03/2022;1,39
Idex-CDI Geral JGP;01/04/2022;1,39
Idex-CDI Geral JGP;04/04/2022;1,39
Idex-CDI Geral JGP;05/04/2022;1,39
Idex-CDI Geral JGP;06/04/2022;1,39
Idex-CDI Geral JGP;07/04/2022;1,39
Idex-CDI Geral JGP;08/04/2022;1,39
Idex-CDI Geral JGP;11/04/2022;1,39
Idex-CDI Geral JGP;12/04/2022;1,39
Idex-CDI Geral JGP;13/04/2022;1,39
Idex-CDI Geral JGP;14/04/2022;1,4
Idex-CDI Geral JGP;18/04/2022;1,4
Idex-CDI Geral JGP;19/04/2022;1,4
Idex-CDI Geral JGP;20/04/2022;1,4
Idex-CDI Geral JGP;22/04/2022;1,4
Idex-CDI Geral JGP;25/04/2022;1,4
Idex-CDI Geral JGP;26/04/2022;1,4
Idex-CDI Geral JGP;27/04/2022;1,4
Idex-CDI Geral JGP;28/04/2022;1,4
Idex-CDI Geral JGP;29/04/2022;1,4
Idex-CDI Geral JGP;02/05/2022;1,4
Idex-CDI Geral JGP;03/05/2022;1,4
Idex-CDI Geral JGP;04/05/2022;1,4
Idex-CDI Geral JGP;05/05/2022;1,41
Idex-CDI Geral JGP;06/05/2022;1,41
Idex-CDI Geral JGP;09/05/2022;1,41
Idex-CDI Geral JGP;10/05/2022;1,41
Idex-CDI Geral JGP;11/05/2022;1,41
Idex-CDI Geral JGP;12/05/2022;1,41
Idex-CDI Geral JGP;13/05/2022;1,41
Idex-CDI Geral JGP;16/05/2022;1,41
Idex-CDI Geral JGP;17/05/2022;1,41
Idex-CDI Geral JGP;18/05/2022;1,41
Idex-CDI Geral JGP;19/05/2022;1,41
Idex-CDI Geral JGP;20/05/2022;1,41
Idex-CDI Geral JGP;23/05/2022;1,42
Idex-CDI Geral JGP;24/05/2022;1,42
Idex-CDI Geral JGP;25/05/2022;1,42
Idex-CDI Geral JGP;26/05/2022;1,42
Idex-CDI Geral JGP;27/05/2022;1,42
Idex-CDI Geral JGP;30/05/2022;1,42
Idex-CDI Geral JGP;31/05/2022;1,42
Idex-CDI Geral JGP;01/06/2022;1,42
Idex-CDI Geral JGP;02/06/2022;1,42
Idex-CDI Geral JGP;03/06/2022;1,42
Idex-CDI Geral JGP;06/06/2022;1,42
Idex-CDI Geral JGP;07/06/2022;1,42
Idex-CDI Geral JGP;08/06/2022;1,42
Idex-CDI Geral JGP;09/06/2022;1,43
Idex-CDI Geral JGP;10/06/2022;1,43
Idex-CDI Geral JGP;13/06/2022;1,43
Idex-CDI Geral JGP;14/06/2022;1,43
Idex-CDI Geral JGP;15/06/2022;1,43
Idex-CDI Geral JGP;17/06/2022;1,43
Idex-CDI Geral JGP;20/06/2022;1,43
Idex-CDI Geral JGP;21/06/2022;1,43
Idex-CDI Geral JGP;22/06/2022;1,43
Idex-CDI Geral JGP;23/06/2022;1,43
Idex-CDI Geral JGP;24/06/2022;1,43
Idex-CDI Geral JGP;27/06/2022;1,43
Idex-CDI Geral JGP;28/06/2022;1,43
Idex-CDI Geral JGP;29/06/2022;1,44
Idex-CDI Geral JGP;30/06/2022;1,44
Idex-CDI Geral JGP;01/07/2022;1,44
Idex-CDI Geral JGP;04/07/2022;1,44
Idex-CDI Geral JGP;05/07/2022;1,44
Idex-CDI Geral JGP;06/07/2022;1,44
Idex-CDI Geral JGP;07/07/2022;1,44
Idex-CDI Geral JGP;08/07/2022;1,44
Idex-CDI Geral JGP;11/07/2022;1,44
Idex-CDI Geral JGP;12/07/2022;1,44
Idex-CDI Geral JGP;13/07/2022;1,44
Idex-CDI Geral JGP;14/07/2022;1,44
Idex-CDI Geral JGP;15/07/2022;1,44
Idex-CDI Geral JGP;18/07/2022;1,45
Idex-CDI Geral JGP;19/07/2022;1,45
Idex-CDI Geral JGP;20/07/2022;1,45
Idex-CDI Geral JGP;21/07/2022;1,45
Idex-CDI Geral JGP;22/07/2022;1,45
Idex-CDI Geral JGP;25/07/2022;1,45
Idex-CDI Geral JGP;26/07/2022;1,45
Idex-CDI Geral JGP;27/07/2022;1,45
Idex-CDI Geral JGP;28/07/2022;1,45
Idex-CDI Geral JGP;29/07/2022;1,45
Idex-CDI Geral JGP;01/08/2022;1,45
Idex-CDI Geral JGP;02/08/2022;1,45
Idex-CDI Geral JGP;03/08/2022;1,45
Idex-CDI Geral JGP;04/08/2022;1,46
Idex-CDI Geral JGP;05/08/2022;1,46
Idex-CDI Geral JGP;08/08/2022;1,46
Idex-CDI Geral JGP;09/08/2022;1,46
Idex-CDI Geral JGP;10/08/2022;1,46
Idex-CDI Geral JGP;11/08/2022;1,46
Idex-CDI Geral JGP;12/08/2022;1,46
Idex-CDI Geral JGP;15/08/2022;1,46
Idex-CDI Geral JGP;16/08/2022;1,46
Idex-CDI Geral JGP;17/08/2022;1,46
Idex-CDI Geral JGP;18/08/2022;1,46
Idex-CDI Geral JGP;19/08/2022;1,47
Idex-CDI Geral JGP;22/08/2022;1,47
Idex-CDI Geral JGP;23/08/2022;1,47
Idex-CDI Geral JGP;24/08/2022;1,47
Idex-CDI Geral JGP;25/08/2022;1,47
Idex-CDI Geral JGP;26/08/2022;1,47
Idex-CDI Geral JGP;29/08/2022;1,47
Idex-CDI Geral JGP;30/08/2022;1,47
Idex-CDI Geral JGP;31/08/2022;1,47
Idex-CDI Geral JGP;01/09/2022;1,47
Idex-CDI Geral JGP;02/09/2022;1,47
Idex-CDI Geral JGP;05/09/2022;1,48
Idex-CDI Geral JGP;06/09/2022;1,48
Idex-CDI Geral JGP;08/09/2022;1,48
Idex-CDI Geral JGP;09/09/2022;1,48
Idex-CDI Geral JGP;12/09/2022;1,48
Idex-CDI Geral JGP;13/09/2022;1,48
Idex-CDI Geral JGP;14/09/2022;1,48
Idex-CDI Geral JGP;15/09/2022;1,48
Idex-CDI Geral JGP;16/09/2022;1,48
Idex-CDI Geral JGP;19/09/2022;1,48
Idex-CDI Geral JGP;20/09/2022;1,48
Idex-CDI Geral JGP;21/09/2022;1,49
Idex-CDI Geral JGP;22/09/2022;1,49
Idex-CDI Geral JGP;23/09/2022;1,49
Idex-CDI Geral JGP;26/09/2022;1,49
Idex-CDI Geral JGP;27/09/2022;1,49
Idex-CDI Geral JGP;28/09/2022;1,49
Idex-CDI Geral JGP;29/09/2022;1,49
Idex-CDI Geral JGP;30/09/2022;1,49
Idex-CDI Geral JGP;03/10/2022;1,49
Idex-CDI Geral JGP;04/10/2022;1,49
Idex-CDI Geral JGP;05/10/2022;1,49
Idex-CDI Geral JGP;06/10/2022;1,5
Idex-CDI Geral JGP;07/10/2022;1,5
Idex-CDI Geral JGP;10/10/2022;1,5
Idex-CDI Geral JGP;11/10/2022;1,5
Idex-CDI Geral JGP;13/10/2022;1,5
Idex-CDI Geral JGP;14/10/2022;1,5
Idex-CDI Geral JGP;17/10/2022;1,5
Idex-CDI Geral JGP;18/10/2022;1,5
Idex-CDI Geral JGP;19/10/2022;1,5
Idex-CDI Geral JGP;20/10/2022;1,5
Idex-CDI Geral JGP;21/10/2022;1,5
Idex-CDI Geral JGP;24/10/2022;1,51
Idex-CDI Geral JGP;25/10/2022;1,51
Idex-CDI Geral JGP;26/10/2022;1,51
Idex-CDI Geral JGP;27/10/2022;1,51
Idex-CDI Geral JGP;28/10/2022;1,51
Idex-CDI Geral JGP;31/10/2022;1,51
Idex-CDI Geral JGP;01/11/2022;1,51
Idex-CDI Geral JGP;03/11/2022;1,51
Idex-CDI Geral JGP;04/11/2022;1,51
Idex-CDI Geral JGP;07/11/2022;1,51
Idex-CDI Geral JGP;08/11/2022;1,51
Idex-CDI Geral JGP;09/11/2022;1,52
Idex-CDI Geral JGP;10/11/2022;1,52
Idex-CDI Geral JGP;11/11/2022;1,52
Idex-CDI Geral JGP;14/11/2022;1,52
Idex-CDI Geral JGP;16/11/2022;1,52
Idex-CDI Geral JGP;17/11/2022;1,52
Idex-CDI Geral JGP;18/11/2022;1,52
Idex-CDI Geral JGP;21/11/2022;1,52
Idex-CDI Geral JGP;22/11/2022;1,52
Idex-CDI Geral JGP;23/11/2022;1,52
Idex-CDI Geral JGP;24/11/2022;1,52
Idex-CDI Geral JGP;25/11/2022;1,52
Idex-CDI Geral JGP;28/11/2022;1,53
Idex-CDI Geral JGP;29/11/2022;1,53
Idex-CDI Geral JGP;30/11/2022;1,53
Idex-CDI Geral JGP;01/12/2022;1,53
Idex-CDI Geral JGP;02/12/2022;1,53
Idex-CDI Geral JGP;05/12/2022;1,53
Idex-CDI Geral JGP;06/12/2022;1,53
Idex-CDI Geral JGP;07/12/2022;1,53
Idex-CDI Geral JGP;08/12/2022;1,53
Idex-CDI Geral JGP;09/12/2022;1,53
Idex-CDI Geral JGP;12/12/2022;1,54
Idex-CDI Geral JGP;13/12/2022;1,54
Idex-CDI Geral JGP;14/12/2022;1,54
Idex-CDI Geral JGP;15/12/2022;1,54
Idex-CDI Geral JGP;16/12/2022;1,54
Idex-CDI Geral JGP;19/12/2022;1,54
Idex-CDI Geral JGP;20/12/2022;1,54
Idex-CDI Geral JGP;21/12/2022;1,54
Idex-CDI Geral JGP;22/12/2022;1,54
Idex-CDI Geral JGP;23/12/2022;1,54
Idex-CDI Geral JGP;26/12/2022;1,54
Idex-CDI Geral JGP;27/12/2022;1,54
Idex-CDI Geral JGP;28/12/2022;1,55
Idex-CDI Geral JGP;29/12/2022;1,55
Idex-CDI Geral JGP;30/12/2022;1,55
Idex-CDI Geral JGP;02/01/2023;1,55
Idex-CDI Geral JGP;03/01/2023;1,55
Idex-CDI Geral JGP;04/01/2023;1,55
Idex-CDI Geral JGP;05/01/2023;1,55
Idex-CDI Geral JGP;06/01/2023;1,55
Idex-CDI Geral JGP;09/01/2023;1,55
Idex-CDI Geral JGP;10/01/2023;1,55
Idex-CDI Geral JGP;11/01/2023;1,55
Idex-CDI Geral JGP;12/01/2023;1,55
Idex-CDI Geral JGP;13/01/2023;1,53
Idex-CDI Geral JGP;16/01/2023;1,52
Idex-CDI Geral JGP;17/01/2023;1,51
Idex-CDI Geral JGP;18/01/2023;1,52
Idex-CDI Geral JGP;19/01/2023;1,5
Idex-CDI Geral JGP;20/01/2023;1,51
Idex-CDI Geral JGP;23/01/2023;1,51
Idex-CDI Geral JGP;24/01/2023;1,51
Idex-CDI Geral JGP;25/01/2023;1,51
Idex-CDI Geral JGP;26/01/2023;1,51
Idex-CDI Geral JGP;27/01/2023;1,51
Idex-CDI Geral JGP;30/01/2023;1,51
Idex-CDI Geral JGP;31/01/2023;1,51
Idex-CDI Geral JGP;01/02/2023;1,51
Idex-CDI Geral JGP;02/02/2023;1,51
Idex-CDI Geral JGP;03/02/2023;1,51
Idex-CDI Geral JGP;06/02/2023;1,51
Idex-CDI Geral JGP;07/02/2023;1,51
Idex-CDI Geral JGP;08/02/2023;1,5
Idex-CDI Geral JGP;09/02/2023;1,5
Idex-CDI Geral JGP;10/02/2023;1,5
Idex-CDI Geral JGP;13/02/2023;1,49
Idex-CDI Geral JGP;14/02/2023;1,49
Idex-CDI Geral JGP;15/02/2023;1,49
Idex-CDI Geral JGP;16/02/2023;1,49
Idex-CDI Geral JGP;17/02/2023;1,49
Idex-CDI Geral JGP;22/02/2023;1,49
Idex-CDI Geral JGP;23/02/2023;1,49
Idex-CDI Geral JGP;24/02/2023;1,49
Idex-CDI Geral JGP;27/02/2023;1,49
Idex-CDI Geral JGP;28/02/2023;1,49
Idex-CDI Geral JGP;01/03/2023;1,5
Idex-CDI Geral JGP;02/03/2023;1,5
Idex-CDI Geral JGP;03/03/2023;1,5
Idex-CDI Geral JGP;06/03/2023;1,5
Idex-CDI Geral JGP;07/03/2023;1,5
Idex-CDI Geral JGP;08/03/2023;1,5
Idex-CDI Geral JGP;09/03/2023;1,5
Idex-CDI Geral JGP;10/03/2023;1,5
Idex-CDI Geral JGP;13/03/2023;1,5
Idex-CDI Geral JGP;14/03/2023;1,5
Idex-CDI Geral JGP;15/03/2023;1,5
Idex-CDI Geral JGP;16/03/2023;1,5
Idex-CDI Geral JGP;17/03/2023;1,5
Idex-CDI Geral JGP;20/03/2023;1,5
Idex-CDI Geral JGP;21/03/2023;1,5
Idex-CDI Geral JGP;22/03/2023;1,5
Idex-CDI Geral JGP;23/03/2023;1,5
Idex-CDI Geral JGP;24/03/2023;1,5
Idex-CDI Geral JGP;27/03/2023;1,5
Idex-CDI Geral JGP;28/03/2023;1,51
Idex-CDI Geral JGP;29/03/2023;1,51
Idex-CDI Geral JGP;30/03/2023;1,51
Idex-CDI Geral JGP;31/03/2023;1,51
Idex-CDI Geral JGP;03/04/2023;1,51
Idex-CDI Geral JGP;04/04/2023;1,51
Idex-CDI Geral JGP;05/04/2023;1,51
Idex-CDI Geral JGP;06/04/2023;1,52
Idex-CDI Geral JGP;10/04/2023;1,52
Idex-CDI Geral JGP;11/04/2023;1,52
Idex-CDI Geral JGP;12/04/2023;1,52
Idex-CDI Geral JGP;13/04/2023;1,52
Idex-CDI Geral JGP;14/04/2023;1,52
Idex-CDI Geral JGP;17/04/2023;1,52
Idex-CDI Geral JGP;18/04/2023;1,52
Idex-CDI Geral JGP;19/04/2023;1,52
Idex-CDI Geral JGP;20/04/2023;1,52
Idex-CDI Geral JGP;24/04/2023;1,52
Idex-CDI Geral JGP;25/04/2023;1,52
Idex-CDI Geral JGP;26/04/2023;1,52
Idex-CDI Geral JGP;27/04/2023;1,52
Idex-CDI Geral JGP;28/04/2023;1,52
Idex-CDI Geral JGP;02/05/2023;1,52
Idex-CDI Geral JGP;03/05/2023;1,52
Idex-CDI Geral JGP;04/05/2023;1,52
Idex-CDI Geral JGP;05/05/2023;1,53
Idex-CDI Geral JGP;08/05/2023;1,53
Idex-CDI Geral JGP;09/05/2023;1,53
Idex-CDI Geral JGP;10/05/2023;1,53
Idex-CDI Geral JGP;11/05/2023;1,53
Idex-CDI Geral JGP;12/05/2023;1,53
Idex-CDI Geral JGP;15/05/2023;1,53
Idex-CDI Geral JGP;16/05/2023;1,53
Idex-CDI Geral JGP;17/05/2023;1,53
Idex-CDI Geral JGP;18/05/2023;1,54
Idex-CDI Geral JGP;19/05/2023;1,54
Idex-CDI Geral JGP;22/05/2023;1,54
Idex-CDI Geral JGP;23/05/2023;1,54
Idex-CDI Geral JGP;24/05/2023;1,54
Idex-CDI Geral JGP;25/05/2023;1,55
Idex-CDI Geral JGP;26/05/2023;1,55
Idex-CDI Geral JGP;29/05/2023;1,55
Idex-CDI Geral JGP;30/05/2023;1,55
Idex-CDI Geral JGP;31/05/2023;1,55
Idex-CDI Geral JGP;01/06/2023;1,55
Idex-CDI Geral JGP;02/06/2023;1,55
Idex-CDI Geral JGP;05/06/2023;1,55
Idex-CDI Geral JGP;06/06/2023;1,56
Idex-CDI Geral JGP;07/06/2023;1,56
Idex-CDI Geral JGP;09/06/2023;1,56
Idex-CDI Geral JGP;12/06/2023;1,56
Idex-CDI Geral JGP;13/06/2023;1,56
Idex-CDI Geral JGP;14/06/2023;1,56
Idex-CDI Geral JGP;15/06/2023;1,56
Idex-CDI Geral JGP;16/06/2023;1,56
Idex-CDI Geral JGP;19/06/2023;1,56
Idex-CDI Geral JGP;20/06/2023;1,57
Idex-CDI Geral JGP;21/06/2023;1,57
Idex-CDI Geral JGP;22/06/2023;1,57
Idex-CDI Geral JGP;23/06/2023;1,57
Idex-CDI Geral JGP;26/06/2023;1,57
Idex-CDI Geral JGP;27/06/2023;1,57
Idex-CDI Geral JGP;28/06/2023;1,57
Idex-CDI Geral JGP;29/06/2023;1,57
Idex-CDI Geral JGP;30/06/2023;1,57
Idex-CDI Geral JGP;03/07/2023;1,57
Idex-CDI Geral JGP;04/07/2023;1,57
Idex-CDI Geral JGP;05/07/2023;1,57
Idex-CDI Geral JGP;06/07/2023;1,57
Idex-CDI Geral JGP;07/07/2023;1,57
Idex-CDI Geral JGP;10/07/2023;1,58
Idex-CDI Geral JGP;11/07/2023;1,58
Idex-CDI Geral JGP;12/07/2023;1,58
Idex-CDI Geral JGP;13/07/2023;1,58
Idex-CDI Geral JGP;14/07/2023;1,58
Idex-CDI Geral JGP;17/07/2023;1,58
Idex-CDI Geral JGP;18/07/2023;1,58
Idex-CDI Geral JGP;19/07/2023;1,59
Idex-CDI Geral JGP;20/07/2023;1,59
Idex-CDI Geral JGP;21/07/2023;1,59
Idex-CDI Geral JGP;24/07/2023;1,59
Idex-CDI Geral JGP;25/07/2023;1,59
Idex-CDI Geral JGP;26/07/2023;1,59
Idex-CDI Geral JGP;27/07/2023;1,6
Idex-CDI Geral JGP;28/07/2023;1,59
Idex-CDI Geral JGP;31/07/2023;1,6
Idex-CDI Geral JGP;01/08/2023;1,6
Idex-CDI Geral JGP;02/08/2023;1,6
Idex-CDI Geral JGP;03/08/2023;1,6
Idex-CDI Geral JGP;04/08/2023;1,6
Idex-CDI Geral JGP;07/08/2023;1,6
Idex-CDI Geral JGP;08/08/2023;1,6
Idex-CDI Geral JGP;09/08/2023;1,6
Idex-CDI Geral JGP;10/08/2023;1,61
Idex-CDI Geral JGP;11/08/2023;1,61
Idex-CDI Geral JGP;14/08/2023;1,61
Idex-CDI Geral JGP;15/08/2023;1,61
Idex-CDI Geral JGP;16/08/2023;1,61
Idex-CDI Geral JGP;17/08/2023;1,61
Idex-CDI Geral JGP;18/08/2023;1,61
Idex-CDI Geral JGP;21/08/2023;1,62
Idex-CDI Geral JGP;22/08/2023;1,62
Idex-CDI Geral JGP;23/08/2023;1,62
Idex-CDI Geral JGP;24/08/2023;1,62
Idex-CDI Geral JGP;25/08/2023;1,62
Idex-CDI Geral JGP;28/08/2023;1,62
Idex-CDI Geral JGP;29/08/2023;1,62
Idex-CDI Geral JGP;30/08/2023;1,63
Idex-CDI Geral JGP;31/08/2023;1,63
Idex-CDI Geral JGP;01/09/2023;1,63
Idex-CDI Geral JGP;04/09/2023;1,63
Idex-CDI Geral JGP;05/09/2023;1,63
Idex-CDI Geral JGP;06/09/2023;1,63
Idex-CDI Geral JGP;08/09/2023;1,63
Idex-CDI Geral JGP;11/09/2023;1,63
Idex-CDI Geral JGP;12/09/2023;1,63
Idex-CDI Geral JGP;13/09/2023;1,63
Idex-CDI Geral JGP;14/09/2023;1,64
Idex-CDI Geral JGP;15/09/2023;1,64
Idex-CDI Geral JGP;18/09/2023;1,64
Idex-CDI Geral JGP;19/09/2023;1,64
Idex-CDI Geral JGP;20/09/2023;1,64
Idex-CDI Geral JGP;21/09/2023;1,64
Idex-CDI Geral JGP;22/09/2023;1,64
Idex-CDI Geral JGP;25/09/2023;1,64
Idex-CDI Geral JGP;26/09/2023;1,65
Idex-CDI Geral JGP;27/09/2023;1,65
Idex-CDI Geral JGP;28/09/2023;1,65
Idex-CDI Geral JGP;29/09/2023;1,65
Idex-CDI Geral JGP;02/10/2023;1,65
Idex-CDI Geral JGP;03/10/2023;1,65
Idex-CDI Geral JGP;04/10/2023;1,65
Idex-CDI Geral JGP;05/10/2023;1,65
Idex-CDI Geral JGP;06/10/2023;1,65
Idex-CDI Geral JGP;09/10/2023;1,65
Idex-CDI Geral JGP;10/10/2023;1,65
Idex-CDI Geral JGP;11/10/2023;1,65
Idex-CDI Geral JGP;13/10/2023;1,65
Idex-CDI Geral JGP;16/10/2023;1,66
Idex-CDI Geral JGP;17/10/2023;1,66
Idex-CDI Geral JGP;18/10/2023;1,66
Idex-CDI Geral JGP;19/10/2023;1,66
Idex-CDI Geral JGP;20/10/2023;1,66
Idex-CDI Geral JGP;23/10/2023;1,66
Idex-CDI Geral JGP;24/10/2023;1,66
Idex-CDI Geral JGP;25/10/2023;1,67
Idex-CDI Geral JGP;26/10/2023;1,67
Idex-CDI Geral JGP;27/10/2023;1,67
Idex-CDI Geral JGP;30/10/2023;1,67
Idex-CDI Geral JGP;31/10/2023;1,67
Idex-CDI Geral JGP;01/11/2023;1,67
Idex-CDI Geral JGP;03/11/2023;1,67
Idex-CDI Geral JGP;06/11/2023;1,67
Idex-CDI Geral JGP;07/11/2023;1,67
Idex-CDI Geral JGP;08/11/2023;1,68
Idex-CDI Geral JGP;09/11/2023;1,68
Idex-CDI Geral JGP;10/11/2023;1,68
Idex-CDI Geral JGP;13/11/2023;1,68
Idex-CDI Geral JGP;14/11/2023;1,68
Idex-CDI Geral JGP;16/11/2023;1,68
Idex-CDI Geral JGP;17/11/2023;1,68
Idex-CDI Geral JGP;20/11/2023;1,68
Idex-CDI Geral JGP;21/11/2023;1,68
Idex-CDI Geral JGP;22/11/2023;1,69
Idex-CDI Geral JGP;23/11/2023;1,69
Idex-CDI Geral JGP;24/11/2023;1,69
Idex-CDI Geral JGP;27/11/2023;1,69
Idex-CDI Geral JGP;28/11/2023;1,69
Idex-CDI Geral JGP;29/11/2023;1,69
Idex-CDI Geral JGP;30/11/2023;1,69
Idex-CDI Geral JGP;01/12/2023;1,69
Idex-CDI Geral JGP;04/12/2023;1,69
Idex-CDI Geral JGP;05/12/2023;1,69
Idex-CDI Geral JGP;06/12/2023;1,69
Idex-CDI Geral JGP;07/12/2023;1,69
Idex-CDI Geral JGP;08/12/2023;1,7
Idex-CDI Geral JGP;11/12/2023;1,7
Idex-CDI Geral JGP;12/12/2023;1,7
Idex-CDI Geral JGP;13/12/2023;1,7
Idex-CDI Geral JGP;14/12/2023;1,7
Idex-CDI Geral JGP;15/12/2023;1,7
Idex-CDI Geral JGP;18/12/2023;1,7
Idex-CDI Geral JGP;19/12/2023;1,7
Idex-CDI Geral JGP;20/12/2023;1,7
IHFA;01/10/2007;984,08
IHFA;02/10/2007;984,05
IHFA;03/10/2007;983,49
IHFA;04/10/2007;983,59
IHFA;05/10/2007;985,1
IHFA;08/10/2007;984,89
IHFA;09/10/2007;985,83
IHFA;10/10/2007;985,37
IHFA;11/10/2007;986,97
IHFA;15/10/2007;985,19
IHFA;16/10/2007;983,52
IHFA;17/10/2007;984,73
IHFA;18/10/2007;984,88
IHFA;19/10/2007;985,8
IHFA;22/10/2007;983,17
IHFA;23/10/2007;985,75
IHFA;24/10/2007;985,08
IHFA;25/10/2007;985,75
IHFA;26/10/2007;988,96
IHFA;29/10/2007;991,65
IHFA;30/10/2007;991,56
IHFA;31/10/2007;992,4
IHFA;01/11/2007;992,77
IHFA;05/11/2007;992,55
IHFA;06/11/2007;993,21
IHFA;07/11/2007;992,98
IHFA;08/11/2007;993,12
IHFA;09/11/2007;991,76
IHFA;12/11/2007;989,98
IHFA;13/11/2007;988,71
IHFA;14/11/2007;991,55
IHFA;16/11/2007;990,89
IHFA;19/11/2007;989,11
IHFA;20/11/2007;989,26
IHFA;21/11/2007;985,69
IHFA;22/11/2007;986,15
IHFA;23/11/2007;986,7
IHFA;26/11/2007;986,4
IHFA;27/11/2007;983,35
IHFA;28/11/2007;986,23
IHFA;29/11/2007;988,13
IHFA;30/11/2007;990,68
IHFA;03/12/2007;991,28
IHFA;04/12/2007;990,3
IHFA;05/12/2007;991,62
IHFA;06/12/2007;993,38
IHFA;07/12/2007;994,8
IHFA;10/12/2007;994,29
IHFA;11/12/2007;995,5
IHFA;12/12/2007;994,47
IHFA;13/12/2007;992,34
IHFA;14/12/2007;993,47
IHFA;17/12/2007;991,4
IHFA;18/12/2007;990,16
IHFA;19/12/2007;991,63
IHFA;20/12/2007;991,67
IHFA;21/12/2007;993,55
IHFA;24/12/2007;993,89
IHFA;26/12/2007;996,84
IHFA;27/12/2007;997,32
IHFA;28/12/2007;999,24
IHFA;31/12/2007;999,71
IHFA;02/01/2008;1000,96
IHFA;03/01/2008;1003,29
IHFA;04/01/2008;1001,8
IHFA;07/01/2008;1000,87
IHFA;08/01/2008;1002,24
IHFA;09/01/2008;1001,75
IHFA;10/01/2008;1003,06
IHFA;11/01/2008;1003,12
IHFA;14/01/2008;1003,37
IHFA;15/01/2008;1001,74
IHFA;16/01/2008;999,95
IHFA;17/01/2008;998,85
IHFA;18/01/2008;997,93
IHFA;21/01/2008;992,75
IHFA;22/01/2008;994,59
IHFA;23/01/2008;992,37
IHFA;24/01/2008;996,45
IHFA;25/01/2008;996,89
IHFA;28/01/2008;996,67
IHFA;29/01/2008;998,28
IHFA;30/01/2008;998,34
IHFA;31/01/2008;998,28
IHFA;01/02/2008;1000,8
IHFA;06/02/2008;1000,85
IHFA;07/02/2008;1001,21
IHFA;08/02/2008;1001,75
IHFA;11/02/2008;1002,85
IHFA;12/02/2008;1004,79
IHFA;13/02/2008;1005,03
IHFA;14/02/2008;1006,79
IHFA;15/02/2008;1005,84
IHFA;18/02/2008;1008,52
IHFA;19/02/2008;1010,52
IHFA;20/02/2008;1010,79
IHFA;21/02/2008;1014,07
IHFA;22/02/2008;1013,77
IHFA;25/02/2008;1013,69
IHFA;26/02/2008;1013,48
IHFA;27/02/2008;1013,93
IHFA;28/02/2008;1015,26
IHFA;29/02/2008;1015,6
IHFA;03/03/2008;1015,92
IHFA;04/03/2008;1015,2
IHFA;05/03/2008;1016,59
IHFA;06/03/2008;1015,94
IHFA;07/03/2008;1014,71
IHFA;10/03/2008;1011,82
IHFA;11/03/2008;1011,77
IHFA;12/03/2008;1012,87
IHFA;13/03/2008;1008,4
IHFA;14/03/2008;1006,92
IHFA;17/03/2008;1004,43
IHFA;18/03/2008;1006,86
IHFA;19/03/2008;1004,45
IHFA;20/03/2008;1002,11
IHFA;24/03/2008;1001,73
IHFA;25/03/2008;1000,24
IHFA;26/03/2008;1000,77
IHFA;27/03/2008;1000,62
IHFA;28/03/2008;1000,45
IHFA;31/03/2008;1000
IHFA;01/04/2008;1000,66
IHFA;02/04/2008;1002,4
IHFA;03/04/2008;1004,47
IHFA;04/04/2008;1005,16
IHFA;07/04/2008;1006,3
IHFA;08/04/2008;1006,52
IHFA;09/04/2008;1007,63
IHFA;10/04/2008;1007,66
IHFA;11/04/2008;1008,42
IHFA;14/04/2008;1007,79
IHFA;15/04/2008;1008,59
IHFA;16/04/2008;1009,83
IHFA;17/04/2008;1010,75
IHFA;18/04/2008;1011,07
IHFA;22/04/2008;1012,18
IHFA;23/04/2008;1013,17
IHFA;24/04/2008;1012,93
IHFA;25/04/2008;1012,98
IHFA;28/04/2008;1012,45
IHFA;29/04/2008;1013,27
IHFA;30/04/2008;1015,03
IHFA;02/05/2008;1020,17
IHFA;05/05/2008;1020,32
IHFA;06/05/2008;1020,87
IHFA;07/05/2008;1020,6
IHFA;08/05/2008;1022,4
IHFA;09/05/2008;1023,52
IHFA;12/05/2008;1024,91
IHFA;13/05/2008;1025,95
IHFA;14/05/2008;1025,76
IHFA;15/05/2008;1025,99
IHFA;16/05/2008;1027,23
IHFA;19/05/2008;1028,65
IHFA;20/05/2008;1029,01
IHFA;21/05/2008;1028,71
IHFA;23/05/2008;1029,86
IHFA;26/05/2008;1030,61
IHFA;27/05/2008;1030,01
IHFA;28/05/2008;1031,87
IHFA;29/05/2008;1032,08
IHFA;30/05/2008;1033,99
IHFA;02/06/2008;1034,81
IHFA;03/06/2008;1034,94
IHFA;04/06/2008;1033,8
IHFA;05/06/2008;1036,8
IHFA;06/06/2008;1037,4
IHFA;09/06/2008;1038,53
IHFA;10/06/2008;1037,84
IHFA;11/06/2008;1038
IHFA;12/06/2008;1039,01
IHFA;13/06/2008;1039,61
IHFA;16/06/2008;1040,61
IHFA;17/06/2008;1041,44
IHFA;18/06/2008;1041,24
IHFA;19/06/2008;1040,74
IHFA;20/06/2008;1039,87
IHFA;23/06/2008;1040,24
IHFA;24/06/2008;1040,51
IHFA;25/06/2008;1042,41
IHFA;26/06/2008;1041,37
IHFA;27/06/2008;1041,77
IHFA;30/06/2008;1043,34
IHFA;01/07/2008;1042,23
IHFA;02/07/2008;1039,72
IHFA;03/07/2008;1039,13
IHFA;04/07/2008;1039,13
IHFA;07/07/2008;1040,03
IHFA;08/07/2008;1039,46
IHFA;09/07/2008;1039,96
IHFA;10/07/2008;1040,08
IHFA;11/07/2008;1039,7
IHFA;14/07/2008;1041,14
IHFA;15/07/2008;1041,31
IHFA;16/07/2008;1041,8
IHFA;17/07/2008;1039,67
IHFA;18/07/2008;1039,37
IHFA;21/07/2008;1040,48
IHFA;22/07/2008;1039,82
IHFA;23/07/2008;1039,48
IHFA;24/07/2008;1037,54
IHFA;25/07/2008;1037,66
IHFA;28/07/2008;1038,34
IHFA;29/07/2008;1039,54
IHFA;30/07/2008;1042,63
IHFA;31/07/2008;1042,86
IHFA;01/08/2008;1040,91
IHFA;04/08/2008;1037,6
IHFA;05/08/2008;1037,88
IHFA;06/08/2008;1039,43
IHFA;07/08/2008;1038,64
IHFA;08/08/2008;1038,11
IHFA;11/08/2008;1036,1
IHFA;12/08/2008;1035,48
IHFA;13/08/2008;1034,49
IHFA;14/08/2008;1035,29
IHFA;15/08/2008;1035,03
IHFA;18/08/2008;1034,13
IHFA;19/08/2008;1034,86
IHFA;20/08/2008;1037,45
IHFA;21/08/2008;1038,38
IHFA;22/08/2008;1038,6
IHFA;25/08/2008;1036,4
IHFA;26/08/2008;1036,52
IHFA;27/08/2008;1037,24
IHFA;28/08/2008;1038,28
IHFA;29/08/2008;1038,23
IHFA;01/09/2008;1038,2
IHFA;02/09/2008;1036,88
IHFA;03/09/2008;1035,37
IHFA;04/09/2008;1031,92
IHFA;05/09/2008;1033,19
IHFA;08/09/2008;1032,04
IHFA;09/09/2008;1028,62
IHFA;10/09/2008;1030,6
IHFA;11/09/2008;1032,2
IHFA;12/09/2008;1034,21
IHFA;15/09/2008;1027,25
IHFA;16/09/2008;1025,32
IHFA;17/09/2008;1018,1
IHFA;18/09/2008;1018,45
IHFA;19/09/2008;1029,45
IHFA;22/09/2008;1027,28
IHFA;23/09/2008;1022,66
IHFA;24/09/2008;1021,83
IHFA;25/09/2008;1025,29
IHFA;26/09/2008;1024,6
IHFA;29/09/2008;1014,79
IHFA;30/09/2008;1021,37
IHFA;01/10/2008;1022,46
IHFA;02/10/2008;1016,76
IHFA;03/10/2008;1014,67
IHFA;06/10/2008;1003,62
IHFA;07/10/2008;999,9
IHFA;08/10/2008;997,03
IHFA;09/10/2008;997,18
IHFA;10/10/2008;992,59
IHFA;13/10/2008;1004,67
IHFA;14/10/2008;1007,7
IHFA;15/10/2008;1000,51
IHFA;16/10/2008;998,97
IHFA;17/10/2008;1000,24
IHFA;20/10/2008;1006,88
IHFA;21/10/2008;1007,04
IHFA;22/10/2008;994,79
IHFA;23/10/2008;990,81
IHFA;24/10/2008;982,22
IHFA;27/10/2008;979,58
IHFA;28/10/2008;989
IHFA;29/10/2008;993,47
IHFA;30/10/2008;1000,32
IHFA;31/10/2008;1000,74
IHFA;03/11/2008;1004,01
IHFA;04/11/2008;1008,83
IHFA;05/11/2008;1004,92
IHFA;06/11/2008;1003,62
IHFA;07/11/2008;1007,05
IHFA;10/11/2008;1007,44
IHFA;11/11/2008;1008,68
IHFA;12/11/2008;1004,49
IHFA;13/11/2008;1007,26
IHFA;14/11/2008;1008,11
IHFA;17/11/2008;1008,57
IHFA;18/11/2008;1006,01
IHFA;19/11/2008;1005,52
IHFA;20/11/2008;1006,18
IHFA;21/11/2008;1003,72
IHFA;24/11/2008;1008,16
IHFA;25/11/2008;1009,94
IHFA;26/11/2008;1013,59
IHFA;27/11/2008;1014,02
IHFA;28/11/2008;1017,84
IHFA;01/12/2008;1015,46
IHFA;02/12/2008;1017,81
IHFA;03/12/2008;1018,17
IHFA;04/12/2008;1017,74
IHFA;05/12/2008;1018,44
IHFA;08/12/2008;1023,71
IHFA;09/12/2008;1024,27
IHFA;10/12/2008;1026,18
IHFA;11/12/2008;1026,52
IHFA;12/12/2008;1028,91
IHFA;15/12/2008;1027,12
IHFA;16/12/2008;1030,84
IHFA;17/12/2008;1032,46
IHFA;18/12/2008;1035,31
IHFA;19/12/2008;1035,52
IHFA;22/12/2008;1034,55
IHFA;23/12/2008;1033,83
IHFA;24/12/2008;1034,29
IHFA;26/12/2008;1035,42
IHFA;29/12/2008;1036,22
IHFA;30/12/2008;1037,33
IHFA;31/12/2008;1037,86
IHFA;02/01/2009;1042,6
IHFA;05/01/2009;1044,43
IHFA;06/01/2009;1047,79
IHFA;07/01/2009;1046,27
IHFA;08/01/2009;1049,51
IHFA;09/01/2009;1051,93
IHFA;12/01/2009;1049,66
IHFA;13/01/2009;1051,83
IHFA;14/01/2009;1048,65
IHFA;15/01/2009;1051,13
IHFA;16/01/2009;1053,3
IHFA;19/01/2009;1053,23
IHFA;20/01/2009;1052,86
IHFA;21/01/2009;1056,4
IHFA;22/01/2009;1056,7
IHFA;23/01/2009;1058,55
IHFA;26/01/2009;1059,15
IHFA;27/01/2009;1059,91
IHFA;28/01/2009;1061,88
IHFA;29/01/2009;1059,51
IHFA;30/01/2009;1059,56
IHFA;02/02/2009;1060,15
IHFA;03/02/2009;1061,38
IHFA;04/02/2009;1062,04
IHFA;05/02/2009;1063,96
IHFA;06/02/2009;1067,07
IHFA;09/02/2009;1067,18
IHFA;10/02/2009;1067,21
IHFA;11/02/2009;1067
IHFA;12/02/2009;1066,72
IHFA;13/02/2009;1068,48
IHFA;16/02/2009;1069,63
IHFA;17/02/2009;1068,18
IHFA;18/02/2009;1069
IHFA;19/02/2009;1069,83
IHFA;20/02/2009;1069,39
IHFA;25/02/2009;1069,53
IHFA;26/02/2009;1070,07
IHFA;27/02/2009;1071,63
IHFA;02/03/2009;1068,94
IHFA;03/03/2009;1069,03
IHFA;04/03/2009;1071,51
IHFA;05/03/2009;1070,54
IHFA;06/03/2009;1072,75
IHFA;09/03/2009;1073,34
IHFA;10/03/2009;1076,59
IHFA;11/03/2009;1077,05
IHFA;12/03/2009;1078,34
IHFA;13/03/2009;1078,53
IHFA;16/03/2009;1079,15
IHFA;17/03/2009;1080,35
IHFA;18/03/2009;1082,04
IHFA;19/03/2009;1083,84
IHFA;20/03/2009;1084,17
IHFA;23/03/2009;1086,95
IHFA;24/03/2009;1086,3
IHFA;25/03/2009;1086,31
IHFA;26/03/2009;1088,09
IHFA;27/03/2009;1087,33
IHFA;30/03/2009;1086,23
IHFA;31/03/2009;1086,56
IHFA;01/04/2009;1089,98
IHFA;02/04/2009;1093,18
IHFA;03/04/2009;1096,41
IHFA;06/04/2009;1097,62
IHFA;07/04/2009;1098,77
IHFA;08/04/2009;1101,62
IHFA;09/04/2009;1105,27
IHFA;13/04/2009;1105,72
IHFA;14/04/2009;1103,87
IHFA;15/04/2009;1105,42
IHFA;16/04/2009;1107,31
IHFA;17/04/2009;1106,99
IHFA;20/04/2009;1104,57
IHFA;22/04/2009;1106,83
IHFA;23/04/2009;1107,31
IHFA;24/04/2009;1110,91
IHFA;27/04/2009;1111,54
IHFA;28/04/2009;1113,54
IHFA;29/04/2009;1117,63
IHFA;30/04/2009;1118,67
IHFA;04/05/2009;1123,5
IHFA;05/05/2009;1122,96
IHFA;06/05/2009;1126,37
IHFA;07/05/2009;1126,87
IHFA;08/05/2009;1131,56
IHFA;11/05/2009;1132,74
IHFA;12/05/2009;1133,07
IHFA;13/05/2009;1131,08
IHFA;14/05/2009;1134,12
IHFA;15/05/2009;1134,01
IHFA;18/05/2009;1138,75
IHFA;19/05/2009;1140,27
IHFA;20/05/2009;1140,55
IHFA;21/05/2009;1138,03
IHFA;22/05/2009;1139,82
IHFA;25/05/2009;1141,14
IHFA;26/05/2009;1141,03
IHFA;27/05/2009;1142,89
IHFA;28/05/2009;1143,91
IHFA;29/05/2009;1144,99
IHFA;01/06/2009;1147,03
IHFA;02/06/2009;1148,6
IHFA;03/06/2009;1147,66
IHFA;04/06/2009;1149,78
IHFA;05/06/2009;1149,73
IHFA;08/06/2009;1149,27
IHFA;09/06/2009;1148,97
IHFA;10/06/2009;1149,55
IHFA;12/06/2009;1154,22
IHFA;15/06/2009;1153,54
IHFA;16/06/2009;1153,49
IHFA;17/06/2009;1153,05
IHFA;18/06/2009;1153,06
IHFA;19/06/2009;1154,01
IHFA;22/06/2009;1152,29
IHFA;23/06/2009;1154,86
IHFA;24/06/2009;1155,51
IHFA;25/06/2009;1156,3
IHFA;26/06/2009;1157,32
IHFA;29/06/2009;1158,54
IHFA;30/06/2009;1159,56
IHFA;01/07/2009;1162,21
IHFA;02/07/2009;1163,03
IHFA;03/07/2009;1164,52
IHFA;06/07/2009;1165,64
IHFA;07/07/2009;1164,56
IHFA;08/07/2009;1164,69
IHFA;09/07/2009;1164,82
IHFA;10/07/2009;1166,75
IHFA;13/07/2009;1167,92
IHFA;14/07/2009;1167,66
IHFA;15/07/2009;1170,56
IHFA;16/07/2009;1171,43
IHFA;17/07/2009;1172,33
IHFA;20/07/2009;1174,11
IHFA;21/07/2009;1173,98
IHFA;22/07/2009;1174,35
IHFA;23/07/2009;1175,84
IHFA;24/07/2009;1177,07
IHFA;27/07/2009;1178,09
IHFA;28/07/2009;1179,13
IHFA;29/07/2009;1178,94
IHFA;30/07/2009;1180,92
IHFA;31/07/2009;1183,12
IHFA;03/08/2009;1186,01
IHFA;04/08/2009;1186,89
IHFA;05/08/2009;1188,82
IHFA;06/08/2009;1188,88
IHFA;07/08/2009;1190,49
IHFA;10/08/2009;1190,74
IHFA;11/08/2009;1189,9
IHFA;12/08/2009;1190,67
IHFA;13/08/2009;1190,35
IHFA;14/08/2009;1190,25
IHFA;17/08/2009;1188,07
IHFA;18/08/2009;1190,14
IHFA;19/08/2009;1191,18
IHFA;20/08/2009;1192,76
IHFA;21/08/2009;1194,59
IHFA;24/08/2009;1195,18
IHFA;25/08/2009;1195,58
IHFA;26/08/2009;1196,52
IHFA;27/08/2009;1197,35
IHFA;28/08/2009;1197,85
IHFA;31/08/2009;1197,57
IHFA;01/09/2009;1196,43
IHFA;02/09/2009;1197,41
IHFA;03/09/2009;1198,72
IHFA;04/09/2009;1201,52
IHFA;08/09/2009;1204,1
IHFA;09/09/2009;1204,71
IHFA;10/09/2009;1206,65
IHFA;11/09/2009;1207,09
IHFA;14/09/2009;1208,73
IHFA;15/09/2009;1209,92
IHFA;16/09/2009;1211,47
IHFA;17/09/2009;1211,36
IHFA;18/09/2009;1212,65
IHFA;21/09/2009;1213,16
IHFA;22/09/2009;1214,17
IHFA;23/09/2009;1214,13
IHFA;24/09/2009;1213,32
IHFA;25/09/2009;1213,7
IHFA;28/09/2009;1215,12
IHFA;29/09/2009;1215,11
IHFA;30/09/2009;1216,85
IHFA;01/10/2009;1216,13
IHFA;02/10/2009;1217,48
IHFA;05/10/2009;1220,09
IHFA;06/10/2009;1221,38
IHFA;07/10/2009;1222,32
IHFA;08/10/2009;1223,55
IHFA;09/10/2009;1224,12
IHFA;13/10/2009;1225
IHFA;14/10/2009;1225,59
IHFA;15/10/2009;1227,7
IHFA;16/10/2009;1226,92
IHFA;19/10/2009;1227,61
IHFA;20/10/2009;1225,48
IHFA;21/10/2009;1226,89
IHFA;22/10/2009;1227,02
IHFA;23/10/2009;1226,85
IHFA;26/10/2009;1226,83
IHFA;27/10/2009;1226,02
IHFA;28/10/2009;1224,19
IHFA;29/10/2009;1227,43
IHFA;30/10/2009;1226,97
IHFA;03/11/2009;1228,34
IHFA;04/11/2009;1229,45
IHFA;05/11/2009;1230,68
IHFA;06/11/2009;1230,93
IHFA;09/11/2009;1232,94
IHFA;10/11/2009;1233
IHFA;11/11/2009;1233,43
IHFA;12/11/2009;1233,18
IHFA;13/11/2009;1233,75
IHFA;16/11/2009;1234,55
IHFA;17/11/2009;1235,23
IHFA;18/11/2009;1235,71
IHFA;19/11/2009;1236,26
IHFA;20/11/2009;1236,49
IHFA;23/11/2009;1237,02
IHFA;24/11/2009;1237,37
IHFA;25/11/2009;1238,08
IHFA;26/11/2009;1238,14
IHFA;27/11/2009;1238,98
IHFA;30/11/2009;1240,99
IHFA;01/12/2009;1241,91
IHFA;02/12/2009;1242,61
IHFA;03/12/2009;1242,76
IHFA;04/12/2009;1243,6
IHFA;07/12/2009;1244,34
IHFA;08/12/2009;1244,42
IHFA;09/12/2009;1244
IHFA;10/12/2009;1245,33
IHFA;11/12/2009;1246,73
IHFA;14/12/2009;1247,26
IHFA;15/12/2009;1248,46
IHFA;16/12/2009;1249,33
IHFA;17/12/2009;1250,15
IHFA;18/12/2009;1250,6
IHFA;21/12/2009;1251,15
IHFA;22/12/2009;1252,26
IHFA;23/12/2009;1252,23
IHFA;24/12/2009;1252,52
IHFA;28/12/2009;1252,92
IHFA;29/12/2009;1253,15
IHFA;30/12/2009;1254,82
IHFA;31/12/2009;1255,19
IHFA;04/01/2010;1256,31
IHFA;05/01/2010;1257,79
IHFA;06/01/2010;1259,81
IHFA;07/01/2010;1261,03
IHFA;08/01/2010;1261,93
IHFA;11/01/2010;1263,01
IHFA;12/01/2010;1262,91
IHFA;13/01/2010;1264,22
IHFA;14/01/2010;1264,36
IHFA;15/01/2010;1264,07
IHFA;18/01/2010;1264,91
IHFA;19/01/2010;1266,13
IHFA;20/01/2010;1266,79
IHFA;21/01/2010;1266,79
IHFA;22/01/2010;1266,63
IHFA;25/01/2010;1267,16
IHFA;26/01/2010;1266,5
IHFA;27/01/2010;1267,16
IHFA;28/01/2010;1267,67
IHFA;29/01/2010;1268,69
IHFA;01/02/2010;1268,37
IHFA;02/02/2010;1267,84
IHFA;03/02/2010;1269,56
IHFA;04/02/2010;1269,77
IHFA;05/02/2010;1268,95
IHFA;08/02/2010;1269,21
IHFA;09/02/2010;1269,73
IHFA;10/02/2010;1270,63
IHFA;11/02/2010;1271,46
IHFA;12/02/2010;1272,8
IHFA;17/02/2010;1272,84
IHFA;18/02/2010;1272,95
IHFA;19/02/2010;1272,77
IHFA;22/02/2010;1272,68
IHFA;23/02/2010;1271,82
IHFA;24/02/2010;1272,5
IHFA;25/02/2010;1272,37
IHFA;26/02/2010;1272,34
IHFA;01/03/2010;1272,23
IHFA;02/03/2010;1272,05
IHFA;03/03/2010;1273,06
IHFA;04/03/2010;1273,5
IHFA;05/03/2010;1274,41
IHFA;08/03/2010;1274,12
IHFA;09/03/2010;1275,26
IHFA;10/03/2010;1275,47
IHFA;11/03/2010;1276,19
IHFA;12/03/2010;1275,97
IHFA;15/03/2010;1275,47
IHFA;16/03/2010;1276,02
IHFA;17/03/2010;1276,79
IHFA;18/03/2010;1277,87
IHFA;19/03/2010;1278,38
IHFA;22/03/2010;1278,77
IHFA;23/03/2010;1278,49
IHFA;24/03/2010;1279,44
IHFA;25/03/2010;1278,87
IHFA;26/03/2010;1279,55
IHFA;29/03/2010;1279,04
IHFA;30/03/2010;1279,2
IHFA;31/03/2010;1279,58
IHFA;01/04/2010;1279,83
IHFA;05/04/2010;1279,29
IHFA;06/04/2010;1279,4
IHFA;07/04/2010;1281,48
IHFA;08/04/2010;1283,68
IHFA;09/04/2010;1284,17
IHFA;12/04/2010;1282,5
IHFA;13/04/2010;1282,51
IHFA;14/04/2010;1283,14
IHFA;15/04/2010;1284,95
IHFA;16/04/2010;1284,78
IHFA;19/04/2010;1284,2
IHFA;20/04/2010;1285,44
IHFA;22/04/2010;1286,52
IHFA;23/04/2010;1286,06
IHFA;26/04/2010;1285,06
IHFA;27/04/2010;1283,35
IHFA;28/04/2010;1280,95
IHFA;29/04/2010;1280,27
IHFA;30/04/2010;1282,19
IHFA;03/05/2010;1282,68
IHFA;04/05/2010;1283,96
IHFA;05/05/2010;1286,06
IHFA;06/05/2010;1288,26
IHFA;07/05/2010;1284,38
IHFA;10/05/2010;1283,53
IHFA;11/05/2010;1284,77
IHFA;12/05/2010;1285,84
IHFA;13/05/2010;1286,52
IHFA;14/05/2010;1287,46
IHFA;17/05/2010;1287,65
IHFA;18/05/2010;1286,81
IHFA;19/05/2010;1284,31
IHFA;20/05/2010;1280,61
IHFA;21/05/2010;1282,83
IHFA;24/05/2010;1284,01
IHFA;25/05/2010;1283,01
IHFA;26/05/2010;1286,03
IHFA;27/05/2010;1287,83
IHFA;28/05/2010;1288,64
IHFA;31/05/2010;1290,73
IHFA;01/06/2010;1291,78
IHFA;02/06/2010;1294,66
IHFA;04/06/2010;1295,92
IHFA;07/06/2010;1295,78
IHFA;08/06/2010;1296,09
IHFA;09/06/2010;1296,1
IHFA;10/06/2010;1296,07
IHFA;11/06/2010;1297,58
IHFA;14/06/2010;1298,08
IHFA;15/06/2010;1298,66
IHFA;16/06/2010;1298,38
IHFA;17/06/2010;1298,3
IHFA;18/06/2010;1298,72
IHFA;21/06/2010;1299,02
IHFA;22/06/2010;1300,35
IHFA;23/06/2010;1300,38
IHFA;24/06/2010;1298,99
IHFA;25/06/2010;1299,99
IHFA;28/06/2010;1300,96
IHFA;29/06/2010;1300,01
IHFA;30/06/2010;1301,73
IHFA;01/07/2010;1301,24
IHFA;02/07/2010;1301,14
IHFA;05/07/2010;1301,31
IHFA;06/07/2010;1302,85
IHFA;07/07/2010;1303,65
IHFA;08/07/2010;1304,52
IHFA;09/07/2010;1304,99
IHFA;12/07/2010;1304,94
IHFA;13/07/2010;1304,88
IHFA;14/07/2010;1306,93
IHFA;15/07/2010;1307,33
IHFA;16/07/2010;1307,42
IHFA;19/07/2010;1308,96
IHFA;20/07/2010;1308,69
IHFA;21/07/2010;1309,65
IHFA;22/07/2010;1311,25
IHFA;23/07/2010;1311,91
IHFA;26/07/2010;1312,24
IHFA;27/07/2010;1312,88
IHFA;28/07/2010;1312,93
IHFA;29/07/2010;1312,96
IHFA;30/07/2010;1314,63
IHFA;02/08/2010;1315,45
IHFA;03/08/2010;1315,45
IHFA;04/08/2010;1316,84
IHFA;05/08/2010;1317,61
IHFA;06/08/2010;1317,7
IHFA;09/08/2010;1317,18
IHFA;10/08/2010;1316,95
IHFA;11/08/2010;1317,92
IHFA;12/08/2010;1319,93
IHFA;13/08/2010;1321,45
IHFA;16/08/2010;1321,77
IHFA;17/08/2010;1322,42
IHFA;18/08/2010;1321,9
IHFA;19/08/2010;1323,48
IHFA;20/08/2010;1324,4
IHFA;23/08/2010;1324,18
IHFA;24/08/2010;1322,38
IHFA;25/08/2010;1323,97
IHFA;26/08/2010;1324,5
IHFA;27/08/2010;1325,92
IHFA;30/08/2010;1327,08
IHFA;31/08/2010;1327,78
IHFA;01/09/2010;1326,92
IHFA;02/09/2010;1326,54
IHFA;03/09/2010;1327,12
IHFA;06/09/2010;1327,19
IHFA;08/09/2010;1328,45
IHFA;09/09/2010;1330,22
IHFA;10/09/2010;1330,29
IHFA;13/09/2010;1330,69
IHFA;14/09/2010;1330,51
IHFA;15/09/2010;1333,95
IHFA;16/09/2010;1334,05
IHFA;17/09/2010;1333,65
IHFA;20/09/2010;1334,79
IHFA;21/09/2010;1334,11
IHFA;22/09/2010;1333,46
IHFA;23/09/2010;1333,8
IHFA;24/09/2010;1333,49
IHFA;27/09/2010;1335,51
IHFA;28/09/2010;1335,56
IHFA;29/09/2010;1337,07
IHFA;30/09/2010;1338,09
IHFA;01/10/2010;1338,73
IHFA;04/10/2010;1339,88
IHFA;05/10/2010;1340,74
IHFA;06/10/2010;1341,88
IHFA;07/10/2010;1342,07
IHFA;08/10/2010;1344,5
IHFA;11/10/2010;1345,66
IHFA;13/10/2010;1346,83
IHFA;14/10/2010;1348,6
IHFA;15/10/2010;1350,21
IHFA;18/10/2010;1349,4
IHFA;19/10/2010;1348,61
IHFA;20/10/2010;1350,59
IHFA;21/10/2010;1352,06
IHFA;22/10/2010;1352,35
IHFA;25/10/2010;1352,87
IHFA;26/10/2010;1355,81
IHFA;27/10/2010;1355,25
IHFA;28/10/2010;1354,94
IHFA;29/10/2010;1357,52
IHFA;01/11/2010;1360,31
IHFA;03/11/2010;1361,28
IHFA;04/11/2010;1364,72
IHFA;05/11/2010;1365,3
IHFA;08/11/2010;1366,21
IHFA;09/11/2010;1367,05
IHFA;10/11/2010;1367,39
IHFA;11/11/2010;1368,68
IHFA;12/11/2010;1367,92
IHFA;16/11/2010;1367,6
IHFA;17/11/2010;1367,55
IHFA;18/11/2010;1369,65
IHFA;19/11/2010;1370,41
IHFA;22/11/2010;1369,5
IHFA;23/11/2010;1368,04
IHFA;24/11/2010;1370,6
IHFA;25/11/2010;1371
IHFA;26/11/2010;1369,9
IHFA;29/11/2010;1369,04
IHFA;30/11/2010;1370,67
IHFA;01/12/2010;1371,16
IHFA;02/12/2010;1371,58
IHFA;03/12/2010;1371,34
IHFA;06/12/2010;1371,52
IHFA;07/12/2010;1372,35
IHFA;08/12/2010;1371,64
IHFA;09/12/2010;1372,22
IHFA;10/12/2010;1374,89
IHFA;13/12/2010;1375,19
IHFA;14/12/2010;1376,71
IHFA;15/12/2010;1376,8
IHFA;16/12/2010;1378,08
IHFA;17/12/2010;1380,07
IHFA;20/12/2010;1380,17
IHFA;21/12/2010;1380,4
IHFA;22/12/2010;1380,14
IHFA;23/12/2010;1381,09
IHFA;24/12/2010;1381,42
IHFA;27/12/2010;1381,85
IHFA;28/12/2010;1383,41
IHFA;29/12/2010;1384,69
IHFA;30/12/2010;1385,54
IHFA;31/12/2010;1385,93
IHFA;03/01/2011;1386,16
IHFA;04/01/2011;1386,83
IHFA;05/01/2011;1389,29
IHFA;06/01/2011;1390,1
IHFA;07/01/2011;1389,55
IHFA;10/01/2011;1389,96
IHFA;11/01/2011;1391,18
IHFA;12/01/2011;1393,1
IHFA;13/01/2011;1393,52
IHFA;14/01/2011;1393,07
IHFA;17/01/2011;1393,15
IHFA;18/01/2011;1394,03
IHFA;19/01/2011;1393,45
IHFA;20/01/2011;1393,74
IHFA;21/01/2011;1393,42
IHFA;24/01/2011;1392,88
IHFA;25/01/2011;1393,14
IHFA;26/01/2011;1392,62
IHFA;27/01/2011;1391,71
IHFA;28/01/2011;1390,97
IHFA;31/01/2011;1391,55
IHFA;01/02/2011;1392,89
IHFA;02/02/2011;1393,8
IHFA;03/02/2011;1393,9
IHFA;04/02/2011;1392,69
IHFA;07/02/2011;1393,31
IHFA;08/02/2011;1396,7
IHFA;09/02/2011;1394,5
IHFA;10/02/2011;1394,29
IHFA;11/02/2011;1395,92
IHFA;14/02/2011;1396,87
IHFA;15/02/2011;1397,89
IHFA;16/02/2011;1400,08
IHFA;17/02/2011;1400,88
IHFA;18/02/2011;1401,34
IHFA;21/02/2011;1401,42
IHFA;22/02/2011;1399,57
IHFA;23/02/2011;1399,37
IHFA;24/02/2011;1398,45
IHFA;25/02/2011;1399,67
IHFA;28/02/2011;1402,18
IHFA;01/03/2011;1402,96
IHFA;02/03/2011;1403,87
IHFA;03/03/2011;1405,42
IHFA;04/03/2011;1405,31
IHFA;09/03/2011;1406,07
IHFA;10/03/2011;1405,4
IHFA;11/03/2011;1404,93
IHFA;14/03/2011;1404,12
IHFA;15/03/2011;1404,04
IHFA;16/03/2011;1403,7
IHFA;17/03/2011;1403,29
IHFA;18/03/2011;1406,24
IHFA;21/03/2011;1407,78
IHFA;22/03/2011;1409,93
IHFA;23/03/2011;1412,65
IHFA;24/03/2011;1413,09
IHFA;25/03/2011;1415,41
IHFA;28/03/2011;1416,34
IHFA;29/03/2011;1416,83
IHFA;30/03/2011;1420,21
IHFA;31/03/2011;1423,68
IHFA;01/04/2011;1427,86
IHFA;04/04/2011;1428,51
IHFA;05/04/2011;1429,03
IHFA;06/04/2011;1429,31
IHFA;07/04/2011;1430,2
IHFA;08/04/2011;1430,36
IHFA;11/04/2011;1431,17
IHFA;12/04/2011;1430,19
IHFA;13/04/2011;1430,23
IHFA;14/04/2011;1432
IHFA;15/04/2011;1433,62
IHFA;18/04/2011;1433,08
IHFA;19/04/2011;1434,35
IHFA;20/04/2011;1435,75
IHFA;25/04/2011;1434,52
IHFA;26/04/2011;1435,72
IHFA;27/04/2011;1435,36
IHFA;28/04/2011;1435,39
IHFA;29/04/2011;1438,4
IHFA;02/05/2011;1439,62
IHFA;03/05/2011;1438,05
IHFA;04/05/2011;1436,98
IHFA;05/05/2011;1436,17
IHFA;06/05/2011;1438,55
IHFA;09/05/2011;1439,97
IHFA;10/05/2011;1440,43
IHFA;11/05/2011;1439,7
IHFA;12/05/2011;1440,39
IHFA;13/05/2011;1440,14
IHFA;16/05/2011;1440,31
IHFA;17/05/2011;1441,32
IHFA;18/05/2011;1442,28
IHFA;19/05/2011;1442,38
IHFA;20/05/2011;1442,53
IHFA;23/05/2011;1440,89
IHFA;24/05/2011;1442,32
IHFA;25/05/2011;1442,64
IHFA;26/05/2011;1443,67
IHFA;27/05/2011;1445,2
IHFA;30/05/2011;1445,98
IHFA;31/05/2011;1447,56
IHFA;01/06/2011;1447,51
IHFA;02/06/2011;1447,29
IHFA;03/06/2011;1446,62
IHFA;06/06/2011;1445,7
IHFA;07/06/2011;1446,55
IHFA;08/06/2011;1446,54
IHFA;09/06/2011;1446,04
IHFA;10/06/2011;1446,38
IHFA;13/06/2011;1446,65
IHFA;14/06/2011;1448,3
IHFA;15/06/2011;1449
IHFA;16/06/2011;1448,56
IHFA;17/06/2011;1448,2
IHFA;20/06/2011;1448,41
IHFA;21/06/2011;1449,78
IHFA;22/06/2011;1450,58
IHFA;24/06/2011;1451,51
IHFA;27/06/2011;1450,2
IHFA;28/06/2011;1452,65
IHFA;29/06/2011;1453,92
IHFA;30/06/2011;1454,86
IHFA;01/07/2011;1456,13
IHFA;04/07/2011;1456,29
IHFA;05/07/2011;1455,92
IHFA;06/07/2011;1455,36
IHFA;07/07/2011;1455,85
IHFA;08/07/2011;1454,82
IHFA;11/07/2011;1453,56
IHFA;12/07/2011;1453,21
IHFA;13/07/2011;1454,59
IHFA;14/07/2011;1454,11
IHFA;15/07/2011;1453,91
IHFA;18/07/2011;1452,95
IHFA;19/07/2011;1454,72
IHFA;20/07/2011;1455,15
IHFA;21/07/2011;1456,99
IHFA;22/07/2011;1458,13
IHFA;25/07/2011;1458,54
IHFA;26/07/2011;1458,85
IHFA;27/07/2011;1457,26
IHFA;28/07/2011;1456,85
IHFA;29/07/2011;1459,05
IHFA;01/08/2011;1459,78
IHFA;02/08/2011;1456,89
IHFA;03/08/2011;1453,1
IHFA;04/08/2011;1447,71
IHFA;05/08/2011;1447,47
IHFA;08/08/2011;1439,4
IHFA;09/08/2011;1445,48
IHFA;10/08/2011;1446,59
IHFA;11/08/2011;1451,58
IHFA;12/08/2011;1455,6
IHFA;15/08/2011;1458,64
IHFA;16/08/2011;1459,06
IHFA;17/08/2011;1463,36
IHFA;18/08/2011;1464,82
IHFA;19/08/2011;1463,77
IHFA;22/08/2011;1463,32
IHFA;23/08/2011;1466
IHFA;24/08/2011;1465,75
IHFA;25/08/2011;1466,17
IHFA;26/08/2011;1471,61
IHFA;29/08/2011;1478,74
IHFA;30/08/2011;1480,39
IHFA;31/08/2011;1487,14
IHFA;01/09/2011;1500,74
IHFA;02/09/2011;1497,69
IHFA;05/09/2011;1496,19
IHFA;06/09/2011;1499,53
IHFA;08/09/2011;1500,06
IHFA;09/09/2011;1501,43
IHFA;12/09/2011;1502,41
IHFA;13/09/2011;1501,84
IHFA;14/09/2011;1501,75
IHFA;15/09/2011;1500,65
IHFA;16/09/2011;1502,8
IHFA;19/09/2011;1502,76
IHFA;20/09/2011;1501,55
IHFA;21/09/2011;1499,06
IHFA;22/09/2011;1496,38
IHFA;23/09/2011;1501,62
IHFA;26/09/2011;1504,03
IHFA;27/09/2011;1505,38
IHFA;28/09/2011;1504,74
IHFA;29/09/2011;1503,67
IHFA;30/09/2011;1506,33
IHFA;03/10/2011;1510,48
IHFA;04/10/2011;1505,07
IHFA;05/10/2011;1507,15
IHFA;06/10/2011;1507,26
IHFA;07/10/2011;1506,8
IHFA;10/10/2011;1507,77
IHFA;11/10/2011;1508,46
IHFA;13/10/2011;1507,91
IHFA;14/10/2011;1507,77
IHFA;17/10/2011;1508,19
IHFA;18/10/2011;1510,27
IHFA;19/10/2011;1510,77
IHFA;20/10/2011;1506,99
IHFA;21/10/2011;1507,77
IHFA;24/10/2011;1509,37
IHFA;25/10/2011;1509,15
IHFA;26/10/2011;1511,5
IHFA;27/10/2011;1515
IHFA;28/10/2011;1516,79
IHFA;31/10/2011;1518,38
IHFA;01/11/2011;1516,1
IHFA;03/11/2011;1517,56
IHFA;04/11/2011;1518,73
IHFA;07/11/2011;1519,37
IHFA;08/11/2011;1519,14
IHFA;09/11/2011;1520,66
IHFA;10/11/2011;1520,61
IHFA;11/11/2011;1522,5
IHFA;14/11/2011;1523,84
IHFA;16/11/2011;1525,17
IHFA;17/11/2011;1521,14
IHFA;18/11/2011;1519,02
IHFA;21/11/2011;1517,81
IHFA;22/11/2011;1517,82
IHFA;23/11/2011;1517,85
IHFA;24/11/2011;1521,11
IHFA;25/11/2011;1521,8
IHFA;28/11/2011;1523,17
IHFA;29/11/2011;1523,74
IHFA;30/11/2011;1529,04
IHFA;01/12/2011;1529,55
IHFA;02/12/2011;1531,2
IHFA;05/12/2011;1532,01
IHFA;06/12/2011;1533,11
IHFA;07/12/2011;1533,95
IHFA;08/12/2011;1533,12
IHFA;09/12/2011;1532,99
IHFA;12/12/2011;1533,1
IHFA;13/12/2011;1535,67
IHFA;14/12/2011;1535,71
IHFA;15/12/2011;1536,05
IHFA;16/12/2011;1536,57
IHFA;19/12/2011;1535,47
IHFA;20/12/2011;1537,27
IHFA;21/12/2011;1538,81
IHFA;22/12/2011;1537,37
IHFA;23/12/2011;1537,78
IHFA;26/12/2011;1538,07
IHFA;27/12/2011;1538,64
IHFA;28/12/2011;1539,07
IHFA;29/12/2011;1542,05
IHFA;30/12/2011;1542,39
IHFA;02/01/2012;1542,62
IHFA;03/01/2012;1545,28
IHFA;04/01/2012;1544,99
IHFA;05/01/2012;1545,3
IHFA;06/01/2012;1547,17
IHFA;09/01/2012;1547,29
IHFA;10/01/2012;1550,7
IHFA;11/01/2012;1551,34
IHFA;12/01/2012;1551,33
IHFA;13/01/2012;1552,86
IHFA;16/01/2012;1553,45
IHFA;17/01/2012;1554,44
IHFA;18/01/2012;1555,39
IHFA;19/01/2012;1556,97
IHFA;20/01/2012;1559,07
IHFA;23/01/2012;1558,36
IHFA;24/01/2012;1558,33
IHFA;25/01/2012;1558,91
IHFA;26/01/2012;1562,79
IHFA;27/01/2012;1564,02
IHFA;30/01/2012;1564,96
IHFA;31/01/2012;1567,31
IHFA;01/02/2012;1569,23
IHFA;02/02/2012;1571,81
IHFA;03/02/2012;1572,72
IHFA;06/02/2012;1573,45
IHFA;07/02/2012;1574,65
IHFA;08/02/2012;1577,32
IHFA;09/02/2012;1578,29
IHFA;10/02/2012;1579,55
IHFA;13/02/2012;1579,28
IHFA;14/02/2012;1579,94
IHFA;15/02/2012;1583,34
IHFA;16/02/2012;1584,59
IHFA;17/02/2012;1587,16
IHFA;22/02/2012;1586,51
IHFA;23/02/2012;1586,73
IHFA;24/02/2012;1585,83
IHFA;27/02/2012;1586,11
IHFA;28/02/2012;1588,59
IHFA;29/02/2012;1592,02
IHFA;01/03/2012;1594,6
IHFA;02/03/2012;1598,23
IHFA;05/03/2012;1597,39
IHFA;06/03/2012;1596,44
IHFA;07/03/2012;1598,44
IHFA;08/03/2012;1603,56
IHFA;09/03/2012;1607,79
IHFA;12/03/2012;1606,73
IHFA;13/03/2012;1610,51
IHFA;14/03/2012;1611,43
IHFA;15/03/2012;1611,49
IHFA;16/03/2012;1611,5
IHFA;19/03/2012;1611,49
IHFA;20/03/2012;1611,4
IHFA;21/03/2012;1612,41
IHFA;22/03/2012;1610,32
IHFA;23/03/2012;1610,56
IHFA;26/03/2012;1611,81
IHFA;27/03/2012;1611,29
IHFA;28/03/2012;1610,8
IHFA;29/03/2012;1610,71
IHFA;30/03/2012;1611,75
IHFA;02/04/2012;1614,51
IHFA;03/04/2012;1616,57
IHFA;04/04/2012;1616,85
IHFA;05/04/2012;1617,51
IHFA;09/04/2012;1615,61
IHFA;10/04/2012;1615,05
IHFA;11/04/2012;1615,55
IHFA;12/04/2012;1617,96
IHFA;13/04/2012;1619,43
IHFA;16/04/2012;1620,03
IHFA;17/04/2012;1621,75
IHFA;18/04/2012;1624,3
IHFA;19/04/2012;1629,03
IHFA;20/04/2012;1630,38
IHFA;23/04/2012;1631,09
IHFA;24/04/2012;1633,45
IHFA;25/04/2012;1634,15
IHFA;26/04/2012;1635,99
IHFA;27/04/2012;1639,55
IHFA;30/04/2012;1641,94
IHFA;02/05/2012;1646,85
IHFA;03/05/2012;1647,07
IHFA;04/05/2012;1650,49
IHFA;07/05/2012;1653,37
IHFA;08/05/2012;1651,01
IHFA;09/05/2012;1650,6
IHFA;10/05/2012;1653,83
IHFA;11/05/2012;1655,87
IHFA;14/05/2012;1657,38
IHFA;15/05/2012;1658,78
IHFA;16/05/2012;1660,3
IHFA;17/05/2012;1658,24
IHFA;18/05/2012;1658,47
IHFA;21/05/2012;1659,03
IHFA;22/05/2012;1655,36
IHFA;23/05/2012;1655,4
IHFA;24/05/2012;1649,17
IHFA;25/05/2012;1650,55
IHFA;28/05/2012;1650,29
IHFA;29/05/2012;1652,51
IHFA;30/05/2012;1652,76
IHFA;31/05/2012;1656,07
IHFA;01/06/2012;1654,41
IHFA;04/06/2012;1650,84
IHFA;05/06/2012;1650,81
IHFA;06/06/2012;1652,09
IHFA;08/06/2012;1654,72
IHFA;11/06/2012;1655,24
IHFA;12/06/2012;1658,49
IHFA;13/06/2012;1659,8
IHFA;14/06/2012;1659,24
IHFA;15/06/2012;1658,61
IHFA;18/06/2012;1661,9
IHFA;19/06/2012;1662,02
IHFA;20/06/2012;1661,12
IHFA;21/06/2012;1662,2
IHFA;22/06/2012;1662,53
IHFA;25/06/2012;1663,29
IHFA;26/06/2012;1664,33
IHFA;27/06/2012;1666,56
IHFA;28/06/2012;1668,06
IHFA;29/06/2012;1668,64
IHFA;02/07/2012;1668,58
IHFA;03/07/2012;1672,18
IHFA;04/07/2012;1673,92
IHFA;05/07/2012;1674,98
IHFA;06/07/2012;1677,98
IHFA;09/07/2012;1678,1
IHFA;10/07/2012;1679
IHFA;11/07/2012;1681,11
IHFA;12/07/2012;1681,25
IHFA;13/07/2012;1683,19
IHFA;16/07/2012;1684,52
IHFA;17/07/2012;1683,45
IHFA;18/07/2012;1685,66
IHFA;19/07/2012;1688,88
IHFA;20/07/2012;1690,5
IHFA;23/07/2012;1690,94
IHFA;24/07/2012;1693,03
IHFA;25/07/2012;1691,82
IHFA;26/07/2012;1690,74
IHFA;27/07/2012;1691,23
IHFA;30/07/2012;1693,85
IHFA;31/07/2012;1693,08
IHFA;01/08/2012;1695,88
IHFA;02/08/2012;1696,29
IHFA;03/08/2012;1693,59
IHFA;06/08/2012;1695,04
IHFA;07/08/2012;1696,61
IHFA;08/08/2012;1699,93
IHFA;09/08/2012;1700,96
IHFA;10/08/2012;1702,05
IHFA;13/08/2012;1702,45
IHFA;14/08/2012;1703,46
IHFA;15/08/2012;1704,16
IHFA;16/08/2012;1702,13
IHFA;17/08/2012;1702,54
IHFA;20/08/2012;1700,64
IHFA;21/08/2012;1700,55
IHFA;22/08/2012;1699,46
IHFA;23/08/2012;1698,39
IHFA;24/08/2012;1699,63
IHFA;27/08/2012;1700,19
IHFA;28/08/2012;1701,54
IHFA;29/08/2012;1702,6
IHFA;30/08/2012;1703
IHFA;31/08/2012;1703,18
IHFA;03/09/2012;1705,23
IHFA;04/09/2012;1706,57
IHFA;05/09/2012;1707
IHFA;06/09/2012;1708,15
IHFA;10/09/2012;1705,74
IHFA;11/09/2012;1704,54
IHFA;12/09/2012;1704,16
IHFA;13/09/2012;1706,5
IHFA;14/09/2012;1706,23
IHFA;17/09/2012;1707,19
IHFA;18/09/2012;1707,7
IHFA;19/09/2012;1706,81
IHFA;20/09/2012;1709,22
IHFA;21/09/2012;1710,65
IHFA;24/09/2012;1711,94
IHFA;25/09/2012;1713,41
IHFA;26/09/2012;1713,22
IHFA;27/09/2012;1714,01
IHFA;28/09/2012;1716,31
IHFA;01/10/2012;1718,84
IHFA;02/10/2012;1719,77
IHFA;03/10/2012;1719,44
IHFA;04/10/2012;1721
IHFA;05/10/2012;1728,52
IHFA;08/10/2012;1728,06
IHFA;09/10/2012;1727,59
IHFA;10/10/2012;1727,52
IHFA;11/10/2012;1729,88
IHFA;15/10/2012;1730,33
IHFA;16/10/2012;1731,62
IHFA;17/10/2012;1730,36
IHFA;18/10/2012;1730,32
IHFA;19/10/2012;1730,31
IHFA;22/10/2012;1730,56
IHFA;23/10/2012;1730,61
IHFA;24/10/2012;1731,54
IHFA;25/10/2012;1732,64
IHFA;26/10/2012;1733,18
IHFA;29/10/2012;1733,9
IHFA;30/10/2012;1734,91
IHFA;31/10/2012;1736,16
IHFA;01/11/2012;1737,98
IHFA;05/11/2012;1739,82
IHFA;06/11/2012;1740,48
IHFA;07/11/2012;1741,2
IHFA;08/11/2012;1740,55
IHFA;09/11/2012;1739,59
IHFA;12/11/2012;1737,43
IHFA;13/11/2012;1736,73
IHFA;14/11/2012;1733,7
IHFA;16/11/2012;1736,33
IHFA;19/11/2012;1738,94
IHFA;20/11/2012;1739,88
IHFA;21/11/2012;1739,96
IHFA;22/11/2012;1740,66
IHFA;23/11/2012;1742,55
IHFA;26/11/2012;1741,55
IHFA;27/11/2012;1743,35
IHFA;28/11/2012;1743,81
IHFA;29/11/2012;1744,51
IHFA;30/11/2012;1747,17
IHFA;03/12/2012;1748,33
IHFA;04/12/2012;1751,17
IHFA;05/12/2012;1752,43
IHFA;06/12/2012;1759,35
IHFA;07/12/2012;1759,13
IHFA;10/12/2012;1758,93
IHFA;11/12/2012;1758,5
IHFA;12/12/2012;1760,21
IHFA;13/12/2012;1760,33
IHFA;14/12/2012;1761,23
IHFA;17/12/2012;1763,19
IHFA;18/12/2012;1764,78
IHFA;19/12/2012;1765,65
IHFA;20/12/2012;1766,1
IHFA;21/12/2012;1765,94
IHFA;24/12/2012;1765,86
IHFA;26/12/2012;1765,94
IHFA;27/12/2012;1767,71
IHFA;28/12/2012;1768,59
IHFA;31/12/2012;1770,63
IHFA;02/01/2013;1776,33
IHFA;03/01/2013;1778,56
IHFA;04/01/2013;1778,99
IHFA;07/01/2013;1777,74
IHFA;08/01/2013;1776,93
IHFA;09/01/2013;1779,95
IHFA;10/01/2013;1781,15
IHFA;11/01/2013;1781,38
IHFA;14/01/2013;1781,52
IHFA;15/01/2013;1782,81
IHFA;16/01/2013;1783,47
IHFA;17/01/2013;1785,07
IHFA;18/01/2013;1785,33
IHFA;21/01/2013;1786,99
IHFA;22/01/2013;1787,51
IHFA;23/01/2013;1788,2
IHFA;24/01/2013;1787,24
IHFA;25/01/2013;1787,32
IHFA;28/01/2013;1786,8
IHFA;29/01/2013;1788,71
IHFA;30/01/2013;1788,88
IHFA;31/01/2013;1788,76
IHFA;01/02/2013;1791,07
IHFA;04/02/2013;1790,46
IHFA;05/02/2013;1790,89
IHFA;06/02/2013;1790,65
IHFA;07/02/2013;1790,1
IHFA;08/02/2013;1790,38
IHFA;13/02/2013;1791,28
IHFA;14/02/2013;1791
IHFA;15/02/2013;1791,38
IHFA;18/02/2013;1791,78
IHFA;19/02/2013;1792,16
IHFA;20/02/2013;1790,42
IHFA;21/02/2013;1790,6
IHFA;22/02/2013;1791,16
IHFA;25/02/2013;1791,6
IHFA;26/02/2013;1792,66
IHFA;27/02/2013;1794,2
IHFA;28/02/2013;1795,82
IHFA;01/03/2013;1797,37
IHFA;04/03/2013;1796,76
IHFA;05/03/2013;1798,33
IHFA;06/03/2013;1799,18
IHFA;07/03/2013;1798,33
IHFA;08/03/2013;1801,26
IHFA;11/03/2013;1801,9
IHFA;12/03/2013;1801,58
IHFA;13/03/2013;1801,45
IHFA;14/03/2013;1802,18
IHFA;15/03/2013;1801,16
IHFA;18/03/2013;1803,42
IHFA;19/03/2013;1803,24
IHFA;20/03/2013;1804,27
IHFA;21/03/2013;1803,06
IHFA;22/03/2013;1803,82
IHFA;25/03/2013;1804,94
IHFA;26/03/2013;1805,79
IHFA;27/03/2013;1806,78
IHFA;28/03/2013;1808,05
IHFA;01/04/2013;1804,67
IHFA;02/04/2013;1805,66
IHFA;03/04/2013;1802,41
IHFA;04/04/2013;1802,57
IHFA;05/04/2013;1804,18
IHFA;08/04/2013;1805,5
IHFA;09/04/2013;1806,67
IHFA;10/04/2013;1809,94
IHFA;11/04/2013;1808,73
IHFA;12/04/2013;1803,92
IHFA;15/04/2013;1797,66
IHFA;16/04/2013;1801,47
IHFA;17/04/2013;1801,65
IHFA;18/04/2013;1809,87
IHFA;19/04/2013;1812,3
IHFA;22/04/2013;1814,82
IHFA;23/04/2013;1817,89
IHFA;24/04/2013;1818,17
IHFA;25/04/2013;1817,41
IHFA;26/04/2013;1814,98
IHFA;29/04/2013;1815,73
IHFA;30/04/2013;1817,81
IHFA;02/05/2013;1821,3
IHFA;03/05/2013;1822,86
IHFA;06/05/2013;1824,38
IHFA;07/05/2013;1825,82
IHFA;08/05/2013;1826,89
IHFA;09/05/2013;1830,07
IHFA;10/05/2013;1831,35
IHFA;13/05/2013;1829,86
IHFA;14/05/2013;1830,38
IHFA;15/05/2013;1833,78
IHFA;16/05/2013;1831,8
IHFA;17/05/2013;1834,01
IHFA;20/05/2013;1833,4
IHFA;21/05/2013;1835,02
IHFA;22/05/2013;1835,93
IHFA;23/05/2013;1832,43
IHFA;24/05/2013;1830,19
IHFA;27/05/2013;1829,62
IHFA;28/05/2013;1831,15
IHFA;29/05/2013;1832,53
IHFA;31/05/2013;1827,35
IHFA;03/06/2013;1823,97
IHFA;04/06/2013;1827,72
IHFA;05/06/2013;1823,97
IHFA;06/06/2013;1820,51
IHFA;07/06/2013;1819,63
IHFA;10/06/2013;1817,52
IHFA;11/06/2013;1811,64
IHFA;12/06/2013;1811,76
IHFA;13/06/2013;1814,88
IHFA;14/06/2013;1812,13
IHFA;17/06/2013;1814,7
IHFA;18/06/2013;1815,88
IHFA;19/06/2013;1815,69
IHFA;20/06/2013;1820,51
IHFA;21/06/2013;1817,03
IHFA;24/06/2013;1811,39
IHFA;25/06/2013;1812,26
IHFA;26/06/2013;1814,05
IHFA;27/06/2013;1818,96
IHFA;28/06/2013;1823,77
IHFA;01/07/2013;1824,96
IHFA;02/07/2013;1825,23
IHFA;03/07/2013;1827,07
IHFA;04/07/2013;1829,47
IHFA;05/07/2013;1827,49
IHFA;08/07/2013;1829,81
IHFA;09/07/2013;1831,29
IHFA;10/07/2013;1830,36
IHFA;11/07/2013;1829,13
IHFA;12/07/2013;1830,35
IHFA;15/07/2013;1825,33
IHFA;16/07/2013;1828,08
IHFA;17/07/2013;1827,84
IHFA;18/07/2013;1829,28
IHFA;19/07/2013;1831,87
IHFA;22/07/2013;1832,9
IHFA;23/07/2013;1831,05
IHFA;24/07/2013;1835,38
IHFA;25/07/2013;1836,05
IHFA;26/07/2013;1835,27
IHFA;29/07/2013;1836,42
IHFA;30/07/2013;1838
IHFA;31/07/2013;1839,48
IHFA;01/08/2013;1844,21
IHFA;02/08/2013;1842,54
IHFA;05/08/2013;1845,07
IHFA;06/08/2013;1844,26
IHFA;07/08/2013;1845,1
IHFA;08/08/2013;1844,1
IHFA;09/08/2013;1843,49
IHFA;12/08/2013;1843,81
IHFA;13/08/2013;1848,82
IHFA;14/08/2013;1849,09
IHFA;15/08/2013;1848,25
IHFA;16/08/2013;1851,83
IHFA;19/08/2013;1851,46
IHFA;20/08/2013;1851,53
IHFA;21/08/2013;1855,62
IHFA;22/08/2013;1858,08
IHFA;23/08/2013;1852,23
IHFA;26/08/2013;1852,6
IHFA;27/08/2013;1850,29
IHFA;28/08/2013;1847,35
IHFA;29/08/2013;1854,03
IHFA;30/08/2013;1856,93
IHFA;02/09/2013;1857,54
IHFA;03/09/2013;1856,4
IHFA;04/09/2013;1856,28
IHFA;05/09/2013;1854,04
IHFA;06/09/2013;1849,51
IHFA;09/09/2013;1849,62
IHFA;10/09/2013;1853,15
IHFA;11/09/2013;1852,81
IHFA;12/09/2013;1855,41
IHFA;13/09/2013;1855,75
IHFA;16/09/2013;1856,88
IHFA;17/09/2013;1854,83
IHFA;18/09/2013;1850,71
IHFA;19/09/2013;1849,25
IHFA;20/09/2013;1848,19
IHFA;23/09/2013;1847,8
IHFA;24/09/2013;1847,35
IHFA;25/09/2013;1850,58
IHFA;26/09/2013;1853,48
IHFA;27/09/2013;1854,43
IHFA;30/09/2013;1850,02
IHFA;01/10/2013;1851,93
IHFA;02/10/2013;1847,24
IHFA;03/10/2013;1846,86
IHFA;04/10/2013;1848,9
IHFA;07/10/2013;1848,64
IHFA;08/10/2013;1847,31
IHFA;09/10/2013;1848,04
IHFA;10/10/2013;1847,36
IHFA;11/10/2013;1848,94
IHFA;14/10/2013;1849,97
IHFA;15/10/2013;1850,42
IHFA;16/10/2013;1849,9
IHFA;17/10/2013;1849,2
IHFA;18/10/2013;1853,82
IHFA;21/10/2013;1854,84
IHFA;22/10/2013;1854,82
IHFA;23/10/2013;1852,43
IHFA;24/10/2013;1855,25
IHFA;25/10/2013;1854
IHFA;28/10/2013;1853,74
IHFA;29/10/2013;1855,83
IHFA;30/10/2013;1857,53
IHFA;31/10/2013;1863,44
IHFA;01/11/2013;1867,2
IHFA;04/11/2013;1866,96
IHFA;05/11/2013;1871,01
IHFA;06/11/2013;1870,92
IHFA;07/11/2013;1870,35
IHFA;08/11/2013;1871,51
IHFA;11/11/2013;1875,78
IHFA;12/11/2013;1875,65
IHFA;13/11/2013;1877,34
IHFA;14/11/2013;1880,6
IHFA;18/11/2013;1877,87
IHFA;19/11/2013;1876,68
IHFA;20/11/2013;1876,68
IHFA;21/11/2013;1881,45
IHFA;22/11/2013;1881,41
IHFA;25/11/2013;1880,57
IHFA;26/11/2013;1883,17
IHFA;27/11/2013;1888,28
IHFA;28/11/2013;1894,61
IHFA;29/11/2013;1896
IHFA;02/12/2013;1899,44
IHFA;03/12/2013;1900,02
IHFA;04/12/2013;1900,43
IHFA;05/12/2013;1896,83
IHFA;06/12/2013;1895,67
IHFA;09/12/2013;1896,27
IHFA;10/12/2013;1894,75
IHFA;11/12/2013;1896,77
IHFA;12/12/2013;1898,43
IHFA;13/12/2013;1898,72
IHFA;16/12/2013;1898,18
IHFA;17/12/2013;1897,06
IHFA;18/12/2013;1902,56
IHFA;19/12/2013;1906,01
IHFA;20/12/2013;1909,57
IHFA;23/12/2013;1909,87
IHFA;24/12/2013;1910,52
IHFA;26/12/2013;1911,54
IHFA;27/12/2013;1911,64
IHFA;30/12/2013;1916,9
IHFA;31/12/2013;1917,9
IHFA;02/01/2014;1920,42
IHFA;03/01/2014;1917,24
IHFA;06/01/2014;1916,85
IHFA;07/01/2014;1915,77
IHFA;08/01/2014;1921,67
IHFA;09/01/2014;1921,65
IHFA;10/01/2014;1917,9
IHFA;13/01/2014;1913,31
IHFA;14/01/2014;1917,3
IHFA;15/01/2014;1918,53
IHFA;16/01/2014;1919,16
IHFA;17/01/2014;1915,35
IHFA;20/01/2014;1913,31
IHFA;21/01/2014;1918,11
IHFA;22/01/2014;1921,66
IHFA;23/01/2014;1922,5
IHFA;24/01/2014;1917,52
IHFA;27/01/2014;1920,94
IHFA;28/01/2014;1923,81
IHFA;29/01/2014;1923,47
IHFA;30/01/2014;1918,28
IHFA;31/01/2014;1920,84
IHFA;03/02/2014;1915,96
IHFA;04/02/2014;1916,14
IHFA;05/02/2014;1916,03
IHFA;06/02/2014;1918,83
IHFA;07/02/2014;1921,19
IHFA;10/02/2014;1924,41
IHFA;11/02/2014;1928,65
IHFA;12/02/2014;1931,92
IHFA;13/02/2014;1927,62
IHFA;14/02/2014;1927,23
IHFA;17/02/2014;1927,27
IHFA;18/02/2014;1927,56
IHFA;19/02/2014;1927,62
IHFA;20/02/2014;1924,97
IHFA;21/02/2014;1922,24
IHFA;24/02/2014;1920,34
IHFA;25/02/2014;1917,56
IHFA;26/02/2014;1921,62
IHFA;27/02/2014;1917,05
IHFA;28/02/2014;1921,64
IHFA;05/03/2014;1920,31
IHFA;06/03/2014;1923,05
IHFA;07/03/2014;1929,15
IHFA;10/03/2014;1928,38
IHFA;11/03/2014;1930,3
IHFA;12/03/2014;1927,97
IHFA;13/03/2014;1928,24
IHFA;14/03/2014;1925,46
IHFA;17/03/2014;1927,24
IHFA;18/03/2014;1927,71
IHFA;19/03/2014;1932,34
IHFA;20/03/2014;1932,11
IHFA;21/03/2014;1930,55
IHFA;24/03/2014;1928,79
IHFA;25/03/2014;1924,84
IHFA;26/03/2014;1923,87
IHFA;27/03/2014;1914,33
IHFA;28/03/2014;1918,18
IHFA;31/03/2014;1922,3
IHFA;01/04/2014;1925,02
IHFA;02/04/2014;1928,94
IHFA;03/04/2014;1932,31
IHFA;04/04/2014;1921,82
IHFA;07/04/2014;1913,7
IHFA;08/04/2014;1906,71
IHFA;09/04/2014;1907,13
IHFA;10/04/2014;1907,6
IHFA;11/04/2014;1910,32
IHFA;14/04/2014;1913,42
IHFA;15/04/2014;1918,23
IHFA;16/04/2014;1922,5
IHFA;17/04/2014;1922,18
IHFA;22/04/2014;1922,38
IHFA;23/04/2014;1917,15
IHFA;24/04/2014;1917,46
IHFA;25/04/2014;1920,86
IHFA;28/04/2014;1919,66
IHFA;29/04/2014;1921,12
IHFA;30/04/2014;1921,03
IHFA;02/05/2014;1919,95
IHFA;05/05/2014;1923,66
IHFA;06/05/2014;1918,24
IHFA;07/05/2014;1919,41
IHFA;08/05/2014;1917,94
IHFA;09/05/2014;1918,79
IHFA;12/05/2014;1921,34
IHFA;13/05/2014;1921,79
IHFA;14/05/2014;1919,68
IHFA;15/05/2014;1921
IHFA;16/05/2014;1921,73
IHFA;19/05/2014;1921,8
IHFA;20/05/2014;1922,05
IHFA;21/05/2014;1921,96
IHFA;22/05/2014;1926,26
IHFA;23/05/2014;1927,81
IHFA;26/05/2014;1928,97
IHFA;27/05/2014;1932,41
IHFA;28/05/2014;1934,24
IHFA;29/05/2014;1933,23
IHFA;30/05/2014;1937,26
IHFA;02/06/2014;1941,35
IHFA;03/06/2014;1942,75
IHFA;04/06/2014;1946,04
IHFA;05/06/2014;1945,32
IHFA;06/06/2014;1946,57
IHFA;09/06/2014;1945,7
IHFA;10/06/2014;1944,67
IHFA;11/06/2014;1945,97
IHFA;12/06/2014;1945,72
IHFA;13/06/2014;1947,66
IHFA;16/06/2014;1947,56
IHFA;17/06/2014;1951,55
IHFA;18/06/2014;1948,85
IHFA;20/06/2014;1948,63
IHFA;23/06/2014;1948,15
IHFA;24/06/2014;1949,61
IHFA;25/06/2014;1947,48
IHFA;26/06/2014;1947,48
IHFA;27/06/2014;1947,12
IHFA;30/06/2014;1949,16
IHFA;01/07/2014;1948,98
IHFA;02/07/2014;1951,77
IHFA;03/07/2014;1953,45
IHFA;04/07/2014;1954,43
IHFA;07/07/2014;1955,02
IHFA;08/07/2014;1953,25
IHFA;09/07/2014;1953,64
IHFA;10/07/2014;1952,24
IHFA;11/07/2014;1951,7
IHFA;14/07/2014;1951,53
IHFA;15/07/2014;1953,1
IHFA;16/07/2014;1954,45
IHFA;17/07/2014;1956,95
IHFA;18/07/2014;1959,28
IHFA;21/07/2014;1958,48
IHFA;22/07/2014;1961,38
IHFA;23/07/2014;1960,9
IHFA;24/07/2014;1959,04
IHFA;25/07/2014;1961,55
IHFA;28/07/2014;1961,12
IHFA;29/07/2014;1961,94
IHFA;30/07/2014;1964,48
IHFA;31/07/2014;1963,71
IHFA;01/08/2014;1958,14
IHFA;04/08/2014;1958,95
IHFA;05/08/2014;1958,17
IHFA;06/08/2014;1959,53
IHFA;07/08/2014;1958,25
IHFA;08/08/2014;1958,76
IHFA;11/08/2014;1961,44
IHFA;12/08/2014;1961,02
IHFA;13/08/2014;1959,73
IHFA;14/08/2014;1961,01
IHFA;15/08/2014;1962,77
IHFA;18/08/2014;1964,94
IHFA;19/08/2014;1966,78
IHFA;20/08/2014;1968,38
IHFA;21/08/2014;1968,02
IHFA;22/08/2014;1971,93
IHFA;25/08/2014;1976,81
IHFA;26/08/2014;1976,51
IHFA;27/08/2014;1978,29
IHFA;28/08/2014;1976,38
IHFA;29/08/2014;1981,06
IHFA;01/09/2014;1982,87
IHFA;02/09/2014;1987,77
IHFA;03/09/2014;1986,15
IHFA;04/09/2014;1986,9
IHFA;05/09/2014;1986,93
IHFA;08/09/2014;1986,37
IHFA;09/09/2014;1984,23
IHFA;10/09/2014;1985,93
IHFA;11/09/2014;1987,25
IHFA;12/09/2014;1987,99
IHFA;15/09/2014;1987,37
IHFA;16/09/2014;1986,93
IHFA;17/09/2014;1991,96
IHFA;18/09/2014;1994,55
IHFA;19/09/2014;1998,21
IHFA;22/09/2014;1998,08
IHFA;23/09/2014;1999,41
IHFA;24/09/2014;2001,23
IHFA;25/09/2014;2004,32
IHFA;26/09/2014;2006,72
IHFA;29/09/2014;2009,19
IHFA;30/09/2014;2008,75
IHFA;01/10/2014;2010,6
IHFA;02/10/2014;2007,33
IHFA;03/10/2014;2009,05
IHFA;06/10/2014;1999,02
IHFA;07/10/2014;1992,21
IHFA;08/10/2014;1992,28
IHFA;09/10/2014;1991,28
IHFA;10/10/2014;1987,22
IHFA;13/10/2014;1986,64
IHFA;14/10/2014;1986,78
IHFA;15/10/2014;1985,23
IHFA;16/10/2014;1988,47
IHFA;17/10/2014;1986,86
IHFA;20/10/2014;1989,74
IHFA;21/10/2014;1992,67
IHFA;22/10/2014;1993,93
IHFA;23/10/2014;2001,32
IHFA;24/10/2014;1996,65
IHFA;27/10/2014;2007,18
IHFA;28/10/2014;2002,18
IHFA;29/10/2014;2000,78
IHFA;30/10/2014;1991,31
IHFA;31/10/2014;2005,3
IHFA;03/11/2014;2013,7
IHFA;04/11/2014;2015,09
IHFA;05/11/2014;2021,11
IHFA;06/11/2014;2029,74
IHFA;07/11/2014;2030,38
IHFA;10/11/2014;2029,68
IHFA;11/11/2014;2032,91
IHFA;12/11/2014;2033,19
IHFA;13/11/2014;2040,94
IHFA;14/11/2014;2043,58
IHFA;17/11/2014;2043,45
IHFA;18/11/2014;2042,65
IHFA;19/11/2014;2040,26
IHFA;20/11/2014;2040,38
IHFA;21/11/2014;2033,22
IHFA;24/11/2014;2037,5
IHFA;25/11/2014;2036,16
IHFA;26/11/2014;2033,84
IHFA;27/11/2014;2035,58
IHFA;28/11/2014;2042,95
IHFA;01/12/2014;2039,79
IHFA;02/12/2014;2043,46
IHFA;03/12/2014;2040,09
IHFA;04/12/2014;2047,73
IHFA;05/12/2014;2051,86
IHFA;08/12/2014;2054,43
IHFA;09/12/2014;2050,46
IHFA;10/12/2014;2048,85
IHFA;11/12/2014;2053,98
IHFA;12/12/2014;2051,9
IHFA;15/12/2014;2051,61
IHFA;16/12/2014;2051,2
IHFA;17/12/2014;2050,55
IHFA;18/12/2014;2051,62
IHFA;19/12/2014;2053,66
IHFA;22/12/2014;2055,28
IHFA;23/12/2014;2062,89
IHFA;24/12/2014;2063,34
IHFA;26/12/2014;2061,88
IHFA;29/12/2014;2064,9
IHFA;30/12/2014;2060,24
IHFA;31/12/2014;2060,66
IHFA;02/01/2015;2065,13
IHFA;05/01/2015;2066,05
IHFA;06/01/2015;2061,02
IHFA;07/01/2015;2063,36
IHFA;08/01/2015;2066,41
IHFA;09/01/2015;2061,05
IHFA;12/01/2015;2059,46
IHFA;13/01/2015;2058,14
IHFA;14/01/2015;2057,55
IHFA;15/01/2015;2058,15
IHFA;16/01/2015;2062,61
IHFA;19/01/2015;2064,13
IHFA;20/01/2015;2063
IHFA;21/01/2015;2065,08
IHFA;22/01/2015;2063,83
IHFA;23/01/2015;2071,02
IHFA;26/01/2015;2072,07
IHFA;27/01/2015;2067,01
IHFA;28/01/2015;2065,54
IHFA;29/01/2015;2074,3
IHFA;30/01/2015;2084,6
IHFA;02/02/2015;2090,79
IHFA;03/02/2015;2094,32
IHFA;04/02/2015;2100,82
IHFA;05/02/2015;2103,18
IHFA;06/02/2015;2110,84
IHFA;09/02/2015;2108,57
IHFA;10/02/2015;2116,6
IHFA;11/02/2015;2119,81
IHFA;12/02/2015;2117,69
IHFA;13/02/2015;2121,13
IHFA;18/02/2015;2124,3
IHFA;19/02/2015;2130,35
IHFA;20/02/2015;2133,36
IHFA;23/02/2015;2135,2
IHFA;24/02/2015;2132,11
IHFA;25/02/2015;2139,43
IHFA;26/02/2015;2144,41
IHFA;27/02/2015;2145,44
IHFA;02/03/2015;2153,01
IHFA;03/03/2015;2155,64
IHFA;04/03/2015;2165,6
IHFA;05/03/2015;2171,26
IHFA;06/03/2015;2177,65
IHFA;09/03/2015;2185,94
IHFA;10/03/2015;2182,2
IHFA;11/03/2015;2190,14
IHFA;12/03/2015;2196,02
IHFA;13/03/2015;2209,1
IHFA;16/03/2015;2211,5
IHFA;17/03/2015;2214,14
IHFA;18/03/2015;2212,57
IHFA;19/03/2015;2219,76
IHFA;20/03/2015;2215,24
IHFA;23/03/2015;2208,91
IHFA;24/03/2015;2205,12
IHFA;25/03/2015;2208,48
IHFA;26/03/2015;2207,74
IHFA;27/03/2015;2211,88
IHFA;30/03/2015;2214,36
IHFA;31/03/2015;2214,8
IHFA;01/04/2015;2214,17
IHFA;02/04/2015;2209,41
IHFA;06/04/2015;2210,44
IHFA;07/04/2015;2212,21
IHFA;08/04/2015;2207,5
IHFA;09/04/2015;2207,1
IHFA;10/04/2015;2215,32
IHFA;13/04/2015;2218,85
IHFA;14/04/2015;2213,48
IHFA;15/04/2015;2212,72
IHFA;16/04/2015;2208,89
IHFA;17/04/2015;2209,73
IHFA;20/04/2015;2202,66
IHFA;22/04/2015;2201,25
IHFA;23/04/2015;2195,22
IHFA;24/04/2015;2191,39
IHFA;27/04/2015;2189,85
IHFA;28/04/2015;2192,53
IHFA;29/04/2015;2197,57
IHFA;30/04/2015;2197,41
IHFA;04/05/2015;2206,99
IHFA;05/05/2015;2199,35
IHFA;06/05/2015;2196,09
IHFA;07/05/2015;2193,51
IHFA;08/05/2015;2197,71
IHFA;11/05/2015;2205,02
IHFA;12/05/2015;2200,95
IHFA;13/05/2015;2203,21
IHFA;14/05/2015;2208,27
IHFA;15/05/2015;2210,65
IHFA;18/05/2015;2215,06
IHFA;19/05/2015;2217,07
IHFA;20/05/2015;2218,99
IHFA;21/05/2015;2222,46
IHFA;22/05/2015;2232,15
IHFA;25/05/2015;2233,96
IHFA;26/05/2015;2241,52
IHFA;27/05/2015;2244,25
IHFA;28/05/2015;2247,62
IHFA;29/05/2015;2245,96
IHFA;01/06/2015;2247,6
IHFA;02/06/2015;2237,78
IHFA;03/06/2015;2238,89
IHFA;05/06/2015;2240,57
IHFA;08/06/2015;2237,87
IHFA;09/06/2015;2235,28
IHFA;10/06/2015;2237,66
IHFA;11/06/2015;2236,56
IHFA;12/06/2015;2237,46
IHFA;15/06/2015;2236,91
IHFA;16/06/2015;2234,48
IHFA;17/06/2015;2232,37
IHFA;18/06/2015;2232,14
IHFA;19/06/2015;2238,99
IHFA;22/06/2015;2245,01
IHFA;23/06/2015;2249,82
IHFA;24/06/2015;2248,57
IHFA;25/06/2015;2249,53
IHFA;26/06/2015;2250,99
IHFA;29/06/2015;2243,37
IHFA;30/06/2015;2242,57
IHFA;01/07/2015;2251,92
IHFA;02/07/2015;2251,56
IHFA;03/07/2015;2261
IHFA;06/07/2015;2260,62
IHFA;07/07/2015;2266,8
IHFA;08/07/2015;2268,05
IHFA;09/07/2015;2269,57
IHFA;10/07/2015;2272,88
IHFA;13/07/2015;2272,2
IHFA;14/07/2015;2274,64
IHFA;15/07/2015;2277,78
IHFA;16/07/2015;2284,85
IHFA;17/07/2015;2293,74
IHFA;20/07/2015;2301,23
IHFA;21/07/2015;2297,91
IHFA;22/07/2015;2303,44
IHFA;23/07/2015;2299,52
IHFA;24/07/2015;2300,64
IHFA;27/07/2015;2298,53
IHFA;28/07/2015;2302,65
IHFA;29/07/2015;2300,36
IHFA;30/07/2015;2317,38
IHFA;31/07/2015;2326,23
IHFA;03/08/2015;2327,36
IHFA;04/08/2015;2325,9
IHFA;05/08/2015;2327,19
IHFA;06/08/2015;2319,67
IHFA;07/08/2015;2312,21
IHFA;10/08/2015;2313,01
IHFA;11/08/2015;2316,46
IHFA;12/08/2015;2312,51
IHFA;13/08/2015;2318,59
IHFA;14/08/2015;2319,43
IHFA;17/08/2015;2323,5
IHFA;18/08/2015;2326
IHFA;19/08/2015;2326,75
IHFA;20/08/2015;2315,98
IHFA;21/08/2015;2308,07
IHFA;24/08/2015;2295,85
IHFA;25/08/2015;2300,72
IHFA;26/08/2015;2315,01
IHFA;27/08/2015;2314,05
IHFA;28/08/2015;2315,9
IHFA;31/08/2015;2309,67
IHFA;01/09/2015;2305,87
IHFA;02/09/2015;2309,34
IHFA;03/09/2015;2314,04
IHFA;04/09/2015;2313,96
IHFA;08/09/2015;2319,25
IHFA;09/09/2015;2320,7
IHFA;10/09/2015;2318,27
IHFA;11/09/2015;2326,41
IHFA;14/09/2015;2330,85
IHFA;15/09/2015;2337,46
IHFA;16/09/2015;2338,17
IHFA;17/09/2015;2339,13
IHFA;18/09/2015;2334,91
IHFA;21/09/2015;2335,62
IHFA;22/09/2015;2337,66
IHFA;23/09/2015;2334,25
IHFA;24/09/2015;2345,57
IHFA;25/09/2015;2337,96
IHFA;28/09/2015;2327,31
IHFA;29/09/2015;2332,22
IHFA;30/09/2015;2337,3
IHFA;01/10/2015;2338,24
IHFA;02/10/2015;2347,5
IHFA;05/10/2015;2346,91
IHFA;06/10/2015;2345,3
IHFA;07/10/2015;2342,7
IHFA;08/10/2015;2340,4
IHFA;09/10/2015;2331,18
IHFA;13/10/2015;2335,73
IHFA;14/10/2015;2332,09
IHFA;15/10/2015;2336,11
IHFA;16/10/2015;2339,81
IHFA;19/10/2015;2345,1
IHFA;20/10/2015;2344,83
IHFA;21/10/2015;2348,25
IHFA;22/10/2015;2358,62
IHFA;23/10/2015;2360,28
IHFA;26/10/2015;2361,96
IHFA;27/10/2015;2367,65
IHFA;28/10/2015;2365,49
IHFA;29/10/2015;2360,13
IHFA;30/10/2015;2358,27
IHFA;03/11/2015;2349,5
IHFA;04/11/2015;2361,36
IHFA;05/11/2015;2357,89
IHFA;06/11/2015;2363,85
IHFA;09/11/2015;2364,39
IHFA;10/11/2015;2368,4
IHFA;11/11/2015;2369,61
IHFA;12/11/2015;2370,57
IHFA;13/11/2015;2375,78
IHFA;16/11/2015;2380,21
IHFA;17/11/2015;2380,91
IHFA;18/11/2015;2384,08
IHFA;19/11/2015;2384,19
IHFA;20/11/2015;2387,11
IHFA;23/11/2015;2388,09
IHFA;24/11/2015;2380,45
IHFA;25/11/2015;2383,37
IHFA;26/11/2015;2381,77
IHFA;27/11/2015;2382,84
IHFA;30/11/2015;2393,17
IHFA;01/12/2015;2393,25
IHFA;02/12/2015;2394,13
IHFA;03/12/2015;2379,06
IHFA;04/12/2015;2383,31
IHFA;07/12/2015;2388,84
IHFA;08/12/2015;2392,29
IHFA;09/12/2015;2384,93
IHFA;10/12/2015;2388,54
IHFA;11/12/2015;2396
IHFA;14/12/2015;2393,64
IHFA;15/12/2015;2396,43
IHFA;16/12/2015;2401,02
IHFA;17/12/2015;2396,43
IHFA;18/12/2015;2405,77
IHFA;21/12/2015;2414,19
IHFA;22/12/2015;2412,54
IHFA;23/12/2015;2413,5
IHFA;24/12/2015;2414,06
IHFA;28/12/2015;2405,23
IHFA;29/12/2015;2412,03
IHFA;30/12/2015;2420,28
IHFA;31/12/2015;2421,18
IHFA;04/01/2016;2428,14
IHFA;05/01/2016;2432,61
IHFA;06/01/2016;2436,09
IHFA;07/01/2016;2436,14
IHFA;08/01/2016;2432,06
IHFA;11/01/2016;2432,05
IHFA;12/01/2016;2434,78
IHFA;13/01/2016;2428,24
IHFA;14/01/2016;2428,75
IHFA;15/01/2016;2432,04
IHFA;18/01/2016;2429,92
IHFA;19/01/2016;2431,94
IHFA;20/01/2016;2437,86
IHFA;21/01/2016;2451,12
IHFA;22/01/2016;2455,78
IHFA;25/01/2016;2456,14
IHFA;26/01/2016;2453,88
IHFA;27/01/2016;2451,14
IHFA;28/01/2016;2455,97
IHFA;29/01/2016;2455,26
IHFA;01/02/2016;2455,92
IHFA;02/02/2016;2448,19
IHFA;03/02/2016;2439,99
IHFA;04/02/2016;2427,96
IHFA;05/02/2016;2433,7
IHFA;10/02/2016;2433,67
IHFA;11/02/2016;2433,92
IHFA;12/02/2016;2441,56
IHFA;15/02/2016;2447,85
IHFA;16/02/2016;2462,32
IHFA;17/02/2016;2459,22
IHFA;18/02/2016;2465,43
IHFA;19/02/2016;2468,97
IHFA;22/02/2016;2459,24
IHFA;23/02/2016;2462,03
IHFA;24/02/2016;2465,98
IHFA;25/02/2016;2467,44
IHFA;26/02/2016;2474,05
IHFA;29/02/2016;2476,5
IHFA;01/03/2016;2478,63
IHFA;02/03/2016;2475,43
IHFA;03/03/2016;2465,21
IHFA;04/03/2016;2463,1
IHFA;07/03/2016;2461,28
IHFA;08/03/2016;2464,83
IHFA;09/03/2016;2465,84
IHFA;10/03/2016;2467,08
IHFA;11/03/2016;2471,3
IHFA;14/03/2016;2469,34
IHFA;15/03/2016;2474,95
IHFA;16/03/2016;2472,25
IHFA;17/03/2016;2471,46
IHFA;18/03/2016;2474,75
IHFA;21/03/2016;2477,48
IHFA;22/03/2016;2484,78
IHFA;23/03/2016;2483,61
IHFA;24/03/2016;2477,25
IHFA;28/03/2016;2483,56
IHFA;29/03/2016;2486,7
IHFA;30/03/2016;2479,08
IHFA;31/03/2016;2466,6
IHFA;01/04/2016;2473,15
IHFA;04/04/2016;2467,45
IHFA;05/04/2016;2470,95
IHFA;06/04/2016;2467,01
IHFA;07/04/2016;2466,62
IHFA;08/04/2016;2474,51
IHFA;11/04/2016;2472,41
IHFA;12/04/2016;2478,14
IHFA;13/04/2016;2494,16
IHFA;14/04/2016;2497,32
IHFA;15/04/2016;2501,27
IHFA;18/04/2016;2507,22
IHFA;19/04/2016;2505,83
IHFA;20/04/2016;2507,2
IHFA;22/04/2016;2507,87
IHFA;25/04/2016;2509,47
IHFA;26/04/2016;2510,32
IHFA;27/04/2016;2519,75
IHFA;28/04/2016;2515,08
IHFA;29/04/2016;2525,06
IHFA;02/05/2016;2523,44
IHFA;03/05/2016;2519,8
IHFA;04/05/2016;2521,9
IHFA;05/05/2016;2525,97
IHFA;06/05/2016;2529,75
IHFA;09/05/2016;2529,29
IHFA;10/05/2016;2541,89
IHFA;11/05/2016;2549,66
IHFA;12/05/2016;2556,18
IHFA;13/05/2016;2554,7
IHFA;16/05/2016;2556,06
IHFA;17/05/2016;2552,58
IHFA;18/05/2016;2549,31
IHFA;19/05/2016;2549,67
IHFA;20/05/2016;2555,41
IHFA;23/05/2016;2544,86
IHFA;24/05/2016;2546,19
IHFA;25/05/2016;2544,73
IHFA;27/05/2016;2542,6
IHFA;30/05/2016;2550,32
IHFA;31/05/2016;2546,64
IHFA;01/06/2016;2550,27
IHFA;02/06/2016;2556,1
IHFA;03/06/2016;2558,65
IHFA;06/06/2016;2562,64
IHFA;07/06/2016;2563,39
IHFA;08/06/2016;2570,11
IHFA;09/06/2016;2569,66
IHFA;10/06/2016;2562,21
IHFA;13/06/2016;2560,76
IHFA;14/06/2016;2559,05
IHFA;15/06/2016;2558,38
IHFA;16/06/2016;2557,68
IHFA;17/06/2016;2560,09
IHFA;20/06/2016;2562,75
IHFA;21/06/2016;2567,15
IHFA;22/06/2016;2567,31
IHFA;23/06/2016;2573,58
IHFA;24/06/2016;2569,76
IHFA;27/06/2016;2577,26
IHFA;28/06/2016;2579,1
IHFA;29/06/2016;2574,25
IHFA;30/06/2016;2579,34
IHFA;01/07/2016;2584,14
IHFA;04/07/2016;2583,92
IHFA;05/07/2016;2580,71
IHFA;06/07/2016;2578,87
IHFA;07/07/2016;2580,83
IHFA;08/07/2016;2591,9
IHFA;11/07/2016;2597,69
IHFA;12/07/2016;2597,35
IHFA;13/07/2016;2601,69
IHFA;14/07/2016;2606,55
IHFA;15/07/2016;2612,6
IHFA;18/07/2016;2615,81
IHFA;19/07/2016;2615,2
IHFA;20/07/2016;2618,86
IHFA;21/07/2016;2613,76
IHFA;22/07/2016;2615,81
IHFA;25/07/2016;2616,07
IHFA;26/07/2016;2617,66
IHFA;27/07/2016;2619,16
IHFA;28/07/2016;2618,17
IHFA;29/07/2016;2620,76
IHFA;01/08/2016;2624,08
IHFA;02/08/2016;2618,61
IHFA;03/08/2016;2622,99
IHFA;04/08/2016;2630,59
IHFA;05/08/2016;2641,43
IHFA;08/08/2016;2637,88
IHFA;09/08/2016;2643,65
IHFA;10/08/2016;2646,54
IHFA;11/08/2016;2650,38
IHFA;12/08/2016;2650,12
IHFA;15/08/2016;2652,16
IHFA;16/08/2016;2650,03
IHFA;17/08/2016;2650,38
IHFA;18/08/2016;2647,8
IHFA;19/08/2016;2655,7
IHFA;22/08/2016;2655,37
IHFA;23/08/2016;2654,84
IHFA;24/08/2016;2653,86
IHFA;25/08/2016;2652,82
IHFA;26/08/2016;2647,13
IHFA;29/08/2016;2654,07
IHFA;30/08/2016;2654,14
IHFA;31/08/2016;2660,09
IHFA;01/09/2016;2665,32
IHFA;02/09/2016;2671,66
IHFA;05/09/2016;2669,29
IHFA;06/09/2016;2674,79
IHFA;08/09/2016;2676,73
IHFA;09/09/2016;2662,31
IHFA;12/09/2016;2668,72
IHFA;13/09/2016;2655,4
IHFA;14/09/2016;2654,82
IHFA;15/09/2016;2662,9
IHFA;16/09/2016;2666,38
IHFA;19/09/2016;2667,08
IHFA;20/09/2016;2671,4
IHFA;21/09/2016;2681,92
IHFA;22/09/2016;2692,42
IHFA;23/09/2016;2692,85
IHFA;26/09/2016;2688,23
IHFA;27/09/2016;2695,87
IHFA;28/09/2016;2699,79
IHFA;29/09/2016;2693,9
IHFA;30/09/2016;2697,06
IHFA;03/10/2016;2711,14
IHFA;04/10/2016;2707,02
IHFA;05/10/2016;2718,12
IHFA;06/10/2016;2721,26
IHFA;07/10/2016;2725,02
IHFA;10/10/2016;2728,65
IHFA;11/10/2016;2728,22
IHFA;13/10/2016;2731,73
IHFA;14/10/2016;2733
IHFA;17/10/2016;2736,75
IHFA;18/10/2016;2741,42
IHFA;19/10/2016;2748,34
IHFA;20/10/2016;2752,1
IHFA;21/10/2016;2748,43
IHFA;24/10/2016;2756,41
IHFA;25/10/2016;2750,98
IHFA;26/10/2016;2746,48
IHFA;27/10/2016;2747,13
IHFA;28/10/2016;2745,4
IHFA;31/10/2016;2749,23
IHFA;01/11/2016;2736,35
IHFA;03/11/2016;2732,99
IHFA;04/11/2016;2739,53
IHFA;07/11/2016;2751,43
IHFA;08/11/2016;2757,24
IHFA;09/11/2016;2746,46
IHFA;10/11/2016;2714,24
IHFA;11/11/2016;2708,08
IHFA;14/11/2016;2685,74
IHFA;16/11/2016;2704,67
IHFA;17/11/2016;2705,71
IHFA;18/11/2016;2711,68
IHFA;21/11/2016;2729,03
IHFA;22/11/2016;2730,82
IHFA;23/11/2016;2736,95
IHFA;24/11/2016;2736,5
IHFA;25/11/2016;2728,44
IHFA;28/11/2016;2729,96
IHFA;29/11/2016;2732,13
IHFA;30/11/2016;2742,67
IHFA;01/12/2016;2720,1
IHFA;02/12/2016;2714,26
IHFA;05/12/2016;2730,95
IHFA;06/12/2016;2730,11
IHFA;07/12/2016;2734,55
IHFA;08/12/2016;2750,45
IHFA;09/12/2016;2754,31
IHFA;12/12/2016;2754,7
IHFA;13/12/2016;2752,11
IHFA;14/12/2016;2756,76
IHFA;15/12/2016;2761,55
IHFA;16/12/2016;2770,07
IHFA;19/12/2016;2774,67
IHFA;20/12/2016;2776,87
IHFA;21/12/2016;2786,44
IHFA;22/12/2016;2793,89
IHFA;23/12/2016;2794,78
IHFA;26/12/2016;2797,84
IHFA;27/12/2016;2800,21
IHFA;28/12/2016;2803,59
IHFA;29/12/2016;2804,15
IHFA;30/12/2016;2805,43
IHFA;02/01/2017;2814,53
IHFA;03/01/2017;2815,25
IHFA;04/01/2017;2808,5
IHFA;05/01/2017;2808,57
IHFA;06/01/2017;2814,35
IHFA;09/01/2017;2814,74
IHFA;10/01/2017;2817,49
IHFA;11/01/2017;2815,99
IHFA;12/01/2017;2836,53
IHFA;13/01/2017;2836,13
IHFA;16/01/2017;2840,78
IHFA;17/01/2017;2835,99
IHFA;18/01/2017;2838,81
IHFA;19/01/2017;2847,09
IHFA;20/01/2017;2852,65
IHFA;23/01/2017;2850,8
IHFA;24/01/2017;2854,55
IHFA;25/01/2017;2855,99
IHFA;26/01/2017;2857,77
IHFA;27/01/2017;2863,51
IHFA;30/01/2017;2857,42
IHFA;31/01/2017;2857,34
IHFA;01/02/2017;2861,68
IHFA;02/02/2017;2860,25
IHFA;03/02/2017;2868,72
IHFA;06/02/2017;2866,96
IHFA;07/02/2017;2872,36
IHFA;08/02/2017;2878,3
IHFA;09/02/2017;2883,07
IHFA;10/02/2017;2890,99
IHFA;13/02/2017;2894,22
IHFA;14/02/2017;2895,36
IHFA;15/02/2017;2898,96
IHFA;16/02/2017;2891,2
IHFA;17/02/2017;2895,2
IHFA;20/02/2017;2899,3
IHFA;21/02/2017;2907,45
IHFA;22/02/2017;2906,02
IHFA;23/02/2017;2911,91
IHFA;24/02/2017;2904,68
IHFA;01/03/2017;2915,89
IHFA;02/03/2017;2913,32
IHFA;03/03/2017;2923,62
IHFA;06/03/2017;2925,74
IHFA;07/03/2017;2924,45
IHFA;08/03/2017;2921,02
IHFA;09/03/2017;2917,43
IHFA;10/03/2017;2930,28
IHFA;13/03/2017;2935,98
IHFA;14/03/2017;2926,92
IHFA;15/03/2017;2931,6
IHFA;16/03/2017;2930,11
IHFA;17/03/2017;2928,85
IHFA;20/03/2017;2926,82
IHFA;21/03/2017;2927,3
IHFA;22/03/2017;2924,63
IHFA;23/03/2017;2925
IHFA;24/03/2017;2932,65
IHFA;27/03/2017;2934,08
IHFA;28/03/2017;2935,07
IHFA;29/03/2017;2937,74
IHFA;30/03/2017;2935,89
IHFA;31/03/2017;2937,4
IHFA;03/04/2017;2938,74
IHFA;04/04/2017;2942,46
IHFA;05/04/2017;2941,82
IHFA;06/04/2017;2932,9
IHFA;07/04/2017;2938,84
IHFA;10/04/2017;2946,51
IHFA;11/04/2017;2945,12
IHFA;12/04/2017;2939,13
IHFA;13/04/2017;2931,7
IHFA;17/04/2017;2937,95
IHFA;18/04/2017;2941,96
IHFA;19/04/2017;2938,86
IHFA;20/04/2017;2939,51
IHFA;24/04/2017;2943,08
IHFA;25/04/2017;2940,62
IHFA;26/04/2017;2939,82
IHFA;27/04/2017;2938,48
IHFA;28/04/2017;2945,05
IHFA;02/05/2017;2952,51
IHFA;03/05/2017;2954,44
IHFA;04/05/2017;2951,86
IHFA;05/05/2017;2958,06
IHFA;08/05/2017;2958,53
IHFA;09/05/2017;2965,23
IHFA;10/05/2017;2970,63
IHFA;11/05/2017;2976,69
IHFA;12/05/2017;2979,47
IHFA;15/05/2017;2987,37
IHFA;16/05/2017;2995,06
IHFA;17/05/2017;2985,5
IHFA;18/05/2017;2869,7
IHFA;19/05/2017;2891,59
IHFA;22/05/2017;2880,83
IHFA;23/05/2017;2894,76
IHFA;24/05/2017;2903,95
IHFA;25/05/2017;2904,34
IHFA;26/05/2017;2911,74
IHFA;29/05/2017;2917,24
IHFA;30/05/2017;2911,96
IHFA;31/05/2017;2915,58
IHFA;01/06/2017;2908,72
IHFA;02/06/2017;2909,02
IHFA;05/06/2017;2908,96
IHFA;06/06/2017;2914,61
IHFA;07/06/2017;2915,21
IHFA;08/06/2017;2914,8
IHFA;09/06/2017;2921,03
IHFA;12/06/2017;2921,21
IHFA;13/06/2017;2920,77
IHFA;14/06/2017;2921,99
IHFA;16/06/2017;2929,56
IHFA;19/06/2017;2936,05
IHFA;20/06/2017;2928,95
IHFA;21/06/2017;2932,59
IHFA;22/06/2017;2932,74
IHFA;23/06/2017;2934,6
IHFA;26/06/2017;2937,53
IHFA;27/06/2017;2939,41
IHFA;28/06/2017;2944,58
IHFA;29/06/2017;2943,62
IHFA;30/06/2017;2950,16
IHFA;03/07/2017;2955,6
IHFA;04/07/2017;2955,56
IHFA;05/07/2017;2957,73
IHFA;06/07/2017;2960,53
IHFA;07/07/2017;2959,17
IHFA;10/07/2017;2961,57
IHFA;11/07/2017;2965,8
IHFA;12/07/2017;2972,4
IHFA;13/07/2017;2972,53
IHFA;14/07/2017;2979,01
IHFA;17/07/2017;2982,73
IHFA;18/07/2017;2985,4
IHFA;19/07/2017;2990,95
IHFA;20/07/2017;2998,74
IHFA;21/07/2017;2999,62
IHFA;24/07/2017;2998,28
IHFA;25/07/2017;2997,56
IHFA;26/07/2017;2996,42
IHFA;27/07/2017;3010,5
IHFA;28/07/2017;3015,89
IHFA;31/07/2017;3018,91
IHFA;01/08/2017;3023,15
IHFA;02/08/2017;3028,5
IHFA;03/08/2017;3032,62
IHFA;04/08/2017;3031,1
IHFA;07/08/2017;3030,9
IHFA;08/08/2017;3030,85
IHFA;09/08/2017;3026,58
IHFA;10/08/2017;3021,59
IHFA;11/08/2017;3024,69
IHFA;14/08/2017;3029,04
IHFA;15/08/2017;3031,14
IHFA;16/08/2017;3033,62
IHFA;17/08/2017;3026,19
IHFA;18/08/2017;3032,71
IHFA;21/08/2017;3031,49
IHFA;22/08/2017;3038,28
IHFA;23/08/2017;3044,37
IHFA;24/08/2017;3050,08
IHFA;25/08/2017;3053,71
IHFA;28/08/2017;3054,88
IHFA;29/08/2017;3056,68
IHFA;30/08/2017;3057,22
IHFA;31/08/2017;3060,96
IHFA;01/09/2017;3063,36
IHFA;04/09/2017;3064,89
IHFA;05/09/2017;3065,3
IHFA;06/09/2017;3077,87
IHFA;08/09/2017;3080,91
IHFA;11/09/2017;3083,37
IHFA;12/09/2017;3083,7
IHFA;13/09/2017;3084,82
IHFA;14/09/2017;3089,87
IHFA;15/09/2017;3095,68
IHFA;18/09/2017;3099,68
IHFA;19/09/2017;3104,11
IHFA;20/09/2017;3106,43
IHFA;21/09/2017;3110,87
IHFA;22/09/2017;3112,23
IHFA;25/09/2017;3103,56
IHFA;26/09/2017;3106,82
IHFA;27/09/2017;3105,4
IHFA;28/09/2017;3106,68
IHFA;29/09/2017;3113,35
IHFA;02/10/2017;3115,51
IHFA;03/10/2017;3123,73
IHFA;04/10/2017;3124,65
IHFA;05/10/2017;3123,31
IHFA;06/10/2017;3126,44
IHFA;09/10/2017;3123,64
IHFA;10/10/2017;3131,59
IHFA;11/10/2017;3132,76
IHFA;13/10/2017;3133,85
IHFA;16/10/2017;3131,7
IHFA;17/10/2017;3128,73
IHFA;18/10/2017;3134,21
IHFA;19/10/2017;3133,57
IHFA;20/10/2017;3138,87
IHFA;23/10/2017;3132,56
IHFA;24/10/2017;3136,24
IHFA;25/10/2017;3140,07
IHFA;26/10/2017;3128,75
IHFA;27/10/2017;3130,14
IHFA;30/10/2017;3121,42
IHFA;31/10/2017;3121,27
IHFA;01/11/2017;3119,52
IHFA;03/11/2017;3112,33
IHFA;06/11/2017;3115,26
IHFA;07/11/2017;3104,62
IHFA;08/11/2017;3116,99
IHFA;09/11/2017;3108,9
IHFA;10/11/2017;3102,58
IHFA;13/11/2017;3103,84
IHFA;14/11/2017;3095,13
IHFA;16/11/2017;3107,22
IHFA;17/11/2017;3115,17
IHFA;20/11/2017;3116,49
IHFA;21/11/2017;3126,26
IHFA;22/11/2017;3124,96
IHFA;23/11/2017;3127,6
IHFA;24/11/2017;3129,52
IHFA;27/11/2017;3126,12
IHFA;28/11/2017;3128,45
IHFA;29/11/2017;3115,32
IHFA;30/11/2017;3111,86
IHFA;01/12/2017;3110,48
IHFA;04/12/2017;3115,05
IHFA;05/12/2017;3113,11
IHFA;06/12/2017;3113,79
IHFA;07/12/2017;3108,29
IHFA;08/12/2017;3110,94
IHFA;11/12/2017;3111,59
IHFA;12/12/2017;3114,54
IHFA;13/12/2017;3109,29
IHFA;14/12/2017;3105,72
IHFA;15/12/2017;3110,9
IHFA;18/12/2017;3119,71
IHFA;19/12/2017;3120,39
IHFA;20/12/2017;3126,67
IHFA;21/12/2017;3135,04
IHFA;22/12/2017;3136,49
IHFA;26/12/2017;3142,86
IHFA;27/12/2017;3145,84
IHFA;28/12/2017;3152,16
IHFA;29/12/2017;3153,5
IHFA;02/01/2018;3170,15
IHFA;03/01/2018;3174,19
IHFA;04/01/2018;3182,03
IHFA;05/01/2018;3183,06
IHFA;08/01/2018;3182,29
IHFA;09/01/2018;3180,25
IHFA;10/01/2018;3180,83
IHFA;11/01/2018;3189,52
IHFA;12/01/2018;3194,23
IHFA;15/01/2018;3201,07
IHFA;16/01/2018;3200,35
IHFA;17/01/2018;3207,32
IHFA;18/01/2018;3208,02
IHFA;19/01/2018;3213,38
IHFA;22/01/2018;3216,1
IHFA;23/01/2018;3213,02
IHFA;24/01/2018;3235,46
IHFA;25/01/2018;3235,9
IHFA;26/01/2018;3254,25
IHFA;29/01/2018;3249,85
IHFA;30/01/2018;3247,44
IHFA;31/01/2018;3251,9
IHFA;01/02/2018;3257,2
IHFA;02/02/2018;3247,85
IHFA;05/02/2018;3228,32
IHFA;06/02/2018;3235,4
IHFA;07/02/2018;3231,06
IHFA;08/02/2018;3221,02
IHFA;09/02/2018;3212,06
IHFA;14/02/2018;3241,17
IHFA;15/02/2018;3249,43
IHFA;16/02/2018;3254,74
IHFA;19/02/2018;3257,39
IHFA;20/02/2018;3262,06
IHFA;21/02/2018;3267,78
IHFA;22/02/2018;3268,88
IHFA;23/02/2018;3270,63
IHFA;26/02/2018;3275,64
IHFA;27/02/2018;3273,84
IHFA;28/02/2018;3271,09
IHFA;01/03/2018;3263,6
IHFA;02/03/2018;3273,55
IHFA;05/03/2018;3279,17
IHFA;06/03/2018;3281,16
IHFA;07/03/2018;3281,81
IHFA;08/03/2018;3279,36
IHFA;09/03/2018;3288,21
IHFA;12/03/2018;3291,69
IHFA;13/03/2018;3291,07
IHFA;14/03/2018;3287,69
IHFA;15/03/2018;3282,12
IHFA;16/03/2018;3287,18
IHFA;19/03/2018;3282,48
IHFA;20/03/2018;3281,26
IHFA;21/03/2018;3289,12
IHFA;22/03/2018;3293,36
IHFA;23/03/2018;3291,23
IHFA;26/03/2018;3300,31
IHFA;27/03/2018;3286,92
IHFA;28/03/2018;3281,5
IHFA;29/03/2018;3290,85
IHFA;02/04/2018;3282,85
IHFA;03/04/2018;3282,86
IHFA;04/04/2018;3280,33
IHFA;05/04/2018;3291,32
IHFA;06/04/2018;3286,65
IHFA;09/04/2018;3282,37
IHFA;10/04/2018;3289,1
IHFA;11/04/2018;3291,08
IHFA;12/04/2018;3298,09
IHFA;13/04/2018;3291,02
IHFA;16/04/2018;3288,97
IHFA;17/04/2018;3296,01
IHFA;18/04/2018;3306,15
IHFA;19/04/2018;3309,1
IHFA;20/04/2018;3309,38
IHFA;23/04/2018;3310,6
IHFA;24/04/2018;3306,55
IHFA;25/04/2018;3307,53
IHFA;26/04/2018;3312,68
IHFA;27/04/2018;3313,15
IHFA;30/04/2018;3309,82
IHFA;02/05/2018;3304,29
IHFA;03/05/2018;3296,23
IHFA;04/05/2018;3299,24
IHFA;07/05/2018;3297,06
IHFA;08/05/2018;3294,35
IHFA;09/05/2018;3301,14
IHFA;10/05/2018;3310,32
IHFA;11/05/2018;3306,02
IHFA;14/05/2018;3299,78
IHFA;15/05/2018;3299,01
IHFA;16/05/2018;3304,81
IHFA;17/05/2018;3284,84
IHFA;18/05/2018;3273,56
IHFA;21/05/2018;3275,4
IHFA;22/05/2018;3288,28
IHFA;23/05/2018;3269,97
IHFA;24/05/2018;3263,91
IHFA;25/05/2018;3251,85
IHFA;28/05/2018;3236,72
IHFA;29/05/2018;3226,77
IHFA;30/05/2018;3237,03
IHFA;01/06/2018;3252,23
IHFA;04/06/2018;3261,53
IHFA;05/06/2018;3248,4
IHFA;06/06/2018;3245,93
IHFA;07/06/2018;3223,62
IHFA;08/06/2018;3221,39
IHFA;11/06/2018;3225,92
IHFA;12/06/2018;3230,51
IHFA;13/06/2018;3229,9
IHFA;14/06/2018;3220,83
IHFA;15/06/2018;3221,4
IHFA;18/06/2018;3222,49
IHFA;19/06/2018;3231,17
IHFA;20/06/2018;3237,12
IHFA;21/06/2018;3232,83
IHFA;22/06/2018;3235,35
IHFA;25/06/2018;3235,9
IHFA;26/06/2018;3240,87
IHFA;27/06/2018;3240,52
IHFA;28/06/2018;3248,89
IHFA;29/06/2018;3253,77
IHFA;02/07/2018;3258,59
IHFA;03/07/2018;3261,02
IHFA;04/07/2018;3267,26
IHFA;05/07/2018;3267,33
IHFA;06/07/2018;3266,36
IHFA;09/07/2018;3268,17
IHFA;10/07/2018;3265,04
IHFA;11/07/2018;3266,21
IHFA;12/07/2018;3269,87
IHFA;13/07/2018;3271,03
IHFA;16/07/2018;3274,84
IHFA;17/07/2018;3280,57
IHFA;18/07/2018;3277,6
IHFA;19/07/2018;3279,73
IHFA;20/07/2018;3285,96
IHFA;23/07/2018;3286,17
IHFA;24/07/2018;3290,86
IHFA;25/07/2018;3295,04
IHFA;26/07/2018;3289,31
IHFA;27/07/2018;3289,21
IHFA;30/07/2018;3290,86
IHFA;31/07/2018;3288,65
IHFA;01/08/2018;3293,73
IHFA;02/08/2018;3294,76
IHFA;03/08/2018;3298,86
IHFA;06/08/2018;3299,79
IHFA;07/08/2018;3295,23
IHFA;08/08/2018;3293,44
IHFA;09/08/2018;3290,96
IHFA;10/08/2018;3278,5
IHFA;13/08/2018;3285,64
IHFA;14/08/2018;3294,23
IHFA;15/08/2018;3289,7
IHFA;16/08/2018;3288,2
IHFA;17/08/2018;3287,04
IHFA;20/08/2018;3289,05
IHFA;21/08/2018;3283,16
IHFA;22/08/2018;3292,61
IHFA;23/08/2018;3290,02
IHFA;24/08/2018;3291,04
IHFA;27/08/2018;3296,62
IHFA;28/08/2018;3298,22
IHFA;29/08/2018;3303,14
IHFA;30/08/2018;3296,24
IHFA;31/08/2018;3290,93
IHFA;03/09/2018;3293,08
IHFA;04/09/2018;3289,51
IHFA;05/09/2018;3288,78
IHFA;06/09/2018;3290,28
IHFA;10/09/2018;3293,32
IHFA;11/09/2018;3294,1
IHFA;12/09/2018;3291,98
IHFA;13/09/2018;3291,48
IHFA;14/09/2018;3293,08
IHFA;17/09/2018;3299,25
IHFA;18/09/2018;3303,31
IHFA;19/09/2018;3300,12
IHFA;20/09/2018;3298,77
IHFA;21/09/2018;3301,96
IHFA;24/09/2018;3303,35
IHFA;25/09/2018;3307,11
IHFA;26/09/2018;3302,46
IHFA;27/09/2018;3305,53
IHFA;28/09/2018;3306,29
IHFA;01/10/2018;3297,07
IHFA;02/10/2018;3303,19
IHFA;03/10/2018;3315,32
IHFA;04/10/2018;3319,66
IHFA;05/10/2018;3319,41
IHFA;08/10/2018;3343,4
IHFA;09/10/2018;3348,16
IHFA;10/10/2018;3338,25
IHFA;11/10/2018;3332,16
IHFA;15/10/2018;3333,42
IHFA;16/10/2018;3348,51
IHFA;17/10/2018;3351,45
IHFA;18/10/2018;3341,55
IHFA;19/10/2018;3342,93
IHFA;22/10/2018;3355,6
IHFA;23/10/2018;3353,45
IHFA;24/10/2018;3339,81
IHFA;25/10/2018;3348,94
IHFA;26/10/2018;3362,76
IHFA;29/10/2018;3346,94
IHFA;30/10/2018;3366,57
IHFA;31/10/2018;3372,43
IHFA;01/11/2018;3374,56
IHFA;05/11/2018;3381,19
IHFA;06/11/2018;3372,69
IHFA;07/11/2018;3363,88
IHFA;08/11/2018;3352,7
IHFA;09/11/2018;3355,01
IHFA;12/11/2018;3354,61
IHFA;13/11/2018;3347,69
IHFA;14/11/2018;3356,67
IHFA;16/11/2018;3372,75
IHFA;19/11/2018;3369,93
IHFA;20/11/2018;3371,2
IHFA;21/11/2018;3365,97
IHFA;22/11/2018;3370,37
IHFA;23/11/2018;3364,17
IHFA;26/11/2018;3352,78
IHFA;27/11/2018;3367,67
IHFA;28/11/2018;3374,35
IHFA;29/11/2018;3375,41
IHFA;30/11/2018;3375,97
IHFA;03/12/2018;3377,81
IHFA;04/12/2018;3365,15
IHFA;05/12/2018;3369,46
IHFA;06/12/2018;3364,5
IHFA;07/12/2018;3358,69
IHFA;10/12/2018;3343,62
IHFA;11/12/2018;3347,22
IHFA;12/12/2018;3355,41
IHFA;13/12/2018;3363,53
IHFA;14/12/2018;3362,96
IHFA;17/12/2018;3355,31
IHFA;18/12/2018;3356,01
IHFA;19/12/2018;3355,97
IHFA;20/12/2018;3356,98
IHFA;21/12/2018;3357,51
IHFA;24/12/2018;3357,91
IHFA;26/12/2018;3356,13
IHFA;27/12/2018;3360,03
IHFA;28/12/2018;3375,75
IHFA;31/12/2018;3377,15
IHFA;02/01/2019;3401,11
IHFA;03/01/2019;3410,88
IHFA;04/01/2019;3414,74
IHFA;07/01/2019;3410,36
IHFA;08/01/2019;3413,41
IHFA;09/01/2019;3425,43
IHFA;10/01/2019;3423,91
IHFA;11/01/2019;3422,05
IHFA;14/01/2019;3429,47
IHFA;15/01/2019;3426,26
IHFA;16/01/2019;3429,22
IHFA;17/01/2019;3436,47
IHFA;18/01/2019;3438,33
IHFA;21/01/2019;3439,97
IHFA;22/01/2019;3434,78
IHFA;23/01/2019;3445,3
IHFA;24/01/2019;3450,2
IHFA;25/01/2019;3449,02
IHFA;28/01/2019;3438,36
IHFA;29/01/2019;3445,38
IHFA;30/01/2019;3452,17
IHFA;31/01/2019;3465,34
IHFA;01/02/2019;3466,31
IHFA;04/02/2019;3469,1
IHFA;05/02/2019;3468,62
IHFA;06/02/2019;3448,82
IHFA;07/02/2019;3442,1
IHFA;08/02/2019;3442,92
IHFA;11/02/2019;3434,87
IHFA;12/02/2019;3449,41
IHFA;13/02/2019;3449,28
IHFA;14/02/2019;3463,32
IHFA;15/02/2019;3466,29
IHFA;18/02/2019;3461,34
IHFA;19/02/2019;3465,91
IHFA;20/02/2019;3457,52
IHFA;21/02/2019;3457,68
IHFA;22/02/2019;3463,13
IHFA;25/02/2019;3459,46
IHFA;26/02/2019;3461,08
IHFA;27/02/2019;3462,43
IHFA;28/02/2019;3457,39
IHFA;01/03/2019;3453,9
IHFA;06/03/2019;3450,98
IHFA;07/03/2019;3448,38
IHFA;08/03/2019;3454,71
IHFA;11/03/2019;3470,55
IHFA;12/03/2019;3472
IHFA;13/03/2019;3479,8
IHFA;14/03/2019;3477,46
IHFA;15/03/2019;3480,44
IHFA;18/03/2019;3486,81
IHFA;19/03/2019;3486,47
IHFA;20/03/2019;3482,55
IHFA;21/03/2019;3472,66
IHFA;22/03/2019;3448,91
IHFA;25/03/2019;3450,49
IHFA;26/03/2019;3455,04
IHFA;27/03/2019;3435,26
IHFA;28/03/2019;3445,23
IHFA;29/03/2019;3450,55
IHFA;01/04/2019;3455,53
IHFA;02/04/2019;3455,96
IHFA;03/04/2019;3451,66
IHFA;04/04/2019;3456,6
IHFA;05/04/2019;3457,46
IHFA;08/04/2019;3456,75
IHFA;09/04/2019;3451,45
IHFA;10/04/2019;3454,53
IHFA;11/04/2019;3448,57
IHFA;12/04/2019;3441,68
IHFA;15/04/2019;3441,78
IHFA;16/04/2019;3443,8
IHFA;17/04/2019;3442,35
IHFA;18/04/2019;3452,15
IHFA;22/04/2019;3453,19
IHFA;23/04/2019;3461,68
IHFA;24/04/2019;3458,64
IHFA;25/04/2019;3467,48
IHFA;26/04/2019;3466,45
IHFA;29/04/2019;3465,96
IHFA;30/04/2019;3468,43
IHFA;02/05/2019;3465,48
IHFA;03/05/2019;3471,48
IHFA;06/05/2019;3470,29
IHFA;07/05/2019;3470,76
IHFA;08/05/2019;3475,74
IHFA;09/05/2019;3476,77
IHFA;10/05/2019;3473,98
IHFA;13/05/2019;3465,77
IHFA;14/05/2019;3466,3
IHFA;15/05/2019;3465,94
IHFA;16/05/2019;3457,25
IHFA;17/05/2019;3454,72
IHFA;20/05/2019;3462,51
IHFA;21/05/2019;3472,72
IHFA;22/05/2019;3472,85
IHFA;23/05/2019;3474,52
IHFA;24/05/2019;3473,72
IHFA;27/05/2019;3478,96
IHFA;28/05/2019;3491,5
IHFA;29/05/2019;3494,91
IHFA;30/05/2019;3498,04
IHFA;31/05/2019;3500,7
IHFA;03/06/2019;3501,03
IHFA;04/06/2019;3503,99
IHFA;05/06/2019;3496,92
IHFA;06/06/2019;3504,11
IHFA;07/06/2019;3510,63
IHFA;10/06/2019;3510,43
IHFA;11/06/2019;3518,93
IHFA;12/06/2019;3516,54
IHFA;13/06/2019;3525,65
IHFA;14/06/2019;3526,71
IHFA;17/06/2019;3523,26
IHFA;18/06/2019;3529,37
IHFA;19/06/2019;3535,22
IHFA;21/06/2019;3550,18
IHFA;24/06/2019;3551,32
IHFA;25/06/2019;3538,83
IHFA;26/06/2019;3539,32
IHFA;27/06/2019;3543
IHFA;28/06/2019;3553,65
IHFA;01/07/2019;3553,04
IHFA;02/07/2019;3548,42
IHFA;03/07/2019;3558,97
IHFA;04/07/2019;3571,32
IHFA;05/07/2019;3576,12
IHFA;08/07/2019;3585,51
IHFA;09/07/2019;3586,05
IHFA;10/07/2019;3595,15
IHFA;11/07/2019;3593,46
IHFA;12/07/2019;3589,89
IHFA;15/07/2019;3588,83
IHFA;16/07/2019;3588,57
IHFA;17/07/2019;3591,38
IHFA;18/07/2019;3597,59
IHFA;19/07/2019;3591,67
IHFA;22/07/2019;3593,35
IHFA;23/07/2019;3591,51
IHFA;24/07/2019;3594,15
IHFA;25/07/2019;3584,45
IHFA;26/07/2019;3587,89
IHFA;29/07/2019;3590,73
IHFA;30/07/2019;3590,33
IHFA;31/07/2019;3583,69
IHFA;01/08/2019;3618,54
IHFA;02/08/2019;3601,69
IHFA;05/08/2019;3588,68
IHFA;06/08/2019;3602,24
IHFA;07/08/2019;3606,34
IHFA;08/08/2019;3617,72
IHFA;09/08/2019;3624,53
IHFA;12/08/2019;3610,34
IHFA;13/08/2019;3610,55
IHFA;14/08/2019;3599,38
IHFA;15/08/2019;3592,43
IHFA;16/08/2019;3596,68
IHFA;19/08/2019;3591,12
IHFA;20/08/2019;3591,86
IHFA;21/08/2019;3604,7
IHFA;22/08/2019;3601,78
IHFA;23/08/2019;3592,65
IHFA;26/08/2019;3577,37
IHFA;27/08/2019;3582,55
IHFA;28/08/2019;3582,03
IHFA;29/08/2019;3590,8
IHFA;30/08/2019;3602,48
IHFA;02/09/2019;3603,44
IHFA;03/09/2019;3598,71
IHFA;04/09/2019;3602,27
IHFA;05/09/2019;3600,4
IHFA;06/09/2019;3598,84
IHFA;09/09/2019;3591,95
IHFA;10/09/2019;3588,45
IHFA;11/09/2019;3569,16
IHFA;12/09/2019;3599,3
IHFA;13/09/2019;3590,4
IHFA;16/09/2019;3592,25
IHFA;17/09/2019;3598,49
IHFA;18/09/2019;3602,45
IHFA;19/09/2019;3611,08
IHFA;20/09/2019;3615,5
IHFA;23/09/2019;3613,9
IHFA;24/09/2019;3609,54
IHFA;25/09/2019;3611,04
IHFA;26/09/2019;3619,26
IHFA;27/09/2019;3618,54
IHFA;30/09/2019;3618,96
IHFA;01/10/2019;3616,23
IHFA;02/10/2019;3603,03
IHFA;03/10/2019;3611,38
IHFA;04/10/2019;3616,82
IHFA;07/10/2019;3603,91
IHFA;08/10/2019;3602,73
IHFA;09/10/2019;3612,01
IHFA;10/10/2019;3613,11
IHFA;11/10/2019;3627,63
IHFA;14/10/2019;3633,03
IHFA;15/10/2019;3629,38
IHFA;16/10/2019;3640,11
IHFA;17/10/2019;3640,99
IHFA;18/10/2019;3643,51
IHFA;21/10/2019;3651,6
IHFA;22/10/2019;3652,29
IHFA;23/10/2019;3656,21
IHFA;24/10/2019;3651,83
IHFA;25/10/2019;3659,19
IHFA;28/10/2019;3663,71
IHFA;29/10/2019;3663,96
IHFA;30/10/2019;3675,68
IHFA;31/10/2019;3667,34
IHFA;01/11/2019;3674,35
IHFA;04/11/2019;3673,68
IHFA;05/11/2019;3667,65
IHFA;06/11/2019;3667,55
IHFA;07/11/2019;3672,79
IHFA;08/11/2019;3660,78
IHFA;11/11/2019;3665,99
IHFA;12/11/2019;3652,71
IHFA;13/11/2019;3644,75
IHFA;14/11/2019;3652,05
IHFA;18/11/2019;3648,86
IHFA;19/11/2019;3645,43
IHFA;20/11/2019;3644,63
IHFA;21/11/2019;3651,61
IHFA;22/11/2019;3660,67
IHFA;25/11/2019;3660,18
IHFA;26/11/2019;3649,27
IHFA;27/11/2019;3651,84
IHFA;28/11/2019;3658,99
IHFA;29/11/2019;3659,76
IHFA;02/12/2019;3661,46
IHFA;03/12/2019;3664,72
IHFA;04/12/2019;3673,86
IHFA;05/12/2019;3676,85
IHFA;06/12/2019;3689,44
IHFA;09/12/2019;3690,6
IHFA;10/12/2019;3689,62
IHFA;11/12/2019;3697,7
IHFA;12/12/2019;3708,46
IHFA;13/12/2019;3716,44
IHFA;16/12/2019;3716,93
IHFA;17/12/2019;3710,61
IHFA;18/12/2019;3722,08
IHFA;19/12/2019;3724,28
IHFA;20/12/2019;3728,21
IHFA;23/12/2019;3737,85
IHFA;24/12/2019;3739,65
IHFA;26/12/2019;3751,62
IHFA;27/12/2019;3751,81
IHFA;30/12/2019;3751,93
IHFA;31/12/2019;3752,54
IHFA;02/01/2020;3772,81
IHFA;03/01/2020;3769,9
IHFA;06/01/2020;3762,86
IHFA;07/01/2020;3764,55
IHFA;08/01/2020;3763,17
IHFA;09/01/2020;3766,14
IHFA;10/01/2020;3767,44
IHFA;13/01/2020;3780,38
IHFA;14/01/2020;3785,89
IHFA;15/01/2020;3785,45
IHFA;16/01/2020;3786,31
IHFA;17/01/2020;3799,03
IHFA;20/01/2020;3803,26
IHFA;21/01/2020;3793,75
IHFA;22/01/2020;3804,19
IHFA;23/01/2020;3812,05
IHFA;24/01/2020;3802,67
IHFA;27/01/2020;3774,41
IHFA;28/01/2020;3792,54
IHFA;29/01/2020;3787,85
IHFA;30/01/2020;3784,48
IHFA;31/01/2020;3773,49
IHFA;03/02/2020;3783,16
IHFA;04/02/2020;3789,99
IHFA;05/02/2020;3798,85
IHFA;06/02/2020;3789,54
IHFA;07/02/2020;3775,27
IHFA;10/02/2020;3760,15
IHFA;11/02/2020;3786,03
IHFA;12/02/2020;3801,34
IHFA;13/02/2020;3798,07
IHFA;14/02/2020;3794,75
IHFA;17/02/2020;3802,89
IHFA;18/02/2020;3802,88
IHFA;19/02/2020;3816,08
IHFA;20/02/2020;3802,31
IHFA;21/02/2020;3796,11
IHFA;26/02/2020;3730,01
IHFA;27/02/2020;3708,93
IHFA;28/02/2020;3714,42
IHFA;02/03/2020;3745,36
IHFA;03/03/2020;3743,47
IHFA;04/03/2020;3769,15
IHFA;05/03/2020;3717,08
IHFA;06/03/2020;3673,81
IHFA;09/03/2020;3571,77
IHFA;10/03/2020;3616,39
IHFA;11/03/2020;3545,79
IHFA;12/03/2020;3430,04
IHFA;13/03/2020;3524,29
IHFA;16/03/2020;3463,36
IHFA;17/03/2020;3478,44
IHFA;18/03/2020;3397,62
IHFA;19/03/2020;3410,26
IHFA;20/03/2020;3400,6
IHFA;23/03/2020;3380,23
IHFA;24/03/2020;3422,13
IHFA;25/03/2020;3460,08
IHFA;26/03/2020;3491,76
IHFA;27/03/2020;3473,82
IHFA;30/03/2020;3488,84
IHFA;31/03/2020;3482,69
IHFA;01/04/2020;3464,66
IHFA;02/04/2020;3471,63
IHFA;03/04/2020;3459,45
IHFA;06/04/2020;3491,37
IHFA;07/04/2020;3502,44
IHFA;08/04/2020;3517,42
IHFA;09/04/2020;3522,58
IHFA;13/04/2020;3530,2
IHFA;14/04/2020;3550,84
IHFA;15/04/2020;3550,16
IHFA;16/04/2020;3554,02
IHFA;17/04/2020;3563,62
IHFA;20/04/2020;3572,06
IHFA;22/04/2020;3599,5
IHFA;23/04/2020;3590,7
IHFA;24/04/2020;3553,96
IHFA;27/04/2020;3563,46
IHFA;28/04/2020;3582,75
IHFA;29/04/2020;3593,61
IHFA;30/04/2020;3583,65
IHFA;04/05/2020;3575,37
IHFA;05/05/2020;3581,44
IHFA;06/05/2020;3587,63
IHFA;07/05/2020;3594,54
IHFA;08/05/2020;3602,11
IHFA;11/05/2020;3599,47
IHFA;12/05/2020;3586,3
IHFA;13/05/2020;3584
IHFA;14/05/2020;3589,31
IHFA;15/05/2020;3584,44
IHFA;18/05/2020;3599,99
IHFA;19/05/2020;3602,49
IHFA;20/05/2020;3609,25
IHFA;21/05/2020;3611,21
IHFA;22/05/2020;3607,41
IHFA;25/05/2020;3630,63
IHFA;26/05/2020;3629,82
IHFA;27/05/2020;3646,06
IHFA;28/05/2020;3643,92
IHFA;29/05/2020;3650,81
IHFA;01/06/2020;3657,86
IHFA;02/06/2020;3667,86
IHFA;03/06/2020;3683,17
IHFA;04/06/2020;3686,68
IHFA;05/06/2020;3692,61
IHFA;08/06/2020;3710,65
IHFA;09/06/2020;3707,06
IHFA;10/06/2020;3698,77
IHFA;12/06/2020;3684,29
IHFA;15/06/2020;3686,41
IHFA;16/06/2020;3693,57
IHFA;17/06/2020;3709,78
IHFA;18/06/2020;3712,96
IHFA;19/06/2020;3716,59
IHFA;22/06/2020;3714,3
IHFA;23/06/2020;3718,92
IHFA;24/06/2020;3704,84
IHFA;25/06/2020;3718,72
IHFA;26/06/2020;3700,07
IHFA;29/06/2020;3712,85
IHFA;30/06/2020;3716,91
IHFA;01/07/2020;3729,12
IHFA;02/07/2020;3730
IHFA;03/07/2020;3737,58
IHFA;06/07/2020;3758,49
IHFA;07/07/2020;3749,55
IHFA;08/07/2020;3764,34
IHFA;09/07/2020;3764,21
IHFA;10/07/2020;3775,51
IHFA;13/07/2020;3761,57
IHFA;14/07/2020;3770,34
IHFA;15/07/2020;3781,38
IHFA;16/07/2020;3768,15
IHFA;17/07/2020;3793,61
IHFA;20/07/2020;3810,59
IHFA;21/07/2020;3809,03
IHFA;22/07/2020;3811,91
IHFA;23/07/2020;3796,29
IHFA;24/07/2020;3794,76
IHFA;27/07/2020;3812
IHFA;28/07/2020;3811,34
IHFA;29/07/2020;3823,88
IHFA;30/07/2020;3824,8
IHFA;31/07/2020;3816,68
IHFA;03/08/2020;3820,06
IHFA;04/08/2020;3812,26
IHFA;05/08/2020;3829,22
IHFA;06/08/2020;3845,41
IHFA;07/08/2020;3833,55
IHFA;10/08/2020;3831,33
IHFA;11/08/2020;3817,21
IHFA;12/08/2020;3818,92
IHFA;13/08/2020;3811,41
IHFA;14/08/2020;3817,89
IHFA;17/08/2020;3809,92
IHFA;18/08/2020;3833,05
IHFA;19/08/2020;3820,12
IHFA;20/08/2020;3825,3
IHFA;21/08/2020;3825,31
IHFA;24/08/2020;3834,3
IHFA;25/08/2020;3836,4
IHFA;26/08/2020;3830,04
IHFA;27/08/2020;3828,46
IHFA;28/08/2020;3844,48
IHFA;31/08/2020;3826,39
IHFA;01/09/2020;3846,14
IHFA;02/09/2020;3845,4
IHFA;03/09/2020;3824,38
IHFA;04/09/2020;3827,94
IHFA;08/09/2020;3810,96
IHFA;09/09/2020;3825,78
IHFA;10/09/2020;3803,03
IHFA;11/09/2020;3801,82
IHFA;14/09/2020;3817,47
IHFA;15/09/2020;3817,64
IHFA;16/09/2020;3810,27
IHFA;17/09/2020;3808,54
IHFA;18/09/2020;3789,61
IHFA;21/09/2020;3770,85
IHFA;22/09/2020;3778,58
IHFA;23/09/2020;3759,35
IHFA;24/09/2020;3766,39
IHFA;25/09/2020;3769,15
IHFA;28/09/2020;3754,15
IHFA;29/09/2020;3745,23
IHFA;30/09/2020;3753,64
IHFA;01/10/2020;3764,5
IHFA;02/10/2020;3745,97
IHFA;05/10/2020;3760,02
IHFA;06/10/2020;3748,99
IHFA;07/10/2020;3753,5
IHFA;08/10/2020;3766,65
IHFA;09/10/2020;3777,19
IHFA;13/10/2020;3784,1
IHFA;14/10/2020;3789,08
IHFA;15/10/2020;3787,5
IHFA;16/10/2020;3787,18
IHFA;19/10/2020;3782,57
IHFA;20/10/2020;3797,23
IHFA;21/10/2020;3803,26
IHFA;22/10/2020;3805,46
IHFA;23/10/2020;3803,83
IHFA;26/10/2020;3793,41
IHFA;27/10/2020;3789,23
IHFA;28/10/2020;3753,16
IHFA;29/10/2020;3765
IHFA;30/10/2020;3743,2
IHFA;03/11/2020;3760,2
IHFA;04/11/2020;3780,52
IHFA;05/11/2020;3812,25
IHFA;06/11/2020;3817,11
IHFA;09/11/2020;3817,77
IHFA;10/11/2020;3812,47
IHFA;11/11/2020;3813,86
IHFA;12/11/2020;3794,28
IHFA;13/11/2020;3812,36
IHFA;16/11/2020;3822,16
IHFA;17/11/2020;3824,03
IHFA;18/11/2020;3815,25
IHFA;19/11/2020;3821,41
IHFA;20/11/2020;3820,26
IHFA;23/11/2020;3828,39
IHFA;24/11/2020;3845,88
IHFA;25/11/2020;3853,47
IHFA;26/11/2020;3857,65
IHFA;27/11/2020;3867,12
IHFA;30/11/2020;3855,05
IHFA;01/12/2020;3871,75
IHFA;02/12/2020;3877,88
IHFA;03/12/2020;3885,5
IHFA;04/12/2020;3897,62
IHFA;07/12/2020;3892,04
IHFA;08/12/2020;3896,42
IHFA;09/12/2020;3885,78
IHFA;10/12/2020;3894,3
IHFA;11/12/2020;3897,04
IHFA;14/12/2020;3896,11
IHFA;15/12/2020;3915,91
IHFA;16/12/2020;3927,07
IHFA;17/12/2020;3935,34
IHFA;18/12/2020;3934,05
IHFA;21/12/2020;3919,86
IHFA;22/12/2020;3920,69
IHFA;23/12/2020;3934,3
IHFA;24/12/2020;3936,01
IHFA;28/12/2020;3942,95
IHFA;29/12/2020;3950,19
IHFA;30/12/2020;3958,34
IHFA;31/12/2020;3959,42
IHFA;04/01/2021;3955,28
IHFA;05/01/2021;3961,68
IHFA;06/01/2021;3946,08
IHFA;07/01/2021;3959,91
IHFA;08/01/2021;3983,61
IHFA;11/01/2021;3968,18
IHFA;12/01/2021;3980,22
IHFA;13/01/2021;3970,68
IHFA;14/01/2021;3984,72
IHFA;15/01/2021;3965,79
IHFA;18/01/2021;3967,89
IHFA;19/01/2021;3973,23
IHFA;20/01/2021;3978,48
IHFA;21/01/2021;3971,03
IHFA;22/01/2021;3959,66
IHFA;25/01/2021;3956,69
IHFA;26/01/2021;3951,66
IHFA;27/01/2021;3925,52
IHFA;28/01/2021;3950,5
IHFA;29/01/2021;3924,94
IHFA;01/02/2021;3953,82
IHFA;02/02/2021;3972,6
IHFA;03/02/2021;3986,69
IHFA;04/02/2021;3990,2
IHFA;05/02/2021;4006,56
IHFA;08/02/2021;4012,28
IHFA;09/02/2021;4009,25
IHFA;10/02/2021;3999,73
IHFA;11/02/2021;4010,06
IHFA;12/02/2021;4015,12
IHFA;17/02/2021;4024,82
IHFA;18/02/2021;4017,66
IHFA;19/02/2021;4022,34
IHFA;22/02/2021;3987,76
IHFA;23/02/2021;3993,76
IHFA;24/02/2021;4000,86
IHFA;25/02/2021;3967,23
IHFA;26/02/2021;3944,47
IHFA;01/03/2021;3958,31
IHFA;02/03/2021;3955,07
IHFA;03/03/2021;3944,44
IHFA;04/03/2021;3943,1
IHFA;05/03/2021;3964,81
IHFA;08/03/2021;3928,07
IHFA;09/03/2021;3934,21
IHFA;10/03/2021;3931,67
IHFA;11/03/2021;3961,52
IHFA;12/03/2021;3959,95
IHFA;15/03/2021;3963,95
IHFA;16/03/2021;3960,68
IHFA;17/03/2021;3975,84
IHFA;18/03/2021;3949,49
IHFA;19/03/2021;3958,61
IHFA;22/03/2021;3949,93
IHFA;23/03/2021;3933,15
IHFA;24/03/2021;3914,5
IHFA;25/03/2021;3931,89
IHFA;26/03/2021;3945,28
IHFA;29/03/2021;3943,87
IHFA;30/03/2021;3954,78
IHFA;31/03/2021;3963,24
IHFA;01/04/2021;3966,52
IHFA;05/04/2021;3980,85
IHFA;06/04/2021;3982,14
IHFA;07/04/2021;3982,23
IHFA;08/04/2021;3990,34
IHFA;09/04/2021;3992,5
IHFA;12/04/2021;3997,03
IHFA;13/04/2021;3996,38
IHFA;14/04/2021;3996,89
IHFA;15/04/2021;4001,89
IHFA;16/04/2021;4011,06
IHFA;19/04/2021;4009,7
IHFA;20/04/2021;3995,43
IHFA;22/04/2021;3991,36
IHFA;23/04/2021;4006,88
IHFA;26/04/2021;4014,86
IHFA;27/04/2021;4010,42
IHFA;28/04/2021;4020,49
IHFA;29/04/2021;4024,6
IHFA;30/04/2021;4014,13
IHFA;03/05/2021;4013,92
IHFA;04/05/2021;4000,09
IHFA;05/05/2021;4012
IHFA;06/05/2021;4014,61
IHFA;07/05/2021;4037,62
IHFA;10/05/2021;4026,17
IHFA;11/05/2021;4030,82
IHFA;12/05/2021;4000,86
IHFA;13/05/2021;4003,37
IHFA;14/05/2021;4020,47
IHFA;17/05/2021;4029,9
IHFA;18/05/2021;4026,19
IHFA;19/05/2021;4016,94
IHFA;20/05/2021;4026,11
IHFA;21/05/2021;4025,85
IHFA;24/05/2021;4039,62
IHFA;25/05/2021;4030,75
IHFA;26/05/2021;4037,36
IHFA;27/05/2021;4048,85
IHFA;28/05/2021;4056,99
IHFA;31/05/2021;4062,88
IHFA;01/06/2021;4073,78
IHFA;02/06/2021;4078,02
IHFA;04/06/2021;4080,46
IHFA;07/06/2021;4081,73
IHFA;08/06/2021;4075,77
IHFA;09/06/2021;4073,34
IHFA;10/06/2021;4075,79
IHFA;11/06/2021;4069,2
IHFA;14/06/2021;4080,4
IHFA;15/06/2021;4080,27
IHFA;16/06/2021;4077,96
IHFA;17/06/2021;4066,35
IHFA;18/06/2021;4064,81
IHFA;21/06/2021;4079,53
IHFA;22/06/2021;4082,14
IHFA;23/06/2021;4084,93
IHFA;24/06/2021;4095,07
IHFA;25/06/2021;4090,09
IHFA;28/06/2021;4094,54
IHFA;29/06/2021;4094,67
IHFA;30/06/2021;4091,19
IHFA;01/07/2021;4086,52
IHFA;02/07/2021;4097,86
IHFA;05/07/2021;4096,51
IHFA;06/07/2021;4070,87
IHFA;07/07/2021;4075,44
IHFA;08/07/2021;4056,16
IHFA;09/07/2021;4063,56
IHFA;12/07/2021;4076,5
IHFA;13/07/2021;4085,56
IHFA;14/07/2021;4085,78
IHFA;15/07/2021;4075,11
IHFA;16/07/2021;4067,77
IHFA;19/07/2021;4033,75
IHFA;20/07/2021;4046,31
IHFA;21/07/2021;4059,3
IHFA;22/07/2021;4066,98
IHFA;23/07/2021;4065,91
IHFA;26/07/2021;4063,49
IHFA;27/07/2021;4043,27
IHFA;28/07/2021;4054,41
IHFA;29/07/2021;4062,71
IHFA;30/07/2021;4028,14
IHFA;02/08/2021;4030,13
IHFA;03/08/2021;4033,93
IHFA;04/08/2021;4027,52
IHFA;05/08/2021;4034,98
IHFA;06/08/2021;4044,43
IHFA;09/08/2021;4046,2
IHFA;10/08/2021;4048,89
IHFA;11/08/2021;4046,7
IHFA;12/08/2021;4042,07
IHFA;13/08/2021;4035,54
IHFA;16/08/2021;4012,2
IHFA;17/08/2021;3997,84
IHFA;18/08/2021;3992,73
IHFA;19/08/2021;3999,27
IHFA;20/08/2021;4011,78
IHFA;23/08/2021;4010,67
IHFA;24/08/2021;4028,05
IHFA;25/08/2021;4039,1
IHFA;26/08/2021;4025,41
IHFA;27/08/2021;4040,01
IHFA;30/08/2021;4035,92
IHFA;31/08/2021;4033,08
IHFA;01/09/2021;4037,66
IHFA;02/09/2021;4030,79
IHFA;03/09/2021;4034,61
IHFA;06/09/2021;4038,27
IHFA;08/09/2021;4020,87
IHFA;09/09/2021;4027,15
IHFA;10/09/2021;4024,8
IHFA;13/09/2021;4035,39
IHFA;14/09/2021;4034,54
IHFA;15/09/2021;4042,17
IHFA;16/09/2021;4041,49
IHFA;17/09/2021;4033,61
IHFA;20/09/2021;4007,25
IHFA;21/09/2021;4018,04
IHFA;22/09/2021;4027,91
IHFA;23/09/2021;4049,69
IHFA;24/09/2021;4054,89
IHFA;27/09/2021;4057,13
IHFA;28/09/2021;4035,95
IHFA;29/09/2021;4038,34
IHFA;30/09/2021;4039,3
IHFA;01/10/2021;4050,05
IHFA;04/10/2021;4033,15
IHFA;05/10/2021;4038,94
IHFA;06/10/2021;4035,78
IHFA;07/10/2021;4047,57
IHFA;08/10/2021;4060,84
IHFA;11/10/2021;4059,07
IHFA;13/10/2021;4056,52
IHFA;14/10/2021;4061,11
IHFA;15/10/2021;4074,77
IHFA;18/10/2021;4078,05
IHFA;19/10/2021;4061,42
IHFA;20/10/2021;4059,05
IHFA;21/10/2021;4048,86
IHFA;22/10/2021;4033,16
IHFA;25/10/2021;4043,06
IHFA;26/10/2021;4027,86
IHFA;27/10/2021;4013,41
IHFA;28/10/2021;4012,41
IHFA;29/10/2021;4009,78
IHFA;01/11/2021;4023,42
IHFA;03/11/2021;4040,16
IHFA;04/11/2021;4029,18
IHFA;05/11/2021;4036,69
IHFA;08/11/2021;4035,95
IHFA;09/11/2021;4032,66
IHFA;10/11/2021;4045,02
IHFA;11/11/2021;4062,03
IHFA;12/11/2021;4059,02
IHFA;16/11/2021;4051,69
IHFA;17/11/2021;4037,47
IHFA;18/11/2021;4037,78
IHFA;19/11/2021;4038,26
IHFA;22/11/2021;4034,06
IHFA;23/11/2021;4045,6
IHFA;24/11/2021;4048,5
IHFA;25/11/2021;4058,96
IHFA;26/11/2021;4008,94
IHFA;29/11/2021;4018,61
IHFA;30/11/2021;3990,07
IHFA;01/12/2021;3979,51
IHFA;02/12/2021;4001,4
IHFA;03/12/2021;4002,43
IHFA;06/12/2021;4019,49
IHFA;07/12/2021;4031,65
IHFA;08/12/2021;4040,97
IHFA;09/12/2021;4027,29
IHFA;10/12/2021;4037,68
IHFA;13/12/2021;4028,23
IHFA;14/12/2021;4019,14
IHFA;15/12/2021;4031,45
IHFA;16/12/2021;4021,15
IHFA;17/12/2021;4017,55
IHFA;20/12/2021;3996,12
IHFA;21/12/2021;4015,29
IHFA;22/12/2021;4017,47
IHFA;23/12/2021;4021,73
IHFA;24/12/2021;4021,88
IHFA;27/12/2021;4032,68
IHFA;28/12/2021;4032,76
IHFA;29/12/2021;4030,47
IHFA;30/12/2021;4040,91
IHFA;31/12/2021;4040,03
IHFA;03/01/2022;4040,78
IHFA;04/01/2022;4038,01
IHFA;05/01/2022;4014,68
IHFA;06/01/2022;4020,43
IHFA;07/01/2022;4022,59
IHFA;10/01/2022;4020,86
IHFA;11/01/2022;4032,64
IHFA;12/01/2022;4042,77
IHFA;13/01/2022;4031,63
IHFA;14/01/2022;4043,7
IHFA;17/01/2022;4044,11
IHFA;18/01/2022;4044,11
IHFA;19/01/2022;4050,58
IHFA;20/01/2022;4064,28
IHFA;21/01/2022;4050,45
IHFA;24/01/2022;4040,88
IHFA;25/01/2022;4053,68
IHFA;26/01/2022;4069,02
IHFA;27/01/2022;4077,83
IHFA;28/01/2022;4080,12
IHFA;31/01/2022;4091
IHFA;01/02/2022;4096,58
IHFA;02/02/2022;4092,98
IHFA;03/02/2022;4094,44
IHFA;04/02/2022;4111,68
IHFA;07/02/2022;4108,1
IHFA;08/02/2022;4109,29
IHFA;09/02/2022;4113,45
IHFA;10/02/2022;4128,21
IHFA;11/02/2022;4122,64
IHFA;14/02/2022;4133,21
IHFA;15/02/2022;4144,05
IHFA;16/02/2022;4145,22
IHFA;17/02/2022;4132,01
IHFA;18/02/2022;4125,03
IHFA;21/02/2022;4118,77
IHFA;22/02/2022;4128,67
IHFA;23/02/2022;4132,58
IHFA;24/02/2022;4131,29
IHFA;25/02/2022;4140,33
IHFA;02/03/2022;4137,29
IHFA;03/03/2022;4139,42
IHFA;04/03/2022;4128,34
IHFA;07/03/2022;4121,36
IHFA;08/03/2022;4139,88
IHFA;09/03/2022;4163,01
IHFA;10/03/2022;4174,94
IHFA;11/03/2022;4163,25
IHFA;14/03/2022;4161,62
IHFA;15/03/2022;4163,17
IHFA;16/03/2022;4180,27
IHFA;17/03/2022;4197,38
IHFA;18/03/2022;4216,15
IHFA;21/03/2022;4239,96
IHFA;22/03/2022;4259,92
IHFA;23/03/2022;4266,14
IHFA;24/03/2022;4284,17
IHFA;25/03/2022;4306,04
IHFA;28/03/2022;4301,17
IHFA;29/03/2022;4303,43
IHFA;30/03/2022;4294,86
IHFA;31/03/2022;4287,32
IHFA;01/04/2022;4315,72
IHFA;04/04/2022;4321,24
IHFA;05/04/2022;4319,86
IHFA;06/04/2022;4309,53
IHFA;07/04/2022;4315,01
IHFA;08/04/2022;4327,76
IHFA;11/04/2022;4318,84
IHFA;12/04/2022;4315,58
IHFA;13/04/2022;4320,88
IHFA;14/04/2022;4331,49
IHFA;18/04/2022;4335,14
IHFA;19/04/2022;4343,38
IHFA;20/04/2022;4347,19
IHFA;22/04/2022;4339,14
IHFA;25/04/2022;4332,06
IHFA;26/04/2022;4324,09
IHFA;27/04/2022;4330,61
IHFA;28/04/2022;4346,48
IHFA;29/04/2022;4345,76
IHFA;02/05/2022;4338,55
IHFA;03/05/2022;4344,23
IHFA;04/05/2022;4367,72
IHFA;05/05/2022;4353,47
IHFA;06/05/2022;4353,09
IHFA;09/05/2022;4329,81
IHFA;10/05/2022;4333,87
IHFA;11/05/2022;4339,92
IHFA;12/05/2022;4339,02
IHFA;13/05/2022;4362,08
IHFA;16/05/2022;4367,99
IHFA;17/05/2022;4377,25
IHFA;18/05/2022;4361,85
IHFA;19/05/2022;4365,84
IHFA;20/05/2022;4370,28
IHFA;23/05/2022;4381,87
IHFA;24/05/2022;4372,9
IHFA;25/05/2022;4378,21
IHFA;26/05/2022;4391,18
IHFA;27/05/2022;4393,81
IHFA;30/05/2022;4387,34
IHFA;31/05/2022;4393,69
IHFA;01/06/2022;4398,86
IHFA;02/06/2022;4407,08
IHFA;03/06/2022;4405,95
IHFA;06/06/2022;4404,67
IHFA;07/06/2022;4406,15
IHFA;08/06/2022;4410,66
IHFA;09/06/2022;4410,74
IHFA;10/06/2022;4411,45
IHFA;13/06/2022;4410,41
IHFA;14/06/2022;4404,92
IHFA;15/06/2022;4411,04
IHFA;17/06/2022;4393,67
IHFA;20/06/2022;4393,54
IHFA;21/06/2022;4391,22
IHFA;22/06/2022;4381,46
IHFA;23/06/2022;4374,66
IHFA;24/06/2022;4375,66
IHFA;27/06/2022;4382,52
IHFA;28/06/2022;4383,74
IHFA;29/06/2022;4380,23
IHFA;30/06/2022;4376,35
IHFA;01/07/2022;4371,48
IHFA;04/07/2022;4369,29
IHFA;05/07/2022;4359,8
IHFA;06/07/2022;4366,05
IHFA;07/07/2022;4382,22
IHFA;08/07/2022;4384,67
IHFA;11/07/2022;4371,58
IHFA;12/07/2022;4366,28
IHFA;13/07/2022;4365,61
IHFA;14/07/2022;4366,5
IHFA;15/07/2022;4367,93
IHFA;18/07/2022;4366,96
IHFA;19/07/2022;4373,3
IHFA;20/07/2022;4386,03
IHFA;21/07/2022;4381,88
IHFA;22/07/2022;4374,72
IHFA;25/07/2022;4379,24
IHFA;26/07/2022;4380,54
IHFA;27/07/2022;4392,11
IHFA;28/07/2022;4400,37
IHFA;29/07/2022;4407,82
IHFA;01/08/2022;4406,25
IHFA;02/08/2022;4413,4
IHFA;03/08/2022;4425,11
IHFA;04/08/2022;4441,09
IHFA;05/08/2022;4452,15
IHFA;08/08/2022;4458,07
IHFA;09/08/2022;4454,98
IHFA;10/08/2022;4457,25
IHFA;11/08/2022;4448,2
IHFA;12/08/2022;4464,61
IHFA;15/08/2022;4472,71
IHFA;16/08/2022;4468,06
IHFA;17/08/2022;4474,57
IHFA;18/08/2022;4481,68
IHFA;19/08/2022;4473,97
IHFA;22/08/2022;4482,05
IHFA;23/08/2022;4493,21
IHFA;24/08/2022;4504,37
IHFA;25/08/2022;4502,13
IHFA;26/08/2022;4506,75
IHFA;29/08/2022;4517,73
IHFA;30/08/2022;4513,24
IHFA;31/08/2022;4515,16
IHFA;01/09/2022;4528,52
IHFA;02/09/2022;4531,67
IHFA;05/09/2022;4542,15
IHFA;06/09/2022;4525,11
IHFA;08/09/2022;4521,96
IHFA;09/09/2022;4536,39
IHFA;12/09/2022;4540,42
IHFA;13/09/2022;4541,69
IHFA;14/09/2022;4551,4
IHFA;15/09/2022;4550,25
IHFA;16/09/2022;4544,65
IHFA;19/09/2022;4553,97
IHFA;20/09/2022;4564,09
IHFA;21/09/2022;4574,43
IHFA;22/09/2022;4597,61
IHFA;23/09/2022;4598,77
IHFA;26/09/2022;4584,44
IHFA;27/09/2022;4581,13
IHFA;28/09/2022;4575,78
IHFA;29/09/2022;4571,03
IHFA;30/09/2022;4582,61
IHFA;03/10/2022;4608,62
IHFA;04/10/2022;4600,24
IHFA;05/10/2022;4608,29
IHFA;06/10/2022;4622,42
IHFA;07/10/2022;4630,29
IHFA;10/10/2022;4635,62
IHFA;11/10/2022;4624,15
IHFA;13/10/2022;4617,21
IHFA;14/10/2022;4617,47
IHFA;17/10/2022;4616,73
IHFA;18/10/2022;4624,73
IHFA;19/10/2022;4634,39
IHFA;20/10/2022;4640,08
IHFA;21/10/2022;4648,73
IHFA;24/10/2022;4629,83
IHFA;25/10/2022;4614,13
IHFA;26/10/2022;4596,5
IHFA;27/10/2022;4611,5
IHFA;28/10/2022;4616,65
IHFA;31/10/2022;4644,19
IHFA;01/11/2022;4648,04
IHFA;03/11/2022;4661,36
IHFA;04/11/2022;4661,97
IHFA;07/11/2022;4640,01
IHFA;08/11/2022;4631,23
IHFA;09/11/2022;4625,46
IHFA;10/11/2022;4588,19
IHFA;11/11/2022;4585,93
IHFA;14/11/2022;4590,28
IHFA;16/11/2022;4574,77
IHFA;17/11/2022;4569,15
IHFA;18/11/2022;4563,19
IHFA;21/11/2022;4568,34
IHFA;22/11/2022;4562,92
IHFA;23/11/2022;4553,13
IHFA;24/11/2022;4565,19
IHFA;25/11/2022;4557,81
IHFA;28/11/2022;4557,34
IHFA;29/11/2022;4564,96
IHFA;30/11/2022;4573,72
IHFA;01/12/2022;4569,74
IHFA;02/12/2022;4576,29
IHFA;05/12/2022;4561,6
IHFA;06/12/2022;4556,04
IHFA;07/12/2022;4557,96
IHFA;08/12/2022;4551,93
IHFA;09/12/2022;4550,15
IHFA;12/12/2022;4544,4
IHFA;13/12/2022;4542,64
IHFA;14/12/2022;4549,95
IHFA;15/12/2022;4549,31
IHFA;16/12/2022;4546,49
IHFA;19/12/2022;4552,08
IHFA;20/12/2022;4563,09
IHFA;21/12/2022;4567,47
IHFA;22/12/2022;4569,22
IHFA;23/12/2022;4581,53
IHFA;26/12/2022;4578,92
IHFA;27/12/2022;4577,84
IHFA;28/12/2022;4586,62
IHFA;29/12/2022;4588,08
IHFA;30/12/2022;4592,07
IHFA;02/01/2023;4583,75
IHFA;03/01/2023;4581,85
IHFA;04/01/2023;4580,61
IHFA;05/01/2023;4581,57
IHFA;06/01/2023;4584,8
IHFA;09/01/2023;4593,85
IHFA;10/01/2023;4600,05
IHFA;11/01/2023;4614,8
IHFA;12/01/2023;4626,19
IHFA;13/01/2023;4631,17
IHFA;16/01/2023;4631,57
IHFA;17/01/2023;4632,65
IHFA;18/01/2023;4633,94
IHFA;19/01/2023;4639,43
IHFA;20/01/2023;4640,62
IHFA;23/01/2023;4642,23
IHFA;24/01/2023;4643,41
IHFA;25/01/2023;4650,32
IHFA;26/01/2023;4650,79
IHFA;27/01/2023;4648,3
IHFA;30/01/2023;4640,47
IHFA;31/01/2023;4645,06
IHFA;01/02/2023;4650,23
IHFA;02/02/2023;4656,55
IHFA;03/02/2023;4637,47
IHFA;06/02/2023;4635,57
IHFA;07/02/2023;4637,3
IHFA;08/02/2023;4641,66
IHFA;09/02/2023;4628,05
IHFA;10/02/2023;4634,35
IHFA;13/02/2023;4628,61
IHFA;14/02/2023;4628,73
IHFA;15/02/2023;4632,47
IHFA;16/02/2023;4639,69
IHFA;17/02/2023;4633,23
IHFA;22/02/2023;4630,43
IHFA;23/02/2023;4630,44
IHFA;24/02/2023;4638,54
IHFA;27/02/2023;4633,74
IHFA;28/02/2023;4636,1
IHFA;01/03/2023;4637,4
IHFA;02/03/2023;4636,2
IHFA;03/03/2023;4635,75
IHFA;06/03/2023;4641,06
IHFA;07/03/2023;4646,49
IHFA;08/03/2023;4649,91
IHFA;09/03/2023;4649,26
IHFA;10/03/2023;4638,77
IHFA;13/03/2023;4618,87
IHFA;14/03/2023;4611,5
IHFA;15/03/2023;4612,44
IHFA;16/03/2023;4611,45
IHFA;17/03/2023;4614,72
IHFA;20/03/2023;4610,05
IHFA;21/03/2023;4609,8
IHFA;22/03/2023;4621,96
IHFA;23/03/2023;4621,65
IHFA;24/03/2023;4628,59
IHFA;27/03/2023;4628,83
IHFA;28/03/2023;4632,45
IHFA;29/03/2023;4626,97
IHFA;30/03/2023;4637,12
IHFA;31/03/2023;4629,22
IHFA;03/04/2023;4640
IHFA;04/04/2023;4652,97
IHFA;05/04/2023;4649,63
IHFA;06/04/2023;4652,36
IHFA;10/04/2023;4648,41
IHFA;11/04/2023;4658,44
IHFA;12/04/2023;4667,62
IHFA;13/04/2023;4673,31
IHFA;14/04/2023;4669,25
IHFA;17/04/2023;4661,89
IHFA;18/04/2023;4658,47
IHFA;19/04/2023;4647,1
IHFA;20/04/2023;4656,45
IHFA;24/04/2023;4663,91
IHFA;25/04/2023;4666,05
IHFA;26/04/2023;4667,92
IHFA;27/04/2023;4667,11
IHFA;28/04/2023;4666,93
IHFA;02/05/2023;4663,27
IHFA;03/05/2023;4667,77
IHFA;04/05/2023;4676,52
IHFA;05/05/2023;4680,47
IHFA;08/05/2023;4677,18
IHFA;09/05/2023;4682,09
IHFA;10/05/2023;4690,98
IHFA;11/05/2023;4697,5
IHFA;12/05/2023;4698,43
IHFA;15/05/2023;4703,97
IHFA;16/05/2023;4697,56
IHFA;17/05/2023;4700,24
IHFA;18/05/2023;4698,36
IHFA;19/05/2023;4698,76
IHFA;22/05/2023;4698,6
IHFA;23/05/2023;4695,93
IHFA;24/05/2023;4697,18
IHFA;25/05/2023;4705,19
IHFA;26/05/2023;4707,87
IHFA;29/05/2023;4704,72
IHFA;30/05/2023;4709,9
IHFA;31/05/2023;4704,94
IHFA;01/06/2023;4716,46
IHFA;02/06/2023;4719,4
IHFA;05/06/2023;4726,41
IHFA;06/06/2023;4737,02
IHFA;07/06/2023;4735,11
IHFA;09/06/2023;4750,01
IHFA;12/06/2023;4753,17
IHFA;13/06/2023;4739,08
IHFA;14/06/2023;4755,27
IHFA;15/06/2023;4763,89
IHFA;16/06/2023;4763,11
IHFA;19/06/2023;4766,48
IHFA;20/06/2023;4770,37
IHFA;21/06/2023;4778,65
IHFA;22/06/2023;4769,87
IHFA;23/06/2023;4778,65
IHFA;26/06/2023;4777,72
IHFA;27/06/2023;4764,41
IHFA;28/06/2023;4764,75
IHFA;29/06/2023;4767,65
IHFA;30/06/2023;4776,07
IHFA;03/07/2023;4785,74
IHFA;04/07/2023;4779,88
IHFA;05/07/2023;4783,28
IHFA;06/07/2023;4759,08
IHFA;07/07/2023;4776,94
IHFA;10/07/2023;4767,82
IHFA;11/07/2023;4770,87
IHFA;12/07/2023;4782,59
IHFA;13/07/2023;4794,59
IHFA;14/07/2023;4776,1
IHFA;17/07/2023;4786,81
IHFA;18/07/2023;4798,06
IHFA;19/07/2023;4800,05
IHFA;20/07/2023;4791,21
IHFA;21/07/2023;4811,69
IHFA;24/07/2023;4821,91
IHFA;25/07/2023;4820,73
IHFA;26/07/2023;4827,79
IHFA;27/07/2023;4815,35
IHFA;28/07/2023;4826,15
IHFA;31/07/2023;4846,12
IHFA;01/08/2023;4836,76
IHFA;02/08/2023;4832,97
IHFA;03/08/2023;4840,77
IHFA;04/08/2023;4848,25
IHFA;07/08/2023;4842,94
IHFA;08/08/2023;4850,97
IHFA;09/08/2023;4848,99
IHFA;10/08/2023;4850,86
IHFA;11/08/2023;4849,07
IHFA;14/08/2023;4832,07
IHFA;15/08/2023;4826,94
IHFA;16/08/2023;4824,61
IHFA;17/08/2023;4809,69
IHFA;18/08/2023;4815,06
IHFA;21/08/2023;4805,16
IHFA;22/08/2023;4820,07
IHFA;23/08/2023;4840,96
IHFA;24/08/2023;4834,52
IHFA;25/08/2023;4821,16
IHFA;28/08/2023;4820,67
IHFA;29/08/2023;4831,39
IHFA;30/08/2023;4827,98
IHFA;31/08/2023;4810,68
IHFA;01/09/2023;4819,74
IHFA;04/09/2023;4817,06
IHFA;05/09/2023;4806,58
IHFA;06/09/2023;4795,56
IHFA;08/09/2023;4804,09
IHFA;11/09/2023;4813,6
IHFA;12/09/2023;4827,62
IHFA;13/09/2023;4837,37
IHFA;14/09/2023;4849,83
IHFA;15/09/2023;4842,86
IHFA;18/09/2023;4835,57
IHFA;19/09/2023;4828,37
IHFA;20/09/2023;4830,79
IHFA;21/09/2023;4823,03
IHFA;22/09/2023;4824,85
IHFA;25/09/2023;4823,18
IHFA;26/09/2023;4808,12
IHFA;27/09/2023;4797,14
IHFA;28/09/2023;4802,37
IHFA;29/09/2023;4810,94
IHFA;02/10/2023;4797,25
IHFA;03/10/2023;4779,83
IHFA;04/10/2023;4783,84
IHFA;05/10/2023;4778,92
IHFA;06/10/2023;4777,24
IHFA;09/10/2023;4789,43
IHFA;10/10/2023;4802,44
IHFA;11/10/2023;4793,71
IHFA;13/10/2023;4784,96
IHFA;16/10/2023;4785,89
IHFA;17/10/2023;4773,5
IHFA;18/10/2023;4760,83
IHFA;19/10/2023;4758,65
IHFA;20/10/2023;4769,22
IHFA;23/10/2023;4772,37
IHFA;24/10/2023;4780,36
IHFA;25/10/2023;4778,33
IHFA;26/10/2023;4796,32
IHFA;27/10/2023;4783,9
IHFA;30/10/2023;4766,59
IHFA;31/10/2023;4769,65
IHFA;01/11/2023;4787,1
IHFA;03/11/2023;4811,63
IHFA;06/11/2023;4802,88
IHFA;07/11/2023;4818
IHFA;08/11/2023;4811,13
IHFA;09/11/2023;4802,94
IHFA;10/11/2023;4816,86
IHFA;13/11/2023;4813,9
IHFA;14/11/2023;4848,27
IHFA;16/11/2023;4861,92
IHFA;17/11/2023;4864,57
IHFA;20/11/2023;4873,68
IHFA;21/11/2023;4861,21
IHFA;22/11/2023;4864,95
IHFA;23/11/2023;4867,27
IHFA;24/11/2023;4867,8
IHFA;27/11/2023;4874,92
IHFA;28/11/2023;4884,69
IHFA;29/11/2023;4884,59
IHFA;30/11/2023;4889,85
IHFA;01/12/2023;4912,01
IHFA;04/12/2023;4891,92
IHFA;05/12/2023;4907,18
IHFA;06/12/2023;4906,42
IHFA;07/12/2023;4915,11
IHFA;08/12/2023;4911,25
IHFA;11/12/2023;4909,48
IHFA;12/12/2023;4918,78
IHFA;13/12/2023;4959,31
IHFA;14/12/2023;4973,49
IHFA;15/12/2023;4973,6
IHFA;18/12/2023;4980,87
IHFA;19/12/2023;4987,28
IMA-B;16/09/2003;723,07
IMA-B;17/09/2003;723,16
IMA-B;18/09/2003;724,28
IMA-B;19/09/2003;726,5
IMA-B;22/09/2003;728,08
IMA-B;23/09/2003;729,39
IMA-B;24/09/2003;730,02
IMA-B;25/09/2003;730,58
IMA-B;26/09/2003;731,1
IMA-B;29/09/2003;731,59
IMA-B;30/09/2003;732,13
IMA-B;01/10/2003;732,67
IMA-B;02/10/2003;733,25
IMA-B;03/10/2003;734
IMA-B;06/10/2003;735,71
IMA-B;07/10/2003;737,21
IMA-B;08/10/2003;738,03
IMA-B;09/10/2003;739,49
IMA-B;10/10/2003;740,03
IMA-B;13/10/2003;740,75
IMA-B;14/10/2003;741,57
IMA-B;15/10/2003;742,3
IMA-B;16/10/2003;743,37
IMA-B;17/10/2003;744,3
IMA-B;20/10/2003;745,34
IMA-B;21/10/2003;746
IMA-B;22/10/2003;746,56
IMA-B;23/10/2003;747
IMA-B;24/10/2003;747,54
IMA-B;27/10/2003;747,92
IMA-B;28/10/2003;748,24
IMA-B;29/10/2003;748,85
IMA-B;30/10/2003;749,29
IMA-B;31/10/2003;749,92
IMA-B;03/11/2003;750,37
IMA-B;04/11/2003;750,8
IMA-B;05/11/2003;751,21
IMA-B;06/11/2003;750,61
IMA-B;07/11/2003;751,01
IMA-B;10/11/2003;751,43
IMA-B;11/11/2003;751,77
IMA-B;12/11/2003;752,16
IMA-B;13/11/2003;752,55
IMA-B;14/11/2003;752,77
IMA-B;17/11/2003;753,23
IMA-B;18/11/2003;753,68
IMA-B;19/11/2003;754,14
IMA-B;20/11/2003;760,43
IMA-B;21/11/2003;762,01
IMA-B;24/11/2003;764,44
IMA-B;25/11/2003;772,41
IMA-B;26/11/2003;773,95
IMA-B;27/11/2003;778,04
IMA-B;28/11/2003;780,71
IMA-B;01/12/2003;783,48
IMA-B;02/12/2003;784,55
IMA-B;03/12/2003;786,3
IMA-B;04/12/2003;789,56
IMA-B;05/12/2003;791,53
IMA-B;08/12/2003;792,91
IMA-B;09/12/2003;794,15
IMA-B;10/12/2003;798,2
IMA-B;11/12/2003;800,28
IMA-B;12/12/2003;802,11
IMA-B;15/12/2003;803,01
IMA-B;16/12/2003;804,11
IMA-B;17/12/2003;805,07
IMA-B;18/12/2003;805,84
IMA-B;19/12/2003;805,9
IMA-B;22/12/2003;807,36
IMA-B;23/12/2003;808,18
IMA-B;24/12/2003;808,9
IMA-B;26/12/2003;809,68
IMA-B;29/12/2003;810,7
IMA-B;30/12/2003;811,51
IMA-B;31/12/2003;811,97
IMA-B;02/01/2004;812,62
IMA-B;05/01/2004;813,4
IMA-B;06/01/2004;814,36
IMA-B;07/01/2004;817,16
IMA-B;08/01/2004;825,23
IMA-B;09/01/2004;829,12
IMA-B;12/01/2004;832,3
IMA-B;13/01/2004;836,59
IMA-B;14/01/2004;842,63
IMA-B;15/01/2004;845,38
IMA-B;16/01/2004;847,25
IMA-B;19/01/2004;848,31
IMA-B;20/01/2004;852,74
IMA-B;21/01/2004;853,79
IMA-B;22/01/2004;853,96
IMA-B;23/01/2004;854,43
IMA-B;26/01/2004;856,71
IMA-B;27/01/2004;857,24
IMA-B;28/01/2004;858,61
IMA-B;29/01/2004;859,02
IMA-B;30/01/2004;859,64
IMA-B;02/02/2004;860,43
IMA-B;03/02/2004;860,83
IMA-B;04/02/2004;861,46
IMA-B;05/02/2004;861,87
IMA-B;06/02/2004;862,47
IMA-B;09/02/2004;863,9
IMA-B;10/02/2004;864,35
IMA-B;11/02/2004;865,08
IMA-B;12/02/2004;865,86
IMA-B;13/02/2004;866,71
IMA-B;16/02/2004;867,08
IMA-B;17/02/2004;867,88
IMA-B;18/02/2004;868,8
IMA-B;19/02/2004;869,25
IMA-B;20/02/2004;869,77
IMA-B;25/02/2004;870,71
IMA-B;26/02/2004;871,57
IMA-B;27/02/2004;872,12
IMA-B;01/03/2004;873,04
IMA-B;02/03/2004;873,74
IMA-B;03/03/2004;874,44
IMA-B;04/03/2004;875,5
IMA-B;05/03/2004;876,46
IMA-B;08/03/2004;876,83
IMA-B;09/03/2004;877,62
IMA-B;10/03/2004;878,67
IMA-B;11/03/2004;878,04
IMA-B;12/03/2004;878,74
IMA-B;15/03/2004;879,33
IMA-B;16/03/2004;879,77
IMA-B;17/03/2004;880,27
IMA-B;18/03/2004;880,7
IMA-B;19/03/2004;881,18
IMA-B;22/03/2004;881,66
IMA-B;23/03/2004;882,1
IMA-B;24/03/2004;882,63
IMA-B;25/03/2004;883,13
IMA-B;26/03/2004;883,55
IMA-B;29/03/2004;883,99
IMA-B;30/03/2004;884,48
IMA-B;31/03/2004;884,87
IMA-B;01/04/2004;885,27
IMA-B;02/04/2004;885,71
IMA-B;05/04/2004;886,16
IMA-B;06/04/2004;886,78
IMA-B;07/04/2004;887,51
IMA-B;08/04/2004;888,04
IMA-B;12/04/2004;888,52
IMA-B;13/04/2004;888,86
IMA-B;14/04/2004;889,07
IMA-B;15/04/2004;889,62
IMA-B;16/04/2004;890,1
IMA-B;19/04/2004;890,56
IMA-B;20/04/2004;891,15
IMA-B;22/04/2004;891,88
IMA-B;23/04/2004;892,46
IMA-B;26/04/2004;892,98
IMA-B;27/04/2004;893,22
IMA-B;28/04/2004;893,12
IMA-B;29/04/2004;893,5
IMA-B;30/04/2004;893,73
IMA-B;03/05/2004;893,86
IMA-B;04/05/2004;893,86
IMA-B;05/05/2004;893,88
IMA-B;06/05/2004;893,62
IMA-B;07/05/2004;894,07
IMA-B;10/05/2004;894,69
IMA-B;11/05/2004;894,59
IMA-B;12/05/2004;894,23
IMA-B;13/05/2004;889,92
IMA-B;14/05/2004;889,31
IMA-B;17/05/2004;886,72
IMA-B;18/05/2004;887,16
IMA-B;19/05/2004;887,17
IMA-B;20/05/2004;887,76
IMA-B;21/05/2004;887,89
IMA-B;24/05/2004;888,15
IMA-B;25/05/2004;888,48
IMA-B;26/05/2004;888,35
IMA-B;27/05/2004;888,78
IMA-B;28/05/2004;889,69
IMA-B;31/05/2004;890,42
IMA-B;01/06/2004;891
IMA-B;02/06/2004;891,4
IMA-B;03/06/2004;891,72
IMA-B;04/06/2004;891,93
IMA-B;07/06/2004;892,61
IMA-B;08/06/2004;892,97
IMA-B;09/06/2004;893,77
IMA-B;11/06/2004;894,12
IMA-B;14/06/2004;894,65
IMA-B;15/06/2004;895,36
IMA-B;16/06/2004;895,86
IMA-B;17/06/2004;896,6
IMA-B;18/06/2004;897,25
IMA-B;21/06/2004;897,84
IMA-B;22/06/2004;898,37
IMA-B;23/06/2004;898,92
IMA-B;24/06/2004;899,8
IMA-B;25/06/2004;900,43
IMA-B;28/06/2004;901,3
IMA-B;29/06/2004;901,91
IMA-B;30/06/2004;902,67
IMA-B;01/07/2004;903,38
IMA-B;02/07/2004;904,22
IMA-B;05/07/2004;904,93
IMA-B;06/07/2004;905,84
IMA-B;07/07/2004;906,72
IMA-B;08/07/2004;907,54
IMA-B;09/07/2004;908,09
IMA-B;12/07/2004;908,8
IMA-B;13/07/2004;909,31
IMA-B;14/07/2004;909,94
IMA-B;15/07/2004;910,47
IMA-B;16/07/2004;911,32
IMA-B;19/07/2004;912,12
IMA-B;20/07/2004;912,74
IMA-B;21/07/2004;913,18
IMA-B;22/07/2004;913,89
IMA-B;23/07/2004;914,64
IMA-B;26/07/2004;915,55
IMA-B;27/07/2004;916,1
IMA-B;28/07/2004;916,78
IMA-B;29/07/2004;917,45
IMA-B;30/07/2004;917,86
IMA-B;02/08/2004;918,7
IMA-B;03/08/2004;919,35
IMA-B;04/08/2004;919,63
IMA-B;05/08/2004;920,22
IMA-B;06/08/2004;920,47
IMA-B;09/08/2004;920,68
IMA-B;10/08/2004;921,29
IMA-B;11/08/2004;920,89
IMA-B;12/08/2004;921
IMA-B;13/08/2004;921,06
IMA-B;16/08/2004;921,34
IMA-B;17/08/2004;921,75
IMA-B;18/08/2004;921,82
IMA-B;19/08/2004;922,11
IMA-B;20/08/2004;922,75
IMA-B;23/08/2004;923,55
IMA-B;24/08/2004;924,14
IMA-B;25/08/2004;924,13
IMA-B;26/08/2004;924,65
IMA-B;27/08/2004;925,09
IMA-B;30/08/2004;925,65
IMA-B;31/08/2004;926,45
IMA-B;01/09/2004;927,04
IMA-B;02/09/2004;927,62
IMA-B;03/09/2004;928,14
IMA-B;06/09/2004;928,86
IMA-B;08/09/2004;929,46
IMA-B;09/09/2004;929,89
IMA-B;10/09/2004;931,37
IMA-B;13/09/2004;931,65
IMA-B;14/09/2004;932,09
IMA-B;15/09/2004;932,78
IMA-B;16/09/2004;933,23
IMA-B;17/09/2004;933,74
IMA-B;20/09/2004;934,3
IMA-B;21/09/2004;934,85
IMA-B;22/09/2004;935,48
IMA-B;23/09/2004;935,89
IMA-B;24/09/2004;936,4
IMA-B;27/09/2004;936,94
IMA-B;28/09/2004;937,51
IMA-B;29/09/2004;938,07
IMA-B;30/09/2004;938,52
IMA-B;01/10/2004;939,14
IMA-B;04/10/2004;939,63
IMA-B;05/10/2004;940,19
IMA-B;06/10/2004;940,74
IMA-B;07/10/2004;941,28
IMA-B;08/10/2004;941,87
IMA-B;11/10/2004;940,96
IMA-B;13/10/2004;940,63
IMA-B;14/10/2004;941,47
IMA-B;15/10/2004;942,03
IMA-B;18/10/2004;942,67
IMA-B;19/10/2004;943,29
IMA-B;20/10/2004;943,92
IMA-B;21/10/2004;944,41
IMA-B;22/10/2004;944,99
IMA-B;25/10/2004;945,36
IMA-B;26/10/2004;945,87
IMA-B;27/10/2004;946,4
IMA-B;28/10/2004;946,95
IMA-B;29/10/2004;947,45
IMA-B;01/11/2004;947,99
IMA-B;03/11/2004;948,62
IMA-B;04/11/2004;949,48
IMA-B;05/11/2004;949,75
IMA-B;08/11/2004;950,23
IMA-B;09/11/2004;950,77
IMA-B;10/11/2004;951,24
IMA-B;11/11/2004;951,83
IMA-B;12/11/2004;952,24
IMA-B;16/11/2004;952,74
IMA-B;17/11/2004;953,31
IMA-B;18/11/2004;953,82
IMA-B;19/11/2004;954,44
IMA-B;22/11/2004;954,77
IMA-B;23/11/2004;955,29
IMA-B;24/11/2004;956,06
IMA-B;25/11/2004;956,89
IMA-B;26/11/2004;957,48
IMA-B;29/11/2004;958,18
IMA-B;30/11/2004;958,7
IMA-B;01/12/2004;958,95
IMA-B;02/12/2004;959,81
IMA-B;03/12/2004;960,43
IMA-B;06/12/2004;961,19
IMA-B;07/12/2004;961,94
IMA-B;08/12/2004;962,37
IMA-B;09/12/2004;963,07
IMA-B;10/12/2004;963,73
IMA-B;13/12/2004;964,41
IMA-B;14/12/2004;965,11
IMA-B;15/12/2004;965,74
IMA-B;16/12/2004;966,31
IMA-B;17/12/2004;966,54
IMA-B;20/12/2004;967,38
IMA-B;21/12/2004;967,95
IMA-B;22/12/2004;968,81
IMA-B;23/12/2004;969,42
IMA-B;24/12/2004;970,06
IMA-B;27/12/2004;970,58
IMA-B;28/12/2004;971,28
IMA-B;29/12/2004;971,86
IMA-B;30/12/2004;972,5
IMA-B;31/12/2004;973,15
IMA-B;03/01/2005;973,79
IMA-B;04/01/2005;974,28
IMA-B;05/01/2005;974,87
IMA-B;06/01/2005;975,13
IMA-B;07/01/2005;975,71
IMA-B;10/01/2005;975,97
IMA-B;11/01/2005;976,56
IMA-B;12/01/2005;976,97
IMA-B;13/01/2005;977,08
IMA-B;14/01/2005;978,51
IMA-B;17/01/2005;979,12
IMA-B;18/01/2005;979,72
IMA-B;19/01/2005;980,46
IMA-B;20/01/2005;980,78
IMA-B;21/01/2005;981,84
IMA-B;24/01/2005;982,29
IMA-B;25/01/2005;983,25
IMA-B;26/01/2005;983,44
IMA-B;27/01/2005;983,88
IMA-B;28/01/2005;984,93
IMA-B;31/01/2005;984,9
IMA-B;01/02/2005;985,62
IMA-B;02/02/2005;984,66
IMA-B;03/02/2005;985,59
IMA-B;04/02/2005;985,91
IMA-B;09/02/2005;986,45
IMA-B;10/02/2005;987,11
IMA-B;11/02/2005;986,62
IMA-B;14/02/2005;985,11
IMA-B;15/02/2005;985,85
IMA-B;16/02/2005;986,28
IMA-B;17/02/2005;986,63
IMA-B;18/02/2005;987,16
IMA-B;21/02/2005;988,03
IMA-B;22/02/2005;988,16
IMA-B;23/02/2005;987,95
IMA-B;24/02/2005;989,44
IMA-B;25/02/2005;989,86
IMA-B;28/02/2005;990,3
IMA-B;01/03/2005;990,51
IMA-B;02/03/2005;990,5
IMA-B;03/03/2005;991,54
IMA-B;04/03/2005;992,39
IMA-B;07/03/2005;992,61
IMA-B;08/03/2005;992,95
IMA-B;09/03/2005;993,29
IMA-B;10/03/2005;994,15
IMA-B;11/03/2005;993,68
IMA-B;14/03/2005;993,38
IMA-B;15/03/2005;993,73
IMA-B;16/03/2005;994,25
IMA-B;17/03/2005;994,95
IMA-B;18/03/2005;995,53
IMA-B;21/03/2005;995,65
IMA-B;22/03/2005;995,84
IMA-B;23/03/2005;996,25
IMA-B;24/03/2005;997,38
IMA-B;28/03/2005;997,75
IMA-B;29/03/2005;998,57
IMA-B;30/03/2005;999,41
IMA-B;31/03/2005;1000
IMA-B;01/04/2005;1000,61
IMA-B;04/04/2005;1001,3
IMA-B;05/04/2005;1001,87
IMA-B;06/04/2005;1002,67
IMA-B;07/04/2005;1003,29
IMA-B;08/04/2005;1003,97
IMA-B;11/04/2005;1004,61
IMA-B;12/04/2005;1005,23
IMA-B;13/04/2005;1005,81
IMA-B;14/04/2005;1006,42
IMA-B;15/04/2005;1006,98
IMA-B;18/04/2005;1007,69
IMA-B;19/04/2005;1008,34
IMA-B;20/04/2005;1008,99
IMA-B;22/04/2005;1009,52
IMA-B;25/04/2005;1010,19
IMA-B;26/04/2005;1010,85
IMA-B;27/04/2005;1011,52
IMA-B;28/04/2005;1012,86
IMA-B;29/04/2005;1013,64
IMA-B;02/05/2005;1014,4
IMA-B;03/05/2005;1015,06
IMA-B;04/05/2005;1015,77
IMA-B;05/05/2005;1016,52
IMA-B;06/05/2005;1017,33
IMA-B;09/05/2005;1018,09
IMA-B;10/05/2005;1018,78
IMA-B;11/05/2005;1019,89
IMA-B;12/05/2005;1020,55
IMA-B;13/05/2005;1021,31
IMA-B;16/05/2005;1022,15
IMA-B;17/05/2005;1022,84
IMA-B;18/05/2005;1023,41
IMA-B;19/05/2005;1024,08
IMA-B;20/05/2005;1024,69
IMA-B;23/05/2005;1025,3
IMA-B;24/05/2005;1025,92
IMA-B;25/05/2005;1026,64
IMA-B;27/05/2005;1027,04
IMA-B;30/05/2005;1027,71
IMA-B;31/05/2005;1028,35
IMA-B;01/06/2005;1028,7
IMA-B;02/06/2005;1029,27
IMA-B;03/06/2005;1029,98
IMA-B;06/06/2005;1029,03
IMA-B;07/06/2005;1029,6
IMA-B;08/06/2005;1030,19
IMA-B;09/06/2005;1030,74
IMA-B;10/06/2005;1030,76
IMA-B;13/06/2005;1031,15
IMA-B;14/06/2005;1031,56
IMA-B;15/06/2005;1031,88
IMA-B;16/06/2005;1031,65
IMA-B;17/06/2005;1032,09
IMA-B;20/06/2005;1031,87
IMA-B;21/06/2005;1032,42
IMA-B;22/06/2005;1032,84
IMA-B;23/06/2005;1032,94
IMA-B;24/06/2005;1032,33
IMA-B;27/06/2005;1032,63
IMA-B;28/06/2005;1033,05
IMA-B;29/06/2005;1033,33
IMA-B;30/06/2005;1033,65
IMA-B;01/07/2005;1033,87
IMA-B;04/07/2005;1033,23
IMA-B;05/07/2005;1033,67
IMA-B;06/07/2005;1033,23
IMA-B;07/07/2005;1033,53
IMA-B;08/07/2005;1033,24
IMA-B;11/07/2005;1033,59
IMA-B;12/07/2005;1033,82
IMA-B;13/07/2005;1034,08
IMA-B;14/07/2005;1034,47
IMA-B;15/07/2005;1035,1
IMA-B;18/07/2005;1035,87
IMA-B;19/07/2005;1036,68
IMA-B;20/07/2005;1037,51
IMA-B;21/07/2005;1038,16
IMA-B;22/07/2005;1038,82
IMA-B;25/07/2005;1039,02
IMA-B;26/07/2005;1039,55
IMA-B;27/07/2005;1040,17
IMA-B;28/07/2005;1040,67
IMA-B;29/07/2005;1041,21
IMA-B;01/08/2005;1041,74
IMA-B;02/08/2005;1042,28
IMA-B;03/08/2005;1042,73
IMA-B;04/08/2005;1043,02
IMA-B;05/08/2005;1043,6
IMA-B;08/08/2005;1044,21
IMA-B;09/08/2005;1044,62
IMA-B;10/08/2005;1045,14
IMA-B;11/08/2005;1045,68
IMA-B;12/08/2005;1046,23
IMA-B;15/08/2005;1046,79
IMA-B;16/08/2005;1047,25
IMA-B;17/08/2005;1047,8
IMA-B;18/08/2005;1048,33
IMA-B;19/08/2005;1048,82
IMA-B;22/08/2005;1049,41
IMA-B;23/08/2005;1049,93
IMA-B;24/08/2005;1050,38
IMA-B;25/08/2005;1050,83
IMA-B;26/08/2005;1050,78
IMA-B;29/08/2005;1051,32
IMA-B;30/08/2005;1051,79
IMA-B;31/08/2005;1052,26
IMA-B;01/09/2005;1052,73
IMA-B;02/09/2005;1053,12
IMA-B;05/09/2005;1053,74
IMA-B;06/09/2005;1053,99
IMA-B;08/09/2005;1054,46
IMA-B;09/09/2005;1054,89
IMA-B;12/09/2005;1055,36
IMA-B;13/09/2005;1055,81
IMA-B;14/09/2005;1056,18
IMA-B;15/09/2005;1056,67
IMA-B;16/09/2005;1056,82
IMA-B;19/09/2005;1057,52
IMA-B;20/09/2005;1057,92
IMA-B;21/09/2005;1058,3
IMA-B;22/09/2005;1058,87
IMA-B;23/09/2005;1059,85
IMA-B;26/09/2005;1060,49
IMA-B;27/09/2005;1060,99
IMA-B;28/09/2005;1061,34
IMA-B;29/09/2005;1061,75
IMA-B;30/09/2005;1058,26
IMA-B;03/10/2005;1057,73
IMA-B;04/10/2005;1057,13
IMA-B;05/10/2005;1057,53
IMA-B;06/10/2005;1058,07
IMA-B;07/10/2005;1058,63
IMA-B;10/10/2005;1059,25
IMA-B;11/10/2005;1059,84
IMA-B;13/10/2005;1060,19
IMA-B;14/10/2005;1060,46
IMA-B;17/10/2005;1060,89
IMA-B;18/10/2005;1061,33
IMA-B;19/10/2005;1061,98
IMA-B;20/10/2005;1062,77
IMA-B;21/10/2005;1063,48
IMA-B;24/10/2005;1064,32
IMA-B;25/10/2005;1064,9
IMA-B;26/10/2005;1065,59
IMA-B;27/10/2005;1066,22
IMA-B;28/10/2005;1066,94
IMA-B;31/10/2005;1067,76
IMA-B;01/11/2005;1068,45
IMA-B;03/11/2005;1069,29
IMA-B;04/11/2005;1070,07
IMA-B;07/11/2005;1070,72
IMA-B;08/11/2005;1071,52
IMA-B;09/11/2005;1072,32
IMA-B;10/11/2005;1075,04
IMA-B;11/11/2005;1076
IMA-B;14/11/2005;1076,85
IMA-B;16/11/2005;1077,75
IMA-B;17/11/2005;1078,49
IMA-B;18/11/2005;1079,1
IMA-B;21/11/2005;1079,72
IMA-B;22/11/2005;1080,41
IMA-B;23/11/2005;1081,04
IMA-B;24/11/2005;1082
IMA-B;25/11/2005;1083,06
IMA-B;28/11/2005;1084,99
IMA-B;29/11/2005;1085,95
IMA-B;30/11/2005;1088,51
IMA-B;01/12/2005;1088,7
IMA-B;02/12/2005;1089,23
IMA-B;05/12/2005;1090,03
IMA-B;06/12/2005;1091,9
IMA-B;07/12/2005;1093,11
IMA-B;08/12/2005;1093,55
IMA-B;09/12/2005;1094,02
IMA-B;12/12/2005;1094,41
IMA-B;13/12/2005;1095,82
IMA-B;14/12/2005;1096,6
IMA-B;15/12/2005;1098,3
IMA-B;16/12/2005;1099,09
IMA-B;19/12/2005;1100,17
IMA-B;20/12/2005;1100,89
IMA-B;21/12/2005;1101,86
IMA-B;22/12/2005;1103,43
IMA-B;23/12/2005;1105,39
IMA-B;26/12/2005;1106,42
IMA-B;27/12/2005;1106,74
IMA-B;28/12/2005;1107,12
IMA-B;29/12/2005;1108,36
IMA-B;30/12/2005;1108,36
IMA-B;02/01/2006;1108,83
IMA-B;03/01/2006;1109,89
IMA-B;04/01/2006;1110,9
IMA-B;05/01/2006;1112,97
IMA-B;06/01/2006;1114,32
IMA-B;09/01/2006;1116,88
IMA-B;10/01/2006;1121,47
IMA-B;11/01/2006;1122,4
IMA-B;12/01/2006;1126,63
IMA-B;13/01/2006;1128,36
IMA-B;16/01/2006;1129,44
IMA-B;17/01/2006;1131,34
IMA-B;18/01/2006;1132
IMA-B;19/01/2006;1133,69
IMA-B;20/01/2006;1133,51
IMA-B;23/01/2006;1134,22
IMA-B;24/01/2006;1134,78
IMA-B;25/01/2006;1135,53
IMA-B;26/01/2006;1135,88
IMA-B;27/01/2006;1136,2
IMA-B;30/01/2006;1137,14
IMA-B;31/01/2006;1138,14
IMA-B;01/02/2006;1139,05
IMA-B;02/02/2006;1139,96
IMA-B;03/02/2006;1141,46
IMA-B;06/02/2006;1143,99
IMA-B;07/02/2006;1146,12
IMA-B;08/02/2006;1148,1
IMA-B;09/02/2006;1151,61
IMA-B;10/02/2006;1156,54
IMA-B;13/02/2006;1166,83
IMA-B;14/02/2006;1170,2
IMA-B;15/02/2006;1167,4
IMA-B;16/02/2006;1171,41
IMA-B;17/02/2006;1180,81
IMA-B;20/02/2006;1187,78
IMA-B;21/02/2006;1189,44
IMA-B;22/02/2006;1191,47
IMA-B;23/02/2006;1196,74
IMA-B;24/02/2006;1198,46
IMA-B;01/03/2006;1201,46
IMA-B;02/03/2006;1207,67
IMA-B;03/03/2006;1219,19
IMA-B;06/03/2006;1215,82
IMA-B;07/03/2006;1206,78
IMA-B;08/03/2006;1203,4
IMA-B;09/03/2006;1206,12
IMA-B;10/03/2006;1208,96
IMA-B;13/03/2006;1206,98
IMA-B;14/03/2006;1207,5
IMA-B;15/03/2006;1212,93
IMA-B;16/03/2006;1214,08
IMA-B;17/03/2006;1212,58
IMA-B;20/03/2006;1209,99
IMA-B;21/03/2006;1204,21
IMA-B;22/03/2006;1204,96
IMA-B;23/03/2006;1201,75
IMA-B;24/03/2006;1199,4
IMA-B;27/03/2006;1195,28
IMA-B;28/03/2006;1190,18
IMA-B;29/03/2006;1193,24
IMA-B;30/03/2006;1195,03
IMA-B;31/03/2006;1193,86
IMA-B;03/04/2006;1196,06
IMA-B;04/04/2006;1197,61
IMA-B;05/04/2006;1200,41
IMA-B;06/04/2006;1199,27
IMA-B;07/04/2006;1196,59
IMA-B;10/04/2006;1191,68
IMA-B;11/04/2006;1190,9
IMA-B;12/04/2006;1191,3
IMA-B;13/04/2006;1191,76
IMA-B;17/04/2006;1193,05
IMA-B;18/04/2006;1198,82
IMA-B;19/04/2006;1200,6
IMA-B;20/04/2006;1198,72
IMA-B;24/04/2006;1196,57
IMA-B;25/04/2006;1196,84
IMA-B;26/04/2006;1198,49
IMA-B;27/04/2006;1198,14
IMA-B;28/04/2006;1199,3
IMA-B;02/05/2006;1200,32
IMA-B;03/05/2006;1199,82
IMA-B;04/05/2006;1200,14
IMA-B;05/05/2006;1200,34
IMA-B;08/05/2006;1199,22
IMA-B;09/05/2006;1199,84
IMA-B;10/05/2006;1199,78
IMA-B;11/05/2006;1197,09
IMA-B;12/05/2006;1193,66
IMA-B;15/05/2006;1192,39
IMA-B;16/05/2006;1193,65
IMA-B;17/05/2006;1188,93
IMA-B;18/05/2006;1185,95
IMA-B;19/05/2006;1179,53
IMA-B;22/05/2006;1163,86
IMA-B;23/05/2006;1160,54
IMA-B;24/05/2006;1140,49
IMA-B;25/05/2006;1159,74
IMA-B;26/05/2006;1169,28
IMA-B;29/05/2006;1166,98
IMA-B;30/05/2006;1158,58
IMA-B;31/05/2006;1158,72
IMA-B;01/06/2006;1163,39
IMA-B;02/06/2006;1164,69
IMA-B;05/06/2006;1162,89
IMA-B;06/06/2006;1160,73
IMA-B;07/06/2006;1159,67
IMA-B;08/06/2006;1160
IMA-B;09/06/2006;1160,3
IMA-B;12/06/2006;1157,49
IMA-B;13/06/2006;1156,79
IMA-B;14/06/2006;1156,9
IMA-B;16/06/2006;1160,83
IMA-B;19/06/2006;1160,75
IMA-B;20/06/2006;1161,28
IMA-B;21/06/2006;1164,24
IMA-B;22/06/2006;1165,05
IMA-B;23/06/2006;1165,96
IMA-B;26/06/2006;1165,91
IMA-B;27/06/2006;1166
IMA-B;28/06/2006;1167,23
IMA-B;29/06/2006;1174,2
IMA-B;30/06/2006;1179,4
IMA-B;03/07/2006;1184,19
IMA-B;04/07/2006;1188,81
IMA-B;05/07/2006;1185,73
IMA-B;06/07/2006;1190,29
IMA-B;07/07/2006;1191,39
IMA-B;10/07/2006;1193,67
IMA-B;11/07/2006;1194,95
IMA-B;12/07/2006;1194,43
IMA-B;13/07/2006;1193,67
IMA-B;14/07/2006;1196,17
IMA-B;17/07/2006;1202,84
IMA-B;18/07/2006;1204,14
IMA-B;19/07/2006;1208,75
IMA-B;20/07/2006;1210,11
IMA-B;21/07/2006;1209,57
IMA-B;24/07/2006;1209,61
IMA-B;25/07/2006;1213,69
IMA-B;26/07/2006;1216,12
IMA-B;27/07/2006;1216,18
IMA-B;28/07/2006;1219,62
IMA-B;31/07/2006;1219,6
IMA-B;01/08/2006;1219,46
IMA-B;02/08/2006;1220,65
IMA-B;03/08/2006;1222,18
IMA-B;04/08/2006;1226,21
IMA-B;07/08/2006;1230,39
IMA-B;08/08/2006;1234,51
IMA-B;09/08/2006;1236,17
IMA-B;10/08/2006;1238,2
IMA-B;11/08/2006;1239,38
IMA-B;14/08/2006;1236,8
IMA-B;15/08/2006;1239,56
IMA-B;16/08/2006;1241,7
IMA-B;17/08/2006;1242,74
IMA-B;18/08/2006;1241,7
IMA-B;21/08/2006;1242,16
IMA-B;22/08/2006;1244,24
IMA-B;23/08/2006;1241,85
IMA-B;24/08/2006;1239,99
IMA-B;25/08/2006;1238,39
IMA-B;28/08/2006;1238,9
IMA-B;29/08/2006;1238,52
IMA-B;30/08/2006;1239,48
IMA-B;31/08/2006;1246,62
IMA-B;01/09/2006;1250,1
IMA-B;04/09/2006;1251,59
IMA-B;05/09/2006;1249,92
IMA-B;06/09/2006;1247,05
IMA-B;08/09/2006;1248,01
IMA-B;11/09/2006;1247,38
IMA-B;12/09/2006;1248,29
IMA-B;13/09/2006;1249,9
IMA-B;14/09/2006;1251,62
IMA-B;15/09/2006;1253,9
IMA-B;18/09/2006;1255,86
IMA-B;19/09/2006;1255,55
IMA-B;20/09/2006;1254,23
IMA-B;21/09/2006;1246,41
IMA-B;22/09/2006;1249,72
IMA-B;25/09/2006;1248,53
IMA-B;26/09/2006;1251,5
IMA-B;27/09/2006;1250,82
IMA-B;28/09/2006;1251,16
IMA-B;29/09/2006;1253,88
IMA-B;02/10/2006;1259,28
IMA-B;03/10/2006;1259,24
IMA-B;04/10/2006;1261,74
IMA-B;05/10/2006;1263,09
IMA-B;06/10/2006;1265,83
IMA-B;09/10/2006;1268,08
IMA-B;10/10/2006;1270,31
IMA-B;11/10/2006;1270,12
IMA-B;13/10/2006;1272,64
IMA-B;16/10/2006;1272,92
IMA-B;17/10/2006;1272,81
IMA-B;18/10/2006;1273,99
IMA-B;19/10/2006;1275,44
IMA-B;20/10/2006;1277,1
IMA-B;23/10/2006;1277,47
IMA-B;24/10/2006;1277,4
IMA-B;25/10/2006;1279,86
IMA-B;26/10/2006;1282,12
IMA-B;27/10/2006;1285,95
IMA-B;30/10/2006;1287,16
IMA-B;31/10/2006;1288,49
IMA-B;01/11/2006;1291,93
IMA-B;03/11/2006;1293,43
IMA-B;06/11/2006;1293,57
IMA-B;07/11/2006;1295,09
IMA-B;08/11/2006;1294,93
IMA-B;09/11/2006;1295,6
IMA-B;10/11/2006;1297,51
IMA-B;13/11/2006;1298,71
IMA-B;14/11/2006;1302,15
IMA-B;16/11/2006;1305,51
IMA-B;17/11/2006;1304,89
IMA-B;20/11/2006;1305,52
IMA-B;21/11/2006;1307,58
IMA-B;22/11/2006;1309,02
IMA-B;23/11/2006;1310,68
IMA-B;24/11/2006;1312,14
IMA-B;27/11/2006;1311,37
IMA-B;28/11/2006;1311,97
IMA-B;29/11/2006;1313,64
IMA-B;30/11/2006;1315,02
IMA-B;01/12/2006;1315,43
IMA-B;04/12/2006;1315,58
IMA-B;05/12/2006;1317,61
IMA-B;06/12/2006;1318,73
IMA-B;07/12/2006;1322,57
IMA-B;08/12/2006;1325,21
IMA-B;11/12/2006;1329,35
IMA-B;12/12/2006;1329,3
IMA-B;13/12/2006;1331,38
IMA-B;14/12/2006;1332,84
IMA-B;15/12/2006;1336,72
IMA-B;18/12/2006;1340,09
IMA-B;19/12/2006;1339
IMA-B;20/12/2006;1341,78
IMA-B;21/12/2006;1342,66
IMA-B;22/12/2006;1344,67
IMA-B;26/12/2006;1347,41
IMA-B;27/12/2006;1349,67
IMA-B;28/12/2006;1352,43
IMA-B;29/12/2006;1353,15
IMA-B;02/01/2007;1360,09
IMA-B;03/01/2007;1362,47
IMA-B;04/01/2007;1360,84
IMA-B;05/01/2007;1359,29
IMA-B;08/01/2007;1358,42
IMA-B;09/01/2007;1357,74
IMA-B;10/01/2007;1358,42
IMA-B;11/01/2007;1359,53
IMA-B;12/01/2007;1358,86
IMA-B;15/01/2007;1358,52
IMA-B;16/01/2007;1359,82
IMA-B;17/01/2007;1361,61
IMA-B;18/01/2007;1364,64
IMA-B;19/01/2007;1365,95
IMA-B;22/01/2007;1367,39
IMA-B;23/01/2007;1367,28
IMA-B;24/01/2007;1369,47
IMA-B;25/01/2007;1370,28
IMA-B;26/01/2007;1369,56
IMA-B;29/01/2007;1370,69
IMA-B;30/01/2007;1371,59
IMA-B;31/01/2007;1373,05
IMA-B;01/02/2007;1373,86
IMA-B;02/02/2007;1373,63
IMA-B;05/02/2007;1375,24
IMA-B;06/02/2007;1376,03
IMA-B;07/02/2007;1376,66
IMA-B;08/02/2007;1377,23
IMA-B;09/02/2007;1378,45
IMA-B;12/02/2007;1380,95
IMA-B;13/02/2007;1383,03
IMA-B;14/02/2007;1386,89
IMA-B;15/02/2007;1390,64
IMA-B;16/02/2007;1392,69
IMA-B;21/02/2007;1395,33
IMA-B;22/02/2007;1397,84
IMA-B;23/02/2007;1397,08
IMA-B;26/02/2007;1398,91
IMA-B;27/02/2007;1391,93
IMA-B;28/02/2007;1392,02
IMA-B;01/03/2007;1389,62
IMA-B;02/03/2007;1388,48
IMA-B;05/03/2007;1387,64
IMA-B;06/03/2007;1394,8
IMA-B;07/03/2007;1396,46
IMA-B;08/03/2007;1397,17
IMA-B;09/03/2007;1398,94
IMA-B;12/03/2007;1400,7
IMA-B;13/03/2007;1399,15
IMA-B;14/03/2007;1401,05
IMA-B;15/03/2007;1401,58
IMA-B;16/03/2007;1402,4
IMA-B;19/03/2007;1403,82
IMA-B;20/03/2007;1404,56
IMA-B;21/03/2007;1410,86
IMA-B;22/03/2007;1412,25
IMA-B;23/03/2007;1412,91
IMA-B;26/03/2007;1414,15
IMA-B;27/03/2007;1414,66
IMA-B;28/03/2007;1414,84
IMA-B;29/03/2007;1417,55
IMA-B;30/03/2007;1422,24
IMA-B;02/04/2007;1425,33
IMA-B;03/04/2007;1430,88
IMA-B;04/04/2007;1433,76
IMA-B;05/04/2007;1437,49
IMA-B;09/04/2007;1441,11
IMA-B;10/04/2007;1444,88
IMA-B;11/04/2007;1444,17
IMA-B;12/04/2007;1445,13
IMA-B;13/04/2007;1449,97
IMA-B;16/04/2007;1453,2
IMA-B;17/04/2007;1457,74
IMA-B;18/04/2007;1460,5
IMA-B;19/04/2007;1478,45
IMA-B;20/04/2007;1482,86
IMA-B;23/04/2007;1483,06
IMA-B;24/04/2007;1481,1
IMA-B;25/04/2007;1483,87
IMA-B;26/04/2007;1483
IMA-B;27/04/2007;1482,32
IMA-B;30/04/2007;1483,81
IMA-B;02/05/2007;1488,76
IMA-B;03/05/2007;1492,16
IMA-B;04/05/2007;1494,89
IMA-B;07/05/2007;1495,03
IMA-B;08/05/2007;1495,12
IMA-B;09/05/2007;1497,26
IMA-B;10/05/2007;1496,23
IMA-B;11/05/2007;1498,39
IMA-B;14/05/2007;1499,9
IMA-B;15/05/2007;1502,99
IMA-B;16/05/2007;1518,16
IMA-B;17/05/2007;1525,84
IMA-B;18/05/2007;1525,43
IMA-B;21/05/2007;1528,09
IMA-B;22/05/2007;1528,34
IMA-B;23/05/2007;1524,06
IMA-B;24/05/2007;1514,19
IMA-B;25/05/2007;1520,76
IMA-B;28/05/2007;1523,06
IMA-B;29/05/2007;1518,9
IMA-B;30/05/2007;1519,04
IMA-B;31/05/2007;1522,34
IMA-B;01/06/2007;1527,5
IMA-B;04/06/2007;1521,85
IMA-B;05/06/2007;1522,13
IMA-B;06/06/2007;1521,89
IMA-B;08/06/2007;1524,65
IMA-B;11/06/2007;1526,09
IMA-B;12/06/2007;1522,86
IMA-B;13/06/2007;1524,09
IMA-B;14/06/2007;1528,6
IMA-B;15/06/2007;1533,36
IMA-B;18/06/2007;1534,57
IMA-B;19/06/2007;1537,48
IMA-B;20/06/2007;1535,23
IMA-B;21/06/2007;1536,31
IMA-B;22/06/2007;1532,45
IMA-B;25/06/2007;1522,22
IMA-B;26/06/2007;1523,76
IMA-B;27/06/2007;1528,23
IMA-B;28/06/2007;1530,02
IMA-B;29/06/2007;1529,5
IMA-B;02/07/2007;1532,04
IMA-B;03/07/2007;1531,73
IMA-B;04/07/2007;1526,65
IMA-B;05/07/2007;1525,88
IMA-B;06/07/2007;1529,8
IMA-B;09/07/2007;1530,38
IMA-B;10/07/2007;1528,8
IMA-B;11/07/2007;1531,95
IMA-B;12/07/2007;1535,3
IMA-B;13/07/2007;1536,48
IMA-B;16/07/2007;1534,84
IMA-B;17/07/2007;1536,83
IMA-B;18/07/2007;1537,08
IMA-B;19/07/2007;1532,96
IMA-B;20/07/2007;1531,97
IMA-B;23/07/2007;1531,62
IMA-B;24/07/2007;1525,96
IMA-B;25/07/2007;1524,35
IMA-B;26/07/2007;1511,67
IMA-B;27/07/2007;1514,84
IMA-B;30/07/2007;1515,86
IMA-B;31/07/2007;1514,92
IMA-B;01/08/2007;1508,45
IMA-B;02/08/2007;1512,28
IMA-B;03/08/2007;1504,79
IMA-B;06/08/2007;1502,73
IMA-B;07/08/2007;1506,45
IMA-B;08/08/2007;1510,03
IMA-B;09/08/2007;1501,72
IMA-B;10/08/2007;1502,33
IMA-B;13/08/2007;1504,25
IMA-B;14/08/2007;1494,52
IMA-B;15/08/2007;1480,28
IMA-B;16/08/2007;1440,73
IMA-B;17/08/2007;1464,5
IMA-B;20/08/2007;1460,71
IMA-B;21/08/2007;1460,06
IMA-B;22/08/2007;1468,47
IMA-B;23/08/2007;1482,72
IMA-B;24/08/2007;1490,41
IMA-B;27/08/2007;1493,22
IMA-B;28/08/2007;1486,75
IMA-B;29/08/2007;1498,98
IMA-B;30/08/2007;1500,33
IMA-B;31/08/2007;1506,23
IMA-B;03/09/2007;1511,45
IMA-B;04/09/2007;1513,83
IMA-B;05/09/2007;1508,24
IMA-B;06/09/2007;1511,92
IMA-B;10/09/2007;1507
IMA-B;11/09/2007;1511,52
IMA-B;12/09/2007;1514,79
IMA-B;13/09/2007;1515,94
IMA-B;14/09/2007;1522,9
IMA-B;17/09/2007;1521,29
IMA-B;18/09/2007;1532,05
IMA-B;19/09/2007;1535,73
IMA-B;20/09/2007;1536,98
IMA-B;21/09/2007;1538,67
IMA-B;24/09/2007;1535,91
IMA-B;25/09/2007;1539,19
IMA-B;26/09/2007;1540,03
IMA-B;27/09/2007;1540,6
IMA-B;28/09/2007;1543,47
IMA-B;01/10/2007;1546,81
IMA-B;02/10/2007;1547,66
IMA-B;03/10/2007;1547,13
IMA-B;04/10/2007;1546,35
IMA-B;05/10/2007;1548,81
IMA-B;08/10/2007;1549,17
IMA-B;09/10/2007;1554,83
IMA-B;10/10/2007;1552,62
IMA-B;11/10/2007;1552,23
IMA-B;15/10/2007;1553,99
IMA-B;16/10/2007;1551,98
IMA-B;17/10/2007;1550,98
IMA-B;18/10/2007;1548,12
IMA-B;19/10/2007;1542,81
IMA-B;22/10/2007;1527,74
IMA-B;23/10/2007;1536,98
IMA-B;24/10/2007;1532,03
IMA-B;25/10/2007;1530,77
IMA-B;26/10/2007;1535,89
IMA-B;29/10/2007;1539,23
IMA-B;30/10/2007;1539,66
IMA-B;31/10/2007;1539,68
IMA-B;01/11/2007;1536,44
IMA-B;05/11/2007;1531,57
IMA-B;06/11/2007;1536,15
IMA-B;07/11/2007;1529,47
IMA-B;08/11/2007;1523,4
IMA-B;09/11/2007;1529,55
IMA-B;12/11/2007;1523,48
IMA-B;13/11/2007;1522,63
IMA-B;14/11/2007;1529,68
IMA-B;16/11/2007;1529,27
IMA-B;19/11/2007;1528,66
IMA-B;20/11/2007;1529,29
IMA-B;21/11/2007;1528,54
IMA-B;22/11/2007;1529,88
IMA-B;23/11/2007;1530,46
IMA-B;26/11/2007;1530,08
IMA-B;27/11/2007;1528,5
IMA-B;28/11/2007;1530,43
IMA-B;29/11/2007;1528,19
IMA-B;30/11/2007;1532,23
IMA-B;03/12/2007;1532,26
IMA-B;04/12/2007;1529,43
IMA-B;05/12/2007;1526,35
IMA-B;06/12/2007;1531,27
IMA-B;07/12/2007;1534,89
IMA-B;10/12/2007;1533,86
IMA-B;11/12/2007;1538,3
IMA-B;12/12/2007;1538,16
IMA-B;13/12/2007;1530,44
IMA-B;14/12/2007;1534,14
IMA-B;17/12/2007;1534,92
IMA-B;18/12/2007;1539,76
IMA-B;19/12/2007;1543,05
IMA-B;20/12/2007;1540,54
IMA-B;21/12/2007;1542,03
IMA-B;24/12/2007;1543,06
IMA-B;26/12/2007;1542,38
IMA-B;27/12/2007;1538,74
IMA-B;28/12/2007;1542,15
IMA-B;31/12/2007;1543,18
IMA-B;02/01/2008;1547,62
IMA-B;03/01/2008;1553,77
IMA-B;04/01/2008;1552,46
IMA-B;07/01/2008;1555,28
IMA-B;08/01/2008;1558,3
IMA-B;09/01/2008;1558,44
IMA-B;10/01/2008;1557,31
IMA-B;11/01/2008;1560,06
IMA-B;14/01/2008;1560,43
IMA-B;15/01/2008;1562,32
IMA-B;16/01/2008;1561,3
IMA-B;17/01/2008;1560,08
IMA-B;18/01/2008;1562,01
IMA-B;21/01/2008;1555,49
IMA-B;22/01/2008;1558,42
IMA-B;23/01/2008;1557
IMA-B;24/01/2008;1564,14
IMA-B;25/01/2008;1565,02
IMA-B;28/01/2008;1567,27
IMA-B;29/01/2008;1567,3
IMA-B;30/01/2008;1565,3
IMA-B;31/01/2008;1564,47
IMA-B;01/02/2008;1564,56
IMA-B;06/02/2008;1564,69
IMA-B;07/02/2008;1567,13
IMA-B;08/02/2008;1567,91
IMA-B;11/02/2008;1570,38
IMA-B;12/02/2008;1573,13
IMA-B;13/02/2008;1574,98
IMA-B;14/02/2008;1574,43
IMA-B;15/02/2008;1573,29
IMA-B;18/02/2008;1579,74
IMA-B;19/02/2008;1578,98
IMA-B;20/02/2008;1582,33
IMA-B;21/02/2008;1588,52
IMA-B;22/02/2008;1592,31
IMA-B;25/02/2008;1591,74
IMA-B;26/02/2008;1596,78
IMA-B;27/02/2008;1597,78
IMA-B;28/02/2008;1599,18
IMA-B;29/02/2008;1598,34
IMA-B;03/03/2008;1601,09
IMA-B;04/03/2008;1600,68
IMA-B;05/03/2008;1604,08
IMA-B;06/03/2008;1595,35
IMA-B;07/03/2008;1588,46
IMA-B;10/03/2008;1580,39
IMA-B;11/03/2008;1588,6
IMA-B;12/03/2008;1586,04
IMA-B;13/03/2008;1571,7
IMA-B;14/03/2008;1565,06
IMA-B;17/03/2008;1560,23
IMA-B;18/03/2008;1569,03
IMA-B;19/03/2008;1562,78
IMA-B;20/03/2008;1561,13
IMA-B;24/03/2008;1560,52
IMA-B;25/03/2008;1560,25
IMA-B;26/03/2008;1559,42
IMA-B;27/03/2008;1561,85
IMA-B;28/03/2008;1566,89
IMA-B;31/03/2008;1566,39
IMA-B;01/04/2008;1572,07
IMA-B;02/04/2008;1575,98
IMA-B;03/04/2008;1582,81
IMA-B;04/04/2008;1584,52
IMA-B;07/04/2008;1581,71
IMA-B;08/04/2008;1584,19
IMA-B;09/04/2008;1586,98
IMA-B;10/04/2008;1586,92
IMA-B;11/04/2008;1587
IMA-B;14/04/2008;1586,7
IMA-B;15/04/2008;1586,3
IMA-B;16/04/2008;1584,61
IMA-B;17/04/2008;1588,86
IMA-B;18/04/2008;1584,89
IMA-B;22/04/2008;1577,7
IMA-B;23/04/2008;1587,42
IMA-B;24/04/2008;1587,37
IMA-B;25/04/2008;1589,77
IMA-B;28/04/2008;1586,19
IMA-B;29/04/2008;1586,52
IMA-B;30/04/2008;1606,67
IMA-B;02/05/2008;1622,08
IMA-B;05/05/2008;1618,94
IMA-B;06/05/2008;1610,22
IMA-B;07/05/2008;1602,82
IMA-B;08/05/2008;1605,51
IMA-B;09/05/2008;1603,02
IMA-B;12/05/2008;1610,2
IMA-B;13/05/2008;1613,12
IMA-B;14/05/2008;1608,81
IMA-B;15/05/2008;1610,72
IMA-B;16/05/2008;1614,86
IMA-B;19/05/2008;1613,19
IMA-B;20/05/2008;1617,14
IMA-B;21/05/2008;1616,92
IMA-B;23/05/2008;1616,16
IMA-B;26/05/2008;1614,21
IMA-B;27/05/2008;1610,51
IMA-B;28/05/2008;1611,99
IMA-B;29/05/2008;1622,28
IMA-B;30/05/2008;1626,47
IMA-B;02/06/2008;1622,53
IMA-B;03/06/2008;1627,67
IMA-B;04/06/2008;1627,22
IMA-B;05/06/2008;1626,37
IMA-B;06/06/2008;1618,85
IMA-B;09/06/2008;1608,53
IMA-B;10/06/2008;1610,83
IMA-B;11/06/2008;1617,27
IMA-B;12/06/2008;1619,86
IMA-B;13/06/2008;1621,21
IMA-B;16/06/2008;1623,67
IMA-B;17/06/2008;1624,8
IMA-B;18/06/2008;1623,43
IMA-B;19/06/2008;1624,15
IMA-B;20/06/2008;1620,95
IMA-B;23/06/2008;1623,26
IMA-B;24/06/2008;1625,84
IMA-B;25/06/2008;1630,26
IMA-B;26/06/2008;1629,24
IMA-B;27/06/2008;1630
IMA-B;30/06/2008;1629,35
IMA-B;01/07/2008;1628,55
IMA-B;02/07/2008;1625,37
IMA-B;03/07/2008;1624,22
IMA-B;04/07/2008;1620,68
IMA-B;07/07/2008;1625,92
IMA-B;08/07/2008;1627,35
IMA-B;09/07/2008;1628,43
IMA-B;10/07/2008;1624,92
IMA-B;11/07/2008;1620,51
IMA-B;14/07/2008;1621,11
IMA-B;15/07/2008;1628,24
IMA-B;16/07/2008;1627,61
IMA-B;17/07/2008;1625,58
IMA-B;18/07/2008;1628,14
IMA-B;21/07/2008;1625,1
IMA-B;22/07/2008;1628,27
IMA-B;23/07/2008;1629,83
IMA-B;24/07/2008;1633,12
IMA-B;25/07/2008;1637,16
IMA-B;28/07/2008;1639,22
IMA-B;29/07/2008;1639,2
IMA-B;30/07/2008;1642,94
IMA-B;31/07/2008;1643,44
IMA-B;01/08/2008;1645,61
IMA-B;04/08/2008;1645,71
IMA-B;05/08/2008;1648,06
IMA-B;06/08/2008;1647,76
IMA-B;07/08/2008;1645,2
IMA-B;08/08/2008;1644,25
IMA-B;11/08/2008;1641,25
IMA-B;12/08/2008;1640,37
IMA-B;13/08/2008;1641,17
IMA-B;14/08/2008;1644,28
IMA-B;15/08/2008;1647,36
IMA-B;18/08/2008;1647,79
IMA-B;19/08/2008;1648,46
IMA-B;20/08/2008;1648,08
IMA-B;21/08/2008;1648,52
IMA-B;22/08/2008;1648,36
IMA-B;25/08/2008;1648,3
IMA-B;26/08/2008;1648,99
IMA-B;27/08/2008;1650,38
IMA-B;28/08/2008;1651,24
IMA-B;29/08/2008;1652,63
IMA-B;01/09/2008;1653,64
IMA-B;02/09/2008;1652,09
IMA-B;03/09/2008;1651,27
IMA-B;04/09/2008;1644,76
IMA-B;05/09/2008;1648,19
IMA-B;08/09/2008;1647,8
IMA-B;09/09/2008;1645,48
IMA-B;10/09/2008;1650,69
IMA-B;11/09/2008;1650,17
IMA-B;12/09/2008;1650,67
IMA-B;15/09/2008;1647,12
IMA-B;16/09/2008;1642,91
IMA-B;17/09/2008;1622,38
IMA-B;18/09/2008;1595,1
IMA-B;19/09/2008;1625,48
IMA-B;22/09/2008;1625,02
IMA-B;23/09/2008;1614,31
IMA-B;24/09/2008;1611,92
IMA-B;25/09/2008;1620,19
IMA-B;26/09/2008;1623,24
IMA-B;29/09/2008;1616,33
IMA-B;30/09/2008;1625,09
IMA-B;01/10/2008;1633,18
IMA-B;02/10/2008;1618,83
IMA-B;03/10/2008;1617,98
IMA-B;06/10/2008;1600,09
IMA-B;07/10/2008;1589,09
IMA-B;08/10/2008;1587,73
IMA-B;09/10/2008;1592,31
IMA-B;10/10/2008;1575,47
IMA-B;13/10/2008;1594,28
IMA-B;14/10/2008;1592,21
IMA-B;15/10/2008;1585,68
IMA-B;16/10/2008;1584,96
IMA-B;17/10/2008;1580,13
IMA-B;20/10/2008;1577,7
IMA-B;21/10/2008;1577,19
IMA-B;22/10/2008;1548,26
IMA-B;23/10/2008;1544,59
IMA-B;24/10/2008;1526,97
IMA-B;27/10/2008;1530,48
IMA-B;28/10/2008;1544,85
IMA-B;29/10/2008;1560,62
IMA-B;30/10/2008;1562,5
IMA-B;31/10/2008;1562,77
IMA-B;03/11/2008;1566,41
IMA-B;04/11/2008;1574,12
IMA-B;05/11/2008;1576,31
IMA-B;06/11/2008;1574,71
IMA-B;07/11/2008;1587,81
IMA-B;10/11/2008;1589,52
IMA-B;11/11/2008;1592,21
IMA-B;12/11/2008;1594,92
IMA-B;13/11/2008;1584,33
IMA-B;14/11/2008;1592,75
IMA-B;17/11/2008;1594,75
IMA-B;18/11/2008;1597,21
IMA-B;19/11/2008;1598,17
IMA-B;20/11/2008;1599,14
IMA-B;21/11/2008;1599,82
IMA-B;24/11/2008;1602,08
IMA-B;25/11/2008;1608,65
IMA-B;26/11/2008;1610,27
IMA-B;27/11/2008;1611,47
IMA-B;28/11/2008;1615,24
IMA-B;01/12/2008;1628,32
IMA-B;02/12/2008;1644,15
IMA-B;03/12/2008;1646,58
IMA-B;04/12/2008;1648,75
IMA-B;05/12/2008;1657,81
IMA-B;08/12/2008;1662,67
IMA-B;09/12/2008;1662,14
IMA-B;10/12/2008;1668,65
IMA-B;11/12/2008;1672,05
IMA-B;12/12/2008;1674,62
IMA-B;15/12/2008;1676,46
IMA-B;16/12/2008;1676,64
IMA-B;17/12/2008;1689,38
IMA-B;18/12/2008;1703,5
IMA-B;19/12/2008;1700,5
IMA-B;22/12/2008;1701,11
IMA-B;23/12/2008;1705,03
IMA-B;24/12/2008;1705,03
IMA-B;26/12/2008;1706,9
IMA-B;29/12/2008;1707,89
IMA-B;30/12/2008;1713,39
IMA-B;31/12/2008;1713,39
IMA-B;02/01/2009;1718,18
IMA-B;05/01/2009;1729,13
IMA-B;06/01/2009;1732,95
IMA-B;07/01/2009;1729,89
IMA-B;08/01/2009;1737,67
IMA-B;09/01/2009;1749,09
IMA-B;12/01/2009;1749,44
IMA-B;13/01/2009;1758,01
IMA-B;14/01/2009;1756,53
IMA-B;15/01/2009;1762,15
IMA-B;16/01/2009;1763,24
IMA-B;19/01/2009;1768,63
IMA-B;20/01/2009;1773,18
IMA-B;21/01/2009;1776,54
IMA-B;22/01/2009;1783,82
IMA-B;23/01/2009;1778,85
IMA-B;26/01/2009;1775,3
IMA-B;27/01/2009;1781,23
IMA-B;28/01/2009;1786,74
IMA-B;29/01/2009;1780,79
IMA-B;30/01/2009;1787,32
IMA-B;02/02/2009;1792,36
IMA-B;03/02/2009;1794,84
IMA-B;04/02/2009;1794,1
IMA-B;05/02/2009;1792,6
IMA-B;06/02/2009;1796,21
IMA-B;09/02/2009;1793,64
IMA-B;10/02/2009;1789,6
IMA-B;11/02/2009;1788,97
IMA-B;12/02/2009;1783,75
IMA-B;13/02/2009;1789,06
IMA-B;16/02/2009;1790,34
IMA-B;17/02/2009;1791,11
IMA-B;18/02/2009;1791,3
IMA-B;19/02/2009;1795,86
IMA-B;20/02/2009;1795,18
IMA-B;25/02/2009;1796,68
IMA-B;26/02/2009;1804,29
IMA-B;27/02/2009;1811,54
IMA-B;02/03/2009;1814,8
IMA-B;03/03/2009;1813,52
IMA-B;04/03/2009;1808,52
IMA-B;05/03/2009;1811,19
IMA-B;06/03/2009;1817,16
IMA-B;09/03/2009;1819,88
IMA-B;10/03/2009;1821,26
IMA-B;11/03/2009;1825,19
IMA-B;12/03/2009;1825,33
IMA-B;13/03/2009;1821,88
IMA-B;16/03/2009;1821,44
IMA-B;17/03/2009;1822,35
IMA-B;18/03/2009;1830,22
IMA-B;19/03/2009;1842,44
IMA-B;20/03/2009;1846,75
IMA-B;23/03/2009;1845,88
IMA-B;24/03/2009;1842,24
IMA-B;25/03/2009;1838,73
IMA-B;26/03/2009;1840,38
IMA-B;27/03/2009;1840,93
IMA-B;30/03/2009;1842,19
IMA-B;31/03/2009;1840,89
IMA-B;01/04/2009;1842,95
IMA-B;02/04/2009;1840,86
IMA-B;03/04/2009;1837,4
IMA-B;06/04/2009;1839,14
IMA-B;07/04/2009;1840,15
IMA-B;08/04/2009;1840,04
IMA-B;09/04/2009;1838,68
IMA-B;13/04/2009;1836,62
IMA-B;14/04/2009;1839,63
IMA-B;15/04/2009;1836,39
IMA-B;16/04/2009;1832,02
IMA-B;17/04/2009;1828,02
IMA-B;20/04/2009;1827,18
IMA-B;22/04/2009;1831,73
IMA-B;23/04/2009;1835,44
IMA-B;24/04/2009;1835,37
IMA-B;27/04/2009;1833,34
IMA-B;28/04/2009;1836,31
IMA-B;29/04/2009;1837,22
IMA-B;30/04/2009;1837,2
IMA-B;04/05/2009;1838,53
IMA-B;05/05/2009;1840,93
IMA-B;06/05/2009;1843,24
IMA-B;07/05/2009;1846,72
IMA-B;08/05/2009;1848,41
IMA-B;11/05/2009;1852,18
IMA-B;12/05/2009;1853,68
IMA-B;13/05/2009;1856,49
IMA-B;14/05/2009;1864,73
IMA-B;15/05/2009;1878,33
IMA-B;18/05/2009;1890,77
IMA-B;19/05/2009;1896,2
IMA-B;20/05/2009;1910,28
IMA-B;21/05/2009;1904,06
IMA-B;22/05/2009;1908,67
IMA-B;25/05/2009;1911,52
IMA-B;26/05/2009;1915,49
IMA-B;27/05/2009;1914,3
IMA-B;28/05/2009;1915,8
IMA-B;29/05/2009;1920,12
IMA-B;01/06/2009;1926,58
IMA-B;02/06/2009;1932,71
IMA-B;03/06/2009;1934,04
IMA-B;04/06/2009;1935,27
IMA-B;05/06/2009;1928,4
IMA-B;08/06/2009;1922,31
IMA-B;09/06/2009;1897,75
IMA-B;10/06/2009;1905,95
IMA-B;12/06/2009;1923,5
IMA-B;15/06/2009;1926,04
IMA-B;16/06/2009;1930,29
IMA-B;17/06/2009;1931,14
IMA-B;18/06/2009;1925,74
IMA-B;19/06/2009;1921,24
IMA-B;22/06/2009;1922,06
IMA-B;23/06/2009;1926,2
IMA-B;24/06/2009;1927,04
IMA-B;25/06/2009;1930,61
IMA-B;26/06/2009;1933,17
IMA-B;29/06/2009;1928,35
IMA-B;30/06/2009;1929,08
IMA-B;01/07/2009;1934,08
IMA-B;02/07/2009;1937,91
IMA-B;03/07/2009;1939,45
IMA-B;06/07/2009;1942,73
IMA-B;07/07/2009;1944,23
IMA-B;08/07/2009;1949,3
IMA-B;09/07/2009;1950,07
IMA-B;10/07/2009;1952,72
IMA-B;13/07/2009;1949,13
IMA-B;14/07/2009;1953,83
IMA-B;15/07/2009;1954,59
IMA-B;16/07/2009;1954,6
IMA-B;17/07/2009;1957,54
IMA-B;20/07/2009;1959,19
IMA-B;21/07/2009;1959,78
IMA-B;22/07/2009;1961,01
IMA-B;23/07/2009;1957,46
IMA-B;24/07/2009;1959,23
IMA-B;27/07/2009;1959,45
IMA-B;28/07/2009;1956,87
IMA-B;29/07/2009;1956,53
IMA-B;30/07/2009;1952,49
IMA-B;31/07/2009;1953,57
IMA-B;03/08/2009;1955,42
IMA-B;04/08/2009;1957,99
IMA-B;05/08/2009;1960,62
IMA-B;06/08/2009;1963,86
IMA-B;07/08/2009;1963,61
IMA-B;10/08/2009;1963,42
IMA-B;11/08/2009;1962,92
IMA-B;12/08/2009;1963,92
IMA-B;13/08/2009;1968,46
IMA-B;14/08/2009;1970,61
IMA-B;17/08/2009;1975,84
IMA-B;18/08/2009;1976,64
IMA-B;19/08/2009;1979,7
IMA-B;20/08/2009;1980,31
IMA-B;21/08/2009;1979,71
IMA-B;24/08/2009;1980,18
IMA-B;25/08/2009;1982,09
IMA-B;26/08/2009;1985,63
IMA-B;27/08/2009;1986,77
IMA-B;28/08/2009;1984,9
IMA-B;31/08/2009;1986,64
IMA-B;01/09/2009;1988,69
IMA-B;02/09/2009;1987,93
IMA-B;03/09/2009;1987,14
IMA-B;04/09/2009;1989,48
IMA-B;08/09/2009;1989,99
IMA-B;09/09/2009;1995,13
IMA-B;10/09/2009;1997,22
IMA-B;11/09/2009;1999,35
IMA-B;14/09/2009;2001,11
IMA-B;15/09/2009;2004,29
IMA-B;16/09/2009;2001,82
IMA-B;17/09/2009;2002,38
IMA-B;18/09/2009;2004,28
IMA-B;21/09/2009;1998,6
IMA-B;22/09/2009;2002,95
IMA-B;23/09/2009;2002,76
IMA-B;24/09/2009;2001,56
IMA-B;25/09/2009;2001,34
IMA-B;28/09/2009;2004,94
IMA-B;29/09/2009;2005,77
IMA-B;30/09/2009;2004,38
IMA-B;01/10/2009;2002,51
IMA-B;02/10/2009;2005,32
IMA-B;05/10/2009;2005,65
IMA-B;06/10/2009;2000,48
IMA-B;07/10/2009;1995,7
IMA-B;08/10/2009;1987,48
IMA-B;09/10/2009;1987,23
IMA-B;13/10/2009;1987,68
IMA-B;14/10/2009;1988,46
IMA-B;15/10/2009;1986,29
IMA-B;16/10/2009;1981,17
IMA-B;19/10/2009;1974,01
IMA-B;20/10/2009;1977,48
IMA-B;21/10/2009;1980,08
IMA-B;22/10/2009;1980,57
IMA-B;23/10/2009;1981,89
IMA-B;26/10/2009;1984,55
IMA-B;27/10/2009;1986,57
IMA-B;28/10/2009;1985,68
IMA-B;29/10/2009;1984,18
IMA-B;30/10/2009;1981,88
IMA-B;03/11/2009;1984,32
IMA-B;04/11/2009;1984,79
IMA-B;05/11/2009;1985,88
IMA-B;06/11/2009;1986,24
IMA-B;09/11/2009;1985,47
IMA-B;10/11/2009;1985,96
IMA-B;11/11/2009;1983,59
IMA-B;12/11/2009;1980,65
IMA-B;13/11/2009;1981,24
IMA-B;16/11/2009;1982,54
IMA-B;17/11/2009;1990,45
IMA-B;18/11/2009;1996,77
IMA-B;19/11/2009;1998,85
IMA-B;20/11/2009;1998,85
IMA-B;23/11/2009;1999,75
IMA-B;24/11/2009;2000,86
IMA-B;25/11/2009;2001,75
IMA-B;26/11/2009;2001,2
IMA-B;27/11/2009;2002,79
IMA-B;30/11/2009;2002,5
IMA-B;01/12/2009;2005,89
IMA-B;02/12/2009;2007,23
IMA-B;03/12/2009;2007,83
IMA-B;04/12/2009;2008,18
IMA-B;07/12/2009;2008,79
IMA-B;08/12/2009;2008,32
IMA-B;09/12/2009;2008,46
IMA-B;10/12/2009;2009,62
IMA-B;11/12/2009;2013,06
IMA-B;14/12/2009;2014,76
IMA-B;15/12/2009;2016,4
IMA-B;16/12/2009;2017,42
IMA-B;17/12/2009;2019,53
IMA-B;18/12/2009;2022,69
IMA-B;21/12/2009;2026,28
IMA-B;22/12/2009;2031,27
IMA-B;23/12/2009;2032,74
IMA-B;24/12/2009;2033,57
IMA-B;28/12/2009;2035,31
IMA-B;29/12/2009;2036,37
IMA-B;30/12/2009;2038,09
IMA-B;31/12/2009;2038,09
IMA-B;04/01/2010;2040,86
IMA-B;05/01/2010;2044,19
IMA-B;06/01/2010;2047,3
IMA-B;07/01/2010;2048,38
IMA-B;08/01/2010;2050,72
IMA-B;11/01/2010;2051,01
IMA-B;12/01/2010;2051,21
IMA-B;13/01/2010;2053,21
IMA-B;14/01/2010;2052,47
IMA-B;15/01/2010;2054,29
IMA-B;18/01/2010;2055,44
IMA-B;19/01/2010;2054,27
IMA-B;20/01/2010;2055,71
IMA-B;21/01/2010;2053,86
IMA-B;22/01/2010;2054,32
IMA-B;25/01/2010;2055,84
IMA-B;26/01/2010;2057,42
IMA-B;27/01/2010;2060,22
IMA-B;28/01/2010;2061,12
IMA-B;29/01/2010;2062,21
IMA-B;01/02/2010;2064,35
IMA-B;02/02/2010;2066,88
IMA-B;03/02/2010;2071,99
IMA-B;04/02/2010;2075,76
IMA-B;05/02/2010;2079,3
IMA-B;08/02/2010;2081,83
IMA-B;09/02/2010;2083,43
IMA-B;10/02/2010;2085,98
IMA-B;11/02/2010;2087,72
IMA-B;12/02/2010;2090,71
IMA-B;17/02/2010;2093,26
IMA-B;18/02/2010;2095,2
IMA-B;19/02/2010;2096,37
IMA-B;22/02/2010;2097,73
IMA-B;23/02/2010;2099,38
IMA-B;24/02/2010;2099,75
IMA-B;25/02/2010;2099,57
IMA-B;26/02/2010;2098,38
IMA-B;01/03/2010;2097,44
IMA-B;02/03/2010;2098,72
IMA-B;03/03/2010;2098,73
IMA-B;04/03/2010;2099,95
IMA-B;05/03/2010;2099,19
IMA-B;08/03/2010;2095,77
IMA-B;09/03/2010;2097,6
IMA-B;10/03/2010;2099,36
IMA-B;11/03/2010;2100,52
IMA-B;12/03/2010;2102,68
IMA-B;15/03/2010;2105,85
IMA-B;16/03/2010;2108,6
IMA-B;17/03/2010;2111,41
IMA-B;18/03/2010;2119,66
IMA-B;19/03/2010;2122,12
IMA-B;22/03/2010;2122,7
IMA-B;23/03/2010;2125,03
IMA-B;24/03/2010;2125,34
IMA-B;25/03/2010;2126,5
IMA-B;26/03/2010;2128,63
IMA-B;29/03/2010;2132,26
IMA-B;30/03/2010;2137,03
IMA-B;31/03/2010;2139,77
IMA-B;01/04/2010;2144,1
IMA-B;05/04/2010;2145,67
IMA-B;06/04/2010;2147,04
IMA-B;07/04/2010;2154,05
IMA-B;08/04/2010;2163,02
IMA-B;09/04/2010;2162,37
IMA-B;12/04/2010;2163,5
IMA-B;13/04/2010;2155,43
IMA-B;14/04/2010;2145,35
IMA-B;15/04/2010;2142,25
IMA-B;16/04/2010;2145,64
IMA-B;19/04/2010;2140,37
IMA-B;20/04/2010;2130,45
IMA-B;22/04/2010;2132,06
IMA-B;23/04/2010;2136,62
IMA-B;26/04/2010;2138,77
IMA-B;27/04/2010;2135,71
IMA-B;28/04/2010;2136,08
IMA-B;29/04/2010;2153,02
IMA-B;30/04/2010;2154,28
IMA-B;03/05/2010;2156,3
IMA-B;04/05/2010;2153,61
IMA-B;05/05/2010;2146,63
IMA-B;06/05/2010;2138,27
IMA-B;07/05/2010;2123,6
IMA-B;10/05/2010;2127,85
IMA-B;11/05/2010;2132,63
IMA-B;12/05/2010;2136,66
IMA-B;13/05/2010;2143,76
IMA-B;14/05/2010;2146,64
IMA-B;17/05/2010;2147,84
IMA-B;18/05/2010;2144,71
IMA-B;19/05/2010;2141,24
IMA-B;20/05/2010;2141,7
IMA-B;21/05/2010;2143,36
IMA-B;24/05/2010;2141,66
IMA-B;25/05/2010;2141,48
IMA-B;26/05/2010;2142,04
IMA-B;27/05/2010;2143,8
IMA-B;28/05/2010;2144,87
IMA-B;31/05/2010;2146,87
IMA-B;01/06/2010;2151,49
IMA-B;02/06/2010;2155,21
IMA-B;04/06/2010;2164,62
IMA-B;07/06/2010;2168,1
IMA-B;08/06/2010;2167,92
IMA-B;09/06/2010;2167,8
IMA-B;10/06/2010;2168,79
IMA-B;11/06/2010;2167,78
IMA-B;14/06/2010;2168,39
IMA-B;15/06/2010;2164,3
IMA-B;16/06/2010;2168,31
IMA-B;17/06/2010;2168,87
IMA-B;18/06/2010;2171,57
IMA-B;21/06/2010;2172,9
IMA-B;22/06/2010;2172,94
IMA-B;23/06/2010;2172,03
IMA-B;24/06/2010;2171,47
IMA-B;25/06/2010;2172,33
IMA-B;28/06/2010;2173,42
IMA-B;29/06/2010;2171,93
IMA-B;30/06/2010;2174,24
IMA-B;01/07/2010;2179,12
IMA-B;02/07/2010;2180,67
IMA-B;05/07/2010;2181,27
IMA-B;06/07/2010;2180,46
IMA-B;07/07/2010;2178,32
IMA-B;08/07/2010;2174,41
IMA-B;09/07/2010;2174,96
IMA-B;12/07/2010;2170,05
IMA-B;13/07/2010;2173,32
IMA-B;14/07/2010;2179,25
IMA-B;15/07/2010;2185,02
IMA-B;16/07/2010;2193,42
IMA-B;19/07/2010;2191,26
IMA-B;20/07/2010;2190,57
IMA-B;21/07/2010;2196,06
IMA-B;22/07/2010;2202,71
IMA-B;23/07/2010;2198,5
IMA-B;26/07/2010;2197,21
IMA-B;27/07/2010;2201,65
IMA-B;28/07/2010;2202,22
IMA-B;29/07/2010;2202,87
IMA-B;30/07/2010;2208,62
IMA-B;02/08/2010;2206,57
IMA-B;03/08/2010;2204,21
IMA-B;04/08/2010;2203,7
IMA-B;05/08/2010;2206,37
IMA-B;06/08/2010;2204,02
IMA-B;09/08/2010;2204,35
IMA-B;10/08/2010;2205,22
IMA-B;11/08/2010;2212,57
IMA-B;12/08/2010;2216,72
IMA-B;13/08/2010;2226,63
IMA-B;16/08/2010;2239,28
IMA-B;17/08/2010;2237,78
IMA-B;18/08/2010;2240,32
IMA-B;19/08/2010;2245,53
IMA-B;20/08/2010;2248,49
IMA-B;23/08/2010;2250,46
IMA-B;24/08/2010;2255,01
IMA-B;25/08/2010;2256,8
IMA-B;26/08/2010;2254,47
IMA-B;27/08/2010;2251,07
IMA-B;30/08/2010;2249,3
IMA-B;31/08/2010;2252,78
IMA-B;01/09/2010;2247,58
IMA-B;02/09/2010;2252,2
IMA-B;03/09/2010;2251,62
IMA-B;06/09/2010;2255,48
IMA-B;08/09/2010;2254,66
IMA-B;09/09/2010;2256,23
IMA-B;10/09/2010;2254,42
IMA-B;13/09/2010;2254,06
IMA-B;14/09/2010;2256,28
IMA-B;15/09/2010;2255,83
IMA-B;16/09/2010;2249,13
IMA-B;17/09/2010;2245,4
IMA-B;20/09/2010;2243,68
IMA-B;21/09/2010;2248,59
IMA-B;22/09/2010;2249,97
IMA-B;23/09/2010;2256,23
IMA-B;24/09/2010;2259,21
IMA-B;27/09/2010;2258,93
IMA-B;28/09/2010;2257,88
IMA-B;29/09/2010;2264,02
IMA-B;30/09/2010;2264,46
IMA-B;01/10/2010;2267,9
IMA-B;04/10/2010;2270,31
IMA-B;05/10/2010;2271,38
IMA-B;06/10/2010;2277,96
IMA-B;07/10/2010;2280,47
IMA-B;08/10/2010;2281,19
IMA-B;11/10/2010;2282,28
IMA-B;13/10/2010;2289,19
IMA-B;14/10/2010;2307,17
IMA-B;15/10/2010;2312,45
IMA-B;18/10/2010;2308,46
IMA-B;19/10/2010;2292,39
IMA-B;20/10/2010;2303,69
IMA-B;21/10/2010;2295,84
IMA-B;22/10/2010;2295,94
IMA-B;25/10/2010;2289,34
IMA-B;26/10/2010;2300,4
IMA-B;27/10/2010;2295,88
IMA-B;28/10/2010;2299,57
IMA-B;29/10/2010;2309,62
IMA-B;01/11/2010;2314,12
IMA-B;03/11/2010;2315,6
IMA-B;04/11/2010;2317,77
IMA-B;05/11/2010;2321,01
IMA-B;08/11/2010;2318,13
IMA-B;09/11/2010;2325,38
IMA-B;10/11/2010;2335,38
IMA-B;11/11/2010;2337,22
IMA-B;12/11/2010;2341,72
IMA-B;16/11/2010;2331,5
IMA-B;17/11/2010;2333,73
IMA-B;18/11/2010;2326,54
IMA-B;19/11/2010;2326,94
IMA-B;22/11/2010;2309,45
IMA-B;23/11/2010;2312,53
IMA-B;24/11/2010;2318,43
IMA-B;25/11/2010;2325,86
IMA-B;26/11/2010;2325,64
IMA-B;29/11/2010;2322,22
IMA-B;30/11/2010;2329,76
IMA-B;01/12/2010;2331,18
IMA-B;02/12/2010;2331,18
IMA-B;03/12/2010;2332,46
IMA-B;06/12/2010;2326,41
IMA-B;07/12/2010;2328,24
IMA-B;08/12/2010;2326,66
IMA-B;09/12/2010;2330,08
IMA-B;10/12/2010;2343,66
IMA-B;13/12/2010;2346,93
IMA-B;14/12/2010;2356,3
IMA-B;15/12/2010;2361,3
IMA-B;16/12/2010;2366,56
IMA-B;17/12/2010;2371,35
IMA-B;20/12/2010;2371
IMA-B;21/12/2010;2372,56
IMA-B;22/12/2010;2373,17
IMA-B;23/12/2010;2373,74
IMA-B;24/12/2010;2374,88
IMA-B;27/12/2010;2376,3
IMA-B;28/12/2010;2379,33
IMA-B;29/12/2010;2380,54
IMA-B;30/12/2010;2384,32
IMA-B;31/12/2010;2385,46
IMA-B;03/01/2011;2384,13
IMA-B;04/01/2011;2381,25
IMA-B;05/01/2011;2379,03
IMA-B;06/01/2011;2376,31
IMA-B;07/01/2011;2367,87
IMA-B;10/01/2011;2363,47
IMA-B;11/01/2011;2368,11
IMA-B;12/01/2011;2372,01
IMA-B;13/01/2011;2378,83
IMA-B;14/01/2011;2380,9
IMA-B;17/01/2011;2382,13
IMA-B;18/01/2011;2385,82
IMA-B;19/01/2011;2386,09
IMA-B;20/01/2011;2387,45
IMA-B;21/01/2011;2386,46
IMA-B;24/01/2011;2376,14
IMA-B;25/01/2011;2377,43
IMA-B;26/01/2011;2376,88
IMA-B;27/01/2011;2377,73
IMA-B;28/01/2011;2378,39
IMA-B;31/01/2011;2378,04
IMA-B;01/02/2011;2382,94
IMA-B;02/02/2011;2386,96
IMA-B;03/02/2011;2383,46
IMA-B;04/02/2011;2376,71
IMA-B;07/02/2011;2376,01
IMA-B;08/02/2011;2388,41
IMA-B;09/02/2011;2390,17
IMA-B;10/02/2011;2388,19
IMA-B;11/02/2011;2386,97
IMA-B;14/02/2011;2383,39
IMA-B;15/02/2011;2380,34
IMA-B;16/02/2011;2386,24
IMA-B;17/02/2011;2389,24
IMA-B;18/02/2011;2389,98
IMA-B;21/02/2011;2388,36
IMA-B;22/02/2011;2391,12
IMA-B;23/02/2011;2392,11
IMA-B;24/02/2011;2388,96
IMA-B;25/02/2011;2391,07
IMA-B;28/02/2011;2393,32
IMA-B;01/03/2011;2396,08
IMA-B;02/03/2011;2396,76
IMA-B;03/03/2011;2395,71
IMA-B;04/03/2011;2397,72
IMA-B;09/03/2011;2399,03
IMA-B;10/03/2011;2407,35
IMA-B;11/03/2011;2409,56
IMA-B;14/03/2011;2406,38
IMA-B;15/03/2011;2404
IMA-B;16/03/2011;2404,42
IMA-B;17/03/2011;2405,32
IMA-B;18/03/2011;2408,85
IMA-B;21/03/2011;2409,56
IMA-B;22/03/2011;2414,35
IMA-B;23/03/2011;2419,8
IMA-B;24/03/2011;2418,77
IMA-B;25/03/2011;2419,39
IMA-B;28/03/2011;2420,99
IMA-B;29/03/2011;2419,31
IMA-B;30/03/2011;2426,22
IMA-B;31/03/2011;2430,61
IMA-B;01/04/2011;2434,37
IMA-B;04/04/2011;2435,73
IMA-B;05/04/2011;2432,15
IMA-B;06/04/2011;2433,03
IMA-B;07/04/2011;2434,82
IMA-B;08/04/2011;2436,11
IMA-B;11/04/2011;2435,08
IMA-B;12/04/2011;2437,74
IMA-B;13/04/2011;2439,19
IMA-B;14/04/2011;2439,9
IMA-B;15/04/2011;2440,64
IMA-B;18/04/2011;2440,1
IMA-B;19/04/2011;2441,05
IMA-B;20/04/2011;2440,54
IMA-B;25/04/2011;2433,22
IMA-B;26/04/2011;2435,8
IMA-B;27/04/2011;2438,81
IMA-B;28/04/2011;2441,82
IMA-B;29/04/2011;2443,95
IMA-B;02/05/2011;2448,92
IMA-B;03/05/2011;2453,12
IMA-B;04/05/2011;2456,19
IMA-B;05/05/2011;2459,88
IMA-B;06/05/2011;2456,75
IMA-B;09/05/2011;2458,74
IMA-B;10/05/2011;2459,02
IMA-B;11/05/2011;2461,52
IMA-B;12/05/2011;2462,99
IMA-B;13/05/2011;2467,98
IMA-B;16/05/2011;2473,74
IMA-B;17/05/2011;2478,33
IMA-B;18/05/2011;2481,65
IMA-B;19/05/2011;2485,25
IMA-B;20/05/2011;2481,28
IMA-B;23/05/2011;2479,28
IMA-B;24/05/2011;2477,57
IMA-B;25/05/2011;2478,37
IMA-B;26/05/2011;2480,66
IMA-B;27/05/2011;2481,78
IMA-B;30/05/2011;2482,12
IMA-B;31/05/2011;2480,41
IMA-B;01/06/2011;2480,93
IMA-B;02/06/2011;2477,54
IMA-B;03/06/2011;2476,06
IMA-B;06/06/2011;2472,73
IMA-B;07/06/2011;2475,17
IMA-B;08/06/2011;2481,41
IMA-B;09/06/2011;2484,15
IMA-B;10/06/2011;2486,47
IMA-B;13/06/2011;2488,35
IMA-B;14/06/2011;2487,35
IMA-B;15/06/2011;2490,19
IMA-B;16/06/2011;2489,95
IMA-B;17/06/2011;2490,99
IMA-B;20/06/2011;2490,53
IMA-B;21/06/2011;2490,11
IMA-B;22/06/2011;2489,5
IMA-B;24/06/2011;2487,86
IMA-B;27/06/2011;2482,8
IMA-B;28/06/2011;2476,56
IMA-B;29/06/2011;2476,09
IMA-B;30/06/2011;2472,93
IMA-B;01/07/2011;2474,67
IMA-B;04/07/2011;2476,29
IMA-B;05/07/2011;2474,46
IMA-B;06/07/2011;2475,57
IMA-B;07/07/2011;2474,9
IMA-B;08/07/2011;2475,62
IMA-B;11/07/2011;2473,31
IMA-B;12/07/2011;2473,32
IMA-B;13/07/2011;2474,67
IMA-B;14/07/2011;2475,78
IMA-B;15/07/2011;2477,15
IMA-B;18/07/2011;2479,04
IMA-B;19/07/2011;2479,86
IMA-B;20/07/2011;2479,78
IMA-B;21/07/2011;2481,46
IMA-B;22/07/2011;2482,73
IMA-B;25/07/2011;2481,29
IMA-B;26/07/2011;2485,17
IMA-B;27/07/2011;2486,68
IMA-B;28/07/2011;2487,98
IMA-B;29/07/2011;2489,59
IMA-B;01/08/2011;2490,34
IMA-B;02/08/2011;2492,67
IMA-B;03/08/2011;2492,06
IMA-B;04/08/2011;2491,92
IMA-B;05/08/2011;2490,59
IMA-B;08/08/2011;2492,59
IMA-B;09/08/2011;2493,9
IMA-B;10/08/2011;2493,71
IMA-B;11/08/2011;2491,35
IMA-B;12/08/2011;2500,27
IMA-B;15/08/2011;2510,29
IMA-B;16/08/2011;2522,98
IMA-B;17/08/2011;2534,07
IMA-B;18/08/2011;2550,15
IMA-B;19/08/2011;2560,63
IMA-B;22/08/2011;2562,17
IMA-B;23/08/2011;2570,75
IMA-B;24/08/2011;2575,77
IMA-B;25/08/2011;2579,79
IMA-B;26/08/2011;2600,94
IMA-B;29/08/2011;2626,94
IMA-B;30/08/2011;2620,37
IMA-B;31/08/2011;2624,69
IMA-B;01/09/2011;2665,8
IMA-B;02/09/2011;2645,08
IMA-B;05/09/2011;2648,08
IMA-B;06/09/2011;2650,35
IMA-B;08/09/2011;2640,23
IMA-B;09/09/2011;2646,62
IMA-B;12/09/2011;2650,99
IMA-B;13/09/2011;2646,44
IMA-B;14/09/2011;2643,57
IMA-B;15/09/2011;2645,1
IMA-B;16/09/2011;2646,55
IMA-B;19/09/2011;2642,28
IMA-B;20/09/2011;2635,21
IMA-B;21/09/2011;2618,78
IMA-B;22/09/2011;2606,82
IMA-B;23/09/2011;2616,42
IMA-B;26/09/2011;2627,21
IMA-B;27/09/2011;2623
IMA-B;28/09/2011;2630,98
IMA-B;29/09/2011;2631,91
IMA-B;30/09/2011;2641,92
IMA-B;03/10/2011;2659,3
IMA-B;04/10/2011;2660,73
IMA-B;05/10/2011;2667,39
IMA-B;06/10/2011;2665,73
IMA-B;07/10/2011;2672,49
IMA-B;10/10/2011;2675,43
IMA-B;11/10/2011;2683,63
IMA-B;13/10/2011;2682,37
IMA-B;14/10/2011;2675,21
IMA-B;17/10/2011;2671,8
IMA-B;18/10/2011;2675,76
IMA-B;19/10/2011;2675,08
IMA-B;20/10/2011;2655,71
IMA-B;21/10/2011;2661,14
IMA-B;24/10/2011;2658,77
IMA-B;25/10/2011;2657,79
IMA-B;26/10/2011;2665,2
IMA-B;27/10/2011;2667,78
IMA-B;28/10/2011;2675,55
IMA-B;31/10/2011;2683
IMA-B;01/11/2011;2677,89
IMA-B;03/11/2011;2677,86
IMA-B;04/11/2011;2679,32
IMA-B;07/11/2011;2682,45
IMA-B;08/11/2011;2686,2
IMA-B;09/11/2011;2701,76
IMA-B;10/11/2011;2700,6
IMA-B;11/11/2011;2708,07
IMA-B;14/11/2011;2712,67
IMA-B;16/11/2011;2718,83
IMA-B;17/11/2011;2719,76
IMA-B;18/11/2011;2721,99
IMA-B;21/11/2011;2718,48
IMA-B;22/11/2011;2716,23
IMA-B;23/11/2011;2715,6
IMA-B;24/11/2011;2717,33
IMA-B;25/11/2011;2721,47
IMA-B;28/11/2011;2721,38
IMA-B;29/11/2011;2725,67
IMA-B;30/11/2011;2737,3
IMA-B;01/12/2011;2730,93
IMA-B;02/12/2011;2731,87
IMA-B;05/12/2011;2726,54
IMA-B;06/12/2011;2731,03
IMA-B;07/12/2011;2741,37
IMA-B;08/12/2011;2741,52
IMA-B;09/12/2011;2745,64
IMA-B;12/12/2011;2750,87
IMA-B;13/12/2011;2750,86
IMA-B;14/12/2011;2747,64
IMA-B;15/12/2011;2743,16
IMA-B;16/12/2011;2739,49
IMA-B;19/12/2011;2738,81
IMA-B;20/12/2011;2743,53
IMA-B;21/12/2011;2749,18
IMA-B;22/12/2011;2737,17
IMA-B;23/12/2011;2731,66
IMA-B;26/12/2011;2727,2
IMA-B;27/12/2011;2734,06
IMA-B;28/12/2011;2737,02
IMA-B;29/12/2011;2744,65
IMA-B;30/12/2011;2745,86
IMA-B;02/01/2012;2753,85
IMA-B;03/01/2012;2755,26
IMA-B;04/01/2012;2745,95
IMA-B;05/01/2012;2740,59
IMA-B;06/01/2012;2745,01
IMA-B;09/01/2012;2742,32
IMA-B;10/01/2012;2747,75
IMA-B;11/01/2012;2747,72
IMA-B;12/01/2012;2744,41
IMA-B;13/01/2012;2748,5
IMA-B;16/01/2012;2752,25
IMA-B;17/01/2012;2750,56
IMA-B;18/01/2012;2756,85
IMA-B;19/01/2012;2760,95
IMA-B;20/01/2012;2775,14
IMA-B;23/01/2012;2769,4
IMA-B;24/01/2012;2770,53
IMA-B;25/01/2012;2771,65
IMA-B;26/01/2012;2786,09
IMA-B;27/01/2012;2792,74
IMA-B;30/01/2012;2798,64
IMA-B;31/01/2012;2790,66
IMA-B;01/02/2012;2787,48
IMA-B;02/02/2012;2783,52
IMA-B;03/02/2012;2782
IMA-B;06/02/2012;2778,74
IMA-B;07/02/2012;2787,53
IMA-B;08/02/2012;2795,17
IMA-B;09/02/2012;2807,6
IMA-B;10/02/2012;2818,85
IMA-B;13/02/2012;2821,7
IMA-B;14/02/2012;2832,69
IMA-B;15/02/2012;2834,86
IMA-B;16/02/2012;2841,8
IMA-B;17/02/2012;2851,54
IMA-B;22/02/2012;2853,84
IMA-B;23/02/2012;2853,72
IMA-B;24/02/2012;2844,05
IMA-B;27/02/2012;2840,9
IMA-B;28/02/2012;2850,17
IMA-B;29/02/2012;2851,31
IMA-B;01/03/2012;2852,57
IMA-B;02/03/2012;2862,3
IMA-B;05/03/2012;2867,1
IMA-B;06/03/2012;2869,86
IMA-B;07/03/2012;2874,71
IMA-B;08/03/2012;2894,13
IMA-B;09/03/2012;2907,86
IMA-B;12/03/2012;2905,97
IMA-B;13/03/2012;2903,15
IMA-B;14/03/2012;2892,68
IMA-B;15/03/2012;2900,56
IMA-B;16/03/2012;2897,42
IMA-B;19/03/2012;2888,85
IMA-B;20/03/2012;2890,18
IMA-B;21/03/2012;2894,63
IMA-B;22/03/2012;2895,22
IMA-B;23/03/2012;2898,07
IMA-B;26/03/2012;2898,31
IMA-B;27/03/2012;2904,13
IMA-B;28/03/2012;2908,18
IMA-B;29/03/2012;2905,93
IMA-B;30/03/2012;2905,86
IMA-B;02/04/2012;2910,13
IMA-B;03/04/2012;2902,5
IMA-B;04/04/2012;2906,29
IMA-B;05/04/2012;2908,6
IMA-B;09/04/2012;2918,96
IMA-B;10/04/2012;2933,18
IMA-B;11/04/2012;2936,82
IMA-B;12/04/2012;2946,54
IMA-B;13/04/2012;2951,76
IMA-B;16/04/2012;2955,75
IMA-B;17/04/2012;2963,63
IMA-B;18/04/2012;2968,75
IMA-B;19/04/2012;2989,34
IMA-B;20/04/2012;2994,85
IMA-B;23/04/2012;2997,36
IMA-B;24/04/2012;3017,32
IMA-B;25/04/2012;3029,91
IMA-B;26/04/2012;3029,95
IMA-B;27/04/2012;3037,66
IMA-B;30/04/2012;3034,3
IMA-B;02/05/2012;3065,8
IMA-B;03/05/2012;3070,05
IMA-B;04/05/2012;3129,33
IMA-B;07/05/2012;3185,83
IMA-B;08/05/2012;3132,03
IMA-B;09/05/2012;3091,33
IMA-B;10/05/2012;3145,15
IMA-B;11/05/2012;3140,19
IMA-B;14/05/2012;3141,44
IMA-B;15/05/2012;3142,78
IMA-B;16/05/2012;3150,66
IMA-B;17/05/2012;3167,65
IMA-B;18/05/2012;3179,68
IMA-B;21/05/2012;3163,14
IMA-B;22/05/2012;3091,68
IMA-B;23/05/2012;3106,04
IMA-B;24/05/2012;3075,43
IMA-B;25/05/2012;3092,77
IMA-B;28/05/2012;3103
IMA-B;29/05/2012;3113,98
IMA-B;30/05/2012;3110,67
IMA-B;31/05/2012;3093,95
IMA-B;01/06/2012;3074,85
IMA-B;04/06/2012;3013,11
IMA-B;05/06/2012;3023,16
IMA-B;06/06/2012;3031,68
IMA-B;08/06/2012;3057,45
IMA-B;11/06/2012;3028,05
IMA-B;12/06/2012;3033,05
IMA-B;13/06/2012;3040,64
IMA-B;14/06/2012;3045,41
IMA-B;15/06/2012;3023
IMA-B;18/06/2012;3027,86
IMA-B;19/06/2012;3038,31
IMA-B;20/06/2012;3045,75
IMA-B;21/06/2012;3060,95
IMA-B;22/06/2012;3062,4
IMA-B;25/06/2012;3081,99
IMA-B;26/06/2012;3082,56
IMA-B;27/06/2012;3077,13
IMA-B;28/06/2012;3069,11
IMA-B;29/06/2012;3078,5
IMA-B;02/07/2012;3088,43
IMA-B;03/07/2012;3090,36
IMA-B;04/07/2012;3080,83
IMA-B;05/07/2012;3068,81
IMA-B;06/07/2012;3079,73
IMA-B;09/07/2012;3080,35
IMA-B;10/07/2012;3089,99
IMA-B;11/07/2012;3110,1
IMA-B;12/07/2012;3106,16
IMA-B;13/07/2012;3119,35
IMA-B;16/07/2012;3134,81
IMA-B;17/07/2012;3135,98
IMA-B;18/07/2012;3144,6
IMA-B;19/07/2012;3155,8
IMA-B;20/07/2012;3180,55
IMA-B;23/07/2012;3189,76
IMA-B;24/07/2012;3176,88
IMA-B;25/07/2012;3184,26
IMA-B;26/07/2012;3180,89
IMA-B;27/07/2012;3158,28
IMA-B;30/07/2012;3159,62
IMA-B;31/07/2012;3167,16
IMA-B;01/08/2012;3176,47
IMA-B;02/08/2012;3179,36
IMA-B;03/08/2012;3177,03
IMA-B;06/08/2012;3180,96
IMA-B;07/08/2012;3195,05
IMA-B;08/08/2012;3201,65
IMA-B;09/08/2012;3196,26
IMA-B;10/08/2012;3181,21
IMA-B;13/08/2012;3184,12
IMA-B;14/08/2012;3182,17
IMA-B;15/08/2012;3193,98
IMA-B;16/08/2012;3180,15
IMA-B;17/08/2012;3186,05
IMA-B;20/08/2012;3173
IMA-B;21/08/2012;3186,45
IMA-B;22/08/2012;3182,69
IMA-B;23/08/2012;3182,91
IMA-B;24/08/2012;3189,33
IMA-B;27/08/2012;3199,4
IMA-B;28/08/2012;3207,54
IMA-B;29/08/2012;3206,58
IMA-B;30/08/2012;3215,62
IMA-B;31/08/2012;3224,44
IMA-B;03/09/2012;3228,04
IMA-B;04/09/2012;3228,12
IMA-B;05/09/2012;3229,56
IMA-B;06/09/2012;3224,14
IMA-B;10/09/2012;3218,7
IMA-B;11/09/2012;3219,12
IMA-B;12/09/2012;3227,11
IMA-B;13/09/2012;3229,49
IMA-B;14/09/2012;3229,21
IMA-B;17/09/2012;3234,78
IMA-B;18/09/2012;3231,81
IMA-B;19/09/2012;3227,39
IMA-B;20/09/2012;3234,98
IMA-B;21/09/2012;3236,84
IMA-B;24/09/2012;3241,32
IMA-B;25/09/2012;3248,74
IMA-B;26/09/2012;3248,94
IMA-B;27/09/2012;3256,89
IMA-B;28/09/2012;3270,71
IMA-B;01/10/2012;3278,17
IMA-B;02/10/2012;3287,1
IMA-B;03/10/2012;3288,55
IMA-B;04/10/2012;3294,32
IMA-B;05/10/2012;3338,65
IMA-B;08/10/2012;3323,3
IMA-B;09/10/2012;3328,2
IMA-B;10/10/2012;3330,11
IMA-B;11/10/2012;3357,84
IMA-B;15/10/2012;3358,81
IMA-B;16/10/2012;3369,21
IMA-B;17/10/2012;3354,65
IMA-B;18/10/2012;3362,77
IMA-B;19/10/2012;3373,76
IMA-B;22/10/2012;3388,85
IMA-B;23/10/2012;3397,43
IMA-B;24/10/2012;3394,1
IMA-B;25/10/2012;3386,26
IMA-B;26/10/2012;3388,84
IMA-B;29/10/2012;3387,99
IMA-B;30/10/2012;3390,46
IMA-B;31/10/2012;3394,86
IMA-B;01/11/2012;3393,59
IMA-B;05/11/2012;3395,31
IMA-B;06/11/2012;3391,31
IMA-B;07/11/2012;3394,68
IMA-B;08/11/2012;3392,1
IMA-B;09/11/2012;3387,2
IMA-B;12/11/2012;3379,57
IMA-B;13/11/2012;3367,94
IMA-B;14/11/2012;3349,55
IMA-B;16/11/2012;3364,99
IMA-B;19/11/2012;3374,56
IMA-B;20/11/2012;3375,75
IMA-B;21/11/2012;3372,38
IMA-B;22/11/2012;3373,02
IMA-B;23/11/2012;3382,33
IMA-B;26/11/2012;3390,12
IMA-B;27/11/2012;3402,2
IMA-B;28/11/2012;3400,8
IMA-B;29/11/2012;3402,09
IMA-B;30/11/2012;3412,89
IMA-B;03/12/2012;3418,55
IMA-B;04/12/2012;3438,3
IMA-B;05/12/2012;3438,22
IMA-B;06/12/2012;3469,87
IMA-B;07/12/2012;3464,42
IMA-B;10/12/2012;3453,69
IMA-B;11/12/2012;3444,25
IMA-B;12/12/2012;3455,35
IMA-B;13/12/2012;3466,24
IMA-B;14/12/2012;3467,46
IMA-B;17/12/2012;3469,25
IMA-B;18/12/2012;3465,63
IMA-B;19/12/2012;3470,2
IMA-B;20/12/2012;3458,58
IMA-B;21/12/2012;3457,36
IMA-B;24/12/2012;3459,09
IMA-B;26/12/2012;3468,02
IMA-B;27/12/2012;3470,18
IMA-B;28/12/2012;3476,65
IMA-B;31/12/2012;3478,38
IMA-B;02/01/2013;3489,93
IMA-B;03/01/2013;3509,03
IMA-B;04/01/2013;3515,47
IMA-B;07/01/2013;3518,06
IMA-B;08/01/2013;3509,16
IMA-B;09/01/2013;3520,1
IMA-B;10/01/2013;3528,01
IMA-B;11/01/2013;3534,91
IMA-B;14/01/2013;3537,49
IMA-B;15/01/2013;3537,9
IMA-B;16/01/2013;3541,46
IMA-B;17/01/2013;3532,64
IMA-B;18/01/2013;3524,26
IMA-B;21/01/2013;3542,77
IMA-B;22/01/2013;3541,2
IMA-B;23/01/2013;3549,03
IMA-B;24/01/2013;3526,36
IMA-B;25/01/2013;3528,27
IMA-B;28/01/2013;3519,37
IMA-B;29/01/2013;3517,5
IMA-B;30/01/2013;3507,46
IMA-B;31/01/2013;3497,1
IMA-B;01/02/2013;3493,46
IMA-B;04/02/2013;3480,61
IMA-B;05/02/2013;3461,07
IMA-B;06/02/2013;3448,93
IMA-B;07/02/2013;3429,78
IMA-B;08/02/2013;3423,3
IMA-B;13/02/2013;3426,51
IMA-B;14/02/2013;3427,19
IMA-B;15/02/2013;3439,01
IMA-B;18/02/2013;3434,19
IMA-B;19/02/2013;3438,56
IMA-B;20/02/2013;3439,17
IMA-B;21/02/2013;3446,29
IMA-B;22/02/2013;3437,53
IMA-B;25/02/2013;3453,14
IMA-B;26/02/2013;3461,35
IMA-B;27/02/2013;3465,69
IMA-B;28/02/2013;3466,43
IMA-B;01/03/2013;3477,57
IMA-B;04/03/2013;3482,56
IMA-B;05/03/2013;3497,24
IMA-B;06/03/2013;3500,3
IMA-B;07/03/2013;3492,72
IMA-B;08/03/2013;3480,3
IMA-B;11/03/2013;3474,91
IMA-B;12/03/2013;3459,4
IMA-B;13/03/2013;3438,23
IMA-B;14/03/2013;3447,88
IMA-B;15/03/2013;3459,48
IMA-B;18/03/2013;3460,24
IMA-B;19/03/2013;3467,4
IMA-B;20/03/2013;3456,04
IMA-B;21/03/2013;3430,74
IMA-B;22/03/2013;3428,4
IMA-B;25/03/2013;3434
IMA-B;26/03/2013;3434,79
IMA-B;27/03/2013;3435,94
IMA-B;28/03/2013;3401,15
IMA-B;01/04/2013;3372,73
IMA-B;02/04/2013;3386,44
IMA-B;03/04/2013;3367,39
IMA-B;04/04/2013;3375,25
IMA-B;05/04/2013;3423,26
IMA-B;08/04/2013;3414,98
IMA-B;09/04/2013;3422,16
IMA-B;10/04/2013;3423,8
IMA-B;11/04/2013;3415,27
IMA-B;12/04/2013;3397,87
IMA-B;15/04/2013;3390,51
IMA-B;16/04/2013;3393,73
IMA-B;17/04/2013;3396,57
IMA-B;18/04/2013;3443,87
IMA-B;19/04/2013;3454,49
IMA-B;22/04/2013;3461,1
IMA-B;23/04/2013;3462,17
IMA-B;24/04/2013;3454,45
IMA-B;25/04/2013;3441,26
IMA-B;26/04/2013;3443,17
IMA-B;29/04/2013;3447,13
IMA-B;30/04/2013;3454,95
IMA-B;02/05/2013;3483,73
IMA-B;03/05/2013;3472,42
IMA-B;06/05/2013;3480,12
IMA-B;07/05/2013;3485,95
IMA-B;08/05/2013;3488,65
IMA-B;09/05/2013;3473,89
IMA-B;10/05/2013;3457,75
IMA-B;13/05/2013;3464,68
IMA-B;14/05/2013;3438,94
IMA-B;15/05/2013;3452,78
IMA-B;16/05/2013;3463,46
IMA-B;17/05/2013;3451,44
IMA-B;20/05/2013;3437,35
IMA-B;21/05/2013;3442,25
IMA-B;22/05/2013;3432,67
IMA-B;23/05/2013;3423,54
IMA-B;24/05/2013;3397,14
IMA-B;27/05/2013;3367,82
IMA-B;28/05/2013;3341,46
IMA-B;29/05/2013;3364,83
IMA-B;31/05/2013;3298,94
IMA-B;03/06/2013;3296,94
IMA-B;04/06/2013;3322,39
IMA-B;05/06/2013;3332,81
IMA-B;06/06/2013;3314,12
IMA-B;07/06/2013;3298,04
IMA-B;10/06/2013;3206,19
IMA-B;11/06/2013;3187,96
IMA-B;12/06/2013;3161,94
IMA-B;13/06/2013;3228,21
IMA-B;14/06/2013;3211,02
IMA-B;17/06/2013;3182,84
IMA-B;18/06/2013;3138,79
IMA-B;19/06/2013;3069,6
IMA-B;20/06/2013;3123,81
IMA-B;21/06/2013;3162,14
IMA-B;24/06/2013;3202,19
IMA-B;25/06/2013;3223,44
IMA-B;26/06/2013;3225,98
IMA-B;27/06/2013;3248,37
IMA-B;28/06/2013;3206,89
IMA-B;01/07/2013;3218,27
IMA-B;02/07/2013;3233,53
IMA-B;03/07/2013;3225,49
IMA-B;04/07/2013;3187,75
IMA-B;05/07/2013;3180,78
IMA-B;08/07/2013;3194,09
IMA-B;09/07/2013;3195,13
IMA-B;10/07/2013;3186,04
IMA-B;11/07/2013;3171,81
IMA-B;12/07/2013;3173,1
IMA-B;15/07/2013;3201,63
IMA-B;16/07/2013;3203,44
IMA-B;17/07/2013;3229,23
IMA-B;18/07/2013;3256,89
IMA-B;19/07/2013;3275,82
IMA-B;22/07/2013;3290,97
IMA-B;23/07/2013;3306,04
IMA-B;24/07/2013;3284,36
IMA-B;25/07/2013;3279,05
IMA-B;26/07/2013;3271,44
IMA-B;29/07/2013;3239,99
IMA-B;30/07/2013;3224,06
IMA-B;31/07/2013;3248,29
IMA-B;01/08/2013;3217,04
IMA-B;02/08/2013;3237,2
IMA-B;05/08/2013;3248,66
IMA-B;06/08/2013;3236,24
IMA-B;07/08/2013;3237,53
IMA-B;08/08/2013;3246,74
IMA-B;09/08/2013;3255,76
IMA-B;12/08/2013;3207,95
IMA-B;13/08/2013;3202,5
IMA-B;14/08/2013;3175,71
IMA-B;15/08/2013;3184,46
IMA-B;16/08/2013;3173,47
IMA-B;19/08/2013;3152,68
IMA-B;20/08/2013;3201,56
IMA-B;21/08/2013;3160,58
IMA-B;22/08/2013;3168,72
IMA-B;23/08/2013;3214,08
IMA-B;26/08/2013;3196,91
IMA-B;27/08/2013;3197,89
IMA-B;28/08/2013;3201,23
IMA-B;29/08/2013;3165,25
IMA-B;30/08/2013;3163,4
IMA-B;02/09/2013;3161,44
IMA-B;03/09/2013;3159,79
IMA-B;04/09/2013;3158,31
IMA-B;05/09/2013;3153,93
IMA-B;06/09/2013;3163,45
IMA-B;09/09/2013;3166,39
IMA-B;10/09/2013;3170,32
IMA-B;11/09/2013;3173,43
IMA-B;12/09/2013;3161,06
IMA-B;13/09/2013;3160,44
IMA-B;16/09/2013;3163,55
IMA-B;17/09/2013;3164,48
IMA-B;18/09/2013;3221,65
IMA-B;19/09/2013;3216,15
IMA-B;20/09/2013;3217,35
IMA-B;23/09/2013;3209,72
IMA-B;24/09/2013;3211,3
IMA-B;25/09/2013;3198,05
IMA-B;26/09/2013;3182,39
IMA-B;27/09/2013;3174,56
IMA-B;30/09/2013;3175,62
IMA-B;01/10/2013;3168,61
IMA-B;02/10/2013;3176,11
IMA-B;03/10/2013;3179,92
IMA-B;04/10/2013;3178,03
IMA-B;07/10/2013;3183,06
IMA-B;08/10/2013;3192,27
IMA-B;09/10/2013;3205,46
IMA-B;10/10/2013;3197,57
IMA-B;11/10/2013;3196,59
IMA-B;14/10/2013;3196,59
IMA-B;15/10/2013;3196,98
IMA-B;16/10/2013;3197,77
IMA-B;17/10/2013;3202,11
IMA-B;18/10/2013;3192,24
IMA-B;21/10/2013;3185,12
IMA-B;22/10/2013;3195,86
IMA-B;23/10/2013;3207,15
IMA-B;24/10/2013;3204,77
IMA-B;25/10/2013;3211
IMA-B;28/10/2013;3211,06
IMA-B;29/10/2013;3215,56
IMA-B;30/10/2013;3217,43
IMA-B;31/10/2013;3204,53
IMA-B;01/11/2013;3182,98
IMA-B;04/11/2013;3176,67
IMA-B;05/11/2013;3159,33
IMA-B;06/11/2013;3151,23
IMA-B;07/11/2013;3116,53
IMA-B;08/11/2013;3105,53
IMA-B;11/11/2013;3107,78
IMA-B;12/11/2013;3135,91
IMA-B;13/11/2013;3152,99
IMA-B;14/11/2013;3158,65
IMA-B;18/11/2013;3170,85
IMA-B;19/11/2013;3149,42
IMA-B;20/11/2013;3150,92
IMA-B;21/11/2013;3125,2
IMA-B;22/11/2013;3124,9
IMA-B;25/11/2013;3104,58
IMA-B;26/11/2013;3111,9
IMA-B;27/11/2013;3110,67
IMA-B;28/11/2013;3111,87
IMA-B;29/11/2013;3089,59
IMA-B;02/12/2013;3064
IMA-B;03/12/2013;3053,33
IMA-B;04/12/2013;3055,4
IMA-B;05/12/2013;3074,35
IMA-B;06/12/2013;3079,26
IMA-B;09/12/2013;3092,23
IMA-B;10/12/2013;3111,75
IMA-B;11/12/2013;3115,23
IMA-B;12/12/2013;3124,46
IMA-B;13/12/2013;3125,18
IMA-B;16/12/2013;3130,04
IMA-B;17/12/2013;3137,78
IMA-B;18/12/2013;3139,37
IMA-B;19/12/2013;3121,84
IMA-B;20/12/2013;3111,25
IMA-B;23/12/2013;3117,39
IMA-B;24/12/2013;3119,37
IMA-B;26/12/2013;3109,79
IMA-B;27/12/2013;3124,37
IMA-B;30/12/2013;3127,93
IMA-B;31/12/2013;3129,91
IMA-B;02/01/2014;3122,33
IMA-B;03/01/2014;3123,03
IMA-B;06/01/2014;3122,26
IMA-B;07/01/2014;3128,58
IMA-B;08/01/2014;3119,26
IMA-B;09/01/2014;3113,99
IMA-B;10/01/2014;3125,3
IMA-B;13/01/2014;3121,69
IMA-B;14/01/2014;3108,72
IMA-B;15/01/2014;3113,84
IMA-B;16/01/2014;3115,08
IMA-B;17/01/2014;3126,9
IMA-B;20/01/2014;3114,61
IMA-B;21/01/2014;3103,01
IMA-B;22/01/2014;3101,92
IMA-B;23/01/2014;3065,39
IMA-B;24/01/2014;3076,5
IMA-B;27/01/2014;3063,4
IMA-B;28/01/2014;3049,04
IMA-B;29/01/2014;3048,54
IMA-B;30/01/2014;3047,05
IMA-B;31/01/2014;3050,08
IMA-B;03/02/2014;3045,81
IMA-B;04/02/2014;3056,9
IMA-B;05/02/2014;3073,7
IMA-B;06/02/2014;3079,86
IMA-B;07/02/2014;3092,88
IMA-B;10/02/2014;3091
IMA-B;11/02/2014;3085,9
IMA-B;12/02/2014;3082,85
IMA-B;13/02/2014;3097,15
IMA-B;14/02/2014;3104,86
IMA-B;17/02/2014;3117,15
IMA-B;18/02/2014;3129,13
IMA-B;19/02/2014;3126,62
IMA-B;20/02/2014;3150,16
IMA-B;21/02/2014;3165,17
IMA-B;24/02/2014;3170,66
IMA-B;25/02/2014;3172,35
IMA-B;26/02/2014;3181,61
IMA-B;27/02/2014;3205,71
IMA-B;28/02/2014;3185,47
IMA-B;05/03/2014;3185,26
IMA-B;06/03/2014;3181,12
IMA-B;07/03/2014;3166,63
IMA-B;10/03/2014;3149,74
IMA-B;11/03/2014;3139,1
IMA-B;12/03/2014;3151,75
IMA-B;13/03/2014;3159,65
IMA-B;14/03/2014;3154,44
IMA-B;17/03/2014;3153,15
IMA-B;18/03/2014;3144,47
IMA-B;19/03/2014;3129,36
IMA-B;20/03/2014;3141,15
IMA-B;21/03/2014;3152,57
IMA-B;24/03/2014;3164,16
IMA-B;25/03/2014;3181,35
IMA-B;26/03/2014;3195,01
IMA-B;27/03/2014;3217,62
IMA-B;28/03/2014;3209,59
IMA-B;31/03/2014;3208,09
IMA-B;01/04/2014;3208,55
IMA-B;02/04/2014;3214,93
IMA-B;03/04/2014;3217,52
IMA-B;04/04/2014;3224,64
IMA-B;07/04/2014;3230,9
IMA-B;08/04/2014;3240,74
IMA-B;09/04/2014;3243,14
IMA-B;10/04/2014;3240,95
IMA-B;11/04/2014;3243,12
IMA-B;14/04/2014;3241,47
IMA-B;15/04/2014;3247,33
IMA-B;16/04/2014;3248,1
IMA-B;17/04/2014;3252,66
IMA-B;22/04/2014;3255,73
IMA-B;23/04/2014;3267,64
IMA-B;24/04/2014;3271,68
IMA-B;25/04/2014;3275,86
IMA-B;28/04/2014;3271,13
IMA-B;29/04/2014;3275,35
IMA-B;30/04/2014;3285,68
IMA-B;02/05/2014;3306,09
IMA-B;05/05/2014;3303,03
IMA-B;06/05/2014;3328,24
IMA-B;07/05/2014;3340,99
IMA-B;08/05/2014;3331,37
IMA-B;09/05/2014;3324,93
IMA-B;12/05/2014;3316,94
IMA-B;13/05/2014;3322,13
IMA-B;14/05/2014;3344,6
IMA-B;15/05/2014;3337,48
IMA-B;16/05/2014;3338,43
IMA-B;19/05/2014;3345,68
IMA-B;20/05/2014;3352,24
IMA-B;21/05/2014;3375,38
IMA-B;22/05/2014;3386,5
IMA-B;23/05/2014;3381,39
IMA-B;26/05/2014;3383,63
IMA-B;27/05/2014;3371,46
IMA-B;28/05/2014;3390,84
IMA-B;29/05/2014;3415,17
IMA-B;30/05/2014;3425,83
IMA-B;02/06/2014;3402,67
IMA-B;03/06/2014;3383,51
IMA-B;04/06/2014;3382,24
IMA-B;05/06/2014;3383,03
IMA-B;06/06/2014;3428,79
IMA-B;09/06/2014;3420,04
IMA-B;10/06/2014;3415,56
IMA-B;11/06/2014;3429,5
IMA-B;12/06/2014;3430,98
IMA-B;13/06/2014;3455,15
IMA-B;16/06/2014;3426,54
IMA-B;17/06/2014;3410,9
IMA-B;18/06/2014;3425,25
IMA-B;20/06/2014;3421,27
IMA-B;23/06/2014;3424,78
IMA-B;24/06/2014;3437,73
IMA-B;25/06/2014;3445,63
IMA-B;26/06/2014;3457,38
IMA-B;27/06/2014;3434,56
IMA-B;30/06/2014;3427,85
IMA-B;01/07/2014;3443,91
IMA-B;02/07/2014;3431,16
IMA-B;03/07/2014;3441,72
IMA-B;04/07/2014;3444,32
IMA-B;07/07/2014;3449,99
IMA-B;08/07/2014;3455,31
IMA-B;09/07/2014;3456,76
IMA-B;10/07/2014;3451,91
IMA-B;11/07/2014;3449,96
IMA-B;14/07/2014;3456,15
IMA-B;15/07/2014;3449,95
IMA-B;16/07/2014;3457,64
IMA-B;17/07/2014;3458,09
IMA-B;18/07/2014;3493,41
IMA-B;21/07/2014;3510,99
IMA-B;22/07/2014;3533,79
IMA-B;23/07/2014;3514,33
IMA-B;24/07/2014;3499,11
IMA-B;25/07/2014;3510,92
IMA-B;28/07/2014;3503,27
IMA-B;29/07/2014;3492,38
IMA-B;30/07/2014;3477,38
IMA-B;31/07/2014;3466,48
IMA-B;01/08/2014;3448,32
IMA-B;04/08/2014;3465,43
IMA-B;05/08/2014;3437,94
IMA-B;06/08/2014;3478,18
IMA-B;07/08/2014;3465,28
IMA-B;08/08/2014;3479,28
IMA-B;11/08/2014;3485,96
IMA-B;12/08/2014;3480,98
IMA-B;13/08/2014;3458,95
IMA-B;14/08/2014;3480
IMA-B;15/08/2014;3524,04
IMA-B;18/08/2014;3549,34
IMA-B;19/08/2014;3547,68
IMA-B;20/08/2014;3535,92
IMA-B;21/08/2014;3521,57
IMA-B;22/08/2014;3549,79
IMA-B;25/08/2014;3564,06
IMA-B;26/08/2014;3579
IMA-B;27/08/2014;3613,93
IMA-B;28/08/2014;3619,79
IMA-B;29/08/2014;3633,53
IMA-B;01/09/2014;3649
IMA-B;02/09/2014;3681,47
IMA-B;03/09/2014;3674,6
IMA-B;04/09/2014;3663,65
IMA-B;05/09/2014;3656,02
IMA-B;08/09/2014;3622,36
IMA-B;09/09/2014;3591,66
IMA-B;10/09/2014;3595,88
IMA-B;11/09/2014;3605,39
IMA-B;12/09/2014;3532,03
IMA-B;15/09/2014;3540,26
IMA-B;16/09/2014;3564,67
IMA-B;17/09/2014;3566,38
IMA-B;18/09/2014;3552,73
IMA-B;19/09/2014;3561,07
IMA-B;22/09/2014;3521,55
IMA-B;23/09/2014;3536,31
IMA-B;24/09/2014;3562,85
IMA-B;25/09/2014;3556,27
IMA-B;26/09/2014;3566,51
IMA-B;29/09/2014;3479,22
IMA-B;30/09/2014;3505,14
IMA-B;01/10/2014;3486,67
IMA-B;02/10/2014;3504,54
IMA-B;03/10/2014;3543,07
IMA-B;06/10/2014;3585,08
IMA-B;07/10/2014;3617,8
IMA-B;08/10/2014;3620,93
IMA-B;09/10/2014;3628,82
IMA-B;10/10/2014;3618,5
IMA-B;13/10/2014;3664,57
IMA-B;14/10/2014;3650,52
IMA-B;15/10/2014;3628,01
IMA-B;16/10/2014;3629,12
IMA-B;17/10/2014;3647,46
IMA-B;20/10/2014;3607,56
IMA-B;21/10/2014;3548,55
IMA-B;22/10/2014;3547,91
IMA-B;23/10/2014;3525,36
IMA-B;24/10/2014;3569,19
IMA-B;27/10/2014;3532,52
IMA-B;28/10/2014;3569,82
IMA-B;29/10/2014;3544,81
IMA-B;30/10/2014;3550,3
IMA-B;31/10/2014;3578,06
IMA-B;03/11/2014;3557
IMA-B;04/11/2014;3536,34
IMA-B;05/11/2014;3558,92
IMA-B;06/11/2014;3523,93
IMA-B;07/11/2014;3516,96
IMA-B;10/11/2014;3532,47
IMA-B;11/11/2014;3519,33
IMA-B;12/11/2014;3506,04
IMA-B;13/11/2014;3486,12
IMA-B;14/11/2014;3498,72
IMA-B;17/11/2014;3498,61
IMA-B;18/11/2014;3515,01
IMA-B;19/11/2014;3557,64
IMA-B;20/11/2014;3559,07
IMA-B;21/11/2014;3630,66
IMA-B;24/11/2014;3634,64
IMA-B;25/11/2014;3651,96
IMA-B;26/11/2014;3668,65
IMA-B;27/11/2014;3671,8
IMA-B;28/11/2014;3654,79
IMA-B;01/12/2014;3620,9
IMA-B;02/12/2014;3583,73
IMA-B;03/12/2014;3599,29
IMA-B;04/12/2014;3605,97
IMA-B;05/12/2014;3618,21
IMA-B;08/12/2014;3607,8
IMA-B;09/12/2014;3594,82
IMA-B;10/12/2014;3574,01
IMA-B;11/12/2014;3551,88
IMA-B;12/12/2014;3542,54
IMA-B;15/12/2014;3520,59
IMA-B;16/12/2014;3517,54
IMA-B;17/12/2014;3520,05
IMA-B;18/12/2014;3532,22
IMA-B;19/12/2014;3546,28
IMA-B;22/12/2014;3561,86
IMA-B;23/12/2014;3563,06
IMA-B;24/12/2014;3565,19
IMA-B;26/12/2014;3566,28
IMA-B;29/12/2014;3560,39
IMA-B;30/12/2014;3582,98
IMA-B;31/12/2014;3585,12
IMA-B;02/01/2015;3588,29
IMA-B;05/01/2015;3597,94
IMA-B;06/01/2015;3627,96
IMA-B;07/01/2015;3623,38
IMA-B;08/01/2015;3627,77
IMA-B;09/01/2015;3654,49
IMA-B;12/01/2015;3635,02
IMA-B;13/01/2015;3649,62
IMA-B;14/01/2015;3652,69
IMA-B;15/01/2015;3661,86
IMA-B;16/01/2015;3679,67
IMA-B;19/01/2015;3673,01
IMA-B;20/01/2015;3702,14
IMA-B;21/01/2015;3706,45
IMA-B;22/01/2015;3689,65
IMA-B;23/01/2015;3712,76
IMA-B;26/01/2015;3703,43
IMA-B;27/01/2015;3702
IMA-B;28/01/2015;3698,75
IMA-B;29/01/2015;3710,32
IMA-B;30/01/2015;3696,88
IMA-B;02/02/2015;3677,81
IMA-B;03/02/2015;3685,05
IMA-B;04/02/2015;3673,62
IMA-B;05/02/2015;3664,5
IMA-B;06/02/2015;3650,77
IMA-B;09/02/2015;3645,79
IMA-B;10/02/2015;3632,8
IMA-B;11/02/2015;3609,3
IMA-B;12/02/2015;3636,1
IMA-B;13/02/2015;3637,33
IMA-B;18/02/2015;3631,3
IMA-B;19/02/2015;3639,83
IMA-B;20/02/2015;3638,48
IMA-B;23/02/2015;3644,65
IMA-B;24/02/2015;3653,1
IMA-B;25/02/2015;3652,81
IMA-B;26/02/2015;3662,04
IMA-B;27/02/2015;3716,97
IMA-B;02/03/2015;3698,7
IMA-B;03/03/2015;3700,29
IMA-B;04/03/2015;3682,87
IMA-B;05/03/2015;3666,49
IMA-B;06/03/2015;3667,17
IMA-B;09/03/2015;3627,17
IMA-B;10/03/2015;3644,01
IMA-B;11/03/2015;3650,6
IMA-B;12/03/2015;3638,55
IMA-B;13/03/2015;3657,55
IMA-B;16/03/2015;3660,58
IMA-B;17/03/2015;3695,94
IMA-B;18/03/2015;3703,06
IMA-B;19/03/2015;3661,91
IMA-B;20/03/2015;3672,65
IMA-B;23/03/2015;3683,14
IMA-B;24/03/2015;3683,53
IMA-B;25/03/2015;3683,16
IMA-B;26/03/2015;3682,8
IMA-B;27/03/2015;3676,4
IMA-B;30/03/2015;3687,69
IMA-B;31/03/2015;3706,43
IMA-B;01/04/2015;3734,66
IMA-B;02/04/2015;3734,61
IMA-B;06/04/2015;3742,12
IMA-B;07/04/2015;3743,54
IMA-B;08/04/2015;3775,97
IMA-B;09/04/2015;3770,02
IMA-B;10/04/2015;3789,19
IMA-B;13/04/2015;3786,71
IMA-B;14/04/2015;3815,59
IMA-B;15/04/2015;3831,18
IMA-B;16/04/2015;3827,84
IMA-B;17/04/2015;3818,96
IMA-B;20/04/2015;3789,63
IMA-B;22/04/2015;3792,37
IMA-B;23/04/2015;3790,52
IMA-B;24/04/2015;3790,2
IMA-B;27/04/2015;3809,48
IMA-B;28/04/2015;3810,14
IMA-B;29/04/2015;3820,93
IMA-B;30/04/2015;3796,83
IMA-B;04/05/2015;3796,74
IMA-B;05/05/2015;3801,38
IMA-B;06/05/2015;3806,15
IMA-B;07/05/2015;3806,49
IMA-B;08/05/2015;3836
IMA-B;11/05/2015;3827,08
IMA-B;12/05/2015;3821,12
IMA-B;13/05/2015;3827,58
IMA-B;14/05/2015;3874,16
IMA-B;15/05/2015;3897,7
IMA-B;18/05/2015;3867,18
IMA-B;19/05/2015;3863,42
IMA-B;20/05/2015;3896,48
IMA-B;21/05/2015;3900,53
IMA-B;22/05/2015;3916,18
IMA-B;25/05/2015;3904,14
IMA-B;26/05/2015;3898,26
IMA-B;27/05/2015;3885,25
IMA-B;28/05/2015;3906,22
IMA-B;29/05/2015;3894,46
IMA-B;01/06/2015;3891,76
IMA-B;02/06/2015;3878,77
IMA-B;03/06/2015;3878,08
IMA-B;05/06/2015;3875,11
IMA-B;08/06/2015;3898,93
IMA-B;09/06/2015;3905,44
IMA-B;10/06/2015;3896,79
IMA-B;11/06/2015;3894,43
IMA-B;12/06/2015;3904,91
IMA-B;15/06/2015;3889,57
IMA-B;16/06/2015;3894,67
IMA-B;17/06/2015;3906,36
IMA-B;18/06/2015;3911,28
IMA-B;19/06/2015;3919,79
IMA-B;22/06/2015;3930,44
IMA-B;23/06/2015;3931,37
IMA-B;24/06/2015;3928,07
IMA-B;25/06/2015;3899,79
IMA-B;26/06/2015;3908,27
IMA-B;29/06/2015;3888,35
IMA-B;30/06/2015;3884,03
IMA-B;01/07/2015;3870,58
IMA-B;02/07/2015;3891,17
IMA-B;03/07/2015;3898,68
IMA-B;06/07/2015;3888,5
IMA-B;07/07/2015;3889,35
IMA-B;08/07/2015;3881,1
IMA-B;09/07/2015;3883,45
IMA-B;10/07/2015;3885,79
IMA-B;13/07/2015;3883,65
IMA-B;14/07/2015;3883,37
IMA-B;15/07/2015;3891,61
IMA-B;16/07/2015;3901,26
IMA-B;17/07/2015;3897,71
IMA-B;20/07/2015;3912,83
IMA-B;21/07/2015;3926,79
IMA-B;22/07/2015;3909,65
IMA-B;23/07/2015;3833,08
IMA-B;24/07/2015;3821,12
IMA-B;27/07/2015;3824,67
IMA-B;28/07/2015;3826,81
IMA-B;29/07/2015;3827,38
IMA-B;30/07/2015;3848,88
IMA-B;31/07/2015;3855,87
IMA-B;03/08/2015;3828,02
IMA-B;04/08/2015;3835,45
IMA-B;05/08/2015;3806,05
IMA-B;06/08/2015;3755,89
IMA-B;07/08/2015;3738,51
IMA-B;10/08/2015;3757,4
IMA-B;11/08/2015;3762,39
IMA-B;12/08/2015;3781,97
IMA-B;13/08/2015;3782,38
IMA-B;14/08/2015;3787,47
IMA-B;17/08/2015;3797,06
IMA-B;18/08/2015;3817,57
IMA-B;19/08/2015;3810,56
IMA-B;20/08/2015;3800,72
IMA-B;21/08/2015;3768,29
IMA-B;24/08/2015;3745,71
IMA-B;25/08/2015;3746,63
IMA-B;26/08/2015;3763,35
IMA-B;27/08/2015;3749,53
IMA-B;28/08/2015;3760,5
IMA-B;31/08/2015;3735,79
IMA-B;01/09/2015;3711,41
IMA-B;02/09/2015;3663,38
IMA-B;03/09/2015;3672,35
IMA-B;04/09/2015;3622,43
IMA-B;08/09/2015;3660,19
IMA-B;09/09/2015;3673,45
IMA-B;10/09/2015;3648,39
IMA-B;11/09/2015;3667,04
IMA-B;14/09/2015;3704,72
IMA-B;15/09/2015;3712,04
IMA-B;16/09/2015;3720,51
IMA-B;17/09/2015;3720,14
IMA-B;18/09/2015;3658,68
IMA-B;21/09/2015;3645,54
IMA-B;22/09/2015;3639,97
IMA-B;23/09/2015;3623,08
IMA-B;24/09/2015;3777,72
IMA-B;25/09/2015;3743,19
IMA-B;28/09/2015;3646,55
IMA-B;29/09/2015;3677,83
IMA-B;30/09/2015;3710,2
IMA-B;01/10/2015;3716,55
IMA-B;02/10/2015;3771,78
IMA-B;05/10/2015;3760,33
IMA-B;06/10/2015;3765,5
IMA-B;07/10/2015;3738,07
IMA-B;08/10/2015;3758,24
IMA-B;09/10/2015;3735,37
IMA-B;13/10/2015;3713,91
IMA-B;14/10/2015;3715,44
IMA-B;15/10/2015;3744,4
IMA-B;16/10/2015;3743,61
IMA-B;19/10/2015;3729,02
IMA-B;20/10/2015;3738,04
IMA-B;21/10/2015;3741,04
IMA-B;22/10/2015;3777,62
IMA-B;23/10/2015;3771,8
IMA-B;26/10/2015;3786,72
IMA-B;27/10/2015;3808,38
IMA-B;28/10/2015;3809,89
IMA-B;29/10/2015;3802,6
IMA-B;30/10/2015;3805,75
IMA-B;03/11/2015;3841,08
IMA-B;04/11/2015;3868,66
IMA-B;05/11/2015;3858,3
IMA-B;06/11/2015;3854,63
IMA-B;09/11/2015;3862,46
IMA-B;10/11/2015;3867,54
IMA-B;11/11/2015;3896,39
IMA-B;12/11/2015;3901,65
IMA-B;13/11/2015;3904,02
IMA-B;16/11/2015;3910,49
IMA-B;17/11/2015;3915,19
IMA-B;18/11/2015;3920,99
IMA-B;19/11/2015;3944,17
IMA-B;20/11/2015;3948,17
IMA-B;23/11/2015;3949,52
IMA-B;24/11/2015;3928,86
IMA-B;25/11/2015;3895,33
IMA-B;26/11/2015;3874,25
IMA-B;27/11/2015;3850
IMA-B;30/11/2015;3845,01
IMA-B;01/12/2015;3856,56
IMA-B;02/12/2015;3872,16
IMA-B;03/12/2015;3869,23
IMA-B;04/12/2015;3874,13
IMA-B;07/12/2015;3875,81
IMA-B;08/12/2015;3875,78
IMA-B;09/12/2015;3887,19
IMA-B;10/12/2015;3878,66
IMA-B;11/12/2015;3877,02
IMA-B;14/12/2015;3871,94
IMA-B;15/12/2015;3860,95
IMA-B;16/12/2015;3858,58
IMA-B;17/12/2015;3872,67
IMA-B;18/12/2015;3868,62
IMA-B;21/12/2015;3866,61
IMA-B;22/12/2015;3872,64
IMA-B;23/12/2015;3885,25
IMA-B;24/12/2015;3888,18
IMA-B;28/12/2015;3897,38
IMA-B;29/12/2015;3903,39
IMA-B;30/12/2015;3900,59
IMA-B;31/12/2015;3903,54
IMA-B;04/01/2016;3909,81
IMA-B;05/01/2016;3930,84
IMA-B;06/01/2016;3943,56
IMA-B;07/01/2016;3931,08
IMA-B;08/01/2016;3924,07
IMA-B;11/01/2016;3928,88
IMA-B;12/01/2016;3934,09
IMA-B;13/01/2016;3941,01
IMA-B;14/01/2016;3936,83
IMA-B;15/01/2016;3936,04
IMA-B;18/01/2016;3944,88
IMA-B;19/01/2016;3933,83
IMA-B;20/01/2016;3918,63
IMA-B;21/01/2016;3934,19
IMA-B;22/01/2016;3939,17
IMA-B;25/01/2016;3943,75
IMA-B;26/01/2016;3959
IMA-B;27/01/2016;3946,92
IMA-B;28/01/2016;3967,48
IMA-B;29/01/2016;3978,16
IMA-B;01/02/2016;4006,06
IMA-B;02/02/2016;3977,11
IMA-B;03/02/2016;3992,39
IMA-B;04/02/2016;3966,72
IMA-B;05/02/2016;3992,78
IMA-B;10/02/2016;4008,32
IMA-B;11/02/2016;4007,06
IMA-B;12/02/2016;4038,28
IMA-B;15/02/2016;4046,52
IMA-B;16/02/2016;4044,56
IMA-B;17/02/2016;4047,18
IMA-B;18/02/2016;4031,09
IMA-B;19/02/2016;4035,86
IMA-B;22/02/2016;4054,44
IMA-B;23/02/2016;4055,31
IMA-B;24/02/2016;4067,96
IMA-B;25/02/2016;4065,35
IMA-B;26/02/2016;4064,75
IMA-B;29/02/2016;4068,09
IMA-B;01/03/2016;4083,37
IMA-B;02/03/2016;4100,05
IMA-B;03/03/2016;4154,86
IMA-B;04/03/2016;4192,7
IMA-B;07/03/2016;4158,48
IMA-B;08/03/2016;4196,05
IMA-B;09/03/2016;4221,8
IMA-B;10/03/2016;4240,76
IMA-B;11/03/2016;4272,69
IMA-B;14/03/2016;4245,36
IMA-B;15/03/2016;4185,13
IMA-B;16/03/2016;4187,53
IMA-B;17/03/2016;4284,04
IMA-B;18/03/2016;4305,22
IMA-B;21/03/2016;4322,25
IMA-B;22/03/2016;4366,57
IMA-B;23/03/2016;4312,04
IMA-B;24/03/2016;4281,81
IMA-B;28/03/2016;4324,39
IMA-B;29/03/2016;4338,86
IMA-B;30/03/2016;4312,5
IMA-B;31/03/2016;4284,15
IMA-B;01/04/2016;4305,8
IMA-B;04/04/2016;4271,68
IMA-B;05/04/2016;4275,83
IMA-B;06/04/2016;4263,66
IMA-B;07/04/2016;4263,22
IMA-B;08/04/2016;4303,6
IMA-B;11/04/2016;4325,61
IMA-B;12/04/2016;4337,15
IMA-B;13/04/2016;4380,41
IMA-B;14/04/2016;4379,21
IMA-B;15/04/2016;4395,65
IMA-B;18/04/2016;4413,52
IMA-B;19/04/2016;4386,01
IMA-B;20/04/2016;4373,59
IMA-B;22/04/2016;4366,14
IMA-B;25/04/2016;4378,08
IMA-B;26/04/2016;4383,64
IMA-B;27/04/2016;4415,48
IMA-B;28/04/2016;4406,02
IMA-B;29/04/2016;4452,35
IMA-B;02/05/2016;4449,53
IMA-B;03/05/2016;4447,32
IMA-B;04/05/2016;4448,9
IMA-B;05/05/2016;4470,74
IMA-B;06/05/2016;4462,84
IMA-B;09/05/2016;4450,5
IMA-B;10/05/2016;4487,42
IMA-B;11/05/2016;4508,53
IMA-B;12/05/2016;4537,95
IMA-B;13/05/2016;4545,41
IMA-B;16/05/2016;4550,02
IMA-B;17/05/2016;4539,77
IMA-B;18/05/2016;4498,09
IMA-B;19/05/2016;4516,17
IMA-B;20/05/2016;4519,53
IMA-B;23/05/2016;4471,48
IMA-B;24/05/2016;4470,08
IMA-B;25/05/2016;4462,8
IMA-B;27/05/2016;4443,79
IMA-B;30/05/2016;4459,21
IMA-B;31/05/2016;4447,98
IMA-B;01/06/2016;4460,72
IMA-B;02/06/2016;4478,31
IMA-B;03/06/2016;4507,68
IMA-B;06/06/2016;4514,59
IMA-B;07/06/2016;4507,63
IMA-B;08/06/2016;4524,5
IMA-B;09/06/2016;4524,89
IMA-B;10/06/2016;4509,3
IMA-B;13/06/2016;4520,59
IMA-B;14/06/2016;4527,57
IMA-B;15/06/2016;4527,7
IMA-B;16/06/2016;4524,34
IMA-B;17/06/2016;4525,44
IMA-B;20/06/2016;4525,59
IMA-B;21/06/2016;4529,57
IMA-B;22/06/2016;4527,84
IMA-B;23/06/2016;4548,15
IMA-B;24/06/2016;4548,78
IMA-B;27/06/2016;4575,7
IMA-B;28/06/2016;4566,09
IMA-B;29/06/2016;4535,96
IMA-B;30/06/2016;4533,79
IMA-B;01/07/2016;4548,07
IMA-B;04/07/2016;4544,01
IMA-B;05/07/2016;4529,8
IMA-B;06/07/2016;4528,41
IMA-B;07/07/2016;4528,2
IMA-B;08/07/2016;4552,89
IMA-B;11/07/2016;4562,47
IMA-B;12/07/2016;4569,33
IMA-B;13/07/2016;4586,17
IMA-B;14/07/2016;4605,29
IMA-B;15/07/2016;4625,05
IMA-B;18/07/2016;4633,51
IMA-B;19/07/2016;4619,39
IMA-B;20/07/2016;4626,66
IMA-B;21/07/2016;4617,03
IMA-B;22/07/2016;4607,22
IMA-B;25/07/2016;4606,58
IMA-B;26/07/2016;4620,66
IMA-B;27/07/2016;4634,02
IMA-B;28/07/2016;4646,51
IMA-B;29/07/2016;4647,47
IMA-B;01/08/2016;4657,31
IMA-B;02/08/2016;4654,12
IMA-B;03/08/2016;4661,26
IMA-B;04/08/2016;4674,26
IMA-B;05/08/2016;4692,14
IMA-B;08/08/2016;4686,67
IMA-B;09/08/2016;4705,17
IMA-B;10/08/2016;4715,23
IMA-B;11/08/2016;4731,25
IMA-B;12/08/2016;4734,09
IMA-B;15/08/2016;4731,44
IMA-B;16/08/2016;4725,51
IMA-B;17/08/2016;4731,15
IMA-B;18/08/2016;4727,83
IMA-B;19/08/2016;4734,16
IMA-B;22/08/2016;4729,38
IMA-B;23/08/2016;4723,98
IMA-B;24/08/2016;4708,27
IMA-B;25/08/2016;4703,88
IMA-B;26/08/2016;4679,02
IMA-B;29/08/2016;4696,93
IMA-B;30/08/2016;4680,89
IMA-B;31/08/2016;4688,67
IMA-B;01/09/2016;4700,95
IMA-B;02/09/2016;4715,13
IMA-B;05/09/2016;4712,68
IMA-B;06/09/2016;4717,36
IMA-B;08/09/2016;4708,64
IMA-B;09/09/2016;4681,8
IMA-B;12/09/2016;4694
IMA-B;13/09/2016;4662,32
IMA-B;14/09/2016;4661,86
IMA-B;15/09/2016;4661,89
IMA-B;16/09/2016;4663,89
IMA-B;19/09/2016;4667,46
IMA-B;20/09/2016;4664,95
IMA-B;21/09/2016;4688,35
IMA-B;22/09/2016;4715,76
IMA-B;23/09/2016;4724,71
IMA-B;26/09/2016;4725,04
IMA-B;27/09/2016;4739,58
IMA-B;28/09/2016;4754,51
IMA-B;29/09/2016;4749,89
IMA-B;30/09/2016;4762,31
IMA-B;03/10/2016;4797,23
IMA-B;04/10/2016;4784,07
IMA-B;05/10/2016;4806,43
IMA-B;06/10/2016;4801,33
IMA-B;07/10/2016;4800,54
IMA-B;10/10/2016;4804,04
IMA-B;11/10/2016;4802,95
IMA-B;13/10/2016;4807,34
IMA-B;14/10/2016;4808,83
IMA-B;17/10/2016;4818,09
IMA-B;18/10/2016;4822,49
IMA-B;19/10/2016;4843,86
IMA-B;20/10/2016;4843,36
IMA-B;21/10/2016;4831,36
IMA-B;24/10/2016;4842,76
IMA-B;25/10/2016;4820,08
IMA-B;26/10/2016;4799,94
IMA-B;27/10/2016;4785,94
IMA-B;28/10/2016;4782,1
IMA-B;31/10/2016;4792,87
IMA-B;01/11/2016;4790,4
IMA-B;03/11/2016;4794,82
IMA-B;04/11/2016;4799,5
IMA-B;07/11/2016;4813,28
IMA-B;08/11/2016;4815,25
IMA-B;09/11/2016;4783,53
IMA-B;10/11/2016;4699,6
IMA-B;11/11/2016;4685,57
IMA-B;14/11/2016;4624,57
IMA-B;16/11/2016;4673,5
IMA-B;17/11/2016;4676,7
IMA-B;18/11/2016;4680,39
IMA-B;21/11/2016;4720,21
IMA-B;22/11/2016;4725,7
IMA-B;23/11/2016;4722,64
IMA-B;24/11/2016;4714,85
IMA-B;25/11/2016;4696,3
IMA-B;28/11/2016;4715,19
IMA-B;29/11/2016;4731,19
IMA-B;30/11/2016;4734,38
IMA-B;01/12/2016;4657,41
IMA-B;02/12/2016;4656,9
IMA-B;05/12/2016;4694,49
IMA-B;06/12/2016;4681,73
IMA-B;07/12/2016;4704,09
IMA-B;08/12/2016;4738,66
IMA-B;09/12/2016;4733,77
IMA-B;12/12/2016;4742,21
IMA-B;13/12/2016;4753,65
IMA-B;14/12/2016;4758,82
IMA-B;15/12/2016;4762,08
IMA-B;16/12/2016;4763,98
IMA-B;19/12/2016;4774,76
IMA-B;20/12/2016;4780,76
IMA-B;21/12/2016;4799,21
IMA-B;22/12/2016;4814,82
IMA-B;23/12/2016;4812,69
IMA-B;26/12/2016;4817
IMA-B;27/12/2016;4822,87
IMA-B;28/12/2016;4840,13
IMA-B;29/12/2016;4870,24
IMA-B;30/12/2016;4872,03
IMA-B;02/01/2017;4902,95
IMA-B;03/01/2017;4893,29
IMA-B;04/01/2017;4878,09
IMA-B;05/01/2017;4892,56
IMA-B;06/01/2017;4877,84
IMA-B;09/01/2017;4876,83
IMA-B;10/01/2017;4882,65
IMA-B;11/01/2017;4873,58
IMA-B;12/01/2017;4956,39
IMA-B;13/01/2017;4964,98
IMA-B;16/01/2017;4980,36
IMA-B;17/01/2017;4982,73
IMA-B;18/01/2017;4961,88
IMA-B;19/01/2017;4963,15
IMA-B;20/01/2017;4962,21
IMA-B;23/01/2017;4959,78
IMA-B;24/01/2017;4974,42
IMA-B;25/01/2017;4976,61
IMA-B;26/01/2017;4966,02
IMA-B;27/01/2017;4979,24
IMA-B;30/01/2017;4960,39
IMA-B;31/01/2017;4962,98
IMA-B;01/02/2017;4979,15
IMA-B;02/02/2017;4995,52
IMA-B;03/02/2017;5010,21
IMA-B;06/02/2017;5018,45
IMA-B;07/02/2017;5031,62
IMA-B;08/02/2017;5067,12
IMA-B;09/02/2017;5082,47
IMA-B;10/02/2017;5090,38
IMA-B;13/02/2017;5093,97
IMA-B;14/02/2017;5098,48
IMA-B;15/02/2017;5098,98
IMA-B;16/02/2017;5081,54
IMA-B;17/02/2017;5088,58
IMA-B;20/02/2017;5090,43
IMA-B;21/02/2017;5110,18
IMA-B;22/02/2017;5124,99
IMA-B;23/02/2017;5158,64
IMA-B;24/02/2017;5154,01
IMA-B;01/03/2017;5167,55
IMA-B;02/03/2017;5150,43
IMA-B;03/03/2017;5163,22
IMA-B;06/03/2017;5166,36
IMA-B;07/03/2017;5168,56
IMA-B;08/03/2017;5158,2
IMA-B;09/03/2017;5148,34
IMA-B;10/03/2017;5176,69
IMA-B;13/03/2017;5182,32
IMA-B;14/03/2017;5157,4
IMA-B;15/03/2017;5179,07
IMA-B;16/03/2017;5184,22
IMA-B;17/03/2017;5197,86
IMA-B;20/03/2017;5196,19
IMA-B;21/03/2017;5202,47
IMA-B;22/03/2017;5196,89
IMA-B;23/03/2017;5178,15
IMA-B;24/03/2017;5201,09
IMA-B;27/03/2017;5213,86
IMA-B;28/03/2017;5200,21
IMA-B;29/03/2017;5206,84
IMA-B;30/03/2017;5199,04
IMA-B;31/03/2017;5207,86
IMA-B;03/04/2017;5211,75
IMA-B;04/04/2017;5208,63
IMA-B;05/04/2017;5199,94
IMA-B;06/04/2017;5170,36
IMA-B;07/04/2017;5182,94
IMA-B;10/04/2017;5203,56
IMA-B;11/04/2017;5198,96
IMA-B;12/04/2017;5208,21
IMA-B;13/04/2017;5197,78
IMA-B;17/04/2017;5203,16
IMA-B;18/04/2017;5218,96
IMA-B;19/04/2017;5212,59
IMA-B;20/04/2017;5204,69
IMA-B;24/04/2017;5205,6
IMA-B;25/04/2017;5181,77
IMA-B;26/04/2017;5179,73
IMA-B;27/04/2017;5177,39
IMA-B;28/04/2017;5191,09
IMA-B;02/05/2017;5204,86
IMA-B;03/05/2017;5207,23
IMA-B;04/05/2017;5197,98
IMA-B;05/05/2017;5203,37
IMA-B;08/05/2017;5198,94
IMA-B;09/05/2017;5206,94
IMA-B;10/05/2017;5231,81
IMA-B;11/05/2017;5258,25
IMA-B;12/05/2017;5277,87
IMA-B;15/05/2017;5309,55
IMA-B;16/05/2017;5350,22
IMA-B;17/05/2017;5340,12
IMA-B;18/05/2017;4938,51
IMA-B;19/05/2017;5045,69
IMA-B;22/05/2017;5018,5
IMA-B;23/05/2017;5087,2
IMA-B;24/05/2017;5099,65
IMA-B;25/05/2017;5104,7
IMA-B;26/05/2017;5126,72
IMA-B;29/05/2017;5139,72
IMA-B;30/05/2017;5114,14
IMA-B;31/05/2017;5129,41
IMA-B;01/06/2017;5096,54
IMA-B;02/06/2017;5076,94
IMA-B;05/06/2017;5056,71
IMA-B;06/06/2017;5079,66
IMA-B;07/06/2017;5084,96
IMA-B;08/06/2017;5086,56
IMA-B;09/06/2017;5089,77
IMA-B;12/06/2017;5095,42
IMA-B;13/06/2017;5093,35
IMA-B;14/06/2017;5123,59
IMA-B;16/06/2017;5147
IMA-B;19/06/2017;5162,88
IMA-B;20/06/2017;5143,1
IMA-B;21/06/2017;5148,09
IMA-B;22/06/2017;5137,19
IMA-B;23/06/2017;5133,3
IMA-B;26/06/2017;5130,27
IMA-B;27/06/2017;5115,3
IMA-B;28/06/2017;5136,25
IMA-B;29/06/2017;5130,06
IMA-B;30/06/2017;5137,85
IMA-B;03/07/2017;5150,55
IMA-B;04/07/2017;5144,4
IMA-B;05/07/2017;5145,69
IMA-B;06/07/2017;5145,82
IMA-B;07/07/2017;5134,93
IMA-B;10/07/2017;5139,4
IMA-B;11/07/2017;5148,64
IMA-B;12/07/2017;5181,27
IMA-B;13/07/2017;5179,81
IMA-B;14/07/2017;5206,94
IMA-B;17/07/2017;5225,38
IMA-B;18/07/2017;5241,72
IMA-B;19/07/2017;5271,92
IMA-B;20/07/2017;5284,33
IMA-B;21/07/2017;5299
IMA-B;24/07/2017;5292,94
IMA-B;25/07/2017;5286,66
IMA-B;26/07/2017;5278,88
IMA-B;27/07/2017;5328,94
IMA-B;28/07/2017;5332,12
IMA-B;31/07/2017;5343,24
IMA-B;01/08/2017;5355,7
IMA-B;02/08/2017;5370,33
IMA-B;03/08/2017;5396,85
IMA-B;04/08/2017;5404,12
IMA-B;07/08/2017;5391,87
IMA-B;08/08/2017;5396,12
IMA-B;09/08/2017;5392,44
IMA-B;10/08/2017;5375,89
IMA-B;11/08/2017;5374,2
IMA-B;14/08/2017;5372,31
IMA-B;15/08/2017;5388,38
IMA-B;16/08/2017;5397,85
IMA-B;17/08/2017;5368,62
IMA-B;18/08/2017;5388,15
IMA-B;21/08/2017;5373,4
IMA-B;22/08/2017;5374,83
IMA-B;23/08/2017;5383,91
IMA-B;24/08/2017;5395,71
IMA-B;25/08/2017;5395,39
IMA-B;28/08/2017;5397,24
IMA-B;29/08/2017;5397,79
IMA-B;30/08/2017;5397,88
IMA-B;31/08/2017;5414,99
IMA-B;01/09/2017;5414,88
IMA-B;04/09/2017;5420,61
IMA-B;05/09/2017;5442,52
IMA-B;06/09/2017;5461,68
IMA-B;08/09/2017;5485,09
IMA-B;11/09/2017;5478,9
IMA-B;12/09/2017;5469,08
IMA-B;13/09/2017;5469,79
IMA-B;14/09/2017;5475,4
IMA-B;15/09/2017;5470,89
IMA-B;18/09/2017;5474,03
IMA-B;19/09/2017;5482,99
IMA-B;20/09/2017;5488,2
IMA-B;21/09/2017;5504,68
IMA-B;22/09/2017;5506,91
IMA-B;25/09/2017;5504
IMA-B;26/09/2017;5518,7
IMA-B;27/09/2017;5512,39
IMA-B;28/09/2017;5511,89
IMA-B;29/09/2017;5513,04
IMA-B;02/10/2017;5518,56
IMA-B;03/10/2017;5510,95
IMA-B;04/10/2017;5514,93
IMA-B;05/10/2017;5501,85
IMA-B;06/10/2017;5531,53
IMA-B;09/10/2017;5523,53
IMA-B;10/10/2017;5533,03
IMA-B;11/10/2017;5528,41
IMA-B;13/10/2017;5530,77
IMA-B;16/10/2017;5525,95
IMA-B;17/10/2017;5538,37
IMA-B;18/10/2017;5542,12
IMA-B;19/10/2017;5552,33
IMA-B;20/10/2017;5560,33
IMA-B;23/10/2017;5547,22
IMA-B;24/10/2017;5529,09
IMA-B;25/10/2017;5534,41
IMA-B;26/10/2017;5500,59
IMA-B;27/10/2017;5505,61
IMA-B;30/10/2017;5491,6
IMA-B;31/10/2017;5492
IMA-B;01/11/2017;5468,7
IMA-B;03/11/2017;5441,99
IMA-B;06/11/2017;5462,88
IMA-B;07/11/2017;5455,84
IMA-B;08/11/2017;5465,15
IMA-B;09/11/2017;5465,44
IMA-B;10/11/2017;5446,46
IMA-B;13/11/2017;5439,85
IMA-B;14/11/2017;5429,04
IMA-B;16/11/2017;5455,66
IMA-B;17/11/2017;5475,4
IMA-B;20/11/2017;5477,66
IMA-B;21/11/2017;5499,23
IMA-B;22/11/2017;5493,49
IMA-B;23/11/2017;5498,73
IMA-B;24/11/2017;5486,64
IMA-B;27/11/2017;5483,26
IMA-B;28/11/2017;5488,78
IMA-B;29/11/2017;5463,58
IMA-B;30/11/2017;5450,22
IMA-B;01/12/2017;5454,23
IMA-B;04/12/2017;5457,44
IMA-B;05/12/2017;5465,83
IMA-B;06/12/2017;5460,7
IMA-B;07/12/2017;5442,4
IMA-B;08/12/2017;5451,29
IMA-B;11/12/2017;5452,88
IMA-B;12/12/2017;5441,03
IMA-B;13/12/2017;5452,45
IMA-B;14/12/2017;5442,09
IMA-B;15/12/2017;5449,51
IMA-B;18/12/2017;5451,76
IMA-B;19/12/2017;5445,79
IMA-B;20/12/2017;5465,05
IMA-B;21/12/2017;5475,06
IMA-B;22/12/2017;5465,26
IMA-B;26/12/2017;5486,96
IMA-B;27/12/2017;5486,2
IMA-B;28/12/2017;5493,61
IMA-B;29/12/2017;5495,36
IMA-B;02/01/2018;5523,56
IMA-B;03/01/2018;5538,94
IMA-B;04/01/2018;5551,77
IMA-B;05/01/2018;5547,31
IMA-B;08/01/2018;5557,23
IMA-B;09/01/2018;5562,41
IMA-B;10/01/2018;5576,26
IMA-B;11/01/2018;5592,93
IMA-B;12/01/2018;5605,97
IMA-B;15/01/2018;5610,99
IMA-B;16/01/2018;5612,95
IMA-B;17/01/2018;5613,01
IMA-B;18/01/2018;5619,23
IMA-B;19/01/2018;5619
IMA-B;22/01/2018;5615,17
IMA-B;23/01/2018;5607,83
IMA-B;24/01/2018;5652,39
IMA-B;25/01/2018;5654,42
IMA-B;26/01/2018;5688,54
IMA-B;29/01/2018;5685,46
IMA-B;30/01/2018;5679,65
IMA-B;31/01/2018;5682,27
IMA-B;01/02/2018;5690,69
IMA-B;02/02/2018;5674,01
IMA-B;05/02/2018;5657,37
IMA-B;06/02/2018;5662,56
IMA-B;07/02/2018;5662,24
IMA-B;08/02/2018;5646,97
IMA-B;09/02/2018;5626,79
IMA-B;14/02/2018;5646,41
IMA-B;15/02/2018;5672,74
IMA-B;16/02/2018;5689,74
IMA-B;19/02/2018;5690,56
IMA-B;20/02/2018;5684,05
IMA-B;21/02/2018;5680,89
IMA-B;22/02/2018;5679,09
IMA-B;23/02/2018;5692,47
IMA-B;26/02/2018;5712,09
IMA-B;27/02/2018;5716,56
IMA-B;28/02/2018;5713,44
IMA-B;01/03/2018;5718,14
IMA-B;02/03/2018;5723,88
IMA-B;05/03/2018;5732,62
IMA-B;06/03/2018;5734,84
IMA-B;07/03/2018;5734,78
IMA-B;08/03/2018;5736,17
IMA-B;09/03/2018;5734,35
IMA-B;12/03/2018;5734,48
IMA-B;13/03/2018;5743,32
IMA-B;14/03/2018;5750,26
IMA-B;15/03/2018;5750,04
IMA-B;16/03/2018;5761,04
IMA-B;19/03/2018;5749,14
IMA-B;20/03/2018;5730,89
IMA-B;21/03/2018;5745,8
IMA-B;22/03/2018;5776,73
IMA-B;23/03/2018;5774,47
IMA-B;26/03/2018;5779,37
IMA-B;27/03/2018;5768,42
IMA-B;28/03/2018;5753,41
IMA-B;29/03/2018;5766,89
IMA-B;02/04/2018;5755,7
IMA-B;03/04/2018;5739,24
IMA-B;04/04/2018;5729,01
IMA-B;05/04/2018;5747,47
IMA-B;06/04/2018;5737,69
IMA-B;09/04/2018;5735,42
IMA-B;10/04/2018;5733,26
IMA-B;11/04/2018;5748,46
IMA-B;12/04/2018;5762,91
IMA-B;13/04/2018;5755,84
IMA-B;16/04/2018;5762,05
IMA-B;17/04/2018;5763,94
IMA-B;18/04/2018;5775,65
IMA-B;19/04/2018;5770,55
IMA-B;20/04/2018;5767,43
IMA-B;23/04/2018;5750,77
IMA-B;24/04/2018;5750,17
IMA-B;25/04/2018;5750,59
IMA-B;26/04/2018;5762,25
IMA-B;27/04/2018;5765,04
IMA-B;30/04/2018;5758,6
IMA-B;02/05/2018;5748,33
IMA-B;03/05/2018;5749,13
IMA-B;04/05/2018;5752,71
IMA-B;07/05/2018;5741,64
IMA-B;08/05/2018;5713,63
IMA-B;09/05/2018;5686,63
IMA-B;10/05/2018;5721,34
IMA-B;11/05/2018;5710,61
IMA-B;14/05/2018;5689,46
IMA-B;15/05/2018;5694,28
IMA-B;16/05/2018;5699,45
IMA-B;17/05/2018;5665,14
IMA-B;18/05/2018;5617,52
IMA-B;21/05/2018;5629,17
IMA-B;22/05/2018;5649,12
IMA-B;23/05/2018;5640,2
IMA-B;24/05/2018;5624,37
IMA-B;25/05/2018;5599,97
IMA-B;28/05/2018;5588,75
IMA-B;29/05/2018;5564,76
IMA-B;30/05/2018;5576,81
IMA-B;01/06/2018;5588,02
IMA-B;04/06/2018;5583,39
IMA-B;05/06/2018;5533,78
IMA-B;06/06/2018;5515,38
IMA-B;07/06/2018;5466,6
IMA-B;08/06/2018;5506,46
IMA-B;11/06/2018;5503,83
IMA-B;12/06/2018;5505,3
IMA-B;13/06/2018;5491,93
IMA-B;14/06/2018;5440,85
IMA-B;15/06/2018;5496,33
IMA-B;18/06/2018;5501,68
IMA-B;19/06/2018;5542,09
IMA-B;20/06/2018;5533,49
IMA-B;21/06/2018;5518,21
IMA-B;22/06/2018;5513,36
IMA-B;25/06/2018;5529,7
IMA-B;26/06/2018;5539,69
IMA-B;27/06/2018;5518,63
IMA-B;28/06/2018;5546,72
IMA-B;29/06/2018;5558,96
IMA-B;02/07/2018;5572,17
IMA-B;03/07/2018;5577,56
IMA-B;04/07/2018;5594,63
IMA-B;05/07/2018;5587,57
IMA-B;06/07/2018;5606,75
IMA-B;09/07/2018;5611,17
IMA-B;10/07/2018;5636,51
IMA-B;11/07/2018;5618,34
IMA-B;12/07/2018;5604,95
IMA-B;13/07/2018;5619,81
IMA-B;16/07/2018;5614,78
IMA-B;17/07/2018;5623,09
IMA-B;18/07/2018;5623,2
IMA-B;19/07/2018;5632,28
IMA-B;20/07/2018;5670,7
IMA-B;23/07/2018;5661,83
IMA-B;24/07/2018;5670,06
IMA-B;25/07/2018;5692,21
IMA-B;26/07/2018;5681,34
IMA-B;27/07/2018;5690,84
IMA-B;30/07/2018;5690,35
IMA-B;31/07/2018;5687,66
IMA-B;01/08/2018;5692,67
IMA-B;02/08/2018;5693,09
IMA-B;03/08/2018;5717,41
IMA-B;06/08/2018;5722,42
IMA-B;07/08/2018;5705,06
IMA-B;08/08/2018;5705,41
IMA-B;09/08/2018;5686,86
IMA-B;10/08/2018;5654,69
IMA-B;13/08/2018;5665,58
IMA-B;14/08/2018;5726,46
IMA-B;15/08/2018;5744,81
IMA-B;16/08/2018;5745,17
IMA-B;17/08/2018;5740,71
IMA-B;20/08/2018;5720,79
IMA-B;21/08/2018;5657,67
IMA-B;22/08/2018;5696,28
IMA-B;23/08/2018;5671,93
IMA-B;24/08/2018;5685,91
IMA-B;27/08/2018;5702,82
IMA-B;28/08/2018;5687,97
IMA-B;29/08/2018;5687,91
IMA-B;30/08/2018;5650,49
IMA-B;31/08/2018;5662,2
IMA-B;03/09/2018;5637,72
IMA-B;04/09/2018;5616,81
IMA-B;05/09/2018;5611,09
IMA-B;06/09/2018;5628,19
IMA-B;10/09/2018;5629,36
IMA-B;11/09/2018;5617,83
IMA-B;12/09/2018;5637,98
IMA-B;13/09/2018;5620,03
IMA-B;14/09/2018;5629,6
IMA-B;17/09/2018;5650,89
IMA-B;18/09/2018;5651,89
IMA-B;19/09/2018;5645,57
IMA-B;20/09/2018;5647,24
IMA-B;21/09/2018;5664,81
IMA-B;24/09/2018;5651,87
IMA-B;25/09/2018;5648,26
IMA-B;26/09/2018;5653,63
IMA-B;27/09/2018;5664,62
IMA-B;28/09/2018;5653,74
IMA-B;01/10/2018;5658,76
IMA-B;02/10/2018;5689,13
IMA-B;03/10/2018;5728,5
IMA-B;04/10/2018;5761,18
IMA-B;05/10/2018;5753,89
IMA-B;08/10/2018;5864,77
IMA-B;09/10/2018;5916,9
IMA-B;10/10/2018;5905,33
IMA-B;11/10/2018;5907,14
IMA-B;15/10/2018;5945,48
IMA-B;16/10/2018;5983,61
IMA-B;17/10/2018;6016,57
IMA-B;18/10/2018;5993,83
IMA-B;19/10/2018;5991,68
IMA-B;22/10/2018;6029,89
IMA-B;23/10/2018;6032,36
IMA-B;24/10/2018;6015,67
IMA-B;25/10/2018;6015,6
IMA-B;26/10/2018;6060,87
IMA-B;29/10/2018;6050,31
IMA-B;30/10/2018;6054,17
IMA-B;31/10/2018;6057,38
IMA-B;01/11/2018;6067,03
IMA-B;05/11/2018;6068,72
IMA-B;06/11/2018;6070,72
IMA-B;07/11/2018;6059,89
IMA-B;08/11/2018;6048,31
IMA-B;09/11/2018;6046,24
IMA-B;12/11/2018;6040,91
IMA-B;13/11/2018;6029,65
IMA-B;14/11/2018;6057,32
IMA-B;16/11/2018;6094,63
IMA-B;19/11/2018;6089,45
IMA-B;20/11/2018;6090,38
IMA-B;21/11/2018;6112,82
IMA-B;22/11/2018;6126,9
IMA-B;23/11/2018;6133,66
IMA-B;26/11/2018;6089,44
IMA-B;27/11/2018;6086,77
IMA-B;28/11/2018;6102,44
IMA-B;29/11/2018;6106,14
IMA-B;30/11/2018;6112,17
IMA-B;03/12/2018;6112,4
IMA-B;04/12/2018;6095,3
IMA-B;05/12/2018;6101,74
IMA-B;06/12/2018;6108,74
IMA-B;07/12/2018;6109,79
IMA-B;10/12/2018;6098,93
IMA-B;11/12/2018;6102,55
IMA-B;12/12/2018;6121,22
IMA-B;13/12/2018;6138,43
IMA-B;14/12/2018;6149,52
IMA-B;17/12/2018;6148,9
IMA-B;18/12/2018;6146,82
IMA-B;19/12/2018;6167,92
IMA-B;20/12/2018;6185,2
IMA-B;21/12/2018;6184,04
IMA-B;24/12/2018;6185,41
IMA-B;26/12/2018;6185,04
IMA-B;27/12/2018;6196,37
IMA-B;28/12/2018;6211,62
IMA-B;31/12/2018;6212,98
IMA-B;02/01/2019;6240,02
IMA-B;03/01/2019;6269,79
IMA-B;04/01/2019;6302,77
IMA-B;07/01/2019;6301,33
IMA-B;08/01/2019;6309,59
IMA-B;09/01/2019;6352,21
IMA-B;10/01/2019;6357,36
IMA-B;11/01/2019;6363,24
IMA-B;14/01/2019;6389,07
IMA-B;15/01/2019;6385,12
IMA-B;16/01/2019;6390,06
IMA-B;17/01/2019;6395,62
IMA-B;18/01/2019;6399,4
IMA-B;21/01/2019;6401,46
IMA-B;22/01/2019;6408,4
IMA-B;23/01/2019;6420,02
IMA-B;24/01/2019;6411,68
IMA-B;25/01/2019;6413,76
IMA-B;28/01/2019;6412,99
IMA-B;29/01/2019;6436,21
IMA-B;30/01/2019;6445,1
IMA-B;31/01/2019;6484,25
IMA-B;01/02/2019;6516,04
IMA-B;04/02/2019;6507,95
IMA-B;05/02/2019;6494,12
IMA-B;06/02/2019;6471,87
IMA-B;07/02/2019;6450,23
IMA-B;08/02/2019;6413,7
IMA-B;11/02/2019;6414,46
IMA-B;12/02/2019;6442,67
IMA-B;13/02/2019;6465,99
IMA-B;14/02/2019;6488,52
IMA-B;15/02/2019;6529,94
IMA-B;18/02/2019;6516,19
IMA-B;19/02/2019;6523,7
IMA-B;20/02/2019;6500,66
IMA-B;21/02/2019;6501,24
IMA-B;22/02/2019;6502,41
IMA-B;25/02/2019;6499,39
IMA-B;26/02/2019;6500,89
IMA-B;27/02/2019;6518,15
IMA-B;28/02/2019;6519,69
IMA-B;01/03/2019;6518,24
IMA-B;06/03/2019;6515,14
IMA-B;07/03/2019;6516,08
IMA-B;08/03/2019;6531,98
IMA-B;11/03/2019;6568,07
IMA-B;12/03/2019;6576,46
IMA-B;13/03/2019;6598,63
IMA-B;14/03/2019;6594,9
IMA-B;15/03/2019;6603,4
IMA-B;18/03/2019;6617,35
IMA-B;19/03/2019;6623,66
IMA-B;20/03/2019;6637,61
IMA-B;21/03/2019;6619,4
IMA-B;22/03/2019;6558,22
IMA-B;25/03/2019;6562,58
IMA-B;26/03/2019;6538,96
IMA-B;27/03/2019;6456,8
IMA-B;28/03/2019;6546,14
IMA-B;29/03/2019;6557,49
IMA-B;01/04/2019;6582,53
IMA-B;02/04/2019;6585,14
IMA-B;03/04/2019;6565,17
IMA-B;04/04/2019;6571,01
IMA-B;05/04/2019;6583,69
IMA-B;08/04/2019;6576,36
IMA-B;09/04/2019;6555,77
IMA-B;10/04/2019;6571,72
IMA-B;11/04/2019;6564,49
IMA-B;12/04/2019;6556,24
IMA-B;15/04/2019;6561,52
IMA-B;16/04/2019;6559,51
IMA-B;17/04/2019;6556,78
IMA-B;18/04/2019;6574,7
IMA-B;22/04/2019;6583,46
IMA-B;23/04/2019;6616,61
IMA-B;24/04/2019;6611,93
IMA-B;25/04/2019;6628,7
IMA-B;26/04/2019;6640,92
IMA-B;29/04/2019;6636,5
IMA-B;30/04/2019;6656,2
IMA-B;02/05/2019;6654,31
IMA-B;03/05/2019;6679,17
IMA-B;06/05/2019;6679,05
IMA-B;07/05/2019;6674,91
IMA-B;08/05/2019;6696,58
IMA-B;09/05/2019;6714,98
IMA-B;10/05/2019;6734,7
IMA-B;13/05/2019;6724
IMA-B;14/05/2019;6749,77
IMA-B;15/05/2019;6746,83
IMA-B;16/05/2019;6721,37
IMA-B;17/05/2019;6688,47
IMA-B;20/05/2019;6713,37
IMA-B;21/05/2019;6742,73
IMA-B;22/05/2019;6752,67
IMA-B;23/05/2019;6756,52
IMA-B;24/05/2019;6760,46
IMA-B;27/05/2019;6773,93
IMA-B;28/05/2019;6818,51
IMA-B;29/05/2019;6855,87
IMA-B;30/05/2019;6882,2
IMA-B;31/05/2019;6900,09
IMA-B;03/06/2019;6926,19
IMA-B;04/06/2019;6938,52
IMA-B;05/06/2019;6908,32
IMA-B;06/06/2019;6933,71
IMA-B;07/06/2019;6959,3
IMA-B;10/06/2019;6967,97
IMA-B;11/06/2019;6986,8
IMA-B;12/06/2019;6968,44
IMA-B;13/06/2019;6982,3
IMA-B;14/06/2019;6988,26
IMA-B;17/06/2019;6999,88
IMA-B;18/06/2019;7019,71
IMA-B;19/06/2019;7031,29
IMA-B;21/06/2019;7104,73
IMA-B;24/06/2019;7118,65
IMA-B;25/06/2019;7100,09
IMA-B;26/06/2019;7113,92
IMA-B;27/06/2019;7126,78
IMA-B;28/06/2019;7157,77
IMA-B;01/07/2019;7172,41
IMA-B;02/07/2019;7154,49
IMA-B;03/07/2019;7170,44
IMA-B;04/07/2019;7183,03
IMA-B;05/07/2019;7176,05
IMA-B;08/07/2019;7198,36
IMA-B;09/07/2019;7199,13
IMA-B;10/07/2019;7229,59
IMA-B;11/07/2019;7233,06
IMA-B;12/07/2019;7224,15
IMA-B;15/07/2019;7227,25
IMA-B;16/07/2019;7214,77
IMA-B;17/07/2019;7215,91
IMA-B;18/07/2019;7219,89
IMA-B;19/07/2019;7221,97
IMA-B;22/07/2019;7230,23
IMA-B;23/07/2019;7253,67
IMA-B;24/07/2019;7265,57
IMA-B;25/07/2019;7253,04
IMA-B;26/07/2019;7264,42
IMA-B;29/07/2019;7265,63
IMA-B;30/07/2019;7265,44
IMA-B;31/07/2019;7249,9
IMA-B;01/08/2019;7253,47
IMA-B;02/08/2019;7254,68
IMA-B;05/08/2019;7223,38
IMA-B;06/08/2019;7265,84
IMA-B;07/08/2019;7293,81
IMA-B;08/08/2019;7318,53
IMA-B;09/08/2019;7319,8
IMA-B;12/08/2019;7300,98
IMA-B;13/08/2019;7300,84
IMA-B;14/08/2019;7284,06
IMA-B;15/08/2019;7289,03
IMA-B;16/08/2019;7309,01
IMA-B;19/08/2019;7297,93
IMA-B;20/08/2019;7290,71
IMA-B;21/08/2019;7308
IMA-B;22/08/2019;7302,06
IMA-B;23/08/2019;7288,95
IMA-B;26/08/2019;7257,6
IMA-B;27/08/2019;7230,08
IMA-B;28/08/2019;7184,9
IMA-B;29/08/2019;7176,34
IMA-B;30/08/2019;7220,77
IMA-B;02/09/2019;7200,69
IMA-B;03/09/2019;7222,04
IMA-B;04/09/2019;7256,5
IMA-B;05/09/2019;7253,6
IMA-B;06/09/2019;7256,67
IMA-B;09/09/2019;7254,72
IMA-B;10/09/2019;7244,09
IMA-B;11/09/2019;7263,08
IMA-B;12/09/2019;7278,66
IMA-B;13/09/2019;7260,18
IMA-B;16/09/2019;7285,5
IMA-B;17/09/2019;7322,21
IMA-B;18/09/2019;7334,23
IMA-B;19/09/2019;7372,09
IMA-B;20/09/2019;7409,24
IMA-B;23/09/2019;7400
IMA-B;24/09/2019;7384,55
IMA-B;25/09/2019;7411,24
IMA-B;26/09/2019;7424,44
IMA-B;27/09/2019;7427
IMA-B;30/09/2019;7427,37
IMA-B;01/10/2019;7431,48
IMA-B;02/10/2019;7424,93
IMA-B;03/10/2019;7440,68
IMA-B;04/10/2019;7440,71
IMA-B;07/10/2019;7423,7
IMA-B;08/10/2019;7417,95
IMA-B;09/10/2019;7441,59
IMA-B;10/10/2019;7462,27
IMA-B;11/10/2019;7516,8
IMA-B;14/10/2019;7540,29
IMA-B;15/10/2019;7521,02
IMA-B;16/10/2019;7556,97
IMA-B;17/10/2019;7591,7
IMA-B;18/10/2019;7595,93
IMA-B;21/10/2019;7596,04
IMA-B;22/10/2019;7575,27
IMA-B;23/10/2019;7601,67
IMA-B;24/10/2019;7597,31
IMA-B;25/10/2019;7628
IMA-B;28/10/2019;7643,39
IMA-B;29/10/2019;7654,05
IMA-B;30/10/2019;7669,97
IMA-B;31/10/2019;7677,13
IMA-B;01/11/2019;7700
IMA-B;04/11/2019;7698,1
IMA-B;05/11/2019;7693,02
IMA-B;06/11/2019;7661,15
IMA-B;07/11/2019;7636,84
IMA-B;08/11/2019;7604,46
IMA-B;11/11/2019;7605,82
IMA-B;12/11/2019;7571,29
IMA-B;13/11/2019;7563,4
IMA-B;14/11/2019;7576,82
IMA-B;18/11/2019;7572
IMA-B;19/11/2019;7569,11
IMA-B;20/11/2019;7571,34
IMA-B;21/11/2019;7533,8
IMA-B;22/11/2019;7557,65
IMA-B;25/11/2019;7541,52
IMA-B;26/11/2019;7504,32
IMA-B;27/11/2019;7478,87
IMA-B;28/11/2019;7491,83
IMA-B;29/11/2019;7488,69
IMA-B;02/12/2019;7472,62
IMA-B;03/12/2019;7496,05
IMA-B;04/12/2019;7523,84
IMA-B;05/12/2019;7529,98
IMA-B;06/12/2019;7567,64
IMA-B;09/12/2019;7582,03
IMA-B;10/12/2019;7599,22
IMA-B;11/12/2019;7621,1
IMA-B;12/12/2019;7649,1
IMA-B;13/12/2019;7646,99
IMA-B;16/12/2019;7623,5
IMA-B;17/12/2019;7575,03
IMA-B;18/12/2019;7562,16
IMA-B;19/12/2019;7495,09
IMA-B;20/12/2019;7519,59
IMA-B;23/12/2019;7543,63
IMA-B;24/12/2019;7548,33
IMA-B;26/12/2019;7579,3
IMA-B;27/12/2019;7590,99
IMA-B;30/12/2019;7634,15
IMA-B;31/12/2019;7638,88
IMA-B;02/01/2020;7631,31
IMA-B;03/01/2020;7615,49
IMA-B;06/01/2020;7580,71
IMA-B;07/01/2020;7585,21
IMA-B;08/01/2020;7606,03
IMA-B;09/01/2020;7618,9
IMA-B;10/01/2020;7627,38
IMA-B;13/01/2020;7611,05
IMA-B;14/01/2020;7640,28
IMA-B;15/01/2020;7644,49
IMA-B;16/01/2020;7625,64
IMA-B;17/01/2020;7644,17
IMA-B;20/01/2020;7627,44
IMA-B;21/01/2020;7624,85
IMA-B;22/01/2020;7653,2
IMA-B;23/01/2020;7651,62
IMA-B;24/01/2020;7658,32
IMA-B;27/01/2020;7649,34
IMA-B;28/01/2020;7662,81
IMA-B;29/01/2020;7679,53
IMA-B;30/01/2020;7669,66
IMA-B;31/01/2020;7658,85
IMA-B;03/02/2020;7675,79
IMA-B;04/02/2020;7685,55
IMA-B;05/02/2020;7712,79
IMA-B;06/02/2020;7703,87
IMA-B;07/02/2020;7695,54
IMA-B;10/02/2020;7721,12
IMA-B;11/02/2020;7745,11
IMA-B;12/02/2020;7769,86
IMA-B;13/02/2020;7760,18
IMA-B;14/02/2020;7806,5
IMA-B;17/02/2020;7788,13
IMA-B;18/02/2020;7784,88
IMA-B;19/02/2020;7803,81
IMA-B;20/02/2020;7785,2
IMA-B;21/02/2020;7755,86
IMA-B;26/02/2020;7699,19
IMA-B;27/02/2020;7691,32
IMA-B;28/02/2020;7693,27
IMA-B;02/03/2020;7753,18
IMA-B;03/03/2020;7767,59
IMA-B;04/03/2020;7780,58
IMA-B;05/03/2020;7724,68
IMA-B;06/03/2020;7714,03
IMA-B;09/03/2020;7546,1
IMA-B;10/03/2020;7559,16
IMA-B;11/03/2020;7236,98
IMA-B;12/03/2020;6905,35
IMA-B;13/03/2020;7278,26
IMA-B;16/03/2020;7222,17
IMA-B;17/03/2020;7267,88
IMA-B;18/03/2020;6985,64
IMA-B;19/03/2020;7000,83
IMA-B;20/03/2020;6964,91
IMA-B;23/03/2020;6816,43
IMA-B;24/03/2020;6922,35
IMA-B;25/03/2020;7062,18
IMA-B;26/03/2020;7148,06
IMA-B;27/03/2020;7145,85
IMA-B;30/03/2020;7166,87
IMA-B;31/03/2020;7156,88
IMA-B;01/04/2020;7114,1
IMA-B;02/04/2020;7096,85
IMA-B;03/04/2020;7033,46
IMA-B;06/04/2020;7061,16
IMA-B;07/04/2020;7083,57
IMA-B;08/04/2020;7111,1
IMA-B;09/04/2020;7155,88
IMA-B;13/04/2020;7165,33
IMA-B;14/04/2020;7213,23
IMA-B;15/04/2020;7268,05
IMA-B;16/04/2020;7329,06
IMA-B;17/04/2020;7377,31
IMA-B;20/04/2020;7412,56
IMA-B;22/04/2020;7428,62
IMA-B;23/04/2020;7339,65
IMA-B;24/04/2020;7054,01
IMA-B;27/04/2020;7061,38
IMA-B;28/04/2020;7232,83
IMA-B;29/04/2020;7270,43
IMA-B;30/04/2020;7250,94
IMA-B;04/05/2020;7244,11
IMA-B;05/05/2020;7253,36
IMA-B;06/05/2020;7249,81
IMA-B;07/05/2020;7195,93
IMA-B;08/05/2020;7226,98
IMA-B;11/05/2020;7215,93
IMA-B;12/05/2020;7155,89
IMA-B;13/05/2020;7123,46
IMA-B;14/05/2020;7164,58
IMA-B;15/05/2020;7187,84
IMA-B;18/05/2020;7233,98
IMA-B;19/05/2020;7251,46
IMA-B;20/05/2020;7277,89
IMA-B;21/05/2020;7305,01
IMA-B;22/05/2020;7292,18
IMA-B;25/05/2020;7383,13
IMA-B;26/05/2020;7360,55
IMA-B;27/05/2020;7364,81
IMA-B;28/05/2020;7355,54
IMA-B;29/05/2020;7361,04
IMA-B;01/06/2020;7356,14
IMA-B;02/06/2020;7409,32
IMA-B;03/06/2020;7455,82
IMA-B;04/06/2020;7455,43
IMA-B;05/06/2020;7471,64
IMA-B;08/06/2020;7488,33
IMA-B;09/06/2020;7476,97
IMA-B;10/06/2020;7493,55
IMA-B;12/06/2020;7485,64
IMA-B;15/06/2020;7473,12
IMA-B;16/06/2020;7448,39
IMA-B;17/06/2020;7486
IMA-B;18/06/2020;7452,21
IMA-B;19/06/2020;7452,7
IMA-B;22/06/2020;7410,79
IMA-B;23/06/2020;7442,52
IMA-B;24/06/2020;7416,34
IMA-B;25/06/2020;7472,45
IMA-B;26/06/2020;7451,67
IMA-B;29/06/2020;7492,03
IMA-B;30/06/2020;7511,8
IMA-B;01/07/2020;7570,81
IMA-B;02/07/2020;7574,35
IMA-B;03/07/2020;7613,39
IMA-B;06/07/2020;7631,51
IMA-B;07/07/2020;7610,65
IMA-B;08/07/2020;7616,8
IMA-B;09/07/2020;7648,69
IMA-B;10/07/2020;7685,87
IMA-B;13/07/2020;7675,07
IMA-B;14/07/2020;7665,5
IMA-B;15/07/2020;7665,6
IMA-B;16/07/2020;7676,73
IMA-B;17/07/2020;7725,75
IMA-B;20/07/2020;7720,74
IMA-B;21/07/2020;7727,38
IMA-B;22/07/2020;7741,47
IMA-B;23/07/2020;7731,47
IMA-B;24/07/2020;7751,69
IMA-B;27/07/2020;7783,25
IMA-B;28/07/2020;7773,15
IMA-B;29/07/2020;7777,22
IMA-B;30/07/2020;7836,63
IMA-B;31/07/2020;7841,28
IMA-B;03/08/2020;7856,11
IMA-B;04/08/2020;7831,7
IMA-B;05/08/2020;7803,47
IMA-B;06/08/2020;7834,25
IMA-B;07/08/2020;7790,66
IMA-B;10/08/2020;7757,37
IMA-B;11/08/2020;7743,94
IMA-B;12/08/2020;7713,55
IMA-B;13/08/2020;7684,18
IMA-B;14/08/2020;7688,15
IMA-B;17/08/2020;7687,98
IMA-B;18/08/2020;7765,26
IMA-B;19/08/2020;7731,78
IMA-B;20/08/2020;7751,53
IMA-B;21/08/2020;7754,23
IMA-B;24/08/2020;7760,1
IMA-B;25/08/2020;7754,56
IMA-B;26/08/2020;7703,97
IMA-B;27/08/2020;7705,92
IMA-B;28/08/2020;7732,35
IMA-B;31/08/2020;7700,33
IMA-B;01/09/2020;7719,17
IMA-B;02/09/2020;7720,88
IMA-B;03/09/2020;7741,41
IMA-B;04/09/2020;7750,76
IMA-B;08/09/2020;7728,21
IMA-B;09/09/2020;7748,38
IMA-B;10/09/2020;7714,75
IMA-B;11/09/2020;7710,61
IMA-B;14/09/2020;7725,45
IMA-B;15/09/2020;7704,61
IMA-B;16/09/2020;7683,42
IMA-B;17/09/2020;7680,38
IMA-B;18/09/2020;7581,65
IMA-B;21/09/2020;7565,66
IMA-B;22/09/2020;7618,96
IMA-B;23/09/2020;7578,26
IMA-B;24/09/2020;7647,08
IMA-B;25/09/2020;7634,43
IMA-B;28/09/2020;7532,2
IMA-B;29/09/2020;7542,48
IMA-B;30/09/2020;7583,92
IMA-B;01/10/2020;7591,58
IMA-B;02/10/2020;7531,95
IMA-B;05/10/2020;7570,91
IMA-B;06/10/2020;7559,25
IMA-B;07/10/2020;7560,81
IMA-B;08/10/2020;7591,03
IMA-B;09/10/2020;7619,09
IMA-B;13/10/2020;7621,06
IMA-B;14/10/2020;7629,08
IMA-B;15/10/2020;7602,99
IMA-B;16/10/2020;7608,75
IMA-B;19/10/2020;7636,91
IMA-B;20/10/2020;7658,05
IMA-B;21/10/2020;7661
IMA-B;22/10/2020;7639,95
IMA-B;23/10/2020;7622,03
IMA-B;26/10/2020;7620,99
IMA-B;27/10/2020;7606,39
IMA-B;28/10/2020;7605,87
IMA-B;29/10/2020;7612,06
IMA-B;30/10/2020;7599,99
IMA-B;03/11/2020;7598,49
IMA-B;04/11/2020;7622,08
IMA-B;05/11/2020;7660,04
IMA-B;06/11/2020;7705,9
IMA-B;09/11/2020;7736,07
IMA-B;10/11/2020;7709,35
IMA-B;11/11/2020;7680,28
IMA-B;12/11/2020;7658,39
IMA-B;13/11/2020;7682,26
IMA-B;16/11/2020;7684,35
IMA-B;17/11/2020;7693,18
IMA-B;18/11/2020;7674,75
IMA-B;19/11/2020;7676,82
IMA-B;20/11/2020;7650,43
IMA-B;23/11/2020;7641,82
IMA-B;24/11/2020;7661,09
IMA-B;25/11/2020;7682,63
IMA-B;26/11/2020;7707,37
IMA-B;27/11/2020;7746,19
IMA-B;30/11/2020;7751,97
IMA-B;01/12/2020;7810,07
IMA-B;02/12/2020;7833,81
IMA-B;03/12/2020;7903,2
IMA-B;04/12/2020;7907
IMA-B;07/12/2020;7899,01
IMA-B;08/12/2020;7918,62
IMA-B;09/12/2020;7922,02
IMA-B;10/12/2020;7963,12
IMA-B;11/12/2020;7998,55
IMA-B;14/12/2020;7997,04
IMA-B;15/12/2020;8020,5
IMA-B;16/12/2020;8016,64
IMA-B;17/12/2020;8025,16
IMA-B;18/12/2020;8035,97
IMA-B;21/12/2020;8036,21
IMA-B;22/12/2020;8032,12
IMA-B;23/12/2020;8059,85
IMA-B;24/12/2020;8065,12
IMA-B;28/12/2020;8065,55
IMA-B;29/12/2020;8109,16
IMA-B;30/12/2020;8122,89
IMA-B;31/12/2020;8128,2
IMA-B;04/01/2021;8131,68
IMA-B;05/01/2021;8118,08
IMA-B;06/01/2021;8094,25
IMA-B;07/01/2021;8053,19
IMA-B;08/01/2021;8054,06
IMA-B;11/01/2021;8000,07
IMA-B;12/01/2021;8051,55
IMA-B;13/01/2021;8029,66
IMA-B;14/01/2021;8064,25
IMA-B;15/01/2021;8045,84
IMA-B;18/01/2021;8040,98
IMA-B;19/01/2021;8019,02
IMA-B;20/01/2021;8011,39
IMA-B;21/01/2021;7987,04
IMA-B;22/01/2021;7958,96
IMA-B;25/01/2021;7960,74
IMA-B;26/01/2021;7979,48
IMA-B;27/01/2021;7998,04
IMA-B;28/01/2021;8027,93
IMA-B;29/01/2021;8058,99
IMA-B;01/02/2021;8051,46
IMA-B;02/02/2021;8111,8
IMA-B;03/02/2021;8129,43
IMA-B;04/02/2021;8109,83
IMA-B;05/02/2021;8116,31
IMA-B;08/02/2021;8113,56
IMA-B;09/02/2021;8088,29
IMA-B;10/02/2021;8106,16
IMA-B;11/02/2021;8106,44
IMA-B;12/02/2021;8101,87
IMA-B;17/02/2021;8080,59
IMA-B;18/02/2021;8087,57
IMA-B;19/02/2021;8072,3
IMA-B;22/02/2021;8012,67
IMA-B;23/02/2021;8003,17
IMA-B;24/02/2021;7979,1
IMA-B;25/02/2021;7953,14
IMA-B;26/02/2021;7936,76
IMA-B;01/03/2021;7904,81
IMA-B;02/03/2021;7885,66
IMA-B;03/03/2021;7899,04
IMA-B;04/03/2021;7972,78
IMA-B;05/03/2021;8045,03
IMA-B;08/03/2021;7996,95
IMA-B;09/03/2021;7971,24
IMA-B;10/03/2021;7984,05
IMA-B;11/03/2021;8003,27
IMA-B;12/03/2021;7981,12
IMA-B;15/03/2021;7986,04
IMA-B;16/03/2021;7994,73
IMA-B;17/03/2021;8001,19
IMA-B;18/03/2021;7978,46
IMA-B;19/03/2021;7915,47
IMA-B;22/03/2021;7886,38
IMA-B;23/03/2021;7857,89
IMA-B;24/03/2021;7837,99
IMA-B;25/03/2021;7854,87
IMA-B;26/03/2021;7874,72
IMA-B;29/03/2021;7866,29
IMA-B;30/03/2021;7881,31
IMA-B;31/03/2021;7900,17
IMA-B;01/04/2021;7898,13
IMA-B;05/04/2021;7888,27
IMA-B;06/04/2021;7875,41
IMA-B;07/04/2021;7869,16
IMA-B;08/04/2021;7924,92
IMA-B;09/04/2021;7884,75
IMA-B;12/04/2021;7887,92
IMA-B;13/04/2021;7854,53
IMA-B;14/04/2021;7870,79
IMA-B;15/04/2021;7890,07
IMA-B;16/04/2021;7922,74
IMA-B;19/04/2021;7934,29
IMA-B;20/04/2021;7897,55
IMA-B;22/04/2021;7948,03
IMA-B;23/04/2021;7963,13
IMA-B;26/04/2021;7971,63
IMA-B;27/04/2021;7968,89
IMA-B;28/04/2021;7983,73
IMA-B;29/04/2021;7985,77
IMA-B;30/04/2021;7951,6
IMA-B;03/05/2021;7943,62
IMA-B;04/05/2021;7896,93
IMA-B;05/05/2021;7900,46
IMA-B;06/05/2021;7910,68
IMA-B;07/05/2021;7942,77
IMA-B;10/05/2021;7949,72
IMA-B;11/05/2021;7984,21
IMA-B;12/05/2021;7958,12
IMA-B;13/05/2021;7968,12
IMA-B;14/05/2021;7971,07
IMA-B;17/05/2021;8008,85
IMA-B;18/05/2021;7953,85
IMA-B;19/05/2021;7955,41
IMA-B;20/05/2021;7985,59
IMA-B;21/05/2021;7992,68
IMA-B;24/05/2021;7977,83
IMA-B;25/05/2021;7973,76
IMA-B;26/05/2021;7986,83
IMA-B;27/05/2021;8017,37
IMA-B;28/05/2021;8046,05
IMA-B;31/05/2021;8035,73
IMA-B;01/06/2021;8061,69
IMA-B;02/06/2021;8105,62
IMA-B;04/06/2021;8141,11
IMA-B;07/06/2021;8123,11
IMA-B;08/06/2021;8135,51
IMA-B;09/06/2021;8137,92
IMA-B;10/06/2021;8116,83
IMA-B;11/06/2021;8096,49
IMA-B;14/06/2021;8112,3
IMA-B;15/06/2021;8101,54
IMA-B;16/06/2021;8102,19
IMA-B;17/06/2021;8043,73
IMA-B;18/06/2021;8007,33
IMA-B;21/06/2021;8038,57
IMA-B;22/06/2021;8013,36
IMA-B;23/06/2021;8030,92
IMA-B;24/06/2021;8058,49
IMA-B;25/06/2021;8050,73
IMA-B;28/06/2021;8075,16
IMA-B;29/06/2021;8074,81
IMA-B;30/06/2021;8069,51
IMA-B;01/07/2021;8068,26
IMA-B;02/07/2021;8095,56
IMA-B;05/07/2021;8089,73
IMA-B;06/07/2021;8073,15
IMA-B;07/07/2021;8099,27
IMA-B;08/07/2021;8089,03
IMA-B;09/07/2021;8092,09
IMA-B;12/07/2021;8073,23
IMA-B;13/07/2021;8066,77
IMA-B;14/07/2021;8100,53
IMA-B;15/07/2021;8115,12
IMA-B;16/07/2021;8139,07
IMA-B;19/07/2021;8141,1
IMA-B;20/07/2021;8165,26
IMA-B;21/07/2021;8166,15
IMA-B;22/07/2021;8171,24
IMA-B;23/07/2021;8137,69
IMA-B;26/07/2021;8114,94
IMA-B;27/07/2021;8084,12
IMA-B;28/07/2021;8081,44
IMA-B;29/07/2021;8091,8
IMA-B;30/07/2021;8039,38
IMA-B;02/08/2021;8043,07
IMA-B;03/08/2021;8069,04
IMA-B;04/08/2021;8062,16
IMA-B;05/08/2021;8009,37
IMA-B;06/08/2021;8015,06
IMA-B;09/08/2021;7978
IMA-B;10/08/2021;7984,7
IMA-B;11/08/2021;7971,42
IMA-B;12/08/2021;7935,05
IMA-B;13/08/2021;7882,92
IMA-B;16/08/2021;7857,24
IMA-B;17/08/2021;7872,61
IMA-B;18/08/2021;7808,41
IMA-B;19/08/2021;7837,08
IMA-B;20/08/2021;7877,51
IMA-B;23/08/2021;7845,43
IMA-B;24/08/2021;7904,62
IMA-B;25/08/2021;7967,39
IMA-B;26/08/2021;7963,08
IMA-B;27/08/2021;7995,37
IMA-B;30/08/2021;7984,89
IMA-B;31/08/2021;7951,78
IMA-B;01/09/2021;7963,09
IMA-B;02/09/2021;7930,47
IMA-B;03/09/2021;7921,8
IMA-B;06/09/2021;7927,1
IMA-B;08/09/2021;7882,78
IMA-B;09/09/2021;7946,98
IMA-B;10/09/2021;7954,87
IMA-B;13/09/2021;7971,43
IMA-B;14/09/2021;7988,62
IMA-B;15/09/2021;7998,15
IMA-B;16/09/2021;7983,77
IMA-B;17/09/2021;7967,68
IMA-B;20/09/2021;7972,01
IMA-B;21/09/2021;7992,42
IMA-B;22/09/2021;7992,72
IMA-B;23/09/2021;7967,27
IMA-B;24/09/2021;7966,63
IMA-B;27/09/2021;7967,35
IMA-B;28/09/2021;7959,19
IMA-B;29/09/2021;7966,04
IMA-B;30/09/2021;7941,2
IMA-B;01/10/2021;7974,95
IMA-B;04/10/2021;7961,63
IMA-B;05/10/2021;7947,92
IMA-B;06/10/2021;7968,41
IMA-B;07/10/2021;7956,15
IMA-B;08/10/2021;7977,47
IMA-B;11/10/2021;7959,55
IMA-B;13/10/2021;7963,3
IMA-B;14/10/2021;7954,38
IMA-B;15/10/2021;7931,14
IMA-B;18/10/2021;7916,21
IMA-B;19/10/2021;7868,85
IMA-B;20/10/2021;7848,49
IMA-B;21/10/2021;7803,48
IMA-B;22/10/2021;7788,07
IMA-B;25/10/2021;7743,08
IMA-B;26/10/2021;7715,42
IMA-B;27/10/2021;7738,93
IMA-B;28/10/2021;7650,64
IMA-B;29/10/2021;7739,16
IMA-B;01/11/2021;7721,68
IMA-B;03/11/2021;7866,96
IMA-B;04/11/2021;7831,71
IMA-B;05/11/2021;7823,18
IMA-B;08/11/2021;7833,24
IMA-B;09/11/2021;7870,85
IMA-B;10/11/2021;7874,56
IMA-B;11/11/2021;7893,26
IMA-B;12/11/2021;7930,02
IMA-B;16/11/2021;7909,25
IMA-B;17/11/2021;7906,73
IMA-B;18/11/2021;7911,05
IMA-B;19/11/2021;7939,8
IMA-B;22/11/2021;7915,06
IMA-B;23/11/2021;7932,12
IMA-B;24/11/2021;7951,81
IMA-B;25/11/2021;7947,04
IMA-B;26/11/2021;7958,71
IMA-B;29/11/2021;7981,45
IMA-B;30/11/2021;8007,44
IMA-B;01/12/2021;7980,89
IMA-B;02/12/2021;8005,52
IMA-B;03/12/2021;8057,47
IMA-B;06/12/2021;8047,63
IMA-B;07/12/2021;8061,36
IMA-B;08/12/2021;8090,66
IMA-B;09/12/2021;8090,61
IMA-B;10/12/2021;8128,94
IMA-B;13/12/2021;8100,07
IMA-B;14/12/2021;8093,68
IMA-B;15/12/2021;8080,8
IMA-B;16/12/2021;8042,34
IMA-B;17/12/2021;8019,88
IMA-B;20/12/2021;8030,44
IMA-B;21/12/2021;8044,49
IMA-B;22/12/2021;8051,22
IMA-B;23/12/2021;8040,97
IMA-B;24/12/2021;8043,34
IMA-B;27/12/2021;8040,76
IMA-B;28/12/2021;8039,45
IMA-B;29/12/2021;8005,47
IMA-B;30/12/2021;8021,62
IMA-B;31/12/2021;8025,44
IMA-B;03/01/2022;8019,96
IMA-B;04/01/2022;8000,05
IMA-B;05/01/2022;7971,95
IMA-B;06/01/2022;7944,56
IMA-B;07/01/2022;7916,96
IMA-B;10/01/2022;7907,36
IMA-B;11/01/2022;7885,42
IMA-B;12/01/2022;7919,87
IMA-B;13/01/2022;7927,41
IMA-B;14/01/2022;7935,99
IMA-B;17/01/2022;7902,36
IMA-B;18/01/2022;7901,79
IMA-B;19/01/2022;7941,86
IMA-B;20/01/2022;7973,14
IMA-B;21/01/2022;7960,52
IMA-B;24/01/2022;7973,33
IMA-B;25/01/2022;7967,63
IMA-B;26/01/2022;7958,5
IMA-B;27/01/2022;7947,28
IMA-B;28/01/2022;7958,51
IMA-B;31/01/2022;7966,53
IMA-B;01/02/2022;7988,87
IMA-B;02/02/2022;8022,47
IMA-B;03/02/2022;8054,42
IMA-B;04/02/2022;8029,74
IMA-B;07/02/2022;8041,68
IMA-B;08/02/2022;8014,88
IMA-B;09/02/2022;7992,01
IMA-B;10/02/2022;7983,14
IMA-B;11/02/2022;7977,95
IMA-B;14/02/2022;7991,86
IMA-B;15/02/2022;8013,3
IMA-B;16/02/2022;8019,14
IMA-B;17/02/2022;8000,03
IMA-B;18/02/2022;7995,29
IMA-B;21/02/2022;8000,91
IMA-B;22/02/2022;7986,3
IMA-B;23/02/2022;8002,68
IMA-B;24/02/2022;8000,99
IMA-B;25/02/2022;8009,91
IMA-B;02/03/2022;8009,56
IMA-B;03/03/2022;8007,86
IMA-B;04/03/2022;7990,68
IMA-B;07/03/2022;7970,02
IMA-B;08/03/2022;7960,28
IMA-B;09/03/2022;7993,18
IMA-B;10/03/2022;8000,6
IMA-B;11/03/2022;8003,95
IMA-B;14/03/2022;7983,21
IMA-B;15/03/2022;8001,11
IMA-B;16/03/2022;8003,1
IMA-B;17/03/2022;8036,45
IMA-B;18/03/2022;8077,17
IMA-B;21/03/2022;8084,67
IMA-B;22/03/2022;8116,94
IMA-B;23/03/2022;8145,97
IMA-B;24/03/2022;8244,98
IMA-B;25/03/2022;8291,49
IMA-B;28/03/2022;8285,74
IMA-B;29/03/2022;8273,3
IMA-B;30/03/2022;8252,13
IMA-B;31/03/2022;8255,89
IMA-B;01/04/2022;8315,4
IMA-B;04/04/2022;8330,83
IMA-B;05/04/2022;8301,61
IMA-B;06/04/2022;8307,75
IMA-B;07/04/2022;8322,5
IMA-B;08/04/2022;8308,49
IMA-B;11/04/2022;8252,31
IMA-B;12/04/2022;8261,46
IMA-B;13/04/2022;8281,65
IMA-B;14/04/2022;8281,02
IMA-B;18/04/2022;8308,13
IMA-B;19/04/2022;8302,17
IMA-B;20/04/2022;8311,16
IMA-B;22/04/2022;8294,74
IMA-B;25/04/2022;8309,87
IMA-B;26/04/2022;8289,37
IMA-B;27/04/2022;8307,9
IMA-B;28/04/2022;8326,37
IMA-B;29/04/2022;8324,5
IMA-B;02/05/2022;8315,77
IMA-B;03/05/2022;8319,32
IMA-B;04/05/2022;8368,7
IMA-B;05/05/2022;8342,95
IMA-B;06/05/2022;8326,26
IMA-B;09/05/2022;8330,68
IMA-B;10/05/2022;8310,23
IMA-B;11/05/2022;8321,95
IMA-B;12/05/2022;8349,44
IMA-B;13/05/2022;8379,44
IMA-B;16/05/2022;8421,9
IMA-B;17/05/2022;8414,84
IMA-B;18/05/2022;8412,6
IMA-B;19/05/2022;8413,04
IMA-B;20/05/2022;8417,61
IMA-B;23/05/2022;8414,44
IMA-B;24/05/2022;8373,88
IMA-B;25/05/2022;8383,53
IMA-B;26/05/2022;8405,85
IMA-B;27/05/2022;8399,7
IMA-B;30/05/2022;8366,02
IMA-B;31/05/2022;8404,82
IMA-B;01/06/2022;8397,36
IMA-B;02/06/2022;8398,69
IMA-B;03/06/2022;8415,97
IMA-B;06/06/2022;8418,89
IMA-B;07/06/2022;8391,94
IMA-B;08/06/2022;8398,99
IMA-B;09/06/2022;8409,97
IMA-B;10/06/2022;8414,01
IMA-B;13/06/2022;8389,83
IMA-B;14/06/2022;8375,1
IMA-B;15/06/2022;8438,73
IMA-B;17/06/2022;8454,51
IMA-B;20/06/2022;8429,81
IMA-B;21/06/2022;8404,87
IMA-B;22/06/2022;8404,61
IMA-B;23/06/2022;8421,16
IMA-B;24/06/2022;8405,64
IMA-B;27/06/2022;8397,79
IMA-B;28/06/2022;8357,43
IMA-B;29/06/2022;8351,52
IMA-B;30/06/2022;8374,25
IMA-B;01/07/2022;8355,02
IMA-B;04/07/2022;8337,9
IMA-B;05/07/2022;8320,87
IMA-B;06/07/2022;8300,68
IMA-B;07/07/2022;8298,45
IMA-B;08/07/2022;8248,27
IMA-B;11/07/2022;8222,37
IMA-B;12/07/2022;8235,59
IMA-B;13/07/2022;8252,71
IMA-B;14/07/2022;8267,8
IMA-B;15/07/2022;8300
IMA-B;18/07/2022;8237,7
IMA-B;19/07/2022;8210,25
IMA-B;20/07/2022;8239,27
IMA-B;21/07/2022;8239,13
IMA-B;22/07/2022;8257,94
IMA-B;25/07/2022;8252,31
IMA-B;26/07/2022;8228,69
IMA-B;27/07/2022;8244,38
IMA-B;28/07/2022;8272,76
IMA-B;29/07/2022;8300,78
IMA-B;01/08/2022;8304,68
IMA-B;02/08/2022;8283,99
IMA-B;03/08/2022;8304,46
IMA-B;04/08/2022;8407,35
IMA-B;05/08/2022;8427,6
IMA-B;08/08/2022;8470,89
IMA-B;09/08/2022;8439,96
IMA-B;10/08/2022;8440,06
IMA-B;11/08/2022;8416,4
IMA-B;12/08/2022;8469,67
IMA-B;15/08/2022;8516,62
IMA-B;16/08/2022;8468,77
IMA-B;17/08/2022;8458,15
IMA-B;18/08/2022;8457,34
IMA-B;19/08/2022;8439,3
IMA-B;22/08/2022;8421,97
IMA-B;23/08/2022;8458,48
IMA-B;24/08/2022;8450,45
IMA-B;25/08/2022;8409,66
IMA-B;26/08/2022;8421,13
IMA-B;29/08/2022;8380,63
IMA-B;30/08/2022;8385,55
IMA-B;31/08/2022;8392,5
IMA-B;01/09/2022;8448,89
IMA-B;02/09/2022;8464,29
IMA-B;05/09/2022;8455,62
IMA-B;06/09/2022;8421,77
IMA-B;08/09/2022;8450,49
IMA-B;09/09/2022;8452,85
IMA-B;12/09/2022;8432,09
IMA-B;13/09/2022;8414,53
IMA-B;14/09/2022;8414,09
IMA-B;15/09/2022;8390,41
IMA-B;16/09/2022;8417,41
IMA-B;19/09/2022;8443,28
IMA-B;20/09/2022;8453,28
IMA-B;21/09/2022;8474,04
IMA-B;22/09/2022;8519,41
IMA-B;23/09/2022;8493,22
IMA-B;26/09/2022;8457,08
IMA-B;27/09/2022;8472,95
IMA-B;28/09/2022;8453,71
IMA-B;29/09/2022;8469,18
IMA-B;30/09/2022;8516,63
IMA-B;03/10/2022;8532,3
IMA-B;04/10/2022;8532,05
IMA-B;05/10/2022;8538,58
IMA-B;06/10/2022;8525,55
IMA-B;07/10/2022;8511,67
IMA-B;10/10/2022;8505,87
IMA-B;11/10/2022;8498,22
IMA-B;13/10/2022;8502,53
IMA-B;14/10/2022;8500,84
IMA-B;17/10/2022;8521,7
IMA-B;18/10/2022;8531,06
IMA-B;19/10/2022;8535,42
IMA-B;20/10/2022;8542,2
IMA-B;21/10/2022;8563,58
IMA-B;24/10/2022;8542,47
IMA-B;25/10/2022;8542,65
IMA-B;26/10/2022;8528,52
IMA-B;27/10/2022;8550,15
IMA-B;28/10/2022;8562,89
IMA-B;31/10/2022;8621,6
IMA-B;01/11/2022;8620,97
IMA-B;03/11/2022;8604,18
IMA-B;04/11/2022;8601,18
IMA-B;07/11/2022;8557,66
IMA-B;08/11/2022;8562,36
IMA-B;09/11/2022;8555,08
IMA-B;10/11/2022;8429,33
IMA-B;11/11/2022;8426,57
IMA-B;14/11/2022;8496,89
IMA-B;16/11/2022;8448,44
IMA-B;17/11/2022;8450,6
IMA-B;18/11/2022;8419,32
IMA-B;21/11/2022;8433,88
IMA-B;22/11/2022;8389,75
IMA-B;23/11/2022;8357,51
IMA-B;24/11/2022;8409,75
IMA-B;25/11/2022;8365,8
IMA-B;28/11/2022;8394,85
IMA-B;29/11/2022;8490,65
IMA-B;30/11/2022;8553,24
IMA-B;01/12/2022;8528,37
IMA-B;02/12/2022;8551,63
IMA-B;05/12/2022;8505,62
IMA-B;06/12/2022;8470,63
IMA-B;07/12/2022;8484,01
IMA-B;08/12/2022;8474,12
IMA-B;09/12/2022;8450,83
IMA-B;12/12/2022;8402,94
IMA-B;13/12/2022;8380,86
IMA-B;14/12/2022;8377,38
IMA-B;15/12/2022;8392,14
IMA-B;16/12/2022;8363,09
IMA-B;19/12/2022;8356,07
IMA-B;20/12/2022;8396,38
IMA-B;21/12/2022;8392,72
IMA-B;22/12/2022;8417,77
IMA-B;23/12/2022;8458,6
IMA-B;26/12/2022;8462,25
IMA-B;27/12/2022;8472,04
IMA-B;28/12/2022;8527,07
IMA-B;29/12/2022;8532,9
IMA-B;30/12/2022;8536,6
IMA-B;02/01/2023;8479,02
IMA-B;03/01/2023;8431,56
IMA-B;04/01/2023;8410,86
IMA-B;05/01/2023;8434,68
IMA-B;06/01/2023;8468,62
IMA-B;09/01/2023;8472,65
IMA-B;10/01/2023;8526,81
IMA-B;11/01/2023;8586,86
IMA-B;12/01/2023;8610,21
IMA-B;13/01/2023;8608,01
IMA-B;16/01/2023;8569,52
IMA-B;17/01/2023;8593,38
IMA-B;18/01/2023;8586,43
IMA-B;19/01/2023;8594,82
IMA-B;20/01/2023;8541,34
IMA-B;23/01/2023;8513,57
IMA-B;24/01/2023;8551,74
IMA-B;25/01/2023;8560,68
IMA-B;26/01/2023;8543,02
IMA-B;27/01/2023;8522,14
IMA-B;30/01/2023;8528,57
IMA-B;31/01/2023;8536,53
IMA-B;01/02/2023;8543,21
IMA-B;02/02/2023;8535,08
IMA-B;03/02/2023;8494,48
IMA-B;06/02/2023;8531,24
IMA-B;07/02/2023;8543,16
IMA-B;08/02/2023;8579,8
IMA-B;09/02/2023;8559,22
IMA-B;10/02/2023;8578,02
IMA-B;13/02/2023;8580,13
IMA-B;14/02/2023;8600,85
IMA-B;15/02/2023;8668,04
IMA-B;16/02/2023;8679,28
IMA-B;17/02/2023;8708,21
IMA-B;22/02/2023;8676,64
IMA-B;23/02/2023;8665,84
IMA-B;24/02/2023;8643,68
IMA-B;27/02/2023;8670,45
IMA-B;28/02/2023;8645,94
IMA-B;01/03/2023;8642,29
IMA-B;02/03/2023;8617,08
IMA-B;03/03/2023;8622,07
IMA-B;06/03/2023;8635,6
IMA-B;07/03/2023;8658,92
IMA-B;08/03/2023;8686,96
IMA-B;09/03/2023;8733,06
IMA-B;10/03/2023;8723,4
IMA-B;13/03/2023;8754,93
IMA-B;14/03/2023;8736,43
IMA-B;15/03/2023;8752,5
IMA-B;16/03/2023;8770,26
IMA-B;17/03/2023;8791,98
IMA-B;20/03/2023;8796,87
IMA-B;21/03/2023;8792,19
IMA-B;22/03/2023;8817,39
IMA-B;23/03/2023;8817,29
IMA-B;24/03/2023;8852,25
IMA-B;27/03/2023;8871,44
IMA-B;28/03/2023;8860,38
IMA-B;29/03/2023;8856,11
IMA-B;30/03/2023;8882,83
IMA-B;31/03/2023;8876,24
IMA-B;03/04/2023;8894,78
IMA-B;04/04/2023;8911,87
IMA-B;05/04/2023;8924,14
IMA-B;06/04/2023;8910,61
IMA-B;10/04/2023;8900,6
IMA-B;11/04/2023;8942,69
IMA-B;12/04/2023;8954,93
IMA-B;13/04/2023;8997,46
IMA-B;14/04/2023;9004,74
IMA-B;17/04/2023;9015,94
IMA-B;18/04/2023;9004,23
IMA-B;19/04/2023;8971,56
IMA-B;20/04/2023;9001,92
IMA-B;24/04/2023;9017,32
IMA-B;25/04/2023;9041,69
IMA-B;26/04/2023;9059,75
IMA-B;27/04/2023;9072,48
IMA-B;28/04/2023;9055,57
IMA-B;02/05/2023;9051,35
IMA-B;03/05/2023;9075,43
IMA-B;04/05/2023;9110,71
IMA-B;05/05/2023;9131,36
IMA-B;08/05/2023;9118,84
IMA-B;09/05/2023;9109,86
IMA-B;10/05/2023;9135,11
IMA-B;11/05/2023;9166,51
IMA-B;12/05/2023;9206,8
IMA-B;15/05/2023;9237,3
IMA-B;16/05/2023;9213,44
IMA-B;17/05/2023;9213,8
IMA-B;18/05/2023;9205,76
IMA-B;19/05/2023;9213,47
IMA-B;22/05/2023;9196,68
IMA-B;23/05/2023;9216,31
IMA-B;24/05/2023;9233,17
IMA-B;25/05/2023;9262,32
IMA-B;26/05/2023;9273,59
IMA-B;29/05/2023;9281,12
IMA-B;30/05/2023;9286,24
IMA-B;31/05/2023;9284,77
IMA-B;01/06/2023;9294,54
IMA-B;02/06/2023;9329,35
IMA-B;05/06/2023;9370,5
IMA-B;06/06/2023;9388,28
IMA-B;07/06/2023;9340,66
IMA-B;09/06/2023;9362,98
IMA-B;12/06/2023;9350,19
IMA-B;13/06/2023;9312,62
IMA-B;14/06/2023;9350,08
IMA-B;15/06/2023;9362,38
IMA-B;16/06/2023;9380,97
IMA-B;19/06/2023;9382,34
IMA-B;20/06/2023;9386,08
IMA-B;21/06/2023;9409,25
IMA-B;22/06/2023;9412,34
IMA-B;23/06/2023;9432,32
IMA-B;26/06/2023;9435,46
IMA-B;27/06/2023;9427,49
IMA-B;28/06/2023;9406
IMA-B;29/06/2023;9436,65
IMA-B;30/06/2023;9506,82
IMA-B;03/07/2023;9523,64
IMA-B;04/07/2023;9491,45
IMA-B;05/07/2023;9472,47
IMA-B;06/07/2023;9452,89
IMA-B;07/07/2023;9493,48
IMA-B;10/07/2023;9465,76
IMA-B;11/07/2023;9474,58
IMA-B;12/07/2023;9478,36
IMA-B;13/07/2023;9470,35
IMA-B;14/07/2023;9449,14
IMA-B;17/07/2023;9460,24
IMA-B;18/07/2023;9488,64
IMA-B;19/07/2023;9485,19
IMA-B;20/07/2023;9488,03
IMA-B;21/07/2023;9518,12
IMA-B;24/07/2023;9529,32
IMA-B;25/07/2023;9537,89
IMA-B;26/07/2023;9551,78
IMA-B;27/07/2023;9544,62
IMA-B;28/07/2023;9558,47
IMA-B;31/07/2023;9583,68
IMA-B;01/08/2023;9587,49
IMA-B;02/08/2023;9605,09
IMA-B;03/08/2023;9612,87
IMA-B;04/08/2023;9629,82
IMA-B;07/08/2023;9622,95
IMA-B;08/08/2023;9665,34
IMA-B;09/08/2023;9669,43
IMA-B;10/08/2023;9682,07
IMA-B;11/08/2023;9692,68
IMA-B;14/08/2023;9671,09
IMA-B;15/08/2023;9678,72
IMA-B;16/08/2023;9677,57
IMA-B;17/08/2023;9658,21
IMA-B;18/08/2023;9648,35
IMA-B;21/08/2023;9607,85
IMA-B;22/08/2023;9595,86
IMA-B;23/08/2023;9621,41
IMA-B;24/08/2023;9614,93
IMA-B;25/08/2023;9602,75
IMA-B;28/08/2023;9611,26
IMA-B;29/08/2023;9626,84
IMA-B;30/08/2023;9609,27
IMA-B;31/08/2023;9547,62
IMA-B;01/09/2023;9546,82
IMA-B;04/09/2023;9537,74
IMA-B;05/09/2023;9519,02
IMA-B;06/09/2023;9524,19
IMA-B;08/09/2023;9531,92
IMA-B;11/09/2023;9537,95
IMA-B;12/09/2023;9554,26
IMA-B;13/09/2023;9559,86
IMA-B;14/09/2023;9563,95
IMA-B;15/09/2023;9542,58
IMA-B;18/09/2023;9535,55
IMA-B;19/09/2023;9525,72
IMA-B;20/09/2023;9539,9
IMA-B;21/09/2023;9529,95
IMA-B;22/09/2023;9526,39
IMA-B;25/09/2023;9492,43
IMA-B;26/09/2023;9387,9
IMA-B;27/09/2023;9358,47
IMA-B;28/09/2023;9408,85
IMA-B;29/09/2023;9457,33
IMA-B;02/10/2023;9407,12
IMA-B;03/10/2023;9347,36
IMA-B;04/10/2023;9372,22
IMA-B;05/10/2023;9367,63
IMA-B;06/10/2023;9397,86
IMA-B;09/10/2023;9446,51
IMA-B;10/10/2023;9463,15
IMA-B;11/10/2023;9454,29
IMA-B;13/10/2023;9424,29
IMA-B;16/10/2023;9451,74
IMA-B;17/10/2023;9416,27
IMA-B;18/10/2023;9419,61
IMA-B;19/10/2023;9351,94
IMA-B;20/10/2023;9377,76
IMA-B;23/10/2023;9373,77
IMA-B;24/10/2023;9398,55
IMA-B;25/10/2023;9389,89
IMA-B;26/10/2023;9471,92
IMA-B;27/10/2023;9440,14
IMA-B;30/10/2023;9403
IMA-B;31/10/2023;9395,31
IMA-B;01/11/2023;9427,79
IMA-B;03/11/2023;9465,18
IMA-B;06/11/2023;9433,15
IMA-B;07/11/2023;9467,53
IMA-B;08/11/2023;9497,11
IMA-B;09/11/2023;9487,08
IMA-B;10/11/2023;9494,45
IMA-B;13/11/2023;9474,2
IMA-B;14/11/2023;9538,58
IMA-B;16/11/2023;9573,92
IMA-B;17/11/2023;9597,53
IMA-B;20/11/2023;9582,21
IMA-B;21/11/2023;9564,88
IMA-B;22/11/2023;9584,37
IMA-B;23/11/2023;9589,94
IMA-B;24/11/2023;9595,05
IMA-B;27/11/2023;9609,64
IMA-B;28/11/2023;9631,3
IMA-B;29/11/2023;9629,28
IMA-B;30/11/2023;9641,87
IMA-B;01/12/2023;9663,8
IMA-B;04/12/2023;9641,67
IMA-B;05/12/2023;9651,08
IMA-B;06/12/2023;9656,36
IMA-B;07/12/2023;9647,19
IMA-B;08/12/2023;9647,55
IMA-B;11/12/2023;9649,56
IMA-B;12/12/2023;9676,47
IMA-B;13/12/2023;9751,74
IMA-B;14/12/2023;9774,96
IMA-B;15/12/2023;9798,92
IMA-B;18/12/2023;9817,38
IMA-B;19/12/2023;9831,11
IMA-B;20/12/2023;9842,07
IMA-B;21/12/2023;9855,02
IMA-B 5;16/09/2003;775,88
IMA-B 5;17/09/2003;776,08
IMA-B 5;18/09/2003;777,87
IMA-B 5;19/09/2003;779,4
IMA-B 5;22/09/2003;780,46
IMA-B 5;23/09/2003;781,87
IMA-B 5;24/09/2003;783,13
IMA-B 5;25/09/2003;783,3
IMA-B 5;26/09/2003;784,05
IMA-B 5;29/09/2003;784,91
IMA-B 5;30/09/2003;785,32
IMA-B 5;01/10/2003;786,01
IMA-B 5;02/10/2003;786,34
IMA-B 5;03/10/2003;787,08
IMA-B 5;06/10/2003;788,23
IMA-B 5;07/10/2003;790,31
IMA-B 5;08/10/2003;790,8
IMA-B 5;09/10/2003;792,27
IMA-B 5;10/10/2003;792,92
IMA-B 5;13/10/2003;793,72
IMA-B 5;14/10/2003;794,31
IMA-B 5;15/10/2003;794,94
IMA-B 5;16/10/2003;795,57
IMA-B 5;17/10/2003;796,1
IMA-B 5;20/10/2003;796,93
IMA-B 5;21/10/2003;797,45
IMA-B 5;22/10/2003;797,71
IMA-B 5;23/10/2003;798,09
IMA-B 5;24/10/2003;798,61
IMA-B 5;27/10/2003;799,12
IMA-B 5;28/10/2003;799,55
IMA-B 5;29/10/2003;800,09
IMA-B 5;30/10/2003;800,62
IMA-B 5;31/10/2003;801,08
IMA-B 5;03/11/2003;801,53
IMA-B 5;04/11/2003;801,96
IMA-B 5;05/11/2003;802,45
IMA-B 5;06/11/2003;801,8
IMA-B 5;07/11/2003;802,24
IMA-B 5;10/11/2003;802,64
IMA-B 5;11/11/2003;803,07
IMA-B 5;12/11/2003;803,47
IMA-B 5;13/11/2003;803,87
IMA-B 5;14/11/2003;804,37
IMA-B 5;17/11/2003;804,7
IMA-B 5;18/11/2003;805,28
IMA-B 5;19/11/2003;805,83
IMA-B 5;20/11/2003;808,94
IMA-B 5;21/11/2003;809,54
IMA-B 5;24/11/2003;811,01
IMA-B 5;25/11/2003;813,21
IMA-B 5;26/11/2003;814,31
IMA-B 5;27/11/2003;816,7
IMA-B 5;28/11/2003;817,41
IMA-B 5;01/12/2003;818,97
IMA-B 5;02/12/2003;819,26
IMA-B 5;03/12/2003;819,94
IMA-B 5;04/12/2003;821,1
IMA-B 5;05/12/2003;823,11
IMA-B 5;08/12/2003;824,14
IMA-B 5;09/12/2003;826,41
IMA-B 5;10/12/2003;827,65
IMA-B 5;11/12/2003;829,63
IMA-B 5;12/12/2003;830,42
IMA-B 5;15/12/2003;831,12
IMA-B 5;16/12/2003;831,63
IMA-B 5;17/12/2003;832,12
IMA-B 5;18/12/2003;832,57
IMA-B 5;19/12/2003;833,11
IMA-B 5;22/12/2003;833,55
IMA-B 5;23/12/2003;834,01
IMA-B 5;24/12/2003;834,47
IMA-B 5;26/12/2003;834,97
IMA-B 5;29/12/2003;835,43
IMA-B 5;30/12/2003;835,89
IMA-B 5;31/12/2003;836,36
IMA-B 5;02/01/2004;836,83
IMA-B 5;05/01/2004;837,32
IMA-B 5;06/01/2004;838,44
IMA-B 5;07/01/2004;839,78
IMA-B 5;08/01/2004;842,76
IMA-B 5;09/01/2004;844,86
IMA-B 5;12/01/2004;846,51
IMA-B 5;13/01/2004;849,98
IMA-B 5;14/01/2004;851,96
IMA-B 5;15/01/2004;853,33
IMA-B 5;16/01/2004;853,85
IMA-B 5;19/01/2004;854,42
IMA-B 5;20/01/2004;856,16
IMA-B 5;21/01/2004;857,04
IMA-B 5;22/01/2004;855,4
IMA-B 5;23/01/2004;855,56
IMA-B 5;26/01/2004;857,21
IMA-B 5;27/01/2004;858,45
IMA-B 5;28/01/2004;858,89
IMA-B 5;29/01/2004;859,48
IMA-B 5;30/01/2004;860,05
IMA-B 5;02/02/2004;860,41
IMA-B 5;03/02/2004;861,04
IMA-B 5;04/02/2004;861,51
IMA-B 5;05/02/2004;861,86
IMA-B 5;06/02/2004;862,6
IMA-B 5;09/02/2004;863,15
IMA-B 5;10/02/2004;863,86
IMA-B 5;11/02/2004;864,54
IMA-B 5;12/02/2004;865,19
IMA-B 5;13/02/2004;865,75
IMA-B 5;16/02/2004;866
IMA-B 5;17/02/2004;866,75
IMA-B 5;18/02/2004;867,39
IMA-B 5;19/02/2004;867,91
IMA-B 5;20/02/2004;868,51
IMA-B 5;25/02/2004;869,27
IMA-B 5;26/02/2004;869,87
IMA-B 5;27/02/2004;870,42
IMA-B 5;01/03/2004;871,14
IMA-B 5;02/03/2004;871,89
IMA-B 5;03/03/2004;872,45
IMA-B 5;04/03/2004;873,19
IMA-B 5;05/03/2004;873,87
IMA-B 5;08/03/2004;874,59
IMA-B 5;09/03/2004;875,05
IMA-B 5;10/03/2004;875,87
IMA-B 5;11/03/2004;875,59
IMA-B 5;12/03/2004;876,04
IMA-B 5;15/03/2004;876,51
IMA-B 5;16/03/2004;876,77
IMA-B 5;17/03/2004;877,19
IMA-B 5;18/03/2004;877,63
IMA-B 5;19/03/2004;878,07
IMA-B 5;22/03/2004;878,52
IMA-B 5;23/03/2004;879,02
IMA-B 5;24/03/2004;879,48
IMA-B 5;25/03/2004;879,93
IMA-B 5;26/03/2004;880,37
IMA-B 5;29/03/2004;880,8
IMA-B 5;30/03/2004;881,25
IMA-B 5;31/03/2004;881,71
IMA-B 5;01/04/2004;882,16
IMA-B 5;02/04/2004;882,45
IMA-B 5;05/04/2004;883,03
IMA-B 5;06/04/2004;883,52
IMA-B 5;07/04/2004;884,24
IMA-B 5;08/04/2004;884,71
IMA-B 5;12/04/2004;885,2
IMA-B 5;13/04/2004;885,65
IMA-B 5;14/04/2004;886,12
IMA-B 5;15/04/2004;886,59
IMA-B 5;16/04/2004;887,08
IMA-B 5;19/04/2004;887,45
IMA-B 5;20/04/2004;887,95
IMA-B 5;22/04/2004;888,56
IMA-B 5;23/04/2004;889,12
IMA-B 5;26/04/2004;889,64
IMA-B 5;27/04/2004;889,27
IMA-B 5;28/04/2004;889,29
IMA-B 5;29/04/2004;889,68
IMA-B 5;30/04/2004;889,94
IMA-B 5;03/05/2004;890,1
IMA-B 5;04/05/2004;889,76
IMA-B 5;05/05/2004;890,36
IMA-B 5;06/05/2004;890,55
IMA-B 5;07/05/2004;890,96
IMA-B 5;10/05/2004;891,38
IMA-B 5;11/05/2004;891,77
IMA-B 5;12/05/2004;892,01
IMA-B 5;13/05/2004;891,95
IMA-B 5;14/05/2004;891,21
IMA-B 5;17/05/2004;891,4
IMA-B 5;18/05/2004;891,82
IMA-B 5;19/05/2004;892,44
IMA-B 5;20/05/2004;892,83
IMA-B 5;21/05/2004;893,02
IMA-B 5;24/05/2004;893,44
IMA-B 5;25/05/2004;893,83
IMA-B 5;26/05/2004;893,77
IMA-B 5;27/05/2004;894,4
IMA-B 5;28/05/2004;895,34
IMA-B 5;31/05/2004;896,09
IMA-B 5;01/06/2004;896,56
IMA-B 5;02/06/2004;897,21
IMA-B 5;03/06/2004;898,17
IMA-B 5;04/06/2004;898,72
IMA-B 5;07/06/2004;899,51
IMA-B 5;08/06/2004;900,33
IMA-B 5;09/06/2004;901,12
IMA-B 5;11/06/2004;901,18
IMA-B 5;14/06/2004;901,7
IMA-B 5;15/06/2004;902,37
IMA-B 5;16/06/2004;902,97
IMA-B 5;17/06/2004;904,2
IMA-B 5;18/06/2004;904,92
IMA-B 5;21/06/2004;905,55
IMA-B 5;22/06/2004;906,32
IMA-B 5;23/06/2004;906,85
IMA-B 5;24/06/2004;907,94
IMA-B 5;25/06/2004;908,46
IMA-B 5;28/06/2004;909,8
IMA-B 5;29/06/2004;910,59
IMA-B 5;30/06/2004;911,86
IMA-B 5;01/07/2004;912,58
IMA-B 5;02/07/2004;913,63
IMA-B 5;05/07/2004;914,39
IMA-B 5;06/07/2004;915,36
IMA-B 5;07/07/2004;916,3
IMA-B 5;08/07/2004;917,11
IMA-B 5;09/07/2004;917,79
IMA-B 5;12/07/2004;918,34
IMA-B 5;13/07/2004;918,79
IMA-B 5;14/07/2004;919,25
IMA-B 5;15/07/2004;919,78
IMA-B 5;16/07/2004;920,69
IMA-B 5;19/07/2004;921,46
IMA-B 5;20/07/2004;921,81
IMA-B 5;21/07/2004;922,17
IMA-B 5;22/07/2004;922,78
IMA-B 5;23/07/2004;923,46
IMA-B 5;26/07/2004;924,5
IMA-B 5;27/07/2004;924,95
IMA-B 5;28/07/2004;925,46
IMA-B 5;29/07/2004;925,9
IMA-B 5;30/07/2004;926,46
IMA-B 5;02/08/2004;927,24
IMA-B 5;03/08/2004;927,7
IMA-B 5;04/08/2004;928
IMA-B 5;05/08/2004;928,5
IMA-B 5;06/08/2004;928,81
IMA-B 5;09/08/2004;929,18
IMA-B 5;10/08/2004;929,84
IMA-B 5;11/08/2004;929,57
IMA-B 5;12/08/2004;930,11
IMA-B 5;13/08/2004;930,49
IMA-B 5;16/08/2004;931,06
IMA-B 5;17/08/2004;931,47
IMA-B 5;18/08/2004;931,86
IMA-B 5;19/08/2004;932,21
IMA-B 5;20/08/2004;932,74
IMA-B 5;23/08/2004;933,44
IMA-B 5;24/08/2004;934,06
IMA-B 5;25/08/2004;934,5
IMA-B 5;26/08/2004;935,12
IMA-B 5;27/08/2004;935,69
IMA-B 5;30/08/2004;936,25
IMA-B 5;31/08/2004;936,84
IMA-B 5;01/09/2004;937,4
IMA-B 5;02/09/2004;937,93
IMA-B 5;03/09/2004;938,49
IMA-B 5;06/09/2004;939,02
IMA-B 5;08/09/2004;939,59
IMA-B 5;09/09/2004;940,17
IMA-B 5;10/09/2004;941,49
IMA-B 5;13/09/2004;942,12
IMA-B 5;14/09/2004;942,76
IMA-B 5;15/09/2004;943,38
IMA-B 5;16/09/2004;943,87
IMA-B 5;17/09/2004;944,38
IMA-B 5;20/09/2004;945,01
IMA-B 5;21/09/2004;945,6
IMA-B 5;22/09/2004;946,21
IMA-B 5;23/09/2004;946,58
IMA-B 5;24/09/2004;947,12
IMA-B 5;27/09/2004;947,67
IMA-B 5;28/09/2004;948,22
IMA-B 5;29/09/2004;948,76
IMA-B 5;30/09/2004;949,27
IMA-B 5;01/10/2004;949,86
IMA-B 5;04/10/2004;950,42
IMA-B 5;05/10/2004;950,94
IMA-B 5;06/10/2004;951,54
IMA-B 5;07/10/2004;952,08
IMA-B 5;08/10/2004;952,61
IMA-B 5;11/10/2004;951,61
IMA-B 5;13/10/2004;951,7
IMA-B 5;14/10/2004;952,2
IMA-B 5;15/10/2004;952,88
IMA-B 5;18/10/2004;953,32
IMA-B 5;19/10/2004;953,94
IMA-B 5;20/10/2004;954,62
IMA-B 5;21/10/2004;955,17
IMA-B 5;22/10/2004;955,72
IMA-B 5;25/10/2004;956,16
IMA-B 5;26/10/2004;956,69
IMA-B 5;27/10/2004;957,2
IMA-B 5;28/10/2004;957,73
IMA-B 5;29/10/2004;958,28
IMA-B 5;01/11/2004;958,81
IMA-B 5;03/11/2004;959,35
IMA-B 5;04/11/2004;959,87
IMA-B 5;05/11/2004;960,39
IMA-B 5;08/11/2004;960,89
IMA-B 5;09/11/2004;961,41
IMA-B 5;10/11/2004;961,93
IMA-B 5;11/11/2004;962,53
IMA-B 5;12/11/2004;962,86
IMA-B 5;16/11/2004;963,41
IMA-B 5;17/11/2004;964,1
IMA-B 5;18/11/2004;964,66
IMA-B 5;19/11/2004;965,34
IMA-B 5;22/11/2004;965,24
IMA-B 5;23/11/2004;965,74
IMA-B 5;24/11/2004;966,46
IMA-B 5;25/11/2004;967,22
IMA-B 5;26/11/2004;967,84
IMA-B 5;29/11/2004;968,49
IMA-B 5;30/11/2004;969,15
IMA-B 5;01/12/2004;969,08
IMA-B 5;02/12/2004;970,06
IMA-B 5;03/12/2004;970,76
IMA-B 5;06/12/2004;971,34
IMA-B 5;07/12/2004;972,15
IMA-B 5;08/12/2004;972,63
IMA-B 5;09/12/2004;973,42
IMA-B 5;10/12/2004;974,11
IMA-B 5;13/12/2004;974,76
IMA-B 5;14/12/2004;975,43
IMA-B 5;15/12/2004;976,1
IMA-B 5;16/12/2004;976,6
IMA-B 5;17/12/2004;977,11
IMA-B 5;20/12/2004;977,76
IMA-B 5;21/12/2004;978,29
IMA-B 5;22/12/2004;979,07
IMA-B 5;23/12/2004;979,75
IMA-B 5;24/12/2004;980,4
IMA-B 5;27/12/2004;980,91
IMA-B 5;28/12/2004;981,63
IMA-B 5;29/12/2004;982,06
IMA-B 5;30/12/2004;982,69
IMA-B 5;31/12/2004;983,34
IMA-B 5;03/01/2005;984,07
IMA-B 5;04/01/2005;984,42
IMA-B 5;05/01/2005;985,02
IMA-B 5;06/01/2005;985,22
IMA-B 5;07/01/2005;985,26
IMA-B 5;10/01/2005;985,68
IMA-B 5;11/01/2005;986,26
IMA-B 5;12/01/2005;986,76
IMA-B 5;13/01/2005;987,49
IMA-B 5;14/01/2005;989,17
IMA-B 5;17/01/2005;989,9
IMA-B 5;18/01/2005;990,58
IMA-B 5;19/01/2005;991,25
IMA-B 5;20/01/2005;991,84
IMA-B 5;21/01/2005;992,6
IMA-B 5;24/01/2005;993,25
IMA-B 5;25/01/2005;994,05
IMA-B 5;26/01/2005;994,72
IMA-B 5;27/01/2005;995,14
IMA-B 5;28/01/2005;995,79
IMA-B 5;31/01/2005;995,95
IMA-B 5;01/02/2005;996,71
IMA-B 5;02/02/2005;993,46
IMA-B 5;03/02/2005;994,52
IMA-B 5;04/02/2005;994,29
IMA-B 5;09/02/2005;994,96
IMA-B 5;10/02/2005;995,53
IMA-B 5;11/02/2005;992,64
IMA-B 5;14/02/2005;988,45
IMA-B 5;15/02/2005;989,21
IMA-B 5;16/02/2005;989,13
IMA-B 5;17/02/2005;989,6
IMA-B 5;18/02/2005;989,76
IMA-B 5;21/02/2005;989,15
IMA-B 5;22/02/2005;990,02
IMA-B 5;23/02/2005;989,53
IMA-B 5;24/02/2005;989,72
IMA-B 5;25/02/2005;989,65
IMA-B 5;28/02/2005;989,87
IMA-B 5;01/03/2005;990,19
IMA-B 5;02/03/2005;990,33
IMA-B 5;03/03/2005;990,92
IMA-B 5;04/03/2005;991,59
IMA-B 5;07/03/2005;992,22
IMA-B 5;08/03/2005;992,41
IMA-B 5;09/03/2005;992,56
IMA-B 5;10/03/2005;993,21
IMA-B 5;11/03/2005;993,07
IMA-B 5;14/03/2005;993,12
IMA-B 5;15/03/2005;993,61
IMA-B 5;16/03/2005;994,23
IMA-B 5;17/03/2005;994,87
IMA-B 5;18/03/2005;995,59
IMA-B 5;21/03/2005;995,74
IMA-B 5;22/03/2005;996,25
IMA-B 5;23/03/2005;996,92
IMA-B 5;24/03/2005;997,67
IMA-B 5;28/03/2005;998,13
IMA-B 5;29/03/2005;998,72
IMA-B 5;30/03/2005;999,69
IMA-B 5;31/03/2005;1000
IMA-B 5;01/04/2005;1000,68
IMA-B 5;04/04/2005;1001,15
IMA-B 5;05/04/2005;1001,49
IMA-B 5;06/04/2005;1002,29
IMA-B 5;07/04/2005;1002,85
IMA-B 5;08/04/2005;1003,33
IMA-B 5;11/04/2005;1004,02
IMA-B 5;12/04/2005;1004,61
IMA-B 5;13/04/2005;1005,26
IMA-B 5;14/04/2005;1005,98
IMA-B 5;15/04/2005;1006,42
IMA-B 5;18/04/2005;1007,14
IMA-B 5;19/04/2005;1007,79
IMA-B 5;20/04/2005;1008,43
IMA-B 5;22/04/2005;1009,27
IMA-B 5;25/04/2005;1009,95
IMA-B 5;26/04/2005;1010,49
IMA-B 5;27/04/2005;1011,15
IMA-B 5;28/04/2005;1012,54
IMA-B 5;29/04/2005;1013,32
IMA-B 5;02/05/2005;1014,23
IMA-B 5;03/05/2005;1014,91
IMA-B 5;04/05/2005;1015,62
IMA-B 5;05/05/2005;1016,33
IMA-B 5;06/05/2005;1017,19
IMA-B 5;09/05/2005;1017,97
IMA-B 5;10/05/2005;1018,73
IMA-B 5;11/05/2005;1019,93
IMA-B 5;12/05/2005;1020,12
IMA-B 5;13/05/2005;1020,7
IMA-B 5;16/05/2005;1021,21
IMA-B 5;17/05/2005;1021,92
IMA-B 5;18/05/2005;1022,32
IMA-B 5;19/05/2005;1022,94
IMA-B 5;20/05/2005;1023,57
IMA-B 5;23/05/2005;1023,93
IMA-B 5;24/05/2005;1024,46
IMA-B 5;25/05/2005;1025,13
IMA-B 5;27/05/2005;1025,68
IMA-B 5;30/05/2005;1026,15
IMA-B 5;31/05/2005;1026,8
IMA-B 5;01/06/2005;1026,66
IMA-B 5;02/06/2005;1027,24
IMA-B 5;03/06/2005;1028,01
IMA-B 5;06/06/2005;1023,79
IMA-B 5;07/06/2005;1024,34
IMA-B 5;08/06/2005;1024,89
IMA-B 5;09/06/2005;1025,37
IMA-B 5;10/06/2005;1025,4
IMA-B 5;13/06/2005;1025,34
IMA-B 5;14/06/2005;1025,71
IMA-B 5;15/06/2005;1028,24
IMA-B 5;16/06/2005;1028,6
IMA-B 5;17/06/2005;1029,09
IMA-B 5;20/06/2005;1027,98
IMA-B 5;21/06/2005;1028,57
IMA-B 5;22/06/2005;1028,78
IMA-B 5;23/06/2005;1028,88
IMA-B 5;24/06/2005;1028,42
IMA-B 5;27/06/2005;1028,72
IMA-B 5;28/06/2005;1029,17
IMA-B 5;29/06/2005;1029,61
IMA-B 5;30/06/2005;1029,68
IMA-B 5;01/07/2005;1029,79
IMA-B 5;04/07/2005;1026,99
IMA-B 5;05/07/2005;1027,87
IMA-B 5;06/07/2005;1026,59
IMA-B 5;07/07/2005;1026,74
IMA-B 5;08/07/2005;1026,49
IMA-B 5;11/07/2005;1026,92
IMA-B 5;12/07/2005;1026,98
IMA-B 5;13/07/2005;1027,28
IMA-B 5;14/07/2005;1027,64
IMA-B 5;15/07/2005;1027,99
IMA-B 5;18/07/2005;1028,63
IMA-B 5;19/07/2005;1029,24
IMA-B 5;20/07/2005;1030,01
IMA-B 5;21/07/2005;1030,66
IMA-B 5;22/07/2005;1031,31
IMA-B 5;25/07/2005;1031,39
IMA-B 5;26/07/2005;1031,9
IMA-B 5;27/07/2005;1032,48
IMA-B 5;28/07/2005;1033,02
IMA-B 5;29/07/2005;1033,63
IMA-B 5;01/08/2005;1034,19
IMA-B 5;02/08/2005;1034,71
IMA-B 5;03/08/2005;1035,32
IMA-B 5;04/08/2005;1035,87
IMA-B 5;05/08/2005;1036,33
IMA-B 5;08/08/2005;1036,93
IMA-B 5;09/08/2005;1037,38
IMA-B 5;10/08/2005;1037,95
IMA-B 5;11/08/2005;1038,52
IMA-B 5;12/08/2005;1039,1
IMA-B 5;15/08/2005;1039,68
IMA-B 5;16/08/2005;1040,28
IMA-B 5;17/08/2005;1040,9
IMA-B 5;18/08/2005;1041,27
IMA-B 5;19/08/2005;1041,8
IMA-B 5;22/08/2005;1042,42
IMA-B 5;23/08/2005;1042,94
IMA-B 5;24/08/2005;1043,23
IMA-B 5;25/08/2005;1043,65
IMA-B 5;26/08/2005;1043,62
IMA-B 5;29/08/2005;1044,25
IMA-B 5;30/08/2005;1044,75
IMA-B 5;31/08/2005;1045,23
IMA-B 5;01/09/2005;1045,68
IMA-B 5;02/09/2005;1046,04
IMA-B 5;05/09/2005;1046,8
IMA-B 5;06/09/2005;1047,07
IMA-B 5;08/09/2005;1047,63
IMA-B 5;09/09/2005;1048,02
IMA-B 5;12/09/2005;1048,63
IMA-B 5;13/09/2005;1049,2
IMA-B 5;14/09/2005;1049,5
IMA-B 5;15/09/2005;1050,07
IMA-B 5;16/09/2005;1050,46
IMA-B 5;19/09/2005;1051,16
IMA-B 5;20/09/2005;1052,01
IMA-B 5;21/09/2005;1052,57
IMA-B 5;22/09/2005;1053,33
IMA-B 5;23/09/2005;1054,22
IMA-B 5;26/09/2005;1054,81
IMA-B 5;27/09/2005;1055,3
IMA-B 5;28/09/2005;1055,55
IMA-B 5;29/09/2005;1055,96
IMA-B 5;30/09/2005;1048,74
IMA-B 5;03/10/2005;1047,2
IMA-B 5;04/10/2005;1045,59
IMA-B 5;05/10/2005;1045,96
IMA-B 5;06/10/2005;1046,49
IMA-B 5;07/10/2005;1047,13
IMA-B 5;10/10/2005;1047,75
IMA-B 5;11/10/2005;1048,38
IMA-B 5;13/10/2005;1048,68
IMA-B 5;14/10/2005;1048,79
IMA-B 5;17/10/2005;1049,35
IMA-B 5;18/10/2005;1049,76
IMA-B 5;19/10/2005;1050,36
IMA-B 5;20/10/2005;1051,22
IMA-B 5;21/10/2005;1052
IMA-B 5;24/10/2005;1052,81
IMA-B 5;25/10/2005;1053,36
IMA-B 5;26/10/2005;1053,9
IMA-B 5;27/10/2005;1054,63
IMA-B 5;28/10/2005;1055,4
IMA-B 5;31/10/2005;1056,17
IMA-B 5;01/11/2005;1056,91
IMA-B 5;03/11/2005;1057,9
IMA-B 5;04/11/2005;1058,7
IMA-B 5;07/11/2005;1059,47
IMA-B 5;08/11/2005;1060,39
IMA-B 5;09/11/2005;1061,34
IMA-B 5;10/11/2005;1063,98
IMA-B 5;11/11/2005;1064,98
IMA-B 5;14/11/2005;1065,88
IMA-B 5;16/11/2005;1066,86
IMA-B 5;17/11/2005;1067,65
IMA-B 5;18/11/2005;1068,34
IMA-B 5;21/11/2005;1069,07
IMA-B 5;22/11/2005;1069,79
IMA-B 5;23/11/2005;1070,55
IMA-B 5;24/11/2005;1071,58
IMA-B 5;25/11/2005;1072,92
IMA-B 5;28/11/2005;1075,2
IMA-B 5;29/11/2005;1076,25
IMA-B 5;30/11/2005;1079,97
IMA-B 5;01/12/2005;1079,86
IMA-B 5;02/12/2005;1080,37
IMA-B 5;05/12/2005;1081,3
IMA-B 5;06/12/2005;1083,77
IMA-B 5;07/12/2005;1085,16
IMA-B 5;08/12/2005;1085,52
IMA-B 5;09/12/2005;1085,85
IMA-B 5;12/12/2005;1086,09
IMA-B 5;13/12/2005;1087,65
IMA-B 5;14/12/2005;1088,43
IMA-B 5;15/12/2005;1090,46
IMA-B 5;16/12/2005;1091,4
IMA-B 5;19/12/2005;1092,58
IMA-B 5;20/12/2005;1093,38
IMA-B 5;21/12/2005;1094,49
IMA-B 5;22/12/2005;1096,4
IMA-B 5;23/12/2005;1098,86
IMA-B 5;26/12/2005;1100
IMA-B 5;27/12/2005;1100,26
IMA-B 5;28/12/2005;1100,59
IMA-B 5;29/12/2005;1101,86
IMA-B 5;30/12/2005;1101,86
IMA-B 5;02/01/2006;1102,27
IMA-B 5;03/01/2006;1103,53
IMA-B 5;04/01/2006;1104,68
IMA-B 5;05/01/2006;1107,21
IMA-B 5;06/01/2006;1108,59
IMA-B 5;09/01/2006;1111,65
IMA-B 5;10/01/2006;1117,35
IMA-B 5;11/01/2006;1118,36
IMA-B 5;12/01/2006;1123,18
IMA-B 5;13/01/2006;1125,12
IMA-B 5;16/01/2006;1126,29
IMA-B 5;17/01/2006;1128,03
IMA-B 5;18/01/2006;1128,67
IMA-B 5;19/01/2006;1130,62
IMA-B 5;20/01/2006;1130,15
IMA-B 5;23/01/2006;1130,86
IMA-B 5;24/01/2006;1131,4
IMA-B 5;25/01/2006;1132,14
IMA-B 5;26/01/2006;1132,43
IMA-B 5;27/01/2006;1132,67
IMA-B 5;30/01/2006;1133,62
IMA-B 5;31/01/2006;1134,7
IMA-B 5;01/02/2006;1135,66
IMA-B 5;02/02/2006;1136,62
IMA-B 5;03/02/2006;1138,24
IMA-B 5;06/02/2006;1141,11
IMA-B 5;07/02/2006;1143,47
IMA-B 5;08/02/2006;1145,64
IMA-B 5;09/02/2006;1149,18
IMA-B 5;10/02/2006;1154,21
IMA-B 5;13/02/2006;1159,78
IMA-B 5;14/02/2006;1161,59
IMA-B 5;15/02/2006;1156,77
IMA-B 5;16/02/2006;1159,68
IMA-B 5;17/02/2006;1164,29
IMA-B 5;20/02/2006;1167,55
IMA-B 5;21/02/2006;1167,55
IMA-B 5;22/02/2006;1167,52
IMA-B 5;23/02/2006;1169,52
IMA-B 5;24/02/2006;1170,16
IMA-B 5;01/03/2006;1172,09
IMA-B 5;02/03/2006;1176,38
IMA-B 5;03/03/2006;1179
IMA-B 5;06/03/2006;1176,95
IMA-B 5;07/03/2006;1170,66
IMA-B 5;08/03/2006;1167,61
IMA-B 5;09/03/2006;1170,53
IMA-B 5;10/03/2006;1174,02
IMA-B 5;13/03/2006;1173,85
IMA-B 5;14/03/2006;1174,87
IMA-B 5;15/03/2006;1179,86
IMA-B 5;16/03/2006;1180,21
IMA-B 5;17/03/2006;1178,75
IMA-B 5;20/03/2006;1176,36
IMA-B 5;21/03/2006;1172,46
IMA-B 5;22/03/2006;1173,7
IMA-B 5;23/03/2006;1171,97
IMA-B 5;24/03/2006;1170,2
IMA-B 5;27/03/2006;1167,93
IMA-B 5;28/03/2006;1166,29
IMA-B 5;29/03/2006;1171,57
IMA-B 5;30/03/2006;1174,81
IMA-B 5;31/03/2006;1174,72
IMA-B 5;03/04/2006;1176,92
IMA-B 5;04/04/2006;1178,53
IMA-B 5;05/04/2006;1181,28
IMA-B 5;06/04/2006;1180,19
IMA-B 5;07/04/2006;1177,74
IMA-B 5;10/04/2006;1173,65
IMA-B 5;11/04/2006;1173,23
IMA-B 5;12/04/2006;1174,59
IMA-B 5;13/04/2006;1176,07
IMA-B 5;17/04/2006;1177,44
IMA-B 5;18/04/2006;1183,69
IMA-B 5;19/04/2006;1185,51
IMA-B 5;20/04/2006;1183,18
IMA-B 5;24/04/2006;1180,86
IMA-B 5;25/04/2006;1180,82
IMA-B 5;26/04/2006;1182,14
IMA-B 5;27/04/2006;1181,9
IMA-B 5;28/04/2006;1182,92
IMA-B 5;02/05/2006;1184,1
IMA-B 5;03/05/2006;1183,85
IMA-B 5;04/05/2006;1184,19
IMA-B 5;05/05/2006;1184,53
IMA-B 5;08/05/2006;1183,73
IMA-B 5;09/05/2006;1185,11
IMA-B 5;10/05/2006;1185,62
IMA-B 5;11/05/2006;1183,77
IMA-B 5;12/05/2006;1182,35
IMA-B 5;15/05/2006;1181,91
IMA-B 5;16/05/2006;1184,31
IMA-B 5;17/05/2006;1181,88
IMA-B 5;18/05/2006;1181,28
IMA-B 5;19/05/2006;1177,62
IMA-B 5;22/05/2006;1166,91
IMA-B 5;23/05/2006;1164,02
IMA-B 5;24/05/2006;1149,25
IMA-B 5;25/05/2006;1165,07
IMA-B 5;26/05/2006;1173,1
IMA-B 5;29/05/2006;1170,29
IMA-B 5;30/05/2006;1161,8
IMA-B 5;31/05/2006;1162,12
IMA-B 5;01/06/2006;1166,72
IMA-B 5;02/06/2006;1168,04
IMA-B 5;05/06/2006;1166,4
IMA-B 5;06/06/2006;1164,85
IMA-B 5;07/06/2006;1164,62
IMA-B 5;08/06/2006;1164,74
IMA-B 5;09/06/2006;1165,19
IMA-B 5;12/06/2006;1162,92
IMA-B 5;13/06/2006;1162,48
IMA-B 5;14/06/2006;1162,48
IMA-B 5;16/06/2006;1166,53
IMA-B 5;19/06/2006;1166,4
IMA-B 5;20/06/2006;1167,14
IMA-B 5;21/06/2006;1170,31
IMA-B 5;22/06/2006;1170,98
IMA-B 5;23/06/2006;1172,03
IMA-B 5;26/06/2006;1172,09
IMA-B 5;27/06/2006;1172,27
IMA-B 5;28/06/2006;1174,16
IMA-B 5;29/06/2006;1179,93
IMA-B 5;30/06/2006;1184,64
IMA-B 5;03/07/2006;1188,33
IMA-B 5;04/07/2006;1192,73
IMA-B 5;05/07/2006;1189,62
IMA-B 5;06/07/2006;1192,55
IMA-B 5;07/07/2006;1193,53
IMA-B 5;10/07/2006;1195,43
IMA-B 5;11/07/2006;1196,41
IMA-B 5;12/07/2006;1195,05
IMA-B 5;13/07/2006;1193,83
IMA-B 5;14/07/2006;1194,81
IMA-B 5;17/07/2006;1198,15
IMA-B 5;18/07/2006;1198,97
IMA-B 5;19/07/2006;1202,25
IMA-B 5;20/07/2006;1203,53
IMA-B 5;21/07/2006;1203,15
IMA-B 5;24/07/2006;1203,64
IMA-B 5;25/07/2006;1207,28
IMA-B 5;26/07/2006;1209,92
IMA-B 5;27/07/2006;1209,78
IMA-B 5;28/07/2006;1212,79
IMA-B 5;31/07/2006;1212,81
IMA-B 5;01/08/2006;1212,83
IMA-B 5;02/08/2006;1213,78
IMA-B 5;03/08/2006;1214,82
IMA-B 5;04/08/2006;1217,22
IMA-B 5;07/08/2006;1219,96
IMA-B 5;08/08/2006;1223,86
IMA-B 5;09/08/2006;1225,43
IMA-B 5;10/08/2006;1227,34
IMA-B 5;11/08/2006;1228,45
IMA-B 5;14/08/2006;1226,64
IMA-B 5;15/08/2006;1229,03
IMA-B 5;16/08/2006;1230,53
IMA-B 5;17/08/2006;1231,6
IMA-B 5;18/08/2006;1230,72
IMA-B 5;21/08/2006;1230,97
IMA-B 5;22/08/2006;1233,1
IMA-B 5;23/08/2006;1230,76
IMA-B 5;24/08/2006;1229,25
IMA-B 5;25/08/2006;1227,87
IMA-B 5;28/08/2006;1228,41
IMA-B 5;29/08/2006;1228,18
IMA-B 5;30/08/2006;1229,05
IMA-B 5;31/08/2006;1235,83
IMA-B 5;01/09/2006;1239,38
IMA-B 5;04/09/2006;1240,8
IMA-B 5;05/09/2006;1239,14
IMA-B 5;06/09/2006;1236,12
IMA-B 5;08/09/2006;1237,11
IMA-B 5;11/09/2006;1236,69
IMA-B 5;12/09/2006;1237,49
IMA-B 5;13/09/2006;1239,12
IMA-B 5;14/09/2006;1240,95
IMA-B 5;15/09/2006;1243,39
IMA-B 5;18/09/2006;1245,29
IMA-B 5;19/09/2006;1245,11
IMA-B 5;20/09/2006;1243,88
IMA-B 5;21/09/2006;1236,93
IMA-B 5;22/09/2006;1239,83
IMA-B 5;25/09/2006;1238,92
IMA-B 5;26/09/2006;1241,53
IMA-B 5;27/09/2006;1241,02
IMA-B 5;28/09/2006;1241,31
IMA-B 5;29/09/2006;1244,23
IMA-B 5;02/10/2006;1248,93
IMA-B 5;03/10/2006;1249,23
IMA-B 5;04/10/2006;1251,78
IMA-B 5;05/10/2006;1253,34
IMA-B 5;06/10/2006;1255,71
IMA-B 5;09/10/2006;1258
IMA-B 5;10/10/2006;1259,86
IMA-B 5;11/10/2006;1259,71
IMA-B 5;13/10/2006;1262,13
IMA-B 5;16/10/2006;1262,41
IMA-B 5;17/10/2006;1262,22
IMA-B 5;18/10/2006;1263,45
IMA-B 5;19/10/2006;1264,95
IMA-B 5;20/10/2006;1266,92
IMA-B 5;23/10/2006;1267,44
IMA-B 5;24/10/2006;1267,2
IMA-B 5;25/10/2006;1269,51
IMA-B 5;26/10/2006;1271,52
IMA-B 5;27/10/2006;1275,18
IMA-B 5;30/10/2006;1276,33
IMA-B 5;31/10/2006;1277,72
IMA-B 5;01/11/2006;1281,62
IMA-B 5;03/11/2006;1283,67
IMA-B 5;06/11/2006;1284,11
IMA-B 5;07/11/2006;1285,84
IMA-B 5;08/11/2006;1285,78
IMA-B 5;09/11/2006;1286,26
IMA-B 5;10/11/2006;1287,49
IMA-B 5;13/11/2006;1288,33
IMA-B 5;14/11/2006;1291,46
IMA-B 5;16/11/2006;1293,09
IMA-B 5;17/11/2006;1292,48
IMA-B 5;20/11/2006;1293,12
IMA-B 5;21/11/2006;1294,97
IMA-B 5;22/11/2006;1295,94
IMA-B 5;23/11/2006;1296,25
IMA-B 5;24/11/2006;1296,46
IMA-B 5;27/11/2006;1295,48
IMA-B 5;28/11/2006;1295,7
IMA-B 5;29/11/2006;1297,66
IMA-B 5;30/11/2006;1299,1
IMA-B 5;01/12/2006;1299,54
IMA-B 5;04/12/2006;1300,01
IMA-B 5;05/12/2006;1302,33
IMA-B 5;06/12/2006;1303,63
IMA-B 5;07/12/2006;1307,22
IMA-B 5;08/12/2006;1309,44
IMA-B 5;11/12/2006;1312,93
IMA-B 5;12/12/2006;1312,78
IMA-B 5;13/12/2006;1315,02
IMA-B 5;14/12/2006;1316,44
IMA-B 5;15/12/2006;1318,82
IMA-B 5;18/12/2006;1321,08
IMA-B 5;19/12/2006;1320,01
IMA-B 5;20/12/2006;1321,26
IMA-B 5;21/12/2006;1321,9
IMA-B 5;22/12/2006;1323,85
IMA-B 5;26/12/2006;1326
IMA-B 5;27/12/2006;1328,12
IMA-B 5;28/12/2006;1330,37
IMA-B 5;29/12/2006;1331,08
IMA-B 5;02/01/2007;1337,08
IMA-B 5;03/01/2007;1338,56
IMA-B 5;04/01/2007;1337,11
IMA-B 5;05/01/2007;1336,09
IMA-B 5;08/01/2007;1335,67
IMA-B 5;09/01/2007;1335,4
IMA-B 5;10/01/2007;1336,56
IMA-B 5;11/01/2007;1337,62
IMA-B 5;12/01/2007;1337,55
IMA-B 5;15/01/2007;1337,17
IMA-B 5;16/01/2007;1338,4
IMA-B 5;17/01/2007;1340,2
IMA-B 5;18/01/2007;1342,95
IMA-B 5;19/01/2007;1343,91
IMA-B 5;22/01/2007;1345,09
IMA-B 5;23/01/2007;1345,05
IMA-B 5;24/01/2007;1346,83
IMA-B 5;25/01/2007;1347,63
IMA-B 5;26/01/2007;1347,12
IMA-B 5;29/01/2007;1348,24
IMA-B 5;30/01/2007;1349,19
IMA-B 5;31/01/2007;1350,46
IMA-B 5;01/02/2007;1351,23
IMA-B 5;02/02/2007;1351,2
IMA-B 5;05/02/2007;1352,76
IMA-B 5;06/02/2007;1353,78
IMA-B 5;07/02/2007;1354,39
IMA-B 5;08/02/2007;1354,82
IMA-B 5;09/02/2007;1355,56
IMA-B 5;12/02/2007;1357,05
IMA-B 5;13/02/2007;1358,29
IMA-B 5;14/02/2007;1360,43
IMA-B 5;15/02/2007;1362,27
IMA-B 5;16/02/2007;1363,05
IMA-B 5;21/02/2007;1365,07
IMA-B 5;22/02/2007;1366,62
IMA-B 5;23/02/2007;1366,32
IMA-B 5;26/02/2007;1368,08
IMA-B 5;27/02/2007;1364,46
IMA-B 5;28/02/2007;1364,94
IMA-B 5;01/03/2007;1363,54
IMA-B 5;02/03/2007;1362,64
IMA-B 5;05/03/2007;1362,24
IMA-B 5;06/03/2007;1366,77
IMA-B 5;07/03/2007;1367,85
IMA-B 5;08/03/2007;1368,34
IMA-B 5;09/03/2007;1369,8
IMA-B 5;12/03/2007;1371,28
IMA-B 5;13/03/2007;1370,07
IMA-B 5;14/03/2007;1371,63
IMA-B 5;15/03/2007;1372,44
IMA-B 5;16/03/2007;1372,95
IMA-B 5;19/03/2007;1374,17
IMA-B 5;20/03/2007;1374,74
IMA-B 5;21/03/2007;1378,21
IMA-B 5;22/03/2007;1379,04
IMA-B 5;23/03/2007;1379,63
IMA-B 5;26/03/2007;1380,71
IMA-B 5;27/03/2007;1381,24
IMA-B 5;28/03/2007;1381,44
IMA-B 5;29/03/2007;1382,51
IMA-B 5;30/03/2007;1383,93
IMA-B 5;02/04/2007;1384,87
IMA-B 5;03/04/2007;1386,77
IMA-B 5;04/04/2007;1388,46
IMA-B 5;05/04/2007;1390,21
IMA-B 5;09/04/2007;1391,93
IMA-B 5;10/04/2007;1393,92
IMA-B 5;11/04/2007;1393,91
IMA-B 5;12/04/2007;1394,04
IMA-B 5;13/04/2007;1396,07
IMA-B 5;16/04/2007;1397,56
IMA-B 5;17/04/2007;1399,11
IMA-B 5;18/04/2007;1401,24
IMA-B 5;19/04/2007;1411,71
IMA-B 5;20/04/2007;1414,8
IMA-B 5;23/04/2007;1415,28
IMA-B 5;24/04/2007;1414,55
IMA-B 5;25/04/2007;1416,2
IMA-B 5;26/04/2007;1415,45
IMA-B 5;27/04/2007;1415,59
IMA-B 5;30/04/2007;1416,61
IMA-B 5;02/05/2007;1419,24
IMA-B 5;03/05/2007;1420,65
IMA-B 5;04/05/2007;1422,3
IMA-B 5;07/05/2007;1422,61
IMA-B 5;08/05/2007;1423,11
IMA-B 5;09/05/2007;1424,74
IMA-B 5;10/05/2007;1424,32
IMA-B 5;11/05/2007;1425,59
IMA-B 5;14/05/2007;1426,44
IMA-B 5;15/05/2007;1428,98
IMA-B 5;16/05/2007;1433,47
IMA-B 5;17/05/2007;1436,11
IMA-B 5;18/05/2007;1435,38
IMA-B 5;21/05/2007;1437,02
IMA-B 5;22/05/2007;1437,37
IMA-B 5;23/05/2007;1435,44
IMA-B 5;24/05/2007;1431,19
IMA-B 5;25/05/2007;1434,97
IMA-B 5;28/05/2007;1436,31
IMA-B 5;29/05/2007;1434,78
IMA-B 5;30/05/2007;1434,96
IMA-B 5;31/05/2007;1436,95
IMA-B 5;01/06/2007;1439,68
IMA-B 5;04/06/2007;1437,13
IMA-B 5;05/06/2007;1436,76
IMA-B 5;06/06/2007;1436,78
IMA-B 5;08/06/2007;1440,54
IMA-B 5;11/06/2007;1442,56
IMA-B 5;12/06/2007;1441,85
IMA-B 5;13/06/2007;1443,5
IMA-B 5;14/06/2007;1446,89
IMA-B 5;15/06/2007;1449,59
IMA-B 5;18/06/2007;1450,23
IMA-B 5;19/06/2007;1452,55
IMA-B 5;20/06/2007;1453,12
IMA-B 5;21/06/2007;1453,79
IMA-B 5;22/06/2007;1452,09
IMA-B 5;25/06/2007;1446,27
IMA-B 5;26/06/2007;1448
IMA-B 5;27/06/2007;1450,66
IMA-B 5;28/06/2007;1452,1
IMA-B 5;29/06/2007;1453,42
IMA-B 5;02/07/2007;1454,78
IMA-B 5;03/07/2007;1455,57
IMA-B 5;04/07/2007;1454,47
IMA-B 5;05/07/2007;1454,55
IMA-B 5;06/07/2007;1456,51
IMA-B 5;09/07/2007;1457,07
IMA-B 5;10/07/2007;1456,46
IMA-B 5;11/07/2007;1458,33
IMA-B 5;12/07/2007;1460,42
IMA-B 5;13/07/2007;1461,21
IMA-B 5;16/07/2007;1460,64
IMA-B 5;17/07/2007;1462,08
IMA-B 5;18/07/2007;1462,43
IMA-B 5;19/07/2007;1460,58
IMA-B 5;20/07/2007;1460,6
IMA-B 5;23/07/2007;1460,96
IMA-B 5;24/07/2007;1459,15
IMA-B 5;25/07/2007;1459,31
IMA-B 5;26/07/2007;1453,63
IMA-B 5;27/07/2007;1456,49
IMA-B 5;30/07/2007;1457,22
IMA-B 5;31/07/2007;1456,72
IMA-B 5;01/08/2007;1454,1
IMA-B 5;02/08/2007;1455,85
IMA-B 5;03/08/2007;1453,26
IMA-B 5;06/08/2007;1453,23
IMA-B 5;07/08/2007;1456,16
IMA-B 5;08/08/2007;1459
IMA-B 5;09/08/2007;1455,22
IMA-B 5;10/08/2007;1455,77
IMA-B 5;13/08/2007;1457,42
IMA-B 5;14/08/2007;1455,48
IMA-B 5;15/08/2007;1448,71
IMA-B 5;16/08/2007;1429,51
IMA-B 5;17/08/2007;1441,73
IMA-B 5;20/08/2007;1439,86
IMA-B 5;21/08/2007;1439,46
IMA-B 5;22/08/2007;1444,93
IMA-B 5;23/08/2007;1453,95
IMA-B 5;24/08/2007;1459,18
IMA-B 5;27/08/2007;1459,62
IMA-B 5;28/08/2007;1455,66
IMA-B 5;29/08/2007;1461,75
IMA-B 5;30/08/2007;1462,12
IMA-B 5;31/08/2007;1465,24
IMA-B 5;03/09/2007;1468,1
IMA-B 5;04/09/2007;1469,64
IMA-B 5;05/09/2007;1466,66
IMA-B 5;06/09/2007;1469,09
IMA-B 5;10/09/2007;1467
IMA-B 5;11/09/2007;1468,47
IMA-B 5;12/09/2007;1470,2
IMA-B 5;13/09/2007;1470,02
IMA-B 5;14/09/2007;1472,81
IMA-B 5;17/09/2007;1472,03
IMA-B 5;18/09/2007;1477,87
IMA-B 5;19/09/2007;1480,72
IMA-B 5;20/09/2007;1481,45
IMA-B 5;21/09/2007;1483,14
IMA-B 5;24/09/2007;1481,22
IMA-B 5;25/09/2007;1483,27
IMA-B 5;26/09/2007;1483,31
IMA-B 5;27/09/2007;1483,6
IMA-B 5;28/09/2007;1485,02
IMA-B 5;01/10/2007;1487,41
IMA-B 5;02/10/2007;1487,61
IMA-B 5;03/10/2007;1487,34
IMA-B 5;04/10/2007;1487,19
IMA-B 5;05/10/2007;1488,95
IMA-B 5;08/10/2007;1489,57
IMA-B 5;09/10/2007;1492,06
IMA-B 5;10/10/2007;1490,92
IMA-B 5;11/10/2007;1491,02
IMA-B 5;15/10/2007;1492,33
IMA-B 5;16/10/2007;1491,19
IMA-B 5;17/10/2007;1491,02
IMA-B 5;18/10/2007;1489,4
IMA-B 5;19/10/2007;1486,93
IMA-B 5;22/10/2007;1479,4
IMA-B 5;23/10/2007;1484,34
IMA-B 5;24/10/2007;1481,72
IMA-B 5;25/10/2007;1481,36
IMA-B 5;26/10/2007;1483,52
IMA-B 5;29/10/2007;1486,11
IMA-B 5;30/10/2007;1486,53
IMA-B 5;31/10/2007;1486,63
IMA-B 5;01/11/2007;1485,48
IMA-B 5;05/11/2007;1483,93
IMA-B 5;06/11/2007;1486,57
IMA-B 5;07/11/2007;1484,94
IMA-B 5;08/11/2007;1482,04
IMA-B 5;09/11/2007;1485,48
IMA-B 5;12/11/2007;1483,27
IMA-B 5;13/11/2007;1483,91
IMA-B 5;14/11/2007;1489,08
IMA-B 5;16/11/2007;1489,65
IMA-B 5;19/11/2007;1489,86
IMA-B 5;20/11/2007;1490,48
IMA-B 5;21/11/2007;1491,22
IMA-B 5;22/11/2007;1492,41
IMA-B 5;23/11/2007;1493,32
IMA-B 5;26/11/2007;1493,95
IMA-B 5;27/11/2007;1494,22
IMA-B 5;28/11/2007;1495,73
IMA-B 5;29/11/2007;1495,06
IMA-B 5;30/11/2007;1497,45
IMA-B 5;03/12/2007;1497,96
IMA-B 5;04/12/2007;1496,77
IMA-B 5;05/12/2007;1495,51
IMA-B 5;06/12/2007;1498,36
IMA-B 5;07/12/2007;1500,44
IMA-B 5;10/12/2007;1500,04
IMA-B 5;11/12/2007;1502,43
IMA-B 5;12/12/2007;1502,38
IMA-B 5;13/12/2007;1497,99
IMA-B 5;14/12/2007;1500,44
IMA-B 5;17/12/2007;1501,36
IMA-B 5;18/12/2007;1504,03
IMA-B 5;19/12/2007;1505,84
IMA-B 5;20/12/2007;1504,3
IMA-B 5;21/12/2007;1505,18
IMA-B 5;24/12/2007;1506,19
IMA-B 5;26/12/2007;1505,97
IMA-B 5;27/12/2007;1503,06
IMA-B 5;28/12/2007;1505,42
IMA-B 5;31/12/2007;1506,44
IMA-B 5;02/01/2008;1511
IMA-B 5;03/01/2008;1515,64
IMA-B 5;04/01/2008;1515,28
IMA-B 5;07/01/2008;1516,95
IMA-B 5;08/01/2008;1518,81
IMA-B 5;09/01/2008;1519,49
IMA-B 5;10/01/2008;1519,14
IMA-B 5;11/01/2008;1520,99
IMA-B 5;14/01/2008;1521,47
IMA-B 5;15/01/2008;1522,7
IMA-B 5;16/01/2008;1522,51
IMA-B 5;17/01/2008;1522,5
IMA-B 5;18/01/2008;1524,3
IMA-B 5;21/01/2008;1521,39
IMA-B 5;22/01/2008;1523,97
IMA-B 5;23/01/2008;1522,95
IMA-B 5;24/01/2008;1526,69
IMA-B 5;25/01/2008;1527,55
IMA-B 5;28/01/2008;1529,56
IMA-B 5;29/01/2008;1529,32
IMA-B 5;30/01/2008;1527,53
IMA-B 5;31/01/2008;1527
IMA-B 5;01/02/2008;1527,12
IMA-B 5;06/02/2008;1527,46
IMA-B 5;07/02/2008;1528,93
IMA-B 5;08/02/2008;1530
IMA-B 5;11/02/2008;1532,03
IMA-B 5;12/02/2008;1534,14
IMA-B 5;13/02/2008;1535,39
IMA-B 5;14/02/2008;1535,41
IMA-B 5;15/02/2008;1534,68
IMA-B 5;18/02/2008;1538,37
IMA-B 5;19/02/2008;1538
IMA-B 5;20/02/2008;1540,11
IMA-B 5;21/02/2008;1544,41
IMA-B 5;22/02/2008;1545,85
IMA-B 5;25/02/2008;1545,45
IMA-B 5;26/02/2008;1548,58
IMA-B 5;27/02/2008;1548,75
IMA-B 5;28/02/2008;1549,53
IMA-B 5;29/02/2008;1549,23
IMA-B 5;03/03/2008;1551,1
IMA-B 5;04/03/2008;1550,82
IMA-B 5;05/03/2008;1552,62
IMA-B 5;06/03/2008;1548,9
IMA-B 5;07/03/2008;1544,6
IMA-B 5;10/03/2008;1541,6
IMA-B 5;11/03/2008;1546,18
IMA-B 5;12/03/2008;1544,77
IMA-B 5;13/03/2008;1538,47
IMA-B 5;14/03/2008;1536,03
IMA-B 5;17/03/2008;1534,88
IMA-B 5;18/03/2008;1538,5
IMA-B 5;19/03/2008;1535,79
IMA-B 5;20/03/2008;1535,19
IMA-B 5;24/03/2008;1534,35
IMA-B 5;25/03/2008;1534,36
IMA-B 5;26/03/2008;1534
IMA-B 5;27/03/2008;1535,53
IMA-B 5;28/03/2008;1537,99
IMA-B 5;31/03/2008;1537,53
IMA-B 5;01/04/2008;1540,27
IMA-B 5;02/04/2008;1542,61
IMA-B 5;03/04/2008;1546,46
IMA-B 5;04/04/2008;1547,19
IMA-B 5;07/04/2008;1545,92
IMA-B 5;08/04/2008;1547,54
IMA-B 5;09/04/2008;1550,95
IMA-B 5;10/04/2008;1550,72
IMA-B 5;11/04/2008;1550,68
IMA-B 5;14/04/2008;1550,53
IMA-B 5;15/04/2008;1550,83
IMA-B 5;16/04/2008;1550,36
IMA-B 5;17/04/2008;1552,92
IMA-B 5;18/04/2008;1551,44
IMA-B 5;22/04/2008;1547,81
IMA-B 5;23/04/2008;1553,66
IMA-B 5;24/04/2008;1554,6
IMA-B 5;25/04/2008;1557,03
IMA-B 5;28/04/2008;1555,9
IMA-B 5;29/04/2008;1556,54
IMA-B 5;30/04/2008;1565,02
IMA-B 5;02/05/2008;1569,6
IMA-B 5;05/05/2008;1568,37
IMA-B 5;06/05/2008;1563,67
IMA-B 5;07/05/2008;1559,39
IMA-B 5;08/05/2008;1563,32
IMA-B 5;09/05/2008;1561,4
IMA-B 5;12/05/2008;1565,74
IMA-B 5;13/05/2008;1567,92
IMA-B 5;14/05/2008;1565,17
IMA-B 5;15/05/2008;1565,99
IMA-B 5;16/05/2008;1569,34
IMA-B 5;19/05/2008;1568,21
IMA-B 5;20/05/2008;1571,02
IMA-B 5;21/05/2008;1569,93
IMA-B 5;23/05/2008;1569,78
IMA-B 5;26/05/2008;1568,78
IMA-B 5;27/05/2008;1566,78
IMA-B 5;28/05/2008;1567,88
IMA-B 5;29/05/2008;1571,71
IMA-B 5;30/05/2008;1573,2
IMA-B 5;02/06/2008;1571,54
IMA-B 5;03/06/2008;1573,72
IMA-B 5;04/06/2008;1573,7
IMA-B 5;05/06/2008;1573,86
IMA-B 5;06/06/2008;1571,05
IMA-B 5;09/06/2008;1566,33
IMA-B 5;10/06/2008;1568,48
IMA-B 5;11/06/2008;1572,76
IMA-B 5;12/06/2008;1574,95
IMA-B 5;13/06/2008;1575,69
IMA-B 5;16/06/2008;1577,82
IMA-B 5;17/06/2008;1579
IMA-B 5;18/06/2008;1578,8
IMA-B 5;19/06/2008;1579,8
IMA-B 5;20/06/2008;1578,08
IMA-B 5;23/06/2008;1578,67
IMA-B 5;24/06/2008;1580,32
IMA-B 5;25/06/2008;1584,23
IMA-B 5;26/06/2008;1584,23
IMA-B 5;27/06/2008;1585,57
IMA-B 5;30/06/2008;1585,87
IMA-B 5;01/07/2008;1585,55
IMA-B 5;02/07/2008;1584,52
IMA-B 5;03/07/2008;1585,56
IMA-B 5;04/07/2008;1585,63
IMA-B 5;07/07/2008;1590,88
IMA-B 5;08/07/2008;1592,58
IMA-B 5;09/07/2008;1593,66
IMA-B 5;10/07/2008;1592,28
IMA-B 5;11/07/2008;1589,5
IMA-B 5;14/07/2008;1591,41
IMA-B 5;15/07/2008;1596,24
IMA-B 5;16/07/2008;1596,02
IMA-B 5;17/07/2008;1593,57
IMA-B 5;18/07/2008;1594,81
IMA-B 5;21/07/2008;1593,02
IMA-B 5;22/07/2008;1596,14
IMA-B 5;23/07/2008;1597,09
IMA-B 5;24/07/2008;1597,18
IMA-B 5;25/07/2008;1599,85
IMA-B 5;28/07/2008;1601,06
IMA-B 5;29/07/2008;1600,83
IMA-B 5;30/07/2008;1603,37
IMA-B 5;31/07/2008;1602,94
IMA-B 5;01/08/2008;1604,05
IMA-B 5;04/08/2008;1604,69
IMA-B 5;05/08/2008;1606,35
IMA-B 5;06/08/2008;1607,09
IMA-B 5;07/08/2008;1607,02
IMA-B 5;08/08/2008;1607,34
IMA-B 5;11/08/2008;1606,09
IMA-B 5;12/08/2008;1606,04
IMA-B 5;13/08/2008;1606,58
IMA-B 5;14/08/2008;1609,48
IMA-B 5;15/08/2008;1612,33
IMA-B 5;18/08/2008;1612,7
IMA-B 5;19/08/2008;1613,41
IMA-B 5;20/08/2008;1613
IMA-B 5;21/08/2008;1614,17
IMA-B 5;22/08/2008;1614,05
IMA-B 5;25/08/2008;1613,45
IMA-B 5;26/08/2008;1614,98
IMA-B 5;27/08/2008;1616,84
IMA-B 5;28/08/2008;1617,73
IMA-B 5;29/08/2008;1619,12
IMA-B 5;01/09/2008;1620,24
IMA-B 5;02/09/2008;1619,58
IMA-B 5;03/09/2008;1619,55
IMA-B 5;04/09/2008;1615,42
IMA-B 5;05/09/2008;1617,93
IMA-B 5;08/09/2008;1618,78
IMA-B 5;09/09/2008;1617,4
IMA-B 5;10/09/2008;1622,09
IMA-B 5;11/09/2008;1622,92
IMA-B 5;12/09/2008;1623,7
IMA-B 5;15/09/2008;1621,44
IMA-B 5;16/09/2008;1619,98
IMA-B 5;17/09/2008;1610,13
IMA-B 5;18/09/2008;1596,32
IMA-B 5;19/09/2008;1610,88
IMA-B 5;22/09/2008;1612,23
IMA-B 5;23/09/2008;1607,53
IMA-B 5;24/09/2008;1606,64
IMA-B 5;25/09/2008;1611,85
IMA-B 5;26/09/2008;1613,08
IMA-B 5;29/09/2008;1608,78
IMA-B 5;30/09/2008;1614,84
IMA-B 5;01/10/2008;1622,4
IMA-B 5;02/10/2008;1616,84
IMA-B 5;03/10/2008;1617,83
IMA-B 5;06/10/2008;1605,89
IMA-B 5;07/10/2008;1602,31
IMA-B 5;08/10/2008;1605,56
IMA-B 5;09/10/2008;1610,2
IMA-B 5;10/10/2008;1599,77
IMA-B 5;13/10/2008;1612,22
IMA-B 5;14/10/2008;1611,4
IMA-B 5;15/10/2008;1609,87
IMA-B 5;16/10/2008;1611,03
IMA-B 5;17/10/2008;1612,25
IMA-B 5;20/10/2008;1613,6
IMA-B 5;21/10/2008;1613,81
IMA-B 5;22/10/2008;1596,91
IMA-B 5;23/10/2008;1591,38
IMA-B 5;24/10/2008;1580,12
IMA-B 5;27/10/2008;1584,04
IMA-B 5;28/10/2008;1593,76
IMA-B 5;29/10/2008;1603,9
IMA-B 5;30/10/2008;1604,84
IMA-B 5;31/10/2008;1605,65
IMA-B 5;03/11/2008;1609,46
IMA-B 5;04/11/2008;1615,97
IMA-B 5;05/11/2008;1613,9
IMA-B 5;06/11/2008;1613,07
IMA-B 5;07/11/2008;1621,88
IMA-B 5;10/11/2008;1622,92
IMA-B 5;11/11/2008;1624,62
IMA-B 5;12/11/2008;1626,32
IMA-B 5;13/11/2008;1618,23
IMA-B 5;14/11/2008;1624,92
IMA-B 5;17/11/2008;1626,03
IMA-B 5;18/11/2008;1626,68
IMA-B 5;19/11/2008;1627,68
IMA-B 5;20/11/2008;1628,68
IMA-B 5;21/11/2008;1630,89
IMA-B 5;24/11/2008;1632,59
IMA-B 5;25/11/2008;1635,31
IMA-B 5;26/11/2008;1636,95
IMA-B 5;27/11/2008;1638,12
IMA-B 5;28/11/2008;1642,25
IMA-B 5;01/12/2008;1650,83
IMA-B 5;02/12/2008;1662,75
IMA-B 5;03/12/2008;1665,41
IMA-B 5;04/12/2008;1666,65
IMA-B 5;05/12/2008;1672,58
IMA-B 5;08/12/2008;1677,22
IMA-B 5;09/12/2008;1677,02
IMA-B 5;10/12/2008;1683,29
IMA-B 5;11/12/2008;1688,41
IMA-B 5;12/12/2008;1690,01
IMA-B 5;15/12/2008;1690,6
IMA-B 5;16/12/2008;1689,59
IMA-B 5;17/12/2008;1698,1
IMA-B 5;18/12/2008;1706,66
IMA-B 5;19/12/2008;1704,01
IMA-B 5;22/12/2008;1704,24
IMA-B 5;23/12/2008;1707,31
IMA-B 5;24/12/2008;1707,31
IMA-B 5;26/12/2008;1708,93
IMA-B 5;29/12/2008;1709,77
IMA-B 5;30/12/2008;1714,23
IMA-B 5;31/12/2008;1714,23
IMA-B 5;02/01/2009;1716,92
IMA-B 5;05/01/2009;1722,5
IMA-B 5;06/01/2009;1725,39
IMA-B 5;07/01/2009;1723,25
IMA-B 5;08/01/2009;1727,67
IMA-B 5;09/01/2009;1733,22
IMA-B 5;12/01/2009;1734,89
IMA-B 5;13/01/2009;1742,01
IMA-B 5;14/01/2009;1740,6
IMA-B 5;15/01/2009;1744,03
IMA-B 5;16/01/2009;1745,09
IMA-B 5;19/01/2009;1749,53
IMA-B 5;20/01/2009;1751,17
IMA-B 5;21/01/2009;1754,88
IMA-B 5;22/01/2009;1759,14
IMA-B 5;23/01/2009;1757,18
IMA-B 5;26/01/2009;1754,56
IMA-B 5;27/01/2009;1758,05
IMA-B 5;28/01/2009;1761,12
IMA-B 5;29/01/2009;1758,06
IMA-B 5;30/01/2009;1761,67
IMA-B 5;02/02/2009;1764,95
IMA-B 5;03/02/2009;1766,19
IMA-B 5;04/02/2009;1764,65
IMA-B 5;05/02/2009;1764,49
IMA-B 5;06/02/2009;1769,15
IMA-B 5;09/02/2009;1768,43
IMA-B 5;10/02/2009;1769,2
IMA-B 5;11/02/2009;1768,11
IMA-B 5;12/02/2009;1765,07
IMA-B 5;13/02/2009;1768,53
IMA-B 5;16/02/2009;1770,74
IMA-B 5;17/02/2009;1772,04
IMA-B 5;18/02/2009;1772,16
IMA-B 5;19/02/2009;1776,07
IMA-B 5;20/02/2009;1776,59
IMA-B 5;25/02/2009;1778,72
IMA-B 5;26/02/2009;1784,64
IMA-B 5;27/02/2009;1789,54
IMA-B 5;02/03/2009;1792,38
IMA-B 5;03/03/2009;1790,29
IMA-B 5;04/03/2009;1787,98
IMA-B 5;05/03/2009;1790,09
IMA-B 5;06/03/2009;1795,12
IMA-B 5;09/03/2009;1798,75
IMA-B 5;10/03/2009;1802,31
IMA-B 5;11/03/2009;1806,34
IMA-B 5;12/03/2009;1807,11
IMA-B 5;13/03/2009;1804,92
IMA-B 5;16/03/2009;1805,25
IMA-B 5;17/03/2009;1805
IMA-B 5;18/03/2009;1811,55
IMA-B 5;19/03/2009;1819,45
IMA-B 5;20/03/2009;1820,96
IMA-B 5;23/03/2009;1819,82
IMA-B 5;24/03/2009;1817,25
IMA-B 5;25/03/2009;1815,64
IMA-B 5;26/03/2009;1816,41
IMA-B 5;27/03/2009;1817,31
IMA-B 5;30/03/2009;1817,93
IMA-B 5;31/03/2009;1817,82
IMA-B 5;01/04/2009;1819,59
IMA-B 5;02/04/2009;1818,51
IMA-B 5;03/04/2009;1817,57
IMA-B 5;06/04/2009;1818,93
IMA-B 5;07/04/2009;1819,97
IMA-B 5;08/04/2009;1820,16
IMA-B 5;09/04/2009;1820,57
IMA-B 5;13/04/2009;1820,3
IMA-B 5;14/04/2009;1823,88
IMA-B 5;15/04/2009;1824,39
IMA-B 5;16/04/2009;1821,35
IMA-B 5;17/04/2009;1818,53
IMA-B 5;20/04/2009;1818,14
IMA-B 5;22/04/2009;1820,82
IMA-B 5;23/04/2009;1823,41
IMA-B 5;24/04/2009;1823,1
IMA-B 5;27/04/2009;1822,98
IMA-B 5;28/04/2009;1825,55
IMA-B 5;29/04/2009;1826,91
IMA-B 5;30/04/2009;1828,59
IMA-B 5;04/05/2009;1830,31
IMA-B 5;05/05/2009;1832,88
IMA-B 5;06/05/2009;1835,57
IMA-B 5;07/05/2009;1838,34
IMA-B 5;08/05/2009;1840,61
IMA-B 5;11/05/2009;1842,28
IMA-B 5;12/05/2009;1843,78
IMA-B 5;13/05/2009;1844,74
IMA-B 5;14/05/2009;1847,59
IMA-B 5;15/05/2009;1851,09
IMA-B 5;18/05/2009;1854,41
IMA-B 5;19/05/2009;1855,64
IMA-B 5;20/05/2009;1861,06
IMA-B 5;21/05/2009;1858,36
IMA-B 5;22/05/2009;1861,12
IMA-B 5;25/05/2009;1862,79
IMA-B 5;26/05/2009;1864,97
IMA-B 5;27/05/2009;1863,73
IMA-B 5;28/05/2009;1865,29
IMA-B 5;29/05/2009;1868,01
IMA-B 5;01/06/2009;1871,62
IMA-B 5;02/06/2009;1874,23
IMA-B 5;03/06/2009;1875,44
IMA-B 5;04/06/2009;1875,93
IMA-B 5;05/06/2009;1872,2
IMA-B 5;08/06/2009;1868,36
IMA-B 5;09/06/2009;1860,8
IMA-B 5;10/06/2009;1860,25
IMA-B 5;12/06/2009;1870,36
IMA-B 5;15/06/2009;1871,14
IMA-B 5;16/06/2009;1874,09
IMA-B 5;17/06/2009;1874,98
IMA-B 5;18/06/2009;1872,08
IMA-B 5;19/06/2009;1869,36
IMA-B 5;22/06/2009;1869,68
IMA-B 5;23/06/2009;1872,27
IMA-B 5;24/06/2009;1873,12
IMA-B 5;25/06/2009;1875,25
IMA-B 5;26/06/2009;1877,24
IMA-B 5;29/06/2009;1874,85
IMA-B 5;30/06/2009;1876,03
IMA-B 5;01/07/2009;1879,51
IMA-B 5;02/07/2009;1883,14
IMA-B 5;03/07/2009;1885,23
IMA-B 5;06/07/2009;1889,04
IMA-B 5;07/07/2009;1890,1
IMA-B 5;08/07/2009;1892,59
IMA-B 5;09/07/2009;1893,31
IMA-B 5;10/07/2009;1895,34
IMA-B 5;13/07/2009;1893,41
IMA-B 5;14/07/2009;1897,27
IMA-B 5;15/07/2009;1898,24
IMA-B 5;16/07/2009;1899,08
IMA-B 5;17/07/2009;1901,15
IMA-B 5;20/07/2009;1902,95
IMA-B 5;21/07/2009;1903,51
IMA-B 5;22/07/2009;1904,71
IMA-B 5;23/07/2009;1902,41
IMA-B 5;24/07/2009;1903,52
IMA-B 5;27/07/2009;1903,94
IMA-B 5;28/07/2009;1902,83
IMA-B 5;29/07/2009;1903,45
IMA-B 5;30/07/2009;1901,43
IMA-B 5;31/07/2009;1901,78
IMA-B 5;03/08/2009;1903,03
IMA-B 5;04/08/2009;1904,14
IMA-B 5;05/08/2009;1904,18
IMA-B 5;06/08/2009;1903,31
IMA-B 5;07/08/2009;1902,77
IMA-B 5;10/08/2009;1903,22
IMA-B 5;11/08/2009;1903,38
IMA-B 5;12/08/2009;1904,13
IMA-B 5;13/08/2009;1905,77
IMA-B 5;14/08/2009;1906,51
IMA-B 5;17/08/2009;1908,04
IMA-B 5;18/08/2009;1908,2
IMA-B 5;19/08/2009;1910,15
IMA-B 5;20/08/2009;1910,76
IMA-B 5;21/08/2009;1910,18
IMA-B 5;24/08/2009;1910,52
IMA-B 5;25/08/2009;1911,7
IMA-B 5;26/08/2009;1912,93
IMA-B 5;27/08/2009;1913,83
IMA-B 5;28/08/2009;1913,18
IMA-B 5;31/08/2009;1914,53
IMA-B 5;01/09/2009;1915,87
IMA-B 5;02/09/2009;1916,2
IMA-B 5;03/09/2009;1916,47
IMA-B 5;04/09/2009;1918,21
IMA-B 5;08/09/2009;1919,24
IMA-B 5;09/09/2009;1920,81
IMA-B 5;10/09/2009;1921,71
IMA-B 5;11/09/2009;1923,45
IMA-B 5;14/09/2009;1924,25
IMA-B 5;15/09/2009;1924,9
IMA-B 5;16/09/2009;1923,03
IMA-B 5;17/09/2009;1923,57
IMA-B 5;18/09/2009;1924,5
IMA-B 5;21/09/2009;1920,84
IMA-B 5;22/09/2009;1923,46
IMA-B 5;23/09/2009;1923,14
IMA-B 5;24/09/2009;1922,67
IMA-B 5;25/09/2009;1922,82
IMA-B 5;28/09/2009;1925,28
IMA-B 5;29/09/2009;1926,48
IMA-B 5;30/09/2009;1926,93
IMA-B 5;01/10/2009;1926,09
IMA-B 5;02/10/2009;1928,72
IMA-B 5;05/10/2009;1929,97
IMA-B 5;06/10/2009;1929,28
IMA-B 5;07/10/2009;1929,39
IMA-B 5;08/10/2009;1928,23
IMA-B 5;09/10/2009;1928,65
IMA-B 5;13/10/2009;1929,53
IMA-B 5;14/10/2009;1930,43
IMA-B 5;15/10/2009;1930,19
IMA-B 5;16/10/2009;1930,44
IMA-B 5;19/10/2009;1929,26
IMA-B 5;20/10/2009;1930,54
IMA-B 5;21/10/2009;1932,69
IMA-B 5;22/10/2009;1933,74
IMA-B 5;23/10/2009;1934,86
IMA-B 5;26/10/2009;1935,93
IMA-B 5;27/10/2009;1937,37
IMA-B 5;28/10/2009;1937,38
IMA-B 5;29/10/2009;1937,34
IMA-B 5;30/10/2009;1936,85
IMA-B 5;03/11/2009;1938,75
IMA-B 5;04/11/2009;1939,42
IMA-B 5;05/11/2009;1940,93
IMA-B 5;06/11/2009;1941,65
IMA-B 5;09/11/2009;1941,43
IMA-B 5;10/11/2009;1942,02
IMA-B 5;11/11/2009;1942,44
IMA-B 5;12/11/2009;1942,36
IMA-B 5;13/11/2009;1942,89
IMA-B 5;16/11/2009;1943,78
IMA-B 5;17/11/2009;1944,9
IMA-B 5;18/11/2009;1945,52
IMA-B 5;19/11/2009;1947,16
IMA-B 5;20/11/2009;1947,16
IMA-B 5;23/11/2009;1948,12
IMA-B 5;24/11/2009;1949,21
IMA-B 5;25/11/2009;1949,73
IMA-B 5;26/11/2009;1950,48
IMA-B 5;27/11/2009;1951,63
IMA-B 5;30/11/2009;1951,23
IMA-B 5;01/12/2009;1952,46
IMA-B 5;02/12/2009;1953,08
IMA-B 5;03/12/2009;1953,58
IMA-B 5;04/12/2009;1954,38
IMA-B 5;07/12/2009;1955,62
IMA-B 5;08/12/2009;1955,35
IMA-B 5;09/12/2009;1955,75
IMA-B 5;10/12/2009;1956,89
IMA-B 5;11/12/2009;1958,21
IMA-B 5;14/12/2009;1959,23
IMA-B 5;15/12/2009;1959,87
IMA-B 5;16/12/2009;1959,98
IMA-B 5;17/12/2009;1961,4
IMA-B 5;18/12/2009;1962,67
IMA-B 5;21/12/2009;1964,5
IMA-B 5;22/12/2009;1966,31
IMA-B 5;23/12/2009;1967,12
IMA-B 5;24/12/2009;1967,9
IMA-B 5;28/12/2009;1968,7
IMA-B 5;29/12/2009;1969,21
IMA-B 5;30/12/2009;1970,82
IMA-B 5;31/12/2009;1970,82
IMA-B 5;04/01/2010;1972,34
IMA-B 5;05/01/2010;1974,1
IMA-B 5;06/01/2010;1975,82
IMA-B 5;07/01/2010;1976,57
IMA-B 5;08/01/2010;1977,93
IMA-B 5;11/01/2010;1978,48
IMA-B 5;12/01/2010;1979,62
IMA-B 5;13/01/2010;1982,03
IMA-B 5;14/01/2010;1982,92
IMA-B 5;15/01/2010;1984,89
IMA-B 5;18/01/2010;1986,43
IMA-B 5;19/01/2010;1987,5
IMA-B 5;20/01/2010;1989,76
IMA-B 5;21/01/2010;1989,1
IMA-B 5;22/01/2010;1991,11
IMA-B 5;25/01/2010;1992,54
IMA-B 5;26/01/2010;1993,07
IMA-B 5;27/01/2010;1993,32
IMA-B 5;28/01/2010;1994,19
IMA-B 5;29/01/2010;1994,56
IMA-B 5;01/02/2010;1995,73
IMA-B 5;02/02/2010;1996,61
IMA-B 5;03/02/2010;1999,08
IMA-B 5;04/02/2010;2001,25
IMA-B 5;05/02/2010;2003,82
IMA-B 5;08/02/2010;2005,96
IMA-B 5;09/02/2010;2007,43
IMA-B 5;10/02/2010;2009,3
IMA-B 5;11/02/2010;2010,86
IMA-B 5;12/02/2010;2013,09
IMA-B 5;17/02/2010;2014,56
IMA-B 5;18/02/2010;2015,97
IMA-B 5;19/02/2010;2017,17
IMA-B 5;22/02/2010;2018,23
IMA-B 5;23/02/2010;2019,32
IMA-B 5;24/02/2010;2020,24
IMA-B 5;25/02/2010;2020,24
IMA-B 5;26/02/2010;2019,35
IMA-B 5;01/03/2010;2018,76
IMA-B 5;02/03/2010;2019,83
IMA-B 5;03/03/2010;2020,5
IMA-B 5;04/03/2010;2021,59
IMA-B 5;05/03/2010;2021,41
IMA-B 5;08/03/2010;2019,63
IMA-B 5;09/03/2010;2021,54
IMA-B 5;10/03/2010;2023,49
IMA-B 5;11/03/2010;2024,78
IMA-B 5;12/03/2010;2026,47
IMA-B 5;15/03/2010;2028,45
IMA-B 5;16/03/2010;2029,89
IMA-B 5;17/03/2010;2031,93
IMA-B 5;18/03/2010;2038,17
IMA-B 5;19/03/2010;2039,41
IMA-B 5;22/03/2010;2039,54
IMA-B 5;23/03/2010;2041,48
IMA-B 5;24/03/2010;2041,23
IMA-B 5;25/03/2010;2041,15
IMA-B 5;26/03/2010;2042,24
IMA-B 5;29/03/2010;2043,97
IMA-B 5;30/03/2010;2046,46
IMA-B 5;31/03/2010;2048,13
IMA-B 5;01/04/2010;2050,31
IMA-B 5;05/04/2010;2050,97
IMA-B 5;06/04/2010;2051,52
IMA-B 5;07/04/2010;2053,92
IMA-B 5;08/04/2010;2057,18
IMA-B 5;09/04/2010;2056,31
IMA-B 5;12/04/2010;2057,41
IMA-B 5;13/04/2010;2055,74
IMA-B 5;14/04/2010;2052,07
IMA-B 5;15/04/2010;2050,34
IMA-B 5;16/04/2010;2052,28
IMA-B 5;19/04/2010;2050,11
IMA-B 5;20/04/2010;2048,6
IMA-B 5;22/04/2010;2050,43
IMA-B 5;23/04/2010;2054,09
IMA-B 5;26/04/2010;2052,31
IMA-B 5;27/04/2010;2048,77
IMA-B 5;28/04/2010;2048,68
IMA-B 5;29/04/2010;2051,12
IMA-B 5;30/04/2010;2051,65
IMA-B 5;03/05/2010;2052,37
IMA-B 5;04/05/2010;2052,38
IMA-B 5;05/05/2010;2051,9
IMA-B 5;06/05/2010;2051,8
IMA-B 5;07/05/2010;2052,06
IMA-B 5;10/05/2010;2051,63
IMA-B 5;11/05/2010;2054,69
IMA-B 5;12/05/2010;2057,24
IMA-B 5;13/05/2010;2059,86
IMA-B 5;14/05/2010;2062,61
IMA-B 5;17/05/2010;2064,86
IMA-B 5;18/05/2010;2064,36
IMA-B 5;19/05/2010;2063,51
IMA-B 5;20/05/2010;2065,65
IMA-B 5;21/05/2010;2067,32
IMA-B 5;24/05/2010;2065,84
IMA-B 5;25/05/2010;2065,01
IMA-B 5;26/05/2010;2065,45
IMA-B 5;27/05/2010;2066,9
IMA-B 5;28/05/2010;2067,58
IMA-B 5;31/05/2010;2067,73
IMA-B 5;01/06/2010;2069,7
IMA-B 5;02/06/2010;2072,18
IMA-B 5;04/06/2010;2076,68
IMA-B 5;07/06/2010;2079,35
IMA-B 5;08/06/2010;2079,06
IMA-B 5;09/06/2010;2078,56
IMA-B 5;10/06/2010;2077,76
IMA-B 5;11/06/2010;2077,24
IMA-B 5;14/06/2010;2077,81
IMA-B 5;15/06/2010;2075,9
IMA-B 5;16/06/2010;2078,63
IMA-B 5;17/06/2010;2079,02
IMA-B 5;18/06/2010;2080,65
IMA-B 5;21/06/2010;2082,27
IMA-B 5;22/06/2010;2082,26
IMA-B 5;23/06/2010;2081,28
IMA-B 5;24/06/2010;2081,27
IMA-B 5;25/06/2010;2081,99
IMA-B 5;28/06/2010;2082,98
IMA-B 5;29/06/2010;2083,93
IMA-B 5;30/06/2010;2087,05
IMA-B 5;01/07/2010;2091,01
IMA-B 5;02/07/2010;2092,81
IMA-B 5;05/07/2010;2093,36
IMA-B 5;06/07/2010;2092,99
IMA-B 5;07/07/2010;2091,7
IMA-B 5;08/07/2010;2091,03
IMA-B 5;09/07/2010;2091,57
IMA-B 5;12/07/2010;2089,7
IMA-B 5;13/07/2010;2093,39
IMA-B 5;14/07/2010;2096,97
IMA-B 5;15/07/2010;2098,9
IMA-B 5;16/07/2010;2104,65
IMA-B 5;19/07/2010;2103,8
IMA-B 5;20/07/2010;2102,2
IMA-B 5;21/07/2010;2106,64
IMA-B 5;22/07/2010;2110,51
IMA-B 5;23/07/2010;2107,58
IMA-B 5;26/07/2010;2107,25
IMA-B 5;27/07/2010;2108,77
IMA-B 5;28/07/2010;2108,61
IMA-B 5;29/07/2010;2109,64
IMA-B 5;30/07/2010;2115,21
IMA-B 5;02/08/2010;2115,59
IMA-B 5;03/08/2010;2113,7
IMA-B 5;04/08/2010;2114,24
IMA-B 5;05/08/2010;2116,92
IMA-B 5;06/08/2010;2115,83
IMA-B 5;09/08/2010;2115,59
IMA-B 5;10/08/2010;2116,15
IMA-B 5;11/08/2010;2120,52
IMA-B 5;12/08/2010;2122,6
IMA-B 5;13/08/2010;2125,12
IMA-B 5;16/08/2010;2130,31
IMA-B 5;17/08/2010;2129,45
IMA-B 5;18/08/2010;2131,04
IMA-B 5;19/08/2010;2133,87
IMA-B 5;20/08/2010;2133,96
IMA-B 5;23/08/2010;2133,7
IMA-B 5;24/08/2010;2136,13
IMA-B 5;25/08/2010;2137,14
IMA-B 5;26/08/2010;2135,02
IMA-B 5;27/08/2010;2133,66
IMA-B 5;30/08/2010;2133,57
IMA-B 5;31/08/2010;2136,14
IMA-B 5;01/09/2010;2134,26
IMA-B 5;02/09/2010;2137,37
IMA-B 5;03/09/2010;2138,03
IMA-B 5;06/09/2010;2140,17
IMA-B 5;08/09/2010;2140,21
IMA-B 5;09/09/2010;2141,52
IMA-B 5;10/09/2010;2141,42
IMA-B 5;13/09/2010;2141,46
IMA-B 5;14/09/2010;2143,08
IMA-B 5;15/09/2010;2143,82
IMA-B 5;16/09/2010;2141,77
IMA-B 5;17/09/2010;2139,63
IMA-B 5;20/09/2010;2139,63
IMA-B 5;21/09/2010;2143,36
IMA-B 5;22/09/2010;2143,44
IMA-B 5;23/09/2010;2145,74
IMA-B 5;24/09/2010;2146,85
IMA-B 5;27/09/2010;2146,27
IMA-B 5;28/09/2010;2146,3
IMA-B 5;29/09/2010;2151,25
IMA-B 5;30/09/2010;2151,75
IMA-B 5;01/10/2010;2153,82
IMA-B 5;04/10/2010;2155,23
IMA-B 5;05/10/2010;2156,5
IMA-B 5;06/10/2010;2160,16
IMA-B 5;07/10/2010;2162,46
IMA-B 5;08/10/2010;2163,19
IMA-B 5;11/10/2010;2164,17
IMA-B 5;13/10/2010;2167,19
IMA-B 5;14/10/2010;2175,17
IMA-B 5;15/10/2010;2177,59
IMA-B 5;18/10/2010;2176,5
IMA-B 5;19/10/2010;2171,95
IMA-B 5;20/10/2010;2177,8
IMA-B 5;21/10/2010;2176,26
IMA-B 5;22/10/2010;2177,27
IMA-B 5;25/10/2010;2176,44
IMA-B 5;26/10/2010;2182,43
IMA-B 5;27/10/2010;2181,57
IMA-B 5;28/10/2010;2183,17
IMA-B 5;29/10/2010;2186,66
IMA-B 5;01/11/2010;2188,82
IMA-B 5;03/11/2010;2189,17
IMA-B 5;04/11/2010;2188,8
IMA-B 5;05/11/2010;2188,52
IMA-B 5;08/11/2010;2190,04
IMA-B 5;09/11/2010;2193,28
IMA-B 5;10/11/2010;2196,41
IMA-B 5;11/11/2010;2197,48
IMA-B 5;12/11/2010;2199,68
IMA-B 5;16/11/2010;2196,66
IMA-B 5;17/11/2010;2198,06
IMA-B 5;18/11/2010;2197,16
IMA-B 5;19/11/2010;2197,98
IMA-B 5;22/11/2010;2192,81
IMA-B 5;23/11/2010;2195,42
IMA-B 5;24/11/2010;2198,08
IMA-B 5;25/11/2010;2201,24
IMA-B 5;26/11/2010;2197,47
IMA-B 5;29/11/2010;2194,37
IMA-B 5;30/11/2010;2197,29
IMA-B 5;01/12/2010;2197,46
IMA-B 5;02/12/2010;2196,41
IMA-B 5;03/12/2010;2199,07
IMA-B 5;06/12/2010;2199,65
IMA-B 5;07/12/2010;2200,63
IMA-B 5;08/12/2010;2199,32
IMA-B 5;09/12/2010;2201,21
IMA-B 5;10/12/2010;2208,02
IMA-B 5;13/12/2010;2209,36
IMA-B 5;14/12/2010;2215,01
IMA-B 5;15/12/2010;2215,87
IMA-B 5;16/12/2010;2219,46
IMA-B 5;17/12/2010;2220,88
IMA-B 5;20/12/2010;2221,81
IMA-B 5;21/12/2010;2220,42
IMA-B 5;22/12/2010;2218,47
IMA-B 5;23/12/2010;2218
IMA-B 5;24/12/2010;2219,08
IMA-B 5;27/12/2010;2220,26
IMA-B 5;28/12/2010;2223,13
IMA-B 5;29/12/2010;2224,83
IMA-B 5;30/12/2010;2226,65
IMA-B 5;31/12/2010;2227,72
IMA-B 5;03/01/2011;2230,02
IMA-B 5;04/01/2011;2230,66
IMA-B 5;05/01/2011;2231,82
IMA-B 5;06/01/2011;2232,62
IMA-B 5;07/01/2011;2231,84
IMA-B 5;10/01/2011;2230,46
IMA-B 5;11/01/2011;2232,88
IMA-B 5;12/01/2011;2234,75
IMA-B 5;13/01/2011;2239,01
IMA-B 5;14/01/2011;2238,08
IMA-B 5;17/01/2011;2237,99
IMA-B 5;18/01/2011;2239,03
IMA-B 5;19/01/2011;2240,14
IMA-B 5;20/01/2011;2240,93
IMA-B 5;21/01/2011;2240,55
IMA-B 5;24/01/2011;2235,84
IMA-B 5;25/01/2011;2237,05
IMA-B 5;26/01/2011;2238,2
IMA-B 5;27/01/2011;2241,2
IMA-B 5;28/01/2011;2244,27
IMA-B 5;31/01/2011;2245,32
IMA-B 5;01/02/2011;2248,17
IMA-B 5;02/02/2011;2250,89
IMA-B 5;03/02/2011;2250,6
IMA-B 5;04/02/2011;2248,59
IMA-B 5;07/02/2011;2248,77
IMA-B 5;08/02/2011;2254,52
IMA-B 5;09/02/2011;2255,78
IMA-B 5;10/02/2011;2255,47
IMA-B 5;11/02/2011;2254,88
IMA-B 5;14/02/2011;2252,73
IMA-B 5;15/02/2011;2252,64
IMA-B 5;16/02/2011;2255,08
IMA-B 5;17/02/2011;2256,95
IMA-B 5;18/02/2011;2258,9
IMA-B 5;21/02/2011;2259,98
IMA-B 5;22/02/2011;2261,25
IMA-B 5;23/02/2011;2262,32
IMA-B 5;24/02/2011;2259,98
IMA-B 5;25/02/2011;2260,82
IMA-B 5;28/02/2011;2262,89
IMA-B 5;01/03/2011;2267,57
IMA-B 5;02/03/2011;2267,95
IMA-B 5;03/03/2011;2268,74
IMA-B 5;04/03/2011;2270,36
IMA-B 5;09/03/2011;2272,05
IMA-B 5;10/03/2011;2278,28
IMA-B 5;11/03/2011;2279,22
IMA-B 5;14/03/2011;2279,82
IMA-B 5;15/03/2011;2279,23
IMA-B 5;16/03/2011;2280,25
IMA-B 5;17/03/2011;2281,09
IMA-B 5;18/03/2011;2283,41
IMA-B 5;21/03/2011;2284,36
IMA-B 5;22/03/2011;2287,51
IMA-B 5;23/03/2011;2291,77
IMA-B 5;24/03/2011;2292,1
IMA-B 5;25/03/2011;2292,75
IMA-B 5;28/03/2011;2294,59
IMA-B 5;29/03/2011;2294,31
IMA-B 5;30/03/2011;2299,66
IMA-B 5;31/03/2011;2303,27
IMA-B 5;01/04/2011;2306,09
IMA-B 5;04/04/2011;2307,6
IMA-B 5;05/04/2011;2306,12
IMA-B 5;06/04/2011;2307,46
IMA-B 5;07/04/2011;2309,47
IMA-B 5;08/04/2011;2311,54
IMA-B 5;11/04/2011;2311,8
IMA-B 5;12/04/2011;2314,33
IMA-B 5;13/04/2011;2314,89
IMA-B 5;14/04/2011;2315,05
IMA-B 5;15/04/2011;2314,78
IMA-B 5;18/04/2011;2314,56
IMA-B 5;19/04/2011;2315,98
IMA-B 5;20/04/2011;2315,15
IMA-B 5;25/04/2011;2312,05
IMA-B 5;26/04/2011;2313,97
IMA-B 5;27/04/2011;2316,14
IMA-B 5;28/04/2011;2318,15
IMA-B 5;29/04/2011;2320,13
IMA-B 5;02/05/2011;2323,42
IMA-B 5;03/05/2011;2326,44
IMA-B 5;04/05/2011;2327,77
IMA-B 5;05/05/2011;2329,06
IMA-B 5;06/05/2011;2326,05
IMA-B 5;09/05/2011;2327,09
IMA-B 5;10/05/2011;2328,34
IMA-B 5;11/05/2011;2331,33
IMA-B 5;12/05/2011;2332,7
IMA-B 5;13/05/2011;2334,75
IMA-B 5;16/05/2011;2337,17
IMA-B 5;17/05/2011;2338,23
IMA-B 5;18/05/2011;2335,32
IMA-B 5;19/05/2011;2335,05
IMA-B 5;20/05/2011;2333,67
IMA-B 5;23/05/2011;2333,5
IMA-B 5;24/05/2011;2332,73
IMA-B 5;25/05/2011;2334,31
IMA-B 5;26/05/2011;2335,97
IMA-B 5;27/05/2011;2338,12
IMA-B 5;30/05/2011;2339,28
IMA-B 5;31/05/2011;2341,05
IMA-B 5;01/06/2011;2341,81
IMA-B 5;02/06/2011;2341,17
IMA-B 5;03/06/2011;2341,37
IMA-B 5;06/06/2011;2340,96
IMA-B 5;07/06/2011;2342,14
IMA-B 5;08/06/2011;2344,41
IMA-B 5;09/06/2011;2344,29
IMA-B 5;10/06/2011;2344,63
IMA-B 5;13/06/2011;2345,35
IMA-B 5;14/06/2011;2346,27
IMA-B 5;15/06/2011;2349,51
IMA-B 5;16/06/2011;2350
IMA-B 5;17/06/2011;2351,69
IMA-B 5;20/06/2011;2352,37
IMA-B 5;21/06/2011;2354,22
IMA-B 5;22/06/2011;2355,3
IMA-B 5;24/06/2011;2356,04
IMA-B 5;27/06/2011;2356,52
IMA-B 5;28/06/2011;2356,09
IMA-B 5;29/06/2011;2357,27
IMA-B 5;30/06/2011;2356,45
IMA-B 5;01/07/2011;2357,47
IMA-B 5;04/07/2011;2358,97
IMA-B 5;05/07/2011;2358,81
IMA-B 5;06/07/2011;2359,98
IMA-B 5;07/07/2011;2362,12
IMA-B 5;08/07/2011;2363,79
IMA-B 5;11/07/2011;2365,49
IMA-B 5;12/07/2011;2366,87
IMA-B 5;13/07/2011;2369,22
IMA-B 5;14/07/2011;2370,75
IMA-B 5;15/07/2011;2371,58
IMA-B 5;18/07/2011;2373,9
IMA-B 5;19/07/2011;2375,54
IMA-B 5;20/07/2011;2375,8
IMA-B 5;21/07/2011;2377,85
IMA-B 5;22/07/2011;2378,78
IMA-B 5;25/07/2011;2378,65
IMA-B 5;26/07/2011;2381,39
IMA-B 5;27/07/2011;2383,34
IMA-B 5;28/07/2011;2384,99
IMA-B 5;29/07/2011;2386,13
IMA-B 5;01/08/2011;2388,87
IMA-B 5;02/08/2011;2391,71
IMA-B 5;03/08/2011;2393,05
IMA-B 5;04/08/2011;2396,33
IMA-B 5;05/08/2011;2396,66
IMA-B 5;08/08/2011;2400,34
IMA-B 5;09/08/2011;2403,83
IMA-B 5;10/08/2011;2404,07
IMA-B 5;11/08/2011;2403,88
IMA-B 5;12/08/2011;2409,23
IMA-B 5;15/08/2011;2411,58
IMA-B 5;16/08/2011;2417,01
IMA-B 5;17/08/2011;2423,83
IMA-B 5;18/08/2011;2430,56
IMA-B 5;19/08/2011;2435,75
IMA-B 5;22/08/2011;2437,86
IMA-B 5;23/08/2011;2443,09
IMA-B 5;24/08/2011;2447,07
IMA-B 5;25/08/2011;2450,45
IMA-B 5;26/08/2011;2461,61
IMA-B 5;29/08/2011;2470,99
IMA-B 5;30/08/2011;2472,44
IMA-B 5;31/08/2011;2479,32
IMA-B 5;01/09/2011;2509,03
IMA-B 5;02/09/2011;2500,59
IMA-B 5;05/09/2011;2502,46
IMA-B 5;06/09/2011;2503,63
IMA-B 5;08/09/2011;2498,84
IMA-B 5;09/09/2011;2502,81
IMA-B 5;12/09/2011;2506,32
IMA-B 5;13/09/2011;2505,74
IMA-B 5;14/09/2011;2505,81
IMA-B 5;15/09/2011;2507,49
IMA-B 5;16/09/2011;2509,69
IMA-B 5;19/09/2011;2508,85
IMA-B 5;20/09/2011;2508,7
IMA-B 5;21/09/2011;2504,51
IMA-B 5;22/09/2011;2502,5
IMA-B 5;23/09/2011;2512,14
IMA-B 5;26/09/2011;2520,36
IMA-B 5;27/09/2011;2515,66
IMA-B 5;28/09/2011;2518,27
IMA-B 5;29/09/2011;2517,69
IMA-B 5;30/09/2011;2520,59
IMA-B 5;03/10/2011;2529,52
IMA-B 5;04/10/2011;2527,54
IMA-B 5;05/10/2011;2531,85
IMA-B 5;06/10/2011;2531,28
IMA-B 5;07/10/2011;2532,86
IMA-B 5;10/10/2011;2533,32
IMA-B 5;11/10/2011;2537,71
IMA-B 5;13/10/2011;2536,05
IMA-B 5;14/10/2011;2532,55
IMA-B 5;17/10/2011;2532,53
IMA-B 5;18/10/2011;2535,62
IMA-B 5;19/10/2011;2536,07
IMA-B 5;20/10/2011;2526,05
IMA-B 5;21/10/2011;2528,74
IMA-B 5;24/10/2011;2528,47
IMA-B 5;25/10/2011;2527,78
IMA-B 5;26/10/2011;2532,64
IMA-B 5;27/10/2011;2533,76
IMA-B 5;28/10/2011;2536,09
IMA-B 5;31/10/2011;2537,77
IMA-B 5;01/11/2011;2533,62
IMA-B 5;03/11/2011;2534,05
IMA-B 5;04/11/2011;2537,11
IMA-B 5;07/11/2011;2540,71
IMA-B 5;08/11/2011;2543,44
IMA-B 5;09/11/2011;2550,67
IMA-B 5;10/11/2011;2549,46
IMA-B 5;11/11/2011;2552,71
IMA-B 5;14/11/2011;2556,36
IMA-B 5;16/11/2011;2560,35
IMA-B 5;17/11/2011;2560,76
IMA-B 5;18/11/2011;2561,38
IMA-B 5;21/11/2011;2559,56
IMA-B 5;22/11/2011;2557,11
IMA-B 5;23/11/2011;2559,53
IMA-B 5;24/11/2011;2564,89
IMA-B 5;25/11/2011;2566,6
IMA-B 5;28/11/2011;2565,55
IMA-B 5;29/11/2011;2568,08
IMA-B 5;30/11/2011;2573,6
IMA-B 5;01/12/2011;2569,18
IMA-B 5;02/12/2011;2570,51
IMA-B 5;05/12/2011;2569,27
IMA-B 5;06/12/2011;2571,92
IMA-B 5;07/12/2011;2576,88
IMA-B 5;08/12/2011;2577,22
IMA-B 5;09/12/2011;2576,37
IMA-B 5;12/12/2011;2579,3
IMA-B 5;13/12/2011;2579,24
IMA-B 5;14/12/2011;2578,71
IMA-B 5;15/12/2011;2577,01
IMA-B 5;16/12/2011;2576,01
IMA-B 5;19/12/2011;2575,81
IMA-B 5;20/12/2011;2578,47
IMA-B 5;21/12/2011;2580,68
IMA-B 5;22/12/2011;2573,38
IMA-B 5;23/12/2011;2569,48
IMA-B 5;26/12/2011;2566,48
IMA-B 5;27/12/2011;2569,72
IMA-B 5;28/12/2011;2572,51
IMA-B 5;29/12/2011;2576,1
IMA-B 5;30/12/2011;2577,2
IMA-B 5;02/01/2012;2580,44
IMA-B 5;03/01/2012;2580,87
IMA-B 5;04/01/2012;2577,68
IMA-B 5;05/01/2012;2575,88
IMA-B 5;06/01/2012;2579,94
IMA-B 5;09/01/2012;2580,91
IMA-B 5;10/01/2012;2583,91
IMA-B 5;11/01/2012;2583,9
IMA-B 5;12/01/2012;2583,73
IMA-B 5;13/01/2012;2586,08
IMA-B 5;16/01/2012;2587,51
IMA-B 5;17/01/2012;2587,22
IMA-B 5;18/01/2012;2590,36
IMA-B 5;19/01/2012;2595,29
IMA-B 5;20/01/2012;2601,24
IMA-B 5;23/01/2012;2599,04
IMA-B 5;24/01/2012;2600,5
IMA-B 5;25/01/2012;2601,51
IMA-B 5;26/01/2012;2612,44
IMA-B 5;27/01/2012;2618,12
IMA-B 5;30/01/2012;2624,81
IMA-B 5;31/01/2012;2624,97
IMA-B 5;01/02/2012;2628,04
IMA-B 5;02/02/2012;2631,6
IMA-B 5;03/02/2012;2631,23
IMA-B 5;06/02/2012;2630,88
IMA-B 5;07/02/2012;2634,1
IMA-B 5;08/02/2012;2637,9
IMA-B 5;09/02/2012;2642,77
IMA-B 5;10/02/2012;2647,03
IMA-B 5;13/02/2012;2645,83
IMA-B 5;14/02/2012;2649,27
IMA-B 5;15/02/2012;2649,63
IMA-B 5;16/02/2012;2653,17
IMA-B 5;17/02/2012;2656,84
IMA-B 5;22/02/2012;2658,45
IMA-B 5;23/02/2012;2658,92
IMA-B 5;24/02/2012;2655,94
IMA-B 5;27/02/2012;2655,7
IMA-B 5;28/02/2012;2661,65
IMA-B 5;29/02/2012;2663,37
IMA-B 5;01/03/2012;2667,55
IMA-B 5;02/03/2012;2675,51
IMA-B 5;05/03/2012;2678,03
IMA-B 5;06/03/2012;2678,38
IMA-B 5;07/03/2012;2682,28
IMA-B 5;08/03/2012;2693,7
IMA-B 5;09/03/2012;2701,69
IMA-B 5;12/03/2012;2701,37
IMA-B 5;13/03/2012;2700,18
IMA-B 5;14/03/2012;2697,26
IMA-B 5;15/03/2012;2690,58
IMA-B 5;16/03/2012;2688,81
IMA-B 5;19/03/2012;2684,97
IMA-B 5;20/03/2012;2685,99
IMA-B 5;21/03/2012;2688,09
IMA-B 5;22/03/2012;2687,45
IMA-B 5;23/03/2012;2689,23
IMA-B 5;26/03/2012;2689,59
IMA-B 5;27/03/2012;2691,84
IMA-B 5;28/03/2012;2693,23
IMA-B 5;29/03/2012;2692,61
IMA-B 5;30/03/2012;2693,31
IMA-B 5;02/04/2012;2696,27
IMA-B 5;03/04/2012;2695,91
IMA-B 5;04/04/2012;2699,52
IMA-B 5;05/04/2012;2698,68
IMA-B 5;09/04/2012;2701,56
IMA-B 5;10/04/2012;2703,36
IMA-B 5;11/04/2012;2702,87
IMA-B 5;12/04/2012;2705,14
IMA-B 5;13/04/2012;2705,5
IMA-B 5;16/04/2012;2705,6
IMA-B 5;17/04/2012;2707,94
IMA-B 5;18/04/2012;2709,56
IMA-B 5;19/04/2012;2718,92
IMA-B 5;20/04/2012;2721,21
IMA-B 5;23/04/2012;2721,83
IMA-B 5;24/04/2012;2728,28
IMA-B 5;25/04/2012;2732,2
IMA-B 5;26/04/2012;2734,29
IMA-B 5;27/04/2012;2738,9
IMA-B 5;30/04/2012;2739,4
IMA-B 5;02/05/2012;2749,72
IMA-B 5;03/05/2012;2751,79
IMA-B 5;04/05/2012;2764,7
IMA-B 5;07/05/2012;2774,37
IMA-B 5;08/05/2012;2766,64
IMA-B 5;09/05/2012;2760,93
IMA-B 5;10/05/2012;2770,89
IMA-B 5;11/05/2012;2771,63
IMA-B 5;14/05/2012;2775,09
IMA-B 5;15/05/2012;2776,49
IMA-B 5;16/05/2012;2779,93
IMA-B 5;17/05/2012;2782,18
IMA-B 5;18/05/2012;2785,24
IMA-B 5;21/05/2012;2780,4
IMA-B 5;22/05/2012;2758,34
IMA-B 5;23/05/2012;2760,17
IMA-B 5;24/05/2012;2746,73
IMA-B 5;25/05/2012;2751,01
IMA-B 5;28/05/2012;2750,37
IMA-B 5;29/05/2012;2757,07
IMA-B 5;30/05/2012;2758,81
IMA-B 5;31/05/2012;2758,54
IMA-B 5;01/06/2012;2757,95
IMA-B 5;04/06/2012;2743,84
IMA-B 5;05/06/2012;2745,09
IMA-B 5;06/06/2012;2743,18
IMA-B 5;08/06/2012;2751,12
IMA-B 5;11/06/2012;2747,03
IMA-B 5;12/06/2012;2749,45
IMA-B 5;13/06/2012;2752,76
IMA-B 5;14/06/2012;2756,02
IMA-B 5;15/06/2012;2752,71
IMA-B 5;18/06/2012;2755,86
IMA-B 5;19/06/2012;2761,2
IMA-B 5;20/06/2012;2764,43
IMA-B 5;21/06/2012;2767,82
IMA-B 5;22/06/2012;2767,8
IMA-B 5;25/06/2012;2771,8
IMA-B 5;26/06/2012;2772,36
IMA-B 5;27/06/2012;2772,54
IMA-B 5;28/06/2012;2773,93
IMA-B 5;29/06/2012;2780,3
IMA-B 5;02/07/2012;2785,75
IMA-B 5;03/07/2012;2787,87
IMA-B 5;04/07/2012;2786,65
IMA-B 5;05/07/2012;2783,27
IMA-B 5;06/07/2012;2788,12
IMA-B 5;09/07/2012;2788,62
IMA-B 5;10/07/2012;2794,08
IMA-B 5;11/07/2012;2801,6
IMA-B 5;12/07/2012;2802,12
IMA-B 5;13/07/2012;2805,12
IMA-B 5;16/07/2012;2810,92
IMA-B 5;17/07/2012;2811,04
IMA-B 5;18/07/2012;2814,4
IMA-B 5;19/07/2012;2820,05
IMA-B 5;20/07/2012;2828,62
IMA-B 5;23/07/2012;2834,94
IMA-B 5;24/07/2012;2832,84
IMA-B 5;25/07/2012;2834,72
IMA-B 5;26/07/2012;2831,43
IMA-B 5;27/07/2012;2823,23
IMA-B 5;30/07/2012;2824,83
IMA-B 5;31/07/2012;2826,69
IMA-B 5;01/08/2012;2831,4
IMA-B 5;02/08/2012;2832,95
IMA-B 5;03/08/2012;2832,22
IMA-B 5;06/08/2012;2833,97
IMA-B 5;07/08/2012;2839,28
IMA-B 5;08/08/2012;2844,71
IMA-B 5;09/08/2012;2844,57
IMA-B 5;10/08/2012;2840,36
IMA-B 5;13/08/2012;2841,15
IMA-B 5;14/08/2012;2839,76
IMA-B 5;15/08/2012;2840,92
IMA-B 5;16/08/2012;2832,37
IMA-B 5;17/08/2012;2833,58
IMA-B 5;20/08/2012;2827,08
IMA-B 5;21/08/2012;2832,45
IMA-B 5;22/08/2012;2832,93
IMA-B 5;23/08/2012;2833,08
IMA-B 5;24/08/2012;2834,72
IMA-B 5;27/08/2012;2839,39
IMA-B 5;28/08/2012;2842,83
IMA-B 5;29/08/2012;2841,36
IMA-B 5;30/08/2012;2842,57
IMA-B 5;31/08/2012;2844,54
IMA-B 5;03/09/2012;2846,97
IMA-B 5;04/09/2012;2849,13
IMA-B 5;05/09/2012;2854,49
IMA-B 5;06/09/2012;2852,86
IMA-B 5;10/09/2012;2850,61
IMA-B 5;11/09/2012;2854,1
IMA-B 5;12/09/2012;2857,79
IMA-B 5;13/09/2012;2860,55
IMA-B 5;14/09/2012;2861,65
IMA-B 5;17/09/2012;2864,75
IMA-B 5;18/09/2012;2865,12
IMA-B 5;19/09/2012;2866,62
IMA-B 5;20/09/2012;2871,44
IMA-B 5;21/09/2012;2875,68
IMA-B 5;24/09/2012;2881,04
IMA-B 5;25/09/2012;2887,03
IMA-B 5;26/09/2012;2886,76
IMA-B 5;27/09/2012;2888,14
IMA-B 5;28/09/2012;2891,61
IMA-B 5;01/10/2012;2895,28
IMA-B 5;02/10/2012;2899,2
IMA-B 5;03/10/2012;2901,22
IMA-B 5;04/10/2012;2905,01
IMA-B 5;05/10/2012;2925,85
IMA-B 5;08/10/2012;2922,14
IMA-B 5;09/10/2012;2924,93
IMA-B 5;10/10/2012;2926,43
IMA-B 5;11/10/2012;2930,47
IMA-B 5;15/10/2012;2930,78
IMA-B 5;16/10/2012;2931,76
IMA-B 5;17/10/2012;2928,74
IMA-B 5;18/10/2012;2932,59
IMA-B 5;19/10/2012;2935,95
IMA-B 5;22/10/2012;2938,61
IMA-B 5;23/10/2012;2940,79
IMA-B 5;24/10/2012;2938,83
IMA-B 5;25/10/2012;2937,74
IMA-B 5;26/10/2012;2939,99
IMA-B 5;29/10/2012;2941,05
IMA-B 5;30/10/2012;2942,2
IMA-B 5;31/10/2012;2943,94
IMA-B 5;01/11/2012;2944,41
IMA-B 5;05/11/2012;2946,5
IMA-B 5;06/11/2012;2946,23
IMA-B 5;07/11/2012;2948,88
IMA-B 5;08/11/2012;2949,37
IMA-B 5;09/11/2012;2949,28
IMA-B 5;12/11/2012;2948,7
IMA-B 5;13/11/2012;2946,11
IMA-B 5;14/11/2012;2940,58
IMA-B 5;16/11/2012;2945,82
IMA-B 5;19/11/2012;2948,89
IMA-B 5;20/11/2012;2949,82
IMA-B 5;21/11/2012;2948,97
IMA-B 5;22/11/2012;2949,31
IMA-B 5;23/11/2012;2952,59
IMA-B 5;26/11/2012;2956,39
IMA-B 5;27/11/2012;2962,82
IMA-B 5;28/11/2012;2963,87
IMA-B 5;29/11/2012;2965,7
IMA-B 5;30/11/2012;2973,67
IMA-B 5;03/12/2012;2977,71
IMA-B 5;04/12/2012;2986,25
IMA-B 5;05/12/2012;2987,91
IMA-B 5;06/12/2012;3002,45
IMA-B 5;07/12/2012;3001,84
IMA-B 5;10/12/2012;3000,6
IMA-B 5;11/12/2012;2998,64
IMA-B 5;12/12/2012;3002,07
IMA-B 5;13/12/2012;3007,82
IMA-B 5;14/12/2012;3009,82
IMA-B 5;17/12/2012;3010,07
IMA-B 5;18/12/2012;3009,54
IMA-B 5;19/12/2012;3011,65
IMA-B 5;20/12/2012;3008,83
IMA-B 5;21/12/2012;3008,67
IMA-B 5;24/12/2012;3010,03
IMA-B 5;26/12/2012;3011,61
IMA-B 5;27/12/2012;3012,66
IMA-B 5;28/12/2012;3013,55
IMA-B 5;31/12/2012;3014,91
IMA-B 5;02/01/2013;3018,65
IMA-B 5;03/01/2013;3024,28
IMA-B 5;04/01/2013;3025,54
IMA-B 5;07/01/2013;3027,84
IMA-B 5;08/01/2013;3026,66
IMA-B 5;09/01/2013;3030,67
IMA-B 5;10/01/2013;3035,52
IMA-B 5;11/01/2013;3037,58
IMA-B 5;14/01/2013;3037,65
IMA-B 5;15/01/2013;3036,88
IMA-B 5;16/01/2013;3036,41
IMA-B 5;17/01/2013;3032,22
IMA-B 5;18/01/2013;3030,57
IMA-B 5;21/01/2013;3035,05
IMA-B 5;22/01/2013;3033,29
IMA-B 5;23/01/2013;3035,52
IMA-B 5;24/01/2013;3020,68
IMA-B 5;25/01/2013;3022,2
IMA-B 5;28/01/2013;3023,04
IMA-B 5;29/01/2013;3025,14
IMA-B 5;30/01/2013;3024,99
IMA-B 5;31/01/2013;3021,9
IMA-B 5;01/02/2013;3020,97
IMA-B 5;04/02/2013;3019,13
IMA-B 5;05/02/2013;3013,08
IMA-B 5;06/02/2013;3010,95
IMA-B 5;07/02/2013;3008,05
IMA-B 5;08/02/2013;3009,19
IMA-B 5;13/02/2013;3011,66
IMA-B 5;14/02/2013;3007,41
IMA-B 5;15/02/2013;3003,24
IMA-B 5;18/02/2013;3001,77
IMA-B 5;19/02/2013;3002,85
IMA-B 5;20/02/2013;2999,54
IMA-B 5;21/02/2013;3002,25
IMA-B 5;22/02/2013;2995,68
IMA-B 5;25/02/2013;3001,57
IMA-B 5;26/02/2013;3003,56
IMA-B 5;27/02/2013;3006,03
IMA-B 5;28/02/2013;3006,67
IMA-B 5;01/03/2013;3012,02
IMA-B 5;04/03/2013;3014,33
IMA-B 5;05/03/2013;3016,66
IMA-B 5;06/03/2013;3019,17
IMA-B 5;07/03/2013;3014,38
IMA-B 5;08/03/2013;3011,52
IMA-B 5;11/03/2013;3013,21
IMA-B 5;12/03/2013;3013,23
IMA-B 5;13/03/2013;3007,88
IMA-B 5;14/03/2013;3014,13
IMA-B 5;15/03/2013;3018,34
IMA-B 5;18/03/2013;3019,34
IMA-B 5;19/03/2013;3023,3
IMA-B 5;20/03/2013;3022,92
IMA-B 5;21/03/2013;3019,04
IMA-B 5;22/03/2013;3021,26
IMA-B 5;25/03/2013;3023,75
IMA-B 5;26/03/2013;3024,13
IMA-B 5;27/03/2013;3028,14
IMA-B 5;28/03/2013;3026,45
IMA-B 5;01/04/2013;3024,93
IMA-B 5;02/04/2013;3029,23
IMA-B 5;03/04/2013;3024,65
IMA-B 5;04/04/2013;3027,97
IMA-B 5;05/04/2013;3038,54
IMA-B 5;08/04/2013;3039,61
IMA-B 5;09/04/2013;3039,28
IMA-B 5;10/04/2013;3039,12
IMA-B 5;11/04/2013;3037,06
IMA-B 5;12/04/2013;3023,7
IMA-B 5;15/04/2013;3021,25
IMA-B 5;16/04/2013;3020,63
IMA-B 5;17/04/2013;3022,69
IMA-B 5;18/04/2013;3046,88
IMA-B 5;19/04/2013;3047,14
IMA-B 5;22/04/2013;3051,59
IMA-B 5;23/04/2013;3054,03
IMA-B 5;24/04/2013;3053
IMA-B 5;25/04/2013;3049,22
IMA-B 5;26/04/2013;3051,77
IMA-B 5;29/04/2013;3053,53
IMA-B 5;30/04/2013;3054,3
IMA-B 5;02/05/2013;3060,55
IMA-B 5;03/05/2013;3058,25
IMA-B 5;06/05/2013;3061,75
IMA-B 5;07/05/2013;3064,83
IMA-B 5;08/05/2013;3068,12
IMA-B 5;09/05/2013;3066,39
IMA-B 5;10/05/2013;3062,05
IMA-B 5;13/05/2013;3064,87
IMA-B 5;14/05/2013;3062,79
IMA-B 5;15/05/2013;3067,32
IMA-B 5;16/05/2013;3065,55
IMA-B 5;17/05/2013;3059,57
IMA-B 5;20/05/2013;3056,29
IMA-B 5;21/05/2013;3058,07
IMA-B 5;22/05/2013;3057,03
IMA-B 5;23/05/2013;3056,4
IMA-B 5;24/05/2013;3053,14
IMA-B 5;27/05/2013;3052,4
IMA-B 5;28/05/2013;3048,61
IMA-B 5;29/05/2013;3055,21
IMA-B 5;31/05/2013;3017,98
IMA-B 5;03/06/2013;3015,84
IMA-B 5;04/06/2013;3023,66
IMA-B 5;05/06/2013;3021,71
IMA-B 5;06/06/2013;3015,11
IMA-B 5;07/06/2013;3012,3
IMA-B 5;10/06/2013;2998,15
IMA-B 5;11/06/2013;2993,03
IMA-B 5;12/06/2013;2982,54
IMA-B 5;13/06/2013;2999,89
IMA-B 5;14/06/2013;2989,99
IMA-B 5;17/06/2013;2974,97
IMA-B 5;18/06/2013;2952,94
IMA-B 5;19/06/2013;2939,25
IMA-B 5;20/06/2013;2935,3
IMA-B 5;21/06/2013;2950,68
IMA-B 5;24/06/2013;2980,67
IMA-B 5;25/06/2013;2996,12
IMA-B 5;26/06/2013;2997,83
IMA-B 5;27/06/2013;3007,79
IMA-B 5;28/06/2013;2998,86
IMA-B 5;01/07/2013;3002,04
IMA-B 5;02/07/2013;3010,8
IMA-B 5;03/07/2013;3010,29
IMA-B 5;04/07/2013;3000,58
IMA-B 5;05/07/2013;2996,92
IMA-B 5;08/07/2013;3002,88
IMA-B 5;09/07/2013;3003,78
IMA-B 5;10/07/2013;3000,27
IMA-B 5;11/07/2013;3000,4
IMA-B 5;12/07/2013;3004,4
IMA-B 5;15/07/2013;3009,92
IMA-B 5;16/07/2013;3012,53
IMA-B 5;17/07/2013;3018,15
IMA-B 5;18/07/2013;3022,5
IMA-B 5;19/07/2013;3028,93
IMA-B 5;22/07/2013;3034,97
IMA-B 5;23/07/2013;3042,06
IMA-B 5;24/07/2013;3039,93
IMA-B 5;25/07/2013;3038,15
IMA-B 5;26/07/2013;3036,52
IMA-B 5;29/07/2013;3029,57
IMA-B 5;30/07/2013;3020,67
IMA-B 5;31/07/2013;3025,04
IMA-B 5;01/08/2013;3012,58
IMA-B 5;02/08/2013;3019,65
IMA-B 5;05/08/2013;3023,91
IMA-B 5;06/08/2013;3022,26
IMA-B 5;07/08/2013;3027,46
IMA-B 5;08/08/2013;3032,86
IMA-B 5;09/08/2013;3038,16
IMA-B 5;12/08/2013;3023,89
IMA-B 5;13/08/2013;3017,4
IMA-B 5;14/08/2013;3007,18
IMA-B 5;15/08/2013;3005,18
IMA-B 5;16/08/2013;2998,52
IMA-B 5;19/08/2013;2988,06
IMA-B 5;20/08/2013;3011,58
IMA-B 5;21/08/2013;2998,7
IMA-B 5;22/08/2013;3002,5
IMA-B 5;23/08/2013;3026,33
IMA-B 5;26/08/2013;3021,64
IMA-B 5;27/08/2013;3023,95
IMA-B 5;28/08/2013;3028,48
IMA-B 5;29/08/2013;3012,8
IMA-B 5;30/08/2013;3011,72
IMA-B 5;02/09/2013;3012,07
IMA-B 5;03/09/2013;3012,11
IMA-B 5;04/09/2013;3014,04
IMA-B 5;05/09/2013;3013,15
IMA-B 5;06/09/2013;3020,42
IMA-B 5;09/09/2013;3022,45
IMA-B 5;10/09/2013;3025,08
IMA-B 5;11/09/2013;3027,16
IMA-B 5;12/09/2013;3022,77
IMA-B 5;13/09/2013;3025,85
IMA-B 5;16/09/2013;3027,63
IMA-B 5;17/09/2013;3031,03
IMA-B 5;18/09/2013;3050,95
IMA-B 5;19/09/2013;3048,84
IMA-B 5;20/09/2013;3051,48
IMA-B 5;23/09/2013;3052,43
IMA-B 5;24/09/2013;3056,21
IMA-B 5;25/09/2013;3052,76
IMA-B 5;26/09/2013;3050,28
IMA-B 5;27/09/2013;3049,62
IMA-B 5;30/09/2013;3048,19
IMA-B 5;01/10/2013;3043,3
IMA-B 5;02/10/2013;3043,62
IMA-B 5;03/10/2013;3052,48
IMA-B 5;04/10/2013;3054,29
IMA-B 5;07/10/2013;3058,29
IMA-B 5;08/10/2013;3061,21
IMA-B 5;09/10/2013;3068,77
IMA-B 5;10/10/2013;3058,09
IMA-B 5;11/10/2013;3057,68
IMA-B 5;14/10/2013;3057,19
IMA-B 5;15/10/2013;3057,46
IMA-B 5;16/10/2013;3057,69
IMA-B 5;17/10/2013;3054,05
IMA-B 5;18/10/2013;3051,69
IMA-B 5;21/10/2013;3051,28
IMA-B 5;22/10/2013;3058,64
IMA-B 5;23/10/2013;3065,05
IMA-B 5;24/10/2013;3062,52
IMA-B 5;25/10/2013;3063,79
IMA-B 5;28/10/2013;3062,46
IMA-B 5;29/10/2013;3065,38
IMA-B 5;30/10/2013;3068,3
IMA-B 5;31/10/2013;3063
IMA-B 5;01/11/2013;3055,77
IMA-B 5;04/11/2013;3055,43
IMA-B 5;05/11/2013;3050,41
IMA-B 5;06/11/2013;3049,13
IMA-B 5;07/11/2013;3037,01
IMA-B 5;08/11/2013;3031,89
IMA-B 5;11/11/2013;3032,45
IMA-B 5;12/11/2013;3042,33
IMA-B 5;13/11/2013;3052,65
IMA-B 5;14/11/2013;3063,27
IMA-B 5;18/11/2013;3070,05
IMA-B 5;19/11/2013;3062,05
IMA-B 5;20/11/2013;3063,43
IMA-B 5;21/11/2013;3054,15
IMA-B 5;22/11/2013;3055,07
IMA-B 5;25/11/2013;3052,52
IMA-B 5;26/11/2013;3058,52
IMA-B 5;27/11/2013;3058,73
IMA-B 5;28/11/2013;3069,1
IMA-B 5;29/11/2013;3062,82
IMA-B 5;02/12/2013;3053,43
IMA-B 5;03/12/2013;3051,85
IMA-B 5;04/12/2013;3055,69
IMA-B 5;05/12/2013;3061,99
IMA-B 5;06/12/2013;3063,36
IMA-B 5;09/12/2013;3068,92
IMA-B 5;10/12/2013;3075,81
IMA-B 5;11/12/2013;3081,47
IMA-B 5;12/12/2013;3087,22
IMA-B 5;13/12/2013;3088,62
IMA-B 5;16/12/2013;3091,06
IMA-B 5;17/12/2013;3089,94
IMA-B 5;18/12/2013;3093,51
IMA-B 5;19/12/2013;3089,25
IMA-B 5;20/12/2013;3083,33
IMA-B 5;23/12/2013;3086,74
IMA-B 5;24/12/2013;3088,61
IMA-B 5;26/12/2013;3087,43
IMA-B 5;27/12/2013;3092,35
IMA-B 5;30/12/2013;3096,79
IMA-B 5;31/12/2013;3098,66
IMA-B 5;02/01/2014;3095,79
IMA-B 5;03/01/2014;3097,08
IMA-B 5;06/01/2014;3097,27
IMA-B 5;07/01/2014;3101,08
IMA-B 5;08/01/2014;3100,08
IMA-B 5;09/01/2014;3101,54
IMA-B 5;10/01/2014;3109,26
IMA-B 5;13/01/2014;3106,78
IMA-B 5;14/01/2014;3103,66
IMA-B 5;15/01/2014;3107,9
IMA-B 5;16/01/2014;3105,46
IMA-B 5;17/01/2014;3110,54
IMA-B 5;20/01/2014;3105,47
IMA-B 5;21/01/2014;3101
IMA-B 5;22/01/2014;3101,65
IMA-B 5;23/01/2014;3091,9
IMA-B 5;24/01/2014;3093,11
IMA-B 5;27/01/2014;3089,05
IMA-B 5;28/01/2014;3085,95
IMA-B 5;29/01/2014;3081,32
IMA-B 5;30/01/2014;3073,05
IMA-B 5;31/01/2014;3074,17
IMA-B 5;03/02/2014;3074,47
IMA-B 5;04/02/2014;3082,87
IMA-B 5;05/02/2014;3094,82
IMA-B 5;06/02/2014;3098,72
IMA-B 5;07/02/2014;3110,59
IMA-B 5;10/02/2014;3113,18
IMA-B 5;11/02/2014;3111,02
IMA-B 5;12/02/2014;3107,72
IMA-B 5;13/02/2014;3111,87
IMA-B 5;14/02/2014;3118,92
IMA-B 5;17/02/2014;3127,43
IMA-B 5;18/02/2014;3138,1
IMA-B 5;19/02/2014;3137,26
IMA-B 5;20/02/2014;3146,74
IMA-B 5;21/02/2014;3151,94
IMA-B 5;24/02/2014;3155,57
IMA-B 5;25/02/2014;3156,94
IMA-B 5;26/02/2014;3159,54
IMA-B 5;27/02/2014;3167,25
IMA-B 5;28/02/2014;3162,3
IMA-B 5;05/03/2014;3163,32
IMA-B 5;06/03/2014;3163,13
IMA-B 5;07/03/2014;3160,18
IMA-B 5;10/03/2014;3155,53
IMA-B 5;11/03/2014;3154,5
IMA-B 5;12/03/2014;3163,11
IMA-B 5;13/03/2014;3168,53
IMA-B 5;14/03/2014;3169,28
IMA-B 5;17/03/2014;3171,19
IMA-B 5;18/03/2014;3168,9
IMA-B 5;19/03/2014;3162,94
IMA-B 5;20/03/2014;3164,37
IMA-B 5;21/03/2014;3169,69
IMA-B 5;24/03/2014;3174,73
IMA-B 5;25/03/2014;3179,51
IMA-B 5;26/03/2014;3184,75
IMA-B 5;27/03/2014;3191,18
IMA-B 5;28/03/2014;3190,5
IMA-B 5;31/03/2014;3190,76
IMA-B 5;01/04/2014;3191,05
IMA-B 5;02/04/2014;3195
IMA-B 5;03/04/2014;3200,8
IMA-B 5;04/04/2014;3204,19
IMA-B 5;07/04/2014;3206,75
IMA-B 5;08/04/2014;3208,82
IMA-B 5;09/04/2014;3210,95
IMA-B 5;10/04/2014;3212,91
IMA-B 5;11/04/2014;3212,67
IMA-B 5;14/04/2014;3212,59
IMA-B 5;15/04/2014;3215,62
IMA-B 5;16/04/2014;3217,47
IMA-B 5;17/04/2014;3218,66
IMA-B 5;22/04/2014;3216,45
IMA-B 5;23/04/2014;3222,76
IMA-B 5;24/04/2014;3224,46
IMA-B 5;25/04/2014;3226,6
IMA-B 5;28/04/2014;3227,31
IMA-B 5;29/04/2014;3229,45
IMA-B 5;30/04/2014;3232,76
IMA-B 5;02/05/2014;3236,64
IMA-B 5;05/05/2014;3235,26
IMA-B 5;06/05/2014;3238,63
IMA-B 5;07/05/2014;3241,84
IMA-B 5;08/05/2014;3240,41
IMA-B 5;09/05/2014;3237,2
IMA-B 5;12/05/2014;3237,14
IMA-B 5;13/05/2014;3239,79
IMA-B 5;14/05/2014;3246,8
IMA-B 5;15/05/2014;3247,52
IMA-B 5;16/05/2014;3249,72
IMA-B 5;19/05/2014;3252,12
IMA-B 5;20/05/2014;3251,46
IMA-B 5;21/05/2014;3256,77
IMA-B 5;22/05/2014;3262,68
IMA-B 5;23/05/2014;3263,61
IMA-B 5;26/05/2014;3265,4
IMA-B 5;27/05/2014;3264,25
IMA-B 5;28/05/2014;3272,38
IMA-B 5;29/05/2014;3278,47
IMA-B 5;30/05/2014;3280,21
IMA-B 5;02/06/2014;3276,54
IMA-B 5;03/06/2014;3272,83
IMA-B 5;04/06/2014;3275,68
IMA-B 5;05/06/2014;3281,55
IMA-B 5;06/06/2014;3293,72
IMA-B 5;09/06/2014;3293,65
IMA-B 5;10/06/2014;3293,75
IMA-B 5;11/06/2014;3296,31
IMA-B 5;12/06/2014;3297,71
IMA-B 5;13/06/2014;3306,88
IMA-B 5;16/06/2014;3304,27
IMA-B 5;17/06/2014;3302,73
IMA-B 5;18/06/2014;3309,11
IMA-B 5;20/06/2014;3308,77
IMA-B 5;23/06/2014;3311,46
IMA-B 5;24/06/2014;3314,87
IMA-B 5;25/06/2014;3318,38
IMA-B 5;26/06/2014;3321,62
IMA-B 5;27/06/2014;3317,97
IMA-B 5;30/06/2014;3316,6
IMA-B 5;01/07/2014;3322,57
IMA-B 5;02/07/2014;3320,01
IMA-B 5;03/07/2014;3324,11
IMA-B 5;04/07/2014;3325,56
IMA-B 5;07/07/2014;3327,78
IMA-B 5;08/07/2014;3330,02
IMA-B 5;09/07/2014;3331,39
IMA-B 5;10/07/2014;3329,08
IMA-B 5;11/07/2014;3327,72
IMA-B 5;14/07/2014;3329,98
IMA-B 5;15/07/2014;3328,75
IMA-B 5;16/07/2014;3331,88
IMA-B 5;17/07/2014;3337,35
IMA-B 5;18/07/2014;3342,5
IMA-B 5;21/07/2014;3343,98
IMA-B 5;22/07/2014;3348,32
IMA-B 5;23/07/2014;3344,97
IMA-B 5;24/07/2014;3339,34
IMA-B 5;25/07/2014;3346,19
IMA-B 5;28/07/2014;3347,02
IMA-B 5;29/07/2014;3346,58
IMA-B 5;30/07/2014;3345,45
IMA-B 5;31/07/2014;3345,01
IMA-B 5;01/08/2014;3338,61
IMA-B 5;04/08/2014;3340,82
IMA-B 5;05/08/2014;3330,66
IMA-B 5;06/08/2014;3340,52
IMA-B 5;07/08/2014;3336,9
IMA-B 5;08/08/2014;3344,96
IMA-B 5;11/08/2014;3350,82
IMA-B 5;12/08/2014;3351,92
IMA-B 5;13/08/2014;3347,7
IMA-B 5;14/08/2014;3352,62
IMA-B 5;15/08/2014;3358,24
IMA-B 5;18/08/2014;3364,57
IMA-B 5;19/08/2014;3367,28
IMA-B 5;20/08/2014;3366,93
IMA-B 5;21/08/2014;3366,33
IMA-B 5;22/08/2014;3373,04
IMA-B 5;25/08/2014;3376,03
IMA-B 5;26/08/2014;3380,32
IMA-B 5;27/08/2014;3382,72
IMA-B 5;28/08/2014;3386,39
IMA-B 5;29/08/2014;3390,26
IMA-B 5;01/09/2014;3391,07
IMA-B 5;02/09/2014;3396,4
IMA-B 5;03/09/2014;3398,87
IMA-B 5;04/09/2014;3395,98
IMA-B 5;05/09/2014;3397,48
IMA-B 5;08/09/2014;3390,86
IMA-B 5;09/09/2014;3382,51
IMA-B 5;10/09/2014;3383,97
IMA-B 5;11/09/2014;3392,88
IMA-B 5;12/09/2014;3378,19
IMA-B 5;15/09/2014;3384,87
IMA-B 5;16/09/2014;3391,29
IMA-B 5;17/09/2014;3391,85
IMA-B 5;18/09/2014;3387,77
IMA-B 5;19/09/2014;3391,32
IMA-B 5;22/09/2014;3385,61
IMA-B 5;23/09/2014;3389,24
IMA-B 5;24/09/2014;3399,97
IMA-B 5;25/09/2014;3399,22
IMA-B 5;26/09/2014;3404,12
IMA-B 5;29/09/2014;3384,82
IMA-B 5;30/09/2014;3390,37
IMA-B 5;01/10/2014;3386,78
IMA-B 5;02/10/2014;3389,24
IMA-B 5;03/10/2014;3396,79
IMA-B 5;06/10/2014;3402,73
IMA-B 5;07/10/2014;3412,11
IMA-B 5;08/10/2014;3417,34
IMA-B 5;09/10/2014;3417,55
IMA-B 5;10/10/2014;3414,35
IMA-B 5;13/10/2014;3422,06
IMA-B 5;14/10/2014;3418,43
IMA-B 5;15/10/2014;3413,8
IMA-B 5;16/10/2014;3408,43
IMA-B 5;17/10/2014;3413,79
IMA-B 5;20/10/2014;3408,76
IMA-B 5;21/10/2014;3399,99
IMA-B 5;22/10/2014;3403,21
IMA-B 5;23/10/2014;3402,65
IMA-B 5;24/10/2014;3412,33
IMA-B 5;27/10/2014;3419,73
IMA-B 5;28/10/2014;3428,84
IMA-B 5;29/10/2014;3426,65
IMA-B 5;30/10/2014;3415,58
IMA-B 5;31/10/2014;3422,14
IMA-B 5;03/11/2014;3420,77
IMA-B 5;04/11/2014;3418,52
IMA-B 5;05/11/2014;3421,92
IMA-B 5;06/11/2014;3414,7
IMA-B 5;07/11/2014;3414,09
IMA-B 5;10/11/2014;3418,37
IMA-B 5;11/11/2014;3417,71
IMA-B 5;12/11/2014;3418,09
IMA-B 5;13/11/2014;3413,3
IMA-B 5;14/11/2014;3418,01
IMA-B 5;17/11/2014;3417,56
IMA-B 5;18/11/2014;3422,37
IMA-B 5;19/11/2014;3426,85
IMA-B 5;20/11/2014;3428,15
IMA-B 5;21/11/2014;3441,61
IMA-B 5;24/11/2014;3444,18
IMA-B 5;25/11/2014;3450,83
IMA-B 5;26/11/2014;3459,25
IMA-B 5;27/11/2014;3460,61
IMA-B 5;28/11/2014;3457,97
IMA-B 5;01/12/2014;3454,05
IMA-B 5;02/12/2014;3450,35
IMA-B 5;03/12/2014;3447,82
IMA-B 5;04/12/2014;3458,53
IMA-B 5;05/12/2014;3460,27
IMA-B 5;08/12/2014;3457,4
IMA-B 5;09/12/2014;3458,5
IMA-B 5;10/12/2014;3457,67
IMA-B 5;11/12/2014;3454,78
IMA-B 5;12/12/2014;3453,1
IMA-B 5;15/12/2014;3447,32
IMA-B 5;16/12/2014;3440,4
IMA-B 5;17/12/2014;3440,53
IMA-B 5;18/12/2014;3441,67
IMA-B 5;19/12/2014;3442,17
IMA-B 5;22/12/2014;3448,02
IMA-B 5;23/12/2014;3449,58
IMA-B 5;24/12/2014;3451,55
IMA-B 5;26/12/2014;3452,03
IMA-B 5;29/12/2014;3451,83
IMA-B 5;30/12/2014;3457,4
IMA-B 5;31/12/2014;3459,38
IMA-B 5;02/01/2015;3462,16
IMA-B 5;05/01/2015;3468,15
IMA-B 5;06/01/2015;3475,48
IMA-B 5;07/01/2015;3477,07
IMA-B 5;08/01/2015;3479,49
IMA-B 5;09/01/2015;3486,4
IMA-B 5;12/01/2015;3485,06
IMA-B 5;13/01/2015;3496,62
IMA-B 5;14/01/2015;3500,79
IMA-B 5;15/01/2015;3507,44
IMA-B 5;16/01/2015;3513,21
IMA-B 5;19/01/2015;3512,17
IMA-B 5;20/01/2015;3521,76
IMA-B 5;21/01/2015;3523,19
IMA-B 5;22/01/2015;3518,4
IMA-B 5;23/01/2015;3520,73
IMA-B 5;26/01/2015;3519,4
IMA-B 5;27/01/2015;3521,93
IMA-B 5;28/01/2015;3521,9
IMA-B 5;29/01/2015;3529,03
IMA-B 5;30/01/2015;3530,43
IMA-B 5;02/02/2015;3530,5
IMA-B 5;03/02/2015;3536,92
IMA-B 5;04/02/2015;3538,74
IMA-B 5;05/02/2015;3542,88
IMA-B 5;06/02/2015;3548,7
IMA-B 5;09/02/2015;3546,38
IMA-B 5;10/02/2015;3538,36
IMA-B 5;11/02/2015;3527,13
IMA-B 5;12/02/2015;3535,34
IMA-B 5;13/02/2015;3538,03
IMA-B 5;18/02/2015;3539,73
IMA-B 5;19/02/2015;3542,64
IMA-B 5;20/02/2015;3541,36
IMA-B 5;23/02/2015;3544,33
IMA-B 5;24/02/2015;3552,3
IMA-B 5;25/02/2015;3553,69
IMA-B 5;26/02/2015;3556,92
IMA-B 5;27/02/2015;3573,54
IMA-B 5;02/03/2015;3575,35
IMA-B 5;03/03/2015;3579,77
IMA-B 5;04/03/2015;3577,32
IMA-B 5;05/03/2015;3575,74
IMA-B 5;06/03/2015;3579,01
IMA-B 5;09/03/2015;3572,13
IMA-B 5;10/03/2015;3578
IMA-B 5;11/03/2015;3581,8
IMA-B 5;12/03/2015;3581,17
IMA-B 5;13/03/2015;3588,8
IMA-B 5;16/03/2015;3591,81
IMA-B 5;17/03/2015;3597,71
IMA-B 5;18/03/2015;3600,9
IMA-B 5;19/03/2015;3597,03
IMA-B 5;20/03/2015;3601,46
IMA-B 5;23/03/2015;3604,87
IMA-B 5;24/03/2015;3605,69
IMA-B 5;25/03/2015;3607,59
IMA-B 5;26/03/2015;3607,82
IMA-B 5;27/03/2015;3607,23
IMA-B 5;30/03/2015;3608,22
IMA-B 5;31/03/2015;3610,33
IMA-B 5;01/04/2015;3617,83
IMA-B 5;02/04/2015;3619,82
IMA-B 5;06/04/2015;3621,53
IMA-B 5;07/04/2015;3621,89
IMA-B 5;08/04/2015;3626,11
IMA-B 5;09/04/2015;3624,19
IMA-B 5;10/04/2015;3628,75
IMA-B 5;13/04/2015;3629,52
IMA-B 5;14/04/2015;3633,38
IMA-B 5;15/04/2015;3637,72
IMA-B 5;16/04/2015;3638,25
IMA-B 5;17/04/2015;3637,99
IMA-B 5;20/04/2015;3624,89
IMA-B 5;22/04/2015;3623,38
IMA-B 5;23/04/2015;3622,1
IMA-B 5;24/04/2015;3621,16
IMA-B 5;27/04/2015;3628,97
IMA-B 5;28/04/2015;3631,03
IMA-B 5;29/04/2015;3635,67
IMA-B 5;30/04/2015;3626,92
IMA-B 5;04/05/2015;3628,14
IMA-B 5;05/05/2015;3633,97
IMA-B 5;06/05/2015;3637,76
IMA-B 5;07/05/2015;3637,25
IMA-B 5;08/05/2015;3643,54
IMA-B 5;11/05/2015;3643,34
IMA-B 5;12/05/2015;3643,43
IMA-B 5;13/05/2015;3646,76
IMA-B 5;14/05/2015;3660,48
IMA-B 5;15/05/2015;3669,18
IMA-B 5;18/05/2015;3660,75
IMA-B 5;19/05/2015;3657,72
IMA-B 5;20/05/2015;3668,16
IMA-B 5;21/05/2015;3671,79
IMA-B 5;22/05/2015;3675,38
IMA-B 5;25/05/2015;3676,59
IMA-B 5;26/05/2015;3683,17
IMA-B 5;27/05/2015;3682,93
IMA-B 5;28/05/2015;3688,78
IMA-B 5;29/05/2015;3686,09
IMA-B 5;01/06/2015;3686,09
IMA-B 5;02/06/2015;3682,83
IMA-B 5;03/06/2015;3682,22
IMA-B 5;05/06/2015;3681,07
IMA-B 5;08/06/2015;3689,43
IMA-B 5;09/06/2015;3691,98
IMA-B 5;10/06/2015;3693,05
IMA-B 5;11/06/2015;3692,58
IMA-B 5;12/06/2015;3696,85
IMA-B 5;15/06/2015;3694,17
IMA-B 5;16/06/2015;3698,94
IMA-B 5;17/06/2015;3703,52
IMA-B 5;18/06/2015;3705,49
IMA-B 5;19/06/2015;3711,16
IMA-B 5;22/06/2015;3719,16
IMA-B 5;23/06/2015;3725,22
IMA-B 5;24/06/2015;3723,93
IMA-B 5;25/06/2015;3719,47
IMA-B 5;26/06/2015;3720,01
IMA-B 5;29/06/2015;3718,04
IMA-B 5;30/06/2015;3717,31
IMA-B 5;01/07/2015;3713,55
IMA-B 5;02/07/2015;3723,28
IMA-B 5;03/07/2015;3731,18
IMA-B 5;06/07/2015;3732,57
IMA-B 5;07/07/2015;3736,7
IMA-B 5;08/07/2015;3740,72
IMA-B 5;09/07/2015;3743,03
IMA-B 5;10/07/2015;3748,61
IMA-B 5;13/07/2015;3749,7
IMA-B 5;14/07/2015;3752,86
IMA-B 5;15/07/2015;3755,86
IMA-B 5;16/07/2015;3761,69
IMA-B 5;17/07/2015;3764,45
IMA-B 5;20/07/2015;3774,03
IMA-B 5;21/07/2015;3780,08
IMA-B 5;22/07/2015;3777,34
IMA-B 5;23/07/2015;3760,09
IMA-B 5;24/07/2015;3748,49
IMA-B 5;27/07/2015;3747,78
IMA-B 5;28/07/2015;3748,97
IMA-B 5;29/07/2015;3752,99
IMA-B 5;30/07/2015;3775,37
IMA-B 5;31/07/2015;3783,51
IMA-B 5;03/08/2015;3777,59
IMA-B 5;04/08/2015;3778,7
IMA-B 5;05/08/2015;3774
IMA-B 5;06/08/2015;3755,15
IMA-B 5;07/08/2015;3749,2
IMA-B 5;10/08/2015;3755,82
IMA-B 5;11/08/2015;3759,66
IMA-B 5;12/08/2015;3766,98
IMA-B 5;13/08/2015;3765,25
IMA-B 5;14/08/2015;3765,15
IMA-B 5;17/08/2015;3762,16
IMA-B 5;18/08/2015;3769,23
IMA-B 5;19/08/2015;3775,07
IMA-B 5;20/08/2015;3779,8
IMA-B 5;21/08/2015;3771,23
IMA-B 5;24/08/2015;3762,59
IMA-B 5;25/08/2015;3766,92
IMA-B 5;26/08/2015;3775,35
IMA-B 5;27/08/2015;3772,92
IMA-B 5;28/08/2015;3774,85
IMA-B 5;31/08/2015;3765,78
IMA-B 5;01/09/2015;3762,44
IMA-B 5;02/09/2015;3749,36
IMA-B 5;03/09/2015;3757,85
IMA-B 5;04/09/2015;3747,84
IMA-B 5;08/09/2015;3763,31
IMA-B 5;09/09/2015;3771,94
IMA-B 5;10/09/2015;3765,09
IMA-B 5;11/09/2015;3774,4
IMA-B 5;14/09/2015;3787,8
IMA-B 5;15/09/2015;3788,11
IMA-B 5;16/09/2015;3792,41
IMA-B 5;17/09/2015;3793,3
IMA-B 5;18/09/2015;3772,4
IMA-B 5;21/09/2015;3767,49
IMA-B 5;22/09/2015;3764,7
IMA-B 5;23/09/2015;3755,14
IMA-B 5;24/09/2015;3801,3
IMA-B 5;25/09/2015;3792,66
IMA-B 5;28/09/2015;3759,01
IMA-B 5;29/09/2015;3775,76
IMA-B 5;30/09/2015;3795,51
IMA-B 5;01/10/2015;3802,68
IMA-B 5;02/10/2015;3832,44
IMA-B 5;05/10/2015;3833,35
IMA-B 5;06/10/2015;3836,8
IMA-B 5;07/10/2015;3828,58
IMA-B 5;08/10/2015;3842,98
IMA-B 5;09/10/2015;3838,97
IMA-B 5;13/10/2015;3831,59
IMA-B 5;14/10/2015;3835
IMA-B 5;15/10/2015;3847,81
IMA-B 5;16/10/2015;3849,19
IMA-B 5;19/10/2015;3846,26
IMA-B 5;20/10/2015;3850,35
IMA-B 5;21/10/2015;3852,25
IMA-B 5;22/10/2015;3872,58
IMA-B 5;23/10/2015;3873,46
IMA-B 5;26/10/2015;3881,31
IMA-B 5;27/10/2015;3892,65
IMA-B 5;28/10/2015;3889,17
IMA-B 5;29/10/2015;3889,3
IMA-B 5;30/10/2015;3889,97
IMA-B 5;03/11/2015;3898,81
IMA-B 5;04/11/2015;3904,9
IMA-B 5;05/11/2015;3903,05
IMA-B 5;06/11/2015;3906,1
IMA-B 5;09/11/2015;3911,46
IMA-B 5;10/11/2015;3916,72
IMA-B 5;11/11/2015;3927,69
IMA-B 5;12/11/2015;3928,31
IMA-B 5;13/11/2015;3926,55
IMA-B 5;16/11/2015;3927,46
IMA-B 5;17/11/2015;3930,6
IMA-B 5;18/11/2015;3938,55
IMA-B 5;19/11/2015;3951
IMA-B 5;20/11/2015;3954,95
IMA-B 5;23/11/2015;3959,89
IMA-B 5;24/11/2015;3948,45
IMA-B 5;25/11/2015;3937,95
IMA-B 5;26/11/2015;3917,36
IMA-B 5;27/11/2015;3911,6
IMA-B 5;30/11/2015;3911,18
IMA-B 5;01/12/2015;3918,44
IMA-B 5;02/12/2015;3928,12
IMA-B 5;03/12/2015;3927,35
IMA-B 5;04/12/2015;3931,03
IMA-B 5;07/12/2015;3935,44
IMA-B 5;08/12/2015;3938,45
IMA-B 5;09/12/2015;3946,75
IMA-B 5;10/12/2015;3937,43
IMA-B 5;11/12/2015;3940,09
IMA-B 5;14/12/2015;3940,82
IMA-B 5;15/12/2015;3942
IMA-B 5;16/12/2015;3944,41
IMA-B 5;17/12/2015;3956,19
IMA-B 5;18/12/2015;3962,04
IMA-B 5;21/12/2015;3963,65
IMA-B 5;22/12/2015;3968,91
IMA-B 5;23/12/2015;3977,49
IMA-B 5;24/12/2015;3980,43
IMA-B 5;28/12/2015;3984,46
IMA-B 5;29/12/2015;3990,04
IMA-B 5;30/12/2015;3991,15
IMA-B 5;31/12/2015;3994,1
IMA-B 5;04/01/2016;3999,23
IMA-B 5;05/01/2016;4016,34
IMA-B 5;06/01/2016;4026,91
IMA-B 5;07/01/2016;4030,57
IMA-B 5;08/01/2016;4030,42
IMA-B 5;11/01/2016;4032,58
IMA-B 5;12/01/2016;4037,75
IMA-B 5;13/01/2016;4044,28
IMA-B 5;14/01/2016;4045,47
IMA-B 5;15/01/2016;4047,95
IMA-B 5;18/01/2016;4054,53
IMA-B 5;19/01/2016;4064,54
IMA-B 5;20/01/2016;4071,23
IMA-B 5;21/01/2016;4106,11
IMA-B 5;22/01/2016;4112,07
IMA-B 5;25/01/2016;4116,7
IMA-B 5;26/01/2016;4123,53
IMA-B 5;27/01/2016;4109,72
IMA-B 5;28/01/2016;4117,3
IMA-B 5;29/01/2016;4112,76
IMA-B 5;01/02/2016;4125,22
IMA-B 5;02/02/2016;4120,3
IMA-B 5;03/02/2016;4125,95
IMA-B 5;04/02/2016;4108,75
IMA-B 5;05/02/2016;4124,8
IMA-B 5;10/02/2016;4132,88
IMA-B 5;11/02/2016;4134,33
IMA-B 5;12/02/2016;4146,99
IMA-B 5;15/02/2016;4156,31
IMA-B 5;16/02/2016;4164,59
IMA-B 5;17/02/2016;4171,43
IMA-B 5;18/02/2016;4164,03
IMA-B 5;19/02/2016;4164,69
IMA-B 5;22/02/2016;4165,96
IMA-B 5;23/02/2016;4165,15
IMA-B 5;24/02/2016;4169,67
IMA-B 5;25/02/2016;4173,64
IMA-B 5;26/02/2016;4169,43
IMA-B 5;29/02/2016;4176,03
IMA-B 5;01/03/2016;4189,41
IMA-B 5;02/03/2016;4193,51
IMA-B 5;03/03/2016;4192,89
IMA-B 5;04/03/2016;4193,72
IMA-B 5;07/03/2016;4182,25
IMA-B 5;08/03/2016;4188,59
IMA-B 5;09/03/2016;4194,27
IMA-B 5;10/03/2016;4202,93
IMA-B 5;11/03/2016;4218,46
IMA-B 5;14/03/2016;4217,26
IMA-B 5;15/03/2016;4207,7
IMA-B 5;16/03/2016;4215,12
IMA-B 5;17/03/2016;4235,64
IMA-B 5;18/03/2016;4239,96
IMA-B 5;21/03/2016;4242,28
IMA-B 5;22/03/2016;4250,45
IMA-B 5;23/03/2016;4232,44
IMA-B 5;24/03/2016;4219,12
IMA-B 5;28/03/2016;4230,33
IMA-B 5;29/03/2016;4230,2
IMA-B 5;30/03/2016;4220,73
IMA-B 5;31/03/2016;4207,69
IMA-B 5;01/04/2016;4219,59
IMA-B 5;04/04/2016;4207,84
IMA-B 5;05/04/2016;4213,11
IMA-B 5;06/04/2016;4211,4
IMA-B 5;07/04/2016;4209,15
IMA-B 5;08/04/2016;4218,19
IMA-B 5;11/04/2016;4226,89
IMA-B 5;12/04/2016;4226,57
IMA-B 5;13/04/2016;4236,31
IMA-B 5;14/04/2016;4235,11
IMA-B 5;15/04/2016;4241,56
IMA-B 5;18/04/2016;4252,32
IMA-B 5;19/04/2016;4253,33
IMA-B 5;20/04/2016;4251,46
IMA-B 5;22/04/2016;4251,04
IMA-B 5;25/04/2016;4255,91
IMA-B 5;26/04/2016;4255,07
IMA-B 5;27/04/2016;4260,71
IMA-B 5;28/04/2016;4254,75
IMA-B 5;29/04/2016;4272,49
IMA-B 5;02/05/2016;4271,89
IMA-B 5;03/05/2016;4272,79
IMA-B 5;04/05/2016;4277,26
IMA-B 5;05/05/2016;4285,55
IMA-B 5;06/05/2016;4288,63
IMA-B 5;09/05/2016;4287,02
IMA-B 5;10/05/2016;4295,37
IMA-B 5;11/05/2016;4305,6
IMA-B 5;12/05/2016;4315,5
IMA-B 5;13/05/2016;4317,8
IMA-B 5;16/05/2016;4318,35
IMA-B 5;17/05/2016;4320,26
IMA-B 5;18/05/2016;4315,12
IMA-B 5;19/05/2016;4319,19
IMA-B 5;20/05/2016;4318,51
IMA-B 5;23/05/2016;4307,73
IMA-B 5;24/05/2016;4305,75
IMA-B 5;25/05/2016;4304,34
IMA-B 5;27/05/2016;4301,54
IMA-B 5;30/05/2016;4307,35
IMA-B 5;31/05/2016;4306,61
IMA-B 5;01/06/2016;4313,91
IMA-B 5;02/06/2016;4323,01
IMA-B 5;03/06/2016;4335,58
IMA-B 5;06/06/2016;4339,75
IMA-B 5;07/06/2016;4340,49
IMA-B 5;08/06/2016;4347,44
IMA-B 5;09/06/2016;4350,45
IMA-B 5;10/06/2016;4352,26
IMA-B 5;13/06/2016;4356,3
IMA-B 5;14/06/2016;4360,13
IMA-B 5;15/06/2016;4359,83
IMA-B 5;16/06/2016;4357,6
IMA-B 5;17/06/2016;4357,03
IMA-B 5;20/06/2016;4359,43
IMA-B 5;21/06/2016;4361,06
IMA-B 5;22/06/2016;4362
IMA-B 5;23/06/2016;4366,22
IMA-B 5;24/06/2016;4367,51
IMA-B 5;27/06/2016;4377,03
IMA-B 5;28/06/2016;4363,3
IMA-B 5;29/06/2016;4348,74
IMA-B 5;30/06/2016;4347,01
IMA-B 5;01/07/2016;4361,38
IMA-B 5;04/07/2016;4361,48
IMA-B 5;05/07/2016;4360,83
IMA-B 5;06/07/2016;4367,04
IMA-B 5;07/07/2016;4370,34
IMA-B 5;08/07/2016;4376,33
IMA-B 5;11/07/2016;4377,94
IMA-B 5;12/07/2016;4379,68
IMA-B 5;13/07/2016;4383,62
IMA-B 5;14/07/2016;4388,65
IMA-B 5;15/07/2016;4392,69
IMA-B 5;18/07/2016;4394,03
IMA-B 5;19/07/2016;4391,62
IMA-B 5;20/07/2016;4392,34
IMA-B 5;21/07/2016;4386,98
IMA-B 5;22/07/2016;4388,04
IMA-B 5;25/07/2016;4388,67
IMA-B 5;26/07/2016;4388,68
IMA-B 5;27/07/2016;4392,37
IMA-B 5;28/07/2016;4395,87
IMA-B 5;29/07/2016;4399,47
IMA-B 5;01/08/2016;4403,5
IMA-B 5;02/08/2016;4405,71
IMA-B 5;03/08/2016;4412,22
IMA-B 5;04/08/2016;4420,5
IMA-B 5;05/08/2016;4427,13
IMA-B 5;08/08/2016;4427,82
IMA-B 5;09/08/2016;4433
IMA-B 5;10/08/2016;4442,07
IMA-B 5;11/08/2016;4447,36
IMA-B 5;12/08/2016;4452,38
IMA-B 5;15/08/2016;4450,92
IMA-B 5;16/08/2016;4449,25
IMA-B 5;17/08/2016;4448,66
IMA-B 5;18/08/2016;4446,59
IMA-B 5;19/08/2016;4451,76
IMA-B 5;22/08/2016;4451,61
IMA-B 5;23/08/2016;4455,1
IMA-B 5;24/08/2016;4454,46
IMA-B 5;25/08/2016;4454,82
IMA-B 5;26/08/2016;4443,68
IMA-B 5;29/08/2016;4448,26
IMA-B 5;30/08/2016;4443,31
IMA-B 5;31/08/2016;4447,59
IMA-B 5;01/09/2016;4460,85
IMA-B 5;02/09/2016;4466,35
IMA-B 5;05/09/2016;4466,89
IMA-B 5;06/09/2016;4471,47
IMA-B 5;08/09/2016;4470,9
IMA-B 5;09/09/2016;4462,08
IMA-B 5;12/09/2016;4467,73
IMA-B 5;13/09/2016;4461,26
IMA-B 5;14/09/2016;4465,01
IMA-B 5;15/09/2016;4470,23
IMA-B 5;16/09/2016;4474,65
IMA-B 5;19/09/2016;4478,68
IMA-B 5;20/09/2016;4482,19
IMA-B 5;21/09/2016;4487,17
IMA-B 5;22/09/2016;4491,97
IMA-B 5;23/09/2016;4492,9
IMA-B 5;26/09/2016;4493,26
IMA-B 5;27/09/2016;4499,27
IMA-B 5;28/09/2016;4505,45
IMA-B 5;29/09/2016;4505,79
IMA-B 5;30/09/2016;4510,28
IMA-B 5;03/10/2016;4520,7
IMA-B 5;04/10/2016;4516,95
IMA-B 5;05/10/2016;4524,41
IMA-B 5;06/10/2016;4524,19
IMA-B 5;07/10/2016;4521,39
IMA-B 5;10/10/2016;4519,72
IMA-B 5;11/10/2016;4520,05
IMA-B 5;13/10/2016;4522,8
IMA-B 5;14/10/2016;4523,86
IMA-B 5;17/10/2016;4526,2
IMA-B 5;18/10/2016;4527,77
IMA-B 5;19/10/2016;4532,99
IMA-B 5;20/10/2016;4526,29
IMA-B 5;21/10/2016;4524,18
IMA-B 5;24/10/2016;4529,01
IMA-B 5;25/10/2016;4525,92
IMA-B 5;26/10/2016;4522,65
IMA-B 5;27/10/2016;4520,37
IMA-B 5;28/10/2016;4523,62
IMA-B 5;31/10/2016;4531
IMA-B 5;01/11/2016;4532,96
IMA-B 5;03/11/2016;4534,88
IMA-B 5;04/11/2016;4538,58
IMA-B 5;07/11/2016;4542,44
IMA-B 5;08/11/2016;4543,62
IMA-B 5;09/11/2016;4533,72
IMA-B 5;10/11/2016;4514,1
IMA-B 5;11/11/2016;4508,51
IMA-B 5;14/11/2016;4486,19
IMA-B 5;16/11/2016;4497,34
IMA-B 5;17/11/2016;4497,77
IMA-B 5;18/11/2016;4502,26
IMA-B 5;21/11/2016;4521,44
IMA-B 5;22/11/2016;4531,33
IMA-B 5;23/11/2016;4532,45
IMA-B 5;24/11/2016;4532,61
IMA-B 5;25/11/2016;4527,55
IMA-B 5;28/11/2016;4536,65
IMA-B 5;29/11/2016;4544,21
IMA-B 5;30/11/2016;4549,01
IMA-B 5;01/12/2016;4525,3
IMA-B 5;02/12/2016;4529,92
IMA-B 5;05/12/2016;4552,41
IMA-B 5;06/12/2016;4556,16
IMA-B 5;07/12/2016;4562,12
IMA-B 5;08/12/2016;4571,35
IMA-B 5;09/12/2016;4563,31
IMA-B 5;12/12/2016;4564,17
IMA-B 5;13/12/2016;4563,83
IMA-B 5;14/12/2016;4569,46
IMA-B 5;15/12/2016;4572,82
IMA-B 5;16/12/2016;4578,89
IMA-B 5;19/12/2016;4583,65
IMA-B 5;20/12/2016;4587,54
IMA-B 5;21/12/2016;4591,8
IMA-B 5;22/12/2016;4593,24
IMA-B 5;23/12/2016;4593,28
IMA-B 5;26/12/2016;4596,18
IMA-B 5;27/12/2016;4598,25
IMA-B 5;28/12/2016;4604,4
IMA-B 5;29/12/2016;4610,74
IMA-B 5;30/12/2016;4612,45
IMA-B 5;02/01/2017;4622,75
IMA-B 5;03/01/2017;4627,29
IMA-B 5;04/01/2017;4628,69
IMA-B 5;05/01/2017;4636,46
IMA-B 5;06/01/2017;4632,49
IMA-B 5;09/01/2017;4632,56
IMA-B 5;10/01/2017;4635,11
IMA-B 5;11/01/2017;4631,83
IMA-B 5;12/01/2017;4664,39
IMA-B 5;13/01/2017;4667,83
IMA-B 5;16/01/2017;4671,64
IMA-B 5;17/01/2017;4673,71
IMA-B 5;18/01/2017;4672,23
IMA-B 5;19/01/2017;4672,69
IMA-B 5;20/01/2017;4672,49
IMA-B 5;23/01/2017;4670,18
IMA-B 5;24/01/2017;4671,68
IMA-B 5;25/01/2017;4673,74
IMA-B 5;26/01/2017;4670,89
IMA-B 5;27/01/2017;4674,01
IMA-B 5;30/01/2017;4668,78
IMA-B 5;31/01/2017;4665,79
IMA-B 5;01/02/2017;4670,2
IMA-B 5;02/02/2017;4673,36
IMA-B 5;03/02/2017;4676,52
IMA-B 5;06/02/2017;4681,37
IMA-B 5;07/02/2017;4683,7
IMA-B 5;08/02/2017;4696,45
IMA-B 5;09/02/2017;4703,27
IMA-B 5;10/02/2017;4708,77
IMA-B 5;13/02/2017;4710,3
IMA-B 5;14/02/2017;4712,37
IMA-B 5;15/02/2017;4711,63
IMA-B 5;16/02/2017;4705,4
IMA-B 5;17/02/2017;4706,38
IMA-B 5;20/02/2017;4707,59
IMA-B 5;21/02/2017;4712,91
IMA-B 5;22/02/2017;4717,13
IMA-B 5;23/02/2017;4730,73
IMA-B 5;24/02/2017;4735,41
IMA-B 5;01/03/2017;4743,8
IMA-B 5;02/03/2017;4741,79
IMA-B 5;03/03/2017;4752,08
IMA-B 5;06/03/2017;4755,27
IMA-B 5;07/03/2017;4758,54
IMA-B 5;08/03/2017;4758,01
IMA-B 5;09/03/2017;4758,3
IMA-B 5;10/03/2017;4764,32
IMA-B 5;13/03/2017;4768,41
IMA-B 5;14/03/2017;4765,23
IMA-B 5;15/03/2017;4774,9
IMA-B 5;16/03/2017;4777,66
IMA-B 5;17/03/2017;4784,38
IMA-B 5;20/03/2017;4784,33
IMA-B 5;21/03/2017;4786,97
IMA-B 5;22/03/2017;4787,58
IMA-B 5;23/03/2017;4787,97
IMA-B 5;24/03/2017;4799,63
IMA-B 5;27/03/2017;4806,15
IMA-B 5;28/03/2017;4801,28
IMA-B 5;29/03/2017;4804,42
IMA-B 5;30/03/2017;4797,05
IMA-B 5;31/03/2017;4801,27
IMA-B 5;03/04/2017;4803,8
IMA-B 5;04/04/2017;4805,73
IMA-B 5;05/04/2017;4808,81
IMA-B 5;06/04/2017;4802,99
IMA-B 5;07/04/2017;4808,97
IMA-B 5;10/04/2017;4816,18
IMA-B 5;11/04/2017;4816,9
IMA-B 5;12/04/2017;4816,99
IMA-B 5;13/04/2017;4815,44
IMA-B 5;17/04/2017;4818,69
IMA-B 5;18/04/2017;4825,93
IMA-B 5;19/04/2017;4828,04
IMA-B 5;20/04/2017;4827,99
IMA-B 5;24/04/2017;4830,62
IMA-B 5;25/04/2017;4827,59
IMA-B 5;26/04/2017;4829,92
IMA-B 5;27/04/2017;4831,57
IMA-B 5;28/04/2017;4835,35
IMA-B 5;02/05/2017;4839,39
IMA-B 5;03/05/2017;4840,66
IMA-B 5;04/05/2017;4837,99
IMA-B 5;05/05/2017;4838,04
IMA-B 5;08/05/2017;4838,2
IMA-B 5;09/05/2017;4842,65
IMA-B 5;10/05/2017;4850,26
IMA-B 5;11/05/2017;4860,67
IMA-B 5;12/05/2017;4864,03
IMA-B 5;15/05/2017;4871,48
IMA-B 5;16/05/2017;4880,18
IMA-B 5;17/05/2017;4879,63
IMA-B 5;18/05/2017;4746,9
IMA-B 5;19/05/2017;4786,68
IMA-B 5;22/05/2017;4774,26
IMA-B 5;23/05/2017;4802,59
IMA-B 5;24/05/2017;4814,88
IMA-B 5;25/05/2017;4814,64
IMA-B 5;26/05/2017;4824,24
IMA-B 5;29/05/2017;4835,71
IMA-B 5;30/05/2017;4827,81
IMA-B 5;31/05/2017;4839,43
IMA-B 5;01/06/2017;4824,9
IMA-B 5;02/06/2017;4822,63
IMA-B 5;05/06/2017;4818,62
IMA-B 5;06/06/2017;4828,47
IMA-B 5;07/06/2017;4827,85
IMA-B 5;08/06/2017;4828,47
IMA-B 5;09/06/2017;4831,11
IMA-B 5;12/06/2017;4833,46
IMA-B 5;13/06/2017;4830,68
IMA-B 5;14/06/2017;4834,5
IMA-B 5;16/06/2017;4842,07
IMA-B 5;19/06/2017;4850,26
IMA-B 5;20/06/2017;4843,93
IMA-B 5;21/06/2017;4849,61
IMA-B 5;22/06/2017;4848,89
IMA-B 5;23/06/2017;4850,9
IMA-B 5;26/06/2017;4852,34
IMA-B 5;27/06/2017;4851,09
IMA-B 5;28/06/2017;4860,25
IMA-B 5;29/06/2017;4856,28
IMA-B 5;30/06/2017;4864,82
IMA-B 5;03/07/2017;4871,35
IMA-B 5;04/07/2017;4873
IMA-B 5;05/07/2017;4873,86
IMA-B 5;06/07/2017;4873,22
IMA-B 5;07/07/2017;4871,83
IMA-B 5;10/07/2017;4875,1
IMA-B 5;11/07/2017;4880,72
IMA-B 5;12/07/2017;4894,36
IMA-B 5;13/07/2017;4896,65
IMA-B 5;14/07/2017;4906,9
IMA-B 5;17/07/2017;4912,27
IMA-B 5;18/07/2017;4917,54
IMA-B 5;19/07/2017;4931,97
IMA-B 5;20/07/2017;4944,31
IMA-B 5;21/07/2017;4957,53
IMA-B 5;24/07/2017;4954,97
IMA-B 5;25/07/2017;4954,93
IMA-B 5;26/07/2017;4953,84
IMA-B 5;27/07/2017;4986,3
IMA-B 5;28/07/2017;4998,15
IMA-B 5;31/07/2017;5003,29
IMA-B 5;01/08/2017;5011,94
IMA-B 5;02/08/2017;5012,99
IMA-B 5;03/08/2017;5019,99
IMA-B 5;04/08/2017;5019,2
IMA-B 5;07/08/2017;5015,39
IMA-B 5;08/08/2017;5021,6
IMA-B 5;09/08/2017;5020,61
IMA-B 5;10/08/2017;5015,61
IMA-B 5;11/08/2017;5019,8
IMA-B 5;14/08/2017;5019,74
IMA-B 5;15/08/2017;5023,29
IMA-B 5;16/08/2017;5027
IMA-B 5;17/08/2017;5018,54
IMA-B 5;18/08/2017;5030,52
IMA-B 5;21/08/2017;5029,69
IMA-B 5;22/08/2017;5033,38
IMA-B 5;23/08/2017;5037,93
IMA-B 5;24/08/2017;5042,26
IMA-B 5;25/08/2017;5044,64
IMA-B 5;28/08/2017;5048,18
IMA-B 5;29/08/2017;5049,94
IMA-B 5;30/08/2017;5055,98
IMA-B 5;31/08/2017;5066,06
IMA-B 5;01/09/2017;5066,08
IMA-B 5;04/09/2017;5068,5
IMA-B 5;05/09/2017;5071,21
IMA-B 5;06/09/2017;5077
IMA-B 5;08/09/2017;5082,47
IMA-B 5;11/09/2017;5076
IMA-B 5;12/09/2017;5071,59
IMA-B 5;13/09/2017;5072,57
IMA-B 5;14/09/2017;5078,59
IMA-B 5;15/09/2017;5077,75
IMA-B 5;18/09/2017;5078,03
IMA-B 5;19/09/2017;5082,17
IMA-B 5;20/09/2017;5087,82
IMA-B 5;21/09/2017;5096,19
IMA-B 5;22/09/2017;5099,92
IMA-B 5;25/09/2017;5104,21
IMA-B 5;26/09/2017;5117,06
IMA-B 5;27/09/2017;5117,08
IMA-B 5;28/09/2017;5116,91
IMA-B 5;29/09/2017;5117,06
IMA-B 5;02/10/2017;5120,06
IMA-B 5;03/10/2017;5115,61
IMA-B 5;04/10/2017;5117,1
IMA-B 5;05/10/2017;5112,87
IMA-B 5;06/10/2017;5128,92
IMA-B 5;09/10/2017;5126,65
IMA-B 5;10/10/2017;5133,72
IMA-B 5;11/10/2017;5134,81
IMA-B 5;13/10/2017;5137,85
IMA-B 5;16/10/2017;5134,8
IMA-B 5;17/10/2017;5141
IMA-B 5;18/10/2017;5143,69
IMA-B 5;19/10/2017;5150,06
IMA-B 5;20/10/2017;5153,23
IMA-B 5;23/10/2017;5153,47
IMA-B 5;24/10/2017;5152,95
IMA-B 5;25/10/2017;5154,43
IMA-B 5;26/10/2017;5138,41
IMA-B 5;27/10/2017;5141,84
IMA-B 5;30/10/2017;5137,63
IMA-B 5;31/10/2017;5141,82
IMA-B 5;01/11/2017;5134,77
IMA-B 5;03/11/2017;5128,25
IMA-B 5;06/11/2017;5139,52
IMA-B 5;07/11/2017;5140,41
IMA-B 5;08/11/2017;5144,85
IMA-B 5;09/11/2017;5144,17
IMA-B 5;10/11/2017;5134,18
IMA-B 5;13/11/2017;5133,45
IMA-B 5;14/11/2017;5131,67
IMA-B 5;16/11/2017;5139,76
IMA-B 5;17/11/2017;5150,48
IMA-B 5;20/11/2017;5152,45
IMA-B 5;21/11/2017;5159,78
IMA-B 5;22/11/2017;5158,98
IMA-B 5;23/11/2017;5161,76
IMA-B 5;24/11/2017;5159,66
IMA-B 5;27/11/2017;5159,97
IMA-B 5;28/11/2017;5160,43
IMA-B 5;29/11/2017;5150,62
IMA-B 5;30/11/2017;5147,1
IMA-B 5;01/12/2017;5151,38
IMA-B 5;04/12/2017;5156,94
IMA-B 5;05/12/2017;5161,4
IMA-B 5;06/12/2017;5159,58
IMA-B 5;07/12/2017;5153,05
IMA-B 5;08/12/2017;5151,8
IMA-B 5;11/12/2017;5151,22
IMA-B 5;12/12/2017;5146,49
IMA-B 5;13/12/2017;5152,15
IMA-B 5;14/12/2017;5149
IMA-B 5;15/12/2017;5155,09
IMA-B 5;18/12/2017;5159,01
IMA-B 5;19/12/2017;5158,41
IMA-B 5;20/12/2017;5166,33
IMA-B 5;21/12/2017;5168,88
IMA-B 5;22/12/2017;5168,68
IMA-B 5;26/12/2017;5179,8
IMA-B 5;27/12/2017;5182,85
IMA-B 5;28/12/2017;5191,1
IMA-B 5;29/12/2017;5192,59
IMA-B 5;02/01/2018;5204,44
IMA-B 5;03/01/2018;5212,83
IMA-B 5;04/01/2018;5219,45
IMA-B 5;05/01/2018;5218,74
IMA-B 5;08/01/2018;5221,66
IMA-B 5;09/01/2018;5223,37
IMA-B 5;10/01/2018;5232,62
IMA-B 5;11/01/2018;5233,05
IMA-B 5;12/01/2018;5234,28
IMA-B 5;15/01/2018;5237,37
IMA-B 5;16/01/2018;5238,9
IMA-B 5;17/01/2018;5239,37
IMA-B 5;18/01/2018;5240,19
IMA-B 5;19/01/2018;5242,6
IMA-B 5;22/01/2018;5242,71
IMA-B 5;23/01/2018;5237,92
IMA-B 5;24/01/2018;5247,98
IMA-B 5;25/01/2018;5249,71
IMA-B 5;26/01/2018;5258,93
IMA-B 5;29/01/2018;5258,05
IMA-B 5;30/01/2018;5260,55
IMA-B 5;31/01/2018;5261,84
IMA-B 5;01/02/2018;5265,85
IMA-B 5;02/02/2018;5260,36
IMA-B 5;05/02/2018;5257,26
IMA-B 5;06/02/2018;5258,2
IMA-B 5;07/02/2018;5259,92
IMA-B 5;08/02/2018;5247,22
IMA-B 5;09/02/2018;5241,19
IMA-B 5;14/02/2018;5247,81
IMA-B 5;15/02/2018;5254,07
IMA-B 5;16/02/2018;5263,43
IMA-B 5;19/02/2018;5265,39
IMA-B 5;20/02/2018;5265,44
IMA-B 5;21/02/2018;5271,07
IMA-B 5;22/02/2018;5273,13
IMA-B 5;23/02/2018;5278,67
IMA-B 5;26/02/2018;5284,39
IMA-B 5;27/02/2018;5285,4
IMA-B 5;28/02/2018;5290,21
IMA-B 5;01/03/2018;5292,99
IMA-B 5;02/03/2018;5299,69
IMA-B 5;05/03/2018;5305,32
IMA-B 5;06/03/2018;5308,11
IMA-B 5;07/03/2018;5310,69
IMA-B 5;08/03/2018;5312,32
IMA-B 5;09/03/2018;5313,6
IMA-B 5;12/03/2018;5313,65
IMA-B 5;13/03/2018;5318,42
IMA-B 5;14/03/2018;5322,86
IMA-B 5;15/03/2018;5323,31
IMA-B 5;16/03/2018;5330,34
IMA-B 5;19/03/2018;5327,59
IMA-B 5;20/03/2018;5320,17
IMA-B 5;21/03/2018;5321,93
IMA-B 5;22/03/2018;5354,12
IMA-B 5;23/03/2018;5359,03
IMA-B 5;26/03/2018;5367,18
IMA-B 5;27/03/2018;5365,45
IMA-B 5;28/03/2018;5366,43
IMA-B 5;29/03/2018;5375,92
IMA-B 5;02/04/2018;5370,04
IMA-B 5;03/04/2018;5367,37
IMA-B 5;04/04/2018;5365,94
IMA-B 5;05/04/2018;5374,09
IMA-B 5;06/04/2018;5372,64
IMA-B 5;09/04/2018;5374,39
IMA-B 5;10/04/2018;5374,64
IMA-B 5;11/04/2018;5378,37
IMA-B 5;12/04/2018;5381,73
IMA-B 5;13/04/2018;5379,76
IMA-B 5;16/04/2018;5380,58
IMA-B 5;17/04/2018;5381,49
IMA-B 5;18/04/2018;5387,03
IMA-B 5;19/04/2018;5386,66
IMA-B 5;20/04/2018;5388,72
IMA-B 5;23/04/2018;5385,71
IMA-B 5;24/04/2018;5387,77
IMA-B 5;25/04/2018;5388,11
IMA-B 5;26/04/2018;5393,58
IMA-B 5;27/04/2018;5399,47
IMA-B 5;30/04/2018;5398,58
IMA-B 5;02/05/2018;5397
IMA-B 5;03/05/2018;5397,29
IMA-B 5;04/05/2018;5398,5
IMA-B 5;07/05/2018;5393,98
IMA-B 5;08/05/2018;5383,33
IMA-B 5;09/05/2018;5373,45
IMA-B 5;10/05/2018;5381,67
IMA-B 5;11/05/2018;5375,1
IMA-B 5;14/05/2018;5364,88
IMA-B 5;15/05/2018;5362,54
IMA-B 5;16/05/2018;5362,57
IMA-B 5;17/05/2018;5338,6
IMA-B 5;18/05/2018;5316,96
IMA-B 5;21/05/2018;5323,98
IMA-B 5;22/05/2018;5336,35
IMA-B 5;23/05/2018;5325,89
IMA-B 5;24/05/2018;5317,17
IMA-B 5;25/05/2018;5310,59
IMA-B 5;28/05/2018;5313,35
IMA-B 5;29/05/2018;5305,86
IMA-B 5;30/05/2018;5314,5
IMA-B 5;01/06/2018;5325,39
IMA-B 5;04/06/2018;5332,39
IMA-B 5;05/06/2018;5309,41
IMA-B 5;06/06/2018;5297,19
IMA-B 5;07/06/2018;5242,04
IMA-B 5;08/06/2018;5266,99
IMA-B 5;11/06/2018;5280,72
IMA-B 5;12/06/2018;5284,26
IMA-B 5;13/06/2018;5271,76
IMA-B 5;14/06/2018;5234,78
IMA-B 5;15/06/2018;5278,01
IMA-B 5;18/06/2018;5291,15
IMA-B 5;19/06/2018;5313,12
IMA-B 5;20/06/2018;5307,81
IMA-B 5;21/06/2018;5309,16
IMA-B 5;22/06/2018;5307,43
IMA-B 5;25/06/2018;5321,42
IMA-B 5;26/06/2018;5328,76
IMA-B 5;27/06/2018;5313,82
IMA-B 5;28/06/2018;5331,91
IMA-B 5;29/06/2018;5338,4
IMA-B 5;02/07/2018;5344,67
IMA-B 5;03/07/2018;5347,76
IMA-B 5;04/07/2018;5354,55
IMA-B 5;05/07/2018;5348,34
IMA-B 5;06/07/2018;5357,45
IMA-B 5;09/07/2018;5361,51
IMA-B 5;10/07/2018;5375,89
IMA-B 5;11/07/2018;5364,19
IMA-B 5;12/07/2018;5357,4
IMA-B 5;13/07/2018;5368,91
IMA-B 5;16/07/2018;5374,22
IMA-B 5;17/07/2018;5381,98
IMA-B 5;18/07/2018;5382,2
IMA-B 5;19/07/2018;5388,2
IMA-B 5;20/07/2018;5398,93
IMA-B 5;23/07/2018;5396,1
IMA-B 5;24/07/2018;5401,91
IMA-B 5;25/07/2018;5413,21
IMA-B 5;26/07/2018;5411,51
IMA-B 5;27/07/2018;5416,4
IMA-B 5;30/07/2018;5417,42
IMA-B 5;31/07/2018;5417,22
IMA-B 5;01/08/2018;5422,52
IMA-B 5;02/08/2018;5424,06
IMA-B 5;03/08/2018;5434,56
IMA-B 5;06/08/2018;5437,81
IMA-B 5;07/08/2018;5428,9
IMA-B 5;08/08/2018;5433,25
IMA-B 5;09/08/2018;5422,27
IMA-B 5;10/08/2018;5394,57
IMA-B 5;13/08/2018;5396,89
IMA-B 5;14/08/2018;5424,67
IMA-B 5;15/08/2018;5428,51
IMA-B 5;16/08/2018;5429,25
IMA-B 5;17/08/2018;5435,29
IMA-B 5;20/08/2018;5426,67
IMA-B 5;21/08/2018;5396,27
IMA-B 5;22/08/2018;5411,78
IMA-B 5;23/08/2018;5401,14
IMA-B 5;24/08/2018;5411,26
IMA-B 5;27/08/2018;5421,62
IMA-B 5;28/08/2018;5416,16
IMA-B 5;29/08/2018;5420,53
IMA-B 5;30/08/2018;5393,55
IMA-B 5;31/08/2018;5403,37
IMA-B 5;03/09/2018;5390,88
IMA-B 5;04/09/2018;5377,91
IMA-B 5;05/09/2018;5375,15
IMA-B 5;06/09/2018;5382,77
IMA-B 5;10/09/2018;5388,55
IMA-B 5;11/09/2018;5387,96
IMA-B 5;12/09/2018;5404,16
IMA-B 5;13/09/2018;5394,5
IMA-B 5;14/09/2018;5407,13
IMA-B 5;17/09/2018;5424,25
IMA-B 5;18/09/2018;5430,26
IMA-B 5;19/09/2018;5427,38
IMA-B 5;20/09/2018;5429,32
IMA-B 5;21/09/2018;5438,03
IMA-B 5;24/09/2018;5438,42
IMA-B 5;25/09/2018;5443,55
IMA-B 5;26/09/2018;5451,62
IMA-B 5;27/09/2018;5457,86
IMA-B 5;28/09/2018;5451,22
IMA-B 5;01/10/2018;5455,64
IMA-B 5;02/10/2018;5467,5
IMA-B 5;03/10/2018;5481,76
IMA-B 5;04/10/2018;5493,28
IMA-B 5;05/10/2018;5491,25
IMA-B 5;08/10/2018;5536,73
IMA-B 5;09/10/2018;5559,05
IMA-B 5;10/10/2018;5554,41
IMA-B 5;11/10/2018;5559,11
IMA-B 5;15/10/2018;5573,74
IMA-B 5;16/10/2018;5585,19
IMA-B 5;17/10/2018;5595,36
IMA-B 5;18/10/2018;5589,09
IMA-B 5;19/10/2018;5587,08
IMA-B 5;22/10/2018;5602,42
IMA-B 5;23/10/2018;5608,05
IMA-B 5;24/10/2018;5603,96
IMA-B 5;25/10/2018;5599,56
IMA-B 5;26/10/2018;5614,27
IMA-B 5;29/10/2018;5614,19
IMA-B 5;30/10/2018;5617,35
IMA-B 5;31/10/2018;5620,12
IMA-B 5;01/11/2018;5625,74
IMA-B 5;05/11/2018;5630,21
IMA-B 5;06/11/2018;5628,74
IMA-B 5;07/11/2018;5618,63
IMA-B 5;08/11/2018;5615,24
IMA-B 5;09/11/2018;5613,56
IMA-B 5;12/11/2018;5609,63
IMA-B 5;13/11/2018;5608,73
IMA-B 5;14/11/2018;5620,49
IMA-B 5;16/11/2018;5637,64
IMA-B 5;19/11/2018;5634,14
IMA-B 5;20/11/2018;5634,88
IMA-B 5;21/11/2018;5641,73
IMA-B 5;22/11/2018;5640,96
IMA-B 5;23/11/2018;5641
IMA-B 5;26/11/2018;5626,28
IMA-B 5;27/11/2018;5622,44
IMA-B 5;28/11/2018;5624,59
IMA-B 5;29/11/2018;5625,97
IMA-B 5;30/11/2018;5628,15
IMA-B 5;03/12/2018;5632,85
IMA-B 5;04/12/2018;5628,39
IMA-B 5;05/12/2018;5633,56
IMA-B 5;06/12/2018;5637,54
IMA-B 5;07/12/2018;5637,74
IMA-B 5;10/12/2018;5637,03
IMA-B 5;11/12/2018;5640,14
IMA-B 5;12/12/2018;5648,82
IMA-B 5;13/12/2018;5663,21
IMA-B 5;14/12/2018;5669,3
IMA-B 5;17/12/2018;5671,45
IMA-B 5;18/12/2018;5671,81
IMA-B 5;19/12/2018;5682,52
IMA-B 5;20/12/2018;5690,01
IMA-B 5;21/12/2018;5690,45
IMA-B 5;24/12/2018;5691,58
IMA-B 5;26/12/2018;5692,23
IMA-B 5;27/12/2018;5698,61
IMA-B 5;28/12/2018;5703,76
IMA-B 5;31/12/2018;5704,86
IMA-B 5;02/01/2019;5721,54
IMA-B 5;03/01/2019;5731,51
IMA-B 5;04/01/2019;5729,88
IMA-B 5;07/01/2019;5724,63
IMA-B 5;08/01/2019;5727,71
IMA-B 5;09/01/2019;5735,45
IMA-B 5;10/01/2019;5733,44
IMA-B 5;11/01/2019;5735,29
IMA-B 5;14/01/2019;5743,33
IMA-B 5;15/01/2019;5742,33
IMA-B 5;16/01/2019;5744,74
IMA-B 5;17/01/2019;5748,58
IMA-B 5;18/01/2019;5750,24
IMA-B 5;21/01/2019;5752,02
IMA-B 5;22/01/2019;5761,58
IMA-B 5;23/01/2019;5766,92
IMA-B 5;24/01/2019;5767,51
IMA-B 5;25/01/2019;5769,23
IMA-B 5;28/01/2019;5770,67
IMA-B 5;29/01/2019;5779,28
IMA-B 5;30/01/2019;5777,6
IMA-B 5;31/01/2019;5792,7
IMA-B 5;01/02/2019;5799,55
IMA-B 5;04/02/2019;5798,74
IMA-B 5;05/02/2019;5798,13
IMA-B 5;06/02/2019;5797,14
IMA-B 5;07/02/2019;5789,42
IMA-B 5;08/02/2019;5776,51
IMA-B 5;11/02/2019;5777,87
IMA-B 5;12/02/2019;5785,59
IMA-B 5;13/02/2019;5794,85
IMA-B 5;14/02/2019;5802,14
IMA-B 5;15/02/2019;5812,65
IMA-B 5;18/02/2019;5807,73
IMA-B 5;19/02/2019;5811,78
IMA-B 5;20/02/2019;5807,14
IMA-B 5;21/02/2019;5811,78
IMA-B 5;22/02/2019;5818,2
IMA-B 5;25/02/2019;5818,27
IMA-B 5;26/02/2019;5818,7
IMA-B 5;27/02/2019;5825,49
IMA-B 5;28/02/2019;5824,34
IMA-B 5;01/03/2019;5826,36
IMA-B 5;06/03/2019;5826,61
IMA-B 5;07/03/2019;5827,85
IMA-B 5;08/03/2019;5834,3
IMA-B 5;11/03/2019;5846,36
IMA-B 5;12/03/2019;5854,31
IMA-B 5;13/03/2019;5868,29
IMA-B 5;14/03/2019;5868,1
IMA-B 5;15/03/2019;5871,63
IMA-B 5;18/03/2019;5880,67
IMA-B 5;19/03/2019;5887,59
IMA-B 5;20/03/2019;5891,18
IMA-B 5;21/03/2019;5888,86
IMA-B 5;22/03/2019;5868,15
IMA-B 5;25/03/2019;5871,79
IMA-B 5;26/03/2019;5866,24
IMA-B 5;27/03/2019;5849,41
IMA-B 5;28/03/2019;5867,51
IMA-B 5;29/03/2019;5870,03
IMA-B 5;01/04/2019;5878,97
IMA-B 5;02/04/2019;5884,74
IMA-B 5;03/04/2019;5883,37
IMA-B 5;04/04/2019;5887,67
IMA-B 5;05/04/2019;5892,53
IMA-B 5;08/04/2019;5890,24
IMA-B 5;09/04/2019;5885,36
IMA-B 5;10/04/2019;5896,27
IMA-B 5;11/04/2019;5891,97
IMA-B 5;12/04/2019;5889,51
IMA-B 5;15/04/2019;5894,57
IMA-B 5;16/04/2019;5896,96
IMA-B 5;17/04/2019;5897,37
IMA-B 5;18/04/2019;5906,86
IMA-B 5;22/04/2019;5913
IMA-B 5;23/04/2019;5926,08
IMA-B 5;24/04/2019;5925,13
IMA-B 5;25/04/2019;5928,66
IMA-B 5;26/04/2019;5929,04
IMA-B 5;29/04/2019;5929,82
IMA-B 5;30/04/2019;5934,93
IMA-B 5;02/05/2019;5936,23
IMA-B 5;03/05/2019;5950,03
IMA-B 5;06/05/2019;5952,13
IMA-B 5;07/05/2019;5951,9
IMA-B 5;08/05/2019;5957,35
IMA-B 5;09/05/2019;5960,5
IMA-B 5;10/05/2019;5964,68
IMA-B 5;13/05/2019;5961,53
IMA-B 5;14/05/2019;5972,1
IMA-B 5;15/05/2019;5971,93
IMA-B 5;16/05/2019;5961,71
IMA-B 5;17/05/2019;5950,29
IMA-B 5;20/05/2019;5956,6
IMA-B 5;21/05/2019;5967,43
IMA-B 5;22/05/2019;5971,63
IMA-B 5;23/05/2019;5972,92
IMA-B 5;24/05/2019;5975,19
IMA-B 5;27/05/2019;5978,27
IMA-B 5;28/05/2019;5996,44
IMA-B 5;29/05/2019;6005,36
IMA-B 5;30/05/2019;6010,06
IMA-B 5;31/05/2019;6017,15
IMA-B 5;03/06/2019;6018,14
IMA-B 5;04/06/2019;6020,69
IMA-B 5;05/06/2019;6015,64
IMA-B 5;06/06/2019;6029,09
IMA-B 5;07/06/2019;6044,02
IMA-B 5;10/06/2019;6056,11
IMA-B 5;11/06/2019;6061,18
IMA-B 5;12/06/2019;6052,86
IMA-B 5;13/06/2019;6060,45
IMA-B 5;14/06/2019;6067,01
IMA-B 5;17/06/2019;6065,12
IMA-B 5;18/06/2019;6071,23
IMA-B 5;19/06/2019;6077,08
IMA-B 5;21/06/2019;6114
IMA-B 5;24/06/2019;6115,49
IMA-B 5;25/06/2019;6100,09
IMA-B 5;26/06/2019;6099,92
IMA-B 5;27/06/2019;6107,27
IMA-B 5;28/06/2019;6120,4
IMA-B 5;01/07/2019;6125,37
IMA-B 5;02/07/2019;6120,29
IMA-B 5;03/07/2019;6129,9
IMA-B 5;04/07/2019;6140,71
IMA-B 5;05/07/2019;6144,53
IMA-B 5;08/07/2019;6154,27
IMA-B 5;09/07/2019;6154,77
IMA-B 5;10/07/2019;6175,26
IMA-B 5;11/07/2019;6182,16
IMA-B 5;12/07/2019;6182,95
IMA-B 5;15/07/2019;6181,88
IMA-B 5;16/07/2019;6179,68
IMA-B 5;17/07/2019;6183,29
IMA-B 5;18/07/2019;6188,27
IMA-B 5;19/07/2019;6188,15
IMA-B 5;22/07/2019;6192,35
IMA-B 5;23/07/2019;6195,14
IMA-B 5;24/07/2019;6192,78
IMA-B 5;25/07/2019;6187,61
IMA-B 5;26/07/2019;6187,49
IMA-B 5;29/07/2019;6188,19
IMA-B 5;30/07/2019;6186,99
IMA-B 5;31/07/2019;6180,02
IMA-B 5;01/08/2019;6189,05
IMA-B 5;02/08/2019;6191,46
IMA-B 5;05/08/2019;6173,49
IMA-B 5;06/08/2019;6189,03
IMA-B 5;07/08/2019;6196,56
IMA-B 5;08/08/2019;6200,84
IMA-B 5;09/08/2019;6200,09
IMA-B 5;12/08/2019;6195,13
IMA-B 5;13/08/2019;6196,36
IMA-B 5;14/08/2019;6188,94
IMA-B 5;15/08/2019;6190,59
IMA-B 5;16/08/2019;6201,4
IMA-B 5;19/08/2019;6197,25
IMA-B 5;20/08/2019;6197,82
IMA-B 5;21/08/2019;6205,06
IMA-B 5;22/08/2019;6201,72
IMA-B 5;23/08/2019;6194,53
IMA-B 5;26/08/2019;6183,87
IMA-B 5;27/08/2019;6176,19
IMA-B 5;28/08/2019;6167,35
IMA-B 5;29/08/2019;6169,93
IMA-B 5;30/08/2019;6183,1
IMA-B 5;02/09/2019;6176,61
IMA-B 5;03/09/2019;6185,75
IMA-B 5;04/09/2019;6199,11
IMA-B 5;05/09/2019;6201,15
IMA-B 5;06/09/2019;6204,48
IMA-B 5;09/09/2019;6210,18
IMA-B 5;10/09/2019;6207,62
IMA-B 5;11/09/2019;6213,43
IMA-B 5;12/09/2019;6220,02
IMA-B 5;13/09/2019;6214,16
IMA-B 5;16/09/2019;6231,39
IMA-B 5;17/09/2019;6243,05
IMA-B 5;18/09/2019;6247,81
IMA-B 5;19/09/2019;6274,74
IMA-B 5;20/09/2019;6288,59
IMA-B 5;23/09/2019;6283,11
IMA-B 5;24/09/2019;6277,47
IMA-B 5;25/09/2019;6281,89
IMA-B 5;26/09/2019;6286,52
IMA-B 5;27/09/2019;6289,38
IMA-B 5;30/09/2019;6290,65
IMA-B 5;01/10/2019;6290,88
IMA-B 5;02/10/2019;6290,9
IMA-B 5;03/10/2019;6296,46
IMA-B 5;04/10/2019;6295,19
IMA-B 5;07/10/2019;6290,03
IMA-B 5;08/10/2019;6291,77
IMA-B 5;09/10/2019;6299,06
IMA-B 5;10/10/2019;6311,32
IMA-B 5;11/10/2019;6324,23
IMA-B 5;14/10/2019;6339,62
IMA-B 5;15/10/2019;6336,4
IMA-B 5;16/10/2019;6357,03
IMA-B 5;17/10/2019;6369,58
IMA-B 5;18/10/2019;6369,68
IMA-B 5;21/10/2019;6369,61
IMA-B 5;22/10/2019;6360,42
IMA-B 5;23/10/2019;6369,78
IMA-B 5;24/10/2019;6369,38
IMA-B 5;25/10/2019;6379,96
IMA-B 5;28/10/2019;6388,12
IMA-B 5;29/10/2019;6398,25
IMA-B 5;30/10/2019;6406,95
IMA-B 5;31/10/2019;6394,57
IMA-B 5;01/11/2019;6399,22
IMA-B 5;04/11/2019;6395,28
IMA-B 5;05/11/2019;6393,12
IMA-B 5;06/11/2019;6392,39
IMA-B 5;07/11/2019;6389,56
IMA-B 5;08/11/2019;6386,89
IMA-B 5;11/11/2019;6395,92
IMA-B 5;12/11/2019;6391,33
IMA-B 5;13/11/2019;6388,76
IMA-B 5;14/11/2019;6392,2
IMA-B 5;18/11/2019;6392,49
IMA-B 5;19/11/2019;6389,95
IMA-B 5;20/11/2019;6391,57
IMA-B 5;21/11/2019;6378,94
IMA-B 5;22/11/2019;6388,83
IMA-B 5;25/11/2019;6386,2
IMA-B 5;26/11/2019;6379,04
IMA-B 5;27/11/2019;6374,27
IMA-B 5;28/11/2019;6379,45
IMA-B 5;29/11/2019;6376,53
IMA-B 5;02/12/2019;6370,44
IMA-B 5;03/12/2019;6382,4
IMA-B 5;04/12/2019;6397,46
IMA-B 5;05/12/2019;6403,15
IMA-B 5;06/12/2019;6415,02
IMA-B 5;09/12/2019;6414,86
IMA-B 5;10/12/2019;6417,67
IMA-B 5;11/12/2019;6418,44
IMA-B 5;12/12/2019;6424,27
IMA-B 5;13/12/2019;6432,46
IMA-B 5;16/12/2019;6432,41
IMA-B 5;17/12/2019;6415,09
IMA-B 5;18/12/2019;6417,46
IMA-B 5;19/12/2019;6401,71
IMA-B 5;20/12/2019;6415,3
IMA-B 5;23/12/2019;6423,93
IMA-B 5;24/12/2019;6427,65
IMA-B 5;26/12/2019;6435,94
IMA-B 5;27/12/2019;6440,42
IMA-B 5;30/12/2019;6451,56
IMA-B 5;31/12/2019;6455,29
IMA-B 5;02/01/2020;6452,52
IMA-B 5;03/01/2020;6453,93
IMA-B 5;06/01/2020;6451,26
IMA-B 5;07/01/2020;6455,28
IMA-B 5;08/01/2020;6459,92
IMA-B 5;09/01/2020;6461,4
IMA-B 5;10/01/2020;6463,68
IMA-B 5;13/01/2020;6456,68
IMA-B 5;14/01/2020;6465,38
IMA-B 5;15/01/2020;6479,02
IMA-B 5;16/01/2020;6472,23
IMA-B 5;17/01/2020;6479,96
IMA-B 5;20/01/2020;6476,38
IMA-B 5;21/01/2020;6473,79
IMA-B 5;22/01/2020;6486,58
IMA-B 5;23/01/2020;6489,26
IMA-B 5;24/01/2020;6489,94
IMA-B 5;27/01/2020;6492,64
IMA-B 5;28/01/2020;6491,55
IMA-B 5;29/01/2020;6494,56
IMA-B 5;30/01/2020;6491,81
IMA-B 5;31/01/2020;6491,21
IMA-B 5;03/02/2020;6495,42
IMA-B 5;04/02/2020;6498,14
IMA-B 5;05/02/2020;6502,08
IMA-B 5;06/02/2020;6490,32
IMA-B 5;07/02/2020;6484,25
IMA-B 5;10/02/2020;6489,3
IMA-B 5;11/02/2020;6497,14
IMA-B 5;12/02/2020;6508,44
IMA-B 5;13/02/2020;6511,56
IMA-B 5;14/02/2020;6527,84
IMA-B 5;17/02/2020;6526,66
IMA-B 5;18/02/2020;6524,52
IMA-B 5;19/02/2020;6536,59
IMA-B 5;20/02/2020;6537,09
IMA-B 5;21/02/2020;6534,67
IMA-B 5;26/02/2020;6523,86
IMA-B 5;27/02/2020;6530,09
IMA-B 5;28/02/2020;6532,89
IMA-B 5;02/03/2020;6563,27
IMA-B 5;03/03/2020;6577,09
IMA-B 5;04/03/2020;6585,96
IMA-B 5;05/03/2020;6571,28
IMA-B 5;06/03/2020;6568,16
IMA-B 5;09/03/2020;6529,16
IMA-B 5;10/03/2020;6539,7
IMA-B 5;11/03/2020;6489,59
IMA-B 5;12/03/2020;6339,28
IMA-B 5;13/03/2020;6427,68
IMA-B 5;16/03/2020;6453,03
IMA-B 5;17/03/2020;6480,66
IMA-B 5;18/03/2020;6329,22
IMA-B 5;19/03/2020;6309,47
IMA-B 5;20/03/2020;6291,2
IMA-B 5;23/03/2020;6231,86
IMA-B 5;24/03/2020;6277,54
IMA-B 5;25/03/2020;6329,8
IMA-B 5;26/03/2020;6358,27
IMA-B 5;27/03/2020;6372,98
IMA-B 5;30/03/2020;6398,17
IMA-B 5;31/03/2020;6418,25
IMA-B 5;01/04/2020;6415,21
IMA-B 5;02/04/2020;6433,71
IMA-B 5;03/04/2020;6432,78
IMA-B 5;06/04/2020;6429,15
IMA-B 5;07/04/2020;6443,91
IMA-B 5;08/04/2020;6457,64
IMA-B 5;09/04/2020;6475,44
IMA-B 5;13/04/2020;6485,89
IMA-B 5;14/04/2020;6502,29
IMA-B 5;15/04/2020;6507,07
IMA-B 5;16/04/2020;6513,87
IMA-B 5;17/04/2020;6520,34
IMA-B 5;20/04/2020;6541,16
IMA-B 5;22/04/2020;6550,62
IMA-B 5;23/04/2020;6527,52
IMA-B 5;24/04/2020;6429,56
IMA-B 5;27/04/2020;6400,67
IMA-B 5;28/04/2020;6442,34
IMA-B 5;29/04/2020;6447,47
IMA-B 5;30/04/2020;6449,58
IMA-B 5;04/05/2020;6453,44
IMA-B 5;05/05/2020;6458,84
IMA-B 5;06/05/2020;6460,77
IMA-B 5;07/05/2020;6462,43
IMA-B 5;08/05/2020;6480,12
IMA-B 5;11/05/2020;6487,96
IMA-B 5;12/05/2020;6470,31
IMA-B 5;13/05/2020;6461,96
IMA-B 5;14/05/2020;6472,37
IMA-B 5;15/05/2020;6487,47
IMA-B 5;18/05/2020;6505,31
IMA-B 5;19/05/2020;6513,08
IMA-B 5;20/05/2020;6525
IMA-B 5;21/05/2020;6537,87
IMA-B 5;22/05/2020;6537,02
IMA-B 5;25/05/2020;6571,11
IMA-B 5;26/05/2020;6567,02
IMA-B 5;27/05/2020;6573,81
IMA-B 5;28/05/2020;6581,95
IMA-B 5;29/05/2020;6586,34
IMA-B 5;01/06/2020;6585,09
IMA-B 5;02/06/2020;6598,79
IMA-B 5;03/06/2020;6606,45
IMA-B 5;04/06/2020;6607,74
IMA-B 5;05/06/2020;6616,52
IMA-B 5;08/06/2020;6611,48
IMA-B 5;09/06/2020;6601,29
IMA-B 5;10/06/2020;6608,74
IMA-B 5;12/06/2020;6608,77
IMA-B 5;15/06/2020;6607,9
IMA-B 5;16/06/2020;6604,25
IMA-B 5;17/06/2020;6612,39
IMA-B 5;18/06/2020;6612,33
IMA-B 5;19/06/2020;6619,27
IMA-B 5;22/06/2020;6617,04
IMA-B 5;23/06/2020;6621,24
IMA-B 5;24/06/2020;6617,5
IMA-B 5;25/06/2020;6641,99
IMA-B 5;26/06/2020;6644,1
IMA-B 5;29/06/2020;6659,72
IMA-B 5;30/06/2020;6659,9
IMA-B 5;01/07/2020;6673,45
IMA-B 5;02/07/2020;6677,58
IMA-B 5;03/07/2020;6692,25
IMA-B 5;06/07/2020;6690,37
IMA-B 5;07/07/2020;6684,67
IMA-B 5;08/07/2020;6674,36
IMA-B 5;09/07/2020;6682,04
IMA-B 5;10/07/2020;6697,54
IMA-B 5;13/07/2020;6702,6
IMA-B 5;14/07/2020;6705,47
IMA-B 5;15/07/2020;6702,3
IMA-B 5;16/07/2020;6697,65
IMA-B 5;17/07/2020;6701,16
IMA-B 5;20/07/2020;6698,23
IMA-B 5;21/07/2020;6704,9
IMA-B 5;22/07/2020;6715,94
IMA-B 5;23/07/2020;6714,81
IMA-B 5;24/07/2020;6709,25
IMA-B 5;27/07/2020;6720,57
IMA-B 5;28/07/2020;6719,74
IMA-B 5;29/07/2020;6715,73
IMA-B 5;30/07/2020;6724,62
IMA-B 5;31/07/2020;6725,81
IMA-B 5;03/08/2020;6728,01
IMA-B 5;04/08/2020;6727,69
IMA-B 5;05/08/2020;6727,09
IMA-B 5;06/08/2020;6752,72
IMA-B 5;07/08/2020;6751,45
IMA-B 5;10/08/2020;6752
IMA-B 5;11/08/2020;6752,49
IMA-B 5;12/08/2020;6740,78
IMA-B 5;13/08/2020;6741,91
IMA-B 5;14/08/2020;6744
IMA-B 5;17/08/2020;6738,43
IMA-B 5;18/08/2020;6755,4
IMA-B 5;19/08/2020;6747,98
IMA-B 5;20/08/2020;6754,42
IMA-B 5;21/08/2020;6751,41
IMA-B 5;24/08/2020;6748,9
IMA-B 5;25/08/2020;6752,06
IMA-B 5;26/08/2020;6742,38
IMA-B 5;27/08/2020;6739,95
IMA-B 5;28/08/2020;6752,96
IMA-B 5;31/08/2020;6754,49
IMA-B 5;01/09/2020;6759,52
IMA-B 5;02/09/2020;6761,53
IMA-B 5;03/09/2020;6777,39
IMA-B 5;04/09/2020;6789,8
IMA-B 5;08/09/2020;6779,81
IMA-B 5;09/09/2020;6786,76
IMA-B 5;10/09/2020;6783,34
IMA-B 5;11/09/2020;6789,73
IMA-B 5;14/09/2020;6798,07
IMA-B 5;15/09/2020;6795,2
IMA-B 5;16/09/2020;6782,02
IMA-B 5;17/09/2020;6792,11
IMA-B 5;18/09/2020;6758,89
IMA-B 5;21/09/2020;6738,02
IMA-B 5;22/09/2020;6756,29
IMA-B 5;23/09/2020;6748,27
IMA-B 5;24/09/2020;6765,78
IMA-B 5;25/09/2020;6764,47
IMA-B 5;28/09/2020;6734,21
IMA-B 5;29/09/2020;6730,56
IMA-B 5;30/09/2020;6746,15
IMA-B 5;01/10/2020;6747,63
IMA-B 5;02/10/2020;6726,45
IMA-B 5;05/10/2020;6739,84
IMA-B 5;06/10/2020;6735,98
IMA-B 5;07/10/2020;6735,35
IMA-B 5;08/10/2020;6745,01
IMA-B 5;09/10/2020;6762,72
IMA-B 5;13/10/2020;6757,87
IMA-B 5;14/10/2020;6761,82
IMA-B 5;15/10/2020;6743,86
IMA-B 5;16/10/2020;6748,22
IMA-B 5;19/10/2020;6758,31
IMA-B 5;20/10/2020;6764,71
IMA-B 5;21/10/2020;6777,17
IMA-B 5;22/10/2020;6778,94
IMA-B 5;23/10/2020;6770,16
IMA-B 5;26/10/2020;6772,57
IMA-B 5;27/10/2020;6767,63
IMA-B 5;28/10/2020;6763,74
IMA-B 5;29/10/2020;6768,39
IMA-B 5;30/10/2020;6759,7
IMA-B 5;03/11/2020;6754,97
IMA-B 5;04/11/2020;6767,91
IMA-B 5;05/11/2020;6778,83
IMA-B 5;06/11/2020;6792,71
IMA-B 5;09/11/2020;6805,47
IMA-B 5;10/11/2020;6809,55
IMA-B 5;11/11/2020;6804,19
IMA-B 5;12/11/2020;6805,4
IMA-B 5;13/11/2020;6811,32
IMA-B 5;16/11/2020;6824,34
IMA-B 5;17/11/2020;6826,06
IMA-B 5;18/11/2020;6819,75
IMA-B 5;19/11/2020;6823,81
IMA-B 5;20/11/2020;6817,75
IMA-B 5;23/11/2020;6808,08
IMA-B 5;24/11/2020;6819
IMA-B 5;25/11/2020;6825,69
IMA-B 5;26/11/2020;6833,33
IMA-B 5;27/11/2020;6849,42
IMA-B 5;30/11/2020;6848,92
IMA-B 5;01/12/2020;6868,16
IMA-B 5;02/12/2020;6876,24
IMA-B 5;03/12/2020;6896,45
IMA-B 5;04/12/2020;6899,7
IMA-B 5;07/12/2020;6904,04
IMA-B 5;08/12/2020;6915,59
IMA-B 5;09/12/2020;6918,63
IMA-B 5;10/12/2020;6909,65
IMA-B 5;11/12/2020;6918,09
IMA-B 5;14/12/2020;6917,16
IMA-B 5;15/12/2020;6927,9
IMA-B 5;16/12/2020;6928,93
IMA-B 5;17/12/2020;6933,08
IMA-B 5;18/12/2020;6935,14
IMA-B 5;21/12/2020;6936,37
IMA-B 5;22/12/2020;6936,62
IMA-B 5;23/12/2020;6947,4
IMA-B 5;24/12/2020;6951,51
IMA-B 5;28/12/2020;6949,23
IMA-B 5;29/12/2020;6960,56
IMA-B 5;30/12/2020;6970,1
IMA-B 5;31/12/2020;6974,23
IMA-B 5;04/01/2021;6977,83
IMA-B 5;05/01/2021;6978,29
IMA-B 5;06/01/2021;6978,76
IMA-B 5;07/01/2021;6967,33
IMA-B 5;08/01/2021;6965,03
IMA-B 5;11/01/2021;6948,47
IMA-B 5;12/01/2021;6967,84
IMA-B 5;13/01/2021;6957,44
IMA-B 5;14/01/2021;6968,49
IMA-B 5;15/01/2021;6973,32
IMA-B 5;18/01/2021;6978,75
IMA-B 5;19/01/2021;6976,16
IMA-B 5;20/01/2021;6974,71
IMA-B 5;21/01/2021;6960,58
IMA-B 5;22/01/2021;6950,26
IMA-B 5;25/01/2021;6951,41
IMA-B 5;26/01/2021;6951,44
IMA-B 5;27/01/2021;6956,39
IMA-B 5;28/01/2021;6970,31
IMA-B 5;29/01/2021;6981,61
IMA-B 5;01/02/2021;6985,91
IMA-B 5;02/02/2021;6997,5
IMA-B 5;03/02/2021;7001,07
IMA-B 5;04/02/2021;7000,73
IMA-B 5;05/02/2021;7004,19
IMA-B 5;08/02/2021;7006,97
IMA-B 5;09/02/2021;6994,11
IMA-B 5;10/02/2021;7007,38
IMA-B 5;11/02/2021;7007,11
IMA-B 5;12/02/2021;7007,64
IMA-B 5;17/02/2021;7001,63
IMA-B 5;18/02/2021;7008,43
IMA-B 5;19/02/2021;7005,91
IMA-B 5;22/02/2021;6985,77
IMA-B 5;23/02/2021;6991,41
IMA-B 5;24/02/2021;6984,25
IMA-B 5;25/02/2021;6962,47
IMA-B 5;26/02/2021;6939,96
IMA-B 5;01/03/2021;6931,25
IMA-B 5;02/03/2021;6929,67
IMA-B 5;03/03/2021;6924,23
IMA-B 5;04/03/2021;6967,47
IMA-B 5;05/03/2021;7003,22
IMA-B 5;08/03/2021;6979
IMA-B 5;09/03/2021;6977,43
IMA-B 5;10/03/2021;6983,67
IMA-B 5;11/03/2021;6996,26
IMA-B 5;12/03/2021;6989,17
IMA-B 5;15/03/2021;6985,31
IMA-B 5;16/03/2021;6992,69
IMA-B 5;17/03/2021;6999,89
IMA-B 5;18/03/2021;6974,42
IMA-B 5;19/03/2021;6954,57
IMA-B 5;22/03/2021;6955,64
IMA-B 5;23/03/2021;6947,33
IMA-B 5;24/03/2021;6940,99
IMA-B 5;25/03/2021;6940,52
IMA-B 5;26/03/2021;6943,77
IMA-B 5;29/03/2021;6936,7
IMA-B 5;30/03/2021;6953,36
IMA-B 5;31/03/2021;6963,77
IMA-B 5;01/04/2021;6969,4
IMA-B 5;05/04/2021;6970,81
IMA-B 5;06/04/2021;6963,26
IMA-B 5;07/04/2021;6955,52
IMA-B 5;08/04/2021;6977,86
IMA-B 5;09/04/2021;6952,43
IMA-B 5;12/04/2021;6952,02
IMA-B 5;13/04/2021;6939,88
IMA-B 5;14/04/2021;6948,79
IMA-B 5;15/04/2021;6964,99
IMA-B 5;16/04/2021;6985,46
IMA-B 5;19/04/2021;6996,28
IMA-B 5;20/04/2021;6983,47
IMA-B 5;22/04/2021;7002,88
IMA-B 5;23/04/2021;7013,88
IMA-B 5;26/04/2021;7014,76
IMA-B 5;27/04/2021;7019,06
IMA-B 5;28/04/2021;7028,74
IMA-B 5;29/04/2021;7031,29
IMA-B 5;30/04/2021;7024,65
IMA-B 5;03/05/2021;7014,36
IMA-B 5;04/05/2021;7001,38
IMA-B 5;05/05/2021;7007,53
IMA-B 5;06/05/2021;7017,61
IMA-B 5;07/05/2021;7025,49
IMA-B 5;10/05/2021;7025,4
IMA-B 5;11/05/2021;7043,14
IMA-B 5;12/05/2021;7034,44
IMA-B 5;13/05/2021;7035,4
IMA-B 5;14/05/2021;7033,02
IMA-B 5;17/05/2021;7047,42
IMA-B 5;18/05/2021;7043,37
IMA-B 5;19/05/2021;7036,01
IMA-B 5;20/05/2021;7048,57
IMA-B 5;21/05/2021;7056,04
IMA-B 5;24/05/2021;7057,69
IMA-B 5;25/05/2021;7047,88
IMA-B 5;26/05/2021;7049,33
IMA-B 5;27/05/2021;7055,77
IMA-B 5;28/05/2021;7075,11
IMA-B 5;31/05/2021;7073,13
IMA-B 5;01/06/2021;7074,49
IMA-B 5;02/06/2021;7081,43
IMA-B 5;04/06/2021;7089,13
IMA-B 5;07/06/2021;7080,44
IMA-B 5;08/06/2021;7082,21
IMA-B 5;09/06/2021;7085,65
IMA-B 5;10/06/2021;7074,8
IMA-B 5;11/06/2021;7068,6
IMA-B 5;14/06/2021;7070,27
IMA-B 5;15/06/2021;7062,9
IMA-B 5;16/06/2021;7064,87
IMA-B 5;17/06/2021;7021,49
IMA-B 5;18/06/2021;7010,99
IMA-B 5;21/06/2021;7037,65
IMA-B 5;22/06/2021;7017,98
IMA-B 5;23/06/2021;7022,19
IMA-B 5;24/06/2021;7032,78
IMA-B 5;25/06/2021;7039,37
IMA-B 5;28/06/2021;7059,34
IMA-B 5;29/06/2021;7063,52
IMA-B 5;30/06/2021;7063,91
IMA-B 5;01/07/2021;7061,67
IMA-B 5;02/07/2021;7074,94
IMA-B 5;05/07/2021;7075,65
IMA-B 5;06/07/2021;7066,23
IMA-B 5;07/07/2021;7073,35
IMA-B 5;08/07/2021;7071,53
IMA-B 5;09/07/2021;7074
IMA-B 5;12/07/2021;7065,71
IMA-B 5;13/07/2021;7066,01
IMA-B 5;14/07/2021;7078,24
IMA-B 5;15/07/2021;7082,42
IMA-B 5;16/07/2021;7094,35
IMA-B 5;19/07/2021;7099,4
IMA-B 5;20/07/2021;7108,33
IMA-B 5;21/07/2021;7114,16
IMA-B 5;22/07/2021;7118,01
IMA-B 5;23/07/2021;7099,95
IMA-B 5;26/07/2021;7093,8
IMA-B 5;27/07/2021;7084,54
IMA-B 5;28/07/2021;7078,91
IMA-B 5;29/07/2021;7087,34
IMA-B 5;30/07/2021;7065,93
IMA-B 5;02/08/2021;7063,37
IMA-B 5;03/08/2021;7068,64
IMA-B 5;04/08/2021;7065,93
IMA-B 5;05/08/2021;7038,99
IMA-B 5;06/08/2021;7051,27
IMA-B 5;09/08/2021;7049,98
IMA-B 5;10/08/2021;7056,46
IMA-B 5;11/08/2021;7056,38
IMA-B 5;12/08/2021;7048,23
IMA-B 5;13/08/2021;7034,88
IMA-B 5;16/08/2021;7029,21
IMA-B 5;17/08/2021;7038,11
IMA-B 5;18/08/2021;7016,14
IMA-B 5;19/08/2021;7019,68
IMA-B 5;20/08/2021;7032,77
IMA-B 5;23/08/2021;7022,6
IMA-B 5;24/08/2021;7037,27
IMA-B 5;25/08/2021;7055,44
IMA-B 5;26/08/2021;7061,43
IMA-B 5;27/08/2021;7078,54
IMA-B 5;30/08/2021;7085,42
IMA-B 5;31/08/2021;7076,62
IMA-B 5;01/09/2021;7080
IMA-B 5;02/09/2021;7070,11
IMA-B 5;03/09/2021;7071,84
IMA-B 5;06/09/2021;7079,5
IMA-B 5;08/09/2021;7068,33
IMA-B 5;09/09/2021;7080,83
IMA-B 5;10/09/2021;7082,48
IMA-B 5;13/09/2021;7091,75
IMA-B 5;14/09/2021;7114,48
IMA-B 5;15/09/2021;7120,91
IMA-B 5;16/09/2021;7121,44
IMA-B 5;17/09/2021;7122,3
IMA-B 5;20/09/2021;7125,94
IMA-B 5;21/09/2021;7139,88
IMA-B 5;22/09/2021;7138,53
IMA-B 5;23/09/2021;7135,75
IMA-B 5;24/09/2021;7142,61
IMA-B 5;27/09/2021;7144,29
IMA-B 5;28/09/2021;7146,4
IMA-B 5;29/09/2021;7151,6
IMA-B 5;30/09/2021;7147,5
IMA-B 5;01/10/2021;7158,72
IMA-B 5;04/10/2021;7156,26
IMA-B 5;05/10/2021;7156,79
IMA-B 5;06/10/2021;7174,78
IMA-B 5;07/10/2021;7171,62
IMA-B 5;08/10/2021;7183,73
IMA-B 5;11/10/2021;7181,72
IMA-B 5;13/10/2021;7185,67
IMA-B 5;14/10/2021;7182,36
IMA-B 5;15/10/2021;7172,89
IMA-B 5;18/10/2021;7169,74
IMA-B 5;19/10/2021;7140,37
IMA-B 5;20/10/2021;7140,49
IMA-B 5;21/10/2021;7118,13
IMA-B 5;22/10/2021;7103,92
IMA-B 5;25/10/2021;7072,93
IMA-B 5;26/10/2021;7061,63
IMA-B 5;27/10/2021;7068,26
IMA-B 5;28/10/2021;7021,98
IMA-B 5;29/10/2021;7059,18
IMA-B 5;01/11/2021;7054,47
IMA-B 5;03/11/2021;7092,91
IMA-B 5;04/11/2021;7088,05
IMA-B 5;05/11/2021;7094,6
IMA-B 5;08/11/2021;7098,3
IMA-B 5;09/11/2021;7114,67
IMA-B 5;10/11/2021;7128,4
IMA-B 5;11/11/2021;7143,79
IMA-B 5;12/11/2021;7165,13
IMA-B 5;16/11/2021;7164,96
IMA-B 5;17/11/2021;7164,71
IMA-B 5;18/11/2021;7168,01
IMA-B 5;19/11/2021;7183,67
IMA-B 5;22/11/2021;7172,25
IMA-B 5;23/11/2021;7180,44
IMA-B 5;24/11/2021;7197,34
IMA-B 5;25/11/2021;7198,85
IMA-B 5;26/11/2021;7214,4
IMA-B 5;29/11/2021;7229,49
IMA-B 5;30/11/2021;7235,72
IMA-B 5;01/12/2021;7231,67
IMA-B 5;02/12/2021;7245,94
IMA-B 5;03/12/2021;7275,18
IMA-B 5;06/12/2021;7267,39
IMA-B 5;07/12/2021;7263,54
IMA-B 5;08/12/2021;7273,69
IMA-B 5;09/12/2021;7257,24
IMA-B 5;10/12/2021;7265,16
IMA-B 5;13/12/2021;7258,46
IMA-B 5;14/12/2021;7258,5
IMA-B 5;15/12/2021;7260,18
IMA-B 5;16/12/2021;7250,07
IMA-B 5;17/12/2021;7241,65
IMA-B 5;20/12/2021;7245,69
IMA-B 5;21/12/2021;7260,06
IMA-B 5;22/12/2021;7264,27
IMA-B 5;23/12/2021;7268,87
IMA-B 5;24/12/2021;7271,04
IMA-B 5;27/12/2021;7277,26
IMA-B 5;28/12/2021;7281,39
IMA-B 5;29/12/2021;7278,35
IMA-B 5;30/12/2021;7289,16
IMA-B 5;31/12/2021;7292,64
IMA-B 5;03/01/2022;7294,15
IMA-B 5;04/01/2022;7281,73
IMA-B 5;05/01/2022;7274,21
IMA-B 5;06/01/2022;7271,21
IMA-B 5;07/01/2022;7261,62
IMA-B 5;10/01/2022;7272,18
IMA-B 5;11/01/2022;7273,5
IMA-B 5;12/01/2022;7288,85
IMA-B 5;13/01/2022;7289,67
IMA-B 5;14/01/2022;7293,78
IMA-B 5;17/01/2022;7280,51
IMA-B 5;18/01/2022;7282,05
IMA-B 5;19/01/2022;7300,63
IMA-B 5;20/01/2022;7311,73
IMA-B 5;21/01/2022;7303,18
IMA-B 5;24/01/2022;7314,15
IMA-B 5;25/01/2022;7310,12
IMA-B 5;26/01/2022;7311,36
IMA-B 5;27/01/2022;7298,64
IMA-B 5;28/01/2022;7306,85
IMA-B 5;31/01/2022;7300,86
IMA-B 5;01/02/2022;7311,02
IMA-B 5;02/02/2022;7321,66
IMA-B 5;03/02/2022;7351,9
IMA-B 5;04/02/2022;7346,15
IMA-B 5;07/02/2022;7352,79
IMA-B 5;08/02/2022;7345,24
IMA-B 5;09/02/2022;7328,75
IMA-B 5;10/02/2022;7330,31
IMA-B 5;11/02/2022;7327,74
IMA-B 5;14/02/2022;7338,53
IMA-B 5;15/02/2022;7356,28
IMA-B 5;16/02/2022;7357,84
IMA-B 5;17/02/2022;7354,46
IMA-B 5;18/02/2022;7355,29
IMA-B 5;21/02/2022;7359,18
IMA-B 5;22/02/2022;7355,77
IMA-B 5;23/02/2022;7367,91
IMA-B 5;24/02/2022;7371,11
IMA-B 5;25/02/2022;7378,43
IMA-B 5;02/03/2022;7384,92
IMA-B 5;03/03/2022;7388,71
IMA-B 5;04/03/2022;7383,54
IMA-B 5;07/03/2022;7381,67
IMA-B 5;08/03/2022;7389,73
IMA-B 5;09/03/2022;7407,87
IMA-B 5;10/03/2022;7415,84
IMA-B 5;11/03/2022;7429,66
IMA-B 5;14/03/2022;7425,33
IMA-B 5;15/03/2022;7437,75
IMA-B 5;16/03/2022;7432,59
IMA-B 5;17/03/2022;7462,05
IMA-B 5;18/03/2022;7482,33
IMA-B 5;21/03/2022;7495,58
IMA-B 5;22/03/2022;7515,89
IMA-B 5;23/03/2022;7528,51
IMA-B 5;24/03/2022;7569,37
IMA-B 5;25/03/2022;7592,81
IMA-B 5;28/03/2022;7594,31
IMA-B 5;29/03/2022;7585,1
IMA-B 5;30/03/2022;7573,93
IMA-B 5;31/03/2022;7570,83
IMA-B 5;01/04/2022;7597,49
IMA-B 5;04/04/2022;7601,36
IMA-B 5;05/04/2022;7592,37
IMA-B 5;06/04/2022;7599,05
IMA-B 5;07/04/2022;7605,61
IMA-B 5;08/04/2022;7615,5
IMA-B 5;11/04/2022;7598
IMA-B 5;12/04/2022;7603,25
IMA-B 5;13/04/2022;7617,91
IMA-B 5;14/04/2022;7631,63
IMA-B 5;18/04/2022;7651,06
IMA-B 5;19/04/2022;7649,21
IMA-B 5;20/04/2022;7654,81
IMA-B 5;22/04/2022;7656,93
IMA-B 5;25/04/2022;7662,08
IMA-B 5;26/04/2022;7658,27
IMA-B 5;27/04/2022;7674,12
IMA-B 5;28/04/2022;7687,23
IMA-B 5;29/04/2022;7688,63
IMA-B 5;02/05/2022;7688,76
IMA-B 5;03/05/2022;7701,59
IMA-B 5;04/05/2022;7724,77
IMA-B 5;05/05/2022;7717,32
IMA-B 5;06/05/2022;7716,91
IMA-B 5;09/05/2022;7718,1
IMA-B 5;10/05/2022;7711,62
IMA-B 5;11/05/2022;7730,26
IMA-B 5;12/05/2022;7736,01
IMA-B 5;13/05/2022;7752,26
IMA-B 5;16/05/2022;7767,17
IMA-B 5;17/05/2022;7764,56
IMA-B 5;18/05/2022;7760,31
IMA-B 5;19/05/2022;7749,41
IMA-B 5;20/05/2022;7750,45
IMA-B 5;23/05/2022;7748,86
IMA-B 5;24/05/2022;7741,75
IMA-B 5;25/05/2022;7739,73
IMA-B 5;26/05/2022;7745,46
IMA-B 5;27/05/2022;7736,56
IMA-B 5;30/05/2022;7727,12
IMA-B 5;31/05/2022;7748,75
IMA-B 5;01/06/2022;7760,84
IMA-B 5;02/06/2022;7763,99
IMA-B 5;03/06/2022;7773,79
IMA-B 5;06/06/2022;7781,65
IMA-B 5;07/06/2022;7757,71
IMA-B 5;08/06/2022;7753,51
IMA-B 5;09/06/2022;7746,85
IMA-B 5;10/06/2022;7756,47
IMA-B 5;13/06/2022;7750,33
IMA-B 5;14/06/2022;7744,21
IMA-B 5;15/06/2022;7777,97
IMA-B 5;17/06/2022;7788,17
IMA-B 5;20/06/2022;7786,5
IMA-B 5;21/06/2022;7773,37
IMA-B 5;22/06/2022;7765,59
IMA-B 5;23/06/2022;7779,33
IMA-B 5;24/06/2022;7787,86
IMA-B 5;27/06/2022;7782,19
IMA-B 5;28/06/2022;7765,1
IMA-B 5;29/06/2022;7761,18
IMA-B 5;30/06/2022;7774,65
IMA-B 5;01/07/2022;7760,12
IMA-B 5;04/07/2022;7752,86
IMA-B 5;05/07/2022;7744,83
IMA-B 5;06/07/2022;7739,12
IMA-B 5;07/07/2022;7746,71
IMA-B 5;08/07/2022;7735,63
IMA-B 5;11/07/2022;7724
IMA-B 5;12/07/2022;7727,14
IMA-B 5;13/07/2022;7730,07
IMA-B 5;14/07/2022;7724,12
IMA-B 5;15/07/2022;7734,88
IMA-B 5;18/07/2022;7714
IMA-B 5;19/07/2022;7699,06
IMA-B 5;20/07/2022;7718,02
IMA-B 5;21/07/2022;7716,11
IMA-B 5;22/07/2022;7726,38
IMA-B 5;25/07/2022;7723,9
IMA-B 5;26/07/2022;7718,6
IMA-B 5;27/07/2022;7729,39
IMA-B 5;28/07/2022;7754,96
IMA-B 5;29/07/2022;7775,5
IMA-B 5;01/08/2022;7781,3
IMA-B 5;02/08/2022;7772,13
IMA-B 5;03/08/2022;7784,01
IMA-B 5;04/08/2022;7827,81
IMA-B 5;05/08/2022;7833,34
IMA-B 5;08/08/2022;7839,82
IMA-B 5;09/08/2022;7827,05
IMA-B 5;10/08/2022;7822,32
IMA-B 5;11/08/2022;7809,84
IMA-B 5;12/08/2022;7825,88
IMA-B 5;15/08/2022;7831,8
IMA-B 5;16/08/2022;7817,37
IMA-B 5;17/08/2022;7805,53
IMA-B 5;18/08/2022;7810,76
IMA-B 5;19/08/2022;7806,13
IMA-B 5;22/08/2022;7797,54
IMA-B 5;23/08/2022;7807,88
IMA-B 5;24/08/2022;7803,61
IMA-B 5;25/08/2022;7786,74
IMA-B 5;26/08/2022;7786,71
IMA-B 5;29/08/2022;7775,59
IMA-B 5;30/08/2022;7765,68
IMA-B 5;31/08/2022;7775,54
IMA-B 5;01/09/2022;7788,39
IMA-B 5;02/09/2022;7792,57
IMA-B 5;05/09/2022;7788,6
IMA-B 5;06/09/2022;7766,32
IMA-B 5;08/09/2022;7774,91
IMA-B 5;09/09/2022;7784,53
IMA-B 5;12/09/2022;7775,58
IMA-B 5;13/09/2022;7775,47
IMA-B 5;14/09/2022;7787,58
IMA-B 5;15/09/2022;7771,96
IMA-B 5;16/09/2022;7783,51
IMA-B 5;19/09/2022;7783,8
IMA-B 5;20/09/2022;7786,55
IMA-B 5;21/09/2022;7799,29
IMA-B 5;22/09/2022;7827,27
IMA-B 5;23/09/2022;7806,89
IMA-B 5;26/09/2022;7789,39
IMA-B 5;27/09/2022;7799,96
IMA-B 5;28/09/2022;7790,76
IMA-B 5;29/09/2022;7798,92
IMA-B 5;30/09/2022;7808,41
IMA-B 5;03/10/2022;7816,68
IMA-B 5;04/10/2022;7814,53
IMA-B 5;05/10/2022;7826,84
IMA-B 5;06/10/2022;7834,26
IMA-B 5;07/10/2022;7838,62
IMA-B 5;10/10/2022;7836,31
IMA-B 5;11/10/2022;7840,65
IMA-B 5;13/10/2022;7847,51
IMA-B 5;14/10/2022;7854,58
IMA-B 5;17/10/2022;7862,06
IMA-B 5;18/10/2022;7872,68
IMA-B 5;19/10/2022;7883,55
IMA-B 5;20/10/2022;7891,2
IMA-B 5;21/10/2022;7900,43
IMA-B 5;24/10/2022;7901,1
IMA-B 5;25/10/2022;7899,74
IMA-B 5;26/10/2022;7900,26
IMA-B 5;27/10/2022;7922,34
IMA-B 5;28/10/2022;7927,5
IMA-B 5;31/10/2022;7957,94
IMA-B 5;01/11/2022;7956,62
IMA-B 5;03/11/2022;7953,67
IMA-B 5;04/11/2022;7962,81
IMA-B 5;07/11/2022;7952,38
IMA-B 5;08/11/2022;7951,29
IMA-B 5;09/11/2022;7941,7
IMA-B 5;10/11/2022;7897,57
IMA-B 5;11/11/2022;7885,77
IMA-B 5;14/11/2022;7922,2
IMA-B 5;16/11/2022;7908,43
IMA-B 5;17/11/2022;7902,81
IMA-B 5;18/11/2022;7900,61
IMA-B 5;21/11/2022;7909,95
IMA-B 5;22/11/2022;7884,55
IMA-B 5;23/11/2022;7866,05
IMA-B 5;24/11/2022;7884,73
IMA-B 5;25/11/2022;7858,75
IMA-B 5;28/11/2022;7870
IMA-B 5;29/11/2022;7906,57
IMA-B 5;30/11/2022;7931,43
IMA-B 5;01/12/2022;7928,61
IMA-B 5;02/12/2022;7943,86
IMA-B 5;05/12/2022;7938,9
IMA-B 5;06/12/2022;7937,88
IMA-B 5;07/12/2022;7951,21
IMA-B 5;08/12/2022;7955,11
IMA-B 5;09/12/2022;7944,95
IMA-B 5;12/12/2022;7920,56
IMA-B 5;13/12/2022;7909,49
IMA-B 5;14/12/2022;7904,69
IMA-B 5;15/12/2022;7919,57
IMA-B 5;16/12/2022;7915,16
IMA-B 5;19/12/2022;7918,46
IMA-B 5;20/12/2022;7946,43
IMA-B 5;21/12/2022;7948,55
IMA-B 5;22/12/2022;7953,88
IMA-B 5;23/12/2022;7967,46
IMA-B 5;26/12/2022;7968,92
IMA-B 5;27/12/2022;7969,88
IMA-B 5;28/12/2022;7996,4
IMA-B 5;29/12/2022;8002,54
IMA-B 5;30/12/2022;8006,02
IMA-B 5;02/01/2023;7982,51
IMA-B 5;03/01/2023;7972,75
IMA-B 5;04/01/2023;7965,97
IMA-B 5;05/01/2023;7979,87
IMA-B 5;06/01/2023;7993,69
IMA-B 5;09/01/2023;8001,5
IMA-B 5;10/01/2023;8029,44
IMA-B 5;11/01/2023;8051,17
IMA-B 5;12/01/2023;8063,9
IMA-B 5;13/01/2023;8066,16
IMA-B 5;16/01/2023;8058,74
IMA-B 5;17/01/2023;8078,24
IMA-B 5;18/01/2023;8080,49
IMA-B 5;19/01/2023;8093,01
IMA-B 5;20/01/2023;8092,4
IMA-B 5;23/01/2023;8094,29
IMA-B 5;24/01/2023;8112,34
IMA-B 5;25/01/2023;8115,53
IMA-B 5;26/01/2023;8111,73
IMA-B 5;27/01/2023;8104,25
IMA-B 5;30/01/2023;8114,8
IMA-B 5;31/01/2023;8117,81
IMA-B 5;01/02/2023;8113,96
IMA-B 5;02/02/2023;8101,52
IMA-B 5;03/02/2023;8088,8
IMA-B 5;06/02/2023;8101,57
IMA-B 5;07/02/2023;8110,85
IMA-B 5;08/02/2023;8131,54
IMA-B 5;09/02/2023;8144,53
IMA-B 5;10/02/2023;8157,95
IMA-B 5;13/02/2023;8157,77
IMA-B 5;14/02/2023;8176,55
IMA-B 5;15/02/2023;8206,36
IMA-B 5;16/02/2023;8221,9
IMA-B 5;17/02/2023;8226,26
IMA-B 5;22/02/2023;8218,41
IMA-B 5;23/02/2023;8222,65
IMA-B 5;24/02/2023;8210,13
IMA-B 5;27/02/2023;8230,87
IMA-B 5;28/02/2023;8232,06
IMA-B 5;01/03/2023;8234,13
IMA-B 5;02/03/2023;8224,83
IMA-B 5;03/03/2023;8234,99
IMA-B 5;06/03/2023;8249,63
IMA-B 5;07/03/2023;8257,61
IMA-B 5;08/03/2023;8275,17
IMA-B 5;09/03/2023;8294,49
IMA-B 5;10/03/2023;8289,59
IMA-B 5;13/03/2023;8311,31
IMA-B 5;14/03/2023;8310,86
IMA-B 5;15/03/2023;8323,37
IMA-B 5;16/03/2023;8322,09
IMA-B 5;17/03/2023;8331,12
IMA-B 5;20/03/2023;8333,63
IMA-B 5;21/03/2023;8333,62
IMA-B 5;22/03/2023;8344,35
IMA-B 5;23/03/2023;8338,08
IMA-B 5;24/03/2023;8354,26
IMA-B 5;27/03/2023;8361,28
IMA-B 5;28/03/2023;8349,27
IMA-B 5;29/03/2023;8350,53
IMA-B 5;30/03/2023;8364,77
IMA-B 5;31/03/2023;8356,98
IMA-B 5;03/04/2023;8366,51
IMA-B 5;04/04/2023;8373,79
IMA-B 5;05/04/2023;8381,95
IMA-B 5;06/04/2023;8380,63
IMA-B 5;10/04/2023;8383,29
IMA-B 5;11/04/2023;8401,28
IMA-B 5;12/04/2023;8402,4
IMA-B 5;13/04/2023;8410,59
IMA-B 5;14/04/2023;8409,73
IMA-B 5;17/04/2023;8414,48
IMA-B 5;18/04/2023;8415,22
IMA-B 5;19/04/2023;8407,55
IMA-B 5;20/04/2023;8420,02
IMA-B 5;24/04/2023;8427,09
IMA-B 5;25/04/2023;8436,8
IMA-B 5;26/04/2023;8437,45
IMA-B 5;27/04/2023;8440,84
IMA-B 5;28/04/2023;8432,38
IMA-B 5;02/05/2023;8434,16
IMA-B 5;03/05/2023;8442,23
IMA-B 5;04/05/2023;8458,14
IMA-B 5;05/05/2023;8465,75
IMA-B 5;08/05/2023;8472,3
IMA-B 5;09/05/2023;8473,41
IMA-B 5;10/05/2023;8478,15
IMA-B 5;11/05/2023;8480,78
IMA-B 5;12/05/2023;8486,73
IMA-B 5;15/05/2023;8493,52
IMA-B 5;16/05/2023;8485,1
IMA-B 5;17/05/2023;8470,52
IMA-B 5;18/05/2023;8462,2
IMA-B 5;19/05/2023;8460,32
IMA-B 5;22/05/2023;8452,89
IMA-B 5;23/05/2023;8465,6
IMA-B 5;24/05/2023;8474,14
IMA-B 5;25/05/2023;8480,59
IMA-B 5;26/05/2023;8472,97
IMA-B 5;29/05/2023;8478,69
IMA-B 5;30/05/2023;8480,47
IMA-B 5;31/05/2023;8480,63
IMA-B 5;01/06/2023;8489,96
IMA-B 5;02/06/2023;8496,93
IMA-B 5;05/06/2023;8516,02
IMA-B 5;06/06/2023;8512,37
IMA-B 5;07/06/2023;8489,23
IMA-B 5;09/06/2023;8503,74
IMA-B 5;12/06/2023;8503,02
IMA-B 5;13/06/2023;8495,96
IMA-B 5;14/06/2023;8506,15
IMA-B 5;15/06/2023;8509,5
IMA-B 5;16/06/2023;8514,25
IMA-B 5;19/06/2023;8516,18
IMA-B 5;20/06/2023;8522,81
IMA-B 5;21/06/2023;8530,51
IMA-B 5;22/06/2023;8532,38
IMA-B 5;23/06/2023;8545,87
IMA-B 5;26/06/2023;8545,37
IMA-B 5;27/06/2023;8553,1
IMA-B 5;28/06/2023;8541,02
IMA-B 5;29/06/2023;8550,6
IMA-B 5;30/06/2023;8569,77
IMA-B 5;03/07/2023;8586,08
IMA-B 5;04/07/2023;8579,55
IMA-B 5;05/07/2023;8578,96
IMA-B 5;06/07/2023;8573,2
IMA-B 5;07/07/2023;8592,87
IMA-B 5;10/07/2023;8586,83
IMA-B 5;11/07/2023;8590,26
IMA-B 5;12/07/2023;8589,02
IMA-B 5;13/07/2023;8586,23
IMA-B 5;14/07/2023;8579,74
IMA-B 5;17/07/2023;8585,56
IMA-B 5;18/07/2023;8599,43
IMA-B 5;19/07/2023;8599,18
IMA-B 5;20/07/2023;8597,2
IMA-B 5;21/07/2023;8612,72
IMA-B 5;24/07/2023;8621,15
IMA-B 5;25/07/2023;8633,05
IMA-B 5;26/07/2023;8644,52
IMA-B 5;27/07/2023;8644,01
IMA-B 5;28/07/2023;8643,03
IMA-B 5;31/07/2023;8653,28
IMA-B 5;01/08/2023;8649,57
IMA-B 5;02/08/2023;8650,28
IMA-B 5;03/08/2023;8682,08
IMA-B 5;04/08/2023;8697,27
IMA-B 5;07/08/2023;8692,56
IMA-B 5;08/08/2023;8707,81
IMA-B 5;09/08/2023;8711,78
IMA-B 5;10/08/2023;8718,66
IMA-B 5;11/08/2023;8726,56
IMA-B 5;14/08/2023;8715,81
IMA-B 5;15/08/2023;8721,11
IMA-B 5;16/08/2023;8722,78
IMA-B 5;17/08/2023;8715,37
IMA-B 5;18/08/2023;8715,66
IMA-B 5;21/08/2023;8705,63
IMA-B 5;22/08/2023;8709,37
IMA-B 5;23/08/2023;8725,93
IMA-B 5;24/08/2023;8728,13
IMA-B 5;25/08/2023;8727,23
IMA-B 5;28/08/2023;8731,18
IMA-B 5;29/08/2023;8733,58
IMA-B 5;30/08/2023;8727,06
IMA-B 5;31/08/2023;8706,2
IMA-B 5;01/09/2023;8710,27
IMA-B 5;04/09/2023;8710,76
IMA-B 5;05/09/2023;8710,88
IMA-B 5;06/09/2023;8715,65
IMA-B 5;08/09/2023;8722,87
IMA-B 5;11/09/2023;8731,19
IMA-B 5;12/09/2023;8739,36
IMA-B 5;13/09/2023;8743,3
IMA-B 5;14/09/2023;8750,23
IMA-B 5;15/09/2023;8745,88
IMA-B 5;18/09/2023;8742,83
IMA-B 5;19/09/2023;8740,68
IMA-B 5;20/09/2023;8743,64
IMA-B 5;21/09/2023;8740,99
IMA-B 5;22/09/2023;8741,85
IMA-B 5;25/09/2023;8734,11
IMA-B 5;26/09/2023;8703,27
IMA-B 5;27/09/2023;8681,83
IMA-B 5;28/09/2023;8698,41
IMA-B 5;29/09/2023;8717,79
IMA-B 5;02/10/2023;8701,58
IMA-B 5;03/10/2023;8670,28
IMA-B 5;04/10/2023;8682,1
IMA-B 5;05/10/2023;8680,78
IMA-B 5;06/10/2023;8694,22
IMA-B 5;09/10/2023;8719,49
IMA-B 5;10/10/2023;8726,95
IMA-B 5;11/10/2023;8705,82
IMA-B 5;13/10/2023;8696,26
IMA-B 5;16/10/2023;8710,46
IMA-B 5;17/10/2023;8690,28
IMA-B 5;18/10/2023;8689,42
IMA-B 5;19/10/2023;8675,59
IMA-B 5;20/10/2023;8690,67
IMA-B 5;23/10/2023;8690,28
IMA-B 5;24/10/2023;8704,06
IMA-B 5;25/10/2023;8703,32
IMA-B 5;26/10/2023;8730,5
IMA-B 5;27/10/2023;8714,14
IMA-B 5;30/10/2023;8692,32
IMA-B 5;31/10/2023;8690,66
IMA-B 5;01/11/2023;8710,91
IMA-B 5;03/11/2023;8729,77
IMA-B 5;06/11/2023;8724,11
IMA-B 5;07/11/2023;8734,01
IMA-B 5;08/11/2023;8740,09
IMA-B 5;09/11/2023;8740,76
IMA-B 5;10/11/2023;8749,32
IMA-B 5;13/11/2023;8746,56
IMA-B 5;14/11/2023;8774,59
IMA-B 5;16/11/2023;8788,47
IMA-B 5;17/11/2023;8803,79
IMA-B 5;20/11/2023;8805,52
IMA-B 5;21/11/2023;8805,2
IMA-B 5;22/11/2023;8815,72
IMA-B 5;23/11/2023;8819,45
IMA-B 5;24/11/2023;8826,91
IMA-B 5;27/11/2023;8837,39
IMA-B 5;28/11/2023;8840,84
IMA-B 5;29/11/2023;8840,87
IMA-B 5;30/11/2023;8847,41
IMA-B 5;01/12/2023;8853,54
IMA-B 5;04/12/2023;8847,11
IMA-B 5;05/12/2023;8852,04
IMA-B 5;06/12/2023;8856,98
IMA-B 5;07/12/2023;8860,65
IMA-B 5;08/12/2023;8862,03
IMA-B 5;11/12/2023;8869,86
IMA-B 5;12/12/2023;8880,86
IMA-B 5;13/12/2023;8905,26
IMA-B 5;14/12/2023;8912,01
IMA-B 5;15/12/2023;8920,07
IMA-B 5;18/12/2023;8931,26
IMA-B 5;19/12/2023;8938,11
IMA-B 5;20/12/2023;8944,92
IMA-B 5;21/12/2023;8946,94
IRF-M;01/02/2000;863,15
IRF-M;02/02/2000;863,79
IRF-M;03/02/2000;864,64
IRF-M;04/02/2000;865,69
IRF-M;07/02/2000;866,53
IRF-M;08/02/2000;867,38
IRF-M;09/02/2000;868,06
IRF-M;10/02/2000;868,86
IRF-M;11/02/2000;869,41
IRF-M;14/02/2000;869,67
IRF-M;15/02/2000;870,3
IRF-M;16/02/2000;871,12
IRF-M;17/02/2000;871,92
IRF-M;18/02/2000;872,32
IRF-M;21/02/2000;872,86
IRF-M;22/02/2000;873,53
IRF-M;23/02/2000;874,3
IRF-M;24/02/2000;874,77
IRF-M;25/02/2000;875,34
IRF-M;28/02/2000;875,9
IRF-M;29/02/2000;876,73
IRF-M;01/03/2000;877,34
IRF-M;02/03/2000;878,11
IRF-M;03/03/2000;878,96
IRF-M;08/03/2000;879,53
IRF-M;09/03/2000;880,42
IRF-M;10/03/2000;880,82
IRF-M;13/03/2000;881,57
IRF-M;14/03/2000;882,8
IRF-M;15/03/2000;883,35
IRF-M;16/03/2000;884,32
IRF-M;17/03/2000;885,05
IRF-M;20/03/2000;886,64
IRF-M;21/03/2000;887,38
IRF-M;22/03/2000;888,14
IRF-M;23/03/2000;889,18
IRF-M;24/03/2000;890,05
IRF-M;27/03/2000;891,02
IRF-M;28/03/2000;891,61
IRF-M;29/03/2000;892,79
IRF-M;30/03/2000;892,96
IRF-M;31/03/2000;893,79
IRF-M;03/04/2000;893,95
IRF-M;04/04/2000;893,77
IRF-M;05/04/2000;893,55
IRF-M;06/04/2000;893,86
IRF-M;07/04/2000;895,11
IRF-M;10/04/2000;895,37
IRF-M;11/04/2000;895,55
IRF-M;12/04/2000;895,9
IRF-M;13/04/2000;895,3
IRF-M;14/04/2000;894,58
IRF-M;17/04/2000;894,82
IRF-M;18/04/2000;896,71
IRF-M;19/04/2000;897,34
IRF-M;20/04/2000;897,7
IRF-M;24/04/2000;896,95
IRF-M;25/04/2000;897,93
IRF-M;26/04/2000;898,16
IRF-M;27/04/2000;899,3
IRF-M;28/04/2000;899,72
IRF-M;02/05/2000;899,24
IRF-M;03/05/2000;897,63
IRF-M;04/05/2000;895,52
IRF-M;05/05/2000;899,64
IRF-M;08/05/2000;899,72
IRF-M;09/05/2000;901,03
IRF-M;10/05/2000;901,73
IRF-M;11/05/2000;901,51
IRF-M;12/05/2000;901,36
IRF-M;15/05/2000;903,41
IRF-M;16/05/2000;904,96
IRF-M;17/05/2000;905,28
IRF-M;18/05/2000;905,02
IRF-M;19/05/2000;904,69
IRF-M;22/05/2000;904,26
IRF-M;23/05/2000;904,49
IRF-M;24/05/2000;906,83
IRF-M;25/05/2000;907,7
IRF-M;26/05/2000;909,17
IRF-M;29/05/2000;910,01
IRF-M;30/05/2000;911,49
IRF-M;31/05/2000;912,73
IRF-M;01/06/2000;914,89
IRF-M;02/06/2000;916,98
IRF-M;05/06/2000;917,77
IRF-M;06/06/2000;918,2
IRF-M;07/06/2000;919,34
IRF-M;08/06/2000;919,7
IRF-M;09/06/2000;920,71
IRF-M;12/06/2000;921,01
IRF-M;13/06/2000;922,36
IRF-M;14/06/2000;923,23
IRF-M;15/06/2000;924,13
IRF-M;16/06/2000;925,1
IRF-M;19/06/2000;926,11
IRF-M;20/06/2000;926,94
IRF-M;21/06/2000;930,68
IRF-M;23/06/2000;930,52
IRF-M;26/06/2000;931,08
IRF-M;27/06/2000;931,96
IRF-M;28/06/2000;932,78
IRF-M;29/06/2000;933,55
IRF-M;30/06/2000;933,83
IRF-M;03/07/2000;934,96
IRF-M;04/07/2000;935,42
IRF-M;05/07/2000;936,5
IRF-M;06/07/2000;937,2
IRF-M;07/07/2000;937,88
IRF-M;10/07/2000;938,9
IRF-M;11/07/2000;938,84
IRF-M;12/07/2000;939,31
IRF-M;13/07/2000;938,99
IRF-M;14/07/2000;940,39
IRF-M;17/07/2000;941,94
IRF-M;18/07/2000;942,11
IRF-M;19/07/2000;942,59
IRF-M;20/07/2000;944,23
IRF-M;21/07/2000;945,42
IRF-M;24/07/2000;946,43
IRF-M;25/07/2000;947,01
IRF-M;26/07/2000;947,95
IRF-M;27/07/2000;948,5
IRF-M;28/07/2000;948,92
IRF-M;31/07/2000;949,47
IRF-M;01/08/2000;950,1
IRF-M;02/08/2000;950,94
IRF-M;03/08/2000;952,47
IRF-M;04/08/2000;953,28
IRF-M;07/08/2000;953,95
IRF-M;08/08/2000;954,71
IRF-M;09/08/2000;955,48
IRF-M;10/08/2000;956,47
IRF-M;11/08/2000;957,48
IRF-M;14/08/2000;958,62
IRF-M;15/08/2000;958,79
IRF-M;16/08/2000;958,65
IRF-M;17/08/2000;959,79
IRF-M;18/08/2000;959,63
IRF-M;21/08/2000;960,36
IRF-M;22/08/2000;961,8
IRF-M;23/08/2000;962,11
IRF-M;24/08/2000;962,84
IRF-M;25/08/2000;962,94
IRF-M;28/08/2000;963,11
IRF-M;29/08/2000;964,04
IRF-M;30/08/2000;964,57
IRF-M;31/08/2000;965,1
IRF-M;01/09/2000;965,72
IRF-M;04/09/2000;966,3
IRF-M;05/09/2000;967,09
IRF-M;06/09/2000;967,96
IRF-M;08/09/2000;968,74
IRF-M;11/09/2000;969,22
IRF-M;12/09/2000;969,39
IRF-M;13/09/2000;970,14
IRF-M;14/09/2000;970,37
IRF-M;15/09/2000;970,63
IRF-M;18/09/2000;970,63
IRF-M;19/09/2000;971,54
IRF-M;20/09/2000;972,17
IRF-M;21/09/2000;972,95
IRF-M;22/09/2000;973,86
IRF-M;25/09/2000;974,66
IRF-M;26/09/2000;975,34
IRF-M;27/09/2000;976,08
IRF-M;28/09/2000;977,1
IRF-M;29/09/2000;977,57
IRF-M;02/10/2000;977,87
IRF-M;03/10/2000;978,56
IRF-M;04/10/2000;979,35
IRF-M;05/10/2000;980,22
IRF-M;06/10/2000;980,36
IRF-M;09/10/2000;981,27
IRF-M;10/10/2000;981,77
IRF-M;11/10/2000;982,3
IRF-M;13/10/2000;982,3
IRF-M;16/10/2000;983,18
IRF-M;17/10/2000;983,33
IRF-M;18/10/2000;984,07
IRF-M;19/10/2000;984,58
IRF-M;20/10/2000;984,63
IRF-M;23/10/2000;984,85
IRF-M;24/10/2000;984,99
IRF-M;25/10/2000;984,45
IRF-M;26/10/2000;984,69
IRF-M;27/10/2000;986,59
IRF-M;30/10/2000;987,57
IRF-M;31/10/2000;988,61
IRF-M;01/11/2000;988,63
IRF-M;03/11/2000;987,28
IRF-M;06/11/2000;988,7
IRF-M;07/11/2000;988,29
IRF-M;08/11/2000;987,62
IRF-M;09/11/2000;987,8
IRF-M;10/11/2000;990,24
IRF-M;13/11/2000;991,97
IRF-M;14/11/2000;992,89
IRF-M;16/11/2000;994,15
IRF-M;17/11/2000;994,7
IRF-M;20/11/2000;996,59
IRF-M;21/11/2000;997,18
IRF-M;22/11/2000;997,81
IRF-M;23/11/2000;996,47
IRF-M;24/11/2000;997,68
IRF-M;27/11/2000;997,6
IRF-M;28/11/2000;998,51
IRF-M;29/11/2000;999,55
IRF-M;30/11/2000;999,07
IRF-M;01/12/2000;1000
IRF-M;04/12/2000;1000,62
IRF-M;05/12/2000;1002,54
IRF-M;06/12/2000;1003,76
IRF-M;07/12/2000;1005,09
IRF-M;08/12/2000;1006,45
IRF-M;11/12/2000;1006,94
IRF-M;12/12/2000;1007,6
IRF-M;13/12/2000;1009,25
IRF-M;14/12/2000;1010,01
IRF-M;15/12/2000;1010,68
IRF-M;18/12/2000;1011,73
IRF-M;19/12/2000;1012,58
IRF-M;20/12/2000;1012,54
IRF-M;21/12/2000;1014,49
IRF-M;22/12/2000;1014,93
IRF-M;26/12/2000;1015,55
IRF-M;27/12/2000;1016,51
IRF-M;28/12/2000;1017,61
IRF-M;29/12/2000;1018,16
IRF-M;02/01/2001;1018,65
IRF-M;03/01/2001;1020,45
IRF-M;04/01/2001;1021,14
IRF-M;05/01/2001;1021,75
IRF-M;08/01/2001;1022,35
IRF-M;09/01/2001;1023,85
IRF-M;10/01/2001;1024,22
IRF-M;11/01/2001;1024,86
IRF-M;12/01/2001;1025,56
IRF-M;15/01/2001;1026,21
IRF-M;16/01/2001;1026,85
IRF-M;17/01/2001;1027,8
IRF-M;18/01/2001;1028,83
IRF-M;19/01/2001;1029,56
IRF-M;22/01/2001;1030,2
IRF-M;23/01/2001;1031,24
IRF-M;24/01/2001;1032,01
IRF-M;25/01/2001;1032,66
IRF-M;26/01/2001;1033,77
IRF-M;29/01/2001;1034,6
IRF-M;30/01/2001;1035,25
IRF-M;31/01/2001;1035,83
IRF-M;01/02/2001;1035,44
IRF-M;02/02/2001;1035,94
IRF-M;05/02/2001;1035,94
IRF-M;06/02/2001;1036,38
IRF-M;07/02/2001;1036,65
IRF-M;08/02/2001;1038,05
IRF-M;09/02/2001;1039
IRF-M;12/02/2001;1039,39
IRF-M;13/02/2001;1039,92
IRF-M;14/02/2001;1040,61
IRF-M;15/02/2001;1040,53
IRF-M;16/02/2001;1040,62
IRF-M;19/02/2001;1040,39
IRF-M;20/02/2001;1040,79
IRF-M;21/02/2001;1040,34
IRF-M;22/02/2001;1041,78
IRF-M;23/02/2001;1042,75
IRF-M;28/02/2001;1042,66
IRF-M;01/03/2001;1043,97
IRF-M;02/03/2001;1045,17
IRF-M;05/03/2001;1045,64
IRF-M;06/03/2001;1046,14
IRF-M;07/03/2001;1046,76
IRF-M;08/03/2001;1046,64
IRF-M;09/03/2001;1047,64
IRF-M;12/03/2001;1047,25
IRF-M;13/03/2001;1047,34
IRF-M;14/03/2001;1047,06
IRF-M;15/03/2001;1044,04
IRF-M;16/03/2001;1043,36
IRF-M;19/03/2001;1040,87
IRF-M;20/03/2001;1045,4
IRF-M;21/03/2001;1043,64
IRF-M;22/03/2001;1031,87
IRF-M;23/03/2001;1031,74
IRF-M;26/03/2001;1040,2
IRF-M;27/03/2001;1043,41
IRF-M;28/03/2001;1043,96
IRF-M;29/03/2001;1039,44
IRF-M;30/03/2001;1041,62
IRF-M;02/04/2001;1043,72
IRF-M;03/04/2001;1043,35
IRF-M;04/04/2001;1044,2
IRF-M;05/04/2001;1047,29
IRF-M;06/04/2001;1047,66
IRF-M;09/04/2001;1049,78
IRF-M;10/04/2001;1051,77
IRF-M;11/04/2001;1050,27
IRF-M;12/04/2001;1049,02
IRF-M;16/04/2001;1042,08
IRF-M;17/04/2001;1045,65
IRF-M;18/04/2001;1046,75
IRF-M;19/04/2001;1044,38
IRF-M;20/04/2001;1037,97
IRF-M;23/04/2001;1040,94
IRF-M;24/04/2001;1041,53
IRF-M;25/04/2001;1040,74
IRF-M;26/04/2001;1048,11
IRF-M;27/04/2001;1051,93
IRF-M;30/04/2001;1050,33
IRF-M;02/05/2001;1048,63
IRF-M;03/05/2001;1054,24
IRF-M;04/05/2001;1056,21
IRF-M;07/05/2001;1055,14
IRF-M;08/05/2001;1054,99
IRF-M;09/05/2001;1054,4
IRF-M;10/05/2001;1057,95
IRF-M;11/05/2001;1054,06
IRF-M;14/05/2001;1052,38
IRF-M;15/05/2001;1054,72
IRF-M;16/05/2001;1057,22
IRF-M;17/05/2001;1057,53
IRF-M;18/05/2001;1059,13
IRF-M;21/05/2001;1060,87
IRF-M;22/05/2001;1059,66
IRF-M;23/05/2001;1058,42
IRF-M;24/05/2001;1061,28
IRF-M;25/05/2001;1062,92
IRF-M;28/05/2001;1064,55
IRF-M;29/05/2001;1065,26
IRF-M;30/05/2001;1066,47
IRF-M;31/05/2001;1065,38
IRF-M;01/06/2001;1065,99
IRF-M;04/06/2001;1069,85
IRF-M;05/06/2001;1072,31
IRF-M;06/06/2001;1075,01
IRF-M;07/06/2001;1076,85
IRF-M;08/06/2001;1078,16
IRF-M;11/06/2001;1077,75
IRF-M;12/06/2001;1077,84
IRF-M;13/06/2001;1078,17
IRF-M;15/06/2001;1076,18
IRF-M;18/06/2001;1070,97
IRF-M;19/06/2001;1072,12
IRF-M;20/06/2001;1074,88
IRF-M;21/06/2001;1077,81
IRF-M;22/06/2001;1081,07
IRF-M;25/06/2001;1081,25
IRF-M;26/06/2001;1079,15
IRF-M;27/06/2001;1077,16
IRF-M;28/06/2001;1076,98
IRF-M;29/06/2001;1077,44
IRF-M;02/07/2001;1079,28
IRF-M;03/07/2001;1076,93
IRF-M;04/07/2001;1074,71
IRF-M;05/07/2001;1070,06
IRF-M;06/07/2001;1075,11
IRF-M;09/07/2001;1075,88
IRF-M;10/07/2001;1070,59
IRF-M;11/07/2001;1070,95
IRF-M;12/07/2001;1070,7
IRF-M;13/07/2001;1072,76
IRF-M;16/07/2001;1077,28
IRF-M;17/07/2001;1080,37
IRF-M;18/07/2001;1079,83
IRF-M;19/07/2001;1081,63
IRF-M;20/07/2001;1084,33
IRF-M;23/07/2001;1088,25
IRF-M;24/07/2001;1086,81
IRF-M;25/07/2001;1089,12
IRF-M;26/07/2001;1089,49
IRF-M;27/07/2001;1090,07
IRF-M;30/07/2001;1091,88
IRF-M;31/07/2001;1091,21
IRF-M;01/08/2001;1091,61
IRF-M;02/08/2001;1092,98
IRF-M;03/08/2001;1093,14
IRF-M;06/08/2001;1098,21
IRF-M;07/08/2001;1098,88
IRF-M;08/08/2001;1102,66
IRF-M;09/08/2001;1102,31
IRF-M;10/08/2001;1103,42
IRF-M;13/08/2001;1103,18
IRF-M;14/08/2001;1102,26
IRF-M;15/08/2001;1105,06
IRF-M;16/08/2001;1107,18
IRF-M;17/08/2001;1106,89
IRF-M;20/08/2001;1108,61
IRF-M;21/08/2001;1108,04
IRF-M;22/08/2001;1111,86
IRF-M;23/08/2001;1112,07
IRF-M;24/08/2001;1113,36
IRF-M;27/08/2001;1113,91
IRF-M;28/08/2001;1115,92
IRF-M;29/08/2001;1117,84
IRF-M;30/08/2001;1118,26
IRF-M;31/08/2001;1119,26
IRF-M;03/09/2001;1120,78
IRF-M;04/09/2001;1123,22
IRF-M;05/09/2001;1123,71
IRF-M;06/09/2001;1123,9
IRF-M;10/09/2001;1124,31
IRF-M;11/09/2001;1123,25
IRF-M;12/09/2001;1124,14
IRF-M;13/09/2001;1122,12
IRF-M;14/09/2001;1122,18
IRF-M;17/09/2001;1126,03
IRF-M;18/09/2001;1127,88
IRF-M;19/09/2001;1128,53
IRF-M;20/09/2001;1128,67
IRF-M;21/09/2001;1127,18
IRF-M;24/09/2001;1128,23
IRF-M;25/09/2001;1129,31
IRF-M;26/09/2001;1130,01
IRF-M;27/09/2001;1133,12
IRF-M;28/09/2001;1134,81
IRF-M;01/10/2001;1134,93
IRF-M;02/10/2001;1135,61
IRF-M;03/10/2001;1135,71
IRF-M;04/10/2001;1135,99
IRF-M;05/10/2001;1137,28
IRF-M;08/10/2001;1138,31
IRF-M;09/10/2001;1139,9
IRF-M;10/10/2001;1141,77
IRF-M;11/10/2001;1142,5
IRF-M;15/10/2001;1144,93
IRF-M;16/10/2001;1147,14
IRF-M;17/10/2001;1149,04
IRF-M;18/10/2001;1148,82
IRF-M;19/10/2001;1150,73
IRF-M;22/10/2001;1152,08
IRF-M;23/10/2001;1153,04
IRF-M;24/10/2001;1153,26
IRF-M;25/10/2001;1154,65
IRF-M;26/10/2001;1155,14
IRF-M;29/10/2001;1155,76
IRF-M;30/10/2001;1157,36
IRF-M;31/10/2001;1158,5
IRF-M;01/11/2001;1160,09
IRF-M;05/11/2001;1163,18
IRF-M;06/11/2001;1164,91
IRF-M;07/11/2001;1167,52
IRF-M;08/11/2001;1168,37
IRF-M;09/11/2001;1168,93
IRF-M;12/11/2001;1169,44
IRF-M;13/11/2001;1170,74
IRF-M;14/11/2001;1171,54
IRF-M;16/11/2001;1172,96
IRF-M;19/11/2001;1174,94
IRF-M;20/11/2001;1174,74
IRF-M;21/11/2001;1176,2
IRF-M;22/11/2001;1176,82
IRF-M;23/11/2001;1178,46
IRF-M;26/11/2001;1178,47
IRF-M;27/11/2001;1178,65
IRF-M;28/11/2001;1178,35
IRF-M;29/11/2001;1177,42
IRF-M;30/11/2001;1178,99
IRF-M;03/12/2001;1180,5
IRF-M;04/12/2001;1181,58
IRF-M;05/12/2001;1182,71
IRF-M;06/12/2001;1183,91
IRF-M;07/12/2001;1185,3
IRF-M;10/12/2001;1187,12
IRF-M;11/12/2001;1187,97
IRF-M;12/12/2001;1188,84
IRF-M;13/12/2001;1189,8
IRF-M;14/12/2001;1190,3
IRF-M;17/12/2001;1191,25
IRF-M;18/12/2001;1192,95
IRF-M;19/12/2001;1194,39
IRF-M;20/12/2001;1193,99
IRF-M;21/12/2001;1195,66
IRF-M;24/12/2001;1196,6
IRF-M;26/12/2001;1198,57
IRF-M;27/12/2001;1199,39
IRF-M;28/12/2001;1200,49
IRF-M;31/12/2001;1201,33
IRF-M;02/01/2002;1202,97
IRF-M;03/01/2002;1204,61
IRF-M;04/01/2002;1204,9
IRF-M;07/01/2002;1206,02
IRF-M;08/01/2002;1206,44
IRF-M;09/01/2002;1207,03
IRF-M;10/01/2002;1207,23
IRF-M;11/01/2002;1207,89
IRF-M;14/01/2002;1208,15
IRF-M;15/01/2002;1208,83
IRF-M;16/01/2002;1209,66
IRF-M;17/01/2002;1211,34
IRF-M;18/01/2002;1212,9
IRF-M;21/01/2002;1214,04
IRF-M;22/01/2002;1214,79
IRF-M;23/01/2002;1216,08
IRF-M;24/01/2002;1216,29
IRF-M;25/01/2002;1217,06
IRF-M;28/01/2002;1217,77
IRF-M;29/01/2002;1218,41
IRF-M;30/01/2002;1219,04
IRF-M;31/01/2002;1219,99
IRF-M;01/02/2002;1220,93
IRF-M;04/02/2002;1221,42
IRF-M;05/02/2002;1222,39
IRF-M;06/02/2002;1223,87
IRF-M;07/02/2002;1224,52
IRF-M;08/02/2002;1225,59
IRF-M;13/02/2002;1227,63
IRF-M;14/02/2002;1228,2
IRF-M;15/02/2002;1229,32
IRF-M;18/02/2002;1230,36
IRF-M;19/02/2002;1231,54
IRF-M;20/02/2002;1232,78
IRF-M;21/02/2002;1234,25
IRF-M;22/02/2002;1235,52
IRF-M;25/02/2002;1236,62
IRF-M;26/02/2002;1237,46
IRF-M;27/02/2002;1239,16
IRF-M;28/02/2002;1239,73
IRF-M;01/03/2002;1240,55
IRF-M;04/03/2002;1241,32
IRF-M;05/03/2002;1242,69
IRF-M;06/03/2002;1243,24
IRF-M;07/03/2002;1243,87
IRF-M;08/03/2002;1245,18
IRF-M;11/03/2002;1246,37
IRF-M;12/03/2002;1247,98
IRF-M;13/03/2002;1248,9
IRF-M;14/03/2002;1249,47
IRF-M;15/03/2002;1250,82
IRF-M;18/03/2002;1251,6
IRF-M;19/03/2002;1252,46
IRF-M;20/03/2002;1253,83
IRF-M;21/03/2002;1253,7
IRF-M;22/03/2002;1254,02
IRF-M;25/03/2002;1254,92
IRF-M;26/03/2002;1255,75
IRF-M;27/03/2002;1256,99
IRF-M;28/03/2002;1257,98
IRF-M;01/04/2002;1258,71
IRF-M;02/04/2002;1259,57
IRF-M;03/04/2002;1260,33
IRF-M;04/04/2002;1261,15
IRF-M;05/04/2002;1262,02
IRF-M;08/04/2002;1262,62
IRF-M;09/04/2002;1263,55
IRF-M;10/04/2002;1264,42
IRF-M;11/04/2002;1265,43
IRF-M;12/04/2002;1266,6
IRF-M;15/04/2002;1266,98
IRF-M;16/04/2002;1267,8
IRF-M;17/04/2002;1268,63
IRF-M;18/04/2002;1268,04
IRF-M;19/04/2002;1268,95
IRF-M;22/04/2002;1268,82
IRF-M;23/04/2002;1269,02
IRF-M;24/04/2002;1270,39
IRF-M;25/04/2002;1270,94
IRF-M;26/04/2002;1270,96
IRF-M;29/04/2002;1271,64
IRF-M;30/04/2002;1273,19
IRF-M;02/05/2002;1273,57
IRF-M;03/05/2002;1274,6
IRF-M;06/05/2002;1275,84
IRF-M;07/05/2002;1276,94
IRF-M;08/05/2002;1278,01
IRF-M;09/05/2002;1278,47
IRF-M;10/05/2002;1279,18
IRF-M;13/05/2002;1279,21
IRF-M;14/05/2002;1280,41
IRF-M;15/05/2002;1281,93
IRF-M;16/05/2002;1283,96
IRF-M;17/05/2002;1284,76
IRF-M;20/05/2002;1285,65
IRF-M;21/05/2002;1286,3
IRF-M;22/05/2002;1286,23
IRF-M;23/05/2002;1287,2
IRF-M;24/05/2002;1288,57
IRF-M;27/05/2002;1289,53
IRF-M;28/05/2002;1290,61
IRF-M;29/05/2002;1291,8
IRF-M;31/05/2002;1292,92
IRF-M;03/06/2002;1293,66
IRF-M;04/06/2002;1293,08
IRF-M;05/06/2002;1294,21
IRF-M;06/06/2002;1291,38
IRF-M;07/06/2002;1292,52
IRF-M;10/06/2002;1295,25
IRF-M;11/06/2002;1290,66
IRF-M;12/06/2002;1282
IRF-M;13/06/2002;1282,28
IRF-M;14/06/2002;1281,23
IRF-M;17/06/2002;1287,72
IRF-M;18/06/2002;1284,66
IRF-M;19/06/2002;1282,37
IRF-M;20/06/2002;1281,23
IRF-M;21/06/2002;1273,22
IRF-M;24/06/2002;1277,86
IRF-M;25/06/2002;1281,05
IRF-M;26/06/2002;1283,28
IRF-M;27/06/2002;1290,6
IRF-M;28/06/2002;1293,8
IRF-M;01/07/2002;1288,3
IRF-M;02/07/2002;1289,52
IRF-M;03/07/2002;1293,54
IRF-M;04/07/2002;1293,94
IRF-M;05/07/2002;1293,81
IRF-M;08/07/2002;1297,54
IRF-M;09/07/2002;1298,75
IRF-M;10/07/2002;1300,87
IRF-M;11/07/2002;1304,46
IRF-M;12/07/2002;1307,38
IRF-M;15/07/2002;1306,67
IRF-M;16/07/2002;1306,67
IRF-M;17/07/2002;1311,28
IRF-M;18/07/2002;1314,99
IRF-M;19/07/2002;1316,54
IRF-M;22/07/2002;1314,63
IRF-M;23/07/2002;1313,52
IRF-M;24/07/2002;1315,1
IRF-M;25/07/2002;1315,79
IRF-M;26/07/2002;1313,35
IRF-M;29/07/2002;1306,37
IRF-M;30/07/2002;1306,79
IRF-M;31/07/2002;1310
IRF-M;01/08/2002;1310,86
IRF-M;02/08/2002;1314,76
IRF-M;05/08/2002;1314,58
IRF-M;06/08/2002;1316,38
IRF-M;07/08/2002;1320,14
IRF-M;08/08/2002;1326,75
IRF-M;09/08/2002;1323,6
IRF-M;12/08/2002;1323,67
IRF-M;13/08/2002;1326,89
IRF-M;14/08/2002;1329,78
IRF-M;15/08/2002;1329,98
IRF-M;16/08/2002;1332,47
IRF-M;19/08/2002;1334,26
IRF-M;20/08/2002;1336,24
IRF-M;21/08/2002;1337,31
IRF-M;22/08/2002;1337,28
IRF-M;23/08/2002;1339,29
IRF-M;26/08/2002;1342,74
IRF-M;27/08/2002;1343,46
IRF-M;28/08/2002;1346,39
IRF-M;29/08/2002;1348,37
IRF-M;30/08/2002;1350,06
IRF-M;02/09/2002;1350,39
IRF-M;03/09/2002;1350,57
IRF-M;04/09/2002;1351,78
IRF-M;05/09/2002;1351,11
IRF-M;06/09/2002;1352,01
IRF-M;09/09/2002;1356,24
IRF-M;10/09/2002;1356,29
IRF-M;11/09/2002;1357,76
IRF-M;12/09/2002;1358,54
IRF-M;13/09/2002;1358,74
IRF-M;16/09/2002;1358,09
IRF-M;17/09/2002;1358,93
IRF-M;18/09/2002;1359,04
IRF-M;19/09/2002;1357,96
IRF-M;20/09/2002;1360,54
IRF-M;23/09/2002;1359,58
IRF-M;24/09/2002;1360,12
IRF-M;25/09/2002;1362,3
IRF-M;26/09/2002;1363,77
IRF-M;27/09/2002;1363,21
IRF-M;30/09/2002;1363,97
IRF-M;01/10/2002;1368,06
IRF-M;02/10/2002;1368,91
IRF-M;03/10/2002;1369,36
IRF-M;04/10/2002;1372,14
IRF-M;07/10/2002;1373,26
IRF-M;08/10/2002;1374,66
IRF-M;09/10/2002;1374,46
IRF-M;10/10/2002;1374,87
IRF-M;11/10/2002;1374,71
IRF-M;14/10/2002;1369,81
IRF-M;15/10/2002;1367,09
IRF-M;16/10/2002;1372,18
IRF-M;17/10/2002;1373,61
IRF-M;18/10/2002;1376,1
IRF-M;21/10/2002;1378,26
IRF-M;22/10/2002;1379,6
IRF-M;23/10/2002;1381,31
IRF-M;24/10/2002;1382,67
IRF-M;25/10/2002;1383,96
IRF-M;28/10/2002;1384,58
IRF-M;29/10/2002;1385,2
IRF-M;30/10/2002;1386,31
IRF-M;31/10/2002;1387,82
IRF-M;01/11/2002;1389,4
IRF-M;04/11/2002;1390,71
IRF-M;05/11/2002;1391,81
IRF-M;06/11/2002;1391,95
IRF-M;07/11/2002;1393,59
IRF-M;08/11/2002;1395,02
IRF-M;11/11/2002;1396,94
IRF-M;12/11/2002;1396,58
IRF-M;13/11/2002;1396,74
IRF-M;14/11/2002;1397,97
IRF-M;18/11/2002;1399,82
IRF-M;19/11/2002;1402,32
IRF-M;20/11/2002;1404,46
IRF-M;21/11/2002;1405,26
IRF-M;22/11/2002;1406,25
IRF-M;25/11/2002;1407,81
IRF-M;26/11/2002;1409,07
IRF-M;27/11/2002;1410,14
IRF-M;28/11/2002;1410,78
IRF-M;29/11/2002;1412,19
IRF-M;02/12/2002;1412,97
IRF-M;03/12/2002;1413,72
IRF-M;04/12/2002;1415,08
IRF-M;05/12/2002;1415,97
IRF-M;06/12/2002;1418,23
IRF-M;09/12/2002;1418,87
IRF-M;10/12/2002;1420,36
IRF-M;11/12/2002;1423,06
IRF-M;12/12/2002;1424,35
IRF-M;13/12/2002;1425,92
IRF-M;16/12/2002;1428,6
IRF-M;17/12/2002;1431,93
IRF-M;18/12/2002;1433,07
IRF-M;19/12/2002;1433,63
IRF-M;20/12/2002;1434,8
IRF-M;23/12/2002;1435,65
IRF-M;24/12/2002;1436,98
IRF-M;26/12/2002;1438,07
IRF-M;27/12/2002;1440,02
IRF-M;30/12/2002;1440,82
IRF-M;31/12/2002;1442,2
IRF-M;02/01/2003;1444,96
IRF-M;03/01/2003;1446,74
IRF-M;06/01/2003;1449,59
IRF-M;07/01/2003;1451,46
IRF-M;08/01/2003;1453,62
IRF-M;09/01/2003;1455,42
IRF-M;10/01/2003;1457,98
IRF-M;13/01/2003;1459,21
IRF-M;14/01/2003;1460,66
IRF-M;15/01/2003;1461,5
IRF-M;16/01/2003;1463,02
IRF-M;17/01/2003;1463,99
IRF-M;20/01/2003;1465,1
IRF-M;21/01/2003;1466,28
IRF-M;22/01/2003;1467,11
IRF-M;23/01/2003;1467,74
IRF-M;24/01/2003;1467,32
IRF-M;27/01/2003;1467,81
IRF-M;28/01/2003;1469,85
IRF-M;29/01/2003;1471,77
IRF-M;30/01/2003;1473,08
IRF-M;31/01/2003;1474,31
IRF-M;03/02/2003;1475,78
IRF-M;04/02/2003;1476,88
IRF-M;05/02/2003;1478,36
IRF-M;06/02/2003;1479,45
IRF-M;07/02/2003;1480,81
IRF-M;10/02/2003;1482,28
IRF-M;11/02/2003;1483,79
IRF-M;12/02/2003;1485,2
IRF-M;13/02/2003;1485,86
IRF-M;14/02/2003;1487,2
IRF-M;17/02/2003;1488,89
IRF-M;18/02/2003;1490,37
IRF-M;19/02/2003;1491,6
IRF-M;20/02/2003;1493,17
IRF-M;21/02/2003;1494,67
IRF-M;24/02/2003;1496,1
IRF-M;25/02/2003;1497,63
IRF-M;26/02/2003;1499,09
IRF-M;27/02/2003;1500,57
IRF-M;28/02/2003;1502,06
IRF-M;05/03/2003;1503,61
IRF-M;06/03/2003;1505,28
IRF-M;07/03/2003;1506,76
IRF-M;10/03/2003;1508,25
IRF-M;11/03/2003;1509,85
IRF-M;12/03/2003;1511,41
IRF-M;13/03/2003;1513,43
IRF-M;14/03/2003;1515
IRF-M;17/03/2003;1516,14
IRF-M;18/03/2003;1518,04
IRF-M;19/03/2003;1518,9
IRF-M;20/03/2003;1520,23
IRF-M;21/03/2003;1522,17
IRF-M;24/03/2003;1523,62
IRF-M;25/03/2003;1525,09
IRF-M;26/03/2003;1526,75
IRF-M;27/03/2003;1527,92
IRF-M;28/03/2003;1529,54
IRF-M;31/03/2003;1530,87
IRF-M;01/04/2003;1532,72
IRF-M;02/04/2003;1534,73
IRF-M;03/04/2003;1540,14
IRF-M;04/04/2003;1542,21
IRF-M;07/04/2003;1546,33
IRF-M;08/04/2003;1545,89
IRF-M;09/04/2003;1546,46
IRF-M;10/04/2003;1544,21
IRF-M;11/04/2003;1547,2
IRF-M;14/04/2003;1549,17
IRF-M;15/04/2003;1552,62
IRF-M;16/04/2003;1554,51
IRF-M;17/04/2003;1559,27
IRF-M;22/04/2003;1561,75
IRF-M;23/04/2003;1563,1
IRF-M;24/04/2003;1563,63
IRF-M;25/04/2003;1568,28
IRF-M;28/04/2003;1571,67
IRF-M;29/04/2003;1574,36
IRF-M;30/04/2003;1574,47
IRF-M;02/05/2003;1574,37
IRF-M;05/05/2003;1574,63
IRF-M;06/05/2003;1576,81
IRF-M;07/05/2003;1581,85
IRF-M;08/05/2003;1584,25
IRF-M;09/05/2003;1583,63
IRF-M;12/05/2003;1584,38
IRF-M;13/05/2003;1588,63
IRF-M;14/05/2003;1591,1
IRF-M;15/05/2003;1588,73
IRF-M;16/05/2003;1590,13
IRF-M;19/05/2003;1592,61
IRF-M;20/05/2003;1589,93
IRF-M;21/05/2003;1593,47
IRF-M;22/05/2003;1596,36
IRF-M;23/05/2003;1596,26
IRF-M;26/05/2003;1595,83
IRF-M;27/05/2003;1596,51
IRF-M;28/05/2003;1598,9
IRF-M;29/05/2003;1600,71
IRF-M;30/05/2003;1600,68
IRF-M;02/06/2003;1600,75
IRF-M;03/06/2003;1602,9
IRF-M;04/06/2003;1607,58
IRF-M;05/06/2003;1609,2
IRF-M;06/06/2003;1612,03
IRF-M;09/06/2003;1614,77
IRF-M;10/06/2003;1615,85
IRF-M;11/06/2003;1617,84
IRF-M;12/06/2003;1620,5
IRF-M;13/06/2003;1623,72
IRF-M;16/06/2003;1625,92
IRF-M;17/06/2003;1626,7
IRF-M;18/06/2003;1626,94
IRF-M;20/06/2003;1628,39
IRF-M;23/06/2003;1630,93
IRF-M;24/06/2003;1632,66
IRF-M;25/06/2003;1632,91
IRF-M;26/06/2003;1634,1
IRF-M;27/06/2003;1635,68
IRF-M;30/06/2003;1637,36
IRF-M;01/07/2003;1640,42
IRF-M;02/07/2003;1642,43
IRF-M;03/07/2003;1646,04
IRF-M;04/07/2003;1649,38
IRF-M;07/07/2003;1649,79
IRF-M;08/07/2003;1652,67
IRF-M;09/07/2003;1652,67
IRF-M;10/07/2003;1653,01
IRF-M;11/07/2003;1654,16
IRF-M;14/07/2003;1657,86
IRF-M;15/07/2003;1658,92
IRF-M;16/07/2003;1662,08
IRF-M;17/07/2003;1663,5
IRF-M;18/07/2003;1666,94
IRF-M;21/07/2003;1669,36
IRF-M;22/07/2003;1671,49
IRF-M;23/07/2003;1669,75
IRF-M;24/07/2003;1671,42
IRF-M;25/07/2003;1671,88
IRF-M;28/07/2003;1672,64
IRF-M;29/07/2003;1672,93
IRF-M;30/07/2003;1673,2
IRF-M;31/07/2003;1674,12
IRF-M;01/08/2003;1673,14
IRF-M;04/08/2003;1663,8
IRF-M;05/08/2003;1672,62
IRF-M;06/08/2003;1673,1
IRF-M;07/08/2003;1679,42
IRF-M;08/08/2003;1683,38
IRF-M;11/08/2003;1686,19
IRF-M;12/08/2003;1685,95
IRF-M;13/08/2003;1688,13
IRF-M;14/08/2003;1689,59
IRF-M;15/08/2003;1691,51
IRF-M;18/08/2003;1693,75
IRF-M;19/08/2003;1695,64
IRF-M;20/08/2003;1703,2
IRF-M;21/08/2003;1704,17
IRF-M;22/08/2003;1707,89
IRF-M;25/08/2003;1709,07
IRF-M;26/08/2003;1712,37
IRF-M;27/08/2003;1715,98
IRF-M;28/08/2003;1717,03
IRF-M;29/08/2003;1718,89
IRF-M;01/09/2003;1721,13
IRF-M;02/09/2003;1722,26
IRF-M;03/09/2003;1723,14
IRF-M;04/09/2003;1726,79
IRF-M;05/09/2003;1729,95
IRF-M;08/09/2003;1730,61
IRF-M;09/09/2003;1730,78
IRF-M;10/09/2003;1733,74
IRF-M;11/09/2003;1734,98
IRF-M;12/09/2003;1737,56
IRF-M;15/09/2003;1740,2
IRF-M;16/09/2003;1740,01
IRF-M;17/09/2003;1741,7
IRF-M;18/09/2003;1744,18
IRF-M;19/09/2003;1746,2
IRF-M;22/09/2003;1747,66
IRF-M;23/09/2003;1747,44
IRF-M;24/09/2003;1749,12
IRF-M;25/09/2003;1748,67
IRF-M;26/09/2003;1749,59
IRF-M;29/09/2003;1750,59
IRF-M;30/09/2003;1754,32
IRF-M;01/10/2003;1756,16
IRF-M;02/10/2003;1758,11
IRF-M;03/10/2003;1760,03
IRF-M;06/10/2003;1761,15
IRF-M;07/10/2003;1762,26
IRF-M;08/10/2003;1764,17
IRF-M;09/10/2003;1766,06
IRF-M;10/10/2003;1767,26
IRF-M;13/10/2003;1769,15
IRF-M;14/10/2003;1771,68
IRF-M;15/10/2003;1773,03
IRF-M;16/10/2003;1773,93
IRF-M;17/10/2003;1774,1
IRF-M;20/10/2003;1776,33
IRF-M;21/10/2003;1778,21
IRF-M;22/10/2003;1779,08
IRF-M;23/10/2003;1779,79
IRF-M;24/10/2003;1780,57
IRF-M;27/10/2003;1781,59
IRF-M;28/10/2003;1783,55
IRF-M;29/10/2003;1783,35
IRF-M;30/10/2003;1784,11
IRF-M;31/10/2003;1786,14
IRF-M;03/11/2003;1788,28
IRF-M;04/11/2003;1789,18
IRF-M;05/11/2003;1790,16
IRF-M;06/11/2003;1791,78
IRF-M;07/11/2003;1793,78
IRF-M;10/11/2003;1795,86
IRF-M;11/11/2003;1796,29
IRF-M;12/11/2003;1798,46
IRF-M;13/11/2003;1799,28
IRF-M;14/11/2003;1800,82
IRF-M;17/11/2003;1802,82
IRF-M;18/11/2003;1804,52
IRF-M;19/11/2003;1807,05
IRF-M;20/11/2003;1813,21
IRF-M;21/11/2003;1814,91
IRF-M;24/11/2003;1816,93
IRF-M;25/11/2003;1818,57
IRF-M;26/11/2003;1820,68
IRF-M;27/11/2003;1822,72
IRF-M;28/11/2003;1824,25
IRF-M;01/12/2003;1826,21
IRF-M;02/12/2003;1827,93
IRF-M;03/12/2003;1829,63
IRF-M;04/12/2003;1830,76
IRF-M;05/12/2003;1831,76
IRF-M;08/12/2003;1833,81
IRF-M;09/12/2003;1836,05
IRF-M;10/12/2003;1835,54
IRF-M;11/12/2003;1837,29
IRF-M;12/12/2003;1838,5
IRF-M;15/12/2003;1839,13
IRF-M;16/12/2003;1840,77
IRF-M;17/12/2003;1841,67
IRF-M;18/12/2003;1843,13
IRF-M;19/12/2003;1843,68
IRF-M;22/12/2003;1843,94
IRF-M;23/12/2003;1845,29
IRF-M;24/12/2003;1846,32
IRF-M;26/12/2003;1846,49
IRF-M;29/12/2003;1847,77
IRF-M;30/12/2003;1848,99
IRF-M;31/12/2003;1850,08
IRF-M;02/01/2004;1851,1
IRF-M;05/01/2004;1852,91
IRF-M;06/01/2004;1854,75
IRF-M;07/01/2004;1857,24
IRF-M;08/01/2004;1860,06
IRF-M;09/01/2004;1862,5
IRF-M;12/01/2004;1863,79
IRF-M;13/01/2004;1865,42
IRF-M;14/01/2004;1865,13
IRF-M;15/01/2004;1865,94
IRF-M;16/01/2004;1867,47
IRF-M;19/01/2004;1868,17
IRF-M;20/01/2004;1869,19
IRF-M;21/01/2004;1869,83
IRF-M;22/01/2004;1867,6
IRF-M;23/01/2004;1869,11
IRF-M;26/01/2004;1871,09
IRF-M;27/01/2004;1871,45
IRF-M;28/01/2004;1871,75
IRF-M;29/01/2004;1870,52
IRF-M;30/01/2004;1871,13
IRF-M;02/02/2004;1871,95
IRF-M;03/02/2004;1874,2
IRF-M;04/02/2004;1876,39
IRF-M;05/02/2004;1877,32
IRF-M;06/02/2004;1878,07
IRF-M;09/02/2004;1880,47
IRF-M;10/02/2004;1881,73
IRF-M;11/02/2004;1883,55
IRF-M;12/02/2004;1885,19
IRF-M;13/02/2004;1885,33
IRF-M;16/02/2004;1887,3
IRF-M;17/02/2004;1888,49
IRF-M;18/02/2004;1888,37
IRF-M;19/02/2004;1886,63
IRF-M;20/02/2004;1886,37
IRF-M;25/02/2004;1888,78
IRF-M;26/02/2004;1889,01
IRF-M;27/02/2004;1890,98
IRF-M;01/03/2004;1894,03
IRF-M;02/03/2004;1895,2
IRF-M;03/03/2004;1895,97
IRF-M;04/03/2004;1896,63
IRF-M;05/03/2004;1898,88
IRF-M;08/03/2004;1901,34
IRF-M;09/03/2004;1901,21
IRF-M;10/03/2004;1900,32
IRF-M;11/03/2004;1902,28
IRF-M;12/03/2004;1904,38
IRF-M;15/03/2004;1906,07
IRF-M;16/03/2004;1907,82
IRF-M;17/03/2004;1909,22
IRF-M;18/03/2004;1911,68
IRF-M;19/03/2004;1913,16
IRF-M;22/03/2004;1913,79
IRF-M;23/03/2004;1914,75
IRF-M;24/03/2004;1913,53
IRF-M;25/03/2004;1914,58
IRF-M;26/03/2004;1915,94
IRF-M;29/03/2004;1917,6
IRF-M;30/03/2004;1919,51
IRF-M;31/03/2004;1920,76
IRF-M;01/04/2004;1922,32
IRF-M;02/04/2004;1923,09
IRF-M;05/04/2004;1925,07
IRF-M;06/04/2004;1925,76
IRF-M;07/04/2004;1925,57
IRF-M;08/04/2004;1925,42
IRF-M;12/04/2004;1926,14
IRF-M;13/04/2004;1927,94
IRF-M;14/04/2004;1928,57
IRF-M;15/04/2004;1928,28
IRF-M;16/04/2004;1929,65
IRF-M;19/04/2004;1930,79
IRF-M;20/04/2004;1929,99
IRF-M;22/04/2004;1930,15
IRF-M;23/04/2004;1932,66
IRF-M;26/04/2004;1933,64
IRF-M;27/04/2004;1935,32
IRF-M;28/04/2004;1934,48
IRF-M;29/04/2004;1932,31
IRF-M;30/04/2004;1935,64
IRF-M;03/05/2004;1934,29
IRF-M;04/05/2004;1936,03
IRF-M;05/05/2004;1938,05
IRF-M;06/05/2004;1937,48
IRF-M;07/05/2004;1937,31
IRF-M;10/05/2004;1924,89
IRF-M;11/05/2004;1930,81
IRF-M;12/05/2004;1926,09
IRF-M;13/05/2004;1920,48
IRF-M;14/05/2004;1930,74
IRF-M;17/05/2004;1928,48
IRF-M;18/05/2004;1932,74
IRF-M;19/05/2004;1932,2
IRF-M;20/05/2004;1925,17
IRF-M;21/05/2004;1925,79
IRF-M;24/05/2004;1929,27
IRF-M;25/05/2004;1933,06
IRF-M;26/05/2004;1931,84
IRF-M;27/05/2004;1935,56
IRF-M;28/05/2004;1937,05
IRF-M;31/05/2004;1935,28
IRF-M;01/06/2004;1937,35
IRF-M;02/06/2004;1941,6
IRF-M;03/06/2004;1941,09
IRF-M;04/06/2004;1945,22
IRF-M;07/06/2004;1949,95
IRF-M;08/06/2004;1952,9
IRF-M;09/06/2004;1952,04
IRF-M;11/06/2004;1952,54
IRF-M;14/06/2004;1951
IRF-M;15/06/2004;1957,09
IRF-M;16/06/2004;1958,31
IRF-M;17/06/2004;1959,63
IRF-M;18/06/2004;1960,66
IRF-M;21/06/2004;1963,39
IRF-M;22/06/2004;1964,67
IRF-M;23/06/2004;1966,53
IRF-M;24/06/2004;1970,02
IRF-M;25/06/2004;1970,42
IRF-M;28/06/2004;1970,68
IRF-M;29/06/2004;1972,98
IRF-M;30/06/2004;1976,27
IRF-M;01/07/2004;1977,99
IRF-M;02/07/2004;1980,39
IRF-M;05/07/2004;1983,01
IRF-M;06/07/2004;1982,22
IRF-M;07/07/2004;1982,92
IRF-M;08/07/2004;1982,08
IRF-M;09/07/2004;1983,26
IRF-M;12/07/2004;1985,79
IRF-M;13/07/2004;1987,1
IRF-M;14/07/2004;1988,13
IRF-M;15/07/2004;1990,12
IRF-M;16/07/2004;1992,12
IRF-M;19/07/2004;1992,93
IRF-M;20/07/2004;1993,98
IRF-M;21/07/2004;1993,77
IRF-M;22/07/2004;1994,14
IRF-M;23/07/2004;1993,74
IRF-M;26/07/2004;1994,36
IRF-M;27/07/2004;1996,47
IRF-M;28/07/2004;1999,09
IRF-M;29/07/2004;1998,27
IRF-M;30/07/2004;1998,27
IRF-M;02/08/2004;1999,42
IRF-M;03/08/2004;2000,8
IRF-M;04/08/2004;1999,94
IRF-M;05/08/2004;1998,93
IRF-M;06/08/2004;2003,31
IRF-M;09/08/2004;2004,43
IRF-M;10/08/2004;2005,16
IRF-M;11/08/2004;2007,69
IRF-M;12/08/2004;2008,17
IRF-M;13/08/2004;2009,47
IRF-M;16/08/2004;2011,81
IRF-M;17/08/2004;2014,47
IRF-M;18/08/2004;2016,9
IRF-M;19/08/2004;2018,23
IRF-M;20/08/2004;2020,3
IRF-M;23/08/2004;2021,19
IRF-M;24/08/2004;2022,04
IRF-M;25/08/2004;2023,17
IRF-M;26/08/2004;2023,41
IRF-M;27/08/2004;2022,83
IRF-M;30/08/2004;2024,48
IRF-M;31/08/2004;2025,84
IRF-M;01/09/2004;2026,81
IRF-M;02/09/2004;2028,16
IRF-M;03/09/2004;2030,05
IRF-M;06/09/2004;2030,88
IRF-M;08/09/2004;2031,6
IRF-M;09/09/2004;2032,86
IRF-M;10/09/2004;2033,57
IRF-M;13/09/2004;2035,36
IRF-M;14/09/2004;2037,66
IRF-M;15/09/2004;2039,59
IRF-M;16/09/2004;2041,01
IRF-M;17/09/2004;2042,65
IRF-M;20/09/2004;2043,67
IRF-M;21/09/2004;2045,17
IRF-M;22/09/2004;2046,11
IRF-M;23/09/2004;2048,01
IRF-M;24/09/2004;2049,6
IRF-M;27/09/2004;2051
IRF-M;28/09/2004;2052,49
IRF-M;29/09/2004;2054,53
IRF-M;30/09/2004;2055,62
IRF-M;01/10/2004;2056,91
IRF-M;04/10/2004;2058,97
IRF-M;05/10/2004;2060,16
IRF-M;06/10/2004;2061,03
IRF-M;07/10/2004;2062,42
IRF-M;08/10/2004;2064,07
IRF-M;11/10/2004;2064,77
IRF-M;13/10/2004;2065,41
IRF-M;14/10/2004;2065,95
IRF-M;15/10/2004;2067,79
IRF-M;18/10/2004;2068,64
IRF-M;19/10/2004;2070,16
IRF-M;20/10/2004;2071,86
IRF-M;21/10/2004;2071,29
IRF-M;22/10/2004;2071,88
IRF-M;25/10/2004;2072,35
IRF-M;26/10/2004;2073,57
IRF-M;27/10/2004;2075,17
IRF-M;28/10/2004;2075,87
IRF-M;29/10/2004;2077,48
IRF-M;01/11/2004;2078,77
IRF-M;03/11/2004;2080,27
IRF-M;04/11/2004;2081,5
IRF-M;05/11/2004;2081,69
IRF-M;08/11/2004;2082,35
IRF-M;09/11/2004;2084,53
IRF-M;10/11/2004;2085,76
IRF-M;11/11/2004;2087,31
IRF-M;12/11/2004;2089,22
IRF-M;16/11/2004;2091,25
IRF-M;17/11/2004;2093,77
IRF-M;18/11/2004;2093,07
IRF-M;19/11/2004;2093,7
IRF-M;22/11/2004;2094,81
IRF-M;23/11/2004;2096,16
IRF-M;24/11/2004;2097,56
IRF-M;25/11/2004;2100,09
IRF-M;26/11/2004;2102,02
IRF-M;29/11/2004;2102,67
IRF-M;30/11/2004;2104,42
IRF-M;01/12/2004;2106,32
IRF-M;02/12/2004;2107,77
IRF-M;03/12/2004;2109,64
IRF-M;06/12/2004;2110,87
IRF-M;07/12/2004;2111,53
IRF-M;08/12/2004;2113,3
IRF-M;09/12/2004;2115,06
IRF-M;10/12/2004;2117,15
IRF-M;13/12/2004;2118,88
IRF-M;14/12/2004;2120,2
IRF-M;15/12/2004;2121,73
IRF-M;16/12/2004;2121,88
IRF-M;17/12/2004;2124,47
IRF-M;20/12/2004;2126,18
IRF-M;21/12/2004;2126,52
IRF-M;22/12/2004;2127,31
IRF-M;23/12/2004;2126,92
IRF-M;24/12/2004;2128,34
IRF-M;27/12/2004;2129,33
IRF-M;28/12/2004;2130,65
IRF-M;29/12/2004;2132,22
IRF-M;30/12/2004;2134,25
IRF-M;31/12/2004;2135,67
IRF-M;03/01/2005;2136,65
IRF-M;04/01/2005;2138,1
IRF-M;05/01/2005;2139,1
IRF-M;06/01/2005;2139,28
IRF-M;07/01/2005;2141,24
IRF-M;10/01/2005;2142,37
IRF-M;11/01/2005;2143,36
IRF-M;12/01/2005;2145,12
IRF-M;13/01/2005;2146,49
IRF-M;14/01/2005;2147,49
IRF-M;17/01/2005;2147,78
IRF-M;18/01/2005;2148,69
IRF-M;19/01/2005;2150,55
IRF-M;20/01/2005;2150,58
IRF-M;21/01/2005;2151,38
IRF-M;24/01/2005;2153,48
IRF-M;25/01/2005;2155
IRF-M;26/01/2005;2157,34
IRF-M;27/01/2005;2156,5
IRF-M;28/01/2005;2156,58
IRF-M;31/01/2005;2158,18
IRF-M;01/02/2005;2159,35
IRF-M;02/02/2005;2160,87
IRF-M;03/02/2005;2163,56
IRF-M;04/02/2005;2165,31
IRF-M;09/02/2005;2166,88
IRF-M;10/02/2005;2168,62
IRF-M;11/02/2005;2170,53
IRF-M;14/02/2005;2170,19
IRF-M;15/02/2005;2171,66
IRF-M;16/02/2005;2173,52
IRF-M;17/02/2005;2175,78
IRF-M;18/02/2005;2177,03
IRF-M;21/02/2005;2178,18
IRF-M;22/02/2005;2179,11
IRF-M;23/02/2005;2180,53
IRF-M;24/02/2005;2184,21
IRF-M;25/02/2005;2185,83
IRF-M;28/02/2005;2187,49
IRF-M;01/03/2005;2188,68
IRF-M;02/03/2005;2189,8
IRF-M;03/03/2005;2192,19
IRF-M;04/03/2005;2194,19
IRF-M;07/03/2005;2195,91
IRF-M;08/03/2005;2197,46
IRF-M;09/03/2005;2198,96
IRF-M;10/03/2005;2200,1
IRF-M;11/03/2005;2201,89
IRF-M;14/03/2005;2202,42
IRF-M;15/03/2005;2203,28
IRF-M;16/03/2005;2204,98
IRF-M;17/03/2005;2203,5
IRF-M;18/03/2005;2203,84
IRF-M;21/03/2005;2203,86
IRF-M;22/03/2005;2206,2
IRF-M;23/03/2005;2206,76
IRF-M;24/03/2005;2209,9
IRF-M;28/03/2005;2211,37
IRF-M;29/03/2005;2212,76
IRF-M;30/03/2005;2214,39
IRF-M;31/03/2005;2215,47
IRF-M;01/04/2005;2216,61
IRF-M;04/04/2005;2217,66
IRF-M;05/04/2005;2217,93
IRF-M;06/04/2005;2220,92
IRF-M;07/04/2005;2223,51
IRF-M;08/04/2005;2223,33
IRF-M;11/04/2005;2224,41
IRF-M;12/04/2005;2226,65
IRF-M;13/04/2005;2229,73
IRF-M;14/04/2005;2231,48
IRF-M;15/04/2005;2232,37
IRF-M;18/04/2005;2234,67
IRF-M;19/04/2005;2236,24
IRF-M;20/04/2005;2237,44
IRF-M;22/04/2005;2238,14
IRF-M;25/04/2005;2239,75
IRF-M;26/04/2005;2240,95
IRF-M;27/04/2005;2244,27
IRF-M;28/04/2005;2245,24
IRF-M;29/04/2005;2247,01
IRF-M;02/05/2005;2248,42
IRF-M;03/05/2005;2250,55
IRF-M;04/05/2005;2252,78
IRF-M;05/05/2005;2254,07
IRF-M;06/05/2005;2256,33
IRF-M;09/05/2005;2258,99
IRF-M;10/05/2005;2259,65
IRF-M;11/05/2005;2261,45
IRF-M;12/05/2005;2262,37
IRF-M;13/05/2005;2263,32
IRF-M;16/05/2005;2265,42
IRF-M;17/05/2005;2268,05
IRF-M;18/05/2005;2270,21
IRF-M;19/05/2005;2270,03
IRF-M;20/05/2005;2272
IRF-M;23/05/2005;2273,2
IRF-M;24/05/2005;2274,58
IRF-M;25/05/2005;2277,7
IRF-M;27/05/2005;2280,13
IRF-M;30/05/2005;2281,74
IRF-M;31/05/2005;2283,72
IRF-M;01/06/2005;2286,21
IRF-M;02/06/2005;2288,32
IRF-M;03/06/2005;2289,69
IRF-M;06/06/2005;2289,22
IRF-M;07/06/2005;2290,49
IRF-M;08/06/2005;2292,46
IRF-M;09/06/2005;2292,41
IRF-M;10/06/2005;2296,36
IRF-M;13/06/2005;2300,11
IRF-M;14/06/2005;2302,51
IRF-M;15/06/2005;2304,04
IRF-M;16/06/2005;2305,59
IRF-M;17/06/2005;2307,41
IRF-M;20/06/2005;2308,51
IRF-M;21/06/2005;2310,58
IRF-M;22/06/2005;2312,28
IRF-M;23/06/2005;2313,9
IRF-M;24/06/2005;2315,7
IRF-M;27/06/2005;2317,66
IRF-M;28/06/2005;2319,58
IRF-M;29/06/2005;2321,6
IRF-M;30/06/2005;2323,77
IRF-M;01/07/2005;2326,14
IRF-M;04/07/2005;2327,49
IRF-M;05/07/2005;2328,38
IRF-M;06/07/2005;2329,08
IRF-M;07/07/2005;2331,74
IRF-M;08/07/2005;2332,58
IRF-M;11/07/2005;2334,61
IRF-M;12/07/2005;2336,81
IRF-M;13/07/2005;2338,37
IRF-M;14/07/2005;2340,15
IRF-M;15/07/2005;2341,14
IRF-M;18/07/2005;2342,87
IRF-M;19/07/2005;2344,7
IRF-M;20/07/2005;2346,34
IRF-M;21/07/2005;2347,14
IRF-M;22/07/2005;2346,8
IRF-M;25/07/2005;2344,8
IRF-M;26/07/2005;2347,41
IRF-M;27/07/2005;2350,26
IRF-M;28/07/2005;2351,59
IRF-M;29/07/2005;2353,19
IRF-M;01/08/2005;2354,11
IRF-M;02/08/2005;2357,29
IRF-M;03/08/2005;2360,66
IRF-M;04/08/2005;2362,01
IRF-M;05/08/2005;2364,16
IRF-M;08/08/2005;2365,75
IRF-M;09/08/2005;2367,63
IRF-M;10/08/2005;2370,54
IRF-M;11/08/2005;2368,7
IRF-M;12/08/2005;2369,15
IRF-M;15/08/2005;2373,11
IRF-M;16/08/2005;2375,17
IRF-M;17/08/2005;2377,24
IRF-M;18/08/2005;2376,35
IRF-M;19/08/2005;2371,75
IRF-M;22/08/2005;2376,53
IRF-M;23/08/2005;2376,58
IRF-M;24/08/2005;2378,49
IRF-M;25/08/2005;2382,88
IRF-M;26/08/2005;2383,76
IRF-M;29/08/2005;2386,59
IRF-M;30/08/2005;2387,13
IRF-M;31/08/2005;2388,86
IRF-M;01/09/2005;2389,15
IRF-M;02/09/2005;2392,62
IRF-M;05/09/2005;2394,79
IRF-M;06/09/2005;2398,21
IRF-M;08/09/2005;2402,21
IRF-M;09/09/2005;2404,03
IRF-M;12/09/2005;2405,73
IRF-M;13/09/2005;2408,68
IRF-M;14/09/2005;2409,71
IRF-M;15/09/2005;2411,58
IRF-M;16/09/2005;2413,63
IRF-M;19/09/2005;2415,28
IRF-M;20/09/2005;2417,28
IRF-M;21/09/2005;2419,61
IRF-M;22/09/2005;2420,67
IRF-M;23/09/2005;2422,35
IRF-M;26/09/2005;2424,11
IRF-M;27/09/2005;2424,65
IRF-M;28/09/2005;2426,8
IRF-M;29/09/2005;2429,37
IRF-M;30/09/2005;2430,54
IRF-M;03/10/2005;2432,11
IRF-M;04/10/2005;2433,16
IRF-M;05/10/2005;2435,74
IRF-M;06/10/2005;2434,53
IRF-M;07/10/2005;2437,22
IRF-M;10/10/2005;2438,75
IRF-M;11/10/2005;2440,86
IRF-M;13/10/2005;2439,13
IRF-M;14/10/2005;2441,96
IRF-M;17/10/2005;2444,93
IRF-M;18/10/2005;2446,35
IRF-M;19/10/2005;2447,14
IRF-M;20/10/2005;2452,42
IRF-M;21/10/2005;2453,23
IRF-M;24/10/2005;2454,6
IRF-M;25/10/2005;2456,75
IRF-M;26/10/2005;2458,88
IRF-M;27/10/2005;2459,74
IRF-M;28/10/2005;2461,81
IRF-M;31/10/2005;2463,11
IRF-M;01/11/2005;2466,34
IRF-M;03/11/2005;2469,8
IRF-M;04/11/2005;2471,52
IRF-M;07/11/2005;2473,95
IRF-M;08/11/2005;2476,48
IRF-M;09/11/2005;2479,93
IRF-M;10/11/2005;2481,54
IRF-M;11/11/2005;2482,95
IRF-M;14/11/2005;2481,33
IRF-M;16/11/2005;2483,24
IRF-M;17/11/2005;2486,73
IRF-M;18/11/2005;2489,9
IRF-M;21/11/2005;2493,24
IRF-M;22/11/2005;2494,64
IRF-M;23/11/2005;2497,02
IRF-M;24/11/2005;2499,1
IRF-M;25/11/2005;2500,7
IRF-M;28/11/2005;2501,72
IRF-M;29/11/2005;2504,05
IRF-M;30/11/2005;2508,88
IRF-M;01/12/2005;2511,19
IRF-M;02/12/2005;2513,78
IRF-M;05/12/2005;2516,59
IRF-M;06/12/2005;2516,99
IRF-M;07/12/2005;2519,22
IRF-M;08/12/2005;2520,48
IRF-M;09/12/2005;2523,46
IRF-M;12/12/2005;2525,05
IRF-M;13/12/2005;2527,4
IRF-M;14/12/2005;2529,97
IRF-M;15/12/2005;2533,05
IRF-M;16/12/2005;2533,71
IRF-M;19/12/2005;2534,63
IRF-M;20/12/2005;2537,52
IRF-M;21/12/2005;2540,61
IRF-M;22/12/2005;2543,19
IRF-M;23/12/2005;2545,23
IRF-M;26/12/2005;2546,76
IRF-M;27/12/2005;2548,22
IRF-M;28/12/2005;2549,37
IRF-M;29/12/2005;2551,41
IRF-M;30/12/2005;2553
IRF-M;02/01/2006;2554,55
IRF-M;03/01/2006;2556,38
IRF-M;04/01/2006;2559,58
IRF-M;05/01/2006;2561,19
IRF-M;06/01/2006;2563,13
IRF-M;09/01/2006;2565,47
IRF-M;10/01/2006;2569,14
IRF-M;11/01/2006;2571,22
IRF-M;12/01/2006;2573,45
IRF-M;13/01/2006;2576,56
IRF-M;16/01/2006;2580,28
IRF-M;17/01/2006;2581,84
IRF-M;18/01/2006;2582,2
IRF-M;19/01/2006;2586,44
IRF-M;20/01/2006;2588,49
IRF-M;23/01/2006;2588,31
IRF-M;24/01/2006;2589,16
IRF-M;25/01/2006;2590,78
IRF-M;26/01/2006;2593,44
IRF-M;27/01/2006;2595,9
IRF-M;30/01/2006;2597,3
IRF-M;31/01/2006;2598,9
IRF-M;01/02/2006;2600,27
IRF-M;02/02/2006;2602,46
IRF-M;03/02/2006;2606,39
IRF-M;06/02/2006;2610,28
IRF-M;07/02/2006;2611,09
IRF-M;08/02/2006;2613,42
IRF-M;09/02/2006;2615,58
IRF-M;10/02/2006;2618,95
IRF-M;13/02/2006;2622,62
IRF-M;14/02/2006;2624,58
IRF-M;15/02/2006;2625,84
IRF-M;16/02/2006;2629,66
IRF-M;17/02/2006;2633,68
IRF-M;20/02/2006;2636,03
IRF-M;21/02/2006;2635,1
IRF-M;22/02/2006;2638,18
IRF-M;23/02/2006;2640,08
IRF-M;24/02/2006;2641,16
IRF-M;01/03/2006;2644,91
IRF-M;02/03/2006;2647,68
IRF-M;03/03/2006;2649,76
IRF-M;06/03/2006;2650,15
IRF-M;07/03/2006;2649,11
IRF-M;08/03/2006;2648
IRF-M;09/03/2006;2651,4
IRF-M;10/03/2006;2655,57
IRF-M;13/03/2006;2658,37
IRF-M;14/03/2006;2660,42
IRF-M;15/03/2006;2663,99
IRF-M;16/03/2006;2665,08
IRF-M;17/03/2006;2665,84
IRF-M;20/03/2006;2665,9
IRF-M;21/03/2006;2664,39
IRF-M;22/03/2006;2667,75
IRF-M;23/03/2006;2668,15
IRF-M;24/03/2006;2668,68
IRF-M;27/03/2006;2667,61
IRF-M;28/03/2006;2668,15
IRF-M;29/03/2006;2671,46
IRF-M;30/03/2006;2674,99
IRF-M;31/03/2006;2677,53
IRF-M;03/04/2006;2680,78
IRF-M;04/04/2006;2681,94
IRF-M;05/04/2006;2685,55
IRF-M;06/04/2006;2687,13
IRF-M;07/04/2006;2685,52
IRF-M;10/04/2006;2683,85
IRF-M;11/04/2006;2686,55
IRF-M;12/04/2006;2689,78
IRF-M;13/04/2006;2692,27
IRF-M;17/04/2006;2694,06
IRF-M;18/04/2006;2698,86
IRF-M;19/04/2006;2700,56
IRF-M;20/04/2006;2699,56
IRF-M;24/04/2006;2699,25
IRF-M;25/04/2006;2700,68
IRF-M;26/04/2006;2703,43
IRF-M;27/04/2006;2703,46
IRF-M;28/04/2006;2706,58
IRF-M;02/05/2006;2709,5
IRF-M;03/05/2006;2709,63
IRF-M;04/05/2006;2710,61
IRF-M;05/05/2006;2711,37
IRF-M;08/05/2006;2712,36
IRF-M;09/05/2006;2714,84
IRF-M;10/05/2006;2716,44
IRF-M;11/05/2006;2716,1
IRF-M;12/05/2006;2714,8
IRF-M;15/05/2006;2715,19
IRF-M;16/05/2006;2719,44
IRF-M;17/05/2006;2717,03
IRF-M;18/05/2006;2719,61
IRF-M;19/05/2006;2718,48
IRF-M;22/05/2006;2714
IRF-M;23/05/2006;2713,75
IRF-M;24/05/2006;2695,72
IRF-M;25/05/2006;2711,53
IRF-M;26/05/2006;2721,23
IRF-M;29/05/2006;2718,46
IRF-M;30/05/2006;2710,18
IRF-M;31/05/2006;2716,44
IRF-M;01/06/2006;2722,44
IRF-M;02/06/2006;2724,16
IRF-M;05/06/2006;2725,54
IRF-M;06/06/2006;2726,52
IRF-M;07/06/2006;2728,05
IRF-M;08/06/2006;2730,43
IRF-M;09/06/2006;2732,91
IRF-M;12/06/2006;2731,98
IRF-M;13/06/2006;2731,84
IRF-M;14/06/2006;2734,76
IRF-M;16/06/2006;2740,32
IRF-M;19/06/2006;2741,19
IRF-M;20/06/2006;2743,51
IRF-M;21/06/2006;2747,63
IRF-M;22/06/2006;2748,6
IRF-M;23/06/2006;2750,54
IRF-M;26/06/2006;2752,24
IRF-M;27/06/2006;2753,22
IRF-M;28/06/2006;2756,13
IRF-M;29/06/2006;2761,82
IRF-M;30/06/2006;2765,74
IRF-M;03/07/2006;2769,26
IRF-M;04/07/2006;2772,86
IRF-M;05/07/2006;2770,58
IRF-M;06/07/2006;2774,94
IRF-M;07/07/2006;2777,89
IRF-M;10/07/2006;2780,94
IRF-M;11/07/2006;2782,01
IRF-M;12/07/2006;2782,41
IRF-M;13/07/2006;2782,14
IRF-M;14/07/2006;2784,75
IRF-M;17/07/2006;2787,93
IRF-M;18/07/2006;2789,49
IRF-M;19/07/2006;2794,01
IRF-M;20/07/2006;2795,6
IRF-M;21/07/2006;2796,31
IRF-M;24/07/2006;2798,57
IRF-M;25/07/2006;2801,5
IRF-M;26/07/2006;2804,1
IRF-M;27/07/2006;2804,29
IRF-M;28/07/2006;2807,22
IRF-M;31/07/2006;2808,63
IRF-M;01/08/2006;2808,79
IRF-M;02/08/2006;2810,65
IRF-M;03/08/2006;2812,92
IRF-M;04/08/2006;2815,53
IRF-M;07/08/2006;2818,35
IRF-M;08/08/2006;2822,13
IRF-M;09/08/2006;2823,65
IRF-M;10/08/2006;2825,65
IRF-M;11/08/2006;2826,97
IRF-M;14/08/2006;2827,19
IRF-M;15/08/2006;2830,07
IRF-M;16/08/2006;2832,45
IRF-M;17/08/2006;2835,07
IRF-M;18/08/2006;2836,32
IRF-M;21/08/2006;2838,95
IRF-M;22/08/2006;2841,17
IRF-M;23/08/2006;2841,07
IRF-M;24/08/2006;2841,8
IRF-M;25/08/2006;2843,37
IRF-M;28/08/2006;2845,63
IRF-M;29/08/2006;2848
IRF-M;30/08/2006;2850,12
IRF-M;31/08/2006;2856,72
IRF-M;01/09/2006;2860,14
IRF-M;04/09/2006;2863,18
IRF-M;05/09/2006;2864,04
IRF-M;06/09/2006;2866,03
IRF-M;08/09/2006;2869,78
IRF-M;11/09/2006;2870,02
IRF-M;12/09/2006;2872,6
IRF-M;13/09/2006;2874,88
IRF-M;14/09/2006;2876,73
IRF-M;15/09/2006;2880,15
IRF-M;18/09/2006;2882,61
IRF-M;19/09/2006;2882,87
IRF-M;20/09/2006;2882,58
IRF-M;21/09/2006;2879,68
IRF-M;22/09/2006;2885,29
IRF-M;25/09/2006;2886,34
IRF-M;26/09/2006;2889,88
IRF-M;27/09/2006;2891,08
IRF-M;28/09/2006;2892,36
IRF-M;29/09/2006;2894,72
IRF-M;02/10/2006;2899,58
IRF-M;03/10/2006;2900,86
IRF-M;04/10/2006;2904,27
IRF-M;05/10/2006;2906,2
IRF-M;06/10/2006;2908,05
IRF-M;09/10/2006;2911,23
IRF-M;10/10/2006;2913,73
IRF-M;11/10/2006;2914,41
IRF-M;13/10/2006;2917,54
IRF-M;16/10/2006;2918,58
IRF-M;17/10/2006;2919,3
IRF-M;18/10/2006;2920,28
IRF-M;19/10/2006;2923,07
IRF-M;20/10/2006;2925,04
IRF-M;23/10/2006;2926,34
IRF-M;24/10/2006;2927,05
IRF-M;25/10/2006;2930,51
IRF-M;26/10/2006;2932,85
IRF-M;27/10/2006;2936,16
IRF-M;30/10/2006;2936,92
IRF-M;31/10/2006;2939,48
IRF-M;01/11/2006;2942,96
IRF-M;03/11/2006;2945,67
IRF-M;06/11/2006;2946,47
IRF-M;07/11/2006;2948,32
IRF-M;08/11/2006;2947,99
IRF-M;09/11/2006;2948,43
IRF-M;10/11/2006;2949,99
IRF-M;13/11/2006;2951,74
IRF-M;14/11/2006;2955,55
IRF-M;16/11/2006;2957,07
IRF-M;17/11/2006;2956,3
IRF-M;20/11/2006;2957,76
IRF-M;21/11/2006;2960,73
IRF-M;22/11/2006;2962,81
IRF-M;23/11/2006;2964,35
IRF-M;24/11/2006;2966,3
IRF-M;27/11/2006;2966,97
IRF-M;28/11/2006;2969,79
IRF-M;29/11/2006;2972,01
IRF-M;30/11/2006;2975,84
IRF-M;01/12/2006;2977,96
IRF-M;04/12/2006;2978,75
IRF-M;05/12/2006;2982,64
IRF-M;06/12/2006;2984,69
IRF-M;07/12/2006;2988,19
IRF-M;08/12/2006;2991,67
IRF-M;11/12/2006;2994,67
IRF-M;12/12/2006;2995,13
IRF-M;13/12/2006;2997,67
IRF-M;14/12/2006;3000,22
IRF-M;15/12/2006;3003,55
IRF-M;18/12/2006;3006,12
IRF-M;19/12/2006;3006,59
IRF-M;20/12/2006;3008,25
IRF-M;21/12/2006;3009,18
IRF-M;22/12/2006;3010,81
IRF-M;26/12/2006;3013,33
IRF-M;27/12/2006;3015,63
IRF-M;28/12/2006;3018,7
IRF-M;29/12/2006;3020,13
IRF-M;02/01/2007;3025,19
IRF-M;03/01/2007;3026,39
IRF-M;04/01/2007;3025,08
IRF-M;05/01/2007;3024,25
IRF-M;08/01/2007;3023,84
IRF-M;09/01/2007;3025,2
IRF-M;10/01/2007;3027,39
IRF-M;11/01/2007;3029,34
IRF-M;12/01/2007;3029,34
IRF-M;15/01/2007;3028,96
IRF-M;16/01/2007;3031,84
IRF-M;17/01/2007;3034,43
IRF-M;18/01/2007;3037,81
IRF-M;19/01/2007;3039,53
IRF-M;22/01/2007;3041,79
IRF-M;23/01/2007;3042,79
IRF-M;24/01/2007;3043,48
IRF-M;25/01/2007;3044,9
IRF-M;26/01/2007;3044,2
IRF-M;29/01/2007;3046,62
IRF-M;30/01/2007;3048,11
IRF-M;31/01/2007;3051,54
IRF-M;01/02/2007;3053,54
IRF-M;02/02/2007;3055,05
IRF-M;05/02/2007;3058,38
IRF-M;06/02/2007;3060,46
IRF-M;07/02/2007;3062,44
IRF-M;08/02/2007;3064,13
IRF-M;09/02/2007;3066,86
IRF-M;12/02/2007;3069,69
IRF-M;13/02/2007;3071,66
IRF-M;14/02/2007;3075,75
IRF-M;15/02/2007;3078,44
IRF-M;16/02/2007;3079,83
IRF-M;21/02/2007;3083,99
IRF-M;22/02/2007;3086,58
IRF-M;23/02/2007;3085,97
IRF-M;26/02/2007;3088,85
IRF-M;27/02/2007;3084,56
IRF-M;28/02/2007;3086,01
IRF-M;01/03/2007;3085,2
IRF-M;02/03/2007;3085,3
IRF-M;05/03/2007;3085,78
IRF-M;06/03/2007;3093,2
IRF-M;07/03/2007;3096,36
IRF-M;08/03/2007;3096,59
IRF-M;09/03/2007;3099,73
IRF-M;12/03/2007;3103,33
IRF-M;13/03/2007;3101,47
IRF-M;14/03/2007;3104,82
IRF-M;15/03/2007;3106,34
IRF-M;16/03/2007;3106,97
IRF-M;19/03/2007;3109,64
IRF-M;20/03/2007;3111,21
IRF-M;21/03/2007;3116,23
IRF-M;22/03/2007;3118,38
IRF-M;23/03/2007;3118,89
IRF-M;26/03/2007;3120,64
IRF-M;27/03/2007;3122,05
IRF-M;28/03/2007;3122,49
IRF-M;29/03/2007;3124,97
IRF-M;30/03/2007;3128,82
IRF-M;02/04/2007;3131,28
IRF-M;03/04/2007;3133,82
IRF-M;04/04/2007;3135,09
IRF-M;05/04/2007;3136,89
IRF-M;09/04/2007;3140,53
IRF-M;10/04/2007;3143,06
IRF-M;11/04/2007;3143,18
IRF-M;12/04/2007;3144,11
IRF-M;13/04/2007;3148,33
IRF-M;16/04/2007;3152,81
IRF-M;17/04/2007;3155,72
IRF-M;18/04/2007;3159,2
IRF-M;19/04/2007;3170,73
IRF-M;20/04/2007;3174,49
IRF-M;23/04/2007;3176,47
IRF-M;24/04/2007;3176,87
IRF-M;25/04/2007;3182,15
IRF-M;26/04/2007;3180,98
IRF-M;27/04/2007;3182,08
IRF-M;30/04/2007;3184,63
IRF-M;02/05/2007;3190,21
IRF-M;03/05/2007;3193,76
IRF-M;04/05/2007;3196,26
IRF-M;07/05/2007;3197,37
IRF-M;08/05/2007;3198,24
IRF-M;09/05/2007;3201,59
IRF-M;10/05/2007;3200,7
IRF-M;11/05/2007;3203,31
IRF-M;14/05/2007;3205,6
IRF-M;15/05/2007;3210,74
IRF-M;16/05/2007;3218,06
IRF-M;17/05/2007;3222,45
IRF-M;18/05/2007;3222,48
IRF-M;21/05/2007;3226,11
IRF-M;22/05/2007;3227,98
IRF-M;23/05/2007;3225,73
IRF-M;24/05/2007;3220,02
IRF-M;25/05/2007;3224,88
IRF-M;28/05/2007;3227,09
IRF-M;29/05/2007;3225,44
IRF-M;30/05/2007;3227,39
IRF-M;31/05/2007;3230,7
IRF-M;01/06/2007;3236,2
IRF-M;04/06/2007;3232,38
IRF-M;05/06/2007;3231,23
IRF-M;06/06/2007;3230,53
IRF-M;08/06/2007;3236,18
IRF-M;11/06/2007;3238,42
IRF-M;12/06/2007;3233,57
IRF-M;13/06/2007;3235,1
IRF-M;14/06/2007;3240,2
IRF-M;15/06/2007;3244,9
IRF-M;18/06/2007;3246
IRF-M;19/06/2007;3247,57
IRF-M;20/06/2007;3245,13
IRF-M;21/06/2007;3246,09
IRF-M;22/06/2007;3242,73
IRF-M;25/06/2007;3236,51
IRF-M;26/06/2007;3239,81
IRF-M;27/06/2007;3245
IRF-M;28/06/2007;3246,29
IRF-M;29/06/2007;3248,41
IRF-M;02/07/2007;3251,54
IRF-M;03/07/2007;3251,64
IRF-M;04/07/2007;3246,5
IRF-M;05/07/2007;3248,39
IRF-M;06/07/2007;3254,62
IRF-M;09/07/2007;3255,96
IRF-M;10/07/2007;3254,85
IRF-M;11/07/2007;3258,23
IRF-M;12/07/2007;3263,25
IRF-M;13/07/2007;3266,33
IRF-M;16/07/2007;3265,85
IRF-M;17/07/2007;3268,82
IRF-M;18/07/2007;3269,75
IRF-M;19/07/2007;3265,33
IRF-M;20/07/2007;3265,32
IRF-M;23/07/2007;3266,59
IRF-M;24/07/2007;3263,63
IRF-M;25/07/2007;3264,3
IRF-M;26/07/2007;3250,88
IRF-M;27/07/2007;3259,26
IRF-M;30/07/2007;3262,72
IRF-M;31/07/2007;3263,24
IRF-M;01/08/2007;3258,87
IRF-M;02/08/2007;3261,94
IRF-M;03/08/2007;3257,07
IRF-M;06/08/2007;3257,01
IRF-M;07/08/2007;3262,35
IRF-M;08/08/2007;3267,41
IRF-M;09/08/2007;3261,09
IRF-M;10/08/2007;3261,99
IRF-M;13/08/2007;3265,42
IRF-M;14/08/2007;3260,19
IRF-M;15/08/2007;3251,15
IRF-M;16/08/2007;3218,76
IRF-M;17/08/2007;3240,85
IRF-M;20/08/2007;3237,81
IRF-M;21/08/2007;3235,97
IRF-M;22/08/2007;3243,23
IRF-M;23/08/2007;3246,26
IRF-M;24/08/2007;3254,34
IRF-M;27/08/2007;3257,15
IRF-M;28/08/2007;3253,58
IRF-M;29/08/2007;3259,64
IRF-M;30/08/2007;3260,8
IRF-M;31/08/2007;3265,11
IRF-M;03/09/2007;3270,42
IRF-M;04/09/2007;3272,63
IRF-M;05/09/2007;3267,2
IRF-M;06/09/2007;3270,64
IRF-M;10/09/2007;3267,89
IRF-M;11/09/2007;3271,55
IRF-M;12/09/2007;3276,73
IRF-M;13/09/2007;3277,36
IRF-M;14/09/2007;3282,27
IRF-M;17/09/2007;3280,98
IRF-M;18/09/2007;3291,65
IRF-M;19/09/2007;3296,6
IRF-M;20/09/2007;3298,29
IRF-M;21/09/2007;3302,68
IRF-M;24/09/2007;3301,47
IRF-M;25/09/2007;3305,39
IRF-M;26/09/2007;3305,92
IRF-M;27/09/2007;3307,75
IRF-M;28/09/2007;3310,75
IRF-M;01/10/2007;3315,18
IRF-M;02/10/2007;3316,11
IRF-M;03/10/2007;3315,68
IRF-M;04/10/2007;3315,36
IRF-M;05/10/2007;3318,15
IRF-M;08/10/2007;3318,42
IRF-M;09/10/2007;3324,25
IRF-M;10/10/2007;3323,79
IRF-M;11/10/2007;3324,3
IRF-M;15/10/2007;3326,92
IRF-M;16/10/2007;3327,18
IRF-M;17/10/2007;3327,3
IRF-M;18/10/2007;3325,79
IRF-M;19/10/2007;3321,65
IRF-M;22/10/2007;3312,38
IRF-M;23/10/2007;3320,26
IRF-M;24/10/2007;3316,45
IRF-M;25/10/2007;3317,33
IRF-M;26/10/2007;3323,33
IRF-M;29/10/2007;3327,82
IRF-M;30/10/2007;3328,76
IRF-M;31/10/2007;3329,96
IRF-M;01/11/2007;3328,61
IRF-M;05/11/2007;3327,08
IRF-M;06/11/2007;3330,65
IRF-M;07/11/2007;3324,3
IRF-M;08/11/2007;3319,42
IRF-M;09/11/2007;3325,64
IRF-M;12/11/2007;3321,55
IRF-M;13/11/2007;3320,83
IRF-M;14/11/2007;3328,73
IRF-M;16/11/2007;3329,93
IRF-M;19/11/2007;3330,19
IRF-M;20/11/2007;3331,65
IRF-M;21/11/2007;3333,96
IRF-M;22/11/2007;3335,75
IRF-M;23/11/2007;3337,17
IRF-M;26/11/2007;3337,55
IRF-M;27/11/2007;3334,04
IRF-M;28/11/2007;3335,79
IRF-M;29/11/2007;3330,75
IRF-M;30/11/2007;3334,65
IRF-M;03/12/2007;3333,82
IRF-M;04/12/2007;3332,94
IRF-M;05/12/2007;3329,79
IRF-M;06/12/2007;3330,88
IRF-M;07/12/2007;3334,94
IRF-M;10/12/2007;3331,7
IRF-M;11/12/2007;3337
IRF-M;12/12/2007;3335,51
IRF-M;13/12/2007;3326,57
IRF-M;14/12/2007;3331,94
IRF-M;17/12/2007;3334,84
IRF-M;18/12/2007;3339,23
IRF-M;19/12/2007;3343,68
IRF-M;20/12/2007;3338,35
IRF-M;21/12/2007;3339,5
IRF-M;24/12/2007;3341,01
IRF-M;26/12/2007;3339,37
IRF-M;27/12/2007;3339,27
IRF-M;28/12/2007;3342,72
IRF-M;31/12/2007;3344,24
IRF-M;02/01/2008;3347,29
IRF-M;03/01/2008;3352,54
IRF-M;04/01/2008;3351,57
IRF-M;07/01/2008;3353,67
IRF-M;08/01/2008;3357,43
IRF-M;09/01/2008;3357,38
IRF-M;10/01/2008;3356,08
IRF-M;11/01/2008;3360,56
IRF-M;14/01/2008;3361,68
IRF-M;15/01/2008;3364,55
IRF-M;16/01/2008;3363,85
IRF-M;17/01/2008;3362,95
IRF-M;18/01/2008;3365,43
IRF-M;21/01/2008;3356,86
IRF-M;22/01/2008;3361,15
IRF-M;23/01/2008;3360,84
IRF-M;24/01/2008;3371,27
IRF-M;25/01/2008;3372,8
IRF-M;28/01/2008;3378,76
IRF-M;29/01/2008;3379,25
IRF-M;30/01/2008;3380,85
IRF-M;31/01/2008;3380,87
IRF-M;01/02/2008;3383,99
IRF-M;06/02/2008;3384,07
IRF-M;07/02/2008;3388,42
IRF-M;08/02/2008;3393,31
IRF-M;11/02/2008;3397,49
IRF-M;12/02/2008;3401,77
IRF-M;13/02/2008;3406,77
IRF-M;14/02/2008;3407,26
IRF-M;15/02/2008;3405,45
IRF-M;18/02/2008;3412,89
IRF-M;19/02/2008;3412,46
IRF-M;20/02/2008;3415,86
IRF-M;21/02/2008;3419,04
IRF-M;22/02/2008;3420,71
IRF-M;25/02/2008;3419,62
IRF-M;26/02/2008;3422,77
IRF-M;27/02/2008;3425,24
IRF-M;28/02/2008;3425,52
IRF-M;29/02/2008;3425,08
IRF-M;03/03/2008;3429,59
IRF-M;04/03/2008;3430,3
IRF-M;05/03/2008;3434
IRF-M;06/03/2008;3426,74
IRF-M;07/03/2008;3420,85
IRF-M;10/03/2008;3417,1
IRF-M;11/03/2008;3424,83
IRF-M;12/03/2008;3424,45
IRF-M;13/03/2008;3419,71
IRF-M;14/03/2008;3415,34
IRF-M;17/03/2008;3414,74
IRF-M;18/03/2008;3422,2
IRF-M;19/03/2008;3418,3
IRF-M;20/03/2008;3419,37
IRF-M;24/03/2008;3417,91
IRF-M;25/03/2008;3417,1
IRF-M;26/03/2008;3416,8
IRF-M;27/03/2008;3419,37
IRF-M;28/03/2008;3424,43
IRF-M;31/03/2008;3423,66
IRF-M;01/04/2008;3427,49
IRF-M;02/04/2008;3429,97
IRF-M;03/04/2008;3434,18
IRF-M;04/04/2008;3436,86
IRF-M;07/04/2008;3434,19
IRF-M;08/04/2008;3436,09
IRF-M;09/04/2008;3433,25
IRF-M;10/04/2008;3435,52
IRF-M;11/04/2008;3436,88
IRF-M;14/04/2008;3437,74
IRF-M;15/04/2008;3437,12
IRF-M;16/04/2008;3435,47
IRF-M;17/04/2008;3438,71
IRF-M;18/04/2008;3433,63
IRF-M;22/04/2008;3424,14
IRF-M;23/04/2008;3432,13
IRF-M;24/04/2008;3430,75
IRF-M;25/04/2008;3433,62
IRF-M;28/04/2008;3428,73
IRF-M;29/04/2008;3430,08
IRF-M;30/04/2008;3441,63
IRF-M;02/05/2008;3454,24
IRF-M;05/05/2008;3451,45
IRF-M;06/05/2008;3443,85
IRF-M;07/05/2008;3437,66
IRF-M;08/05/2008;3436,24
IRF-M;09/05/2008;3433,06
IRF-M;12/05/2008;3440,35
IRF-M;13/05/2008;3442,48
IRF-M;14/05/2008;3436,7
IRF-M;15/05/2008;3442,31
IRF-M;16/05/2008;3450,24
IRF-M;19/05/2008;3447,54
IRF-M;20/05/2008;3450,07
IRF-M;21/05/2008;3447,81
IRF-M;23/05/2008;3448,67
IRF-M;26/05/2008;3448,59
IRF-M;27/05/2008;3447,08
IRF-M;28/05/2008;3451,89
IRF-M;29/05/2008;3461,88
IRF-M;30/05/2008;3464,58
IRF-M;02/06/2008;3460,33
IRF-M;03/06/2008;3466,62
IRF-M;04/06/2008;3466,67
IRF-M;05/06/2008;3461,62
IRF-M;06/06/2008;3453,67
IRF-M;09/06/2008;3446,48
IRF-M;10/06/2008;3448,24
IRF-M;11/06/2008;3449,09
IRF-M;12/06/2008;3451,36
IRF-M;13/06/2008;3449,28
IRF-M;16/06/2008;3448,1
IRF-M;17/06/2008;3453,54
IRF-M;18/06/2008;3459,87
IRF-M;19/06/2008;3463,59
IRF-M;20/06/2008;3459,16
IRF-M;23/06/2008;3462,69
IRF-M;24/06/2008;3466,66
IRF-M;25/06/2008;3467,22
IRF-M;26/06/2008;3461,94
IRF-M;27/06/2008;3459,86
IRF-M;30/06/2008;3457,75
IRF-M;01/07/2008;3457,77
IRF-M;02/07/2008;3454,26
IRF-M;03/07/2008;3453,35
IRF-M;04/07/2008;3451,58
IRF-M;07/07/2008;3457,65
IRF-M;08/07/2008;3466,92
IRF-M;09/07/2008;3468,78
IRF-M;10/07/2008;3472,14
IRF-M;11/07/2008;3477,26
IRF-M;14/07/2008;3478,6
IRF-M;15/07/2008;3488,9
IRF-M;16/07/2008;3490,27
IRF-M;17/07/2008;3495,68
IRF-M;18/07/2008;3501,73
IRF-M;21/07/2008;3497,84
IRF-M;22/07/2008;3506,02
IRF-M;23/07/2008;3511,08
IRF-M;24/07/2008;3519,92
IRF-M;25/07/2008;3525,45
IRF-M;28/07/2008;3524,23
IRF-M;29/07/2008;3522,61
IRF-M;30/07/2008;3529,72
IRF-M;31/07/2008;3530,31
IRF-M;01/08/2008;3539,49
IRF-M;04/08/2008;3539,6
IRF-M;05/08/2008;3547,19
IRF-M;06/08/2008;3549,24
IRF-M;07/08/2008;3547,21
IRF-M;08/08/2008;3548,36
IRF-M;11/08/2008;3544,94
IRF-M;12/08/2008;3545,35
IRF-M;13/08/2008;3546,02
IRF-M;14/08/2008;3548,48
IRF-M;15/08/2008;3553,87
IRF-M;18/08/2008;3555,95
IRF-M;19/08/2008;3561,33
IRF-M;20/08/2008;3562,27
IRF-M;21/08/2008;3562,68
IRF-M;22/08/2008;3562,15
IRF-M;25/08/2008;3563,29
IRF-M;26/08/2008;3568,02
IRF-M;27/08/2008;3570,74
IRF-M;28/08/2008;3574,1
IRF-M;29/08/2008;3577,95
IRF-M;01/09/2008;3579,62
IRF-M;02/09/2008;3578,47
IRF-M;03/09/2008;3578,31
IRF-M;04/09/2008;3567,87
IRF-M;05/09/2008;3575,22
IRF-M;08/09/2008;3575,89
IRF-M;09/09/2008;3573,78
IRF-M;10/09/2008;3582,76
IRF-M;11/09/2008;3582,72
IRF-M;12/09/2008;3584,85
IRF-M;15/09/2008;3583,13
IRF-M;16/09/2008;3581,59
IRF-M;17/09/2008;3568,09
IRF-M;18/09/2008;3549,49
IRF-M;19/09/2008;3579,12
IRF-M;22/09/2008;3581,77
IRF-M;23/09/2008;3577,06
IRF-M;24/09/2008;3578,69
IRF-M;25/09/2008;3590,33
IRF-M;26/09/2008;3598,81
IRF-M;29/09/2008;3594,02
IRF-M;30/09/2008;3609,75
IRF-M;01/10/2008;3619,06
IRF-M;02/10/2008;3605,85
IRF-M;03/10/2008;3606,85
IRF-M;06/10/2008;3588,65
IRF-M;07/10/2008;3579,54
IRF-M;08/10/2008;3574,72
IRF-M;09/10/2008;3583,11
IRF-M;10/10/2008;3562,09
IRF-M;13/10/2008;3587,91
IRF-M;14/10/2008;3587,22
IRF-M;15/10/2008;3582,84
IRF-M;16/10/2008;3583,88
IRF-M;17/10/2008;3580,71
IRF-M;20/10/2008;3581,54
IRF-M;21/10/2008;3578,62
IRF-M;22/10/2008;3517,48
IRF-M;23/10/2008;3539,11
IRF-M;24/10/2008;3497,47
IRF-M;27/10/2008;3505,04
IRF-M;28/10/2008;3534,11
IRF-M;29/10/2008;3565,28
IRF-M;30/10/2008;3554,24
IRF-M;31/10/2008;3544,28
IRF-M;03/11/2008;3549,82
IRF-M;04/11/2008;3565,34
IRF-M;05/11/2008;3561,76
IRF-M;06/11/2008;3561,45
IRF-M;07/11/2008;3576,02
IRF-M;10/11/2008;3578,2
IRF-M;11/11/2008;3582,14
IRF-M;12/11/2008;3587,02
IRF-M;13/11/2008;3579,4
IRF-M;14/11/2008;3589,87
IRF-M;17/11/2008;3594,06
IRF-M;18/11/2008;3607,76
IRF-M;19/11/2008;3608,12
IRF-M;20/11/2008;3610,13
IRF-M;21/11/2008;3610,01
IRF-M;24/11/2008;3615,85
IRF-M;25/11/2008;3618,7
IRF-M;26/11/2008;3625,57
IRF-M;27/11/2008;3627,03
IRF-M;28/11/2008;3635,98
IRF-M;01/12/2008;3656
IRF-M;02/12/2008;3681,57
IRF-M;03/12/2008;3689,79
IRF-M;04/12/2008;3693,23
IRF-M;05/12/2008;3713,7
IRF-M;08/12/2008;3720,17
IRF-M;09/12/2008;3716,28
IRF-M;10/12/2008;3722,5
IRF-M;11/12/2008;3726,2
IRF-M;12/12/2008;3727,69
IRF-M;15/12/2008;3730,34
IRF-M;16/12/2008;3729,05
IRF-M;17/12/2008;3749,13
IRF-M;18/12/2008;3767,17
IRF-M;19/12/2008;3765,07
IRF-M;22/12/2008;3775,27
IRF-M;23/12/2008;3784,77
IRF-M;24/12/2008;3784,77
IRF-M;26/12/2008;3788,07
IRF-M;29/12/2008;3794,28
IRF-M;30/12/2008;3808,51
IRF-M;31/12/2008;3808,51
IRF-M;02/01/2009;3813,5
IRF-M;05/01/2009;3827,4
IRF-M;06/01/2009;3833,17
IRF-M;07/01/2009;3823,78
IRF-M;08/01/2009;3833,92
IRF-M;09/01/2009;3852,5
IRF-M;12/01/2009;3854,8
IRF-M;13/01/2009;3864,41
IRF-M;14/01/2009;3855,23
IRF-M;15/01/2009;3859,39
IRF-M;16/01/2009;3861,68
IRF-M;19/01/2009;3873,43
IRF-M;20/01/2009;3881,46
IRF-M;21/01/2009;3881,24
IRF-M;22/01/2009;3887,48
IRF-M;23/01/2009;3873,87
IRF-M;26/01/2009;3861,22
IRF-M;27/01/2009;3872,23
IRF-M;28/01/2009;3879,33
IRF-M;29/01/2009;3868,16
IRF-M;30/01/2009;3881,45
IRF-M;02/02/2009;3888,81
IRF-M;03/02/2009;3895,02
IRF-M;04/02/2009;3889,46
IRF-M;05/02/2009;3887,23
IRF-M;06/02/2009;3891,16
IRF-M;09/02/2009;3883,66
IRF-M;10/02/2009;3881,6
IRF-M;11/02/2009;3886,31
IRF-M;12/02/2009;3884,24
IRF-M;13/02/2009;3898,75
IRF-M;16/02/2009;3899,06
IRF-M;17/02/2009;3899,55
IRF-M;18/02/2009;3900,31
IRF-M;19/02/2009;3911,83
IRF-M;20/02/2009;3908,25
IRF-M;25/02/2009;3911,6
IRF-M;26/02/2009;3923,58
IRF-M;27/02/2009;3932,44
IRF-M;02/03/2009;3937,11
IRF-M;03/03/2009;3937,68
IRF-M;04/03/2009;3935,08
IRF-M;05/03/2009;3942,31
IRF-M;06/03/2009;3952,61
IRF-M;09/03/2009;3962,2
IRF-M;10/03/2009;3972,96
IRF-M;11/03/2009;3980,22
IRF-M;12/03/2009;3980,78
IRF-M;13/03/2009;3974,63
IRF-M;16/03/2009;3975,82
IRF-M;17/03/2009;3978,13
IRF-M;18/03/2009;3992,89
IRF-M;19/03/2009;3995,34
IRF-M;20/03/2009;3997,76
IRF-M;23/03/2009;3997,4
IRF-M;24/03/2009;3991,48
IRF-M;25/03/2009;3996,19
IRF-M;26/03/2009;4003,09
IRF-M;27/03/2009;4001,33
IRF-M;30/03/2009;4003,28
IRF-M;31/03/2009;4003,98
IRF-M;01/04/2009;4007,71
IRF-M;02/04/2009;4002,32
IRF-M;03/04/2009;3997,83
IRF-M;06/04/2009;4001,72
IRF-M;07/04/2009;4000,84
IRF-M;08/04/2009;3997,14
IRF-M;09/04/2009;4000,38
IRF-M;13/04/2009;3998,34
IRF-M;14/04/2009;4011,94
IRF-M;15/04/2009;4013,94
IRF-M;16/04/2009;4010,34
IRF-M;17/04/2009;3998,71
IRF-M;20/04/2009;3998,5
IRF-M;22/04/2009;4009,33
IRF-M;23/04/2009;4011,39
IRF-M;24/04/2009;4007,99
IRF-M;27/04/2009;4005,73
IRF-M;28/04/2009;4012,8
IRF-M;29/04/2009;4016,59
IRF-M;30/04/2009;4014,8
IRF-M;04/05/2009;4020,35
IRF-M;05/05/2009;4022,81
IRF-M;06/05/2009;4025,84
IRF-M;07/05/2009;4033,5
IRF-M;08/05/2009;4033,12
IRF-M;11/05/2009;4038,2
IRF-M;12/05/2009;4044,04
IRF-M;13/05/2009;4048,05
IRF-M;14/05/2009;4052,32
IRF-M;15/05/2009;4062,07
IRF-M;18/05/2009;4069,78
IRF-M;19/05/2009;4071,12
IRF-M;20/05/2009;4077,94
IRF-M;21/05/2009;4068,6
IRF-M;22/05/2009;4073,73
IRF-M;25/05/2009;4079,51
IRF-M;26/05/2009;4083,92
IRF-M;27/05/2009;4079,95
IRF-M;28/05/2009;4081,12
IRF-M;29/05/2009;4086,57
IRF-M;01/06/2009;4091,62
IRF-M;02/06/2009;4092,98
IRF-M;03/06/2009;4092,1
IRF-M;04/06/2009;4094,42
IRF-M;05/06/2009;4087,46
IRF-M;08/06/2009;4083,57
IRF-M;09/06/2009;4069,28
IRF-M;10/06/2009;4069,48
IRF-M;12/06/2009;4080,19
IRF-M;15/06/2009;4082,55
IRF-M;16/06/2009;4091,52
IRF-M;17/06/2009;4092,79
IRF-M;18/06/2009;4087,15
IRF-M;19/06/2009;4086,28
IRF-M;22/06/2009;4091,24
IRF-M;23/06/2009;4098,81
IRF-M;24/06/2009;4100,67
IRF-M;25/06/2009;4104,12
IRF-M;26/06/2009;4108,72
IRF-M;29/06/2009;4100,02
IRF-M;30/06/2009;4101,34
IRF-M;01/07/2009;4106,85
IRF-M;02/07/2009;4108,22
IRF-M;03/07/2009;4110,56
IRF-M;06/07/2009;4110,97
IRF-M;07/07/2009;4115,43
IRF-M;08/07/2009;4118,26
IRF-M;09/07/2009;4119,81
IRF-M;10/07/2009;4122,63
IRF-M;13/07/2009;4115,91
IRF-M;14/07/2009;4124,73
IRF-M;15/07/2009;4120,76
IRF-M;16/07/2009;4121,11
IRF-M;17/07/2009;4127,08
IRF-M;20/07/2009;4130,38
IRF-M;21/07/2009;4133,27
IRF-M;22/07/2009;4134,01
IRF-M;23/07/2009;4129,48
IRF-M;24/07/2009;4137,03
IRF-M;27/07/2009;4142,81
IRF-M;28/07/2009;4143,24
IRF-M;29/07/2009;4145,58
IRF-M;30/07/2009;4140,64
IRF-M;31/07/2009;4141,11
IRF-M;03/08/2009;4146,66
IRF-M;04/08/2009;4149,23
IRF-M;05/08/2009;4147,47
IRF-M;06/08/2009;4150,37
IRF-M;07/08/2009;4148,3
IRF-M;10/08/2009;4149,67
IRF-M;11/08/2009;4150,58
IRF-M;12/08/2009;4153,82
IRF-M;13/08/2009;4158,4
IRF-M;14/08/2009;4164,22
IRF-M;17/08/2009;4168,63
IRF-M;18/08/2009;4168,93
IRF-M;19/08/2009;4170,83
IRF-M;20/08/2009;4165,9
IRF-M;21/08/2009;4164,43
IRF-M;24/08/2009;4168,93
IRF-M;25/08/2009;4169,47
IRF-M;26/08/2009;4172,05
IRF-M;27/08/2009;4173,27
IRF-M;28/08/2009;4171,99
IRF-M;31/08/2009;4174,29
IRF-M;01/09/2009;4177,75
IRF-M;02/09/2009;4178,47
IRF-M;03/09/2009;4179,11
IRF-M;04/09/2009;4182,51
IRF-M;08/09/2009;4185,28
IRF-M;09/09/2009;4185,31
IRF-M;10/09/2009;4187,77
IRF-M;11/09/2009;4190,22
IRF-M;14/09/2009;4192,19
IRF-M;15/09/2009;4190,19
IRF-M;16/09/2009;4183,2
IRF-M;17/09/2009;4185,61
IRF-M;18/09/2009;4188,36
IRF-M;21/09/2009;4181,74
IRF-M;22/09/2009;4189,19
IRF-M;23/09/2009;4187,32
IRF-M;24/09/2009;4184,91
IRF-M;25/09/2009;4187,8
IRF-M;28/09/2009;4193,76
IRF-M;29/09/2009;4195,88
IRF-M;30/09/2009;4195,06
IRF-M;01/10/2009;4193,42
IRF-M;02/10/2009;4202,8
IRF-M;05/10/2009;4206,81
IRF-M;06/10/2009;4207,51
IRF-M;07/10/2009;4207,45
IRF-M;08/10/2009;4204,44
IRF-M;09/10/2009;4204,79
IRF-M;13/10/2009;4205,28
IRF-M;14/10/2009;4211,21
IRF-M;15/10/2009;4207,47
IRF-M;16/10/2009;4206,21
IRF-M;19/10/2009;4198,21
IRF-M;20/10/2009;4204,11
IRF-M;21/10/2009;4208,58
IRF-M;22/10/2009;4209,17
IRF-M;23/10/2009;4213,44
IRF-M;26/10/2009;4215,27
IRF-M;27/10/2009;4220,66
IRF-M;28/10/2009;4220,21
IRF-M;29/10/2009;4220,28
IRF-M;30/10/2009;4217,25
IRF-M;03/11/2009;4222,72
IRF-M;04/11/2009;4224,99
IRF-M;05/11/2009;4229,85
IRF-M;06/11/2009;4233,13
IRF-M;09/11/2009;4233,54
IRF-M;10/11/2009;4235,39
IRF-M;11/11/2009;4236,42
IRF-M;12/11/2009;4233,68
IRF-M;13/11/2009;4236,23
IRF-M;16/11/2009;4238,05
IRF-M;17/11/2009;4241,33
IRF-M;18/11/2009;4241,95
IRF-M;19/11/2009;4246,21
IRF-M;20/11/2009;4246,21
IRF-M;23/11/2009;4247,06
IRF-M;24/11/2009;4250,4
IRF-M;25/11/2009;4252,73
IRF-M;26/11/2009;4248,55
IRF-M;27/11/2009;4248,67
IRF-M;30/11/2009;4246,53
IRF-M;01/12/2009;4252,46
IRF-M;02/12/2009;4252,2
IRF-M;03/12/2009;4253,57
IRF-M;04/12/2009;4254,17
IRF-M;07/12/2009;4258,24
IRF-M;08/12/2009;4257,88
IRF-M;09/12/2009;4258,58
IRF-M;10/12/2009;4261,2
IRF-M;11/12/2009;4264,43
IRF-M;14/12/2009;4265,47
IRF-M;15/12/2009;4264,3
IRF-M;16/12/2009;4261,62
IRF-M;17/12/2009;4261,94
IRF-M;18/12/2009;4266,07
IRF-M;21/12/2009;4269,05
IRF-M;22/12/2009;4275,24
IRF-M;23/12/2009;4275,27
IRF-M;24/12/2009;4277,01
IRF-M;28/12/2009;4276,19
IRF-M;29/12/2009;4279,22
IRF-M;30/12/2009;4283,51
IRF-M;31/12/2009;4283,51
IRF-M;04/01/2010;4288,34
IRF-M;05/01/2010;4291,19
IRF-M;06/01/2010;4295,55
IRF-M;07/01/2010;4296,87
IRF-M;08/01/2010;4300,64
IRF-M;11/01/2010;4300,54
IRF-M;12/01/2010;4301,72
IRF-M;13/01/2010;4306,13
IRF-M;14/01/2010;4304,9
IRF-M;15/01/2010;4311,48
IRF-M;18/01/2010;4314,36
IRF-M;19/01/2010;4313,6
IRF-M;20/01/2010;4314,78
IRF-M;21/01/2010;4311,87
IRF-M;22/01/2010;4314,12
IRF-M;25/01/2010;4315,94
IRF-M;26/01/2010;4320,05
IRF-M;27/01/2010;4323,05
IRF-M;28/01/2010;4325,36
IRF-M;29/01/2010;4330,54
IRF-M;01/02/2010;4337,53
IRF-M;02/02/2010;4344,14
IRF-M;03/02/2010;4346,31
IRF-M;04/02/2010;4352,57
IRF-M;05/02/2010;4355,58
IRF-M;08/02/2010;4362,79
IRF-M;09/02/2010;4364,55
IRF-M;10/02/2010;4364,1
IRF-M;11/02/2010;4361,38
IRF-M;12/02/2010;4363,76
IRF-M;17/02/2010;4367,03
IRF-M;18/02/2010;4369,33
IRF-M;19/02/2010;4371,91
IRF-M;22/02/2010;4371,51
IRF-M;23/02/2010;4373,87
IRF-M;24/02/2010;4370,19
IRF-M;25/02/2010;4372,27
IRF-M;26/02/2010;4369,71
IRF-M;01/03/2010;4375,99
IRF-M;02/03/2010;4380,2
IRF-M;03/03/2010;4379,97
IRF-M;04/03/2010;4382,54
IRF-M;05/03/2010;4387,32
IRF-M;08/03/2010;4391,71
IRF-M;09/03/2010;4394,9
IRF-M;10/03/2010;4395,6
IRF-M;11/03/2010;4393,37
IRF-M;12/03/2010;4396,42
IRF-M;15/03/2010;4399,75
IRF-M;16/03/2010;4401,93
IRF-M;17/03/2010;4403,68
IRF-M;18/03/2010;4409
IRF-M;19/03/2010;4404,67
IRF-M;22/03/2010;4403,85
IRF-M;23/03/2010;4408,56
IRF-M;24/03/2010;4409,31
IRF-M;25/03/2010;4413,33
IRF-M;26/03/2010;4414,6
IRF-M;29/03/2010;4419,41
IRF-M;30/03/2010;4423,39
IRF-M;31/03/2010;4422,19
IRF-M;01/04/2010;4423,62
IRF-M;05/04/2010;4429,06
IRF-M;06/04/2010;4430,36
IRF-M;07/04/2010;4429,2
IRF-M;08/04/2010;4428,62
IRF-M;09/04/2010;4425,45
IRF-M;12/04/2010;4429,73
IRF-M;13/04/2010;4427,49
IRF-M;14/04/2010;4423,77
IRF-M;15/04/2010;4416,76
IRF-M;16/04/2010;4419,89
IRF-M;19/04/2010;4419,81
IRF-M;20/04/2010;4416,95
IRF-M;22/04/2010;4418,1
IRF-M;23/04/2010;4424,72
IRF-M;26/04/2010;4423,23
IRF-M;27/04/2010;4426,36
IRF-M;28/04/2010;4427,37
IRF-M;29/04/2010;4434,59
IRF-M;30/04/2010;4430,95
IRF-M;03/05/2010;4426,61
IRF-M;04/05/2010;4420,68
IRF-M;05/05/2010;4420,19
IRF-M;06/05/2010;4420,63
IRF-M;07/05/2010;4423,76
IRF-M;10/05/2010;4430,93
IRF-M;11/05/2010;4437,39
IRF-M;12/05/2010;4443,08
IRF-M;13/05/2010;4445,44
IRF-M;14/05/2010;4444,41
IRF-M;17/05/2010;4447,79
IRF-M;18/05/2010;4451,31
IRF-M;19/05/2010;4455,15
IRF-M;20/05/2010;4459,58
IRF-M;21/05/2010;4467,16
IRF-M;24/05/2010;4471,01
IRF-M;25/05/2010;4474,96
IRF-M;26/05/2010;4475,18
IRF-M;27/05/2010;4473,08
IRF-M;28/05/2010;4476,99
IRF-M;31/05/2010;4482,3
IRF-M;01/06/2010;4487,15
IRF-M;02/06/2010;4489,54
IRF-M;04/06/2010;4497,38
IRF-M;07/06/2010;4500,47
IRF-M;08/06/2010;4499,22
IRF-M;09/06/2010;4498,88
IRF-M;10/06/2010;4496,04
IRF-M;11/06/2010;4492,23
IRF-M;14/06/2010;4491,85
IRF-M;15/06/2010;4488,29
IRF-M;16/06/2010;4498,18
IRF-M;17/06/2010;4500,55
IRF-M;18/06/2010;4505,14
IRF-M;21/06/2010;4510,39
IRF-M;22/06/2010;4511,82
IRF-M;23/06/2010;4511,06
IRF-M;24/06/2010;4517,56
IRF-M;25/06/2010;4519,1
IRF-M;28/06/2010;4523,85
IRF-M;29/06/2010;4526,37
IRF-M;30/06/2010;4524,39
IRF-M;01/07/2010;4532,87
IRF-M;02/07/2010;4536,61
IRF-M;05/07/2010;4540,1
IRF-M;06/07/2010;4540,12
IRF-M;07/07/2010;4544,43
IRF-M;08/07/2010;4543,06
IRF-M;09/07/2010;4545,07
IRF-M;12/07/2010;4549,6
IRF-M;13/07/2010;4556,42
IRF-M;14/07/2010;4555,42
IRF-M;15/07/2010;4559,55
IRF-M;16/07/2010;4565,5
IRF-M;19/07/2010;4563,04
IRF-M;20/07/2010;4570,55
IRF-M;21/07/2010;4580,54
IRF-M;22/07/2010;4580,36
IRF-M;23/07/2010;4576,71
IRF-M;26/07/2010;4583,4
IRF-M;27/07/2010;4588,27
IRF-M;28/07/2010;4588,18
IRF-M;29/07/2010;4590,2
IRF-M;30/07/2010;4598,2
IRF-M;02/08/2010;4600,83
IRF-M;03/08/2010;4598,76
IRF-M;04/08/2010;4595,2
IRF-M;05/08/2010;4603
IRF-M;06/08/2010;4603,89
IRF-M;09/08/2010;4610,46
IRF-M;10/08/2010;4613,46
IRF-M;11/08/2010;4616,57
IRF-M;12/08/2010;4618,54
IRF-M;13/08/2010;4623,4
IRF-M;16/08/2010;4635,21
IRF-M;17/08/2010;4638,52
IRF-M;18/08/2010;4646,74
IRF-M;19/08/2010;4650,34
IRF-M;20/08/2010;4653,73
IRF-M;23/08/2010;4659,82
IRF-M;24/08/2010;4665,97
IRF-M;25/08/2010;4663,58
IRF-M;26/08/2010;4657,21
IRF-M;27/08/2010;4654,68
IRF-M;30/08/2010;4655,69
IRF-M;31/08/2010;4662,29
IRF-M;01/09/2010;4658,63
IRF-M;02/09/2010;4661,16
IRF-M;03/09/2010;4661,12
IRF-M;06/09/2010;4665,81
IRF-M;08/09/2010;4667,36
IRF-M;09/09/2010;4670,6
IRF-M;10/09/2010;4669,83
IRF-M;13/09/2010;4669,09
IRF-M;14/09/2010;4673,14
IRF-M;15/09/2010;4672,84
IRF-M;16/09/2010;4668,03
IRF-M;17/09/2010;4670,2
IRF-M;20/09/2010;4668,48
IRF-M;21/09/2010;4672,4
IRF-M;22/09/2010;4671,08
IRF-M;23/09/2010;4676,91
IRF-M;24/09/2010;4683,71
IRF-M;27/09/2010;4680,83
IRF-M;28/09/2010;4677,74
IRF-M;29/09/2010;4684,24
IRF-M;30/09/2010;4684,54
IRF-M;01/10/2010;4688,6
IRF-M;04/10/2010;4693,68
IRF-M;05/10/2010;4694,13
IRF-M;06/10/2010;4696,4
IRF-M;07/10/2010;4701,12
IRF-M;08/10/2010;4701,3
IRF-M;11/10/2010;4704,2
IRF-M;13/10/2010;4710,96
IRF-M;14/10/2010;4722,04
IRF-M;15/10/2010;4728,34
IRF-M;18/10/2010;4725,03
IRF-M;19/10/2010;4713,33
IRF-M;20/10/2010;4719,76
IRF-M;21/10/2010;4713,08
IRF-M;22/10/2010;4711,09
IRF-M;25/10/2010;4709,2
IRF-M;26/10/2010;4718,13
IRF-M;27/10/2010;4716,17
IRF-M;28/10/2010;4720,27
IRF-M;29/10/2010;4731,13
IRF-M;01/11/2010;4736,37
IRF-M;03/11/2010;4738,28
IRF-M;04/11/2010;4735,21
IRF-M;05/11/2010;4730,23
IRF-M;08/11/2010;4727,98
IRF-M;09/11/2010;4728,29
IRF-M;10/11/2010;4731,92
IRF-M;11/11/2010;4731,04
IRF-M;12/11/2010;4735,18
IRF-M;16/11/2010;4724,64
IRF-M;17/11/2010;4727,9
IRF-M;18/11/2010;4726,48
IRF-M;19/11/2010;4728,47
IRF-M;22/11/2010;4716,82
IRF-M;23/11/2010;4721,38
IRF-M;24/11/2010;4729,76
IRF-M;25/11/2010;4735,79
IRF-M;26/11/2010;4733,86
IRF-M;29/11/2010;4729,8
IRF-M;30/11/2010;4736,85
IRF-M;01/12/2010;4738,99
IRF-M;02/12/2010;4737,96
IRF-M;03/12/2010;4742,76
IRF-M;06/12/2010;4746,11
IRF-M;07/12/2010;4748,82
IRF-M;08/12/2010;4746,68
IRF-M;09/12/2010;4748,37
IRF-M;10/12/2010;4755,94
IRF-M;13/12/2010;4757,61
IRF-M;14/12/2010;4762,96
IRF-M;15/12/2010;4759,04
IRF-M;16/12/2010;4762,17
IRF-M;17/12/2010;4764,79
IRF-M;20/12/2010;4765,94
IRF-M;21/12/2010;4764,98
IRF-M;22/12/2010;4771,93
IRF-M;23/12/2010;4770,94
IRF-M;24/12/2010;4773,08
IRF-M;27/12/2010;4773,68
IRF-M;28/12/2010;4778,11
IRF-M;29/12/2010;4783,58
IRF-M;30/12/2010;4789,7
IRF-M;31/12/2010;4791,83
IRF-M;03/01/2011;4798,88
IRF-M;04/01/2011;4798,97
IRF-M;05/01/2011;4796,09
IRF-M;06/01/2011;4796,68
IRF-M;07/01/2011;4789,04
IRF-M;10/01/2011;4783,21
IRF-M;11/01/2011;4789,45
IRF-M;12/01/2011;4787,54
IRF-M;13/01/2011;4789
IRF-M;14/01/2011;4783,3
IRF-M;17/01/2011;4780,02
IRF-M;18/01/2011;4784,03
IRF-M;19/01/2011;4787,47
IRF-M;20/01/2011;4790,18
IRF-M;21/01/2011;4791,62
IRF-M;24/01/2011;4789,27
IRF-M;25/01/2011;4791,51
IRF-M;26/01/2011;4787,44
IRF-M;27/01/2011;4787,88
IRF-M;28/01/2011;4791,55
IRF-M;31/01/2011;4788,16
IRF-M;01/02/2011;4792,61
IRF-M;02/02/2011;4802,42
IRF-M;03/02/2011;4800,49
IRF-M;04/02/2011;4795,55
IRF-M;07/02/2011;4800,11
IRF-M;08/02/2011;4815,41
IRF-M;09/02/2011;4819,06
IRF-M;10/02/2011;4815,07
IRF-M;11/02/2011;4815,64
IRF-M;14/02/2011;4811,56
IRF-M;15/02/2011;4818,37
IRF-M;16/02/2011;4827,67
IRF-M;17/02/2011;4834,32
IRF-M;18/02/2011;4837,57
IRF-M;21/02/2011;4835,93
IRF-M;22/02/2011;4841,16
IRF-M;23/02/2011;4840,25
IRF-M;24/02/2011;4840,14
IRF-M;25/02/2011;4844,03
IRF-M;28/02/2011;4849,06
IRF-M;01/03/2011;4852,89
IRF-M;02/03/2011;4851,18
IRF-M;03/03/2011;4846,7
IRF-M;04/03/2011;4849,23
IRF-M;09/03/2011;4851,84
IRF-M;10/03/2011;4861,51
IRF-M;11/03/2011;4864,92
IRF-M;14/03/2011;4868,72
IRF-M;15/03/2011;4866,16
IRF-M;16/03/2011;4866,98
IRF-M;17/03/2011;4864,41
IRF-M;18/03/2011;4868,64
IRF-M;21/03/2011;4866,62
IRF-M;22/03/2011;4869,91
IRF-M;23/03/2011;4876,63
IRF-M;24/03/2011;4878,2
IRF-M;25/03/2011;4881,28
IRF-M;28/03/2011;4884,18
IRF-M;29/03/2011;4880,4
IRF-M;30/03/2011;4886,17
IRF-M;31/03/2011;4888,9
IRF-M;01/04/2011;4895,51
IRF-M;04/04/2011;4898,98
IRF-M;05/04/2011;4897,57
IRF-M;06/04/2011;4899,53
IRF-M;07/04/2011;4901,85
IRF-M;08/04/2011;4903,63
IRF-M;11/04/2011;4903,49
IRF-M;12/04/2011;4909,99
IRF-M;13/04/2011;4914,29
IRF-M;14/04/2011;4918,23
IRF-M;15/04/2011;4922,1
IRF-M;18/04/2011;4922,67
IRF-M;19/04/2011;4925,79
IRF-M;20/04/2011;4926,28
IRF-M;25/04/2011;4921,61
IRF-M;26/04/2011;4928,5
IRF-M;27/04/2011;4933
IRF-M;28/04/2011;4938,03
IRF-M;29/04/2011;4941,17
IRF-M;02/05/2011;4944,47
IRF-M;03/05/2011;4946,14
IRF-M;04/05/2011;4945,43
IRF-M;05/05/2011;4951,12
IRF-M;06/05/2011;4957,72
IRF-M;09/05/2011;4963,4
IRF-M;10/05/2011;4964,16
IRF-M;11/05/2011;4969,65
IRF-M;12/05/2011;4971,98
IRF-M;13/05/2011;4973,45
IRF-M;16/05/2011;4977,51
IRF-M;17/05/2011;4982,14
IRF-M;18/05/2011;4983,41
IRF-M;19/05/2011;4983,27
IRF-M;20/05/2011;4983,59
IRF-M;23/05/2011;4985,76
IRF-M;24/05/2011;4983,5
IRF-M;25/05/2011;4987,39
IRF-M;26/05/2011;4991,61
IRF-M;27/05/2011;4996,38
IRF-M;30/05/2011;4999,29
IRF-M;31/05/2011;5003,91
IRF-M;01/06/2011;5006,57
IRF-M;02/06/2011;5008,48
IRF-M;03/06/2011;5010,17
IRF-M;06/06/2011;5010,64
IRF-M;07/06/2011;5016,03
IRF-M;08/06/2011;5022,07
IRF-M;09/06/2011;5024,06
IRF-M;10/06/2011;5028,33
IRF-M;13/06/2011;5031,06
IRF-M;14/06/2011;5031,2
IRF-M;15/06/2011;5035,08
IRF-M;16/06/2011;5035,24
IRF-M;17/06/2011;5036,54
IRF-M;20/06/2011;5038,31
IRF-M;21/06/2011;5035,86
IRF-M;22/06/2011;5038,78
IRF-M;24/06/2011;5043,88
IRF-M;27/06/2011;5046,62
IRF-M;28/06/2011;5045,82
IRF-M;29/06/2011;5045,9
IRF-M;30/06/2011;5043,71
IRF-M;01/07/2011;5049,69
IRF-M;04/07/2011;5054,08
IRF-M;05/07/2011;5052,53
IRF-M;06/07/2011;5058,06
IRF-M;07/07/2011;5055,88
IRF-M;08/07/2011;5057,64
IRF-M;11/07/2011;5060,85
IRF-M;12/07/2011;5061,88
IRF-M;13/07/2011;5064,75
IRF-M;14/07/2011;5066,07
IRF-M;15/07/2011;5065,21
IRF-M;18/07/2011;5069,36
IRF-M;19/07/2011;5072,7
IRF-M;20/07/2011;5073,32
IRF-M;21/07/2011;5072,91
IRF-M;22/07/2011;5076,28
IRF-M;25/07/2011;5075,23
IRF-M;26/07/2011;5079,37
IRF-M;27/07/2011;5080
IRF-M;28/07/2011;5075,6
IRF-M;29/07/2011;5080,21
IRF-M;01/08/2011;5090,01
IRF-M;02/08/2011;5102,63
IRF-M;03/08/2011;5105
IRF-M;04/08/2011;5115,24
IRF-M;05/08/2011;5125,57
IRF-M;08/08/2011;5145,43
IRF-M;09/08/2011;5153,34
IRF-M;10/08/2011;5152,66
IRF-M;11/08/2011;5146,31
IRF-M;12/08/2011;5162,13
IRF-M;15/08/2011;5166,24
IRF-M;16/08/2011;5173,14
IRF-M;17/08/2011;5187,23
IRF-M;18/08/2011;5204,76
IRF-M;19/08/2011;5207,99
IRF-M;22/08/2011;5208,14
IRF-M;23/08/2011;5207,91
IRF-M;24/08/2011;5209
IRF-M;25/08/2011;5211,97
IRF-M;26/08/2011;5230,71
IRF-M;29/08/2011;5248
IRF-M;30/08/2011;5243,1
IRF-M;31/08/2011;5243,91
IRF-M;01/09/2011;5279,38
IRF-M;02/09/2011;5262,79
IRF-M;05/09/2011;5273
IRF-M;06/09/2011;5279,28
IRF-M;08/09/2011;5269,94
IRF-M;09/09/2011;5280,81
IRF-M;12/09/2011;5285,52
IRF-M;13/09/2011;5278,49
IRF-M;14/09/2011;5272,35
IRF-M;15/09/2011;5277,28
IRF-M;16/09/2011;5281,4
IRF-M;19/09/2011;5278,61
IRF-M;20/09/2011;5275,39
IRF-M;21/09/2011;5266,18
IRF-M;22/09/2011;5264,15
IRF-M;23/09/2011;5291,77
IRF-M;26/09/2011;5316,09
IRF-M;27/09/2011;5304,39
IRF-M;28/09/2011;5311,54
IRF-M;29/09/2011;5312,08
IRF-M;30/09/2011;5322,63
IRF-M;03/10/2011;5339,3
IRF-M;04/10/2011;5331,98
IRF-M;05/10/2011;5340,37
IRF-M;06/10/2011;5333,11
IRF-M;07/10/2011;5332,36
IRF-M;10/10/2011;5330,26
IRF-M;11/10/2011;5339,75
IRF-M;13/10/2011;5338,56
IRF-M;14/10/2011;5330,89
IRF-M;17/10/2011;5331,46
IRF-M;18/10/2011;5343,83
IRF-M;19/10/2011;5351,85
IRF-M;20/10/2011;5345,8
IRF-M;21/10/2011;5350,75
IRF-M;24/10/2011;5355,13
IRF-M;25/10/2011;5356,69
IRF-M;26/10/2011;5367,31
IRF-M;27/10/2011;5359,07
IRF-M;28/10/2011;5366,77
IRF-M;31/10/2011;5373,3
IRF-M;01/11/2011;5376,29
IRF-M;03/11/2011;5379,8
IRF-M;04/11/2011;5387,25
IRF-M;07/11/2011;5397,71
IRF-M;08/11/2011;5405,2
IRF-M;09/11/2011;5416,54
IRF-M;10/11/2011;5411,57
IRF-M;11/11/2011;5416,25
IRF-M;14/11/2011;5416,72
IRF-M;16/11/2011;5421,94
IRF-M;17/11/2011;5428,39
IRF-M;18/11/2011;5432,87
IRF-M;21/11/2011;5429,35
IRF-M;22/11/2011;5428,6
IRF-M;23/11/2011;5435,2
IRF-M;24/11/2011;5444,18
IRF-M;25/11/2011;5449,11
IRF-M;28/11/2011;5457,43
IRF-M;29/11/2011;5458,15
IRF-M;30/11/2011;5468,01
IRF-M;01/12/2011;5462,85
IRF-M;02/12/2011;5461,63
IRF-M;05/12/2011;5457,9
IRF-M;06/12/2011;5461,78
IRF-M;07/12/2011;5469,54
IRF-M;08/12/2011;5467,35
IRF-M;09/12/2011;5468,32
IRF-M;12/12/2011;5473,93
IRF-M;13/12/2011;5472,64
IRF-M;14/12/2011;5472,09
IRF-M;15/12/2011;5471,86
IRF-M;16/12/2011;5469,65
IRF-M;19/12/2011;5469,92
IRF-M;20/12/2011;5477,25
IRF-M;21/12/2011;5482,79
IRF-M;22/12/2011;5472,94
IRF-M;23/12/2011;5470,51
IRF-M;26/12/2011;5465,36
IRF-M;27/12/2011;5474,64
IRF-M;28/12/2011;5478,9
IRF-M;29/12/2011;5482,3
IRF-M;30/12/2011;5484,48
IRF-M;02/01/2012;5489,97
IRF-M;03/01/2012;5489,6
IRF-M;04/01/2012;5482,13
IRF-M;05/01/2012;5479,04
IRF-M;06/01/2012;5484,47
IRF-M;09/01/2012;5485,54
IRF-M;10/01/2012;5493,25
IRF-M;11/01/2012;5492,71
IRF-M;12/01/2012;5489,74
IRF-M;13/01/2012;5496,82
IRF-M;16/01/2012;5501,2
IRF-M;17/01/2012;5500,14
IRF-M;18/01/2012;5506,93
IRF-M;19/01/2012;5511,79
IRF-M;20/01/2012;5519,54
IRF-M;23/01/2012;5515,8
IRF-M;24/01/2012;5517,71
IRF-M;25/01/2012;5519,88
IRF-M;26/01/2012;5537,21
IRF-M;27/01/2012;5546,74
IRF-M;30/01/2012;5556,66
IRF-M;31/01/2012;5555,41
IRF-M;01/02/2012;5560,91
IRF-M;02/02/2012;5566,66
IRF-M;03/02/2012;5567,53
IRF-M;06/02/2012;5565,52
IRF-M;07/02/2012;5569,44
IRF-M;08/02/2012;5575,01
IRF-M;09/02/2012;5582,48
IRF-M;10/02/2012;5593,37
IRF-M;13/02/2012;5596,41
IRF-M;14/02/2012;5604,39
IRF-M;15/02/2012;5607,94
IRF-M;16/02/2012;5612,19
IRF-M;17/02/2012;5618,2
IRF-M;22/02/2012;5619,28
IRF-M;23/02/2012;5615,12
IRF-M;24/02/2012;5606,33
IRF-M;27/02/2012;5603,36
IRF-M;28/02/2012;5613,2
IRF-M;29/02/2012;5614,9
IRF-M;01/03/2012;5618,15
IRF-M;02/03/2012;5627,61
IRF-M;05/03/2012;5631,02
IRF-M;06/03/2012;5634,48
IRF-M;07/03/2012;5640,59
IRF-M;08/03/2012;5658,35
IRF-M;09/03/2012;5667,2
IRF-M;12/03/2012;5665,52
IRF-M;13/03/2012;5659,42
IRF-M;14/03/2012;5652,09
IRF-M;15/03/2012;5651,53
IRF-M;16/03/2012;5644,05
IRF-M;19/03/2012;5638,49
IRF-M;20/03/2012;5643,71
IRF-M;21/03/2012;5651,02
IRF-M;22/03/2012;5658,76
IRF-M;23/03/2012;5664,44
IRF-M;26/03/2012;5664,64
IRF-M;27/03/2012;5671,96
IRF-M;28/03/2012;5677,64
IRF-M;29/03/2012;5677,42
IRF-M;30/03/2012;5679,14
IRF-M;02/04/2012;5688,31
IRF-M;03/04/2012;5685,55
IRF-M;04/04/2012;5691,54
IRF-M;05/04/2012;5703,87
IRF-M;09/04/2012;5717,31
IRF-M;10/04/2012;5725,48
IRF-M;11/04/2012;5724,79
IRF-M;12/04/2012;5729,41
IRF-M;13/04/2012;5732,83
IRF-M;16/04/2012;5733,93
IRF-M;17/04/2012;5739,45
IRF-M;18/04/2012;5742,41
IRF-M;19/04/2012;5754,65
IRF-M;20/04/2012;5756,08
IRF-M;23/04/2012;5756,87
IRF-M;24/04/2012;5767,28
IRF-M;25/04/2012;5774,43
IRF-M;26/04/2012;5774,59
IRF-M;27/04/2012;5781,21
IRF-M;30/04/2012;5777,83
IRF-M;02/05/2012;5797,77
IRF-M;03/05/2012;5802,78
IRF-M;04/05/2012;5831,61
IRF-M;07/05/2012;5843,58
IRF-M;08/05/2012;5826,39
IRF-M;09/05/2012;5810,37
IRF-M;10/05/2012;5826,57
IRF-M;11/05/2012;5825,01
IRF-M;14/05/2012;5830,09
IRF-M;15/05/2012;5837,7
IRF-M;16/05/2012;5846,78
IRF-M;17/05/2012;5855,87
IRF-M;18/05/2012;5865,98
IRF-M;21/05/2012;5857,47
IRF-M;22/05/2012;5834,8
IRF-M;23/05/2012;5846,89
IRF-M;24/05/2012;5830,3
IRF-M;25/05/2012;5841,4
IRF-M;28/05/2012;5848,95
IRF-M;29/05/2012;5864,16
IRF-M;30/05/2012;5866,19
IRF-M;31/05/2012;5862,62
IRF-M;01/06/2012;5861,66
IRF-M;04/06/2012;5839,15
IRF-M;05/06/2012;5847,34
IRF-M;06/06/2012;5856,82
IRF-M;08/06/2012;5877,37
IRF-M;11/06/2012;5874,43
IRF-M;12/06/2012;5884,01
IRF-M;13/06/2012;5890,51
IRF-M;14/06/2012;5896,28
IRF-M;15/06/2012;5887,4
IRF-M;18/06/2012;5895,1
IRF-M;19/06/2012;5904,29
IRF-M;20/06/2012;5904,42
IRF-M;21/06/2012;5913,44
IRF-M;22/06/2012;5917,45
IRF-M;25/06/2012;5930,46
IRF-M;26/06/2012;5931,6
IRF-M;27/06/2012;5931,37
IRF-M;28/06/2012;5934,04
IRF-M;29/06/2012;5938,36
IRF-M;02/07/2012;5947,56
IRF-M;03/07/2012;5949,5
IRF-M;04/07/2012;5942,24
IRF-M;05/07/2012;5936,62
IRF-M;06/07/2012;5952,27
IRF-M;09/07/2012;5954,14
IRF-M;10/07/2012;5967,57
IRF-M;11/07/2012;5983,24
IRF-M;12/07/2012;5978,27
IRF-M;13/07/2012;5987,13
IRF-M;16/07/2012;5991,27
IRF-M;17/07/2012;5982,81
IRF-M;18/07/2012;5991,09
IRF-M;19/07/2012;6006,22
IRF-M;20/07/2012;6009,73
IRF-M;23/07/2012;6016,14
IRF-M;24/07/2012;6006,76
IRF-M;25/07/2012;6018,24
IRF-M;26/07/2012;6014,47
IRF-M;27/07/2012;5998,68
IRF-M;30/07/2012;6001,81
IRF-M;31/07/2012;6008,88
IRF-M;01/08/2012;6018,97
IRF-M;02/08/2012;6023,32
IRF-M;03/08/2012;6018,51
IRF-M;06/08/2012;6018,24
IRF-M;07/08/2012;6022,27
IRF-M;08/08/2012;6020,67
IRF-M;09/08/2012;6016,47
IRF-M;10/08/2012;6008,1
IRF-M;13/08/2012;6016,56
IRF-M;14/08/2012;6017,2
IRF-M;15/08/2012;6023,56
IRF-M;16/08/2012;6011,05
IRF-M;17/08/2012;6016,56
IRF-M;20/08/2012;6007,35
IRF-M;21/08/2012;6014,23
IRF-M;22/08/2012;6009,31
IRF-M;23/08/2012;6009,77
IRF-M;24/08/2012;6018,16
IRF-M;27/08/2012;6028,16
IRF-M;28/08/2012;6035,46
IRF-M;29/08/2012;6041,73
IRF-M;30/08/2012;6044,87
IRF-M;31/08/2012;6050,38
IRF-M;03/09/2012;6057,71
IRF-M;04/09/2012;6054,78
IRF-M;05/09/2012;6056,93
IRF-M;06/09/2012;6053,81
IRF-M;10/09/2012;6051,76
IRF-M;11/09/2012;6055,93
IRF-M;12/09/2012;6054,72
IRF-M;13/09/2012;6050,5
IRF-M;14/09/2012;6049,34
IRF-M;17/09/2012;6053,22
IRF-M;18/09/2012;6053,29
IRF-M;19/09/2012;6054,34
IRF-M;20/09/2012;6061,28
IRF-M;21/09/2012;6062,1
IRF-M;24/09/2012;6066,97
IRF-M;25/09/2012;6074,28
IRF-M;26/09/2012;6076,62
IRF-M;27/09/2012;6079,67
IRF-M;28/09/2012;6085,78
IRF-M;01/10/2012;6090,73
IRF-M;02/10/2012;6098,55
IRF-M;03/10/2012;6099,37
IRF-M;04/10/2012;6103,79
IRF-M;05/10/2012;6124,91
IRF-M;08/10/2012;6123,61
IRF-M;09/10/2012;6127,97
IRF-M;10/10/2012;6126,84
IRF-M;11/10/2012;6135,66
IRF-M;15/10/2012;6137,2
IRF-M;16/10/2012;6150
IRF-M;17/10/2012;6145,41
IRF-M;18/10/2012;6152,01
IRF-M;19/10/2012;6152,4
IRF-M;22/10/2012;6158,84
IRF-M;23/10/2012;6162,53
IRF-M;24/10/2012;6170,04
IRF-M;25/10/2012;6174,7
IRF-M;26/10/2012;6181,6
IRF-M;29/10/2012;6183,56
IRF-M;30/10/2012;6183,88
IRF-M;31/10/2012;6186
IRF-M;01/11/2012;6184,55
IRF-M;05/11/2012;6188,44
IRF-M;06/11/2012;6185,23
IRF-M;07/11/2012;6186,72
IRF-M;08/11/2012;6184,61
IRF-M;09/11/2012;6183,99
IRF-M;12/11/2012;6184,14
IRF-M;13/11/2012;6180,23
IRF-M;14/11/2012;6174,6
IRF-M;16/11/2012;6181,31
IRF-M;19/11/2012;6187,98
IRF-M;20/11/2012;6189,84
IRF-M;21/11/2012;6184,87
IRF-M;22/11/2012;6186,29
IRF-M;23/11/2012;6193,52
IRF-M;26/11/2012;6198,21
IRF-M;27/11/2012;6205,37
IRF-M;28/11/2012;6204,82
IRF-M;29/11/2012;6203,32
IRF-M;30/11/2012;6210
IRF-M;03/12/2012;6216,11
IRF-M;04/12/2012;6233,11
IRF-M;05/12/2012;6236,79
IRF-M;06/12/2012;6260,97
IRF-M;07/12/2012;6253,15
IRF-M;10/12/2012;6248,81
IRF-M;11/12/2012;6241,63
IRF-M;12/12/2012;6249,93
IRF-M;13/12/2012;6258,31
IRF-M;14/12/2012;6254,78
IRF-M;17/12/2012;6258,16
IRF-M;18/12/2012;6257,06
IRF-M;19/12/2012;6255,59
IRF-M;20/12/2012;6246,11
IRF-M;21/12/2012;6246,73
IRF-M;24/12/2012;6248,58
IRF-M;26/12/2012;6257,11
IRF-M;27/12/2012;6263,55
IRF-M;28/12/2012;6266,68
IRF-M;31/12/2012;6268,52
IRF-M;02/01/2013;6273,78
IRF-M;03/01/2013;6277,33
IRF-M;04/01/2013;6271,91
IRF-M;07/01/2013;6275,19
IRF-M;08/01/2013;6264,42
IRF-M;09/01/2013;6270,88
IRF-M;10/01/2013;6275,76
IRF-M;11/01/2013;6280,17
IRF-M;14/01/2013;6285,33
IRF-M;15/01/2013;6283,72
IRF-M;16/01/2013;6282,44
IRF-M;17/01/2013;6268,46
IRF-M;18/01/2013;6267,98
IRF-M;21/01/2013;6277,66
IRF-M;22/01/2013;6272,39
IRF-M;23/01/2013;6276,13
IRF-M;24/01/2013;6266,44
IRF-M;25/01/2013;6268,34
IRF-M;28/01/2013;6267,39
IRF-M;29/01/2013;6275,76
IRF-M;30/01/2013;6270,58
IRF-M;31/01/2013;6269,22
IRF-M;01/02/2013;6271,2
IRF-M;04/02/2013;6269,1
IRF-M;05/02/2013;6260,81
IRF-M;06/02/2013;6258,98
IRF-M;07/02/2013;6252,71
IRF-M;08/02/2013;6257,45
IRF-M;13/02/2013;6261,58
IRF-M;14/02/2013;6263,46
IRF-M;15/02/2013;6263,8
IRF-M;18/02/2013;6251,77
IRF-M;19/02/2013;6251,81
IRF-M;20/02/2013;6257,48
IRF-M;21/02/2013;6261,86
IRF-M;22/02/2013;6253,07
IRF-M;25/02/2013;6260,28
IRF-M;26/02/2013;6263,25
IRF-M;27/02/2013;6267,17
IRF-M;28/02/2013;6271,64
IRF-M;01/03/2013;6281,41
IRF-M;04/03/2013;6282,81
IRF-M;05/03/2013;6289,94
IRF-M;06/03/2013;6291,38
IRF-M;07/03/2013;6279,92
IRF-M;08/03/2013;6263,76
IRF-M;11/03/2013;6270,85
IRF-M;12/03/2013;6264,39
IRF-M;13/03/2013;6256,78
IRF-M;14/03/2013;6263,61
IRF-M;15/03/2013;6270,15
IRF-M;18/03/2013;6270,62
IRF-M;19/03/2013;6276,62
IRF-M;20/03/2013;6276,21
IRF-M;21/03/2013;6268,62
IRF-M;22/03/2013;6276,38
IRF-M;25/03/2013;6281,94
IRF-M;26/03/2013;6283,17
IRF-M;27/03/2013;6290,27
IRF-M;28/03/2013;6280,5
IRF-M;01/04/2013;6282,6
IRF-M;02/04/2013;6291,69
IRF-M;03/04/2013;6283,59
IRF-M;04/04/2013;6294,56
IRF-M;05/04/2013;6318,36
IRF-M;08/04/2013;6317,72
IRF-M;09/04/2013;6314,69
IRF-M;10/04/2013;6319,33
IRF-M;11/04/2013;6316,73
IRF-M;12/04/2013;6304,32
IRF-M;15/04/2013;6304,75
IRF-M;16/04/2013;6307,91
IRF-M;17/04/2013;6315,86
IRF-M;18/04/2013;6341,46
IRF-M;19/04/2013;6343,18
IRF-M;22/04/2013;6352,1
IRF-M;23/04/2013;6355,8
IRF-M;24/04/2013;6353,33
IRF-M;25/04/2013;6347,17
IRF-M;26/04/2013;6357,46
IRF-M;29/04/2013;6361,89
IRF-M;30/04/2013;6365,52
IRF-M;02/05/2013;6378,26
IRF-M;03/05/2013;6372,01
IRF-M;06/05/2013;6377,91
IRF-M;07/05/2013;6382,87
IRF-M;08/05/2013;6384,33
IRF-M;09/05/2013;6375,16
IRF-M;10/05/2013;6361,43
IRF-M;13/05/2013;6365,32
IRF-M;14/05/2013;6354,44
IRF-M;15/05/2013;6354,81
IRF-M;16/05/2013;6359,61
IRF-M;17/05/2013;6357,84
IRF-M;20/05/2013;6350,23
IRF-M;21/05/2013;6353,6
IRF-M;22/05/2013;6348,92
IRF-M;23/05/2013;6347,59
IRF-M;24/05/2013;6345,58
IRF-M;27/05/2013;6345,65
IRF-M;28/05/2013;6336,18
IRF-M;29/05/2013;6349,36
IRF-M;31/05/2013;6310,24
IRF-M;03/06/2013;6310,4
IRF-M;04/06/2013;6317,63
IRF-M;05/06/2013;6314,84
IRF-M;06/06/2013;6303,75
IRF-M;07/06/2013;6302,59
IRF-M;10/06/2013;6276,63
IRF-M;11/06/2013;6270,67
IRF-M;12/06/2013;6245,47
IRF-M;13/06/2013;6274,88
IRF-M;14/06/2013;6269,69
IRF-M;17/06/2013;6249,72
IRF-M;18/06/2013;6216,8
IRF-M;19/06/2013;6185,58
IRF-M;20/06/2013;6169,05
IRF-M;21/06/2013;6178,63
IRF-M;24/06/2013;6227,82
IRF-M;25/06/2013;6252,38
IRF-M;26/06/2013;6254,28
IRF-M;27/06/2013;6268,5
IRF-M;28/06/2013;6248,64
IRF-M;01/07/2013;6252,17
IRF-M;02/07/2013;6278,68
IRF-M;03/07/2013;6275,8
IRF-M;04/07/2013;6260
IRF-M;05/07/2013;6264,07
IRF-M;08/07/2013;6281,01
IRF-M;09/07/2013;6283,37
IRF-M;10/07/2013;6293,49
IRF-M;11/07/2013;6291,97
IRF-M;12/07/2013;6295,79
IRF-M;15/07/2013;6319,37
IRF-M;16/07/2013;6328,48
IRF-M;17/07/2013;6343,81
IRF-M;18/07/2013;6350,4
IRF-M;19/07/2013;6354,63
IRF-M;22/07/2013;6360,18
IRF-M;23/07/2013;6370,99
IRF-M;24/07/2013;6360,65
IRF-M;25/07/2013;6352,61
IRF-M;26/07/2013;6348,68
IRF-M;29/07/2013;6334,78
IRF-M;30/07/2013;6327,48
IRF-M;31/07/2013;6332,06
IRF-M;01/08/2013;6304,36
IRF-M;02/08/2013;6326,01
IRF-M;05/08/2013;6333,11
IRF-M;06/08/2013;6329,02
IRF-M;07/08/2013;6328,44
IRF-M;08/08/2013;6333,5
IRF-M;09/08/2013;6341,53
IRF-M;12/08/2013;6324,09
IRF-M;13/08/2013;6303,61
IRF-M;14/08/2013;6286,06
IRF-M;15/08/2013;6284,43
IRF-M;16/08/2013;6265,2
IRF-M;19/08/2013;6239,4
IRF-M;20/08/2013;6274,59
IRF-M;21/08/2013;6246,1
IRF-M;22/08/2013;6243,43
IRF-M;23/08/2013;6289,49
IRF-M;26/08/2013;6283,73
IRF-M;27/08/2013;6285,93
IRF-M;28/08/2013;6300,26
IRF-M;29/08/2013;6269,86
IRF-M;30/08/2013;6263,06
IRF-M;02/09/2013;6266,97
IRF-M;03/09/2013;6267,3
IRF-M;04/09/2013;6272,06
IRF-M;05/09/2013;6276,09
IRF-M;06/09/2013;6302,99
IRF-M;09/09/2013;6307,19
IRF-M;10/09/2013;6308,01
IRF-M;11/09/2013;6308,77
IRF-M;12/09/2013;6296,27
IRF-M;13/09/2013;6300,64
IRF-M;16/09/2013;6303,89
IRF-M;17/09/2013;6312,22
IRF-M;18/09/2013;6359,39
IRF-M;19/09/2013;6361,55
IRF-M;20/09/2013;6370,86
IRF-M;23/09/2013;6370,08
IRF-M;24/09/2013;6379,9
IRF-M;25/09/2013;6370,21
IRF-M;26/09/2013;6358,46
IRF-M;27/09/2013;6359,94
IRF-M;30/09/2013;6359,75
IRF-M;01/10/2013;6356,25
IRF-M;02/10/2013;6365,97
IRF-M;03/10/2013;6375,93
IRF-M;04/10/2013;6379,1
IRF-M;07/10/2013;6387,15
IRF-M;08/10/2013;6395,05
IRF-M;09/10/2013;6403,95
IRF-M;10/10/2013;6397,68
IRF-M;11/10/2013;6395,34
IRF-M;14/10/2013;6392,48
IRF-M;15/10/2013;6393,36
IRF-M;16/10/2013;6397,05
IRF-M;17/10/2013;6399,69
IRF-M;18/10/2013;6386,73
IRF-M;21/10/2013;6380,06
IRF-M;22/10/2013;6390,02
IRF-M;23/10/2013;6405,58
IRF-M;24/10/2013;6404,53
IRF-M;25/10/2013;6415,7
IRF-M;28/10/2013;6417,2
IRF-M;29/10/2013;6416,77
IRF-M;30/10/2013;6419
IRF-M;31/10/2013;6406,69
IRF-M;01/11/2013;6390,55
IRF-M;04/11/2013;6393,51
IRF-M;05/11/2013;6375,88
IRF-M;06/11/2013;6373,36
IRF-M;07/11/2013;6362,69
IRF-M;08/11/2013;6357,11
IRF-M;11/11/2013;6349,37
IRF-M;12/11/2013;6363,8
IRF-M;13/11/2013;6377,04
IRF-M;14/11/2013;6390,17
IRF-M;18/11/2013;6405,25
IRF-M;19/11/2013;6394,09
IRF-M;20/11/2013;6396,77
IRF-M;21/11/2013;6380,53
IRF-M;22/11/2013;6380,31
IRF-M;25/11/2013;6373,36
IRF-M;26/11/2013;6381,84
IRF-M;27/11/2013;6376,73
IRF-M;28/11/2013;6387,22
IRF-M;29/11/2013;6378,77
IRF-M;02/12/2013;6360,17
IRF-M;03/12/2013;6357,38
IRF-M;04/12/2013;6363,13
IRF-M;05/12/2013;6381,33
IRF-M;06/12/2013;6389,97
IRF-M;09/12/2013;6399,29
IRF-M;10/12/2013;6410,8
IRF-M;11/12/2013;6416,12
IRF-M;12/12/2013;6424,32
IRF-M;13/12/2013;6425,98
IRF-M;16/12/2013;6433,39
IRF-M;17/12/2013;6434,21
IRF-M;18/12/2013;6436,24
IRF-M;19/12/2013;6424,67
IRF-M;20/12/2013;6411,62
IRF-M;23/12/2013;6414,99
IRF-M;24/12/2013;6417,73
IRF-M;26/12/2013;6414,99
IRF-M;27/12/2013;6424,65
IRF-M;30/12/2013;6429,38
IRF-M;31/12/2013;6432,11
IRF-M;02/01/2014;6431,23
IRF-M;03/01/2014;6438,33
IRF-M;06/01/2014;6439,14
IRF-M;07/01/2014;6449,79
IRF-M;08/01/2014;6442,17
IRF-M;09/01/2014;6442,15
IRF-M;10/01/2014;6455,42
IRF-M;13/01/2014;6457,24
IRF-M;14/01/2014;6449,89
IRF-M;15/01/2014;6459,5
IRF-M;16/01/2014;6455,79
IRF-M;17/01/2014;6469,19
IRF-M;20/01/2014;6459,38
IRF-M;21/01/2014;6452,39
IRF-M;22/01/2014;6455,04
IRF-M;23/01/2014;6442,64
IRF-M;24/01/2014;6450,79
IRF-M;27/01/2014;6441,01
IRF-M;28/01/2014;6436,07
IRF-M;29/01/2014;6432,01
IRF-M;30/01/2014;6426,18
IRF-M;31/01/2014;6420,68
IRF-M;03/02/2014;6417,45
IRF-M;04/02/2014;6437,13
IRF-M;05/02/2014;6455,52
IRF-M;06/02/2014;6460,68
IRF-M;07/02/2014;6472,67
IRF-M;10/02/2014;6474,15
IRF-M;11/02/2014;6469,55
IRF-M;12/02/2014;6464,12
IRF-M;13/02/2014;6476,87
IRF-M;14/02/2014;6486,53
IRF-M;17/02/2014;6499,64
IRF-M;18/02/2014;6511,94
IRF-M;19/02/2014;6510,84
IRF-M;20/02/2014;6531,89
IRF-M;21/02/2014;6543,93
IRF-M;24/02/2014;6553,36
IRF-M;25/02/2014;6565,38
IRF-M;26/02/2014;6568,52
IRF-M;27/02/2014;6580,21
IRF-M;28/02/2014;6560,64
IRF-M;05/03/2014;6562,63
IRF-M;06/03/2014;6557,73
IRF-M;07/03/2014;6544,64
IRF-M;10/03/2014;6543,45
IRF-M;11/03/2014;6550,35
IRF-M;12/03/2014;6561,3
IRF-M;13/03/2014;6559,96
IRF-M;14/03/2014;6557,16
IRF-M;17/03/2014;6557,92
IRF-M;18/03/2014;6553,61
IRF-M;19/03/2014;6543,53
IRF-M;20/03/2014;6542,61
IRF-M;21/03/2014;6556,54
IRF-M;24/03/2014;6570,38
IRF-M;25/03/2014;6585,06
IRF-M;26/03/2014;6594,42
IRF-M;27/03/2014;6613,2
IRF-M;28/03/2014;6602,65
IRF-M;31/03/2014;6601,73
IRF-M;01/04/2014;6600,88
IRF-M;02/04/2014;6608,28
IRF-M;03/04/2014;6612,98
IRF-M;04/04/2014;6624,99
IRF-M;07/04/2014;6636,34
IRF-M;08/04/2014;6652,87
IRF-M;09/04/2014;6647,64
IRF-M;10/04/2014;6644,9
IRF-M;11/04/2014;6642,6
IRF-M;14/04/2014;6635,02
IRF-M;15/04/2014;6638,43
IRF-M;16/04/2014;6641,13
IRF-M;17/04/2014;6657,09
IRF-M;22/04/2014;6660,07
IRF-M;23/04/2014;6675,86
IRF-M;24/04/2014;6680,34
IRF-M;25/04/2014;6683,66
IRF-M;28/04/2014;6684,8
IRF-M;29/04/2014;6682,28
IRF-M;30/04/2014;6686,17
IRF-M;02/05/2014;6701,11
IRF-M;05/05/2014;6696,71
IRF-M;06/05/2014;6715,25
IRF-M;07/05/2014;6718,09
IRF-M;08/05/2014;6711,72
IRF-M;09/05/2014;6719,99
IRF-M;12/05/2014;6717,82
IRF-M;13/05/2014;6722,81
IRF-M;14/05/2014;6737,13
IRF-M;15/05/2014;6734,05
IRF-M;16/05/2014;6739,94
IRF-M;19/05/2014;6747,03
IRF-M;20/05/2014;6749,49
IRF-M;21/05/2014;6763,33
IRF-M;22/05/2014;6772,39
IRF-M;23/05/2014;6775,42
IRF-M;26/05/2014;6777,92
IRF-M;27/05/2014;6770,72
IRF-M;28/05/2014;6783,73
IRF-M;29/05/2014;6800,72
IRF-M;30/05/2014;6808,93
IRF-M;02/06/2014;6803,19
IRF-M;03/06/2014;6795,58
IRF-M;04/06/2014;6800,12
IRF-M;05/06/2014;6815,33
IRF-M;06/06/2014;6836,32
IRF-M;09/06/2014;6835,76
IRF-M;10/06/2014;6836,98
IRF-M;11/06/2014;6844,08
IRF-M;12/06/2014;6847
IRF-M;13/06/2014;6863,1
IRF-M;16/06/2014;6852,93
IRF-M;17/06/2014;6847,98
IRF-M;18/06/2014;6863,03
IRF-M;20/06/2014;6860,79
IRF-M;23/06/2014;6865,29
IRF-M;24/06/2014;6873,82
IRF-M;25/06/2014;6881,06
IRF-M;26/06/2014;6882,78
IRF-M;27/06/2014;6872,54
IRF-M;30/06/2014;6871,53
IRF-M;01/07/2014;6888,68
IRF-M;02/07/2014;6884,61
IRF-M;03/07/2014;6892,73
IRF-M;04/07/2014;6896,44
IRF-M;07/07/2014;6901,83
IRF-M;08/07/2014;6904,53
IRF-M;09/07/2014;6907,46
IRF-M;10/07/2014;6903,5
IRF-M;11/07/2014;6904,49
IRF-M;14/07/2014;6916,09
IRF-M;15/07/2014;6919,41
IRF-M;16/07/2014;6929,1
IRF-M;17/07/2014;6936,79
IRF-M;18/07/2014;6953,52
IRF-M;21/07/2014;6966,37
IRF-M;22/07/2014;6980,44
IRF-M;23/07/2014;6972,58
IRF-M;24/07/2014;6961,73
IRF-M;25/07/2014;6969,01
IRF-M;28/07/2014;6967,16
IRF-M;29/07/2014;6962,14
IRF-M;30/07/2014;6953,7
IRF-M;31/07/2014;6949,51
IRF-M;01/08/2014;6935,9
IRF-M;04/08/2014;6945,54
IRF-M;05/08/2014;6923,63
IRF-M;06/08/2014;6942,9
IRF-M;07/08/2014;6937,83
IRF-M;08/08/2014;6953,4
IRF-M;11/08/2014;6963,27
IRF-M;12/08/2014;6968,04
IRF-M;13/08/2014;6957,76
IRF-M;14/08/2014;6968,57
IRF-M;15/08/2014;6992,22
IRF-M;18/08/2014;7006,19
IRF-M;19/08/2014;7009,21
IRF-M;20/08/2014;7005,19
IRF-M;21/08/2014;6993,96
IRF-M;22/08/2014;7012,05
IRF-M;25/08/2014;7022,12
IRF-M;26/08/2014;7030,79
IRF-M;27/08/2014;7045,99
IRF-M;28/08/2014;7052,39
IRF-M;29/08/2014;7060,08
IRF-M;01/09/2014;7070,2
IRF-M;02/09/2014;7086,24
IRF-M;03/09/2014;7078,01
IRF-M;04/09/2014;7069,3
IRF-M;05/09/2014;7074,2
IRF-M;08/09/2014;7057,81
IRF-M;09/09/2014;7041,21
IRF-M;10/09/2014;7042,63
IRF-M;11/09/2014;7060,5
IRF-M;12/09/2014;7027,63
IRF-M;15/09/2014;7040,77
IRF-M;16/09/2014;7057,31
IRF-M;17/09/2014;7059,46
IRF-M;18/09/2014;7047,31
IRF-M;19/09/2014;7047,93
IRF-M;22/09/2014;7025,1
IRF-M;23/09/2014;7030,08
IRF-M;24/09/2014;7048,73
IRF-M;25/09/2014;7036,32
IRF-M;26/09/2014;7046,12
IRF-M;29/09/2014;6990,59
IRF-M;30/09/2014;7007,94
IRF-M;01/10/2014;6997,63
IRF-M;02/10/2014;7004,43
IRF-M;03/10/2014;7035,07
IRF-M;06/10/2014;7070,69
IRF-M;07/10/2014;7095,42
IRF-M;08/10/2014;7099,81
IRF-M;09/10/2014;7103,62
IRF-M;10/10/2014;7092,12
IRF-M;13/10/2014;7123,74
IRF-M;14/10/2014;7124,03
IRF-M;15/10/2014;7105,62
IRF-M;16/10/2014;7087,38
IRF-M;17/10/2014;7110,77
IRF-M;20/10/2014;7092,2
IRF-M;21/10/2014;7078,99
IRF-M;22/10/2014;7080,39
IRF-M;23/10/2014;7061,18
IRF-M;24/10/2014;7086,96
IRF-M;27/10/2014;7078,25
IRF-M;28/10/2014;7104,25
IRF-M;29/10/2014;7090,12
IRF-M;30/10/2014;7080,36
IRF-M;31/10/2014;7087,68
IRF-M;03/11/2014;7077,81
IRF-M;04/11/2014;7064,22
IRF-M;05/11/2014;7076,3
IRF-M;06/11/2014;7053,27
IRF-M;07/11/2014;7051,74
IRF-M;10/11/2014;7059,16
IRF-M;11/11/2014;7047,6
IRF-M;12/11/2014;7042,88
IRF-M;13/11/2014;7034,21
IRF-M;14/11/2014;7046,74
IRF-M;17/11/2014;7047,13
IRF-M;18/11/2014;7060,4
IRF-M;19/11/2014;7078,5
IRF-M;20/11/2014;7081,77
IRF-M;21/11/2014;7132,25
IRF-M;24/11/2014;7143,41
IRF-M;25/11/2014;7151,15
IRF-M;26/11/2014;7165,51
IRF-M;27/11/2014;7171,15
IRF-M;28/11/2014;7169,78
IRF-M;01/12/2014;7157,5
IRF-M;02/12/2014;7149,73
IRF-M;03/12/2014;7149,33
IRF-M;04/12/2014;7157,91
IRF-M;05/12/2014;7161,78
IRF-M;08/12/2014;7154,71
IRF-M;09/12/2014;7155,44
IRF-M;10/12/2014;7150,71
IRF-M;11/12/2014;7134,19
IRF-M;12/12/2014;7137,29
IRF-M;15/12/2014;7126,46
IRF-M;16/12/2014;7106,26
IRF-M;17/12/2014;7111,41
IRF-M;18/12/2014;7124,68
IRF-M;19/12/2014;7129,43
IRF-M;22/12/2014;7145,91
IRF-M;23/12/2014;7145,13
IRF-M;24/12/2014;7148,51
IRF-M;26/12/2014;7151,94
IRF-M;29/12/2014;7147,54
IRF-M;30/12/2014;7162,11
IRF-M;31/12/2014;7165,5
IRF-M;02/01/2015;7173,87
IRF-M;05/01/2015;7181,01
IRF-M;06/01/2015;7203,86
IRF-M;07/01/2015;7202,08
IRF-M;08/01/2015;7205,43
IRF-M;09/01/2015;7228,05
IRF-M;12/01/2015;7217,37
IRF-M;13/01/2015;7234,24
IRF-M;14/01/2015;7239,14
IRF-M;15/01/2015;7250,63
IRF-M;16/01/2015;7268,29
IRF-M;19/01/2015;7255,28
IRF-M;20/01/2015;7282,01
IRF-M;21/01/2015;7289,63
IRF-M;22/01/2015;7284,33
IRF-M;23/01/2015;7301,79
IRF-M;26/01/2015;7302,07
IRF-M;27/01/2015;7306,57
IRF-M;28/01/2015;7304,45
IRF-M;29/01/2015;7306,65
IRF-M;30/01/2015;7293,46
IRF-M;02/02/2015;7274,39
IRF-M;03/02/2015;7291,4
IRF-M;04/02/2015;7283,32
IRF-M;05/02/2015;7276,33
IRF-M;06/02/2015;7269,24
IRF-M;09/02/2015;7254,43
IRF-M;10/02/2015;7246,43
IRF-M;11/02/2015;7221,28
IRF-M;12/02/2015;7249,45
IRF-M;13/02/2015;7250,47
IRF-M;18/02/2015;7242,49
IRF-M;19/02/2015;7239,68
IRF-M;20/02/2015;7230,99
IRF-M;23/02/2015;7248,31
IRF-M;24/02/2015;7271,49
IRF-M;25/02/2015;7271,22
IRF-M;26/02/2015;7279,63
IRF-M;27/02/2015;7314,6
IRF-M;02/03/2015;7299,26
IRF-M;03/03/2015;7301,55
IRF-M;04/03/2015;7287,89
IRF-M;05/03/2015;7272,38
IRF-M;06/03/2015;7253,12
IRF-M;09/03/2015;7209,26
IRF-M;10/03/2015;7234,62
IRF-M;11/03/2015;7237,64
IRF-M;12/03/2015;7218,9
IRF-M;13/03/2015;7220,91
IRF-M;16/03/2015;7223,27
IRF-M;17/03/2015;7259,56
IRF-M;18/03/2015;7283,28
IRF-M;19/03/2015;7249,47
IRF-M;20/03/2015;7266,43
IRF-M;23/03/2015;7282,62
IRF-M;24/03/2015;7287,05
IRF-M;25/03/2015;7294,14
IRF-M;26/03/2015;7287,73
IRF-M;27/03/2015;7284,26
IRF-M;30/03/2015;7294,98
IRF-M;31/03/2015;7312,16
IRF-M;01/04/2015;7337,27
IRF-M;02/04/2015;7339,82
IRF-M;06/04/2015;7349,69
IRF-M;07/04/2015;7358,48
IRF-M;08/04/2015;7384,04
IRF-M;09/04/2015;7373,82
IRF-M;10/04/2015;7390,65
IRF-M;13/04/2015;7383,99
IRF-M;14/04/2015;7404,21
IRF-M;15/04/2015;7409,8
IRF-M;16/04/2015;7400,95
IRF-M;17/04/2015;7391
IRF-M;20/04/2015;7383,61
IRF-M;22/04/2015;7390,89
IRF-M;23/04/2015;7392,61
IRF-M;24/04/2015;7386,39
IRF-M;27/04/2015;7405,81
IRF-M;28/04/2015;7404,69
IRF-M;29/04/2015;7415,06
IRF-M;30/04/2015;7392,04
IRF-M;04/05/2015;7384,1
IRF-M;05/05/2015;7388,67
IRF-M;06/05/2015;7390,2
IRF-M;07/05/2015;7391,07
IRF-M;08/05/2015;7416,68
IRF-M;11/05/2015;7411,33
IRF-M;12/05/2015;7412,91
IRF-M;13/05/2015;7423,05
IRF-M;14/05/2015;7442,38
IRF-M;15/05/2015;7458,66
IRF-M;18/05/2015;7448,12
IRF-M;19/05/2015;7454,63
IRF-M;20/05/2015;7474,68
IRF-M;21/05/2015;7481,21
IRF-M;22/05/2015;7502,18
IRF-M;25/05/2015;7497,74
IRF-M;26/05/2015;7498,92
IRF-M;27/05/2015;7493,44
IRF-M;28/05/2015;7511,88
IRF-M;29/05/2015;7512,51
IRF-M;01/06/2015;7507,49
IRF-M;02/06/2015;7499,62
IRF-M;03/06/2015;7495,15
IRF-M;05/06/2015;7488,83
IRF-M;08/06/2015;7504,46
IRF-M;09/06/2015;7508,89
IRF-M;10/06/2015;7483,56
IRF-M;11/06/2015;7477,52
IRF-M;12/06/2015;7490,29
IRF-M;15/06/2015;7471,92
IRF-M;16/06/2015;7483,47
IRF-M;17/06/2015;7493,53
IRF-M;18/06/2015;7502,37
IRF-M;19/06/2015;7499,06
IRF-M;22/06/2015;7518,09
IRF-M;23/06/2015;7526,37
IRF-M;24/06/2015;7524,24
IRF-M;25/06/2015;7509,73
IRF-M;26/06/2015;7525,11
IRF-M;29/06/2015;7525,39
IRF-M;30/06/2015;7536,69
IRF-M;01/07/2015;7532,07
IRF-M;02/07/2015;7559,29
IRF-M;03/07/2015;7568,49
IRF-M;06/07/2015;7564,46
IRF-M;07/07/2015;7571,25
IRF-M;08/07/2015;7573,93
IRF-M;09/07/2015;7577,74
IRF-M;10/07/2015;7590,09
IRF-M;13/07/2015;7594,77
IRF-M;14/07/2015;7601,2
IRF-M;15/07/2015;7608,22
IRF-M;16/07/2015;7605,45
IRF-M;17/07/2015;7613,42
IRF-M;20/07/2015;7630,68
IRF-M;21/07/2015;7649,74
IRF-M;22/07/2015;7642,81
IRF-M;23/07/2015;7582,16
IRF-M;24/07/2015;7574,04
IRF-M;27/07/2015;7579,07
IRF-M;28/07/2015;7578,07
IRF-M;29/07/2015;7582,07
IRF-M;30/07/2015;7617,86
IRF-M;31/07/2015;7629,6
IRF-M;03/08/2015;7608,13
IRF-M;04/08/2015;7609,55
IRF-M;05/08/2015;7588,92
IRF-M;06/08/2015;7533,9
IRF-M;07/08/2015;7523,83
IRF-M;10/08/2015;7547,67
IRF-M;11/08/2015;7563,14
IRF-M;12/08/2015;7591,25
IRF-M;13/08/2015;7589,27
IRF-M;14/08/2015;7593,29
IRF-M;17/08/2015;7585,99
IRF-M;18/08/2015;7592,84
IRF-M;19/08/2015;7594,86
IRF-M;20/08/2015;7601,82
IRF-M;21/08/2015;7592,25
IRF-M;24/08/2015;7565,16
IRF-M;25/08/2015;7565,22
IRF-M;26/08/2015;7590,99
IRF-M;27/08/2015;7602,56
IRF-M;28/08/2015;7604,66
IRF-M;31/08/2015;7565,07
IRF-M;01/09/2015;7537,34
IRF-M;02/09/2015;7501,64
IRF-M;03/09/2015;7514,79
IRF-M;04/09/2015;7478,97
IRF-M;08/09/2015;7504,65
IRF-M;09/09/2015;7510,65
IRF-M;10/09/2015;7467,82
IRF-M;11/09/2015;7480,15
IRF-M;14/09/2015;7504,98
IRF-M;15/09/2015;7506,91
IRF-M;16/09/2015;7507,44
IRF-M;17/09/2015;7493,07
IRF-M;18/09/2015;7444,4
IRF-M;21/09/2015;7436,82
IRF-M;22/09/2015;7411,76
IRF-M;23/09/2015;7345,01
IRF-M;24/09/2015;7436,77
IRF-M;25/09/2015;7462,22
IRF-M;28/09/2015;7398,66
IRF-M;29/09/2015;7438,99
IRF-M;30/09/2015;7494,05
IRF-M;01/10/2015;7487,37
IRF-M;02/10/2015;7539,41
IRF-M;05/10/2015;7540,38
IRF-M;06/10/2015;7555,46
IRF-M;07/10/2015;7523,92
IRF-M;08/10/2015;7550,29
IRF-M;09/10/2015;7510,06
IRF-M;13/10/2015;7482,56
IRF-M;14/10/2015;7495,63
IRF-M;15/10/2015;7529,62
IRF-M;16/10/2015;7528,32
IRF-M;19/10/2015;7527,09
IRF-M;20/10/2015;7539,77
IRF-M;21/10/2015;7537,06
IRF-M;22/10/2015;7547,42
IRF-M;23/10/2015;7538,9
IRF-M;26/10/2015;7548,59
IRF-M;27/10/2015;7575,56
IRF-M;28/10/2015;7563,74
IRF-M;29/10/2015;7561,48
IRF-M;30/10/2015;7562,96
IRF-M;03/11/2015;7589
IRF-M;04/11/2015;7610,88
IRF-M;05/11/2015;7609,74
IRF-M;06/11/2015;7610,89
IRF-M;09/11/2015;7604,79
IRF-M;10/11/2015;7608,13
IRF-M;11/11/2015;7623,9
IRF-M;12/11/2015;7631,04
IRF-M;13/11/2015;7627,69
IRF-M;16/11/2015;7636,27
IRF-M;17/11/2015;7639,86
IRF-M;18/11/2015;7651,98
IRF-M;19/11/2015;7684,59
IRF-M;20/11/2015;7688,85
IRF-M;23/11/2015;7701,87
IRF-M;24/11/2015;7696,82
IRF-M;25/11/2015;7675
IRF-M;26/11/2015;7661,18
IRF-M;27/11/2015;7635,81
IRF-M;30/11/2015;7632,91
IRF-M;01/12/2015;7652,71
IRF-M;02/12/2015;7671,48
IRF-M;03/12/2015;7667,81
IRF-M;04/12/2015;7675,78
IRF-M;07/12/2015;7672,89
IRF-M;08/12/2015;7677,97
IRF-M;09/12/2015;7691,65
IRF-M;10/12/2015;7668,82
IRF-M;11/12/2015;7664,81
IRF-M;14/12/2015;7658,85
IRF-M;15/12/2015;7664,71
IRF-M;16/12/2015;7650,6
IRF-M;17/12/2015;7675,51
IRF-M;18/12/2015;7664,14
IRF-M;21/12/2015;7641,55
IRF-M;22/12/2015;7649,57
IRF-M;23/12/2015;7664,66
IRF-M;24/12/2015;7669,09
IRF-M;28/12/2015;7673,54
IRF-M;29/12/2015;7673,96
IRF-M;30/12/2015;7671,6
IRF-M;31/12/2015;7676,04
IRF-M;04/01/2016;7687,05
IRF-M;05/01/2016;7730,2
IRF-M;06/01/2016;7751,35
IRF-M;07/01/2016;7739,39
IRF-M;08/01/2016;7740,51
IRF-M;11/01/2016;7741,65
IRF-M;12/01/2016;7749,96
IRF-M;13/01/2016;7758,05
IRF-M;14/01/2016;7749,17
IRF-M;15/01/2016;7742,4
IRF-M;18/01/2016;7752,95
IRF-M;19/01/2016;7748,16
IRF-M;20/01/2016;7743,3
IRF-M;21/01/2016;7765,66
IRF-M;22/01/2016;7784,2
IRF-M;25/01/2016;7788,61
IRF-M;26/01/2016;7823,4
IRF-M;27/01/2016;7825,2
IRF-M;28/01/2016;7864,7
IRF-M;29/01/2016;7890,49
IRF-M;01/02/2016;7929,31
IRF-M;02/02/2016;7906,68
IRF-M;03/02/2016;7915,59
IRF-M;04/02/2016;7901,64
IRF-M;05/02/2016;7905,94
IRF-M;10/02/2016;7920,09
IRF-M;11/02/2016;7903,3
IRF-M;12/02/2016;7916,33
IRF-M;15/02/2016;7927,14
IRF-M;16/02/2016;7937,58
IRF-M;17/02/2016;7966,8
IRF-M;18/02/2016;7960,73
IRF-M;19/02/2016;7984,44
IRF-M;22/02/2016;8013,27
IRF-M;23/02/2016;8003,77
IRF-M;24/02/2016;8016,99
IRF-M;25/02/2016;8001,74
IRF-M;26/02/2016;7994,88
IRF-M;29/02/2016;8011,93
IRF-M;01/03/2016;8042,38
IRF-M;02/03/2016;8058,94
IRF-M;03/03/2016;8088,61
IRF-M;04/03/2016;8128,28
IRF-M;07/03/2016;8106,05
IRF-M;08/03/2016;8135,42
IRF-M;09/03/2016;8172,04
IRF-M;10/03/2016;8192,27
IRF-M;11/03/2016;8216,41
IRF-M;14/03/2016;8215,49
IRF-M;15/03/2016;8179,54
IRF-M;16/03/2016;8189,01
IRF-M;17/03/2016;8248,52
IRF-M;18/03/2016;8257,3
IRF-M;21/03/2016;8273,06
IRF-M;22/03/2016;8306,37
IRF-M;23/03/2016;8281,47
IRF-M;24/03/2016;8259,45
IRF-M;28/03/2016;8302,64
IRF-M;29/03/2016;8329,77
IRF-M;30/03/2016;8317,86
IRF-M;31/03/2016;8286,17
IRF-M;01/04/2016;8315,32
IRF-M;04/04/2016;8285,22
IRF-M;05/04/2016;8292,87
IRF-M;06/04/2016;8279,01
IRF-M;07/04/2016;8276,59
IRF-M;08/04/2016;8333,69
IRF-M;11/04/2016;8365,13
IRF-M;12/04/2016;8381,99
IRF-M;13/04/2016;8432,88
IRF-M;14/04/2016;8448,57
IRF-M;15/04/2016;8460,85
IRF-M;18/04/2016;8491,93
IRF-M;19/04/2016;8489,96
IRF-M;20/04/2016;8496,16
IRF-M;22/04/2016;8496,03
IRF-M;25/04/2016;8518,22
IRF-M;26/04/2016;8518,46
IRF-M;27/04/2016;8550,91
IRF-M;28/04/2016;8532,6
IRF-M;29/04/2016;8572,91
IRF-M;02/05/2016;8575,74
IRF-M;03/05/2016;8570,28
IRF-M;04/05/2016;8553,37
IRF-M;05/05/2016;8568,86
IRF-M;06/05/2016;8567,12
IRF-M;09/05/2016;8553,8
IRF-M;10/05/2016;8594,76
IRF-M;11/05/2016;8619,93
IRF-M;12/05/2016;8638,17
IRF-M;13/05/2016;8633,7
IRF-M;16/05/2016;8625,36
IRF-M;17/05/2016;8611,28
IRF-M;18/05/2016;8580,67
IRF-M;19/05/2016;8601,39
IRF-M;20/05/2016;8626,76
IRF-M;23/05/2016;8596,42
IRF-M;24/05/2016;8599,08
IRF-M;25/05/2016;8587,59
IRF-M;27/05/2016;8571,92
IRF-M;30/05/2016;8602,31
IRF-M;31/05/2016;8595,27
IRF-M;01/06/2016;8611,5
IRF-M;02/06/2016;8635,36
IRF-M;03/06/2016;8673,73
IRF-M;06/06/2016;8693,06
IRF-M;07/06/2016;8687,16
IRF-M;08/06/2016;8705,21
IRF-M;09/06/2016;8700,8
IRF-M;10/06/2016;8673,45
IRF-M;13/06/2016;8676,27
IRF-M;14/06/2016;8673,27
IRF-M;15/06/2016;8670,71
IRF-M;16/06/2016;8670,33
IRF-M;17/06/2016;8685,05
IRF-M;20/06/2016;8692,81
IRF-M;21/06/2016;8718,56
IRF-M;22/06/2016;8720,88
IRF-M;23/06/2016;8737,48
IRF-M;24/06/2016;8740,09
IRF-M;27/06/2016;8772,24
IRF-M;28/06/2016;8788,61
IRF-M;29/06/2016;8771,02
IRF-M;30/06/2016;8778,66
IRF-M;01/07/2016;8785,02
IRF-M;04/07/2016;8801,02
IRF-M;05/07/2016;8785,81
IRF-M;06/07/2016;8776,89
IRF-M;07/07/2016;8787,51
IRF-M;08/07/2016;8824,38
IRF-M;11/07/2016;8835,08
IRF-M;12/07/2016;8826,31
IRF-M;13/07/2016;8840,64
IRF-M;14/07/2016;8850,44
IRF-M;15/07/2016;8856,48
IRF-M;18/07/2016;8864,46
IRF-M;19/07/2016;8862,44
IRF-M;20/07/2016;8879,9
IRF-M;21/07/2016;8868,82
IRF-M;22/07/2016;8860,73
IRF-M;25/07/2016;8859,35
IRF-M;26/07/2016;8869,84
IRF-M;27/07/2016;8874,73
IRF-M;28/07/2016;8875,31
IRF-M;29/07/2016;8894,61
IRF-M;01/08/2016;8908,07
IRF-M;02/08/2016;8895,43
IRF-M;03/08/2016;8895,07
IRF-M;04/08/2016;8915,25
IRF-M;05/08/2016;8934,78
IRF-M;08/08/2016;8926,75
IRF-M;09/08/2016;8947,98
IRF-M;10/08/2016;8949,67
IRF-M;11/08/2016;8950,09
IRF-M;12/08/2016;8953,17
IRF-M;15/08/2016;8962,16
IRF-M;16/08/2016;8966,91
IRF-M;17/08/2016;8966,55
IRF-M;18/08/2016;8960,93
IRF-M;19/08/2016;8976,14
IRF-M;22/08/2016;8973,72
IRF-M;23/08/2016;8971,36
IRF-M;24/08/2016;8970,06
IRF-M;25/08/2016;8973,49
IRF-M;26/08/2016;8950,53
IRF-M;29/08/2016;8967,26
IRF-M;30/08/2016;8962,38
IRF-M;31/08/2016;8981,42
IRF-M;01/09/2016;9004,91
IRF-M;02/09/2016;9021,57
IRF-M;05/09/2016;9018,31
IRF-M;06/09/2016;9030,59
IRF-M;08/09/2016;9032,62
IRF-M;09/09/2016;9003,76
IRF-M;12/09/2016;9022,51
IRF-M;13/09/2016;8989,5
IRF-M;14/09/2016;9000,88
IRF-M;15/09/2016;9019,2
IRF-M;16/09/2016;9031,97
IRF-M;19/09/2016;9036,34
IRF-M;20/09/2016;9044,73
IRF-M;21/09/2016;9076,32
IRF-M;22/09/2016;9109,27
IRF-M;23/09/2016;9116,11
IRF-M;26/09/2016;9115,52
IRF-M;27/09/2016;9141,76
IRF-M;28/09/2016;9153,53
IRF-M;29/09/2016;9146,68
IRF-M;30/09/2016;9157,45
IRF-M;03/10/2016;9188,64
IRF-M;04/10/2016;9172,64
IRF-M;05/10/2016;9202,19
IRF-M;06/10/2016;9209,02
IRF-M;07/10/2016;9225,15
IRF-M;10/10/2016;9234,85
IRF-M;11/10/2016;9231,64
IRF-M;13/10/2016;9236,66
IRF-M;14/10/2016;9238,83
IRF-M;17/10/2016;9246,84
IRF-M;18/10/2016;9259,34
IRF-M;19/10/2016;9283,95
IRF-M;20/10/2016;9286,82
IRF-M;21/10/2016;9267,63
IRF-M;24/10/2016;9287,79
IRF-M;25/10/2016;9278,34
IRF-M;26/10/2016;9264,29
IRF-M;27/10/2016;9256,8
IRF-M;28/10/2016;9261,49
IRF-M;31/10/2016;9268,92
IRF-M;01/11/2016;9253,06
IRF-M;03/11/2016;9250,27
IRF-M;04/11/2016;9269,34
IRF-M;07/11/2016;9292,88
IRF-M;08/11/2016;9308,97
IRF-M;09/11/2016;9274,48
IRF-M;10/11/2016;9213,62
IRF-M;11/11/2016;9205,3
IRF-M;14/11/2016;9146,61
IRF-M;16/11/2016;9206,73
IRF-M;17/11/2016;9197,4
IRF-M;18/11/2016;9203,99
IRF-M;21/11/2016;9255,02
IRF-M;22/11/2016;9263,21
IRF-M;23/11/2016;9266,91
IRF-M;24/11/2016;9265,2
IRF-M;25/11/2016;9242,2
IRF-M;28/11/2016;9267,48
IRF-M;29/11/2016;9281,49
IRF-M;30/11/2016;9298,79
IRF-M;01/12/2016;9228,61
IRF-M;02/12/2016;9226,22
IRF-M;05/12/2016;9281,29
IRF-M;06/12/2016;9281,82
IRF-M;07/12/2016;9301,04
IRF-M;08/12/2016;9333,68
IRF-M;09/12/2016;9333,83
IRF-M;12/12/2016;9337,07
IRF-M;13/12/2016;9334,6
IRF-M;14/12/2016;9342,69
IRF-M;15/12/2016;9335,29
IRF-M;16/12/2016;9352,83
IRF-M;19/12/2016;9367,54
IRF-M;20/12/2016;9383,97
IRF-M;21/12/2016;9420,25
IRF-M;22/12/2016;9435,97
IRF-M;23/12/2016;9442,24
IRF-M;26/12/2016;9452,77
IRF-M;27/12/2016;9457,12
IRF-M;28/12/2016;9459,66
IRF-M;29/12/2016;9465,85
IRF-M;30/12/2016;9470,04
IRF-M;02/01/2017;9501,33
IRF-M;03/01/2017;9504,09
IRF-M;04/01/2017;9484,05
IRF-M;05/01/2017;9507,61
IRF-M;06/01/2017;9507,5
IRF-M;09/01/2017;9522,09
IRF-M;10/01/2017;9545,83
IRF-M;11/01/2017;9544,52
IRF-M;12/01/2017;9616,06
IRF-M;13/01/2017;9610,76
IRF-M;16/01/2017;9623,54
IRF-M;17/01/2017;9630,65
IRF-M;18/01/2017;9624,94
IRF-M;19/01/2017;9646,78
IRF-M;20/01/2017;9664,75
IRF-M;23/01/2017;9672,7
IRF-M;24/01/2017;9676,74
IRF-M;25/01/2017;9680,7
IRF-M;26/01/2017;9668,05
IRF-M;27/01/2017;9688,41
IRF-M;30/01/2017;9680,99
IRF-M;31/01/2017;9686,35
IRF-M;01/02/2017;9695,06
IRF-M;02/02/2017;9715,02
IRF-M;03/02/2017;9744,39
IRF-M;06/02/2017;9753,12
IRF-M;07/02/2017;9771,02
IRF-M;08/02/2017;9789,51
IRF-M;09/02/2017;9793,65
IRF-M;10/02/2017;9807,53
IRF-M;13/02/2017;9812,48
IRF-M;14/02/2017;9813,91
IRF-M;15/02/2017;9824,82
IRF-M;16/02/2017;9808,42
IRF-M;17/02/2017;9825,54
IRF-M;20/02/2017;9833,95
IRF-M;21/02/2017;9849,99
IRF-M;22/02/2017;9857,33
IRF-M;23/02/2017;9892,16
IRF-M;24/02/2017;9881,38
IRF-M;01/03/2017;9897,9
IRF-M;02/03/2017;9882,15
IRF-M;03/03/2017;9911,92
IRF-M;06/03/2017;9923,64
IRF-M;07/03/2017;9920,91
IRF-M;08/03/2017;9906,28
IRF-M;09/03/2017;9895,78
IRF-M;10/03/2017;9943,88
IRF-M;13/03/2017;9955,82
IRF-M;14/03/2017;9932,76
IRF-M;15/03/2017;9962,77
IRF-M;16/03/2017;9958,67
IRF-M;17/03/2017;9965,84
IRF-M;20/03/2017;9967,31
IRF-M;21/03/2017;9984,33
IRF-M;22/03/2017;9975,3
IRF-M;23/03/2017;9976,88
IRF-M;24/03/2017;10010,03
IRF-M;27/03/2017;10019,69
IRF-M;28/03/2017;10009,75
IRF-M;29/03/2017;10021,78
IRF-M;30/03/2017;10024,71
IRF-M;31/03/2017;10030,01
IRF-M;03/04/2017;10043,5
IRF-M;04/04/2017;10058,97
IRF-M;05/04/2017;10055,52
IRF-M;06/04/2017;10027,09
IRF-M;07/04/2017;10044,31
IRF-M;10/04/2017;10075,89
IRF-M;11/04/2017;10074,67
IRF-M;12/04/2017;10066,72
IRF-M;13/04/2017;10056,91
IRF-M;17/04/2017;10068,84
IRF-M;18/04/2017;10083,04
IRF-M;19/04/2017;10077,26
IRF-M;20/04/2017;10078,76
IRF-M;24/04/2017;10090,28
IRF-M;25/04/2017;10063,99
IRF-M;26/04/2017;10065,67
IRF-M;27/04/2017;10065,59
IRF-M;28/04/2017;10083,64
IRF-M;02/05/2017;10104,09
IRF-M;03/05/2017;10102,07
IRF-M;04/05/2017;10096,21
IRF-M;05/05/2017;10115,31
IRF-M;08/05/2017;10119,25
IRF-M;09/05/2017;10134
IRF-M;10/05/2017;10150,54
IRF-M;11/05/2017;10171,17
IRF-M;12/05/2017;10185,02
IRF-M;15/05/2017;10203,39
IRF-M;16/05/2017;10225,54
IRF-M;17/05/2017;10215,77
IRF-M;18/05/2017;9859,83
IRF-M;19/05/2017;9928,37
IRF-M;22/05/2017;9870,22
IRF-M;23/05/2017;9955,7
IRF-M;24/05/2017;10033,6
IRF-M;25/05/2017;10033,96
IRF-M;26/05/2017;10071,69
IRF-M;29/05/2017;10099,97
IRF-M;30/05/2017;10089,14
IRF-M;31/05/2017;10114,09
IRF-M;01/06/2017;10087,76
IRF-M;02/06/2017;10078,72
IRF-M;05/06/2017;10073,7
IRF-M;06/06/2017;10105,31
IRF-M;07/06/2017;10107,4
IRF-M;08/06/2017;10110,21
IRF-M;09/06/2017;10144,6
IRF-M;12/06/2017;10156,59
IRF-M;13/06/2017;10150,16
IRF-M;14/06/2017;10170,99
IRF-M;16/06/2017;10205,84
IRF-M;19/06/2017;10232,28
IRF-M;20/06/2017;10207,09
IRF-M;21/06/2017;10208,61
IRF-M;22/06/2017;10206,4
IRF-M;23/06/2017;10207,87
IRF-M;26/06/2017;10219,07
IRF-M;27/06/2017;10205,97
IRF-M;28/06/2017;10232,63
IRF-M;29/06/2017;10228,35
IRF-M;30/06/2017;10250,79
IRF-M;03/07/2017;10277,82
IRF-M;04/07/2017;10271,26
IRF-M;05/07/2017;10280,04
IRF-M;06/07/2017;10289,72
IRF-M;07/07/2017;10278,41
IRF-M;10/07/2017;10294,45
IRF-M;11/07/2017;10301,97
IRF-M;12/07/2017;10342,65
IRF-M;13/07/2017;10338,71
IRF-M;14/07/2017;10365
IRF-M;17/07/2017;10380,08
IRF-M;18/07/2017;10395,06
IRF-M;19/07/2017;10418,89
IRF-M;20/07/2017;10428,85
IRF-M;21/07/2017;10431,04
IRF-M;24/07/2017;10432,66
IRF-M;25/07/2017;10428,74
IRF-M;26/07/2017;10433,71
IRF-M;27/07/2017;10473,55
IRF-M;28/07/2017;10479,05
IRF-M;31/07/2017;10487,25
IRF-M;01/08/2017;10493,66
IRF-M;02/08/2017;10509,9
IRF-M;03/08/2017;10530,58
IRF-M;04/08/2017;10532,49
IRF-M;07/08/2017;10523,07
IRF-M;08/08/2017;10520,64
IRF-M;09/08/2017;10506,27
IRF-M;10/08/2017;10492,7
IRF-M;11/08/2017;10504,96
IRF-M;14/08/2017;10507,89
IRF-M;15/08/2017;10512,9
IRF-M;16/08/2017;10518,95
IRF-M;17/08/2017;10491,18
IRF-M;18/08/2017;10518,01
IRF-M;21/08/2017;10505,02
IRF-M;22/08/2017;10513,76
IRF-M;23/08/2017;10537,37
IRF-M;24/08/2017;10556,05
IRF-M;25/08/2017;10561,09
IRF-M;28/08/2017;10565,27
IRF-M;29/08/2017;10571,25
IRF-M;30/08/2017;10579,25
IRF-M;31/08/2017;10598,13
IRF-M;01/09/2017;10594,36
IRF-M;04/09/2017;10600,96
IRF-M;05/09/2017;10624,75
IRF-M;06/09/2017;10657,41
IRF-M;08/09/2017;10671,23
IRF-M;11/09/2017;10655,74
IRF-M;12/09/2017;10653,13
IRF-M;13/09/2017;10659,12
IRF-M;14/09/2017;10682,19
IRF-M;15/09/2017;10679,46
IRF-M;18/09/2017;10690,62
IRF-M;19/09/2017;10707,39
IRF-M;20/09/2017;10721,16
IRF-M;21/09/2017;10745,31
IRF-M;22/09/2017;10746,73
IRF-M;25/09/2017;10726,75
IRF-M;26/09/2017;10743,57
IRF-M;27/09/2017;10729,52
IRF-M;28/09/2017;10740,36
IRF-M;29/09/2017;10754,87
IRF-M;02/10/2017;10758,75
IRF-M;03/10/2017;10744,6
IRF-M;04/10/2017;10744,89
IRF-M;05/10/2017;10720,51
IRF-M;06/10/2017;10748,39
IRF-M;09/10/2017;10737,16
IRF-M;10/10/2017;10752,26
IRF-M;11/10/2017;10753,46
IRF-M;13/10/2017;10759,34
IRF-M;16/10/2017;10751,11
IRF-M;17/10/2017;10770,38
IRF-M;18/10/2017;10777,39
IRF-M;19/10/2017;10796,98
IRF-M;20/10/2017;10795,84
IRF-M;23/10/2017;10790,16
IRF-M;24/10/2017;10788,67
IRF-M;25/10/2017;10802,64
IRF-M;26/10/2017;10761,45
IRF-M;27/10/2017;10772,6
IRF-M;30/10/2017;10762,16
IRF-M;31/10/2017;10765,89
IRF-M;01/11/2017;10751,72
IRF-M;03/11/2017;10723,04
IRF-M;06/11/2017;10753,11
IRF-M;07/11/2017;10745,53
IRF-M;08/11/2017;10760,94
IRF-M;09/11/2017;10761,75
IRF-M;10/11/2017;10738,35
IRF-M;13/11/2017;10731,41
IRF-M;14/11/2017;10715,4
IRF-M;16/11/2017;10743,2
IRF-M;17/11/2017;10766,89
IRF-M;20/11/2017;10770,33
IRF-M;21/11/2017;10787,98
IRF-M;22/11/2017;10789,54
IRF-M;23/11/2017;10805,21
IRF-M;24/11/2017;10795,54
IRF-M;27/11/2017;10798,65
IRF-M;28/11/2017;10811,55
IRF-M;29/11/2017;10786,16
IRF-M;30/11/2017;10775,18
IRF-M;01/12/2017;10787,85
IRF-M;04/12/2017;10812,06
IRF-M;05/12/2017;10828,4
IRF-M;06/12/2017;10834,9
IRF-M;07/12/2017;10821,51
IRF-M;08/12/2017;10835,65
IRF-M;11/12/2017;10836,35
IRF-M;12/12/2017;10825,32
IRF-M;13/12/2017;10841,17
IRF-M;14/12/2017;10832,96
IRF-M;15/12/2017;10838,26
IRF-M;18/12/2017;10832,22
IRF-M;19/12/2017;10820,75
IRF-M;20/12/2017;10848,36
IRF-M;21/12/2017;10860,38
IRF-M;22/12/2017;10865,52
IRF-M;26/12/2017;10885,43
IRF-M;27/12/2017;10889,6
IRF-M;28/12/2017;10905,94
IRF-M;29/12/2017;10909,32
IRF-M;02/01/2018;10949,46
IRF-M;03/01/2018;10960,71
IRF-M;04/01/2018;10964,21
IRF-M;05/01/2018;10956,23
IRF-M;08/01/2018;10966,83
IRF-M;09/01/2018;10963,47
IRF-M;10/01/2018;10969,94
IRF-M;11/01/2018;10981,8
IRF-M;12/01/2018;10990,99
IRF-M;15/01/2018;10996,47
IRF-M;16/01/2018;10994,49
IRF-M;17/01/2018;10996,27
IRF-M;18/01/2018;10996,3
IRF-M;19/01/2018;10999,46
IRF-M;22/01/2018;10997,57
IRF-M;23/01/2018;10988,29
IRF-M;24/01/2018;11024,96
IRF-M;25/01/2018;11028,34
IRF-M;26/01/2018;11054,32
IRF-M;29/01/2018;11047,44
IRF-M;30/01/2018;11046,49
IRF-M;31/01/2018;11050,98
IRF-M;01/02/2018;11059,41
IRF-M;02/02/2018;11037,68
IRF-M;05/02/2018;11032,17
IRF-M;06/02/2018;11047,26
IRF-M;07/02/2018;11054,92
IRF-M;08/02/2018;11058,46
IRF-M;09/02/2018;11047,66
IRF-M;14/02/2018;11075,81
IRF-M;15/02/2018;11083,77
IRF-M;16/02/2018;11105,6
IRF-M;19/02/2018;11107,48
IRF-M;20/02/2018;11120,25
IRF-M;21/02/2018;11127,76
IRF-M;22/02/2018;11128,7
IRF-M;23/02/2018;11140,65
IRF-M;26/02/2018;11158,76
IRF-M;27/02/2018;11158,15
IRF-M;28/02/2018;11172,8
IRF-M;01/03/2018;11176,34
IRF-M;02/03/2018;11195,66
IRF-M;05/03/2018;11214,84
IRF-M;06/03/2018;11220,78
IRF-M;07/03/2018;11220,68
IRF-M;08/03/2018;11223,4
IRF-M;09/03/2018;11225,56
IRF-M;12/03/2018;11230,95
IRF-M;13/03/2018;11246,23
IRF-M;14/03/2018;11243,74
IRF-M;15/03/2018;11242,25
IRF-M;16/03/2018;11253,24
IRF-M;19/03/2018;11253,04
IRF-M;20/03/2018;11243,57
IRF-M;21/03/2018;11259,18
IRF-M;22/03/2018;11295,27
IRF-M;23/03/2018;11287,82
IRF-M;26/03/2018;11311,92
IRF-M;27/03/2018;11310,39
IRF-M;28/03/2018;11309,31
IRF-M;29/03/2018;11320,66
IRF-M;02/04/2018;11313,7
IRF-M;03/04/2018;11303,73
IRF-M;04/04/2018;11294,72
IRF-M;05/04/2018;11319,68
IRF-M;06/04/2018;11305,71
IRF-M;09/04/2018;11301,49
IRF-M;10/04/2018;11303,56
IRF-M;11/04/2018;11317,6
IRF-M;12/04/2018;11332,1
IRF-M;13/04/2018;11326,61
IRF-M;16/04/2018;11338,63
IRF-M;17/04/2018;11348,52
IRF-M;18/04/2018;11367,47
IRF-M;19/04/2018;11362,66
IRF-M;20/04/2018;11370,14
IRF-M;23/04/2018;11352,36
IRF-M;24/04/2018;11350,96
IRF-M;25/04/2018;11349,44
IRF-M;26/04/2018;11364,8
IRF-M;27/04/2018;11382,67
IRF-M;30/04/2018;11373,44
IRF-M;02/05/2018;11367,5
IRF-M;03/05/2018;11366,73
IRF-M;04/05/2018;11367,66
IRF-M;07/05/2018;11349,84
IRF-M;08/05/2018;11321,17
IRF-M;09/05/2018;11291,87
IRF-M;10/05/2018;11340,5
IRF-M;11/05/2018;11324,88
IRF-M;14/05/2018;11305,22
IRF-M;15/05/2018;11302,52
IRF-M;16/05/2018;11312,03
IRF-M;17/05/2018;11274,84
IRF-M;18/05/2018;11220,03
IRF-M;21/05/2018;11237,58
IRF-M;22/05/2018;11253,79
IRF-M;23/05/2018;11266,46
IRF-M;24/05/2018;11236,43
IRF-M;25/05/2018;11209,08
IRF-M;28/05/2018;11196,09
IRF-M;29/05/2018;11157,68
IRF-M;30/05/2018;11162,65
IRF-M;01/06/2018;11181,7
IRF-M;04/06/2018;11187,25
IRF-M;05/06/2018;11112,61
IRF-M;06/06/2018;11089,42
IRF-M;07/06/2018;11015,82
IRF-M;08/06/2018;11069,66
IRF-M;11/06/2018;11067,25
IRF-M;12/06/2018;11065,67
IRF-M;13/06/2018;11032,51
IRF-M;14/06/2018;10954
IRF-M;15/06/2018;11008,67
IRF-M;18/06/2018;11030,8
IRF-M;19/06/2018;11087,56
IRF-M;20/06/2018;11077,74
IRF-M;21/06/2018;11060,19
IRF-M;22/06/2018;11060,17
IRF-M;25/06/2018;11092,94
IRF-M;26/06/2018;11129,09
IRF-M;27/06/2018;11107,8
IRF-M;28/06/2018;11147,88
IRF-M;29/06/2018;11167,59
IRF-M;02/07/2018;11194,36
IRF-M;03/07/2018;11182,01
IRF-M;04/07/2018;11194,58
IRF-M;05/07/2018;11174,95
IRF-M;06/07/2018;11215,39
IRF-M;09/07/2018;11219,11
IRF-M;10/07/2018;11255,72
IRF-M;11/07/2018;11236,96
IRF-M;12/07/2018;11206,8
IRF-M;13/07/2018;11230,94
IRF-M;16/07/2018;11232,12
IRF-M;17/07/2018;11253,18
IRF-M;18/07/2018;11250,7
IRF-M;19/07/2018;11260,25
IRF-M;20/07/2018;11300,75
IRF-M;23/07/2018;11294,14
IRF-M;24/07/2018;11307,82
IRF-M;25/07/2018;11335,2
IRF-M;26/07/2018;11330,07
IRF-M;27/07/2018;11337,6
IRF-M;30/07/2018;11337,8
IRF-M;31/07/2018;11332,24
IRF-M;01/08/2018;11333,93
IRF-M;02/08/2018;11330,26
IRF-M;03/08/2018;11355,76
IRF-M;06/08/2018;11361,84
IRF-M;07/08/2018;11331,56
IRF-M;08/08/2018;11324,67
IRF-M;09/08/2018;11301,37
IRF-M;10/08/2018;11231,19
IRF-M;13/08/2018;11228,08
IRF-M;14/08/2018;11297,22
IRF-M;15/08/2018;11300,69
IRF-M;16/08/2018;11292,69
IRF-M;17/08/2018;11286,77
IRF-M;20/08/2018;11266,57
IRF-M;21/08/2018;11202,73
IRF-M;22/08/2018;11236,37
IRF-M;23/08/2018;11210,89
IRF-M;24/08/2018;11234,81
IRF-M;27/08/2018;11253,79
IRF-M;28/08/2018;11239,36
IRF-M;29/08/2018;11248,86
IRF-M;30/08/2018;11189,15
IRF-M;31/08/2018;11226,83
IRF-M;03/09/2018;11197,04
IRF-M;04/09/2018;11174,56
IRF-M;05/09/2018;11179,43
IRF-M;06/09/2018;11217,47
IRF-M;10/09/2018;11237,76
IRF-M;11/09/2018;11227,09
IRF-M;12/09/2018;11247,59
IRF-M;13/09/2018;11215,84
IRF-M;14/09/2018;11240,09
IRF-M;17/09/2018;11269,65
IRF-M;18/09/2018;11286,16
IRF-M;19/09/2018;11297,5
IRF-M;20/09/2018;11313,31
IRF-M;21/09/2018;11350,6
IRF-M;24/09/2018;11342,11
IRF-M;25/09/2018;11346,03
IRF-M;26/09/2018;11375,13
IRF-M;27/09/2018;11396,01
IRF-M;28/09/2018;11372,3
IRF-M;01/10/2018;11397,13
IRF-M;02/10/2018;11432,68
IRF-M;03/10/2018;11452,17
IRF-M;04/10/2018;11467,87
IRF-M;05/10/2018;11452,37
IRF-M;08/10/2018;11568,5
IRF-M;09/10/2018;11617,52
IRF-M;10/10/2018;11598,2
IRF-M;11/10/2018;11591,04
IRF-M;15/10/2018;11643,1
IRF-M;16/10/2018;11680,74
IRF-M;17/10/2018;11709,04
IRF-M;18/10/2018;11684,14
IRF-M;19/10/2018;11683,86
IRF-M;22/10/2018;11728,32
IRF-M;23/10/2018;11732,4
IRF-M;24/10/2018;11712,67
IRF-M;25/10/2018;11705,03
IRF-M;26/10/2018;11750,58
IRF-M;29/10/2018;11760,8
IRF-M;30/10/2018;11785,08
IRF-M;31/10/2018;11781,06
IRF-M;01/11/2018;11793,88
IRF-M;05/11/2018;11799,07
IRF-M;06/11/2018;11792,91
IRF-M;07/11/2018;11791,33
IRF-M;08/11/2018;11771,64
IRF-M;09/11/2018;11775,62
IRF-M;12/11/2018;11779,61
IRF-M;13/11/2018;11777,31
IRF-M;14/11/2018;11802,7
IRF-M;16/11/2018;11851,77
IRF-M;19/11/2018;11843,38
IRF-M;20/11/2018;11846,92
IRF-M;21/11/2018;11867,92
IRF-M;22/11/2018;11873,99
IRF-M;23/11/2018;11896,39
IRF-M;26/11/2018;11859,09
IRF-M;27/11/2018;11857,85
IRF-M;28/11/2018;11882,31
IRF-M;29/11/2018;11885,28
IRF-M;30/11/2018;11897,63
IRF-M;03/12/2018;11900,34
IRF-M;04/12/2018;11877,48
IRF-M;05/12/2018;11887,08
IRF-M;06/12/2018;11904,71
IRF-M;07/12/2018;11916,66
IRF-M;10/12/2018;11905,61
IRF-M;11/12/2018;11910,52
IRF-M;12/12/2018;11936,46
IRF-M;13/12/2018;11977,16
IRF-M;14/12/2018;12002,15
IRF-M;17/12/2018;12008,28
IRF-M;18/12/2018;11998,48
IRF-M;19/12/2018;12021,78
IRF-M;20/12/2018;12043,24
IRF-M;21/12/2018;12052,73
IRF-M;24/12/2018;12056,15
IRF-M;26/12/2018;12056,03
IRF-M;27/12/2018;12070,64
IRF-M;28/12/2018;12076,71
IRF-M;31/12/2018;12080,13
IRF-M;02/01/2019;12115,34
IRF-M;03/01/2019;12116,55
IRF-M;04/01/2019;12119,46
IRF-M;07/01/2019;12102,54
IRF-M;08/01/2019;12114,93
IRF-M;09/01/2019;12124,46
IRF-M;10/01/2019;12109,95
IRF-M;11/01/2019;12114,58
IRF-M;14/01/2019;12130,27
IRF-M;15/01/2019;12116,59
IRF-M;16/01/2019;12119,56
IRF-M;17/01/2019;12131,46
IRF-M;18/01/2019;12145,93
IRF-M;21/01/2019;12153,92
IRF-M;22/01/2019;12177,01
IRF-M;23/01/2019;12194,98
IRF-M;24/01/2019;12182,53
IRF-M;25/01/2019;12185,94
IRF-M;28/01/2019;12187,92
IRF-M;29/01/2019;12213,21
IRF-M;30/01/2019;12200,34
IRF-M;31/01/2019;12247,74
IRF-M;01/02/2019;12267,69
IRF-M;04/02/2019;12265,82
IRF-M;05/02/2019;12262,86
IRF-M;06/02/2019;12252,6
IRF-M;07/02/2019;12234,48
IRF-M;08/02/2019;12213,3
IRF-M;11/02/2019;12220,48
IRF-M;12/02/2019;12244,17
IRF-M;13/02/2019;12263,89
IRF-M;14/02/2019;12280,98
IRF-M;15/02/2019;12304,73
IRF-M;18/02/2019;12285,63
IRF-M;19/02/2019;12302,12
IRF-M;20/02/2019;12277,39
IRF-M;21/02/2019;12280,24
IRF-M;22/02/2019;12289,6
IRF-M;25/02/2019;12283,97
IRF-M;26/02/2019;12280,02
IRF-M;27/02/2019;12293,13
IRF-M;28/02/2019;12283,65
IRF-M;01/03/2019;12278,54
IRF-M;06/03/2019;12272,27
IRF-M;07/03/2019;12276,86
IRF-M;08/03/2019;12294,8
IRF-M;11/03/2019;12323,11
IRF-M;12/03/2019;12338,16
IRF-M;13/03/2019;12365,32
IRF-M;14/03/2019;12348,79
IRF-M;15/03/2019;12355,14
IRF-M;18/03/2019;12368,89
IRF-M;19/03/2019;12379,2
IRF-M;20/03/2019;12402,77
IRF-M;21/03/2019;12393,65
IRF-M;22/03/2019;12331,24
IRF-M;25/03/2019;12355,52
IRF-M;26/03/2019;12344,97
IRF-M;27/03/2019;12306,66
IRF-M;28/03/2019;12358,5
IRF-M;29/03/2019;12355,76
IRF-M;01/04/2019;12382,91
IRF-M;02/04/2019;12387
IRF-M;03/04/2019;12372,61
IRF-M;04/04/2019;12383,91
IRF-M;05/04/2019;12391,54
IRF-M;08/04/2019;12384,57
IRF-M;09/04/2019;12378,42
IRF-M;10/04/2019;12400,82
IRF-M;11/04/2019;12391,06
IRF-M;12/04/2019;12384,5
IRF-M;15/04/2019;12403,55
IRF-M;16/04/2019;12403,57
IRF-M;17/04/2019;12393,01
IRF-M;18/04/2019;12416,33
IRF-M;22/04/2019;12423,25
IRF-M;23/04/2019;12445,34
IRF-M;24/04/2019;12427,23
IRF-M;25/04/2019;12425,38
IRF-M;26/04/2019;12426,03
IRF-M;29/04/2019;12422,75
IRF-M;30/04/2019;12430,62
IRF-M;02/05/2019;12431,84
IRF-M;03/05/2019;12455,09
IRF-M;06/05/2019;12461,67
IRF-M;07/05/2019;12462,21
IRF-M;08/05/2019;12481,52
IRF-M;09/05/2019;12495,91
IRF-M;10/05/2019;12511,22
IRF-M;13/05/2019;12501,68
IRF-M;14/05/2019;12518,05
IRF-M;15/05/2019;12516,62
IRF-M;16/05/2019;12496,3
IRF-M;17/05/2019;12462,52
IRF-M;20/05/2019;12489,79
IRF-M;21/05/2019;12524,84
IRF-M;22/05/2019;12532,38
IRF-M;23/05/2019;12544,36
IRF-M;24/05/2019;12549,6
IRF-M;27/05/2019;12563,76
IRF-M;28/05/2019;12602,12
IRF-M;29/05/2019;12624,92
IRF-M;30/05/2019;12635,37
IRF-M;31/05/2019;12650,56
IRF-M;03/06/2019;12683,75
IRF-M;04/06/2019;12714,1
IRF-M;05/06/2019;12683,67
IRF-M;06/06/2019;12717,09
IRF-M;07/06/2019;12743,3
IRF-M;10/06/2019;12753,81
IRF-M;11/06/2019;12782,38
IRF-M;12/06/2019;12777,2
IRF-M;13/06/2019;12803,29
IRF-M;14/06/2019;12815,35
IRF-M;17/06/2019;12807,72
IRF-M;18/06/2019;12819,49
IRF-M;19/06/2019;12833,29
IRF-M;21/06/2019;12889,32
IRF-M;24/06/2019;12889,81
IRF-M;25/06/2019;12876,38
IRF-M;26/06/2019;12887,7
IRF-M;27/06/2019;12893,49
IRF-M;28/06/2019;12923,4
IRF-M;01/07/2019;12943,73
IRF-M;02/07/2019;12936,57
IRF-M;03/07/2019;12955,22
IRF-M;04/07/2019;12970,7
IRF-M;05/07/2019;12971,03
IRF-M;08/07/2019;12994,18
IRF-M;09/07/2019;12997,24
IRF-M;10/07/2019;13018,12
IRF-M;11/07/2019;13024,64
IRF-M;12/07/2019;13019,51
IRF-M;15/07/2019;13027,24
IRF-M;16/07/2019;13017,13
IRF-M;17/07/2019;13020,51
IRF-M;18/07/2019;13031,53
IRF-M;19/07/2019;13031,04
IRF-M;22/07/2019;13037,33
IRF-M;23/07/2019;13057,82
IRF-M;24/07/2019;13068,18
IRF-M;25/07/2019;13055,01
IRF-M;26/07/2019;13064,32
IRF-M;29/07/2019;13070,92
IRF-M;30/07/2019;13076,82
IRF-M;31/07/2019;13063,88
IRF-M;01/08/2019;13072,82
IRF-M;02/08/2019;13074,04
IRF-M;05/08/2019;13038,64
IRF-M;06/08/2019;13068,57
IRF-M;07/08/2019;13086,86
IRF-M;08/08/2019;13099,25
IRF-M;09/08/2019;13101,59
IRF-M;12/08/2019;13097,9
IRF-M;13/08/2019;13106,01
IRF-M;14/08/2019;13087,66
IRF-M;15/08/2019;13091,45
IRF-M;16/08/2019;13112,69
IRF-M;19/08/2019;13101,62
IRF-M;20/08/2019;13101,6
IRF-M;21/08/2019;13128,57
IRF-M;22/08/2019;13125,27
IRF-M;23/08/2019;13115,19
IRF-M;26/08/2019;13091,97
IRF-M;27/08/2019;13076,84
IRF-M;28/08/2019;13055,46
IRF-M;29/08/2019;13066,64
IRF-M;30/08/2019;13097,81
IRF-M;02/09/2019;13087,04
IRF-M;03/09/2019;13111,41
IRF-M;04/09/2019;13137,45
IRF-M;05/09/2019;13143,9
IRF-M;06/09/2019;13145,06
IRF-M;09/09/2019;13154,58
IRF-M;10/09/2019;13151,39
IRF-M;11/09/2019;13154,6
IRF-M;12/09/2019;13169,44
IRF-M;13/09/2019;13149,95
IRF-M;16/09/2019;13179,54
IRF-M;17/09/2019;13208,8
IRF-M;18/09/2019;13211,67
IRF-M;19/09/2019;13235,37
IRF-M;20/09/2019;13262,36
IRF-M;23/09/2019;13252,96
IRF-M;24/09/2019;13246,97
IRF-M;25/09/2019;13261,56
IRF-M;26/09/2019;13273,18
IRF-M;27/09/2019;13281,81
IRF-M;30/09/2019;13286,44
IRF-M;01/10/2019;13293,91
IRF-M;02/10/2019;13292,58
IRF-M;03/10/2019;13309,61
IRF-M;04/10/2019;13317,9
IRF-M;07/10/2019;13308,78
IRF-M;08/10/2019;13323,6
IRF-M;09/10/2019;13360,71
IRF-M;10/10/2019;13377,27
IRF-M;11/10/2019;13423,17
IRF-M;14/10/2019;13434,22
IRF-M;15/10/2019;13416,85
IRF-M;16/10/2019;13450,42
IRF-M;17/10/2019;13477,05
IRF-M;18/10/2019;13479,46
IRF-M;21/10/2019;13483,88
IRF-M;22/10/2019;13460,68
IRF-M;23/10/2019;13480,27
IRF-M;24/10/2019;13476,52
IRF-M;25/10/2019;13498,96
IRF-M;28/10/2019;13512,03
IRF-M;29/10/2019;13513,17
IRF-M;30/10/2019;13520,36
IRF-M;31/10/2019;13511,85
IRF-M;01/11/2019;13526,27
IRF-M;04/11/2019;13520,69
IRF-M;05/11/2019;13515,8
IRF-M;06/11/2019;13494,24
IRF-M;07/11/2019;13478,99
IRF-M;08/11/2019;13472,78
IRF-M;11/11/2019;13489,19
IRF-M;12/11/2019;13460,67
IRF-M;13/11/2019;13460,82
IRF-M;14/11/2019;13460,89
IRF-M;18/11/2019;13451,43
IRF-M;19/11/2019;13452,14
IRF-M;20/11/2019;13454,89
IRF-M;21/11/2019;13429,81
IRF-M;22/11/2019;13446,92
IRF-M;25/11/2019;13434,62
IRF-M;26/11/2019;13422,1
IRF-M;27/11/2019;13422,1
IRF-M;28/11/2019;13444,34
IRF-M;29/11/2019;13449,71
IRF-M;02/12/2019;13438,97
IRF-M;03/12/2019;13458,85
IRF-M;04/12/2019;13478,58
IRF-M;05/12/2019;13472,93
IRF-M;06/12/2019;13501,67
IRF-M;09/12/2019;13503,63
IRF-M;10/12/2019;13504,12
IRF-M;11/12/2019;13506,5
IRF-M;12/12/2019;13513,85
IRF-M;13/12/2019;13517,47
IRF-M;16/12/2019;13497,65
IRF-M;17/12/2019;13465,52
IRF-M;18/12/2019;13480,24
IRF-M;19/12/2019;13448,76
IRF-M;20/12/2019;13468,45
IRF-M;23/12/2019;13484,88
IRF-M;24/12/2019;13487,66
IRF-M;26/12/2019;13506,74
IRF-M;27/12/2019;13511,81
IRF-M;30/12/2019;13530,64
IRF-M;31/12/2019;13533,39
IRF-M;02/01/2020;13545,67
IRF-M;03/01/2020;13544,17
IRF-M;06/01/2020;13537,1
IRF-M;07/01/2020;13547,13
IRF-M;08/01/2020;13562,57
IRF-M;09/01/2020;13574,88
IRF-M;10/01/2020;13574,19
IRF-M;13/01/2020;13561,87
IRF-M;14/01/2020;13582,41
IRF-M;15/01/2020;13604,53
IRF-M;16/01/2020;13578,6
IRF-M;17/01/2020;13593,33
IRF-M;20/01/2020;13593,31
IRF-M;21/01/2020;13609,01
IRF-M;22/01/2020;13626,03
IRF-M;23/01/2020;13622,81
IRF-M;24/01/2020;13630
IRF-M;27/01/2020;13643,16
IRF-M;28/01/2020;13652,33
IRF-M;29/01/2020;13656,05
IRF-M;30/01/2020;13653,07
IRF-M;31/01/2020;13652,09
IRF-M;03/02/2020;13672,37
IRF-M;04/02/2020;13681,37
IRF-M;05/02/2020;13698,47
IRF-M;06/02/2020;13675,36
IRF-M;07/02/2020;13669,38
IRF-M;10/02/2020;13685,61
IRF-M;11/02/2020;13708,21
IRF-M;12/02/2020;13721,38
IRF-M;13/02/2020;13712,4
IRF-M;14/02/2020;13745,61
IRF-M;17/02/2020;13744,32
IRF-M;18/02/2020;13743,46
IRF-M;19/02/2020;13756,91
IRF-M;20/02/2020;13752,1
IRF-M;21/02/2020;13741,06
IRF-M;26/02/2020;13712,63
IRF-M;27/02/2020;13736,52
IRF-M;28/02/2020;13740,91
IRF-M;02/03/2020;13806,04
IRF-M;03/03/2020;13826,96
IRF-M;04/03/2020;13841,41
IRF-M;05/03/2020;13790,66
IRF-M;06/03/2020;13792,34
IRF-M;09/03/2020;13713,85
IRF-M;10/03/2020;13749,72
IRF-M;11/03/2020;13580,37
IRF-M;12/03/2020;13278,18
IRF-M;13/03/2020;13531,87
IRF-M;16/03/2020;13585,95
IRF-M;17/03/2020;13697,46
IRF-M;18/03/2020;13357,56
IRF-M;19/03/2020;13354,29
IRF-M;20/03/2020;13328,14
IRF-M;23/03/2020;13252,11
IRF-M;24/03/2020;13362,49
IRF-M;25/03/2020;13556,9
IRF-M;26/03/2020;13643,94
IRF-M;27/03/2020;13658,5
IRF-M;30/03/2020;13705,95
IRF-M;31/03/2020;13726,24
IRF-M;01/04/2020;13685,93
IRF-M;02/04/2020;13698,61
IRF-M;03/04/2020;13654,82
IRF-M;06/04/2020;13677,1
IRF-M;07/04/2020;13708,73
IRF-M;08/04/2020;13743,32
IRF-M;09/04/2020;13791,92
IRF-M;13/04/2020;13817,47
IRF-M;14/04/2020;13856,01
IRF-M;15/04/2020;13882,36
IRF-M;16/04/2020;13920,24
IRF-M;17/04/2020;13931,99
IRF-M;20/04/2020;13981,77
IRF-M;22/04/2020;14015,63
IRF-M;23/04/2020;13927,95
IRF-M;24/04/2020;13631,86
IRF-M;27/04/2020;13628,95
IRF-M;28/04/2020;13843,52
IRF-M;29/04/2020;13881,09
IRF-M;30/04/2020;13883,98
IRF-M;04/05/2020;13863,22
IRF-M;05/05/2020;13895,27
IRF-M;06/05/2020;13915,32
IRF-M;07/05/2020;13911,05
IRF-M;08/05/2020;13948,93
IRF-M;11/05/2020;13941,82
IRF-M;12/05/2020;13872,8
IRF-M;13/05/2020;13835,14
IRF-M;14/05/2020;13858,77
IRF-M;15/05/2020;13886,68
IRF-M;18/05/2020;13922,85
IRF-M;19/05/2020;13938,72
IRF-M;20/05/2020;13939,77
IRF-M;21/05/2020;13971,92
IRF-M;22/05/2020;13961,89
IRF-M;25/05/2020;14045,37
IRF-M;26/05/2020;14053,09
IRF-M;27/05/2020;14062,35
IRF-M;28/05/2020;14062,2
IRF-M;29/05/2020;14080,91
IRF-M;01/06/2020;14084,6
IRF-M;02/06/2020;14128,13
IRF-M;03/06/2020;14151,91
IRF-M;04/06/2020;14139,11
IRF-M;05/06/2020;14119,88
IRF-M;08/06/2020;14123,83
IRF-M;09/06/2020;14123,48
IRF-M;10/06/2020;14151,88
IRF-M;12/06/2020;14150,52
IRF-M;15/06/2020;14149,43
IRF-M;16/06/2020;14134,7
IRF-M;17/06/2020;14160,26
IRF-M;18/06/2020;14125,73
IRF-M;19/06/2020;14143,88
IRF-M;22/06/2020;14126,46
IRF-M;23/06/2020;14146,99
IRF-M;24/06/2020;14120,67
IRF-M;25/06/2020;14162,29
IRF-M;26/06/2020;14151,51
IRF-M;29/06/2020;14169,87
IRF-M;30/06/2020;14191,54
IRF-M;01/07/2020;14210,39
IRF-M;02/07/2020;14203,21
IRF-M;03/07/2020;14228,03
IRF-M;06/07/2020;14234,44
IRF-M;07/07/2020;14207,55
IRF-M;08/07/2020;14193,1
IRF-M;09/07/2020;14200,5
IRF-M;10/07/2020;14225,98
IRF-M;13/07/2020;14219,9
IRF-M;14/07/2020;14222,13
IRF-M;15/07/2020;14215,14
IRF-M;16/07/2020;14219,2
IRF-M;17/07/2020;14252,44
IRF-M;20/07/2020;14253,93
IRF-M;21/07/2020;14239,42
IRF-M;22/07/2020;14228,54
IRF-M;23/07/2020;14219,95
IRF-M;24/07/2020;14266,14
IRF-M;27/07/2020;14289,38
IRF-M;28/07/2020;14286,94
IRF-M;29/07/2020;14285,71
IRF-M;30/07/2020;14336,26
IRF-M;31/07/2020;14345,35
IRF-M;03/08/2020;14347,59
IRF-M;04/08/2020;14321,29
IRF-M;05/08/2020;14301,23
IRF-M;06/08/2020;14342,84
IRF-M;07/08/2020;14312,3
IRF-M;10/08/2020;14295,86
IRF-M;11/08/2020;14283,88
IRF-M;12/08/2020;14242,84
IRF-M;13/08/2020;14216,52
IRF-M;14/08/2020;14219,96
IRF-M;17/08/2020;14194,11
IRF-M;18/08/2020;14261,49
IRF-M;19/08/2020;14226,56
IRF-M;20/08/2020;14236,53
IRF-M;21/08/2020;14246,05
IRF-M;24/08/2020;14266,35
IRF-M;25/08/2020;14257,75
IRF-M;26/08/2020;14211,1
IRF-M;27/08/2020;14209,36
IRF-M;28/08/2020;14248,91
IRF-M;31/08/2020;14237,75
IRF-M;01/09/2020;14264,57
IRF-M;02/09/2020;14253,05
IRF-M;03/09/2020;14269,12
IRF-M;04/09/2020;14289,37
IRF-M;08/09/2020;14254,59
IRF-M;09/09/2020;14268,38
IRF-M;10/09/2020;14227,03
IRF-M;11/09/2020;14224,34
IRF-M;14/09/2020;14242,35
IRF-M;15/09/2020;14221,47
IRF-M;16/09/2020;14202,26
IRF-M;17/09/2020;14232,47
IRF-M;18/09/2020;14170,84
IRF-M;21/09/2020;14162,46
IRF-M;22/09/2020;14189,67
IRF-M;23/09/2020;14162,26
IRF-M;24/09/2020;14215,47
IRF-M;25/09/2020;14215,61
IRF-M;28/09/2020;14133,2
IRF-M;29/09/2020;14122,41
IRF-M;30/09/2020;14157,97
IRF-M;01/10/2020;14145,26
IRF-M;02/10/2020;14094,76
IRF-M;05/10/2020;14139,19
IRF-M;06/10/2020;14098
IRF-M;07/10/2020;14098,72
IRF-M;08/10/2020;14119,51
IRF-M;09/10/2020;14122,51
IRF-M;13/10/2020;14150,51
IRF-M;14/10/2020;14159,74
IRF-M;15/10/2020;14122,85
IRF-M;16/10/2020;14109,1
IRF-M;19/10/2020;14147,76
IRF-M;20/10/2020;14184,09
IRF-M;21/10/2020;14175,31
IRF-M;22/10/2020;14160,98
IRF-M;23/10/2020;14120,26
IRF-M;26/10/2020;14131,97
IRF-M;27/10/2020;14123,55
IRF-M;28/10/2020;14115,78
IRF-M;29/10/2020;14125,91
IRF-M;30/10/2020;14111,51
IRF-M;03/11/2020;14084,3
IRF-M;04/11/2020;14116,96
IRF-M;05/11/2020;14136,84
IRF-M;06/11/2020;14172,24
IRF-M;09/11/2020;14200,28
IRF-M;10/11/2020;14189,13
IRF-M;11/11/2020;14146,99
IRF-M;12/11/2020;14135,91
IRF-M;13/11/2020;14152,3
IRF-M;16/11/2020;14160,01
IRF-M;17/11/2020;14171,45
IRF-M;18/11/2020;14141,66
IRF-M;19/11/2020;14142,86
IRF-M;20/11/2020;14113,18
IRF-M;23/11/2020;14092,74
IRF-M;24/11/2020;14106,33
IRF-M;25/11/2020;14123,32
IRF-M;26/11/2020;14149,66
IRF-M;27/11/2020;14173,71
IRF-M;30/11/2020;14162,59
IRF-M;01/12/2020;14211,96
IRF-M;02/12/2020;14247,26
IRF-M;03/12/2020;14305,85
IRF-M;04/12/2020;14303,45
IRF-M;07/12/2020;14311,38
IRF-M;08/12/2020;14315,98
IRF-M;09/12/2020;14309
IRF-M;10/12/2020;14322,52
IRF-M;11/12/2020;14352,24
IRF-M;14/12/2020;14343,14
IRF-M;15/12/2020;14370,1
IRF-M;16/12/2020;14353,76
IRF-M;17/12/2020;14353,28
IRF-M;18/12/2020;14358,76
IRF-M;21/12/2020;14362,21
IRF-M;22/12/2020;14382,54
IRF-M;23/12/2020;14405,92
IRF-M;24/12/2020;14408,08
IRF-M;28/12/2020;14395,11
IRF-M;29/12/2020;14427,07
IRF-M;30/12/2020;14437,26
IRF-M;31/12/2020;14439,4
IRF-M;04/01/2021;14443,84
IRF-M;05/01/2021;14420,08
IRF-M;06/01/2021;14385,41
IRF-M;07/01/2021;14329,92
IRF-M;08/01/2021;14314,82
IRF-M;11/01/2021;14264,25
IRF-M;12/01/2021;14293,58
IRF-M;13/01/2021;14247,73
IRF-M;14/01/2021;14277,88
IRF-M;15/01/2021;14274,02
IRF-M;18/01/2021;14286,72
IRF-M;19/01/2021;14282,83
IRF-M;20/01/2021;14283,73
IRF-M;21/01/2021;14248,77
IRF-M;22/01/2021;14219,94
IRF-M;25/01/2021;14222,45
IRF-M;26/01/2021;14257,03
IRF-M;27/01/2021;14266,15
IRF-M;28/01/2021;14292,72
IRF-M;29/01/2021;14323,52
IRF-M;01/02/2021;14320,13
IRF-M;02/02/2021;14341,11
IRF-M;03/02/2021;14345,64
IRF-M;04/02/2021;14321,63
IRF-M;05/02/2021;14314,78
IRF-M;08/02/2021;14310,08
IRF-M;09/02/2021;14297,06
IRF-M;10/02/2021;14312,46
IRF-M;11/02/2021;14310,87
IRF-M;12/02/2021;14293,31
IRF-M;17/02/2021;14270,71
IRF-M;18/02/2021;14276,4
IRF-M;19/02/2021;14255,78
IRF-M;22/02/2021;14214,73
IRF-M;23/02/2021;14239,97
IRF-M;24/02/2021;14202,26
IRF-M;25/02/2021;14169,52
IRF-M;26/02/2021;14154,66
IRF-M;01/03/2021;14124,84
IRF-M;02/03/2021;14102,3
IRF-M;03/03/2021;14066,38
IRF-M;04/03/2021;14163,12
IRF-M;05/03/2021;14213,39
IRF-M;08/03/2021;14149,12
IRF-M;09/03/2021;14123,97
IRF-M;10/03/2021;14118,41
IRF-M;11/03/2021;14129,32
IRF-M;12/03/2021;14105,12
IRF-M;15/03/2021;14105,89
IRF-M;16/03/2021;14121,09
IRF-M;17/03/2021;14121,55
IRF-M;18/03/2021;14115,42
IRF-M;19/03/2021;14083,4
IRF-M;22/03/2021;14059,31
IRF-M;23/03/2021;14025,3
IRF-M;24/03/2021;13989,89
IRF-M;25/03/2021;14010,75
IRF-M;26/03/2021;14009,26
IRF-M;29/03/2021;13985,3
IRF-M;30/03/2021;14028,22
IRF-M;31/03/2021;14035,33
IRF-M;01/04/2021;14018,85
IRF-M;05/04/2021;14026,05
IRF-M;06/04/2021;14010,3
IRF-M;07/04/2021;13978,68
IRF-M;08/04/2021;14041,05
IRF-M;09/04/2021;14007,62
IRF-M;12/04/2021;14012,72
IRF-M;13/04/2021;13984,52
IRF-M;14/04/2021;14012,14
IRF-M;15/04/2021;14042,98
IRF-M;16/04/2021;14092,01
IRF-M;19/04/2021;14117,48
IRF-M;20/04/2021;14087,47
IRF-M;22/04/2021;14136,56
IRF-M;23/04/2021;14157,14
IRF-M;26/04/2021;14163,26
IRF-M;27/04/2021;14150,75
IRF-M;28/04/2021;14161,83
IRF-M;29/04/2021;14169,24
IRF-M;30/04/2021;14153,35
IRF-M;03/05/2021;14128,28
IRF-M;04/05/2021;14094,89
IRF-M;05/05/2021;14115,7
IRF-M;06/05/2021;14103,31
IRF-M;07/05/2021;14102,55
IRF-M;10/05/2021;14093,37
IRF-M;11/05/2021;14121,45
IRF-M;12/05/2021;14074,52
IRF-M;13/05/2021;14086,03
IRF-M;14/05/2021;14079
IRF-M;17/05/2021;14096,69
IRF-M;18/05/2021;14080,58
IRF-M;19/05/2021;14071,93
IRF-M;20/05/2021;14096,84
IRF-M;21/05/2021;14108,17
IRF-M;24/05/2021;14095,24
IRF-M;25/05/2021;14121,45
IRF-M;26/05/2021;14144,22
IRF-M;27/05/2021;14178,15
IRF-M;28/05/2021;14195,65
IRF-M;31/05/2021;14181,55
IRF-M;01/06/2021;14177,72
IRF-M;02/06/2021;14200,96
IRF-M;04/06/2021;14226,28
IRF-M;07/06/2021;14208,62
IRF-M;08/06/2021;14215,2
IRF-M;09/06/2021;14202,11
IRF-M;10/06/2021;14180,75
IRF-M;11/06/2021;14166,21
IRF-M;14/06/2021;14175,03
IRF-M;15/06/2021;14185,85
IRF-M;16/06/2021;14182,62
IRF-M;17/06/2021;14156,45
IRF-M;18/06/2021;14119,5
IRF-M;21/06/2021;14157,81
IRF-M;22/06/2021;14142,99
IRF-M;23/06/2021;14146,01
IRF-M;24/06/2021;14174,44
IRF-M;25/06/2021;14178,75
IRF-M;28/06/2021;14217,47
IRF-M;29/06/2021;14231,03
IRF-M;30/06/2021;14211,94
IRF-M;01/07/2021;14194,81
IRF-M;02/07/2021;14204,97
IRF-M;05/07/2021;14188,75
IRF-M;06/07/2021;14165,98
IRF-M;07/07/2021;14189,81
IRF-M;08/07/2021;14181,01
IRF-M;09/07/2021;14184,94
IRF-M;12/07/2021;14175,24
IRF-M;13/07/2021;14161,22
IRF-M;14/07/2021;14204,59
IRF-M;15/07/2021;14202,98
IRF-M;16/07/2021;14224,51
IRF-M;19/07/2021;14233,23
IRF-M;20/07/2021;14253,9
IRF-M;21/07/2021;14253,27
IRF-M;22/07/2021;14254,46
IRF-M;23/07/2021;14204,76
IRF-M;26/07/2021;14201,09
IRF-M;27/07/2021;14189,09
IRF-M;28/07/2021;14186,55
IRF-M;29/07/2021;14209,22
IRF-M;30/07/2021;14144,57
IRF-M;02/08/2021;14138,93
IRF-M;03/08/2021;14134,96
IRF-M;04/08/2021;14141,23
IRF-M;05/08/2021;14078,63
IRF-M;06/08/2021;14085,82
IRF-M;09/08/2021;14070,52
IRF-M;10/08/2021;14097,36
IRF-M;11/08/2021;14092,43
IRF-M;12/08/2021;14065,88
IRF-M;13/08/2021;14037,18
IRF-M;16/08/2021;14012,32
IRF-M;17/08/2021;14012,7
IRF-M;18/08/2021;13966,16
IRF-M;19/08/2021;13988,86
IRF-M;20/08/2021;14028,31
IRF-M;23/08/2021;13999,21
IRF-M;24/08/2021;14033,91
IRF-M;25/08/2021;14065,49
IRF-M;26/08/2021;14068,05
IRF-M;27/08/2021;14086,18
IRF-M;30/08/2021;14094,27
IRF-M;31/08/2021;14060,2
IRF-M;01/09/2021;14060
IRF-M;02/09/2021;14022,24
IRF-M;03/09/2021;14016,46
IRF-M;06/09/2021;14027,83
IRF-M;08/09/2021;13984,53
IRF-M;09/09/2021;13932,79
IRF-M;10/09/2021;13958,94
IRF-M;13/09/2021;13974,77
IRF-M;14/09/2021;14006,99
IRF-M;15/09/2021;13994,73
IRF-M;16/09/2021;13995,83
IRF-M;17/09/2021;13987,78
IRF-M;20/09/2021;14006,65
IRF-M;21/09/2021;14060,89
IRF-M;22/09/2021;14075,56
IRF-M;23/09/2021;14050,53
IRF-M;24/09/2021;14038,55
IRF-M;27/09/2021;14023,94
IRF-M;28/09/2021;14007,16
IRF-M;29/09/2021;14026,05
IRF-M;30/09/2021;14013,89
IRF-M;01/10/2021;14042,72
IRF-M;04/10/2021;14032,44
IRF-M;05/10/2021;14027,08
IRF-M;06/10/2021;14070,04
IRF-M;07/10/2021;14045,87
IRF-M;08/10/2021;14099,36
IRF-M;11/10/2021;14086,7
IRF-M;13/10/2021;14102,06
IRF-M;14/10/2021;14092,04
IRF-M;15/10/2021;14066,75
IRF-M;18/10/2021;14053,92
IRF-M;19/10/2021;13933,49
IRF-M;20/10/2021;13928,39
IRF-M;21/10/2021;13808,54
IRF-M;22/10/2021;13783,21
IRF-M;25/10/2021;13759,35
IRF-M;26/10/2021;13702,22
IRF-M;27/10/2021;13725,96
IRF-M;28/10/2021;13585,68
IRF-M;29/10/2021;13645,65
IRF-M;01/11/2021;13603,06
IRF-M;03/11/2021;13694
IRF-M;04/11/2021;13677,79
IRF-M;05/11/2021;13700,95
IRF-M;08/11/2021;13698,99
IRF-M;09/11/2021;13752,61
IRF-M;10/11/2021;13757,45
IRF-M;11/11/2021;13782,14
IRF-M;12/11/2021;13791,35
IRF-M;16/11/2021;13779,35
IRF-M;17/11/2021;13758,39
IRF-M;18/11/2021;13744,88
IRF-M;19/11/2021;13777,46
IRF-M;22/11/2021;13733,22
IRF-M;23/11/2021;13783,94
IRF-M;24/11/2021;13803,94
IRF-M;25/11/2021;13802,51
IRF-M;26/11/2021;13840,84
IRF-M;29/11/2021;13862,83
IRF-M;30/11/2021;13889,82
IRF-M;01/12/2021;13895,82
IRF-M;02/12/2021;13943,54
IRF-M;03/12/2021;14019,64
IRF-M;06/12/2021;14021,89
IRF-M;07/12/2021;14031,48
IRF-M;08/12/2021;14073,19
IRF-M;09/12/2021;14067,6
IRF-M;10/12/2021;14127,03
IRF-M;13/12/2021;14107,45
IRF-M;14/12/2021;14128,93
IRF-M;15/12/2021;14118,47
IRF-M;16/12/2021;14100,71
IRF-M;17/12/2021;14079,48
IRF-M;20/12/2021;14135,97
IRF-M;21/12/2021;14167,93
IRF-M;22/12/2021;14167,55
IRF-M;23/12/2021;14137,64
IRF-M;24/12/2021;14143,45
IRF-M;27/12/2021;14144,73
IRF-M;28/12/2021;14150,73
IRF-M;29/12/2021;14131,72
IRF-M;30/12/2021;14145,87
IRF-M;31/12/2021;14151,73
IRF-M;03/01/2022;14123,65
IRF-M;04/01/2022;14058,82
IRF-M;05/01/2022;14046
IRF-M;06/01/2022;14055,46
IRF-M;07/01/2022;14044,96
IRF-M;10/01/2022;14031,03
IRF-M;11/01/2022;14031,31
IRF-M;12/01/2022;14093,98
IRF-M;13/01/2022;14101,9
IRF-M;14/01/2022;14105,16
IRF-M;17/01/2022;14064,41
IRF-M;18/01/2022;14060,36
IRF-M;19/01/2022;14106,42
IRF-M;20/01/2022;14148,95
IRF-M;21/01/2022;14130,42
IRF-M;24/01/2022;14154,79
IRF-M;25/01/2022;14167,45
IRF-M;26/01/2022;14169,88
IRF-M;27/01/2022;14117,76
IRF-M;28/01/2022;14121,68
IRF-M;31/01/2022;14140,38
IRF-M;01/02/2022;14176,11
IRF-M;02/02/2022;14207,34
IRF-M;03/02/2022;14236,33
IRF-M;04/02/2022;14196,53
IRF-M;07/02/2022;14223,46
IRF-M;08/02/2022;14194,45
IRF-M;09/02/2022;14188,97
IRF-M;10/02/2022;14170,6
IRF-M;11/02/2022;14154,12
IRF-M;14/02/2022;14154,9
IRF-M;15/02/2022;14190,23
IRF-M;16/02/2022;14195,55
IRF-M;17/02/2022;14184,28
IRF-M;18/02/2022;14197,26
IRF-M;21/02/2022;14217,28
IRF-M;22/02/2022;14212,49
IRF-M;23/02/2022;14240,55
IRF-M;24/02/2022;14223,23
IRF-M;25/02/2022;14223
IRF-M;02/03/2022;14202,77
IRF-M;03/03/2022;14174,38
IRF-M;04/03/2022;14136,55
IRF-M;07/03/2022;14084,81
IRF-M;08/03/2022;14070,69
IRF-M;09/03/2022;14123,4
IRF-M;10/03/2022;14099,51
IRF-M;11/03/2022;14080,39
IRF-M;14/03/2022;14033,19
IRF-M;15/03/2022;14087,38
IRF-M;16/03/2022;14089,72
IRF-M;17/03/2022;14130,22
IRF-M;18/03/2022;14176,91
IRF-M;21/03/2022;14163,98
IRF-M;22/03/2022;14187,44
IRF-M;23/03/2022;14191,61
IRF-M;24/03/2022;14259,97
IRF-M;25/03/2022;14305,74
IRF-M;28/03/2022;14326,24
IRF-M;29/03/2022;14341,72
IRF-M;30/03/2022;14316,07
IRF-M;31/03/2022;14343,11
IRF-M;01/04/2022;14397,4
IRF-M;04/04/2022;14419,43
IRF-M;05/04/2022;14379,46
IRF-M;06/04/2022;14357,7
IRF-M;07/04/2022;14341,68
IRF-M;08/04/2022;14292,33
IRF-M;11/04/2022;14261,34
IRF-M;12/04/2022;14258
IRF-M;13/04/2022;14264,62
IRF-M;14/04/2022;14245,58
IRF-M;18/04/2022;14272,58
IRF-M;19/04/2022;14275,87
IRF-M;20/04/2022;14282,28
IRF-M;22/04/2022;14267,95
IRF-M;25/04/2022;14306,75
IRF-M;26/04/2022;14281,77
IRF-M;27/04/2022;14312,47
IRF-M;28/04/2022;14317,91
IRF-M;29/04/2022;14325,53
IRF-M;02/05/2022;14305,22
IRF-M;03/05/2022;14309,04
IRF-M;04/05/2022;14337,56
IRF-M;05/05/2022;14284,35
IRF-M;06/05/2022;14250,9
IRF-M;09/05/2022;14278,12
IRF-M;10/05/2022;14306,4
IRF-M;11/05/2022;14284,68
IRF-M;12/05/2022;14275,18
IRF-M;13/05/2022;14281,74
IRF-M;16/05/2022;14316,63
IRF-M;17/05/2022;14331,26
IRF-M;18/05/2022;14341,5
IRF-M;19/05/2022;14377,7
IRF-M;20/05/2022;14405,24
IRF-M;23/05/2022;14422,96
IRF-M;24/05/2022;14381,51
IRF-M;25/05/2022;14378,85
IRF-M;26/05/2022;14419,13
IRF-M;27/05/2022;14423,86
IRF-M;30/05/2022;14378,28
IRF-M;31/05/2022;14408,84
IRF-M;01/06/2022;14392,64
IRF-M;02/06/2022;14383,61
IRF-M;03/06/2022;14399,98
IRF-M;06/06/2022;14398,59
IRF-M;07/06/2022;14372,34
IRF-M;08/06/2022;14379,5
IRF-M;09/06/2022;14420,1
IRF-M;10/06/2022;14425,59
IRF-M;13/06/2022;14380,59
IRF-M;14/06/2022;14325,22
IRF-M;15/06/2022;14391,74
IRF-M;17/06/2022;14439,23
IRF-M;20/06/2022;14455,19
IRF-M;21/06/2022;14459,65
IRF-M;22/06/2022;14491,49
IRF-M;23/06/2022;14512,47
IRF-M;24/06/2022;14467,46
IRF-M;27/06/2022;14465,96
IRF-M;28/06/2022;14414,63
IRF-M;29/06/2022;14425,86
IRF-M;30/06/2022;14461,87
IRF-M;01/07/2022;14483,49
IRF-M;04/07/2022;14470,18
IRF-M;05/07/2022;14455,44
IRF-M;06/07/2022;14454,92
IRF-M;07/07/2022;14478,62
IRF-M;08/07/2022;14459,95
IRF-M;11/07/2022;14415,58
IRF-M;12/07/2022;14459,44
IRF-M;13/07/2022;14460,52
IRF-M;14/07/2022;14448,34
IRF-M;15/07/2022;14472,76
IRF-M;18/07/2022;14431,7
IRF-M;19/07/2022;14417,18
IRF-M;20/07/2022;14444,91
IRF-M;21/07/2022;14429,84
IRF-M;22/07/2022;14474,04
IRF-M;25/07/2022;14499,97
IRF-M;26/07/2022;14504,16
IRF-M;27/07/2022;14536,64
IRF-M;28/07/2022;14585,86
IRF-M;29/07/2022;14627,67
IRF-M;01/08/2022;14658,34
IRF-M;02/08/2022;14639,71
IRF-M;03/08/2022;14670,29
IRF-M;04/08/2022;14749,22
IRF-M;05/08/2022;14768,32
IRF-M;08/08/2022;14830,98
IRF-M;09/08/2022;14819,74
IRF-M;10/08/2022;14833,43
IRF-M;11/08/2022;14830,43
IRF-M;12/08/2022;14872,14
IRF-M;15/08/2022;14908,79
IRF-M;16/08/2022;14913,5
IRF-M;17/08/2022;14887,23
IRF-M;18/08/2022;14869,97
IRF-M;19/08/2022;14848,56
IRF-M;22/08/2022;14855,81
IRF-M;23/08/2022;14900,54
IRF-M;24/08/2022;14893,13
IRF-M;25/08/2022;14866,96
IRF-M;26/08/2022;14897,53
IRF-M;29/08/2022;14884,45
IRF-M;30/08/2022;14898,41
IRF-M;31/08/2022;14928,17
IRF-M;01/09/2022;14971,5
IRF-M;02/09/2022;14992,17
IRF-M;05/09/2022;15005,2
IRF-M;06/09/2022;14968,11
IRF-M;08/09/2022;15010,97
IRF-M;09/09/2022;15044,96
IRF-M;12/09/2022;15040,64
IRF-M;13/09/2022;15005,47
IRF-M;14/09/2022;15004,85
IRF-M;15/09/2022;14982,28
IRF-M;16/09/2022;14999,03
IRF-M;19/09/2022;15023,7
IRF-M;20/09/2022;15032,7
IRF-M;21/09/2022;15080,82
IRF-M;22/09/2022;15135,49
IRF-M;23/09/2022;15111,12
IRF-M;26/09/2022;15069,51
IRF-M;27/09/2022;15114,1
IRF-M;28/09/2022;15087,31
IRF-M;29/09/2022;15101,71
IRF-M;30/09/2022;15136,49
IRF-M;03/10/2022;15179,44
IRF-M;04/10/2022;15193,8
IRF-M;05/10/2022;15188,32
IRF-M;06/10/2022;15188,16
IRF-M;07/10/2022;15193
IRF-M;10/10/2022;15211,07
IRF-M;11/10/2022;15183,06
IRF-M;13/10/2022;15182,57
IRF-M;14/10/2022;15173,88
IRF-M;17/10/2022;15207,82
IRF-M;18/10/2022;15222,72
IRF-M;19/10/2022;15213,76
IRF-M;20/10/2022;15215,56
IRF-M;21/10/2022;15230,36
IRF-M;24/10/2022;15205,99
IRF-M;25/10/2022;15211,03
IRF-M;26/10/2022;15199,01
IRF-M;27/10/2022;15230,43
IRF-M;28/10/2022;15241
IRF-M;31/10/2022;15276,81
IRF-M;01/11/2022;15288,47
IRF-M;03/11/2022;15280,08
IRF-M;04/11/2022;15298,95
IRF-M;07/11/2022;15259,83
IRF-M;08/11/2022;15245,04
IRF-M;09/11/2022;15246,43
IRF-M;10/11/2022;15045,4
IRF-M;11/11/2022;15005,09
IRF-M;14/11/2022;15084,5
IRF-M;16/11/2022;15024,78
IRF-M;17/11/2022;14993,85
IRF-M;18/11/2022;14966,28
IRF-M;21/11/2022;15008,76
IRF-M;22/11/2022;14980,01
IRF-M;23/11/2022;14927,18
IRF-M;24/11/2022;15002,61
IRF-M;25/11/2022;14968,85
IRF-M;28/11/2022;15017,1
IRF-M;29/11/2022;15129,68
IRF-M;30/11/2022;15176,45
IRF-M;01/12/2022;15164,22
IRF-M;02/12/2022;15223,24
IRF-M;05/12/2022;15186,69
IRF-M;06/12/2022;15178,14
IRF-M;07/12/2022;15210,52
IRF-M;08/12/2022;15207,64
IRF-M;09/12/2022;15209,97
IRF-M;12/12/2022;15162,3
IRF-M;13/12/2022;15125,73
IRF-M;14/12/2022;15095,48
IRF-M;15/12/2022;15153,53
IRF-M;16/12/2022;15127,15
IRF-M;19/12/2022;15143,34
IRF-M;20/12/2022;15218,25
IRF-M;21/12/2022;15243,45
IRF-M;22/12/2022;15278,37
IRF-M;23/12/2022;15318,69
IRF-M;26/12/2022;15309,14
IRF-M;27/12/2022;15315,39
IRF-M;28/12/2022;15370,8
IRF-M;29/12/2022;15392,98
IRF-M;30/12/2022;15400,58
IRF-M;02/01/2023;15356,49
IRF-M;03/01/2023;15305,81
IRF-M;04/01/2023;15276,41
IRF-M;05/01/2023;15335,99
IRF-M;06/01/2023;15395,1
IRF-M;09/01/2023;15426,01
IRF-M;10/01/2023;15465,07
IRF-M;11/01/2023;15511,18
IRF-M;12/01/2023;15561,16
IRF-M;13/01/2023;15554,88
IRF-M;16/01/2023;15498,8
IRF-M;17/01/2023;15536,34
IRF-M;18/01/2023;15532,57
IRF-M;19/01/2023;15519,68
IRF-M;20/01/2023;15475,1
IRF-M;23/01/2023;15457,15
IRF-M;24/01/2023;15491,9
IRF-M;25/01/2023;15531,43
IRF-M;26/01/2023;15526,78
IRF-M;27/01/2023;15497,12
IRF-M;30/01/2023;15502,91
IRF-M;31/01/2023;15529,49
IRF-M;01/02/2023;15510,81
IRF-M;02/02/2023;15522,86
IRF-M;03/02/2023;15464,6
IRF-M;06/02/2023;15477,41
IRF-M;07/02/2023;15496,07
IRF-M;08/02/2023;15550,94
IRF-M;09/02/2023;15531,69
IRF-M;10/02/2023;15541,87
IRF-M;13/02/2023;15539,35
IRF-M;14/02/2023;15554,07
IRF-M;15/02/2023;15625,54
IRF-M;16/02/2023;15619,55
IRF-M;17/02/2023;15652,79
IRF-M;22/02/2023;15639
IRF-M;23/02/2023;15647,42
IRF-M;24/02/2023;15615,21
IRF-M;27/02/2023;15675,01
IRF-M;28/02/2023;15663,38
IRF-M;01/03/2023;15654,49
IRF-M;02/03/2023;15630,72
IRF-M;03/03/2023;15632,58
IRF-M;06/03/2023;15665,01
IRF-M;07/03/2023;15696,6
IRF-M;08/03/2023;15749,79
IRF-M;09/03/2023;15809,69
IRF-M;10/03/2023;15787,03
IRF-M;13/03/2023;15842,77
IRF-M;14/03/2023;15825,75
IRF-M;15/03/2023;15853,42
IRF-M;16/03/2023;15840,22
IRF-M;17/03/2023;15873,82
IRF-M;20/03/2023;15883,77
IRF-M;21/03/2023;15889,02
IRF-M;22/03/2023;15915,56
IRF-M;23/03/2023;15902,21
IRF-M;24/03/2023;15940,1
IRF-M;27/03/2023;15970,44
IRF-M;28/03/2023;15964,08
IRF-M;29/03/2023;15942,29
IRF-M;30/03/2023;15996,11
IRF-M;31/03/2023;15999,46
IRF-M;03/04/2023;16014,81
IRF-M;04/04/2023;16029,81
IRF-M;05/04/2023;16051,93
IRF-M;06/04/2023;16040,46
IRF-M;10/04/2023;16051,99
IRF-M;11/04/2023;16116,05
IRF-M;12/04/2023;16120,35
IRF-M;13/04/2023;16144,74
IRF-M;14/04/2023;16129,45
IRF-M;17/04/2023;16137,57
IRF-M;18/04/2023;16124,86
IRF-M;19/04/2023;16081,64
IRF-M;20/04/2023;16122,24
IRF-M;24/04/2023;16147,54
IRF-M;25/04/2023;16178,61
IRF-M;26/04/2023;16191,54
IRF-M;27/04/2023;16201,59
IRF-M;28/04/2023;16175,35
IRF-M;02/05/2023;16193,87
IRF-M;03/05/2023;16232,38
IRF-M;04/05/2023;16272,04
IRF-M;05/05/2023;16285,13
IRF-M;08/05/2023;16282,82
IRF-M;09/05/2023;16271,12
IRF-M;10/05/2023;16297,74
IRF-M;11/05/2023;16339,51
IRF-M;12/05/2023;16353,27
IRF-M;15/05/2023;16387,5
IRF-M;16/05/2023;16379,13
IRF-M;17/05/2023;16368,91
IRF-M;18/05/2023;16387,08
IRF-M;19/05/2023;16387,81
IRF-M;22/05/2023;16391,48
IRF-M;23/05/2023;16424,6
IRF-M;24/05/2023;16445,39
IRF-M;25/05/2023;16487,32
IRF-M;26/05/2023;16505,8
IRF-M;29/05/2023;16505,05
IRF-M;30/05/2023;16525,06
IRF-M;31/05/2023;16531,04
IRF-M;01/06/2023;16546,34
IRF-M;02/06/2023;16569,48
IRF-M;05/06/2023;16626,03
IRF-M;06/06/2023;16646,52
IRF-M;07/06/2023;16632,58
IRF-M;09/06/2023;16676,36
IRF-M;12/06/2023;16685,85
IRF-M;13/06/2023;16654,57
IRF-M;14/06/2023;16675,61
IRF-M;15/06/2023;16695,44
IRF-M;16/06/2023;16707,84
IRF-M;19/06/2023;16712,05
IRF-M;20/06/2023;16724,55
IRF-M;21/06/2023;16739,73
IRF-M;22/06/2023;16743,08
IRF-M;23/06/2023;16777,4
IRF-M;26/06/2023;16801,19
IRF-M;27/06/2023;16813,22
IRF-M;28/06/2023;16810,19
IRF-M;29/06/2023;16833,24
IRF-M;30/06/2023;16882,1
IRF-M;03/07/2023;16921,64
IRF-M;04/07/2023;16906,55
IRF-M;05/07/2023;16881,2
IRF-M;06/07/2023;16866,48
IRF-M;07/07/2023;16925,65
IRF-M;10/07/2023;16917,8
IRF-M;11/07/2023;16928,02
IRF-M;12/07/2023;16939,95
IRF-M;13/07/2023;16921,09
IRF-M;14/07/2023;16902,92
IRF-M;17/07/2023;16928,75
IRF-M;18/07/2023;16958,88
IRF-M;19/07/2023;16943,73
IRF-M;20/07/2023;16921,34
IRF-M;21/07/2023;16958,75
IRF-M;24/07/2023;16973,9
IRF-M;25/07/2023;16998,49
IRF-M;26/07/2023;17014,95
IRF-M;27/07/2023;17001,58
IRF-M;28/07/2023;17005,57
IRF-M;31/07/2023;17031,73
IRF-M;01/08/2023;17035,28
IRF-M;02/08/2023;17055,27
IRF-M;03/08/2023;17069,39
IRF-M;04/08/2023;17084,69
IRF-M;07/08/2023;17078
IRF-M;08/08/2023;17121,53
IRF-M;09/08/2023;17114,1
IRF-M;10/08/2023;17127,05
IRF-M;11/08/2023;17141,51
IRF-M;14/08/2023;17103,88
IRF-M;15/08/2023;17095,89
IRF-M;16/08/2023;17097,93
IRF-M;17/08/2023;17079,52
IRF-M;18/08/2023;17093,89
IRF-M;21/08/2023;17067,3
IRF-M;22/08/2023;17100,56
IRF-M;23/08/2023;17149,8
IRF-M;24/08/2023;17171,32
IRF-M;25/08/2023;17150,98
IRF-M;28/08/2023;17162,8
IRF-M;29/08/2023;17195,91
IRF-M;30/08/2023;17201,11
IRF-M;31/08/2023;17161,42
IRF-M;01/09/2023;17163,49
IRF-M;04/09/2023;17166
IRF-M;05/09/2023;17139,36
IRF-M;06/09/2023;17148,96
IRF-M;08/09/2023;17171,29
IRF-M;11/09/2023;17195,61
IRF-M;12/09/2023;17227,26
IRF-M;13/09/2023;17247,41
IRF-M;14/09/2023;17250,92
IRF-M;15/09/2023;17240,48
IRF-M;18/09/2023;17244,58
IRF-M;19/09/2023;17227,12
IRF-M;20/09/2023;17244,54
IRF-M;21/09/2023;17223,27
IRF-M;22/09/2023;17231,9
IRF-M;25/09/2023;17210,37
IRF-M;26/09/2023;17173,06
IRF-M;27/09/2023;17121,18
IRF-M;28/09/2023;17138,22
IRF-M;29/09/2023;17190,78
IRF-M;02/10/2023;17141,81
IRF-M;03/10/2023;17091,79
IRF-M;04/10/2023;17146,29
IRF-M;05/10/2023;17146,02
IRF-M;06/10/2023;17164,4
IRF-M;09/10/2023;17217,81
IRF-M;10/10/2023;17255,03
IRF-M;11/10/2023;17239,07
IRF-M;13/10/2023;17207,59
IRF-M;16/10/2023;17244,9
IRF-M;17/10/2023;17204,39
IRF-M;18/10/2023;17204,86
IRF-M;19/10/2023;17162,9
IRF-M;20/10/2023;17213,69
IRF-M;23/10/2023;17219,65
IRF-M;24/10/2023;17264,49
IRF-M;25/10/2023;17275,68
IRF-M;26/10/2023;17345,87
IRF-M;27/10/2023;17298,71
IRF-M;30/10/2023;17246,67
IRF-M;31/10/2023;17255,09
IRF-M;01/11/2023;17312,74
IRF-M;03/11/2023;17378,22
IRF-M;06/11/2023;17352,68
IRF-M;07/11/2023;17397,1
IRF-M;08/11/2023;17415,83
IRF-M;09/11/2023;17414,91
IRF-M;10/11/2023;17448,17
IRF-M;13/11/2023;17454,55
IRF-M;14/11/2023;17515,46
IRF-M;16/11/2023;17538,34
IRF-M;17/11/2023;17569,43
IRF-M;20/11/2023;17560,05
IRF-M;21/11/2023;17537,51
IRF-M;22/11/2023;17566,22
IRF-M;23/11/2023;17572,17
IRF-M;24/11/2023;17585,85
IRF-M;27/11/2023;17621,46
IRF-M;28/11/2023;17637,45
IRF-M;29/11/2023;17660,69
IRF-M;30/11/2023;17681,17
IRF-M;01/12/2023;17698,42
IRF-M;04/12/2023;17672,78
IRF-M;05/12/2023;17676,05
IRF-M;06/12/2023;17706,18
IRF-M;07/12/2023;17717,51
IRF-M;08/12/2023;17710,16
IRF-M;11/12/2023;17723,62
IRF-M;12/12/2023;17748,92
IRF-M;13/12/2023;17795,6
IRF-M;14/12/2023;17814,65
IRF-M;15/12/2023;17838,01
IRF-M;18/12/2023;17844,6
IRF-M;19/12/2023;17865,97
IRF-M;20/12/2023;17884,59
IRF-M;21/12/2023;17888,85
